province_name,date,year,month,day,rainfall_mm
Bac Lieu,1981-01-01,1981,1,1,0.0
Bac Lieu,1981-01-02,1981,1,2,0.5912711001522137
Bac Lieu,1981-01-03,1981,1,3,0.0
Bac Lieu,1981-01-04,1981,1,4,0.0
Bac Lieu,1981-01-05,1981,1,5,0.0
Bac Lieu,1981-01-06,1981,1,6,0.0
Bac Lieu,1981-01-07,1981,1,7,0.0
Bac Lieu,1981-01-08,1981,1,8,0.0
Bac Lieu,1981-01-09,1981,1,9,3.7060439054291217
Bac Lieu,1981-01-10,1981,1,10,0.0
Bac Lieu,1981-01-11,1981,1,11,0.0
Bac Lieu,1981-01-12,1981,1,12,0.0
Bac Lieu,1981-01-13,1981,1,13,0.0
Bac Lieu,1981-01-14,1981,1,14,0.0
Bac Lieu,1981-01-15,1981,1,15,0.0
Bac Lieu,1981-01-16,1981,1,16,0.0
Bac Lieu,1981-01-17,1981,1,17,0.0
Bac Lieu,1981-01-18,1981,1,18,0.0
Bac Lieu,1981-01-19,1981,1,19,0.0
Bac Lieu,1981-01-20,1981,1,20,0.0
Bac Lieu,1981-01-21,1981,1,21,0.0
Bac Lieu,1981-01-22,1981,1,22,0.0
Bac Lieu,1981-01-23,1981,1,23,0.0
Bac Lieu,1981-01-24,1981,1,24,0.0
Bac Lieu,1981-01-25,1981,1,25,0.0
Bac Lieu,1981-01-26,1981,1,26,0.0
Bac Lieu,1981-01-27,1981,1,27,0.0
Bac Lieu,1981-01-28,1981,1,28,0.6729818246589517
Bac Lieu,1981-01-29,1981,1,29,11.042066499917013
Bac Lieu,1981-01-30,1981,1,30,0.5544036935140503
Bac Lieu,1981-01-31,1981,1,31,0.0
Bac Lieu,1981-02-01,1981,2,1,0.0
Bac Lieu,1981-02-02,1981,2,2,0.0
Bac Lieu,1981-02-03,1981,2,3,0.0
Bac Lieu,1981-02-04,1981,2,4,0.0
Bac Lieu,1981-02-05,1981,2,5,0.0
Bac Lieu,1981-02-06,1981,2,6,0.0
Bac Lieu,1981-02-07,1981,2,7,0.0
Bac Lieu,1981-02-08,1981,2,8,0.0
Bac Lieu,1981-02-09,1981,2,9,0.0
Bac Lieu,1981-02-10,1981,2,10,0.0
Bac Lieu,1981-02-11,1981,2,11,0.4815805980214533
Bac Lieu,1981-02-12,1981,2,12,0.0
Bac Lieu,1981-02-13,1981,2,13,2.847851407258017
Bac Lieu,1981-02-14,1981,2,14,0.0
Bac Lieu,1981-02-15,1981,2,15,0.0
Bac Lieu,1981-02-16,1981,2,16,0.0
Bac Lieu,1981-02-17,1981,2,17,0.0
Bac Lieu,1981-02-18,1981,2,18,0.0
Bac Lieu,1981-02-19,1981,2,19,0.0
Bac Lieu,1981-02-20,1981,2,20,0.0
Bac Lieu,1981-02-21,1981,2,21,0.0
Bac Lieu,1981-02-22,1981,2,22,0.0
Bac Lieu,1981-02-23,1981,2,23,0.0
Bac Lieu,1981-02-24,1981,2,24,0.0
Bac Lieu,1981-02-25,1981,2,25,0.0
Bac Lieu,1981-02-26,1981,2,26,0.0
Bac Lieu,1981-02-27,1981,2,27,0.0
Bac Lieu,1981-02-28,1981,2,28,0.0
Bac Lieu,1981-03-01,1981,3,1,0.0
Bac Lieu,1981-03-02,1981,3,2,0.0
Bac Lieu,1981-03-03,1981,3,3,0.0
Bac Lieu,1981-03-04,1981,3,4,0.0
Bac Lieu,1981-03-05,1981,3,5,0.0
Bac Lieu,1981-03-06,1981,3,6,0.0
Bac Lieu,1981-03-07,1981,3,7,0.0
Bac Lieu,1981-03-08,1981,3,8,0.0
Bac Lieu,1981-03-09,1981,3,9,0.0
Bac Lieu,1981-03-10,1981,3,10,0.0
Bac Lieu,1981-03-11,1981,3,11,0.0
Bac Lieu,1981-03-12,1981,3,12,0.0
Bac Lieu,1981-03-13,1981,3,13,0.0
Bac Lieu,1981-03-14,1981,3,14,0.0
Bac Lieu,1981-03-15,1981,3,15,0.0
Bac Lieu,1981-03-16,1981,3,16,0.0
Bac Lieu,1981-03-17,1981,3,17,0.0
Bac Lieu,1981-03-18,1981,3,18,0.0
Bac Lieu,1981-03-19,1981,3,19,0.0
Bac Lieu,1981-03-20,1981,3,20,1.9997981106740124
Bac Lieu,1981-03-21,1981,3,21,0.0
Bac Lieu,1981-03-22,1981,3,22,0.0
Bac Lieu,1981-03-23,1981,3,23,0.0
Bac Lieu,1981-03-24,1981,3,24,0.0
Bac Lieu,1981-03-25,1981,3,25,0.0
Bac Lieu,1981-03-26,1981,3,26,0.0
Bac Lieu,1981-03-27,1981,3,27,0.0
Bac Lieu,1981-03-28,1981,3,28,0.0
Bac Lieu,1981-03-29,1981,3,29,0.5839311878951091
Bac Lieu,1981-03-30,1981,3,30,6.062100500997507
Bac Lieu,1981-03-31,1981,3,31,3.344489715225292
Bac Lieu,1981-04-01,1981,4,1,0.0
Bac Lieu,1981-04-02,1981,4,2,0.496403921415221
Bac Lieu,1981-04-03,1981,4,3,0.0
Bac Lieu,1981-04-04,1981,4,4,0.0
Bac Lieu,1981-04-05,1981,4,5,0.0
Bac Lieu,1981-04-06,1981,4,6,0.0
Bac Lieu,1981-04-07,1981,4,7,0.0
Bac Lieu,1981-04-08,1981,4,8,0.0
Bac Lieu,1981-04-09,1981,4,9,0.0
Bac Lieu,1981-04-10,1981,4,10,0.0
Bac Lieu,1981-04-11,1981,4,11,0.0921427249188693
Bac Lieu,1981-04-12,1981,4,12,0.4040572095007267
Bac Lieu,1981-04-13,1981,4,13,1.7662701465678663
Bac Lieu,1981-04-14,1981,4,14,0.0
Bac Lieu,1981-04-15,1981,4,15,3.1590442838308945
Bac Lieu,1981-04-16,1981,4,16,1.6055772218974136
Bac Lieu,1981-04-17,1981,4,17,9.25429128051254
Bac Lieu,1981-04-18,1981,4,18,2.0919912940601137
Bac Lieu,1981-04-19,1981,4,19,1.998198548056045
Bac Lieu,1981-04-20,1981,4,20,0.7225809466703883
Bac Lieu,1981-04-21,1981,4,21,4.622736368071359
Bac Lieu,1981-04-22,1981,4,22,0.7131766728455167
Bac Lieu,1981-04-23,1981,4,23,0.0
Bac Lieu,1981-04-24,1981,4,24,0.0
Bac Lieu,1981-04-25,1981,4,25,0.0
Bac Lieu,1981-04-26,1981,4,26,0.0126828877431041
Bac Lieu,1981-04-27,1981,4,27,0.0
Bac Lieu,1981-04-28,1981,4,28,0.0
Bac Lieu,1981-04-29,1981,4,29,0.4494009616060077
Bac Lieu,1981-04-30,1981,4,30,1.8539908164582168
Bac Lieu,1981-05-01,1981,5,1,7.89972866007967
Bac Lieu,1981-05-02,1981,5,2,2.3073401489257828
Bac Lieu,1981-05-03,1981,5,3,4.826124413040449
Bac Lieu,1981-05-04,1981,5,4,7.522416045260881
Bac Lieu,1981-05-05,1981,5,5,7.273590831270759
Bac Lieu,1981-05-06,1981,5,6,8.988339607904546
Bac Lieu,1981-05-07,1981,5,7,17.226752681876132
Bac Lieu,1981-05-08,1981,5,8,1.3113811330255476
Bac Lieu,1981-05-09,1981,5,9,8.298755887706328
Bac Lieu,1981-05-10,1981,5,10,0.8798991137630535
Bac Lieu,1981-05-11,1981,5,11,6.775151313214933
Bac Lieu,1981-05-12,1981,5,12,6.908884823511231
Bac Lieu,1981-05-13,1981,5,13,5.186461068063412
Bac Lieu,1981-05-14,1981,5,14,5.175101895980115
Bac Lieu,1981-05-15,1981,5,15,5.480559006565022
Bac Lieu,1981-05-16,1981,5,16,4.027425317170485
Bac Lieu,1981-05-17,1981,5,17,14.779000135367774
Bac Lieu,1981-05-18,1981,5,18,16.234098904663668
Bac Lieu,1981-05-19,1981,5,19,2.7163301347336684
Bac Lieu,1981-05-20,1981,5,20,0.991351922071205
Bac Lieu,1981-05-21,1981,5,21,1.598913517430144
Bac Lieu,1981-05-22,1981,5,22,10.146739658499667
Bac Lieu,1981-05-23,1981,5,23,8.200113368268283
Bac Lieu,1981-05-24,1981,5,24,1.4880287211796026
Bac Lieu,1981-05-25,1981,5,25,16.586215865297138
Bac Lieu,1981-05-26,1981,5,26,4.024724885688638
Bac Lieu,1981-05-27,1981,5,27,10.532221974246909
Bac Lieu,1981-05-28,1981,5,28,2.5858896478257094
Bac Lieu,1981-05-29,1981,5,29,2.3451992083855395
Bac Lieu,1981-05-30,1981,5,30,14.955938577130157
Bac Lieu,1981-05-31,1981,5,31,5.587881679247011
Bac Lieu,1981-06-01,1981,6,1,1.3126473414942903
Bac Lieu,1981-06-02,1981,6,2,8.428926802383282
Bac Lieu,1981-06-03,1981,6,3,14.601523590411784
Bac Lieu,1981-06-04,1981,6,4,12.110209136117184
Bac Lieu,1981-06-05,1981,6,5,11.086076673849576
Bac Lieu,1981-06-06,1981,6,6,30.242345729575977
Bac Lieu,1981-06-07,1981,6,7,23.66829584960217
Bac Lieu,1981-06-08,1981,6,8,4.771235893339482
Bac Lieu,1981-06-09,1981,6,9,17.888741592713124
Bac Lieu,1981-06-10,1981,6,10,30.342195270106487
Bac Lieu,1981-06-11,1981,6,11,19.88619571772162
Bac Lieu,1981-06-12,1981,6,12,7.977450093881143
Bac Lieu,1981-06-13,1981,6,13,7.425818862987016
Bac Lieu,1981-06-14,1981,6,14,14.624873069043431
Bac Lieu,1981-06-15,1981,6,15,29.74610775184632
Bac Lieu,1981-06-16,1981,6,16,9.653124017931384
Bac Lieu,1981-06-17,1981,6,17,1.342367132060933
Bac Lieu,1981-06-18,1981,6,18,5.456015792306865
Bac Lieu,1981-06-19,1981,6,19,8.047731969941339
Bac Lieu,1981-06-20,1981,6,20,11.205443205401584
Bac Lieu,1981-06-21,1981,6,21,18.445018815382475
Bac Lieu,1981-06-22,1981,6,22,19.842265448300346
Bac Lieu,1981-06-23,1981,6,23,0.0
Bac Lieu,1981-06-24,1981,6,24,2.4503022999673525
Bac Lieu,1981-06-25,1981,6,25,3.409249544827444
Bac Lieu,1981-06-26,1981,6,26,5.620354693340806
Bac Lieu,1981-06-27,1981,6,27,0.0
Bac Lieu,1981-06-28,1981,6,28,0.2721518265346311
Bac Lieu,1981-06-29,1981,6,29,2.138435724168454
Bac Lieu,1981-06-30,1981,6,30,0.0
Bac Lieu,1981-07-01,1981,7,1,0.0
Bac Lieu,1981-07-02,1981,7,2,16.6518479379618
Bac Lieu,1981-07-03,1981,7,3,11.85187636724508
Bac Lieu,1981-07-04,1981,7,4,9.622628484186135
Bac Lieu,1981-07-05,1981,7,5,0.8941294657329344
Bac Lieu,1981-07-06,1981,7,6,0.0
Bac Lieu,1981-07-07,1981,7,7,0.0
Bac Lieu,1981-07-08,1981,7,8,5.966740276786518
Bac Lieu,1981-07-09,1981,7,9,16.687662326344906
Bac Lieu,1981-07-10,1981,7,10,4.784989296481295
Bac Lieu,1981-07-11,1981,7,11,0.0
Bac Lieu,1981-07-12,1981,7,12,2.9921877585716965
Bac Lieu,1981-07-13,1981,7,13,17.718869039679475
Bac Lieu,1981-07-14,1981,7,14,7.483690791148061
Bac Lieu,1981-07-15,1981,7,15,0.0865656331440188
Bac Lieu,1981-07-16,1981,7,16,2.0667006504490693
Bac Lieu,1981-07-17,1981,7,17,0.0
Bac Lieu,1981-07-18,1981,7,18,16.301049039984655
Bac Lieu,1981-07-19,1981,7,19,9.452217891837066
Bac Lieu,1981-07-20,1981,7,20,3.113123912613347
Bac Lieu,1981-07-21,1981,7,21,20.813706693505345
Bac Lieu,1981-07-22,1981,7,22,13.938992627539726
Bac Lieu,1981-07-23,1981,7,23,0.0971380122922501
Bac Lieu,1981-07-24,1981,7,24,1.9534631228536932
Bac Lieu,1981-07-25,1981,7,25,0.1527383822315144
Bac Lieu,1981-07-26,1981,7,26,10.123875226218743
Bac Lieu,1981-07-27,1981,7,27,4.667329972339127
Bac Lieu,1981-07-28,1981,7,28,16.394434979996596
Bac Lieu,1981-07-29,1981,7,29,22.6846249830138
Bac Lieu,1981-07-30,1981,7,30,17.577321535254427
Bac Lieu,1981-07-31,1981,7,31,1.810675114253782
Bac Lieu,1981-08-01,1981,8,1,9.432091922760012
Bac Lieu,1981-08-02,1981,8,2,10.898503596971622
Bac Lieu,1981-08-03,1981,8,3,25.698131075877065
Bac Lieu,1981-08-04,1981,8,4,25.738970556043235
Bac Lieu,1981-08-05,1981,8,5,4.256287622253851
Bac Lieu,1981-08-06,1981,8,6,20.506815775205503
Bac Lieu,1981-08-07,1981,8,7,2.2059066747989298
Bac Lieu,1981-08-08,1981,8,8,27.04360011737753
Bac Lieu,1981-08-09,1981,8,9,43.35921857488381
Bac Lieu,1981-08-10,1981,8,10,17.34788264551703
Bac Lieu,1981-08-11,1981,8,11,0.8290337043978134
Bac Lieu,1981-08-12,1981,8,12,6.081733009842207
Bac Lieu,1981-08-13,1981,8,13,11.913035928798172
Bac Lieu,1981-08-14,1981,8,14,9.517911433705745
Bac Lieu,1981-08-15,1981,8,15,18.85972698704702
Bac Lieu,1981-08-16,1981,8,16,22.919476855799843
Bac Lieu,1981-08-17,1981,8,17,3.976397810432148
Bac Lieu,1981-08-18,1981,8,18,0.0
Bac Lieu,1981-08-19,1981,8,19,0.0
Bac Lieu,1981-08-20,1981,8,20,3.497407447850929
Bac Lieu,1981-08-21,1981,8,21,4.164123805513923
Bac Lieu,1981-08-22,1981,8,22,1.46120895436125
Bac Lieu,1981-08-23,1981,8,23,0.2883360121385107
Bac Lieu,1981-08-24,1981,8,24,0.0
Bac Lieu,1981-08-25,1981,8,25,6.066476573602209
Bac Lieu,1981-08-26,1981,8,26,9.382116008290703
Bac Lieu,1981-08-27,1981,8,27,0.0
Bac Lieu,1981-08-28,1981,8,28,0.824285723362329
Bac Lieu,1981-08-29,1981,8,29,7.598571242656349
Bac Lieu,1981-08-30,1981,8,30,0.0
Bac Lieu,1981-08-31,1981,8,31,0.8093888044897116
Bac Lieu,1981-09-01,1981,9,1,1.0036436782513027
Bac Lieu,1981-09-02,1981,9,2,4.7491591542082014
Bac Lieu,1981-09-03,1981,9,3,22.146526453971862
Bac Lieu,1981-09-04,1981,9,4,7.568522223778492
Bac Lieu,1981-09-05,1981,9,5,5.557334485107998
Bac Lieu,1981-09-06,1981,9,6,2.5689138888592997
Bac Lieu,1981-09-07,1981,9,7,0.3911234512958887
Bac Lieu,1981-09-08,1981,9,8,3.89104524893131
Bac Lieu,1981-09-09,1981,9,9,8.271331758948993
Bac Lieu,1981-09-10,1981,9,10,6.808329701999449
Bac Lieu,1981-09-11,1981,9,11,15.842113523339329
Bac Lieu,1981-09-12,1981,9,12,26.08057796917322
Bac Lieu,1981-09-13,1981,9,13,41.63800726555879
Bac Lieu,1981-09-14,1981,9,14,7.939350554520228
Bac Lieu,1981-09-15,1981,9,15,26.626567577577987
Bac Lieu,1981-09-16,1981,9,16,8.975671742241339
Bac Lieu,1981-09-17,1981,9,17,15.848763790706414
Bac Lieu,1981-09-18,1981,9,18,20.05662294974417
Bac Lieu,1981-09-19,1981,9,19,21.02039694962412
Bac Lieu,1981-09-20,1981,9,20,33.67085814832292
Bac Lieu,1981-09-21,1981,9,21,24.475070742157275
Bac Lieu,1981-09-22,1981,9,22,15.568199077318305
Bac Lieu,1981-09-23,1981,9,23,28.14388587926469
Bac Lieu,1981-09-24,1981,9,24,13.126029982836744
Bac Lieu,1981-09-25,1981,9,25,13.81335273159675
Bac Lieu,1981-09-26,1981,9,26,19.675857150905543
Bac Lieu,1981-09-27,1981,9,27,25.942942135432983
Bac Lieu,1981-09-28,1981,9,28,3.2439606339076783
Bac Lieu,1981-09-29,1981,9,29,0.0
Bac Lieu,1981-09-30,1981,9,30,0.0
Bac Lieu,1981-10-01,1981,10,1,2.5533876066747703
Bac Lieu,1981-10-02,1981,10,2,3.8523337198383407
Bac Lieu,1981-10-03,1981,10,3,10.292847234492031
Bac Lieu,1981-10-04,1981,10,4,6.055796539594543
Bac Lieu,1981-10-05,1981,10,5,0.2238787831540378
Bac Lieu,1981-10-06,1981,10,6,0.1779172891940711
Bac Lieu,1981-10-07,1981,10,7,3.5404918960715244
Bac Lieu,1981-10-08,1981,10,8,4.697376033764966
Bac Lieu,1981-10-09,1981,10,9,17.710157808123896
Bac Lieu,1981-10-10,1981,10,10,15.634323624322995
Bac Lieu,1981-10-11,1981,10,11,11.857640781150671
Bac Lieu,1981-10-12,1981,10,12,8.75528440683293
Bac Lieu,1981-10-13,1981,10,13,2.8759988631932254
Bac Lieu,1981-10-14,1981,10,14,1.144193951687723
Bac Lieu,1981-10-15,1981,10,15,11.875961032507556
Bac Lieu,1981-10-16,1981,10,16,29.40613072537476
Bac Lieu,1981-10-17,1981,10,17,6.073463200551162
Bac Lieu,1981-10-18,1981,10,18,3.15160037944002
Bac Lieu,1981-10-19,1981,10,19,0.645089125741203
Bac Lieu,1981-10-20,1981,10,20,5.800543000617118
Bac Lieu,1981-10-21,1981,10,21,3.584982988969336
Bac Lieu,1981-10-22,1981,10,22,0.3309796174697156
Bac Lieu,1981-10-23,1981,10,23,16.22737209359655
Bac Lieu,1981-10-24,1981,10,24,9.132359690126384
Bac Lieu,1981-10-25,1981,10,25,2.960792081958843
Bac Lieu,1981-10-26,1981,10,26,29.45316491605651
Bac Lieu,1981-10-27,1981,10,27,11.168887160589112
Bac Lieu,1981-10-28,1981,10,28,8.72776123899784
Bac Lieu,1981-10-29,1981,10,29,9.484943139454105
Bac Lieu,1981-10-30,1981,10,30,14.336062935271354
Bac Lieu,1981-10-31,1981,10,31,7.648926463505009
Bac Lieu,1981-11-01,1981,11,1,5.699867055748993
Bac Lieu,1981-11-02,1981,11,2,0.0
Bac Lieu,1981-11-03,1981,11,3,0.0
Bac Lieu,1981-11-04,1981,11,4,7.207168216363441
Bac Lieu,1981-11-05,1981,11,5,21.35886048475302
Bac Lieu,1981-11-06,1981,11,6,19.2032225218539
Bac Lieu,1981-11-07,1981,11,7,17.006414503223496
Bac Lieu,1981-11-08,1981,11,8,0.3082470832140941
Bac Lieu,1981-11-09,1981,11,9,18.608088850813093
Bac Lieu,1981-11-10,1981,11,10,21.19706855629975
Bac Lieu,1981-11-11,1981,11,11,0.0
Bac Lieu,1981-11-12,1981,11,12,1.175583043820453
Bac Lieu,1981-11-13,1981,11,13,3.085591167137309
Bac Lieu,1981-11-14,1981,11,14,5.02204335311224
Bac Lieu,1981-11-15,1981,11,15,6.174750324145804
Bac Lieu,1981-11-16,1981,11,16,24.03314467937542
Bac Lieu,1981-11-17,1981,11,17,5.323382398497385
Bac Lieu,1981-11-18,1981,11,18,6.708425908313608
Bac Lieu,1981-11-19,1981,11,19,15.764007480252468
Bac Lieu,1981-11-20,1981,11,20,6.026146867923017
Bac Lieu,1981-11-21,1981,11,21,0.1918578971107051
Bac Lieu,1981-11-22,1981,11,22,5.480312979122378
Bac Lieu,1981-11-23,1981,11,23,4.074485198983607
Bac Lieu,1981-11-24,1981,11,24,5.209718461612486
Bac Lieu,1981-11-25,1981,11,25,0.0
Bac Lieu,1981-11-26,1981,11,26,0.0
Bac Lieu,1981-11-27,1981,11,27,0.388069953918457
Bac Lieu,1981-11-28,1981,11,28,0.1991288958315579
Bac Lieu,1981-11-29,1981,11,29,24.601652970655916
Bac Lieu,1981-11-30,1981,11,30,27.507291087096597
Bac Lieu,1981-12-01,1981,12,1,4.338419189183218
Bac Lieu,1981-12-02,1981,12,2,18.025504154457234
Bac Lieu,1981-12-03,1981,12,3,7.07197139773279
Bac Lieu,1981-12-04,1981,12,4,0.0
Bac Lieu,1981-12-05,1981,12,5,0.0168851060597401
Bac Lieu,1981-12-06,1981,12,6,7.112237465579555
Bac Lieu,1981-12-07,1981,12,7,11.924391809265572
Bac Lieu,1981-12-08,1981,12,8,6.037161572177457
Bac Lieu,1981-12-09,1981,12,9,4.757135720217004
Bac Lieu,1981-12-10,1981,12,10,0.3426037237329303
Bac Lieu,1981-12-11,1981,12,11,0.0
Bac Lieu,1981-12-12,1981,12,12,0.0
Bac Lieu,1981-12-13,1981,12,13,0.0
Bac Lieu,1981-12-14,1981,12,14,0.0
Bac Lieu,1981-12-15,1981,12,15,0.0
Bac Lieu,1981-12-16,1981,12,16,0.0
Bac Lieu,1981-12-17,1981,12,17,0.0
Bac Lieu,1981-12-18,1981,12,18,0.0
Bac Lieu,1981-12-19,1981,12,19,0.0
Bac Lieu,1981-12-20,1981,12,20,0.0
Bac Lieu,1981-12-21,1981,12,21,0.0
Bac Lieu,1981-12-22,1981,12,22,0.0
Bac Lieu,1981-12-23,1981,12,23,0.0
Bac Lieu,1981-12-24,1981,12,24,0.0
Bac Lieu,1981-12-25,1981,12,25,0.0
Bac Lieu,1981-12-26,1981,12,26,0.0
Bac Lieu,1981-12-27,1981,12,27,0.0
Bac Lieu,1981-12-28,1981,12,28,0.0
Bac Lieu,1981-12-29,1981,12,29,0.0
Bac Lieu,1981-12-30,1981,12,30,0.0
Bac Lieu,1981-12-31,1981,12,31,0.0
Bac Lieu,1982-01-01,1982,1,1,0.0
Bac Lieu,1982-01-02,1982,1,2,0.0
Bac Lieu,1982-01-03,1982,1,3,0.0
Bac Lieu,1982-01-04,1982,1,4,0.0
Bac Lieu,1982-01-05,1982,1,5,0.0
Bac Lieu,1982-01-06,1982,1,6,0.0
Bac Lieu,1982-01-07,1982,1,7,3.853428421137468
Bac Lieu,1982-01-08,1982,1,8,0.0
Bac Lieu,1982-01-09,1982,1,9,0.0
Bac Lieu,1982-01-10,1982,1,10,0.0
Bac Lieu,1982-01-11,1982,1,11,0.0
Bac Lieu,1982-01-12,1982,1,12,0.1059846351731498
Bac Lieu,1982-01-13,1982,1,13,0.0
Bac Lieu,1982-01-14,1982,1,14,0.0
Bac Lieu,1982-01-15,1982,1,15,0.03456272787418
Bac Lieu,1982-01-16,1982,1,16,0.058784869366097
Bac Lieu,1982-01-17,1982,1,17,0.0
Bac Lieu,1982-01-18,1982,1,18,0.0
Bac Lieu,1982-01-19,1982,1,19,0.0
Bac Lieu,1982-01-20,1982,1,20,0.0
Bac Lieu,1982-01-21,1982,1,21,0.0
Bac Lieu,1982-01-22,1982,1,22,0.0
Bac Lieu,1982-01-23,1982,1,23,0.0907646006728118
Bac Lieu,1982-01-24,1982,1,24,0.7218344312838788
Bac Lieu,1982-01-25,1982,1,25,0.0
Bac Lieu,1982-01-26,1982,1,26,0.0
Bac Lieu,1982-01-27,1982,1,27,0.0
Bac Lieu,1982-01-28,1982,1,28,0.4797579985699565
Bac Lieu,1982-01-29,1982,1,29,3.350968344620939
Bac Lieu,1982-01-30,1982,1,30,0.0
Bac Lieu,1982-01-31,1982,1,31,0.0
Bac Lieu,1982-02-01,1982,2,1,0.1098782978687646
Bac Lieu,1982-02-02,1982,2,2,0.2932911654958186
Bac Lieu,1982-02-03,1982,2,3,0.0
Bac Lieu,1982-02-04,1982,2,4,0.0
Bac Lieu,1982-02-05,1982,2,5,0.0
Bac Lieu,1982-02-06,1982,2,6,0.0
Bac Lieu,1982-02-07,1982,2,7,0.0
Bac Lieu,1982-02-08,1982,2,8,0.0
Bac Lieu,1982-02-09,1982,2,9,0.0
Bac Lieu,1982-02-10,1982,2,10,0.0
Bac Lieu,1982-02-11,1982,2,11,0.0
Bac Lieu,1982-02-12,1982,2,12,0.0
Bac Lieu,1982-02-13,1982,2,13,4.09114737897549
Bac Lieu,1982-02-14,1982,2,14,0.0
Bac Lieu,1982-02-15,1982,2,15,0.0
Bac Lieu,1982-02-16,1982,2,16,0.0
Bac Lieu,1982-02-17,1982,2,17,0.0
Bac Lieu,1982-02-18,1982,2,18,0.0
Bac Lieu,1982-02-19,1982,2,19,0.0
Bac Lieu,1982-02-20,1982,2,20,1.002520017754357
Bac Lieu,1982-02-21,1982,2,21,0.0
Bac Lieu,1982-02-22,1982,2,22,0.0
Bac Lieu,1982-02-23,1982,2,23,0.0
Bac Lieu,1982-02-24,1982,2,24,0.0
Bac Lieu,1982-02-25,1982,2,25,0.0
Bac Lieu,1982-02-26,1982,2,26,0.5003020648551438
Bac Lieu,1982-02-27,1982,2,27,0.0
Bac Lieu,1982-02-28,1982,2,28,0.0
Bac Lieu,1982-03-01,1982,3,1,0.0
Bac Lieu,1982-03-02,1982,3,2,0.0
Bac Lieu,1982-03-03,1982,3,3,0.0506662814302264
Bac Lieu,1982-03-04,1982,3,4,0.0
Bac Lieu,1982-03-05,1982,3,5,0.0
Bac Lieu,1982-03-06,1982,3,6,0.0
Bac Lieu,1982-03-07,1982,3,7,0.7311589373102728
Bac Lieu,1982-03-08,1982,3,8,0.0
Bac Lieu,1982-03-09,1982,3,9,0.0
Bac Lieu,1982-03-10,1982,3,10,0.0
Bac Lieu,1982-03-11,1982,3,11,0.0
Bac Lieu,1982-03-12,1982,3,12,0.0
Bac Lieu,1982-03-13,1982,3,13,0.0
Bac Lieu,1982-03-14,1982,3,14,0.0
Bac Lieu,1982-03-15,1982,3,15,0.0
Bac Lieu,1982-03-16,1982,3,16,0.0
Bac Lieu,1982-03-17,1982,3,17,0.0
Bac Lieu,1982-03-18,1982,3,18,0.0
Bac Lieu,1982-03-19,1982,3,19,0.0
Bac Lieu,1982-03-20,1982,3,20,0.0
Bac Lieu,1982-03-21,1982,3,21,0.0
Bac Lieu,1982-03-22,1982,3,22,0.0
Bac Lieu,1982-03-23,1982,3,23,0.0
Bac Lieu,1982-03-24,1982,3,24,5.888926201658429
Bac Lieu,1982-03-25,1982,3,25,14.613852633134377
Bac Lieu,1982-03-26,1982,3,26,0.4166824680184419
Bac Lieu,1982-03-27,1982,3,27,0.0
Bac Lieu,1982-03-28,1982,3,28,0.0
Bac Lieu,1982-03-29,1982,3,29,0.0
Bac Lieu,1982-03-30,1982,3,30,5.029034822463989
Bac Lieu,1982-03-31,1982,3,31,0.6072699936920742
Bac Lieu,1982-04-01,1982,4,1,2.281028022064353
Bac Lieu,1982-04-02,1982,4,2,8.934215243429508
Bac Lieu,1982-04-03,1982,4,3,6.835715003229538
Bac Lieu,1982-04-04,1982,4,4,5.687539948589397
Bac Lieu,1982-04-05,1982,4,5,0.0
Bac Lieu,1982-04-06,1982,4,6,0.0
Bac Lieu,1982-04-07,1982,4,7,0.0
Bac Lieu,1982-04-08,1982,4,8,7.545667271344167
Bac Lieu,1982-04-09,1982,4,9,0.0
Bac Lieu,1982-04-10,1982,4,10,0.0
Bac Lieu,1982-04-11,1982,4,11,3.576957552208091
Bac Lieu,1982-04-12,1982,4,12,1.4120723728863702
Bac Lieu,1982-04-13,1982,4,13,0.0409395673499917
Bac Lieu,1982-04-14,1982,4,14,0.0
Bac Lieu,1982-04-15,1982,4,15,1.737171289066099
Bac Lieu,1982-04-16,1982,4,16,0.1527244442094047
Bac Lieu,1982-04-17,1982,4,17,0.4237364119043891
Bac Lieu,1982-04-18,1982,4,18,0.6285040040106146
Bac Lieu,1982-04-19,1982,4,19,1.5071223604634123
Bac Lieu,1982-04-20,1982,4,20,7.930951335115251
Bac Lieu,1982-04-21,1982,4,21,5.469374444277783
Bac Lieu,1982-04-22,1982,4,22,4.231788429728095
Bac Lieu,1982-04-23,1982,4,23,2.6340491582042773
Bac Lieu,1982-04-24,1982,4,24,5.659851046868091
Bac Lieu,1982-04-25,1982,4,25,0.7000196717460201
Bac Lieu,1982-04-26,1982,4,26,8.528350012545317
Bac Lieu,1982-04-27,1982,4,27,5.400033409046677
Bac Lieu,1982-04-28,1982,4,28,0.3207759370084079
Bac Lieu,1982-04-29,1982,4,29,0.0676441861638483
Bac Lieu,1982-04-30,1982,4,30,0.0
Bac Lieu,1982-05-01,1982,5,1,0.0
Bac Lieu,1982-05-02,1982,5,2,3.4672203901668768
Bac Lieu,1982-05-03,1982,5,3,5.195959925939452
Bac Lieu,1982-05-04,1982,5,4,6.182533589300119
Bac Lieu,1982-05-05,1982,5,5,0.7308046745624184
Bac Lieu,1982-05-06,1982,5,6,0.8370245359168864
Bac Lieu,1982-05-07,1982,5,7,2.810325187431192
Bac Lieu,1982-05-08,1982,5,8,5.316070122125014
Bac Lieu,1982-05-09,1982,5,9,10.01128365504067
Bac Lieu,1982-05-10,1982,5,10,1.383082949476422
Bac Lieu,1982-05-11,1982,5,11,0.1435702800750732
Bac Lieu,1982-05-12,1982,5,12,0.0218313530795979
Bac Lieu,1982-05-13,1982,5,13,9.052209624542382
Bac Lieu,1982-05-14,1982,5,14,6.136386848305757
Bac Lieu,1982-05-15,1982,5,15,30.74280279368275
Bac Lieu,1982-05-16,1982,5,16,5.992036912324294
Bac Lieu,1982-05-17,1982,5,17,8.515910266966191
Bac Lieu,1982-05-18,1982,5,18,2.3798440907676266
Bac Lieu,1982-05-19,1982,5,19,2.4698148092143946
Bac Lieu,1982-05-20,1982,5,20,8.404296437596376
Bac Lieu,1982-05-21,1982,5,21,12.388481899063544
Bac Lieu,1982-05-22,1982,5,22,25.93194084145889
Bac Lieu,1982-05-23,1982,5,23,1.906047185717889
Bac Lieu,1982-05-24,1982,5,24,8.434741989387655
Bac Lieu,1982-05-25,1982,5,25,4.860867828279172
Bac Lieu,1982-05-26,1982,5,26,1.6658201134699695
Bac Lieu,1982-05-27,1982,5,27,0.0
Bac Lieu,1982-05-28,1982,5,28,0.0449382220214268
Bac Lieu,1982-05-29,1982,5,29,0.0052482002006386
Bac Lieu,1982-05-30,1982,5,30,6.062370003556306
Bac Lieu,1982-05-31,1982,5,31,5.683460412961131
Bac Lieu,1982-06-01,1982,6,1,7.181824688227673
Bac Lieu,1982-06-02,1982,6,2,9.41086456680298
Bac Lieu,1982-06-03,1982,6,3,7.577429052586827
Bac Lieu,1982-06-04,1982,6,4,10.784824816379908
Bac Lieu,1982-06-05,1982,6,5,5.0181912855832085
Bac Lieu,1982-06-06,1982,6,6,6.651155931814662
Bac Lieu,1982-06-07,1982,6,7,11.31584732876184
Bac Lieu,1982-06-08,1982,6,8,7.746919520899935
Bac Lieu,1982-06-09,1982,6,9,11.482321053792848
Bac Lieu,1982-06-10,1982,6,10,3.0323837066146564
Bac Lieu,1982-06-11,1982,6,11,0.5162694684874337
Bac Lieu,1982-06-12,1982,6,12,6.591154109127117
Bac Lieu,1982-06-13,1982,6,13,26.986853816698183
Bac Lieu,1982-06-14,1982,6,14,30.35525430053135
Bac Lieu,1982-06-15,1982,6,15,0.0
Bac Lieu,1982-06-16,1982,6,16,18.444789705996246
Bac Lieu,1982-06-17,1982,6,17,18.715071028493483
Bac Lieu,1982-06-18,1982,6,18,21.301067272762083
Bac Lieu,1982-06-19,1982,6,19,18.799977679270626
Bac Lieu,1982-06-20,1982,6,20,1.9300354401390507
Bac Lieu,1982-06-21,1982,6,21,9.052973044125538
Bac Lieu,1982-06-22,1982,6,22,9.10900178018606
Bac Lieu,1982-06-23,1982,6,23,2.99939430407758
Bac Lieu,1982-06-24,1982,6,24,0.1302915270013629
Bac Lieu,1982-06-25,1982,6,25,0.9357920026059422
Bac Lieu,1982-06-26,1982,6,26,6.0775820602381
Bac Lieu,1982-06-27,1982,6,27,13.602813152961012
Bac Lieu,1982-06-28,1982,6,28,14.736926895861355
Bac Lieu,1982-06-29,1982,6,29,11.901372810813616
Bac Lieu,1982-06-30,1982,6,30,0.0
Bac Lieu,1982-07-01,1982,7,1,4.726774028157288
Bac Lieu,1982-07-02,1982,7,2,4.8715653114768696
Bac Lieu,1982-07-03,1982,7,3,1.5141176038238238
Bac Lieu,1982-07-04,1982,7,4,15.103757942532598
Bac Lieu,1982-07-05,1982,7,5,6.441883057450348
Bac Lieu,1982-07-06,1982,7,6,0.7380787601201041
Bac Lieu,1982-07-07,1982,7,7,5.024327816981191
Bac Lieu,1982-07-08,1982,7,8,2.810222099835019
Bac Lieu,1982-07-09,1982,7,9,4.867704352333861
Bac Lieu,1982-07-10,1982,7,10,6.150177557486409
Bac Lieu,1982-07-11,1982,7,11,5.51099161659097
Bac Lieu,1982-07-12,1982,7,12,21.813595256913388
Bac Lieu,1982-07-13,1982,7,13,2.0063131387098783
Bac Lieu,1982-07-14,1982,7,14,2.9125995064321555
Bac Lieu,1982-07-15,1982,7,15,0.1183322785755373
Bac Lieu,1982-07-16,1982,7,16,13.724501752637469
Bac Lieu,1982-07-17,1982,7,17,11.83468913810658
Bac Lieu,1982-07-18,1982,7,18,26.36385131684789
Bac Lieu,1982-07-19,1982,7,19,2.224079580091081
Bac Lieu,1982-07-20,1982,7,20,6.998361980024376
Bac Lieu,1982-07-21,1982,7,21,11.279718605761255
Bac Lieu,1982-07-22,1982,7,22,0.0
Bac Lieu,1982-07-23,1982,7,23,0.0307350294005196
Bac Lieu,1982-07-24,1982,7,24,0.0
Bac Lieu,1982-07-25,1982,7,25,0.0
Bac Lieu,1982-07-26,1982,7,26,6.195637957878833
Bac Lieu,1982-07-27,1982,7,27,0.0
Bac Lieu,1982-07-28,1982,7,28,25.639010757734187
Bac Lieu,1982-07-29,1982,7,29,0.0
Bac Lieu,1982-07-30,1982,7,30,2.788968126620887
Bac Lieu,1982-07-31,1982,7,31,0.0439590338581013
Bac Lieu,1982-08-01,1982,8,1,7.229760523364232
Bac Lieu,1982-08-02,1982,8,2,4.167337150645706
Bac Lieu,1982-08-03,1982,8,3,10.114310680101504
Bac Lieu,1982-08-04,1982,8,4,0.0
Bac Lieu,1982-08-05,1982,8,5,1.2382528873479592
Bac Lieu,1982-08-06,1982,8,6,1.5907690444442464
Bac Lieu,1982-08-07,1982,8,7,11.773567254516315
Bac Lieu,1982-08-08,1982,8,8,7.415807238668767
Bac Lieu,1982-08-09,1982,8,9,39.80545125392698
Bac Lieu,1982-08-10,1982,8,10,59.31806456447098
Bac Lieu,1982-08-11,1982,8,11,14.162051306454645
Bac Lieu,1982-08-12,1982,8,12,0.0
Bac Lieu,1982-08-13,1982,8,13,0.0
Bac Lieu,1982-08-14,1982,8,14,0.0198803727491846
Bac Lieu,1982-08-15,1982,8,15,5.265662727391945
Bac Lieu,1982-08-16,1982,8,16,12.987208911733806
Bac Lieu,1982-08-17,1982,8,17,1.9509084381067532
Bac Lieu,1982-08-18,1982,8,18,0.0158014060866158
Bac Lieu,1982-08-19,1982,8,19,12.780959683184356
Bac Lieu,1982-08-20,1982,8,20,14.799975017529617
Bac Lieu,1982-08-21,1982,8,21,0.2077836751038173
Bac Lieu,1982-08-22,1982,8,22,0.0
Bac Lieu,1982-08-23,1982,8,23,4.765351154723258
Bac Lieu,1982-08-24,1982,8,24,3.346568862015346
Bac Lieu,1982-08-25,1982,8,25,0.0
Bac Lieu,1982-08-26,1982,8,26,26.97898747678073
Bac Lieu,1982-08-27,1982,8,27,33.27504403938439
Bac Lieu,1982-08-28,1982,8,28,3.366728351808944
Bac Lieu,1982-08-29,1982,8,29,4.453663925674727
Bac Lieu,1982-08-30,1982,8,30,0.0
Bac Lieu,1982-08-31,1982,8,31,1.0429775244155022
Bac Lieu,1982-09-01,1982,9,1,5.188718426866352
Bac Lieu,1982-09-02,1982,9,2,8.158631948291132
Bac Lieu,1982-09-03,1982,9,3,4.216267921015902
Bac Lieu,1982-09-04,1982,9,4,15.340886078924504
Bac Lieu,1982-09-05,1982,9,5,23.9735557528082
Bac Lieu,1982-09-06,1982,9,6,25.336801157141636
Bac Lieu,1982-09-07,1982,9,7,0.0540070495605468
Bac Lieu,1982-09-08,1982,9,8,3.1758215105308683
Bac Lieu,1982-09-09,1982,9,9,12.69236977512432
Bac Lieu,1982-09-10,1982,9,10,7.05293668408664
Bac Lieu,1982-09-11,1982,9,11,2.960754547380052
Bac Lieu,1982-09-12,1982,9,12,3.779866789179029
Bac Lieu,1982-09-13,1982,9,13,2.8003826306810926
Bac Lieu,1982-09-14,1982,9,14,7.831973738175519
Bac Lieu,1982-09-15,1982,9,15,6.952432246019258
Bac Lieu,1982-09-16,1982,9,16,5.799196597369213
Bac Lieu,1982-09-17,1982,9,17,2.262098500377728
Bac Lieu,1982-09-18,1982,9,18,1.845991061318596
Bac Lieu,1982-09-19,1982,9,19,1.5347042638490789
Bac Lieu,1982-09-20,1982,9,20,0.0
Bac Lieu,1982-09-21,1982,9,21,15.698287398356314
Bac Lieu,1982-09-22,1982,9,22,17.227313318540464
Bac Lieu,1982-09-23,1982,9,23,9.56140514301804
Bac Lieu,1982-09-24,1982,9,24,10.11380409330692
Bac Lieu,1982-09-25,1982,9,25,0.1149125936256264
Bac Lieu,1982-09-26,1982,9,26,1.6299225412404763
Bac Lieu,1982-09-27,1982,9,27,2.28417733118669
Bac Lieu,1982-09-28,1982,9,28,13.75018511347501
Bac Lieu,1982-09-29,1982,9,29,6.943464133370598
Bac Lieu,1982-09-30,1982,9,30,9.49952659711298
Bac Lieu,1982-10-01,1982,10,1,4.959389302451656
Bac Lieu,1982-10-02,1982,10,2,3.8655961776409513
Bac Lieu,1982-10-03,1982,10,3,19.32027519895446
Bac Lieu,1982-10-04,1982,10,4,6.934527954569403
Bac Lieu,1982-10-05,1982,10,5,0.0
Bac Lieu,1982-10-06,1982,10,6,10.36854733110824
Bac Lieu,1982-10-07,1982,10,7,3.681912383961228
Bac Lieu,1982-10-08,1982,10,8,7.313562719453057
Bac Lieu,1982-10-09,1982,10,9,9.726482012190912
Bac Lieu,1982-10-10,1982,10,10,11.98209107460166
Bac Lieu,1982-10-11,1982,10,11,16.88027038077589
Bac Lieu,1982-10-12,1982,10,12,16.445559432443584
Bac Lieu,1982-10-13,1982,10,13,6.4327865586910615
Bac Lieu,1982-10-14,1982,10,14,0.1323507238424049
Bac Lieu,1982-10-15,1982,10,15,7.87449298257648
Bac Lieu,1982-10-16,1982,10,16,34.3995844681218
Bac Lieu,1982-10-17,1982,10,17,7.055496092670371
Bac Lieu,1982-10-18,1982,10,18,5.174215497394778
Bac Lieu,1982-10-19,1982,10,19,14.170592965108046
Bac Lieu,1982-10-20,1982,10,20,5.786506897152596
Bac Lieu,1982-10-21,1982,10,21,7.196854549353978
Bac Lieu,1982-10-22,1982,10,22,7.22031068956627
Bac Lieu,1982-10-23,1982,10,23,4.039423676310845
Bac Lieu,1982-10-24,1982,10,24,0.2206264333724976
Bac Lieu,1982-10-25,1982,10,25,8.484030255047779
Bac Lieu,1982-10-26,1982,10,26,0.0330479613789972
Bac Lieu,1982-10-27,1982,10,27,7.549774154159258
Bac Lieu,1982-10-28,1982,10,28,4.376108153936999
Bac Lieu,1982-10-29,1982,10,29,13.429976202317006
Bac Lieu,1982-10-30,1982,10,30,22.2576442232132
Bac Lieu,1982-10-31,1982,10,31,6.358090536603387
Bac Lieu,1982-11-01,1982,11,1,7.288809600290263
Bac Lieu,1982-11-02,1982,11,2,0.0
Bac Lieu,1982-11-03,1982,11,3,1.1077722617995065
Bac Lieu,1982-11-04,1982,11,4,0.0
Bac Lieu,1982-11-05,1982,11,5,2.7656338649065995
Bac Lieu,1982-11-06,1982,11,6,6.967676140083458
Bac Lieu,1982-11-07,1982,11,7,2.935555488532444
Bac Lieu,1982-11-08,1982,11,8,12.958366403219836
Bac Lieu,1982-11-09,1982,11,9,19.853384953516837
Bac Lieu,1982-11-10,1982,11,10,21.62085214656254
Bac Lieu,1982-11-11,1982,11,11,18.504722841406767
Bac Lieu,1982-11-12,1982,11,12,11.169955578615085
Bac Lieu,1982-11-13,1982,11,13,6.153757651913843
Bac Lieu,1982-11-14,1982,11,14,2.55023411011246
Bac Lieu,1982-11-15,1982,11,15,6.600328409968683
Bac Lieu,1982-11-16,1982,11,16,0.5926853188928569
Bac Lieu,1982-11-17,1982,11,17,2.072195317466304
Bac Lieu,1982-11-18,1982,11,18,11.762080172880642
Bac Lieu,1982-11-19,1982,11,19,1.9209629536394808
Bac Lieu,1982-11-20,1982,11,20,0.0
Bac Lieu,1982-11-21,1982,11,21,0.0
Bac Lieu,1982-11-22,1982,11,22,2.449625692943357
Bac Lieu,1982-11-23,1982,11,23,0.0
Bac Lieu,1982-11-24,1982,11,24,15.17916703936739
Bac Lieu,1982-11-25,1982,11,25,1.989659991894129
Bac Lieu,1982-11-26,1982,11,26,8.058244495067958
Bac Lieu,1982-11-27,1982,11,27,0.4255973308491257
Bac Lieu,1982-11-28,1982,11,28,0.0
Bac Lieu,1982-11-29,1982,11,29,5.137641459734935
Bac Lieu,1982-11-30,1982,11,30,0.0
Bac Lieu,1982-12-01,1982,12,1,0.0
Bac Lieu,1982-12-02,1982,12,2,0.0
Bac Lieu,1982-12-03,1982,12,3,0.0
Bac Lieu,1982-12-04,1982,12,4,0.0
Bac Lieu,1982-12-05,1982,12,5,0.0
Bac Lieu,1982-12-06,1982,12,6,5.308364496159104
Bac Lieu,1982-12-07,1982,12,7,13.369687649708874
Bac Lieu,1982-12-08,1982,12,8,9.212295815539813
Bac Lieu,1982-12-09,1982,12,9,0.0
Bac Lieu,1982-12-10,1982,12,10,0.0
Bac Lieu,1982-12-11,1982,12,11,0.0
Bac Lieu,1982-12-12,1982,12,12,0.0
Bac Lieu,1982-12-13,1982,12,13,0.0
Bac Lieu,1982-12-14,1982,12,14,0.0
Bac Lieu,1982-12-15,1982,12,15,1.5906724673577075
Bac Lieu,1982-12-16,1982,12,16,0.3404065402588754
Bac Lieu,1982-12-17,1982,12,17,0.0
Bac Lieu,1982-12-18,1982,12,18,0.0
Bac Lieu,1982-12-19,1982,12,19,5.436007674721052
Bac Lieu,1982-12-20,1982,12,20,0.0
Bac Lieu,1982-12-21,1982,12,21,0.0
Bac Lieu,1982-12-22,1982,12,22,0.0
Bac Lieu,1982-12-23,1982,12,23,0.0
Bac Lieu,1982-12-24,1982,12,24,0.0
Bac Lieu,1982-12-25,1982,12,25,0.0
Bac Lieu,1982-12-26,1982,12,26,0.0
Bac Lieu,1982-12-27,1982,12,27,0.0
Bac Lieu,1982-12-28,1982,12,28,0.0
Bac Lieu,1982-12-29,1982,12,29,0.0
Bac Lieu,1982-12-30,1982,12,30,0.0
Bac Lieu,1982-12-31,1982,12,31,0.0
Bac Lieu,1983-01-01,1983,1,1,5.612866186330904
Bac Lieu,1983-01-02,1983,1,2,0.0
Bac Lieu,1983-01-03,1983,1,3,0.0
Bac Lieu,1983-01-04,1983,1,4,0.0
Bac Lieu,1983-01-05,1983,1,5,0.0
Bac Lieu,1983-01-06,1983,1,6,0.0
Bac Lieu,1983-01-07,1983,1,7,0.1517547571074288
Bac Lieu,1983-01-08,1983,1,8,0.2828818627123563
Bac Lieu,1983-01-09,1983,1,9,0.0
Bac Lieu,1983-01-10,1983,1,10,0.0
Bac Lieu,1983-01-11,1983,1,11,0.0
Bac Lieu,1983-01-12,1983,1,12,0.0
Bac Lieu,1983-01-13,1983,1,13,0.0
Bac Lieu,1983-01-14,1983,1,14,0.0
Bac Lieu,1983-01-15,1983,1,15,0.0
Bac Lieu,1983-01-16,1983,1,16,0.0
Bac Lieu,1983-01-17,1983,1,17,0.0
Bac Lieu,1983-01-18,1983,1,18,0.0
Bac Lieu,1983-01-19,1983,1,19,0.709444629381288
Bac Lieu,1983-01-20,1983,1,20,0.292258429180901
Bac Lieu,1983-01-21,1983,1,21,0.0
Bac Lieu,1983-01-22,1983,1,22,0.0
Bac Lieu,1983-01-23,1983,1,23,0.0
Bac Lieu,1983-01-24,1983,1,24,0.0
Bac Lieu,1983-01-25,1983,1,25,0.0
Bac Lieu,1983-01-26,1983,1,26,0.0
Bac Lieu,1983-01-27,1983,1,27,0.0
Bac Lieu,1983-01-28,1983,1,28,0.0
Bac Lieu,1983-01-29,1983,1,29,0.0
Bac Lieu,1983-01-30,1983,1,30,0.0
Bac Lieu,1983-01-31,1983,1,31,1.0511325101222633
Bac Lieu,1983-02-01,1983,2,1,0.0
Bac Lieu,1983-02-02,1983,2,2,0.0
Bac Lieu,1983-02-03,1983,2,3,0.0
Bac Lieu,1983-02-04,1983,2,4,1.082290800445485
Bac Lieu,1983-02-05,1983,2,5,0.0
Bac Lieu,1983-02-06,1983,2,6,0.0
Bac Lieu,1983-02-07,1983,2,7,0.2731136392647365
Bac Lieu,1983-02-08,1983,2,8,0.0
Bac Lieu,1983-02-09,1983,2,9,0.0
Bac Lieu,1983-02-10,1983,2,10,0.0
Bac Lieu,1983-02-11,1983,2,11,0.0
Bac Lieu,1983-02-12,1983,2,12,0.0
Bac Lieu,1983-02-13,1983,2,13,0.0
Bac Lieu,1983-02-14,1983,2,14,0.0
Bac Lieu,1983-02-15,1983,2,15,0.0
Bac Lieu,1983-02-16,1983,2,16,0.0
Bac Lieu,1983-02-17,1983,2,17,0.0
Bac Lieu,1983-02-18,1983,2,18,0.0
Bac Lieu,1983-02-19,1983,2,19,3.5478683502809063
Bac Lieu,1983-02-20,1983,2,20,0.0
Bac Lieu,1983-02-21,1983,2,21,0.0
Bac Lieu,1983-02-22,1983,2,22,0.0
Bac Lieu,1983-02-23,1983,2,23,0.0
Bac Lieu,1983-02-24,1983,2,24,0.0
Bac Lieu,1983-02-25,1983,2,25,1.0745064639595323
Bac Lieu,1983-02-26,1983,2,26,0.0
Bac Lieu,1983-02-27,1983,2,27,0.0
Bac Lieu,1983-02-28,1983,2,28,0.0
Bac Lieu,1983-03-01,1983,3,1,0.0
Bac Lieu,1983-03-02,1983,3,2,0.0
Bac Lieu,1983-03-03,1983,3,3,0.0
Bac Lieu,1983-03-04,1983,3,4,0.0
Bac Lieu,1983-03-05,1983,3,5,1.5689549809491865
Bac Lieu,1983-03-06,1983,3,6,0.0
Bac Lieu,1983-03-07,1983,3,7,0.0
Bac Lieu,1983-03-08,1983,3,8,0.0
Bac Lieu,1983-03-09,1983,3,9,0.3952542112998243
Bac Lieu,1983-03-10,1983,3,10,0.1341337525259773
Bac Lieu,1983-03-11,1983,3,11,0.0
Bac Lieu,1983-03-12,1983,3,12,0.0
Bac Lieu,1983-03-13,1983,3,13,0.0
Bac Lieu,1983-03-14,1983,3,14,0.1923902706874991
Bac Lieu,1983-03-15,1983,3,15,0.0
Bac Lieu,1983-03-16,1983,3,16,0.0
Bac Lieu,1983-03-17,1983,3,17,0.0
Bac Lieu,1983-03-18,1983,3,18,0.0
Bac Lieu,1983-03-19,1983,3,19,0.0
Bac Lieu,1983-03-20,1983,3,20,0.0
Bac Lieu,1983-03-21,1983,3,21,0.0
Bac Lieu,1983-03-22,1983,3,22,0.0
Bac Lieu,1983-03-23,1983,3,23,0.0
Bac Lieu,1983-03-24,1983,3,24,0.0
Bac Lieu,1983-03-25,1983,3,25,0.0
Bac Lieu,1983-03-26,1983,3,26,0.0
Bac Lieu,1983-03-27,1983,3,27,0.0
Bac Lieu,1983-03-28,1983,3,28,0.0
Bac Lieu,1983-03-29,1983,3,29,12.814082966894476
Bac Lieu,1983-03-30,1983,3,30,0.0
Bac Lieu,1983-03-31,1983,3,31,0.0050244577245892
Bac Lieu,1983-04-01,1983,4,1,0.0
Bac Lieu,1983-04-02,1983,4,2,0.0
Bac Lieu,1983-04-03,1983,4,3,0.0
Bac Lieu,1983-04-04,1983,4,4,0.0
Bac Lieu,1983-04-05,1983,4,5,0.0
Bac Lieu,1983-04-06,1983,4,6,0.0
Bac Lieu,1983-04-07,1983,4,7,0.0
Bac Lieu,1983-04-08,1983,4,8,0.0
Bac Lieu,1983-04-09,1983,4,9,0.0
Bac Lieu,1983-04-10,1983,4,10,0.0
Bac Lieu,1983-04-11,1983,4,11,0.0
Bac Lieu,1983-04-12,1983,4,12,0.0
Bac Lieu,1983-04-13,1983,4,13,0.0
Bac Lieu,1983-04-14,1983,4,14,0.0
Bac Lieu,1983-04-15,1983,4,15,0.0
Bac Lieu,1983-04-16,1983,4,16,0.0
Bac Lieu,1983-04-17,1983,4,17,0.0
Bac Lieu,1983-04-18,1983,4,18,0.0
Bac Lieu,1983-04-19,1983,4,19,0.0
Bac Lieu,1983-04-20,1983,4,20,0.0
Bac Lieu,1983-04-21,1983,4,21,0.0
Bac Lieu,1983-04-22,1983,4,22,0.0
Bac Lieu,1983-04-23,1983,4,23,10.329883547764904
Bac Lieu,1983-04-24,1983,4,24,0.0
Bac Lieu,1983-04-25,1983,4,25,0.0839160270510979
Bac Lieu,1983-04-26,1983,4,26,0.0
Bac Lieu,1983-04-27,1983,4,27,0.0
Bac Lieu,1983-04-28,1983,4,28,0.0
Bac Lieu,1983-04-29,1983,4,29,0.0544526164486723
Bac Lieu,1983-04-30,1983,4,30,6.909914153153043
Bac Lieu,1983-05-01,1983,5,1,7.551269350168842
Bac Lieu,1983-05-02,1983,5,2,3.8339526893552742
Bac Lieu,1983-05-03,1983,5,3,0.0
Bac Lieu,1983-05-04,1983,5,4,0.0
Bac Lieu,1983-05-05,1983,5,5,0.0463787463251149
Bac Lieu,1983-05-06,1983,5,6,0.0
Bac Lieu,1983-05-07,1983,5,7,3.2587832405162307
Bac Lieu,1983-05-08,1983,5,8,5.316897790566932
Bac Lieu,1983-05-09,1983,5,9,0.0
Bac Lieu,1983-05-10,1983,5,10,0.0
Bac Lieu,1983-05-11,1983,5,11,0.0
Bac Lieu,1983-05-12,1983,5,12,0.0
Bac Lieu,1983-05-13,1983,5,13,0.0
Bac Lieu,1983-05-14,1983,5,14,0.0
Bac Lieu,1983-05-15,1983,5,15,0.7167961517190035
Bac Lieu,1983-05-16,1983,5,16,0.0033170687657482
Bac Lieu,1983-05-17,1983,5,17,0.0
Bac Lieu,1983-05-18,1983,5,18,0.0
Bac Lieu,1983-05-19,1983,5,19,0.4496361625059597
Bac Lieu,1983-05-20,1983,5,20,10.436481395559492
Bac Lieu,1983-05-21,1983,5,21,0.0
Bac Lieu,1983-05-22,1983,5,22,1.7946273105504376
Bac Lieu,1983-05-23,1983,5,23,13.558388122036774
Bac Lieu,1983-05-24,1983,5,24,7.662823828985109
Bac Lieu,1983-05-25,1983,5,25,8.510668340862924
Bac Lieu,1983-05-26,1983,5,26,29.918070081314955
Bac Lieu,1983-05-27,1983,5,27,24.364909170942493
Bac Lieu,1983-05-28,1983,5,28,15.40151934915219
Bac Lieu,1983-05-29,1983,5,29,12.040827898637303
Bac Lieu,1983-05-30,1983,5,30,12.56598474113896
Bac Lieu,1983-05-31,1983,5,31,10.276691922637651
Bac Lieu,1983-06-01,1983,6,1,0.0
Bac Lieu,1983-06-02,1983,6,2,4.072010229830473
Bac Lieu,1983-06-03,1983,6,3,5.284575731169503
Bac Lieu,1983-06-04,1983,6,4,11.458700927338512
Bac Lieu,1983-06-05,1983,6,5,10.32163955423967
Bac Lieu,1983-06-06,1983,6,6,13.220349558092517
Bac Lieu,1983-06-07,1983,6,7,10.458920935216945
Bac Lieu,1983-06-08,1983,6,8,35.99555617451219
Bac Lieu,1983-06-09,1983,6,9,14.400385540188488
Bac Lieu,1983-06-10,1983,6,10,22.261933040546925
Bac Lieu,1983-06-11,1983,6,11,7.137807494811294
Bac Lieu,1983-06-12,1983,6,12,0.0
Bac Lieu,1983-06-13,1983,6,13,2.474781768366976
Bac Lieu,1983-06-14,1983,6,14,8.746329417894472
Bac Lieu,1983-06-15,1983,6,15,2.1999248804056424
Bac Lieu,1983-06-16,1983,6,16,0.9475945994359144
Bac Lieu,1983-06-17,1983,6,17,4.898425830661127
Bac Lieu,1983-06-18,1983,6,18,9.457296594583768
Bac Lieu,1983-06-19,1983,6,19,12.680073718682776
Bac Lieu,1983-06-20,1983,6,20,10.78172453072386
Bac Lieu,1983-06-21,1983,6,21,8.52816288084354
Bac Lieu,1983-06-22,1983,6,22,7.73496602853739
Bac Lieu,1983-06-23,1983,6,23,11.091305946314112
Bac Lieu,1983-06-24,1983,6,24,3.3627314854837804
Bac Lieu,1983-06-25,1983,6,25,1.924407124330413
Bac Lieu,1983-06-26,1983,6,26,28.41237970496125
Bac Lieu,1983-06-27,1983,6,27,15.720791265541658
Bac Lieu,1983-06-28,1983,6,28,4.986184734488434
Bac Lieu,1983-06-29,1983,6,29,0.2856698360263177
Bac Lieu,1983-06-30,1983,6,30,0.217279712425088
Bac Lieu,1983-07-01,1983,7,1,0.0
Bac Lieu,1983-07-02,1983,7,2,0.0
Bac Lieu,1983-07-03,1983,7,3,4.313647135986473
Bac Lieu,1983-07-04,1983,7,4,0.7939862242104874
Bac Lieu,1983-07-05,1983,7,5,8.944895016832172
Bac Lieu,1983-07-06,1983,7,6,5.578260706469699
Bac Lieu,1983-07-07,1983,7,7,1.6633736756702642
Bac Lieu,1983-07-08,1983,7,8,10.678938716204662
Bac Lieu,1983-07-09,1983,7,9,11.052083737427337
Bac Lieu,1983-07-10,1983,7,10,1.1896271779942065
Bac Lieu,1983-07-11,1983,7,11,11.153189857932755
Bac Lieu,1983-07-12,1983,7,12,8.007598738346461
Bac Lieu,1983-07-13,1983,7,13,0.0
Bac Lieu,1983-07-14,1983,7,14,5.759686930530477
Bac Lieu,1983-07-15,1983,7,15,12.796555775696376
Bac Lieu,1983-07-16,1983,7,16,15.119735664385674
Bac Lieu,1983-07-17,1983,7,17,20.30433299780792
Bac Lieu,1983-07-18,1983,7,18,12.92451358620626
Bac Lieu,1983-07-19,1983,7,19,9.623372261749129
Bac Lieu,1983-07-20,1983,7,20,2.1897446407102192
Bac Lieu,1983-07-21,1983,7,21,8.591094733400165
Bac Lieu,1983-07-22,1983,7,22,1.6629752192227347
Bac Lieu,1983-07-23,1983,7,23,2.163811712732855
Bac Lieu,1983-07-24,1983,7,24,2.796355079183039
Bac Lieu,1983-07-25,1983,7,25,5.235153197090583
Bac Lieu,1983-07-26,1983,7,26,2.633915296140707
Bac Lieu,1983-07-27,1983,7,27,2.9425558246576564
Bac Lieu,1983-07-28,1983,7,28,12.012154619306887
Bac Lieu,1983-07-29,1983,7,29,22.31771154243541
Bac Lieu,1983-07-30,1983,7,30,3.218175949636496
Bac Lieu,1983-07-31,1983,7,31,4.128409111112919
Bac Lieu,1983-08-01,1983,8,1,9.344362813535726
Bac Lieu,1983-08-02,1983,8,2,7.281152693838446
Bac Lieu,1983-08-03,1983,8,3,10.532172548042157
Bac Lieu,1983-08-04,1983,8,4,12.20798564239718
Bac Lieu,1983-08-05,1983,8,5,14.252237426056054
Bac Lieu,1983-08-06,1983,8,6,13.93560783024554
Bac Lieu,1983-08-07,1983,8,7,12.648497317853966
Bac Lieu,1983-08-08,1983,8,8,0.9805196247460708
Bac Lieu,1983-08-09,1983,8,9,14.855940762411878
Bac Lieu,1983-08-10,1983,8,10,33.17033716827969
Bac Lieu,1983-08-11,1983,8,11,40.69262904257146
Bac Lieu,1983-08-12,1983,8,12,20.48096915191074
Bac Lieu,1983-08-13,1983,8,13,16.048691516246436
Bac Lieu,1983-08-14,1983,8,14,17.892552698171365
Bac Lieu,1983-08-15,1983,8,15,13.407145369295808
Bac Lieu,1983-08-16,1983,8,16,5.101912671179142
Bac Lieu,1983-08-17,1983,8,17,14.394171414537256
Bac Lieu,1983-08-18,1983,8,18,36.88601972378425
Bac Lieu,1983-08-19,1983,8,19,0.4534385517768141
Bac Lieu,1983-08-20,1983,8,20,13.849620197943924
Bac Lieu,1983-08-21,1983,8,21,1.2580154448995051
Bac Lieu,1983-08-22,1983,8,22,5.8417523995885325
Bac Lieu,1983-08-23,1983,8,23,0.0
Bac Lieu,1983-08-24,1983,8,24,0.2869233674463236
Bac Lieu,1983-08-25,1983,8,25,1.2688891757209348
Bac Lieu,1983-08-26,1983,8,26,10.232353783265603
Bac Lieu,1983-08-27,1983,8,27,1.1727234178579082
Bac Lieu,1983-08-28,1983,8,28,2.7941806163427967
Bac Lieu,1983-08-29,1983,8,29,27.26606236731332
Bac Lieu,1983-08-30,1983,8,30,35.72006754929164
Bac Lieu,1983-08-31,1983,8,31,1.2559280792812135
Bac Lieu,1983-09-01,1983,9,1,2.271867189749232
Bac Lieu,1983-09-02,1983,9,2,2.027935087060029
Bac Lieu,1983-09-03,1983,9,3,10.671823813564377
Bac Lieu,1983-09-04,1983,9,4,0.0053722148031558
Bac Lieu,1983-09-05,1983,9,5,0.9032237990037452
Bac Lieu,1983-09-06,1983,9,6,13.963642408550912
Bac Lieu,1983-09-07,1983,9,7,13.129875412581104
Bac Lieu,1983-09-08,1983,9,8,11.015625311473633
Bac Lieu,1983-09-09,1983,9,9,2.843993281814289
Bac Lieu,1983-09-10,1983,9,10,5.103784692656319
Bac Lieu,1983-09-11,1983,9,11,6.316573604727691
Bac Lieu,1983-09-12,1983,9,12,20.775922170099225
Bac Lieu,1983-09-13,1983,9,13,10.008516949221775
Bac Lieu,1983-09-14,1983,9,14,0.9190424497712336
Bac Lieu,1983-09-15,1983,9,15,1.1640132118441024
Bac Lieu,1983-09-16,1983,9,16,1.1769902106590993
Bac Lieu,1983-09-17,1983,9,17,7.976991769628706
Bac Lieu,1983-09-18,1983,9,18,1.4533982313983849
Bac Lieu,1983-09-19,1983,9,19,2.859230699449216
Bac Lieu,1983-09-20,1983,9,20,20.83845443189369
Bac Lieu,1983-09-21,1983,9,21,11.967730076807854
Bac Lieu,1983-09-22,1983,9,22,23.93120542268933
Bac Lieu,1983-09-23,1983,9,23,26.01322665340496
Bac Lieu,1983-09-24,1983,9,24,6.431005458040058
Bac Lieu,1983-09-25,1983,9,25,9.16945076087736
Bac Lieu,1983-09-26,1983,9,26,53.17084093856812
Bac Lieu,1983-09-27,1983,9,27,24.6225445863256
Bac Lieu,1983-09-28,1983,9,28,17.74548756621019
Bac Lieu,1983-09-29,1983,9,29,13.054581130189716
Bac Lieu,1983-09-30,1983,9,30,25.76658817715915
Bac Lieu,1983-10-01,1983,10,1,9.32460840995357
Bac Lieu,1983-10-02,1983,10,2,12.896687572083383
Bac Lieu,1983-10-03,1983,10,3,6.260311887723095
Bac Lieu,1983-10-04,1983,10,4,12.238949536341543
Bac Lieu,1983-10-05,1983,10,5,6.104147625851183
Bac Lieu,1983-10-06,1983,10,6,29.55315368051349
Bac Lieu,1983-10-07,1983,10,7,32.32826851902369
Bac Lieu,1983-10-08,1983,10,8,13.873134079303382
Bac Lieu,1983-10-09,1983,10,9,18.147365489383915
Bac Lieu,1983-10-10,1983,10,10,0.0
Bac Lieu,1983-10-11,1983,10,11,9.65767351668736
Bac Lieu,1983-10-12,1983,10,12,21.787953768208347
Bac Lieu,1983-10-13,1983,10,13,4.244251560103219
Bac Lieu,1983-10-14,1983,10,14,15.906569801474516
Bac Lieu,1983-10-15,1983,10,15,19.121537162708787
Bac Lieu,1983-10-16,1983,10,16,16.557744891616537
Bac Lieu,1983-10-17,1983,10,17,39.49094387148011
Bac Lieu,1983-10-18,1983,10,18,41.61161235492634
Bac Lieu,1983-10-19,1983,10,19,2.056238643574265
Bac Lieu,1983-10-20,1983,10,20,3.856222619290622
Bac Lieu,1983-10-21,1983,10,21,8.068292870647504
Bac Lieu,1983-10-22,1983,10,22,0.7283057147871773
Bac Lieu,1983-10-23,1983,10,23,1.4722014732000963
Bac Lieu,1983-10-24,1983,10,24,5.135490621494798
Bac Lieu,1983-10-25,1983,10,25,13.751883281509835
Bac Lieu,1983-10-26,1983,10,26,6.078900544688388
Bac Lieu,1983-10-27,1983,10,27,1.3588218115320747
Bac Lieu,1983-10-28,1983,10,28,2.5495351340095955
Bac Lieu,1983-10-29,1983,10,29,13.796312714342806
Bac Lieu,1983-10-30,1983,10,30,6.852013456002721
Bac Lieu,1983-10-31,1983,10,31,2.0340617988154577
Bac Lieu,1983-11-01,1983,11,1,14.7512385810996
Bac Lieu,1983-11-02,1983,11,2,26.95452322826745
Bac Lieu,1983-11-03,1983,11,3,16.950843716783343
Bac Lieu,1983-11-04,1983,11,4,13.196174454850974
Bac Lieu,1983-11-05,1983,11,5,58.07944669212487
Bac Lieu,1983-11-06,1983,11,6,35.13305299827288
Bac Lieu,1983-11-07,1983,11,7,17.405216836425495
Bac Lieu,1983-11-08,1983,11,8,1.0485986580758726
Bac Lieu,1983-11-09,1983,11,9,4.270693800440375
Bac Lieu,1983-11-10,1983,11,10,0.0851097791059961
Bac Lieu,1983-11-11,1983,11,11,0.0
Bac Lieu,1983-11-12,1983,11,12,5.578008120122947
Bac Lieu,1983-11-13,1983,11,13,1.7347115396103776
Bac Lieu,1983-11-14,1983,11,14,0.0582270811368834
Bac Lieu,1983-11-15,1983,11,15,13.08267387217396
Bac Lieu,1983-11-16,1983,11,16,13.602934868866546
Bac Lieu,1983-11-17,1983,11,17,4.193906480069432
Bac Lieu,1983-11-18,1983,11,18,0.0
Bac Lieu,1983-11-19,1983,11,19,4.838824755182807
Bac Lieu,1983-11-20,1983,11,20,9.18966691090926
Bac Lieu,1983-11-21,1983,11,21,29.204521991729745
Bac Lieu,1983-11-22,1983,11,22,9.857235314495158
Bac Lieu,1983-11-23,1983,11,23,0.0
Bac Lieu,1983-11-24,1983,11,24,0.0
Bac Lieu,1983-11-25,1983,11,25,0.0
Bac Lieu,1983-11-26,1983,11,26,0.0
Bac Lieu,1983-11-27,1983,11,27,0.0
Bac Lieu,1983-11-28,1983,11,28,0.0
Bac Lieu,1983-11-29,1983,11,29,0.0
Bac Lieu,1983-11-30,1983,11,30,0.0
Bac Lieu,1983-12-01,1983,12,1,5.59061910496118
Bac Lieu,1983-12-02,1983,12,2,0.049935701028356
Bac Lieu,1983-12-03,1983,12,3,3.735161936705967
Bac Lieu,1983-12-04,1983,12,4,0.0
Bac Lieu,1983-12-05,1983,12,5,0.0
Bac Lieu,1983-12-06,1983,12,6,0.2079250643748157
Bac Lieu,1983-12-07,1983,12,7,0.0
Bac Lieu,1983-12-08,1983,12,8,0.0
Bac Lieu,1983-12-09,1983,12,9,0.0
Bac Lieu,1983-12-10,1983,12,10,0.2111473550976448
Bac Lieu,1983-12-11,1983,12,11,4.780433300684084
Bac Lieu,1983-12-12,1983,12,12,0.0
Bac Lieu,1983-12-13,1983,12,13,0.6916584000362542
Bac Lieu,1983-12-14,1983,12,14,0.0
Bac Lieu,1983-12-15,1983,12,15,0.0317080177451079
Bac Lieu,1983-12-16,1983,12,16,0.0
Bac Lieu,1983-12-17,1983,12,17,0.0112571321883291
Bac Lieu,1983-12-18,1983,12,18,0.0143922681628533
Bac Lieu,1983-12-19,1983,12,19,0.0
Bac Lieu,1983-12-20,1983,12,20,0.0
Bac Lieu,1983-12-21,1983,12,21,0.0
Bac Lieu,1983-12-22,1983,12,22,0.0
Bac Lieu,1983-12-23,1983,12,23,0.0
Bac Lieu,1983-12-24,1983,12,24,4.118729918515907
Bac Lieu,1983-12-25,1983,12,25,13.214988042399572
Bac Lieu,1983-12-26,1983,12,26,0.0
Bac Lieu,1983-12-27,1983,12,27,0.0
Bac Lieu,1983-12-28,1983,12,28,0.0
Bac Lieu,1983-12-29,1983,12,29,3.936596680227317
Bac Lieu,1983-12-30,1983,12,30,0.0
Bac Lieu,1983-12-31,1983,12,31,4.261727852425485
Bac Lieu,1984-01-01,1984,1,1,0.0
Bac Lieu,1984-01-02,1984,1,2,0.0
Bac Lieu,1984-01-03,1984,1,3,4.534305044021247
Bac Lieu,1984-01-04,1984,1,4,9.645177954007991
Bac Lieu,1984-01-05,1984,1,5,0.0
Bac Lieu,1984-01-06,1984,1,6,0.0
Bac Lieu,1984-01-07,1984,1,7,0.0
Bac Lieu,1984-01-08,1984,1,8,0.0
Bac Lieu,1984-01-09,1984,1,9,0.0
Bac Lieu,1984-01-10,1984,1,10,0.0
Bac Lieu,1984-01-11,1984,1,11,0.0
Bac Lieu,1984-01-12,1984,1,12,0.0440970543465524
Bac Lieu,1984-01-13,1984,1,13,0.2593303794321024
Bac Lieu,1984-01-14,1984,1,14,0.0
Bac Lieu,1984-01-15,1984,1,15,0.0
Bac Lieu,1984-01-16,1984,1,16,0.0
Bac Lieu,1984-01-17,1984,1,17,0.0
Bac Lieu,1984-01-18,1984,1,18,0.0
Bac Lieu,1984-01-19,1984,1,19,0.0
Bac Lieu,1984-01-20,1984,1,20,1.3452252347851703
Bac Lieu,1984-01-21,1984,1,21,2.277822490273782
Bac Lieu,1984-01-22,1984,1,22,1.185122895958289
Bac Lieu,1984-01-23,1984,1,23,0.0
Bac Lieu,1984-01-24,1984,1,24,0.0404363232783551
Bac Lieu,1984-01-25,1984,1,25,0.0
Bac Lieu,1984-01-26,1984,1,26,0.0
Bac Lieu,1984-01-27,1984,1,27,2.721098030121822
Bac Lieu,1984-01-28,1984,1,28,0.4094729728563778
Bac Lieu,1984-01-29,1984,1,29,1.2833143703712613
Bac Lieu,1984-01-30,1984,1,30,1.9757274539065817
Bac Lieu,1984-01-31,1984,1,31,0.0
Bac Lieu,1984-02-01,1984,2,1,0.0
Bac Lieu,1984-02-02,1984,2,2,0.0
Bac Lieu,1984-02-03,1984,2,3,1.1078860556854393
Bac Lieu,1984-02-04,1984,2,4,1.9654075001230789
Bac Lieu,1984-02-05,1984,2,5,0.0
Bac Lieu,1984-02-06,1984,2,6,0.0297974240554953
Bac Lieu,1984-02-07,1984,2,7,0.0
Bac Lieu,1984-02-08,1984,2,8,0.0
Bac Lieu,1984-02-09,1984,2,9,0.0
Bac Lieu,1984-02-10,1984,2,10,0.0
Bac Lieu,1984-02-11,1984,2,11,0.0
Bac Lieu,1984-02-12,1984,2,12,0.0934661709362606
Bac Lieu,1984-02-13,1984,2,13,0.2352078074239335
Bac Lieu,1984-02-14,1984,2,14,0.0187469688676438
Bac Lieu,1984-02-15,1984,2,15,0.0046386750959
Bac Lieu,1984-02-16,1984,2,16,0.0053602912740887
Bac Lieu,1984-02-17,1984,2,17,0.0
Bac Lieu,1984-02-18,1984,2,18,0.0
Bac Lieu,1984-02-19,1984,2,19,0.1350189726937492
Bac Lieu,1984-02-20,1984,2,20,0.142141205004926
Bac Lieu,1984-02-21,1984,2,21,0.0
Bac Lieu,1984-02-22,1984,2,22,0.0
Bac Lieu,1984-02-23,1984,2,23,1.40839224878797
Bac Lieu,1984-02-24,1984,2,24,0.0
Bac Lieu,1984-02-25,1984,2,25,0.0
Bac Lieu,1984-02-26,1984,2,26,2.036169427430855
Bac Lieu,1984-02-27,1984,2,27,0.0
Bac Lieu,1984-02-28,1984,2,28,0.0
Bac Lieu,1984-02-29,1984,2,29,0.0
Bac Lieu,1984-03-01,1984,3,1,0.0
Bac Lieu,1984-03-02,1984,3,2,0.0
Bac Lieu,1984-03-03,1984,3,3,0.0
Bac Lieu,1984-03-04,1984,3,4,0.0
Bac Lieu,1984-03-05,1984,3,5,0.0
Bac Lieu,1984-03-06,1984,3,6,0.0
Bac Lieu,1984-03-07,1984,3,7,0.1760826700588442
Bac Lieu,1984-03-08,1984,3,8,0.0
Bac Lieu,1984-03-09,1984,3,9,0.0
Bac Lieu,1984-03-10,1984,3,10,9.629981017328658
Bac Lieu,1984-03-11,1984,3,11,0.0
Bac Lieu,1984-03-12,1984,3,12,0.0
Bac Lieu,1984-03-13,1984,3,13,0.0
Bac Lieu,1984-03-14,1984,3,14,0.0
Bac Lieu,1984-03-15,1984,3,15,0.0
Bac Lieu,1984-03-16,1984,3,16,0.0
Bac Lieu,1984-03-17,1984,3,17,0.0
Bac Lieu,1984-03-18,1984,3,18,0.0
Bac Lieu,1984-03-19,1984,3,19,0.0
Bac Lieu,1984-03-20,1984,3,20,0.0
Bac Lieu,1984-03-21,1984,3,21,0.0
Bac Lieu,1984-03-22,1984,3,22,0.0
Bac Lieu,1984-03-23,1984,3,23,0.0
Bac Lieu,1984-03-24,1984,3,24,0.0
Bac Lieu,1984-03-25,1984,3,25,0.0
Bac Lieu,1984-03-26,1984,3,26,0.0
Bac Lieu,1984-03-27,1984,3,27,0.2325128257319612
Bac Lieu,1984-03-28,1984,3,28,7.909042011207006
Bac Lieu,1984-03-29,1984,3,29,0.2614617801297386
Bac Lieu,1984-03-30,1984,3,30,0.0
Bac Lieu,1984-03-31,1984,3,31,0.0
Bac Lieu,1984-04-01,1984,4,1,0.0
Bac Lieu,1984-04-02,1984,4,2,0.0
Bac Lieu,1984-04-03,1984,4,3,0.0
Bac Lieu,1984-04-04,1984,4,4,0.0
Bac Lieu,1984-04-05,1984,4,5,0.0
Bac Lieu,1984-04-06,1984,4,6,0.0
Bac Lieu,1984-04-07,1984,4,7,0.0
Bac Lieu,1984-04-08,1984,4,8,0.0
Bac Lieu,1984-04-09,1984,4,9,0.0
Bac Lieu,1984-04-10,1984,4,10,0.0
Bac Lieu,1984-04-11,1984,4,11,0.9730441402219376
Bac Lieu,1984-04-12,1984,4,12,0.0
Bac Lieu,1984-04-13,1984,4,13,0.049534064005006
Bac Lieu,1984-04-14,1984,4,14,0.0
Bac Lieu,1984-04-15,1984,4,15,0.4682241686155212
Bac Lieu,1984-04-16,1984,4,16,0.0230756414881292
Bac Lieu,1984-04-17,1984,4,17,0.052663877811072
Bac Lieu,1984-04-18,1984,4,18,2.492905614978863
Bac Lieu,1984-04-19,1984,4,19,4.905449455513145
Bac Lieu,1984-04-20,1984,4,20,8.90980343806069
Bac Lieu,1984-04-21,1984,4,21,0.0
Bac Lieu,1984-04-22,1984,4,22,0.6993309885780767
Bac Lieu,1984-04-23,1984,4,23,1.1240209332592084
Bac Lieu,1984-04-24,1984,4,24,0.0382585214219003
Bac Lieu,1984-04-25,1984,4,25,2.339245806999927
Bac Lieu,1984-04-26,1984,4,26,20.451661095007413
Bac Lieu,1984-04-27,1984,4,27,1.761809543951503
Bac Lieu,1984-04-28,1984,4,28,19.15125990615701
Bac Lieu,1984-04-29,1984,4,29,8.217494347194457
Bac Lieu,1984-04-30,1984,4,30,3.304292694451674
Bac Lieu,1984-05-01,1984,5,1,10.970169919373856
Bac Lieu,1984-05-02,1984,5,2,1.991888599521709
Bac Lieu,1984-05-03,1984,5,3,4.31766773121312
Bac Lieu,1984-05-04,1984,5,4,2.125303366157244
Bac Lieu,1984-05-05,1984,5,5,17.595535607949746
Bac Lieu,1984-05-06,1984,5,6,17.385116747640218
Bac Lieu,1984-05-07,1984,5,7,12.664567012175077
Bac Lieu,1984-05-08,1984,5,8,16.326159344529206
Bac Lieu,1984-05-09,1984,5,9,6.37457980146948
Bac Lieu,1984-05-10,1984,5,10,6.094023655981387
Bac Lieu,1984-05-11,1984,5,11,9.519187086861091
Bac Lieu,1984-05-12,1984,5,12,7.649946278698042
Bac Lieu,1984-05-13,1984,5,13,0.0
Bac Lieu,1984-05-14,1984,5,14,0.0
Bac Lieu,1984-05-15,1984,5,15,0.0
Bac Lieu,1984-05-16,1984,5,16,0.0
Bac Lieu,1984-05-17,1984,5,17,0.0
Bac Lieu,1984-05-18,1984,5,18,0.0
Bac Lieu,1984-05-19,1984,5,19,4.227579572371717
Bac Lieu,1984-05-20,1984,5,20,28.83230537349773
Bac Lieu,1984-05-21,1984,5,21,11.752081400205505
Bac Lieu,1984-05-22,1984,5,22,0.0
Bac Lieu,1984-05-23,1984,5,23,12.325317829959795
Bac Lieu,1984-05-24,1984,5,24,5.019985581937826
Bac Lieu,1984-05-25,1984,5,25,9.680685391300134
Bac Lieu,1984-05-26,1984,5,26,13.434455346233444
Bac Lieu,1984-05-27,1984,5,27,9.62671608053963
Bac Lieu,1984-05-28,1984,5,28,17.011441514573004
Bac Lieu,1984-05-29,1984,5,29,11.635271717341444
Bac Lieu,1984-05-30,1984,5,30,6.738653990889497
Bac Lieu,1984-05-31,1984,5,31,13.478953053204522
Bac Lieu,1984-06-01,1984,6,1,1.1316642130905727
Bac Lieu,1984-06-02,1984,6,2,1.0518482834258172
Bac Lieu,1984-06-03,1984,6,3,1.09490248550559
Bac Lieu,1984-06-04,1984,6,4,0.7639816071672261
Bac Lieu,1984-06-05,1984,6,5,0.0
Bac Lieu,1984-06-06,1984,6,6,1.4334077539264034
Bac Lieu,1984-06-07,1984,6,7,0.0
Bac Lieu,1984-06-08,1984,6,8,0.4850234719762263
Bac Lieu,1984-06-09,1984,6,9,0.400340698566077
Bac Lieu,1984-06-10,1984,6,10,0.474851737148357
Bac Lieu,1984-06-11,1984,6,11,1.1169795908298137
Bac Lieu,1984-06-12,1984,6,12,0.477427382001337
Bac Lieu,1984-06-13,1984,6,13,0.5334334226284388
Bac Lieu,1984-06-14,1984,6,14,0.687158603434293
Bac Lieu,1984-06-15,1984,6,15,0.6328070625089249
Bac Lieu,1984-06-16,1984,6,16,0.5438938425621898
Bac Lieu,1984-06-17,1984,6,17,1.1257465198984689
Bac Lieu,1984-06-18,1984,6,18,1.130424531639747
Bac Lieu,1984-06-19,1984,6,19,0.903521894346993
Bac Lieu,1984-06-20,1984,6,20,0.5563560524346695
Bac Lieu,1984-06-21,1984,6,21,0.7892320672161176
Bac Lieu,1984-06-22,1984,6,22,0.163423782204682
Bac Lieu,1984-06-23,1984,6,23,0.4957261412998416
Bac Lieu,1984-06-24,1984,6,24,0.1628592946754312
Bac Lieu,1984-06-25,1984,6,25,0.1861249068458125
Bac Lieu,1984-06-26,1984,6,26,26.14356897008644
Bac Lieu,1984-06-27,1984,6,27,11.341046883655046
Bac Lieu,1984-06-28,1984,6,28,24.53593342273641
Bac Lieu,1984-06-29,1984,6,29,14.507189446467278
Bac Lieu,1984-06-30,1984,6,30,18.71606480060434
Bac Lieu,1984-07-01,1984,7,1,10.367354566088268
Bac Lieu,1984-07-02,1984,7,2,10.211134357704308
Bac Lieu,1984-07-03,1984,7,3,2.171420719569584
Bac Lieu,1984-07-04,1984,7,4,6.479271680651972
Bac Lieu,1984-07-05,1984,7,5,6.641616934866278
Bac Lieu,1984-07-06,1984,7,6,2.4618142464745723
Bac Lieu,1984-07-07,1984,7,7,0.0750392949536161
Bac Lieu,1984-07-08,1984,7,8,4.73966503686725
Bac Lieu,1984-07-09,1984,7,9,0.0834732994943295
Bac Lieu,1984-07-10,1984,7,10,0.0
Bac Lieu,1984-07-11,1984,7,11,0.0
Bac Lieu,1984-07-12,1984,7,12,10.38784206955388
Bac Lieu,1984-07-13,1984,7,13,0.0
Bac Lieu,1984-07-14,1984,7,14,7.163880535413635
Bac Lieu,1984-07-15,1984,7,15,6.927979063951746
Bac Lieu,1984-07-16,1984,7,16,1.6444768690523113
Bac Lieu,1984-07-17,1984,7,17,0.0
Bac Lieu,1984-07-18,1984,7,18,9.15248235997614
Bac Lieu,1984-07-19,1984,7,19,6.43318342230455
Bac Lieu,1984-07-20,1984,7,20,6.823581703455944
Bac Lieu,1984-07-21,1984,7,21,15.557888992669454
Bac Lieu,1984-07-22,1984,7,22,8.47968211195604
Bac Lieu,1984-07-23,1984,7,23,5.667802827439219
Bac Lieu,1984-07-24,1984,7,24,13.085327257336312
Bac Lieu,1984-07-25,1984,7,25,12.57202032593062
Bac Lieu,1984-07-26,1984,7,26,7.727404072581597
Bac Lieu,1984-07-27,1984,7,27,4.568710375713853
Bac Lieu,1984-07-28,1984,7,28,18.73389286357952
Bac Lieu,1984-07-29,1984,7,29,7.557655255182733
Bac Lieu,1984-07-30,1984,7,30,3.1414923584686143
Bac Lieu,1984-07-31,1984,7,31,4.503957040633795
Bac Lieu,1984-08-01,1984,8,1,9.2448073738566
Bac Lieu,1984-08-02,1984,8,2,6.843516167334791
Bac Lieu,1984-08-03,1984,8,3,0.3399975259708909
Bac Lieu,1984-08-04,1984,8,4,0.0
Bac Lieu,1984-08-05,1984,8,5,1.9914286469783424
Bac Lieu,1984-08-06,1984,8,6,4.680521484914816
Bac Lieu,1984-08-07,1984,8,7,17.729325181925077
Bac Lieu,1984-08-08,1984,8,8,27.52132364654541
Bac Lieu,1984-08-09,1984,8,9,15.739083661817157
Bac Lieu,1984-08-10,1984,8,10,14.823656366852097
Bac Lieu,1984-08-11,1984,8,11,4.127422530741063
Bac Lieu,1984-08-12,1984,8,12,0.6710722961245843
Bac Lieu,1984-08-13,1984,8,13,4.3878562837276816
Bac Lieu,1984-08-14,1984,8,14,3.1750017013729743
Bac Lieu,1984-08-15,1984,8,15,5.813186558876399
Bac Lieu,1984-08-16,1984,8,16,9.056211090249835
Bac Lieu,1984-08-17,1984,8,17,1.186096969532517
Bac Lieu,1984-08-18,1984,8,18,7.965766551665541
Bac Lieu,1984-08-19,1984,8,19,13.517383188787498
Bac Lieu,1984-08-20,1984,8,20,6.590812442113769
Bac Lieu,1984-08-21,1984,8,21,2.8633873900107623
Bac Lieu,1984-08-22,1984,8,22,0.0
Bac Lieu,1984-08-23,1984,8,23,0.937806733491286
Bac Lieu,1984-08-24,1984,8,24,1.8413165473758053
Bac Lieu,1984-08-25,1984,8,25,14.980188714657189
Bac Lieu,1984-08-26,1984,8,26,9.388697615659462
Bac Lieu,1984-08-27,1984,8,27,11.325051181091451
Bac Lieu,1984-08-28,1984,8,28,28.211868053868137
Bac Lieu,1984-08-29,1984,8,29,7.418949164507525
Bac Lieu,1984-08-30,1984,8,30,30.483721762531204
Bac Lieu,1984-08-31,1984,8,31,20.879711223458344
Bac Lieu,1984-09-01,1984,9,1,10.120742288949357
Bac Lieu,1984-09-02,1984,9,2,0.0
Bac Lieu,1984-09-03,1984,9,3,15.957047256397754
Bac Lieu,1984-09-04,1984,9,4,9.768377919125108
Bac Lieu,1984-09-05,1984,9,5,4.427417602736996
Bac Lieu,1984-09-06,1984,9,6,4.241546876907349
Bac Lieu,1984-09-07,1984,9,7,14.462664782973954
Bac Lieu,1984-09-08,1984,9,8,13.136482979144692
Bac Lieu,1984-09-09,1984,9,9,6.845517453409593
Bac Lieu,1984-09-10,1984,9,10,9.643459183189108
Bac Lieu,1984-09-11,1984,9,11,7.1986905477811725
Bac Lieu,1984-09-12,1984,9,12,12.774730081018411
Bac Lieu,1984-09-13,1984,9,13,10.61953953886932
Bac Lieu,1984-09-14,1984,9,14,10.547827455340697
Bac Lieu,1984-09-15,1984,9,15,6.4745096143236704
Bac Lieu,1984-09-16,1984,9,16,4.499154715124167
Bac Lieu,1984-09-17,1984,9,17,0.0
Bac Lieu,1984-09-18,1984,9,18,3.636753404981685
Bac Lieu,1984-09-19,1984,9,19,6.117055986278462
Bac Lieu,1984-09-20,1984,9,20,2.7823288190499795
Bac Lieu,1984-09-21,1984,9,21,5.795338747447392
Bac Lieu,1984-09-22,1984,9,22,4.894690217566941
Bac Lieu,1984-09-23,1984,9,23,5.525666371741385
Bac Lieu,1984-09-24,1984,9,24,7.203041928705179
Bac Lieu,1984-09-25,1984,9,25,3.075874990652193
Bac Lieu,1984-09-26,1984,9,26,15.286222562106154
Bac Lieu,1984-09-27,1984,9,27,39.238939503219896
Bac Lieu,1984-09-28,1984,9,28,31.13192092643594
Bac Lieu,1984-09-29,1984,9,29,15.69451055404375
Bac Lieu,1984-09-30,1984,9,30,0.2217815655402417
Bac Lieu,1984-10-01,1984,10,1,0.0
Bac Lieu,1984-10-02,1984,10,2,3.894337164608938
Bac Lieu,1984-10-03,1984,10,3,12.877685126610524
Bac Lieu,1984-10-04,1984,10,4,16.083210264889704
Bac Lieu,1984-10-05,1984,10,5,16.91594373055224
Bac Lieu,1984-10-06,1984,10,6,18.42904197419364
Bac Lieu,1984-10-07,1984,10,7,11.152163924199233
Bac Lieu,1984-10-08,1984,10,8,5.764829513081965
Bac Lieu,1984-10-09,1984,10,9,1.5415213558269
Bac Lieu,1984-10-10,1984,10,10,0.590889057267387
Bac Lieu,1984-10-11,1984,10,11,25.883881193484903
Bac Lieu,1984-10-12,1984,10,12,51.12041867468493
Bac Lieu,1984-10-13,1984,10,13,0.963381539056886
Bac Lieu,1984-10-14,1984,10,14,0.1251233804810722
Bac Lieu,1984-10-15,1984,10,15,9.782777949549118
Bac Lieu,1984-10-16,1984,10,16,11.099855203142706
Bac Lieu,1984-10-17,1984,10,17,3.103033274074771
Bac Lieu,1984-10-18,1984,10,18,3.2570559419955853
Bac Lieu,1984-10-19,1984,10,19,2.123964808643989
Bac Lieu,1984-10-20,1984,10,20,11.917744673567
Bac Lieu,1984-10-21,1984,10,21,0.0736135185349662
Bac Lieu,1984-10-22,1984,10,22,0.0088610609162528
Bac Lieu,1984-10-23,1984,10,23,4.88146673371657
Bac Lieu,1984-10-24,1984,10,24,1.5263543122849377
Bac Lieu,1984-10-25,1984,10,25,1.3848095517608354
Bac Lieu,1984-10-26,1984,10,26,24.02902425913541
Bac Lieu,1984-10-27,1984,10,27,9.078237534199124
Bac Lieu,1984-10-28,1984,10,28,0.0
Bac Lieu,1984-10-29,1984,10,29,0.0
Bac Lieu,1984-10-30,1984,10,30,0.4992814539063653
Bac Lieu,1984-10-31,1984,10,31,0.1330434386775179
Bac Lieu,1984-11-01,1984,11,1,9.415052911722436
Bac Lieu,1984-11-02,1984,11,2,18.79027730751038
Bac Lieu,1984-11-03,1984,11,3,1.9628719271893773
Bac Lieu,1984-11-04,1984,11,4,0.0
Bac Lieu,1984-11-05,1984,11,5,0.0
Bac Lieu,1984-11-06,1984,11,6,1.8750525692273987
Bac Lieu,1984-11-07,1984,11,7,1.2244249764568402
Bac Lieu,1984-11-08,1984,11,8,10.029837212004752
Bac Lieu,1984-11-09,1984,11,9,0.0
Bac Lieu,1984-11-10,1984,11,10,2.8968250113073397
Bac Lieu,1984-11-11,1984,11,11,3.8280667138729454
Bac Lieu,1984-11-12,1984,11,12,0.0
Bac Lieu,1984-11-13,1984,11,13,1.7927303738863964
Bac Lieu,1984-11-14,1984,11,14,0.0
Bac Lieu,1984-11-15,1984,11,15,0.0
Bac Lieu,1984-11-16,1984,11,16,0.0
Bac Lieu,1984-11-17,1984,11,17,0.0
Bac Lieu,1984-11-18,1984,11,18,0.0
Bac Lieu,1984-11-19,1984,11,19,0.0
Bac Lieu,1984-11-20,1984,11,20,0.0
Bac Lieu,1984-11-21,1984,11,21,0.0
Bac Lieu,1984-11-22,1984,11,22,0.0
Bac Lieu,1984-11-23,1984,11,23,0.0
Bac Lieu,1984-11-24,1984,11,24,0.0
Bac Lieu,1984-11-25,1984,11,25,0.0
Bac Lieu,1984-11-26,1984,11,26,1.5643109641165105
Bac Lieu,1984-11-27,1984,11,27,6.765446276250876
Bac Lieu,1984-11-28,1984,11,28,43.47769453343806
Bac Lieu,1984-11-29,1984,11,29,0.0
Bac Lieu,1984-11-30,1984,11,30,0.0
Bac Lieu,1984-12-01,1984,12,1,0.0
Bac Lieu,1984-12-02,1984,12,2,0.0
Bac Lieu,1984-12-03,1984,12,3,0.0
Bac Lieu,1984-12-04,1984,12,4,1.5758481328352447
Bac Lieu,1984-12-05,1984,12,5,0.0
Bac Lieu,1984-12-06,1984,12,6,3.819057336042512
Bac Lieu,1984-12-07,1984,12,7,6.245468081303364
Bac Lieu,1984-12-08,1984,12,8,0.6997036087108109
Bac Lieu,1984-12-09,1984,12,9,17.06953399798556
Bac Lieu,1984-12-10,1984,12,10,6.986035717397368
Bac Lieu,1984-12-11,1984,12,11,0.0
Bac Lieu,1984-12-12,1984,12,12,0.0
Bac Lieu,1984-12-13,1984,12,13,0.0
Bac Lieu,1984-12-14,1984,12,14,0.0
Bac Lieu,1984-12-15,1984,12,15,0.1646591834662095
Bac Lieu,1984-12-16,1984,12,16,0.828313150873724
Bac Lieu,1984-12-17,1984,12,17,1.535540517573087
Bac Lieu,1984-12-18,1984,12,18,7.812668649637477
Bac Lieu,1984-12-19,1984,12,19,0.0
Bac Lieu,1984-12-20,1984,12,20,0.0
Bac Lieu,1984-12-21,1984,12,21,0.0186707717787544
Bac Lieu,1984-12-22,1984,12,22,0.0
Bac Lieu,1984-12-23,1984,12,23,0.0
Bac Lieu,1984-12-24,1984,12,24,0.0
Bac Lieu,1984-12-25,1984,12,25,0.0
Bac Lieu,1984-12-26,1984,12,26,0.0
Bac Lieu,1984-12-27,1984,12,27,0.0
Bac Lieu,1984-12-28,1984,12,28,0.1165968147133881
Bac Lieu,1984-12-29,1984,12,29,0.0
Bac Lieu,1984-12-30,1984,12,30,0.3192110838260291
Bac Lieu,1984-12-31,1984,12,31,7.682670203010991
Bac Lieu,1985-01-01,1985,1,1,0.0
Bac Lieu,1985-01-02,1985,1,2,0.0
Bac Lieu,1985-01-03,1985,1,3,4.171157109620437
Bac Lieu,1985-01-04,1985,1,4,0.0
Bac Lieu,1985-01-05,1985,1,5,0.0
Bac Lieu,1985-01-06,1985,1,6,0.0
Bac Lieu,1985-01-07,1985,1,7,0.0
Bac Lieu,1985-01-08,1985,1,8,0.0
Bac Lieu,1985-01-09,1985,1,9,0.0
Bac Lieu,1985-01-10,1985,1,10,0.0
Bac Lieu,1985-01-11,1985,1,11,0.0
Bac Lieu,1985-01-12,1985,1,12,0.0
Bac Lieu,1985-01-13,1985,1,13,0.0
Bac Lieu,1985-01-14,1985,1,14,0.0
Bac Lieu,1985-01-15,1985,1,15,0.0
Bac Lieu,1985-01-16,1985,1,16,0.0
Bac Lieu,1985-01-17,1985,1,17,0.0389025952321178
Bac Lieu,1985-01-18,1985,1,18,0.0193574663198219
Bac Lieu,1985-01-19,1985,1,19,0.0
Bac Lieu,1985-01-20,1985,1,20,0.0
Bac Lieu,1985-01-21,1985,1,21,0.0
Bac Lieu,1985-01-22,1985,1,22,0.0
Bac Lieu,1985-01-23,1985,1,23,0.0
Bac Lieu,1985-01-24,1985,1,24,1.7910768278094955
Bac Lieu,1985-01-25,1985,1,25,0.0
Bac Lieu,1985-01-26,1985,1,26,0.0
Bac Lieu,1985-01-27,1985,1,27,0.0
Bac Lieu,1985-01-28,1985,1,28,0.0
Bac Lieu,1985-01-29,1985,1,29,0.0
Bac Lieu,1985-01-30,1985,1,30,2.1742159765171563
Bac Lieu,1985-01-31,1985,1,31,0.0
Bac Lieu,1985-02-01,1985,2,1,0.0
Bac Lieu,1985-02-02,1985,2,2,0.0
Bac Lieu,1985-02-03,1985,2,3,0.0
Bac Lieu,1985-02-04,1985,2,4,0.0
Bac Lieu,1985-02-05,1985,2,5,0.0
Bac Lieu,1985-02-06,1985,2,6,0.0
Bac Lieu,1985-02-07,1985,2,7,0.0
Bac Lieu,1985-02-08,1985,2,8,0.0
Bac Lieu,1985-02-09,1985,2,9,0.0
Bac Lieu,1985-02-10,1985,2,10,0.0
Bac Lieu,1985-02-11,1985,2,11,0.0
Bac Lieu,1985-02-12,1985,2,12,0.0
Bac Lieu,1985-02-13,1985,2,13,0.001801277592497
Bac Lieu,1985-02-14,1985,2,14,2.9219309999492937
Bac Lieu,1985-02-15,1985,2,15,0.0
Bac Lieu,1985-02-16,1985,2,16,0.0
Bac Lieu,1985-02-17,1985,2,17,0.0
Bac Lieu,1985-02-18,1985,2,18,0.0
Bac Lieu,1985-02-19,1985,2,19,0.0
Bac Lieu,1985-02-20,1985,2,20,0.0
Bac Lieu,1985-02-21,1985,2,21,0.0
Bac Lieu,1985-02-22,1985,2,22,0.0
Bac Lieu,1985-02-23,1985,2,23,0.0
Bac Lieu,1985-02-24,1985,2,24,0.0434639074037659
Bac Lieu,1985-02-25,1985,2,25,0.0
Bac Lieu,1985-02-26,1985,2,26,0.5106330167167592
Bac Lieu,1985-02-27,1985,2,27,0.2721646663872701
Bac Lieu,1985-02-28,1985,2,28,0.6062547801620556
Bac Lieu,1985-03-01,1985,3,1,1.6438955038943386
Bac Lieu,1985-03-02,1985,3,2,0.0
Bac Lieu,1985-03-03,1985,3,3,0.0
Bac Lieu,1985-03-04,1985,3,4,5.133108136518946
Bac Lieu,1985-03-05,1985,3,5,0.0
Bac Lieu,1985-03-06,1985,3,6,1.1645269151543671
Bac Lieu,1985-03-07,1985,3,7,0.4492539346083156
Bac Lieu,1985-03-08,1985,3,8,3.162708088712872
Bac Lieu,1985-03-09,1985,3,9,0.0
Bac Lieu,1985-03-10,1985,3,10,0.0
Bac Lieu,1985-03-11,1985,3,11,0.0
Bac Lieu,1985-03-12,1985,3,12,0.0
Bac Lieu,1985-03-13,1985,3,13,0.0
Bac Lieu,1985-03-14,1985,3,14,0.0
Bac Lieu,1985-03-15,1985,3,15,0.1775020627255709
Bac Lieu,1985-03-16,1985,3,16,0.0
Bac Lieu,1985-03-17,1985,3,17,0.0
Bac Lieu,1985-03-18,1985,3,18,0.0
Bac Lieu,1985-03-19,1985,3,19,0.0
Bac Lieu,1985-03-20,1985,3,20,0.0
Bac Lieu,1985-03-21,1985,3,21,0.0
Bac Lieu,1985-03-22,1985,3,22,0.0
Bac Lieu,1985-03-23,1985,3,23,0.0
Bac Lieu,1985-03-24,1985,3,24,0.0
Bac Lieu,1985-03-25,1985,3,25,0.0
Bac Lieu,1985-03-26,1985,3,26,0.0
Bac Lieu,1985-03-27,1985,3,27,0.0
Bac Lieu,1985-03-28,1985,3,28,5.989466098335555
Bac Lieu,1985-03-29,1985,3,29,0.0
Bac Lieu,1985-03-30,1985,3,30,0.0
Bac Lieu,1985-03-31,1985,3,31,0.0
Bac Lieu,1985-04-01,1985,4,1,0.0
Bac Lieu,1985-04-02,1985,4,2,0.0
Bac Lieu,1985-04-03,1985,4,3,0.0
Bac Lieu,1985-04-04,1985,4,4,0.0
Bac Lieu,1985-04-05,1985,4,5,0.0
Bac Lieu,1985-04-06,1985,4,6,0.0
Bac Lieu,1985-04-07,1985,4,7,0.0
Bac Lieu,1985-04-08,1985,4,8,0.0
Bac Lieu,1985-04-09,1985,4,9,0.0
Bac Lieu,1985-04-10,1985,4,10,0.6806944941484704
Bac Lieu,1985-04-11,1985,4,11,0.0529686771608748
Bac Lieu,1985-04-12,1985,4,12,3.74565589299292
Bac Lieu,1985-04-13,1985,4,13,0.7160148780390903
Bac Lieu,1985-04-14,1985,4,14,0.3602659056861446
Bac Lieu,1985-04-15,1985,4,15,0.0
Bac Lieu,1985-04-16,1985,4,16,0.0192351841116851
Bac Lieu,1985-04-17,1985,4,17,12.044924626260435
Bac Lieu,1985-04-18,1985,4,18,14.86974265400869
Bac Lieu,1985-04-19,1985,4,19,5.615961512691571
Bac Lieu,1985-04-20,1985,4,20,7.497816877922923
Bac Lieu,1985-04-21,1985,4,21,2.125394783991688
Bac Lieu,1985-04-22,1985,4,22,1.4587020744377712
Bac Lieu,1985-04-23,1985,4,23,7.510790685806632
Bac Lieu,1985-04-24,1985,4,24,9.838597999770688
Bac Lieu,1985-04-25,1985,4,25,15.349191142604038
Bac Lieu,1985-04-26,1985,4,26,9.937085401445067
Bac Lieu,1985-04-27,1985,4,27,15.822730583910674
Bac Lieu,1985-04-28,1985,4,28,15.429860490079198
Bac Lieu,1985-04-29,1985,4,29,17.34639550435768
Bac Lieu,1985-04-30,1985,4,30,20.934337638495112
Bac Lieu,1985-05-01,1985,5,1,21.123696099443254
Bac Lieu,1985-05-02,1985,5,2,14.007894990669106
Bac Lieu,1985-05-03,1985,5,3,5.788067097142058
Bac Lieu,1985-05-04,1985,5,4,4.828397503474974
Bac Lieu,1985-05-05,1985,5,5,8.984792458282326
Bac Lieu,1985-05-06,1985,5,6,0.1135794517948942
Bac Lieu,1985-05-07,1985,5,7,8.364363453973015
Bac Lieu,1985-05-08,1985,5,8,17.87807923043449
Bac Lieu,1985-05-09,1985,5,9,1.3828101580277936
Bac Lieu,1985-05-10,1985,5,10,9.746920461762627
Bac Lieu,1985-05-11,1985,5,11,2.3303108467246005
Bac Lieu,1985-05-12,1985,5,12,10.24471125474966
Bac Lieu,1985-05-13,1985,5,13,1.5447314023791618
Bac Lieu,1985-05-14,1985,5,14,8.636085788151005
Bac Lieu,1985-05-15,1985,5,15,3.380211625009213
Bac Lieu,1985-05-16,1985,5,16,15.401373037050355
Bac Lieu,1985-05-17,1985,5,17,32.33891860450889
Bac Lieu,1985-05-18,1985,5,18,0.0
Bac Lieu,1985-05-19,1985,5,19,12.546162022032831
Bac Lieu,1985-05-20,1985,5,20,8.057241590247964
Bac Lieu,1985-05-21,1985,5,21,1.39466555343484
Bac Lieu,1985-05-22,1985,5,22,0.0
Bac Lieu,1985-05-23,1985,5,23,7.711785742813689
Bac Lieu,1985-05-24,1985,5,24,4.667333360366102
Bac Lieu,1985-05-25,1985,5,25,5.678951164641471
Bac Lieu,1985-05-26,1985,5,26,17.445891514292306
Bac Lieu,1985-05-27,1985,5,27,0.6118084983825685
Bac Lieu,1985-05-28,1985,5,28,5.469543066528609
Bac Lieu,1985-05-29,1985,5,29,0.0
Bac Lieu,1985-05-30,1985,5,30,0.0
Bac Lieu,1985-05-31,1985,5,31,19.83549276384318
Bac Lieu,1985-06-01,1985,6,1,0.1764277027418029
Bac Lieu,1985-06-02,1985,6,2,7.815896040286661
Bac Lieu,1985-06-03,1985,6,3,12.2324592731044
Bac Lieu,1985-06-04,1985,6,4,7.68465084174894
Bac Lieu,1985-06-05,1985,6,5,25.33208189748369
Bac Lieu,1985-06-06,1985,6,6,4.538527520953485
Bac Lieu,1985-06-07,1985,6,7,0.0
Bac Lieu,1985-06-08,1985,6,8,0.0
Bac Lieu,1985-06-09,1985,6,9,49.93590705454125
Bac Lieu,1985-06-10,1985,6,10,2.502610876695166
Bac Lieu,1985-06-11,1985,6,11,17.150791213989258
Bac Lieu,1985-06-12,1985,6,12,16.250291167835023
Bac Lieu,1985-06-13,1985,6,13,14.934238893904778
Bac Lieu,1985-06-14,1985,6,14,20.00076500097311
Bac Lieu,1985-06-15,1985,6,15,0.0
Bac Lieu,1985-06-16,1985,6,16,1.3016453114455602
Bac Lieu,1985-06-17,1985,6,17,18.1124141324961
Bac Lieu,1985-06-18,1985,6,18,15.446990465892938
Bac Lieu,1985-06-19,1985,6,19,5.59470803835707
Bac Lieu,1985-06-20,1985,6,20,0.0659675770075816
Bac Lieu,1985-06-21,1985,6,21,0.0052109489260979
Bac Lieu,1985-06-22,1985,6,22,3.7167725544695593
Bac Lieu,1985-06-23,1985,6,23,6.399320543649062
Bac Lieu,1985-06-24,1985,6,24,0.0
Bac Lieu,1985-06-25,1985,6,25,0.0
Bac Lieu,1985-06-26,1985,6,26,4.712348053428363
Bac Lieu,1985-06-27,1985,6,27,2.562337579709179
Bac Lieu,1985-06-28,1985,6,28,0.0
Bac Lieu,1985-06-29,1985,6,29,3.0386008135237788
Bac Lieu,1985-06-30,1985,6,30,0.1316977061685526
Bac Lieu,1985-07-01,1985,7,1,0.0
Bac Lieu,1985-07-02,1985,7,2,1.5421236327549197
Bac Lieu,1985-07-03,1985,7,3,1.7535260933390202
Bac Lieu,1985-07-04,1985,7,4,1.1403007929460058
Bac Lieu,1985-07-05,1985,7,5,5.837778825705906
Bac Lieu,1985-07-06,1985,7,6,8.386654048667765
Bac Lieu,1985-07-07,1985,7,7,36.63040392954845
Bac Lieu,1985-07-08,1985,7,8,5.959868601906975
Bac Lieu,1985-07-09,1985,7,9,1.0769502351149074
Bac Lieu,1985-07-10,1985,7,10,6.050023724214087
Bac Lieu,1985-07-11,1985,7,11,14.329611020897918
Bac Lieu,1985-07-12,1985,7,12,2.6317646041096387
Bac Lieu,1985-07-13,1985,7,13,0.0
Bac Lieu,1985-07-14,1985,7,14,3.012899105323936
Bac Lieu,1985-07-15,1985,7,15,8.276946597621125
Bac Lieu,1985-07-16,1985,7,16,7.631826700912333
Bac Lieu,1985-07-17,1985,7,17,8.593747567860586
Bac Lieu,1985-07-18,1985,7,18,9.87758275153502
Bac Lieu,1985-07-19,1985,7,19,2.6873738996847627
Bac Lieu,1985-07-20,1985,7,20,0.7930176805460228
Bac Lieu,1985-07-21,1985,7,21,7.237561097091099
Bac Lieu,1985-07-22,1985,7,22,2.9928618202119512
Bac Lieu,1985-07-23,1985,7,23,5.617942679999009
Bac Lieu,1985-07-24,1985,7,24,0.1298117962603299
Bac Lieu,1985-07-25,1985,7,25,0.6902881719481271
Bac Lieu,1985-07-26,1985,7,26,21.69422555934258
Bac Lieu,1985-07-27,1985,7,27,7.955957577237545
Bac Lieu,1985-07-28,1985,7,28,8.88520081899751
Bac Lieu,1985-07-29,1985,7,29,0.0
Bac Lieu,1985-07-30,1985,7,30,6.28670560743224
Bac Lieu,1985-07-31,1985,7,31,9.486309565310211
Bac Lieu,1985-08-01,1985,8,1,3.240495757498832
Bac Lieu,1985-08-02,1985,8,2,18.27864127902265
Bac Lieu,1985-08-03,1985,8,3,0.1396988933671195
Bac Lieu,1985-08-04,1985,8,4,7.7632112657798915
Bac Lieu,1985-08-05,1985,8,5,2.46492759098197
Bac Lieu,1985-08-06,1985,8,6,12.960749390530136
Bac Lieu,1985-08-07,1985,8,7,23.82184983203097
Bac Lieu,1985-08-08,1985,8,8,4.7694010137522005
Bac Lieu,1985-08-09,1985,8,9,15.31732609673266
Bac Lieu,1985-08-10,1985,8,10,21.305957940191597
Bac Lieu,1985-08-11,1985,8,11,7.800782440545427
Bac Lieu,1985-08-12,1985,8,12,18.12869756662621
Bac Lieu,1985-08-13,1985,8,13,10.924698037093544
Bac Lieu,1985-08-14,1985,8,14,17.10229746879722
Bac Lieu,1985-08-15,1985,8,15,0.0
Bac Lieu,1985-08-16,1985,8,16,0.0
Bac Lieu,1985-08-17,1985,8,17,3.1392861048140626
Bac Lieu,1985-08-18,1985,8,18,6.558929833088282
Bac Lieu,1985-08-19,1985,8,19,7.121990887012125
Bac Lieu,1985-08-20,1985,8,20,1.999552996797382
Bac Lieu,1985-08-21,1985,8,21,0.0077114332666936
Bac Lieu,1985-08-22,1985,8,22,10.352142755472435
Bac Lieu,1985-08-23,1985,8,23,2.591349600917888
Bac Lieu,1985-08-24,1985,8,24,0.2051004188825499
Bac Lieu,1985-08-25,1985,8,25,13.423654258008275
Bac Lieu,1985-08-26,1985,8,26,0.0
Bac Lieu,1985-08-27,1985,8,27,0.0
Bac Lieu,1985-08-28,1985,8,28,0.0
Bac Lieu,1985-08-29,1985,8,29,0.0
Bac Lieu,1985-08-30,1985,8,30,0.0
Bac Lieu,1985-08-31,1985,8,31,4.662977252330422
Bac Lieu,1985-09-01,1985,9,1,0.0
Bac Lieu,1985-09-02,1985,9,2,16.33334163237518
Bac Lieu,1985-09-03,1985,9,3,17.74642008808424
Bac Lieu,1985-09-04,1985,9,4,12.920066972498628
Bac Lieu,1985-09-05,1985,9,5,29.38222853012805
Bac Lieu,1985-09-06,1985,9,6,18.05207566023773
Bac Lieu,1985-09-07,1985,9,7,9.183080762773193
Bac Lieu,1985-09-08,1985,9,8,13.477137582311094
Bac Lieu,1985-09-09,1985,9,9,16.482248790129177
Bac Lieu,1985-09-10,1985,9,10,8.594474504362864
Bac Lieu,1985-09-11,1985,9,11,0.0
Bac Lieu,1985-09-12,1985,9,12,31.871148396402035
Bac Lieu,1985-09-13,1985,9,13,25.02611752074619
Bac Lieu,1985-09-14,1985,9,14,20.26698888530372
Bac Lieu,1985-09-15,1985,9,15,26.48222876059335
Bac Lieu,1985-09-16,1985,9,16,1.4882351590282512
Bac Lieu,1985-09-17,1985,9,17,11.251125663307478
Bac Lieu,1985-09-18,1985,9,18,2.405547830959536
Bac Lieu,1985-09-19,1985,9,19,0.6636673392889636
Bac Lieu,1985-09-20,1985,9,20,11.010771950289891
Bac Lieu,1985-09-21,1985,9,21,16.51232650209823
Bac Lieu,1985-09-22,1985,9,22,5.2642272538598975
Bac Lieu,1985-09-23,1985,9,23,1.321544356526069
Bac Lieu,1985-09-24,1985,9,24,5.462134844456079
Bac Lieu,1985-09-25,1985,9,25,4.626724586990645
Bac Lieu,1985-09-26,1985,9,26,20.832995699216735
Bac Lieu,1985-09-27,1985,9,27,8.8726146030606
Bac Lieu,1985-09-28,1985,9,28,6.047870970276166
Bac Lieu,1985-09-29,1985,9,29,5.198417745248329
Bac Lieu,1985-09-30,1985,9,30,3.1353730602804237
Bac Lieu,1985-10-01,1985,10,1,6.191796035856571
Bac Lieu,1985-10-02,1985,10,2,9.89348270520624
Bac Lieu,1985-10-03,1985,10,3,22.563417734470008
Bac Lieu,1985-10-04,1985,10,4,25.92536616919176
Bac Lieu,1985-10-05,1985,10,5,3.4792125702264176
Bac Lieu,1985-10-06,1985,10,6,16.6744041050785
Bac Lieu,1985-10-07,1985,10,7,0.8342489900948867
Bac Lieu,1985-10-08,1985,10,8,3.740373968052414
Bac Lieu,1985-10-09,1985,10,9,7.319872388047992
Bac Lieu,1985-10-10,1985,10,10,9.195494832992557
Bac Lieu,1985-10-11,1985,10,11,36.35236988949327
Bac Lieu,1985-10-12,1985,10,12,2.5864448179568886
Bac Lieu,1985-10-13,1985,10,13,3.9127933457392574
Bac Lieu,1985-10-14,1985,10,14,9.165909665341648
Bac Lieu,1985-10-15,1985,10,15,7.139014265978113
Bac Lieu,1985-10-16,1985,10,16,14.08929097100024
Bac Lieu,1985-10-17,1985,10,17,6.89604748650317
Bac Lieu,1985-10-18,1985,10,18,5.485449957091854
Bac Lieu,1985-10-19,1985,10,19,12.313851868467513
Bac Lieu,1985-10-20,1985,10,20,10.519185560082494
Bac Lieu,1985-10-21,1985,10,21,12.901116027616109
Bac Lieu,1985-10-22,1985,10,22,8.181881760345318
Bac Lieu,1985-10-23,1985,10,23,0.0
Bac Lieu,1985-10-24,1985,10,24,0.0
Bac Lieu,1985-10-25,1985,10,25,0.0
Bac Lieu,1985-10-26,1985,10,26,3.0377934037334517
Bac Lieu,1985-10-27,1985,10,27,0.6988480673735997
Bac Lieu,1985-10-28,1985,10,28,5.096436575835607
Bac Lieu,1985-10-29,1985,10,29,0.0142608831513602
Bac Lieu,1985-10-30,1985,10,30,0.556483769182889
Bac Lieu,1985-10-31,1985,10,31,0.0
Bac Lieu,1985-11-01,1985,11,1,11.230249976536015
Bac Lieu,1985-11-02,1985,11,2,0.0669179049257962
Bac Lieu,1985-11-03,1985,11,3,9.665571685845
Bac Lieu,1985-11-04,1985,11,4,2.737016855959623
Bac Lieu,1985-11-05,1985,11,5,0.0
Bac Lieu,1985-11-06,1985,11,6,2.1804382208338327
Bac Lieu,1985-11-07,1985,11,7,11.45432894033756
Bac Lieu,1985-11-08,1985,11,8,0.0
Bac Lieu,1985-11-09,1985,11,9,0.0
Bac Lieu,1985-11-10,1985,11,10,0.0
Bac Lieu,1985-11-11,1985,11,11,0.0
Bac Lieu,1985-11-12,1985,11,12,0.0
Bac Lieu,1985-11-13,1985,11,13,0.0
Bac Lieu,1985-11-14,1985,11,14,15.692833950870444
Bac Lieu,1985-11-15,1985,11,15,0.0220216870217953
Bac Lieu,1985-11-16,1985,11,16,0.677748119372242
Bac Lieu,1985-11-17,1985,11,17,12.985257321105816
Bac Lieu,1985-11-18,1985,11,18,7.766305958963791
Bac Lieu,1985-11-19,1985,11,19,10.040061098944468
Bac Lieu,1985-11-20,1985,11,20,10.580305086207842
Bac Lieu,1985-11-21,1985,11,21,14.55052316620665
Bac Lieu,1985-11-22,1985,11,22,5.344252454595747
Bac Lieu,1985-11-23,1985,11,23,9.075833424568176
Bac Lieu,1985-11-24,1985,11,24,11.63434431763415
Bac Lieu,1985-11-25,1985,11,25,1.2417232012478812
Bac Lieu,1985-11-26,1985,11,26,0.0
Bac Lieu,1985-11-27,1985,11,27,0.0
Bac Lieu,1985-11-28,1985,11,28,0.0314677483180783
Bac Lieu,1985-11-29,1985,11,29,4.797097188517733
Bac Lieu,1985-11-30,1985,11,30,18.71219607594328
Bac Lieu,1985-12-01,1985,12,1,0.0
Bac Lieu,1985-12-02,1985,12,2,0.0
Bac Lieu,1985-12-03,1985,12,3,0.0
Bac Lieu,1985-12-04,1985,12,4,0.3787223649204902
Bac Lieu,1985-12-05,1985,12,5,3.160003710548834
Bac Lieu,1985-12-06,1985,12,6,0.0
Bac Lieu,1985-12-07,1985,12,7,0.240274021724485
Bac Lieu,1985-12-08,1985,12,8,1.6624292363850577
Bac Lieu,1985-12-09,1985,12,9,0.0
Bac Lieu,1985-12-10,1985,12,10,0.0015963876922175
Bac Lieu,1985-12-11,1985,12,11,2.225205276480261
Bac Lieu,1985-12-12,1985,12,12,0.2812061773696036
Bac Lieu,1985-12-13,1985,12,13,0.0
Bac Lieu,1985-12-14,1985,12,14,0.0
Bac Lieu,1985-12-15,1985,12,15,0.0
Bac Lieu,1985-12-16,1985,12,16,0.0
Bac Lieu,1985-12-17,1985,12,17,2.1989466745448567
Bac Lieu,1985-12-18,1985,12,18,0.0
Bac Lieu,1985-12-19,1985,12,19,0.0
Bac Lieu,1985-12-20,1985,12,20,6.761304942823807
Bac Lieu,1985-12-21,1985,12,21,4.352168001534804
Bac Lieu,1985-12-22,1985,12,22,0.0
Bac Lieu,1985-12-23,1985,12,23,0.0
Bac Lieu,1985-12-24,1985,12,24,0.0
Bac Lieu,1985-12-25,1985,12,25,0.0
Bac Lieu,1985-12-26,1985,12,26,0.0
Bac Lieu,1985-12-27,1985,12,27,0.0
Bac Lieu,1985-12-28,1985,12,28,0.0
Bac Lieu,1985-12-29,1985,12,29,0.0
Bac Lieu,1985-12-30,1985,12,30,0.0
Bac Lieu,1985-12-31,1985,12,31,2.259783717101475
Bac Lieu,1986-01-01,1986,1,1,0.0
Bac Lieu,1986-01-02,1986,1,2,0.0
Bac Lieu,1986-01-03,1986,1,3,0.0
Bac Lieu,1986-01-04,1986,1,4,0.0
Bac Lieu,1986-01-05,1986,1,5,0.0
Bac Lieu,1986-01-06,1986,1,6,0.0
Bac Lieu,1986-01-07,1986,1,7,0.0
Bac Lieu,1986-01-08,1986,1,8,0.0
Bac Lieu,1986-01-09,1986,1,9,2.763539744300662
Bac Lieu,1986-01-10,1986,1,10,0.0
Bac Lieu,1986-01-11,1986,1,11,0.0269270445625737
Bac Lieu,1986-01-12,1986,1,12,0.0
Bac Lieu,1986-01-13,1986,1,13,1.1130629110336303
Bac Lieu,1986-01-14,1986,1,14,1.984653152564787
Bac Lieu,1986-01-15,1986,1,15,0.0
Bac Lieu,1986-01-16,1986,1,16,0.1436727699603674
Bac Lieu,1986-01-17,1986,1,17,0.4182875722129391
Bac Lieu,1986-01-18,1986,1,18,0.9293738890998768
Bac Lieu,1986-01-19,1986,1,19,0.754859316596445
Bac Lieu,1986-01-20,1986,1,20,0.0
Bac Lieu,1986-01-21,1986,1,21,0.4691942520231572
Bac Lieu,1986-01-22,1986,1,22,0.0
Bac Lieu,1986-01-23,1986,1,23,0.0
Bac Lieu,1986-01-24,1986,1,24,0.0
Bac Lieu,1986-01-25,1986,1,25,0.0
Bac Lieu,1986-01-26,1986,1,26,0.0
Bac Lieu,1986-01-27,1986,1,27,0.0
Bac Lieu,1986-01-28,1986,1,28,2.55094670422572
Bac Lieu,1986-01-29,1986,1,29,0.0
Bac Lieu,1986-01-30,1986,1,30,0.0
Bac Lieu,1986-01-31,1986,1,31,0.0
Bac Lieu,1986-02-01,1986,2,1,0.0
Bac Lieu,1986-02-02,1986,2,2,0.0
Bac Lieu,1986-02-03,1986,2,3,0.0
Bac Lieu,1986-02-04,1986,2,4,0.0
Bac Lieu,1986-02-05,1986,2,5,0.0
Bac Lieu,1986-02-06,1986,2,6,0.0
Bac Lieu,1986-02-07,1986,2,7,0.0
Bac Lieu,1986-02-08,1986,2,8,0.0
Bac Lieu,1986-02-09,1986,2,9,0.0
Bac Lieu,1986-02-10,1986,2,10,0.0
Bac Lieu,1986-02-11,1986,2,11,0.0
Bac Lieu,1986-02-12,1986,2,12,0.0
Bac Lieu,1986-02-13,1986,2,13,0.0
Bac Lieu,1986-02-14,1986,2,14,0.0
Bac Lieu,1986-02-15,1986,2,15,0.0
Bac Lieu,1986-02-16,1986,2,16,0.0
Bac Lieu,1986-02-17,1986,2,17,0.0
Bac Lieu,1986-02-18,1986,2,18,0.0
Bac Lieu,1986-02-19,1986,2,19,0.0
Bac Lieu,1986-02-20,1986,2,20,0.1108371673754926
Bac Lieu,1986-02-21,1986,2,21,0.0
Bac Lieu,1986-02-22,1986,2,22,0.6629926606844057
Bac Lieu,1986-02-23,1986,2,23,0.0
Bac Lieu,1986-02-24,1986,2,24,0.0
Bac Lieu,1986-02-25,1986,2,25,0.0
Bac Lieu,1986-02-26,1986,2,26,1.6140351568977789
Bac Lieu,1986-02-27,1986,2,27,0.0
Bac Lieu,1986-02-28,1986,2,28,0.0
Bac Lieu,1986-03-01,1986,3,1,0.0
Bac Lieu,1986-03-02,1986,3,2,0.0
Bac Lieu,1986-03-03,1986,3,3,0.0
Bac Lieu,1986-03-04,1986,3,4,0.0
Bac Lieu,1986-03-05,1986,3,5,0.0264132665688136
Bac Lieu,1986-03-06,1986,3,6,0.0
Bac Lieu,1986-03-07,1986,3,7,0.0
Bac Lieu,1986-03-08,1986,3,8,0.0
Bac Lieu,1986-03-09,1986,3,9,0.0
Bac Lieu,1986-03-10,1986,3,10,0.0
Bac Lieu,1986-03-11,1986,3,11,0.0
Bac Lieu,1986-03-12,1986,3,12,0.0
Bac Lieu,1986-03-13,1986,3,13,0.0
Bac Lieu,1986-03-14,1986,3,14,0.0
Bac Lieu,1986-03-15,1986,3,15,0.0
Bac Lieu,1986-03-16,1986,3,16,0.0
Bac Lieu,1986-03-17,1986,3,17,0.0
Bac Lieu,1986-03-18,1986,3,18,2.677925937067788
Bac Lieu,1986-03-19,1986,3,19,0.0
Bac Lieu,1986-03-20,1986,3,20,0.0
Bac Lieu,1986-03-21,1986,3,21,0.0
Bac Lieu,1986-03-22,1986,3,22,0.0
Bac Lieu,1986-03-23,1986,3,23,0.0134509760658696
Bac Lieu,1986-03-24,1986,3,24,0.0
Bac Lieu,1986-03-25,1986,3,25,0.0
Bac Lieu,1986-03-26,1986,3,26,0.0
Bac Lieu,1986-03-27,1986,3,27,0.639527148264759
Bac Lieu,1986-03-28,1986,3,28,0.2315423687898888
Bac Lieu,1986-03-29,1986,3,29,0.0
Bac Lieu,1986-03-30,1986,3,30,0.0
Bac Lieu,1986-03-31,1986,3,31,3.548241733596011
Bac Lieu,1986-04-01,1986,4,1,0.0
Bac Lieu,1986-04-02,1986,4,2,0.0
Bac Lieu,1986-04-03,1986,4,3,0.0
Bac Lieu,1986-04-04,1986,4,4,0.0
Bac Lieu,1986-04-05,1986,4,5,0.0
Bac Lieu,1986-04-06,1986,4,6,0.0
Bac Lieu,1986-04-07,1986,4,7,0.0
Bac Lieu,1986-04-08,1986,4,8,0.5965041795249255
Bac Lieu,1986-04-09,1986,4,9,1.9534837040091453
Bac Lieu,1986-04-10,1986,4,10,2.3298791907508427
Bac Lieu,1986-04-11,1986,4,11,2.3334477120885317
Bac Lieu,1986-04-12,1986,4,12,0.0
Bac Lieu,1986-04-13,1986,4,13,0.0
Bac Lieu,1986-04-14,1986,4,14,0.0
Bac Lieu,1986-04-15,1986,4,15,0.004085237718978
Bac Lieu,1986-04-16,1986,4,16,0.310076665860302
Bac Lieu,1986-04-17,1986,4,17,0.0
Bac Lieu,1986-04-18,1986,4,18,0.0
Bac Lieu,1986-04-19,1986,4,19,3.8589735551870095
Bac Lieu,1986-04-20,1986,4,20,5.627108314136289
Bac Lieu,1986-04-21,1986,4,21,3.899606986981519
Bac Lieu,1986-04-22,1986,4,22,1.8720406117529245
Bac Lieu,1986-04-23,1986,4,23,0.0
Bac Lieu,1986-04-24,1986,4,24,0.0
Bac Lieu,1986-04-25,1986,4,25,0.0
Bac Lieu,1986-04-26,1986,4,26,1.4331070983094991
Bac Lieu,1986-04-27,1986,4,27,0.0
Bac Lieu,1986-04-28,1986,4,28,0.0
Bac Lieu,1986-04-29,1986,4,29,0.0
Bac Lieu,1986-04-30,1986,4,30,0.0
Bac Lieu,1986-05-01,1986,5,1,0.0
Bac Lieu,1986-05-02,1986,5,2,3.772875930363278
Bac Lieu,1986-05-03,1986,5,3,3.0387555024398947
Bac Lieu,1986-05-04,1986,5,4,9.081509828801424
Bac Lieu,1986-05-05,1986,5,5,0.0196514800809464
Bac Lieu,1986-05-06,1986,5,6,0.0
Bac Lieu,1986-05-07,1986,5,7,0.0
Bac Lieu,1986-05-08,1986,5,8,4.827227510902117
Bac Lieu,1986-05-09,1986,5,9,0.0
Bac Lieu,1986-05-10,1986,5,10,34.40019522692123
Bac Lieu,1986-05-11,1986,5,11,8.443923000857518
Bac Lieu,1986-05-12,1986,5,12,7.232952027572778
Bac Lieu,1986-05-13,1986,5,13,10.815615795477385
Bac Lieu,1986-05-14,1986,5,14,0.6157019840096528
Bac Lieu,1986-05-15,1986,5,15,11.160601693531254
Bac Lieu,1986-05-16,1986,5,16,7.409399193691758
Bac Lieu,1986-05-17,1986,5,17,13.881473094112469
Bac Lieu,1986-05-18,1986,5,18,17.281305767167293
Bac Lieu,1986-05-19,1986,5,19,7.111551407634089
Bac Lieu,1986-05-20,1986,5,20,14.665228751344502
Bac Lieu,1986-05-21,1986,5,21,22.541670441357603
Bac Lieu,1986-05-22,1986,5,22,22.960032970068596
Bac Lieu,1986-05-23,1986,5,23,18.21574923716851
Bac Lieu,1986-05-24,1986,5,24,2.001905540628253
Bac Lieu,1986-05-25,1986,5,25,4.650131816630094
Bac Lieu,1986-05-26,1986,5,26,9.895770095861186
Bac Lieu,1986-05-27,1986,5,27,3.361005094798108
Bac Lieu,1986-05-28,1986,5,28,1.39627243587206
Bac Lieu,1986-05-29,1986,5,29,4.787198771638693
Bac Lieu,1986-05-30,1986,5,30,2.00676858227208
Bac Lieu,1986-05-31,1986,5,31,16.337606053892177
Bac Lieu,1986-06-01,1986,6,1,4.743050568022818
Bac Lieu,1986-06-02,1986,6,2,13.557681595208514
Bac Lieu,1986-06-03,1986,6,3,3.0217641859954263
Bac Lieu,1986-06-04,1986,6,4,4.773761497803454
Bac Lieu,1986-06-05,1986,6,5,4.200917550752749
Bac Lieu,1986-06-06,1986,6,6,3.413355749094261
Bac Lieu,1986-06-07,1986,6,7,0.1016359530754809
Bac Lieu,1986-06-08,1986,6,8,0.0
Bac Lieu,1986-06-09,1986,6,9,5.960478291025702
Bac Lieu,1986-06-10,1986,6,10,16.997050463856397
Bac Lieu,1986-06-11,1986,6,11,6.429039615190255
Bac Lieu,1986-06-12,1986,6,12,2.799427179237582
Bac Lieu,1986-06-13,1986,6,13,2.9240043231676216
Bac Lieu,1986-06-14,1986,6,14,2.0585486493920384
Bac Lieu,1986-06-15,1986,6,15,6.088517213596488
Bac Lieu,1986-06-16,1986,6,16,1.519263287274343
Bac Lieu,1986-06-17,1986,6,17,14.775077087132445
Bac Lieu,1986-06-18,1986,6,18,24.85174195120469
Bac Lieu,1986-06-19,1986,6,19,13.67963922763321
Bac Lieu,1986-06-20,1986,6,20,9.84744461781124
Bac Lieu,1986-06-21,1986,6,21,13.72230705709278
Bac Lieu,1986-06-22,1986,6,22,15.170634696150728
Bac Lieu,1986-06-23,1986,6,23,4.111738570231312
Bac Lieu,1986-06-24,1986,6,24,26.102375434299685
Bac Lieu,1986-06-25,1986,6,25,6.954788120161814
Bac Lieu,1986-06-26,1986,6,26,4.694436424723212
Bac Lieu,1986-06-27,1986,6,27,11.134679813286043
Bac Lieu,1986-06-28,1986,6,28,6.8973827024945695
Bac Lieu,1986-06-29,1986,6,29,0.2152881369140913
Bac Lieu,1986-06-30,1986,6,30,0.1283071105165301
Bac Lieu,1986-07-01,1986,7,1,7.809052745027361
Bac Lieu,1986-07-02,1986,7,2,3.745110268682804
Bac Lieu,1986-07-03,1986,7,3,0.3700384548295219
Bac Lieu,1986-07-04,1986,7,4,0.1200448883704419
Bac Lieu,1986-07-05,1986,7,5,3.498815429597531
Bac Lieu,1986-07-06,1986,7,6,0.0
Bac Lieu,1986-07-07,1986,7,7,5.556652195219725
Bac Lieu,1986-07-08,1986,7,8,3.743413588253957
Bac Lieu,1986-07-09,1986,7,9,6.725037100126159
Bac Lieu,1986-07-10,1986,7,10,6.230689746379853
Bac Lieu,1986-07-11,1986,7,11,11.898855513806616
Bac Lieu,1986-07-12,1986,7,12,9.209161228413857
Bac Lieu,1986-07-13,1986,7,13,10.26930798889556
Bac Lieu,1986-07-14,1986,7,14,10.600862621109444
Bac Lieu,1986-07-15,1986,7,15,22.48661581003441
Bac Lieu,1986-07-16,1986,7,16,1.553310362060115
Bac Lieu,1986-07-17,1986,7,17,6.226521597988202
Bac Lieu,1986-07-18,1986,7,18,23.03124562043964
Bac Lieu,1986-07-19,1986,7,19,3.75310540447595
Bac Lieu,1986-07-20,1986,7,20,22.591758853480503
Bac Lieu,1986-07-21,1986,7,21,0.4197888229478081
Bac Lieu,1986-07-22,1986,7,22,11.198311622889536
Bac Lieu,1986-07-23,1986,7,23,4.286855133776395
Bac Lieu,1986-07-24,1986,7,24,4.164588710137134
Bac Lieu,1986-07-25,1986,7,25,9.101213267002466
Bac Lieu,1986-07-26,1986,7,26,5.666494526791124
Bac Lieu,1986-07-27,1986,7,27,0.5115848230505889
Bac Lieu,1986-07-28,1986,7,28,1.9496549727421888
Bac Lieu,1986-07-29,1986,7,29,5.361297429102773
Bac Lieu,1986-07-30,1986,7,30,4.7258754305209765
Bac Lieu,1986-07-31,1986,7,31,8.084997190565433
Bac Lieu,1986-08-01,1986,8,1,0.0128221176255424
Bac Lieu,1986-08-02,1986,8,2,12.074739052250704
Bac Lieu,1986-08-03,1986,8,3,21.334633480593848
Bac Lieu,1986-08-04,1986,8,4,15.734898906167953
Bac Lieu,1986-08-05,1986,8,5,7.280434441818382
Bac Lieu,1986-08-06,1986,8,6,25.102101837266165
Bac Lieu,1986-08-07,1986,8,7,9.85543005110183
Bac Lieu,1986-08-08,1986,8,8,9.068148798519712
Bac Lieu,1986-08-09,1986,8,9,6.60027822746421
Bac Lieu,1986-08-10,1986,8,10,14.595778614566012
Bac Lieu,1986-08-11,1986,8,11,35.794220543483526
Bac Lieu,1986-08-12,1986,8,12,22.27335274768326
Bac Lieu,1986-08-13,1986,8,13,10.504961263854549
Bac Lieu,1986-08-14,1986,8,14,17.724358943903223
Bac Lieu,1986-08-15,1986,8,15,23.583170692335887
Bac Lieu,1986-08-16,1986,8,16,20.206043049470438
Bac Lieu,1986-08-17,1986,8,17,16.594926119966328
Bac Lieu,1986-08-18,1986,8,18,20.625807917001115
Bac Lieu,1986-08-19,1986,8,19,20.61171903908928
Bac Lieu,1986-08-20,1986,8,20,3.033907126264753
Bac Lieu,1986-08-21,1986,8,21,7.275815184881104
Bac Lieu,1986-08-22,1986,8,22,20.19053113505526
Bac Lieu,1986-08-23,1986,8,23,2.730929786340246
Bac Lieu,1986-08-24,1986,8,24,0.0
Bac Lieu,1986-08-25,1986,8,25,25.022220151613343
Bac Lieu,1986-08-26,1986,8,26,4.815540709099681
Bac Lieu,1986-08-27,1986,8,27,4.775131007680354
Bac Lieu,1986-08-28,1986,8,28,0.984415173890456
Bac Lieu,1986-08-29,1986,8,29,9.722056030633317
Bac Lieu,1986-08-30,1986,8,30,0.5335913463268641
Bac Lieu,1986-08-31,1986,8,31,3.66938742831968
Bac Lieu,1986-09-01,1986,9,1,2.9620710092760483
Bac Lieu,1986-09-02,1986,9,2,8.467003239361745
Bac Lieu,1986-09-03,1986,9,3,15.073802733079448
Bac Lieu,1986-09-04,1986,9,4,34.98122799545865
Bac Lieu,1986-09-05,1986,9,5,26.571338435694862
Bac Lieu,1986-09-06,1986,9,6,26.367593323041813
Bac Lieu,1986-09-07,1986,9,7,10.850438836331636
Bac Lieu,1986-09-08,1986,9,8,26.587269986134658
Bac Lieu,1986-09-09,1986,9,9,28.507616797465207
Bac Lieu,1986-09-10,1986,9,10,6.1971024743206105
Bac Lieu,1986-09-11,1986,9,11,0.8465515011121645
Bac Lieu,1986-09-12,1986,9,12,6.184901674162668
Bac Lieu,1986-09-13,1986,9,13,9.473839758027276
Bac Lieu,1986-09-14,1986,9,14,1.6082020729712725
Bac Lieu,1986-09-15,1986,9,15,4.565953259989901
Bac Lieu,1986-09-16,1986,9,16,4.817726694017087
Bac Lieu,1986-09-17,1986,9,17,7.585695043581838
Bac Lieu,1986-09-18,1986,9,18,4.2711248471242085
Bac Lieu,1986-09-19,1986,9,19,6.920492715889554
Bac Lieu,1986-09-20,1986,9,20,7.665390618738141
Bac Lieu,1986-09-21,1986,9,21,24.47076593197517
Bac Lieu,1986-09-22,1986,9,22,23.14892626125408
Bac Lieu,1986-09-23,1986,9,23,20.085451534559144
Bac Lieu,1986-09-24,1986,9,24,18.77935481658072
Bac Lieu,1986-09-25,1986,9,25,11.482029678452694
Bac Lieu,1986-09-26,1986,9,26,3.459878836811713
Bac Lieu,1986-09-27,1986,9,27,2.6343433520658963
Bac Lieu,1986-09-28,1986,9,28,9.066468042787518
Bac Lieu,1986-09-29,1986,9,29,10.974655286285117
Bac Lieu,1986-09-30,1986,9,30,9.086174877220731
Bac Lieu,1986-10-01,1986,10,1,10.438553078993312
Bac Lieu,1986-10-02,1986,10,2,8.397066910977635
Bac Lieu,1986-10-03,1986,10,3,21.459677596740008
Bac Lieu,1986-10-04,1986,10,4,29.77293308653921
Bac Lieu,1986-10-05,1986,10,5,23.10077689066473
Bac Lieu,1986-10-06,1986,10,6,4.665652714783291
Bac Lieu,1986-10-07,1986,10,7,8.540740089704405
Bac Lieu,1986-10-08,1986,10,8,0.349061310822109
Bac Lieu,1986-10-09,1986,10,9,0.0084448014385295
Bac Lieu,1986-10-10,1986,10,10,7.995930262691574
Bac Lieu,1986-10-11,1986,10,11,0.8006033723399325
Bac Lieu,1986-10-12,1986,10,12,0.2220325786302674
Bac Lieu,1986-10-13,1986,10,13,1.7227691822951698
Bac Lieu,1986-10-14,1986,10,14,3.4045520271805096
Bac Lieu,1986-10-15,1986,10,15,6.223268787959837
Bac Lieu,1986-10-16,1986,10,16,9.39866119237216
Bac Lieu,1986-10-17,1986,10,17,25.432500460930594
Bac Lieu,1986-10-18,1986,10,18,8.951651204810952
Bac Lieu,1986-10-19,1986,10,19,11.168276036460444
Bac Lieu,1986-10-20,1986,10,20,0.8257833669410563
Bac Lieu,1986-10-21,1986,10,21,0.7955931510025602
Bac Lieu,1986-10-22,1986,10,22,15.2040729979749
Bac Lieu,1986-10-23,1986,10,23,8.740589286192408
Bac Lieu,1986-10-24,1986,10,24,6.88780232791181
Bac Lieu,1986-10-25,1986,10,25,1.158749687716646
Bac Lieu,1986-10-26,1986,10,26,18.295741062740117
Bac Lieu,1986-10-27,1986,10,27,8.263865927030457
Bac Lieu,1986-10-28,1986,10,28,4.106542603312799
Bac Lieu,1986-10-29,1986,10,29,5.031895087727961
Bac Lieu,1986-10-30,1986,10,30,2.6296883171549386
Bac Lieu,1986-10-31,1986,10,31,8.105670841235037
Bac Lieu,1986-11-01,1986,11,1,19.000497832928065
Bac Lieu,1986-11-02,1986,11,2,4.573784528660325
Bac Lieu,1986-11-03,1986,11,3,0.0516721194915051
Bac Lieu,1986-11-04,1986,11,4,0.0580707144827212
Bac Lieu,1986-11-05,1986,11,5,6.116272132738582
Bac Lieu,1986-11-06,1986,11,6,0.0500185589340497
Bac Lieu,1986-11-07,1986,11,7,0.2951117557849524
Bac Lieu,1986-11-08,1986,11,8,2.020390702859411
Bac Lieu,1986-11-09,1986,11,9,0.0094952946069105
Bac Lieu,1986-11-10,1986,11,10,2.4514815649536423
Bac Lieu,1986-11-11,1986,11,11,2.431450933960249
Bac Lieu,1986-11-12,1986,11,12,0.0114647015985452
Bac Lieu,1986-11-13,1986,11,13,3.1861461858569453
Bac Lieu,1986-11-14,1986,11,14,16.73367281203
Bac Lieu,1986-11-15,1986,11,15,0.2839884022226873
Bac Lieu,1986-11-16,1986,11,16,9.970637097358704
Bac Lieu,1986-11-17,1986,11,17,9.07998581006392
Bac Lieu,1986-11-18,1986,11,18,5.758198440065925
Bac Lieu,1986-11-19,1986,11,19,1.600080482662849
Bac Lieu,1986-11-20,1986,11,20,0.0
Bac Lieu,1986-11-21,1986,11,21,0.0
Bac Lieu,1986-11-22,1986,11,22,0.0
Bac Lieu,1986-11-23,1986,11,23,0.0
Bac Lieu,1986-11-24,1986,11,24,9.180011971797583
Bac Lieu,1986-11-25,1986,11,25,0.0
Bac Lieu,1986-11-26,1986,11,26,1.769797466235341
Bac Lieu,1986-11-27,1986,11,27,2.227789540727184
Bac Lieu,1986-11-28,1986,11,28,1.7658470272792963
Bac Lieu,1986-11-29,1986,11,29,0.6056982303992757
Bac Lieu,1986-11-30,1986,11,30,0.0
Bac Lieu,1986-12-01,1986,12,1,3.7183058796828656
Bac Lieu,1986-12-02,1986,12,2,0.0
Bac Lieu,1986-12-03,1986,12,3,0.0
Bac Lieu,1986-12-04,1986,12,4,11.096263640349768
Bac Lieu,1986-12-05,1986,12,5,0.0
Bac Lieu,1986-12-06,1986,12,6,0.0
Bac Lieu,1986-12-07,1986,12,7,0.0
Bac Lieu,1986-12-08,1986,12,8,0.2793233256969812
Bac Lieu,1986-12-09,1986,12,9,0.0
Bac Lieu,1986-12-10,1986,12,10,0.0
Bac Lieu,1986-12-11,1986,12,11,0.0
Bac Lieu,1986-12-12,1986,12,12,0.0
Bac Lieu,1986-12-13,1986,12,13,0.0
Bac Lieu,1986-12-14,1986,12,14,0.0
Bac Lieu,1986-12-15,1986,12,15,0.2710243753217301
Bac Lieu,1986-12-16,1986,12,16,3.8493201505193166
Bac Lieu,1986-12-17,1986,12,17,0.0
Bac Lieu,1986-12-18,1986,12,18,0.0
Bac Lieu,1986-12-19,1986,12,19,0.0
Bac Lieu,1986-12-20,1986,12,20,0.0
Bac Lieu,1986-12-21,1986,12,21,0.0
Bac Lieu,1986-12-22,1986,12,22,0.0
Bac Lieu,1986-12-23,1986,12,23,0.0
Bac Lieu,1986-12-24,1986,12,24,0.0
Bac Lieu,1986-12-25,1986,12,25,0.0
Bac Lieu,1986-12-26,1986,12,26,4.405300813800885
Bac Lieu,1986-12-27,1986,12,27,0.0
Bac Lieu,1986-12-28,1986,12,28,0.0
Bac Lieu,1986-12-29,1986,12,29,0.0
Bac Lieu,1986-12-30,1986,12,30,0.0
Bac Lieu,1986-12-31,1986,12,31,1.0282580515123765
Bac Lieu,1987-01-01,1987,1,1,0.2600258626398051
Bac Lieu,1987-01-02,1987,1,2,0.0
Bac Lieu,1987-01-03,1987,1,3,0.0
Bac Lieu,1987-01-04,1987,1,4,0.0
Bac Lieu,1987-01-05,1987,1,5,0.0
Bac Lieu,1987-01-06,1987,1,6,0.0
Bac Lieu,1987-01-07,1987,1,7,0.0254160371816383
Bac Lieu,1987-01-08,1987,1,8,2.874386443084141
Bac Lieu,1987-01-09,1987,1,9,0.0
Bac Lieu,1987-01-10,1987,1,10,0.0
Bac Lieu,1987-01-11,1987,1,11,0.1944173230225185
Bac Lieu,1987-01-12,1987,1,12,0.3290083132240007
Bac Lieu,1987-01-13,1987,1,13,0.0
Bac Lieu,1987-01-14,1987,1,14,0.0
Bac Lieu,1987-01-15,1987,1,15,0.0
Bac Lieu,1987-01-16,1987,1,16,0.1964364489969218
Bac Lieu,1987-01-17,1987,1,17,0.0
Bac Lieu,1987-01-18,1987,1,18,0.0
Bac Lieu,1987-01-19,1987,1,19,0.7737414237688174
Bac Lieu,1987-01-20,1987,1,20,0.0
Bac Lieu,1987-01-21,1987,1,21,0.0
Bac Lieu,1987-01-22,1987,1,22,0.0
Bac Lieu,1987-01-23,1987,1,23,0.0
Bac Lieu,1987-01-24,1987,1,24,0.6402507463941036
Bac Lieu,1987-01-25,1987,1,25,0.2648478171420547
Bac Lieu,1987-01-26,1987,1,26,0.0
Bac Lieu,1987-01-27,1987,1,27,0.5626901631265318
Bac Lieu,1987-01-28,1987,1,28,0.0
Bac Lieu,1987-01-29,1987,1,29,0.0
Bac Lieu,1987-01-30,1987,1,30,0.0
Bac Lieu,1987-01-31,1987,1,31,0.0
Bac Lieu,1987-02-01,1987,2,1,0.0
Bac Lieu,1987-02-02,1987,2,2,0.0
Bac Lieu,1987-02-03,1987,2,3,0.0
Bac Lieu,1987-02-04,1987,2,4,0.0
Bac Lieu,1987-02-05,1987,2,5,0.0
Bac Lieu,1987-02-06,1987,2,6,0.0
Bac Lieu,1987-02-07,1987,2,7,0.0
Bac Lieu,1987-02-08,1987,2,8,0.0
Bac Lieu,1987-02-09,1987,2,9,0.0
Bac Lieu,1987-02-10,1987,2,10,0.0
Bac Lieu,1987-02-11,1987,2,11,0.0
Bac Lieu,1987-02-12,1987,2,12,0.0
Bac Lieu,1987-02-13,1987,2,13,0.0
Bac Lieu,1987-02-14,1987,2,14,0.0
Bac Lieu,1987-02-15,1987,2,15,0.0
Bac Lieu,1987-02-16,1987,2,16,0.0033030652460062
Bac Lieu,1987-02-17,1987,2,17,0.0
Bac Lieu,1987-02-18,1987,2,18,0.0
Bac Lieu,1987-02-19,1987,2,19,0.0
Bac Lieu,1987-02-20,1987,2,20,0.0
Bac Lieu,1987-02-21,1987,2,21,0.0
Bac Lieu,1987-02-22,1987,2,22,0.0
Bac Lieu,1987-02-23,1987,2,23,0.0
Bac Lieu,1987-02-24,1987,2,24,0.0
Bac Lieu,1987-02-25,1987,2,25,0.0
Bac Lieu,1987-02-26,1987,2,26,0.6392921416264662
Bac Lieu,1987-02-27,1987,2,27,0.5538992575069644
Bac Lieu,1987-02-28,1987,2,28,0.0044499367408032
Bac Lieu,1987-03-01,1987,3,1,0.0
Bac Lieu,1987-03-02,1987,3,2,0.0
Bac Lieu,1987-03-03,1987,3,3,0.0
Bac Lieu,1987-03-04,1987,3,4,0.0
Bac Lieu,1987-03-05,1987,3,5,0.0
Bac Lieu,1987-03-06,1987,3,6,0.0
Bac Lieu,1987-03-07,1987,3,7,0.0
Bac Lieu,1987-03-08,1987,3,8,0.0
Bac Lieu,1987-03-09,1987,3,9,0.0
Bac Lieu,1987-03-10,1987,3,10,0.0
Bac Lieu,1987-03-11,1987,3,11,0.0
Bac Lieu,1987-03-12,1987,3,12,0.0
Bac Lieu,1987-03-13,1987,3,13,0.0
Bac Lieu,1987-03-14,1987,3,14,0.0
Bac Lieu,1987-03-15,1987,3,15,0.0
Bac Lieu,1987-03-16,1987,3,16,3.339262613656386
Bac Lieu,1987-03-17,1987,3,17,0.0
Bac Lieu,1987-03-18,1987,3,18,1.6792540184056983
Bac Lieu,1987-03-19,1987,3,19,4.595996179733636
Bac Lieu,1987-03-20,1987,3,20,6.255361832582727
Bac Lieu,1987-03-21,1987,3,21,0.0
Bac Lieu,1987-03-22,1987,3,22,0.0
Bac Lieu,1987-03-23,1987,3,23,0.0
Bac Lieu,1987-03-24,1987,3,24,0.0
Bac Lieu,1987-03-25,1987,3,25,0.0
Bac Lieu,1987-03-26,1987,3,26,0.0
Bac Lieu,1987-03-27,1987,3,27,0.0
Bac Lieu,1987-03-28,1987,3,28,0.0
Bac Lieu,1987-03-29,1987,3,29,0.0
Bac Lieu,1987-03-30,1987,3,30,0.0
Bac Lieu,1987-03-31,1987,3,31,0.0
Bac Lieu,1987-04-01,1987,4,1,0.0
Bac Lieu,1987-04-02,1987,4,2,0.0
Bac Lieu,1987-04-03,1987,4,3,0.2163909996140678
Bac Lieu,1987-04-04,1987,4,4,0.0
Bac Lieu,1987-04-05,1987,4,5,0.0
Bac Lieu,1987-04-06,1987,4,6,0.0
Bac Lieu,1987-04-07,1987,4,7,0.8110622051436948
Bac Lieu,1987-04-08,1987,4,8,1.6654687044305625
Bac Lieu,1987-04-09,1987,4,9,1.6905111456097297
Bac Lieu,1987-04-10,1987,4,10,0.7906602179779199
Bac Lieu,1987-04-11,1987,4,11,0.9142372865137064
Bac Lieu,1987-04-12,1987,4,12,0.5473988605355318
Bac Lieu,1987-04-13,1987,4,13,0.5276719568180589
Bac Lieu,1987-04-14,1987,4,14,0.1233993947910812
Bac Lieu,1987-04-15,1987,4,15,0.0
Bac Lieu,1987-04-16,1987,4,16,0.0
Bac Lieu,1987-04-17,1987,4,17,0.0
Bac Lieu,1987-04-18,1987,4,18,0.0
Bac Lieu,1987-04-19,1987,4,19,0.0
Bac Lieu,1987-04-20,1987,4,20,0.0
Bac Lieu,1987-04-21,1987,4,21,0.0
Bac Lieu,1987-04-22,1987,4,22,0.0
Bac Lieu,1987-04-23,1987,4,23,0.0
Bac Lieu,1987-04-24,1987,4,24,0.4515055306092748
Bac Lieu,1987-04-25,1987,4,25,6.944192859982546
Bac Lieu,1987-04-26,1987,4,26,0.0
Bac Lieu,1987-04-27,1987,4,27,1.943588291582072
Bac Lieu,1987-04-28,1987,4,28,0.0
Bac Lieu,1987-04-29,1987,4,29,0.0
Bac Lieu,1987-04-30,1987,4,30,0.0
Bac Lieu,1987-05-01,1987,5,1,0.0
Bac Lieu,1987-05-02,1987,5,2,1.6260981693537733
Bac Lieu,1987-05-03,1987,5,3,2.2018204483716
Bac Lieu,1987-05-04,1987,5,4,1.8581152291387883
Bac Lieu,1987-05-05,1987,5,5,0.0546805933376528
Bac Lieu,1987-05-06,1987,5,6,0.8479448625366647
Bac Lieu,1987-05-07,1987,5,7,7.380680492014257
Bac Lieu,1987-05-08,1987,5,8,5.745677996581456
Bac Lieu,1987-05-09,1987,5,9,7.709797279411891
Bac Lieu,1987-05-10,1987,5,10,0.8752746202180971
Bac Lieu,1987-05-11,1987,5,11,4.322577864206062
Bac Lieu,1987-05-12,1987,5,12,0.0
Bac Lieu,1987-05-13,1987,5,13,0.0
Bac Lieu,1987-05-14,1987,5,14,2.228627847365613
Bac Lieu,1987-05-15,1987,5,15,0.646605118247698
Bac Lieu,1987-05-16,1987,5,16,2.0204185493982068
Bac Lieu,1987-05-17,1987,5,17,5.022930377402395
Bac Lieu,1987-05-18,1987,5,18,5.416839910642156
Bac Lieu,1987-05-19,1987,5,19,3.974516990733597
Bac Lieu,1987-05-20,1987,5,20,2.101721793638086
Bac Lieu,1987-05-21,1987,5,21,4.790151358820357
Bac Lieu,1987-05-22,1987,5,22,0.92221218424923
Bac Lieu,1987-05-23,1987,5,23,0.0
Bac Lieu,1987-05-24,1987,5,24,0.8922343577888777
Bac Lieu,1987-05-25,1987,5,25,0.8192156176567077
Bac Lieu,1987-05-26,1987,5,26,0.5656083353420474
Bac Lieu,1987-05-27,1987,5,27,1.5813993516238232
Bac Lieu,1987-05-28,1987,5,28,0.6009832340546375
Bac Lieu,1987-05-29,1987,5,29,8.286247698585944
Bac Lieu,1987-05-30,1987,5,30,3.8554600916268695
Bac Lieu,1987-05-31,1987,5,31,0.0984106355793071
Bac Lieu,1987-06-01,1987,6,1,7.855279650913095
Bac Lieu,1987-06-02,1987,6,2,1.367038109923309
Bac Lieu,1987-06-03,1987,6,3,6.4336048050736485
Bac Lieu,1987-06-04,1987,6,4,6.6409807547983135
Bac Lieu,1987-06-05,1987,6,5,2.7590478229882587
Bac Lieu,1987-06-06,1987,6,6,22.723522972916665
Bac Lieu,1987-06-07,1987,6,7,22.46161011900992
Bac Lieu,1987-06-08,1987,6,8,15.891053059290044
Bac Lieu,1987-06-09,1987,6,9,9.445157249954514
Bac Lieu,1987-06-10,1987,6,10,16.10424923430749
Bac Lieu,1987-06-11,1987,6,11,20.3032733572834
Bac Lieu,1987-06-12,1987,6,12,15.98921754196455
Bac Lieu,1987-06-13,1987,6,13,11.280534594355892
Bac Lieu,1987-06-14,1987,6,14,26.222552595174545
Bac Lieu,1987-06-15,1987,6,15,44.893308543223256
Bac Lieu,1987-06-16,1987,6,16,7.008135500943888
Bac Lieu,1987-06-17,1987,6,17,24.06814264077961
Bac Lieu,1987-06-18,1987,6,18,2.649999604710993
Bac Lieu,1987-06-19,1987,6,19,16.144996347643293
Bac Lieu,1987-06-20,1987,6,20,30.472214882976605
Bac Lieu,1987-06-21,1987,6,21,12.297874486023526
Bac Lieu,1987-06-22,1987,6,22,0.0
Bac Lieu,1987-06-23,1987,6,23,0.0
Bac Lieu,1987-06-24,1987,6,24,0.4462859327208321
Bac Lieu,1987-06-25,1987,6,25,11.911787918486684
Bac Lieu,1987-06-26,1987,6,26,1.678403729279086
Bac Lieu,1987-06-27,1987,6,27,6.075881440405578
Bac Lieu,1987-06-28,1987,6,28,4.832698820779908
Bac Lieu,1987-06-29,1987,6,29,2.521504956690771
Bac Lieu,1987-06-30,1987,6,30,1.8666842149383625
Bac Lieu,1987-07-01,1987,7,1,9.380255279487034
Bac Lieu,1987-07-02,1987,7,2,24.462600874810857
Bac Lieu,1987-07-03,1987,7,3,27.25326164029679
Bac Lieu,1987-07-04,1987,7,4,23.328546281382728
Bac Lieu,1987-07-05,1987,7,5,3.459101796726011
Bac Lieu,1987-07-06,1987,7,6,2.9600361853275663
Bac Lieu,1987-07-07,1987,7,7,0.0
Bac Lieu,1987-07-08,1987,7,8,5.862499008151722
Bac Lieu,1987-07-09,1987,7,9,8.435164687831449
Bac Lieu,1987-07-10,1987,7,10,0.0
Bac Lieu,1987-07-11,1987,7,11,2.1906801295640337
Bac Lieu,1987-07-12,1987,7,12,0.1596030098177352
Bac Lieu,1987-07-13,1987,7,13,0.4059921799425809
Bac Lieu,1987-07-14,1987,7,14,9.933944479042632
Bac Lieu,1987-07-15,1987,7,15,0.0
Bac Lieu,1987-07-16,1987,7,16,7.970866515699424
Bac Lieu,1987-07-17,1987,7,17,15.199067325520067
Bac Lieu,1987-07-18,1987,7,18,6.429097977080437
Bac Lieu,1987-07-19,1987,7,19,12.021888291952749
Bac Lieu,1987-07-20,1987,7,20,11.754247941736908
Bac Lieu,1987-07-21,1987,7,21,4.94777411735283
Bac Lieu,1987-07-22,1987,7,22,3.830042895524007
Bac Lieu,1987-07-23,1987,7,23,3.467741082083504
Bac Lieu,1987-07-24,1987,7,24,4.778517307623378
Bac Lieu,1987-07-25,1987,7,25,2.20244872918219
Bac Lieu,1987-07-26,1987,7,26,1.0885391393337611
Bac Lieu,1987-07-27,1987,7,27,0.7261526834200014
Bac Lieu,1987-07-28,1987,7,28,6.342463045804007
Bac Lieu,1987-07-29,1987,7,29,3.6099981591746495
Bac Lieu,1987-07-30,1987,7,30,5.68614789162042
Bac Lieu,1987-07-31,1987,7,31,5.885069667546255
Bac Lieu,1987-08-01,1987,8,1,6.520473567404839
Bac Lieu,1987-08-02,1987,8,2,8.14730191638335
Bac Lieu,1987-08-03,1987,8,3,9.598025678130815
Bac Lieu,1987-08-04,1987,8,4,1.9947193605135072
Bac Lieu,1987-08-05,1987,8,5,2.1936382962622734
Bac Lieu,1987-08-06,1987,8,6,0.1852088625566014
Bac Lieu,1987-08-07,1987,8,7,6.608382859463964
Bac Lieu,1987-08-08,1987,8,8,9.189098700991217
Bac Lieu,1987-08-09,1987,8,9,10.967708941495646
Bac Lieu,1987-08-10,1987,8,10,11.155979407490426
Bac Lieu,1987-08-11,1987,8,11,6.737932218155772
Bac Lieu,1987-08-12,1987,8,12,8.016930943219167
Bac Lieu,1987-08-13,1987,8,13,4.208443054990949
Bac Lieu,1987-08-14,1987,8,14,28.419573184427232
Bac Lieu,1987-08-15,1987,8,15,25.52493128179154
Bac Lieu,1987-08-16,1987,8,16,18.66024306653581
Bac Lieu,1987-08-17,1987,8,17,12.243016325716702
Bac Lieu,1987-08-18,1987,8,18,0.0
Bac Lieu,1987-08-19,1987,8,19,6.475969158010663
Bac Lieu,1987-08-20,1987,8,20,24.635574679824547
Bac Lieu,1987-08-21,1987,8,21,40.23880397530322
Bac Lieu,1987-08-22,1987,8,22,38.511292126925504
Bac Lieu,1987-08-23,1987,8,23,54.994637328381806
Bac Lieu,1987-08-24,1987,8,24,4.714993713126993
Bac Lieu,1987-08-25,1987,8,25,8.776525872428463
Bac Lieu,1987-08-26,1987,8,26,1.484784980989852
Bac Lieu,1987-08-27,1987,8,27,4.2293263370945775
Bac Lieu,1987-08-28,1987,8,28,0.0
Bac Lieu,1987-08-29,1987,8,29,0.0
Bac Lieu,1987-08-30,1987,8,30,1.8953191975647552
Bac Lieu,1987-08-31,1987,8,31,0.9053394689739878
Bac Lieu,1987-09-01,1987,9,1,7.379816625055278
Bac Lieu,1987-09-02,1987,9,2,7.354643045785292
Bac Lieu,1987-09-03,1987,9,3,8.890515116439678
Bac Lieu,1987-09-04,1987,9,4,40.16970699015204
Bac Lieu,1987-09-05,1987,9,5,40.70513939328463
Bac Lieu,1987-09-06,1987,9,6,21.992671853317404
Bac Lieu,1987-09-07,1987,9,7,0.0
Bac Lieu,1987-09-08,1987,9,8,3.3313671439728654
Bac Lieu,1987-09-09,1987,9,9,12.298003862632896
Bac Lieu,1987-09-10,1987,9,10,20.252211751182124
Bac Lieu,1987-09-11,1987,9,11,45.81081316987523
Bac Lieu,1987-09-12,1987,9,12,4.695125949643693
Bac Lieu,1987-09-13,1987,9,13,1.2267743981199446
Bac Lieu,1987-09-14,1987,9,14,1.6780796115803271
Bac Lieu,1987-09-15,1987,9,15,29.74937164763685
Bac Lieu,1987-09-16,1987,9,16,14.39357680162394
Bac Lieu,1987-09-17,1987,9,17,6.175811647541117
Bac Lieu,1987-09-18,1987,9,18,0.0
Bac Lieu,1987-09-19,1987,9,19,4.074791885142057
Bac Lieu,1987-09-20,1987,9,20,9.061693792145208
Bac Lieu,1987-09-21,1987,9,21,1.924152467169852
Bac Lieu,1987-09-22,1987,9,22,1.755710254885116
Bac Lieu,1987-09-23,1987,9,23,2.5620880376797808
Bac Lieu,1987-09-24,1987,9,24,6.009810769288047
Bac Lieu,1987-09-25,1987,9,25,4.928389805334921
Bac Lieu,1987-09-26,1987,9,26,4.259124554058291
Bac Lieu,1987-09-27,1987,9,27,31.38280565780064
Bac Lieu,1987-09-28,1987,9,28,10.735805198561472
Bac Lieu,1987-09-29,1987,9,29,5.400937778436914
Bac Lieu,1987-09-30,1987,9,30,4.524488592075852
Bac Lieu,1987-10-01,1987,10,1,9.69490252662155
Bac Lieu,1987-10-02,1987,10,2,9.73709402766318
Bac Lieu,1987-10-03,1987,10,3,2.0582461277583866
Bac Lieu,1987-10-04,1987,10,4,16.868100368067903
Bac Lieu,1987-10-05,1987,10,5,12.351053639969738
Bac Lieu,1987-10-06,1987,10,6,3.5146066351656646
Bac Lieu,1987-10-07,1987,10,7,6.570469048895927
Bac Lieu,1987-10-08,1987,10,8,3.6070085105985976
Bac Lieu,1987-10-09,1987,10,9,4.860252352822502
Bac Lieu,1987-10-10,1987,10,10,10.107425145455126
Bac Lieu,1987-10-11,1987,10,11,15.090606243925276
Bac Lieu,1987-10-12,1987,10,12,13.83070830082444
Bac Lieu,1987-10-13,1987,10,13,7.883502090274163
Bac Lieu,1987-10-14,1987,10,14,3.8830370647862273
Bac Lieu,1987-10-15,1987,10,15,1.305270693401121
Bac Lieu,1987-10-16,1987,10,16,0.0034519834338494
Bac Lieu,1987-10-17,1987,10,17,1.0418656764480303
Bac Lieu,1987-10-18,1987,10,18,1.594697784747718
Bac Lieu,1987-10-19,1987,10,19,0.0
Bac Lieu,1987-10-20,1987,10,20,3.225511129613193
Bac Lieu,1987-10-21,1987,10,21,0.003858087017851
Bac Lieu,1987-10-22,1987,10,22,2.507525755702325
Bac Lieu,1987-10-23,1987,10,23,0.2184705293403482
Bac Lieu,1987-10-24,1987,10,24,0.8399481586600251
Bac Lieu,1987-10-25,1987,10,25,17.3566931019909
Bac Lieu,1987-10-26,1987,10,26,29.139838006217527
Bac Lieu,1987-10-27,1987,10,27,8.562938050360051
Bac Lieu,1987-10-28,1987,10,28,21.307586710120145
Bac Lieu,1987-10-29,1987,10,29,16.38478067088577
Bac Lieu,1987-10-30,1987,10,30,9.600228065454736
Bac Lieu,1987-10-31,1987,10,31,22.124952099926077
Bac Lieu,1987-11-01,1987,11,1,0.0
Bac Lieu,1987-11-02,1987,11,2,3.750299521212309
Bac Lieu,1987-11-03,1987,11,3,18.45681580944781
Bac Lieu,1987-11-04,1987,11,4,3.7006163051173377
Bac Lieu,1987-11-05,1987,11,5,20.71485835741151
Bac Lieu,1987-11-06,1987,11,6,7.855764782815608
Bac Lieu,1987-11-07,1987,11,7,19.80238915947249
Bac Lieu,1987-11-08,1987,11,8,7.75928427266175
Bac Lieu,1987-11-09,1987,11,9,5.281844083624066
Bac Lieu,1987-11-10,1987,11,10,18.654046002801863
Bac Lieu,1987-11-11,1987,11,11,21.260579012025083
Bac Lieu,1987-11-12,1987,11,12,6.233198267720782
Bac Lieu,1987-11-13,1987,11,13,3.155613009236894
Bac Lieu,1987-11-14,1987,11,14,0.598248616470481
Bac Lieu,1987-11-15,1987,11,15,7.51056120224719
Bac Lieu,1987-11-16,1987,11,16,0.0
Bac Lieu,1987-11-17,1987,11,17,0.0670910051093911
Bac Lieu,1987-11-18,1987,11,18,17.339658681797538
Bac Lieu,1987-11-19,1987,11,19,0.864391469397635
Bac Lieu,1987-11-20,1987,11,20,2.201591873492835
Bac Lieu,1987-11-21,1987,11,21,0.0
Bac Lieu,1987-11-22,1987,11,22,0.0
Bac Lieu,1987-11-23,1987,11,23,1.3817187043855776
Bac Lieu,1987-11-24,1987,11,24,7.136354969132623
Bac Lieu,1987-11-25,1987,11,25,9.974231591710508
Bac Lieu,1987-11-26,1987,11,26,4.71358534427409
Bac Lieu,1987-11-27,1987,11,27,6.991518786340391
Bac Lieu,1987-11-28,1987,11,28,5.25250040471329
Bac Lieu,1987-11-29,1987,11,29,6.4506768515514885
Bac Lieu,1987-11-30,1987,11,30,6.218522574019884
Bac Lieu,1987-12-01,1987,12,1,2.1215728116665247
Bac Lieu,1987-12-02,1987,12,2,0.0
Bac Lieu,1987-12-03,1987,12,3,0.1356748784443117
Bac Lieu,1987-12-04,1987,12,4,2.1685194666700545
Bac Lieu,1987-12-05,1987,12,5,0.968430765871732
Bac Lieu,1987-12-06,1987,12,6,0.0
Bac Lieu,1987-12-07,1987,12,7,0.0067002959341373
Bac Lieu,1987-12-08,1987,12,8,5.246014448309845
Bac Lieu,1987-12-09,1987,12,9,1.9106906647952104
Bac Lieu,1987-12-10,1987,12,10,0.0332753421855422
Bac Lieu,1987-12-11,1987,12,11,0.0
Bac Lieu,1987-12-12,1987,12,12,0.0
Bac Lieu,1987-12-13,1987,12,13,8.44080493133473
Bac Lieu,1987-12-14,1987,12,14,0.0
Bac Lieu,1987-12-15,1987,12,15,0.031546175344935
Bac Lieu,1987-12-16,1987,12,16,0.4080019307586382
Bac Lieu,1987-12-17,1987,12,17,0.0
Bac Lieu,1987-12-18,1987,12,18,0.0
Bac Lieu,1987-12-19,1987,12,19,0.0
Bac Lieu,1987-12-20,1987,12,20,0.0
Bac Lieu,1987-12-21,1987,12,21,0.0112304620023043
Bac Lieu,1987-12-22,1987,12,22,0.0
Bac Lieu,1987-12-23,1987,12,23,0.0
Bac Lieu,1987-12-24,1987,12,24,0.1112430767563154
Bac Lieu,1987-12-25,1987,12,25,2.260180904010557
Bac Lieu,1987-12-26,1987,12,26,0.4942598714018768
Bac Lieu,1987-12-27,1987,12,27,0.0
Bac Lieu,1987-12-28,1987,12,28,0.0
Bac Lieu,1987-12-29,1987,12,29,0.4522577119143505
Bac Lieu,1987-12-30,1987,12,30,0.0
Bac Lieu,1987-12-31,1987,12,31,0.0
Bac Lieu,1988-01-01,1988,1,1,0.0
Bac Lieu,1988-01-02,1988,1,2,0.2076464512123252
Bac Lieu,1988-01-03,1988,1,3,0.1005657673331926
Bac Lieu,1988-01-04,1988,1,4,0.0
Bac Lieu,1988-01-05,1988,1,5,0.0
Bac Lieu,1988-01-06,1988,1,6,0.0
Bac Lieu,1988-01-07,1988,1,7,0.0
Bac Lieu,1988-01-08,1988,1,8,0.0
Bac Lieu,1988-01-09,1988,1,9,0.0773292633722413
Bac Lieu,1988-01-10,1988,1,10,0.0
Bac Lieu,1988-01-11,1988,1,11,0.0
Bac Lieu,1988-01-12,1988,1,12,0.0
Bac Lieu,1988-01-13,1988,1,13,0.0
Bac Lieu,1988-01-14,1988,1,14,1.1017985642181254
Bac Lieu,1988-01-15,1988,1,15,0.0
Bac Lieu,1988-01-16,1988,1,16,0.0
Bac Lieu,1988-01-17,1988,1,17,0.0
Bac Lieu,1988-01-18,1988,1,18,0.0
Bac Lieu,1988-01-19,1988,1,19,0.0
Bac Lieu,1988-01-20,1988,1,20,0.0
Bac Lieu,1988-01-21,1988,1,21,0.0
Bac Lieu,1988-01-22,1988,1,22,0.0
Bac Lieu,1988-01-23,1988,1,23,0.0
Bac Lieu,1988-01-24,1988,1,24,0.0
Bac Lieu,1988-01-25,1988,1,25,0.0
Bac Lieu,1988-01-26,1988,1,26,0.6138003628568829
Bac Lieu,1988-01-27,1988,1,27,2.901002780698381
Bac Lieu,1988-01-28,1988,1,28,0.0
Bac Lieu,1988-01-29,1988,1,29,0.0
Bac Lieu,1988-01-30,1988,1,30,0.0
Bac Lieu,1988-01-31,1988,1,31,2.788212941475635
Bac Lieu,1988-02-01,1988,2,1,2.7396826112135404
Bac Lieu,1988-02-02,1988,2,2,0.0
Bac Lieu,1988-02-03,1988,2,3,0.0
Bac Lieu,1988-02-04,1988,2,4,0.0
Bac Lieu,1988-02-05,1988,2,5,0.0
Bac Lieu,1988-02-06,1988,2,6,0.0
Bac Lieu,1988-02-07,1988,2,7,0.0
Bac Lieu,1988-02-08,1988,2,8,0.0
Bac Lieu,1988-02-09,1988,2,9,0.0
Bac Lieu,1988-02-10,1988,2,10,0.0
Bac Lieu,1988-02-11,1988,2,11,0.0
Bac Lieu,1988-02-12,1988,2,12,0.0
Bac Lieu,1988-02-13,1988,2,13,0.3431325483322143
Bac Lieu,1988-02-14,1988,2,14,0.0
Bac Lieu,1988-02-15,1988,2,15,0.0
Bac Lieu,1988-02-16,1988,2,16,0.0
Bac Lieu,1988-02-17,1988,2,17,0.0
Bac Lieu,1988-02-18,1988,2,18,0.0
Bac Lieu,1988-02-19,1988,2,19,0.0
Bac Lieu,1988-02-20,1988,2,20,0.0
Bac Lieu,1988-02-21,1988,2,21,0.0
Bac Lieu,1988-02-22,1988,2,22,0.5363025764204422
Bac Lieu,1988-02-23,1988,2,23,3.660459829919744
Bac Lieu,1988-02-24,1988,2,24,2.246073018724064
Bac Lieu,1988-02-25,1988,2,25,0.0
Bac Lieu,1988-02-26,1988,2,26,0.0
Bac Lieu,1988-02-27,1988,2,27,0.0
Bac Lieu,1988-02-28,1988,2,28,0.0
Bac Lieu,1988-02-29,1988,2,29,0.0
Bac Lieu,1988-03-01,1988,3,1,0.0
Bac Lieu,1988-03-02,1988,3,2,0.0
Bac Lieu,1988-03-03,1988,3,3,0.0
Bac Lieu,1988-03-04,1988,3,4,0.0
Bac Lieu,1988-03-05,1988,3,5,0.0076731267065372
Bac Lieu,1988-03-06,1988,3,6,0.0
Bac Lieu,1988-03-07,1988,3,7,0.0
Bac Lieu,1988-03-08,1988,3,8,0.0
Bac Lieu,1988-03-09,1988,3,9,0.0
Bac Lieu,1988-03-10,1988,3,10,0.0
Bac Lieu,1988-03-11,1988,3,11,0.0
Bac Lieu,1988-03-12,1988,3,12,0.0
Bac Lieu,1988-03-13,1988,3,13,0.0
Bac Lieu,1988-03-14,1988,3,14,0.0
Bac Lieu,1988-03-15,1988,3,15,0.0
Bac Lieu,1988-03-16,1988,3,16,0.0
Bac Lieu,1988-03-17,1988,3,17,0.0
Bac Lieu,1988-03-18,1988,3,18,0.0
Bac Lieu,1988-03-19,1988,3,19,0.0
Bac Lieu,1988-03-20,1988,3,20,0.0
Bac Lieu,1988-03-21,1988,3,21,0.0
Bac Lieu,1988-03-22,1988,3,22,0.0
Bac Lieu,1988-03-23,1988,3,23,0.0
Bac Lieu,1988-03-24,1988,3,24,0.0686743532936528
Bac Lieu,1988-03-25,1988,3,25,0.1837713284762401
Bac Lieu,1988-03-26,1988,3,26,6.120928333102532
Bac Lieu,1988-03-27,1988,3,27,6.219986916254152
Bac Lieu,1988-03-28,1988,3,28,0.1058706529005518
Bac Lieu,1988-03-29,1988,3,29,0.0
Bac Lieu,1988-03-30,1988,3,30,2.8034310764411714
Bac Lieu,1988-03-31,1988,3,31,0.6461550611819862
Bac Lieu,1988-04-01,1988,4,1,0.0
Bac Lieu,1988-04-02,1988,4,2,0.0
Bac Lieu,1988-04-03,1988,4,3,0.1972799397414585
Bac Lieu,1988-04-04,1988,4,4,0.0
Bac Lieu,1988-04-05,1988,4,5,3.3006306074250427
Bac Lieu,1988-04-06,1988,4,6,1.1839963054117169
Bac Lieu,1988-04-07,1988,4,7,0.7034326115104387
Bac Lieu,1988-04-08,1988,4,8,0.7626532951480939
Bac Lieu,1988-04-09,1988,4,9,0.0
Bac Lieu,1988-04-10,1988,4,10,0.0
Bac Lieu,1988-04-11,1988,4,11,0.0
Bac Lieu,1988-04-12,1988,4,12,0.0
Bac Lieu,1988-04-13,1988,4,13,2.040578010748017
Bac Lieu,1988-04-14,1988,4,14,1.944940319043286
Bac Lieu,1988-04-15,1988,4,15,0.0
Bac Lieu,1988-04-16,1988,4,16,0.0
Bac Lieu,1988-04-17,1988,4,17,0.0
Bac Lieu,1988-04-18,1988,4,18,0.0
Bac Lieu,1988-04-19,1988,4,19,0.0804937686200411
Bac Lieu,1988-04-20,1988,4,20,0.0106192588806152
Bac Lieu,1988-04-21,1988,4,21,0.1010151563680396
Bac Lieu,1988-04-22,1988,4,22,0.008856161081566
Bac Lieu,1988-04-23,1988,4,23,0.4271105706016973
Bac Lieu,1988-04-24,1988,4,24,0.0
Bac Lieu,1988-04-25,1988,4,25,0.0
Bac Lieu,1988-04-26,1988,4,26,0.0
Bac Lieu,1988-04-27,1988,4,27,0.0
Bac Lieu,1988-04-28,1988,4,28,1.341427784937733
Bac Lieu,1988-04-29,1988,4,29,10.254819303044735
Bac Lieu,1988-04-30,1988,4,30,8.649500134522063
Bac Lieu,1988-05-01,1988,5,1,3.86307894192102
Bac Lieu,1988-05-02,1988,5,2,5.351874348190597
Bac Lieu,1988-05-03,1988,5,3,2.826911092650215
Bac Lieu,1988-05-04,1988,5,4,6.811837258860751
Bac Lieu,1988-05-05,1988,5,5,18.202272131128133
Bac Lieu,1988-05-06,1988,5,6,8.832950681380508
Bac Lieu,1988-05-07,1988,5,7,8.06008069027595
Bac Lieu,1988-05-08,1988,5,8,5.1299083097385925
Bac Lieu,1988-05-09,1988,5,9,11.237984964874558
Bac Lieu,1988-05-10,1988,5,10,8.822753166216726
Bac Lieu,1988-05-11,1988,5,11,7.033136097656107
Bac Lieu,1988-05-12,1988,5,12,19.41378414940385
Bac Lieu,1988-05-13,1988,5,13,7.696397602000328
Bac Lieu,1988-05-14,1988,5,14,4.541507768792927
Bac Lieu,1988-05-15,1988,5,15,14.66718354468076
Bac Lieu,1988-05-16,1988,5,16,4.873312590761006
Bac Lieu,1988-05-17,1988,5,17,0.0
Bac Lieu,1988-05-18,1988,5,18,0.0
Bac Lieu,1988-05-19,1988,5,19,2.157797853721763
Bac Lieu,1988-05-20,1988,5,20,12.342808818997078
Bac Lieu,1988-05-21,1988,5,21,11.416640798478754
Bac Lieu,1988-05-22,1988,5,22,14.996443090654772
Bac Lieu,1988-05-23,1988,5,23,8.264972472694685
Bac Lieu,1988-05-24,1988,5,24,19.714769827716754
Bac Lieu,1988-05-25,1988,5,25,8.378803418537354
Bac Lieu,1988-05-26,1988,5,26,26.93360790832088
Bac Lieu,1988-05-27,1988,5,27,13.432208888755657
Bac Lieu,1988-05-28,1988,5,28,3.876045558371634
Bac Lieu,1988-05-29,1988,5,29,6.974838808905404
Bac Lieu,1988-05-30,1988,5,30,0.6468816090709759
Bac Lieu,1988-05-31,1988,5,31,2.150587641176188
Bac Lieu,1988-06-01,1988,6,1,0.0
Bac Lieu,1988-06-02,1988,6,2,0.951358768445141
Bac Lieu,1988-06-03,1988,6,3,0.0
Bac Lieu,1988-06-04,1988,6,4,1.543431689784212
Bac Lieu,1988-06-05,1988,6,5,11.70224037163213
Bac Lieu,1988-06-06,1988,6,6,11.599670545847909
Bac Lieu,1988-06-07,1988,6,7,1.7637573087530318
Bac Lieu,1988-06-08,1988,6,8,0.0
Bac Lieu,1988-06-09,1988,6,9,2.3454893472779474
Bac Lieu,1988-06-10,1988,6,10,6.74243284506168
Bac Lieu,1988-06-11,1988,6,11,15.726927371420953
Bac Lieu,1988-06-12,1988,6,12,16.403952375304026
Bac Lieu,1988-06-13,1988,6,13,0.1282809884413233
Bac Lieu,1988-06-14,1988,6,14,1.4854636127004086
Bac Lieu,1988-06-15,1988,6,15,11.31184477449813
Bac Lieu,1988-06-16,1988,6,16,0.4015061715323971
Bac Lieu,1988-06-17,1988,6,17,0.649993199186505
Bac Lieu,1988-06-18,1988,6,18,4.424996715815562
Bac Lieu,1988-06-19,1988,6,19,9.282734713752316
Bac Lieu,1988-06-20,1988,6,20,5.303404747765019
Bac Lieu,1988-06-21,1988,6,21,0.0
Bac Lieu,1988-06-22,1988,6,22,0.0
Bac Lieu,1988-06-23,1988,6,23,3.902586713377036
Bac Lieu,1988-06-24,1988,6,24,0.0
Bac Lieu,1988-06-25,1988,6,25,0.0
Bac Lieu,1988-06-26,1988,6,26,0.0
Bac Lieu,1988-06-27,1988,6,27,4.601625898649108
Bac Lieu,1988-06-28,1988,6,28,2.023161062483517
Bac Lieu,1988-06-29,1988,6,29,6.8765763056953
Bac Lieu,1988-06-30,1988,6,30,0.0
Bac Lieu,1988-07-01,1988,7,1,1.2908847375185986
Bac Lieu,1988-07-02,1988,7,2,0.836825524726004
Bac Lieu,1988-07-03,1988,7,3,1.0965592030939069
Bac Lieu,1988-07-04,1988,7,4,0.0375175830733101
Bac Lieu,1988-07-05,1988,7,5,0.7993083437253846
Bac Lieu,1988-07-06,1988,7,6,2.9822505185289203
Bac Lieu,1988-07-07,1988,7,7,1.4471729324268847
Bac Lieu,1988-07-08,1988,7,8,9.491134748260931
Bac Lieu,1988-07-09,1988,7,9,7.34965116619614
Bac Lieu,1988-07-10,1988,7,10,0.8709060291254297
Bac Lieu,1988-07-11,1988,7,11,5.967623522398608
Bac Lieu,1988-07-12,1988,7,12,25.82977096987671
Bac Lieu,1988-07-13,1988,7,13,7.881420692929683
Bac Lieu,1988-07-14,1988,7,14,0.6596150140312483
Bac Lieu,1988-07-15,1988,7,15,8.789272831269033
Bac Lieu,1988-07-16,1988,7,16,3.2178982541246235
Bac Lieu,1988-07-17,1988,7,17,1.189935299387518
Bac Lieu,1988-07-18,1988,7,18,6.91278645351698
Bac Lieu,1988-07-19,1988,7,19,13.88723681075618
Bac Lieu,1988-07-20,1988,7,20,12.072153175416986
Bac Lieu,1988-07-21,1988,7,21,3.351007695665899
Bac Lieu,1988-07-22,1988,7,22,1.0177224909044662
Bac Lieu,1988-07-23,1988,7,23,14.22204522366794
Bac Lieu,1988-07-24,1988,7,24,15.599145904738949
Bac Lieu,1988-07-25,1988,7,25,8.092261166824487
Bac Lieu,1988-07-26,1988,7,26,7.887728970797557
Bac Lieu,1988-07-27,1988,7,27,0.0
Bac Lieu,1988-07-28,1988,7,28,1.4308851521689936
Bac Lieu,1988-07-29,1988,7,29,5.20261881907481
Bac Lieu,1988-07-30,1988,7,30,0.6593697245255957
Bac Lieu,1988-07-31,1988,7,31,22.667826950037256
Bac Lieu,1988-08-01,1988,8,1,6.0609331336201375
Bac Lieu,1988-08-02,1988,8,2,0.6954496322937733
Bac Lieu,1988-08-03,1988,8,3,8.229854751326004
Bac Lieu,1988-08-04,1988,8,4,3.220751862112081
Bac Lieu,1988-08-05,1988,8,5,2.208909957732795
Bac Lieu,1988-08-06,1988,8,6,0.4059999116501719
Bac Lieu,1988-08-07,1988,8,7,4.606294627684468
Bac Lieu,1988-08-08,1988,8,8,0.7964776690321149
Bac Lieu,1988-08-09,1988,8,9,0.3422452440441779
Bac Lieu,1988-08-10,1988,8,10,1.345157788681534
Bac Lieu,1988-08-11,1988,8,11,1.0153481037391807
Bac Lieu,1988-08-12,1988,8,12,5.939619192357334
Bac Lieu,1988-08-13,1988,8,13,1.278917422384586
Bac Lieu,1988-08-14,1988,8,14,6.545821503639223
Bac Lieu,1988-08-15,1988,8,15,4.227530333518983
Bac Lieu,1988-08-16,1988,8,16,3.5841519677683995
Bac Lieu,1988-08-17,1988,8,17,2.500519622604802
Bac Lieu,1988-08-18,1988,8,18,2.021407151905996
Bac Lieu,1988-08-19,1988,8,19,0.0
Bac Lieu,1988-08-20,1988,8,20,14.58628065548303
Bac Lieu,1988-08-21,1988,8,21,2.613368481096232
Bac Lieu,1988-08-22,1988,8,22,11.26812446074216
Bac Lieu,1988-08-23,1988,8,23,0.1992908469685968
Bac Lieu,1988-08-24,1988,8,24,6.265631981723716
Bac Lieu,1988-08-25,1988,8,25,13.990536702713875
Bac Lieu,1988-08-26,1988,8,26,0.1374679428676389
Bac Lieu,1988-08-27,1988,8,27,3.029121689202652
Bac Lieu,1988-08-28,1988,8,28,2.3320130044469294
Bac Lieu,1988-08-29,1988,8,29,2.0451368454447336
Bac Lieu,1988-08-30,1988,8,30,1.7061599078988132
Bac Lieu,1988-08-31,1988,8,31,0.660757055516513
Bac Lieu,1988-09-01,1988,9,1,2.9658192551990727
Bac Lieu,1988-09-02,1988,9,2,5.462772842407229
Bac Lieu,1988-09-03,1988,9,3,8.611354993964143
Bac Lieu,1988-09-04,1988,9,4,3.280271122266662
Bac Lieu,1988-09-05,1988,9,5,7.088595150029885
Bac Lieu,1988-09-06,1988,9,6,0.0155721142426976
Bac Lieu,1988-09-07,1988,9,7,1.2194181967141495
Bac Lieu,1988-09-08,1988,9,8,10.544093555207525
Bac Lieu,1988-09-09,1988,9,9,10.21564737901148
Bac Lieu,1988-09-10,1988,9,10,11.60373225570175
Bac Lieu,1988-09-11,1988,9,11,1.2745670431065113
Bac Lieu,1988-09-12,1988,9,12,4.09405222802792
Bac Lieu,1988-09-13,1988,9,13,16.925728349829622
Bac Lieu,1988-09-14,1988,9,14,16.633778779731607
Bac Lieu,1988-09-15,1988,9,15,2.127547820918965
Bac Lieu,1988-09-16,1988,9,16,10.648840376530057
Bac Lieu,1988-09-17,1988,9,17,6.495404581303868
Bac Lieu,1988-09-18,1988,9,18,3.891934838528904
Bac Lieu,1988-09-19,1988,9,19,27.20405644182889
Bac Lieu,1988-09-20,1988,9,20,23.36867540884918
Bac Lieu,1988-09-21,1988,9,21,40.42008529144864
Bac Lieu,1988-09-22,1988,9,22,30.686698852071228
Bac Lieu,1988-09-23,1988,9,23,7.8044879680309664
Bac Lieu,1988-09-24,1988,9,24,22.338123404448886
Bac Lieu,1988-09-25,1988,9,25,5.85482152636546
Bac Lieu,1988-09-26,1988,9,26,18.22061002616163
Bac Lieu,1988-09-27,1988,9,27,7.624000060063489
Bac Lieu,1988-09-28,1988,9,28,31.568324334486483
Bac Lieu,1988-09-29,1988,9,29,22.806734457267908
Bac Lieu,1988-09-30,1988,9,30,11.871967691817376
Bac Lieu,1988-10-01,1988,10,1,0.0846279317747871
Bac Lieu,1988-10-02,1988,10,2,5.637102987325418
Bac Lieu,1988-10-03,1988,10,3,37.83739078269815
Bac Lieu,1988-10-04,1988,10,4,8.431370880306893
Bac Lieu,1988-10-05,1988,10,5,3.102159820700592
Bac Lieu,1988-10-06,1988,10,6,12.601915862956142
Bac Lieu,1988-10-07,1988,10,7,10.454187443265376
Bac Lieu,1988-10-08,1988,10,8,10.55393090145543
Bac Lieu,1988-10-09,1988,10,9,20.03390895749938
Bac Lieu,1988-10-10,1988,10,10,5.352266344430312
Bac Lieu,1988-10-11,1988,10,11,11.94143959617615
Bac Lieu,1988-10-12,1988,10,12,21.372568808681564
Bac Lieu,1988-10-13,1988,10,13,9.737193026416708
Bac Lieu,1988-10-14,1988,10,14,13.302966429476472
Bac Lieu,1988-10-15,1988,10,15,21.46278460578199
Bac Lieu,1988-10-16,1988,10,16,15.402149157704052
Bac Lieu,1988-10-17,1988,10,17,9.084250150284678
Bac Lieu,1988-10-18,1988,10,18,4.712281991616735
Bac Lieu,1988-10-19,1988,10,19,8.365292434512444
Bac Lieu,1988-10-20,1988,10,20,12.751145145506232
Bac Lieu,1988-10-21,1988,10,21,49.04657703586796
Bac Lieu,1988-10-22,1988,10,22,5.368202237435107
Bac Lieu,1988-10-23,1988,10,23,6.852604562057639
Bac Lieu,1988-10-24,1988,10,24,0.0385271371445566
Bac Lieu,1988-10-25,1988,10,25,1.055839122016475
Bac Lieu,1988-10-26,1988,10,26,8.589491024971009
Bac Lieu,1988-10-27,1988,10,27,5.569976879155861
Bac Lieu,1988-10-28,1988,10,28,1.6697023680884888
Bac Lieu,1988-10-29,1988,10,29,0.0
Bac Lieu,1988-10-30,1988,10,30,1.2439200068779714
Bac Lieu,1988-10-31,1988,10,31,1.2581954650159153
Bac Lieu,1988-11-01,1988,11,1,15.365581342229303
Bac Lieu,1988-11-02,1988,11,2,0.6490564545685391
Bac Lieu,1988-11-03,1988,11,3,0.0
Bac Lieu,1988-11-04,1988,11,4,0.0
Bac Lieu,1988-11-05,1988,11,5,0.0
Bac Lieu,1988-11-06,1988,11,6,48.32434814856188
Bac Lieu,1988-11-07,1988,11,7,4.401417229958301
Bac Lieu,1988-11-08,1988,11,8,0.0
Bac Lieu,1988-11-09,1988,11,9,0.0
Bac Lieu,1988-11-10,1988,11,10,0.0
Bac Lieu,1988-11-11,1988,11,11,1.4513867359521255
Bac Lieu,1988-11-12,1988,11,12,0.0
Bac Lieu,1988-11-13,1988,11,13,5.724376578852816
Bac Lieu,1988-11-14,1988,11,14,0.0
Bac Lieu,1988-11-15,1988,11,15,0.0
Bac Lieu,1988-11-16,1988,11,16,0.952922889583516
Bac Lieu,1988-11-17,1988,11,17,0.0
Bac Lieu,1988-11-18,1988,11,18,0.3691133896809704
Bac Lieu,1988-11-19,1988,11,19,15.746410035187344
Bac Lieu,1988-11-20,1988,11,20,26.67108078812653
Bac Lieu,1988-11-21,1988,11,21,1.297241045232089
Bac Lieu,1988-11-22,1988,11,22,16.61079791261565
Bac Lieu,1988-11-23,1988,11,23,8.419475268399943
Bac Lieu,1988-11-24,1988,11,24,0.0
Bac Lieu,1988-11-25,1988,11,25,0.0
Bac Lieu,1988-11-26,1988,11,26,0.1892458091591889
Bac Lieu,1988-11-27,1988,11,27,12.344317340203052
Bac Lieu,1988-11-28,1988,11,28,9.428958832290938
Bac Lieu,1988-11-29,1988,11,29,20.098877111686853
Bac Lieu,1988-11-30,1988,11,30,22.06385833211215
Bac Lieu,1988-12-01,1988,12,1,0.0065430483458177
Bac Lieu,1988-12-02,1988,12,2,0.0
Bac Lieu,1988-12-03,1988,12,3,0.0
Bac Lieu,1988-12-04,1988,12,4,0.0
Bac Lieu,1988-12-05,1988,12,5,0.0
Bac Lieu,1988-12-06,1988,12,6,0.0
Bac Lieu,1988-12-07,1988,12,7,0.0
Bac Lieu,1988-12-08,1988,12,8,0.2822866397713716
Bac Lieu,1988-12-09,1988,12,9,1.22649906952876
Bac Lieu,1988-12-10,1988,12,10,0.9661004022832188
Bac Lieu,1988-12-11,1988,12,11,0.5586444246723967
Bac Lieu,1988-12-12,1988,12,12,0.0
Bac Lieu,1988-12-13,1988,12,13,0.0
Bac Lieu,1988-12-14,1988,12,14,0.0068198247225779
Bac Lieu,1988-12-15,1988,12,15,0.0
Bac Lieu,1988-12-16,1988,12,16,0.0
Bac Lieu,1988-12-17,1988,12,17,0.0
Bac Lieu,1988-12-18,1988,12,18,14.780935225828642
Bac Lieu,1988-12-19,1988,12,19,0.0
Bac Lieu,1988-12-20,1988,12,20,0.0
Bac Lieu,1988-12-21,1988,12,21,0.0
Bac Lieu,1988-12-22,1988,12,22,0.154223155822394
Bac Lieu,1988-12-23,1988,12,23,1.783741954974409
Bac Lieu,1988-12-24,1988,12,24,1.289743172249704
Bac Lieu,1988-12-25,1988,12,25,0.0
Bac Lieu,1988-12-26,1988,12,26,0.0
Bac Lieu,1988-12-27,1988,12,27,0.0
Bac Lieu,1988-12-28,1988,12,28,0.0
Bac Lieu,1988-12-29,1988,12,29,0.0
Bac Lieu,1988-12-30,1988,12,30,5.019806131704799
Bac Lieu,1988-12-31,1988,12,31,0.0
Bac Lieu,1989-01-01,1989,1,1,0.0
Bac Lieu,1989-01-02,1989,1,2,1.5598538946115743
Bac Lieu,1989-01-03,1989,1,3,0.0128725528357163
Bac Lieu,1989-01-04,1989,1,4,0.5455840025757844
Bac Lieu,1989-01-05,1989,1,5,0.0
Bac Lieu,1989-01-06,1989,1,6,0.0
Bac Lieu,1989-01-07,1989,1,7,0.0
Bac Lieu,1989-01-08,1989,1,8,0.099908898065675
Bac Lieu,1989-01-09,1989,1,9,0.0
Bac Lieu,1989-01-10,1989,1,10,0.0
Bac Lieu,1989-01-11,1989,1,11,0.0
Bac Lieu,1989-01-12,1989,1,12,0.0
Bac Lieu,1989-01-13,1989,1,13,0.0
Bac Lieu,1989-01-14,1989,1,14,0.0
Bac Lieu,1989-01-15,1989,1,15,0.826747640762689
Bac Lieu,1989-01-16,1989,1,16,0.0
Bac Lieu,1989-01-17,1989,1,17,0.0
Bac Lieu,1989-01-18,1989,1,18,0.0
Bac Lieu,1989-01-19,1989,1,19,0.0
Bac Lieu,1989-01-20,1989,1,20,0.0
Bac Lieu,1989-01-21,1989,1,21,0.0
Bac Lieu,1989-01-22,1989,1,22,2.6313665428971347
Bac Lieu,1989-01-23,1989,1,23,0.0
Bac Lieu,1989-01-24,1989,1,24,0.0
Bac Lieu,1989-01-25,1989,1,25,0.0
Bac Lieu,1989-01-26,1989,1,26,0.0
Bac Lieu,1989-01-27,1989,1,27,0.0
Bac Lieu,1989-01-28,1989,1,28,0.0277150085017366
Bac Lieu,1989-01-29,1989,1,29,2.012319760340565
Bac Lieu,1989-01-30,1989,1,30,0.0
Bac Lieu,1989-01-31,1989,1,31,0.0
Bac Lieu,1989-02-01,1989,2,1,0.0
Bac Lieu,1989-02-02,1989,2,2,0.0
Bac Lieu,1989-02-03,1989,2,3,0.0
Bac Lieu,1989-02-04,1989,2,4,0.0
Bac Lieu,1989-02-05,1989,2,5,0.0
Bac Lieu,1989-02-06,1989,2,6,0.0
Bac Lieu,1989-02-07,1989,2,7,0.0
Bac Lieu,1989-02-08,1989,2,8,0.0
Bac Lieu,1989-02-09,1989,2,9,1.5698006671059808
Bac Lieu,1989-02-10,1989,2,10,0.2517788532949843
Bac Lieu,1989-02-11,1989,2,11,0.0
Bac Lieu,1989-02-12,1989,2,12,0.0
Bac Lieu,1989-02-13,1989,2,13,0.0
Bac Lieu,1989-02-14,1989,2,14,0.0
Bac Lieu,1989-02-15,1989,2,15,0.0
Bac Lieu,1989-02-16,1989,2,16,0.0
Bac Lieu,1989-02-17,1989,2,17,0.0
Bac Lieu,1989-02-18,1989,2,18,0.0
Bac Lieu,1989-02-19,1989,2,19,0.0
Bac Lieu,1989-02-20,1989,2,20,0.0
Bac Lieu,1989-02-21,1989,2,21,0.0619943334471504
Bac Lieu,1989-02-22,1989,2,22,0.3813937531777149
Bac Lieu,1989-02-23,1989,2,23,0.5151438989639282
Bac Lieu,1989-02-24,1989,2,24,0.0
Bac Lieu,1989-02-25,1989,2,25,0.0
Bac Lieu,1989-02-26,1989,2,26,0.0
Bac Lieu,1989-02-27,1989,2,27,0.0
Bac Lieu,1989-02-28,1989,2,28,0.0
Bac Lieu,1989-03-01,1989,3,1,0.0
Bac Lieu,1989-03-02,1989,3,2,0.0
Bac Lieu,1989-03-03,1989,3,3,0.0
Bac Lieu,1989-03-04,1989,3,4,0.0
Bac Lieu,1989-03-05,1989,3,5,0.0
Bac Lieu,1989-03-06,1989,3,6,0.0
Bac Lieu,1989-03-07,1989,3,7,0.0
Bac Lieu,1989-03-08,1989,3,8,0.0
Bac Lieu,1989-03-09,1989,3,9,0.0
Bac Lieu,1989-03-10,1989,3,10,0.0
Bac Lieu,1989-03-11,1989,3,11,0.0
Bac Lieu,1989-03-12,1989,3,12,0.0
Bac Lieu,1989-03-13,1989,3,13,0.3038495672693793
Bac Lieu,1989-03-14,1989,3,14,0.0
Bac Lieu,1989-03-15,1989,3,15,0.0
Bac Lieu,1989-03-16,1989,3,16,0.0
Bac Lieu,1989-03-17,1989,3,17,0.6378716530170082
Bac Lieu,1989-03-18,1989,3,18,5.50665558196014
Bac Lieu,1989-03-19,1989,3,19,4.377357786039137
Bac Lieu,1989-03-20,1989,3,20,0.8630461600861461
Bac Lieu,1989-03-21,1989,3,21,0.0
Bac Lieu,1989-03-22,1989,3,22,1.9431366191720063
Bac Lieu,1989-03-23,1989,3,23,0.5578003498293319
Bac Lieu,1989-03-24,1989,3,24,0.0
Bac Lieu,1989-03-25,1989,3,25,0.0
Bac Lieu,1989-03-26,1989,3,26,0.0
Bac Lieu,1989-03-27,1989,3,27,0.0
Bac Lieu,1989-03-28,1989,3,28,0.0
Bac Lieu,1989-03-29,1989,3,29,0.0
Bac Lieu,1989-03-30,1989,3,30,0.0059673766729966
Bac Lieu,1989-03-31,1989,3,31,0.023000139380401
Bac Lieu,1989-04-01,1989,4,1,0.0
Bac Lieu,1989-04-02,1989,4,2,7.636222594036247
Bac Lieu,1989-04-03,1989,4,3,4.332719558409925
Bac Lieu,1989-04-04,1989,4,4,0.0450114688783321
Bac Lieu,1989-04-05,1989,4,5,0.0
Bac Lieu,1989-04-06,1989,4,6,0.0
Bac Lieu,1989-04-07,1989,4,7,0.2417469416924243
Bac Lieu,1989-04-08,1989,4,8,0.4280110605887648
Bac Lieu,1989-04-09,1989,4,9,0.0337238250948348
Bac Lieu,1989-04-10,1989,4,10,0.0
Bac Lieu,1989-04-11,1989,4,11,0.1241264374930904
Bac Lieu,1989-04-12,1989,4,12,7.079942032094271
Bac Lieu,1989-04-13,1989,4,13,1.6066578308771242
Bac Lieu,1989-04-14,1989,4,14,0.0
Bac Lieu,1989-04-15,1989,4,15,0.0
Bac Lieu,1989-04-16,1989,4,16,0.1933677269467767
Bac Lieu,1989-04-17,1989,4,17,0.4227227753603234
Bac Lieu,1989-04-18,1989,4,18,0.0
Bac Lieu,1989-04-19,1989,4,19,0.1877520146729811
Bac Lieu,1989-04-20,1989,4,20,0.0
Bac Lieu,1989-04-21,1989,4,21,0.2505925907998715
Bac Lieu,1989-04-22,1989,4,22,0.0963362425048396
Bac Lieu,1989-04-23,1989,4,23,0.3498705955001543
Bac Lieu,1989-04-24,1989,4,24,2.02191116809845
Bac Lieu,1989-04-25,1989,4,25,0.0228414235115051
Bac Lieu,1989-04-26,1989,4,26,2.8667600645029325
Bac Lieu,1989-04-27,1989,4,27,6.0775063121723685
Bac Lieu,1989-04-28,1989,4,28,0.2029483136590922
Bac Lieu,1989-04-29,1989,4,29,0.1329924288875652
Bac Lieu,1989-04-30,1989,4,30,0.0
Bac Lieu,1989-05-01,1989,5,1,0.0
Bac Lieu,1989-05-02,1989,5,2,0.0221549535427453
Bac Lieu,1989-05-03,1989,5,3,2.3253879628631307
Bac Lieu,1989-05-04,1989,5,4,12.612636546116958
Bac Lieu,1989-05-05,1989,5,5,10.117140059201224
Bac Lieu,1989-05-06,1989,5,6,15.825851540493517
Bac Lieu,1989-05-07,1989,5,7,8.275781665676046
Bac Lieu,1989-05-08,1989,5,8,15.91885327416546
Bac Lieu,1989-05-09,1989,5,9,11.032804479904897
Bac Lieu,1989-05-10,1989,5,10,0.0
Bac Lieu,1989-05-11,1989,5,11,4.00138720436816
Bac Lieu,1989-05-12,1989,5,12,8.540363979573522
Bac Lieu,1989-05-13,1989,5,13,2.930540776261744
Bac Lieu,1989-05-14,1989,5,14,2.945174270045083
Bac Lieu,1989-05-15,1989,5,15,2.25184646663126
Bac Lieu,1989-05-16,1989,5,16,1.9103201010542097
Bac Lieu,1989-05-17,1989,5,17,1.3292729602489832
Bac Lieu,1989-05-18,1989,5,18,14.091962916446182
Bac Lieu,1989-05-19,1989,5,19,19.42664422297928
Bac Lieu,1989-05-20,1989,5,20,22.197150228248457
Bac Lieu,1989-05-21,1989,5,21,8.095005369258379
Bac Lieu,1989-05-22,1989,5,22,7.97967834909907
Bac Lieu,1989-05-23,1989,5,23,0.0207325480119237
Bac Lieu,1989-05-24,1989,5,24,10.308949864261557
Bac Lieu,1989-05-25,1989,5,25,19.355851180166567
Bac Lieu,1989-05-26,1989,5,26,23.48594635391236
Bac Lieu,1989-05-27,1989,5,27,2.3535544891177484
Bac Lieu,1989-05-28,1989,5,28,14.86618666789217
Bac Lieu,1989-05-29,1989,5,29,5.2187639606943685
Bac Lieu,1989-05-30,1989,5,30,2.904557711979129
Bac Lieu,1989-05-31,1989,5,31,22.227584010412112
Bac Lieu,1989-06-01,1989,6,1,1.6042586517154052
Bac Lieu,1989-06-02,1989,6,2,3.264001634759723
Bac Lieu,1989-06-03,1989,6,3,3.054887589274713
Bac Lieu,1989-06-04,1989,6,4,9.194623213300169
Bac Lieu,1989-06-05,1989,6,5,12.105969525139288
Bac Lieu,1989-06-06,1989,6,6,0.2368385010305441
Bac Lieu,1989-06-07,1989,6,7,7.811695100784302
Bac Lieu,1989-06-08,1989,6,8,6.480188931267219
Bac Lieu,1989-06-09,1989,6,9,10.013328733066343
Bac Lieu,1989-06-10,1989,6,10,4.434908319077403
Bac Lieu,1989-06-11,1989,6,11,11.556512314616512
Bac Lieu,1989-06-12,1989,6,12,0.0
Bac Lieu,1989-06-13,1989,6,13,3.5990611510726644
Bac Lieu,1989-06-14,1989,6,14,5.103387002872971
Bac Lieu,1989-06-15,1989,6,15,16.539691499422183
Bac Lieu,1989-06-16,1989,6,16,0.0502123409667105
Bac Lieu,1989-06-17,1989,6,17,5.404684924539531
Bac Lieu,1989-06-18,1989,6,18,10.043701022256098
Bac Lieu,1989-06-19,1989,6,19,0.0
Bac Lieu,1989-06-20,1989,6,20,9.217187481016486
Bac Lieu,1989-06-21,1989,6,21,5.281332341356098
Bac Lieu,1989-06-22,1989,6,22,10.490941271817908
Bac Lieu,1989-06-23,1989,6,23,31.03857584057214
Bac Lieu,1989-06-24,1989,6,24,16.43155448258598
Bac Lieu,1989-06-25,1989,6,25,17.85653901247709
Bac Lieu,1989-06-26,1989,6,26,14.239321796435233
Bac Lieu,1989-06-27,1989,6,27,12.966639266643886
Bac Lieu,1989-06-28,1989,6,28,6.683378298327608
Bac Lieu,1989-06-29,1989,6,29,0.0
Bac Lieu,1989-06-30,1989,6,30,1.1427486921526353
Bac Lieu,1989-07-01,1989,7,1,0.4369715832764249
Bac Lieu,1989-07-02,1989,7,2,2.167266116583123
Bac Lieu,1989-07-03,1989,7,3,19.604446992946126
Bac Lieu,1989-07-04,1989,7,4,7.801449645942112
Bac Lieu,1989-07-05,1989,7,5,4.184446854834287
Bac Lieu,1989-07-06,1989,7,6,0.8400763403514647
Bac Lieu,1989-07-07,1989,7,7,7.119922162127947
Bac Lieu,1989-07-08,1989,7,8,5.583240445766809
Bac Lieu,1989-07-09,1989,7,9,4.612879177687304
Bac Lieu,1989-07-10,1989,7,10,24.50802752192515
Bac Lieu,1989-07-11,1989,7,11,11.41978946955699
Bac Lieu,1989-07-12,1989,7,12,11.698411187603792
Bac Lieu,1989-07-13,1989,7,13,15.142737084262778
Bac Lieu,1989-07-14,1989,7,14,0.0
Bac Lieu,1989-07-15,1989,7,15,4.257892898280667
Bac Lieu,1989-07-16,1989,7,16,26.326362687362813
Bac Lieu,1989-07-17,1989,7,17,10.313339497242334
Bac Lieu,1989-07-18,1989,7,18,22.934189172276906
Bac Lieu,1989-07-19,1989,7,19,19.85986628654768
Bac Lieu,1989-07-20,1989,7,20,15.85196953055544
Bac Lieu,1989-07-21,1989,7,21,10.270393393930398
Bac Lieu,1989-07-22,1989,7,22,4.062883808666805
Bac Lieu,1989-07-23,1989,7,23,8.232477790904495
Bac Lieu,1989-07-24,1989,7,24,1.446773638842241
Bac Lieu,1989-07-25,1989,7,25,5.533459462939568
Bac Lieu,1989-07-26,1989,7,26,0.0
Bac Lieu,1989-07-27,1989,7,27,0.0074701966699564
Bac Lieu,1989-07-28,1989,7,28,5.695439255264571
Bac Lieu,1989-07-29,1989,7,29,0.0
Bac Lieu,1989-07-30,1989,7,30,0.7879092803271313
Bac Lieu,1989-07-31,1989,7,31,2.665340981501454
Bac Lieu,1989-08-01,1989,8,1,10.3612998966361
Bac Lieu,1989-08-02,1989,8,2,17.363756410670735
Bac Lieu,1989-08-03,1989,8,3,1.5271347502042667
Bac Lieu,1989-08-04,1989,8,4,2.1338178570585438
Bac Lieu,1989-08-05,1989,8,5,0.9327211458458092
Bac Lieu,1989-08-06,1989,8,6,0.9465405433582812
Bac Lieu,1989-08-07,1989,8,7,3.790198606743004
Bac Lieu,1989-08-08,1989,8,8,0.1429263319879208
Bac Lieu,1989-08-09,1989,8,9,25.124263656292324
Bac Lieu,1989-08-10,1989,8,10,21.75165230823013
Bac Lieu,1989-08-11,1989,8,11,18.348757557383124
Bac Lieu,1989-08-12,1989,8,12,2.232201815173311
Bac Lieu,1989-08-13,1989,8,13,5.117888925156504
Bac Lieu,1989-08-14,1989,8,14,0.0
Bac Lieu,1989-08-15,1989,8,15,13.053173873037665
Bac Lieu,1989-08-16,1989,8,16,16.695969497320792
Bac Lieu,1989-08-17,1989,8,17,9.232178555578558
Bac Lieu,1989-08-18,1989,8,18,15.229208270234883
Bac Lieu,1989-08-19,1989,8,19,12.824448805431151
Bac Lieu,1989-08-20,1989,8,20,6.851888186040915
Bac Lieu,1989-08-21,1989,8,21,12.815982739466545
Bac Lieu,1989-08-22,1989,8,22,20.673748349531643
Bac Lieu,1989-08-23,1989,8,23,11.910460001729566
Bac Lieu,1989-08-24,1989,8,24,1.5297548049350955
Bac Lieu,1989-08-25,1989,8,25,4.289210483083186
Bac Lieu,1989-08-26,1989,8,26,4.023700179046055
Bac Lieu,1989-08-27,1989,8,27,5.046489445560385
Bac Lieu,1989-08-28,1989,8,28,12.941544547764762
Bac Lieu,1989-08-29,1989,8,29,10.087353312996198
Bac Lieu,1989-08-30,1989,8,30,3.3122645110544178
Bac Lieu,1989-08-31,1989,8,31,20.94113029069721
Bac Lieu,1989-09-01,1989,9,1,15.18011007992727
Bac Lieu,1989-09-02,1989,9,2,1.3435634056667116
Bac Lieu,1989-09-03,1989,9,3,10.961828520684874
Bac Lieu,1989-09-04,1989,9,4,0.4061905024546497
Bac Lieu,1989-09-05,1989,9,5,0.0
Bac Lieu,1989-09-06,1989,9,6,27.401641340291725
Bac Lieu,1989-09-07,1989,9,7,24.376282323549383
Bac Lieu,1989-09-08,1989,9,8,0.7690292701361315
Bac Lieu,1989-09-09,1989,9,9,4.511744191457641
Bac Lieu,1989-09-10,1989,9,10,0.8292114012556259
Bac Lieu,1989-09-11,1989,9,11,15.335175183782042
Bac Lieu,1989-09-12,1989,9,12,15.16907276421673
Bac Lieu,1989-09-13,1989,9,13,27.759228752748022
Bac Lieu,1989-09-14,1989,9,14,2.5444309773355163
Bac Lieu,1989-09-15,1989,9,15,20.32232622152005
Bac Lieu,1989-09-16,1989,9,16,11.074027792948598
Bac Lieu,1989-09-17,1989,9,17,12.692286968339165
Bac Lieu,1989-09-18,1989,9,18,5.718799937590113
Bac Lieu,1989-09-19,1989,9,19,8.89087029478685
Bac Lieu,1989-09-20,1989,9,20,13.59347260162066
Bac Lieu,1989-09-21,1989,9,21,3.102332095110192
Bac Lieu,1989-09-22,1989,9,22,10.419505358498052
Bac Lieu,1989-09-23,1989,9,23,2.0345513991769755
Bac Lieu,1989-09-24,1989,9,24,9.028274012385673
Bac Lieu,1989-09-25,1989,9,25,2.228624449693932
Bac Lieu,1989-09-26,1989,9,26,9.66018784008386
Bac Lieu,1989-09-27,1989,9,27,16.253974284405977
Bac Lieu,1989-09-28,1989,9,28,5.612388720296464
Bac Lieu,1989-09-29,1989,9,29,9.72805937833606
Bac Lieu,1989-09-30,1989,9,30,2.8770883038898685
Bac Lieu,1989-10-01,1989,10,1,6.119423311323491
Bac Lieu,1989-10-02,1989,10,2,13.314480642570642
Bac Lieu,1989-10-03,1989,10,3,12.183605873503778
Bac Lieu,1989-10-04,1989,10,4,4.1372830116883765
Bac Lieu,1989-10-05,1989,10,5,4.58843281800792
Bac Lieu,1989-10-06,1989,10,6,17.08811655539387
Bac Lieu,1989-10-07,1989,10,7,5.758582325737433
Bac Lieu,1989-10-08,1989,10,8,7.341943782464515
Bac Lieu,1989-10-09,1989,10,9,1.5078420659191203
Bac Lieu,1989-10-10,1989,10,10,1.2500737817872247
Bac Lieu,1989-10-11,1989,10,11,44.13934786303539
Bac Lieu,1989-10-12,1989,10,12,23.69518604577263
Bac Lieu,1989-10-13,1989,10,13,25.641591589945676
Bac Lieu,1989-10-14,1989,10,14,24.526796754765066
Bac Lieu,1989-10-15,1989,10,15,0.0
Bac Lieu,1989-10-16,1989,10,16,16.48254246211502
Bac Lieu,1989-10-17,1989,10,17,34.783514343549626
Bac Lieu,1989-10-18,1989,10,18,42.5018042582746
Bac Lieu,1989-10-19,1989,10,19,12.01717798497542
Bac Lieu,1989-10-20,1989,10,20,3.998262175398053
Bac Lieu,1989-10-21,1989,10,21,0.1503766235495513
Bac Lieu,1989-10-22,1989,10,22,0.0
Bac Lieu,1989-10-23,1989,10,23,0.0
Bac Lieu,1989-10-24,1989,10,24,2.3843645688542785
Bac Lieu,1989-10-25,1989,10,25,8.246322154099087
Bac Lieu,1989-10-26,1989,10,26,2.369848362958656
Bac Lieu,1989-10-27,1989,10,27,2.1102273464382817
Bac Lieu,1989-10-28,1989,10,28,0.0669628579481592
Bac Lieu,1989-10-29,1989,10,29,1.315378495558253
Bac Lieu,1989-10-30,1989,10,30,8.71053996773486
Bac Lieu,1989-10-31,1989,10,31,8.886906534824732
Bac Lieu,1989-11-01,1989,11,1,19.834216301864053
Bac Lieu,1989-11-02,1989,11,2,2.414110202519399
Bac Lieu,1989-11-03,1989,11,3,4.846030994469265
Bac Lieu,1989-11-04,1989,11,4,0.3446449761840533
Bac Lieu,1989-11-05,1989,11,5,0.0
Bac Lieu,1989-11-06,1989,11,6,0.0
Bac Lieu,1989-11-07,1989,11,7,5.434656074901797
Bac Lieu,1989-11-08,1989,11,8,0.4003447905576454
Bac Lieu,1989-11-09,1989,11,9,0.0
Bac Lieu,1989-11-10,1989,11,10,0.0
Bac Lieu,1989-11-11,1989,11,11,4.723048595338497
Bac Lieu,1989-11-12,1989,11,12,0.0109129018063815
Bac Lieu,1989-11-13,1989,11,13,0.0
Bac Lieu,1989-11-14,1989,11,14,1.293917531355372
Bac Lieu,1989-11-15,1989,11,15,1.05971823319849
Bac Lieu,1989-11-16,1989,11,16,0.9457995234975276
Bac Lieu,1989-11-17,1989,11,17,4.560928570981296
Bac Lieu,1989-11-18,1989,11,18,9.707775412487536
Bac Lieu,1989-11-19,1989,11,19,0.0
Bac Lieu,1989-11-20,1989,11,20,1.2169244204467198
Bac Lieu,1989-11-21,1989,11,21,0.0
Bac Lieu,1989-11-22,1989,11,22,0.0
Bac Lieu,1989-11-23,1989,11,23,0.4907896238902831
Bac Lieu,1989-11-24,1989,11,24,0.0
Bac Lieu,1989-11-25,1989,11,25,0.0
Bac Lieu,1989-11-26,1989,11,26,0.0
Bac Lieu,1989-11-27,1989,11,27,0.0
Bac Lieu,1989-11-28,1989,11,28,0.0
Bac Lieu,1989-11-29,1989,11,29,0.0
Bac Lieu,1989-11-30,1989,11,30,0.0
Bac Lieu,1989-12-01,1989,12,1,0.241473055281729
Bac Lieu,1989-12-02,1989,12,2,0.0
Bac Lieu,1989-12-03,1989,12,3,0.0
Bac Lieu,1989-12-04,1989,12,4,0.0
Bac Lieu,1989-12-05,1989,12,5,0.0
Bac Lieu,1989-12-06,1989,12,6,0.0
Bac Lieu,1989-12-07,1989,12,7,0.0
Bac Lieu,1989-12-08,1989,12,8,0.0
Bac Lieu,1989-12-09,1989,12,9,0.0
Bac Lieu,1989-12-10,1989,12,10,0.1010554752169915
Bac Lieu,1989-12-11,1989,12,11,4.236593606319068
Bac Lieu,1989-12-12,1989,12,12,0.0
Bac Lieu,1989-12-13,1989,12,13,0.0
Bac Lieu,1989-12-14,1989,12,14,0.0
Bac Lieu,1989-12-15,1989,12,15,0.0
Bac Lieu,1989-12-16,1989,12,16,0.0
Bac Lieu,1989-12-17,1989,12,17,1.6625728627150915
Bac Lieu,1989-12-18,1989,12,18,0.0
Bac Lieu,1989-12-19,1989,12,19,0.0
Bac Lieu,1989-12-20,1989,12,20,0.0
Bac Lieu,1989-12-21,1989,12,21,0.0
Bac Lieu,1989-12-22,1989,12,22,0.8096623948025256
Bac Lieu,1989-12-23,1989,12,23,8.586613842892199
Bac Lieu,1989-12-24,1989,12,24,0.0
Bac Lieu,1989-12-25,1989,12,25,0.0
Bac Lieu,1989-12-26,1989,12,26,0.0
Bac Lieu,1989-12-27,1989,12,27,0.0
Bac Lieu,1989-12-28,1989,12,28,0.0
Bac Lieu,1989-12-29,1989,12,29,0.0
Bac Lieu,1989-12-30,1989,12,30,6.806996301219149
Bac Lieu,1989-12-31,1989,12,31,0.0
Bac Lieu,1990-01-01,1990,1,1,0.0
Bac Lieu,1990-01-02,1990,1,2,0.0
Bac Lieu,1990-01-03,1990,1,3,0.0
Bac Lieu,1990-01-04,1990,1,4,0.0
Bac Lieu,1990-01-05,1990,1,5,0.3995937127257293
Bac Lieu,1990-01-06,1990,1,6,0.0
Bac Lieu,1990-01-07,1990,1,7,0.0
Bac Lieu,1990-01-08,1990,1,8,2.138535346975867
Bac Lieu,1990-01-09,1990,1,9,0.7189924843086387
Bac Lieu,1990-01-10,1990,1,10,0.0
Bac Lieu,1990-01-11,1990,1,11,0.0
Bac Lieu,1990-01-12,1990,1,12,0.0
Bac Lieu,1990-01-13,1990,1,13,0.0
Bac Lieu,1990-01-14,1990,1,14,0.0
Bac Lieu,1990-01-15,1990,1,15,0.0
Bac Lieu,1990-01-16,1990,1,16,0.0066262708519989
Bac Lieu,1990-01-17,1990,1,17,0.0035298499521219
Bac Lieu,1990-01-18,1990,1,18,0.0
Bac Lieu,1990-01-19,1990,1,19,0.1259379505661298
Bac Lieu,1990-01-20,1990,1,20,8.646801791119124
Bac Lieu,1990-01-21,1990,1,21,0.0
Bac Lieu,1990-01-22,1990,1,22,0.0
Bac Lieu,1990-01-23,1990,1,23,0.0
Bac Lieu,1990-01-24,1990,1,24,0.0
Bac Lieu,1990-01-25,1990,1,25,0.0
Bac Lieu,1990-01-26,1990,1,26,0.0
Bac Lieu,1990-01-27,1990,1,27,0.0
Bac Lieu,1990-01-28,1990,1,28,0.0
Bac Lieu,1990-01-29,1990,1,29,0.0
Bac Lieu,1990-01-30,1990,1,30,0.0
Bac Lieu,1990-01-31,1990,1,31,0.0
Bac Lieu,1990-02-01,1990,2,1,0.0
Bac Lieu,1990-02-02,1990,2,2,0.0
Bac Lieu,1990-02-03,1990,2,3,0.7408116161508381
Bac Lieu,1990-02-04,1990,2,4,1.247607497845056
Bac Lieu,1990-02-05,1990,2,5,0.0
Bac Lieu,1990-02-06,1990,2,6,0.0
Bac Lieu,1990-02-07,1990,2,7,0.0
Bac Lieu,1990-02-08,1990,2,8,0.0
Bac Lieu,1990-02-09,1990,2,9,0.0
Bac Lieu,1990-02-10,1990,2,10,0.0
Bac Lieu,1990-02-11,1990,2,11,0.0
Bac Lieu,1990-02-12,1990,2,12,0.0
Bac Lieu,1990-02-13,1990,2,13,0.0
Bac Lieu,1990-02-14,1990,2,14,0.0
Bac Lieu,1990-02-15,1990,2,15,0.0
Bac Lieu,1990-02-16,1990,2,16,0.0
Bac Lieu,1990-02-17,1990,2,17,0.0
Bac Lieu,1990-02-18,1990,2,18,0.0
Bac Lieu,1990-02-19,1990,2,19,0.0063232740546172
Bac Lieu,1990-02-20,1990,2,20,0.399240529460727
Bac Lieu,1990-02-21,1990,2,21,0.0
Bac Lieu,1990-02-22,1990,2,22,0.0
Bac Lieu,1990-02-23,1990,2,23,0.0
Bac Lieu,1990-02-24,1990,2,24,0.0
Bac Lieu,1990-02-25,1990,2,25,0.0014274280880982
Bac Lieu,1990-02-26,1990,2,26,0.0
Bac Lieu,1990-02-27,1990,2,27,0.0
Bac Lieu,1990-02-28,1990,2,28,0.0
Bac Lieu,1990-03-01,1990,3,1,0.0
Bac Lieu,1990-03-02,1990,3,2,0.0
Bac Lieu,1990-03-03,1990,3,3,0.0
Bac Lieu,1990-03-04,1990,3,4,0.0
Bac Lieu,1990-03-05,1990,3,5,0.0
Bac Lieu,1990-03-06,1990,3,6,0.0
Bac Lieu,1990-03-07,1990,3,7,0.1041571166470365
Bac Lieu,1990-03-08,1990,3,8,1.956334286815716
Bac Lieu,1990-03-09,1990,3,9,0.0143543786642686
Bac Lieu,1990-03-10,1990,3,10,0.0
Bac Lieu,1990-03-11,1990,3,11,0.2131697157553906
Bac Lieu,1990-03-12,1990,3,12,0.5132319417449663
Bac Lieu,1990-03-13,1990,3,13,0.0
Bac Lieu,1990-03-14,1990,3,14,0.0
Bac Lieu,1990-03-15,1990,3,15,0.0
Bac Lieu,1990-03-16,1990,3,16,0.0
Bac Lieu,1990-03-17,1990,3,17,0.0
Bac Lieu,1990-03-18,1990,3,18,0.0
Bac Lieu,1990-03-19,1990,3,19,0.0
Bac Lieu,1990-03-20,1990,3,20,0.0
Bac Lieu,1990-03-21,1990,3,21,0.0
Bac Lieu,1990-03-22,1990,3,22,0.0842840903660036
Bac Lieu,1990-03-23,1990,3,23,4.605090325697414
Bac Lieu,1990-03-24,1990,3,24,0.5463034063735099
Bac Lieu,1990-03-25,1990,3,25,0.0
Bac Lieu,1990-03-26,1990,3,26,0.0
Bac Lieu,1990-03-27,1990,3,27,0.9617026335698255
Bac Lieu,1990-03-28,1990,3,28,0.0
Bac Lieu,1990-03-29,1990,3,29,0.0
Bac Lieu,1990-03-30,1990,3,30,0.0
Bac Lieu,1990-03-31,1990,3,31,0.0
Bac Lieu,1990-04-01,1990,4,1,0.0
Bac Lieu,1990-04-02,1990,4,2,0.0
Bac Lieu,1990-04-03,1990,4,3,1.686212660267668
Bac Lieu,1990-04-04,1990,4,4,0.0
Bac Lieu,1990-04-05,1990,4,5,0.0
Bac Lieu,1990-04-06,1990,4,6,0.0
Bac Lieu,1990-04-07,1990,4,7,0.0402752503449062
Bac Lieu,1990-04-08,1990,4,8,0.0
Bac Lieu,1990-04-09,1990,4,9,0.0
Bac Lieu,1990-04-10,1990,4,10,0.0
Bac Lieu,1990-04-11,1990,4,11,0.0
Bac Lieu,1990-04-12,1990,4,12,0.6913311347691521
Bac Lieu,1990-04-13,1990,4,13,0.1074934708937159
Bac Lieu,1990-04-14,1990,4,14,0.0
Bac Lieu,1990-04-15,1990,4,15,2.53143431895634
Bac Lieu,1990-04-16,1990,4,16,0.8743578820588456
Bac Lieu,1990-04-17,1990,4,17,1.180629263257081
Bac Lieu,1990-04-18,1990,4,18,6.804920971114681
Bac Lieu,1990-04-19,1990,4,19,1.4035502852853745
Bac Lieu,1990-04-20,1990,4,20,1.752546766065202
Bac Lieu,1990-04-21,1990,4,21,1.2891485171138115
Bac Lieu,1990-04-22,1990,4,22,2.375303226291009
Bac Lieu,1990-04-23,1990,4,23,0.7003376667814436
Bac Lieu,1990-04-24,1990,4,24,0.0176758729286913
Bac Lieu,1990-04-25,1990,4,25,0.0
Bac Lieu,1990-04-26,1990,4,26,5.637190909673584
Bac Lieu,1990-04-27,1990,4,27,0.0
Bac Lieu,1990-04-28,1990,4,28,18.311587364178788
Bac Lieu,1990-04-29,1990,4,29,1.4924370700908158
Bac Lieu,1990-04-30,1990,4,30,1.7107755797584103
Bac Lieu,1990-05-01,1990,5,1,9.101287231859173
Bac Lieu,1990-05-02,1990,5,2,0.4303934914840843
Bac Lieu,1990-05-03,1990,5,3,0.0387312199574596
Bac Lieu,1990-05-04,1990,5,4,0.4601880180880709
Bac Lieu,1990-05-05,1990,5,5,1.0852681544951674
Bac Lieu,1990-05-06,1990,5,6,1.0937190231467195
Bac Lieu,1990-05-07,1990,5,7,0.0
Bac Lieu,1990-05-08,1990,5,8,3.3308741822872534
Bac Lieu,1990-05-09,1990,5,9,6.356295111719169
Bac Lieu,1990-05-10,1990,5,10,5.617375425176801
Bac Lieu,1990-05-11,1990,5,11,2.1200606209467043
Bac Lieu,1990-05-12,1990,5,12,3.624418037441541
Bac Lieu,1990-05-13,1990,5,13,3.088456815593648
Bac Lieu,1990-05-14,1990,5,14,3.4575234835552724
Bac Lieu,1990-05-15,1990,5,15,0.1144030093606913
Bac Lieu,1990-05-16,1990,5,16,5.835796174400258
Bac Lieu,1990-05-17,1990,5,17,0.4147642029366403
Bac Lieu,1990-05-18,1990,5,18,2.4707990104837245
Bac Lieu,1990-05-19,1990,5,19,4.132998794654631
Bac Lieu,1990-05-20,1990,5,20,5.851555897667724
Bac Lieu,1990-05-21,1990,5,21,7.466396133647776
Bac Lieu,1990-05-22,1990,5,22,4.004183925817597
Bac Lieu,1990-05-23,1990,5,23,9.45950753537664
Bac Lieu,1990-05-24,1990,5,24,2.6898083369327046
Bac Lieu,1990-05-25,1990,5,25,4.638779304216492
Bac Lieu,1990-05-26,1990,5,26,5.686825291372694
Bac Lieu,1990-05-27,1990,5,27,8.698621012912607
Bac Lieu,1990-05-28,1990,5,28,6.96652784043438
Bac Lieu,1990-05-29,1990,5,29,3.398199201053043
Bac Lieu,1990-05-30,1990,5,30,1.8272279527592208
Bac Lieu,1990-05-31,1990,5,31,0.0
Bac Lieu,1990-06-01,1990,6,1,1.93808016032093
Bac Lieu,1990-06-02,1990,6,2,6.103117166249257
Bac Lieu,1990-06-03,1990,6,3,6.046599263982953
Bac Lieu,1990-06-04,1990,6,4,4.860343393073892
Bac Lieu,1990-06-05,1990,6,5,0.756425208847478
Bac Lieu,1990-06-06,1990,6,6,2.889425662742472
Bac Lieu,1990-06-07,1990,6,7,7.18537394520022
Bac Lieu,1990-06-08,1990,6,8,9.857371555580286
Bac Lieu,1990-06-09,1990,6,9,4.620070910651728
Bac Lieu,1990-06-10,1990,6,10,35.56174815793308
Bac Lieu,1990-06-11,1990,6,11,2.58251889146049
Bac Lieu,1990-06-12,1990,6,12,12.111890549389823
Bac Lieu,1990-06-13,1990,6,13,0.0204712331160059
Bac Lieu,1990-06-14,1990,6,14,5.693810972357697
Bac Lieu,1990-06-15,1990,6,15,46.387822570153
Bac Lieu,1990-06-16,1990,6,16,10.642938327951253
Bac Lieu,1990-06-17,1990,6,17,0.8632446792710503
Bac Lieu,1990-06-18,1990,6,18,0.0
Bac Lieu,1990-06-19,1990,6,19,1.1822690394779425
Bac Lieu,1990-06-20,1990,6,20,4.617342937469482
Bac Lieu,1990-06-21,1990,6,21,19.370440603472154
Bac Lieu,1990-06-22,1990,6,22,14.956175487158438
Bac Lieu,1990-06-23,1990,6,23,0.9031836903770016
Bac Lieu,1990-06-24,1990,6,24,7.304986622126599
Bac Lieu,1990-06-25,1990,6,25,10.07401692404837
Bac Lieu,1990-06-26,1990,6,26,1.7387790653480677
Bac Lieu,1990-06-27,1990,6,27,7.109712609309072
Bac Lieu,1990-06-28,1990,6,28,5.14070452085531
Bac Lieu,1990-06-29,1990,6,29,4.080672940614089
Bac Lieu,1990-06-30,1990,6,30,0.0081428107495577
Bac Lieu,1990-07-01,1990,7,1,0.7084409723731707
Bac Lieu,1990-07-02,1990,7,2,0.0199539978459196
Bac Lieu,1990-07-03,1990,7,3,3.805422783527735
Bac Lieu,1990-07-04,1990,7,4,0.0
Bac Lieu,1990-07-05,1990,7,5,14.367195608067064
Bac Lieu,1990-07-06,1990,7,6,5.244393908140794
Bac Lieu,1990-07-07,1990,7,7,0.0
Bac Lieu,1990-07-08,1990,7,8,0.0
Bac Lieu,1990-07-09,1990,7,9,8.869166222464363
Bac Lieu,1990-07-10,1990,7,10,4.430589352049918
Bac Lieu,1990-07-11,1990,7,11,5.360264478971375
Bac Lieu,1990-07-12,1990,7,12,17.91350649606957
Bac Lieu,1990-07-13,1990,7,13,0.318408827565751
Bac Lieu,1990-07-14,1990,7,14,0.0
Bac Lieu,1990-07-15,1990,7,15,4.9600396800671
Bac Lieu,1990-07-16,1990,7,16,18.54824337214345
Bac Lieu,1990-07-17,1990,7,17,8.153359482243376
Bac Lieu,1990-07-18,1990,7,18,14.15230897656927
Bac Lieu,1990-07-19,1990,7,19,13.323242661368177
Bac Lieu,1990-07-20,1990,7,20,8.435651219583907
Bac Lieu,1990-07-21,1990,7,21,27.53428710923105
Bac Lieu,1990-07-22,1990,7,22,10.80903000867592
Bac Lieu,1990-07-23,1990,7,23,1.7921271902120344
Bac Lieu,1990-07-24,1990,7,24,2.041338276989056
Bac Lieu,1990-07-25,1990,7,25,7.109275150586975
Bac Lieu,1990-07-26,1990,7,26,10.298241467907744
Bac Lieu,1990-07-27,1990,7,27,3.651383330597068
Bac Lieu,1990-07-28,1990,7,28,6.819409857354076
Bac Lieu,1990-07-29,1990,7,29,15.185610564951627
Bac Lieu,1990-07-30,1990,7,30,18.7894199119424
Bac Lieu,1990-07-31,1990,7,31,33.0046961757732
Bac Lieu,1990-08-01,1990,8,1,3.1681859793573057
Bac Lieu,1990-08-02,1990,8,2,0.0
Bac Lieu,1990-08-03,1990,8,3,0.3864858642074297
Bac Lieu,1990-08-04,1990,8,4,4.778802382073313
Bac Lieu,1990-08-05,1990,8,5,3.75772295847479
Bac Lieu,1990-08-06,1990,8,6,9.233837143232238
Bac Lieu,1990-08-07,1990,8,7,4.931579097963729
Bac Lieu,1990-08-08,1990,8,8,1.5165765282612929
Bac Lieu,1990-08-09,1990,8,9,6.693178949643981
Bac Lieu,1990-08-10,1990,8,10,0.5072346858978272
Bac Lieu,1990-08-11,1990,8,11,3.166865921416373
Bac Lieu,1990-08-12,1990,8,12,2.1805508194689485
Bac Lieu,1990-08-13,1990,8,13,14.427688078358493
Bac Lieu,1990-08-14,1990,8,14,1.815734355926514
Bac Lieu,1990-08-15,1990,8,15,41.10861055633258
Bac Lieu,1990-08-16,1990,8,16,45.96130457248329
Bac Lieu,1990-08-17,1990,8,17,4.68478147096454
Bac Lieu,1990-08-18,1990,8,18,2.6043403184458893
Bac Lieu,1990-08-19,1990,8,19,28.246913322160832
Bac Lieu,1990-08-20,1990,8,20,15.25796043906122
Bac Lieu,1990-08-21,1990,8,21,2.7974856696578696
Bac Lieu,1990-08-22,1990,8,22,0.0
Bac Lieu,1990-08-23,1990,8,23,1.187974882953572
Bac Lieu,1990-08-24,1990,8,24,0.0249078870629364
Bac Lieu,1990-08-25,1990,8,25,0.0
Bac Lieu,1990-08-26,1990,8,26,4.581554506391851
Bac Lieu,1990-08-27,1990,8,27,0.9515010571749708
Bac Lieu,1990-08-28,1990,8,28,12.912811402896663
Bac Lieu,1990-08-29,1990,8,29,16.439137472386637
Bac Lieu,1990-08-30,1990,8,30,15.502305394838444
Bac Lieu,1990-08-31,1990,8,31,0.7115446692952571
Bac Lieu,1990-09-01,1990,9,1,0.0
Bac Lieu,1990-09-02,1990,9,2,19.976623779440825
Bac Lieu,1990-09-03,1990,9,3,35.81093399019062
Bac Lieu,1990-09-04,1990,9,4,10.273544894920208
Bac Lieu,1990-09-05,1990,9,5,0.9287863758734938
Bac Lieu,1990-09-06,1990,9,6,0.0
Bac Lieu,1990-09-07,1990,9,7,0.0
Bac Lieu,1990-09-08,1990,9,8,7.068111023507029
Bac Lieu,1990-09-09,1990,9,9,2.021996773719788
Bac Lieu,1990-09-10,1990,9,10,6.352635765327597
Bac Lieu,1990-09-11,1990,9,11,3.01999499484728
Bac Lieu,1990-09-12,1990,9,12,4.890823474299234
Bac Lieu,1990-09-13,1990,9,13,0.2706911113217192
Bac Lieu,1990-09-14,1990,9,14,1.0667824256195213
Bac Lieu,1990-09-15,1990,9,15,8.319062165935085
Bac Lieu,1990-09-16,1990,9,16,9.912630689351063
Bac Lieu,1990-09-17,1990,9,17,12.253413542297654
Bac Lieu,1990-09-18,1990,9,18,11.897950118352783
Bac Lieu,1990-09-19,1990,9,19,9.91832511745309
Bac Lieu,1990-09-20,1990,9,20,4.05903552046362
Bac Lieu,1990-09-21,1990,9,21,2.913630856981818
Bac Lieu,1990-09-22,1990,9,22,22.62753913003094
Bac Lieu,1990-09-23,1990,9,23,14.52033409957166
Bac Lieu,1990-09-24,1990,9,24,4.99021937359504
Bac Lieu,1990-09-25,1990,9,25,22.449012769303238
Bac Lieu,1990-09-26,1990,9,26,32.69664801471639
Bac Lieu,1990-09-27,1990,9,27,4.160317837967064
Bac Lieu,1990-09-28,1990,9,28,18.671884352809982
Bac Lieu,1990-09-29,1990,9,29,14.725794845994916
Bac Lieu,1990-09-30,1990,9,30,26.863209136585024
Bac Lieu,1990-10-01,1990,10,1,21.786271345102563
Bac Lieu,1990-10-02,1990,10,2,7.743727569130234
Bac Lieu,1990-10-03,1990,10,3,7.358455249660422
Bac Lieu,1990-10-04,1990,10,4,12.588849552910286
Bac Lieu,1990-10-05,1990,10,5,1.1420467390384317
Bac Lieu,1990-10-06,1990,10,6,0.0
Bac Lieu,1990-10-07,1990,10,7,0.4509558530933453
Bac Lieu,1990-10-08,1990,10,8,11.669715410664397
Bac Lieu,1990-10-09,1990,10,9,1.3251124814051505
Bac Lieu,1990-10-10,1990,10,10,0.3708798594744701
Bac Lieu,1990-10-11,1990,10,11,1.3280500196780802
Bac Lieu,1990-10-12,1990,10,12,0.0449840139712927
Bac Lieu,1990-10-13,1990,10,13,4.0515911714086
Bac Lieu,1990-10-14,1990,10,14,0.4740530770859629
Bac Lieu,1990-10-15,1990,10,15,0.4504375238238641
Bac Lieu,1990-10-16,1990,10,16,2.468363723395006
Bac Lieu,1990-10-17,1990,10,17,9.092138103737025
Bac Lieu,1990-10-18,1990,10,18,8.070178742984558
Bac Lieu,1990-10-19,1990,10,19,2.446774862307423
Bac Lieu,1990-10-20,1990,10,20,0.0
Bac Lieu,1990-10-21,1990,10,21,1.7573278123027876
Bac Lieu,1990-10-22,1990,10,22,18.14485002143428
Bac Lieu,1990-10-23,1990,10,23,3.318691909682077
Bac Lieu,1990-10-24,1990,10,24,15.30192232891299
Bac Lieu,1990-10-25,1990,10,25,39.45954395279795
Bac Lieu,1990-10-26,1990,10,26,2.7616975060588915
Bac Lieu,1990-10-27,1990,10,27,17.701837998768077
Bac Lieu,1990-10-28,1990,10,28,15.58305097425209
Bac Lieu,1990-10-29,1990,10,29,3.928741741612273
Bac Lieu,1990-10-30,1990,10,30,0.0
Bac Lieu,1990-10-31,1990,10,31,0.0
Bac Lieu,1990-11-01,1990,11,1,0.0
Bac Lieu,1990-11-02,1990,11,2,15.013264354417911
Bac Lieu,1990-11-03,1990,11,3,8.326827248159447
Bac Lieu,1990-11-04,1990,11,4,0.0
Bac Lieu,1990-11-05,1990,11,5,11.450365485749158
Bac Lieu,1990-11-06,1990,11,6,17.197989982425042
Bac Lieu,1990-11-07,1990,11,7,7.808001980655598
Bac Lieu,1990-11-08,1990,11,8,22.67467106219958
Bac Lieu,1990-11-09,1990,11,9,6.943258855873686
Bac Lieu,1990-11-10,1990,11,10,10.899747205464344
Bac Lieu,1990-11-11,1990,11,11,7.000276018286651
Bac Lieu,1990-11-12,1990,11,12,0.0
Bac Lieu,1990-11-13,1990,11,13,2.0588398170831077
Bac Lieu,1990-11-14,1990,11,14,0.3632978174821387
Bac Lieu,1990-11-15,1990,11,15,16.609665544725818
Bac Lieu,1990-11-16,1990,11,16,3.108674363514163
Bac Lieu,1990-11-17,1990,11,17,0.0
Bac Lieu,1990-11-18,1990,11,18,0.0
Bac Lieu,1990-11-19,1990,11,19,2.1330314509913606
Bac Lieu,1990-11-20,1990,11,20,2.834248426113489
Bac Lieu,1990-11-21,1990,11,21,0.5642951560110417
Bac Lieu,1990-11-22,1990,11,22,0.0
Bac Lieu,1990-11-23,1990,11,23,0.0
Bac Lieu,1990-11-24,1990,11,24,0.0
Bac Lieu,1990-11-25,1990,11,25,0.9481019813609574
Bac Lieu,1990-11-26,1990,11,26,1.0631350015604273
Bac Lieu,1990-11-27,1990,11,27,0.0
Bac Lieu,1990-11-28,1990,11,28,0.0
Bac Lieu,1990-11-29,1990,11,29,0.0
Bac Lieu,1990-11-30,1990,11,30,0.0
Bac Lieu,1990-12-01,1990,12,1,0.0
Bac Lieu,1990-12-02,1990,12,2,0.0
Bac Lieu,1990-12-03,1990,12,3,0.0
Bac Lieu,1990-12-04,1990,12,4,0.0
Bac Lieu,1990-12-05,1990,12,5,0.0
Bac Lieu,1990-12-06,1990,12,6,0.0
Bac Lieu,1990-12-07,1990,12,7,0.402833636229893
Bac Lieu,1990-12-08,1990,12,8,1.2481855164293976
Bac Lieu,1990-12-09,1990,12,9,7.620976140670058
Bac Lieu,1990-12-10,1990,12,10,0.1476294460296631
Bac Lieu,1990-12-11,1990,12,11,0.0
Bac Lieu,1990-12-12,1990,12,12,0.0
Bac Lieu,1990-12-13,1990,12,13,2.2560960944013777
Bac Lieu,1990-12-14,1990,12,14,0.2576083176990725
Bac Lieu,1990-12-15,1990,12,15,0.0
Bac Lieu,1990-12-16,1990,12,16,0.055971397939718
Bac Lieu,1990-12-17,1990,12,17,8.542459781223874
Bac Lieu,1990-12-18,1990,12,18,0.0
Bac Lieu,1990-12-19,1990,12,19,0.0
Bac Lieu,1990-12-20,1990,12,20,0.0
Bac Lieu,1990-12-21,1990,12,21,0.0
Bac Lieu,1990-12-22,1990,12,22,0.0348811830214734
Bac Lieu,1990-12-23,1990,12,23,0.0
Bac Lieu,1990-12-24,1990,12,24,0.0
Bac Lieu,1990-12-25,1990,12,25,0.0
Bac Lieu,1990-12-26,1990,12,26,0.0
Bac Lieu,1990-12-27,1990,12,27,0.0
Bac Lieu,1990-12-28,1990,12,28,0.0
Bac Lieu,1990-12-29,1990,12,29,0.0
Bac Lieu,1990-12-30,1990,12,30,0.0
Bac Lieu,1990-12-31,1990,12,31,1.2216342106765172
Bac Lieu,1991-01-01,1991,1,1,0.0
Bac Lieu,1991-01-02,1991,1,2,0.0
Bac Lieu,1991-01-03,1991,1,3,0.0
Bac Lieu,1991-01-04,1991,1,4,0.0
Bac Lieu,1991-01-05,1991,1,5,0.0506895782812586
Bac Lieu,1991-01-06,1991,1,6,0.0
Bac Lieu,1991-01-07,1991,1,7,0.0
Bac Lieu,1991-01-08,1991,1,8,0.0
Bac Lieu,1991-01-09,1991,1,9,0.0
Bac Lieu,1991-01-10,1991,1,10,0.0
Bac Lieu,1991-01-11,1991,1,11,0.0
Bac Lieu,1991-01-12,1991,1,12,0.1468560180484124
Bac Lieu,1991-01-13,1991,1,13,0.0
Bac Lieu,1991-01-14,1991,1,14,0.0023676630775883
Bac Lieu,1991-01-15,1991,1,15,0.0
Bac Lieu,1991-01-16,1991,1,16,0.0084288885548429
Bac Lieu,1991-01-17,1991,1,17,0.0
Bac Lieu,1991-01-18,1991,1,18,0.0
Bac Lieu,1991-01-19,1991,1,19,0.0
Bac Lieu,1991-01-20,1991,1,20,3.1548573643666398
Bac Lieu,1991-01-21,1991,1,21,4.820389202180899
Bac Lieu,1991-01-22,1991,1,22,0.2434229317251241
Bac Lieu,1991-01-23,1991,1,23,0.0
Bac Lieu,1991-01-24,1991,1,24,0.0029590142897839
Bac Lieu,1991-01-25,1991,1,25,0.0275861263455085
Bac Lieu,1991-01-26,1991,1,26,0.3185321919693137
Bac Lieu,1991-01-27,1991,1,27,0.0
Bac Lieu,1991-01-28,1991,1,28,0.0
Bac Lieu,1991-01-29,1991,1,29,0.0
Bac Lieu,1991-01-30,1991,1,30,0.0
Bac Lieu,1991-01-31,1991,1,31,0.0
Bac Lieu,1991-02-01,1991,2,1,0.0
Bac Lieu,1991-02-02,1991,2,2,0.0
Bac Lieu,1991-02-03,1991,2,3,0.0
Bac Lieu,1991-02-04,1991,2,4,0.0
Bac Lieu,1991-02-05,1991,2,5,0.0264910676524324
Bac Lieu,1991-02-06,1991,2,6,0.0
Bac Lieu,1991-02-07,1991,2,7,0.0
Bac Lieu,1991-02-08,1991,2,8,0.0
Bac Lieu,1991-02-09,1991,2,9,0.0
Bac Lieu,1991-02-10,1991,2,10,0.0
Bac Lieu,1991-02-11,1991,2,11,0.0
Bac Lieu,1991-02-12,1991,2,12,0.0
Bac Lieu,1991-02-13,1991,2,13,0.0
Bac Lieu,1991-02-14,1991,2,14,0.0
Bac Lieu,1991-02-15,1991,2,15,0.1853892323475963
Bac Lieu,1991-02-16,1991,2,16,0.0
Bac Lieu,1991-02-17,1991,2,17,0.0
Bac Lieu,1991-02-18,1991,2,18,0.0
Bac Lieu,1991-02-19,1991,2,19,0.6720689097710377
Bac Lieu,1991-02-20,1991,2,20,0.0
Bac Lieu,1991-02-21,1991,2,21,0.0
Bac Lieu,1991-02-22,1991,2,22,0.0
Bac Lieu,1991-02-23,1991,2,23,0.0
Bac Lieu,1991-02-24,1991,2,24,0.0
Bac Lieu,1991-02-25,1991,2,25,0.5034654862205938
Bac Lieu,1991-02-26,1991,2,26,0.0
Bac Lieu,1991-02-27,1991,2,27,0.0
Bac Lieu,1991-02-28,1991,2,28,0.0
Bac Lieu,1991-03-01,1991,3,1,0.0
Bac Lieu,1991-03-02,1991,3,2,0.0
Bac Lieu,1991-03-03,1991,3,3,0.0
Bac Lieu,1991-03-04,1991,3,4,0.0
Bac Lieu,1991-03-05,1991,3,5,0.0
Bac Lieu,1991-03-06,1991,3,6,0.0
Bac Lieu,1991-03-07,1991,3,7,0.0
Bac Lieu,1991-03-08,1991,3,8,0.0
Bac Lieu,1991-03-09,1991,3,9,0.0
Bac Lieu,1991-03-10,1991,3,10,0.0
Bac Lieu,1991-03-11,1991,3,11,0.0
Bac Lieu,1991-03-12,1991,3,12,0.0
Bac Lieu,1991-03-13,1991,3,13,0.0
Bac Lieu,1991-03-14,1991,3,14,0.0
Bac Lieu,1991-03-15,1991,3,15,0.0
Bac Lieu,1991-03-16,1991,3,16,8.639732347218498
Bac Lieu,1991-03-17,1991,3,17,3.125716654842756
Bac Lieu,1991-03-18,1991,3,18,0.0
Bac Lieu,1991-03-19,1991,3,19,0.0
Bac Lieu,1991-03-20,1991,3,20,0.0
Bac Lieu,1991-03-21,1991,3,21,0.0
Bac Lieu,1991-03-22,1991,3,22,0.0
Bac Lieu,1991-03-23,1991,3,23,0.0
Bac Lieu,1991-03-24,1991,3,24,0.0
Bac Lieu,1991-03-25,1991,3,25,0.0
Bac Lieu,1991-03-26,1991,3,26,0.0
Bac Lieu,1991-03-27,1991,3,27,0.0
Bac Lieu,1991-03-28,1991,3,28,0.0
Bac Lieu,1991-03-29,1991,3,29,0.0
Bac Lieu,1991-03-30,1991,3,30,0.0
Bac Lieu,1991-03-31,1991,3,31,6.237580869206842
Bac Lieu,1991-04-01,1991,4,1,0.0
Bac Lieu,1991-04-02,1991,4,2,0.0
Bac Lieu,1991-04-03,1991,4,3,0.0
Bac Lieu,1991-04-04,1991,4,4,0.0
Bac Lieu,1991-04-05,1991,4,5,0.1984506759823493
Bac Lieu,1991-04-06,1991,4,6,0.6398119759109785
Bac Lieu,1991-04-07,1991,4,7,0.380706040166459
Bac Lieu,1991-04-08,1991,4,8,0.4450968509350183
Bac Lieu,1991-04-09,1991,4,9,0.0
Bac Lieu,1991-04-10,1991,4,10,0.0
Bac Lieu,1991-04-11,1991,4,11,0.0
Bac Lieu,1991-04-12,1991,4,12,0.0
Bac Lieu,1991-04-13,1991,4,13,0.0
Bac Lieu,1991-04-14,1991,4,14,0.0
Bac Lieu,1991-04-15,1991,4,15,0.0
Bac Lieu,1991-04-16,1991,4,16,0.0
Bac Lieu,1991-04-17,1991,4,17,0.0
Bac Lieu,1991-04-18,1991,4,18,0.0
Bac Lieu,1991-04-19,1991,4,19,0.0
Bac Lieu,1991-04-20,1991,4,20,0.1385975498703291
Bac Lieu,1991-04-21,1991,4,21,5.573742489598832
Bac Lieu,1991-04-22,1991,4,22,0.0498305304725215
Bac Lieu,1991-04-23,1991,4,23,3.1952183123264675
Bac Lieu,1991-04-24,1991,4,24,0.0
Bac Lieu,1991-04-25,1991,4,25,0.0
Bac Lieu,1991-04-26,1991,4,26,0.195170488969335
Bac Lieu,1991-04-27,1991,4,27,9.672281848439631
Bac Lieu,1991-04-28,1991,4,28,0.0
Bac Lieu,1991-04-29,1991,4,29,0.0
Bac Lieu,1991-04-30,1991,4,30,0.0
Bac Lieu,1991-05-01,1991,5,1,2.432646285362964
Bac Lieu,1991-05-02,1991,5,2,10.33598037050355
Bac Lieu,1991-05-03,1991,5,3,0.9436532465376946
Bac Lieu,1991-05-04,1991,5,4,0.0
Bac Lieu,1991-05-05,1991,5,5,5.35415386376291
Bac Lieu,1991-05-06,1991,5,6,10.05543896928823
Bac Lieu,1991-05-07,1991,5,7,2.501275365829468
Bac Lieu,1991-05-08,1991,5,8,0.0
Bac Lieu,1991-05-09,1991,5,9,2.7123166435529606
Bac Lieu,1991-05-10,1991,5,10,0.3498471731149926
Bac Lieu,1991-05-11,1991,5,11,0.0
Bac Lieu,1991-05-12,1991,5,12,1.3355320739206278
Bac Lieu,1991-05-13,1991,5,13,11.665836894251266
Bac Lieu,1991-05-14,1991,5,14,2.051925942852812
Bac Lieu,1991-05-15,1991,5,15,2.563209054838937
Bac Lieu,1991-05-16,1991,5,16,0.1315103405286681
Bac Lieu,1991-05-17,1991,5,17,1.646538778224082
Bac Lieu,1991-05-18,1991,5,18,9.23764640860288
Bac Lieu,1991-05-19,1991,5,19,7.46520388936097
Bac Lieu,1991-05-20,1991,5,20,15.87280904697922
Bac Lieu,1991-05-21,1991,5,21,11.509790255834476
Bac Lieu,1991-05-22,1991,5,22,0.1458988567208344
Bac Lieu,1991-05-23,1991,5,23,10.047804620436905
Bac Lieu,1991-05-24,1991,5,24,11.895053799089398
Bac Lieu,1991-05-25,1991,5,25,10.891832802502616
Bac Lieu,1991-05-26,1991,5,26,12.57207145316646
Bac Lieu,1991-05-27,1991,5,27,19.830321977777302
Bac Lieu,1991-05-28,1991,5,28,16.03690510211801
Bac Lieu,1991-05-29,1991,5,29,24.43998645365013
Bac Lieu,1991-05-30,1991,5,30,17.889542225423853
Bac Lieu,1991-05-31,1991,5,31,11.216061444138582
Bac Lieu,1991-06-01,1991,6,1,11.519547957222416
Bac Lieu,1991-06-02,1991,6,2,25.438478430550063
Bac Lieu,1991-06-03,1991,6,3,18.31121462625828
Bac Lieu,1991-06-04,1991,6,4,32.83076423011636
Bac Lieu,1991-06-05,1991,6,5,12.496054239830888
Bac Lieu,1991-06-06,1991,6,6,8.856686945447382
Bac Lieu,1991-06-07,1991,6,7,8.951026706677563
Bac Lieu,1991-06-08,1991,6,8,8.171469804313949
Bac Lieu,1991-06-09,1991,6,9,0.0
Bac Lieu,1991-06-10,1991,6,10,10.166299627807906
Bac Lieu,1991-06-11,1991,6,11,27.46867572849202
Bac Lieu,1991-06-12,1991,6,12,0.0074751361990874
Bac Lieu,1991-06-13,1991,6,13,0.0
Bac Lieu,1991-06-14,1991,6,14,5.584022626301029
Bac Lieu,1991-06-15,1991,6,15,0.6652986571833774
Bac Lieu,1991-06-16,1991,6,16,26.159177958416496
Bac Lieu,1991-06-17,1991,6,17,7.774952223633824
Bac Lieu,1991-06-18,1991,6,18,1.0370708083926508
Bac Lieu,1991-06-19,1991,6,19,0.0
Bac Lieu,1991-06-20,1991,6,20,15.89433065365846
Bac Lieu,1991-06-21,1991,6,21,24.81880427061837
Bac Lieu,1991-06-22,1991,6,22,17.6285760474295
Bac Lieu,1991-06-23,1991,6,23,6.347721818672037
Bac Lieu,1991-06-24,1991,6,24,1.740769321045786
Bac Lieu,1991-06-25,1991,6,25,19.3672298107867
Bac Lieu,1991-06-26,1991,6,26,0.0
Bac Lieu,1991-06-27,1991,6,27,2.256641114990667
Bac Lieu,1991-06-28,1991,6,28,1.3513836182378374
Bac Lieu,1991-06-29,1991,6,29,12.649743459755522
Bac Lieu,1991-06-30,1991,6,30,5.647599340438845
Bac Lieu,1991-07-01,1991,7,1,17.972166227538633
Bac Lieu,1991-07-02,1991,7,2,13.538182258120123
Bac Lieu,1991-07-03,1991,7,3,11.484303130761631
Bac Lieu,1991-07-04,1991,7,4,2.612193221470095
Bac Lieu,1991-07-05,1991,7,5,15.608437832508455
Bac Lieu,1991-07-06,1991,7,6,0.014855479294399
Bac Lieu,1991-07-07,1991,7,7,10.909191294724089
Bac Lieu,1991-07-08,1991,7,8,0.0
Bac Lieu,1991-07-09,1991,7,9,17.138116036577042
Bac Lieu,1991-07-10,1991,7,10,0.6621482608003436
Bac Lieu,1991-07-11,1991,7,11,33.02720005607605
Bac Lieu,1991-07-12,1991,7,12,10.26511115349464
Bac Lieu,1991-07-13,1991,7,13,3.5388701027924165
Bac Lieu,1991-07-14,1991,7,14,12.950304328468611
Bac Lieu,1991-07-15,1991,7,15,0.0
Bac Lieu,1991-07-16,1991,7,16,0.5312210381525868
Bac Lieu,1991-07-17,1991,7,17,0.0
Bac Lieu,1991-07-18,1991,7,18,0.0
Bac Lieu,1991-07-19,1991,7,19,4.463766263565927
Bac Lieu,1991-07-20,1991,7,20,2.264766248613034
Bac Lieu,1991-07-21,1991,7,21,6.623564779965385
Bac Lieu,1991-07-22,1991,7,22,1.38432878997191
Bac Lieu,1991-07-23,1991,7,23,3.065037545366107
Bac Lieu,1991-07-24,1991,7,24,8.599916118891734
Bac Lieu,1991-07-25,1991,7,25,7.081743871931761
Bac Lieu,1991-07-26,1991,7,26,15.965705303911896
Bac Lieu,1991-07-27,1991,7,27,0.2431165820967476
Bac Lieu,1991-07-28,1991,7,28,5.360880249185383
Bac Lieu,1991-07-29,1991,7,29,0.0593375335909285
Bac Lieu,1991-07-30,1991,7,30,0.0
Bac Lieu,1991-07-31,1991,7,31,1.7014220113394396
Bac Lieu,1991-08-01,1991,8,1,12.97722820591477
Bac Lieu,1991-08-02,1991,8,2,5.845682399119971
Bac Lieu,1991-08-03,1991,8,3,9.735532919829748
Bac Lieu,1991-08-04,1991,8,4,17.59889973251775
Bac Lieu,1991-08-05,1991,8,5,26.723920330767367
Bac Lieu,1991-08-06,1991,8,6,2.031316675528041
Bac Lieu,1991-08-07,1991,8,7,0.0
Bac Lieu,1991-08-08,1991,8,8,0.0
Bac Lieu,1991-08-09,1991,8,9,0.0
Bac Lieu,1991-08-10,1991,8,10,9.692269847653948
Bac Lieu,1991-08-11,1991,8,11,5.832833331809854
Bac Lieu,1991-08-12,1991,8,12,10.747161543612211
Bac Lieu,1991-08-13,1991,8,13,3.962507759813993
Bac Lieu,1991-08-14,1991,8,14,13.324427912622127
Bac Lieu,1991-08-15,1991,8,15,14.68098006410419
Bac Lieu,1991-08-16,1991,8,16,4.557068121568212
Bac Lieu,1991-08-17,1991,8,17,33.42551052827656
Bac Lieu,1991-08-18,1991,8,18,31.82248824576613
Bac Lieu,1991-08-19,1991,8,19,27.659477494329774
Bac Lieu,1991-08-20,1991,8,20,17.47661974007229
Bac Lieu,1991-08-21,1991,8,21,3.866402961389074
Bac Lieu,1991-08-22,1991,8,22,5.209296965077239
Bac Lieu,1991-08-23,1991,8,23,3.1048321662938827
Bac Lieu,1991-08-24,1991,8,24,0.0
Bac Lieu,1991-08-25,1991,8,25,11.580846971745762
Bac Lieu,1991-08-26,1991,8,26,1.4761055088403092
Bac Lieu,1991-08-27,1991,8,27,3.1510673320878237
Bac Lieu,1991-08-28,1991,8,28,13.287764677209674
Bac Lieu,1991-08-29,1991,8,29,12.77173030005761
Bac Lieu,1991-08-30,1991,8,30,2.071224776501926
Bac Lieu,1991-08-31,1991,8,31,1.3824230585638082
Bac Lieu,1991-09-01,1991,9,1,2.3771983237716388
Bac Lieu,1991-09-02,1991,9,2,2.2398932451931937
Bac Lieu,1991-09-03,1991,9,3,15.906840945567724
Bac Lieu,1991-09-04,1991,9,4,8.75707789782758
Bac Lieu,1991-09-05,1991,9,5,3.4184786575785218
Bac Lieu,1991-09-06,1991,9,6,4.45928634845086
Bac Lieu,1991-09-07,1991,9,7,21.94317917708631
Bac Lieu,1991-09-08,1991,9,8,6.15873103264143
Bac Lieu,1991-09-09,1991,9,9,12.72569450675317
Bac Lieu,1991-09-10,1991,9,10,0.360797757238712
Bac Lieu,1991-09-11,1991,9,11,25.75962170151045
Bac Lieu,1991-09-12,1991,9,12,0.0
Bac Lieu,1991-09-13,1991,9,13,8.316983310195637
Bac Lieu,1991-09-14,1991,9,14,5.797990922136127
Bac Lieu,1991-09-15,1991,9,15,18.492122409640626
Bac Lieu,1991-09-16,1991,9,16,11.608156417486803
Bac Lieu,1991-09-17,1991,9,17,7.887953237713509
Bac Lieu,1991-09-18,1991,9,18,7.627111774390598
Bac Lieu,1991-09-19,1991,9,19,16.1471984290177
Bac Lieu,1991-09-20,1991,9,20,28.36716972689359
Bac Lieu,1991-09-21,1991,9,21,24.148272989381034
Bac Lieu,1991-09-22,1991,9,22,7.394457583373448
Bac Lieu,1991-09-23,1991,9,23,12.106033252931992
Bac Lieu,1991-09-24,1991,9,24,3.26140745191754
Bac Lieu,1991-09-25,1991,9,25,0.0
Bac Lieu,1991-09-26,1991,9,26,6.696406470082841
Bac Lieu,1991-09-27,1991,9,27,4.531171697166731
Bac Lieu,1991-09-28,1991,9,28,0.0
Bac Lieu,1991-09-29,1991,9,29,2.727850599216965
Bac Lieu,1991-09-30,1991,9,30,3.0893126664791475
Bac Lieu,1991-10-01,1991,10,1,0.9553739727128228
Bac Lieu,1991-10-02,1991,10,2,3.063438072042645
Bac Lieu,1991-10-03,1991,10,3,7.351149083335446
Bac Lieu,1991-10-04,1991,10,4,13.004341445095136
Bac Lieu,1991-10-05,1991,10,5,13.59749204045422
Bac Lieu,1991-10-06,1991,10,6,9.622985810549752
Bac Lieu,1991-10-07,1991,10,7,1.2673480499195606
Bac Lieu,1991-10-08,1991,10,8,2.3437181833735057
Bac Lieu,1991-10-09,1991,10,9,14.282501717225562
Bac Lieu,1991-10-10,1991,10,10,14.26319760779615
Bac Lieu,1991-10-11,1991,10,11,0.1656300776319684
Bac Lieu,1991-10-12,1991,10,12,11.158895952602604
Bac Lieu,1991-10-13,1991,10,13,0.0
Bac Lieu,1991-10-14,1991,10,14,1.3258822160756816
Bac Lieu,1991-10-15,1991,10,15,0.1657802038732564
Bac Lieu,1991-10-16,1991,10,16,0.01874743396831
Bac Lieu,1991-10-17,1991,10,17,2.863814608447957
Bac Lieu,1991-10-18,1991,10,18,1.038265189116856
Bac Lieu,1991-10-19,1991,10,19,13.078438257649262
Bac Lieu,1991-10-20,1991,10,20,15.675874932559037
Bac Lieu,1991-10-21,1991,10,21,7.455450565931933
Bac Lieu,1991-10-22,1991,10,22,5.0640787803362
Bac Lieu,1991-10-23,1991,10,23,16.888901573648997
Bac Lieu,1991-10-24,1991,10,24,29.29950917369915
Bac Lieu,1991-10-25,1991,10,25,44.382521782209295
Bac Lieu,1991-10-26,1991,10,26,27.772300262415182
Bac Lieu,1991-10-27,1991,10,27,0.0
Bac Lieu,1991-10-28,1991,10,28,5.330394359120783
Bac Lieu,1991-10-29,1991,10,29,0.9136058467289188
Bac Lieu,1991-10-30,1991,10,30,0.0
Bac Lieu,1991-10-31,1991,10,31,0.0
Bac Lieu,1991-11-01,1991,11,1,0.0
Bac Lieu,1991-11-02,1991,11,2,0.147698353893352
Bac Lieu,1991-11-03,1991,11,3,0.1141058867832399
Bac Lieu,1991-11-04,1991,11,4,0.0
Bac Lieu,1991-11-05,1991,11,5,5.346963142970823
Bac Lieu,1991-11-06,1991,11,6,0.0
Bac Lieu,1991-11-07,1991,11,7,23.722673337108688
Bac Lieu,1991-11-08,1991,11,8,6.469858231256595
Bac Lieu,1991-11-09,1991,11,9,37.010859527012094
Bac Lieu,1991-11-10,1991,11,10,1.316426808339245
Bac Lieu,1991-11-11,1991,11,11,0.9306297978815042
Bac Lieu,1991-11-12,1991,11,12,0.0
Bac Lieu,1991-11-13,1991,11,13,0.0
Bac Lieu,1991-11-14,1991,11,14,0.5454311824294756
Bac Lieu,1991-11-15,1991,11,15,3.962556723432721
Bac Lieu,1991-11-16,1991,11,16,0.0
Bac Lieu,1991-11-17,1991,11,17,0.0454483655893577
Bac Lieu,1991-11-18,1991,11,18,0.0
Bac Lieu,1991-11-19,1991,11,19,0.0
Bac Lieu,1991-11-20,1991,11,20,0.0
Bac Lieu,1991-11-21,1991,11,21,0.0
Bac Lieu,1991-11-22,1991,11,22,0.0
Bac Lieu,1991-11-23,1991,11,23,0.0
Bac Lieu,1991-11-24,1991,11,24,0.0
Bac Lieu,1991-11-25,1991,11,25,0.0
Bac Lieu,1991-11-26,1991,11,26,0.5382322652564859
Bac Lieu,1991-11-27,1991,11,27,0.0
Bac Lieu,1991-11-28,1991,11,28,2.657569620816213
Bac Lieu,1991-11-29,1991,11,29,4.413304826052684
Bac Lieu,1991-11-30,1991,11,30,2.003111032773864
Bac Lieu,1991-12-01,1991,12,1,0.0
Bac Lieu,1991-12-02,1991,12,2,0.0
Bac Lieu,1991-12-03,1991,12,3,0.0
Bac Lieu,1991-12-04,1991,12,4,0.0
Bac Lieu,1991-12-05,1991,12,5,0.0
Bac Lieu,1991-12-06,1991,12,6,0.0
Bac Lieu,1991-12-07,1991,12,7,0.0
Bac Lieu,1991-12-08,1991,12,8,0.1875023252379219
Bac Lieu,1991-12-09,1991,12,9,0.0
Bac Lieu,1991-12-10,1991,12,10,0.3449689548915287
Bac Lieu,1991-12-11,1991,12,11,0.0
Bac Lieu,1991-12-12,1991,12,12,2.1520538908040754
Bac Lieu,1991-12-13,1991,12,13,0.5788426807151651
Bac Lieu,1991-12-14,1991,12,14,0.0
Bac Lieu,1991-12-15,1991,12,15,0.0
Bac Lieu,1991-12-16,1991,12,16,0.0
Bac Lieu,1991-12-17,1991,12,17,0.0
Bac Lieu,1991-12-18,1991,12,18,0.0
Bac Lieu,1991-12-19,1991,12,19,0.0
Bac Lieu,1991-12-20,1991,12,20,0.0045744302137842
Bac Lieu,1991-12-21,1991,12,21,0.0
Bac Lieu,1991-12-22,1991,12,22,1.1936291887265331
Bac Lieu,1991-12-23,1991,12,23,0.0
Bac Lieu,1991-12-24,1991,12,24,0.0
Bac Lieu,1991-12-25,1991,12,25,7.381001117319433
Bac Lieu,1991-12-26,1991,12,26,0.0
Bac Lieu,1991-12-27,1991,12,27,3.8301562798698
Bac Lieu,1991-12-28,1991,12,28,0.1018050281416695
Bac Lieu,1991-12-29,1991,12,29,6.496573671916747
Bac Lieu,1991-12-30,1991,12,30,0.0
Bac Lieu,1991-12-31,1991,12,31,0.0
Bac Lieu,1992-01-01,1992,1,1,0.0
Bac Lieu,1992-01-02,1992,1,2,0.0
Bac Lieu,1992-01-03,1992,1,3,0.5568785201738465
Bac Lieu,1992-01-04,1992,1,4,0.0
Bac Lieu,1992-01-05,1992,1,5,2.890313101426611
Bac Lieu,1992-01-06,1992,1,6,1.014836622804966
Bac Lieu,1992-01-07,1992,1,7,0.0
Bac Lieu,1992-01-08,1992,1,8,0.0
Bac Lieu,1992-01-09,1992,1,9,0.0
Bac Lieu,1992-01-10,1992,1,10,0.0
Bac Lieu,1992-01-11,1992,1,11,0.0
Bac Lieu,1992-01-12,1992,1,12,0.0
Bac Lieu,1992-01-13,1992,1,13,0.0
Bac Lieu,1992-01-14,1992,1,14,0.0
Bac Lieu,1992-01-15,1992,1,15,0.0
Bac Lieu,1992-01-16,1992,1,16,0.0
Bac Lieu,1992-01-17,1992,1,17,2.965858380119756
Bac Lieu,1992-01-18,1992,1,18,0.0
Bac Lieu,1992-01-19,1992,1,19,0.0
Bac Lieu,1992-01-20,1992,1,20,0.0
Bac Lieu,1992-01-21,1992,1,21,0.0
Bac Lieu,1992-01-22,1992,1,22,0.0
Bac Lieu,1992-01-23,1992,1,23,0.0
Bac Lieu,1992-01-24,1992,1,24,0.0
Bac Lieu,1992-01-25,1992,1,25,0.0
Bac Lieu,1992-01-26,1992,1,26,0.0
Bac Lieu,1992-01-27,1992,1,27,0.0
Bac Lieu,1992-01-28,1992,1,28,0.0
Bac Lieu,1992-01-29,1992,1,29,0.0
Bac Lieu,1992-01-30,1992,1,30,3.471214528947507
Bac Lieu,1992-01-31,1992,1,31,0.0
Bac Lieu,1992-02-01,1992,2,1,0.0
Bac Lieu,1992-02-02,1992,2,2,0.0
Bac Lieu,1992-02-03,1992,2,3,0.4894293665211155
Bac Lieu,1992-02-04,1992,2,4,0.0
Bac Lieu,1992-02-05,1992,2,5,0.0
Bac Lieu,1992-02-06,1992,2,6,0.0
Bac Lieu,1992-02-07,1992,2,7,0.0
Bac Lieu,1992-02-08,1992,2,8,0.0
Bac Lieu,1992-02-09,1992,2,9,0.0
Bac Lieu,1992-02-10,1992,2,10,0.0
Bac Lieu,1992-02-11,1992,2,11,0.0
Bac Lieu,1992-02-12,1992,2,12,0.0
Bac Lieu,1992-02-13,1992,2,13,0.0
Bac Lieu,1992-02-14,1992,2,14,0.0
Bac Lieu,1992-02-15,1992,2,15,0.0
Bac Lieu,1992-02-16,1992,2,16,0.0
Bac Lieu,1992-02-17,1992,2,17,0.0084845592030939
Bac Lieu,1992-02-18,1992,2,18,0.0
Bac Lieu,1992-02-19,1992,2,19,0.3457718112513705
Bac Lieu,1992-02-20,1992,2,20,0.880151454633137
Bac Lieu,1992-02-21,1992,2,21,0.0855018152785751
Bac Lieu,1992-02-22,1992,2,22,3.118240535583137
Bac Lieu,1992-02-23,1992,2,23,0.0
Bac Lieu,1992-02-24,1992,2,24,0.0
Bac Lieu,1992-02-25,1992,2,25,0.0
Bac Lieu,1992-02-26,1992,2,26,0.0
Bac Lieu,1992-02-27,1992,2,27,0.0478297432548594
Bac Lieu,1992-02-28,1992,2,28,0.0
Bac Lieu,1992-02-29,1992,2,29,0.0
Bac Lieu,1992-03-01,1992,3,1,0.0
Bac Lieu,1992-03-02,1992,3,2,0.0
Bac Lieu,1992-03-03,1992,3,3,0.0
Bac Lieu,1992-03-04,1992,3,4,0.0
Bac Lieu,1992-03-05,1992,3,5,1.3675146936290672
Bac Lieu,1992-03-06,1992,3,6,0.2286809109651817
Bac Lieu,1992-03-07,1992,3,7,0.0
Bac Lieu,1992-03-08,1992,3,8,0.0
Bac Lieu,1992-03-09,1992,3,9,1.9239678735283188
Bac Lieu,1992-03-10,1992,3,10,0.0
Bac Lieu,1992-03-11,1992,3,11,1.594273179342162
Bac Lieu,1992-03-12,1992,3,12,0.0
Bac Lieu,1992-03-13,1992,3,13,0.0
Bac Lieu,1992-03-14,1992,3,14,0.0
Bac Lieu,1992-03-15,1992,3,15,0.0
Bac Lieu,1992-03-16,1992,3,16,0.0
Bac Lieu,1992-03-17,1992,3,17,0.0
Bac Lieu,1992-03-18,1992,3,18,0.0
Bac Lieu,1992-03-19,1992,3,19,0.0
Bac Lieu,1992-03-20,1992,3,20,0.0
Bac Lieu,1992-03-21,1992,3,21,0.0
Bac Lieu,1992-03-22,1992,3,22,0.6136981716245976
Bac Lieu,1992-03-23,1992,3,23,0.0
Bac Lieu,1992-03-24,1992,3,24,0.0
Bac Lieu,1992-03-25,1992,3,25,0.0
Bac Lieu,1992-03-26,1992,3,26,0.0
Bac Lieu,1992-03-27,1992,3,27,0.0093004730512511
Bac Lieu,1992-03-28,1992,3,28,0.0
Bac Lieu,1992-03-29,1992,3,29,0.0
Bac Lieu,1992-03-30,1992,3,30,0.6620345071036862
Bac Lieu,1992-03-31,1992,3,31,0.0
Bac Lieu,1992-04-01,1992,4,1,0.0
Bac Lieu,1992-04-02,1992,4,2,0.0
Bac Lieu,1992-04-03,1992,4,3,0.5632272695145517
Bac Lieu,1992-04-04,1992,4,4,0.0
Bac Lieu,1992-04-05,1992,4,5,0.0
Bac Lieu,1992-04-06,1992,4,6,0.0
Bac Lieu,1992-04-07,1992,4,7,2.868665479102225
Bac Lieu,1992-04-08,1992,4,8,0.3684732693006408
Bac Lieu,1992-04-09,1992,4,9,0.895730074684575
Bac Lieu,1992-04-10,1992,4,10,4.921040073610703
Bac Lieu,1992-04-11,1992,4,11,1.4392592611582773
Bac Lieu,1992-04-12,1992,4,12,2.760649804295234
Bac Lieu,1992-04-13,1992,4,13,7.221795654260888
Bac Lieu,1992-04-14,1992,4,14,5.905436256246746
Bac Lieu,1992-04-15,1992,4,15,0.0
Bac Lieu,1992-04-16,1992,4,16,3.7840540093295982
Bac Lieu,1992-04-17,1992,4,17,3.526375052137195
Bac Lieu,1992-04-18,1992,4,18,2.546130552957643
Bac Lieu,1992-04-19,1992,4,19,1.4917102605981647
Bac Lieu,1992-04-20,1992,4,20,0.0600189499405195
Bac Lieu,1992-04-21,1992,4,21,3.3154391541301083
Bac Lieu,1992-04-22,1992,4,22,6.747016444062287
Bac Lieu,1992-04-23,1992,4,23,5.684962113551373
Bac Lieu,1992-04-24,1992,4,24,0.0
Bac Lieu,1992-04-25,1992,4,25,0.0
Bac Lieu,1992-04-26,1992,4,26,0.1882464152642016
Bac Lieu,1992-04-27,1992,4,27,4.818904830968606
Bac Lieu,1992-04-28,1992,4,28,11.40208526609529
Bac Lieu,1992-04-29,1992,4,29,0.0
Bac Lieu,1992-04-30,1992,4,30,1.6227594773634424
Bac Lieu,1992-05-01,1992,5,1,2.1704376019711766
Bac Lieu,1992-05-02,1992,5,2,11.947716649433357
Bac Lieu,1992-05-03,1992,5,3,21.16306161614185
Bac Lieu,1992-05-04,1992,5,4,0.0
Bac Lieu,1992-05-05,1992,5,5,5.916930657044897
Bac Lieu,1992-05-06,1992,5,6,2.7004215479976725
Bac Lieu,1992-05-07,1992,5,7,4.616785011867307
Bac Lieu,1992-05-08,1992,5,8,10.121865760623283
Bac Lieu,1992-05-09,1992,5,9,14.497423851121146
Bac Lieu,1992-05-10,1992,5,10,12.191397843001026
Bac Lieu,1992-05-11,1992,5,11,2.886232212462516
Bac Lieu,1992-05-12,1992,5,12,1.1413640859711849
Bac Lieu,1992-05-13,1992,5,13,3.1636449735749443
Bac Lieu,1992-05-14,1992,5,14,8.002109806402677
Bac Lieu,1992-05-15,1992,5,15,8.887554065488422
Bac Lieu,1992-05-16,1992,5,16,8.77050181219713
Bac Lieu,1992-05-17,1992,5,17,12.166371599791187
Bac Lieu,1992-05-18,1992,5,18,3.004947314550292
Bac Lieu,1992-05-19,1992,5,19,15.894386452368972
Bac Lieu,1992-05-20,1992,5,20,4.476420923448959
Bac Lieu,1992-05-21,1992,5,21,2.586068936599876
Bac Lieu,1992-05-22,1992,5,22,3.7450122997985695
Bac Lieu,1992-05-23,1992,5,23,5.475612864863198
Bac Lieu,1992-05-24,1992,5,24,6.683889620538029
Bac Lieu,1992-05-25,1992,5,25,7.89740191304009
Bac Lieu,1992-05-26,1992,5,26,5.255955436346666
Bac Lieu,1992-05-27,1992,5,27,2.866937402005466
Bac Lieu,1992-05-28,1992,5,28,2.9743834572918013
Bac Lieu,1992-05-29,1992,5,29,2.2131090502648982
Bac Lieu,1992-05-30,1992,5,30,2.5154289536566106
Bac Lieu,1992-05-31,1992,5,31,8.063387809123634
Bac Lieu,1992-06-01,1992,6,1,3.3625209434077434
Bac Lieu,1992-06-02,1992,6,2,3.1510698952584897
Bac Lieu,1992-06-03,1992,6,3,3.659706515744048
Bac Lieu,1992-06-04,1992,6,4,1.7952976677012895
Bac Lieu,1992-06-05,1992,6,5,3.408091394406445
Bac Lieu,1992-06-06,1992,6,6,0.0757022187934731
Bac Lieu,1992-06-07,1992,6,7,2.3913043372676066
Bac Lieu,1992-06-08,1992,6,8,0.428115786084589
Bac Lieu,1992-06-09,1992,6,9,12.048556377986692
Bac Lieu,1992-06-10,1992,6,10,5.104452131568262
Bac Lieu,1992-06-11,1992,6,11,7.123864273521137
Bac Lieu,1992-06-12,1992,6,12,15.209113472740608
Bac Lieu,1992-06-13,1992,6,13,25.044583910780137
Bac Lieu,1992-06-14,1992,6,14,6.399853403343344
Bac Lieu,1992-06-15,1992,6,15,35.36328607832711
Bac Lieu,1992-06-16,1992,6,16,15.29562877764792
Bac Lieu,1992-06-17,1992,6,17,2.3787642051588818
Bac Lieu,1992-06-18,1992,6,18,7.472412310240403
Bac Lieu,1992-06-19,1992,6,19,19.058863540559447
Bac Lieu,1992-06-20,1992,6,20,0.3097856750488281
Bac Lieu,1992-06-21,1992,6,21,0.0
Bac Lieu,1992-06-22,1992,6,22,7.470370904868506
Bac Lieu,1992-06-23,1992,6,23,7.737650906580799
Bac Lieu,1992-06-24,1992,6,24,23.28606914243159
Bac Lieu,1992-06-25,1992,6,25,24.38622145883092
Bac Lieu,1992-06-26,1992,6,26,14.85613215590423
Bac Lieu,1992-06-27,1992,6,27,8.320399096470961
Bac Lieu,1992-06-28,1992,6,28,1.7143775068049163
Bac Lieu,1992-06-29,1992,6,29,0.0
Bac Lieu,1992-06-30,1992,6,30,0.0
Bac Lieu,1992-07-01,1992,7,1,0.7216390644829229
Bac Lieu,1992-07-02,1992,7,2,0.0
Bac Lieu,1992-07-03,1992,7,3,4.410752872916889
Bac Lieu,1992-07-04,1992,7,4,6.85959689728719
Bac Lieu,1992-07-05,1992,7,5,0.6308764276684458
Bac Lieu,1992-07-06,1992,7,6,4.413182675523578
Bac Lieu,1992-07-07,1992,7,7,7.920412334406151
Bac Lieu,1992-07-08,1992,7,8,23.9573149966114
Bac Lieu,1992-07-09,1992,7,9,12.068825557168928
Bac Lieu,1992-07-10,1992,7,10,1.7753755608684614
Bac Lieu,1992-07-11,1992,7,11,2.585225363263545
Bac Lieu,1992-07-12,1992,7,12,9.13612330154203
Bac Lieu,1992-07-13,1992,7,13,6.9346833794701785
Bac Lieu,1992-07-14,1992,7,14,6.226760028641181
Bac Lieu,1992-07-15,1992,7,15,2.77682175213436
Bac Lieu,1992-07-16,1992,7,16,9.078825828336322
Bac Lieu,1992-07-17,1992,7,17,21.097368222722476
Bac Lieu,1992-07-18,1992,7,18,9.57846775330238
Bac Lieu,1992-07-19,1992,7,19,6.103768247874279
Bac Lieu,1992-07-20,1992,7,20,11.841683067825606
Bac Lieu,1992-07-21,1992,7,21,5.733964839359502
Bac Lieu,1992-07-22,1992,7,22,14.016338765414256
Bac Lieu,1992-07-23,1992,7,23,5.624622996771112
Bac Lieu,1992-07-24,1992,7,24,10.402371871768304
Bac Lieu,1992-07-25,1992,7,25,7.4745325583332
Bac Lieu,1992-07-26,1992,7,26,3.5610589623541204
Bac Lieu,1992-07-27,1992,7,27,0.9349397622954172
Bac Lieu,1992-07-28,1992,7,28,27.31827618647522
Bac Lieu,1992-07-29,1992,7,29,25.10738168442925
Bac Lieu,1992-07-30,1992,7,30,0.0596957530975341
Bac Lieu,1992-07-31,1992,7,31,18.155696961582837
Bac Lieu,1992-08-01,1992,8,1,4.855472754946296
Bac Lieu,1992-08-02,1992,8,2,8.89929961983663
Bac Lieu,1992-08-03,1992,8,3,9.928101464055622
Bac Lieu,1992-08-04,1992,8,4,6.238788129482631
Bac Lieu,1992-08-05,1992,8,5,4.413594795371003
Bac Lieu,1992-08-06,1992,8,6,12.889950433155276
Bac Lieu,1992-08-07,1992,8,7,0.0
Bac Lieu,1992-08-08,1992,8,8,1.83094168205981
Bac Lieu,1992-08-09,1992,8,9,7.083334891517207
Bac Lieu,1992-08-10,1992,8,10,119.095342994546
Bac Lieu,1992-08-11,1992,8,11,10.163838713663932
Bac Lieu,1992-08-12,1992,8,12,17.508898454954043
Bac Lieu,1992-08-13,1992,8,13,0.6417786349530491
Bac Lieu,1992-08-14,1992,8,14,5.651436524733058
Bac Lieu,1992-08-15,1992,8,15,9.05605040237139
Bac Lieu,1992-08-16,1992,8,16,9.482813343929797
Bac Lieu,1992-08-17,1992,8,17,27.275837473455468
Bac Lieu,1992-08-18,1992,8,18,7.166286453328045
Bac Lieu,1992-08-19,1992,8,19,10.290931016499144
Bac Lieu,1992-08-20,1992,8,20,23.096128118443048
Bac Lieu,1992-08-21,1992,8,21,24.693594952313408
Bac Lieu,1992-08-22,1992,8,22,26.68806532129252
Bac Lieu,1992-08-23,1992,8,23,3.804098612893303
Bac Lieu,1992-08-24,1992,8,24,2.0562041872132504
Bac Lieu,1992-08-25,1992,8,25,0.3288973557094359
Bac Lieu,1992-08-26,1992,8,26,4.521801396315953
Bac Lieu,1992-08-27,1992,8,27,6.403580883368007
Bac Lieu,1992-08-28,1992,8,28,17.418446636379894
Bac Lieu,1992-08-29,1992,8,29,8.655473707720919
Bac Lieu,1992-08-30,1992,8,30,12.620138035900194
Bac Lieu,1992-08-31,1992,8,31,0.0752980179696713
Bac Lieu,1992-09-01,1992,9,1,0.0
Bac Lieu,1992-09-02,1992,9,2,1.433297083674737
Bac Lieu,1992-09-03,1992,9,3,6.162098079357508
Bac Lieu,1992-09-04,1992,9,4,7.3843490512326095
Bac Lieu,1992-09-05,1992,9,5,1.1478040228609772
Bac Lieu,1992-09-06,1992,9,6,5.55796520726186
Bac Lieu,1992-09-07,1992,9,7,0.0
Bac Lieu,1992-09-08,1992,9,8,0.0678816151169111
Bac Lieu,1992-09-09,1992,9,9,1.730665711492863
Bac Lieu,1992-09-10,1992,9,10,0.0
Bac Lieu,1992-09-11,1992,9,11,8.093002804666195
Bac Lieu,1992-09-12,1992,9,12,4.14349115594828
Bac Lieu,1992-09-13,1992,9,13,7.177688008569324
Bac Lieu,1992-09-14,1992,9,14,1.4713621550416052
Bac Lieu,1992-09-15,1992,9,15,1.0390007895073805
Bac Lieu,1992-09-16,1992,9,16,3.8009464719520434
Bac Lieu,1992-09-17,1992,9,17,36.55538852227409
Bac Lieu,1992-09-18,1992,9,18,20.770549636301013
Bac Lieu,1992-09-19,1992,9,19,15.689134097657115
Bac Lieu,1992-09-20,1992,9,20,17.14639979160957
Bac Lieu,1992-09-21,1992,9,21,10.542394399211092
Bac Lieu,1992-09-22,1992,9,22,18.894282749895776
Bac Lieu,1992-09-23,1992,9,23,10.314579278406107
Bac Lieu,1992-09-24,1992,9,24,18.434712657100743
Bac Lieu,1992-09-25,1992,9,25,0.3880687363822506
Bac Lieu,1992-09-26,1992,9,26,6.0917203160591855
Bac Lieu,1992-09-27,1992,9,27,7.878191899470563
Bac Lieu,1992-09-28,1992,9,28,6.037256017846882
Bac Lieu,1992-09-29,1992,9,29,3.657728504036958
Bac Lieu,1992-09-30,1992,9,30,0.4033359533255955
Bac Lieu,1992-10-01,1992,10,1,6.543867919004189
Bac Lieu,1992-10-02,1992,10,2,11.391278718408552
Bac Lieu,1992-10-03,1992,10,3,11.64742864898466
Bac Lieu,1992-10-04,1992,10,4,20.874242551047853
Bac Lieu,1992-10-05,1992,10,5,7.954843897729553
Bac Lieu,1992-10-06,1992,10,6,6.910331366197118
Bac Lieu,1992-10-07,1992,10,7,15.093923961459463
Bac Lieu,1992-10-08,1992,10,8,3.902511485909517
Bac Lieu,1992-10-09,1992,10,9,18.89836745870338
Bac Lieu,1992-10-10,1992,10,10,17.87829952401935
Bac Lieu,1992-10-11,1992,10,11,25.99994305963337
Bac Lieu,1992-10-12,1992,10,12,13.604099354078189
Bac Lieu,1992-10-13,1992,10,13,13.167303386544283
Bac Lieu,1992-10-14,1992,10,14,7.358562471731654
Bac Lieu,1992-10-15,1992,10,15,2.64287639562139
Bac Lieu,1992-10-16,1992,10,16,5.277765508111918
Bac Lieu,1992-10-17,1992,10,17,11.791995072706692
Bac Lieu,1992-10-18,1992,10,18,17.260924924490585
Bac Lieu,1992-10-19,1992,10,19,20.130774492425743
Bac Lieu,1992-10-20,1992,10,20,2.277524760984025
Bac Lieu,1992-10-21,1992,10,21,0.0
Bac Lieu,1992-10-22,1992,10,22,2.579506704262968
Bac Lieu,1992-10-23,1992,10,23,4.9718742676501
Bac Lieu,1992-10-24,1992,10,24,6.4181304962770005
Bac Lieu,1992-10-25,1992,10,25,6.071749765962925
Bac Lieu,1992-10-26,1992,10,26,24.956996701438477
Bac Lieu,1992-10-27,1992,10,27,1.5112753367693923
Bac Lieu,1992-10-28,1992,10,28,3.5950462801951293
Bac Lieu,1992-10-29,1992,10,29,16.14542153266691
Bac Lieu,1992-10-30,1992,10,30,6.108584913199804
Bac Lieu,1992-10-31,1992,10,31,7.836194751847466
Bac Lieu,1992-11-01,1992,11,1,0.0
Bac Lieu,1992-11-02,1992,11,2,4.506133251370126
Bac Lieu,1992-11-03,1992,11,3,3.1527600884707465
Bac Lieu,1992-11-04,1992,11,4,0.0
Bac Lieu,1992-11-05,1992,11,5,0.5640939868531137
Bac Lieu,1992-11-06,1992,11,6,0.0
Bac Lieu,1992-11-07,1992,11,7,0.0
Bac Lieu,1992-11-08,1992,11,8,0.0
Bac Lieu,1992-11-09,1992,11,9,0.0
Bac Lieu,1992-11-10,1992,11,10,0.0
Bac Lieu,1992-11-11,1992,11,11,0.0
Bac Lieu,1992-11-12,1992,11,12,0.1855607019820303
Bac Lieu,1992-11-13,1992,11,13,15.248693033146406
Bac Lieu,1992-11-14,1992,11,14,12.944400014337504
Bac Lieu,1992-11-15,1992,11,15,0.0
Bac Lieu,1992-11-16,1992,11,16,0.0
Bac Lieu,1992-11-17,1992,11,17,0.2109276584409318
Bac Lieu,1992-11-18,1992,11,18,3.125195661940666
Bac Lieu,1992-11-19,1992,11,19,0.3166233621633278
Bac Lieu,1992-11-20,1992,11,20,0.0
Bac Lieu,1992-11-21,1992,11,21,0.0
Bac Lieu,1992-11-22,1992,11,22,0.0
Bac Lieu,1992-11-23,1992,11,23,0.0
Bac Lieu,1992-11-24,1992,11,24,0.4401063636203982
Bac Lieu,1992-11-25,1992,11,25,0.0
Bac Lieu,1992-11-26,1992,11,26,0.0226182307837144
Bac Lieu,1992-11-27,1992,11,27,0.0
Bac Lieu,1992-11-28,1992,11,28,0.0
Bac Lieu,1992-11-29,1992,11,29,0.0
Bac Lieu,1992-11-30,1992,11,30,0.0
Bac Lieu,1992-12-01,1992,12,1,0.0
Bac Lieu,1992-12-02,1992,12,2,0.0
Bac Lieu,1992-12-03,1992,12,3,0.0
Bac Lieu,1992-12-04,1992,12,4,0.0
Bac Lieu,1992-12-05,1992,12,5,0.1134854484774032
Bac Lieu,1992-12-06,1992,12,6,0.0
Bac Lieu,1992-12-07,1992,12,7,0.0292216720671024
Bac Lieu,1992-12-08,1992,12,8,0.0
Bac Lieu,1992-12-09,1992,12,9,0.0
Bac Lieu,1992-12-10,1992,12,10,0.0
Bac Lieu,1992-12-11,1992,12,11,0.0
Bac Lieu,1992-12-12,1992,12,12,0.2780715830551004
Bac Lieu,1992-12-13,1992,12,13,0.0
Bac Lieu,1992-12-14,1992,12,14,0.0
Bac Lieu,1992-12-15,1992,12,15,0.0
Bac Lieu,1992-12-16,1992,12,16,0.0
Bac Lieu,1992-12-17,1992,12,17,0.0
Bac Lieu,1992-12-18,1992,12,18,0.0
Bac Lieu,1992-12-19,1992,12,19,0.0
Bac Lieu,1992-12-20,1992,12,20,0.0
Bac Lieu,1992-12-21,1992,12,21,8.436881514441293
Bac Lieu,1992-12-22,1992,12,22,26.22978906904977
Bac Lieu,1992-12-23,1992,12,23,2.576898787885342
Bac Lieu,1992-12-24,1992,12,24,0.0
Bac Lieu,1992-12-25,1992,12,25,0.0
Bac Lieu,1992-12-26,1992,12,26,0.0
Bac Lieu,1992-12-27,1992,12,27,0.0
Bac Lieu,1992-12-28,1992,12,28,0.0
Bac Lieu,1992-12-29,1992,12,29,0.0
Bac Lieu,1992-12-30,1992,12,30,0.0
Bac Lieu,1992-12-31,1992,12,31,0.0
Bac Lieu,1993-01-01,1993,1,1,0.0
Bac Lieu,1993-01-02,1993,1,2,0.0
Bac Lieu,1993-01-03,1993,1,3,0.0
Bac Lieu,1993-01-04,1993,1,4,0.0
Bac Lieu,1993-01-05,1993,1,5,0.0
Bac Lieu,1993-01-06,1993,1,6,0.0
Bac Lieu,1993-01-07,1993,1,7,0.0
Bac Lieu,1993-01-08,1993,1,8,0.0
Bac Lieu,1993-01-09,1993,1,9,0.0
Bac Lieu,1993-01-10,1993,1,10,0.0
Bac Lieu,1993-01-11,1993,1,11,0.0
Bac Lieu,1993-01-12,1993,1,12,0.0
Bac Lieu,1993-01-13,1993,1,13,0.0
Bac Lieu,1993-01-14,1993,1,14,0.0
Bac Lieu,1993-01-15,1993,1,15,0.0
Bac Lieu,1993-01-16,1993,1,16,0.0011893094395691
Bac Lieu,1993-01-17,1993,1,17,2.5133651886166266
Bac Lieu,1993-01-18,1993,1,18,0.0
Bac Lieu,1993-01-19,1993,1,19,0.0
Bac Lieu,1993-01-20,1993,1,20,0.0
Bac Lieu,1993-01-21,1993,1,21,0.0
Bac Lieu,1993-01-22,1993,1,22,0.0
Bac Lieu,1993-01-23,1993,1,23,0.0466692139067739
Bac Lieu,1993-01-24,1993,1,24,1.058401161517737
Bac Lieu,1993-01-25,1993,1,25,0.4273678843255312
Bac Lieu,1993-01-26,1993,1,26,0.7011612289311752
Bac Lieu,1993-01-27,1993,1,27,3.2818117125889046
Bac Lieu,1993-01-28,1993,1,28,0.0186806992764742
Bac Lieu,1993-01-29,1993,1,29,0.0
Bac Lieu,1993-01-30,1993,1,30,0.0
Bac Lieu,1993-01-31,1993,1,31,0.0
Bac Lieu,1993-02-01,1993,2,1,0.747621405187643
Bac Lieu,1993-02-02,1993,2,2,0.0
Bac Lieu,1993-02-03,1993,2,3,0.0
Bac Lieu,1993-02-04,1993,2,4,0.0
Bac Lieu,1993-02-05,1993,2,5,0.0
Bac Lieu,1993-02-06,1993,2,6,0.0
Bac Lieu,1993-02-07,1993,2,7,0.0
Bac Lieu,1993-02-08,1993,2,8,0.0
Bac Lieu,1993-02-09,1993,2,9,0.0
Bac Lieu,1993-02-10,1993,2,10,0.0
Bac Lieu,1993-02-11,1993,2,11,0.0
Bac Lieu,1993-02-12,1993,2,12,0.0
Bac Lieu,1993-02-13,1993,2,13,0.0
Bac Lieu,1993-02-14,1993,2,14,0.168467521235628
Bac Lieu,1993-02-15,1993,2,15,0.0
Bac Lieu,1993-02-16,1993,2,16,0.0
Bac Lieu,1993-02-17,1993,2,17,0.0
Bac Lieu,1993-02-18,1993,2,18,0.0
Bac Lieu,1993-02-19,1993,2,19,0.0
Bac Lieu,1993-02-20,1993,2,20,0.0
Bac Lieu,1993-02-21,1993,2,21,0.0
Bac Lieu,1993-02-22,1993,2,22,0.0
Bac Lieu,1993-02-23,1993,2,23,0.0
Bac Lieu,1993-02-24,1993,2,24,0.0
Bac Lieu,1993-02-25,1993,2,25,0.6126042000482668
Bac Lieu,1993-02-26,1993,2,26,0.0
Bac Lieu,1993-02-27,1993,2,27,0.0
Bac Lieu,1993-02-28,1993,2,28,0.0
Bac Lieu,1993-03-01,1993,3,1,0.0
Bac Lieu,1993-03-02,1993,3,2,0.0
Bac Lieu,1993-03-03,1993,3,3,0.0
Bac Lieu,1993-03-04,1993,3,4,0.0
Bac Lieu,1993-03-05,1993,3,5,0.0
Bac Lieu,1993-03-06,1993,3,6,0.0
Bac Lieu,1993-03-07,1993,3,7,0.0
Bac Lieu,1993-03-08,1993,3,8,0.0
Bac Lieu,1993-03-09,1993,3,9,0.6783086065976125
Bac Lieu,1993-03-10,1993,3,10,0.0
Bac Lieu,1993-03-11,1993,3,11,0.0
Bac Lieu,1993-03-12,1993,3,12,0.0
Bac Lieu,1993-03-13,1993,3,13,0.0
Bac Lieu,1993-03-14,1993,3,14,0.0
Bac Lieu,1993-03-15,1993,3,15,0.4578409455497311
Bac Lieu,1993-03-16,1993,3,16,7.770196987305049
Bac Lieu,1993-03-17,1993,3,17,0.0
Bac Lieu,1993-03-18,1993,3,18,0.817364603474455
Bac Lieu,1993-03-19,1993,3,19,1.4557242948334173
Bac Lieu,1993-03-20,1993,3,20,4.8099873496361525
Bac Lieu,1993-03-21,1993,3,21,0.0
Bac Lieu,1993-03-22,1993,3,22,0.0
Bac Lieu,1993-03-23,1993,3,23,0.0
Bac Lieu,1993-03-24,1993,3,24,0.0
Bac Lieu,1993-03-25,1993,3,25,0.0
Bac Lieu,1993-03-26,1993,3,26,0.0
Bac Lieu,1993-03-27,1993,3,27,0.5081964151094545
Bac Lieu,1993-03-28,1993,3,28,0.0
Bac Lieu,1993-03-29,1993,3,29,0.0
Bac Lieu,1993-03-30,1993,3,30,0.0
Bac Lieu,1993-03-31,1993,3,31,0.0
Bac Lieu,1993-04-01,1993,4,1,0.0
Bac Lieu,1993-04-02,1993,4,2,0.0
Bac Lieu,1993-04-03,1993,4,3,0.0
Bac Lieu,1993-04-04,1993,4,4,0.4721661236421118
Bac Lieu,1993-04-05,1993,4,5,0.1257167215707167
Bac Lieu,1993-04-06,1993,4,6,0.0
Bac Lieu,1993-04-07,1993,4,7,0.0
Bac Lieu,1993-04-08,1993,4,8,0.0
Bac Lieu,1993-04-09,1993,4,9,5.880942830625572
Bac Lieu,1993-04-10,1993,4,10,1.3709615253412497
Bac Lieu,1993-04-11,1993,4,11,0.9172212277178496
Bac Lieu,1993-04-12,1993,4,12,19.360832085843366
Bac Lieu,1993-04-13,1993,4,13,0.0
Bac Lieu,1993-04-14,1993,4,14,0.0
Bac Lieu,1993-04-15,1993,4,15,0.1267110799933379
Bac Lieu,1993-04-16,1993,4,16,0.529773182563062
Bac Lieu,1993-04-17,1993,4,17,2.4886722810673265
Bac Lieu,1993-04-18,1993,4,18,1.419396830612759
Bac Lieu,1993-04-19,1993,4,19,0.3067433507487459
Bac Lieu,1993-04-20,1993,4,20,0.7920088720681534
Bac Lieu,1993-04-21,1993,4,21,0.0132075343042049
Bac Lieu,1993-04-22,1993,4,22,0.0
Bac Lieu,1993-04-23,1993,4,23,1.5003583983115432
Bac Lieu,1993-04-24,1993,4,24,0.0
Bac Lieu,1993-04-25,1993,4,25,0.0
Bac Lieu,1993-04-26,1993,4,26,0.0
Bac Lieu,1993-04-27,1993,4,27,0.0
Bac Lieu,1993-04-28,1993,4,28,0.0
Bac Lieu,1993-04-29,1993,4,29,0.0455698547183342
Bac Lieu,1993-04-30,1993,4,30,0.0
Bac Lieu,1993-05-01,1993,5,1,0.3942306977218052
Bac Lieu,1993-05-02,1993,5,2,0.0
Bac Lieu,1993-05-03,1993,5,3,0.0
Bac Lieu,1993-05-04,1993,5,4,0.0
Bac Lieu,1993-05-05,1993,5,5,2.2207267033918847
Bac Lieu,1993-05-06,1993,5,6,1.2428788754895053
Bac Lieu,1993-05-07,1993,5,7,0.0
Bac Lieu,1993-05-08,1993,5,8,0.4353282232554454
Bac Lieu,1993-05-09,1993,5,9,6.0329357431339785
Bac Lieu,1993-05-10,1993,5,10,4.694014172482041
Bac Lieu,1993-05-11,1993,5,11,3.421201490456204
Bac Lieu,1993-05-12,1993,5,12,5.06555414868301
Bac Lieu,1993-05-13,1993,5,13,2.713801638954091
Bac Lieu,1993-05-14,1993,5,14,4.982749125597612
Bac Lieu,1993-05-15,1993,5,15,2.871951134015929
Bac Lieu,1993-05-16,1993,5,16,7.51058426794916
Bac Lieu,1993-05-17,1993,5,17,5.475478989484176
Bac Lieu,1993-05-18,1993,5,18,4.629366492352396
Bac Lieu,1993-05-19,1993,5,19,11.58487398786365
Bac Lieu,1993-05-20,1993,5,20,7.343078425686316
Bac Lieu,1993-05-21,1993,5,21,1.4612882427899343
Bac Lieu,1993-05-22,1993,5,22,3.0780585425754765
Bac Lieu,1993-05-23,1993,5,23,6.471822985658107
Bac Lieu,1993-05-24,1993,5,24,4.915928179327048
Bac Lieu,1993-05-25,1993,5,25,1.5528233836102037
Bac Lieu,1993-05-26,1993,5,26,3.382935964494381
Bac Lieu,1993-05-27,1993,5,27,9.11536920867776
Bac Lieu,1993-05-28,1993,5,28,1.6679493846803342
Bac Lieu,1993-05-29,1993,5,29,3.7975385957124095
Bac Lieu,1993-05-30,1993,5,30,0.0
Bac Lieu,1993-05-31,1993,5,31,2.375961938147275
Bac Lieu,1993-06-01,1993,6,1,0.0189251244742915
Bac Lieu,1993-06-02,1993,6,2,0.7175472729520979
Bac Lieu,1993-06-03,1993,6,3,0.8693123508759266
Bac Lieu,1993-06-04,1993,6,4,1.816204148274548
Bac Lieu,1993-06-05,1993,6,5,2.88446063568907
Bac Lieu,1993-06-06,1993,6,6,7.228470677807647
Bac Lieu,1993-06-07,1993,6,7,3.736412448199291
Bac Lieu,1993-06-08,1993,6,8,1.7058455207752736
Bac Lieu,1993-06-09,1993,6,9,1.6118438958401955
Bac Lieu,1993-06-10,1993,6,10,1.9999544211333653
Bac Lieu,1993-06-11,1993,6,11,4.93927226428266
Bac Lieu,1993-06-12,1993,6,12,1.7518302446401346
Bac Lieu,1993-06-13,1993,6,13,3.0263117303488403
Bac Lieu,1993-06-14,1993,6,14,11.929759827433896
Bac Lieu,1993-06-15,1993,6,15,14.762168955029182
Bac Lieu,1993-06-16,1993,6,16,16.760948598141944
Bac Lieu,1993-06-17,1993,6,17,26.114242185484688
Bac Lieu,1993-06-18,1993,6,18,15.48448785688293
Bac Lieu,1993-06-19,1993,6,19,4.710393380938837
Bac Lieu,1993-06-20,1993,6,20,13.021095447414329
Bac Lieu,1993-06-21,1993,6,21,19.583637481005688
Bac Lieu,1993-06-22,1993,6,22,16.79296535333598
Bac Lieu,1993-06-23,1993,6,23,24.33325157345466
Bac Lieu,1993-06-24,1993,6,24,15.08237137846677
Bac Lieu,1993-06-25,1993,6,25,0.945988759616636
Bac Lieu,1993-06-26,1993,6,26,13.821650871888648
Bac Lieu,1993-06-27,1993,6,27,21.354312240384655
Bac Lieu,1993-06-28,1993,6,28,17.14592815062685
Bac Lieu,1993-06-29,1993,6,29,23.14007919815352
Bac Lieu,1993-06-30,1993,6,30,9.767545238854751
Bac Lieu,1993-07-01,1993,7,1,0.4954281137574394
Bac Lieu,1993-07-02,1993,7,2,3.7006759113635663
Bac Lieu,1993-07-03,1993,7,3,2.2176562414349257
Bac Lieu,1993-07-04,1993,7,4,9.565795294761658
Bac Lieu,1993-07-05,1993,7,5,10.202553223286037
Bac Lieu,1993-07-06,1993,7,6,2.784238170632777
Bac Lieu,1993-07-07,1993,7,7,4.660106904497688
Bac Lieu,1993-07-08,1993,7,8,5.083285913269476
Bac Lieu,1993-07-09,1993,7,9,12.850704167887852
Bac Lieu,1993-07-10,1993,7,10,23.4202486050084
Bac Lieu,1993-07-11,1993,7,11,6.061420384928865
Bac Lieu,1993-07-12,1993,7,12,6.6841167819275045
Bac Lieu,1993-07-13,1993,7,13,6.245098725768757
Bac Lieu,1993-07-14,1993,7,14,9.059805592455954
Bac Lieu,1993-07-15,1993,7,15,2.5378050193516715
Bac Lieu,1993-07-16,1993,7,16,1.9691344739446104
Bac Lieu,1993-07-17,1993,7,17,0.3520764887827747
Bac Lieu,1993-07-18,1993,7,18,0.871146931972144
Bac Lieu,1993-07-19,1993,7,19,9.241855055970966
Bac Lieu,1993-07-20,1993,7,20,7.313185648468308
Bac Lieu,1993-07-21,1993,7,21,0.0
Bac Lieu,1993-07-22,1993,7,22,4.896015438547675
Bac Lieu,1993-07-23,1993,7,23,2.1775506742675352
Bac Lieu,1993-07-24,1993,7,24,3.2638607993395827
Bac Lieu,1993-07-25,1993,7,25,5.543731834699523
Bac Lieu,1993-07-26,1993,7,26,16.93017201571195
Bac Lieu,1993-07-27,1993,7,27,28.83760094829776
Bac Lieu,1993-07-28,1993,7,28,19.50126537330196
Bac Lieu,1993-07-29,1993,7,29,62.10433056986107
Bac Lieu,1993-07-30,1993,7,30,17.482113232918504
Bac Lieu,1993-07-31,1993,7,31,5.89775683140305
Bac Lieu,1993-08-01,1993,8,1,11.694378603377436
Bac Lieu,1993-08-02,1993,8,2,2.2216584614087957
Bac Lieu,1993-08-03,1993,8,3,7.526005687821587
Bac Lieu,1993-08-04,1993,8,4,6.089411965064282
Bac Lieu,1993-08-05,1993,8,5,28.57778254735695
Bac Lieu,1993-08-06,1993,8,6,7.206969099440666
Bac Lieu,1993-08-07,1993,8,7,8.962066985508184
Bac Lieu,1993-08-08,1993,8,8,18.71081541532841
Bac Lieu,1993-08-09,1993,8,9,8.640538071542418
Bac Lieu,1993-08-10,1993,8,10,3.121897887643778
Bac Lieu,1993-08-11,1993,8,11,11.232163063301227
Bac Lieu,1993-08-12,1993,8,12,12.476485590125032
Bac Lieu,1993-08-13,1993,8,13,37.89162249007316
Bac Lieu,1993-08-14,1993,8,14,20.34516439988478
Bac Lieu,1993-08-15,1993,8,15,1.6790661151814013
Bac Lieu,1993-08-16,1993,8,16,25.570047269173397
Bac Lieu,1993-08-17,1993,8,17,3.155683821048377
Bac Lieu,1993-08-18,1993,8,18,6.639335964544765
Bac Lieu,1993-08-19,1993,8,19,4.2558519228089535
Bac Lieu,1993-08-20,1993,8,20,4.877549379078848
Bac Lieu,1993-08-21,1993,8,21,9.85252244384334
Bac Lieu,1993-08-22,1993,8,22,19.805970549313532
Bac Lieu,1993-08-23,1993,8,23,2.931944695310773
Bac Lieu,1993-08-24,1993,8,24,1.4721447582244875
Bac Lieu,1993-08-25,1993,8,25,4.0846247973532055
Bac Lieu,1993-08-26,1993,8,26,2.0523066427302816
Bac Lieu,1993-08-27,1993,8,27,18.49609238261097
Bac Lieu,1993-08-28,1993,8,28,17.701303598439917
Bac Lieu,1993-08-29,1993,8,29,8.915892596820619
Bac Lieu,1993-08-30,1993,8,30,0.4097810673983593
Bac Lieu,1993-08-31,1993,8,31,3.48528378531618
Bac Lieu,1993-09-01,1993,9,1,12.003623994179495
Bac Lieu,1993-09-02,1993,9,2,19.89974394168494
Bac Lieu,1993-09-03,1993,9,3,9.344058103777328
Bac Lieu,1993-09-04,1993,9,4,2.1441671988649187
Bac Lieu,1993-09-05,1993,9,5,0.0
Bac Lieu,1993-09-06,1993,9,6,0.0387947695390233
Bac Lieu,1993-09-07,1993,9,7,27.392955610455207
Bac Lieu,1993-09-08,1993,9,8,15.341934064037396
Bac Lieu,1993-09-09,1993,9,9,0.3555719272685501
Bac Lieu,1993-09-10,1993,9,10,1.5834660564278664
Bac Lieu,1993-09-11,1993,9,11,0.3083452279612703
Bac Lieu,1993-09-12,1993,9,12,12.362472584508504
Bac Lieu,1993-09-13,1993,9,13,13.453535573491514
Bac Lieu,1993-09-14,1993,9,14,7.929917169696881
Bac Lieu,1993-09-15,1993,9,15,0.0
Bac Lieu,1993-09-16,1993,9,16,8.832033282963737
Bac Lieu,1993-09-17,1993,9,17,9.313946117365138
Bac Lieu,1993-09-18,1993,9,18,16.29504428575624
Bac Lieu,1993-09-19,1993,9,19,10.059917738176743
Bac Lieu,1993-09-20,1993,9,20,0.8904608734238825
Bac Lieu,1993-09-21,1993,9,21,14.053208020264252
Bac Lieu,1993-09-22,1993,9,22,25.84722603038572
Bac Lieu,1993-09-23,1993,9,23,5.239399642620446
Bac Lieu,1993-09-24,1993,9,24,25.647996593835217
Bac Lieu,1993-09-25,1993,9,25,12.679131255383766
Bac Lieu,1993-09-26,1993,9,26,4.874629145352346
Bac Lieu,1993-09-27,1993,9,27,5.96078699230698
Bac Lieu,1993-09-28,1993,9,28,0.8059188926264926
Bac Lieu,1993-09-29,1993,9,29,4.293494123926703
Bac Lieu,1993-09-30,1993,9,30,11.41306895043715
Bac Lieu,1993-10-01,1993,10,1,7.891072992738688
Bac Lieu,1993-10-02,1993,10,2,9.538902836619684
Bac Lieu,1993-10-03,1993,10,3,10.036746505449404
Bac Lieu,1993-10-04,1993,10,4,1.773798793648774
Bac Lieu,1993-10-05,1993,10,5,7.399227082594387
Bac Lieu,1993-10-06,1993,10,6,26.397374718720062
Bac Lieu,1993-10-07,1993,10,7,47.168866844753055
Bac Lieu,1993-10-08,1993,10,8,17.814484356898184
Bac Lieu,1993-10-09,1993,10,9,29.354120080623996
Bac Lieu,1993-10-10,1993,10,10,0.0
Bac Lieu,1993-10-11,1993,10,11,0.0
Bac Lieu,1993-10-12,1993,10,12,0.1501759672884671
Bac Lieu,1993-10-13,1993,10,13,24.78409025980392
Bac Lieu,1993-10-14,1993,10,14,7.370651958501566
Bac Lieu,1993-10-15,1993,10,15,0.0
Bac Lieu,1993-10-16,1993,10,16,5.821982534453555
Bac Lieu,1993-10-17,1993,10,17,5.018817647070255
Bac Lieu,1993-10-18,1993,10,18,0.2221069641923005
Bac Lieu,1993-10-19,1993,10,19,0.3312687188724302
Bac Lieu,1993-10-20,1993,10,20,0.0094693537298238
Bac Lieu,1993-10-21,1993,10,21,2.463144000953099
Bac Lieu,1993-10-22,1993,10,22,5.260567715518881
Bac Lieu,1993-10-23,1993,10,23,7.479866162857918
Bac Lieu,1993-10-24,1993,10,24,13.37443427190241
Bac Lieu,1993-10-25,1993,10,25,3.916585825830136
Bac Lieu,1993-10-26,1993,10,26,12.346247488597651
Bac Lieu,1993-10-27,1993,10,27,0.4581771027547009
Bac Lieu,1993-10-28,1993,10,28,0.0
Bac Lieu,1993-10-29,1993,10,29,0.0
Bac Lieu,1993-10-30,1993,10,30,0.0
Bac Lieu,1993-10-31,1993,10,31,0.0
Bac Lieu,1993-11-01,1993,11,1,0.0
Bac Lieu,1993-11-02,1993,11,2,0.0
Bac Lieu,1993-11-03,1993,11,3,0.0
Bac Lieu,1993-11-04,1993,11,4,0.0
Bac Lieu,1993-11-05,1993,11,5,0.0178838040333873
Bac Lieu,1993-11-06,1993,11,6,0.0
Bac Lieu,1993-11-07,1993,11,7,0.2153500325364886
Bac Lieu,1993-11-08,1993,11,8,0.0230176367309858
Bac Lieu,1993-11-09,1993,11,9,4.933356624189414
Bac Lieu,1993-11-10,1993,11,10,0.0242388063106896
Bac Lieu,1993-11-11,1993,11,11,4.325687479199105
Bac Lieu,1993-11-12,1993,11,12,1.1742000276817468
Bac Lieu,1993-11-13,1993,11,13,1.5440401297515294
Bac Lieu,1993-11-14,1993,11,14,0.0653464425284907
Bac Lieu,1993-11-15,1993,11,15,0.0
Bac Lieu,1993-11-16,1993,11,16,9.603893385041436
Bac Lieu,1993-11-17,1993,11,17,11.492101307635036
Bac Lieu,1993-11-18,1993,11,18,4.541520116410166
Bac Lieu,1993-11-19,1993,11,19,13.580515447724544
Bac Lieu,1993-11-20,1993,11,20,0.0
Bac Lieu,1993-11-21,1993,11,21,0.5324080878743587
Bac Lieu,1993-11-22,1993,11,22,0.0
Bac Lieu,1993-11-23,1993,11,23,9.201127235268649
Bac Lieu,1993-11-24,1993,11,24,0.0
Bac Lieu,1993-11-25,1993,11,25,0.0
Bac Lieu,1993-11-26,1993,11,26,19.47077786447417
Bac Lieu,1993-11-27,1993,11,27,27.209579904538288
Bac Lieu,1993-11-28,1993,11,28,13.264562795027247
Bac Lieu,1993-11-29,1993,11,29,4.764123130204544
Bac Lieu,1993-11-30,1993,11,30,1.1836457529967688
Bac Lieu,1993-12-01,1993,12,1,0.0
Bac Lieu,1993-12-02,1993,12,2,2.008271600345396
Bac Lieu,1993-12-03,1993,12,3,11.849549888071026
Bac Lieu,1993-12-04,1993,12,4,3.2752063073932
Bac Lieu,1993-12-05,1993,12,5,8.047237283292807
Bac Lieu,1993-12-06,1993,12,6,3.2819474999409803
Bac Lieu,1993-12-07,1993,12,7,7.52973867846435
Bac Lieu,1993-12-08,1993,12,8,0.6890218428125922
Bac Lieu,1993-12-09,1993,12,9,6.084542820156746
Bac Lieu,1993-12-10,1993,12,10,0.0
Bac Lieu,1993-12-11,1993,12,11,0.0
Bac Lieu,1993-12-12,1993,12,12,0.2543331629915057
Bac Lieu,1993-12-13,1993,12,13,0.0
Bac Lieu,1993-12-14,1993,12,14,21.9166267923679
Bac Lieu,1993-12-15,1993,12,15,0.7575307484752726
Bac Lieu,1993-12-16,1993,12,16,0.0
Bac Lieu,1993-12-17,1993,12,17,0.0
Bac Lieu,1993-12-18,1993,12,18,0.0
Bac Lieu,1993-12-19,1993,12,19,0.0
Bac Lieu,1993-12-20,1993,12,20,0.0
Bac Lieu,1993-12-21,1993,12,21,0.0
Bac Lieu,1993-12-22,1993,12,22,0.4741577726040247
Bac Lieu,1993-12-23,1993,12,23,0.7379785394488642
Bac Lieu,1993-12-24,1993,12,24,0.0
Bac Lieu,1993-12-25,1993,12,25,0.0
Bac Lieu,1993-12-26,1993,12,26,0.0
Bac Lieu,1993-12-27,1993,12,27,0.0
Bac Lieu,1993-12-28,1993,12,28,0.0
Bac Lieu,1993-12-29,1993,12,29,0.0
Bac Lieu,1993-12-30,1993,12,30,0.0
Bac Lieu,1993-12-31,1993,12,31,0.0
Bac Lieu,1994-01-01,1994,1,1,0.0
Bac Lieu,1994-01-02,1994,1,2,0.0
Bac Lieu,1994-01-03,1994,1,3,0.0
Bac Lieu,1994-01-04,1994,1,4,0.0
Bac Lieu,1994-01-05,1994,1,5,0.0
Bac Lieu,1994-01-06,1994,1,6,0.0
Bac Lieu,1994-01-07,1994,1,7,0.0
Bac Lieu,1994-01-08,1994,1,8,0.0
Bac Lieu,1994-01-09,1994,1,9,0.7042111681272399
Bac Lieu,1994-01-10,1994,1,10,0.0
Bac Lieu,1994-01-11,1994,1,11,1.0073982798558363
Bac Lieu,1994-01-12,1994,1,12,0.0
Bac Lieu,1994-01-13,1994,1,13,0.0
Bac Lieu,1994-01-14,1994,1,14,0.0
Bac Lieu,1994-01-15,1994,1,15,0.0
Bac Lieu,1994-01-16,1994,1,16,0.0
Bac Lieu,1994-01-17,1994,1,17,0.0
Bac Lieu,1994-01-18,1994,1,18,0.0
Bac Lieu,1994-01-19,1994,1,19,0.0
Bac Lieu,1994-01-20,1994,1,20,0.0
Bac Lieu,1994-01-21,1994,1,21,0.0
Bac Lieu,1994-01-22,1994,1,22,0.0542232062681666
Bac Lieu,1994-01-23,1994,1,23,5.030968517159517
Bac Lieu,1994-01-24,1994,1,24,2.205978130466533
Bac Lieu,1994-01-25,1994,1,25,0.0
Bac Lieu,1994-01-26,1994,1,26,0.5235939743653784
Bac Lieu,1994-01-27,1994,1,27,0.3085208741853821
Bac Lieu,1994-01-28,1994,1,28,0.0
Bac Lieu,1994-01-29,1994,1,29,0.0
Bac Lieu,1994-01-30,1994,1,30,0.0
Bac Lieu,1994-01-31,1994,1,31,0.0
Bac Lieu,1994-02-01,1994,2,1,0.0035060781982709
Bac Lieu,1994-02-02,1994,2,2,0.6117293263381384
Bac Lieu,1994-02-03,1994,2,3,0.0
Bac Lieu,1994-02-04,1994,2,4,0.0
Bac Lieu,1994-02-05,1994,2,5,0.0
Bac Lieu,1994-02-06,1994,2,6,0.4904326491265927
Bac Lieu,1994-02-07,1994,2,7,0.0
Bac Lieu,1994-02-08,1994,2,8,0.0
Bac Lieu,1994-02-09,1994,2,9,0.0
Bac Lieu,1994-02-10,1994,2,10,0.0
Bac Lieu,1994-02-11,1994,2,11,0.0
Bac Lieu,1994-02-12,1994,2,12,0.0
Bac Lieu,1994-02-13,1994,2,13,0.0
Bac Lieu,1994-02-14,1994,2,14,0.0
Bac Lieu,1994-02-15,1994,2,15,0.0
Bac Lieu,1994-02-16,1994,2,16,0.0
Bac Lieu,1994-02-17,1994,2,17,0.0
Bac Lieu,1994-02-18,1994,2,18,0.0
Bac Lieu,1994-02-19,1994,2,19,0.2232028592487551
Bac Lieu,1994-02-20,1994,2,20,0.0
Bac Lieu,1994-02-21,1994,2,21,0.4531121133498426
Bac Lieu,1994-02-22,1994,2,22,0.0
Bac Lieu,1994-02-23,1994,2,23,0.0040090568560474
Bac Lieu,1994-02-24,1994,2,24,0.0
Bac Lieu,1994-02-25,1994,2,25,0.1585707606729471
Bac Lieu,1994-02-26,1994,2,26,0.0
Bac Lieu,1994-02-27,1994,2,27,0.0
Bac Lieu,1994-02-28,1994,2,28,0.0
Bac Lieu,1994-03-01,1994,3,1,0.0
Bac Lieu,1994-03-02,1994,3,2,0.0
Bac Lieu,1994-03-03,1994,3,3,0.0
Bac Lieu,1994-03-04,1994,3,4,0.0
Bac Lieu,1994-03-05,1994,3,5,0.0
Bac Lieu,1994-03-06,1994,3,6,1.6097879200161629
Bac Lieu,1994-03-07,1994,3,7,0.0
Bac Lieu,1994-03-08,1994,3,8,0.1990033328758096
Bac Lieu,1994-03-09,1994,3,9,0.0
Bac Lieu,1994-03-10,1994,3,10,0.0
Bac Lieu,1994-03-11,1994,3,11,0.0
Bac Lieu,1994-03-12,1994,3,12,0.0
Bac Lieu,1994-03-13,1994,3,13,1.6396763708906354
Bac Lieu,1994-03-14,1994,3,14,0.1782629384814568
Bac Lieu,1994-03-15,1994,3,15,0.8361854905902216
Bac Lieu,1994-03-16,1994,3,16,11.51608158025202
Bac Lieu,1994-03-17,1994,3,17,0.122411247739252
Bac Lieu,1994-03-18,1994,3,18,0.0
Bac Lieu,1994-03-19,1994,3,19,4.022229297817879
Bac Lieu,1994-03-20,1994,3,20,0.0074534879720435
Bac Lieu,1994-03-21,1994,3,21,0.0
Bac Lieu,1994-03-22,1994,3,22,0.8184828475196407
Bac Lieu,1994-03-23,1994,3,23,0.0115806053449522
Bac Lieu,1994-03-24,1994,3,24,3.389198687301492
Bac Lieu,1994-03-25,1994,3,25,0.0
Bac Lieu,1994-03-26,1994,3,26,0.0
Bac Lieu,1994-03-27,1994,3,27,0.0
Bac Lieu,1994-03-28,1994,3,28,0.0
Bac Lieu,1994-03-29,1994,3,29,0.4573113318389317
Bac Lieu,1994-03-30,1994,3,30,0.0
Bac Lieu,1994-03-31,1994,3,31,0.0
Bac Lieu,1994-04-01,1994,4,1,0.0
Bac Lieu,1994-04-02,1994,4,2,0.0
Bac Lieu,1994-04-03,1994,4,3,0.0
Bac Lieu,1994-04-04,1994,4,4,0.0
Bac Lieu,1994-04-05,1994,4,5,0.0
Bac Lieu,1994-04-06,1994,4,6,0.0208551226292016
Bac Lieu,1994-04-07,1994,4,7,0.0512259155039517
Bac Lieu,1994-04-08,1994,4,8,1.2086014352654513
Bac Lieu,1994-04-09,1994,4,9,3.4736023613192
Bac Lieu,1994-04-10,1994,4,10,3.8300935729224728
Bac Lieu,1994-04-11,1994,4,11,0.0846553060873499
Bac Lieu,1994-04-12,1994,4,12,0.4614810890701583
Bac Lieu,1994-04-13,1994,4,13,0.0
Bac Lieu,1994-04-14,1994,4,14,0.0
Bac Lieu,1994-04-15,1994,4,15,6.502374913098679
Bac Lieu,1994-04-16,1994,4,16,0.4524417418893779
Bac Lieu,1994-04-17,1994,4,17,0.3947615068183755
Bac Lieu,1994-04-18,1994,4,18,0.4788129674083782
Bac Lieu,1994-04-19,1994,4,19,2.518918983387498
Bac Lieu,1994-04-20,1994,4,20,0.3051707634835874
Bac Lieu,1994-04-21,1994,4,21,0.1440575941463686
Bac Lieu,1994-04-22,1994,4,22,0.4391659922464838
Bac Lieu,1994-04-23,1994,4,23,0.0
Bac Lieu,1994-04-24,1994,4,24,0.0
Bac Lieu,1994-04-25,1994,4,25,0.322685955411983
Bac Lieu,1994-04-26,1994,4,26,0.0
Bac Lieu,1994-04-27,1994,4,27,0.0
Bac Lieu,1994-04-28,1994,4,28,0.0
Bac Lieu,1994-04-29,1994,4,29,0.0
Bac Lieu,1994-04-30,1994,4,30,0.0
Bac Lieu,1994-05-01,1994,5,1,0.5264873729022045
Bac Lieu,1994-05-02,1994,5,2,2.626785448182304
Bac Lieu,1994-05-03,1994,5,3,0.0
Bac Lieu,1994-05-04,1994,5,4,0.0661109031821197
Bac Lieu,1994-05-05,1994,5,5,28.974532675113323
Bac Lieu,1994-05-06,1994,5,6,22.649469726886394
Bac Lieu,1994-05-07,1994,5,7,5.561183015139599
Bac Lieu,1994-05-08,1994,5,8,15.290467043534765
Bac Lieu,1994-05-09,1994,5,9,11.89520408133741
Bac Lieu,1994-05-10,1994,5,10,3.1435792663682185
Bac Lieu,1994-05-11,1994,5,11,5.502205913291788
Bac Lieu,1994-05-12,1994,5,12,4.85349038266236
Bac Lieu,1994-05-13,1994,5,13,7.130151379837179
Bac Lieu,1994-05-14,1994,5,14,11.907560198945822
Bac Lieu,1994-05-15,1994,5,15,10.720646613462916
Bac Lieu,1994-05-16,1994,5,16,12.479893228350948
Bac Lieu,1994-05-17,1994,5,17,13.295634331865132
Bac Lieu,1994-05-18,1994,5,18,18.980173692127448
Bac Lieu,1994-05-19,1994,5,19,17.111489712589197
Bac Lieu,1994-05-20,1994,5,20,3.288501808580363
Bac Lieu,1994-05-21,1994,5,21,0.6357133782404775
Bac Lieu,1994-05-22,1994,5,22,1.5919057943955903
Bac Lieu,1994-05-23,1994,5,23,2.6133520591663872
Bac Lieu,1994-05-24,1994,5,24,23.87716305905468
Bac Lieu,1994-05-25,1994,5,25,21.195105085426917
Bac Lieu,1994-05-26,1994,5,26,6.958506995246097
Bac Lieu,1994-05-27,1994,5,27,5.373153270865386
Bac Lieu,1994-05-28,1994,5,28,0.8831791865960608
Bac Lieu,1994-05-29,1994,5,29,0.1471293870638002
Bac Lieu,1994-05-30,1994,5,30,4.903192104492548
Bac Lieu,1994-05-31,1994,5,31,2.4624769008024687
Bac Lieu,1994-06-01,1994,6,1,15.516743439044593
Bac Lieu,1994-06-02,1994,6,2,13.831683849874532
Bac Lieu,1994-06-03,1994,6,3,10.511234299893651
Bac Lieu,1994-06-04,1994,6,4,0.0
Bac Lieu,1994-06-05,1994,6,5,0.0
Bac Lieu,1994-06-06,1994,6,6,5.313118750680168
Bac Lieu,1994-06-07,1994,6,7,10.891282641500798
Bac Lieu,1994-06-08,1994,6,8,11.394929174351242
Bac Lieu,1994-06-09,1994,6,9,7.929577890738002
Bac Lieu,1994-06-10,1994,6,10,6.288215519509226
Bac Lieu,1994-06-11,1994,6,11,2.321537942634439
Bac Lieu,1994-06-12,1994,6,12,7.406239983828564
Bac Lieu,1994-06-13,1994,6,13,18.059133283111283
Bac Lieu,1994-06-14,1994,6,14,12.695734840734948
Bac Lieu,1994-06-15,1994,6,15,2.5358145497160147
Bac Lieu,1994-06-16,1994,6,16,10.796703444570868
Bac Lieu,1994-06-17,1994,6,17,17.278543724635867
Bac Lieu,1994-06-18,1994,6,18,2.423332078501864
Bac Lieu,1994-06-19,1994,6,19,24.046065591308302
Bac Lieu,1994-06-20,1994,6,20,5.327803487561784
Bac Lieu,1994-06-21,1994,6,21,0.2948846276841074
Bac Lieu,1994-06-22,1994,6,22,0.0
Bac Lieu,1994-06-23,1994,6,23,14.508276083604343
Bac Lieu,1994-06-24,1994,6,24,3.7247558438642967
Bac Lieu,1994-06-25,1994,6,25,25.26271226137989
Bac Lieu,1994-06-26,1994,6,26,0.0
Bac Lieu,1994-06-27,1994,6,27,9.447634670923344
Bac Lieu,1994-06-28,1994,6,28,25.613608455801923
Bac Lieu,1994-06-29,1994,6,29,20.98547022614389
Bac Lieu,1994-06-30,1994,6,30,8.906772202923616
Bac Lieu,1994-07-01,1994,7,1,0.0
Bac Lieu,1994-07-02,1994,7,2,21.367794090306987
Bac Lieu,1994-07-03,1994,7,3,1.181862166962534
Bac Lieu,1994-07-04,1994,7,4,9.452183742109334
Bac Lieu,1994-07-05,1994,7,5,1.4320514486780709
Bac Lieu,1994-07-06,1994,7,6,7.75471817065185
Bac Lieu,1994-07-07,1994,7,7,4.215076908777346
Bac Lieu,1994-07-08,1994,7,8,2.290101143081233
Bac Lieu,1994-07-09,1994,7,9,0.5205207107471971
Bac Lieu,1994-07-10,1994,7,10,28.036433177120283
Bac Lieu,1994-07-11,1994,7,11,10.4301793542718
Bac Lieu,1994-07-12,1994,7,12,3.648032876437565
Bac Lieu,1994-07-13,1994,7,13,6.367734239947122
Bac Lieu,1994-07-14,1994,7,14,6.53579739333099
Bac Lieu,1994-07-15,1994,7,15,2.6263143607445487
Bac Lieu,1994-07-16,1994,7,16,0.0079493858409377
Bac Lieu,1994-07-17,1994,7,17,0.8133141920341639
Bac Lieu,1994-07-18,1994,7,18,19.029203602520926
Bac Lieu,1994-07-19,1994,7,19,35.50108456478478
Bac Lieu,1994-07-20,1994,7,20,7.16262579217947
Bac Lieu,1994-07-21,1994,7,21,0.0
Bac Lieu,1994-07-22,1994,7,22,0.0
Bac Lieu,1994-07-23,1994,7,23,0.0036572236654893
Bac Lieu,1994-07-24,1994,7,24,4.61251071352329
Bac Lieu,1994-07-25,1994,7,25,8.091669592281558
Bac Lieu,1994-07-26,1994,7,26,0.6746966816524291
Bac Lieu,1994-07-27,1994,7,27,2.302621508364408
Bac Lieu,1994-07-28,1994,7,28,11.61178589747087
Bac Lieu,1994-07-29,1994,7,29,23.15303343290653
Bac Lieu,1994-07-30,1994,7,30,14.629851244296669
Bac Lieu,1994-07-31,1994,7,31,14.932960240364078
Bac Lieu,1994-08-01,1994,8,1,12.664671560665347
Bac Lieu,1994-08-02,1994,8,2,9.490208500322307
Bac Lieu,1994-08-03,1994,8,3,11.37368078221915
Bac Lieu,1994-08-04,1994,8,4,2.6630691526161057
Bac Lieu,1994-08-05,1994,8,5,5.100782932722344
Bac Lieu,1994-08-06,1994,8,6,5.564858098264011
Bac Lieu,1994-08-07,1994,8,7,2.11024204308132
Bac Lieu,1994-08-08,1994,8,8,0.0
Bac Lieu,1994-08-09,1994,8,9,0.0
Bac Lieu,1994-08-10,1994,8,10,0.0026317189234607
Bac Lieu,1994-08-11,1994,8,11,0.0040334686423247
Bac Lieu,1994-08-12,1994,8,12,0.0
Bac Lieu,1994-08-13,1994,8,13,0.0
Bac Lieu,1994-08-14,1994,8,14,0.0
Bac Lieu,1994-08-15,1994,8,15,6.691476172807083
Bac Lieu,1994-08-16,1994,8,16,7.564542887093886
Bac Lieu,1994-08-17,1994,8,17,12.900997774448037
Bac Lieu,1994-08-18,1994,8,18,6.290261492711194
Bac Lieu,1994-08-19,1994,8,19,0.0
Bac Lieu,1994-08-20,1994,8,20,0.0
Bac Lieu,1994-08-21,1994,8,21,3.7922659902392697
Bac Lieu,1994-08-22,1994,8,22,27.25394390070214
Bac Lieu,1994-08-23,1994,8,23,59.98650585951896
Bac Lieu,1994-08-24,1994,8,24,32.20235544665355
Bac Lieu,1994-08-25,1994,8,25,0.0776130168482942
Bac Lieu,1994-08-26,1994,8,26,0.532562581062317
Bac Lieu,1994-08-27,1994,8,27,9.035127334486765
Bac Lieu,1994-08-28,1994,8,28,38.21100910229953
Bac Lieu,1994-08-29,1994,8,29,7.965080543338131
Bac Lieu,1994-08-30,1994,8,30,5.155195322648534
Bac Lieu,1994-08-31,1994,8,31,10.03522568330225
Bac Lieu,1994-09-01,1994,9,1,0.0
Bac Lieu,1994-09-02,1994,9,2,6.192557785771928
Bac Lieu,1994-09-03,1994,9,3,5.268602391189
Bac Lieu,1994-09-04,1994,9,4,34.67067641578531
Bac Lieu,1994-09-05,1994,9,5,17.86959203399802
Bac Lieu,1994-09-06,1994,9,6,18.76257073942221
Bac Lieu,1994-09-07,1994,9,7,0.0
Bac Lieu,1994-09-08,1994,9,8,1.571687424929637
Bac Lieu,1994-09-09,1994,9,9,0.5860232300308517
Bac Lieu,1994-09-10,1994,9,10,24.592312540558154
Bac Lieu,1994-09-11,1994,9,11,0.0
Bac Lieu,1994-09-12,1994,9,12,1.8673025731860469
Bac Lieu,1994-09-13,1994,9,13,0.0255082760217054
Bac Lieu,1994-09-14,1994,9,14,0.598334997932866
Bac Lieu,1994-09-15,1994,9,15,14.896002632644946
Bac Lieu,1994-09-16,1994,9,16,22.46971283534788
Bac Lieu,1994-09-17,1994,9,17,0.0
Bac Lieu,1994-09-18,1994,9,18,21.189973434556208
Bac Lieu,1994-09-19,1994,9,19,0.0
Bac Lieu,1994-09-20,1994,9,20,0.0
Bac Lieu,1994-09-21,1994,9,21,0.0
Bac Lieu,1994-09-22,1994,9,22,1.6189788481064566
Bac Lieu,1994-09-23,1994,9,23,4.077355573114359
Bac Lieu,1994-09-24,1994,9,24,4.181231330097845
Bac Lieu,1994-09-25,1994,9,25,2.3354057233828422
Bac Lieu,1994-09-26,1994,9,26,13.043801112552858
Bac Lieu,1994-09-27,1994,9,27,13.150010955918512
Bac Lieu,1994-09-28,1994,9,28,3.8168956778544314
Bac Lieu,1994-09-29,1994,9,29,12.27562668618616
Bac Lieu,1994-09-30,1994,9,30,11.024019008456534
Bac Lieu,1994-10-01,1994,10,1,1.9049132938744888
Bac Lieu,1994-10-02,1994,10,2,8.389854110393886
Bac Lieu,1994-10-03,1994,10,3,14.67159562145089
Bac Lieu,1994-10-04,1994,10,4,6.654383296408743
Bac Lieu,1994-10-05,1994,10,5,2.0417899924044343
Bac Lieu,1994-10-06,1994,10,6,2.2285894247630864
Bac Lieu,1994-10-07,1994,10,7,18.620157899784594
Bac Lieu,1994-10-08,1994,10,8,6.705369420681361
Bac Lieu,1994-10-09,1994,10,9,0.1101139895061277
Bac Lieu,1994-10-10,1994,10,10,0.2391658837480365
Bac Lieu,1994-10-11,1994,10,11,6.069005539300307
Bac Lieu,1994-10-12,1994,10,12,12.779379093278129
Bac Lieu,1994-10-13,1994,10,13,3.994059988417716
Bac Lieu,1994-10-14,1994,10,14,8.934399920085692
Bac Lieu,1994-10-15,1994,10,15,5.581329613451688
Bac Lieu,1994-10-16,1994,10,16,1.4313944875069389
Bac Lieu,1994-10-17,1994,10,17,1.2969332681152057
Bac Lieu,1994-10-18,1994,10,18,12.058058111208792
Bac Lieu,1994-10-19,1994,10,19,15.67385218440362
Bac Lieu,1994-10-20,1994,10,20,15.343453155679525
Bac Lieu,1994-10-21,1994,10,21,4.531229818272141
Bac Lieu,1994-10-22,1994,10,22,1.9108476456336252
Bac Lieu,1994-10-23,1994,10,23,6.627119358710523
Bac Lieu,1994-10-24,1994,10,24,15.67476078922344
Bac Lieu,1994-10-25,1994,10,25,21.58146867903224
Bac Lieu,1994-10-26,1994,10,26,37.06349127074908
Bac Lieu,1994-10-27,1994,10,27,0.0
Bac Lieu,1994-10-28,1994,10,28,0.0
Bac Lieu,1994-10-29,1994,10,29,10.305485553381576
Bac Lieu,1994-10-30,1994,10,30,0.1993374571890201
Bac Lieu,1994-10-31,1994,10,31,0.0
Bac Lieu,1994-11-01,1994,11,1,0.0
Bac Lieu,1994-11-02,1994,11,2,0.0
Bac Lieu,1994-11-03,1994,11,3,0.0
Bac Lieu,1994-11-04,1994,11,4,7.362092173018546
Bac Lieu,1994-11-05,1994,11,5,10.768787053270165
Bac Lieu,1994-11-06,1994,11,6,2.595656249496172
Bac Lieu,1994-11-07,1994,11,7,0.0
Bac Lieu,1994-11-08,1994,11,8,0.0
Bac Lieu,1994-11-09,1994,11,9,0.0
Bac Lieu,1994-11-10,1994,11,10,0.0
Bac Lieu,1994-11-11,1994,11,11,2.208762319025004
Bac Lieu,1994-11-12,1994,11,12,0.0
Bac Lieu,1994-11-13,1994,11,13,10.794033080478885
Bac Lieu,1994-11-14,1994,11,14,0.0
Bac Lieu,1994-11-15,1994,11,15,0.0
Bac Lieu,1994-11-16,1994,11,16,0.0
Bac Lieu,1994-11-17,1994,11,17,3.3804321311374883
Bac Lieu,1994-11-18,1994,11,18,0.0
Bac Lieu,1994-11-19,1994,11,19,5.174878254944424
Bac Lieu,1994-11-20,1994,11,20,0.4993858394082988
Bac Lieu,1994-11-21,1994,11,21,0.0
Bac Lieu,1994-11-22,1994,11,22,0.0
Bac Lieu,1994-11-23,1994,11,23,20.55552757905565
Bac Lieu,1994-11-24,1994,11,24,0.7653861243769808
Bac Lieu,1994-11-25,1994,11,25,0.0
Bac Lieu,1994-11-26,1994,11,26,0.0
Bac Lieu,1994-11-27,1994,11,27,1.0263438023261306
Bac Lieu,1994-11-28,1994,11,28,0.0195629144344689
Bac Lieu,1994-11-29,1994,11,29,0.0
Bac Lieu,1994-11-30,1994,11,30,2.8396562091179622
Bac Lieu,1994-12-01,1994,12,1,0.802938969432183
Bac Lieu,1994-12-02,1994,12,2,0.0
Bac Lieu,1994-12-03,1994,12,3,2.129522074654417
Bac Lieu,1994-12-04,1994,12,4,12.672704646758318
Bac Lieu,1994-12-05,1994,12,5,16.45860229348237
Bac Lieu,1994-12-06,1994,12,6,0.797115998843931
Bac Lieu,1994-12-07,1994,12,7,7.030793391461644
Bac Lieu,1994-12-08,1994,12,8,0.0
Bac Lieu,1994-12-09,1994,12,9,5.192172040381522
Bac Lieu,1994-12-10,1994,12,10,1.0362979607402154
Bac Lieu,1994-12-11,1994,12,11,5.927897725195254
Bac Lieu,1994-12-12,1994,12,12,0.0
Bac Lieu,1994-12-13,1994,12,13,0.0
Bac Lieu,1994-12-14,1994,12,14,0.0
Bac Lieu,1994-12-15,1994,12,15,0.0
Bac Lieu,1994-12-16,1994,12,16,0.0
Bac Lieu,1994-12-17,1994,12,17,0.0
Bac Lieu,1994-12-18,1994,12,18,0.0
Bac Lieu,1994-12-19,1994,12,19,0.4160831192304504
Bac Lieu,1994-12-20,1994,12,20,0.0
Bac Lieu,1994-12-21,1994,12,21,0.0
Bac Lieu,1994-12-22,1994,12,22,0.0
Bac Lieu,1994-12-23,1994,12,23,0.0
Bac Lieu,1994-12-24,1994,12,24,0.0
Bac Lieu,1994-12-25,1994,12,25,0.0
Bac Lieu,1994-12-26,1994,12,26,0.0
Bac Lieu,1994-12-27,1994,12,27,0.0
Bac Lieu,1994-12-28,1994,12,28,0.0
Bac Lieu,1994-12-29,1994,12,29,0.0
Bac Lieu,1994-12-30,1994,12,30,0.0
Bac Lieu,1994-12-31,1994,12,31,0.0
Bac Lieu,1995-01-01,1995,1,1,0.0
Bac Lieu,1995-01-02,1995,1,2,0.0
Bac Lieu,1995-01-03,1995,1,3,0.6998499485051859
Bac Lieu,1995-01-04,1995,1,4,0.3392632985115051
Bac Lieu,1995-01-05,1995,1,5,0.0
Bac Lieu,1995-01-06,1995,1,6,0.0
Bac Lieu,1995-01-07,1995,1,7,0.0
Bac Lieu,1995-01-08,1995,1,8,0.0
Bac Lieu,1995-01-09,1995,1,9,0.0
Bac Lieu,1995-01-10,1995,1,10,0.0471316554951217
Bac Lieu,1995-01-11,1995,1,11,0.1258476557281782
Bac Lieu,1995-01-12,1995,1,12,0.242808427927629
Bac Lieu,1995-01-13,1995,1,13,0.0738640871137943
Bac Lieu,1995-01-14,1995,1,14,1.785261941567907
Bac Lieu,1995-01-15,1995,1,15,1.7893100709645255
Bac Lieu,1995-01-16,1995,1,16,1.5800761130530885
Bac Lieu,1995-01-17,1995,1,17,0.0
Bac Lieu,1995-01-18,1995,1,18,0.0
Bac Lieu,1995-01-19,1995,1,19,0.0
Bac Lieu,1995-01-20,1995,1,20,0.0
Bac Lieu,1995-01-21,1995,1,21,0.0
Bac Lieu,1995-01-22,1995,1,22,0.0
Bac Lieu,1995-01-23,1995,1,23,1.1076177388767028
Bac Lieu,1995-01-24,1995,1,24,1.6284134338846747
Bac Lieu,1995-01-25,1995,1,25,3.1679795272395297
Bac Lieu,1995-01-26,1995,1,26,0.0
Bac Lieu,1995-01-27,1995,1,27,0.0
Bac Lieu,1995-01-28,1995,1,28,0.0
Bac Lieu,1995-01-29,1995,1,29,0.0
Bac Lieu,1995-01-30,1995,1,30,0.0
Bac Lieu,1995-01-31,1995,1,31,0.0
Bac Lieu,1995-02-01,1995,2,1,0.0
Bac Lieu,1995-02-02,1995,2,2,0.6213499252391312
Bac Lieu,1995-02-03,1995,2,3,0.0
Bac Lieu,1995-02-04,1995,2,4,0.0
Bac Lieu,1995-02-05,1995,2,5,0.0
Bac Lieu,1995-02-06,1995,2,6,0.0
Bac Lieu,1995-02-07,1995,2,7,0.0
Bac Lieu,1995-02-08,1995,2,8,0.0
Bac Lieu,1995-02-09,1995,2,9,0.0
Bac Lieu,1995-02-10,1995,2,10,0.0
Bac Lieu,1995-02-11,1995,2,11,0.0
Bac Lieu,1995-02-12,1995,2,12,0.0
Bac Lieu,1995-02-13,1995,2,13,0.0
Bac Lieu,1995-02-14,1995,2,14,1.7869578648153346
Bac Lieu,1995-02-15,1995,2,15,1.5407909267083657
Bac Lieu,1995-02-16,1995,2,16,0.0
Bac Lieu,1995-02-17,1995,2,17,0.0
Bac Lieu,1995-02-18,1995,2,18,0.0
Bac Lieu,1995-02-19,1995,2,19,0.113770313316921
Bac Lieu,1995-02-20,1995,2,20,0.1726834164565464
Bac Lieu,1995-02-21,1995,2,21,0.0390875251158228
Bac Lieu,1995-02-22,1995,2,22,0.0
Bac Lieu,1995-02-23,1995,2,23,0.0
Bac Lieu,1995-02-24,1995,2,24,0.0
Bac Lieu,1995-02-25,1995,2,25,0.9166450086809556
Bac Lieu,1995-02-26,1995,2,26,0.0
Bac Lieu,1995-02-27,1995,2,27,0.0
Bac Lieu,1995-02-28,1995,2,28,0.0
Bac Lieu,1995-03-01,1995,3,1,0.0
Bac Lieu,1995-03-02,1995,3,2,1.3836746490676453
Bac Lieu,1995-03-03,1995,3,3,3.780716480138167
Bac Lieu,1995-03-04,1995,3,4,1.058620652279764
Bac Lieu,1995-03-05,1995,3,5,0.0
Bac Lieu,1995-03-06,1995,3,6,0.0
Bac Lieu,1995-03-07,1995,3,7,0.0
Bac Lieu,1995-03-08,1995,3,8,0.0
Bac Lieu,1995-03-09,1995,3,9,0.0
Bac Lieu,1995-03-10,1995,3,10,0.0
Bac Lieu,1995-03-11,1995,3,11,0.0
Bac Lieu,1995-03-12,1995,3,12,0.0
Bac Lieu,1995-03-13,1995,3,13,0.0
Bac Lieu,1995-03-14,1995,3,14,0.0
Bac Lieu,1995-03-15,1995,3,15,0.0
Bac Lieu,1995-03-16,1995,3,16,0.3525346324128925
Bac Lieu,1995-03-17,1995,3,17,0.0
Bac Lieu,1995-03-18,1995,3,18,0.0
Bac Lieu,1995-03-19,1995,3,19,0.0598656050484135
Bac Lieu,1995-03-20,1995,3,20,0.0357745697453337
Bac Lieu,1995-03-21,1995,3,21,1.2578043331470132
Bac Lieu,1995-03-22,1995,3,22,0.0
Bac Lieu,1995-03-23,1995,3,23,0.0
Bac Lieu,1995-03-24,1995,3,24,3.1417217708263765
Bac Lieu,1995-03-25,1995,3,25,5.344767640257782
Bac Lieu,1995-03-26,1995,3,26,3.9369641072525168
Bac Lieu,1995-03-27,1995,3,27,0.0
Bac Lieu,1995-03-28,1995,3,28,0.0
Bac Lieu,1995-03-29,1995,3,29,0.0
Bac Lieu,1995-03-30,1995,3,30,0.0
Bac Lieu,1995-03-31,1995,3,31,0.0
Bac Lieu,1995-04-01,1995,4,1,0.0
Bac Lieu,1995-04-02,1995,4,2,0.0
Bac Lieu,1995-04-03,1995,4,3,0.0
Bac Lieu,1995-04-04,1995,4,4,0.0
Bac Lieu,1995-04-05,1995,4,5,0.0
Bac Lieu,1995-04-06,1995,4,6,0.0
Bac Lieu,1995-04-07,1995,4,7,0.0
Bac Lieu,1995-04-08,1995,4,8,0.0
Bac Lieu,1995-04-09,1995,4,9,0.0
Bac Lieu,1995-04-10,1995,4,10,0.0
Bac Lieu,1995-04-11,1995,4,11,0.0
Bac Lieu,1995-04-12,1995,4,12,0.0
Bac Lieu,1995-04-13,1995,4,13,0.1221075406704309
Bac Lieu,1995-04-14,1995,4,14,0.0
Bac Lieu,1995-04-15,1995,4,15,4.959140838155207
Bac Lieu,1995-04-16,1995,4,16,0.3834744855772775
Bac Lieu,1995-04-17,1995,4,17,0.0
Bac Lieu,1995-04-18,1995,4,18,0.0
Bac Lieu,1995-04-19,1995,4,19,0.0
Bac Lieu,1995-04-20,1995,4,20,0.1489997230295865
Bac Lieu,1995-04-21,1995,4,21,0.3325182539921887
Bac Lieu,1995-04-22,1995,4,22,0.8080718150588702
Bac Lieu,1995-04-23,1995,4,23,0.0
Bac Lieu,1995-04-24,1995,4,24,0.0
Bac Lieu,1995-04-25,1995,4,25,6.901586168721038
Bac Lieu,1995-04-26,1995,4,26,0.0
Bac Lieu,1995-04-27,1995,4,27,1.2017170811689124
Bac Lieu,1995-04-28,1995,4,28,4.350609614192315
Bac Lieu,1995-04-29,1995,4,29,0.0
Bac Lieu,1995-04-30,1995,4,30,0.0
Bac Lieu,1995-05-01,1995,5,1,0.0
Bac Lieu,1995-05-02,1995,5,2,0.0
Bac Lieu,1995-05-03,1995,5,3,0.4405845470788344
Bac Lieu,1995-05-04,1995,5,4,1.374777709313159
Bac Lieu,1995-05-05,1995,5,5,0.0
Bac Lieu,1995-05-06,1995,5,6,0.0
Bac Lieu,1995-05-07,1995,5,7,5.120587655589267
Bac Lieu,1995-05-08,1995,5,8,0.0
Bac Lieu,1995-05-09,1995,5,9,0.0
Bac Lieu,1995-05-10,1995,5,10,9.753638171753792
Bac Lieu,1995-05-11,1995,5,11,6.595122478089242
Bac Lieu,1995-05-12,1995,5,12,13.367167224128297
Bac Lieu,1995-05-13,1995,5,13,26.53669988221943
Bac Lieu,1995-05-14,1995,5,14,11.259316451504548
Bac Lieu,1995-05-15,1995,5,15,3.916585264925687
Bac Lieu,1995-05-16,1995,5,16,5.700386665650134
Bac Lieu,1995-05-17,1995,5,17,0.0188564002918747
Bac Lieu,1995-05-18,1995,5,18,9.841990799885878
Bac Lieu,1995-05-19,1995,5,19,7.141166663349799
Bac Lieu,1995-05-20,1995,5,20,0.1820409609776623
Bac Lieu,1995-05-21,1995,5,21,2.2734719461405057
Bac Lieu,1995-05-22,1995,5,22,8.509957125465826
Bac Lieu,1995-05-23,1995,5,23,0.5791686352873748
Bac Lieu,1995-05-24,1995,5,24,7.3730296876835375
Bac Lieu,1995-05-25,1995,5,25,12.927011056504162
Bac Lieu,1995-05-26,1995,5,26,20.51129924723788
Bac Lieu,1995-05-27,1995,5,27,22.34890251688687
Bac Lieu,1995-05-28,1995,5,28,7.651325830441603
Bac Lieu,1995-05-29,1995,5,29,3.636989203471058
Bac Lieu,1995-05-30,1995,5,30,10.852827252711892
Bac Lieu,1995-05-31,1995,5,31,13.715734314540647
Bac Lieu,1995-06-01,1995,6,1,27.15929213149593
Bac Lieu,1995-06-02,1995,6,2,9.290170510453995
Bac Lieu,1995-06-03,1995,6,3,16.032879057074492
Bac Lieu,1995-06-04,1995,6,4,13.793235187890398
Bac Lieu,1995-06-05,1995,6,5,0.0233086514023115
Bac Lieu,1995-06-06,1995,6,6,11.108122279491068
Bac Lieu,1995-06-07,1995,6,7,4.1837356717991385
Bac Lieu,1995-06-08,1995,6,8,4.477560829522476
Bac Lieu,1995-06-09,1995,6,9,12.147562797456418
Bac Lieu,1995-06-10,1995,6,10,9.180069486618043
Bac Lieu,1995-06-11,1995,6,11,0.0
Bac Lieu,1995-06-12,1995,6,12,7.322100042936939
Bac Lieu,1995-06-13,1995,6,13,1.660874939684598
Bac Lieu,1995-06-14,1995,6,14,3.7106793230704542
Bac Lieu,1995-06-15,1995,6,15,6.147964885207843
Bac Lieu,1995-06-16,1995,6,16,4.420476180472464
Bac Lieu,1995-06-17,1995,6,17,9.96886583902251
Bac Lieu,1995-06-18,1995,6,18,19.272863878178143
Bac Lieu,1995-06-19,1995,6,19,1.321517161099416
Bac Lieu,1995-06-20,1995,6,20,3.893287785404134
Bac Lieu,1995-06-21,1995,6,21,5.31158535763003
Bac Lieu,1995-06-22,1995,6,22,8.60534378607768
Bac Lieu,1995-06-23,1995,6,23,17.67044699451159
Bac Lieu,1995-06-24,1995,6,24,14.064326567991726
Bac Lieu,1995-06-25,1995,6,25,2.356554413867447
Bac Lieu,1995-06-26,1995,6,26,3.956211793899537
Bac Lieu,1995-06-27,1995,6,27,22.424737226378248
Bac Lieu,1995-06-28,1995,6,28,25.62557183467218
Bac Lieu,1995-06-29,1995,6,29,21.302080401654518
Bac Lieu,1995-06-30,1995,6,30,12.179985004802925
Bac Lieu,1995-07-01,1995,7,1,16.69431488278227
Bac Lieu,1995-07-02,1995,7,2,0.0300895525014625
Bac Lieu,1995-07-03,1995,7,3,7.6677508247663395
Bac Lieu,1995-07-04,1995,7,4,10.520500900898345
Bac Lieu,1995-07-05,1995,7,5,0.065828124370215
Bac Lieu,1995-07-06,1995,7,6,12.433893900187512
Bac Lieu,1995-07-07,1995,7,7,22.772621416847667
Bac Lieu,1995-07-08,1995,7,8,13.24453040948904
Bac Lieu,1995-07-09,1995,7,9,4.493572292066971
Bac Lieu,1995-07-10,1995,7,10,18.264981428686184
Bac Lieu,1995-07-11,1995,7,11,2.294489891691028
Bac Lieu,1995-07-12,1995,7,12,2.52595436519047
Bac Lieu,1995-07-13,1995,7,13,6.115866551570174
Bac Lieu,1995-07-14,1995,7,14,0.4771805804810435
Bac Lieu,1995-07-15,1995,7,15,8.970104939379782
Bac Lieu,1995-07-16,1995,7,16,10.22021153655142
Bac Lieu,1995-07-17,1995,7,17,0.1524668190254355
Bac Lieu,1995-07-18,1995,7,18,1.4597733974276852
Bac Lieu,1995-07-19,1995,7,19,2.8980476469003933
Bac Lieu,1995-07-20,1995,7,20,2.892217909399069
Bac Lieu,1995-07-21,1995,7,21,8.038571696479366
Bac Lieu,1995-07-22,1995,7,22,9.262223494529726
Bac Lieu,1995-07-23,1995,7,23,11.043477849348536
Bac Lieu,1995-07-24,1995,7,24,9.952940588969104
Bac Lieu,1995-07-25,1995,7,25,0.5582474999157889
Bac Lieu,1995-07-26,1995,7,26,1.5364761464460843
Bac Lieu,1995-07-27,1995,7,27,3.4102990884780886
Bac Lieu,1995-07-28,1995,7,28,4.943725699946566
Bac Lieu,1995-07-29,1995,7,29,16.513907158545727
Bac Lieu,1995-07-30,1995,7,30,19.93970298164296
Bac Lieu,1995-07-31,1995,7,31,4.736015680619007
Bac Lieu,1995-08-01,1995,8,1,3.562802658189019
Bac Lieu,1995-08-02,1995,8,2,3.4524956163550327
Bac Lieu,1995-08-03,1995,8,3,21.041250390502643
Bac Lieu,1995-08-04,1995,8,4,4.05454248126048
Bac Lieu,1995-08-05,1995,8,5,14.824177506788724
Bac Lieu,1995-08-06,1995,8,6,8.38734419939653
Bac Lieu,1995-08-07,1995,8,7,3.94767667948525
Bac Lieu,1995-08-08,1995,8,8,10.652692336856196
Bac Lieu,1995-08-09,1995,8,9,0.0917922624012209
Bac Lieu,1995-08-10,1995,8,10,0.0
Bac Lieu,1995-08-11,1995,8,11,0.1673105726062127
Bac Lieu,1995-08-12,1995,8,12,5.188917195769975
Bac Lieu,1995-08-13,1995,8,13,16.51892021008258
Bac Lieu,1995-08-14,1995,8,14,10.822920297622682
Bac Lieu,1995-08-15,1995,8,15,12.08598872087587
Bac Lieu,1995-08-16,1995,8,16,1.4900793087797348
Bac Lieu,1995-08-17,1995,8,17,11.84338302155261
Bac Lieu,1995-08-18,1995,8,18,3.3838835762131896
Bac Lieu,1995-08-19,1995,8,19,6.315429068709321
Bac Lieu,1995-08-20,1995,8,20,4.566635149577879
Bac Lieu,1995-08-21,1995,8,21,11.624772056831508
Bac Lieu,1995-08-22,1995,8,22,15.626069763363535
Bac Lieu,1995-08-23,1995,8,23,14.406425522210467
Bac Lieu,1995-08-24,1995,8,24,6.190286965190239
Bac Lieu,1995-08-25,1995,8,25,7.298132363859214
Bac Lieu,1995-08-26,1995,8,26,34.070135801135365
Bac Lieu,1995-08-27,1995,8,27,39.319112001814936
Bac Lieu,1995-08-28,1995,8,28,22.1815416583655
Bac Lieu,1995-08-29,1995,8,29,17.80517412102898
Bac Lieu,1995-08-30,1995,8,30,0.0007150466487092792
Bac Lieu,1995-08-31,1995,8,31,18.009670442329263
Bac Lieu,1995-09-01,1995,9,1,5.01008588983428
Bac Lieu,1995-09-02,1995,9,2,13.847545242525497
Bac Lieu,1995-09-03,1995,9,3,49.03695146186398
Bac Lieu,1995-09-04,1995,9,4,5.952864792247988
Bac Lieu,1995-09-05,1995,9,5,5.015370904382672
Bac Lieu,1995-09-06,1995,9,6,20.905778426260326
Bac Lieu,1995-09-07,1995,9,7,27.36782026920679
Bac Lieu,1995-09-08,1995,9,8,0.382727538198795
Bac Lieu,1995-09-09,1995,9,9,15.745323578132778
Bac Lieu,1995-09-10,1995,9,10,27.531790746185017
Bac Lieu,1995-09-11,1995,9,11,6.730880929263135
Bac Lieu,1995-09-12,1995,9,12,0.3250905925102954
Bac Lieu,1995-09-13,1995,9,13,4.00378368150963
Bac Lieu,1995-09-14,1995,9,14,28.337899408520396
Bac Lieu,1995-09-15,1995,9,15,14.22322602338611
Bac Lieu,1995-09-16,1995,9,16,8.955987585247687
Bac Lieu,1995-09-17,1995,9,17,3.424575989813175
Bac Lieu,1995-09-18,1995,9,18,13.255588037886712
Bac Lieu,1995-09-19,1995,9,19,33.16920495706235
Bac Lieu,1995-09-20,1995,9,20,20.606875953962216
Bac Lieu,1995-09-21,1995,9,21,7.984193811272675
Bac Lieu,1995-09-22,1995,9,22,9.02268810972178
Bac Lieu,1995-09-23,1995,9,23,5.8226170875981165
Bac Lieu,1995-09-24,1995,9,24,19.977589768427727
Bac Lieu,1995-09-25,1995,9,25,1.3941633897277546
Bac Lieu,1995-09-26,1995,9,26,18.5474180396098
Bac Lieu,1995-09-27,1995,9,27,3.641898632841291
Bac Lieu,1995-09-28,1995,9,28,4.2229199412363885
Bac Lieu,1995-09-29,1995,9,29,19.90145941363641
Bac Lieu,1995-09-30,1995,9,30,0.8546140888502014
Bac Lieu,1995-10-01,1995,10,1,2.179385772974986
Bac Lieu,1995-10-02,1995,10,2,17.39303126587058
Bac Lieu,1995-10-03,1995,10,3,43.005452171901496
Bac Lieu,1995-10-04,1995,10,4,28.370184931305214
Bac Lieu,1995-10-05,1995,10,5,0.3655535989437464
Bac Lieu,1995-10-06,1995,10,6,21.746513756122237
Bac Lieu,1995-10-07,1995,10,7,10.397738238784504
Bac Lieu,1995-10-08,1995,10,8,0.0306411956751121
Bac Lieu,1995-10-09,1995,10,9,18.772864907120763
Bac Lieu,1995-10-10,1995,10,10,13.26599300429506
Bac Lieu,1995-10-11,1995,10,11,17.49419385442194
Bac Lieu,1995-10-12,1995,10,12,2.970581885949622
Bac Lieu,1995-10-13,1995,10,13,0.3235343117983836
Bac Lieu,1995-10-14,1995,10,14,0.3669309245055577
Bac Lieu,1995-10-15,1995,10,15,0.2218294638147894
Bac Lieu,1995-10-16,1995,10,16,0.9771317576192464
Bac Lieu,1995-10-17,1995,10,17,0.0
Bac Lieu,1995-10-18,1995,10,18,0.164469204398821
Bac Lieu,1995-10-19,1995,10,19,0.4346690174858525
Bac Lieu,1995-10-20,1995,10,20,3.991182291408756
Bac Lieu,1995-10-21,1995,10,21,0.914067576174466
Bac Lieu,1995-10-22,1995,10,22,11.510143093522991
Bac Lieu,1995-10-23,1995,10,23,4.180696524997928
Bac Lieu,1995-10-24,1995,10,24,1.2736355531620531
Bac Lieu,1995-10-25,1995,10,25,2.017046150117551
Bac Lieu,1995-10-26,1995,10,26,5.327106557162303
Bac Lieu,1995-10-27,1995,10,27,4.355317962718461
Bac Lieu,1995-10-28,1995,10,28,5.647918357435263
Bac Lieu,1995-10-29,1995,10,29,8.482950473047655
Bac Lieu,1995-10-30,1995,10,30,3.2827549372439115
Bac Lieu,1995-10-31,1995,10,31,1.5276481201063914
Bac Lieu,1995-11-01,1995,11,1,0.0146824170958321
Bac Lieu,1995-11-02,1995,11,2,18.20487232082295
Bac Lieu,1995-11-03,1995,11,3,1.9437813398973005
Bac Lieu,1995-11-04,1995,11,4,2.4504966295350274
Bac Lieu,1995-11-05,1995,11,5,2.2628445999217486
Bac Lieu,1995-11-06,1995,11,6,0.4230609064282111
Bac Lieu,1995-11-07,1995,11,7,7.904851958832651
Bac Lieu,1995-11-08,1995,11,8,1.350595902496914
Bac Lieu,1995-11-09,1995,11,9,13.902564645371347
Bac Lieu,1995-11-10,1995,11,10,5.252619446754456
Bac Lieu,1995-11-11,1995,11,11,0.0
Bac Lieu,1995-11-12,1995,11,12,0.01133884707037
Bac Lieu,1995-11-13,1995,11,13,0.0
Bac Lieu,1995-11-14,1995,11,14,52.88150265243818
Bac Lieu,1995-11-15,1995,11,15,0.0129586823661372
Bac Lieu,1995-11-16,1995,11,16,2.892291226369031
Bac Lieu,1995-11-17,1995,11,17,0.0152595689881522
Bac Lieu,1995-11-18,1995,11,18,10.982802498313616
Bac Lieu,1995-11-19,1995,11,19,1.8001980834816989
Bac Lieu,1995-11-20,1995,11,20,0.974514087964904
Bac Lieu,1995-11-21,1995,11,21,1.4995080622906958
Bac Lieu,1995-11-22,1995,11,22,0.0
Bac Lieu,1995-11-23,1995,11,23,3.361143521308899
Bac Lieu,1995-11-24,1995,11,24,1.231868615510329
Bac Lieu,1995-11-25,1995,11,25,29.80469359941302
Bac Lieu,1995-11-26,1995,11,26,20.667615387754616
Bac Lieu,1995-11-27,1995,11,27,4.248301343378032
Bac Lieu,1995-11-28,1995,11,28,1.328039800751884
Bac Lieu,1995-11-29,1995,11,29,0.0
Bac Lieu,1995-11-30,1995,11,30,16.581958004627595
Bac Lieu,1995-12-01,1995,12,1,13.887339839566431
Bac Lieu,1995-12-02,1995,12,2,0.1386758049119194
Bac Lieu,1995-12-03,1995,12,3,16.286171336875775
Bac Lieu,1995-12-04,1995,12,4,0.0
Bac Lieu,1995-12-05,1995,12,5,2.756062531327302
Bac Lieu,1995-12-06,1995,12,6,0.0358312472937242
Bac Lieu,1995-12-07,1995,12,7,1.9823916841542948
Bac Lieu,1995-12-08,1995,12,8,0.0
Bac Lieu,1995-12-09,1995,12,9,0.0
Bac Lieu,1995-12-10,1995,12,10,2.189201037712817
Bac Lieu,1995-12-11,1995,12,11,0.9072786080702298
Bac Lieu,1995-12-12,1995,12,12,2.098144688660244
Bac Lieu,1995-12-13,1995,12,13,0.0
Bac Lieu,1995-12-14,1995,12,14,0.0
Bac Lieu,1995-12-15,1995,12,15,0.0
Bac Lieu,1995-12-16,1995,12,16,0.0
Bac Lieu,1995-12-17,1995,12,17,3.708330069577919
Bac Lieu,1995-12-18,1995,12,18,1.9033657438710052
Bac Lieu,1995-12-19,1995,12,19,0.0
Bac Lieu,1995-12-20,1995,12,20,0.1636651993337667
Bac Lieu,1995-12-21,1995,12,21,0.6377186341915492
Bac Lieu,1995-12-22,1995,12,22,0.0
Bac Lieu,1995-12-23,1995,12,23,0.0
Bac Lieu,1995-12-24,1995,12,24,0.0
Bac Lieu,1995-12-25,1995,12,25,0.0
Bac Lieu,1995-12-26,1995,12,26,0.0
Bac Lieu,1995-12-27,1995,12,27,0.2093495404765291
Bac Lieu,1995-12-28,1995,12,28,0.0
Bac Lieu,1995-12-29,1995,12,29,0.0
Bac Lieu,1995-12-30,1995,12,30,0.0
Bac Lieu,1995-12-31,1995,12,31,0.0
Bac Lieu,1996-01-01,1996,1,1,0.0
Bac Lieu,1996-01-02,1996,1,2,0.7808973834109757
Bac Lieu,1996-01-03,1996,1,3,0.0
Bac Lieu,1996-01-04,1996,1,4,0.0
Bac Lieu,1996-01-05,1996,1,5,0.0
Bac Lieu,1996-01-06,1996,1,6,0.0
Bac Lieu,1996-01-07,1996,1,7,0.0
Bac Lieu,1996-01-08,1996,1,8,0.0
Bac Lieu,1996-01-09,1996,1,9,0.0
Bac Lieu,1996-01-10,1996,1,10,0.0
Bac Lieu,1996-01-11,1996,1,11,0.0
Bac Lieu,1996-01-12,1996,1,12,0.0
Bac Lieu,1996-01-13,1996,1,13,0.0
Bac Lieu,1996-01-14,1996,1,14,0.0
Bac Lieu,1996-01-15,1996,1,15,0.0
Bac Lieu,1996-01-16,1996,1,16,0.0
Bac Lieu,1996-01-17,1996,1,17,0.0
Bac Lieu,1996-01-18,1996,1,18,0.0
Bac Lieu,1996-01-19,1996,1,19,0.0
Bac Lieu,1996-01-20,1996,1,20,0.0
Bac Lieu,1996-01-21,1996,1,21,0.0
Bac Lieu,1996-01-22,1996,1,22,0.2276665759536455
Bac Lieu,1996-01-23,1996,1,23,0.1508521187440404
Bac Lieu,1996-01-24,1996,1,24,0.8169178895950319
Bac Lieu,1996-01-25,1996,1,25,1.8506838383224773
Bac Lieu,1996-01-26,1996,1,26,0.0
Bac Lieu,1996-01-27,1996,1,27,2.661005111469413
Bac Lieu,1996-01-28,1996,1,28,3.062562426058752
Bac Lieu,1996-01-29,1996,1,29,0.0082274055570926
Bac Lieu,1996-01-30,1996,1,30,0.0
Bac Lieu,1996-01-31,1996,1,31,0.657956114953419
Bac Lieu,1996-02-01,1996,2,1,1.8028500694148943
Bac Lieu,1996-02-02,1996,2,2,0.0
Bac Lieu,1996-02-03,1996,2,3,2.0687887382687262
Bac Lieu,1996-02-04,1996,2,4,0.0
Bac Lieu,1996-02-05,1996,2,5,0.5778224522662614
Bac Lieu,1996-02-06,1996,2,6,0.8260213412158895
Bac Lieu,1996-02-07,1996,2,7,0.0
Bac Lieu,1996-02-08,1996,2,8,0.0
Bac Lieu,1996-02-09,1996,2,9,0.0
Bac Lieu,1996-02-10,1996,2,10,0.112628747121343
Bac Lieu,1996-02-11,1996,2,11,0.0549682899870962
Bac Lieu,1996-02-12,1996,2,12,0.0
Bac Lieu,1996-02-13,1996,2,13,0.0
Bac Lieu,1996-02-14,1996,2,14,0.0
Bac Lieu,1996-02-15,1996,2,15,0.0
Bac Lieu,1996-02-16,1996,2,16,0.0
Bac Lieu,1996-02-17,1996,2,17,0.0
Bac Lieu,1996-02-18,1996,2,18,0.0
Bac Lieu,1996-02-19,1996,2,19,0.0
Bac Lieu,1996-02-20,1996,2,20,0.0
Bac Lieu,1996-02-21,1996,2,21,0.0
Bac Lieu,1996-02-22,1996,2,22,0.3215375912504376
Bac Lieu,1996-02-23,1996,2,23,0.0
Bac Lieu,1996-02-24,1996,2,24,0.021575050713881
Bac Lieu,1996-02-25,1996,2,25,0.0
Bac Lieu,1996-02-26,1996,2,26,0.5192402735386256
Bac Lieu,1996-02-27,1996,2,27,0.0
Bac Lieu,1996-02-28,1996,2,28,0.0
Bac Lieu,1996-02-29,1996,2,29,0.0
Bac Lieu,1996-03-01,1996,3,1,0.0
Bac Lieu,1996-03-02,1996,3,2,0.0
Bac Lieu,1996-03-03,1996,3,3,0.0
Bac Lieu,1996-03-04,1996,3,4,0.0
Bac Lieu,1996-03-05,1996,3,5,1.5884062900363276
Bac Lieu,1996-03-06,1996,3,6,0.0
Bac Lieu,1996-03-07,1996,3,7,0.0
Bac Lieu,1996-03-08,1996,3,8,0.0
Bac Lieu,1996-03-09,1996,3,9,1.6853632882945946
Bac Lieu,1996-03-10,1996,3,10,0.0
Bac Lieu,1996-03-11,1996,3,11,0.0
Bac Lieu,1996-03-12,1996,3,12,0.0
Bac Lieu,1996-03-13,1996,3,13,0.0
Bac Lieu,1996-03-14,1996,3,14,0.0
Bac Lieu,1996-03-15,1996,3,15,0.0
Bac Lieu,1996-03-16,1996,3,16,0.0
Bac Lieu,1996-03-17,1996,3,17,0.0
Bac Lieu,1996-03-18,1996,3,18,0.0
Bac Lieu,1996-03-19,1996,3,19,0.0
Bac Lieu,1996-03-20,1996,3,20,0.0
Bac Lieu,1996-03-21,1996,3,21,0.0
Bac Lieu,1996-03-22,1996,3,22,2.1343623878101137
Bac Lieu,1996-03-23,1996,3,23,0.0
Bac Lieu,1996-03-24,1996,3,24,0.0
Bac Lieu,1996-03-25,1996,3,25,0.0
Bac Lieu,1996-03-26,1996,3,26,0.0
Bac Lieu,1996-03-27,1996,3,27,0.0
Bac Lieu,1996-03-28,1996,3,28,0.0
Bac Lieu,1996-03-29,1996,3,29,0.0
Bac Lieu,1996-03-30,1996,3,30,0.0
Bac Lieu,1996-03-31,1996,3,31,2.777727616148175
Bac Lieu,1996-04-01,1996,4,1,0.0
Bac Lieu,1996-04-02,1996,4,2,0.0046763567474653
Bac Lieu,1996-04-03,1996,4,3,0.0
Bac Lieu,1996-04-04,1996,4,4,0.0
Bac Lieu,1996-04-05,1996,4,5,0.0
Bac Lieu,1996-04-06,1996,4,6,2.058771515540357
Bac Lieu,1996-04-07,1996,4,7,0.0
Bac Lieu,1996-04-08,1996,4,8,0.0
Bac Lieu,1996-04-09,1996,4,9,1.460747576371679
Bac Lieu,1996-04-10,1996,4,10,0.6845548135109668
Bac Lieu,1996-04-11,1996,4,11,0.0
Bac Lieu,1996-04-12,1996,4,12,0.0
Bac Lieu,1996-04-13,1996,4,13,0.0
Bac Lieu,1996-04-14,1996,4,14,0.0
Bac Lieu,1996-04-15,1996,4,15,0.2147103626143258
Bac Lieu,1996-04-16,1996,4,16,0.8426013663489863
Bac Lieu,1996-04-17,1996,4,17,1.2734470784979048
Bac Lieu,1996-04-18,1996,4,18,7.6854340441182
Bac Lieu,1996-04-19,1996,4,19,5.513184462745235
Bac Lieu,1996-04-20,1996,4,20,6.526788277509078
Bac Lieu,1996-04-21,1996,4,21,8.367667633344544
Bac Lieu,1996-04-22,1996,4,22,8.31633401620613
Bac Lieu,1996-04-23,1996,4,23,10.536656728132716
Bac Lieu,1996-04-24,1996,4,24,0.0
Bac Lieu,1996-04-25,1996,4,25,0.6865833948603217
Bac Lieu,1996-04-26,1996,4,26,0.0
Bac Lieu,1996-04-27,1996,4,27,0.0
Bac Lieu,1996-04-28,1996,4,28,1.4585392973557965
Bac Lieu,1996-04-29,1996,4,29,0.8900343184741041
Bac Lieu,1996-04-30,1996,4,30,10.642095702117343
Bac Lieu,1996-05-01,1996,5,1,12.491507798320844
Bac Lieu,1996-05-02,1996,5,2,5.058139016025472
Bac Lieu,1996-05-03,1996,5,3,4.368566816851779
Bac Lieu,1996-05-04,1996,5,4,2.194835421778121
Bac Lieu,1996-05-05,1996,5,5,3.602312870763383
Bac Lieu,1996-05-06,1996,5,6,0.539231375937192
Bac Lieu,1996-05-07,1996,5,7,5.329235106855069
Bac Lieu,1996-05-08,1996,5,8,6.960922010718653
Bac Lieu,1996-05-09,1996,5,9,5.853184273242952
Bac Lieu,1996-05-10,1996,5,10,6.13415969221547
Bac Lieu,1996-05-11,1996,5,11,7.72084700175951
Bac Lieu,1996-05-12,1996,5,12,8.902887329443448
Bac Lieu,1996-05-13,1996,5,13,14.71345998711856
Bac Lieu,1996-05-14,1996,5,14,16.607523081563553
Bac Lieu,1996-05-15,1996,5,15,8.197645013503307
Bac Lieu,1996-05-16,1996,5,16,8.558216153810612
Bac Lieu,1996-05-17,1996,5,17,9.492237553038688
Bac Lieu,1996-05-18,1996,5,18,19.28005073889247
Bac Lieu,1996-05-19,1996,5,19,10.248532448048865
Bac Lieu,1996-05-20,1996,5,20,10.552956332422651
Bac Lieu,1996-05-21,1996,5,21,8.138801275604179
Bac Lieu,1996-05-22,1996,5,22,3.25273843346002
Bac Lieu,1996-05-23,1996,5,23,1.5421427305149586
Bac Lieu,1996-05-24,1996,5,24,6.224927473365137
Bac Lieu,1996-05-25,1996,5,25,2.2550007692732903
Bac Lieu,1996-05-26,1996,5,26,22.504460079445032
Bac Lieu,1996-05-27,1996,5,27,13.673995921278902
Bac Lieu,1996-05-28,1996,5,28,20.016020009058828
Bac Lieu,1996-05-29,1996,5,29,6.70641999277079
Bac Lieu,1996-05-30,1996,5,30,0.586646932565941
Bac Lieu,1996-05-31,1996,5,31,3.282666010028912
Bac Lieu,1996-06-01,1996,6,1,0.1028814898796801
Bac Lieu,1996-06-02,1996,6,2,4.361031281273322
Bac Lieu,1996-06-03,1996,6,3,11.156179332013403
Bac Lieu,1996-06-04,1996,6,4,7.354697932477267
Bac Lieu,1996-06-05,1996,6,5,0.3470537941770734
Bac Lieu,1996-06-06,1996,6,6,3.585709919839536
Bac Lieu,1996-06-07,1996,6,7,14.641506355429597
Bac Lieu,1996-06-08,1996,6,8,22.8358011191926
Bac Lieu,1996-06-09,1996,6,9,8.06050398956155
Bac Lieu,1996-06-10,1996,6,10,15.173194186138655
Bac Lieu,1996-06-11,1996,6,11,10.04176650461161
Bac Lieu,1996-06-12,1996,6,12,12.347156311269076
Bac Lieu,1996-06-13,1996,6,13,26.418033285536865
Bac Lieu,1996-06-14,1996,6,14,7.988886431352149
Bac Lieu,1996-06-15,1996,6,15,19.2455824429854
Bac Lieu,1996-06-16,1996,6,16,29.71814365682063
Bac Lieu,1996-06-17,1996,6,17,8.840457259592021
Bac Lieu,1996-06-18,1996,6,18,18.730960830292613
Bac Lieu,1996-06-19,1996,6,19,5.059693202936426
Bac Lieu,1996-06-20,1996,6,20,4.064203501575399
Bac Lieu,1996-06-21,1996,6,21,8.259882223057296
Bac Lieu,1996-06-22,1996,6,22,2.7618290493443327
Bac Lieu,1996-06-23,1996,6,23,8.434263113327749
Bac Lieu,1996-06-24,1996,6,24,6.341962921952303
Bac Lieu,1996-06-25,1996,6,25,0.0
Bac Lieu,1996-06-26,1996,6,26,0.0
Bac Lieu,1996-06-27,1996,6,27,0.825980581085637
Bac Lieu,1996-06-28,1996,6,28,1.3335576427927558
Bac Lieu,1996-06-29,1996,6,29,0.0102911103446528
Bac Lieu,1996-06-30,1996,6,30,2.7129297311890803
Bac Lieu,1996-07-01,1996,7,1,5.718850064655521
Bac Lieu,1996-07-02,1996,7,2,0.1064343834193247
Bac Lieu,1996-07-03,1996,7,3,2.576951973366288
Bac Lieu,1996-07-04,1996,7,4,4.314157274345184
Bac Lieu,1996-07-05,1996,7,5,0.1664673845363113
Bac Lieu,1996-07-06,1996,7,6,3.9384699367082354
Bac Lieu,1996-07-07,1996,7,7,2.564682179486977
Bac Lieu,1996-07-08,1996,7,8,0.0
Bac Lieu,1996-07-09,1996,7,9,4.656745617470652
Bac Lieu,1996-07-10,1996,7,10,5.742375034714646
Bac Lieu,1996-07-11,1996,7,11,20.131385818949287
Bac Lieu,1996-07-12,1996,7,12,16.468977655536726
Bac Lieu,1996-07-13,1996,7,13,0.4154983073540454
Bac Lieu,1996-07-14,1996,7,14,3.4996734038119057
Bac Lieu,1996-07-15,1996,7,15,16.603371808681853
Bac Lieu,1996-07-16,1996,7,16,5.168400945222603
Bac Lieu,1996-07-17,1996,7,17,6.970098973724078
Bac Lieu,1996-07-18,1996,7,18,10.313787695038997
Bac Lieu,1996-07-19,1996,7,19,4.474898698626826
Bac Lieu,1996-07-20,1996,7,20,9.588835337737825
Bac Lieu,1996-07-21,1996,7,21,7.532596119124935
Bac Lieu,1996-07-22,1996,7,22,37.23954060968363
Bac Lieu,1996-07-23,1996,7,23,48.82845596961256
Bac Lieu,1996-07-24,1996,7,24,33.408763627322216
Bac Lieu,1996-07-25,1996,7,25,4.532566997294158
Bac Lieu,1996-07-26,1996,7,26,6.301118866686553
Bac Lieu,1996-07-27,1996,7,27,22.2443833770752
Bac Lieu,1996-07-28,1996,7,28,15.13697729699117
Bac Lieu,1996-07-29,1996,7,29,18.64769284633421
Bac Lieu,1996-07-30,1996,7,30,15.570951952736332
Bac Lieu,1996-07-31,1996,7,31,0.1105082782529435
Bac Lieu,1996-08-01,1996,8,1,1.8963935788352533
Bac Lieu,1996-08-02,1996,8,2,0.0
Bac Lieu,1996-08-03,1996,8,3,15.108537047620096
Bac Lieu,1996-08-04,1996,8,4,5.74239361689226
Bac Lieu,1996-08-05,1996,8,5,6.7967408993199205
Bac Lieu,1996-08-06,1996,8,6,10.206200731565367
Bac Lieu,1996-08-07,1996,8,7,0.0
Bac Lieu,1996-08-08,1996,8,8,2.9557067947747577
Bac Lieu,1996-08-09,1996,8,9,3.317528585074083
Bac Lieu,1996-08-10,1996,8,10,1.7723469546336048
Bac Lieu,1996-08-11,1996,8,11,21.683247950212014
Bac Lieu,1996-08-12,1996,8,12,0.9649655273005648
Bac Lieu,1996-08-13,1996,8,13,4.509430166064568
Bac Lieu,1996-08-14,1996,8,14,0.938655620251062
Bac Lieu,1996-08-15,1996,8,15,0.0118434090884226
Bac Lieu,1996-08-16,1996,8,16,0.0
Bac Lieu,1996-08-17,1996,8,17,2.189922253734661
Bac Lieu,1996-08-18,1996,8,18,13.916198165767604
Bac Lieu,1996-08-19,1996,8,19,15.811457226357373
Bac Lieu,1996-08-20,1996,8,20,4.018389379555325
Bac Lieu,1996-08-21,1996,8,21,22.96535006278416
Bac Lieu,1996-08-22,1996,8,22,19.474676289990267
Bac Lieu,1996-08-23,1996,8,23,14.407586151159036
Bac Lieu,1996-08-24,1996,8,24,8.38503660909185
Bac Lieu,1996-08-25,1996,8,25,5.487771933285695
Bac Lieu,1996-08-26,1996,8,26,0.5004899248986875
Bac Lieu,1996-08-27,1996,8,27,11.32098679834042
Bac Lieu,1996-08-28,1996,8,28,0.0
Bac Lieu,1996-08-29,1996,8,29,0.0
Bac Lieu,1996-08-30,1996,8,30,8.517468322735914
Bac Lieu,1996-08-31,1996,8,31,0.9042235701758908
Bac Lieu,1996-09-01,1996,9,1,10.7979937977341
Bac Lieu,1996-09-02,1996,9,2,5.212013030457047
Bac Lieu,1996-09-03,1996,9,3,6.104239394025983
Bac Lieu,1996-09-04,1996,9,4,13.163957083126284
Bac Lieu,1996-09-05,1996,9,5,3.7743382935164114
Bac Lieu,1996-09-06,1996,9,6,15.67022215139641
Bac Lieu,1996-09-07,1996,9,7,11.095731368730654
Bac Lieu,1996-09-08,1996,9,8,5.804942388912417
Bac Lieu,1996-09-09,1996,9,9,18.60298530580413
Bac Lieu,1996-09-10,1996,9,10,19.82681037679708
Bac Lieu,1996-09-11,1996,9,11,22.360763331683177
Bac Lieu,1996-09-12,1996,9,12,18.206103481868528
Bac Lieu,1996-09-13,1996,9,13,0.0
Bac Lieu,1996-09-14,1996,9,14,16.27089909888214
Bac Lieu,1996-09-15,1996,9,15,0.0
Bac Lieu,1996-09-16,1996,9,16,0.0
Bac Lieu,1996-09-17,1996,9,17,17.074825608811288
Bac Lieu,1996-09-18,1996,9,18,11.04376566634988
Bac Lieu,1996-09-19,1996,9,19,2.4307776276570454
Bac Lieu,1996-09-20,1996,9,20,0.8015456821873505
Bac Lieu,1996-09-21,1996,9,21,1.3239258618984584
Bac Lieu,1996-09-22,1996,9,22,1.7681426251069556
Bac Lieu,1996-09-23,1996,9,23,3.0063300635679724
Bac Lieu,1996-09-24,1996,9,24,0.3179417074671332
Bac Lieu,1996-09-25,1996,9,25,11.912823329367727
Bac Lieu,1996-09-26,1996,9,26,31.1063197936292
Bac Lieu,1996-09-27,1996,9,27,1.2850168359504557
Bac Lieu,1996-09-28,1996,9,28,0.0
Bac Lieu,1996-09-29,1996,9,29,56.686994650930735
Bac Lieu,1996-09-30,1996,9,30,32.92072420573685
Bac Lieu,1996-10-01,1996,10,1,12.301473652128903
Bac Lieu,1996-10-02,1996,10,2,0.0291126097823089
Bac Lieu,1996-10-03,1996,10,3,8.606521228709312
Bac Lieu,1996-10-04,1996,10,4,1.1288047400510537
Bac Lieu,1996-10-05,1996,10,5,3.150431366776521
Bac Lieu,1996-10-06,1996,10,6,0.3744043718553939
Bac Lieu,1996-10-07,1996,10,7,0.6233638691542285
Bac Lieu,1996-10-08,1996,10,8,9.352476965904236
Bac Lieu,1996-10-09,1996,10,9,23.990747160497712
Bac Lieu,1996-10-10,1996,10,10,11.397241386503548
Bac Lieu,1996-10-11,1996,10,11,25.593181949615488
Bac Lieu,1996-10-12,1996,10,12,0.0
Bac Lieu,1996-10-13,1996,10,13,1.1611765379815733
Bac Lieu,1996-10-14,1996,10,14,4.2368207107220055
Bac Lieu,1996-10-15,1996,10,15,0.0
Bac Lieu,1996-10-16,1996,10,16,4.776602853918976
Bac Lieu,1996-10-17,1996,10,17,15.038136826209309
Bac Lieu,1996-10-18,1996,10,18,28.8306453605148
Bac Lieu,1996-10-19,1996,10,19,14.868405458954149
Bac Lieu,1996-10-20,1996,10,20,9.34959642165562
Bac Lieu,1996-10-21,1996,10,21,3.1653561786435684
Bac Lieu,1996-10-22,1996,10,22,8.40124858230015
Bac Lieu,1996-10-23,1996,10,23,20.794903498037808
Bac Lieu,1996-10-24,1996,10,24,6.597662813762449
Bac Lieu,1996-10-25,1996,10,25,8.01458018920107
Bac Lieu,1996-10-26,1996,10,26,8.107401848900993
Bac Lieu,1996-10-27,1996,10,27,5.311639914260721
Bac Lieu,1996-10-28,1996,10,28,28.42519415463142
Bac Lieu,1996-10-29,1996,10,29,35.6038296415581
Bac Lieu,1996-10-30,1996,10,30,31.84325304862688
Bac Lieu,1996-10-31,1996,10,31,2.8765678437610847
Bac Lieu,1996-11-01,1996,11,1,10.856890691919148
Bac Lieu,1996-11-02,1996,11,2,38.14729815062037
Bac Lieu,1996-11-03,1996,11,3,16.999683854588927
Bac Lieu,1996-11-04,1996,11,4,0.463709158771443
Bac Lieu,1996-11-05,1996,11,5,6.606566994900974
Bac Lieu,1996-11-06,1996,11,6,5.375995664758504
Bac Lieu,1996-11-07,1996,11,7,2.8340568912794013
Bac Lieu,1996-11-08,1996,11,8,8.91736696624756
Bac Lieu,1996-11-09,1996,11,9,6.543985457726246
Bac Lieu,1996-11-10,1996,11,10,2.499289718268053
Bac Lieu,1996-11-11,1996,11,11,6.937989393378205
Bac Lieu,1996-11-12,1996,11,12,0.0
Bac Lieu,1996-11-13,1996,11,13,13.407058848794907
Bac Lieu,1996-11-14,1996,11,14,0.0
Bac Lieu,1996-11-15,1996,11,15,0.0
Bac Lieu,1996-11-16,1996,11,16,3.5024652535780434
Bac Lieu,1996-11-17,1996,11,17,0.0
Bac Lieu,1996-11-18,1996,11,18,2.1993616130397005
Bac Lieu,1996-11-19,1996,11,19,2.502019997038932
Bac Lieu,1996-11-20,1996,11,20,9.44911203830647
Bac Lieu,1996-11-21,1996,11,21,3.4387040642432454
Bac Lieu,1996-11-22,1996,11,22,0.1649856457620297
Bac Lieu,1996-11-23,1996,11,23,9.15121728566008
Bac Lieu,1996-11-24,1996,11,24,0.0
Bac Lieu,1996-11-25,1996,11,25,0.0
Bac Lieu,1996-11-26,1996,11,26,11.87752444440014
Bac Lieu,1996-11-27,1996,11,27,25.63216538321298
Bac Lieu,1996-11-28,1996,11,28,3.243629168564419
Bac Lieu,1996-11-29,1996,11,29,0.0
Bac Lieu,1996-11-30,1996,11,30,4.241930123922961
Bac Lieu,1996-12-01,1996,12,1,0.0
Bac Lieu,1996-12-02,1996,12,2,0.0
Bac Lieu,1996-12-03,1996,12,3,8.023484561758224
Bac Lieu,1996-12-04,1996,12,4,0.0
Bac Lieu,1996-12-05,1996,12,5,3.7046106606294527
Bac Lieu,1996-12-06,1996,12,6,1.5790695286134506
Bac Lieu,1996-12-07,1996,12,7,9.318465583207477
Bac Lieu,1996-12-08,1996,12,8,0.4119230048454033
Bac Lieu,1996-12-09,1996,12,9,0.3538664549341743
Bac Lieu,1996-12-10,1996,12,10,0.0
Bac Lieu,1996-12-11,1996,12,11,1.7188162175394457
Bac Lieu,1996-12-12,1996,12,12,0.0
Bac Lieu,1996-12-13,1996,12,13,4.787039740638915
Bac Lieu,1996-12-14,1996,12,14,0.9752987607020256
Bac Lieu,1996-12-15,1996,12,15,2.3403354045130174
Bac Lieu,1996-12-16,1996,12,16,5.204854197619097
Bac Lieu,1996-12-17,1996,12,17,8.503865056811641
Bac Lieu,1996-12-18,1996,12,18,7.052302949860412
Bac Lieu,1996-12-19,1996,12,19,2.172249961400932
Bac Lieu,1996-12-20,1996,12,20,0.6300295977929854
Bac Lieu,1996-12-21,1996,12,21,1.7120749102988335
Bac Lieu,1996-12-22,1996,12,22,0.0
Bac Lieu,1996-12-23,1996,12,23,0.0
Bac Lieu,1996-12-24,1996,12,24,0.0
Bac Lieu,1996-12-25,1996,12,25,0.0
Bac Lieu,1996-12-26,1996,12,26,0.0
Bac Lieu,1996-12-27,1996,12,27,0.0
Bac Lieu,1996-12-28,1996,12,28,0.0
Bac Lieu,1996-12-29,1996,12,29,0.0
Bac Lieu,1996-12-30,1996,12,30,0.0
Bac Lieu,1996-12-31,1996,12,31,0.0
Bac Lieu,1997-01-01,1997,1,1,0.0
Bac Lieu,1997-01-02,1997,1,2,0.0
Bac Lieu,1997-01-03,1997,1,3,1.5210911337834483
Bac Lieu,1997-01-04,1997,1,4,0.0
Bac Lieu,1997-01-05,1997,1,5,0.0
Bac Lieu,1997-01-06,1997,1,6,0.0
Bac Lieu,1997-01-07,1997,1,7,0.0
Bac Lieu,1997-01-08,1997,1,8,0.0
Bac Lieu,1997-01-09,1997,1,9,0.0
Bac Lieu,1997-01-10,1997,1,10,0.0
Bac Lieu,1997-01-11,1997,1,11,0.0
Bac Lieu,1997-01-12,1997,1,12,0.0
Bac Lieu,1997-01-13,1997,1,13,0.0
Bac Lieu,1997-01-14,1997,1,14,0.0
Bac Lieu,1997-01-15,1997,1,15,0.1274109351679964
Bac Lieu,1997-01-16,1997,1,16,0.0
Bac Lieu,1997-01-17,1997,1,17,0.0
Bac Lieu,1997-01-18,1997,1,18,0.0
Bac Lieu,1997-01-19,1997,1,19,0.0
Bac Lieu,1997-01-20,1997,1,20,0.0
Bac Lieu,1997-01-21,1997,1,21,0.6036236402223696
Bac Lieu,1997-01-22,1997,1,22,0.0
Bac Lieu,1997-01-23,1997,1,23,0.0
Bac Lieu,1997-01-24,1997,1,24,0.0
Bac Lieu,1997-01-25,1997,1,25,0.0
Bac Lieu,1997-01-26,1997,1,26,0.0
Bac Lieu,1997-01-27,1997,1,27,0.0
Bac Lieu,1997-01-28,1997,1,28,0.0
Bac Lieu,1997-01-29,1997,1,29,0.0
Bac Lieu,1997-01-30,1997,1,30,0.8601525199458285
Bac Lieu,1997-01-31,1997,1,31,1.915803134054508
Bac Lieu,1997-02-01,1997,2,1,0.0
Bac Lieu,1997-02-02,1997,2,2,0.0
Bac Lieu,1997-02-03,1997,2,3,0.0
Bac Lieu,1997-02-04,1997,2,4,0.0
Bac Lieu,1997-02-05,1997,2,5,0.0
Bac Lieu,1997-02-06,1997,2,6,0.0
Bac Lieu,1997-02-07,1997,2,7,0.0
Bac Lieu,1997-02-08,1997,2,8,0.0
Bac Lieu,1997-02-09,1997,2,9,0.0
Bac Lieu,1997-02-10,1997,2,10,0.2038869086211582
Bac Lieu,1997-02-11,1997,2,11,0.0
Bac Lieu,1997-02-12,1997,2,12,0.0
Bac Lieu,1997-02-13,1997,2,13,0.0
Bac Lieu,1997-02-14,1997,2,14,0.0
Bac Lieu,1997-02-15,1997,2,15,0.0
Bac Lieu,1997-02-16,1997,2,16,0.1665233304106964
Bac Lieu,1997-02-17,1997,2,17,0.3433982190377308
Bac Lieu,1997-02-18,1997,2,18,0.372537411608786
Bac Lieu,1997-02-19,1997,2,19,0.5115479672551156
Bac Lieu,1997-02-20,1997,2,20,0.8262872345863649
Bac Lieu,1997-02-21,1997,2,21,5.946833792227619
Bac Lieu,1997-02-22,1997,2,22,0.0
Bac Lieu,1997-02-23,1997,2,23,0.0099845266342163
Bac Lieu,1997-02-24,1997,2,24,0.0
Bac Lieu,1997-02-25,1997,2,25,0.0
Bac Lieu,1997-02-26,1997,2,26,0.0
Bac Lieu,1997-02-27,1997,2,27,0.0
Bac Lieu,1997-02-28,1997,2,28,0.0
Bac Lieu,1997-03-01,1997,3,1,0.0
Bac Lieu,1997-03-02,1997,3,2,0.0
Bac Lieu,1997-03-03,1997,3,3,0.0
Bac Lieu,1997-03-04,1997,3,4,0.0
Bac Lieu,1997-03-05,1997,3,5,0.0
Bac Lieu,1997-03-06,1997,3,6,1.2595192738569008
Bac Lieu,1997-03-07,1997,3,7,0.0
Bac Lieu,1997-03-08,1997,3,8,0.0
Bac Lieu,1997-03-09,1997,3,9,0.0
Bac Lieu,1997-03-10,1997,3,10,0.0
Bac Lieu,1997-03-11,1997,3,11,0.0
Bac Lieu,1997-03-12,1997,3,12,0.0
Bac Lieu,1997-03-13,1997,3,13,6.180306839745
Bac Lieu,1997-03-14,1997,3,14,0.2122044082137774
Bac Lieu,1997-03-15,1997,3,15,0.0
Bac Lieu,1997-03-16,1997,3,16,0.0
Bac Lieu,1997-03-17,1997,3,17,0.0
Bac Lieu,1997-03-18,1997,3,18,1.342881751235926
Bac Lieu,1997-03-19,1997,3,19,0.0
Bac Lieu,1997-03-20,1997,3,20,0.0
Bac Lieu,1997-03-21,1997,3,21,0.0
Bac Lieu,1997-03-22,1997,3,22,2.4586021284787165
Bac Lieu,1997-03-23,1997,3,23,0.0
Bac Lieu,1997-03-24,1997,3,24,0.0
Bac Lieu,1997-03-25,1997,3,25,0.0
Bac Lieu,1997-03-26,1997,3,26,0.0
Bac Lieu,1997-03-27,1997,3,27,0.0
Bac Lieu,1997-03-28,1997,3,28,0.0
Bac Lieu,1997-03-29,1997,3,29,0.0
Bac Lieu,1997-03-30,1997,3,30,0.0
Bac Lieu,1997-03-31,1997,3,31,0.0
Bac Lieu,1997-04-01,1997,4,1,0.0
Bac Lieu,1997-04-02,1997,4,2,0.0
Bac Lieu,1997-04-03,1997,4,3,0.0
Bac Lieu,1997-04-04,1997,4,4,0.0
Bac Lieu,1997-04-05,1997,4,5,0.0
Bac Lieu,1997-04-06,1997,4,6,0.0
Bac Lieu,1997-04-07,1997,4,7,0.8129937836269164
Bac Lieu,1997-04-08,1997,4,8,1.0491887276667469
Bac Lieu,1997-04-09,1997,4,9,3.220641962222333
Bac Lieu,1997-04-10,1997,4,10,3.6262890058553454
Bac Lieu,1997-04-11,1997,4,11,0.0
Bac Lieu,1997-04-12,1997,4,12,1.1591137544523995
Bac Lieu,1997-04-13,1997,4,13,0.6956699837108828
Bac Lieu,1997-04-14,1997,4,14,4.197160254505445
Bac Lieu,1997-04-15,1997,4,15,0.7506548349182562
Bac Lieu,1997-04-16,1997,4,16,1.366325558275547
Bac Lieu,1997-04-17,1997,4,17,0.6701512910105148
Bac Lieu,1997-04-18,1997,4,18,4.942393768382523
Bac Lieu,1997-04-19,1997,4,19,2.9103525438578624
Bac Lieu,1997-04-20,1997,4,20,4.866126170293341
Bac Lieu,1997-04-21,1997,4,21,0.0009111915984243718
Bac Lieu,1997-04-22,1997,4,22,3.1561213900728053
Bac Lieu,1997-04-23,1997,4,23,3.6769641473068377
Bac Lieu,1997-04-24,1997,4,24,2.3981283402262994
Bac Lieu,1997-04-25,1997,4,25,3.152249911254307
Bac Lieu,1997-04-26,1997,4,26,0.3453194626232364
Bac Lieu,1997-04-27,1997,4,27,1.2174894166532555
Bac Lieu,1997-04-28,1997,4,28,2.424154373510829
Bac Lieu,1997-04-29,1997,4,29,3.1131566297828024
Bac Lieu,1997-04-30,1997,4,30,1.972375522874436
Bac Lieu,1997-05-01,1997,5,1,0.0079374718935984
Bac Lieu,1997-05-02,1997,5,2,0.2050606797776132
Bac Lieu,1997-05-03,1997,5,3,3.114095982623551
Bac Lieu,1997-05-04,1997,5,4,5.209701709117529
Bac Lieu,1997-05-05,1997,5,5,0.1516303642560851
Bac Lieu,1997-05-06,1997,5,6,0.0
Bac Lieu,1997-05-07,1997,5,7,0.0
Bac Lieu,1997-05-08,1997,5,8,0.3784974497039363
Bac Lieu,1997-05-09,1997,5,9,0.0985960400059538
Bac Lieu,1997-05-10,1997,5,10,1.784088971740795
Bac Lieu,1997-05-11,1997,5,11,0.5142556975067788
Bac Lieu,1997-05-12,1997,5,12,0.2888571635462204
Bac Lieu,1997-05-13,1997,5,13,0.5783813915837487
Bac Lieu,1997-05-14,1997,5,14,2.0464434760966395
Bac Lieu,1997-05-15,1997,5,15,2.0900129216841936
Bac Lieu,1997-05-16,1997,5,16,7.766040111982599
Bac Lieu,1997-05-17,1997,5,17,9.375239760290905
Bac Lieu,1997-05-18,1997,5,18,1.718561384965789
Bac Lieu,1997-05-19,1997,5,19,5.121664221817592
Bac Lieu,1997-05-20,1997,5,20,1.1887914982471828
Bac Lieu,1997-05-21,1997,5,21,3.3560856495938207
Bac Lieu,1997-05-22,1997,5,22,3.4414479819333783
Bac Lieu,1997-05-23,1997,5,23,2.61746335858219
Bac Lieu,1997-05-24,1997,5,24,0.1288768349458586
Bac Lieu,1997-05-25,1997,5,25,0.3189365978825767
Bac Lieu,1997-05-26,1997,5,26,1.129231057697872
Bac Lieu,1997-05-27,1997,5,27,0.3735279426754646
Bac Lieu,1997-05-28,1997,5,28,0.0
Bac Lieu,1997-05-29,1997,5,29,17.63492631257255
Bac Lieu,1997-05-30,1997,5,30,8.096844512372648
Bac Lieu,1997-05-31,1997,5,31,0.9798290334377652
Bac Lieu,1997-06-01,1997,6,1,2.420866671706146
Bac Lieu,1997-06-02,1997,6,2,3.273567986596306
Bac Lieu,1997-06-03,1997,6,3,0.9743513845947556
Bac Lieu,1997-06-04,1997,6,4,7.376380271911623
Bac Lieu,1997-06-05,1997,6,5,2.0781069715967724
Bac Lieu,1997-06-06,1997,6,6,2.12796569656876
Bac Lieu,1997-06-07,1997,6,7,5.186624834780424
Bac Lieu,1997-06-08,1997,6,8,0.0383012355678486
Bac Lieu,1997-06-09,1997,6,9,1.0141684011153458
Bac Lieu,1997-06-10,1997,6,10,1.2900245440051243
Bac Lieu,1997-06-11,1997,6,11,1.6058860337779208
Bac Lieu,1997-06-12,1997,6,12,0.0
Bac Lieu,1997-06-13,1997,6,13,0.0
Bac Lieu,1997-06-14,1997,6,14,0.0115212000810875
Bac Lieu,1997-06-15,1997,6,15,0.0018942548194021
Bac Lieu,1997-06-16,1997,6,16,1.5237926364664764
Bac Lieu,1997-06-17,1997,6,17,0.8222025640775573
Bac Lieu,1997-06-18,1997,6,18,2.878436068507861
Bac Lieu,1997-06-19,1997,6,19,0.0
Bac Lieu,1997-06-20,1997,6,20,3.9540472624436873
Bac Lieu,1997-06-21,1997,6,21,3.7311202014797153
Bac Lieu,1997-06-22,1997,6,22,1.603926300966515
Bac Lieu,1997-06-23,1997,6,23,1.8302346549933808
Bac Lieu,1997-06-24,1997,6,24,11.071157663507282
Bac Lieu,1997-06-25,1997,6,25,4.131235355683093
Bac Lieu,1997-06-26,1997,6,26,1.365962476352476
Bac Lieu,1997-06-27,1997,6,27,12.850362147853062
Bac Lieu,1997-06-28,1997,6,28,4.754623298474078
Bac Lieu,1997-06-29,1997,6,29,6.6973499568273445
Bac Lieu,1997-06-30,1997,6,30,7.9452957013688
Bac Lieu,1997-07-01,1997,7,1,1.1819504099432028
Bac Lieu,1997-07-02,1997,7,2,1.83021009335428
Bac Lieu,1997-07-03,1997,7,3,6.235108326678006
Bac Lieu,1997-07-04,1997,7,4,4.131815996817824
Bac Lieu,1997-07-05,1997,7,5,0.0
Bac Lieu,1997-07-06,1997,7,6,7.971351010965852
Bac Lieu,1997-07-07,1997,7,7,9.992186366495098
Bac Lieu,1997-07-08,1997,7,8,8.89370803721446
Bac Lieu,1997-07-09,1997,7,9,8.338448142708472
Bac Lieu,1997-07-10,1997,7,10,1.802186617504876
Bac Lieu,1997-07-11,1997,7,11,2.3761880343455197
Bac Lieu,1997-07-12,1997,7,12,2.304471724150316
Bac Lieu,1997-07-13,1997,7,13,27.169794412684897
Bac Lieu,1997-07-14,1997,7,14,19.172495396848
Bac Lieu,1997-07-15,1997,7,15,16.12241498191402
Bac Lieu,1997-07-16,1997,7,16,11.389388985903755
Bac Lieu,1997-07-17,1997,7,17,2.5368475933704744
Bac Lieu,1997-07-18,1997,7,18,0.0
Bac Lieu,1997-07-19,1997,7,19,2.3880802755715718
Bac Lieu,1997-07-20,1997,7,20,7.657229782401393
Bac Lieu,1997-07-21,1997,7,21,26.67544242675349
Bac Lieu,1997-07-22,1997,7,22,25.37985180415748
Bac Lieu,1997-07-23,1997,7,23,15.127004060997152
Bac Lieu,1997-07-24,1997,7,24,3.211824451320577
Bac Lieu,1997-07-25,1997,7,25,2.339152982369909
Bac Lieu,1997-07-26,1997,7,26,8.780111923703608
Bac Lieu,1997-07-27,1997,7,27,11.2275509162399
Bac Lieu,1997-07-28,1997,7,28,13.37581988475008
Bac Lieu,1997-07-29,1997,7,29,0.2775272022463241
Bac Lieu,1997-07-30,1997,7,30,13.54568309729954
Bac Lieu,1997-07-31,1997,7,31,7.372186773696039
Bac Lieu,1997-08-01,1997,8,1,27.61076689331487
Bac Lieu,1997-08-02,1997,8,2,27.496642716029918
Bac Lieu,1997-08-03,1997,8,3,48.16821650818161
Bac Lieu,1997-08-04,1997,8,4,40.09424708427573
Bac Lieu,1997-08-05,1997,8,5,1.6861079241554695
Bac Lieu,1997-08-06,1997,8,6,0.4145187728449984
Bac Lieu,1997-08-07,1997,8,7,7.785359587039588
Bac Lieu,1997-08-08,1997,8,8,0.874379206387502
Bac Lieu,1997-08-09,1997,8,9,0.3464590231697514
Bac Lieu,1997-08-10,1997,8,10,0.0
Bac Lieu,1997-08-11,1997,8,11,0.0
Bac Lieu,1997-08-12,1997,8,12,0.0
Bac Lieu,1997-08-13,1997,8,13,0.0
Bac Lieu,1997-08-14,1997,8,14,1.4065375033684495
Bac Lieu,1997-08-15,1997,8,15,5.547325761327206
Bac Lieu,1997-08-16,1997,8,16,6.699693723318713
Bac Lieu,1997-08-17,1997,8,17,9.740732733276657
Bac Lieu,1997-08-18,1997,8,18,6.288546613297374
Bac Lieu,1997-08-19,1997,8,19,15.800299777750702
Bac Lieu,1997-08-20,1997,8,20,12.530073934609035
Bac Lieu,1997-08-21,1997,8,21,51.10119249595786
Bac Lieu,1997-08-22,1997,8,22,24.11739676856995
Bac Lieu,1997-08-23,1997,8,23,21.558417340548537
Bac Lieu,1997-08-24,1997,8,24,31.54993311266629
Bac Lieu,1997-08-25,1997,8,25,7.991990794937567
Bac Lieu,1997-08-26,1997,8,26,0.6468674698595731
Bac Lieu,1997-08-27,1997,8,27,0.0
Bac Lieu,1997-08-28,1997,8,28,1.4707030488859931
Bac Lieu,1997-08-29,1997,8,29,11.085668496257856
Bac Lieu,1997-08-30,1997,8,30,13.147452245640306
Bac Lieu,1997-08-31,1997,8,31,2.441618924194912
Bac Lieu,1997-09-01,1997,9,1,5.859938357803056
Bac Lieu,1997-09-02,1997,9,2,0.1941026862882219
Bac Lieu,1997-09-03,1997,9,3,2.080065169694289
Bac Lieu,1997-09-04,1997,9,4,0.6667908292806374
Bac Lieu,1997-09-05,1997,9,5,0.0038900609466264
Bac Lieu,1997-09-06,1997,9,6,2.342120034253823
Bac Lieu,1997-09-07,1997,9,7,3.268450935471734
Bac Lieu,1997-09-08,1997,9,8,1.1726083285313735
Bac Lieu,1997-09-09,1997,9,9,0.5371934614991243
Bac Lieu,1997-09-10,1997,9,10,6.133707357298654
Bac Lieu,1997-09-11,1997,9,11,2.323867194139733
Bac Lieu,1997-09-12,1997,9,12,3.394866486225489
Bac Lieu,1997-09-13,1997,9,13,4.8158870864544285
Bac Lieu,1997-09-14,1997,9,14,6.531616279242175
Bac Lieu,1997-09-15,1997,9,15,15.668917177974055
Bac Lieu,1997-09-16,1997,9,16,23.098684813121583
Bac Lieu,1997-09-17,1997,9,17,9.506527636761934
Bac Lieu,1997-09-18,1997,9,18,24.777362648658038
Bac Lieu,1997-09-19,1997,9,19,25.165513247112063
Bac Lieu,1997-09-20,1997,9,20,25.81948253422864
Bac Lieu,1997-09-21,1997,9,21,14.970393434542531
Bac Lieu,1997-09-22,1997,9,22,12.895625843785847
Bac Lieu,1997-09-23,1997,9,23,13.647192854071564
Bac Lieu,1997-09-24,1997,9,24,0.6313984868211566
Bac Lieu,1997-09-25,1997,9,25,11.907296024628405
Bac Lieu,1997-09-26,1997,9,26,9.384923563399408
Bac Lieu,1997-09-27,1997,9,27,1.8934480149610995
Bac Lieu,1997-09-28,1997,9,28,0.0
Bac Lieu,1997-09-29,1997,9,29,0.0
Bac Lieu,1997-09-30,1997,9,30,4.038513117124451
Bac Lieu,1997-10-01,1997,10,1,3.568908260777312
Bac Lieu,1997-10-02,1997,10,2,5.081965726681475
Bac Lieu,1997-10-03,1997,10,3,15.563203172251864
Bac Lieu,1997-10-04,1997,10,4,10.53337748207236
Bac Lieu,1997-10-05,1997,10,5,8.48982408194272
Bac Lieu,1997-10-06,1997,10,6,3.7282640668131273
Bac Lieu,1997-10-07,1997,10,7,1.2228648841965877
Bac Lieu,1997-10-08,1997,10,8,0.0621334205753398
Bac Lieu,1997-10-09,1997,10,9,5.681513923330129
Bac Lieu,1997-10-10,1997,10,10,0.1936988909379491
Bac Lieu,1997-10-11,1997,10,11,0.6226592553696544
Bac Lieu,1997-10-12,1997,10,12,1.8003627283798076
Bac Lieu,1997-10-13,1997,10,13,6.965967836128092
Bac Lieu,1997-10-14,1997,10,14,10.606258828262114
Bac Lieu,1997-10-15,1997,10,15,9.542928144203044
Bac Lieu,1997-10-16,1997,10,16,0.589957382634001
Bac Lieu,1997-10-17,1997,10,17,9.68096759830331
Bac Lieu,1997-10-18,1997,10,18,1.7933333471046309
Bac Lieu,1997-10-19,1997,10,19,0.0215892417835739
Bac Lieu,1997-10-20,1997,10,20,0.0
Bac Lieu,1997-10-21,1997,10,21,1.177504262339394
Bac Lieu,1997-10-22,1997,10,22,4.192207728071033
Bac Lieu,1997-10-23,1997,10,23,0.1990203610456215
Bac Lieu,1997-10-24,1997,10,24,0.7796133454610717
Bac Lieu,1997-10-25,1997,10,25,0.1168102237143606
Bac Lieu,1997-10-26,1997,10,26,0.9894231336071806
Bac Lieu,1997-10-27,1997,10,27,8.089330645435263
Bac Lieu,1997-10-28,1997,10,28,5.206428825036536
Bac Lieu,1997-10-29,1997,10,29,2.934819130663602
Bac Lieu,1997-10-30,1997,10,30,10.035817096638231
Bac Lieu,1997-10-31,1997,10,31,2.5345132503149648
Bac Lieu,1997-11-01,1997,11,1,14.773321209025836
Bac Lieu,1997-11-02,1997,11,2,28.660186526532456
Bac Lieu,1997-11-03,1997,11,3,11.99612302835933
Bac Lieu,1997-11-04,1997,11,4,2.5415745545963078
Bac Lieu,1997-11-05,1997,11,5,0.0078218779473934
Bac Lieu,1997-11-06,1997,11,6,0.8683286862103445
Bac Lieu,1997-11-07,1997,11,7,0.0
Bac Lieu,1997-11-08,1997,11,8,4.222055214234119
Bac Lieu,1997-11-09,1997,11,9,0.5911661513076639
Bac Lieu,1997-11-10,1997,11,10,0.0
Bac Lieu,1997-11-11,1997,11,11,0.0
Bac Lieu,1997-11-12,1997,11,12,0.0041083067408147
Bac Lieu,1997-11-13,1997,11,13,0.0
Bac Lieu,1997-11-14,1997,11,14,0.0
Bac Lieu,1997-11-15,1997,11,15,0.0
Bac Lieu,1997-11-16,1997,11,16,1.36425392417188
Bac Lieu,1997-11-17,1997,11,17,0.0
Bac Lieu,1997-11-18,1997,11,18,0.3072283800053147
Bac Lieu,1997-11-19,1997,11,19,0.0
Bac Lieu,1997-11-20,1997,11,20,0.0
Bac Lieu,1997-11-21,1997,11,21,2.429339640887279
Bac Lieu,1997-11-22,1997,11,22,0.1441482859017714
Bac Lieu,1997-11-23,1997,11,23,0.0
Bac Lieu,1997-11-24,1997,11,24,0.0
Bac Lieu,1997-11-25,1997,11,25,1.362124048610903
Bac Lieu,1997-11-26,1997,11,26,0.0
Bac Lieu,1997-11-27,1997,11,27,0.0
Bac Lieu,1997-11-28,1997,11,28,0.0
Bac Lieu,1997-11-29,1997,11,29,0.0
Bac Lieu,1997-11-30,1997,11,30,0.0
Bac Lieu,1997-12-01,1997,12,1,0.0
Bac Lieu,1997-12-02,1997,12,2,0.2995413972026897
Bac Lieu,1997-12-03,1997,12,3,0.0
Bac Lieu,1997-12-04,1997,12,4,0.1620445445618539
Bac Lieu,1997-12-05,1997,12,5,4.363815090215431
Bac Lieu,1997-12-06,1997,12,6,1.0528930874590603
Bac Lieu,1997-12-07,1997,12,7,0.0
Bac Lieu,1997-12-08,1997,12,8,0.0
Bac Lieu,1997-12-09,1997,12,9,0.0
Bac Lieu,1997-12-10,1997,12,10,0.0
Bac Lieu,1997-12-11,1997,12,11,0.0
Bac Lieu,1997-12-12,1997,12,12,0.0
Bac Lieu,1997-12-13,1997,12,13,0.0
Bac Lieu,1997-12-14,1997,12,14,0.0
Bac Lieu,1997-12-15,1997,12,15,0.1942876950389934
Bac Lieu,1997-12-16,1997,12,16,0.0
Bac Lieu,1997-12-17,1997,12,17,0.9601825119594358
Bac Lieu,1997-12-18,1997,12,18,0.0
Bac Lieu,1997-12-19,1997,12,19,0.9612906420005944
Bac Lieu,1997-12-20,1997,12,20,0.0
Bac Lieu,1997-12-21,1997,12,21,0.0
Bac Lieu,1997-12-22,1997,12,22,6.063207492990315
Bac Lieu,1997-12-23,1997,12,23,1.236271772096742
Bac Lieu,1997-12-24,1997,12,24,1.0003143033081632
Bac Lieu,1997-12-25,1997,12,25,0.0
Bac Lieu,1997-12-26,1997,12,26,0.0
Bac Lieu,1997-12-27,1997,12,27,0.0
Bac Lieu,1997-12-28,1997,12,28,5.376349834334176
Bac Lieu,1997-12-29,1997,12,29,0.0
Bac Lieu,1997-12-30,1997,12,30,0.0
Bac Lieu,1997-12-31,1997,12,31,0.0
Bac Lieu,1998-01-01,1998,1,1,0.0
Bac Lieu,1998-01-02,1998,1,2,0.0
Bac Lieu,1998-01-03,1998,1,3,0.0
Bac Lieu,1998-01-04,1998,1,4,0.0963090851891715
Bac Lieu,1998-01-05,1998,1,5,5.029572808031768
Bac Lieu,1998-01-06,1998,1,6,0.0
Bac Lieu,1998-01-07,1998,1,7,0.0
Bac Lieu,1998-01-08,1998,1,8,0.0
Bac Lieu,1998-01-09,1998,1,9,0.0
Bac Lieu,1998-01-10,1998,1,10,0.0
Bac Lieu,1998-01-11,1998,1,11,0.0
Bac Lieu,1998-01-12,1998,1,12,0.8051777126766603
Bac Lieu,1998-01-13,1998,1,13,0.0
Bac Lieu,1998-01-14,1998,1,14,0.0
Bac Lieu,1998-01-15,1998,1,15,0.0
Bac Lieu,1998-01-16,1998,1,16,0.0
Bac Lieu,1998-01-17,1998,1,17,0.0
Bac Lieu,1998-01-18,1998,1,18,0.0
Bac Lieu,1998-01-19,1998,1,19,0.0
Bac Lieu,1998-01-20,1998,1,20,0.0
Bac Lieu,1998-01-21,1998,1,21,0.0
Bac Lieu,1998-01-22,1998,1,22,0.0
Bac Lieu,1998-01-23,1998,1,23,0.0
Bac Lieu,1998-01-24,1998,1,24,0.0
Bac Lieu,1998-01-25,1998,1,25,0.0
Bac Lieu,1998-01-26,1998,1,26,0.0
Bac Lieu,1998-01-27,1998,1,27,0.3929432251498385
Bac Lieu,1998-01-28,1998,1,28,0.0
Bac Lieu,1998-01-29,1998,1,29,0.0644174994072824
Bac Lieu,1998-01-30,1998,1,30,0.0
Bac Lieu,1998-01-31,1998,1,31,0.0
Bac Lieu,1998-02-01,1998,2,1,0.0
Bac Lieu,1998-02-02,1998,2,2,0.0
Bac Lieu,1998-02-03,1998,2,3,0.0
Bac Lieu,1998-02-04,1998,2,4,0.0
Bac Lieu,1998-02-05,1998,2,5,0.0
Bac Lieu,1998-02-06,1998,2,6,0.0
Bac Lieu,1998-02-07,1998,2,7,0.5663826002444862
Bac Lieu,1998-02-08,1998,2,8,0.0
Bac Lieu,1998-02-09,1998,2,9,0.0
Bac Lieu,1998-02-10,1998,2,10,0.0
Bac Lieu,1998-02-11,1998,2,11,0.0
Bac Lieu,1998-02-12,1998,2,12,0.0
Bac Lieu,1998-02-13,1998,2,13,0.0
Bac Lieu,1998-02-14,1998,2,14,0.0
Bac Lieu,1998-02-15,1998,2,15,0.0
Bac Lieu,1998-02-16,1998,2,16,0.0
Bac Lieu,1998-02-17,1998,2,17,0.0
Bac Lieu,1998-02-18,1998,2,18,0.0
Bac Lieu,1998-02-19,1998,2,19,0.0
Bac Lieu,1998-02-20,1998,2,20,0.0
Bac Lieu,1998-02-21,1998,2,21,0.4944337393292841
Bac Lieu,1998-02-22,1998,2,22,1.3478910750263144
Bac Lieu,1998-02-23,1998,2,23,0.0
Bac Lieu,1998-02-24,1998,2,24,0.0
Bac Lieu,1998-02-25,1998,2,25,0.0
Bac Lieu,1998-02-26,1998,2,26,0.0
Bac Lieu,1998-02-27,1998,2,27,0.0
Bac Lieu,1998-02-28,1998,2,28,0.0
Bac Lieu,1998-03-01,1998,3,1,1.4449640610263037
Bac Lieu,1998-03-02,1998,3,2,0.0
Bac Lieu,1998-03-03,1998,3,3,0.0
Bac Lieu,1998-03-04,1998,3,4,0.0
Bac Lieu,1998-03-05,1998,3,5,3.1725198339786176
Bac Lieu,1998-03-06,1998,3,6,0.0
Bac Lieu,1998-03-07,1998,3,7,0.0
Bac Lieu,1998-03-08,1998,3,8,0.0
Bac Lieu,1998-03-09,1998,3,9,1.895965957191756
Bac Lieu,1998-03-10,1998,3,10,0.0
Bac Lieu,1998-03-11,1998,3,11,0.0
Bac Lieu,1998-03-12,1998,3,12,0.0
Bac Lieu,1998-03-13,1998,3,13,0.0
Bac Lieu,1998-03-14,1998,3,14,0.3369478215451511
Bac Lieu,1998-03-15,1998,3,15,0.0
Bac Lieu,1998-03-16,1998,3,16,0.0
Bac Lieu,1998-03-17,1998,3,17,0.0
Bac Lieu,1998-03-18,1998,3,18,0.0
Bac Lieu,1998-03-19,1998,3,19,0.0
Bac Lieu,1998-03-20,1998,3,20,0.0
Bac Lieu,1998-03-21,1998,3,21,0.0
Bac Lieu,1998-03-22,1998,3,22,0.0
Bac Lieu,1998-03-23,1998,3,23,0.0
Bac Lieu,1998-03-24,1998,3,24,0.0
Bac Lieu,1998-03-25,1998,3,25,0.0
Bac Lieu,1998-03-26,1998,3,26,0.0
Bac Lieu,1998-03-27,1998,3,27,0.287901679839728
Bac Lieu,1998-03-28,1998,3,28,0.0
Bac Lieu,1998-03-29,1998,3,29,0.0
Bac Lieu,1998-03-30,1998,3,30,1.3930579037576352
Bac Lieu,1998-03-31,1998,3,31,0.0
Bac Lieu,1998-04-01,1998,4,1,0.0
Bac Lieu,1998-04-02,1998,4,2,0.0
Bac Lieu,1998-04-03,1998,4,3,0.0
Bac Lieu,1998-04-04,1998,4,4,0.0
Bac Lieu,1998-04-05,1998,4,5,0.0
Bac Lieu,1998-04-06,1998,4,6,0.0
Bac Lieu,1998-04-07,1998,4,7,0.0
Bac Lieu,1998-04-08,1998,4,8,0.0
Bac Lieu,1998-04-09,1998,4,9,0.0
Bac Lieu,1998-04-10,1998,4,10,0.0
Bac Lieu,1998-04-11,1998,4,11,0.0
Bac Lieu,1998-04-12,1998,4,12,0.0
Bac Lieu,1998-04-13,1998,4,13,0.0
Bac Lieu,1998-04-14,1998,4,14,0.0
Bac Lieu,1998-04-15,1998,4,15,0.0
Bac Lieu,1998-04-16,1998,4,16,0.0
Bac Lieu,1998-04-17,1998,4,17,0.0648871476515284
Bac Lieu,1998-04-18,1998,4,18,2.011622151410805
Bac Lieu,1998-04-19,1998,4,19,6.277111794075878
Bac Lieu,1998-04-20,1998,4,20,4.375006705913904
Bac Lieu,1998-04-21,1998,4,21,0.0
Bac Lieu,1998-04-22,1998,4,22,7.073796528024494
Bac Lieu,1998-04-23,1998,4,23,0.0
Bac Lieu,1998-04-24,1998,4,24,0.3875284562020932
Bac Lieu,1998-04-25,1998,4,25,0.4684906052283522
Bac Lieu,1998-04-26,1998,4,26,7.612322154440971
Bac Lieu,1998-04-27,1998,4,27,0.0
Bac Lieu,1998-04-28,1998,4,28,2.918722732831847
Bac Lieu,1998-04-29,1998,4,29,2.935374330304704
Bac Lieu,1998-04-30,1998,4,30,2.950114549834773
Bac Lieu,1998-05-01,1998,5,1,0.0
Bac Lieu,1998-05-02,1998,5,2,0.0
Bac Lieu,1998-05-03,1998,5,3,18.411331005708227
Bac Lieu,1998-05-04,1998,5,4,8.507311572740665
Bac Lieu,1998-05-05,1998,5,5,0.0
Bac Lieu,1998-05-06,1998,5,6,2.9177324759105474
Bac Lieu,1998-05-07,1998,5,7,0.0
Bac Lieu,1998-05-08,1998,5,8,0.0
Bac Lieu,1998-05-09,1998,5,9,0.0
Bac Lieu,1998-05-10,1998,5,10,8.572875669407395
Bac Lieu,1998-05-11,1998,5,11,0.1704958617192394
Bac Lieu,1998-05-12,1998,5,12,2.4738621769851115
Bac Lieu,1998-05-13,1998,5,13,0.0
Bac Lieu,1998-05-14,1998,5,14,0.8849699672483049
Bac Lieu,1998-05-15,1998,5,15,7.573435068076513
Bac Lieu,1998-05-16,1998,5,16,6.734144146469404
Bac Lieu,1998-05-17,1998,5,17,18.716936478632803
Bac Lieu,1998-05-18,1998,5,18,0.0
Bac Lieu,1998-05-19,1998,5,19,15.867777210739424
Bac Lieu,1998-05-20,1998,5,20,0.0082325241160842
Bac Lieu,1998-05-21,1998,5,21,5.437519245543571
Bac Lieu,1998-05-22,1998,5,22,3.782605102647027
Bac Lieu,1998-05-23,1998,5,23,0.0
Bac Lieu,1998-05-24,1998,5,24,16.12179727586711
Bac Lieu,1998-05-25,1998,5,25,23.705892154261758
Bac Lieu,1998-05-26,1998,5,26,6.649881531211566
Bac Lieu,1998-05-27,1998,5,27,6.5241854907341725
Bac Lieu,1998-05-28,1998,5,28,5.723982674958572
Bac Lieu,1998-05-29,1998,5,29,13.397815256064794
Bac Lieu,1998-05-30,1998,5,30,8.042249202530341
Bac Lieu,1998-05-31,1998,5,31,3.684454604787647
Bac Lieu,1998-06-01,1998,6,1,12.29078728154021
Bac Lieu,1998-06-02,1998,6,2,3.0400777173672084
Bac Lieu,1998-06-03,1998,6,3,1.2155758509905834
Bac Lieu,1998-06-04,1998,6,4,0.0
Bac Lieu,1998-06-05,1998,6,5,9.170402250883717
Bac Lieu,1998-06-06,1998,6,6,3.603626891873918
Bac Lieu,1998-06-07,1998,6,7,4.895786766700025
Bac Lieu,1998-06-08,1998,6,8,12.847217911990189
Bac Lieu,1998-06-09,1998,6,9,5.11206265514302
Bac Lieu,1998-06-10,1998,6,10,3.3178793295374462
Bac Lieu,1998-06-11,1998,6,11,18.39748755584573
Bac Lieu,1998-06-12,1998,6,12,7.73499433927716
Bac Lieu,1998-06-13,1998,6,13,27.772292730979206
Bac Lieu,1998-06-14,1998,6,14,6.03124718559913
Bac Lieu,1998-06-15,1998,6,15,9.274875032946747
Bac Lieu,1998-06-16,1998,6,16,10.656826690277963
Bac Lieu,1998-06-17,1998,6,17,5.830116447196818
Bac Lieu,1998-06-18,1998,6,18,12.206166188815857
Bac Lieu,1998-06-19,1998,6,19,5.963114285181155
Bac Lieu,1998-06-20,1998,6,20,3.5125579260880104
Bac Lieu,1998-06-21,1998,6,21,3.9255038736451353
Bac Lieu,1998-06-22,1998,6,22,5.135485846717404
Bac Lieu,1998-06-23,1998,6,23,9.011430458320762
Bac Lieu,1998-06-24,1998,6,24,13.197191702356877
Bac Lieu,1998-06-25,1998,6,25,17.27326172274464
Bac Lieu,1998-06-26,1998,6,26,53.923088840268704
Bac Lieu,1998-06-27,1998,6,27,31.16323764444748
Bac Lieu,1998-06-28,1998,6,28,35.696684641244275
Bac Lieu,1998-06-29,1998,6,29,20.01918460791966
Bac Lieu,1998-06-30,1998,6,30,15.635359582577117
Bac Lieu,1998-07-01,1998,7,1,5.871423429651082
Bac Lieu,1998-07-02,1998,7,2,5.740748568354912
Bac Lieu,1998-07-03,1998,7,3,0.7998954424228311
Bac Lieu,1998-07-04,1998,7,4,19.48320113290031
Bac Lieu,1998-07-05,1998,7,5,0.7667463894430198
Bac Lieu,1998-07-06,1998,7,6,7.389448530431063
Bac Lieu,1998-07-07,1998,7,7,10.24644570339851
Bac Lieu,1998-07-08,1998,7,8,2.617453403823781
Bac Lieu,1998-07-09,1998,7,9,0.0821678861761992
Bac Lieu,1998-07-10,1998,7,10,0.6596642491502582
Bac Lieu,1998-07-11,1998,7,11,2.051831772057516
Bac Lieu,1998-07-12,1998,7,12,6.337236536583811
Bac Lieu,1998-07-13,1998,7,13,10.235809206440766
Bac Lieu,1998-07-14,1998,7,14,3.4161128003552284
Bac Lieu,1998-07-15,1998,7,15,0.0
Bac Lieu,1998-07-16,1998,7,16,0.6469191802042835
Bac Lieu,1998-07-17,1998,7,17,1.9562189898041065
Bac Lieu,1998-07-18,1998,7,18,0.3315747323845918
Bac Lieu,1998-07-19,1998,7,19,2.4769193242990752
Bac Lieu,1998-07-20,1998,7,20,0.9394084195370944
Bac Lieu,1998-07-21,1998,7,21,1.426342460812263
Bac Lieu,1998-07-22,1998,7,22,11.383081669051696
Bac Lieu,1998-07-23,1998,7,23,0.860365545326809
Bac Lieu,1998-07-24,1998,7,24,5.07364496178897
Bac Lieu,1998-07-25,1998,7,25,0.0
Bac Lieu,1998-07-26,1998,7,26,2.0182545178791265
Bac Lieu,1998-07-27,1998,7,27,17.035951655927697
Bac Lieu,1998-07-28,1998,7,28,31.669715497286813
Bac Lieu,1998-07-29,1998,7,29,17.448593638761995
Bac Lieu,1998-07-30,1998,7,30,0.3949769415945378
Bac Lieu,1998-07-31,1998,7,31,0.0188217941320167
Bac Lieu,1998-08-01,1998,8,1,22.756041083641776
Bac Lieu,1998-08-02,1998,8,2,3.4552891656407767
Bac Lieu,1998-08-03,1998,8,3,21.272627129752685
Bac Lieu,1998-08-04,1998,8,4,29.29571844496818
Bac Lieu,1998-08-05,1998,8,5,11.031337116907228
Bac Lieu,1998-08-06,1998,8,6,15.78128881720777
Bac Lieu,1998-08-07,1998,8,7,7.135794252035754
Bac Lieu,1998-08-08,1998,8,8,0.0
Bac Lieu,1998-08-09,1998,8,9,1.3872785236070744
Bac Lieu,1998-08-10,1998,8,10,14.084144405724867
Bac Lieu,1998-08-11,1998,8,11,30.98613290290113
Bac Lieu,1998-08-12,1998,8,12,12.536079455717555
Bac Lieu,1998-08-13,1998,8,13,7.656641227470255
Bac Lieu,1998-08-14,1998,8,14,6.475174189477597
Bac Lieu,1998-08-15,1998,8,15,4.703176389982116
Bac Lieu,1998-08-16,1998,8,16,7.861373210655071
Bac Lieu,1998-08-17,1998,8,17,25.630711139642973
Bac Lieu,1998-08-18,1998,8,18,5.234824167719427
Bac Lieu,1998-08-19,1998,8,19,18.012738215140576
Bac Lieu,1998-08-20,1998,8,20,19.712173446583304
Bac Lieu,1998-08-21,1998,8,21,7.735780658739917
Bac Lieu,1998-08-22,1998,8,22,0.0
Bac Lieu,1998-08-23,1998,8,23,1.6140786403799958
Bac Lieu,1998-08-24,1998,8,24,22.294737326783952
Bac Lieu,1998-08-25,1998,8,25,2.7943868981127467
Bac Lieu,1998-08-26,1998,8,26,0.0099332226987154
Bac Lieu,1998-08-27,1998,8,27,4.009718203922488
Bac Lieu,1998-08-28,1998,8,28,4.531470087861115
Bac Lieu,1998-08-29,1998,8,29,6.313950820490999
Bac Lieu,1998-08-30,1998,8,30,4.277329241482716
Bac Lieu,1998-08-31,1998,8,31,16.530566284035736
Bac Lieu,1998-09-01,1998,9,1,15.014315764661106
Bac Lieu,1998-09-02,1998,9,2,5.837251793501512
Bac Lieu,1998-09-03,1998,9,3,0.0
Bac Lieu,1998-09-04,1998,9,4,5.013315673846119
Bac Lieu,1998-09-05,1998,9,5,7.311935144658358
Bac Lieu,1998-09-06,1998,9,6,9.522747781429652
Bac Lieu,1998-09-07,1998,9,7,0.0291796961370504
Bac Lieu,1998-09-08,1998,9,8,0.0
Bac Lieu,1998-09-09,1998,9,9,0.4562697318994774
Bac Lieu,1998-09-10,1998,9,10,10.450033166273588
Bac Lieu,1998-09-11,1998,9,11,10.916268386876808
Bac Lieu,1998-09-12,1998,9,12,19.620327662557933
Bac Lieu,1998-09-13,1998,9,13,25.96326215439923
Bac Lieu,1998-09-14,1998,9,14,16.466798364063482
Bac Lieu,1998-09-15,1998,9,15,20.624141730200574
Bac Lieu,1998-09-16,1998,9,16,20.655016112201626
Bac Lieu,1998-09-17,1998,9,17,12.307925218870055
Bac Lieu,1998-09-18,1998,9,18,21.85889519641084
Bac Lieu,1998-09-19,1998,9,19,15.846728003519887
Bac Lieu,1998-09-20,1998,9,20,7.96388098133735
Bac Lieu,1998-09-21,1998,9,21,2.969275955955938
Bac Lieu,1998-09-22,1998,9,22,0.2425078472641279
Bac Lieu,1998-09-23,1998,9,23,0.2747223836970779
Bac Lieu,1998-09-24,1998,9,24,18.95586458643428
Bac Lieu,1998-09-25,1998,9,25,18.82326965983409
Bac Lieu,1998-09-26,1998,9,26,19.244013286086748
Bac Lieu,1998-09-27,1998,9,27,7.993446488110526
Bac Lieu,1998-09-28,1998,9,28,22.14955252129177
Bac Lieu,1998-09-29,1998,9,29,9.569957853641151
Bac Lieu,1998-09-30,1998,9,30,27.43588419694721
Bac Lieu,1998-10-01,1998,10,1,10.219353626449154
Bac Lieu,1998-10-02,1998,10,2,5.994413177688168
Bac Lieu,1998-10-03,1998,10,3,3.451992168759401
Bac Lieu,1998-10-04,1998,10,4,4.496661507417571
Bac Lieu,1998-10-05,1998,10,5,12.242591233883267
Bac Lieu,1998-10-06,1998,10,6,10.713796727756286
Bac Lieu,1998-10-07,1998,10,7,21.29139586833738
Bac Lieu,1998-10-08,1998,10,8,5.416812420017315
Bac Lieu,1998-10-09,1998,10,9,2.440923031842934
Bac Lieu,1998-10-10,1998,10,10,0.0112953254051928
Bac Lieu,1998-10-11,1998,10,11,1.814951029921478
Bac Lieu,1998-10-12,1998,10,12,0.948019739034041
Bac Lieu,1998-10-13,1998,10,13,3.953696928941979
Bac Lieu,1998-10-14,1998,10,14,0.4427741226790087
Bac Lieu,1998-10-15,1998,10,15,3.9809580431704257
Bac Lieu,1998-10-16,1998,10,16,0.3000308878646707
Bac Lieu,1998-10-17,1998,10,17,2.2304404919012537
Bac Lieu,1998-10-18,1998,10,18,15.969919186538124
Bac Lieu,1998-10-19,1998,10,19,8.051189360618594
Bac Lieu,1998-10-20,1998,10,20,0.9330219049723644
Bac Lieu,1998-10-21,1998,10,21,26.956512737778
Bac Lieu,1998-10-22,1998,10,22,14.319776241230516
Bac Lieu,1998-10-23,1998,10,23,7.874858152056642
Bac Lieu,1998-10-24,1998,10,24,6.792343068482744
Bac Lieu,1998-10-25,1998,10,25,0.4878857011885013
Bac Lieu,1998-10-26,1998,10,26,8.762807725636465
Bac Lieu,1998-10-27,1998,10,27,13.91350194495579
Bac Lieu,1998-10-28,1998,10,28,22.57723017976869
Bac Lieu,1998-10-29,1998,10,29,10.2912789765394
Bac Lieu,1998-10-30,1998,10,30,6.9562022891404505
Bac Lieu,1998-10-31,1998,10,31,13.08320700566274
Bac Lieu,1998-11-01,1998,11,1,2.9055988903765413
Bac Lieu,1998-11-02,1998,11,2,9.680167792032352
Bac Lieu,1998-11-03,1998,11,3,11.462367307932874
Bac Lieu,1998-11-04,1998,11,4,14.560315076126246
Bac Lieu,1998-11-05,1998,11,5,15.3009028111044
Bac Lieu,1998-11-06,1998,11,6,21.795645758107025
Bac Lieu,1998-11-07,1998,11,7,4.605412644332311
Bac Lieu,1998-11-08,1998,11,8,0.1928539963848186
Bac Lieu,1998-11-09,1998,11,9,11.202183418453869
Bac Lieu,1998-11-10,1998,11,10,0.150617759812553
Bac Lieu,1998-11-11,1998,11,11,4.418454535340364
Bac Lieu,1998-11-12,1998,11,12,6.597038024218579
Bac Lieu,1998-11-13,1998,11,13,48.51277507004648
Bac Lieu,1998-11-14,1998,11,14,19.502172209145893
Bac Lieu,1998-11-15,1998,11,15,0.0
Bac Lieu,1998-11-16,1998,11,16,0.0
Bac Lieu,1998-11-17,1998,11,17,0.0
Bac Lieu,1998-11-18,1998,11,18,6.691771399731906
Bac Lieu,1998-11-19,1998,11,19,6.978603297503491
Bac Lieu,1998-11-20,1998,11,20,12.4436259141958
Bac Lieu,1998-11-21,1998,11,21,0.0
Bac Lieu,1998-11-22,1998,11,22,0.0
Bac Lieu,1998-11-23,1998,11,23,9.172768829993483
Bac Lieu,1998-11-24,1998,11,24,0.0
Bac Lieu,1998-11-25,1998,11,25,0.0
Bac Lieu,1998-11-26,1998,11,26,0.0
Bac Lieu,1998-11-27,1998,11,27,2.506762173202803
Bac Lieu,1998-11-28,1998,11,28,0.0083796164314701
Bac Lieu,1998-11-29,1998,11,29,0.0
Bac Lieu,1998-11-30,1998,11,30,0.4800831223973689
Bac Lieu,1998-12-01,1998,12,1,1.463167538094071
Bac Lieu,1998-12-02,1998,12,2,0.0
Bac Lieu,1998-12-03,1998,12,3,2.164217520866754
Bac Lieu,1998-12-04,1998,12,4,0.0
Bac Lieu,1998-12-05,1998,12,5,0.8958713392761521
Bac Lieu,1998-12-06,1998,12,6,1.9871363004198612
Bac Lieu,1998-12-07,1998,12,7,1.4246955667621684
Bac Lieu,1998-12-08,1998,12,8,5.169396767539799
Bac Lieu,1998-12-09,1998,12,9,11.292422228129409
Bac Lieu,1998-12-10,1998,12,10,7.9108221162760035
Bac Lieu,1998-12-11,1998,12,11,0.0
Bac Lieu,1998-12-12,1998,12,12,1.678379466686609
Bac Lieu,1998-12-13,1998,12,13,12.757597155840894
Bac Lieu,1998-12-14,1998,12,14,4.8053112137632565
Bac Lieu,1998-12-15,1998,12,15,0.1746451148626939
Bac Lieu,1998-12-16,1998,12,16,0.0
Bac Lieu,1998-12-17,1998,12,17,0.0
Bac Lieu,1998-12-18,1998,12,18,0.0
Bac Lieu,1998-12-19,1998,12,19,0.0
Bac Lieu,1998-12-20,1998,12,20,0.0
Bac Lieu,1998-12-21,1998,12,21,1.2867570856202324
Bac Lieu,1998-12-22,1998,12,22,0.0
Bac Lieu,1998-12-23,1998,12,23,0.0
Bac Lieu,1998-12-24,1998,12,24,0.0
Bac Lieu,1998-12-25,1998,12,25,0.1625564267500391
Bac Lieu,1998-12-26,1998,12,26,0.0
Bac Lieu,1998-12-27,1998,12,27,3.2439586356900767
Bac Lieu,1998-12-28,1998,12,28,0.0
Bac Lieu,1998-12-29,1998,12,29,0.0
Bac Lieu,1998-12-30,1998,12,30,0.1610207256641028
Bac Lieu,1998-12-31,1998,12,31,0.0
Bac Lieu,1999-01-01,1999,1,1,0.781578765212365
Bac Lieu,1999-01-02,1999,1,2,0.4446028675673143
Bac Lieu,1999-01-03,1999,1,3,0.4632469053898218
Bac Lieu,1999-01-04,1999,1,4,2.960634992545506
Bac Lieu,1999-01-05,1999,1,5,4.655484221836306
Bac Lieu,1999-01-06,1999,1,6,2.750523678869572
Bac Lieu,1999-01-07,1999,1,7,0.0
Bac Lieu,1999-01-08,1999,1,8,0.0
Bac Lieu,1999-01-09,1999,1,9,0.0
Bac Lieu,1999-01-10,1999,1,10,0.0
Bac Lieu,1999-01-11,1999,1,11,2.59602748205077
Bac Lieu,1999-01-12,1999,1,12,0.0
Bac Lieu,1999-01-13,1999,1,13,0.0
Bac Lieu,1999-01-14,1999,1,14,0.0
Bac Lieu,1999-01-15,1999,1,15,0.6884380147592077
Bac Lieu,1999-01-16,1999,1,16,0.0
Bac Lieu,1999-01-17,1999,1,17,0.0
Bac Lieu,1999-01-18,1999,1,18,0.0
Bac Lieu,1999-01-19,1999,1,19,0.0
Bac Lieu,1999-01-20,1999,1,20,0.2734382602403749
Bac Lieu,1999-01-21,1999,1,21,0.1482330761675565
Bac Lieu,1999-01-22,1999,1,22,1.4219137326096594
Bac Lieu,1999-01-23,1999,1,23,0.1220353391485394
Bac Lieu,1999-01-24,1999,1,24,0.0
Bac Lieu,1999-01-25,1999,1,25,0.02528735897676
Bac Lieu,1999-01-26,1999,1,26,0.4506426373967585
Bac Lieu,1999-01-27,1999,1,27,5.36711824564664
Bac Lieu,1999-01-28,1999,1,28,0.1241965847285288
Bac Lieu,1999-01-29,1999,1,29,0.0
Bac Lieu,1999-01-30,1999,1,30,0.0
Bac Lieu,1999-01-31,1999,1,31,0.0
Bac Lieu,1999-02-01,1999,2,1,0.0
Bac Lieu,1999-02-02,1999,2,2,0.0
Bac Lieu,1999-02-03,1999,2,3,0.0
Bac Lieu,1999-02-04,1999,2,4,0.2039081362598347
Bac Lieu,1999-02-05,1999,2,5,0.0
Bac Lieu,1999-02-06,1999,2,6,1.655482905410371
Bac Lieu,1999-02-07,1999,2,7,0.1358877050381786
Bac Lieu,1999-02-08,1999,2,8,0.8134031070043457
Bac Lieu,1999-02-09,1999,2,9,0.1753564613630187
Bac Lieu,1999-02-10,1999,2,10,2.4423200601496786
Bac Lieu,1999-02-11,1999,2,11,0.1971841510016963
Bac Lieu,1999-02-12,1999,2,12,0.0
Bac Lieu,1999-02-13,1999,2,13,0.0
Bac Lieu,1999-02-14,1999,2,14,0.0
Bac Lieu,1999-02-15,1999,2,15,0.0
Bac Lieu,1999-02-16,1999,2,16,0.0
Bac Lieu,1999-02-17,1999,2,17,0.0
Bac Lieu,1999-02-18,1999,2,18,0.0
Bac Lieu,1999-02-19,1999,2,19,0.0
Bac Lieu,1999-02-20,1999,2,20,0.0
Bac Lieu,1999-02-21,1999,2,21,0.0
Bac Lieu,1999-02-22,1999,2,22,0.0
Bac Lieu,1999-02-23,1999,2,23,0.860282097870449
Bac Lieu,1999-02-24,1999,2,24,0.0
Bac Lieu,1999-02-25,1999,2,25,0.0
Bac Lieu,1999-02-26,1999,2,26,0.0
Bac Lieu,1999-02-27,1999,2,27,0.0
Bac Lieu,1999-02-28,1999,2,28,1.571412663252849
Bac Lieu,1999-03-01,1999,3,1,0.0
Bac Lieu,1999-03-02,1999,3,2,0.2507873656074956
Bac Lieu,1999-03-03,1999,3,3,1.493678891559817
Bac Lieu,1999-03-04,1999,3,4,0.0
Bac Lieu,1999-03-05,1999,3,5,0.0
Bac Lieu,1999-03-06,1999,3,6,3.0673004012017886
Bac Lieu,1999-03-07,1999,3,7,0.0
Bac Lieu,1999-03-08,1999,3,8,4.8373261776330345
Bac Lieu,1999-03-09,1999,3,9,0.0
Bac Lieu,1999-03-10,1999,3,10,0.0
Bac Lieu,1999-03-11,1999,3,11,0.0
Bac Lieu,1999-03-12,1999,3,12,0.0
Bac Lieu,1999-03-13,1999,3,13,0.3610286928212868
Bac Lieu,1999-03-14,1999,3,14,0.0
Bac Lieu,1999-03-15,1999,3,15,0.0
Bac Lieu,1999-03-16,1999,3,16,0.0
Bac Lieu,1999-03-17,1999,3,17,0.0
Bac Lieu,1999-03-18,1999,3,18,0.0
Bac Lieu,1999-03-19,1999,3,19,0.3580867764454968
Bac Lieu,1999-03-20,1999,3,20,0.0
Bac Lieu,1999-03-21,1999,3,21,0.3778691147858242
Bac Lieu,1999-03-22,1999,3,22,0.5806104487743018
Bac Lieu,1999-03-23,1999,3,23,0.0
Bac Lieu,1999-03-24,1999,3,24,3.691367846129076
Bac Lieu,1999-03-25,1999,3,25,1.53270126695453
Bac Lieu,1999-03-26,1999,3,26,0.2038986400388321
Bac Lieu,1999-03-27,1999,3,27,0.0
Bac Lieu,1999-03-28,1999,3,28,0.0
Bac Lieu,1999-03-29,1999,3,29,1.4325035690091694
Bac Lieu,1999-03-30,1999,3,30,0.0953604954773525
Bac Lieu,1999-03-31,1999,3,31,1.073521998999254
Bac Lieu,1999-04-01,1999,4,1,0.0
Bac Lieu,1999-04-02,1999,4,2,0.0
Bac Lieu,1999-04-03,1999,4,3,6.818860059576216
Bac Lieu,1999-04-04,1999,4,4,7.618336293130553
Bac Lieu,1999-04-05,1999,4,5,1.5607921463048686
Bac Lieu,1999-04-06,1999,4,6,0.2352773649287674
Bac Lieu,1999-04-07,1999,4,7,0.3056631397751142
Bac Lieu,1999-04-08,1999,4,8,10.226507226530112
Bac Lieu,1999-04-09,1999,4,9,11.058939480295722
Bac Lieu,1999-04-10,1999,4,10,4.664763814080437
Bac Lieu,1999-04-11,1999,4,11,5.902097274654317
Bac Lieu,1999-04-12,1999,4,12,5.552257160438683
Bac Lieu,1999-04-13,1999,4,13,0.4124498401947742
Bac Lieu,1999-04-14,1999,4,14,7.572636213950393
Bac Lieu,1999-04-15,1999,4,15,8.821719451868312
Bac Lieu,1999-04-16,1999,4,16,17.209100396138318
Bac Lieu,1999-04-17,1999,4,17,4.333846839697856
Bac Lieu,1999-04-18,1999,4,18,1.16464792069849
Bac Lieu,1999-04-19,1999,4,19,3.616751718260209
Bac Lieu,1999-04-20,1999,4,20,0.3450151722476168
Bac Lieu,1999-04-21,1999,4,21,4.230654539603108
Bac Lieu,1999-04-22,1999,4,22,5.117476714530082
Bac Lieu,1999-04-23,1999,4,23,10.199962474787013
Bac Lieu,1999-04-24,1999,4,24,10.978330810492894
Bac Lieu,1999-04-25,1999,4,25,3.96425551176971
Bac Lieu,1999-04-26,1999,4,26,21.84512502843029
Bac Lieu,1999-04-27,1999,4,27,7.841704579389322
Bac Lieu,1999-04-28,1999,4,28,17.004761771094124
Bac Lieu,1999-04-29,1999,4,29,11.408539234107398
Bac Lieu,1999-04-30,1999,4,30,2.494491895189825
Bac Lieu,1999-05-01,1999,5,1,1.114988871340482
Bac Lieu,1999-05-02,1999,5,2,5.495483990903171
Bac Lieu,1999-05-03,1999,5,3,2.123579210749212
Bac Lieu,1999-05-04,1999,5,4,0.0452437006932384
Bac Lieu,1999-05-05,1999,5,5,7.186704169507298
Bac Lieu,1999-05-06,1999,5,6,1.7131039298435429
Bac Lieu,1999-05-07,1999,5,7,6.133756993023855
Bac Lieu,1999-05-08,1999,5,8,0.9763353293706788
Bac Lieu,1999-05-09,1999,5,9,2.502241026833372
Bac Lieu,1999-05-10,1999,5,10,5.195324577709415
Bac Lieu,1999-05-11,1999,5,11,9.501309527145244
Bac Lieu,1999-05-12,1999,5,12,5.577087242468349
Bac Lieu,1999-05-13,1999,5,13,1.9158897838592528
Bac Lieu,1999-05-14,1999,5,14,11.109004361782436
Bac Lieu,1999-05-15,1999,5,15,24.251730073676928
Bac Lieu,1999-05-16,1999,5,16,8.899928374362442
Bac Lieu,1999-05-17,1999,5,17,4.385058184695694
Bac Lieu,1999-05-18,1999,5,18,11.748744981351892
Bac Lieu,1999-05-19,1999,5,19,11.021022542269725
Bac Lieu,1999-05-20,1999,5,20,14.076104932317197
Bac Lieu,1999-05-21,1999,5,21,3.5574841364914525
Bac Lieu,1999-05-22,1999,5,22,3.816316959615024
Bac Lieu,1999-05-23,1999,5,23,11.961544621359629
Bac Lieu,1999-05-24,1999,5,24,8.236005712005328
Bac Lieu,1999-05-25,1999,5,25,7.459190006544007
Bac Lieu,1999-05-26,1999,5,26,1.249554139911004
Bac Lieu,1999-05-27,1999,5,27,0.2591327500073415
Bac Lieu,1999-05-28,1999,5,28,18.51416130150489
Bac Lieu,1999-05-29,1999,5,29,28.51957956508421
Bac Lieu,1999-05-30,1999,5,30,10.23144263364684
Bac Lieu,1999-05-31,1999,5,31,0.0
Bac Lieu,1999-06-01,1999,6,1,4.705927806476378
Bac Lieu,1999-06-02,1999,6,2,28.512418453324518
Bac Lieu,1999-06-03,1999,6,3,15.071096232630174
Bac Lieu,1999-06-04,1999,6,4,29.173915480163867
Bac Lieu,1999-06-05,1999,6,5,21.96378848392559
Bac Lieu,1999-06-06,1999,6,6,21.383471777430128
Bac Lieu,1999-06-07,1999,6,7,3.0640000434371664
Bac Lieu,1999-06-08,1999,6,8,15.309599890546982
Bac Lieu,1999-06-09,1999,6,9,6.58651111764728
Bac Lieu,1999-06-10,1999,6,10,10.182042300494214
Bac Lieu,1999-06-11,1999,6,11,0.0
Bac Lieu,1999-06-12,1999,6,12,1.020298028352126
Bac Lieu,1999-06-13,1999,6,13,8.884474409355308
Bac Lieu,1999-06-14,1999,6,14,13.80603562781496
Bac Lieu,1999-06-15,1999,6,15,23.824580315140064
Bac Lieu,1999-06-16,1999,6,16,0.4125568328173656
Bac Lieu,1999-06-17,1999,6,17,5.200249473715728
Bac Lieu,1999-06-18,1999,6,18,24.64932427802176
Bac Lieu,1999-06-19,1999,6,19,11.536455780928993
Bac Lieu,1999-06-20,1999,6,20,0.0
Bac Lieu,1999-06-21,1999,6,21,0.0
Bac Lieu,1999-06-22,1999,6,22,0.0
Bac Lieu,1999-06-23,1999,6,23,0.0
Bac Lieu,1999-06-24,1999,6,24,0.0
Bac Lieu,1999-06-25,1999,6,25,2.088797437955749
Bac Lieu,1999-06-26,1999,6,26,14.859982687248376
Bac Lieu,1999-06-27,1999,6,27,1.5874915592985333
Bac Lieu,1999-06-28,1999,6,28,4.482348414385093
Bac Lieu,1999-06-29,1999,6,29,15.38770451020295
Bac Lieu,1999-06-30,1999,6,30,13.416906835825936
Bac Lieu,1999-07-01,1999,7,1,4.99319017273525
Bac Lieu,1999-07-02,1999,7,2,13.66873767109637
Bac Lieu,1999-07-03,1999,7,3,3.1805097520936214
Bac Lieu,1999-07-04,1999,7,4,0.0
Bac Lieu,1999-07-05,1999,7,5,2.357333027047932
Bac Lieu,1999-07-06,1999,7,6,1.5800772309573194
Bac Lieu,1999-07-07,1999,7,7,0.1412235243635357
Bac Lieu,1999-07-08,1999,7,8,2.5267433447927807
Bac Lieu,1999-07-09,1999,7,9,0.0
Bac Lieu,1999-07-10,1999,7,10,7.156938711346321
Bac Lieu,1999-07-11,1999,7,11,7.929265647600284
Bac Lieu,1999-07-12,1999,7,12,6.278534265446214
Bac Lieu,1999-07-13,1999,7,13,0.0052516803921393
Bac Lieu,1999-07-14,1999,7,14,1.6243533033155046
Bac Lieu,1999-07-15,1999,7,15,4.271019027673974
Bac Lieu,1999-07-16,1999,7,16,0.0
Bac Lieu,1999-07-17,1999,7,17,0.8777877349403672
Bac Lieu,1999-07-18,1999,7,18,0.8679119351405018
Bac Lieu,1999-07-19,1999,7,19,0.330705780263217
Bac Lieu,1999-07-20,1999,7,20,1.15142904791742
Bac Lieu,1999-07-21,1999,7,21,1.981393973530464
Bac Lieu,1999-07-22,1999,7,22,4.194008739417455
Bac Lieu,1999-07-23,1999,7,23,1.680963289548766
Bac Lieu,1999-07-24,1999,7,24,23.07316540023516
Bac Lieu,1999-07-25,1999,7,25,19.990387618154852
Bac Lieu,1999-07-26,1999,7,26,21.77457302942816
Bac Lieu,1999-07-27,1999,7,27,0.3011412187432343
Bac Lieu,1999-07-28,1999,7,28,15.237223102785505
Bac Lieu,1999-07-29,1999,7,29,32.681440743788244
Bac Lieu,1999-07-30,1999,7,30,13.43604091572312
Bac Lieu,1999-07-31,1999,7,31,16.294665450941842
Bac Lieu,1999-08-01,1999,8,1,0.2319200146513165
Bac Lieu,1999-08-02,1999,8,2,7.0970290249518655
Bac Lieu,1999-08-03,1999,8,3,29.6976494533071
Bac Lieu,1999-08-04,1999,8,4,11.097502604178665
Bac Lieu,1999-08-05,1999,8,5,0.0005199104525008292
Bac Lieu,1999-08-06,1999,8,6,0.1617932238848704
Bac Lieu,1999-08-07,1999,8,7,0.0
Bac Lieu,1999-08-08,1999,8,8,0.0
Bac Lieu,1999-08-09,1999,8,9,0.0
Bac Lieu,1999-08-10,1999,8,10,0.0
Bac Lieu,1999-08-11,1999,8,11,8.517576252685405
Bac Lieu,1999-08-12,1999,8,12,0.8102752694183928
Bac Lieu,1999-08-13,1999,8,13,1.1630922706711968
Bac Lieu,1999-08-14,1999,8,14,4.679531792334791
Bac Lieu,1999-08-15,1999,8,15,0.0
Bac Lieu,1999-08-16,1999,8,16,23.56361601098979
Bac Lieu,1999-08-17,1999,8,17,11.5156665181214
Bac Lieu,1999-08-18,1999,8,18,6.552161390772406
Bac Lieu,1999-08-19,1999,8,19,8.626440180166714
Bac Lieu,1999-08-20,1999,8,20,18.224994913677
Bac Lieu,1999-08-21,1999,8,21,15.41497181093468
Bac Lieu,1999-08-22,1999,8,22,24.282434503555294
Bac Lieu,1999-08-23,1999,8,23,17.219067408633684
Bac Lieu,1999-08-24,1999,8,24,4.124465982815005
Bac Lieu,1999-08-25,1999,8,25,3.964903443948278
Bac Lieu,1999-08-26,1999,8,26,33.24624406138007
Bac Lieu,1999-08-27,1999,8,27,21.92138060947634
Bac Lieu,1999-08-28,1999,8,28,9.95813652905878
Bac Lieu,1999-08-29,1999,8,29,39.00734510472137
Bac Lieu,1999-08-30,1999,8,30,12.5613653989468
Bac Lieu,1999-08-31,1999,8,31,15.540968139108628
Bac Lieu,1999-09-01,1999,9,1,10.083991333817538
Bac Lieu,1999-09-02,1999,9,2,9.763659578863182
Bac Lieu,1999-09-03,1999,9,3,2.5608352708996467
Bac Lieu,1999-09-04,1999,9,4,31.71134642687384
Bac Lieu,1999-09-05,1999,9,5,32.62851128344267
Bac Lieu,1999-09-06,1999,9,6,26.86105313077964
Bac Lieu,1999-09-07,1999,9,7,0.570210181002347
Bac Lieu,1999-09-08,1999,9,8,5.745394361495972
Bac Lieu,1999-09-09,1999,9,9,6.3434618545028405
Bac Lieu,1999-09-10,1999,9,10,5.51260987083867
Bac Lieu,1999-09-11,1999,9,11,0.0
Bac Lieu,1999-09-12,1999,9,12,0.0049273443042107
Bac Lieu,1999-09-13,1999,9,13,7.795901973076588
Bac Lieu,1999-09-14,1999,9,14,2.97422769057076
Bac Lieu,1999-09-15,1999,9,15,0.3110162546229812
Bac Lieu,1999-09-16,1999,9,16,3.367148611032738
Bac Lieu,1999-09-17,1999,9,17,0.5443643246416776
Bac Lieu,1999-09-18,1999,9,18,3.5128510503948864
Bac Lieu,1999-09-19,1999,9,19,2.4545549398458237
Bac Lieu,1999-09-20,1999,9,20,2.501610267945056
Bac Lieu,1999-09-21,1999,9,21,5.982083734224429
Bac Lieu,1999-09-22,1999,9,22,11.427856100838142
Bac Lieu,1999-09-23,1999,9,23,4.261931762227473
Bac Lieu,1999-09-24,1999,9,24,0.8137850631138066
Bac Lieu,1999-09-25,1999,9,25,1.9192472691445983
Bac Lieu,1999-09-26,1999,9,26,0.6526239783269057
Bac Lieu,1999-09-27,1999,9,27,1.1609076759590296
Bac Lieu,1999-09-28,1999,9,28,8.064533249387203
Bac Lieu,1999-09-29,1999,9,29,20.883301656669044
Bac Lieu,1999-09-30,1999,9,30,1.2768285243736124
Bac Lieu,1999-10-01,1999,10,1,1.4102420672290732
Bac Lieu,1999-10-02,1999,10,2,0.1304293162147954
Bac Lieu,1999-10-03,1999,10,3,11.825855178581095
Bac Lieu,1999-10-04,1999,10,4,5.881625228539954
Bac Lieu,1999-10-05,1999,10,5,0.0
Bac Lieu,1999-10-06,1999,10,6,6.736006231595884
Bac Lieu,1999-10-07,1999,10,7,12.923763905975054
Bac Lieu,1999-10-08,1999,10,8,6.810336764029738
Bac Lieu,1999-10-09,1999,10,9,1.2318853754727348
Bac Lieu,1999-10-10,1999,10,10,0.2918872381426253
Bac Lieu,1999-10-11,1999,10,11,5.007292056605501
Bac Lieu,1999-10-12,1999,10,12,23.11411936223732
Bac Lieu,1999-10-13,1999,10,13,28.374003932736954
Bac Lieu,1999-10-14,1999,10,14,4.048704169975137
Bac Lieu,1999-10-15,1999,10,15,8.505947459634747
Bac Lieu,1999-10-16,1999,10,16,5.899692403595404
Bac Lieu,1999-10-17,1999,10,17,20.4218119120328
Bac Lieu,1999-10-18,1999,10,18,21.580174944175862
Bac Lieu,1999-10-19,1999,10,19,1.5870292860966813
Bac Lieu,1999-10-20,1999,10,20,2.7859715075402893
Bac Lieu,1999-10-21,1999,10,21,12.772754441081355
Bac Lieu,1999-10-22,1999,10,22,9.062413169195068
Bac Lieu,1999-10-23,1999,10,23,23.78247273463124
Bac Lieu,1999-10-24,1999,10,24,18.636206054039725
Bac Lieu,1999-10-25,1999,10,25,14.696728872839012
Bac Lieu,1999-10-26,1999,10,26,5.592526347646174
Bac Lieu,1999-10-27,1999,10,27,13.388384879094252
Bac Lieu,1999-10-28,1999,10,28,2.6628147553138017
Bac Lieu,1999-10-29,1999,10,29,2.897663254899799
Bac Lieu,1999-10-30,1999,10,30,3.858895802695797
Bac Lieu,1999-10-31,1999,10,31,18.25379334014317
Bac Lieu,1999-11-01,1999,11,1,34.40255276258937
Bac Lieu,1999-11-02,1999,11,2,18.48096625482812
Bac Lieu,1999-11-03,1999,11,3,5.374734125137331
Bac Lieu,1999-11-04,1999,11,4,31.21434995406529
Bac Lieu,1999-11-05,1999,11,5,18.289603772397317
Bac Lieu,1999-11-06,1999,11,6,0.0562236366271972
Bac Lieu,1999-11-07,1999,11,7,0.1793280905597615
Bac Lieu,1999-11-08,1999,11,8,15.679875456180214
Bac Lieu,1999-11-09,1999,11,9,0.1642160448038353
Bac Lieu,1999-11-10,1999,11,10,1.168391295397057
Bac Lieu,1999-11-11,1999,11,11,1.921732852359988
Bac Lieu,1999-11-12,1999,11,12,8.740599124008757
Bac Lieu,1999-11-13,1999,11,13,6.377461084113933
Bac Lieu,1999-11-14,1999,11,14,11.64386853178492
Bac Lieu,1999-11-15,1999,11,15,0.0
Bac Lieu,1999-11-16,1999,11,16,10.060719433658532
Bac Lieu,1999-11-17,1999,11,17,0.0
Bac Lieu,1999-11-18,1999,11,18,1.920831931132191
Bac Lieu,1999-11-19,1999,11,19,8.127679180613104
Bac Lieu,1999-11-20,1999,11,20,11.648665067672734
Bac Lieu,1999-11-21,1999,11,21,10.658743034110884
Bac Lieu,1999-11-22,1999,11,22,0.0
Bac Lieu,1999-11-23,1999,11,23,0.2296407419600576
Bac Lieu,1999-11-24,1999,11,24,0.3467135923853461
Bac Lieu,1999-11-25,1999,11,25,0.0383386443695932
Bac Lieu,1999-11-26,1999,11,26,0.0
Bac Lieu,1999-11-27,1999,11,27,4.133744149190076
Bac Lieu,1999-11-28,1999,11,28,6.854308668388511
Bac Lieu,1999-11-29,1999,11,29,8.650460242613306
Bac Lieu,1999-11-30,1999,11,30,0.0
Bac Lieu,1999-12-01,1999,12,1,0.0
Bac Lieu,1999-12-02,1999,12,2,10.456849181229217
Bac Lieu,1999-12-03,1999,12,3,10.072274251730937
Bac Lieu,1999-12-04,1999,12,4,0.328364899131487
Bac Lieu,1999-12-05,1999,12,5,0.2120843335232645
Bac Lieu,1999-12-06,1999,12,6,0.0608031345088527
Bac Lieu,1999-12-07,1999,12,7,0.0
Bac Lieu,1999-12-08,1999,12,8,1.373495550407554
Bac Lieu,1999-12-09,1999,12,9,0.0023404760135794
Bac Lieu,1999-12-10,1999,12,10,8.696429115673283
Bac Lieu,1999-12-11,1999,12,11,10.915306409044089
Bac Lieu,1999-12-12,1999,12,12,0.3925540562665688
Bac Lieu,1999-12-13,1999,12,13,0.0
Bac Lieu,1999-12-14,1999,12,14,2.87186668876432
Bac Lieu,1999-12-15,1999,12,15,0.0
Bac Lieu,1999-12-16,1999,12,16,0.0
Bac Lieu,1999-12-17,1999,12,17,0.0
Bac Lieu,1999-12-18,1999,12,18,0.0
Bac Lieu,1999-12-19,1999,12,19,0.0
Bac Lieu,1999-12-20,1999,12,20,0.0
Bac Lieu,1999-12-21,1999,12,21,0.0
Bac Lieu,1999-12-22,1999,12,22,0.0
Bac Lieu,1999-12-23,1999,12,23,0.0
Bac Lieu,1999-12-24,1999,12,24,0.0
Bac Lieu,1999-12-25,1999,12,25,1.0448796645920235
Bac Lieu,1999-12-26,1999,12,26,6.926930531114902
Bac Lieu,1999-12-27,1999,12,27,0.0
Bac Lieu,1999-12-28,1999,12,28,0.0
Bac Lieu,1999-12-29,1999,12,29,0.0
Bac Lieu,1999-12-30,1999,12,30,0.0
Bac Lieu,1999-12-31,1999,12,31,0.0
Bac Lieu,2000-01-01,2000,1,1,1.3093239639930006
Bac Lieu,2000-01-02,2000,1,2,0.0
Bac Lieu,2000-01-03,2000,1,3,0.0
Bac Lieu,2000-01-04,2000,1,4,0.0
Bac Lieu,2000-01-05,2000,1,5,0.0
Bac Lieu,2000-01-06,2000,1,6,6.107128731187785
Bac Lieu,2000-01-07,2000,1,7,0.0
Bac Lieu,2000-01-08,2000,1,8,0.0
Bac Lieu,2000-01-09,2000,1,9,0.0
Bac Lieu,2000-01-10,2000,1,10,0.1608372931750316
Bac Lieu,2000-01-11,2000,1,11,0.6291806527983468
Bac Lieu,2000-01-12,2000,1,12,0.0
Bac Lieu,2000-01-13,2000,1,13,0.0
Bac Lieu,2000-01-14,2000,1,14,0.0
Bac Lieu,2000-01-15,2000,1,15,0.0
Bac Lieu,2000-01-16,2000,1,16,0.08806031129945
Bac Lieu,2000-01-17,2000,1,17,0.0
Bac Lieu,2000-01-18,2000,1,18,0.0688213651045313
Bac Lieu,2000-01-19,2000,1,19,0.0
Bac Lieu,2000-01-20,2000,1,20,0.0
Bac Lieu,2000-01-21,2000,1,21,0.0
Bac Lieu,2000-01-22,2000,1,22,2.3224396917595054
Bac Lieu,2000-01-23,2000,1,23,1.5354404532774442
Bac Lieu,2000-01-24,2000,1,24,0.0
Bac Lieu,2000-01-25,2000,1,25,0.0
Bac Lieu,2000-01-26,2000,1,26,0.0
Bac Lieu,2000-01-27,2000,1,27,0.0
Bac Lieu,2000-01-28,2000,1,28,0.0
Bac Lieu,2000-01-29,2000,1,29,3.156101405107751
Bac Lieu,2000-01-30,2000,1,30,0.0
Bac Lieu,2000-01-31,2000,1,31,0.0
Bac Lieu,2000-02-01,2000,2,1,0.0
Bac Lieu,2000-02-02,2000,2,2,0.0
Bac Lieu,2000-02-03,2000,2,3,0.0
Bac Lieu,2000-02-04,2000,2,4,0.0
Bac Lieu,2000-02-05,2000,2,5,1.177787834675807
Bac Lieu,2000-02-06,2000,2,6,2.8432530586989424
Bac Lieu,2000-02-07,2000,2,7,1.8363470463550324
Bac Lieu,2000-02-08,2000,2,8,0.0
Bac Lieu,2000-02-09,2000,2,9,0.0
Bac Lieu,2000-02-10,2000,2,10,0.0
Bac Lieu,2000-02-11,2000,2,11,0.0
Bac Lieu,2000-02-12,2000,2,12,0.0
Bac Lieu,2000-02-13,2000,2,13,0.0
Bac Lieu,2000-02-14,2000,2,14,0.0
Bac Lieu,2000-02-15,2000,2,15,0.0
Bac Lieu,2000-02-16,2000,2,16,0.0
Bac Lieu,2000-02-17,2000,2,17,0.0
Bac Lieu,2000-02-18,2000,2,18,0.0
Bac Lieu,2000-02-19,2000,2,19,0.0145287445333768
Bac Lieu,2000-02-20,2000,2,20,0.1436062771194386
Bac Lieu,2000-02-21,2000,2,21,0.0
Bac Lieu,2000-02-22,2000,2,22,0.0
Bac Lieu,2000-02-23,2000,2,23,0.0
Bac Lieu,2000-02-24,2000,2,24,1.1003029214121265
Bac Lieu,2000-02-25,2000,2,25,0.5111910282620844
Bac Lieu,2000-02-26,2000,2,26,0.0
Bac Lieu,2000-02-27,2000,2,27,0.004150047738597
Bac Lieu,2000-02-28,2000,2,28,0.0
Bac Lieu,2000-02-29,2000,2,29,0.0
Bac Lieu,2000-03-01,2000,3,1,0.0
Bac Lieu,2000-03-02,2000,3,2,0.0
Bac Lieu,2000-03-03,2000,3,3,0.0
Bac Lieu,2000-03-04,2000,3,4,0.0
Bac Lieu,2000-03-05,2000,3,5,0.0737886976700908
Bac Lieu,2000-03-06,2000,3,6,0.5328090058092801
Bac Lieu,2000-03-07,2000,3,7,0.0
Bac Lieu,2000-03-08,2000,3,8,0.0
Bac Lieu,2000-03-09,2000,3,9,0.0
Bac Lieu,2000-03-10,2000,3,10,0.7469884393440105
Bac Lieu,2000-03-11,2000,3,11,3.425041848452587
Bac Lieu,2000-03-12,2000,3,12,0.9990151785004816
Bac Lieu,2000-03-13,2000,3,13,0.0203146572113037
Bac Lieu,2000-03-14,2000,3,14,2.4470117702124257
Bac Lieu,2000-03-15,2000,3,15,8.955093150426755
Bac Lieu,2000-03-16,2000,3,16,2.6440488113187395
Bac Lieu,2000-03-17,2000,3,17,0.0037576487559192
Bac Lieu,2000-03-18,2000,3,18,0.8473027172178592
Bac Lieu,2000-03-19,2000,3,19,1.3214293128949297
Bac Lieu,2000-03-20,2000,3,20,0.3239768123086893
Bac Lieu,2000-03-21,2000,3,21,5.582250230271861
Bac Lieu,2000-03-22,2000,3,22,2.217475867266925
Bac Lieu,2000-03-23,2000,3,23,4.282802179772899
Bac Lieu,2000-03-24,2000,3,24,5.267074522288341
Bac Lieu,2000-03-25,2000,3,25,0.0
Bac Lieu,2000-03-26,2000,3,26,13.794065077475786
Bac Lieu,2000-03-27,2000,3,27,0.0
Bac Lieu,2000-03-28,2000,3,28,0.0
Bac Lieu,2000-03-29,2000,3,29,0.0
Bac Lieu,2000-03-30,2000,3,30,0.0
Bac Lieu,2000-03-31,2000,3,31,0.0
Bac Lieu,2000-04-01,2000,4,1,0.0
Bac Lieu,2000-04-02,2000,4,2,0.3423134952491184
Bac Lieu,2000-04-03,2000,4,3,0.0
Bac Lieu,2000-04-04,2000,4,4,0.0363304617629861
Bac Lieu,2000-04-05,2000,4,5,0.0
Bac Lieu,2000-04-06,2000,4,6,0.0
Bac Lieu,2000-04-07,2000,4,7,0.0
Bac Lieu,2000-04-08,2000,4,8,9.28426895199182
Bac Lieu,2000-04-09,2000,4,9,0.0630804154917879
Bac Lieu,2000-04-10,2000,4,10,0.0
Bac Lieu,2000-04-11,2000,4,11,0.2448171814342715
Bac Lieu,2000-04-12,2000,4,12,0.2221805982679691
Bac Lieu,2000-04-13,2000,4,13,0.9765680347388646
Bac Lieu,2000-04-14,2000,4,14,0.1038855753304823
Bac Lieu,2000-04-15,2000,4,15,6.973181515144853
Bac Lieu,2000-04-16,2000,4,16,4.0635447648066405
Bac Lieu,2000-04-17,2000,4,17,2.9798796601745323
Bac Lieu,2000-04-18,2000,4,18,6.1911246447113335
Bac Lieu,2000-04-19,2000,4,19,0.0
Bac Lieu,2000-04-20,2000,4,20,3.17769622997068
Bac Lieu,2000-04-21,2000,4,21,1.622599049613161
Bac Lieu,2000-04-22,2000,4,22,0.0
Bac Lieu,2000-04-23,2000,4,23,2.8132067178060423
Bac Lieu,2000-04-24,2000,4,24,5.393443439996469
Bac Lieu,2000-04-25,2000,4,25,2.366926805802112
Bac Lieu,2000-04-26,2000,4,26,11.44117097243723
Bac Lieu,2000-04-27,2000,4,27,2.6783210311655736
Bac Lieu,2000-04-28,2000,4,28,2.287289897846726
Bac Lieu,2000-04-29,2000,4,29,0.0
Bac Lieu,2000-04-30,2000,4,30,3.3515608824873877
Bac Lieu,2000-05-01,2000,5,1,2.0387605301839007
Bac Lieu,2000-05-02,2000,5,2,13.631405231961669
Bac Lieu,2000-05-03,2000,5,3,9.279550718541415
Bac Lieu,2000-05-04,2000,5,4,4.132629809163652
Bac Lieu,2000-05-05,2000,5,5,5.2891015726845225
Bac Lieu,2000-05-06,2000,5,6,8.956835630956688
Bac Lieu,2000-05-07,2000,5,7,3.624731208891239
Bac Lieu,2000-05-08,2000,5,8,4.92828137539018
Bac Lieu,2000-05-09,2000,5,9,7.05150339068107
Bac Lieu,2000-05-10,2000,5,10,12.36671650519461
Bac Lieu,2000-05-11,2000,5,11,10.18638107940386
Bac Lieu,2000-05-12,2000,5,12,42.16022702976444
Bac Lieu,2000-05-13,2000,5,13,2.941648909514805
Bac Lieu,2000-05-14,2000,5,14,1.597252003795696
Bac Lieu,2000-05-15,2000,5,15,7.750657173588593
Bac Lieu,2000-05-16,2000,5,16,11.623108624710229
Bac Lieu,2000-05-17,2000,5,17,13.59285549232195
Bac Lieu,2000-05-18,2000,5,18,10.907786826619562
Bac Lieu,2000-05-19,2000,5,19,3.249392647797208
Bac Lieu,2000-05-20,2000,5,20,11.891249939576635
Bac Lieu,2000-05-21,2000,5,21,2.9826532979011544
Bac Lieu,2000-05-22,2000,5,22,4.114160242026708
Bac Lieu,2000-05-23,2000,5,23,0.6920545718804847
Bac Lieu,2000-05-24,2000,5,24,5.739656611757458
Bac Lieu,2000-05-25,2000,5,25,8.543467746968542
Bac Lieu,2000-05-26,2000,5,26,14.38104813142093
Bac Lieu,2000-05-27,2000,5,27,5.253422564740452
Bac Lieu,2000-05-28,2000,5,28,11.75225790813734
Bac Lieu,2000-05-29,2000,5,29,12.669476884661982
Bac Lieu,2000-05-30,2000,5,30,20.092809570420467
Bac Lieu,2000-05-31,2000,5,31,11.054130257642496
Bac Lieu,2000-06-01,2000,6,1,35.11246266426231
Bac Lieu,2000-06-02,2000,6,2,14.16784780243208
Bac Lieu,2000-06-03,2000,6,3,17.094373963374014
Bac Lieu,2000-06-04,2000,6,4,0.2550577422447924
Bac Lieu,2000-06-05,2000,6,5,0.6460955461466088
Bac Lieu,2000-06-06,2000,6,6,0.9600397901535036
Bac Lieu,2000-06-07,2000,6,7,23.532706482347454
Bac Lieu,2000-06-08,2000,6,8,6.789445749084905
Bac Lieu,2000-06-09,2000,6,9,25.03030997787332
Bac Lieu,2000-06-10,2000,6,10,6.945969165424131
Bac Lieu,2000-06-11,2000,6,11,4.993128213270655
Bac Lieu,2000-06-12,2000,6,12,0.0
Bac Lieu,2000-06-13,2000,6,13,0.0
Bac Lieu,2000-06-14,2000,6,14,10.696762271503234
Bac Lieu,2000-06-15,2000,6,15,28.761680736037924
Bac Lieu,2000-06-16,2000,6,16,31.632814200239373
Bac Lieu,2000-06-17,2000,6,17,5.357028455662277
Bac Lieu,2000-06-18,2000,6,18,0.0
Bac Lieu,2000-06-19,2000,6,19,0.6383501359111858
Bac Lieu,2000-06-20,2000,6,20,6.769417911115682
Bac Lieu,2000-06-21,2000,6,21,11.613785615939014
Bac Lieu,2000-06-22,2000,6,22,11.87111219625653
Bac Lieu,2000-06-23,2000,6,23,11.43091851551128
Bac Lieu,2000-06-24,2000,6,24,10.946963546626971
Bac Lieu,2000-06-25,2000,6,25,4.492346984764316
Bac Lieu,2000-06-26,2000,6,26,11.418841519571703
Bac Lieu,2000-06-27,2000,6,27,4.093319045732608
Bac Lieu,2000-06-28,2000,6,28,16.499305299417028
Bac Lieu,2000-06-29,2000,6,29,18.704740190757896
Bac Lieu,2000-06-30,2000,6,30,12.355426470540603
Bac Lieu,2000-07-01,2000,7,1,1.7769697923210437
Bac Lieu,2000-07-02,2000,7,2,6.049400527882128
Bac Lieu,2000-07-03,2000,7,3,8.122507557203187
Bac Lieu,2000-07-04,2000,7,4,20.64378124899234
Bac Lieu,2000-07-05,2000,7,5,9.005954765382807
Bac Lieu,2000-07-06,2000,7,6,0.7691943658792749
Bac Lieu,2000-07-07,2000,7,7,6.540062630995266
Bac Lieu,2000-07-08,2000,7,8,0.1202618598937988
Bac Lieu,2000-07-09,2000,7,9,4.590038615208752
Bac Lieu,2000-07-10,2000,7,10,21.109385842665198
Bac Lieu,2000-07-11,2000,7,11,22.405191610282323
Bac Lieu,2000-07-12,2000,7,12,10.432864926572115
Bac Lieu,2000-07-13,2000,7,13,6.811778658165124
Bac Lieu,2000-07-14,2000,7,14,0.0373373697388847
Bac Lieu,2000-07-15,2000,7,15,11.937186341447651
Bac Lieu,2000-07-16,2000,7,16,13.024302695022442
Bac Lieu,2000-07-17,2000,7,17,12.87786222027833
Bac Lieu,2000-07-18,2000,7,18,4.717399858906584
Bac Lieu,2000-07-19,2000,7,19,0.0
Bac Lieu,2000-07-20,2000,7,20,0.0
Bac Lieu,2000-07-21,2000,7,21,0.1018309434854759
Bac Lieu,2000-07-22,2000,7,22,0.0
Bac Lieu,2000-07-23,2000,7,23,0.2442804876723379
Bac Lieu,2000-07-24,2000,7,24,14.967608163689668
Bac Lieu,2000-07-25,2000,7,25,6.619114091306364
Bac Lieu,2000-07-26,2000,7,26,11.925638628842698
Bac Lieu,2000-07-27,2000,7,27,0.0
Bac Lieu,2000-07-28,2000,7,28,1.240207097305442
Bac Lieu,2000-07-29,2000,7,29,0.488781002512518
Bac Lieu,2000-07-30,2000,7,30,0.0052184961426932
Bac Lieu,2000-07-31,2000,7,31,0.0
Bac Lieu,2000-08-01,2000,8,1,3.9436510320429536
Bac Lieu,2000-08-02,2000,8,2,6.231827002795239
Bac Lieu,2000-08-03,2000,8,3,16.106368687539735
Bac Lieu,2000-08-04,2000,8,4,0.5142982315927183
Bac Lieu,2000-08-05,2000,8,5,0.8916787405463886
Bac Lieu,2000-08-06,2000,8,6,5.518913491977836
Bac Lieu,2000-08-07,2000,8,7,10.881566675743969
Bac Lieu,2000-08-08,2000,8,8,5.8402654129964
Bac Lieu,2000-08-09,2000,8,9,0.0
Bac Lieu,2000-08-10,2000,8,10,6.028382698122062
Bac Lieu,2000-08-11,2000,8,11,14.38974823141098
Bac Lieu,2000-08-12,2000,8,12,2.7197504975120976
Bac Lieu,2000-08-13,2000,8,13,0.636343668199935
Bac Lieu,2000-08-14,2000,8,14,9.56013678238527
Bac Lieu,2000-08-15,2000,8,15,0.5391037568326267
Bac Lieu,2000-08-16,2000,8,16,7.894462045345667
Bac Lieu,2000-08-17,2000,8,17,22.622653150378536
Bac Lieu,2000-08-18,2000,8,18,2.797540628901068
Bac Lieu,2000-08-19,2000,8,19,10.977530663670237
Bac Lieu,2000-08-20,2000,8,20,23.677198829938785
Bac Lieu,2000-08-21,2000,8,21,28.37633277948848
Bac Lieu,2000-08-22,2000,8,22,20.973116134607565
Bac Lieu,2000-08-23,2000,8,23,1.6350534570801936
Bac Lieu,2000-08-24,2000,8,24,30.60045744172583
Bac Lieu,2000-08-25,2000,8,25,26.813276230866062
Bac Lieu,2000-08-26,2000,8,26,12.26463618598794
Bac Lieu,2000-08-27,2000,8,27,4.587504793131127
Bac Lieu,2000-08-28,2000,8,28,15.610592150112367
Bac Lieu,2000-08-29,2000,8,29,8.440656189756576
Bac Lieu,2000-08-30,2000,8,30,3.2020115457930665
Bac Lieu,2000-08-31,2000,8,31,24.61436698233407
Bac Lieu,2000-09-01,2000,9,1,2.7431731864551328
Bac Lieu,2000-09-02,2000,9,2,0.0509867666892285
Bac Lieu,2000-09-03,2000,9,3,0.5365620428391223
Bac Lieu,2000-09-04,2000,9,4,1.4571700239811305
Bac Lieu,2000-09-05,2000,9,5,6.401464308801688
Bac Lieu,2000-09-06,2000,9,6,2.7350754742712358
Bac Lieu,2000-09-07,2000,9,7,0.0032113140214164
Bac Lieu,2000-09-08,2000,9,8,0.7606442505278679
Bac Lieu,2000-09-09,2000,9,9,2.4312807257490343
Bac Lieu,2000-09-10,2000,9,10,16.203122580222363
Bac Lieu,2000-09-11,2000,9,11,1.081056697125705
Bac Lieu,2000-09-12,2000,9,12,3.139963299301436
Bac Lieu,2000-09-13,2000,9,13,20.581001618997107
Bac Lieu,2000-09-14,2000,9,14,13.787860713382935
Bac Lieu,2000-09-15,2000,9,15,17.165878916200604
Bac Lieu,2000-09-16,2000,9,16,12.592914959979511
Bac Lieu,2000-09-17,2000,9,17,0.0216668233331644
Bac Lieu,2000-09-18,2000,9,18,3.4634849139429496
Bac Lieu,2000-09-19,2000,9,19,5.611389752208063
Bac Lieu,2000-09-20,2000,9,20,6.522149824484339
Bac Lieu,2000-09-21,2000,9,21,2.621368012194364
Bac Lieu,2000-09-22,2000,9,22,15.240102006210472
Bac Lieu,2000-09-23,2000,9,23,0.0
Bac Lieu,2000-09-24,2000,9,24,1.5675378576854493
Bac Lieu,2000-09-25,2000,9,25,10.805219996848198
Bac Lieu,2000-09-26,2000,9,26,0.7235330057594012
Bac Lieu,2000-09-27,2000,9,27,6.571764001693367
Bac Lieu,2000-09-28,2000,9,28,6.9548308936604935
Bac Lieu,2000-09-29,2000,9,29,5.78310095677286
Bac Lieu,2000-09-30,2000,9,30,10.76783974208472
Bac Lieu,2000-10-01,2000,10,1,15.984761256109998
Bac Lieu,2000-10-02,2000,10,2,23.404427621301625
Bac Lieu,2000-10-03,2000,10,3,5.200773360972135
Bac Lieu,2000-10-04,2000,10,4,9.862005566974858
Bac Lieu,2000-10-05,2000,10,5,17.41542499963293
Bac Lieu,2000-10-06,2000,10,6,38.08750343963335
Bac Lieu,2000-10-07,2000,10,7,15.334581613360712
Bac Lieu,2000-10-08,2000,10,8,20.769062573342957
Bac Lieu,2000-10-09,2000,10,9,54.21991429713987
Bac Lieu,2000-10-10,2000,10,10,16.143536922094963
Bac Lieu,2000-10-11,2000,10,11,13.487833699568265
Bac Lieu,2000-10-12,2000,10,12,14.408768162043591
Bac Lieu,2000-10-13,2000,10,13,46.6410930806286
Bac Lieu,2000-10-14,2000,10,14,10.181300399906233
Bac Lieu,2000-10-15,2000,10,15,2.1519876307541472
Bac Lieu,2000-10-16,2000,10,16,3.155257809908885
Bac Lieu,2000-10-17,2000,10,17,19.674365750006917
Bac Lieu,2000-10-18,2000,10,18,18.580335558009605
Bac Lieu,2000-10-19,2000,10,19,2.8700363394539314
Bac Lieu,2000-10-20,2000,10,20,7.604036563621378
Bac Lieu,2000-10-21,2000,10,21,5.621021905710113
Bac Lieu,2000-10-22,2000,10,22,7.995390543271911
Bac Lieu,2000-10-23,2000,10,23,7.055949225173808
Bac Lieu,2000-10-24,2000,10,24,1.8157754004136573
Bac Lieu,2000-10-25,2000,10,25,5.423462224852364
Bac Lieu,2000-10-26,2000,10,26,11.405355544756048
Bac Lieu,2000-10-27,2000,10,27,15.763343315880253
Bac Lieu,2000-10-28,2000,10,28,19.04011863103903
Bac Lieu,2000-10-29,2000,10,29,32.37977625454597
Bac Lieu,2000-10-30,2000,10,30,19.1667862168798
Bac Lieu,2000-10-31,2000,10,31,31.609783827799674
Bac Lieu,2000-11-01,2000,11,1,33.04578311754623
Bac Lieu,2000-11-02,2000,11,2,0.0
Bac Lieu,2000-11-03,2000,11,3,0.0
Bac Lieu,2000-11-04,2000,11,4,0.0
Bac Lieu,2000-11-05,2000,11,5,0.0044319456568304
Bac Lieu,2000-11-06,2000,11,6,0.0144673335147353
Bac Lieu,2000-11-07,2000,11,7,0.0
Bac Lieu,2000-11-08,2000,11,8,0.0
Bac Lieu,2000-11-09,2000,11,9,0.0
Bac Lieu,2000-11-10,2000,11,10,0.0
Bac Lieu,2000-11-11,2000,11,11,4.578334439007742
Bac Lieu,2000-11-12,2000,11,12,0.0
Bac Lieu,2000-11-13,2000,11,13,3.5358683906771105
Bac Lieu,2000-11-14,2000,11,14,5.149256290804666
Bac Lieu,2000-11-15,2000,11,15,4.538526019168351
Bac Lieu,2000-11-16,2000,11,16,15.627749252427304
Bac Lieu,2000-11-17,2000,11,17,0.0
Bac Lieu,2000-11-18,2000,11,18,0.1903398586669058
Bac Lieu,2000-11-19,2000,11,19,8.658843371427286
Bac Lieu,2000-11-20,2000,11,20,0.0083426158113299
Bac Lieu,2000-11-21,2000,11,21,0.0534321083212798
Bac Lieu,2000-11-22,2000,11,22,17.261055868436706
Bac Lieu,2000-11-23,2000,11,23,16.045697626581735
Bac Lieu,2000-11-24,2000,11,24,7.114932206279828
Bac Lieu,2000-11-25,2000,11,25,10.227906821268911
Bac Lieu,2000-11-26,2000,11,26,0.0
Bac Lieu,2000-11-27,2000,11,27,5.246325709756816
Bac Lieu,2000-11-28,2000,11,28,0.0
Bac Lieu,2000-11-29,2000,11,29,14.966522714362958
Bac Lieu,2000-11-30,2000,11,30,11.14854720864206
Bac Lieu,2000-12-01,2000,12,1,3.8239189079842486
Bac Lieu,2000-12-02,2000,12,2,0.0
Bac Lieu,2000-12-03,2000,12,3,0.0
Bac Lieu,2000-12-04,2000,12,4,2.2983380470005974
Bac Lieu,2000-12-05,2000,12,5,0.0
Bac Lieu,2000-12-06,2000,12,6,23.403747694267416
Bac Lieu,2000-12-07,2000,12,7,5.659320058201844
Bac Lieu,2000-12-08,2000,12,8,0.0
Bac Lieu,2000-12-09,2000,12,9,0.0360841898648244
Bac Lieu,2000-12-10,2000,12,10,0.0
Bac Lieu,2000-12-11,2000,12,11,4.122292379226326
Bac Lieu,2000-12-12,2000,12,12,0.0
Bac Lieu,2000-12-13,2000,12,13,0.0
Bac Lieu,2000-12-14,2000,12,14,4.419599935225721
Bac Lieu,2000-12-15,2000,12,15,0.3207888663399895
Bac Lieu,2000-12-16,2000,12,16,0.5833120885345172
Bac Lieu,2000-12-17,2000,12,17,0.0515760861342808
Bac Lieu,2000-12-18,2000,12,18,7.693370113156878
Bac Lieu,2000-12-19,2000,12,19,0.0
Bac Lieu,2000-12-20,2000,12,20,0.2948806727427357
Bac Lieu,2000-12-21,2000,12,21,0.0
Bac Lieu,2000-12-22,2000,12,22,0.0
Bac Lieu,2000-12-23,2000,12,23,0.0
Bac Lieu,2000-12-24,2000,12,24,4.132613039880429
Bac Lieu,2000-12-25,2000,12,25,5.674917538247018
Bac Lieu,2000-12-26,2000,12,26,43.1307607301676
Bac Lieu,2000-12-27,2000,12,27,15.76460600395922
Bac Lieu,2000-12-28,2000,12,28,0.0
Bac Lieu,2000-12-29,2000,12,29,0.0
Bac Lieu,2000-12-30,2000,12,30,0.0
Bac Lieu,2000-12-31,2000,12,31,0.0
Bac Lieu,2001-01-01,2001,1,1,0.0
Bac Lieu,2001-01-02,2001,1,2,0.0
Bac Lieu,2001-01-03,2001,1,3,0.0
Bac Lieu,2001-01-04,2001,1,4,0.0
Bac Lieu,2001-01-05,2001,1,5,0.0
Bac Lieu,2001-01-06,2001,1,6,0.0
Bac Lieu,2001-01-07,2001,1,7,0.0
Bac Lieu,2001-01-08,2001,1,8,2.547239155773847
Bac Lieu,2001-01-09,2001,1,9,2.922490641207065
Bac Lieu,2001-01-10,2001,1,10,0.85799773144722
Bac Lieu,2001-01-11,2001,1,11,3.4375488858312933
Bac Lieu,2001-01-12,2001,1,12,2.476724986994041
Bac Lieu,2001-01-13,2001,1,13,0.6926314767981476
Bac Lieu,2001-01-14,2001,1,14,1.498014829136291
Bac Lieu,2001-01-15,2001,1,15,0.0047831146402179
Bac Lieu,2001-01-16,2001,1,16,0.0
Bac Lieu,2001-01-17,2001,1,17,3.419840427371692
Bac Lieu,2001-01-18,2001,1,18,2.737390052165626
Bac Lieu,2001-01-19,2001,1,19,0.0
Bac Lieu,2001-01-20,2001,1,20,0.0
Bac Lieu,2001-01-21,2001,1,21,0.0
Bac Lieu,2001-01-22,2001,1,22,0.0
Bac Lieu,2001-01-23,2001,1,23,0.0
Bac Lieu,2001-01-24,2001,1,24,0.0
Bac Lieu,2001-01-25,2001,1,25,0.0
Bac Lieu,2001-01-26,2001,1,26,0.0
Bac Lieu,2001-01-27,2001,1,27,0.0
Bac Lieu,2001-01-28,2001,1,28,0.0
Bac Lieu,2001-01-29,2001,1,29,0.0
Bac Lieu,2001-01-30,2001,1,30,0.0
Bac Lieu,2001-01-31,2001,1,31,0.2425568261596392
Bac Lieu,2001-02-01,2001,2,1,0.0
Bac Lieu,2001-02-02,2001,2,2,0.0
Bac Lieu,2001-02-03,2001,2,3,0.0
Bac Lieu,2001-02-04,2001,2,4,0.0
Bac Lieu,2001-02-05,2001,2,5,0.0151918975879561
Bac Lieu,2001-02-06,2001,2,6,0.0
Bac Lieu,2001-02-07,2001,2,7,0.6389542435115239
Bac Lieu,2001-02-08,2001,2,8,0.1960391069493204
Bac Lieu,2001-02-09,2001,2,9,3.5320612182842117
Bac Lieu,2001-02-10,2001,2,10,2.1107660793448395
Bac Lieu,2001-02-11,2001,2,11,2.65329733611053
Bac Lieu,2001-02-12,2001,2,12,0.0
Bac Lieu,2001-02-13,2001,2,13,3.192481300322515
Bac Lieu,2001-02-14,2001,2,14,0.0
Bac Lieu,2001-02-15,2001,2,15,0.0
Bac Lieu,2001-02-16,2001,2,16,0.0
Bac Lieu,2001-02-17,2001,2,17,0.0
Bac Lieu,2001-02-18,2001,2,18,0.0
Bac Lieu,2001-02-19,2001,2,19,0.0
Bac Lieu,2001-02-20,2001,2,20,0.0
Bac Lieu,2001-02-21,2001,2,21,0.0
Bac Lieu,2001-02-22,2001,2,22,0.0
Bac Lieu,2001-02-23,2001,2,23,0.0
Bac Lieu,2001-02-24,2001,2,24,0.0
Bac Lieu,2001-02-25,2001,2,25,0.0
Bac Lieu,2001-02-26,2001,2,26,0.0
Bac Lieu,2001-02-27,2001,2,27,0.0
Bac Lieu,2001-02-28,2001,2,28,0.0
Bac Lieu,2001-03-01,2001,3,1,0.0
Bac Lieu,2001-03-02,2001,3,2,0.1265062601161453
Bac Lieu,2001-03-03,2001,3,3,0.0
Bac Lieu,2001-03-04,2001,3,4,0.0
Bac Lieu,2001-03-05,2001,3,5,0.0
Bac Lieu,2001-03-06,2001,3,6,0.0
Bac Lieu,2001-03-07,2001,3,7,0.0145111117812822
Bac Lieu,2001-03-08,2001,3,8,0.264083867702844
Bac Lieu,2001-03-09,2001,3,9,0.2136154520646581
Bac Lieu,2001-03-10,2001,3,10,0.0
Bac Lieu,2001-03-11,2001,3,11,0.0
Bac Lieu,2001-03-12,2001,3,12,5.490140552678199
Bac Lieu,2001-03-13,2001,3,13,0.1132049628698601
Bac Lieu,2001-03-14,2001,3,14,0.7490163454064784
Bac Lieu,2001-03-15,2001,3,15,0.0
Bac Lieu,2001-03-16,2001,3,16,0.0
Bac Lieu,2001-03-17,2001,3,17,11.27039906314634
Bac Lieu,2001-03-18,2001,3,18,22.591038824549265
Bac Lieu,2001-03-19,2001,3,19,4.320527180131878
Bac Lieu,2001-03-20,2001,3,20,0.0
Bac Lieu,2001-03-21,2001,3,21,0.8170074101753956
Bac Lieu,2001-03-22,2001,3,22,2.253090284842365
Bac Lieu,2001-03-23,2001,3,23,0.0
Bac Lieu,2001-03-24,2001,3,24,0.0070455354654564
Bac Lieu,2001-03-25,2001,3,25,12.105327694613978
Bac Lieu,2001-03-26,2001,3,26,1.3393216159388708
Bac Lieu,2001-03-27,2001,3,27,11.398929707815064
Bac Lieu,2001-03-28,2001,3,28,6.75905280858166
Bac Lieu,2001-03-29,2001,3,29,8.492208827288648
Bac Lieu,2001-03-30,2001,3,30,7.651093553543093
Bac Lieu,2001-03-31,2001,3,31,2.3182001965720707
Bac Lieu,2001-04-01,2001,4,1,3.1402740541494123
Bac Lieu,2001-04-02,2001,4,2,0.4139553324951316
Bac Lieu,2001-04-03,2001,4,3,1.269668605021711
Bac Lieu,2001-04-04,2001,4,4,0.1402818172472828
Bac Lieu,2001-04-05,2001,4,5,0.784178617144531
Bac Lieu,2001-04-06,2001,4,6,0.0
Bac Lieu,2001-04-07,2001,4,7,0.0
Bac Lieu,2001-04-08,2001,4,8,0.0
Bac Lieu,2001-04-09,2001,4,9,0.0196847478938552
Bac Lieu,2001-04-10,2001,4,10,1.0180163854832922
Bac Lieu,2001-04-11,2001,4,11,0.0
Bac Lieu,2001-04-12,2001,4,12,0.0
Bac Lieu,2001-04-13,2001,4,13,0.0
Bac Lieu,2001-04-14,2001,4,14,0.0
Bac Lieu,2001-04-15,2001,4,15,0.0
Bac Lieu,2001-04-16,2001,4,16,0.0
Bac Lieu,2001-04-17,2001,4,17,0.0
Bac Lieu,2001-04-18,2001,4,18,0.0
Bac Lieu,2001-04-19,2001,4,19,3.592490299881629
Bac Lieu,2001-04-20,2001,4,20,4.687657433320893
Bac Lieu,2001-04-21,2001,4,21,0.0080824127737081
Bac Lieu,2001-04-22,2001,4,22,0.0
Bac Lieu,2001-04-23,2001,4,23,0.3174153647602729
Bac Lieu,2001-04-24,2001,4,24,5.686039121123979
Bac Lieu,2001-04-25,2001,4,25,0.028376041718249
Bac Lieu,2001-04-26,2001,4,26,0.5255334528437201
Bac Lieu,2001-04-27,2001,4,27,21.01241872283648
Bac Lieu,2001-04-28,2001,4,28,19.1769450360784
Bac Lieu,2001-04-29,2001,4,29,6.490167998017006
Bac Lieu,2001-04-30,2001,4,30,0.0
Bac Lieu,2001-05-01,2001,5,1,0.0
Bac Lieu,2001-05-02,2001,5,2,2.364901275274889
Bac Lieu,2001-05-03,2001,5,3,0.0
Bac Lieu,2001-05-04,2001,5,4,0.0
Bac Lieu,2001-05-05,2001,5,5,0.0
Bac Lieu,2001-05-06,2001,5,6,0.0
Bac Lieu,2001-05-07,2001,5,7,3.107580564049055
Bac Lieu,2001-05-08,2001,5,8,2.2073428320884703
Bac Lieu,2001-05-09,2001,5,9,0.0
Bac Lieu,2001-05-10,2001,5,10,1.7023321962446538
Bac Lieu,2001-05-11,2001,5,11,15.040968278866895
Bac Lieu,2001-05-12,2001,5,12,4.8049557779600045
Bac Lieu,2001-05-13,2001,5,13,11.09522474591237
Bac Lieu,2001-05-14,2001,5,14,25.031870767413444
Bac Lieu,2001-05-15,2001,5,15,34.88509669177938
Bac Lieu,2001-05-16,2001,5,16,23.883583664660183
Bac Lieu,2001-05-17,2001,5,17,1.2903131511886166
Bac Lieu,2001-05-18,2001,5,18,7.358274812275511
Bac Lieu,2001-05-19,2001,5,19,8.201795288067943
Bac Lieu,2001-05-20,2001,5,20,5.588548819245034
Bac Lieu,2001-05-21,2001,5,21,6.38615375732926
Bac Lieu,2001-05-22,2001,5,22,2.201593844980564
Bac Lieu,2001-05-23,2001,5,23,0.3404739904943502
Bac Lieu,2001-05-24,2001,5,24,0.0
Bac Lieu,2001-05-25,2001,5,25,7.279397767966649
Bac Lieu,2001-05-26,2001,5,26,11.304992951932944
Bac Lieu,2001-05-27,2001,5,27,8.507489425164351
Bac Lieu,2001-05-28,2001,5,28,7.914093998387176
Bac Lieu,2001-05-29,2001,5,29,0.0
Bac Lieu,2001-05-30,2001,5,30,6.310860382170049
Bac Lieu,2001-05-31,2001,5,31,5.044112676800422
Bac Lieu,2001-06-01,2001,6,1,3.510195133263211
Bac Lieu,2001-06-02,2001,6,2,10.67830646930551
Bac Lieu,2001-06-03,2001,6,3,8.959555799448266
Bac Lieu,2001-06-04,2001,6,4,7.600451929146389
Bac Lieu,2001-06-05,2001,6,5,12.814600372494397
Bac Lieu,2001-06-06,2001,6,6,12.44023126882877
Bac Lieu,2001-06-07,2001,6,7,10.28439730246562
Bac Lieu,2001-06-08,2001,6,8,9.98850783742149
Bac Lieu,2001-06-09,2001,6,9,8.627370809609035
Bac Lieu,2001-06-10,2001,6,10,12.497704984359023
Bac Lieu,2001-06-11,2001,6,11,4.287444605521436
Bac Lieu,2001-06-12,2001,6,12,0.0
Bac Lieu,2001-06-13,2001,6,13,4.372429726600648
Bac Lieu,2001-06-14,2001,6,14,14.704160103456031
Bac Lieu,2001-06-15,2001,6,15,13.813776350345252
Bac Lieu,2001-06-16,2001,6,16,6.093381115679471
Bac Lieu,2001-06-17,2001,6,17,1.8130824408441224
Bac Lieu,2001-06-18,2001,6,18,23.47387623675365
Bac Lieu,2001-06-19,2001,6,19,3.130670782593062
Bac Lieu,2001-06-20,2001,6,20,27.97144321783534
Bac Lieu,2001-06-21,2001,6,21,14.607892329593875
Bac Lieu,2001-06-22,2001,6,22,11.476603277242408
Bac Lieu,2001-06-23,2001,6,23,14.82421226308931
Bac Lieu,2001-06-24,2001,6,24,10.828687178053944
Bac Lieu,2001-06-25,2001,6,25,21.43801424967568
Bac Lieu,2001-06-26,2001,6,26,9.7073266283971
Bac Lieu,2001-06-27,2001,6,27,7.649085263774081
Bac Lieu,2001-06-28,2001,6,28,14.09933783959443
Bac Lieu,2001-06-29,2001,6,29,8.820733786295047
Bac Lieu,2001-06-30,2001,6,30,5.244967905116533
Bac Lieu,2001-07-01,2001,7,1,15.046863981444885
Bac Lieu,2001-07-02,2001,7,2,13.074131142472323
Bac Lieu,2001-07-03,2001,7,3,10.747907619458324
Bac Lieu,2001-07-04,2001,7,4,7.055303809903704
Bac Lieu,2001-07-05,2001,7,5,9.67091147916722
Bac Lieu,2001-07-06,2001,7,6,21.59674990128571
Bac Lieu,2001-07-07,2001,7,7,9.62737743332701
Bac Lieu,2001-07-08,2001,7,8,10.04083463271159
Bac Lieu,2001-07-09,2001,7,9,0.0950233301036762
Bac Lieu,2001-07-10,2001,7,10,0.0
Bac Lieu,2001-07-11,2001,7,11,0.9902366721135268
Bac Lieu,2001-07-12,2001,7,12,2.186047989543879
Bac Lieu,2001-07-13,2001,7,13,2.8898364313773395
Bac Lieu,2001-07-14,2001,7,14,0.976970807030516
Bac Lieu,2001-07-15,2001,7,15,1.4988266604261582
Bac Lieu,2001-07-16,2001,7,16,0.0
Bac Lieu,2001-07-17,2001,7,17,0.0
Bac Lieu,2001-07-18,2001,7,18,0.0
Bac Lieu,2001-07-19,2001,7,19,0.0
Bac Lieu,2001-07-20,2001,7,20,5.78717845416519
Bac Lieu,2001-07-21,2001,7,21,3.2291269977587578
Bac Lieu,2001-07-22,2001,7,22,1.0882871744047924
Bac Lieu,2001-07-23,2001,7,23,0.0404958608892728
Bac Lieu,2001-07-24,2001,7,24,3.658293238162995
Bac Lieu,2001-07-25,2001,7,25,0.0
Bac Lieu,2001-07-26,2001,7,26,1.369462370930978
Bac Lieu,2001-07-27,2001,7,27,3.12659406007011
Bac Lieu,2001-07-28,2001,7,28,2.930238181910425
Bac Lieu,2001-07-29,2001,7,29,6.231199771305302
Bac Lieu,2001-07-30,2001,7,30,4.299937553041388
Bac Lieu,2001-07-31,2001,7,31,4.661362758960366
Bac Lieu,2001-08-01,2001,8,1,0.0
Bac Lieu,2001-08-02,2001,8,2,6.944088141261406
Bac Lieu,2001-08-03,2001,8,3,19.77223772290068
Bac Lieu,2001-08-04,2001,8,4,26.937700776873893
Bac Lieu,2001-08-05,2001,8,5,3.2190863538958
Bac Lieu,2001-08-06,2001,8,6,4.911374579357651
Bac Lieu,2001-08-07,2001,8,7,2.652690395913034
Bac Lieu,2001-08-08,2001,8,8,2.2925974064053234
Bac Lieu,2001-08-09,2001,8,9,18.32195913588326
Bac Lieu,2001-08-10,2001,8,10,9.629417106457474
Bac Lieu,2001-08-11,2001,8,11,0.0
Bac Lieu,2001-08-12,2001,8,12,6.017236731799144
Bac Lieu,2001-08-13,2001,8,13,13.692418984215216
Bac Lieu,2001-08-14,2001,8,14,13.63327624842806
Bac Lieu,2001-08-15,2001,8,15,18.780001928689348
Bac Lieu,2001-08-16,2001,8,16,19.64753284331988
Bac Lieu,2001-08-17,2001,8,17,17.505265968502695
Bac Lieu,2001-08-18,2001,8,18,11.730867480008108
Bac Lieu,2001-08-19,2001,8,19,16.599314331450547
Bac Lieu,2001-08-20,2001,8,20,16.533384324289724
Bac Lieu,2001-08-21,2001,8,21,0.0
Bac Lieu,2001-08-22,2001,8,22,14.984196818621657
Bac Lieu,2001-08-23,2001,8,23,14.80626164727841
Bac Lieu,2001-08-24,2001,8,24,2.9733407820215767
Bac Lieu,2001-08-25,2001,8,25,0.0
Bac Lieu,2001-08-26,2001,8,26,10.282777638237434
Bac Lieu,2001-08-27,2001,8,27,6.461770172874884
Bac Lieu,2001-08-28,2001,8,28,20.39406810674128
Bac Lieu,2001-08-29,2001,8,29,10.1315629266523
Bac Lieu,2001-08-30,2001,8,30,13.675042326423355
Bac Lieu,2001-08-31,2001,8,31,5.515073386660163
Bac Lieu,2001-09-01,2001,9,1,0.0
Bac Lieu,2001-09-02,2001,9,2,2.333334258511382
Bac Lieu,2001-09-03,2001,9,3,5.225931394118183
Bac Lieu,2001-09-04,2001,9,4,8.804463890615498
Bac Lieu,2001-09-05,2001,9,5,3.374307302250052
Bac Lieu,2001-09-06,2001,9,6,0.0
Bac Lieu,2001-09-07,2001,9,7,2.155375087603084
Bac Lieu,2001-09-08,2001,9,8,5.3529527437462
Bac Lieu,2001-09-09,2001,9,9,10.324262435535214
Bac Lieu,2001-09-10,2001,9,10,8.322299305492976
Bac Lieu,2001-09-11,2001,9,11,2.1689038009171218
Bac Lieu,2001-09-12,2001,9,12,1.2110419008799318
Bac Lieu,2001-09-13,2001,9,13,1.6866716040035463
Bac Lieu,2001-09-14,2001,9,14,1.4042404035667204
Bac Lieu,2001-09-15,2001,9,15,3.791830664756164
Bac Lieu,2001-09-16,2001,9,16,10.091192842393554
Bac Lieu,2001-09-17,2001,9,17,6.161371339240165
Bac Lieu,2001-09-18,2001,9,18,6.266411491511004
Bac Lieu,2001-09-19,2001,9,19,0.0
Bac Lieu,2001-09-20,2001,9,20,5.301147535162153
Bac Lieu,2001-09-21,2001,9,21,15.721516246075904
Bac Lieu,2001-09-22,2001,9,22,18.192395639563504
Bac Lieu,2001-09-23,2001,9,23,10.734265024868948
Bac Lieu,2001-09-24,2001,9,24,4.707965623621671
Bac Lieu,2001-09-25,2001,9,25,5.731512895512132
Bac Lieu,2001-09-26,2001,9,26,1.9930872505835768
Bac Lieu,2001-09-27,2001,9,27,8.806917251281021
Bac Lieu,2001-09-28,2001,9,28,24.50069445703616
Bac Lieu,2001-09-29,2001,9,29,20.013223481304244
Bac Lieu,2001-09-30,2001,9,30,35.848640727421035
Bac Lieu,2001-10-01,2001,10,1,12.98782390876986
Bac Lieu,2001-10-02,2001,10,2,14.761616095866795
Bac Lieu,2001-10-03,2001,10,3,12.188389773980626
Bac Lieu,2001-10-04,2001,10,4,13.274748427175128
Bac Lieu,2001-10-05,2001,10,5,10.00248253048591
Bac Lieu,2001-10-06,2001,10,6,2.5629101506269203
Bac Lieu,2001-10-07,2001,10,7,5.784882574162395
Bac Lieu,2001-10-08,2001,10,8,12.799811923800773
Bac Lieu,2001-10-09,2001,10,9,1.2707566986443863
Bac Lieu,2001-10-10,2001,10,10,11.165320310592652
Bac Lieu,2001-10-11,2001,10,11,8.779222636690683
Bac Lieu,2001-10-12,2001,10,12,2.671866031916637
Bac Lieu,2001-10-13,2001,10,13,8.28300959506125
Bac Lieu,2001-10-14,2001,10,14,11.678157134541925
Bac Lieu,2001-10-15,2001,10,15,11.851188714045398
Bac Lieu,2001-10-16,2001,10,16,2.0828838585817597
Bac Lieu,2001-10-17,2001,10,17,15.378999309899674
Bac Lieu,2001-10-18,2001,10,18,22.81661493632479
Bac Lieu,2001-10-19,2001,10,19,7.544133567279241
Bac Lieu,2001-10-20,2001,10,20,6.836529623805353
Bac Lieu,2001-10-21,2001,10,21,12.558177588300884
Bac Lieu,2001-10-22,2001,10,22,15.359023352029189
Bac Lieu,2001-10-23,2001,10,23,0.3455834850095353
Bac Lieu,2001-10-24,2001,10,24,11.104377554155748
Bac Lieu,2001-10-25,2001,10,25,3.211112572831928
Bac Lieu,2001-10-26,2001,10,26,9.314013837760353
Bac Lieu,2001-10-27,2001,10,27,11.116315570561392
Bac Lieu,2001-10-28,2001,10,28,8.950485459165755
Bac Lieu,2001-10-29,2001,10,29,0.8343360296825194
Bac Lieu,2001-10-30,2001,10,30,11.102911148233236
Bac Lieu,2001-10-31,2001,10,31,5.140568359806853
Bac Lieu,2001-11-01,2001,11,1,9.63348212019003
Bac Lieu,2001-11-02,2001,11,2,6.99627295584049
Bac Lieu,2001-11-03,2001,11,3,3.700762436740804
Bac Lieu,2001-11-04,2001,11,4,11.673300767205795
Bac Lieu,2001-11-05,2001,11,5,11.521927805072856
Bac Lieu,2001-11-06,2001,11,6,0.0
Bac Lieu,2001-11-07,2001,11,7,0.0951167704474251
Bac Lieu,2001-11-08,2001,11,8,0.8115925322208766
Bac Lieu,2001-11-09,2001,11,9,0.0
Bac Lieu,2001-11-10,2001,11,10,8.857401249687626
Bac Lieu,2001-11-11,2001,11,11,44.21138691193204
Bac Lieu,2001-11-12,2001,11,12,0.1137170308490969
Bac Lieu,2001-11-13,2001,11,13,0.0
Bac Lieu,2001-11-14,2001,11,14,2.090162391896518
Bac Lieu,2001-11-15,2001,11,15,0.0
Bac Lieu,2001-11-16,2001,11,16,3.4354408664478457
Bac Lieu,2001-11-17,2001,11,17,3.3866584242964697
Bac Lieu,2001-11-18,2001,11,18,2.58857220770728
Bac Lieu,2001-11-19,2001,11,19,9.103826529071018
Bac Lieu,2001-11-20,2001,11,20,1.030250868927758
Bac Lieu,2001-11-21,2001,11,21,0.0
Bac Lieu,2001-11-22,2001,11,22,0.0
Bac Lieu,2001-11-23,2001,11,23,1.3684831720388164
Bac Lieu,2001-11-24,2001,11,24,22.948941142999907
Bac Lieu,2001-11-25,2001,11,25,0.0
Bac Lieu,2001-11-26,2001,11,26,0.0
Bac Lieu,2001-11-27,2001,11,27,0.0
Bac Lieu,2001-11-28,2001,11,28,0.0
Bac Lieu,2001-11-29,2001,11,29,0.0
Bac Lieu,2001-11-30,2001,11,30,0.3483269160648562
Bac Lieu,2001-12-01,2001,12,1,0.8774671662708499
Bac Lieu,2001-12-02,2001,12,2,0.0
Bac Lieu,2001-12-03,2001,12,3,0.0
Bac Lieu,2001-12-04,2001,12,4,0.0
Bac Lieu,2001-12-05,2001,12,5,21.413130049939426
Bac Lieu,2001-12-06,2001,12,6,2.7429656236756528
Bac Lieu,2001-12-07,2001,12,7,0.0
Bac Lieu,2001-12-08,2001,12,8,0.0
Bac Lieu,2001-12-09,2001,12,9,0.0
Bac Lieu,2001-12-10,2001,12,10,0.0
Bac Lieu,2001-12-11,2001,12,11,0.0
Bac Lieu,2001-12-12,2001,12,12,0.0
Bac Lieu,2001-12-13,2001,12,13,0.0
Bac Lieu,2001-12-14,2001,12,14,0.0
Bac Lieu,2001-12-15,2001,12,15,0.0
Bac Lieu,2001-12-16,2001,12,16,0.0
Bac Lieu,2001-12-17,2001,12,17,0.0
Bac Lieu,2001-12-18,2001,12,18,0.0
Bac Lieu,2001-12-19,2001,12,19,0.0
Bac Lieu,2001-12-20,2001,12,20,1.31321854200903
Bac Lieu,2001-12-21,2001,12,21,0.0
Bac Lieu,2001-12-22,2001,12,22,0.0
Bac Lieu,2001-12-23,2001,12,23,0.0
Bac Lieu,2001-12-24,2001,12,24,0.0
Bac Lieu,2001-12-25,2001,12,25,0.0
Bac Lieu,2001-12-26,2001,12,26,0.0
Bac Lieu,2001-12-27,2001,12,27,0.1580739360485437
Bac Lieu,2001-12-28,2001,12,28,0.0
Bac Lieu,2001-12-29,2001,12,29,0.0
Bac Lieu,2001-12-30,2001,12,30,0.0
Bac Lieu,2001-12-31,2001,12,31,0.0
Bac Lieu,2002-01-01,2002,1,1,0.0
Bac Lieu,2002-01-02,2002,1,2,0.0
Bac Lieu,2002-01-03,2002,1,3,0.0
Bac Lieu,2002-01-04,2002,1,4,0.9774836014711636
Bac Lieu,2002-01-05,2002,1,5,0.0
Bac Lieu,2002-01-06,2002,1,6,0.0
Bac Lieu,2002-01-07,2002,1,7,0.0
Bac Lieu,2002-01-08,2002,1,8,0.0
Bac Lieu,2002-01-09,2002,1,9,0.0
Bac Lieu,2002-01-10,2002,1,10,0.0
Bac Lieu,2002-01-11,2002,1,11,0.0
Bac Lieu,2002-01-12,2002,1,12,0.0
Bac Lieu,2002-01-13,2002,1,13,0.0
Bac Lieu,2002-01-14,2002,1,14,0.0
Bac Lieu,2002-01-15,2002,1,15,0.0
Bac Lieu,2002-01-16,2002,1,16,0.401606530828296
Bac Lieu,2002-01-17,2002,1,17,0.0
Bac Lieu,2002-01-18,2002,1,18,4.863296961829348
Bac Lieu,2002-01-19,2002,1,19,0.0
Bac Lieu,2002-01-20,2002,1,20,0.0
Bac Lieu,2002-01-21,2002,1,21,0.0
Bac Lieu,2002-01-22,2002,1,22,0.0
Bac Lieu,2002-01-23,2002,1,23,0.0
Bac Lieu,2002-01-24,2002,1,24,0.0
Bac Lieu,2002-01-25,2002,1,25,0.0103077346423886
Bac Lieu,2002-01-26,2002,1,26,0.0
Bac Lieu,2002-01-27,2002,1,27,1.4705627173680182
Bac Lieu,2002-01-28,2002,1,28,0.0
Bac Lieu,2002-01-29,2002,1,29,0.0
Bac Lieu,2002-01-30,2002,1,30,0.0
Bac Lieu,2002-01-31,2002,1,31,0.0
Bac Lieu,2002-02-01,2002,2,1,0.0
Bac Lieu,2002-02-02,2002,2,2,0.0
Bac Lieu,2002-02-03,2002,2,3,0.0
Bac Lieu,2002-02-04,2002,2,4,0.0247066356101126
Bac Lieu,2002-02-05,2002,2,5,0.0247066356101126
Bac Lieu,2002-02-06,2002,2,6,0.0
Bac Lieu,2002-02-07,2002,2,7,0.0
Bac Lieu,2002-02-08,2002,2,8,0.0
Bac Lieu,2002-02-09,2002,2,9,0.0
Bac Lieu,2002-02-10,2002,2,10,0.0
Bac Lieu,2002-02-11,2002,2,11,0.0
Bac Lieu,2002-02-12,2002,2,12,0.0
Bac Lieu,2002-02-13,2002,2,13,0.0
Bac Lieu,2002-02-14,2002,2,14,0.0
Bac Lieu,2002-02-15,2002,2,15,0.0
Bac Lieu,2002-02-16,2002,2,16,0.0
Bac Lieu,2002-02-17,2002,2,17,0.0
Bac Lieu,2002-02-18,2002,2,18,0.0
Bac Lieu,2002-02-19,2002,2,19,0.0
Bac Lieu,2002-02-20,2002,2,20,0.0
Bac Lieu,2002-02-21,2002,2,21,0.0
Bac Lieu,2002-02-22,2002,2,22,0.2088761590921654
Bac Lieu,2002-02-23,2002,2,23,0.0
Bac Lieu,2002-02-24,2002,2,24,0.0
Bac Lieu,2002-02-25,2002,2,25,0.0
Bac Lieu,2002-02-26,2002,2,26,0.0
Bac Lieu,2002-02-27,2002,2,27,0.0
Bac Lieu,2002-02-28,2002,2,28,0.0440764215442369
Bac Lieu,2002-03-01,2002,3,1,0.0483668393728868
Bac Lieu,2002-03-02,2002,3,2,0.0
Bac Lieu,2002-03-03,2002,3,3,0.0
Bac Lieu,2002-03-04,2002,3,4,0.0
Bac Lieu,2002-03-05,2002,3,5,0.0
Bac Lieu,2002-03-06,2002,3,6,0.0
Bac Lieu,2002-03-07,2002,3,7,0.0
Bac Lieu,2002-03-08,2002,3,8,0.0
Bac Lieu,2002-03-09,2002,3,9,0.0
Bac Lieu,2002-03-10,2002,3,10,0.0
Bac Lieu,2002-03-11,2002,3,11,0.0
Bac Lieu,2002-03-12,2002,3,12,0.0
Bac Lieu,2002-03-13,2002,3,13,0.0
Bac Lieu,2002-03-14,2002,3,14,0.0
Bac Lieu,2002-03-15,2002,3,15,0.0
Bac Lieu,2002-03-16,2002,3,16,0.0
Bac Lieu,2002-03-17,2002,3,17,0.0
Bac Lieu,2002-03-18,2002,3,18,0.0
Bac Lieu,2002-03-19,2002,3,19,0.0
Bac Lieu,2002-03-20,2002,3,20,0.0023682932043975
Bac Lieu,2002-03-21,2002,3,21,2.238712581211666
Bac Lieu,2002-03-22,2002,3,22,0.8338970212576524
Bac Lieu,2002-03-23,2002,3,23,0.0
Bac Lieu,2002-03-24,2002,3,24,0.0
Bac Lieu,2002-03-25,2002,3,25,0.0
Bac Lieu,2002-03-26,2002,3,26,0.0
Bac Lieu,2002-03-27,2002,3,27,0.0
Bac Lieu,2002-03-28,2002,3,28,0.1632284959937041
Bac Lieu,2002-03-29,2002,3,29,0.0
Bac Lieu,2002-03-30,2002,3,30,0.0
Bac Lieu,2002-03-31,2002,3,31,0.0
Bac Lieu,2002-04-01,2002,4,1,0.0
Bac Lieu,2002-04-02,2002,4,2,0.0
Bac Lieu,2002-04-03,2002,4,3,0.0
Bac Lieu,2002-04-04,2002,4,4,0.0
Bac Lieu,2002-04-05,2002,4,5,0.0
Bac Lieu,2002-04-06,2002,4,6,0.0
Bac Lieu,2002-04-07,2002,4,7,0.0
Bac Lieu,2002-04-08,2002,4,8,0.0
Bac Lieu,2002-04-09,2002,4,9,0.0
Bac Lieu,2002-04-10,2002,4,10,0.7006392040072746
Bac Lieu,2002-04-11,2002,4,11,0.0
Bac Lieu,2002-04-12,2002,4,12,0.0
Bac Lieu,2002-04-13,2002,4,13,0.0
Bac Lieu,2002-04-14,2002,4,14,2.042048889520033
Bac Lieu,2002-04-15,2002,4,15,1.5188146744854047
Bac Lieu,2002-04-16,2002,4,16,0.0378820480625584
Bac Lieu,2002-04-17,2002,4,17,0.2063982282944445
Bac Lieu,2002-04-18,2002,4,18,0.639739162692484
Bac Lieu,2002-04-19,2002,4,19,0.0
Bac Lieu,2002-04-20,2002,4,20,0.0
Bac Lieu,2002-04-21,2002,4,21,2.943053405086949
Bac Lieu,2002-04-22,2002,4,22,7.76445076772402
Bac Lieu,2002-04-23,2002,4,23,2.63343111047205
Bac Lieu,2002-04-24,2002,4,24,0.7340821435046646
Bac Lieu,2002-04-25,2002,4,25,6.113048770337735
Bac Lieu,2002-04-26,2002,4,26,0.0
Bac Lieu,2002-04-27,2002,4,27,0.0
Bac Lieu,2002-04-28,2002,4,28,0.0204187140824659
Bac Lieu,2002-04-29,2002,4,29,0.0156410520211705
Bac Lieu,2002-04-30,2002,4,30,0.7528124259058034
Bac Lieu,2002-05-01,2002,5,1,0.0
Bac Lieu,2002-05-02,2002,5,2,0.0
Bac Lieu,2002-05-03,2002,5,3,0.0
Bac Lieu,2002-05-04,2002,5,4,0.0
Bac Lieu,2002-05-05,2002,5,5,0.3711328029182721
Bac Lieu,2002-05-06,2002,5,6,0.0
Bac Lieu,2002-05-07,2002,5,7,3.999186123047236
Bac Lieu,2002-05-08,2002,5,8,0.0
Bac Lieu,2002-05-09,2002,5,9,0.0
Bac Lieu,2002-05-10,2002,5,10,19.41094007880733
Bac Lieu,2002-05-11,2002,5,11,14.875461171132216
Bac Lieu,2002-05-12,2002,5,12,9.023984516413709
Bac Lieu,2002-05-13,2002,5,13,5.093636496975737
Bac Lieu,2002-05-14,2002,5,14,11.117812926184458
Bac Lieu,2002-05-15,2002,5,15,5.854882640838623
Bac Lieu,2002-05-16,2002,5,16,0.4917063236146604
Bac Lieu,2002-05-17,2002,5,17,1.0818018837559895
Bac Lieu,2002-05-18,2002,5,18,3.818798255956398
Bac Lieu,2002-05-19,2002,5,19,2.3100182955804853
Bac Lieu,2002-05-20,2002,5,20,1.6359559313801104
Bac Lieu,2002-05-21,2002,5,21,0.6196337572673583
Bac Lieu,2002-05-22,2002,5,22,3.9689467543296097
Bac Lieu,2002-05-23,2002,5,23,8.59676565595843
Bac Lieu,2002-05-24,2002,5,24,12.53913906707404
Bac Lieu,2002-05-25,2002,5,25,25.038950245839253
Bac Lieu,2002-05-26,2002,5,26,14.044016244816332
Bac Lieu,2002-05-27,2002,5,27,11.05770329820885
Bac Lieu,2002-05-28,2002,5,28,11.960974646280398
Bac Lieu,2002-05-29,2002,5,29,1.7409859197544602
Bac Lieu,2002-05-30,2002,5,30,3.739473736709019
Bac Lieu,2002-05-31,2002,5,31,4.868691870131583
Bac Lieu,2002-06-01,2002,6,1,5.119657185617483
Bac Lieu,2002-06-02,2002,6,2,6.621472515565045
Bac Lieu,2002-06-03,2002,6,3,11.823943814691509
Bac Lieu,2002-06-04,2002,6,4,7.523279008226577
Bac Lieu,2002-06-05,2002,6,5,6.230763522552994
Bac Lieu,2002-06-06,2002,6,6,3.133086272662541
Bac Lieu,2002-06-07,2002,6,7,6.597496959074487
Bac Lieu,2002-06-08,2002,6,8,7.834217930469873
Bac Lieu,2002-06-09,2002,6,9,2.5133494133319494
Bac Lieu,2002-06-10,2002,6,10,2.4374024569223507
Bac Lieu,2002-06-11,2002,6,11,2.3325512890995674
Bac Lieu,2002-06-12,2002,6,12,3.77217647324868
Bac Lieu,2002-06-13,2002,6,13,6.762490128526149
Bac Lieu,2002-06-14,2002,6,14,14.391273851250702
Bac Lieu,2002-06-15,2002,6,15,11.029649465003104
Bac Lieu,2002-06-16,2002,6,16,24.94531866026825
Bac Lieu,2002-06-17,2002,6,17,12.303684562953014
Bac Lieu,2002-06-18,2002,6,18,15.645844859411133
Bac Lieu,2002-06-19,2002,6,19,34.186341890515024
Bac Lieu,2002-06-20,2002,6,20,13.70878441409345
Bac Lieu,2002-06-21,2002,6,21,25.717793071171023
Bac Lieu,2002-06-22,2002,6,22,42.32776573613005
Bac Lieu,2002-06-23,2002,6,23,0.147898397535648
Bac Lieu,2002-06-24,2002,6,24,1.847463544827588
Bac Lieu,2002-06-25,2002,6,25,7.242876971586696
Bac Lieu,2002-06-26,2002,6,26,0.3520976961963582
Bac Lieu,2002-06-27,2002,6,27,0.0
Bac Lieu,2002-06-28,2002,6,28,0.0
Bac Lieu,2002-06-29,2002,6,29,7.524223300259069
Bac Lieu,2002-06-30,2002,6,30,1.279209164016652
Bac Lieu,2002-07-01,2002,7,1,0.0
Bac Lieu,2002-07-02,2002,7,2,0.3145838892055008
Bac Lieu,2002-07-03,2002,7,3,9.038312238225398
Bac Lieu,2002-07-04,2002,7,4,4.668970774218723
Bac Lieu,2002-07-05,2002,7,5,3.418248560905457
Bac Lieu,2002-07-06,2002,7,6,5.279066227427071
Bac Lieu,2002-07-07,2002,7,7,7.285315513304944
Bac Lieu,2002-07-08,2002,7,8,1.3183831936188464
Bac Lieu,2002-07-09,2002,7,9,8.70587059545517
Bac Lieu,2002-07-10,2002,7,10,4.774927744667487
Bac Lieu,2002-07-11,2002,7,11,6.047951146575641
Bac Lieu,2002-07-12,2002,7,12,0.0
Bac Lieu,2002-07-13,2002,7,13,0.0
Bac Lieu,2002-07-14,2002,7,14,1.7068475339457676
Bac Lieu,2002-07-15,2002,7,15,11.499113036821475
Bac Lieu,2002-07-16,2002,7,16,5.986977428967099
Bac Lieu,2002-07-17,2002,7,17,0.2023983239767686
Bac Lieu,2002-07-18,2002,7,18,2.0453021398850213
Bac Lieu,2002-07-19,2002,7,19,1.9236845084406295
Bac Lieu,2002-07-20,2002,7,20,0.329582096171829
Bac Lieu,2002-07-21,2002,7,21,0.0
Bac Lieu,2002-07-22,2002,7,22,0.0
Bac Lieu,2002-07-23,2002,7,23,0.0
Bac Lieu,2002-07-24,2002,7,24,0.1600998153596554
Bac Lieu,2002-07-25,2002,7,25,3.360042826661524
Bac Lieu,2002-07-26,2002,7,26,0.9119635821828304
Bac Lieu,2002-07-27,2002,7,27,5.15281708396156
Bac Lieu,2002-07-28,2002,7,28,12.05843427433158
Bac Lieu,2002-07-29,2002,7,29,9.669220974769235
Bac Lieu,2002-07-30,2002,7,30,8.78766677151986
Bac Lieu,2002-07-31,2002,7,31,0.8896328379882954
Bac Lieu,2002-08-01,2002,8,1,1.840353444801187
Bac Lieu,2002-08-02,2002,8,2,12.201890645207104
Bac Lieu,2002-08-03,2002,8,3,10.447107378167926
Bac Lieu,2002-08-04,2002,8,4,18.78412837924597
Bac Lieu,2002-08-05,2002,8,5,0.0
Bac Lieu,2002-08-06,2002,8,6,26.207128077561013
Bac Lieu,2002-08-07,2002,8,7,0.5851201790503737
Bac Lieu,2002-08-08,2002,8,8,9.042260261031815
Bac Lieu,2002-08-09,2002,8,9,0.0
Bac Lieu,2002-08-10,2002,8,10,0.0262414147718897
Bac Lieu,2002-08-11,2002,8,11,11.777849124080731
Bac Lieu,2002-08-12,2002,8,12,9.967473950835894
Bac Lieu,2002-08-13,2002,8,13,9.181433508998945
Bac Lieu,2002-08-14,2002,8,14,12.837993023386543
Bac Lieu,2002-08-15,2002,8,15,21.434348141274366
Bac Lieu,2002-08-16,2002,8,16,6.007404749618386
Bac Lieu,2002-08-17,2002,8,17,8.845248145319383
Bac Lieu,2002-08-18,2002,8,18,27.000151359558107
Bac Lieu,2002-08-19,2002,8,19,44.033057450780326
Bac Lieu,2002-08-20,2002,8,20,28.315707712497357
Bac Lieu,2002-08-21,2002,8,21,14.86135742345846
Bac Lieu,2002-08-22,2002,8,22,0.0
Bac Lieu,2002-08-23,2002,8,23,5.668024020968744
Bac Lieu,2002-08-24,2002,8,24,0.3374317314219925
Bac Lieu,2002-08-25,2002,8,25,7.426767768895852
Bac Lieu,2002-08-26,2002,8,26,13.300703498372496
Bac Lieu,2002-08-27,2002,8,27,6.929692408669671
Bac Lieu,2002-08-28,2002,8,28,7.923661849543735
Bac Lieu,2002-08-29,2002,8,29,26.75449047146204
Bac Lieu,2002-08-30,2002,8,30,0.1936868456354681
Bac Lieu,2002-08-31,2002,8,31,15.49868585764687
Bac Lieu,2002-09-01,2002,9,1,12.377501843164554
Bac Lieu,2002-09-02,2002,9,2,0.0809148966591313
Bac Lieu,2002-09-03,2002,9,3,5.399342153837095
Bac Lieu,2002-09-04,2002,9,4,1.3172353436452038
Bac Lieu,2002-09-05,2002,9,5,1.1374157766845991
Bac Lieu,2002-09-06,2002,9,6,0.0528019702659463
Bac Lieu,2002-09-07,2002,9,7,5.215859161484918
Bac Lieu,2002-09-08,2002,9,8,12.287126495775189
Bac Lieu,2002-09-09,2002,9,9,29.223856508003102
Bac Lieu,2002-09-10,2002,9,10,0.2501562464911983
Bac Lieu,2002-09-11,2002,9,11,1.527923094245623
Bac Lieu,2002-09-12,2002,9,12,11.375306498059688
Bac Lieu,2002-09-13,2002,9,13,0.0
Bac Lieu,2002-09-14,2002,9,14,4.006072753366435
Bac Lieu,2002-09-15,2002,9,15,14.373750618790682
Bac Lieu,2002-09-16,2002,9,16,8.05822579337066
Bac Lieu,2002-09-17,2002,9,17,35.839177346643424
Bac Lieu,2002-09-18,2002,9,18,14.208455646388938
Bac Lieu,2002-09-19,2002,9,19,8.825756472101752
Bac Lieu,2002-09-20,2002,9,20,2.1122314302876317
Bac Lieu,2002-09-21,2002,9,21,9.004633423049494
Bac Lieu,2002-09-22,2002,9,22,29.05751837608049
Bac Lieu,2002-09-23,2002,9,23,9.673885483939694
Bac Lieu,2002-09-24,2002,9,24,11.219478793953952
Bac Lieu,2002-09-25,2002,9,25,8.583030998571866
Bac Lieu,2002-09-26,2002,9,26,0.0
Bac Lieu,2002-09-27,2002,9,27,0.8270594072027029
Bac Lieu,2002-09-28,2002,9,28,9.805491345171658
Bac Lieu,2002-09-29,2002,9,29,3.064872386599488
Bac Lieu,2002-09-30,2002,9,30,0.2346846206233187
Bac Lieu,2002-10-01,2002,10,1,6.485388505413848
Bac Lieu,2002-10-02,2002,10,2,10.367196299301003
Bac Lieu,2002-10-03,2002,10,3,16.810140681860585
Bac Lieu,2002-10-04,2002,10,4,3.7691990205116994
Bac Lieu,2002-10-05,2002,10,5,3.0525519502747733
Bac Lieu,2002-10-06,2002,10,6,0.2989320258374484
Bac Lieu,2002-10-07,2002,10,7,3.621891011400044
Bac Lieu,2002-10-08,2002,10,8,13.306753701479932
Bac Lieu,2002-10-09,2002,10,9,12.8289640229783
Bac Lieu,2002-10-10,2002,10,10,5.401909065984331
Bac Lieu,2002-10-11,2002,10,11,20.61668196890489
Bac Lieu,2002-10-12,2002,10,12,26.334498590901216
Bac Lieu,2002-10-13,2002,10,13,4.601208349155931
Bac Lieu,2002-10-14,2002,10,14,0.0
Bac Lieu,2002-10-15,2002,10,15,0.0
Bac Lieu,2002-10-16,2002,10,16,0.8939780007488325
Bac Lieu,2002-10-17,2002,10,17,1.5806441076026774
Bac Lieu,2002-10-18,2002,10,18,7.566219037199922
Bac Lieu,2002-10-19,2002,10,19,11.680790597483798
Bac Lieu,2002-10-20,2002,10,20,6.263138090799441
Bac Lieu,2002-10-21,2002,10,21,7.087865588287138
Bac Lieu,2002-10-22,2002,10,22,13.671196186533516
Bac Lieu,2002-10-23,2002,10,23,1.229829824456629
Bac Lieu,2002-10-24,2002,10,24,14.232827878448198
Bac Lieu,2002-10-25,2002,10,25,5.3157735226289295
Bac Lieu,2002-10-26,2002,10,26,0.0
Bac Lieu,2002-10-27,2002,10,27,0.0
Bac Lieu,2002-10-28,2002,10,28,8.345012488329186
Bac Lieu,2002-10-29,2002,10,29,5.960677183978963
Bac Lieu,2002-10-30,2002,10,30,6.767039335772676
Bac Lieu,2002-10-31,2002,10,31,4.39162978152509
Bac Lieu,2002-11-01,2002,11,1,6.333109549414438
Bac Lieu,2002-11-02,2002,11,2,1.2900706971906266
Bac Lieu,2002-11-03,2002,11,3,0.9833916451796048
Bac Lieu,2002-11-04,2002,11,4,25.441910756093154
Bac Lieu,2002-11-05,2002,11,5,4.080497321020883
Bac Lieu,2002-11-06,2002,11,6,0.301190759226961
Bac Lieu,2002-11-07,2002,11,7,2.4651127175205163
Bac Lieu,2002-11-08,2002,11,8,1.697859089653447
Bac Lieu,2002-11-09,2002,11,9,20.35882628746753
Bac Lieu,2002-11-10,2002,11,10,0.0
Bac Lieu,2002-11-11,2002,11,11,13.461329622808496
Bac Lieu,2002-11-12,2002,11,12,3.358083286915186
Bac Lieu,2002-11-13,2002,11,13,0.0
Bac Lieu,2002-11-14,2002,11,14,25.098610423322
Bac Lieu,2002-11-15,2002,11,15,2.722239472119313
Bac Lieu,2002-11-16,2002,11,16,0.4054586797570283
Bac Lieu,2002-11-17,2002,11,17,0.0
Bac Lieu,2002-11-18,2002,11,18,10.646613106979515
Bac Lieu,2002-11-19,2002,11,19,18.68574932298121
Bac Lieu,2002-11-20,2002,11,20,0.0
Bac Lieu,2002-11-21,2002,11,21,6.481991525793976
Bac Lieu,2002-11-22,2002,11,22,1.2138395534731308
Bac Lieu,2002-11-23,2002,11,23,44.38576128761724
Bac Lieu,2002-11-24,2002,11,24,2.236993560647065
Bac Lieu,2002-11-25,2002,11,25,0.0
Bac Lieu,2002-11-26,2002,11,26,0.0
Bac Lieu,2002-11-27,2002,11,27,2.7807929046918765
Bac Lieu,2002-11-28,2002,11,28,5.445075422610878
Bac Lieu,2002-11-29,2002,11,29,38.738609522765536
Bac Lieu,2002-11-30,2002,11,30,0.2209446959225637
Bac Lieu,2002-12-01,2002,12,1,0.0
Bac Lieu,2002-12-02,2002,12,2,0.3670953137919588
Bac Lieu,2002-12-03,2002,12,3,0.0151600631138063
Bac Lieu,2002-12-04,2002,12,4,14.157391342055126
Bac Lieu,2002-12-05,2002,12,5,0.0
Bac Lieu,2002-12-06,2002,12,6,0.0
Bac Lieu,2002-12-07,2002,12,7,0.0
Bac Lieu,2002-12-08,2002,12,8,0.0
Bac Lieu,2002-12-09,2002,12,9,0.0
Bac Lieu,2002-12-10,2002,12,10,0.0
Bac Lieu,2002-12-11,2002,12,11,0.0
Bac Lieu,2002-12-12,2002,12,12,0.0
Bac Lieu,2002-12-13,2002,12,13,0.0
Bac Lieu,2002-12-14,2002,12,14,0.0
Bac Lieu,2002-12-15,2002,12,15,0.0
Bac Lieu,2002-12-16,2002,12,16,0.0
Bac Lieu,2002-12-17,2002,12,17,0.0
Bac Lieu,2002-12-18,2002,12,18,0.0
Bac Lieu,2002-12-19,2002,12,19,0.0
Bac Lieu,2002-12-20,2002,12,20,0.0
Bac Lieu,2002-12-21,2002,12,21,0.0
Bac Lieu,2002-12-22,2002,12,22,0.0
Bac Lieu,2002-12-23,2002,12,23,0.0
Bac Lieu,2002-12-24,2002,12,24,0.0526389025022398
Bac Lieu,2002-12-25,2002,12,25,12.548139662724624
Bac Lieu,2002-12-26,2002,12,26,5.402560211991365
Bac Lieu,2002-12-27,2002,12,27,1.6944275391956547
Bac Lieu,2002-12-28,2002,12,28,5.810113797340754
Bac Lieu,2002-12-29,2002,12,29,0.9836752772421208
Bac Lieu,2002-12-30,2002,12,30,0.4302756857512133
Bac Lieu,2002-12-31,2002,12,31,0.0
Bac Lieu,2003-01-01,2003,1,1,1.7413441425899292
Bac Lieu,2003-01-02,2003,1,2,0.0
Bac Lieu,2003-01-03,2003,1,3,0.6612907476785049
Bac Lieu,2003-01-04,2003,1,4,0.0271819504521927
Bac Lieu,2003-01-05,2003,1,5,0.0390945538529809
Bac Lieu,2003-01-06,2003,1,6,0.0
Bac Lieu,2003-01-07,2003,1,7,0.0243350852120597
Bac Lieu,2003-01-08,2003,1,8,0.0
Bac Lieu,2003-01-09,2003,1,9,0.0
Bac Lieu,2003-01-10,2003,1,10,0.0
Bac Lieu,2003-01-11,2003,1,11,1.3731903736996205
Bac Lieu,2003-01-12,2003,1,12,0.0
Bac Lieu,2003-01-13,2003,1,13,0.0200456158620006
Bac Lieu,2003-01-14,2003,1,14,0.6305296431802355
Bac Lieu,2003-01-15,2003,1,15,0.0
Bac Lieu,2003-01-16,2003,1,16,0.0
Bac Lieu,2003-01-17,2003,1,17,0.0
Bac Lieu,2003-01-18,2003,1,18,0.0
Bac Lieu,2003-01-19,2003,1,19,0.0
Bac Lieu,2003-01-20,2003,1,20,0.0
Bac Lieu,2003-01-21,2003,1,21,0.0
Bac Lieu,2003-01-22,2003,1,22,0.0
Bac Lieu,2003-01-23,2003,1,23,0.0
Bac Lieu,2003-01-24,2003,1,24,0.0
Bac Lieu,2003-01-25,2003,1,25,0.0
Bac Lieu,2003-01-26,2003,1,26,0.0
Bac Lieu,2003-01-27,2003,1,27,0.0
Bac Lieu,2003-01-28,2003,1,28,0.0
Bac Lieu,2003-01-29,2003,1,29,0.0
Bac Lieu,2003-01-30,2003,1,30,0.0013228361021797
Bac Lieu,2003-01-31,2003,1,31,0.7020950439336165
Bac Lieu,2003-02-01,2003,2,1,0.0
Bac Lieu,2003-02-02,2003,2,2,0.0895747139948719
Bac Lieu,2003-02-03,2003,2,3,0.0
Bac Lieu,2003-02-04,2003,2,4,0.389155967388513
Bac Lieu,2003-02-05,2003,2,5,0.0016334205123613
Bac Lieu,2003-02-06,2003,2,6,0.0
Bac Lieu,2003-02-07,2003,2,7,0.0
Bac Lieu,2003-02-08,2003,2,8,0.0
Bac Lieu,2003-02-09,2003,2,9,0.0
Bac Lieu,2003-02-10,2003,2,10,0.0603076266185292
Bac Lieu,2003-02-11,2003,2,11,0.0
Bac Lieu,2003-02-12,2003,2,12,0.0
Bac Lieu,2003-02-13,2003,2,13,0.0
Bac Lieu,2003-02-14,2003,2,14,0.0
Bac Lieu,2003-02-15,2003,2,15,0.0
Bac Lieu,2003-02-16,2003,2,16,0.0
Bac Lieu,2003-02-17,2003,2,17,0.0
Bac Lieu,2003-02-18,2003,2,18,0.0
Bac Lieu,2003-02-19,2003,2,19,0.0
Bac Lieu,2003-02-20,2003,2,20,0.0875089057436529
Bac Lieu,2003-02-21,2003,2,21,0.0
Bac Lieu,2003-02-22,2003,2,22,0.0
Bac Lieu,2003-02-23,2003,2,23,0.0
Bac Lieu,2003-02-24,2003,2,24,0.0
Bac Lieu,2003-02-25,2003,2,25,0.0
Bac Lieu,2003-02-26,2003,2,26,0.0
Bac Lieu,2003-02-27,2003,2,27,0.0
Bac Lieu,2003-02-28,2003,2,28,0.0
Bac Lieu,2003-03-01,2003,3,1,0.0
Bac Lieu,2003-03-02,2003,3,2,0.0
Bac Lieu,2003-03-03,2003,3,3,0.0
Bac Lieu,2003-03-04,2003,3,4,0.0
Bac Lieu,2003-03-05,2003,3,5,0.0
Bac Lieu,2003-03-06,2003,3,6,0.0
Bac Lieu,2003-03-07,2003,3,7,0.0
Bac Lieu,2003-03-08,2003,3,8,0.0
Bac Lieu,2003-03-09,2003,3,9,0.0
Bac Lieu,2003-03-10,2003,3,10,0.0
Bac Lieu,2003-03-11,2003,3,11,0.0
Bac Lieu,2003-03-12,2003,3,12,0.2346843339092327
Bac Lieu,2003-03-13,2003,3,13,0.0
Bac Lieu,2003-03-14,2003,3,14,0.0
Bac Lieu,2003-03-15,2003,3,15,1.4429466945585214
Bac Lieu,2003-03-16,2003,3,16,0.0
Bac Lieu,2003-03-17,2003,3,17,0.0
Bac Lieu,2003-03-18,2003,3,18,0.0
Bac Lieu,2003-03-19,2003,3,19,0.0
Bac Lieu,2003-03-20,2003,3,20,0.0
Bac Lieu,2003-03-21,2003,3,21,0.477424483101323
Bac Lieu,2003-03-22,2003,3,22,0.0
Bac Lieu,2003-03-23,2003,3,23,0.8102097663249611
Bac Lieu,2003-03-24,2003,3,24,1.195650175184574
Bac Lieu,2003-03-25,2003,3,25,0.2866134719488756
Bac Lieu,2003-03-26,2003,3,26,0.0
Bac Lieu,2003-03-27,2003,3,27,0.0
Bac Lieu,2003-03-28,2003,3,28,0.4752734542072944
Bac Lieu,2003-03-29,2003,3,29,0.0965620221821767
Bac Lieu,2003-03-30,2003,3,30,1.09011411087468
Bac Lieu,2003-03-31,2003,3,31,0.4626365025718257
Bac Lieu,2003-04-01,2003,4,1,6.967926678153703
Bac Lieu,2003-04-02,2003,4,2,3.0362968788866733
Bac Lieu,2003-04-03,2003,4,3,0.4678622078445723
Bac Lieu,2003-04-04,2003,4,4,1.7865579733938544
Bac Lieu,2003-04-05,2003,4,5,0.0
Bac Lieu,2003-04-06,2003,4,6,0.0
Bac Lieu,2003-04-07,2003,4,7,0.0
Bac Lieu,2003-04-08,2003,4,8,0.0
Bac Lieu,2003-04-09,2003,4,9,0.0
Bac Lieu,2003-04-10,2003,4,10,0.0
Bac Lieu,2003-04-11,2003,4,11,0.0
Bac Lieu,2003-04-12,2003,4,12,0.0
Bac Lieu,2003-04-13,2003,4,13,0.0
Bac Lieu,2003-04-14,2003,4,14,1.7308817885281909
Bac Lieu,2003-04-15,2003,4,15,0.0
Bac Lieu,2003-04-16,2003,4,16,0.0
Bac Lieu,2003-04-17,2003,4,17,0.0
Bac Lieu,2003-04-18,2003,4,18,0.0
Bac Lieu,2003-04-19,2003,4,19,1.6880375213802987
Bac Lieu,2003-04-20,2003,4,20,0.1399316941747125
Bac Lieu,2003-04-21,2003,4,21,0.0
Bac Lieu,2003-04-22,2003,4,22,0.2537941653413593
Bac Lieu,2003-04-23,2003,4,23,0.0
Bac Lieu,2003-04-24,2003,4,24,0.1759542063317209
Bac Lieu,2003-04-25,2003,4,25,0.0
Bac Lieu,2003-04-26,2003,4,26,2.65694576561226
Bac Lieu,2003-04-27,2003,4,27,8.985152002532526
Bac Lieu,2003-04-28,2003,4,28,10.61864292406586
Bac Lieu,2003-04-29,2003,4,29,2.902179658089045
Bac Lieu,2003-04-30,2003,4,30,0.0081287117184333
Bac Lieu,2003-05-01,2003,5,1,7.164853244889459
Bac Lieu,2003-05-02,2003,5,2,15.33572208384748
Bac Lieu,2003-05-03,2003,5,3,14.7991634882801
Bac Lieu,2003-05-04,2003,5,4,16.606042845384135
Bac Lieu,2003-05-05,2003,5,5,11.950525497724424
Bac Lieu,2003-05-06,2003,5,6,9.176799645765772
Bac Lieu,2003-05-07,2003,5,7,5.964407419456627
Bac Lieu,2003-05-08,2003,5,8,0.176917163219092
Bac Lieu,2003-05-09,2003,5,9,22.632483475451203
Bac Lieu,2003-05-10,2003,5,10,16.072425273733323
Bac Lieu,2003-05-11,2003,5,11,17.45161807578465
Bac Lieu,2003-05-12,2003,5,12,19.872273623070637
Bac Lieu,2003-05-13,2003,5,13,26.211275456482515
Bac Lieu,2003-05-14,2003,5,14,8.158965959890832
Bac Lieu,2003-05-15,2003,5,15,21.810110938090205
Bac Lieu,2003-05-16,2003,5,16,3.590199987411499
Bac Lieu,2003-05-17,2003,5,17,0.8845590103437316
Bac Lieu,2003-05-18,2003,5,18,3.931255398381432
Bac Lieu,2003-05-19,2003,5,19,10.717749098687804
Bac Lieu,2003-05-20,2003,5,20,6.493091386696078
Bac Lieu,2003-05-21,2003,5,21,2.4020256945502085
Bac Lieu,2003-05-22,2003,5,22,6.997770478149632
Bac Lieu,2003-05-23,2003,5,23,12.69830257901606
Bac Lieu,2003-05-24,2003,5,24,10.99803989921426
Bac Lieu,2003-05-25,2003,5,25,19.38040898269078
Bac Lieu,2003-05-26,2003,5,26,9.059506580028897
Bac Lieu,2003-05-27,2003,5,27,6.439949786851993
Bac Lieu,2003-05-28,2003,5,28,7.642621891966407
Bac Lieu,2003-05-29,2003,5,29,5.6391851146356125
Bac Lieu,2003-05-30,2003,5,30,11.52375775173475
Bac Lieu,2003-05-31,2003,5,31,17.68307530910564
Bac Lieu,2003-06-01,2003,6,1,19.087949757054165
Bac Lieu,2003-06-02,2003,6,2,26.817306907581838
Bac Lieu,2003-06-03,2003,6,3,10.71904704297264
Bac Lieu,2003-06-04,2003,6,4,1.8184866028191915
Bac Lieu,2003-06-05,2003,6,5,0.0
Bac Lieu,2003-06-06,2003,6,6,0.0
Bac Lieu,2003-06-07,2003,6,7,0.0
Bac Lieu,2003-06-08,2003,6,8,0.0
Bac Lieu,2003-06-09,2003,6,9,0.0
Bac Lieu,2003-06-10,2003,6,10,0.0
Bac Lieu,2003-06-11,2003,6,11,0.0
Bac Lieu,2003-06-12,2003,6,12,5.208976684120467
Bac Lieu,2003-06-13,2003,6,13,0.9492590228386646
Bac Lieu,2003-06-14,2003,6,14,2.962590096536673
Bac Lieu,2003-06-15,2003,6,15,5.6849263317090175
Bac Lieu,2003-06-16,2003,6,16,8.23203787467165
Bac Lieu,2003-06-17,2003,6,17,0.0
Bac Lieu,2003-06-18,2003,6,18,5.190696934664025
Bac Lieu,2003-06-19,2003,6,19,2.0533540737763896
Bac Lieu,2003-06-20,2003,6,20,12.011075955372938
Bac Lieu,2003-06-21,2003,6,21,21.806499773961196
Bac Lieu,2003-06-22,2003,6,22,8.28970586154146
Bac Lieu,2003-06-23,2003,6,23,0.9979083871661496
Bac Lieu,2003-06-24,2003,6,24,6.257024422879488
Bac Lieu,2003-06-25,2003,6,25,7.363725208102535
Bac Lieu,2003-06-26,2003,6,26,12.762076330346884
Bac Lieu,2003-06-27,2003,6,27,3.779560198280047
Bac Lieu,2003-06-28,2003,6,28,13.896915010632211
Bac Lieu,2003-06-29,2003,6,29,21.90971474791473
Bac Lieu,2003-06-30,2003,6,30,20.607684854903308
Bac Lieu,2003-07-01,2003,7,1,24.713237128275747
Bac Lieu,2003-07-02,2003,7,2,1.1270144042249
Bac Lieu,2003-07-03,2003,7,3,8.568173823590547
Bac Lieu,2003-07-04,2003,7,4,12.815762445485818
Bac Lieu,2003-07-05,2003,7,5,17.077037088142255
Bac Lieu,2003-07-06,2003,7,6,0.0
Bac Lieu,2003-07-07,2003,7,7,0.2689809033285897
Bac Lieu,2003-07-08,2003,7,8,0.0850544745607196
Bac Lieu,2003-07-09,2003,7,9,6.726476864670809
Bac Lieu,2003-07-10,2003,7,10,13.057292502277305
Bac Lieu,2003-07-11,2003,7,11,30.44476571439348
Bac Lieu,2003-07-12,2003,7,12,16.206860551636186
Bac Lieu,2003-07-13,2003,7,13,15.882214461560524
Bac Lieu,2003-07-14,2003,7,14,1.9279932778016573
Bac Lieu,2003-07-15,2003,7,15,0.0247079953247646
Bac Lieu,2003-07-16,2003,7,16,7.286285996203154
Bac Lieu,2003-07-17,2003,7,17,2.5158498591297085
Bac Lieu,2003-07-18,2003,7,18,19.204408923275075
Bac Lieu,2003-07-19,2003,7,19,23.53108899710314
Bac Lieu,2003-07-20,2003,7,20,4.681009251864452
Bac Lieu,2003-07-21,2003,7,21,13.09206857794636
Bac Lieu,2003-07-22,2003,7,22,16.43960402578678
Bac Lieu,2003-07-23,2003,7,23,36.42628733998425
Bac Lieu,2003-07-24,2003,7,24,16.514171419575533
Bac Lieu,2003-07-25,2003,7,25,15.65286074870488
Bac Lieu,2003-07-26,2003,7,26,2.626850400555808
Bac Lieu,2003-07-27,2003,7,27,2.246882486343384
Bac Lieu,2003-07-28,2003,7,28,12.055416888326969
Bac Lieu,2003-07-29,2003,7,29,13.259684076111276
Bac Lieu,2003-07-30,2003,7,30,0.0
Bac Lieu,2003-07-31,2003,7,31,0.0
Bac Lieu,2003-08-01,2003,8,1,0.8693165177039381
Bac Lieu,2003-08-02,2003,8,2,25.97070232452537
Bac Lieu,2003-08-03,2003,8,3,19.205184147924747
Bac Lieu,2003-08-04,2003,8,4,3.2287630607856896
Bac Lieu,2003-08-05,2003,8,5,26.28281333088425
Bac Lieu,2003-08-06,2003,8,6,21.309195010491138
Bac Lieu,2003-08-07,2003,8,7,14.498765861331291
Bac Lieu,2003-08-08,2003,8,8,7.688775482069772
Bac Lieu,2003-08-09,2003,8,9,0.0
Bac Lieu,2003-08-10,2003,8,10,0.0
Bac Lieu,2003-08-11,2003,8,11,8.09439202961832
Bac Lieu,2003-08-12,2003,8,12,0.0482908977292618
Bac Lieu,2003-08-13,2003,8,13,0.0
Bac Lieu,2003-08-14,2003,8,14,2.409480726188084
Bac Lieu,2003-08-15,2003,8,15,9.829546243343716
Bac Lieu,2003-08-16,2003,8,16,10.270300985570223
Bac Lieu,2003-08-17,2003,8,17,20.121179785206635
Bac Lieu,2003-08-18,2003,8,18,18.669392900988747
Bac Lieu,2003-08-19,2003,8,19,31.01302469246344
Bac Lieu,2003-08-20,2003,8,20,7.521108683730072
Bac Lieu,2003-08-21,2003,8,21,11.93578852388994
Bac Lieu,2003-08-22,2003,8,22,0.2487419070657694
Bac Lieu,2003-08-23,2003,8,23,7.12342028403732
Bac Lieu,2003-08-24,2003,8,24,1.016606787276718
Bac Lieu,2003-08-25,2003,8,25,1.056231806476161
Bac Lieu,2003-08-26,2003,8,26,4.176012882736495
Bac Lieu,2003-08-27,2003,8,27,0.0
Bac Lieu,2003-08-28,2003,8,28,34.19381071572934
Bac Lieu,2003-08-29,2003,8,29,35.93736133373909
Bac Lieu,2003-08-30,2003,8,30,1.4103513702716466
Bac Lieu,2003-08-31,2003,8,31,3.8191353234525
Bac Lieu,2003-09-01,2003,9,1,11.008888826802094
Bac Lieu,2003-09-02,2003,9,2,6.03719576157264
Bac Lieu,2003-09-03,2003,9,3,28.57834993250865
Bac Lieu,2003-09-04,2003,9,4,0.0
Bac Lieu,2003-09-05,2003,9,5,2.8362181756181544
Bac Lieu,2003-09-06,2003,9,6,11.76223510319332
Bac Lieu,2003-09-07,2003,9,7,6.50253529548645
Bac Lieu,2003-09-08,2003,9,8,40.89192037798325
Bac Lieu,2003-09-09,2003,9,9,16.103109678430382
Bac Lieu,2003-09-10,2003,9,10,6.931935027176479
Bac Lieu,2003-09-11,2003,9,11,11.019955540189205
Bac Lieu,2003-09-12,2003,9,12,14.482654688097398
Bac Lieu,2003-09-13,2003,9,13,17.77321637867982
Bac Lieu,2003-09-14,2003,9,14,17.884694939181497
Bac Lieu,2003-09-15,2003,9,15,0.6863375235323635
Bac Lieu,2003-09-16,2003,9,16,0.5588714867178001
Bac Lieu,2003-09-17,2003,9,17,6.344357860736128
Bac Lieu,2003-09-18,2003,9,18,5.347979477594485
Bac Lieu,2003-09-19,2003,9,19,9.059522528630383
Bac Lieu,2003-09-20,2003,9,20,5.841334884355653
Bac Lieu,2003-09-21,2003,9,21,17.828252286371196
Bac Lieu,2003-09-22,2003,9,22,9.514365171252557
Bac Lieu,2003-09-23,2003,9,23,6.1522355941196665
Bac Lieu,2003-09-24,2003,9,24,14.268362857044869
Bac Lieu,2003-09-25,2003,9,25,24.50646239795325
Bac Lieu,2003-09-26,2003,9,26,21.919134761738327
Bac Lieu,2003-09-27,2003,9,27,9.648765656993076
Bac Lieu,2003-09-28,2003,9,28,2.374474471002255
Bac Lieu,2003-09-29,2003,9,29,12.555681137138944
Bac Lieu,2003-09-30,2003,9,30,27.76362224452901
Bac Lieu,2003-10-01,2003,10,1,12.202762686027674
Bac Lieu,2003-10-02,2003,10,2,5.080113338326509
Bac Lieu,2003-10-03,2003,10,3,16.524963524782436
Bac Lieu,2003-10-04,2003,10,4,25.359697434371377
Bac Lieu,2003-10-05,2003,10,5,8.586621654312566
Bac Lieu,2003-10-06,2003,10,6,4.744973421528655
Bac Lieu,2003-10-07,2003,10,7,4.161249673267581
Bac Lieu,2003-10-08,2003,10,8,21.812835181830064
Bac Lieu,2003-10-09,2003,10,9,9.48076083512576
Bac Lieu,2003-10-10,2003,10,10,4.071347311037892
Bac Lieu,2003-10-11,2003,10,11,5.638298113840932
Bac Lieu,2003-10-12,2003,10,12,23.747742515312048
Bac Lieu,2003-10-13,2003,10,13,24.90656723292369
Bac Lieu,2003-10-14,2003,10,14,37.06740917112244
Bac Lieu,2003-10-15,2003,10,15,10.012650650168366
Bac Lieu,2003-10-16,2003,10,16,3.8775034283871936
Bac Lieu,2003-10-17,2003,10,17,27.58846171209948
Bac Lieu,2003-10-18,2003,10,18,18.228193754358117
Bac Lieu,2003-10-19,2003,10,19,19.98626521438024
Bac Lieu,2003-10-20,2003,10,20,13.016236444509255
Bac Lieu,2003-10-21,2003,10,21,53.649854749787536
Bac Lieu,2003-10-22,2003,10,22,27.34411686537401
Bac Lieu,2003-10-23,2003,10,23,42.54930596880644
Bac Lieu,2003-10-24,2003,10,24,0.0692033493473844
Bac Lieu,2003-10-25,2003,10,25,0.0
Bac Lieu,2003-10-26,2003,10,26,0.0
Bac Lieu,2003-10-27,2003,10,27,0.0
Bac Lieu,2003-10-28,2003,10,28,2.039156611640499
Bac Lieu,2003-10-29,2003,10,29,2.2371578749170853
Bac Lieu,2003-10-30,2003,10,30,0.0
Bac Lieu,2003-10-31,2003,10,31,2.819974835881648
Bac Lieu,2003-11-01,2003,11,1,0.0
Bac Lieu,2003-11-02,2003,11,2,0.0
Bac Lieu,2003-11-03,2003,11,3,0.0
Bac Lieu,2003-11-04,2003,11,4,0.0
Bac Lieu,2003-11-05,2003,11,5,0.0
Bac Lieu,2003-11-06,2003,11,6,0.1953190243019248
Bac Lieu,2003-11-07,2003,11,7,0.0
Bac Lieu,2003-11-08,2003,11,8,0.3169780265700143
Bac Lieu,2003-11-09,2003,11,9,0.1230582053166515
Bac Lieu,2003-11-10,2003,11,10,0.012981728175901
Bac Lieu,2003-11-11,2003,11,11,17.18699586547996
Bac Lieu,2003-11-12,2003,11,12,40.39079692574268
Bac Lieu,2003-11-13,2003,11,13,37.76971225486612
Bac Lieu,2003-11-14,2003,11,14,0.0
Bac Lieu,2003-11-15,2003,11,15,6.353835421868092
Bac Lieu,2003-11-16,2003,11,16,1.7766486505652377
Bac Lieu,2003-11-17,2003,11,17,1.296397632751825
Bac Lieu,2003-11-18,2003,11,18,0.0
Bac Lieu,2003-11-19,2003,11,19,0.0
Bac Lieu,2003-11-20,2003,11,20,0.0
Bac Lieu,2003-11-21,2003,11,21,8.096405451288764
Bac Lieu,2003-11-22,2003,11,22,3.8320577779446015
Bac Lieu,2003-11-23,2003,11,23,0.0
Bac Lieu,2003-11-24,2003,11,24,0.02905470164317
Bac Lieu,2003-11-25,2003,11,25,0.0
Bac Lieu,2003-11-26,2003,11,26,10.758372296801156
Bac Lieu,2003-11-27,2003,11,27,0.0
Bac Lieu,2003-11-28,2003,11,28,0.0
Bac Lieu,2003-11-29,2003,11,29,1.1458544831096005
Bac Lieu,2003-11-30,2003,11,30,0.0
Bac Lieu,2003-12-01,2003,12,1,0.0
Bac Lieu,2003-12-02,2003,12,2,0.0
Bac Lieu,2003-12-03,2003,12,3,0.0
Bac Lieu,2003-12-04,2003,12,4,0.0
Bac Lieu,2003-12-05,2003,12,5,0.0
Bac Lieu,2003-12-06,2003,12,6,5.563237024793085
Bac Lieu,2003-12-07,2003,12,7,0.0
Bac Lieu,2003-12-08,2003,12,8,0.0
Bac Lieu,2003-12-09,2003,12,9,0.0
Bac Lieu,2003-12-10,2003,12,10,0.0
Bac Lieu,2003-12-11,2003,12,11,6.052501067881316
Bac Lieu,2003-12-12,2003,12,12,0.0
Bac Lieu,2003-12-13,2003,12,13,0.1548356232103312
Bac Lieu,2003-12-14,2003,12,14,8.011398203004084
Bac Lieu,2003-12-15,2003,12,15,0.4670560846643629
Bac Lieu,2003-12-16,2003,12,16,1.1320272207844932
Bac Lieu,2003-12-17,2003,12,17,3.833362583092924
Bac Lieu,2003-12-18,2003,12,18,2.893495805038597
Bac Lieu,2003-12-19,2003,12,19,4.210059683610809
Bac Lieu,2003-12-20,2003,12,20,0.0
Bac Lieu,2003-12-21,2003,12,21,0.0
Bac Lieu,2003-12-22,2003,12,22,2.2087596328483445
Bac Lieu,2003-12-23,2003,12,23,0.0
Bac Lieu,2003-12-24,2003,12,24,0.0
Bac Lieu,2003-12-25,2003,12,25,0.0
Bac Lieu,2003-12-26,2003,12,26,0.0
Bac Lieu,2003-12-27,2003,12,27,0.0
Bac Lieu,2003-12-28,2003,12,28,0.0
Bac Lieu,2003-12-29,2003,12,29,0.0
Bac Lieu,2003-12-30,2003,12,30,0.0
Bac Lieu,2003-12-31,2003,12,31,0.0
Bac Lieu,2004-01-01,2004,1,1,0.0
Bac Lieu,2004-01-02,2004,1,2,0.0
Bac Lieu,2004-01-03,2004,1,3,0.0
Bac Lieu,2004-01-04,2004,1,4,0.0
Bac Lieu,2004-01-05,2004,1,5,0.0
Bac Lieu,2004-01-06,2004,1,6,0.0
Bac Lieu,2004-01-07,2004,1,7,0.0
Bac Lieu,2004-01-08,2004,1,8,3.260981561804718
Bac Lieu,2004-01-09,2004,1,9,1.809676994643122
Bac Lieu,2004-01-10,2004,1,10,0.0
Bac Lieu,2004-01-11,2004,1,11,0.0
Bac Lieu,2004-01-12,2004,1,12,0.0
Bac Lieu,2004-01-13,2004,1,13,0.0
Bac Lieu,2004-01-14,2004,1,14,0.0
Bac Lieu,2004-01-15,2004,1,15,0.0
Bac Lieu,2004-01-16,2004,1,16,0.0
Bac Lieu,2004-01-17,2004,1,17,0.0
Bac Lieu,2004-01-18,2004,1,18,0.0
Bac Lieu,2004-01-19,2004,1,19,0.0
Bac Lieu,2004-01-20,2004,1,20,0.0
Bac Lieu,2004-01-21,2004,1,21,0.0
Bac Lieu,2004-01-22,2004,1,22,0.0
Bac Lieu,2004-01-23,2004,1,23,0.0
Bac Lieu,2004-01-24,2004,1,24,0.0
Bac Lieu,2004-01-25,2004,1,25,0.0
Bac Lieu,2004-01-26,2004,1,26,0.0
Bac Lieu,2004-01-27,2004,1,27,0.0
Bac Lieu,2004-01-28,2004,1,28,0.0
Bac Lieu,2004-01-29,2004,1,29,0.0
Bac Lieu,2004-01-30,2004,1,30,0.1293139399177623
Bac Lieu,2004-01-31,2004,1,31,0.0091079320727654
Bac Lieu,2004-02-01,2004,2,1,0.0
Bac Lieu,2004-02-02,2004,2,2,0.0
Bac Lieu,2004-02-03,2004,2,3,0.0
Bac Lieu,2004-02-04,2004,2,4,2.535084406681781
Bac Lieu,2004-02-05,2004,2,5,0.5539517788527147
Bac Lieu,2004-02-06,2004,2,6,0.0
Bac Lieu,2004-02-07,2004,2,7,0.0
Bac Lieu,2004-02-08,2004,2,8,0.0364545294923602
Bac Lieu,2004-02-09,2004,2,9,0.0
Bac Lieu,2004-02-10,2004,2,10,0.0
Bac Lieu,2004-02-11,2004,2,11,0.0
Bac Lieu,2004-02-12,2004,2,12,0.0
Bac Lieu,2004-02-13,2004,2,13,0.0
Bac Lieu,2004-02-14,2004,2,14,0.0
Bac Lieu,2004-02-15,2004,2,15,0.0
Bac Lieu,2004-02-16,2004,2,16,0.0
Bac Lieu,2004-02-17,2004,2,17,0.0
Bac Lieu,2004-02-18,2004,2,18,0.0
Bac Lieu,2004-02-19,2004,2,19,0.0
Bac Lieu,2004-02-20,2004,2,20,0.0
Bac Lieu,2004-02-21,2004,2,21,0.0
Bac Lieu,2004-02-22,2004,2,22,0.0
Bac Lieu,2004-02-23,2004,2,23,0.0
Bac Lieu,2004-02-24,2004,2,24,0.0
Bac Lieu,2004-02-25,2004,2,25,0.0
Bac Lieu,2004-02-26,2004,2,26,0.0
Bac Lieu,2004-02-27,2004,2,27,0.0
Bac Lieu,2004-02-28,2004,2,28,0.0
Bac Lieu,2004-02-29,2004,2,29,0.0
Bac Lieu,2004-03-01,2004,3,1,0.0
Bac Lieu,2004-03-02,2004,3,2,0.0
Bac Lieu,2004-03-03,2004,3,3,0.0
Bac Lieu,2004-03-04,2004,3,4,0.0
Bac Lieu,2004-03-05,2004,3,5,0.0
Bac Lieu,2004-03-06,2004,3,6,2.5175910594148454
Bac Lieu,2004-03-07,2004,3,7,0.0664666822631404
Bac Lieu,2004-03-08,2004,3,8,2.4157987280971605
Bac Lieu,2004-03-09,2004,3,9,3.097674061001472
Bac Lieu,2004-03-10,2004,3,10,0.0
Bac Lieu,2004-03-11,2004,3,11,0.0
Bac Lieu,2004-03-12,2004,3,12,0.8457728960828964
Bac Lieu,2004-03-13,2004,3,13,0.0
Bac Lieu,2004-03-14,2004,3,14,0.0
Bac Lieu,2004-03-15,2004,3,15,0.0685798029629689
Bac Lieu,2004-03-16,2004,3,16,0.0
Bac Lieu,2004-03-17,2004,3,17,0.0
Bac Lieu,2004-03-18,2004,3,18,0.0
Bac Lieu,2004-03-19,2004,3,19,0.0
Bac Lieu,2004-03-20,2004,3,20,0.0
Bac Lieu,2004-03-21,2004,3,21,0.0
Bac Lieu,2004-03-22,2004,3,22,0.0
Bac Lieu,2004-03-23,2004,3,23,0.0
Bac Lieu,2004-03-24,2004,3,24,0.0
Bac Lieu,2004-03-25,2004,3,25,0.0
Bac Lieu,2004-03-26,2004,3,26,0.0
Bac Lieu,2004-03-27,2004,3,27,0.0
Bac Lieu,2004-03-28,2004,3,28,0.0
Bac Lieu,2004-03-29,2004,3,29,0.0
Bac Lieu,2004-03-30,2004,3,30,0.0
Bac Lieu,2004-03-31,2004,3,31,0.0
Bac Lieu,2004-04-01,2004,4,1,0.0
Bac Lieu,2004-04-02,2004,4,2,0.0
Bac Lieu,2004-04-03,2004,4,3,0.0
Bac Lieu,2004-04-04,2004,4,4,0.0
Bac Lieu,2004-04-05,2004,4,5,0.0
Bac Lieu,2004-04-06,2004,4,6,0.0
Bac Lieu,2004-04-07,2004,4,7,0.0
Bac Lieu,2004-04-08,2004,4,8,0.0
Bac Lieu,2004-04-09,2004,4,9,0.0
Bac Lieu,2004-04-10,2004,4,10,0.0
Bac Lieu,2004-04-11,2004,4,11,0.5984614882649117
Bac Lieu,2004-04-12,2004,4,12,0.0
Bac Lieu,2004-04-13,2004,4,13,0.0
Bac Lieu,2004-04-14,2004,4,14,0.0
Bac Lieu,2004-04-15,2004,4,15,0.0104267405383991
Bac Lieu,2004-04-16,2004,4,16,0.0
Bac Lieu,2004-04-17,2004,4,17,0.61334440188138
Bac Lieu,2004-04-18,2004,4,18,1.2451674462984197
Bac Lieu,2004-04-19,2004,4,19,3.989377783172536
Bac Lieu,2004-04-20,2004,4,20,0.0
Bac Lieu,2004-04-21,2004,4,21,0.0
Bac Lieu,2004-04-22,2004,4,22,1.6283026866462995
Bac Lieu,2004-04-23,2004,4,23,6.103194594833088
Bac Lieu,2004-04-24,2004,4,24,7.094020187566866
Bac Lieu,2004-04-25,2004,4,25,7.0585069740403386
Bac Lieu,2004-04-26,2004,4,26,9.729627162303569
Bac Lieu,2004-04-27,2004,4,27,1.5957781514581646
Bac Lieu,2004-04-28,2004,4,28,2.686970936397337
Bac Lieu,2004-04-29,2004,4,29,1.802292618319674
Bac Lieu,2004-04-30,2004,4,30,0.0410318862807076
Bac Lieu,2004-05-01,2004,5,1,6.314918412568435
Bac Lieu,2004-05-02,2004,5,2,7.533276057297332
Bac Lieu,2004-05-03,2004,5,3,23.59801083978617
Bac Lieu,2004-05-04,2004,5,4,0.0
Bac Lieu,2004-05-05,2004,5,5,0.0
Bac Lieu,2004-05-06,2004,5,6,0.0
Bac Lieu,2004-05-07,2004,5,7,8.921249538007773
Bac Lieu,2004-05-08,2004,5,8,5.631024452992206
Bac Lieu,2004-05-09,2004,5,9,0.0
Bac Lieu,2004-05-10,2004,5,10,7.02866283663264
Bac Lieu,2004-05-11,2004,5,11,11.52597995594313
Bac Lieu,2004-05-12,2004,5,12,0.3826830370381194
Bac Lieu,2004-05-13,2004,5,13,5.329343052396235
Bac Lieu,2004-05-14,2004,5,14,7.781378317814953
Bac Lieu,2004-05-15,2004,5,15,25.081302455686178
Bac Lieu,2004-05-16,2004,5,16,48.8199027698445
Bac Lieu,2004-05-17,2004,5,17,15.29784415158686
Bac Lieu,2004-05-18,2004,5,18,3.425350984231481
Bac Lieu,2004-05-19,2004,5,19,0.0
Bac Lieu,2004-05-20,2004,5,20,0.0
Bac Lieu,2004-05-21,2004,5,21,3.913782520780024
Bac Lieu,2004-05-22,2004,5,22,5.987106869895504
Bac Lieu,2004-05-23,2004,5,23,22.637863655414225
Bac Lieu,2004-05-24,2004,5,24,3.573482670442113
Bac Lieu,2004-05-25,2004,5,25,3.016220532246356
Bac Lieu,2004-05-26,2004,5,26,0.0
Bac Lieu,2004-05-27,2004,5,27,3.965532268884048
Bac Lieu,2004-05-28,2004,5,28,4.615794341411232
Bac Lieu,2004-05-29,2004,5,29,5.500659114495765
Bac Lieu,2004-05-30,2004,5,30,5.530935074338374
Bac Lieu,2004-05-31,2004,5,31,11.883678661886252
Bac Lieu,2004-06-01,2004,6,1,10.08352147366866
Bac Lieu,2004-06-02,2004,6,2,16.73537419380332
Bac Lieu,2004-06-03,2004,6,3,16.302167490077473
Bac Lieu,2004-06-04,2004,6,4,5.374188678687474
Bac Lieu,2004-06-05,2004,6,5,16.945178480472208
Bac Lieu,2004-06-06,2004,6,6,6.32467374827727
Bac Lieu,2004-06-07,2004,6,7,10.014124880142932
Bac Lieu,2004-06-08,2004,6,8,11.995582722582911
Bac Lieu,2004-06-09,2004,6,9,0.0
Bac Lieu,2004-06-10,2004,6,10,3.1201294177703143
Bac Lieu,2004-06-11,2004,6,11,7.151060004342279
Bac Lieu,2004-06-12,2004,6,12,27.038933486722552
Bac Lieu,2004-06-13,2004,6,13,16.217329642997598
Bac Lieu,2004-06-14,2004,6,14,3.789279640665595
Bac Lieu,2004-06-15,2004,6,15,2.7391311894002945
Bac Lieu,2004-06-16,2004,6,16,25.61284409659764
Bac Lieu,2004-06-17,2004,6,17,0.9562313239259542
Bac Lieu,2004-06-18,2004,6,18,0.6221331131053421
Bac Lieu,2004-06-19,2004,6,19,0.0
Bac Lieu,2004-06-20,2004,6,20,15.753709679189718
Bac Lieu,2004-06-21,2004,6,21,3.3534240039294625
Bac Lieu,2004-06-22,2004,6,22,0.0
Bac Lieu,2004-06-23,2004,6,23,6.013093169617203
Bac Lieu,2004-06-24,2004,6,24,0.0
Bac Lieu,2004-06-25,2004,6,25,0.0
Bac Lieu,2004-06-26,2004,6,26,0.0
Bac Lieu,2004-06-27,2004,6,27,0.0
Bac Lieu,2004-06-28,2004,6,28,1.6988050556452774
Bac Lieu,2004-06-29,2004,6,29,0.0
Bac Lieu,2004-06-30,2004,6,30,4.934412478347995
Bac Lieu,2004-07-01,2004,7,1,5.9017624324582645
Bac Lieu,2004-07-02,2004,7,2,10.67816948120549
Bac Lieu,2004-07-03,2004,7,3,3.153451868291171
Bac Lieu,2004-07-04,2004,7,4,0.6904040014698822
Bac Lieu,2004-07-05,2004,7,5,0.0
Bac Lieu,2004-07-06,2004,7,6,0.0202770999332643
Bac Lieu,2004-07-07,2004,7,7,1.057618202065522
Bac Lieu,2004-07-08,2004,7,8,9.56066204152917
Bac Lieu,2004-07-09,2004,7,9,8.972465622506052
Bac Lieu,2004-07-10,2004,7,10,20.42968104769149
Bac Lieu,2004-07-11,2004,7,11,10.295285364780788
Bac Lieu,2004-07-12,2004,7,12,10.99246996882277
Bac Lieu,2004-07-13,2004,7,13,10.728796355823304
Bac Lieu,2004-07-14,2004,7,14,0.6138983180028089
Bac Lieu,2004-07-15,2004,7,15,0.2973228749869004
Bac Lieu,2004-07-16,2004,7,16,0.0
Bac Lieu,2004-07-17,2004,7,17,2.9178948187378224
Bac Lieu,2004-07-18,2004,7,18,4.398730982681491
Bac Lieu,2004-07-19,2004,7,19,10.947592677296331
Bac Lieu,2004-07-20,2004,7,20,14.748752402359589
Bac Lieu,2004-07-21,2004,7,21,15.8245742117324
Bac Lieu,2004-07-22,2004,7,22,14.561706955999698
Bac Lieu,2004-07-23,2004,7,23,19.73323551476677
Bac Lieu,2004-07-24,2004,7,24,1.2247353018544758
Bac Lieu,2004-07-25,2004,7,25,8.975249506518525
Bac Lieu,2004-07-26,2004,7,26,14.91671495631956
Bac Lieu,2004-07-27,2004,7,27,9.40258980016888
Bac Lieu,2004-07-28,2004,7,28,43.138623408191606
Bac Lieu,2004-07-29,2004,7,29,6.7158781586773
Bac Lieu,2004-07-30,2004,7,30,0.254893001628372
Bac Lieu,2004-07-31,2004,7,31,19.63345466462621
Bac Lieu,2004-08-01,2004,8,1,31.63038330243669
Bac Lieu,2004-08-02,2004,8,2,10.23993448106298
Bac Lieu,2004-08-03,2004,8,3,32.03272067080804
Bac Lieu,2004-08-04,2004,8,4,19.605355348982904
Bac Lieu,2004-08-05,2004,8,5,0.0
Bac Lieu,2004-08-06,2004,8,6,8.006360533840251
Bac Lieu,2004-08-07,2004,8,7,6.238602585306708
Bac Lieu,2004-08-08,2004,8,8,8.518408191860846
Bac Lieu,2004-08-09,2004,8,9,0.4820494980182289
Bac Lieu,2004-08-10,2004,8,10,22.97090633590267
Bac Lieu,2004-08-11,2004,8,11,7.518916053088207
Bac Lieu,2004-08-12,2004,8,12,2.9187659513185613
Bac Lieu,2004-08-13,2004,8,13,3.787389829905528
Bac Lieu,2004-08-14,2004,8,14,0.0
Bac Lieu,2004-08-15,2004,8,15,0.0
Bac Lieu,2004-08-16,2004,8,16,5.548081742628566
Bac Lieu,2004-08-17,2004,8,17,66.38685382324796
Bac Lieu,2004-08-18,2004,8,18,0.6042429991308249
Bac Lieu,2004-08-19,2004,8,19,11.917233419886172
Bac Lieu,2004-08-20,2004,8,20,39.66581676454365
Bac Lieu,2004-08-21,2004,8,21,12.978954812445732
Bac Lieu,2004-08-22,2004,8,22,0.1791822688984421
Bac Lieu,2004-08-23,2004,8,23,1.8921469361287249
Bac Lieu,2004-08-24,2004,8,24,0.5038642378933026
Bac Lieu,2004-08-25,2004,8,25,0.0
Bac Lieu,2004-08-26,2004,8,26,5.973770972035966
Bac Lieu,2004-08-27,2004,8,27,3.643498757038478
Bac Lieu,2004-08-28,2004,8,28,9.61063055706924
Bac Lieu,2004-08-29,2004,8,29,17.96415675929807
Bac Lieu,2004-08-30,2004,8,30,0.6520516633987427
Bac Lieu,2004-08-31,2004,8,31,0.0
Bac Lieu,2004-09-01,2004,9,1,0.0700140041675207
Bac Lieu,2004-09-02,2004,9,2,23.34099082723653
Bac Lieu,2004-09-03,2004,9,3,3.8819051108630207
Bac Lieu,2004-09-04,2004,9,4,0.3732278063972041
Bac Lieu,2004-09-05,2004,9,5,0.0074121998840907
Bac Lieu,2004-09-06,2004,9,6,12.14578046442428
Bac Lieu,2004-09-07,2004,9,7,10.802359963363074
Bac Lieu,2004-09-08,2004,9,8,0.7758595125810155
Bac Lieu,2004-09-09,2004,9,9,1.8477924119841385
Bac Lieu,2004-09-10,2004,9,10,5.095157346644493
Bac Lieu,2004-09-11,2004,9,11,10.663072137886624
Bac Lieu,2004-09-12,2004,9,12,6.461336910067866
Bac Lieu,2004-09-13,2004,9,13,12.6107071820565
Bac Lieu,2004-09-14,2004,9,14,10.657361233585286
Bac Lieu,2004-09-15,2004,9,15,6.974357953143571
Bac Lieu,2004-09-16,2004,9,16,0.0
Bac Lieu,2004-09-17,2004,9,17,12.14220945946676
Bac Lieu,2004-09-18,2004,9,18,12.010833913119338
Bac Lieu,2004-09-19,2004,9,19,17.312291713498674
Bac Lieu,2004-09-20,2004,9,20,18.069402463679047
Bac Lieu,2004-09-21,2004,9,21,0.0
Bac Lieu,2004-09-22,2004,9,22,3.588882824807797
Bac Lieu,2004-09-23,2004,9,23,1.5781499210393657
Bac Lieu,2004-09-24,2004,9,24,14.196948610467732
Bac Lieu,2004-09-25,2004,9,25,6.639531329946701
Bac Lieu,2004-09-26,2004,9,26,0.0
Bac Lieu,2004-09-27,2004,9,27,1.6062596206485102
Bac Lieu,2004-09-28,2004,9,28,2.527782155594736
Bac Lieu,2004-09-29,2004,9,29,23.48947009039825
Bac Lieu,2004-09-30,2004,9,30,29.50263583442401
Bac Lieu,2004-10-01,2004,10,1,34.412821960233295
Bac Lieu,2004-10-02,2004,10,2,41.34669739683619
Bac Lieu,2004-10-03,2004,10,3,21.26252421850529
Bac Lieu,2004-10-04,2004,10,4,2.787657089737227
Bac Lieu,2004-10-05,2004,10,5,41.29236888784733
Bac Lieu,2004-10-06,2004,10,6,15.506788427244944
Bac Lieu,2004-10-07,2004,10,7,0.5947033415560453
Bac Lieu,2004-10-08,2004,10,8,3.0770244930375297
Bac Lieu,2004-10-09,2004,10,9,1.3288778404739672
Bac Lieu,2004-10-10,2004,10,10,0.0
Bac Lieu,2004-10-11,2004,10,11,5.68058154595573
Bac Lieu,2004-10-12,2004,10,12,16.247943113650916
Bac Lieu,2004-10-13,2004,10,13,4.381815569535742
Bac Lieu,2004-10-14,2004,10,14,0.0
Bac Lieu,2004-10-15,2004,10,15,0.0
Bac Lieu,2004-10-16,2004,10,16,6.688502647543854
Bac Lieu,2004-10-17,2004,10,17,0.0
Bac Lieu,2004-10-18,2004,10,18,0.0
Bac Lieu,2004-10-19,2004,10,19,0.0
Bac Lieu,2004-10-20,2004,10,20,0.0
Bac Lieu,2004-10-21,2004,10,21,0.0
Bac Lieu,2004-10-22,2004,10,22,13.802973048624006
Bac Lieu,2004-10-23,2004,10,23,12.248629614308197
Bac Lieu,2004-10-24,2004,10,24,0.0
Bac Lieu,2004-10-25,2004,10,25,0.0
Bac Lieu,2004-10-26,2004,10,26,0.0
Bac Lieu,2004-10-27,2004,10,27,0.0
Bac Lieu,2004-10-28,2004,10,28,0.1525397561631113
Bac Lieu,2004-10-29,2004,10,29,0.0
Bac Lieu,2004-10-30,2004,10,30,1.7122516692179557
Bac Lieu,2004-10-31,2004,10,31,1.2575928548776878
Bac Lieu,2004-11-01,2004,11,1,1.858969452174205
Bac Lieu,2004-11-02,2004,11,2,2.2729724096082293
Bac Lieu,2004-11-03,2004,11,3,0.0
Bac Lieu,2004-11-04,2004,11,4,0.1563461198626824
Bac Lieu,2004-11-05,2004,11,5,0.0
Bac Lieu,2004-11-06,2004,11,6,16.388882782882117
Bac Lieu,2004-11-07,2004,11,7,9.475600632829488
Bac Lieu,2004-11-08,2004,11,8,0.0
Bac Lieu,2004-11-09,2004,11,9,0.0
Bac Lieu,2004-11-10,2004,11,10,1.6692055364104936
Bac Lieu,2004-11-11,2004,11,11,0.0
Bac Lieu,2004-11-12,2004,11,12,0.0
Bac Lieu,2004-11-13,2004,11,13,0.0
Bac Lieu,2004-11-14,2004,11,14,0.0
Bac Lieu,2004-11-15,2004,11,15,0.0
Bac Lieu,2004-11-16,2004,11,16,0.0
Bac Lieu,2004-11-17,2004,11,17,0.0
Bac Lieu,2004-11-18,2004,11,18,0.0
Bac Lieu,2004-11-19,2004,11,19,0.0
Bac Lieu,2004-11-20,2004,11,20,0.0
Bac Lieu,2004-11-21,2004,11,21,0.0
Bac Lieu,2004-11-22,2004,11,22,0.0
Bac Lieu,2004-11-23,2004,11,23,0.0
Bac Lieu,2004-11-24,2004,11,24,48.09662681752332
Bac Lieu,2004-11-25,2004,11,25,13.16108086675968
Bac Lieu,2004-11-26,2004,11,26,5.633442868178747
Bac Lieu,2004-11-27,2004,11,27,0.0
Bac Lieu,2004-11-28,2004,11,28,0.0
Bac Lieu,2004-11-29,2004,11,29,0.0
Bac Lieu,2004-11-30,2004,11,30,0.0
Bac Lieu,2004-12-01,2004,12,1,0.0
Bac Lieu,2004-12-02,2004,12,2,6.503715295629683
Bac Lieu,2004-12-03,2004,12,3,5.119719542080501
Bac Lieu,2004-12-04,2004,12,4,0.1363884142209899
Bac Lieu,2004-12-05,2004,12,5,0.0
Bac Lieu,2004-12-06,2004,12,6,0.1017679895544951
Bac Lieu,2004-12-07,2004,12,7,13.49577549853415
Bac Lieu,2004-12-08,2004,12,8,0.0
Bac Lieu,2004-12-09,2004,12,9,0.0
Bac Lieu,2004-12-10,2004,12,10,0.1055922144763874
Bac Lieu,2004-12-11,2004,12,11,0.0
Bac Lieu,2004-12-12,2004,12,12,0.0
Bac Lieu,2004-12-13,2004,12,13,0.0
Bac Lieu,2004-12-14,2004,12,14,0.0
Bac Lieu,2004-12-15,2004,12,15,0.0
Bac Lieu,2004-12-16,2004,12,16,0.0
Bac Lieu,2004-12-17,2004,12,17,0.0
Bac Lieu,2004-12-18,2004,12,18,0.0
Bac Lieu,2004-12-19,2004,12,19,0.0
Bac Lieu,2004-12-20,2004,12,20,0.0
Bac Lieu,2004-12-21,2004,12,21,0.0
Bac Lieu,2004-12-22,2004,12,22,0.0
Bac Lieu,2004-12-23,2004,12,23,0.0
Bac Lieu,2004-12-24,2004,12,24,0.0
Bac Lieu,2004-12-25,2004,12,25,6.482676829679958
Bac Lieu,2004-12-26,2004,12,26,0.0
Bac Lieu,2004-12-27,2004,12,27,0.4860758484534498
Bac Lieu,2004-12-28,2004,12,28,0.0
Bac Lieu,2004-12-29,2004,12,29,0.0099698962445529
Bac Lieu,2004-12-30,2004,12,30,0.0
Bac Lieu,2004-12-31,2004,12,31,0.0
Bac Lieu,2005-01-01,2005,1,1,0.0
Bac Lieu,2005-01-02,2005,1,2,0.0
Bac Lieu,2005-01-03,2005,1,3,0.0
Bac Lieu,2005-01-04,2005,1,4,0.0
Bac Lieu,2005-01-05,2005,1,5,0.0003163739937656331
Bac Lieu,2005-01-06,2005,1,6,2.061147981670668
Bac Lieu,2005-01-07,2005,1,7,1.6369632064801345
Bac Lieu,2005-01-08,2005,1,8,0.0
Bac Lieu,2005-01-09,2005,1,9,0.0
Bac Lieu,2005-01-10,2005,1,10,0.0
Bac Lieu,2005-01-11,2005,1,11,0.0
Bac Lieu,2005-01-12,2005,1,12,0.0
Bac Lieu,2005-01-13,2005,1,13,0.0
Bac Lieu,2005-01-14,2005,1,14,0.0
Bac Lieu,2005-01-15,2005,1,15,0.0
Bac Lieu,2005-01-16,2005,1,16,0.0
Bac Lieu,2005-01-17,2005,1,17,0.0
Bac Lieu,2005-01-18,2005,1,18,0.0
Bac Lieu,2005-01-19,2005,1,19,0.0
Bac Lieu,2005-01-20,2005,1,20,0.0
Bac Lieu,2005-01-21,2005,1,21,0.0
Bac Lieu,2005-01-22,2005,1,22,0.0
Bac Lieu,2005-01-23,2005,1,23,0.0
Bac Lieu,2005-01-24,2005,1,24,0.0
Bac Lieu,2005-01-25,2005,1,25,0.0
Bac Lieu,2005-01-26,2005,1,26,0.0
Bac Lieu,2005-01-27,2005,1,27,0.0
Bac Lieu,2005-01-28,2005,1,28,0.0
Bac Lieu,2005-01-29,2005,1,29,0.0
Bac Lieu,2005-01-30,2005,1,30,0.097112364391111
Bac Lieu,2005-01-31,2005,1,31,0.0
Bac Lieu,2005-02-01,2005,2,1,0.0
Bac Lieu,2005-02-02,2005,2,2,0.0
Bac Lieu,2005-02-03,2005,2,3,0.0
Bac Lieu,2005-02-04,2005,2,4,0.0
Bac Lieu,2005-02-05,2005,2,5,0.0
Bac Lieu,2005-02-06,2005,2,6,0.0
Bac Lieu,2005-02-07,2005,2,7,0.0
Bac Lieu,2005-02-08,2005,2,8,0.0
Bac Lieu,2005-02-09,2005,2,9,0.0
Bac Lieu,2005-02-10,2005,2,10,0.1921759583095335
Bac Lieu,2005-02-11,2005,2,11,0.0
Bac Lieu,2005-02-12,2005,2,12,0.0
Bac Lieu,2005-02-13,2005,2,13,0.0
Bac Lieu,2005-02-14,2005,2,14,0.0
Bac Lieu,2005-02-15,2005,2,15,0.0
Bac Lieu,2005-02-16,2005,2,16,0.0
Bac Lieu,2005-02-17,2005,2,17,0.0
Bac Lieu,2005-02-18,2005,2,18,0.0
Bac Lieu,2005-02-19,2005,2,19,0.0
Bac Lieu,2005-02-20,2005,2,20,0.0
Bac Lieu,2005-02-21,2005,2,21,0.0
Bac Lieu,2005-02-22,2005,2,22,0.0
Bac Lieu,2005-02-23,2005,2,23,0.0
Bac Lieu,2005-02-24,2005,2,24,0.0
Bac Lieu,2005-02-25,2005,2,25,0.0
Bac Lieu,2005-02-26,2005,2,26,0.0
Bac Lieu,2005-02-27,2005,2,27,0.0
Bac Lieu,2005-02-28,2005,2,28,0.0594156776914056
Bac Lieu,2005-03-01,2005,3,1,0.0
Bac Lieu,2005-03-02,2005,3,2,0.0
Bac Lieu,2005-03-03,2005,3,3,0.0
Bac Lieu,2005-03-04,2005,3,4,3.087652128921365
Bac Lieu,2005-03-05,2005,3,5,0.0
Bac Lieu,2005-03-06,2005,3,6,0.0
Bac Lieu,2005-03-07,2005,3,7,0.0
Bac Lieu,2005-03-08,2005,3,8,0.0
Bac Lieu,2005-03-09,2005,3,9,0.0
Bac Lieu,2005-03-10,2005,3,10,0.0
Bac Lieu,2005-03-11,2005,3,11,0.0
Bac Lieu,2005-03-12,2005,3,12,0.0
Bac Lieu,2005-03-13,2005,3,13,0.0
Bac Lieu,2005-03-14,2005,3,14,0.0
Bac Lieu,2005-03-15,2005,3,15,0.0
Bac Lieu,2005-03-16,2005,3,16,0.0
Bac Lieu,2005-03-17,2005,3,17,0.0
Bac Lieu,2005-03-18,2005,3,18,0.1447920021965819
Bac Lieu,2005-03-19,2005,3,19,4.621435589250529
Bac Lieu,2005-03-20,2005,3,20,0.0
Bac Lieu,2005-03-21,2005,3,21,0.0
Bac Lieu,2005-03-22,2005,3,22,0.0
Bac Lieu,2005-03-23,2005,3,23,0.0
Bac Lieu,2005-03-24,2005,3,24,0.0
Bac Lieu,2005-03-25,2005,3,25,0.0
Bac Lieu,2005-03-26,2005,3,26,0.0
Bac Lieu,2005-03-27,2005,3,27,0.0
Bac Lieu,2005-03-28,2005,3,28,1.9221474920038908
Bac Lieu,2005-03-29,2005,3,29,0.0
Bac Lieu,2005-03-30,2005,3,30,2.426198120594025
Bac Lieu,2005-03-31,2005,3,31,1.3937107601165772
Bac Lieu,2005-04-01,2005,4,1,0.0
Bac Lieu,2005-04-02,2005,4,2,0.0
Bac Lieu,2005-04-03,2005,4,3,0.0195566285691171
Bac Lieu,2005-04-04,2005,4,4,0.0
Bac Lieu,2005-04-05,2005,4,5,0.0
Bac Lieu,2005-04-06,2005,4,6,2.4823652381447125
Bac Lieu,2005-04-07,2005,4,7,0.0
Bac Lieu,2005-04-08,2005,4,8,0.0
Bac Lieu,2005-04-09,2005,4,9,0.0
Bac Lieu,2005-04-10,2005,4,10,0.0
Bac Lieu,2005-04-11,2005,4,11,0.0
Bac Lieu,2005-04-12,2005,4,12,0.0
Bac Lieu,2005-04-13,2005,4,13,0.0
Bac Lieu,2005-04-14,2005,4,14,0.8735408373148936
Bac Lieu,2005-04-15,2005,4,15,1.455063295652282
Bac Lieu,2005-04-16,2005,4,16,0.0
Bac Lieu,2005-04-17,2005,4,17,0.0
Bac Lieu,2005-04-18,2005,4,18,0.0
Bac Lieu,2005-04-19,2005,4,19,0.0
Bac Lieu,2005-04-20,2005,4,20,0.0
Bac Lieu,2005-04-21,2005,4,21,0.0770715491726713
Bac Lieu,2005-04-22,2005,4,22,0.6160562856152374
Bac Lieu,2005-04-23,2005,4,23,0.0
Bac Lieu,2005-04-24,2005,4,24,1.91764504872628
Bac Lieu,2005-04-25,2005,4,25,0.0079923033714294
Bac Lieu,2005-04-26,2005,4,26,3.188103196494984
Bac Lieu,2005-04-27,2005,4,27,0.0
Bac Lieu,2005-04-28,2005,4,28,4.251242815890402
Bac Lieu,2005-04-29,2005,4,29,0.35278475212601
Bac Lieu,2005-04-30,2005,4,30,0.0
Bac Lieu,2005-05-01,2005,5,1,0.0
Bac Lieu,2005-05-02,2005,5,2,0.0
Bac Lieu,2005-05-03,2005,5,3,0.0
Bac Lieu,2005-05-04,2005,5,4,0.0
Bac Lieu,2005-05-05,2005,5,5,13.110500743776
Bac Lieu,2005-05-06,2005,5,6,0.4553013216594481
Bac Lieu,2005-05-07,2005,5,7,1.0680112341484935
Bac Lieu,2005-05-08,2005,5,8,18.698528531488385
Bac Lieu,2005-05-09,2005,5,9,10.194234563665573
Bac Lieu,2005-05-10,2005,5,10,12.742254087646057
Bac Lieu,2005-05-11,2005,5,11,3.451227529237856
Bac Lieu,2005-05-12,2005,5,12,1.7806639951669947
Bac Lieu,2005-05-13,2005,5,13,11.056087925083231
Bac Lieu,2005-05-14,2005,5,14,14.388163019738109
Bac Lieu,2005-05-15,2005,5,15,9.9927305226416
Bac Lieu,2005-05-16,2005,5,16,4.6333697407110686
Bac Lieu,2005-05-17,2005,5,17,3.493063364595738
Bac Lieu,2005-05-18,2005,5,18,11.641666636053122
Bac Lieu,2005-05-19,2005,5,19,7.696296672578128
Bac Lieu,2005-05-20,2005,5,20,3.828899352208624
Bac Lieu,2005-05-21,2005,5,21,5.135799209747675
Bac Lieu,2005-05-22,2005,5,22,9.788236694443905
Bac Lieu,2005-05-23,2005,5,23,4.691313901289454
Bac Lieu,2005-05-24,2005,5,24,1.8765947341559075
Bac Lieu,2005-05-25,2005,5,25,2.5316012067974736
Bac Lieu,2005-05-26,2005,5,26,8.3058486287099
Bac Lieu,2005-05-27,2005,5,27,10.16846116323291
Bac Lieu,2005-05-28,2005,5,28,5.776582336695689
Bac Lieu,2005-05-29,2005,5,29,3.1890047856276897
Bac Lieu,2005-05-30,2005,5,30,5.245692600835044
Bac Lieu,2005-05-31,2005,5,31,8.905703522385291
Bac Lieu,2005-06-01,2005,6,1,6.764855558467362
Bac Lieu,2005-06-02,2005,6,2,10.672960980091457
Bac Lieu,2005-06-03,2005,6,3,4.991855602264406
Bac Lieu,2005-06-04,2005,6,4,11.960341049032394
Bac Lieu,2005-06-05,2005,6,5,0.0
Bac Lieu,2005-06-06,2005,6,6,4.057466112352767
Bac Lieu,2005-06-07,2005,6,7,26.436916512831207
Bac Lieu,2005-06-08,2005,6,8,25.15024802927701
Bac Lieu,2005-06-09,2005,6,9,8.239734244328625
Bac Lieu,2005-06-10,2005,6,10,12.254905147156624
Bac Lieu,2005-06-11,2005,6,11,0.0237246270449656
Bac Lieu,2005-06-12,2005,6,12,1.1283599415815102
Bac Lieu,2005-06-13,2005,6,13,0.0
Bac Lieu,2005-06-14,2005,6,14,0.0
Bac Lieu,2005-06-15,2005,6,15,0.3159630033520033
Bac Lieu,2005-06-16,2005,6,16,3.269284172651902
Bac Lieu,2005-06-17,2005,6,17,6.993846333683662
Bac Lieu,2005-06-18,2005,6,18,6.577941682127287
Bac Lieu,2005-06-19,2005,6,19,0.9738634027445092
Bac Lieu,2005-06-20,2005,6,20,2.844375626528038
Bac Lieu,2005-06-21,2005,6,21,5.020428723965051
Bac Lieu,2005-06-22,2005,6,22,13.414725632955443
Bac Lieu,2005-06-23,2005,6,23,7.71985959189793
Bac Lieu,2005-06-24,2005,6,24,5.695509869575501
Bac Lieu,2005-06-25,2005,6,25,5.053134130477906
Bac Lieu,2005-06-26,2005,6,26,4.558291372740045
Bac Lieu,2005-06-27,2005,6,27,1.5378385514493262
Bac Lieu,2005-06-28,2005,6,28,2.437193109233425
Bac Lieu,2005-06-29,2005,6,29,5.324880158757265
Bac Lieu,2005-06-30,2005,6,30,6.150086021945164
Bac Lieu,2005-07-01,2005,7,1,11.283504129751677
Bac Lieu,2005-07-02,2005,7,2,0.0721887197314568
Bac Lieu,2005-07-03,2005,7,3,21.419848808144625
Bac Lieu,2005-07-04,2005,7,4,20.089674742644693
Bac Lieu,2005-07-05,2005,7,5,0.2769772835497586
Bac Lieu,2005-07-06,2005,7,6,7.066508380745942
Bac Lieu,2005-07-07,2005,7,7,17.5457675028567
Bac Lieu,2005-07-08,2005,7,8,6.950566896609541
Bac Lieu,2005-07-09,2005,7,9,3.659332716860861
Bac Lieu,2005-07-10,2005,7,10,1.3779068884759582
Bac Lieu,2005-07-11,2005,7,11,5.73724023425804
Bac Lieu,2005-07-12,2005,7,12,9.75474486210661
Bac Lieu,2005-07-13,2005,7,13,0.0
Bac Lieu,2005-07-14,2005,7,14,0.0
Bac Lieu,2005-07-15,2005,7,15,0.3150614431489189
Bac Lieu,2005-07-16,2005,7,16,14.405800921961951
Bac Lieu,2005-07-17,2005,7,17,1.2055396449610871
Bac Lieu,2005-07-18,2005,7,18,0.4619626620850474
Bac Lieu,2005-07-19,2005,7,19,5.989499544791456
Bac Lieu,2005-07-20,2005,7,20,7.327307351292304
Bac Lieu,2005-07-21,2005,7,21,2.650650227618668
Bac Lieu,2005-07-22,2005,7,22,12.468291746751316
Bac Lieu,2005-07-23,2005,7,23,18.97247438923818
Bac Lieu,2005-07-24,2005,7,24,14.071785645826807
Bac Lieu,2005-07-25,2005,7,25,1.5959139303891168
Bac Lieu,2005-07-26,2005,7,26,14.829353632836971
Bac Lieu,2005-07-27,2005,7,27,20.325607459230245
Bac Lieu,2005-07-28,2005,7,28,10.502494008388162
Bac Lieu,2005-07-29,2005,7,29,22.79739775661253
Bac Lieu,2005-07-30,2005,7,30,36.312630022444814
Bac Lieu,2005-07-31,2005,7,31,19.635093784008387
Bac Lieu,2005-08-01,2005,8,1,3.0190069307831098
Bac Lieu,2005-08-02,2005,8,2,0.0
Bac Lieu,2005-08-03,2005,8,3,10.040212695211736
Bac Lieu,2005-08-04,2005,8,4,14.721458381238971
Bac Lieu,2005-08-05,2005,8,5,0.0
Bac Lieu,2005-08-06,2005,8,6,4.595730473311443
Bac Lieu,2005-08-07,2005,8,7,0.578767752143572
Bac Lieu,2005-08-08,2005,8,8,22.146490869162218
Bac Lieu,2005-08-09,2005,8,9,6.504222971124472
Bac Lieu,2005-08-10,2005,8,10,0.0
Bac Lieu,2005-08-11,2005,8,11,0.0
Bac Lieu,2005-08-12,2005,8,12,6.970627130139549
Bac Lieu,2005-08-13,2005,8,13,18.38943386972176
Bac Lieu,2005-08-14,2005,8,14,4.272888631514784
Bac Lieu,2005-08-15,2005,8,15,3.5637843831890046
Bac Lieu,2005-08-16,2005,8,16,22.76539692090593
Bac Lieu,2005-08-17,2005,8,17,5.984928048259809
Bac Lieu,2005-08-18,2005,8,18,2.1783544043415
Bac Lieu,2005-08-19,2005,8,19,5.654843830486515
Bac Lieu,2005-08-20,2005,8,20,1.512129827337445
Bac Lieu,2005-08-21,2005,8,21,1.575644862606841
Bac Lieu,2005-08-22,2005,8,22,3.188214565223119
Bac Lieu,2005-08-23,2005,8,23,4.396916499245842
Bac Lieu,2005-08-24,2005,8,24,0.0
Bac Lieu,2005-08-25,2005,8,25,0.0
Bac Lieu,2005-08-26,2005,8,26,0.0
Bac Lieu,2005-08-27,2005,8,27,13.374728504594769
Bac Lieu,2005-08-28,2005,8,28,9.850861232595625
Bac Lieu,2005-08-29,2005,8,29,9.906135421914875
Bac Lieu,2005-08-30,2005,8,30,18.74637523266055
Bac Lieu,2005-08-31,2005,8,31,9.302330090855657
Bac Lieu,2005-09-01,2005,9,1,0.0
Bac Lieu,2005-09-02,2005,9,2,0.0054475233509855
Bac Lieu,2005-09-03,2005,9,3,17.086788913097024
Bac Lieu,2005-09-04,2005,9,4,1.4433769895445625
Bac Lieu,2005-09-05,2005,9,5,4.6008568201065065
Bac Lieu,2005-09-06,2005,9,6,0.0
Bac Lieu,2005-09-07,2005,9,7,4.366280722762054
Bac Lieu,2005-09-08,2005,9,8,12.202259430435472
Bac Lieu,2005-09-09,2005,9,9,0.1397940697580013
Bac Lieu,2005-09-10,2005,9,10,30.47205870387239
Bac Lieu,2005-09-11,2005,9,11,19.298391210322112
Bac Lieu,2005-09-12,2005,9,12,26.22431660519007
Bac Lieu,2005-09-13,2005,9,13,21.27868611310564
Bac Lieu,2005-09-14,2005,9,14,0.1386217199001672
Bac Lieu,2005-09-15,2005,9,15,0.0
Bac Lieu,2005-09-16,2005,9,16,3.1670762410613738
Bac Lieu,2005-09-17,2005,9,17,24.917367148669264
Bac Lieu,2005-09-18,2005,9,18,16.609224519729615
Bac Lieu,2005-09-19,2005,9,19,28.5786592780779
Bac Lieu,2005-09-20,2005,9,20,0.0
Bac Lieu,2005-09-21,2005,9,21,1.1206072397232056
Bac Lieu,2005-09-22,2005,9,22,0.4693562215319221
Bac Lieu,2005-09-23,2005,9,23,4.335902109047153
Bac Lieu,2005-09-24,2005,9,24,3.433255333864465
Bac Lieu,2005-09-25,2005,9,25,11.207885496697337
Bac Lieu,2005-09-26,2005,9,26,3.937343107799314
Bac Lieu,2005-09-27,2005,9,27,3.791958668492875
Bac Lieu,2005-09-28,2005,9,28,4.503100377676622
Bac Lieu,2005-09-29,2005,9,29,21.28021303817462
Bac Lieu,2005-09-30,2005,9,30,9.6553080045952
Bac Lieu,2005-10-01,2005,10,1,6.280797681610541
Bac Lieu,2005-10-02,2005,10,2,1.4078341866259307
Bac Lieu,2005-10-03,2005,10,3,11.467175600213825
Bac Lieu,2005-10-04,2005,10,4,27.23483131768569
Bac Lieu,2005-10-05,2005,10,5,23.822449529233975
Bac Lieu,2005-10-06,2005,10,6,2.693782494095137
Bac Lieu,2005-10-07,2005,10,7,12.9078690454555
Bac Lieu,2005-10-08,2005,10,8,9.40302514150008
Bac Lieu,2005-10-09,2005,10,9,6.851283002403549
Bac Lieu,2005-10-10,2005,10,10,9.424981071814054
Bac Lieu,2005-10-11,2005,10,11,6.182901538075142
Bac Lieu,2005-10-12,2005,10,12,1.0273995502759827
Bac Lieu,2005-10-13,2005,10,13,6.0057934222671205
Bac Lieu,2005-10-14,2005,10,14,17.122456787361294
Bac Lieu,2005-10-15,2005,10,15,28.50077735587786
Bac Lieu,2005-10-16,2005,10,16,25.067438763978352
Bac Lieu,2005-10-17,2005,10,17,15.366564681574983
Bac Lieu,2005-10-18,2005,10,18,17.97833818428472
Bac Lieu,2005-10-19,2005,10,19,12.952023609917124
Bac Lieu,2005-10-20,2005,10,20,0.4296284614598977
Bac Lieu,2005-10-21,2005,10,21,4.480460772622307
Bac Lieu,2005-10-22,2005,10,22,32.32673969844602
Bac Lieu,2005-10-23,2005,10,23,22.081120988180057
Bac Lieu,2005-10-24,2005,10,24,11.139232050877702
Bac Lieu,2005-10-25,2005,10,25,12.073094854318873
Bac Lieu,2005-10-26,2005,10,26,0.0
Bac Lieu,2005-10-27,2005,10,27,0.0
Bac Lieu,2005-10-28,2005,10,28,6.039051026650196
Bac Lieu,2005-10-29,2005,10,29,13.72068636566738
Bac Lieu,2005-10-30,2005,10,30,3.895566964761267
Bac Lieu,2005-10-31,2005,10,31,10.639082073175684
Bac Lieu,2005-11-01,2005,11,1,30.258519131858403
Bac Lieu,2005-11-02,2005,11,2,0.0
Bac Lieu,2005-11-03,2005,11,3,0.0
Bac Lieu,2005-11-04,2005,11,4,2.671004647920717
Bac Lieu,2005-11-05,2005,11,5,12.840221934480486
Bac Lieu,2005-11-06,2005,11,6,0.0
Bac Lieu,2005-11-07,2005,11,7,0.7366693183790964
Bac Lieu,2005-11-08,2005,11,8,18.87564636183685
Bac Lieu,2005-11-09,2005,11,9,0.7279139509201052
Bac Lieu,2005-11-10,2005,11,10,0.0
Bac Lieu,2005-11-11,2005,11,11,0.0636022899285802
Bac Lieu,2005-11-12,2005,11,12,0.1627167198073189
Bac Lieu,2005-11-13,2005,11,13,0.2813350064619532
Bac Lieu,2005-11-14,2005,11,14,3.673719146341648
Bac Lieu,2005-11-15,2005,11,15,0.0
Bac Lieu,2005-11-16,2005,11,16,0.0
Bac Lieu,2005-11-17,2005,11,17,17.354117997529375
Bac Lieu,2005-11-18,2005,11,18,6.561044627783435
Bac Lieu,2005-11-19,2005,11,19,0.0
Bac Lieu,2005-11-20,2005,11,20,0.0
Bac Lieu,2005-11-21,2005,11,21,0.0
Bac Lieu,2005-11-22,2005,11,22,4.265028799839739
Bac Lieu,2005-11-23,2005,11,23,0.0
Bac Lieu,2005-11-24,2005,11,24,0.0024843605869221
Bac Lieu,2005-11-25,2005,11,25,0.0
Bac Lieu,2005-11-26,2005,11,26,15.63281051560168
Bac Lieu,2005-11-27,2005,11,27,15.450250846071064
Bac Lieu,2005-11-28,2005,11,28,7.5147866468969395
Bac Lieu,2005-11-29,2005,11,29,22.092340401163646
Bac Lieu,2005-11-30,2005,11,30,25.726323063724447
Bac Lieu,2005-12-01,2005,12,1,11.066896606526283
Bac Lieu,2005-12-02,2005,12,2,2.953097025565382
Bac Lieu,2005-12-03,2005,12,3,3.090947942931698
Bac Lieu,2005-12-04,2005,12,4,0.0
Bac Lieu,2005-12-05,2005,12,5,0.0
Bac Lieu,2005-12-06,2005,12,6,0.0533942645450808
Bac Lieu,2005-12-07,2005,12,7,8.836973206466102
Bac Lieu,2005-12-08,2005,12,8,0.0
Bac Lieu,2005-12-09,2005,12,9,0.6275882943711192
Bac Lieu,2005-12-10,2005,12,10,7.682694226516868
Bac Lieu,2005-12-11,2005,12,11,8.13965892296917
Bac Lieu,2005-12-12,2005,12,12,31.388788502027406
Bac Lieu,2005-12-13,2005,12,13,14.392529184611336
Bac Lieu,2005-12-14,2005,12,14,8.147385086455436
Bac Lieu,2005-12-15,2005,12,15,6.403728314579658
Bac Lieu,2005-12-16,2005,12,16,0.0
Bac Lieu,2005-12-17,2005,12,17,0.0
Bac Lieu,2005-12-18,2005,12,18,0.0097237839069006
Bac Lieu,2005-12-19,2005,12,19,8.83881327621892
Bac Lieu,2005-12-20,2005,12,20,5.353072797559343
Bac Lieu,2005-12-21,2005,12,21,0.0
Bac Lieu,2005-12-22,2005,12,22,0.0
Bac Lieu,2005-12-23,2005,12,23,0.0
Bac Lieu,2005-12-24,2005,12,24,0.0
Bac Lieu,2005-12-25,2005,12,25,0.0
Bac Lieu,2005-12-26,2005,12,26,0.0711621718496646
Bac Lieu,2005-12-27,2005,12,27,0.0
Bac Lieu,2005-12-28,2005,12,28,0.0
Bac Lieu,2005-12-29,2005,12,29,0.0
Bac Lieu,2005-12-30,2005,12,30,0.0
Bac Lieu,2005-12-31,2005,12,31,0.0
Bac Lieu,2006-01-01,2006,1,1,0.0
Bac Lieu,2006-01-02,2006,1,2,0.0
Bac Lieu,2006-01-03,2006,1,3,0.0
Bac Lieu,2006-01-04,2006,1,4,0.0
Bac Lieu,2006-01-05,2006,1,5,0.0587144608767527
Bac Lieu,2006-01-06,2006,1,6,0.0
Bac Lieu,2006-01-07,2006,1,7,0.383172344918521
Bac Lieu,2006-01-08,2006,1,8,0.0
Bac Lieu,2006-01-09,2006,1,9,0.0
Bac Lieu,2006-01-10,2006,1,10,0.0
Bac Lieu,2006-01-11,2006,1,11,0.0
Bac Lieu,2006-01-12,2006,1,12,0.0
Bac Lieu,2006-01-13,2006,1,13,0.0
Bac Lieu,2006-01-14,2006,1,14,0.0
Bac Lieu,2006-01-15,2006,1,15,0.0
Bac Lieu,2006-01-16,2006,1,16,0.0
Bac Lieu,2006-01-17,2006,1,17,0.2302572881770584
Bac Lieu,2006-01-18,2006,1,18,21.0034099794064
Bac Lieu,2006-01-19,2006,1,19,0.1557997847503086
Bac Lieu,2006-01-20,2006,1,20,0.0462238022426389
Bac Lieu,2006-01-21,2006,1,21,0.0
Bac Lieu,2006-01-22,2006,1,22,0.0
Bac Lieu,2006-01-23,2006,1,23,0.0
Bac Lieu,2006-01-24,2006,1,24,0.0
Bac Lieu,2006-01-25,2006,1,25,0.0
Bac Lieu,2006-01-26,2006,1,26,0.0
Bac Lieu,2006-01-27,2006,1,27,0.0
Bac Lieu,2006-01-28,2006,1,28,0.0
Bac Lieu,2006-01-29,2006,1,29,0.0
Bac Lieu,2006-01-30,2006,1,30,0.0
Bac Lieu,2006-01-31,2006,1,31,0.0
Bac Lieu,2006-02-01,2006,2,1,0.0
Bac Lieu,2006-02-02,2006,2,2,0.0
Bac Lieu,2006-02-03,2006,2,3,0.0
Bac Lieu,2006-02-04,2006,2,4,0.0
Bac Lieu,2006-02-05,2006,2,5,0.0
Bac Lieu,2006-02-06,2006,2,6,0.0
Bac Lieu,2006-02-07,2006,2,7,0.0
Bac Lieu,2006-02-08,2006,2,8,0.0
Bac Lieu,2006-02-09,2006,2,9,0.7651168847623864
Bac Lieu,2006-02-10,2006,2,10,0.2796869962350378
Bac Lieu,2006-02-11,2006,2,11,0.0
Bac Lieu,2006-02-12,2006,2,12,0.0
Bac Lieu,2006-02-13,2006,2,13,0.0
Bac Lieu,2006-02-14,2006,2,14,0.0
Bac Lieu,2006-02-15,2006,2,15,0.0
Bac Lieu,2006-02-16,2006,2,16,0.0
Bac Lieu,2006-02-17,2006,2,17,0.0
Bac Lieu,2006-02-18,2006,2,18,0.0
Bac Lieu,2006-02-19,2006,2,19,0.0
Bac Lieu,2006-02-20,2006,2,20,0.0
Bac Lieu,2006-02-21,2006,2,21,0.0
Bac Lieu,2006-02-22,2006,2,22,0.0
Bac Lieu,2006-02-23,2006,2,23,0.0
Bac Lieu,2006-02-24,2006,2,24,0.0
Bac Lieu,2006-02-25,2006,2,25,0.0
Bac Lieu,2006-02-26,2006,2,26,0.1036383547647944
Bac Lieu,2006-02-27,2006,2,27,0.0
Bac Lieu,2006-02-28,2006,2,28,0.0
Bac Lieu,2006-03-01,2006,3,1,0.0
Bac Lieu,2006-03-02,2006,3,2,0.0
Bac Lieu,2006-03-03,2006,3,3,0.0
Bac Lieu,2006-03-04,2006,3,4,0.0
Bac Lieu,2006-03-05,2006,3,5,0.0
Bac Lieu,2006-03-06,2006,3,6,0.0
Bac Lieu,2006-03-07,2006,3,7,0.0
Bac Lieu,2006-03-08,2006,3,8,0.0
Bac Lieu,2006-03-09,2006,3,9,0.0
Bac Lieu,2006-03-10,2006,3,10,0.0
Bac Lieu,2006-03-11,2006,3,11,0.0
Bac Lieu,2006-03-12,2006,3,12,0.0
Bac Lieu,2006-03-13,2006,3,13,0.0
Bac Lieu,2006-03-14,2006,3,14,0.2797024160601058
Bac Lieu,2006-03-15,2006,3,15,0.0
Bac Lieu,2006-03-16,2006,3,16,0.0
Bac Lieu,2006-03-17,2006,3,17,0.0
Bac Lieu,2006-03-18,2006,3,18,0.0
Bac Lieu,2006-03-19,2006,3,19,0.4935246892762635
Bac Lieu,2006-03-20,2006,3,20,0.2078263203198055
Bac Lieu,2006-03-21,2006,3,21,2.0222378326946835
Bac Lieu,2006-03-22,2006,3,22,0.0
Bac Lieu,2006-03-23,2006,3,23,0.0
Bac Lieu,2006-03-24,2006,3,24,0.0890001993899075
Bac Lieu,2006-03-25,2006,3,25,0.0
Bac Lieu,2006-03-26,2006,3,26,0.0380063682142293
Bac Lieu,2006-03-27,2006,3,27,0.0
Bac Lieu,2006-03-28,2006,3,28,0.0
Bac Lieu,2006-03-29,2006,3,29,0.0538572977938742
Bac Lieu,2006-03-30,2006,3,30,5.432282675122315
Bac Lieu,2006-03-31,2006,3,31,5.663613884161104
Bac Lieu,2006-04-01,2006,4,1,0.6922978657326609
Bac Lieu,2006-04-02,2006,4,2,4.5235038698214405
Bac Lieu,2006-04-03,2006,4,3,0.8166093116436367
Bac Lieu,2006-04-04,2006,4,4,2.590148738321268
Bac Lieu,2006-04-05,2006,4,5,0.0
Bac Lieu,2006-04-06,2006,4,6,0.2165163140926721
Bac Lieu,2006-04-07,2006,4,7,3.8164558014959664
Bac Lieu,2006-04-08,2006,4,8,10.236436762323924
Bac Lieu,2006-04-09,2006,4,9,1.5286425961908303
Bac Lieu,2006-04-10,2006,4,10,0.0
Bac Lieu,2006-04-11,2006,4,11,0.0
Bac Lieu,2006-04-12,2006,4,12,0.007944987180098
Bac Lieu,2006-04-13,2006,4,13,0.0607638476929574
Bac Lieu,2006-04-14,2006,4,14,0.5857617371127292
Bac Lieu,2006-04-15,2006,4,15,0.011466481109835
Bac Lieu,2006-04-16,2006,4,16,0.3416031577272235
Bac Lieu,2006-04-17,2006,4,17,0.0
Bac Lieu,2006-04-18,2006,4,18,0.6855752153036729
Bac Lieu,2006-04-19,2006,4,19,0.131428614994265
Bac Lieu,2006-04-20,2006,4,20,0.0
Bac Lieu,2006-04-21,2006,4,21,5.446708595050956
Bac Lieu,2006-04-22,2006,4,22,2.426177686016515
Bac Lieu,2006-04-23,2006,4,23,0.638240378847662
Bac Lieu,2006-04-24,2006,4,24,0.3248781738821066
Bac Lieu,2006-04-25,2006,4,25,0.0625819627653877
Bac Lieu,2006-04-26,2006,4,26,2.028938110099649
Bac Lieu,2006-04-27,2006,4,27,20.328803334074205
Bac Lieu,2006-04-28,2006,4,28,14.587987316527457
Bac Lieu,2006-04-29,2006,4,29,14.536473604058322
Bac Lieu,2006-04-30,2006,4,30,21.7579886818292
Bac Lieu,2006-05-01,2006,5,1,0.8744087993873741
Bac Lieu,2006-05-02,2006,5,2,2.476557127700662
Bac Lieu,2006-05-03,2006,5,3,1.1394527210919363
Bac Lieu,2006-05-04,2006,5,4,0.0
Bac Lieu,2006-05-05,2006,5,5,19.336720546092632
Bac Lieu,2006-05-06,2006,5,6,1.5477395547291022
Bac Lieu,2006-05-07,2006,5,7,9.701115089308544
Bac Lieu,2006-05-08,2006,5,8,7.795578112638224
Bac Lieu,2006-05-09,2006,5,9,10.08280072377763
Bac Lieu,2006-05-10,2006,5,10,0.0324745694286418
Bac Lieu,2006-05-11,2006,5,11,0.0
Bac Lieu,2006-05-12,2006,5,12,1.7272289202168305
Bac Lieu,2006-05-13,2006,5,13,7.756715644224634
Bac Lieu,2006-05-14,2006,5,14,19.300934587172744
Bac Lieu,2006-05-15,2006,5,15,10.30107975227428
Bac Lieu,2006-05-16,2006,5,16,0.920416989569394
Bac Lieu,2006-05-17,2006,5,17,4.867429208917439
Bac Lieu,2006-05-18,2006,5,18,20.75302223349518
Bac Lieu,2006-05-19,2006,5,19,14.403309286927284
Bac Lieu,2006-05-20,2006,5,20,19.472008641476904
Bac Lieu,2006-05-21,2006,5,21,4.47116847161527
Bac Lieu,2006-05-22,2006,5,22,0.0
Bac Lieu,2006-05-23,2006,5,23,10.77156264972687
Bac Lieu,2006-05-24,2006,5,24,11.507932466345016
Bac Lieu,2006-05-25,2006,5,25,4.054948568029224
Bac Lieu,2006-05-26,2006,5,26,0.0
Bac Lieu,2006-05-27,2006,5,27,16.114294370363346
Bac Lieu,2006-05-28,2006,5,28,1.1417537404006384
Bac Lieu,2006-05-29,2006,5,29,18.75648267569632
Bac Lieu,2006-05-30,2006,5,30,14.554111975471928
Bac Lieu,2006-05-31,2006,5,31,11.25288138141272
Bac Lieu,2006-06-01,2006,6,1,3.275536197437431
Bac Lieu,2006-06-02,2006,6,2,6.569193854664859
Bac Lieu,2006-06-03,2006,6,3,8.05398620054857
Bac Lieu,2006-06-04,2006,6,4,10.297470927688313
Bac Lieu,2006-06-05,2006,6,5,9.142576802811536
Bac Lieu,2006-06-06,2006,6,6,6.150769552374786
Bac Lieu,2006-06-07,2006,6,7,2.788236415161277
Bac Lieu,2006-06-08,2006,6,8,0.3323802821501246
Bac Lieu,2006-06-09,2006,6,9,5.263883762863448
Bac Lieu,2006-06-10,2006,6,10,6.995036883480143
Bac Lieu,2006-06-11,2006,6,11,11.558382359234791
Bac Lieu,2006-06-12,2006,6,12,9.797420619316824
Bac Lieu,2006-06-13,2006,6,13,10.041571924857376
Bac Lieu,2006-06-14,2006,6,14,19.265563471596195
Bac Lieu,2006-06-15,2006,6,15,12.184836157097008
Bac Lieu,2006-06-16,2006,6,16,12.500106169898558
Bac Lieu,2006-06-17,2006,6,17,10.551225378180453
Bac Lieu,2006-06-18,2006,6,18,17.80339771502873
Bac Lieu,2006-06-19,2006,6,19,11.902771185083212
Bac Lieu,2006-06-20,2006,6,20,3.6281666675423687
Bac Lieu,2006-06-21,2006,6,21,13.543426306328683
Bac Lieu,2006-06-22,2006,6,22,3.4466939892678896
Bac Lieu,2006-06-23,2006,6,23,7.677540276761328
Bac Lieu,2006-06-24,2006,6,24,11.215900341609744
Bac Lieu,2006-06-25,2006,6,25,12.160378737899496
Bac Lieu,2006-06-26,2006,6,26,6.508935383292865
Bac Lieu,2006-06-27,2006,6,27,15.00213456168265
Bac Lieu,2006-06-28,2006,6,28,22.62126454180592
Bac Lieu,2006-06-29,2006,6,29,13.46918156551865
Bac Lieu,2006-06-30,2006,6,30,13.718895216707914
Bac Lieu,2006-07-01,2006,7,1,56.4475500419185
Bac Lieu,2006-07-02,2006,7,2,27.92020378303528
Bac Lieu,2006-07-03,2006,7,3,14.185271299902002
Bac Lieu,2006-07-04,2006,7,4,0.3425163096301961
Bac Lieu,2006-07-05,2006,7,5,17.148033093542434
Bac Lieu,2006-07-06,2006,7,6,1.2247256364912358
Bac Lieu,2006-07-07,2006,7,7,5.446196681175593
Bac Lieu,2006-07-08,2006,7,8,7.344855217384842
Bac Lieu,2006-07-09,2006,7,9,1.8861595300728424
Bac Lieu,2006-07-10,2006,7,10,0.0424162779214247
Bac Lieu,2006-07-11,2006,7,11,0.0
Bac Lieu,2006-07-12,2006,7,12,8.974967044776342
Bac Lieu,2006-07-13,2006,7,13,9.977788641929628
Bac Lieu,2006-07-14,2006,7,14,13.63348523730152
Bac Lieu,2006-07-15,2006,7,15,7.314104818308131
Bac Lieu,2006-07-16,2006,7,16,10.04789834143081
Bac Lieu,2006-07-17,2006,7,17,8.111121105823878
Bac Lieu,2006-07-18,2006,7,18,6.851080683330321
Bac Lieu,2006-07-19,2006,7,19,0.0
Bac Lieu,2006-07-20,2006,7,20,6.205002240630817
Bac Lieu,2006-07-21,2006,7,21,0.769603065454735
Bac Lieu,2006-07-22,2006,7,22,4.062286680266544
Bac Lieu,2006-07-23,2006,7,23,11.238634307735373
Bac Lieu,2006-07-24,2006,7,24,1.976121483883768
Bac Lieu,2006-07-25,2006,7,25,0.0
Bac Lieu,2006-07-26,2006,7,26,0.1466928490512776
Bac Lieu,2006-07-27,2006,7,27,0.4891797393582903
Bac Lieu,2006-07-28,2006,7,28,2.55499873576974
Bac Lieu,2006-07-29,2006,7,29,0.0
Bac Lieu,2006-07-30,2006,7,30,23.079241945374694
Bac Lieu,2006-07-31,2006,7,31,4.132653242183181
Bac Lieu,2006-08-01,2006,8,1,0.0296550368003125
Bac Lieu,2006-08-02,2006,8,2,0.0
Bac Lieu,2006-08-03,2006,8,3,14.424534909986102
Bac Lieu,2006-08-04,2006,8,4,11.223945712233492
Bac Lieu,2006-08-05,2006,8,5,11.80075638834036
Bac Lieu,2006-08-06,2006,8,6,3.038233262188029
Bac Lieu,2006-08-07,2006,8,7,21.522975568951303
Bac Lieu,2006-08-08,2006,8,8,23.91812974274834
Bac Lieu,2006-08-09,2006,8,9,9.764072656091656
Bac Lieu,2006-08-10,2006,8,10,8.127563942801281
Bac Lieu,2006-08-11,2006,8,11,16.92525637579864
Bac Lieu,2006-08-12,2006,8,12,14.950472257398213
Bac Lieu,2006-08-13,2006,8,13,29.283655625865144
Bac Lieu,2006-08-14,2006,8,14,3.9347099964933583
Bac Lieu,2006-08-15,2006,8,15,0.9046422290622064
Bac Lieu,2006-08-16,2006,8,16,0.0
Bac Lieu,2006-08-17,2006,8,17,0.0
Bac Lieu,2006-08-18,2006,8,18,0.0
Bac Lieu,2006-08-19,2006,8,19,1.9384310267736329
Bac Lieu,2006-08-20,2006,8,20,3.8419155491613
Bac Lieu,2006-08-21,2006,8,21,0.0
Bac Lieu,2006-08-22,2006,8,22,10.749036388937032
Bac Lieu,2006-08-23,2006,8,23,3.930356961052373
Bac Lieu,2006-08-24,2006,8,24,0.3780450760463499
Bac Lieu,2006-08-25,2006,8,25,2.157979419708252
Bac Lieu,2006-08-26,2006,8,26,6.480921213275983
Bac Lieu,2006-08-27,2006,8,27,2.502877489449843
Bac Lieu,2006-08-28,2006,8,28,41.90587607610451
Bac Lieu,2006-08-29,2006,8,29,23.32598146352228
Bac Lieu,2006-08-30,2006,8,30,27.150495708969405
Bac Lieu,2006-08-31,2006,8,31,17.843994556714907
Bac Lieu,2006-09-01,2006,9,1,3.5160059161995947
Bac Lieu,2006-09-02,2006,9,2,0.4130524215338366
Bac Lieu,2006-09-03,2006,9,3,19.6233793247151
Bac Lieu,2006-09-04,2006,9,4,26.58261391398592
Bac Lieu,2006-09-05,2006,9,5,1.4139530472665467
Bac Lieu,2006-09-06,2006,9,6,1.462285319760161
Bac Lieu,2006-09-07,2006,9,7,1.286937441717904
Bac Lieu,2006-09-08,2006,9,8,3.6311811594243326
Bac Lieu,2006-09-09,2006,9,9,1.2634559778087546
Bac Lieu,2006-09-10,2006,9,10,7.818835034055532
Bac Lieu,2006-09-11,2006,9,11,13.160283724550933
Bac Lieu,2006-09-12,2006,9,12,25.8889733025173
Bac Lieu,2006-09-13,2006,9,13,3.041760561133332
Bac Lieu,2006-09-14,2006,9,14,5.157201674695286
Bac Lieu,2006-09-15,2006,9,15,5.379412375558099
Bac Lieu,2006-09-16,2006,9,16,1.422610299866155
Bac Lieu,2006-09-17,2006,9,17,12.765721939464788
Bac Lieu,2006-09-18,2006,9,18,12.529067301534258
Bac Lieu,2006-09-19,2006,9,19,1.6423001943624245
Bac Lieu,2006-09-20,2006,9,20,0.8047327069696392
Bac Lieu,2006-09-21,2006,9,21,27.098826334611427
Bac Lieu,2006-09-22,2006,9,22,20.206322096518758
Bac Lieu,2006-09-23,2006,9,23,5.530926323350871
Bac Lieu,2006-09-24,2006,9,24,17.85276338429721
Bac Lieu,2006-09-25,2006,9,25,34.69981766639567
Bac Lieu,2006-09-26,2006,9,26,36.917964111867946
Bac Lieu,2006-09-27,2006,9,27,24.932565386466266
Bac Lieu,2006-09-28,2006,9,28,19.82269688422725
Bac Lieu,2006-09-29,2006,9,29,0.0
Bac Lieu,2006-09-30,2006,9,30,10.835890310539387
Bac Lieu,2006-10-01,2006,10,1,34.40144039773042
Bac Lieu,2006-10-02,2006,10,2,11.115647746571955
Bac Lieu,2006-10-03,2006,10,3,0.503853908466843
Bac Lieu,2006-10-04,2006,10,4,16.455159791442586
Bac Lieu,2006-10-05,2006,10,5,1.641235590880772
Bac Lieu,2006-10-06,2006,10,6,10.934461688401566
Bac Lieu,2006-10-07,2006,10,7,3.42938257748226
Bac Lieu,2006-10-08,2006,10,8,0.1331101001883453
Bac Lieu,2006-10-09,2006,10,9,18.552890708671427
Bac Lieu,2006-10-10,2006,10,10,3.24738729622679
Bac Lieu,2006-10-11,2006,10,11,0.8098783166633462
Bac Lieu,2006-10-12,2006,10,12,0.0
Bac Lieu,2006-10-13,2006,10,13,8.436479688770367
Bac Lieu,2006-10-14,2006,10,14,18.762832386052835
Bac Lieu,2006-10-15,2006,10,15,6.494131493352494
Bac Lieu,2006-10-16,2006,10,16,3.4922290710593167
Bac Lieu,2006-10-17,2006,10,17,12.45064067226086
Bac Lieu,2006-10-18,2006,10,18,12.96801153620234
Bac Lieu,2006-10-19,2006,10,19,0.0
Bac Lieu,2006-10-20,2006,10,20,0.0030497286544655
Bac Lieu,2006-10-21,2006,10,21,0.0
Bac Lieu,2006-10-22,2006,10,22,9.60751547180032
Bac Lieu,2006-10-23,2006,10,23,1.0171980680249777
Bac Lieu,2006-10-24,2006,10,24,0.0
Bac Lieu,2006-10-25,2006,10,25,4.180093994050656
Bac Lieu,2006-10-26,2006,10,26,4.466228171762432
Bac Lieu,2006-10-27,2006,10,27,3.994109287729803
Bac Lieu,2006-10-28,2006,10,28,0.8120700661281371
Bac Lieu,2006-10-29,2006,10,29,3.4139879542296794
Bac Lieu,2006-10-30,2006,10,30,12.27353645234738
Bac Lieu,2006-10-31,2006,10,31,5.411165617259043
Bac Lieu,2006-11-01,2006,11,1,8.508218579472238
Bac Lieu,2006-11-02,2006,11,2,0.0
Bac Lieu,2006-11-03,2006,11,3,2.645309651932627
Bac Lieu,2006-11-04,2006,11,4,0.0
Bac Lieu,2006-11-05,2006,11,5,7.5456007450031795
Bac Lieu,2006-11-06,2006,11,6,0.0
Bac Lieu,2006-11-07,2006,11,7,10.069775294447846
Bac Lieu,2006-11-08,2006,11,8,2.320558249563541
Bac Lieu,2006-11-09,2006,11,9,0.562462163925171
Bac Lieu,2006-11-10,2006,11,10,0.0
Bac Lieu,2006-11-11,2006,11,11,1.3260797369974968
Bac Lieu,2006-11-12,2006,11,12,0.0
Bac Lieu,2006-11-13,2006,11,13,0.0
Bac Lieu,2006-11-14,2006,11,14,2.802627087485116
Bac Lieu,2006-11-15,2006,11,15,0.2444405321265167
Bac Lieu,2006-11-16,2006,11,16,0.042427568543632
Bac Lieu,2006-11-17,2006,11,17,0.1924929397870909
Bac Lieu,2006-11-18,2006,11,18,0.0939565861000205
Bac Lieu,2006-11-19,2006,11,19,8.228822092092264
Bac Lieu,2006-11-20,2006,11,20,0.1103850500538664
Bac Lieu,2006-11-21,2006,11,21,16.817359125965048
Bac Lieu,2006-11-22,2006,11,22,1.8571282837165977
Bac Lieu,2006-11-23,2006,11,23,0.0
Bac Lieu,2006-11-24,2006,11,24,0.0
Bac Lieu,2006-11-25,2006,11,25,0.0
Bac Lieu,2006-11-26,2006,11,26,0.1883236284255981
Bac Lieu,2006-11-27,2006,11,27,0.0
Bac Lieu,2006-11-28,2006,11,28,0.0
Bac Lieu,2006-11-29,2006,11,29,0.0
Bac Lieu,2006-11-30,2006,11,30,0.0
Bac Lieu,2006-12-01,2006,12,1,0.5250711983374831
Bac Lieu,2006-12-02,2006,12,2,0.0
Bac Lieu,2006-12-03,2006,12,3,0.0
Bac Lieu,2006-12-04,2006,12,4,0.0964015306076913
Bac Lieu,2006-12-05,2006,12,5,12.463016706358712
Bac Lieu,2006-12-06,2006,12,6,2.47956242008929
Bac Lieu,2006-12-07,2006,12,7,0.0
Bac Lieu,2006-12-08,2006,12,8,0.320277214050293
Bac Lieu,2006-12-09,2006,12,9,0.0
Bac Lieu,2006-12-10,2006,12,10,0.2188195054036266
Bac Lieu,2006-12-11,2006,12,11,0.0
Bac Lieu,2006-12-12,2006,12,12,0.8325017177833702
Bac Lieu,2006-12-13,2006,12,13,0.0
Bac Lieu,2006-12-14,2006,12,14,0.0
Bac Lieu,2006-12-15,2006,12,15,0.0
Bac Lieu,2006-12-16,2006,12,16,0.0
Bac Lieu,2006-12-17,2006,12,17,0.0
Bac Lieu,2006-12-18,2006,12,18,0.0
Bac Lieu,2006-12-19,2006,12,19,0.0160562325603557
Bac Lieu,2006-12-20,2006,12,20,0.1629338969824449
Bac Lieu,2006-12-21,2006,12,21,0.0
Bac Lieu,2006-12-22,2006,12,22,0.0
Bac Lieu,2006-12-23,2006,12,23,0.0
Bac Lieu,2006-12-24,2006,12,24,0.0
Bac Lieu,2006-12-25,2006,12,25,0.0
Bac Lieu,2006-12-26,2006,12,26,0.0
Bac Lieu,2006-12-27,2006,12,27,0.0
Bac Lieu,2006-12-28,2006,12,28,0.0529943196728544
Bac Lieu,2006-12-29,2006,12,29,0.5191035485807456
Bac Lieu,2006-12-30,2006,12,30,0.4375098747577308
Bac Lieu,2006-12-31,2006,12,31,5.047153517381201
Bac Lieu,2007-01-01,2007,1,1,6.009040176733486
Bac Lieu,2007-01-02,2007,1,2,2.4974903954559906
Bac Lieu,2007-01-03,2007,1,3,0.582029308058181
Bac Lieu,2007-01-04,2007,1,4,0.4965769946192796
Bac Lieu,2007-01-05,2007,1,5,6.822696826008132
Bac Lieu,2007-01-06,2007,1,6,4.326360271543827
Bac Lieu,2007-01-07,2007,1,7,2.446643344429304
Bac Lieu,2007-01-08,2007,1,8,0.0
Bac Lieu,2007-01-09,2007,1,9,0.0
Bac Lieu,2007-01-10,2007,1,10,0.0
Bac Lieu,2007-01-11,2007,1,11,0.0
Bac Lieu,2007-01-12,2007,1,12,0.0
Bac Lieu,2007-01-13,2007,1,13,0.0
Bac Lieu,2007-01-14,2007,1,14,0.0
Bac Lieu,2007-01-15,2007,1,15,0.0
Bac Lieu,2007-01-16,2007,1,16,0.0
Bac Lieu,2007-01-17,2007,1,17,0.0
Bac Lieu,2007-01-18,2007,1,18,0.0
Bac Lieu,2007-01-19,2007,1,19,0.0
Bac Lieu,2007-01-20,2007,1,20,0.0
Bac Lieu,2007-01-21,2007,1,21,0.0
Bac Lieu,2007-01-22,2007,1,22,0.0
Bac Lieu,2007-01-23,2007,1,23,0.0
Bac Lieu,2007-01-24,2007,1,24,0.0
Bac Lieu,2007-01-25,2007,1,25,0.1645250702826482
Bac Lieu,2007-01-26,2007,1,26,0.0
Bac Lieu,2007-01-27,2007,1,27,0.0
Bac Lieu,2007-01-28,2007,1,28,0.0
Bac Lieu,2007-01-29,2007,1,29,0.0
Bac Lieu,2007-01-30,2007,1,30,0.0
Bac Lieu,2007-01-31,2007,1,31,0.0
Bac Lieu,2007-02-01,2007,2,1,0.0
Bac Lieu,2007-02-02,2007,2,2,0.0
Bac Lieu,2007-02-03,2007,2,3,0.0
Bac Lieu,2007-02-04,2007,2,4,0.0
Bac Lieu,2007-02-05,2007,2,5,0.0
Bac Lieu,2007-02-06,2007,2,6,0.0
Bac Lieu,2007-02-07,2007,2,7,0.0
Bac Lieu,2007-02-08,2007,2,8,0.0
Bac Lieu,2007-02-09,2007,2,9,0.0
Bac Lieu,2007-02-10,2007,2,10,0.0
Bac Lieu,2007-02-11,2007,2,11,0.0
Bac Lieu,2007-02-12,2007,2,12,0.0
Bac Lieu,2007-02-13,2007,2,13,0.0
Bac Lieu,2007-02-14,2007,2,14,0.0
Bac Lieu,2007-02-15,2007,2,15,0.0
Bac Lieu,2007-02-16,2007,2,16,0.0
Bac Lieu,2007-02-17,2007,2,17,0.0
Bac Lieu,2007-02-18,2007,2,18,0.0
Bac Lieu,2007-02-19,2007,2,19,0.0
Bac Lieu,2007-02-20,2007,2,20,0.0
Bac Lieu,2007-02-21,2007,2,21,0.8128600251989545
Bac Lieu,2007-02-22,2007,2,22,0.3853145214701599
Bac Lieu,2007-02-23,2007,2,23,0.0
Bac Lieu,2007-02-24,2007,2,24,0.0
Bac Lieu,2007-02-25,2007,2,25,0.0
Bac Lieu,2007-02-26,2007,2,26,2.26808065964141
Bac Lieu,2007-02-27,2007,2,27,0.0
Bac Lieu,2007-02-28,2007,2,28,0.0488949620048954
Bac Lieu,2007-03-01,2007,3,1,0.0
Bac Lieu,2007-03-02,2007,3,2,0.0022015714060585
Bac Lieu,2007-03-03,2007,3,3,0.0
Bac Lieu,2007-03-04,2007,3,4,0.0
Bac Lieu,2007-03-05,2007,3,5,0.0
Bac Lieu,2007-03-06,2007,3,6,0.0
Bac Lieu,2007-03-07,2007,3,7,0.0
Bac Lieu,2007-03-08,2007,3,8,0.0
Bac Lieu,2007-03-09,2007,3,9,0.0
Bac Lieu,2007-03-10,2007,3,10,0.0
Bac Lieu,2007-03-11,2007,3,11,0.0
Bac Lieu,2007-03-12,2007,3,12,0.0
Bac Lieu,2007-03-13,2007,3,13,0.0
Bac Lieu,2007-03-14,2007,3,14,0.0
Bac Lieu,2007-03-15,2007,3,15,0.0
Bac Lieu,2007-03-16,2007,3,16,0.0
Bac Lieu,2007-03-17,2007,3,17,0.0
Bac Lieu,2007-03-18,2007,3,18,1.204555751953485
Bac Lieu,2007-03-19,2007,3,19,0.0
Bac Lieu,2007-03-20,2007,3,20,10.035834509453682
Bac Lieu,2007-03-21,2007,3,21,0.0
Bac Lieu,2007-03-22,2007,3,22,3.161330754109149
Bac Lieu,2007-03-23,2007,3,23,6.304804470188213
Bac Lieu,2007-03-24,2007,3,24,0.3887064869268885
Bac Lieu,2007-03-25,2007,3,25,0.5588925734825855
Bac Lieu,2007-03-26,2007,3,26,0.1912653689609383
Bac Lieu,2007-03-27,2007,3,27,0.0
Bac Lieu,2007-03-28,2007,3,28,0.0
Bac Lieu,2007-03-29,2007,3,29,0.0
Bac Lieu,2007-03-30,2007,3,30,0.0
Bac Lieu,2007-03-31,2007,3,31,0.0
Bac Lieu,2007-04-01,2007,4,1,0.0
Bac Lieu,2007-04-02,2007,4,2,0.0
Bac Lieu,2007-04-03,2007,4,3,0.0
Bac Lieu,2007-04-04,2007,4,4,0.0
Bac Lieu,2007-04-05,2007,4,5,0.0
Bac Lieu,2007-04-06,2007,4,6,0.0
Bac Lieu,2007-04-07,2007,4,7,0.0
Bac Lieu,2007-04-08,2007,4,8,0.414589369378
Bac Lieu,2007-04-09,2007,4,9,0.0
Bac Lieu,2007-04-10,2007,4,10,0.0
Bac Lieu,2007-04-11,2007,4,11,0.5137757036416037
Bac Lieu,2007-04-12,2007,4,12,0.0
Bac Lieu,2007-04-13,2007,4,13,0.0
Bac Lieu,2007-04-14,2007,4,14,0.0
Bac Lieu,2007-04-15,2007,4,15,0.0
Bac Lieu,2007-04-16,2007,4,16,0.8923938840200316
Bac Lieu,2007-04-17,2007,4,17,0.2446567482453472
Bac Lieu,2007-04-18,2007,4,18,3.294719735590917
Bac Lieu,2007-04-19,2007,4,19,1.296415523753976
Bac Lieu,2007-04-20,2007,4,20,0.0
Bac Lieu,2007-04-21,2007,4,21,0.0
Bac Lieu,2007-04-22,2007,4,22,0.0
Bac Lieu,2007-04-23,2007,4,23,1.8607968822020409
Bac Lieu,2007-04-24,2007,4,24,0.0
Bac Lieu,2007-04-25,2007,4,25,0.0
Bac Lieu,2007-04-26,2007,4,26,19.073683489133725
Bac Lieu,2007-04-27,2007,4,27,12.65445703225766
Bac Lieu,2007-04-28,2007,4,28,10.23374453778537
Bac Lieu,2007-04-29,2007,4,29,7.58981650622386
Bac Lieu,2007-04-30,2007,4,30,24.8850183854373
Bac Lieu,2007-05-01,2007,5,1,8.214661766016262
Bac Lieu,2007-05-02,2007,5,2,0.0
Bac Lieu,2007-05-03,2007,5,3,0.0
Bac Lieu,2007-05-04,2007,5,4,3.314079890035234
Bac Lieu,2007-05-05,2007,5,5,6.516666826032244
Bac Lieu,2007-05-06,2007,5,6,15.470940572396769
Bac Lieu,2007-05-07,2007,5,7,15.074899504679555
Bac Lieu,2007-05-08,2007,5,8,4.565488378011957
Bac Lieu,2007-05-09,2007,5,9,16.829369970249683
Bac Lieu,2007-05-10,2007,5,10,9.445928789885542
Bac Lieu,2007-05-11,2007,5,11,12.364124730182144
Bac Lieu,2007-05-12,2007,5,12,14.97062270653923
Bac Lieu,2007-05-13,2007,5,13,12.015499858568305
Bac Lieu,2007-05-14,2007,5,14,6.620274396752412
Bac Lieu,2007-05-15,2007,5,15,0.8132761047471246
Bac Lieu,2007-05-16,2007,5,16,7.76534074511618
Bac Lieu,2007-05-17,2007,5,17,0.8892373470810224
Bac Lieu,2007-05-18,2007,5,18,1.8324258026446936
Bac Lieu,2007-05-19,2007,5,19,3.356504707651318
Bac Lieu,2007-05-20,2007,5,20,9.204060821065363
Bac Lieu,2007-05-21,2007,5,21,5.750218020259211
Bac Lieu,2007-05-22,2007,5,22,0.9438891066605194
Bac Lieu,2007-05-23,2007,5,23,2.152609364653534
Bac Lieu,2007-05-24,2007,5,24,0.0
Bac Lieu,2007-05-25,2007,5,25,8.076621324485203
Bac Lieu,2007-05-26,2007,5,26,17.8482004070282
Bac Lieu,2007-05-27,2007,5,27,17.183636054524836
Bac Lieu,2007-05-28,2007,5,28,11.834896802038518
Bac Lieu,2007-05-29,2007,5,29,7.749922139221768
Bac Lieu,2007-05-30,2007,5,30,2.757846263867504
Bac Lieu,2007-05-31,2007,5,31,4.872783030006121
Bac Lieu,2007-06-01,2007,6,1,7.448830632551662
Bac Lieu,2007-06-02,2007,6,2,17.673555747446027
Bac Lieu,2007-06-03,2007,6,3,12.661699233990795
Bac Lieu,2007-06-04,2007,6,4,1.6601362569197171
Bac Lieu,2007-06-05,2007,6,5,3.293602802834421
Bac Lieu,2007-06-06,2007,6,6,7.676345831925015
Bac Lieu,2007-06-07,2007,6,7,4.500196815184827
Bac Lieu,2007-06-08,2007,6,8,1.4099596349968102
Bac Lieu,2007-06-09,2007,6,9,1.9090719805123677
Bac Lieu,2007-06-10,2007,6,10,0.0
Bac Lieu,2007-06-11,2007,6,11,0.5572540245236093
Bac Lieu,2007-06-12,2007,6,12,0.0
Bac Lieu,2007-06-13,2007,6,13,0.0
Bac Lieu,2007-06-14,2007,6,14,4.366617983404195
Bac Lieu,2007-06-15,2007,6,15,8.668948241638686
Bac Lieu,2007-06-16,2007,6,16,9.047609463799676
Bac Lieu,2007-06-17,2007,6,17,4.062564483210727
Bac Lieu,2007-06-18,2007,6,18,8.855436140384315
Bac Lieu,2007-06-19,2007,6,19,6.396479091968177
Bac Lieu,2007-06-20,2007,6,20,17.996214917884682
Bac Lieu,2007-06-21,2007,6,21,12.089011700846116
Bac Lieu,2007-06-22,2007,6,22,27.64797896226847
Bac Lieu,2007-06-23,2007,6,23,25.192605112651616
Bac Lieu,2007-06-24,2007,6,24,5.010517662120316
Bac Lieu,2007-06-25,2007,6,25,6.99467273098568
Bac Lieu,2007-06-26,2007,6,26,6.589931545797385
Bac Lieu,2007-06-27,2007,6,27,24.798453100132495
Bac Lieu,2007-06-28,2007,6,28,5.208623907611056
Bac Lieu,2007-06-29,2007,6,29,18.75273495222488
Bac Lieu,2007-06-30,2007,6,30,20.26806851667728
Bac Lieu,2007-07-01,2007,7,1,13.812894986422556
Bac Lieu,2007-07-02,2007,7,2,0.0
Bac Lieu,2007-07-03,2007,7,3,13.29113144842184
Bac Lieu,2007-07-04,2007,7,4,13.477328349977167
Bac Lieu,2007-07-05,2007,7,5,9.669855033658584
Bac Lieu,2007-07-06,2007,7,6,49.42800687595584
Bac Lieu,2007-07-07,2007,7,7,0.6913205796367718
Bac Lieu,2007-07-08,2007,7,8,12.385505856729903
Bac Lieu,2007-07-09,2007,7,9,14.492756209499433
Bac Lieu,2007-07-10,2007,7,10,4.959905397055285
Bac Lieu,2007-07-11,2007,7,11,24.268681742794108
Bac Lieu,2007-07-12,2007,7,12,0.0
Bac Lieu,2007-07-13,2007,7,13,13.138529680485997
Bac Lieu,2007-07-14,2007,7,14,15.74873244861387
Bac Lieu,2007-07-15,2007,7,15,14.186830924178071
Bac Lieu,2007-07-16,2007,7,16,7.656669233106219
Bac Lieu,2007-07-17,2007,7,17,0.0
Bac Lieu,2007-07-18,2007,7,18,0.4032247149449474
Bac Lieu,2007-07-19,2007,7,19,0.2747335100893704
Bac Lieu,2007-07-20,2007,7,20,5.494541873590001
Bac Lieu,2007-07-21,2007,7,21,0.9691442727052942
Bac Lieu,2007-07-22,2007,7,22,10.678754080808393
Bac Lieu,2007-07-23,2007,7,23,7.503778128830893
Bac Lieu,2007-07-24,2007,7,24,4.315844785285446
Bac Lieu,2007-07-25,2007,7,25,2.64737908891462
Bac Lieu,2007-07-26,2007,7,26,5.210399489456753
Bac Lieu,2007-07-27,2007,7,27,18.4723245476057
Bac Lieu,2007-07-28,2007,7,28,25.99529627760402
Bac Lieu,2007-07-29,2007,7,29,3.8782551108846137
Bac Lieu,2007-07-30,2007,7,30,9.274269406624562
Bac Lieu,2007-07-31,2007,7,31,4.143462840925974
Bac Lieu,2007-08-01,2007,8,1,0.0
Bac Lieu,2007-08-02,2007,8,2,19.677159313417835
Bac Lieu,2007-08-03,2007,8,3,7.176969118820048
Bac Lieu,2007-08-04,2007,8,4,22.242293140195454
Bac Lieu,2007-08-05,2007,8,5,22.93729965843345
Bac Lieu,2007-08-06,2007,8,6,19.93009980241308
Bac Lieu,2007-08-07,2007,8,7,0.9567955089065264
Bac Lieu,2007-08-08,2007,8,8,18.288843085217028
Bac Lieu,2007-08-09,2007,8,9,40.26274350378649
Bac Lieu,2007-08-10,2007,8,10,0.8055005165136085
Bac Lieu,2007-08-11,2007,8,11,3.066297505684619
Bac Lieu,2007-08-12,2007,8,12,0.0
Bac Lieu,2007-08-13,2007,8,13,1.399798598343471
Bac Lieu,2007-08-14,2007,8,14,6.431545201139631
Bac Lieu,2007-08-15,2007,8,15,11.536467301944516
Bac Lieu,2007-08-16,2007,8,16,31.89330529418081
Bac Lieu,2007-08-17,2007,8,17,10.61260897096598
Bac Lieu,2007-08-18,2007,8,18,0.2854821666681542
Bac Lieu,2007-08-19,2007,8,19,5.800683719005226
Bac Lieu,2007-08-20,2007,8,20,4.097929025308142
Bac Lieu,2007-08-21,2007,8,21,9.42207894089537
Bac Lieu,2007-08-22,2007,8,22,0.0
Bac Lieu,2007-08-23,2007,8,23,5.974094272793465
Bac Lieu,2007-08-24,2007,8,24,5.858601542148951
Bac Lieu,2007-08-25,2007,8,25,9.03479253203914
Bac Lieu,2007-08-26,2007,8,26,14.993286528839256
Bac Lieu,2007-08-27,2007,8,27,11.873626788049377
Bac Lieu,2007-08-28,2007,8,28,12.28826326488999
Bac Lieu,2007-08-29,2007,8,29,12.52064888722042
Bac Lieu,2007-08-30,2007,8,30,9.010943326374273
Bac Lieu,2007-08-31,2007,8,31,8.52120230325663
Bac Lieu,2007-09-01,2007,9,1,12.147154746109589
Bac Lieu,2007-09-02,2007,9,2,22.685917273791333
Bac Lieu,2007-09-03,2007,9,3,13.373633891447536
Bac Lieu,2007-09-04,2007,9,4,5.008398387513071
Bac Lieu,2007-09-05,2007,9,5,0.0
Bac Lieu,2007-09-06,2007,9,6,1.3445652131494492
Bac Lieu,2007-09-07,2007,9,7,1.1413092620777636
Bac Lieu,2007-09-08,2007,9,8,3.687250021777064
Bac Lieu,2007-09-09,2007,9,9,0.0
Bac Lieu,2007-09-10,2007,9,10,6.366876818836862
Bac Lieu,2007-09-11,2007,9,11,4.697179029770617
Bac Lieu,2007-09-12,2007,9,12,11.274396181394474
Bac Lieu,2007-09-13,2007,9,13,2.3821298948863774
Bac Lieu,2007-09-14,2007,9,14,18.016091667427208
Bac Lieu,2007-09-15,2007,9,15,6.410802557243493
Bac Lieu,2007-09-16,2007,9,16,28.66661696873071
Bac Lieu,2007-09-17,2007,9,17,12.06915939537984
Bac Lieu,2007-09-18,2007,9,18,16.8241379131821
Bac Lieu,2007-09-19,2007,9,19,10.688314608933792
Bac Lieu,2007-09-20,2007,9,20,33.1556581970071
Bac Lieu,2007-09-21,2007,9,21,0.3364403758138981
Bac Lieu,2007-09-22,2007,9,22,2.061862129859205
Bac Lieu,2007-09-23,2007,9,23,19.77329120315696
Bac Lieu,2007-09-24,2007,9,24,18.38243993590013
Bac Lieu,2007-09-25,2007,9,25,22.30978127224041
Bac Lieu,2007-09-26,2007,9,26,4.486835048981433
Bac Lieu,2007-09-27,2007,9,27,12.989028719884043
Bac Lieu,2007-09-28,2007,9,28,10.478885159546476
Bac Lieu,2007-09-29,2007,9,29,8.483097019141574
Bac Lieu,2007-09-30,2007,9,30,8.118481116672735
Bac Lieu,2007-10-01,2007,10,1,33.97382274829218
Bac Lieu,2007-10-02,2007,10,2,16.48945625958353
Bac Lieu,2007-10-03,2007,10,3,5.443868766820657
Bac Lieu,2007-10-04,2007,10,4,16.160533431197113
Bac Lieu,2007-10-05,2007,10,5,6.052988989452147
Bac Lieu,2007-10-06,2007,10,6,4.186795367123945
Bac Lieu,2007-10-07,2007,10,7,3.4286117150468653
Bac Lieu,2007-10-08,2007,10,8,0.3379934045863602
Bac Lieu,2007-10-09,2007,10,9,16.276114962091988
Bac Lieu,2007-10-10,2007,10,10,13.289426921844484
Bac Lieu,2007-10-11,2007,10,11,25.98390913056428
Bac Lieu,2007-10-12,2007,10,12,9.71082035753862
Bac Lieu,2007-10-13,2007,10,13,13.8053299940937
Bac Lieu,2007-10-14,2007,10,14,2.6288577517023626
Bac Lieu,2007-10-15,2007,10,15,7.683989004459023
Bac Lieu,2007-10-16,2007,10,16,2.691028102155002
Bac Lieu,2007-10-17,2007,10,17,1.7782161002429029
Bac Lieu,2007-10-18,2007,10,18,19.801797740540422
Bac Lieu,2007-10-19,2007,10,19,2.2917701558706898
Bac Lieu,2007-10-20,2007,10,20,1.582082899165604
Bac Lieu,2007-10-21,2007,10,21,0.0583497982205085
Bac Lieu,2007-10-22,2007,10,22,21.0516155746388
Bac Lieu,2007-10-23,2007,10,23,1.4955803135565993
Bac Lieu,2007-10-24,2007,10,24,12.360296060040312
Bac Lieu,2007-10-25,2007,10,25,25.4934995830104
Bac Lieu,2007-10-26,2007,10,26,9.04545587872559
Bac Lieu,2007-10-27,2007,10,27,6.6306131556528936
Bac Lieu,2007-10-28,2007,10,28,6.092261208786156
Bac Lieu,2007-10-29,2007,10,29,6.2312142939657535
Bac Lieu,2007-10-30,2007,10,30,7.865353079687875
Bac Lieu,2007-10-31,2007,10,31,0.0
Bac Lieu,2007-11-01,2007,11,1,0.3454974352638676
Bac Lieu,2007-11-02,2007,11,2,27.903496374310187
Bac Lieu,2007-11-03,2007,11,3,7.894649874093399
Bac Lieu,2007-11-04,2007,11,4,26.808007500162663
Bac Lieu,2007-11-05,2007,11,5,39.36123370023044
Bac Lieu,2007-11-06,2007,11,6,0.7182894278112448
Bac Lieu,2007-11-07,2007,11,7,13.08398780678803
Bac Lieu,2007-11-08,2007,11,8,0.0
Bac Lieu,2007-11-09,2007,11,9,0.0
Bac Lieu,2007-11-10,2007,11,10,0.4811591525887544
Bac Lieu,2007-11-11,2007,11,11,30.845893260416
Bac Lieu,2007-11-12,2007,11,12,13.690586064428656
Bac Lieu,2007-11-13,2007,11,13,0.0
Bac Lieu,2007-11-14,2007,11,14,0.0
Bac Lieu,2007-11-15,2007,11,15,0.3649885687558156
Bac Lieu,2007-11-16,2007,11,16,0.2509626231283512
Bac Lieu,2007-11-17,2007,11,17,0.0
Bac Lieu,2007-11-18,2007,11,18,0.4146840754095113
Bac Lieu,2007-11-19,2007,11,19,1.091939324037084
Bac Lieu,2007-11-20,2007,11,20,7.448602331863261
Bac Lieu,2007-11-21,2007,11,21,9.546183079773527
Bac Lieu,2007-11-22,2007,11,22,19.230932602036678
Bac Lieu,2007-11-23,2007,11,23,23.762305218138785
Bac Lieu,2007-11-24,2007,11,24,1.9459154286834437
Bac Lieu,2007-11-25,2007,11,25,0.1174241956674827
Bac Lieu,2007-11-26,2007,11,26,0.0143986928687905
Bac Lieu,2007-11-27,2007,11,27,0.0
Bac Lieu,2007-11-28,2007,11,28,0.0
Bac Lieu,2007-11-29,2007,11,29,0.0
Bac Lieu,2007-11-30,2007,11,30,0.0
Bac Lieu,2007-12-01,2007,12,1,0.0
Bac Lieu,2007-12-02,2007,12,2,0.0
Bac Lieu,2007-12-03,2007,12,3,0.0
Bac Lieu,2007-12-04,2007,12,4,0.0
Bac Lieu,2007-12-05,2007,12,5,0.0
Bac Lieu,2007-12-06,2007,12,6,3.8973551879558936
Bac Lieu,2007-12-07,2007,12,7,2.1506123409811058
Bac Lieu,2007-12-08,2007,12,8,0.5587869274931134
Bac Lieu,2007-12-09,2007,12,9,0.0
Bac Lieu,2007-12-10,2007,12,10,0.0
Bac Lieu,2007-12-11,2007,12,11,2.161397754417276
Bac Lieu,2007-12-12,2007,12,12,0.0
Bac Lieu,2007-12-13,2007,12,13,0.0
Bac Lieu,2007-12-14,2007,12,14,0.0
Bac Lieu,2007-12-15,2007,12,15,0.0
Bac Lieu,2007-12-16,2007,12,16,0.0
Bac Lieu,2007-12-17,2007,12,17,0.0836260498064869
Bac Lieu,2007-12-18,2007,12,18,6.649394148277787
Bac Lieu,2007-12-19,2007,12,19,0.3211811824699618
Bac Lieu,2007-12-20,2007,12,20,0.0
Bac Lieu,2007-12-21,2007,12,21,0.0
Bac Lieu,2007-12-22,2007,12,22,5.477688903592669
Bac Lieu,2007-12-23,2007,12,23,0.0
Bac Lieu,2007-12-24,2007,12,24,0.0833048967235493
Bac Lieu,2007-12-25,2007,12,25,0.0
Bac Lieu,2007-12-26,2007,12,26,0.4141821205526028
Bac Lieu,2007-12-27,2007,12,27,0.0204470725014524
Bac Lieu,2007-12-28,2007,12,28,9.36172390320616
Bac Lieu,2007-12-29,2007,12,29,5.020232328747805
Bac Lieu,2007-12-30,2007,12,30,0.0345749977534672
Bac Lieu,2007-12-31,2007,12,31,0.0
Bac Lieu,2008-01-01,2008,1,1,0.0
Bac Lieu,2008-01-02,2008,1,2,4.305591365301384
Bac Lieu,2008-01-03,2008,1,3,17.266485036777997
Bac Lieu,2008-01-04,2008,1,4,8.336571169907192
Bac Lieu,2008-01-05,2008,1,5,0.0
Bac Lieu,2008-01-06,2008,1,6,0.0
Bac Lieu,2008-01-07,2008,1,7,0.0
Bac Lieu,2008-01-08,2008,1,8,0.0
Bac Lieu,2008-01-09,2008,1,9,0.0
Bac Lieu,2008-01-10,2008,1,10,0.0
Bac Lieu,2008-01-11,2008,1,11,0.0
Bac Lieu,2008-01-12,2008,1,12,0.0
Bac Lieu,2008-01-13,2008,1,13,0.0
Bac Lieu,2008-01-14,2008,1,14,0.0
Bac Lieu,2008-01-15,2008,1,15,0.0
Bac Lieu,2008-01-16,2008,1,16,0.0
Bac Lieu,2008-01-17,2008,1,17,0.0
Bac Lieu,2008-01-18,2008,1,18,0.0
Bac Lieu,2008-01-19,2008,1,19,0.0
Bac Lieu,2008-01-20,2008,1,20,0.1492407437810358
Bac Lieu,2008-01-21,2008,1,21,0.0
Bac Lieu,2008-01-22,2008,1,22,0.0
Bac Lieu,2008-01-23,2008,1,23,0.0
Bac Lieu,2008-01-24,2008,1,24,0.0
Bac Lieu,2008-01-25,2008,1,25,0.0
Bac Lieu,2008-01-26,2008,1,26,0.0
Bac Lieu,2008-01-27,2008,1,27,0.0
Bac Lieu,2008-01-28,2008,1,28,0.0828311891825694
Bac Lieu,2008-01-29,2008,1,29,0.0
Bac Lieu,2008-01-30,2008,1,30,0.0
Bac Lieu,2008-01-31,2008,1,31,0.0
Bac Lieu,2008-02-01,2008,2,1,0.0
Bac Lieu,2008-02-02,2008,2,2,1.4687963949936744
Bac Lieu,2008-02-03,2008,2,3,0.0
Bac Lieu,2008-02-04,2008,2,4,0.0
Bac Lieu,2008-02-05,2008,2,5,0.0
Bac Lieu,2008-02-06,2008,2,6,0.0
Bac Lieu,2008-02-07,2008,2,7,0.0
Bac Lieu,2008-02-08,2008,2,8,0.0
Bac Lieu,2008-02-09,2008,2,9,0.0
Bac Lieu,2008-02-10,2008,2,10,0.0
Bac Lieu,2008-02-11,2008,2,11,1.5116576817980356
Bac Lieu,2008-02-12,2008,2,12,0.0689200947262206
Bac Lieu,2008-02-13,2008,2,13,0.0
Bac Lieu,2008-02-14,2008,2,14,0.0
Bac Lieu,2008-02-15,2008,2,15,0.0
Bac Lieu,2008-02-16,2008,2,16,2.630253454835911
Bac Lieu,2008-02-17,2008,2,17,0.5198855555327435
Bac Lieu,2008-02-18,2008,2,18,0.0672514253393659
Bac Lieu,2008-02-19,2008,2,19,0.0
Bac Lieu,2008-02-20,2008,2,20,0.0
Bac Lieu,2008-02-21,2008,2,21,0.0
Bac Lieu,2008-02-22,2008,2,22,0.0
Bac Lieu,2008-02-23,2008,2,23,0.0
Bac Lieu,2008-02-24,2008,2,24,0.0
Bac Lieu,2008-02-25,2008,2,25,0.0
Bac Lieu,2008-02-26,2008,2,26,0.0
Bac Lieu,2008-02-27,2008,2,27,0.9499398608252688
Bac Lieu,2008-02-28,2008,2,28,1.9614014289289157
Bac Lieu,2008-02-29,2008,2,29,0.0
Bac Lieu,2008-03-01,2008,3,1,0.0
Bac Lieu,2008-03-02,2008,3,2,0.0
Bac Lieu,2008-03-03,2008,3,3,0.0
Bac Lieu,2008-03-04,2008,3,4,1.6401340815391183
Bac Lieu,2008-03-05,2008,3,5,0.0342847601422723
Bac Lieu,2008-03-06,2008,3,6,0.0
Bac Lieu,2008-03-07,2008,3,7,3.113041357841132
Bac Lieu,2008-03-08,2008,3,8,0.0647514892074297
Bac Lieu,2008-03-09,2008,3,9,0.0
Bac Lieu,2008-03-10,2008,3,10,0.0
Bac Lieu,2008-03-11,2008,3,11,0.0
Bac Lieu,2008-03-12,2008,3,12,0.0
Bac Lieu,2008-03-13,2008,3,13,0.0
Bac Lieu,2008-03-14,2008,3,14,0.0
Bac Lieu,2008-03-15,2008,3,15,0.0
Bac Lieu,2008-03-16,2008,3,16,0.0
Bac Lieu,2008-03-17,2008,3,17,0.0
Bac Lieu,2008-03-18,2008,3,18,0.0
Bac Lieu,2008-03-19,2008,3,19,0.0
Bac Lieu,2008-03-20,2008,3,20,0.8122314446287335
Bac Lieu,2008-03-21,2008,3,21,1.200120322506383
Bac Lieu,2008-03-22,2008,3,22,0.0
Bac Lieu,2008-03-23,2008,3,23,0.0
Bac Lieu,2008-03-24,2008,3,24,0.0
Bac Lieu,2008-03-25,2008,3,25,0.0
Bac Lieu,2008-03-26,2008,3,26,0.0
Bac Lieu,2008-03-27,2008,3,27,0.0
Bac Lieu,2008-03-28,2008,3,28,0.0
Bac Lieu,2008-03-29,2008,3,29,0.0
Bac Lieu,2008-03-30,2008,3,30,0.0
Bac Lieu,2008-03-31,2008,3,31,0.0
Bac Lieu,2008-04-01,2008,4,1,0.00017887953992159862
Bac Lieu,2008-04-02,2008,4,2,0.2440925795312198
Bac Lieu,2008-04-03,2008,4,3,0.0
Bac Lieu,2008-04-04,2008,4,4,0.0
Bac Lieu,2008-04-05,2008,4,5,0.0338696891946612
Bac Lieu,2008-04-06,2008,4,6,0.0
Bac Lieu,2008-04-07,2008,4,7,0.0
Bac Lieu,2008-04-08,2008,4,8,0.0
Bac Lieu,2008-04-09,2008,4,9,0.0
Bac Lieu,2008-04-10,2008,4,10,0.0
Bac Lieu,2008-04-11,2008,4,11,0.0
Bac Lieu,2008-04-12,2008,4,12,0.0
Bac Lieu,2008-04-13,2008,4,13,0.0
Bac Lieu,2008-04-14,2008,4,14,0.0
Bac Lieu,2008-04-15,2008,4,15,0.0504279888800855
Bac Lieu,2008-04-16,2008,4,16,4.6833241692624
Bac Lieu,2008-04-17,2008,4,17,4.264097574773825
Bac Lieu,2008-04-18,2008,4,18,3.583870648073701
Bac Lieu,2008-04-19,2008,4,19,0.0
Bac Lieu,2008-04-20,2008,4,20,0.4806421996377549
Bac Lieu,2008-04-21,2008,4,21,0.2218116962774745
Bac Lieu,2008-04-22,2008,4,22,0.0
Bac Lieu,2008-04-23,2008,4,23,3.9085270176473657
Bac Lieu,2008-04-24,2008,4,24,1.5134287961743915
Bac Lieu,2008-04-25,2008,4,25,10.48261722179629
Bac Lieu,2008-04-26,2008,4,26,0.0061054907744785
Bac Lieu,2008-04-27,2008,4,27,2.5508510816322185
Bac Lieu,2008-04-28,2008,4,28,30.077859814769823
Bac Lieu,2008-04-29,2008,4,29,30.778631029956745
Bac Lieu,2008-04-30,2008,4,30,14.16580518240299
Bac Lieu,2008-05-01,2008,5,1,7.155021785016331
Bac Lieu,2008-05-02,2008,5,2,18.585380441125835
Bac Lieu,2008-05-03,2008,5,3,12.496564149316752
Bac Lieu,2008-05-04,2008,5,4,2.9201674843734167
Bac Lieu,2008-05-05,2008,5,5,6.969273005809424
Bac Lieu,2008-05-06,2008,5,6,11.74139350734567
Bac Lieu,2008-05-07,2008,5,7,5.930639299653611
Bac Lieu,2008-05-08,2008,5,8,9.300370562121552
Bac Lieu,2008-05-09,2008,5,9,3.7998146147368095
Bac Lieu,2008-05-10,2008,5,10,7.519048997438179
Bac Lieu,2008-05-11,2008,5,11,31.5626590089978
Bac Lieu,2008-05-12,2008,5,12,15.732466220387874
Bac Lieu,2008-05-13,2008,5,13,9.091862191938004
Bac Lieu,2008-05-14,2008,5,14,4.411480222018261
Bac Lieu,2008-05-15,2008,5,15,2.7742393312274287
Bac Lieu,2008-05-16,2008,5,16,11.784418149444296
Bac Lieu,2008-05-17,2008,5,17,10.06064314313205
Bac Lieu,2008-05-18,2008,5,18,11.590671794351543
Bac Lieu,2008-05-19,2008,5,19,7.686982672961252
Bac Lieu,2008-05-20,2008,5,20,5.967646652041743
Bac Lieu,2008-05-21,2008,5,21,4.043678864272136
Bac Lieu,2008-05-22,2008,5,22,5.095811116758383
Bac Lieu,2008-05-23,2008,5,23,0.1466954275707029
Bac Lieu,2008-05-24,2008,5,24,2.45933394560724
Bac Lieu,2008-05-25,2008,5,25,2.2477011289416624
Bac Lieu,2008-05-26,2008,5,26,0.0
Bac Lieu,2008-05-27,2008,5,27,4.692775020221495
Bac Lieu,2008-05-28,2008,5,28,13.622868382759815
Bac Lieu,2008-05-29,2008,5,29,7.529047462769276
Bac Lieu,2008-05-30,2008,5,30,0.0
Bac Lieu,2008-05-31,2008,5,31,3.3820909749336963
Bac Lieu,2008-06-01,2008,6,1,3.698295537552744
Bac Lieu,2008-06-02,2008,6,2,2.043257257650484
Bac Lieu,2008-06-03,2008,6,3,0.4199449770045731
Bac Lieu,2008-06-04,2008,6,4,0.517189472369428
Bac Lieu,2008-06-05,2008,6,5,0.199879420721306
Bac Lieu,2008-06-06,2008,6,6,0.0049513719846617
Bac Lieu,2008-06-07,2008,6,7,0.8095669591831712
Bac Lieu,2008-06-08,2008,6,8,19.094996790256147
Bac Lieu,2008-06-09,2008,6,9,26.25051554795032
Bac Lieu,2008-06-10,2008,6,10,26.917223941802987
Bac Lieu,2008-06-11,2008,6,11,42.68983915084265
Bac Lieu,2008-06-12,2008,6,12,10.851799642005057
Bac Lieu,2008-06-13,2008,6,13,3.1583272021491577
Bac Lieu,2008-06-14,2008,6,14,13.160757772121793
Bac Lieu,2008-06-15,2008,6,15,0.0
Bac Lieu,2008-06-16,2008,6,16,0.8392040497941793
Bac Lieu,2008-06-17,2008,6,17,4.803674691056306
Bac Lieu,2008-06-18,2008,6,18,2.9548648675027884
Bac Lieu,2008-06-19,2008,6,19,0.0
Bac Lieu,2008-06-20,2008,6,20,1.084881977594124
Bac Lieu,2008-06-21,2008,6,21,20.117334415435792
Bac Lieu,2008-06-22,2008,6,22,2.66280374678126
Bac Lieu,2008-06-23,2008,6,23,1.986856501273389
Bac Lieu,2008-06-24,2008,6,24,24.96213198892126
Bac Lieu,2008-06-25,2008,6,25,22.43444616497688
Bac Lieu,2008-06-26,2008,6,26,0.0
Bac Lieu,2008-06-27,2008,6,27,0.4947357629560075
Bac Lieu,2008-06-28,2008,6,28,4.615280005365048
Bac Lieu,2008-06-29,2008,6,29,1.1850415888012582
Bac Lieu,2008-06-30,2008,6,30,16.197014044725673
Bac Lieu,2008-07-01,2008,7,1,17.132667349869354
Bac Lieu,2008-07-02,2008,7,2,5.772392815239025
Bac Lieu,2008-07-03,2008,7,3,0.1219651314357541
Bac Lieu,2008-07-04,2008,7,4,14.365765139165916
Bac Lieu,2008-07-05,2008,7,5,7.054773675900586
Bac Lieu,2008-07-06,2008,7,6,8.889432959808495
Bac Lieu,2008-07-07,2008,7,7,9.389253714615442
Bac Lieu,2008-07-08,2008,7,8,7.573830115030396
Bac Lieu,2008-07-09,2008,7,9,0.1934856937336472
Bac Lieu,2008-07-10,2008,7,10,4.105333574061125
Bac Lieu,2008-07-11,2008,7,11,0.2143020988432866
Bac Lieu,2008-07-12,2008,7,12,0.0
Bac Lieu,2008-07-13,2008,7,13,0.1147036665430608
Bac Lieu,2008-07-14,2008,7,14,0.0
Bac Lieu,2008-07-15,2008,7,15,0.7405914786491755
Bac Lieu,2008-07-16,2008,7,16,0.348361374549146
Bac Lieu,2008-07-17,2008,7,17,1.325542311121833
Bac Lieu,2008-07-18,2008,7,18,1.757760047683176
Bac Lieu,2008-07-19,2008,7,19,0.8165953126763399
Bac Lieu,2008-07-20,2008,7,20,0.3220338519114369
Bac Lieu,2008-07-21,2008,7,21,12.646529915359784
Bac Lieu,2008-07-22,2008,7,22,19.09819802406599
Bac Lieu,2008-07-23,2008,7,23,17.742236010605435
Bac Lieu,2008-07-24,2008,7,24,20.00942808924981
Bac Lieu,2008-07-25,2008,7,25,8.259770728687071
Bac Lieu,2008-07-26,2008,7,26,0.0
Bac Lieu,2008-07-27,2008,7,27,9.509490330318238
Bac Lieu,2008-07-28,2008,7,28,0.4227766230961062
Bac Lieu,2008-07-29,2008,7,29,15.303379356780145
Bac Lieu,2008-07-30,2008,7,30,21.522383581449407
Bac Lieu,2008-07-31,2008,7,31,33.53962690241831
Bac Lieu,2008-08-01,2008,8,1,16.04050691431873
Bac Lieu,2008-08-02,2008,8,2,3.992337155504047
Bac Lieu,2008-08-03,2008,8,3,29.853076912430105
Bac Lieu,2008-08-04,2008,8,4,4.859726642392716
Bac Lieu,2008-08-05,2008,8,5,2.849255906302973
Bac Lieu,2008-08-06,2008,8,6,31.223130572337027
Bac Lieu,2008-08-07,2008,8,7,3.99410811282104
Bac Lieu,2008-08-08,2008,8,8,0.0
Bac Lieu,2008-08-09,2008,8,9,0.0623344638212671
Bac Lieu,2008-08-10,2008,8,10,7.027109212713423
Bac Lieu,2008-08-11,2008,8,11,10.37906923072743
Bac Lieu,2008-08-12,2008,8,12,18.18096196379752
Bac Lieu,2008-08-13,2008,8,13,2.3961743270946
Bac Lieu,2008-08-14,2008,8,14,6.835613430041188
Bac Lieu,2008-08-15,2008,8,15,10.165596771222244
Bac Lieu,2008-08-16,2008,8,16,9.381365249831722
Bac Lieu,2008-08-17,2008,8,17,7.362175630533471
Bac Lieu,2008-08-18,2008,8,18,15.001867090009297
Bac Lieu,2008-08-19,2008,8,19,5.09920963485286
Bac Lieu,2008-08-20,2008,8,20,10.08607626699052
Bac Lieu,2008-08-21,2008,8,21,4.57946450838053
Bac Lieu,2008-08-22,2008,8,22,1.351922039085964
Bac Lieu,2008-08-23,2008,8,23,7.783765507320186
Bac Lieu,2008-08-24,2008,8,24,12.066129862101572
Bac Lieu,2008-08-25,2008,8,25,3.686143287874618
Bac Lieu,2008-08-26,2008,8,26,2.169632658742509
Bac Lieu,2008-08-27,2008,8,27,2.562023888695915
Bac Lieu,2008-08-28,2008,8,28,0.0125505546353897
Bac Lieu,2008-08-29,2008,8,29,0.0
Bac Lieu,2008-08-30,2008,8,30,3.73750506694362
Bac Lieu,2008-08-31,2008,8,31,4.0504608964020345
Bac Lieu,2008-09-01,2008,9,1,1.8799593821831475
Bac Lieu,2008-09-02,2008,9,2,2.188300828447882
Bac Lieu,2008-09-03,2008,9,3,7.532777518308388
Bac Lieu,2008-09-04,2008,9,4,12.561620028099924
Bac Lieu,2008-09-05,2008,9,5,10.894004527901709
Bac Lieu,2008-09-06,2008,9,6,18.426979176755225
Bac Lieu,2008-09-07,2008,9,7,13.469689531650186
Bac Lieu,2008-09-08,2008,9,8,26.27202275243795
Bac Lieu,2008-09-09,2008,9,9,19.23004675177808
Bac Lieu,2008-09-10,2008,9,10,3.4717995996475217
Bac Lieu,2008-09-11,2008,9,11,6.728460959938338
Bac Lieu,2008-09-12,2008,9,12,1.7336895990191763
Bac Lieu,2008-09-13,2008,9,13,13.240381774758394
Bac Lieu,2008-09-14,2008,9,14,26.03622709583787
Bac Lieu,2008-09-15,2008,9,15,25.03156309163796
Bac Lieu,2008-09-16,2008,9,16,5.442520000007918
Bac Lieu,2008-09-17,2008,9,17,2.449132619228004
Bac Lieu,2008-09-18,2008,9,18,12.215816100444432
Bac Lieu,2008-09-19,2008,9,19,0.5447860207287771
Bac Lieu,2008-09-20,2008,9,20,5.486798858012793
Bac Lieu,2008-09-21,2008,9,21,0.0
Bac Lieu,2008-09-22,2008,9,22,0.0
Bac Lieu,2008-09-23,2008,9,23,6.664953616646102
Bac Lieu,2008-09-24,2008,9,24,5.317999811064523
Bac Lieu,2008-09-25,2008,9,25,6.359992504029906
Bac Lieu,2008-09-26,2008,9,26,0.0
Bac Lieu,2008-09-27,2008,9,27,21.27393713245752
Bac Lieu,2008-09-28,2008,9,28,30.91256452261728
Bac Lieu,2008-09-29,2008,9,29,22.580241562537424
Bac Lieu,2008-09-30,2008,9,30,6.118773295258577
Bac Lieu,2008-10-01,2008,10,1,0.0
Bac Lieu,2008-10-02,2008,10,2,12.003912394019792
Bac Lieu,2008-10-03,2008,10,3,2.882694864803891
Bac Lieu,2008-10-04,2008,10,4,2.1622154974757506
Bac Lieu,2008-10-05,2008,10,5,5.782030942592981
Bac Lieu,2008-10-06,2008,10,6,4.643461511611939
Bac Lieu,2008-10-07,2008,10,7,1.5706090939179906
Bac Lieu,2008-10-08,2008,10,8,4.987895926223612
Bac Lieu,2008-10-09,2008,10,9,14.39094007340917
Bac Lieu,2008-10-10,2008,10,10,10.148785785998935
Bac Lieu,2008-10-11,2008,10,11,2.6280556076067807
Bac Lieu,2008-10-12,2008,10,12,11.09168061243813
Bac Lieu,2008-10-13,2008,10,13,0.6162659619079447
Bac Lieu,2008-10-14,2008,10,14,0.9062239742009146
Bac Lieu,2008-10-15,2008,10,15,6.605710160813244
Bac Lieu,2008-10-16,2008,10,16,19.13024825124921
Bac Lieu,2008-10-17,2008,10,17,4.20900477484937
Bac Lieu,2008-10-18,2008,10,18,0.0
Bac Lieu,2008-10-19,2008,10,19,0.0
Bac Lieu,2008-10-20,2008,10,20,8.462535841042142
Bac Lieu,2008-10-21,2008,10,21,18.99448016551756
Bac Lieu,2008-10-22,2008,10,22,0.6810676953837559
Bac Lieu,2008-10-23,2008,10,23,35.25646059266577
Bac Lieu,2008-10-24,2008,10,24,46.03483026662863
Bac Lieu,2008-10-25,2008,10,25,0.4262989000464386
Bac Lieu,2008-10-26,2008,10,26,0.0957078212162233
Bac Lieu,2008-10-27,2008,10,27,20.09966190314743
Bac Lieu,2008-10-28,2008,10,28,23.79220212195055
Bac Lieu,2008-10-29,2008,10,29,2.523425995340887
Bac Lieu,2008-10-30,2008,10,30,5.835098700505384
Bac Lieu,2008-10-31,2008,10,31,14.876312203731176
Bac Lieu,2008-11-01,2008,11,1,9.206753668083335
Bac Lieu,2008-11-02,2008,11,2,6.700609518339049
Bac Lieu,2008-11-03,2008,11,3,15.349323353803385
Bac Lieu,2008-11-04,2008,11,4,3.495561308527893
Bac Lieu,2008-11-05,2008,11,5,22.426163853717306
Bac Lieu,2008-11-06,2008,11,6,3.2312498726215004
Bac Lieu,2008-11-07,2008,11,7,11.580811027113
Bac Lieu,2008-11-08,2008,11,8,13.716847916675066
Bac Lieu,2008-11-09,2008,11,9,14.513868953236996
Bac Lieu,2008-11-10,2008,11,10,14.43729909893252
Bac Lieu,2008-11-11,2008,11,11,0.1106601974649249
Bac Lieu,2008-11-12,2008,11,12,0.0928830487773103
Bac Lieu,2008-11-13,2008,11,13,0.3869953360197679
Bac Lieu,2008-11-14,2008,11,14,0.0
Bac Lieu,2008-11-15,2008,11,15,8.634058569422308
Bac Lieu,2008-11-16,2008,11,16,0.0
Bac Lieu,2008-11-17,2008,11,17,1.7445944476577475
Bac Lieu,2008-11-18,2008,11,18,0.0847213505798915
Bac Lieu,2008-11-19,2008,11,19,0.5449097685723936
Bac Lieu,2008-11-20,2008,11,20,0.3758585223971673
Bac Lieu,2008-11-21,2008,11,21,5.493070821654122
Bac Lieu,2008-11-22,2008,11,22,5.481965100774226
Bac Lieu,2008-11-23,2008,11,23,0.045450520497448
Bac Lieu,2008-11-24,2008,11,24,0.0
Bac Lieu,2008-11-25,2008,11,25,0.1262127659635724
Bac Lieu,2008-11-26,2008,11,26,0.0
Bac Lieu,2008-11-27,2008,11,27,0.5146756938088616
Bac Lieu,2008-11-28,2008,11,28,6.780005368151755
Bac Lieu,2008-11-29,2008,11,29,0.0
Bac Lieu,2008-11-30,2008,11,30,0.0
Bac Lieu,2008-12-01,2008,12,1,0.0
Bac Lieu,2008-12-02,2008,12,2,0.0
Bac Lieu,2008-12-03,2008,12,3,0.2973084018095485
Bac Lieu,2008-12-04,2008,12,4,0.0879918963054441
Bac Lieu,2008-12-05,2008,12,5,7.586901471605841
Bac Lieu,2008-12-06,2008,12,6,0.8670123781033283
Bac Lieu,2008-12-07,2008,12,7,0.0
Bac Lieu,2008-12-08,2008,12,8,0.5359778954757835
Bac Lieu,2008-12-09,2008,12,9,1.7570732745854365
Bac Lieu,2008-12-10,2008,12,10,0.0
Bac Lieu,2008-12-11,2008,12,11,7.163673423146303
Bac Lieu,2008-12-12,2008,12,12,0.0
Bac Lieu,2008-12-13,2008,12,13,2.427121740026294
Bac Lieu,2008-12-14,2008,12,14,0.7487191876555389
Bac Lieu,2008-12-15,2008,12,15,0.0
Bac Lieu,2008-12-16,2008,12,16,0.4790184933014636
Bac Lieu,2008-12-17,2008,12,17,0.0
Bac Lieu,2008-12-18,2008,12,18,0.0
Bac Lieu,2008-12-19,2008,12,19,0.0
Bac Lieu,2008-12-20,2008,12,20,0.135876713950679
Bac Lieu,2008-12-21,2008,12,21,0.0
Bac Lieu,2008-12-22,2008,12,22,0.0
Bac Lieu,2008-12-23,2008,12,23,0.0
Bac Lieu,2008-12-24,2008,12,24,2.759479064653505
Bac Lieu,2008-12-25,2008,12,25,0.0
Bac Lieu,2008-12-26,2008,12,26,19.958245782150417
Bac Lieu,2008-12-27,2008,12,27,0.7626570598314394
Bac Lieu,2008-12-28,2008,12,28,0.0
Bac Lieu,2008-12-29,2008,12,29,1.5189245672225953
Bac Lieu,2008-12-30,2008,12,30,4.200698414550637
Bac Lieu,2008-12-31,2008,12,31,0.1417376864631221
Bac Lieu,2009-01-01,2009,1,1,0.0
Bac Lieu,2009-01-02,2009,1,2,0.0007619722204388314
Bac Lieu,2009-01-03,2009,1,3,2.9931920365432534
Bac Lieu,2009-01-04,2009,1,4,3.000185089642147
Bac Lieu,2009-01-05,2009,1,5,0.0
Bac Lieu,2009-01-06,2009,1,6,0.0
Bac Lieu,2009-01-07,2009,1,7,0.0008411579941803555
Bac Lieu,2009-01-08,2009,1,8,0.430436699145245
Bac Lieu,2009-01-09,2009,1,9,5.775004702685016
Bac Lieu,2009-01-10,2009,1,10,0.6547295785737488
Bac Lieu,2009-01-11,2009,1,11,0.1551752036922383
Bac Lieu,2009-01-12,2009,1,12,0.0
Bac Lieu,2009-01-13,2009,1,13,0.0
Bac Lieu,2009-01-14,2009,1,14,0.0
Bac Lieu,2009-01-15,2009,1,15,0.0
Bac Lieu,2009-01-16,2009,1,16,0.0
Bac Lieu,2009-01-17,2009,1,17,0.0
Bac Lieu,2009-01-18,2009,1,18,0.0
Bac Lieu,2009-01-19,2009,1,19,0.0
Bac Lieu,2009-01-20,2009,1,20,0.0
Bac Lieu,2009-01-21,2009,1,21,0.0
Bac Lieu,2009-01-22,2009,1,22,0.0
Bac Lieu,2009-01-23,2009,1,23,0.0
Bac Lieu,2009-01-24,2009,1,24,0.0
Bac Lieu,2009-01-25,2009,1,25,0.0
Bac Lieu,2009-01-26,2009,1,26,0.0
Bac Lieu,2009-01-27,2009,1,27,0.0
Bac Lieu,2009-01-28,2009,1,28,0.0
Bac Lieu,2009-01-29,2009,1,29,0.0
Bac Lieu,2009-01-30,2009,1,30,1.0043608229925047
Bac Lieu,2009-01-31,2009,1,31,0.0
Bac Lieu,2009-02-01,2009,2,1,4.653984037840142
Bac Lieu,2009-02-02,2009,2,2,0.401100815817995
Bac Lieu,2009-02-03,2009,2,3,0.0
Bac Lieu,2009-02-04,2009,2,4,0.0
Bac Lieu,2009-02-05,2009,2,5,0.0
Bac Lieu,2009-02-06,2009,2,6,0.0
Bac Lieu,2009-02-07,2009,2,7,0.0
Bac Lieu,2009-02-08,2009,2,8,0.0
Bac Lieu,2009-02-09,2009,2,9,0.0
Bac Lieu,2009-02-10,2009,2,10,0.0093033225941208
Bac Lieu,2009-02-11,2009,2,11,0.0628392362279712
Bac Lieu,2009-02-12,2009,2,12,2.110841915387028
Bac Lieu,2009-02-13,2009,2,13,0.0
Bac Lieu,2009-02-14,2009,2,14,0.0
Bac Lieu,2009-02-15,2009,2,15,0.0
Bac Lieu,2009-02-16,2009,2,16,0.0
Bac Lieu,2009-02-17,2009,2,17,0.0
Bac Lieu,2009-02-18,2009,2,18,0.0
Bac Lieu,2009-02-19,2009,2,19,0.0
Bac Lieu,2009-02-20,2009,2,20,0.024908617705669
Bac Lieu,2009-02-21,2009,2,21,0.0
Bac Lieu,2009-02-22,2009,2,22,0.0030702621082089
Bac Lieu,2009-02-23,2009,2,23,0.1135614806616081
Bac Lieu,2009-02-24,2009,2,24,0.0
Bac Lieu,2009-02-25,2009,2,25,0.0
Bac Lieu,2009-02-26,2009,2,26,0.5184383950953214
Bac Lieu,2009-02-27,2009,2,27,3.1408799142072783
Bac Lieu,2009-02-28,2009,2,28,0.1102188076343176
Bac Lieu,2009-03-01,2009,3,1,0.1218922058051487
Bac Lieu,2009-03-02,2009,3,2,0.0
Bac Lieu,2009-03-03,2009,3,3,0.0
Bac Lieu,2009-03-04,2009,3,4,0.0
Bac Lieu,2009-03-05,2009,3,5,0.1072184907625306
Bac Lieu,2009-03-06,2009,3,6,0.0054478441634268
Bac Lieu,2009-03-07,2009,3,7,0.0603537937290263
Bac Lieu,2009-03-08,2009,3,8,0.0
Bac Lieu,2009-03-09,2009,3,9,0.0
Bac Lieu,2009-03-10,2009,3,10,0.0
Bac Lieu,2009-03-11,2009,3,11,0.061629107187379
Bac Lieu,2009-03-12,2009,3,12,0.0
Bac Lieu,2009-03-13,2009,3,13,0.0
Bac Lieu,2009-03-14,2009,3,14,2.6863486441936137
Bac Lieu,2009-03-15,2009,3,15,0.0
Bac Lieu,2009-03-16,2009,3,16,0.0
Bac Lieu,2009-03-17,2009,3,17,0.0
Bac Lieu,2009-03-18,2009,3,18,0.0
Bac Lieu,2009-03-19,2009,3,19,0.0
Bac Lieu,2009-03-20,2009,3,20,0.0
Bac Lieu,2009-03-21,2009,3,21,0.002181883389095
Bac Lieu,2009-03-22,2009,3,22,0.0
Bac Lieu,2009-03-23,2009,3,23,0.0
Bac Lieu,2009-03-24,2009,3,24,0.0
Bac Lieu,2009-03-25,2009,3,25,0.0
Bac Lieu,2009-03-26,2009,3,26,0.0
Bac Lieu,2009-03-27,2009,3,27,0.0
Bac Lieu,2009-03-28,2009,3,28,0.1536800024554414
Bac Lieu,2009-03-29,2009,3,29,0.0
Bac Lieu,2009-03-30,2009,3,30,0.0
Bac Lieu,2009-03-31,2009,3,31,7.61427939025861
Bac Lieu,2009-04-01,2009,4,1,1.6082342331184534
Bac Lieu,2009-04-02,2009,4,2,0.0626609488793139
Bac Lieu,2009-04-03,2009,4,3,3.594649855586718
Bac Lieu,2009-04-04,2009,4,4,0.8684734556629974
Bac Lieu,2009-04-05,2009,4,5,9.732144846448357
Bac Lieu,2009-04-06,2009,4,6,18.251283700961
Bac Lieu,2009-04-07,2009,4,7,1.856956037971209
Bac Lieu,2009-04-08,2009,4,8,18.51074727342714
Bac Lieu,2009-04-09,2009,4,9,4.076371906226536
Bac Lieu,2009-04-10,2009,4,10,0.0
Bac Lieu,2009-04-11,2009,4,11,0.0691512799173031
Bac Lieu,2009-04-12,2009,4,12,2.379723657428094
Bac Lieu,2009-04-13,2009,4,13,3.2484757638067574
Bac Lieu,2009-04-14,2009,4,14,0.10140193813252
Bac Lieu,2009-04-15,2009,4,15,11.841861287413902
Bac Lieu,2009-04-16,2009,4,16,3.2462576998674653
Bac Lieu,2009-04-17,2009,4,17,0.0
Bac Lieu,2009-04-18,2009,4,18,0.0
Bac Lieu,2009-04-19,2009,4,19,1.5397429981366646
Bac Lieu,2009-04-20,2009,4,20,2.694770071834889
Bac Lieu,2009-04-21,2009,4,21,15.801367092780351
Bac Lieu,2009-04-22,2009,4,22,1.4041907220696506
Bac Lieu,2009-04-23,2009,4,23,0.0
Bac Lieu,2009-04-24,2009,4,24,2.227446336098437
Bac Lieu,2009-04-25,2009,4,25,12.48843088702436
Bac Lieu,2009-04-26,2009,4,26,8.740593606822896
Bac Lieu,2009-04-27,2009,4,27,3.251507770160459
Bac Lieu,2009-04-28,2009,4,28,0.0
Bac Lieu,2009-04-29,2009,4,29,3.062944794097037
Bac Lieu,2009-04-30,2009,4,30,10.15593989719535
Bac Lieu,2009-05-01,2009,5,1,8.067469916685575
Bac Lieu,2009-05-02,2009,5,2,15.84622953263769
Bac Lieu,2009-05-03,2009,5,3,4.469170007804656
Bac Lieu,2009-05-04,2009,5,4,2.793952147636774
Bac Lieu,2009-05-05,2009,5,5,6.4297512341175445
Bac Lieu,2009-05-06,2009,5,6,8.962112580029473
Bac Lieu,2009-05-07,2009,5,7,20.51827707650527
Bac Lieu,2009-05-08,2009,5,8,16.39453230192077
Bac Lieu,2009-05-09,2009,5,9,23.02854448455236
Bac Lieu,2009-05-10,2009,5,10,8.756626382701805
Bac Lieu,2009-05-11,2009,5,11,16.549080057971885
Bac Lieu,2009-05-12,2009,5,12,4.8149796390173565
Bac Lieu,2009-05-13,2009,5,13,5.37996397784971
Bac Lieu,2009-05-14,2009,5,14,11.58686960391279
Bac Lieu,2009-05-15,2009,5,15,12.017337047666874
Bac Lieu,2009-05-16,2009,5,16,4.8005595539650825
Bac Lieu,2009-05-17,2009,5,17,2.2109083479215514
Bac Lieu,2009-05-18,2009,5,18,0.0
Bac Lieu,2009-05-19,2009,5,19,4.306531351638291
Bac Lieu,2009-05-20,2009,5,20,7.666156006543144
Bac Lieu,2009-05-21,2009,5,21,5.289920185484977
Bac Lieu,2009-05-22,2009,5,22,13.128283515354374
Bac Lieu,2009-05-23,2009,5,23,0.0
Bac Lieu,2009-05-24,2009,5,24,5.69723292977855
Bac Lieu,2009-05-25,2009,5,25,15.599493777652953
Bac Lieu,2009-05-26,2009,5,26,5.962997108711388
Bac Lieu,2009-05-27,2009,5,27,11.997867886813182
Bac Lieu,2009-05-28,2009,5,28,17.534966664224303
Bac Lieu,2009-05-29,2009,5,29,0.0
Bac Lieu,2009-05-30,2009,5,30,2.069350211233464
Bac Lieu,2009-05-31,2009,5,31,19.408154174732715
Bac Lieu,2009-06-01,2009,6,1,22.29785033621878
Bac Lieu,2009-06-02,2009,6,2,25.064233904208777
Bac Lieu,2009-06-03,2009,6,3,19.849750299525716
Bac Lieu,2009-06-04,2009,6,4,12.240319481579764
Bac Lieu,2009-06-05,2009,6,5,1.9365819506375297
Bac Lieu,2009-06-06,2009,6,6,4.433065354383218
Bac Lieu,2009-06-07,2009,6,7,0.0
Bac Lieu,2009-06-08,2009,6,8,0.0
Bac Lieu,2009-06-09,2009,6,9,8.141813899481074
Bac Lieu,2009-06-10,2009,6,10,5.686905502184383
Bac Lieu,2009-06-11,2009,6,11,2.828101179779701
Bac Lieu,2009-06-12,2009,6,12,0.0
Bac Lieu,2009-06-13,2009,6,13,0.0
Bac Lieu,2009-06-14,2009,6,14,5.271946387929738
Bac Lieu,2009-06-15,2009,6,15,19.95433662497323
Bac Lieu,2009-06-16,2009,6,16,16.214748806809485
Bac Lieu,2009-06-17,2009,6,17,4.243199280001083
Bac Lieu,2009-06-18,2009,6,18,7.599634060634759
Bac Lieu,2009-06-19,2009,6,19,9.550228534644503
Bac Lieu,2009-06-20,2009,6,20,6.876475626810541
Bac Lieu,2009-06-21,2009,6,21,5.76855452015715
Bac Lieu,2009-06-22,2009,6,22,5.236380737304688
Bac Lieu,2009-06-23,2009,6,23,0.0
Bac Lieu,2009-06-24,2009,6,24,0.0
Bac Lieu,2009-06-25,2009,6,25,0.0
Bac Lieu,2009-06-26,2009,6,26,3.279459883298515
Bac Lieu,2009-06-27,2009,6,27,1.9463905413690603
Bac Lieu,2009-06-28,2009,6,28,2.123616416467811
Bac Lieu,2009-06-29,2009,6,29,4.533065165267802
Bac Lieu,2009-06-30,2009,6,30,3.610880879955472
Bac Lieu,2009-07-01,2009,7,1,15.482899996667538
Bac Lieu,2009-07-02,2009,7,2,6.1748116548556204
Bac Lieu,2009-07-03,2009,7,3,0.0
Bac Lieu,2009-07-04,2009,7,4,10.547017019019938
Bac Lieu,2009-07-05,2009,7,5,6.506877703891611
Bac Lieu,2009-07-06,2009,7,6,9.873435598247456
Bac Lieu,2009-07-07,2009,7,7,0.4580006490383508
Bac Lieu,2009-07-08,2009,7,8,8.025619505648343
Bac Lieu,2009-07-09,2009,7,9,0.5646853345834985
Bac Lieu,2009-07-10,2009,7,10,5.328367161750796
Bac Lieu,2009-07-11,2009,7,11,12.332116432171947
Bac Lieu,2009-07-12,2009,7,12,33.74569364367792
Bac Lieu,2009-07-13,2009,7,13,10.969321703263049
Bac Lieu,2009-07-14,2009,7,14,18.148317088217105
Bac Lieu,2009-07-15,2009,7,15,24.52609608020423
Bac Lieu,2009-07-16,2009,7,16,25.448220175149316
Bac Lieu,2009-07-17,2009,7,17,21.75066008204334
Bac Lieu,2009-07-18,2009,7,18,6.25481885152493
Bac Lieu,2009-07-19,2009,7,19,11.195004870072852
Bac Lieu,2009-07-20,2009,7,20,13.4109626024894
Bac Lieu,2009-07-21,2009,7,21,22.77893421813677
Bac Lieu,2009-07-22,2009,7,22,8.218644272912227
Bac Lieu,2009-07-23,2009,7,23,3.3858100928720445
Bac Lieu,2009-07-24,2009,7,24,1.1930963073946397
Bac Lieu,2009-07-25,2009,7,25,7.984200358228863
Bac Lieu,2009-07-26,2009,7,26,3.765629862938288
Bac Lieu,2009-07-27,2009,7,27,3.959456269363188
Bac Lieu,2009-07-28,2009,7,28,2.8362260899903644
Bac Lieu,2009-07-29,2009,7,29,0.3554090933619805
Bac Lieu,2009-07-30,2009,7,30,0.0
Bac Lieu,2009-07-31,2009,7,31,2.981395066126338
Bac Lieu,2009-08-01,2009,8,1,0.0544374757532803
Bac Lieu,2009-08-02,2009,8,2,6.988482842949203
Bac Lieu,2009-08-03,2009,8,3,15.46250272430564
Bac Lieu,2009-08-04,2009,8,4,4.533175442317749
Bac Lieu,2009-08-05,2009,8,5,1.86735368519909
Bac Lieu,2009-08-06,2009,8,6,0.0
Bac Lieu,2009-08-07,2009,8,7,14.611919044296698
Bac Lieu,2009-08-08,2009,8,8,0.1037468602342425
Bac Lieu,2009-08-09,2009,8,9,0.1349492683770521
Bac Lieu,2009-08-10,2009,8,10,6.697946622164745
Bac Lieu,2009-08-11,2009,8,11,0.0208268064372944
Bac Lieu,2009-08-12,2009,8,12,3.1735363063857243
Bac Lieu,2009-08-13,2009,8,13,2.4785799412097576
Bac Lieu,2009-08-14,2009,8,14,1.241626683500578
Bac Lieu,2009-08-15,2009,8,15,0.2310729735977245
Bac Lieu,2009-08-16,2009,8,16,9.86963084924446
Bac Lieu,2009-08-17,2009,8,17,3.427410355504953
Bac Lieu,2009-08-18,2009,8,18,6.081327447576343
Bac Lieu,2009-08-19,2009,8,19,4.003560523572958
Bac Lieu,2009-08-20,2009,8,20,21.243303365707405
Bac Lieu,2009-08-21,2009,8,21,23.37037673813442
Bac Lieu,2009-08-22,2009,8,22,18.321886782808125
Bac Lieu,2009-08-23,2009,8,23,11.210080692885056
Bac Lieu,2009-08-24,2009,8,24,6.4300111125370245
Bac Lieu,2009-08-25,2009,8,25,6.604249580977098
Bac Lieu,2009-08-26,2009,8,26,3.424787425419069
Bac Lieu,2009-08-27,2009,8,27,1.6928739940715287
Bac Lieu,2009-08-28,2009,8,28,0.0752285538079603
Bac Lieu,2009-08-29,2009,8,29,14.442627916264088
Bac Lieu,2009-08-30,2009,8,30,5.132931234341746
Bac Lieu,2009-08-31,2009,8,31,19.9179843934617
Bac Lieu,2009-09-01,2009,9,1,33.36383776758302
Bac Lieu,2009-09-02,2009,9,2,3.89776887497812
Bac Lieu,2009-09-03,2009,9,3,5.603030389533855
Bac Lieu,2009-09-04,2009,9,4,5.906646378535146
Bac Lieu,2009-09-05,2009,9,5,30.39568137323632
Bac Lieu,2009-09-06,2009,9,6,41.8454633157838
Bac Lieu,2009-09-07,2009,9,7,36.38399928352069
Bac Lieu,2009-09-08,2009,9,8,4.666216368783196
Bac Lieu,2009-09-09,2009,9,9,9.279695477665596
Bac Lieu,2009-09-10,2009,9,10,16.410230321686228
Bac Lieu,2009-09-11,2009,9,11,0.6284675082800525
Bac Lieu,2009-09-12,2009,9,12,4.8036593391490445
Bac Lieu,2009-09-13,2009,9,13,9.425043036352914
Bac Lieu,2009-09-14,2009,9,14,17.932408001593828
Bac Lieu,2009-09-15,2009,9,15,18.68616603117169
Bac Lieu,2009-09-16,2009,9,16,15.448218409484292
Bac Lieu,2009-09-17,2009,9,17,0.1716420322814077
Bac Lieu,2009-09-18,2009,9,18,1.6540574224849918
Bac Lieu,2009-09-19,2009,9,19,0.009399521665753
Bac Lieu,2009-09-20,2009,9,20,4.116816841251447
Bac Lieu,2009-09-21,2009,9,21,5.323644120819164
Bac Lieu,2009-09-22,2009,9,22,10.534691327850773
Bac Lieu,2009-09-23,2009,9,23,12.97236247066282
Bac Lieu,2009-09-24,2009,9,24,11.823935859590208
Bac Lieu,2009-09-25,2009,9,25,11.238985256806862
Bac Lieu,2009-09-26,2009,9,26,1.6911065855835974
Bac Lieu,2009-09-27,2009,9,27,7.1547064004934064
Bac Lieu,2009-09-28,2009,9,28,12.150864628467922
Bac Lieu,2009-09-29,2009,9,29,15.566526648458446
Bac Lieu,2009-09-30,2009,9,30,18.043108297114102
Bac Lieu,2009-10-01,2009,10,1,0.0106646003903083
Bac Lieu,2009-10-02,2009,10,2,4.622724675988253
Bac Lieu,2009-10-03,2009,10,3,11.313705293475458
Bac Lieu,2009-10-04,2009,10,4,9.810881693408176
Bac Lieu,2009-10-05,2009,10,5,12.714255809064182
Bac Lieu,2009-10-06,2009,10,6,13.875386475455086
Bac Lieu,2009-10-07,2009,10,7,7.634906176027262
Bac Lieu,2009-10-08,2009,10,8,11.648867972122051
Bac Lieu,2009-10-09,2009,10,9,4.936448028834361
Bac Lieu,2009-10-10,2009,10,10,6.033741905536291
Bac Lieu,2009-10-11,2009,10,11,0.6874590053918228
Bac Lieu,2009-10-12,2009,10,12,0.0
Bac Lieu,2009-10-13,2009,10,13,5.214537708246484
Bac Lieu,2009-10-14,2009,10,14,13.383703375114584
Bac Lieu,2009-10-15,2009,10,15,2.537194909023789
Bac Lieu,2009-10-16,2009,10,16,7.993590986341801
Bac Lieu,2009-10-17,2009,10,17,6.666686752571251
Bac Lieu,2009-10-18,2009,10,18,6.853537458815666
Bac Lieu,2009-10-19,2009,10,19,0.7117125435055429
Bac Lieu,2009-10-20,2009,10,20,3.1879675424143965
Bac Lieu,2009-10-21,2009,10,21,1.0516454906463624
Bac Lieu,2009-10-22,2009,10,22,1.625315746712235
Bac Lieu,2009-10-23,2009,10,23,16.468661425536535
Bac Lieu,2009-10-24,2009,10,24,18.2346554380093
Bac Lieu,2009-10-25,2009,10,25,8.58772343601371
Bac Lieu,2009-10-26,2009,10,26,14.66625483753996
Bac Lieu,2009-10-27,2009,10,27,0.0
Bac Lieu,2009-10-28,2009,10,28,0.0
Bac Lieu,2009-10-29,2009,10,29,0.0
Bac Lieu,2009-10-30,2009,10,30,0.0
Bac Lieu,2009-10-31,2009,10,31,0.0
Bac Lieu,2009-11-01,2009,11,1,0.1960637638883771
Bac Lieu,2009-11-02,2009,11,2,0.0
Bac Lieu,2009-11-03,2009,11,3,0.0
Bac Lieu,2009-11-04,2009,11,4,0.0
Bac Lieu,2009-11-05,2009,11,5,0.0
Bac Lieu,2009-11-06,2009,11,6,0.5510099977817177
Bac Lieu,2009-11-07,2009,11,7,12.679929838468444
Bac Lieu,2009-11-08,2009,11,8,0.0
Bac Lieu,2009-11-09,2009,11,9,0.0057339235521712
Bac Lieu,2009-11-10,2009,11,10,0.0
Bac Lieu,2009-11-11,2009,11,11,0.0
Bac Lieu,2009-11-12,2009,11,12,0.0
Bac Lieu,2009-11-13,2009,11,13,4.97195104850913
Bac Lieu,2009-11-14,2009,11,14,1.3586395350042382
Bac Lieu,2009-11-15,2009,11,15,6.930237452129149
Bac Lieu,2009-11-16,2009,11,16,0.0128339699439282
Bac Lieu,2009-11-17,2009,11,17,0.0
Bac Lieu,2009-11-18,2009,11,18,2.8737599461573478
Bac Lieu,2009-11-19,2009,11,19,2.4931492135929614
Bac Lieu,2009-11-20,2009,11,20,8.117668110901457
Bac Lieu,2009-11-21,2009,11,21,11.210742340411784
Bac Lieu,2009-11-22,2009,11,22,12.51439671260906
Bac Lieu,2009-11-23,2009,11,23,14.99650621079499
Bac Lieu,2009-11-24,2009,11,24,17.450850942431757
Bac Lieu,2009-11-25,2009,11,25,2.577921719677044
Bac Lieu,2009-11-26,2009,11,26,3.079098007598013
Bac Lieu,2009-11-27,2009,11,27,6.9562143413975575
Bac Lieu,2009-11-28,2009,11,28,1.596537827077902
Bac Lieu,2009-11-29,2009,11,29,0.0
Bac Lieu,2009-11-30,2009,11,30,0.0
Bac Lieu,2009-12-01,2009,12,1,0.0
Bac Lieu,2009-12-02,2009,12,2,0.0
Bac Lieu,2009-12-03,2009,12,3,0.0
Bac Lieu,2009-12-04,2009,12,4,0.0
Bac Lieu,2009-12-05,2009,12,5,0.0
Bac Lieu,2009-12-06,2009,12,6,0.0
Bac Lieu,2009-12-07,2009,12,7,0.0
Bac Lieu,2009-12-08,2009,12,8,0.0
Bac Lieu,2009-12-09,2009,12,9,0.0
Bac Lieu,2009-12-10,2009,12,10,0.0
Bac Lieu,2009-12-11,2009,12,11,0.0
Bac Lieu,2009-12-12,2009,12,12,0.0
Bac Lieu,2009-12-13,2009,12,13,0.0
Bac Lieu,2009-12-14,2009,12,14,1.163796741485596
Bac Lieu,2009-12-15,2009,12,15,0.1109778848324182
Bac Lieu,2009-12-16,2009,12,16,0.0
Bac Lieu,2009-12-17,2009,12,17,0.0
Bac Lieu,2009-12-18,2009,12,18,23.460421576553923
Bac Lieu,2009-12-19,2009,12,19,3.216163912683164
Bac Lieu,2009-12-20,2009,12,20,0.0
Bac Lieu,2009-12-21,2009,12,21,0.0
Bac Lieu,2009-12-22,2009,12,22,0.0
Bac Lieu,2009-12-23,2009,12,23,0.0
Bac Lieu,2009-12-24,2009,12,24,0.0
Bac Lieu,2009-12-25,2009,12,25,0.0
Bac Lieu,2009-12-26,2009,12,26,0.0
Bac Lieu,2009-12-27,2009,12,27,8.170144157211737
Bac Lieu,2009-12-28,2009,12,28,0.1588053045812643
Bac Lieu,2009-12-29,2009,12,29,0.0475545594737214
Bac Lieu,2009-12-30,2009,12,30,0.0115704908191033
Bac Lieu,2009-12-31,2009,12,31,0.0
Bac Lieu,2010-01-01,2010,1,1,0.0
Bac Lieu,2010-01-02,2010,1,2,0.0099649656043862
Bac Lieu,2010-01-03,2010,1,3,0.0439236769046423
Bac Lieu,2010-01-04,2010,1,4,0.0
Bac Lieu,2010-01-05,2010,1,5,0.0
Bac Lieu,2010-01-06,2010,1,6,0.0
Bac Lieu,2010-01-07,2010,1,7,0.0
Bac Lieu,2010-01-08,2010,1,8,0.0
Bac Lieu,2010-01-09,2010,1,9,0.0
Bac Lieu,2010-01-10,2010,1,10,0.0
Bac Lieu,2010-01-11,2010,1,11,0.0181938424425305
Bac Lieu,2010-01-12,2010,1,12,0.0
Bac Lieu,2010-01-13,2010,1,13,0.0
Bac Lieu,2010-01-14,2010,1,14,1.5363278038231831
Bac Lieu,2010-01-15,2010,1,15,2.7052712861861825
Bac Lieu,2010-01-16,2010,1,16,0.6046097007967393
Bac Lieu,2010-01-17,2010,1,17,0.0
Bac Lieu,2010-01-18,2010,1,18,0.1935807819051563
Bac Lieu,2010-01-19,2010,1,19,8.755003966403457
Bac Lieu,2010-01-20,2010,1,20,0.5406623070150052
Bac Lieu,2010-01-21,2010,1,21,0.0
Bac Lieu,2010-01-22,2010,1,22,0.0
Bac Lieu,2010-01-23,2010,1,23,0.0
Bac Lieu,2010-01-24,2010,1,24,0.0
Bac Lieu,2010-01-25,2010,1,25,0.0
Bac Lieu,2010-01-26,2010,1,26,0.0
Bac Lieu,2010-01-27,2010,1,27,0.0
Bac Lieu,2010-01-28,2010,1,28,0.0
Bac Lieu,2010-01-29,2010,1,29,0.0
Bac Lieu,2010-01-30,2010,1,30,0.0
Bac Lieu,2010-01-31,2010,1,31,0.0
Bac Lieu,2010-02-01,2010,2,1,0.0
Bac Lieu,2010-02-02,2010,2,2,0.0063612211650272
Bac Lieu,2010-02-03,2010,2,3,0.0
Bac Lieu,2010-02-04,2010,2,4,0.0
Bac Lieu,2010-02-05,2010,2,5,0.0
Bac Lieu,2010-02-06,2010,2,6,0.0
Bac Lieu,2010-02-07,2010,2,7,0.0
Bac Lieu,2010-02-08,2010,2,8,0.0427136037934501
Bac Lieu,2010-02-09,2010,2,9,0.0
Bac Lieu,2010-02-10,2010,2,10,0.0
Bac Lieu,2010-02-11,2010,2,11,0.0
Bac Lieu,2010-02-12,2010,2,12,0.0
Bac Lieu,2010-02-13,2010,2,13,0.0
Bac Lieu,2010-02-14,2010,2,14,0.0
Bac Lieu,2010-02-15,2010,2,15,0.0
Bac Lieu,2010-02-16,2010,2,16,0.0
Bac Lieu,2010-02-17,2010,2,17,0.0
Bac Lieu,2010-02-18,2010,2,18,0.0
Bac Lieu,2010-02-19,2010,2,19,0.0
Bac Lieu,2010-02-20,2010,2,20,0.065364819097069
Bac Lieu,2010-02-21,2010,2,21,0.2114119653881721
Bac Lieu,2010-02-22,2010,2,22,0.0
Bac Lieu,2010-02-23,2010,2,23,0.0
Bac Lieu,2010-02-24,2010,2,24,0.0
Bac Lieu,2010-02-25,2010,2,25,0.0
Bac Lieu,2010-02-26,2010,2,26,0.0
Bac Lieu,2010-02-27,2010,2,27,0.0
Bac Lieu,2010-02-28,2010,2,28,0.0
Bac Lieu,2010-03-01,2010,3,1,0.0
Bac Lieu,2010-03-02,2010,3,2,0.0
Bac Lieu,2010-03-03,2010,3,3,0.0
Bac Lieu,2010-03-04,2010,3,4,0.0
Bac Lieu,2010-03-05,2010,3,5,0.0
Bac Lieu,2010-03-06,2010,3,6,0.0
Bac Lieu,2010-03-07,2010,3,7,0.0
Bac Lieu,2010-03-08,2010,3,8,0.0
Bac Lieu,2010-03-09,2010,3,9,0.0
Bac Lieu,2010-03-10,2010,3,10,0.0
Bac Lieu,2010-03-11,2010,3,11,0.0
Bac Lieu,2010-03-12,2010,3,12,0.0
Bac Lieu,2010-03-13,2010,3,13,0.0
Bac Lieu,2010-03-14,2010,3,14,0.0
Bac Lieu,2010-03-15,2010,3,15,0.0
Bac Lieu,2010-03-16,2010,3,16,0.0
Bac Lieu,2010-03-17,2010,3,17,0.0
Bac Lieu,2010-03-18,2010,3,18,0.0
Bac Lieu,2010-03-19,2010,3,19,0.0
Bac Lieu,2010-03-20,2010,3,20,0.0
Bac Lieu,2010-03-21,2010,3,21,0.0
Bac Lieu,2010-03-22,2010,3,22,0.0
Bac Lieu,2010-03-23,2010,3,23,0.0
Bac Lieu,2010-03-24,2010,3,24,0.0
Bac Lieu,2010-03-25,2010,3,25,0.1373644127395918
Bac Lieu,2010-03-26,2010,3,26,0.0
Bac Lieu,2010-03-27,2010,3,27,0.0
Bac Lieu,2010-03-28,2010,3,28,0.0
Bac Lieu,2010-03-29,2010,3,29,3.7234596778401783
Bac Lieu,2010-03-30,2010,3,30,0.0
Bac Lieu,2010-03-31,2010,3,31,4.734751983750542
Bac Lieu,2010-04-01,2010,4,1,0.6716874097068356
Bac Lieu,2010-04-02,2010,4,2,0.0
Bac Lieu,2010-04-03,2010,4,3,0.0
Bac Lieu,2010-04-04,2010,4,4,1.2564119733054684
Bac Lieu,2010-04-05,2010,4,5,0.0
Bac Lieu,2010-04-06,2010,4,6,0.0
Bac Lieu,2010-04-07,2010,4,7,0.0
Bac Lieu,2010-04-08,2010,4,8,0.0
Bac Lieu,2010-04-09,2010,4,9,0.0
Bac Lieu,2010-04-10,2010,4,10,0.0
Bac Lieu,2010-04-11,2010,4,11,0.0
Bac Lieu,2010-04-12,2010,4,12,0.0
Bac Lieu,2010-04-13,2010,4,13,0.0
Bac Lieu,2010-04-14,2010,4,14,0.0
Bac Lieu,2010-04-15,2010,4,15,0.0
Bac Lieu,2010-04-16,2010,4,16,0.0
Bac Lieu,2010-04-17,2010,4,17,0.4204614722593775
Bac Lieu,2010-04-18,2010,4,18,0.0
Bac Lieu,2010-04-19,2010,4,19,4.40004621413069
Bac Lieu,2010-04-20,2010,4,20,4.763375564719148
Bac Lieu,2010-04-21,2010,4,21,0.0
Bac Lieu,2010-04-22,2010,4,22,1.1750447428631334
Bac Lieu,2010-04-23,2010,4,23,0.0
Bac Lieu,2010-04-24,2010,4,24,0.0
Bac Lieu,2010-04-25,2010,4,25,0.0
Bac Lieu,2010-04-26,2010,4,26,0.0
Bac Lieu,2010-04-27,2010,4,27,0.0
Bac Lieu,2010-04-28,2010,4,28,0.0
Bac Lieu,2010-04-29,2010,4,29,1.719909605647033
Bac Lieu,2010-04-30,2010,4,30,0.0434142073685268
Bac Lieu,2010-05-01,2010,5,1,13.11963872092625
Bac Lieu,2010-05-02,2010,5,2,0.0
Bac Lieu,2010-05-03,2010,5,3,0.4605313527179214
Bac Lieu,2010-05-04,2010,5,4,4.331842383681603
Bac Lieu,2010-05-05,2010,5,5,0.3462450390671784
Bac Lieu,2010-05-06,2010,5,6,0.0035474207896106
Bac Lieu,2010-05-07,2010,5,7,0.0
Bac Lieu,2010-05-08,2010,5,8,0.0
Bac Lieu,2010-05-09,2010,5,9,1.4447917076686645
Bac Lieu,2010-05-10,2010,5,10,16.197691950546126
Bac Lieu,2010-05-11,2010,5,11,0.085973818239176
Bac Lieu,2010-05-12,2010,5,12,7.350059724303914
Bac Lieu,2010-05-13,2010,5,13,0.0
Bac Lieu,2010-05-14,2010,5,14,0.2954701894724144
Bac Lieu,2010-05-15,2010,5,15,2.051658579493469
Bac Lieu,2010-05-16,2010,5,16,0.294903571038876
Bac Lieu,2010-05-17,2010,5,17,3.4711229063205
Bac Lieu,2010-05-18,2010,5,18,5.123982768049781
Bac Lieu,2010-05-19,2010,5,19,6.254017411600871
Bac Lieu,2010-05-20,2010,5,20,0.6073127384230776
Bac Lieu,2010-05-21,2010,5,21,6.9497816090044
Bac Lieu,2010-05-22,2010,5,22,12.090639065634534
Bac Lieu,2010-05-23,2010,5,23,3.050118779758238
Bac Lieu,2010-05-24,2010,5,24,5.044574995004907
Bac Lieu,2010-05-25,2010,5,25,6.074828450023004
Bac Lieu,2010-05-26,2010,5,26,13.357541681505602
Bac Lieu,2010-05-27,2010,5,27,9.433703822549786
Bac Lieu,2010-05-28,2010,5,28,6.7134088085282535
Bac Lieu,2010-05-29,2010,5,29,0.4397160357709201
Bac Lieu,2010-05-30,2010,5,30,3.9850938379719576
Bac Lieu,2010-05-31,2010,5,31,4.764739883620785
Bac Lieu,2010-06-01,2010,6,1,2.3311199474154787
Bac Lieu,2010-06-02,2010,6,2,5.023915859762228
Bac Lieu,2010-06-03,2010,6,3,8.70014907140552
Bac Lieu,2010-06-04,2010,6,4,6.564426737299505
Bac Lieu,2010-06-05,2010,6,5,10.807534567832947
Bac Lieu,2010-06-06,2010,6,6,4.880156722626596
Bac Lieu,2010-06-07,2010,6,7,4.558832015091518
Bac Lieu,2010-06-08,2010,6,8,14.01508485394604
Bac Lieu,2010-06-09,2010,6,9,26.182100057997797
Bac Lieu,2010-06-10,2010,6,10,6.885327152252199
Bac Lieu,2010-06-11,2010,6,11,3.0586108319894327
Bac Lieu,2010-06-12,2010,6,12,5.009342316564525
Bac Lieu,2010-06-13,2010,6,13,0.0
Bac Lieu,2010-06-14,2010,6,14,0.0964993090989455
Bac Lieu,2010-06-15,2010,6,15,4.833423630759402
Bac Lieu,2010-06-16,2010,6,16,5.568781127587805
Bac Lieu,2010-06-17,2010,6,17,24.094783884516307
Bac Lieu,2010-06-18,2010,6,18,10.094171567233106
Bac Lieu,2010-06-19,2010,6,19,1.3113975061020764
Bac Lieu,2010-06-20,2010,6,20,16.113985548451264
Bac Lieu,2010-06-21,2010,6,21,27.17302318353474
Bac Lieu,2010-06-22,2010,6,22,15.810703354025788
Bac Lieu,2010-06-23,2010,6,23,4.396921815566298
Bac Lieu,2010-06-24,2010,6,24,0.0163925760377128
Bac Lieu,2010-06-25,2010,6,25,9.192234365211348
Bac Lieu,2010-06-26,2010,6,26,7.807282413716585
Bac Lieu,2010-06-27,2010,6,27,8.756422819893315
Bac Lieu,2010-06-28,2010,6,28,9.560694642768718
Bac Lieu,2010-06-29,2010,6,29,0.0
Bac Lieu,2010-06-30,2010,6,30,1.5665796595339507
Bac Lieu,2010-07-01,2010,7,1,10.239095606623955
Bac Lieu,2010-07-02,2010,7,2,9.679055507443987
Bac Lieu,2010-07-03,2010,7,3,8.574018663964184
Bac Lieu,2010-07-04,2010,7,4,0.6788084789312112
Bac Lieu,2010-07-05,2010,7,5,1.066467553282684
Bac Lieu,2010-07-06,2010,7,6,0.7322424330531427
Bac Lieu,2010-07-07,2010,7,7,0.0833800861250679
Bac Lieu,2010-07-08,2010,7,8,1.7368311431093042
Bac Lieu,2010-07-09,2010,7,9,12.334232004237624
Bac Lieu,2010-07-10,2010,7,10,0.4798211524261618
Bac Lieu,2010-07-11,2010,7,11,4.731516535624018
Bac Lieu,2010-07-12,2010,7,12,4.213796382985025
Bac Lieu,2010-07-13,2010,7,13,9.781787152443297
Bac Lieu,2010-07-14,2010,7,14,2.3633212085939803
Bac Lieu,2010-07-15,2010,7,15,7.50526247350225
Bac Lieu,2010-07-16,2010,7,16,8.890471467072109
Bac Lieu,2010-07-17,2010,7,17,8.268366368626651
Bac Lieu,2010-07-18,2010,7,18,9.17701476893335
Bac Lieu,2010-07-19,2010,7,19,1.1093024920247636
Bac Lieu,2010-07-20,2010,7,20,0.0566948026711086
Bac Lieu,2010-07-21,2010,7,21,15.483929449657229
Bac Lieu,2010-07-22,2010,7,22,11.18512076318489
Bac Lieu,2010-07-23,2010,7,23,5.784072361370305
Bac Lieu,2010-07-24,2010,7,24,8.927143282494455
Bac Lieu,2010-07-25,2010,7,25,20.943913816703947
Bac Lieu,2010-07-26,2010,7,26,9.621799122054624
Bac Lieu,2010-07-27,2010,7,27,20.999115030576604
Bac Lieu,2010-07-28,2010,7,28,0.4733404656716112
Bac Lieu,2010-07-29,2010,7,29,2.423604034819693
Bac Lieu,2010-07-30,2010,7,30,0.0
Bac Lieu,2010-07-31,2010,7,31,22.798193184078876
Bac Lieu,2010-08-01,2010,8,1,14.302431603521672
Bac Lieu,2010-08-02,2010,8,2,0.216350385863826
Bac Lieu,2010-08-03,2010,8,3,3.5864640921916604
Bac Lieu,2010-08-04,2010,8,4,0.0
Bac Lieu,2010-08-05,2010,8,5,10.322999794492183
Bac Lieu,2010-08-06,2010,8,6,22.73909454712777
Bac Lieu,2010-08-07,2010,8,7,9.80305141861034
Bac Lieu,2010-08-08,2010,8,8,14.44180967555856
Bac Lieu,2010-08-09,2010,8,9,29.21744061192927
Bac Lieu,2010-08-10,2010,8,10,14.503646431724984
Bac Lieu,2010-08-11,2010,8,11,4.763448847410814
Bac Lieu,2010-08-12,2010,8,12,5.613947147081484
Bac Lieu,2010-08-13,2010,8,13,17.04544610570512
Bac Lieu,2010-08-14,2010,8,14,10.551387343910507
Bac Lieu,2010-08-15,2010,8,15,5.641072164697468
Bac Lieu,2010-08-16,2010,8,16,8.355856502092111
Bac Lieu,2010-08-17,2010,8,17,7.313118409327741
Bac Lieu,2010-08-18,2010,8,18,2.4119734215106607
Bac Lieu,2010-08-19,2010,8,19,8.512903659856548
Bac Lieu,2010-08-20,2010,8,20,2.1768166113079723
Bac Lieu,2010-08-21,2010,8,21,0.0514157798605145
Bac Lieu,2010-08-22,2010,8,22,19.782268899917607
Bac Lieu,2010-08-23,2010,8,23,11.127409159147517
Bac Lieu,2010-08-24,2010,8,24,1.282378206361015
Bac Lieu,2010-08-25,2010,8,25,2.065062390561374
Bac Lieu,2010-08-26,2010,8,26,5.791208410398017
Bac Lieu,2010-08-27,2010,8,27,7.785388314040203
Bac Lieu,2010-08-28,2010,8,28,11.206915306397203
Bac Lieu,2010-08-29,2010,8,29,10.79114625504332
Bac Lieu,2010-08-30,2010,8,30,5.329270828588955
Bac Lieu,2010-08-31,2010,8,31,3.5327198947060787
Bac Lieu,2010-09-01,2010,9,1,1.426722104027586
Bac Lieu,2010-09-02,2010,9,2,12.048341882687696
Bac Lieu,2010-09-03,2010,9,3,21.871814430740645
Bac Lieu,2010-09-04,2010,9,4,0.0
Bac Lieu,2010-09-05,2010,9,5,15.925800256693138
Bac Lieu,2010-09-06,2010,9,6,0.0
Bac Lieu,2010-09-07,2010,9,7,7.077126320928897
Bac Lieu,2010-09-08,2010,9,8,23.99908738604132
Bac Lieu,2010-09-09,2010,9,9,1.2394099130450555
Bac Lieu,2010-09-10,2010,9,10,15.470709148263037
Bac Lieu,2010-09-11,2010,9,11,7.875811325163213
Bac Lieu,2010-09-12,2010,9,12,17.87476134098701
Bac Lieu,2010-09-13,2010,9,13,7.290354014324694
Bac Lieu,2010-09-14,2010,9,14,9.819278700288738
Bac Lieu,2010-09-15,2010,9,15,9.573412863092605
Bac Lieu,2010-09-16,2010,9,16,15.796219342879535
Bac Lieu,2010-09-17,2010,9,17,19.002749143636454
Bac Lieu,2010-09-18,2010,9,18,8.807307639841767
Bac Lieu,2010-09-19,2010,9,19,1.0248262229415608
Bac Lieu,2010-09-20,2010,9,20,5.72860543364399
Bac Lieu,2010-09-21,2010,9,21,7.454024199008943
Bac Lieu,2010-09-22,2010,9,22,0.1966529472638976
Bac Lieu,2010-09-23,2010,9,23,0.7623297973039017
Bac Lieu,2010-09-24,2010,9,24,10.604602008045848
Bac Lieu,2010-09-25,2010,9,25,5.334229291295107
Bac Lieu,2010-09-26,2010,9,26,11.705748939658116
Bac Lieu,2010-09-27,2010,9,27,7.617032930752017
Bac Lieu,2010-09-28,2010,9,28,12.779501018596148
Bac Lieu,2010-09-29,2010,9,29,16.349245457343336
Bac Lieu,2010-09-30,2010,9,30,19.683934426469627
Bac Lieu,2010-10-01,2010,10,1,8.024888338628806
Bac Lieu,2010-10-02,2010,10,2,10.468174524145308
Bac Lieu,2010-10-03,2010,10,3,10.297017092848725
Bac Lieu,2010-10-04,2010,10,4,21.634711862636067
Bac Lieu,2010-10-05,2010,10,5,20.37839659035881
Bac Lieu,2010-10-06,2010,10,6,8.132847235823577
Bac Lieu,2010-10-07,2010,10,7,9.157195847673238
Bac Lieu,2010-10-08,2010,10,8,18.838135443453524
Bac Lieu,2010-10-09,2010,10,9,30.466219796666564
Bac Lieu,2010-10-10,2010,10,10,32.182101751795365
Bac Lieu,2010-10-11,2010,10,11,50.17282633439552
Bac Lieu,2010-10-12,2010,10,12,1.275235402233196
Bac Lieu,2010-10-13,2010,10,13,25.39167915653733
Bac Lieu,2010-10-14,2010,10,14,37.50315847497616
Bac Lieu,2010-10-15,2010,10,15,1.4537663584295313
Bac Lieu,2010-10-16,2010,10,16,9.881228605522304
Bac Lieu,2010-10-17,2010,10,17,10.231962634968308
Bac Lieu,2010-10-18,2010,10,18,0.4764452269212255
Bac Lieu,2010-10-19,2010,10,19,3.1241158183475712
Bac Lieu,2010-10-20,2010,10,20,33.422050644028864
Bac Lieu,2010-10-21,2010,10,21,34.93249028461385
Bac Lieu,2010-10-22,2010,10,22,5.905041599849487
Bac Lieu,2010-10-23,2010,10,23,0.0
Bac Lieu,2010-10-24,2010,10,24,10.93259497968206
Bac Lieu,2010-10-25,2010,10,25,5.2427019368477605
Bac Lieu,2010-10-26,2010,10,26,4.084669173681513
Bac Lieu,2010-10-27,2010,10,27,7.674482643784219
Bac Lieu,2010-10-28,2010,10,28,9.465929881833636
Bac Lieu,2010-10-29,2010,10,29,3.023962769697298
Bac Lieu,2010-10-30,2010,10,30,20.62331506545589
Bac Lieu,2010-10-31,2010,10,31,14.516456306133632
Bac Lieu,2010-11-01,2010,11,1,31.91462525921948
Bac Lieu,2010-11-02,2010,11,2,10.24421136289273
Bac Lieu,2010-11-03,2010,11,3,21.850773488926443
Bac Lieu,2010-11-04,2010,11,4,0.0
Bac Lieu,2010-11-05,2010,11,5,0.0
Bac Lieu,2010-11-06,2010,11,6,0.0
Bac Lieu,2010-11-07,2010,11,7,10.71826041059674
Bac Lieu,2010-11-08,2010,11,8,30.329199077102384
Bac Lieu,2010-11-09,2010,11,9,4.626140957688387
Bac Lieu,2010-11-10,2010,11,10,7.57767091024147
Bac Lieu,2010-11-11,2010,11,11,22.546192498081137
Bac Lieu,2010-11-12,2010,11,12,1.419488452389555
Bac Lieu,2010-11-13,2010,11,13,8.262306215592151
Bac Lieu,2010-11-14,2010,11,14,0.0
Bac Lieu,2010-11-15,2010,11,15,5.4961120194309165
Bac Lieu,2010-11-16,2010,11,16,0.0105192026462195
Bac Lieu,2010-11-17,2010,11,17,1.238010413403781
Bac Lieu,2010-11-18,2010,11,18,15.99970811311254
Bac Lieu,2010-11-19,2010,11,19,23.8509318010942
Bac Lieu,2010-11-20,2010,11,20,43.23827978155749
Bac Lieu,2010-11-21,2010,11,21,1.3008413930209175
Bac Lieu,2010-11-22,2010,11,22,8.101830814055678
Bac Lieu,2010-11-23,2010,11,23,2.004108871729869
Bac Lieu,2010-11-24,2010,11,24,0.5781662612411211
Bac Lieu,2010-11-25,2010,11,25,4.81697262954712
Bac Lieu,2010-11-26,2010,11,26,13.3493769844703
Bac Lieu,2010-11-27,2010,11,27,0.4400660451313235
Bac Lieu,2010-11-28,2010,11,28,5.522821306552529
Bac Lieu,2010-11-29,2010,11,29,0.0
Bac Lieu,2010-11-30,2010,11,30,0.0
Bac Lieu,2010-12-01,2010,12,1,0.0
Bac Lieu,2010-12-02,2010,12,2,0.0695744134750006
Bac Lieu,2010-12-03,2010,12,3,1.2228793511660596
Bac Lieu,2010-12-04,2010,12,4,1.3200774797493555
Bac Lieu,2010-12-05,2010,12,5,4.771712330062436
Bac Lieu,2010-12-06,2010,12,6,2.108649989303553
Bac Lieu,2010-12-07,2010,12,7,0.0708561780970051
Bac Lieu,2010-12-08,2010,12,8,0.0
Bac Lieu,2010-12-09,2010,12,9,0.8991624418249672
Bac Lieu,2010-12-10,2010,12,10,0.90243420777006
Bac Lieu,2010-12-11,2010,12,11,0.0
Bac Lieu,2010-12-12,2010,12,12,0.0
Bac Lieu,2010-12-13,2010,12,13,2.981387198961006
Bac Lieu,2010-12-14,2010,12,14,7.978481143186678
Bac Lieu,2010-12-15,2010,12,15,0.0
Bac Lieu,2010-12-16,2010,12,16,0.0
Bac Lieu,2010-12-17,2010,12,17,3.688268249185581
Bac Lieu,2010-12-18,2010,12,18,1.6782623255072902
Bac Lieu,2010-12-19,2010,12,19,1.2881082366097647
Bac Lieu,2010-12-20,2010,12,20,0.0
Bac Lieu,2010-12-21,2010,12,21,0.6517098139951815
Bac Lieu,2010-12-22,2010,12,22,0.3850050650542637
Bac Lieu,2010-12-23,2010,12,23,1.5468270368553565
Bac Lieu,2010-12-24,2010,12,24,0.3509242172848504
Bac Lieu,2010-12-25,2010,12,25,0.0
Bac Lieu,2010-12-26,2010,12,26,0.0
Bac Lieu,2010-12-27,2010,12,27,0.051980843278597
Bac Lieu,2010-12-28,2010,12,28,3.153426922298828
Bac Lieu,2010-12-29,2010,12,29,6.6271740944430535
Bac Lieu,2010-12-30,2010,12,30,0.0
Bac Lieu,2010-12-31,2010,12,31,1.0206335844903622
Bac Lieu,2011-01-01,2011,1,1,0.0
Bac Lieu,2011-01-02,2011,1,2,0.0
Bac Lieu,2011-01-03,2011,1,3,0.6347655101632171
Bac Lieu,2011-01-04,2011,1,4,0.3729666057532689
Bac Lieu,2011-01-05,2011,1,5,0.0
Bac Lieu,2011-01-06,2011,1,6,0.0
Bac Lieu,2011-01-07,2011,1,7,0.0603097013257584
Bac Lieu,2011-01-08,2011,1,8,0.0
Bac Lieu,2011-01-09,2011,1,9,0.0
Bac Lieu,2011-01-10,2011,1,10,2.2917731318878687
Bac Lieu,2011-01-11,2011,1,11,1.8647945923962688
Bac Lieu,2011-01-12,2011,1,12,2.151021590963849
Bac Lieu,2011-01-13,2011,1,13,1.569869411324555
Bac Lieu,2011-01-14,2011,1,14,1.269661098480225
Bac Lieu,2011-01-15,2011,1,15,0.2121231110815732
Bac Lieu,2011-01-16,2011,1,16,0.0
Bac Lieu,2011-01-17,2011,1,17,0.0
Bac Lieu,2011-01-18,2011,1,18,2.199411422117701
Bac Lieu,2011-01-19,2011,1,19,1.4841722130370592
Bac Lieu,2011-01-20,2011,1,20,0.0
Bac Lieu,2011-01-21,2011,1,21,0.0
Bac Lieu,2011-01-22,2011,1,22,0.0
Bac Lieu,2011-01-23,2011,1,23,0.0
Bac Lieu,2011-01-24,2011,1,24,0.0
Bac Lieu,2011-01-25,2011,1,25,0.1830328642062421
Bac Lieu,2011-01-26,2011,1,26,0.0
Bac Lieu,2011-01-27,2011,1,27,0.0
Bac Lieu,2011-01-28,2011,1,28,0.0
Bac Lieu,2011-01-29,2011,1,29,0.0
Bac Lieu,2011-01-30,2011,1,30,0.0
Bac Lieu,2011-01-31,2011,1,31,0.0
Bac Lieu,2011-02-01,2011,2,1,0.0
Bac Lieu,2011-02-02,2011,2,2,0.0
Bac Lieu,2011-02-03,2011,2,3,0.0
Bac Lieu,2011-02-04,2011,2,4,0.0
Bac Lieu,2011-02-05,2011,2,5,0.0
Bac Lieu,2011-02-06,2011,2,6,0.1290726411567544
Bac Lieu,2011-02-07,2011,2,7,0.0
Bac Lieu,2011-02-08,2011,2,8,0.0
Bac Lieu,2011-02-09,2011,2,9,0.0
Bac Lieu,2011-02-10,2011,2,10,0.0
Bac Lieu,2011-02-11,2011,2,11,0.0
Bac Lieu,2011-02-12,2011,2,12,0.0
Bac Lieu,2011-02-13,2011,2,13,0.0
Bac Lieu,2011-02-14,2011,2,14,0.0
Bac Lieu,2011-02-15,2011,2,15,0.0
Bac Lieu,2011-02-16,2011,2,16,0.0
Bac Lieu,2011-02-17,2011,2,17,0.0
Bac Lieu,2011-02-18,2011,2,18,0.0
Bac Lieu,2011-02-19,2011,2,19,0.0
Bac Lieu,2011-02-20,2011,2,20,0.1707632656727197
Bac Lieu,2011-02-21,2011,2,21,0.0789680202097263
Bac Lieu,2011-02-22,2011,2,22,0.0
Bac Lieu,2011-02-23,2011,2,23,0.0
Bac Lieu,2011-02-24,2011,2,24,0.0
Bac Lieu,2011-02-25,2011,2,25,0.0
Bac Lieu,2011-02-26,2011,2,26,0.0
Bac Lieu,2011-02-27,2011,2,27,0.0
Bac Lieu,2011-02-28,2011,2,28,0.0
Bac Lieu,2011-03-01,2011,3,1,1.085538898935858
Bac Lieu,2011-03-02,2011,3,2,0.9086359048969342
Bac Lieu,2011-03-03,2011,3,3,1.0323433419983343
Bac Lieu,2011-03-04,2011,3,4,3.882528631975066
Bac Lieu,2011-03-05,2011,3,5,0.0636991423480915
Bac Lieu,2011-03-06,2011,3,6,0.0
Bac Lieu,2011-03-07,2011,3,7,0.0
Bac Lieu,2011-03-08,2011,3,8,0.0
Bac Lieu,2011-03-09,2011,3,9,0.0
Bac Lieu,2011-03-10,2011,3,10,0.0
Bac Lieu,2011-03-11,2011,3,11,0.0107945742337208
Bac Lieu,2011-03-12,2011,3,12,1.121924047150702
Bac Lieu,2011-03-13,2011,3,13,0.0
Bac Lieu,2011-03-14,2011,3,14,0.0
Bac Lieu,2011-03-15,2011,3,15,0.0
Bac Lieu,2011-03-16,2011,3,16,0.0
Bac Lieu,2011-03-17,2011,3,17,5.32906131184326
Bac Lieu,2011-03-18,2011,3,18,0.0
Bac Lieu,2011-03-19,2011,3,19,0.0
Bac Lieu,2011-03-20,2011,3,20,0.0
Bac Lieu,2011-03-21,2011,3,21,0.1558987415061807
Bac Lieu,2011-03-22,2011,3,22,9.944887796383986
Bac Lieu,2011-03-23,2011,3,23,14.84676609956994
Bac Lieu,2011-03-24,2011,3,24,8.730994514429346
Bac Lieu,2011-03-25,2011,3,25,12.616981311744116
Bac Lieu,2011-03-26,2011,3,26,0.0
Bac Lieu,2011-03-27,2011,3,27,0.0
Bac Lieu,2011-03-28,2011,3,28,0.0
Bac Lieu,2011-03-29,2011,3,29,0.0
Bac Lieu,2011-03-30,2011,3,30,0.0
Bac Lieu,2011-03-31,2011,3,31,0.0
Bac Lieu,2011-04-01,2011,4,1,7.717353098743368
Bac Lieu,2011-04-02,2011,4,2,17.371479653340465
Bac Lieu,2011-04-03,2011,4,3,2.750194039380776
Bac Lieu,2011-04-04,2011,4,4,0.0
Bac Lieu,2011-04-05,2011,4,5,0.0
Bac Lieu,2011-04-06,2011,4,6,0.0
Bac Lieu,2011-04-07,2011,4,7,0.0
Bac Lieu,2011-04-08,2011,4,8,0.0
Bac Lieu,2011-04-09,2011,4,9,0.0
Bac Lieu,2011-04-10,2011,4,10,0.0
Bac Lieu,2011-04-11,2011,4,11,0.0
Bac Lieu,2011-04-12,2011,4,12,0.0
Bac Lieu,2011-04-13,2011,4,13,0.0
Bac Lieu,2011-04-14,2011,4,14,0.0
Bac Lieu,2011-04-15,2011,4,15,0.0
Bac Lieu,2011-04-16,2011,4,16,0.0
Bac Lieu,2011-04-17,2011,4,17,0.0
Bac Lieu,2011-04-18,2011,4,18,0.0
Bac Lieu,2011-04-19,2011,4,19,7.622149560316555
Bac Lieu,2011-04-20,2011,4,20,0.0
Bac Lieu,2011-04-21,2011,4,21,0.0
Bac Lieu,2011-04-22,2011,4,22,0.0
Bac Lieu,2011-04-23,2011,4,23,0.0
Bac Lieu,2011-04-24,2011,4,24,0.0
Bac Lieu,2011-04-25,2011,4,25,0.0
Bac Lieu,2011-04-26,2011,4,26,0.0
Bac Lieu,2011-04-27,2011,4,27,0.3274084449714085
Bac Lieu,2011-04-28,2011,4,28,0.0
Bac Lieu,2011-04-29,2011,4,29,2.638018787339049
Bac Lieu,2011-04-30,2011,4,30,0.0438274594792779
Bac Lieu,2011-05-01,2011,5,1,7.685983906188103
Bac Lieu,2011-05-02,2011,5,2,5.098274234987655
Bac Lieu,2011-05-03,2011,5,3,9.837643194954351
Bac Lieu,2011-05-04,2011,5,4,5.976942066876395
Bac Lieu,2011-05-05,2011,5,5,0.0
Bac Lieu,2011-05-06,2011,5,6,1.6302103655113365
Bac Lieu,2011-05-07,2011,5,7,8.331497589444217
Bac Lieu,2011-05-08,2011,5,8,0.1877822137328814
Bac Lieu,2011-05-09,2011,5,9,10.54388489629638
Bac Lieu,2011-05-10,2011,5,10,2.6387139036160603
Bac Lieu,2011-05-11,2011,5,11,13.183015974260726
Bac Lieu,2011-05-12,2011,5,12,6.137385350407294
Bac Lieu,2011-05-13,2011,5,13,9.958739936090865
Bac Lieu,2011-05-14,2011,5,14,0.8270094693111925
Bac Lieu,2011-05-15,2011,5,15,0.0976813155480151
Bac Lieu,2011-05-16,2011,5,16,6.555194594005371
Bac Lieu,2011-05-17,2011,5,17,3.91859789824036
Bac Lieu,2011-05-18,2011,5,18,1.4065926480833086
Bac Lieu,2011-05-19,2011,5,19,1.3151381663016557
Bac Lieu,2011-05-20,2011,5,20,0.4572539854949376
Bac Lieu,2011-05-21,2011,5,21,2.1021298093076024
Bac Lieu,2011-05-22,2011,5,22,1.3107626041466336
Bac Lieu,2011-05-23,2011,5,23,2.466089160725756
Bac Lieu,2011-05-24,2011,5,24,3.8435655494186114
Bac Lieu,2011-05-25,2011,5,25,9.122589037121468
Bac Lieu,2011-05-26,2011,5,26,4.897405888053607
Bac Lieu,2011-05-27,2011,5,27,13.286837153056885
Bac Lieu,2011-05-28,2011,5,28,24.371829641881984
Bac Lieu,2011-05-29,2011,5,29,18.41031150299648
Bac Lieu,2011-05-30,2011,5,30,8.522869948836993
Bac Lieu,2011-05-31,2011,5,31,1.3659532142855089
Bac Lieu,2011-06-01,2011,6,1,10.88847099117063
Bac Lieu,2011-06-02,2011,6,2,4.927917611823892
Bac Lieu,2011-06-03,2011,6,3,2.074147850180573
Bac Lieu,2011-06-04,2011,6,4,0.7154636004465931
Bac Lieu,2011-06-05,2011,6,5,11.28988300125554
Bac Lieu,2011-06-06,2011,6,6,30.062146091461187
Bac Lieu,2011-06-07,2011,6,7,4.753075208070143
Bac Lieu,2011-06-08,2011,6,8,13.123155313509818
Bac Lieu,2011-06-09,2011,6,9,14.22020613440028
Bac Lieu,2011-06-10,2011,6,10,0.7413884724670987
Bac Lieu,2011-06-11,2011,6,11,12.38881505188852
Bac Lieu,2011-06-12,2011,6,12,0.1969298933856892
Bac Lieu,2011-06-13,2011,6,13,22.53728821175054
Bac Lieu,2011-06-14,2011,6,14,0.0
Bac Lieu,2011-06-15,2011,6,15,4.970048419646498
Bac Lieu,2011-06-16,2011,6,16,5.228487072566772
Bac Lieu,2011-06-17,2011,6,17,42.80562662434128
Bac Lieu,2011-06-18,2011,6,18,45.15650737258623
Bac Lieu,2011-06-19,2011,6,19,7.868249852018534
Bac Lieu,2011-06-20,2011,6,20,18.80191590676218
Bac Lieu,2011-06-21,2011,6,21,3.22894041507649
Bac Lieu,2011-06-22,2011,6,22,4.596019623837381
Bac Lieu,2011-06-23,2011,6,23,5.57184158218132
Bac Lieu,2011-06-24,2011,6,24,0.0
Bac Lieu,2011-06-25,2011,6,25,0.0147443681393029
Bac Lieu,2011-06-26,2011,6,26,1.3424636884185503
Bac Lieu,2011-06-27,2011,6,27,0.0802009390884975
Bac Lieu,2011-06-28,2011,6,28,0.0553961879262384
Bac Lieu,2011-06-29,2011,6,29,0.8877225610085255
Bac Lieu,2011-06-30,2011,6,30,12.21831916109121
Bac Lieu,2011-07-01,2011,7,1,12.102326292685742
Bac Lieu,2011-07-02,2011,7,2,3.787856321406814
Bac Lieu,2011-07-03,2011,7,3,5.88107526093609
Bac Lieu,2011-07-04,2011,7,4,17.911330223299426
Bac Lieu,2011-07-05,2011,7,5,13.25618825829704
Bac Lieu,2011-07-06,2011,7,6,10.24163334022378
Bac Lieu,2011-07-07,2011,7,7,16.63678599598723
Bac Lieu,2011-07-08,2011,7,8,2.273724589617748
Bac Lieu,2011-07-09,2011,7,9,0.0
Bac Lieu,2011-07-10,2011,7,10,9.45934297707396
Bac Lieu,2011-07-11,2011,7,11,5.94113728310927
Bac Lieu,2011-07-12,2011,7,12,8.08266481322163
Bac Lieu,2011-07-13,2011,7,13,6.189806068852263
Bac Lieu,2011-07-14,2011,7,14,14.262369182523695
Bac Lieu,2011-07-15,2011,7,15,0.0
Bac Lieu,2011-07-16,2011,7,16,0.0
Bac Lieu,2011-07-17,2011,7,17,7.196509277919554
Bac Lieu,2011-07-18,2011,7,18,0.0
Bac Lieu,2011-07-19,2011,7,19,0.0
Bac Lieu,2011-07-20,2011,7,20,0.0
Bac Lieu,2011-07-21,2011,7,21,0.0008557420406701431
Bac Lieu,2011-07-22,2011,7,22,2.943331070342154
Bac Lieu,2011-07-23,2011,7,23,10.381202678464494
Bac Lieu,2011-07-24,2011,7,24,8.80509309424994
Bac Lieu,2011-07-25,2011,7,25,0.2647494111690882
Bac Lieu,2011-07-26,2011,7,26,14.840010478091688
Bac Lieu,2011-07-27,2011,7,27,11.327345134411216
Bac Lieu,2011-07-28,2011,7,28,23.845230992946988
Bac Lieu,2011-07-29,2011,7,29,26.87401256716027
Bac Lieu,2011-07-30,2011,7,30,26.08899561518543
Bac Lieu,2011-07-31,2011,7,31,4.808073117598048
Bac Lieu,2011-08-01,2011,8,1,0.7396224954578112
Bac Lieu,2011-08-02,2011,8,2,0.0
Bac Lieu,2011-08-03,2011,8,3,2.5162356100802152
Bac Lieu,2011-08-04,2011,8,4,0.0
Bac Lieu,2011-08-05,2011,8,5,0.0
Bac Lieu,2011-08-06,2011,8,6,3.30029798459107
Bac Lieu,2011-08-07,2011,8,7,2.911961987423448
Bac Lieu,2011-08-08,2011,8,8,3.5000034112930303
Bac Lieu,2011-08-09,2011,8,9,14.14699143454714
Bac Lieu,2011-08-10,2011,8,10,0.0316139540042517
Bac Lieu,2011-08-11,2011,8,11,0.0
Bac Lieu,2011-08-12,2011,8,12,0.0206054044219682
Bac Lieu,2011-08-13,2011,8,13,0.02506162024444
Bac Lieu,2011-08-14,2011,8,14,14.078776511246309
Bac Lieu,2011-08-15,2011,8,15,10.106214850245784
Bac Lieu,2011-08-16,2011,8,16,4.984051631153756
Bac Lieu,2011-08-17,2011,8,17,0.0
Bac Lieu,2011-08-18,2011,8,18,10.159300993433538
Bac Lieu,2011-08-19,2011,8,19,22.91177014807935
Bac Lieu,2011-08-20,2011,8,20,13.051294803907291
Bac Lieu,2011-08-21,2011,8,21,25.83776682259902
Bac Lieu,2011-08-22,2011,8,22,28.973267313759287
Bac Lieu,2011-08-23,2011,8,23,25.30218976924105
Bac Lieu,2011-08-24,2011,8,24,8.85371783519241
Bac Lieu,2011-08-25,2011,8,25,10.36878061287358
Bac Lieu,2011-08-26,2011,8,26,37.91528950594057
Bac Lieu,2011-08-27,2011,8,27,22.149300201703927
Bac Lieu,2011-08-28,2011,8,28,13.026467480029702
Bac Lieu,2011-08-29,2011,8,29,17.10686778755908
Bac Lieu,2011-08-30,2011,8,30,0.0
Bac Lieu,2011-08-31,2011,8,31,0.0
Bac Lieu,2011-09-01,2011,9,1,20.34844600274428
Bac Lieu,2011-09-02,2011,9,2,0.0125475487619076
Bac Lieu,2011-09-03,2011,9,3,5.630235159172203
Bac Lieu,2011-09-04,2011,9,4,6.732591889021532
Bac Lieu,2011-09-05,2011,9,5,1.9986689127976045
Bac Lieu,2011-09-06,2011,9,6,11.882666763305664
Bac Lieu,2011-09-07,2011,9,7,20.864827179638848
Bac Lieu,2011-09-08,2011,9,8,22.75676513747449
Bac Lieu,2011-09-09,2011,9,9,15.151842492517437
Bac Lieu,2011-09-10,2011,9,10,17.37560776843665
Bac Lieu,2011-09-11,2011,9,11,8.069930038137256
Bac Lieu,2011-09-12,2011,9,12,5.7845158390549
Bac Lieu,2011-09-13,2011,9,13,0.0
Bac Lieu,2011-09-14,2011,9,14,3.53269752442162
Bac Lieu,2011-09-15,2011,9,15,11.847551472618894
Bac Lieu,2011-09-16,2011,9,16,14.57006609925684
Bac Lieu,2011-09-17,2011,9,17,0.0
Bac Lieu,2011-09-18,2011,9,18,0.6058884799525424
Bac Lieu,2011-09-19,2011,9,19,1.8203802883759983
Bac Lieu,2011-09-20,2011,9,20,0.5801230289351267
Bac Lieu,2011-09-21,2011,9,21,42.76013884353638
Bac Lieu,2011-09-22,2011,9,22,8.134722196093147
Bac Lieu,2011-09-23,2011,9,23,7.932666603610202
Bac Lieu,2011-09-24,2011,9,24,3.1268745819667605
Bac Lieu,2011-09-25,2011,9,25,11.778803102691224
Bac Lieu,2011-09-26,2011,9,26,0.0
Bac Lieu,2011-09-27,2011,9,27,47.50889495158646
Bac Lieu,2011-09-28,2011,9,28,20.585251773294413
Bac Lieu,2011-09-29,2011,9,29,15.814346999726208
Bac Lieu,2011-09-30,2011,9,30,10.514440468590216
Bac Lieu,2011-10-01,2011,10,1,14.490268070724774
Bac Lieu,2011-10-02,2011,10,2,17.52748416929425
Bac Lieu,2011-10-03,2011,10,3,33.856986228511026
Bac Lieu,2011-10-04,2011,10,4,5.715130415502585
Bac Lieu,2011-10-05,2011,10,5,3.768318333589805
Bac Lieu,2011-10-06,2011,10,6,1.281503307792376
Bac Lieu,2011-10-07,2011,10,7,3.9431676813161607
Bac Lieu,2011-10-08,2011,10,8,5.938557142401642
Bac Lieu,2011-10-09,2011,10,9,4.033010508843187
Bac Lieu,2011-10-10,2011,10,10,9.547206100697789
Bac Lieu,2011-10-11,2011,10,11,1.2882781473555656
Bac Lieu,2011-10-12,2011,10,12,3.541261725371739
Bac Lieu,2011-10-13,2011,10,13,7.206596936585769
Bac Lieu,2011-10-14,2011,10,14,17.530197643531945
Bac Lieu,2011-10-15,2011,10,15,14.043725141651228
Bac Lieu,2011-10-16,2011,10,16,0.3971534591350916
Bac Lieu,2011-10-17,2011,10,17,2.679846799994415
Bac Lieu,2011-10-18,2011,10,18,9.72624108710379
Bac Lieu,2011-10-19,2011,10,19,0.0
Bac Lieu,2011-10-20,2011,10,20,0.3524786792791115
Bac Lieu,2011-10-21,2011,10,21,0.0
Bac Lieu,2011-10-22,2011,10,22,0.0
Bac Lieu,2011-10-23,2011,10,23,3.576794696214065
Bac Lieu,2011-10-24,2011,10,24,0.0
Bac Lieu,2011-10-25,2011,10,25,0.1851387407194893
Bac Lieu,2011-10-26,2011,10,26,0.0
Bac Lieu,2011-10-27,2011,10,27,0.0
Bac Lieu,2011-10-28,2011,10,28,0.0
Bac Lieu,2011-10-29,2011,10,29,0.0
Bac Lieu,2011-10-30,2011,10,30,0.0
Bac Lieu,2011-10-31,2011,10,31,0.0
Bac Lieu,2011-11-01,2011,11,1,0.4649865348384066
Bac Lieu,2011-11-02,2011,11,2,2.5825408635409377
Bac Lieu,2011-11-03,2011,11,3,6.277731178085758
Bac Lieu,2011-11-04,2011,11,4,16.629518157347196
Bac Lieu,2011-11-05,2011,11,5,41.08303458627666
Bac Lieu,2011-11-06,2011,11,6,29.118051183808525
Bac Lieu,2011-11-07,2011,11,7,22.970715759169384
Bac Lieu,2011-11-08,2011,11,8,14.416767693123733
Bac Lieu,2011-11-09,2011,11,9,5.698026579173107
Bac Lieu,2011-11-10,2011,11,10,6.069092863694677
Bac Lieu,2011-11-11,2011,11,11,0.0
Bac Lieu,2011-11-12,2011,11,12,0.0502955925419645
Bac Lieu,2011-11-13,2011,11,13,0.7676708084862189
Bac Lieu,2011-11-14,2011,11,14,0.0169976614466253
Bac Lieu,2011-11-15,2011,11,15,0.6387707560017426
Bac Lieu,2011-11-16,2011,11,16,11.071356276404185
Bac Lieu,2011-11-17,2011,11,17,9.553413933807953
Bac Lieu,2011-11-18,2011,11,18,11.376058566867185
Bac Lieu,2011-11-19,2011,11,19,0.0
Bac Lieu,2011-11-20,2011,11,20,0.0
Bac Lieu,2011-11-21,2011,11,21,0.1435959711614645
Bac Lieu,2011-11-22,2011,11,22,0.0
Bac Lieu,2011-11-23,2011,11,23,2.03385463944921
Bac Lieu,2011-11-24,2011,11,24,0.0
Bac Lieu,2011-11-25,2011,11,25,0.0
Bac Lieu,2011-11-26,2011,11,26,0.0
Bac Lieu,2011-11-27,2011,11,27,0.0
Bac Lieu,2011-11-28,2011,11,28,0.0
Bac Lieu,2011-11-29,2011,11,29,0.0
Bac Lieu,2011-11-30,2011,11,30,0.0
Bac Lieu,2011-12-01,2011,12,1,0.0
Bac Lieu,2011-12-02,2011,12,2,0.1094608071885019
Bac Lieu,2011-12-03,2011,12,3,2.151517847627964
Bac Lieu,2011-12-04,2011,12,4,0.0877880659013424
Bac Lieu,2011-12-05,2011,12,5,0.1957735526516752
Bac Lieu,2011-12-06,2011,12,6,0.0
Bac Lieu,2011-12-07,2011,12,7,0.1946520675083377
Bac Lieu,2011-12-08,2011,12,8,7.957616846552432
Bac Lieu,2011-12-09,2011,12,9,0.1311076994662015
Bac Lieu,2011-12-10,2011,12,10,11.379121113030417
Bac Lieu,2011-12-11,2011,12,11,0.0
Bac Lieu,2011-12-12,2011,12,12,0.8175717206631068
Bac Lieu,2011-12-13,2011,12,13,0.0
Bac Lieu,2011-12-14,2011,12,14,0.0
Bac Lieu,2011-12-15,2011,12,15,0.0
Bac Lieu,2011-12-16,2011,12,16,0.0
Bac Lieu,2011-12-17,2011,12,17,0.0
Bac Lieu,2011-12-18,2011,12,18,0.0
Bac Lieu,2011-12-19,2011,12,19,0.0
Bac Lieu,2011-12-20,2011,12,20,0.0
Bac Lieu,2011-12-21,2011,12,21,0.0
Bac Lieu,2011-12-22,2011,12,22,0.4220342452481108
Bac Lieu,2011-12-23,2011,12,23,0.1446656796167481
Bac Lieu,2011-12-24,2011,12,24,0.0
Bac Lieu,2011-12-25,2011,12,25,0.0
Bac Lieu,2011-12-26,2011,12,26,0.255444452609656
Bac Lieu,2011-12-27,2011,12,27,7.377806266055917
Bac Lieu,2011-12-28,2011,12,28,0.2892261867793101
Bac Lieu,2011-12-29,2011,12,29,0.0
Bac Lieu,2011-12-30,2011,12,30,7.396423793099961
Bac Lieu,2011-12-31,2011,12,31,0.0
Bac Lieu,2012-01-01,2012,1,1,0.0
Bac Lieu,2012-01-02,2012,1,2,0.0
Bac Lieu,2012-01-03,2012,1,3,0.0
Bac Lieu,2012-01-04,2012,1,4,0.0
Bac Lieu,2012-01-05,2012,1,5,0.0
Bac Lieu,2012-01-06,2012,1,6,0.0
Bac Lieu,2012-01-07,2012,1,7,0.0
Bac Lieu,2012-01-08,2012,1,8,0.0
Bac Lieu,2012-01-09,2012,1,9,0.0
Bac Lieu,2012-01-10,2012,1,10,0.0
Bac Lieu,2012-01-11,2012,1,11,0.2137681747922357
Bac Lieu,2012-01-12,2012,1,12,2.9883884441627653
Bac Lieu,2012-01-13,2012,1,13,0.0
Bac Lieu,2012-01-14,2012,1,14,5.317014485323204
Bac Lieu,2012-01-15,2012,1,15,2.866236987068968
Bac Lieu,2012-01-16,2012,1,16,0.0
Bac Lieu,2012-01-17,2012,1,17,0.0
Bac Lieu,2012-01-18,2012,1,18,0.0
Bac Lieu,2012-01-19,2012,1,19,0.0
Bac Lieu,2012-01-20,2012,1,20,0.0
Bac Lieu,2012-01-21,2012,1,21,0.0
Bac Lieu,2012-01-22,2012,1,22,0.0
Bac Lieu,2012-01-23,2012,1,23,0.0
Bac Lieu,2012-01-24,2012,1,24,0.0
Bac Lieu,2012-01-25,2012,1,25,0.2210695993675376
Bac Lieu,2012-01-26,2012,1,26,2.9036805367379825
Bac Lieu,2012-01-27,2012,1,27,0.0
Bac Lieu,2012-01-28,2012,1,28,8.483823008780208
Bac Lieu,2012-01-29,2012,1,29,0.0623603496101667
Bac Lieu,2012-01-30,2012,1,30,0.0
Bac Lieu,2012-01-31,2012,1,31,1.167042770313767
Bac Lieu,2012-02-01,2012,2,1,3.759491182480219
Bac Lieu,2012-02-02,2012,2,2,0.0170473413557376
Bac Lieu,2012-02-03,2012,2,3,0.0
Bac Lieu,2012-02-04,2012,2,4,0.3289240028723231
Bac Lieu,2012-02-05,2012,2,5,0.1039670533864003
Bac Lieu,2012-02-06,2012,2,6,0.0
Bac Lieu,2012-02-07,2012,2,7,0.0
Bac Lieu,2012-02-08,2012,2,8,0.0
Bac Lieu,2012-02-09,2012,2,9,0.0
Bac Lieu,2012-02-10,2012,2,10,0.0
Bac Lieu,2012-02-11,2012,2,11,0.0
Bac Lieu,2012-02-12,2012,2,12,0.0
Bac Lieu,2012-02-13,2012,2,13,0.0
Bac Lieu,2012-02-14,2012,2,14,0.0
Bac Lieu,2012-02-15,2012,2,15,0.0
Bac Lieu,2012-02-16,2012,2,16,0.0
Bac Lieu,2012-02-17,2012,2,17,2.1879040514388177
Bac Lieu,2012-02-18,2012,2,18,0.0962760103873486
Bac Lieu,2012-02-19,2012,2,19,0.0
Bac Lieu,2012-02-20,2012,2,20,0.0
Bac Lieu,2012-02-21,2012,2,21,2.472462534031778
Bac Lieu,2012-02-22,2012,2,22,0.2112558138865345
Bac Lieu,2012-02-23,2012,2,23,0.0
Bac Lieu,2012-02-24,2012,2,24,0.0
Bac Lieu,2012-02-25,2012,2,25,0.0
Bac Lieu,2012-02-26,2012,2,26,0.0
Bac Lieu,2012-02-27,2012,2,27,0.0
Bac Lieu,2012-02-28,2012,2,28,0.0
Bac Lieu,2012-02-29,2012,2,29,0.0
Bac Lieu,2012-03-01,2012,3,1,0.0
Bac Lieu,2012-03-02,2012,3,2,0.0368751509324559
Bac Lieu,2012-03-03,2012,3,3,3.1095772647407824
Bac Lieu,2012-03-04,2012,3,4,7.824257810655631
Bac Lieu,2012-03-05,2012,3,5,0.0
Bac Lieu,2012-03-06,2012,3,6,0.0
Bac Lieu,2012-03-07,2012,3,7,0.0
Bac Lieu,2012-03-08,2012,3,8,0.2659745071114234
Bac Lieu,2012-03-09,2012,3,9,0.0
Bac Lieu,2012-03-10,2012,3,10,0.0
Bac Lieu,2012-03-11,2012,3,11,0.0
Bac Lieu,2012-03-12,2012,3,12,0.0
Bac Lieu,2012-03-13,2012,3,13,0.0
Bac Lieu,2012-03-14,2012,3,14,0.2985098051754934
Bac Lieu,2012-03-15,2012,3,15,9.375045958357038
Bac Lieu,2012-03-16,2012,3,16,0.0
Bac Lieu,2012-03-17,2012,3,17,0.0
Bac Lieu,2012-03-18,2012,3,18,0.0
Bac Lieu,2012-03-19,2012,3,19,0.0
Bac Lieu,2012-03-20,2012,3,20,0.479875898068806
Bac Lieu,2012-03-21,2012,3,21,0.2465856474480539
Bac Lieu,2012-03-22,2012,3,22,0.3537876993755125
Bac Lieu,2012-03-23,2012,3,23,0.0
Bac Lieu,2012-03-24,2012,3,24,4.113900464165887
Bac Lieu,2012-03-25,2012,3,25,4.805782203458391
Bac Lieu,2012-03-26,2012,3,26,3.704998484773456
Bac Lieu,2012-03-27,2012,3,27,3.870355760331424
Bac Lieu,2012-03-28,2012,3,28,1.605442003268116
Bac Lieu,2012-03-29,2012,3,29,0.0
Bac Lieu,2012-03-30,2012,3,30,23.575808010173297
Bac Lieu,2012-03-31,2012,3,31,16.64216957991978
Bac Lieu,2012-04-01,2012,4,1,1.5765028714863762
Bac Lieu,2012-04-02,2012,4,2,0.814838528093302
Bac Lieu,2012-04-03,2012,4,3,4.77543645603252
Bac Lieu,2012-04-04,2012,4,4,0.0
Bac Lieu,2012-04-05,2012,4,5,0.0
Bac Lieu,2012-04-06,2012,4,6,0.0
Bac Lieu,2012-04-07,2012,4,7,0.0
Bac Lieu,2012-04-08,2012,4,8,0.0
Bac Lieu,2012-04-09,2012,4,9,0.0
Bac Lieu,2012-04-10,2012,4,10,0.4502794737815858
Bac Lieu,2012-04-11,2012,4,11,0.5679456280447402
Bac Lieu,2012-04-12,2012,4,12,0.5859182183247693
Bac Lieu,2012-04-13,2012,4,13,2.505884340542668
Bac Lieu,2012-04-14,2012,4,14,0.0
Bac Lieu,2012-04-15,2012,4,15,0.0
Bac Lieu,2012-04-16,2012,4,16,0.4452980837192176
Bac Lieu,2012-04-17,2012,4,17,0.0
Bac Lieu,2012-04-18,2012,4,18,0.0
Bac Lieu,2012-04-19,2012,4,19,10.368346079502468
Bac Lieu,2012-04-20,2012,4,20,2.943645280307194
Bac Lieu,2012-04-21,2012,4,21,1.1998342000943312
Bac Lieu,2012-04-22,2012,4,22,1.9130329221329605
Bac Lieu,2012-04-23,2012,4,23,0.0797071178454273
Bac Lieu,2012-04-24,2012,4,24,2.1736289636054136
Bac Lieu,2012-04-25,2012,4,25,7.40091390432502
Bac Lieu,2012-04-26,2012,4,26,27.926073281126207
Bac Lieu,2012-04-27,2012,4,27,8.902197020872586
Bac Lieu,2012-04-28,2012,4,28,19.76440722091243
Bac Lieu,2012-04-29,2012,4,29,25.582332183478016
Bac Lieu,2012-04-30,2012,4,30,1.3269585278349103
Bac Lieu,2012-05-01,2012,5,1,0.0
Bac Lieu,2012-05-02,2012,5,2,2.461982957084224
Bac Lieu,2012-05-03,2012,5,3,23.21005351347293
Bac Lieu,2012-05-04,2012,5,4,3.8015884502698793
Bac Lieu,2012-05-05,2012,5,5,0.0972462737785195
Bac Lieu,2012-05-06,2012,5,6,11.366018259552291
Bac Lieu,2012-05-07,2012,5,7,11.222408782815036
Bac Lieu,2012-05-08,2012,5,8,2.383444814394106
Bac Lieu,2012-05-09,2012,5,9,0.0
Bac Lieu,2012-05-10,2012,5,10,6.382546852993517
Bac Lieu,2012-05-11,2012,5,11,4.968479430792466
Bac Lieu,2012-05-12,2012,5,12,8.979813737977226
Bac Lieu,2012-05-13,2012,5,13,9.936614158000587
Bac Lieu,2012-05-14,2012,5,14,23.261663919772744
Bac Lieu,2012-05-15,2012,5,15,16.924853954045282
Bac Lieu,2012-05-16,2012,5,16,21.915489620460654
Bac Lieu,2012-05-17,2012,5,17,25.068769670882315
Bac Lieu,2012-05-18,2012,5,18,5.305234614696144
Bac Lieu,2012-05-19,2012,5,19,0.0
Bac Lieu,2012-05-20,2012,5,20,2.319883968173333
Bac Lieu,2012-05-21,2012,5,21,4.641453139233139
Bac Lieu,2012-05-22,2012,5,22,2.3814799890698133
Bac Lieu,2012-05-23,2012,5,23,7.525044104054291
Bac Lieu,2012-05-24,2012,5,24,13.561640947143989
Bac Lieu,2012-05-25,2012,5,25,18.89281847018116
Bac Lieu,2012-05-26,2012,5,26,35.062225287239514
Bac Lieu,2012-05-27,2012,5,27,14.167041329689749
Bac Lieu,2012-05-28,2012,5,28,0.0
Bac Lieu,2012-05-29,2012,5,29,0.1075870449138137
Bac Lieu,2012-05-30,2012,5,30,0.0
Bac Lieu,2012-05-31,2012,5,31,16.96052454520172
Bac Lieu,2012-06-01,2012,6,1,21.882213092300127
Bac Lieu,2012-06-02,2012,6,2,2.8381060572210357
Bac Lieu,2012-06-03,2012,6,3,0.2954922331324164
Bac Lieu,2012-06-04,2012,6,4,3.931688115821696
Bac Lieu,2012-06-05,2012,6,5,4.1249837375137055
Bac Lieu,2012-06-06,2012,6,6,3.0022532145302248
Bac Lieu,2012-06-07,2012,6,7,1.4972712547194282
Bac Lieu,2012-06-08,2012,6,8,4.69988470164785
Bac Lieu,2012-06-09,2012,6,9,2.210278572028538
Bac Lieu,2012-06-10,2012,6,10,1.2290682655640368
Bac Lieu,2012-06-11,2012,6,11,0.0
Bac Lieu,2012-06-12,2012,6,12,8.2437822245112
Bac Lieu,2012-06-13,2012,6,13,0.0
Bac Lieu,2012-06-14,2012,6,14,0.0
Bac Lieu,2012-06-15,2012,6,15,16.890388906766788
Bac Lieu,2012-06-16,2012,6,16,0.0553193217223545
Bac Lieu,2012-06-17,2012,6,17,4.846480167316941
Bac Lieu,2012-06-18,2012,6,18,3.860318533789438
Bac Lieu,2012-06-19,2012,6,19,0.0
Bac Lieu,2012-06-20,2012,6,20,0.0
Bac Lieu,2012-06-21,2012,6,21,1.0426372233336827
Bac Lieu,2012-06-22,2012,6,22,1.7948925720790652
Bac Lieu,2012-06-23,2012,6,23,13.307893794059757
Bac Lieu,2012-06-24,2012,6,24,0.7870358847852025
Bac Lieu,2012-06-25,2012,6,25,0.0
Bac Lieu,2012-06-26,2012,6,26,0.0
Bac Lieu,2012-06-27,2012,6,27,3.065784280039229
Bac Lieu,2012-06-28,2012,6,28,14.935788501199688
Bac Lieu,2012-06-29,2012,6,29,12.704296813766916
Bac Lieu,2012-06-30,2012,6,30,13.94724940094858
Bac Lieu,2012-07-01,2012,7,1,2.8599065641907027
Bac Lieu,2012-07-02,2012,7,2,14.286900286584531
Bac Lieu,2012-07-03,2012,7,3,10.027135167463772
Bac Lieu,2012-07-04,2012,7,4,3.2223512583678624
Bac Lieu,2012-07-05,2012,7,5,10.367333888827632
Bac Lieu,2012-07-06,2012,7,6,0.0
Bac Lieu,2012-07-07,2012,7,7,7.09346151049632
Bac Lieu,2012-07-08,2012,7,8,0.0
Bac Lieu,2012-07-09,2012,7,9,3.258608095358003
Bac Lieu,2012-07-10,2012,7,10,16.81874957185422
Bac Lieu,2012-07-11,2012,7,11,25.761719804188
Bac Lieu,2012-07-12,2012,7,12,17.791992827037596
Bac Lieu,2012-07-13,2012,7,13,4.079387267040756
Bac Lieu,2012-07-14,2012,7,14,0.5570698440119906
Bac Lieu,2012-07-15,2012,7,15,0.0785044092142357
Bac Lieu,2012-07-16,2012,7,16,16.621505651078134
Bac Lieu,2012-07-17,2012,7,17,12.426307246064244
Bac Lieu,2012-07-18,2012,7,18,12.8393538471078
Bac Lieu,2012-07-19,2012,7,19,0.0
Bac Lieu,2012-07-20,2012,7,20,10.072223065178353
Bac Lieu,2012-07-21,2012,7,21,7.837739018107361
Bac Lieu,2012-07-22,2012,7,22,9.238193517415027
Bac Lieu,2012-07-23,2012,7,23,5.063588721842136
Bac Lieu,2012-07-24,2012,7,24,4.129893101674206
Bac Lieu,2012-07-25,2012,7,25,0.3832635204567099
Bac Lieu,2012-07-26,2012,7,26,6.2555887471325
Bac Lieu,2012-07-27,2012,7,27,5.002955083847047
Bac Lieu,2012-07-28,2012,7,28,9.642907601464472
Bac Lieu,2012-07-29,2012,7,29,0.0
Bac Lieu,2012-07-30,2012,7,30,18.99257350756088
Bac Lieu,2012-07-31,2012,7,31,0.0
Bac Lieu,2012-08-01,2012,8,1,23.779030771291488
Bac Lieu,2012-08-02,2012,8,2,17.966150092610775
Bac Lieu,2012-08-03,2012,8,3,4.87671928299598
Bac Lieu,2012-08-04,2012,8,4,0.0
Bac Lieu,2012-08-05,2012,8,5,0.0
Bac Lieu,2012-08-06,2012,8,6,1.4376018234153964
Bac Lieu,2012-08-07,2012,8,7,0.0
Bac Lieu,2012-08-08,2012,8,8,0.0
Bac Lieu,2012-08-09,2012,8,9,0.0
Bac Lieu,2012-08-10,2012,8,10,0.0
Bac Lieu,2012-08-11,2012,8,11,0.0
Bac Lieu,2012-08-12,2012,8,12,0.0
Bac Lieu,2012-08-13,2012,8,13,0.0
Bac Lieu,2012-08-14,2012,8,14,7.921068145086183
Bac Lieu,2012-08-15,2012,8,15,1.9498905673566855
Bac Lieu,2012-08-16,2012,8,16,18.515555373209832
Bac Lieu,2012-08-17,2012,8,17,34.684099540782434
Bac Lieu,2012-08-18,2012,8,18,3.0288505774623946
Bac Lieu,2012-08-19,2012,8,19,0.0
Bac Lieu,2012-08-20,2012,8,20,0.5342517895248702
Bac Lieu,2012-08-21,2012,8,21,8.563486862506508
Bac Lieu,2012-08-22,2012,8,22,10.387713297160166
Bac Lieu,2012-08-23,2012,8,23,0.466057065225997
Bac Lieu,2012-08-24,2012,8,24,4.794857719979197
Bac Lieu,2012-08-25,2012,8,25,2.080617549203477
Bac Lieu,2012-08-26,2012,8,26,4.389797059230086
Bac Lieu,2012-08-27,2012,8,27,6.779686799697156
Bac Lieu,2012-08-28,2012,8,28,1.7477007779265354
Bac Lieu,2012-08-29,2012,8,29,0.0033158622237871
Bac Lieu,2012-08-30,2012,8,30,2.777733550791471
Bac Lieu,2012-08-31,2012,8,31,15.446062610338322
Bac Lieu,2012-09-01,2012,9,1,12.535324087952668
Bac Lieu,2012-09-02,2012,9,2,8.79036320432627
Bac Lieu,2012-09-03,2012,9,3,5.014396482629596
Bac Lieu,2012-09-04,2012,9,4,16.795474372503897
Bac Lieu,2012-09-05,2012,9,5,28.42381547175713
Bac Lieu,2012-09-06,2012,9,6,26.7080349796943
Bac Lieu,2012-09-07,2012,9,7,0.4291331035685989
Bac Lieu,2012-09-08,2012,9,8,1.256588294155193
Bac Lieu,2012-09-09,2012,9,9,29.12224109912369
Bac Lieu,2012-09-10,2012,9,10,15.23738232214946
Bac Lieu,2012-09-11,2012,9,11,6.255119535050303
Bac Lieu,2012-09-12,2012,9,12,12.973378826285307
Bac Lieu,2012-09-13,2012,9,13,8.89524691324414
Bac Lieu,2012-09-14,2012,9,14,21.334108813555737
Bac Lieu,2012-09-15,2012,9,15,18.920369692352587
Bac Lieu,2012-09-16,2012,9,16,8.809427588372861
Bac Lieu,2012-09-17,2012,9,17,1.4728402686928803
Bac Lieu,2012-09-18,2012,9,18,4.919128683486076
Bac Lieu,2012-09-19,2012,9,19,14.31402968181754
Bac Lieu,2012-09-20,2012,9,20,18.59630436020977
Bac Lieu,2012-09-21,2012,9,21,0.0
Bac Lieu,2012-09-22,2012,9,22,12.83935953485741
Bac Lieu,2012-09-23,2012,9,23,2.357647612985575
Bac Lieu,2012-09-24,2012,9,24,22.96863120640449
Bac Lieu,2012-09-25,2012,9,25,1.6267963061602608
Bac Lieu,2012-09-26,2012,9,26,6.49908681631988
Bac Lieu,2012-09-27,2012,9,27,26.81079226850114
Bac Lieu,2012-09-28,2012,9,28,31.084127672699257
Bac Lieu,2012-09-29,2012,9,29,47.06078439223092
Bac Lieu,2012-09-30,2012,9,30,12.172998592556649
Bac Lieu,2012-10-01,2012,10,1,14.76751526562673
Bac Lieu,2012-10-02,2012,10,2,14.971172062118104
Bac Lieu,2012-10-03,2012,10,3,10.00843487561424
Bac Lieu,2012-10-04,2012,10,4,7.092172027443939
Bac Lieu,2012-10-05,2012,10,5,26.032719482457868
Bac Lieu,2012-10-06,2012,10,6,34.67016265192572
Bac Lieu,2012-10-07,2012,10,7,7.526144743829405
Bac Lieu,2012-10-08,2012,10,8,19.18434898063373
Bac Lieu,2012-10-09,2012,10,9,6.046065800954712
Bac Lieu,2012-10-10,2012,10,10,3.190216639824634
Bac Lieu,2012-10-11,2012,10,11,4.55199179447822
Bac Lieu,2012-10-12,2012,10,12,24.29189329521612
Bac Lieu,2012-10-13,2012,10,13,2.5061357287280965
Bac Lieu,2012-10-14,2012,10,14,0.0
Bac Lieu,2012-10-15,2012,10,15,0.0
Bac Lieu,2012-10-16,2012,10,16,0.0
Bac Lieu,2012-10-17,2012,10,17,8.359566394536001
Bac Lieu,2012-10-18,2012,10,18,0.0
Bac Lieu,2012-10-19,2012,10,19,2.5988165191434462
Bac Lieu,2012-10-20,2012,10,20,0.0711278102982719
Bac Lieu,2012-10-21,2012,10,21,3.58425251230204
Bac Lieu,2012-10-22,2012,10,22,16.556682405147917
Bac Lieu,2012-10-23,2012,10,23,0.9246931311769306
Bac Lieu,2012-10-24,2012,10,24,0.1955970647559975
Bac Lieu,2012-10-25,2012,10,25,1.894495155442436
Bac Lieu,2012-10-26,2012,10,26,0.0
Bac Lieu,2012-10-27,2012,10,27,0.0
Bac Lieu,2012-10-28,2012,10,28,0.0
Bac Lieu,2012-10-29,2012,10,29,0.0
Bac Lieu,2012-10-30,2012,10,30,4.341131793328052
Bac Lieu,2012-10-31,2012,10,31,0.0
Bac Lieu,2012-11-01,2012,11,1,0.9958662867276176
Bac Lieu,2012-11-02,2012,11,2,0.6978389434094701
Bac Lieu,2012-11-03,2012,11,3,0.0
Bac Lieu,2012-11-04,2012,11,4,1.6273660779809054
Bac Lieu,2012-11-05,2012,11,5,10.823394761193471
Bac Lieu,2012-11-06,2012,11,6,2.0644524267124686
Bac Lieu,2012-11-07,2012,11,7,0.0
Bac Lieu,2012-11-08,2012,11,8,0.0
Bac Lieu,2012-11-09,2012,11,9,0.0
Bac Lieu,2012-11-10,2012,11,10,6.965505911683136
Bac Lieu,2012-11-11,2012,11,11,1.806152412648471
Bac Lieu,2012-11-12,2012,11,12,0.0
Bac Lieu,2012-11-13,2012,11,13,2.770883764051041
Bac Lieu,2012-11-14,2012,11,14,36.49209527271199
Bac Lieu,2012-11-15,2012,11,15,14.35219146827482
Bac Lieu,2012-11-16,2012,11,16,0.1738822658466843
Bac Lieu,2012-11-17,2012,11,17,0.0090746919164117
Bac Lieu,2012-11-18,2012,11,18,0.0
Bac Lieu,2012-11-19,2012,11,19,0.0
Bac Lieu,2012-11-20,2012,11,20,12.054863077235671
Bac Lieu,2012-11-21,2012,11,21,0.324806144282503
Bac Lieu,2012-11-22,2012,11,22,6.879687030270417
Bac Lieu,2012-11-23,2012,11,23,2.1223909110663075
Bac Lieu,2012-11-24,2012,11,24,1.6832099242120422
Bac Lieu,2012-11-25,2012,11,25,1.7829394017345506
Bac Lieu,2012-11-26,2012,11,26,0.4381770296276741
Bac Lieu,2012-11-27,2012,11,27,0.1070864726732362
Bac Lieu,2012-11-28,2012,11,28,6.774429725269101
Bac Lieu,2012-11-29,2012,11,29,0.0079682139090771
Bac Lieu,2012-11-30,2012,11,30,0.5026091059018981
Bac Lieu,2012-12-01,2012,12,1,0.0
Bac Lieu,2012-12-02,2012,12,2,0.0
Bac Lieu,2012-12-03,2012,12,3,2.8964134965212844
Bac Lieu,2012-12-04,2012,12,4,0.3051654127408874
Bac Lieu,2012-12-05,2012,12,5,0.1524954832050035
Bac Lieu,2012-12-06,2012,12,6,0.0
Bac Lieu,2012-12-07,2012,12,7,0.2907359243518901
Bac Lieu,2012-12-08,2012,12,8,0.5613899007203444
Bac Lieu,2012-12-09,2012,12,9,0.0
Bac Lieu,2012-12-10,2012,12,10,0.0
Bac Lieu,2012-12-11,2012,12,11,0.0
Bac Lieu,2012-12-12,2012,12,12,0.0
Bac Lieu,2012-12-13,2012,12,13,2.248382259193457
Bac Lieu,2012-12-14,2012,12,14,7.461982685251057
Bac Lieu,2012-12-15,2012,12,15,0.0
Bac Lieu,2012-12-16,2012,12,16,0.0
Bac Lieu,2012-12-17,2012,12,17,0.0
Bac Lieu,2012-12-18,2012,12,18,0.0
Bac Lieu,2012-12-19,2012,12,19,0.0858379017541993
Bac Lieu,2012-12-20,2012,12,20,0.0
Bac Lieu,2012-12-21,2012,12,21,0.4800779531226969
Bac Lieu,2012-12-22,2012,12,22,2.9546814257333867
Bac Lieu,2012-12-23,2012,12,23,0.0
Bac Lieu,2012-12-24,2012,12,24,0.0
Bac Lieu,2012-12-25,2012,12,25,0.0
Bac Lieu,2012-12-26,2012,12,26,0.8187309420963503
Bac Lieu,2012-12-27,2012,12,27,0.0
Bac Lieu,2012-12-28,2012,12,28,0.0
Bac Lieu,2012-12-29,2012,12,29,5.383445054612071
Bac Lieu,2012-12-30,2012,12,30,5.260031259878627
Bac Lieu,2012-12-31,2012,12,31,2.1397953082390555
Bac Lieu,2013-01-01,2013,1,1,3.027485738254943
Bac Lieu,2013-01-02,2013,1,2,0.0
Bac Lieu,2013-01-03,2013,1,3,0.0930607995042261
Bac Lieu,2013-01-04,2013,1,4,1.4076451794156488
Bac Lieu,2013-01-05,2013,1,5,8.939518042366464
Bac Lieu,2013-01-06,2013,1,6,6.648979891345186
Bac Lieu,2013-01-07,2013,1,7,8.20361359659231
Bac Lieu,2013-01-08,2013,1,8,3.537958768579196
Bac Lieu,2013-01-09,2013,1,9,1.818949818476191
Bac Lieu,2013-01-10,2013,1,10,1.0163714912387565
Bac Lieu,2013-01-11,2013,1,11,0.0
Bac Lieu,2013-01-12,2013,1,12,0.0
Bac Lieu,2013-01-13,2013,1,13,0.0
Bac Lieu,2013-01-14,2013,1,14,0.0
Bac Lieu,2013-01-15,2013,1,15,0.0
Bac Lieu,2013-01-16,2013,1,16,0.0
Bac Lieu,2013-01-17,2013,1,17,0.0
Bac Lieu,2013-01-18,2013,1,18,0.0
Bac Lieu,2013-01-19,2013,1,19,0.0
Bac Lieu,2013-01-20,2013,1,20,0.0
Bac Lieu,2013-01-21,2013,1,21,0.0
Bac Lieu,2013-01-22,2013,1,22,0.0
Bac Lieu,2013-01-23,2013,1,23,0.0
Bac Lieu,2013-01-24,2013,1,24,0.0
Bac Lieu,2013-01-25,2013,1,25,0.0
Bac Lieu,2013-01-26,2013,1,26,0.0
Bac Lieu,2013-01-27,2013,1,27,0.0
Bac Lieu,2013-01-28,2013,1,28,0.0
Bac Lieu,2013-01-29,2013,1,29,0.0
Bac Lieu,2013-01-30,2013,1,30,0.0
Bac Lieu,2013-01-31,2013,1,31,0.0
Bac Lieu,2013-02-01,2013,2,1,0.0
Bac Lieu,2013-02-02,2013,2,2,0.0
Bac Lieu,2013-02-03,2013,2,3,0.0
Bac Lieu,2013-02-04,2013,2,4,0.0
Bac Lieu,2013-02-05,2013,2,5,0.0
Bac Lieu,2013-02-06,2013,2,6,0.0
Bac Lieu,2013-02-07,2013,2,7,0.0267784756219612
Bac Lieu,2013-02-08,2013,2,8,0.1395536822283043
Bac Lieu,2013-02-09,2013,2,9,0.0
Bac Lieu,2013-02-10,2013,2,10,0.0124034289773905
Bac Lieu,2013-02-11,2013,2,11,0.3325185659246625
Bac Lieu,2013-02-12,2013,2,12,0.0
Bac Lieu,2013-02-13,2013,2,13,0.0
Bac Lieu,2013-02-14,2013,2,14,0.0142360568046569
Bac Lieu,2013-02-15,2013,2,15,1.3132746126696748
Bac Lieu,2013-02-16,2013,2,16,0.0
Bac Lieu,2013-02-17,2013,2,17,0.1852142146151021
Bac Lieu,2013-02-18,2013,2,18,0.0
Bac Lieu,2013-02-19,2013,2,19,0.1025077793103344
Bac Lieu,2013-02-20,2013,2,20,0.0
Bac Lieu,2013-02-21,2013,2,21,1.7479538578784692
Bac Lieu,2013-02-22,2013,2,22,3.132164448297249
Bac Lieu,2013-02-23,2013,2,23,0.4087596155742429
Bac Lieu,2013-02-24,2013,2,24,0.7102725253307595
Bac Lieu,2013-02-25,2013,2,25,0.0
Bac Lieu,2013-02-26,2013,2,26,0.1833308205559569
Bac Lieu,2013-02-27,2013,2,27,0.0
Bac Lieu,2013-02-28,2013,2,28,0.0
Bac Lieu,2013-03-01,2013,3,1,0.0
Bac Lieu,2013-03-02,2013,3,2,0.0
Bac Lieu,2013-03-03,2013,3,3,0.0
Bac Lieu,2013-03-04,2013,3,4,0.0
Bac Lieu,2013-03-05,2013,3,5,0.0
Bac Lieu,2013-03-06,2013,3,6,0.0
Bac Lieu,2013-03-07,2013,3,7,0.0
Bac Lieu,2013-03-08,2013,3,8,0.0
Bac Lieu,2013-03-09,2013,3,9,0.016696551448894
Bac Lieu,2013-03-10,2013,3,10,0.0
Bac Lieu,2013-03-11,2013,3,11,0.0
Bac Lieu,2013-03-12,2013,3,12,0.0
Bac Lieu,2013-03-13,2013,3,13,0.0
Bac Lieu,2013-03-14,2013,3,14,0.0
Bac Lieu,2013-03-15,2013,3,15,0.0
Bac Lieu,2013-03-16,2013,3,16,0.0
Bac Lieu,2013-03-17,2013,3,17,0.0
Bac Lieu,2013-03-18,2013,3,18,0.0
Bac Lieu,2013-03-19,2013,3,19,0.0
Bac Lieu,2013-03-20,2013,3,20,0.0
Bac Lieu,2013-03-21,2013,3,21,0.0
Bac Lieu,2013-03-22,2013,3,22,0.0
Bac Lieu,2013-03-23,2013,3,23,0.0
Bac Lieu,2013-03-24,2013,3,24,0.0
Bac Lieu,2013-03-25,2013,3,25,3.720666295753335
Bac Lieu,2013-03-26,2013,3,26,8.873646292065676
Bac Lieu,2013-03-27,2013,3,27,0.0
Bac Lieu,2013-03-28,2013,3,28,0.0
Bac Lieu,2013-03-29,2013,3,29,0.0
Bac Lieu,2013-03-30,2013,3,30,0.0
Bac Lieu,2013-03-31,2013,3,31,0.1771429099496805
Bac Lieu,2013-04-01,2013,4,1,0.0
Bac Lieu,2013-04-02,2013,4,2,0.0
Bac Lieu,2013-04-03,2013,4,3,0.0
Bac Lieu,2013-04-04,2013,4,4,1.896178261019149
Bac Lieu,2013-04-05,2013,4,5,6.151751550728421
Bac Lieu,2013-04-06,2013,4,6,0.9990054565555646
Bac Lieu,2013-04-07,2013,4,7,3.181702606111202
Bac Lieu,2013-04-08,2013,4,8,11.587428274514542
Bac Lieu,2013-04-09,2013,4,9,0.7410156264934901
Bac Lieu,2013-04-10,2013,4,10,12.203706655574296
Bac Lieu,2013-04-11,2013,4,11,25.846357716290463
Bac Lieu,2013-04-12,2013,4,12,3.2251931170877426
Bac Lieu,2013-04-13,2013,4,13,40.0618281709923
Bac Lieu,2013-04-14,2013,4,14,0.0
Bac Lieu,2013-04-15,2013,4,15,0.0451477459241759
Bac Lieu,2013-04-16,2013,4,16,0.0
Bac Lieu,2013-04-17,2013,4,17,2.3716829648107858
Bac Lieu,2013-04-18,2013,4,18,0.8417050943734513
Bac Lieu,2013-04-19,2013,4,19,0.0
Bac Lieu,2013-04-20,2013,4,20,0.2706740316624911
Bac Lieu,2013-04-21,2013,4,21,0.0
Bac Lieu,2013-04-22,2013,4,22,11.083685986428897
Bac Lieu,2013-04-23,2013,4,23,10.991662459697364
Bac Lieu,2013-04-24,2013,4,24,2.273308235996175
Bac Lieu,2013-04-25,2013,4,25,0.5023757803754987
Bac Lieu,2013-04-26,2013,4,26,0.0
Bac Lieu,2013-04-27,2013,4,27,2.670413902894506
Bac Lieu,2013-04-28,2013,4,28,5.51912902586415
Bac Lieu,2013-04-29,2013,4,29,0.0
Bac Lieu,2013-04-30,2013,4,30,0.1221322216177886
Bac Lieu,2013-05-01,2013,5,1,13.505639069161324
Bac Lieu,2013-05-02,2013,5,2,6.082083472143929
Bac Lieu,2013-05-03,2013,5,3,7.724415732653636
Bac Lieu,2013-05-04,2013,5,4,10.160832928513582
Bac Lieu,2013-05-05,2013,5,5,8.397964270735686
Bac Lieu,2013-05-06,2013,5,6,7.793245306806744
Bac Lieu,2013-05-07,2013,5,7,12.024206936980198
Bac Lieu,2013-05-08,2013,5,8,13.018596648684088
Bac Lieu,2013-05-09,2013,5,9,3.7272313051043815
Bac Lieu,2013-05-10,2013,5,10,0.1949782267876391
Bac Lieu,2013-05-11,2013,5,11,1.1263647524095932
Bac Lieu,2013-05-12,2013,5,12,13.663778553836751
Bac Lieu,2013-05-13,2013,5,13,6.942493169343699
Bac Lieu,2013-05-14,2013,5,14,0.0
Bac Lieu,2013-05-15,2013,5,15,17.964903388833097
Bac Lieu,2013-05-16,2013,5,16,14.387753936749585
Bac Lieu,2013-05-17,2013,5,17,18.889044301842752
Bac Lieu,2013-05-18,2013,5,18,3.1009557172307427
Bac Lieu,2013-05-19,2013,5,19,9.223612048329048
Bac Lieu,2013-05-20,2013,5,20,5.473553616253835
Bac Lieu,2013-05-21,2013,5,21,8.6558377307406
Bac Lieu,2013-05-22,2013,5,22,6.511830672857896
Bac Lieu,2013-05-23,2013,5,23,3.1159924478440924
Bac Lieu,2013-05-24,2013,5,24,2.7770842447460824
Bac Lieu,2013-05-25,2013,5,25,2.424820070050798
Bac Lieu,2013-05-26,2013,5,26,1.356551849041345
Bac Lieu,2013-05-27,2013,5,27,3.0108333890932912
Bac Lieu,2013-05-28,2013,5,28,5.326248481786477
Bac Lieu,2013-05-29,2013,5,29,7.614739995164693
Bac Lieu,2013-05-30,2013,5,30,10.845506361673465
Bac Lieu,2013-05-31,2013,5,31,4.423762479701133
Bac Lieu,2013-06-01,2013,6,1,10.30146543022372
Bac Lieu,2013-06-02,2013,6,2,6.535353907171286
Bac Lieu,2013-06-03,2013,6,3,5.726388794341178
Bac Lieu,2013-06-04,2013,6,4,9.80483832189272
Bac Lieu,2013-06-05,2013,6,5,4.713734962742284
Bac Lieu,2013-06-06,2013,6,6,7.673577585544227
Bac Lieu,2013-06-07,2013,6,7,1.6664568400652908
Bac Lieu,2013-06-08,2013,6,8,3.450939375103645
Bac Lieu,2013-06-09,2013,6,9,5.103098072007017
Bac Lieu,2013-06-10,2013,6,10,9.805245264521185
Bac Lieu,2013-06-11,2013,6,11,15.215095191703654
Bac Lieu,2013-06-12,2013,6,12,33.66102939605713
Bac Lieu,2013-06-13,2013,6,13,15.062665682594732
Bac Lieu,2013-06-14,2013,6,14,22.46015213430153
Bac Lieu,2013-06-15,2013,6,15,33.82021745321886
Bac Lieu,2013-06-16,2013,6,16,29.279630428314217
Bac Lieu,2013-06-17,2013,6,17,30.354093853932515
Bac Lieu,2013-06-18,2013,6,18,4.717723877582911
Bac Lieu,2013-06-19,2013,6,19,1.62462471681271
Bac Lieu,2013-06-20,2013,6,20,10.230989206080167
Bac Lieu,2013-06-21,2013,6,21,7.4039694425654865
Bac Lieu,2013-06-22,2013,6,22,15.685598373485066
Bac Lieu,2013-06-23,2013,6,23,10.242903620126112
Bac Lieu,2013-06-24,2013,6,24,2.344490095552408
Bac Lieu,2013-06-25,2013,6,25,0.0
Bac Lieu,2013-06-26,2013,6,26,7.353418188598921
Bac Lieu,2013-06-27,2013,6,27,5.038430218237751
Bac Lieu,2013-06-28,2013,6,28,5.994417521701669
Bac Lieu,2013-06-29,2013,6,29,2.3723951699148937
Bac Lieu,2013-06-30,2013,6,30,0.055634309480775
Bac Lieu,2013-07-01,2013,7,1,3.3820703082444545
Bac Lieu,2013-07-02,2013,7,2,13.102786063176286
Bac Lieu,2013-07-03,2013,7,3,9.22326809587119
Bac Lieu,2013-07-04,2013,7,4,5.004453027923151
Bac Lieu,2013-07-05,2013,7,5,11.065258885059718
Bac Lieu,2013-07-06,2013,7,6,1.573545242120635
Bac Lieu,2013-07-07,2013,7,7,9.536336322676464
Bac Lieu,2013-07-08,2013,7,8,12.335931712510453
Bac Lieu,2013-07-09,2013,7,9,6.480313104224656
Bac Lieu,2013-07-10,2013,7,10,2.943669970908255
Bac Lieu,2013-07-11,2013,7,11,3.47651932185551
Bac Lieu,2013-07-12,2013,7,12,0.2323849830087626
Bac Lieu,2013-07-13,2013,7,13,1.7172624813205792
Bac Lieu,2013-07-14,2013,7,14,8.800646851719552
Bac Lieu,2013-07-15,2013,7,15,22.81654710794845
Bac Lieu,2013-07-16,2013,7,16,5.611308657538217
Bac Lieu,2013-07-17,2013,7,17,0.0
Bac Lieu,2013-07-18,2013,7,18,20.575600814027613
Bac Lieu,2013-07-19,2013,7,19,16.449412902508143
Bac Lieu,2013-07-20,2013,7,20,3.610982631665356
Bac Lieu,2013-07-21,2013,7,21,1.9532914083588804
Bac Lieu,2013-07-22,2013,7,22,5.505754463753613
Bac Lieu,2013-07-23,2013,7,23,16.344337767349103
Bac Lieu,2013-07-24,2013,7,24,0.0
Bac Lieu,2013-07-25,2013,7,25,0.4562393781913902
Bac Lieu,2013-07-26,2013,7,26,0.0
Bac Lieu,2013-07-27,2013,7,27,6.685897592022736
Bac Lieu,2013-07-28,2013,7,28,6.755400727937808
Bac Lieu,2013-07-29,2013,7,29,5.116899819041199
Bac Lieu,2013-07-30,2013,7,30,4.745225906336083
Bac Lieu,2013-07-31,2013,7,31,13.618266936140245
Bac Lieu,2013-08-01,2013,8,1,2.1074612806428155
Bac Lieu,2013-08-02,2013,8,2,15.153309770943988
Bac Lieu,2013-08-03,2013,8,3,10.817740129524813
Bac Lieu,2013-08-04,2013,8,4,0.0
Bac Lieu,2013-08-05,2013,8,5,9.364631755666917
Bac Lieu,2013-08-06,2013,8,6,16.67773043182661
Bac Lieu,2013-08-07,2013,8,7,10.700164429655617
Bac Lieu,2013-08-08,2013,8,8,8.60489953462133
Bac Lieu,2013-08-09,2013,8,9,10.56840932057939
Bac Lieu,2013-08-10,2013,8,10,15.246783069898502
Bac Lieu,2013-08-11,2013,8,11,19.202789502773648
Bac Lieu,2013-08-12,2013,8,12,10.79981168818924
Bac Lieu,2013-08-13,2013,8,13,18.424609664521128
Bac Lieu,2013-08-14,2013,8,14,1.1681919023225895
Bac Lieu,2013-08-15,2013,8,15,0.2272610524195545
Bac Lieu,2013-08-16,2013,8,16,12.53771730246634
Bac Lieu,2013-08-17,2013,8,17,0.0
Bac Lieu,2013-08-18,2013,8,18,0.0
Bac Lieu,2013-08-19,2013,8,19,0.0
Bac Lieu,2013-08-20,2013,8,20,0.0
Bac Lieu,2013-08-21,2013,8,21,3.804963607383225
Bac Lieu,2013-08-22,2013,8,22,4.004691133895011
Bac Lieu,2013-08-23,2013,8,23,0.073643563243578
Bac Lieu,2013-08-24,2013,8,24,6.776986853032742
Bac Lieu,2013-08-25,2013,8,25,15.656308494243984
Bac Lieu,2013-08-26,2013,8,26,17.01535791904522
Bac Lieu,2013-08-27,2013,8,27,13.924586461013222
Bac Lieu,2013-08-28,2013,8,28,8.869702283139501
Bac Lieu,2013-08-29,2013,8,29,28.147982326795475
Bac Lieu,2013-08-30,2013,8,30,16.089033694753105
Bac Lieu,2013-08-31,2013,8,31,0.0
Bac Lieu,2013-09-01,2013,9,1,0.0
Bac Lieu,2013-09-02,2013,9,2,0.2064771099630392
Bac Lieu,2013-09-03,2013,9,3,3.958787561542583
Bac Lieu,2013-09-04,2013,9,4,13.284854232788083
Bac Lieu,2013-09-05,2013,9,5,3.222517673618389
Bac Lieu,2013-09-06,2013,9,6,17.311876707238973
Bac Lieu,2013-09-07,2013,9,7,24.90317837409254
Bac Lieu,2013-09-08,2013,9,8,5.1377300850130485
Bac Lieu,2013-09-09,2013,9,9,20.017291801362678
Bac Lieu,2013-09-10,2013,9,10,2.726511928054522
Bac Lieu,2013-09-11,2013,9,11,18.97911482316143
Bac Lieu,2013-09-12,2013,9,12,16.444542490905192
Bac Lieu,2013-09-13,2013,9,13,5.848906660943664
Bac Lieu,2013-09-14,2013,9,14,8.109940377775228
Bac Lieu,2013-09-15,2013,9,15,0.1630818132184586
Bac Lieu,2013-09-16,2013,9,16,20.243444431484868
Bac Lieu,2013-09-17,2013,9,17,21.946774257228068
Bac Lieu,2013-09-18,2013,9,18,16.269190825444348
Bac Lieu,2013-09-19,2013,9,19,6.614047191997745
Bac Lieu,2013-09-20,2013,9,20,32.91539618999554
Bac Lieu,2013-09-21,2013,9,21,22.465916120385227
Bac Lieu,2013-09-22,2013,9,22,25.76477636207725
Bac Lieu,2013-09-23,2013,9,23,21.266687940885436
Bac Lieu,2013-09-24,2013,9,24,18.38575064630329
Bac Lieu,2013-09-25,2013,9,25,2.1411785270043144
Bac Lieu,2013-09-26,2013,9,26,3.7304539564780472
Bac Lieu,2013-09-27,2013,9,27,1.8806093200827547
Bac Lieu,2013-09-28,2013,9,28,3.097997359599708
Bac Lieu,2013-09-29,2013,9,29,25.25845710772389
Bac Lieu,2013-09-30,2013,9,30,5.362124162997841
Bac Lieu,2013-10-01,2013,10,1,8.60552122335614
Bac Lieu,2013-10-02,2013,10,2,35.26790406507817
Bac Lieu,2013-10-03,2013,10,3,3.9782624286795567
Bac Lieu,2013-10-04,2013,10,4,3.730751075024875
Bac Lieu,2013-10-05,2013,10,5,14.31661855496101
Bac Lieu,2013-10-06,2013,10,6,40.81679192121973
Bac Lieu,2013-10-07,2013,10,7,25.184688266754154
Bac Lieu,2013-10-08,2013,10,8,1.0521546395499752
Bac Lieu,2013-10-09,2013,10,9,0.2337154629185515
Bac Lieu,2013-10-10,2013,10,10,7.827642928717272
Bac Lieu,2013-10-11,2013,10,11,12.971465110976744
Bac Lieu,2013-10-12,2013,10,12,6.889909787115061
Bac Lieu,2013-10-13,2013,10,13,15.377593495216011
Bac Lieu,2013-10-14,2013,10,14,1.7524450061006367
Bac Lieu,2013-10-15,2013,10,15,14.315655890590744
Bac Lieu,2013-10-16,2013,10,16,1.119370145761742
Bac Lieu,2013-10-17,2013,10,17,0.0173282708941765
Bac Lieu,2013-10-18,2013,10,18,10.208272857378114
Bac Lieu,2013-10-19,2013,10,19,12.960305110031705
Bac Lieu,2013-10-20,2013,10,20,14.190359866502147
Bac Lieu,2013-10-21,2013,10,21,15.244777233519644
Bac Lieu,2013-10-22,2013,10,22,12.83394503751791
Bac Lieu,2013-10-23,2013,10,23,19.698713585655646
Bac Lieu,2013-10-24,2013,10,24,1.7322830713739936
Bac Lieu,2013-10-25,2013,10,25,1.4859538478851322
Bac Lieu,2013-10-26,2013,10,26,3.845452279576716
Bac Lieu,2013-10-27,2013,10,27,0.0
Bac Lieu,2013-10-28,2013,10,28,0.0
Bac Lieu,2013-10-29,2013,10,29,0.0
Bac Lieu,2013-10-30,2013,10,30,0.0
Bac Lieu,2013-10-31,2013,10,31,0.0
Bac Lieu,2013-11-01,2013,11,1,0.9271610730369138
Bac Lieu,2013-11-02,2013,11,2,0.0
Bac Lieu,2013-11-03,2013,11,3,0.0
Bac Lieu,2013-11-04,2013,11,4,0.2846736143580023
Bac Lieu,2013-11-05,2013,11,5,0.4157287697702084
Bac Lieu,2013-11-06,2013,11,6,35.59465378772089
Bac Lieu,2013-11-07,2013,11,7,13.797452915101683
Bac Lieu,2013-11-08,2013,11,8,1.1059886478208147
Bac Lieu,2013-11-09,2013,11,9,15.606527028857538
Bac Lieu,2013-11-10,2013,11,10,0.0951432328853967
Bac Lieu,2013-11-11,2013,11,11,0.0
Bac Lieu,2013-11-12,2013,11,12,1.7200889209711328
Bac Lieu,2013-11-13,2013,11,13,1.350601793037271
Bac Lieu,2013-11-14,2013,11,14,11.199581647710984
Bac Lieu,2013-11-15,2013,11,15,20.10727377457889
Bac Lieu,2013-11-16,2013,11,16,0.0
Bac Lieu,2013-11-17,2013,11,17,0.0
Bac Lieu,2013-11-18,2013,11,18,2.026316981081693
Bac Lieu,2013-11-19,2013,11,19,0.0122276823295737
Bac Lieu,2013-11-20,2013,11,20,13.508931136131288
Bac Lieu,2013-11-21,2013,11,21,0.4066157639881351
Bac Lieu,2013-11-22,2013,11,22,2.8928849364046787
Bac Lieu,2013-11-23,2013,11,23,0.2030967516089385
Bac Lieu,2013-11-24,2013,11,24,1.1630367030737536
Bac Lieu,2013-11-25,2013,11,25,0.2266666914382071
Bac Lieu,2013-11-26,2013,11,26,24.64884116622637
Bac Lieu,2013-11-27,2013,11,27,7.461995754853736
Bac Lieu,2013-11-28,2013,11,28,2.3450000295818976
Bac Lieu,2013-11-29,2013,11,29,0.0
Bac Lieu,2013-11-30,2013,11,30,0.0
Bac Lieu,2013-12-01,2013,12,1,0.0
Bac Lieu,2013-12-02,2013,12,2,0.0
Bac Lieu,2013-12-03,2013,12,3,0.0748609259443463
Bac Lieu,2013-12-04,2013,12,4,0.3636619538001295
Bac Lieu,2013-12-05,2013,12,5,0.0
Bac Lieu,2013-12-06,2013,12,6,0.0
Bac Lieu,2013-12-07,2013,12,7,0.0
Bac Lieu,2013-12-08,2013,12,8,2.3928697080972063
Bac Lieu,2013-12-09,2013,12,9,0.2703431943317629
Bac Lieu,2013-12-10,2013,12,10,0.3735317133057792
Bac Lieu,2013-12-11,2013,12,11,0.0
Bac Lieu,2013-12-12,2013,12,12,4.423045456184531
Bac Lieu,2013-12-13,2013,12,13,0.0753401125062186
Bac Lieu,2013-12-14,2013,12,14,11.616832225115797
Bac Lieu,2013-12-15,2013,12,15,0.5678767705773408
Bac Lieu,2013-12-16,2013,12,16,0.0
Bac Lieu,2013-12-17,2013,12,17,0.0344536393183582
Bac Lieu,2013-12-18,2013,12,18,0.0
Bac Lieu,2013-12-19,2013,12,19,0.2666656413168278
Bac Lieu,2013-12-20,2013,12,20,0.0
Bac Lieu,2013-12-21,2013,12,21,6.332196224086689
Bac Lieu,2013-12-22,2013,12,22,0.0
Bac Lieu,2013-12-23,2013,12,23,0.0
Bac Lieu,2013-12-24,2013,12,24,4.324829623258339
Bac Lieu,2013-12-25,2013,12,25,0.0
Bac Lieu,2013-12-26,2013,12,26,2.081155347356257
Bac Lieu,2013-12-27,2013,12,27,0.4537051459618335
Bac Lieu,2013-12-28,2013,12,28,0.0
Bac Lieu,2013-12-29,2013,12,29,0.0
Bac Lieu,2013-12-30,2013,12,30,0.0836479019398959
Bac Lieu,2013-12-31,2013,12,31,5.181489400584743
Bac Lieu,2014-01-01,2014,1,1,0.3056652701305893
Bac Lieu,2014-01-02,2014,1,2,4.567435350260645
Bac Lieu,2014-01-03,2014,1,3,0.0
Bac Lieu,2014-01-04,2014,1,4,0.0
Bac Lieu,2014-01-05,2014,1,5,0.0
Bac Lieu,2014-01-06,2014,1,6,0.2644381000163421
Bac Lieu,2014-01-07,2014,1,7,0.0
Bac Lieu,2014-01-08,2014,1,8,3.1541162750945904
Bac Lieu,2014-01-09,2014,1,9,0.131050572971128
Bac Lieu,2014-01-10,2014,1,10,0.0
Bac Lieu,2014-01-11,2014,1,11,0.0
Bac Lieu,2014-01-12,2014,1,12,0.0386025217704053
Bac Lieu,2014-01-13,2014,1,13,0.0
Bac Lieu,2014-01-14,2014,1,14,0.0
Bac Lieu,2014-01-15,2014,1,15,0.1123073170949828
Bac Lieu,2014-01-16,2014,1,16,0.6112053655813325
Bac Lieu,2014-01-17,2014,1,17,0.0415087023231218
Bac Lieu,2014-01-18,2014,1,18,0.0
Bac Lieu,2014-01-19,2014,1,19,0.0
Bac Lieu,2014-01-20,2014,1,20,0.0
Bac Lieu,2014-01-21,2014,1,21,0.032993169388681
Bac Lieu,2014-01-22,2014,1,22,0.0
Bac Lieu,2014-01-23,2014,1,23,0.0
Bac Lieu,2014-01-24,2014,1,24,0.0
Bac Lieu,2014-01-25,2014,1,25,0.0
Bac Lieu,2014-01-26,2014,1,26,0.0
Bac Lieu,2014-01-27,2014,1,27,0.0
Bac Lieu,2014-01-28,2014,1,28,0.0
Bac Lieu,2014-01-29,2014,1,29,0.0
Bac Lieu,2014-01-30,2014,1,30,0.0
Bac Lieu,2014-01-31,2014,1,31,0.0
Bac Lieu,2014-02-01,2014,2,1,0.0
Bac Lieu,2014-02-02,2014,2,2,0.0
Bac Lieu,2014-02-03,2014,2,3,0.0
Bac Lieu,2014-02-04,2014,2,4,0.3939643699628002
Bac Lieu,2014-02-05,2014,2,5,0.0
Bac Lieu,2014-02-06,2014,2,6,0.0
Bac Lieu,2014-02-07,2014,2,7,0.0
Bac Lieu,2014-02-08,2014,2,8,0.0
Bac Lieu,2014-02-09,2014,2,9,0.0
Bac Lieu,2014-02-10,2014,2,10,0.10595683787004
Bac Lieu,2014-02-11,2014,2,11,0.0
Bac Lieu,2014-02-12,2014,2,12,0.0
Bac Lieu,2014-02-13,2014,2,13,0.0
Bac Lieu,2014-02-14,2014,2,14,0.0
Bac Lieu,2014-02-15,2014,2,15,0.0
Bac Lieu,2014-02-16,2014,2,16,0.0
Bac Lieu,2014-02-17,2014,2,17,0.0018024597617815
Bac Lieu,2014-02-18,2014,2,18,0.0
Bac Lieu,2014-02-19,2014,2,19,0.0
Bac Lieu,2014-02-20,2014,2,20,0.0
Bac Lieu,2014-02-21,2014,2,21,0.0
Bac Lieu,2014-02-22,2014,2,22,0.1435241952932106
Bac Lieu,2014-02-23,2014,2,23,0.0
Bac Lieu,2014-02-24,2014,2,24,0.0
Bac Lieu,2014-02-25,2014,2,25,0.0
Bac Lieu,2014-02-26,2014,2,26,0.0
Bac Lieu,2014-02-27,2014,2,27,0.0
Bac Lieu,2014-02-28,2014,2,28,0.0
Bac Lieu,2014-03-01,2014,3,1,0.907902753865944
Bac Lieu,2014-03-02,2014,3,2,0.0
Bac Lieu,2014-03-03,2014,3,3,0.0030501647625329
Bac Lieu,2014-03-04,2014,3,4,0.0
Bac Lieu,2014-03-05,2014,3,5,0.2445575253648578
Bac Lieu,2014-03-06,2014,3,6,0.0
Bac Lieu,2014-03-07,2014,3,7,1.707130789387901
Bac Lieu,2014-03-08,2014,3,8,0.180067026093321
Bac Lieu,2014-03-09,2014,3,9,0.0
Bac Lieu,2014-03-10,2014,3,10,0.1429275768837839
Bac Lieu,2014-03-11,2014,3,11,0.0
Bac Lieu,2014-03-12,2014,3,12,0.0
Bac Lieu,2014-03-13,2014,3,13,0.0
Bac Lieu,2014-03-14,2014,3,14,1.5264738344786304
Bac Lieu,2014-03-15,2014,3,15,0.0
Bac Lieu,2014-03-16,2014,3,16,0.0
Bac Lieu,2014-03-17,2014,3,17,0.0
Bac Lieu,2014-03-18,2014,3,18,0.0
Bac Lieu,2014-03-19,2014,3,19,0.0
Bac Lieu,2014-03-20,2014,3,20,0.8639770362242214
Bac Lieu,2014-03-21,2014,3,21,0.0
Bac Lieu,2014-03-22,2014,3,22,0.0
Bac Lieu,2014-03-23,2014,3,23,0.0
Bac Lieu,2014-03-24,2014,3,24,0.0
Bac Lieu,2014-03-25,2014,3,25,0.0
Bac Lieu,2014-03-26,2014,3,26,0.0
Bac Lieu,2014-03-27,2014,3,27,0.0
Bac Lieu,2014-03-28,2014,3,28,0.0
Bac Lieu,2014-03-29,2014,3,29,0.1977433047024709
Bac Lieu,2014-03-30,2014,3,30,0.0
Bac Lieu,2014-03-31,2014,3,31,0.0
Bac Lieu,2014-04-01,2014,4,1,3.0197912687445587
Bac Lieu,2014-04-02,2014,4,2,0.5121849414717478
Bac Lieu,2014-04-03,2014,4,3,0.0
Bac Lieu,2014-04-04,2014,4,4,7.957198473921363
Bac Lieu,2014-04-05,2014,4,5,1.2292529801512666
Bac Lieu,2014-04-06,2014,4,6,0.0
Bac Lieu,2014-04-07,2014,4,7,1.371110311332739
Bac Lieu,2014-04-08,2014,4,8,0.6934306442377705
Bac Lieu,2014-04-09,2014,4,9,0.3265585885677698
Bac Lieu,2014-04-10,2014,4,10,0.0545385473809152
Bac Lieu,2014-04-11,2014,4,11,0.9384422265898508
Bac Lieu,2014-04-12,2014,4,12,0.0
Bac Lieu,2014-04-13,2014,4,13,0.0
Bac Lieu,2014-04-14,2014,4,14,1.1995552174100337
Bac Lieu,2014-04-15,2014,4,15,0.4630649162508407
Bac Lieu,2014-04-16,2014,4,16,0.158646046418064
Bac Lieu,2014-04-17,2014,4,17,0.4658932843163328
Bac Lieu,2014-04-18,2014,4,18,0.0
Bac Lieu,2014-04-19,2014,4,19,0.0
Bac Lieu,2014-04-20,2014,4,20,0.0
Bac Lieu,2014-04-21,2014,4,21,0.2444070068845209
Bac Lieu,2014-04-22,2014,4,22,0.0769418270902813
Bac Lieu,2014-04-23,2014,4,23,0.8719829356445458
Bac Lieu,2014-04-24,2014,4,24,0.0
Bac Lieu,2014-04-25,2014,4,25,0.0
Bac Lieu,2014-04-26,2014,4,26,0.6158908402784815
Bac Lieu,2014-04-27,2014,4,27,0.0
Bac Lieu,2014-04-28,2014,4,28,12.86434699368027
Bac Lieu,2014-04-29,2014,4,29,0.0671522500739907
Bac Lieu,2014-04-30,2014,4,30,18.253233029059647
Bac Lieu,2014-05-01,2014,5,1,2.473300615229697
Bac Lieu,2014-05-02,2014,5,2,6.09194410422163
Bac Lieu,2014-05-03,2014,5,3,0.8534696380957119
Bac Lieu,2014-05-04,2014,5,4,1.2386483233469838
Bac Lieu,2014-05-05,2014,5,5,0.0
Bac Lieu,2014-05-06,2014,5,6,0.0
Bac Lieu,2014-05-07,2014,5,7,0.6130702597330202
Bac Lieu,2014-05-08,2014,5,8,2.562360702172765
Bac Lieu,2014-05-09,2014,5,9,8.686089561462403
Bac Lieu,2014-05-10,2014,5,10,3.40901811434188
Bac Lieu,2014-05-11,2014,5,11,16.932382936909516
Bac Lieu,2014-05-12,2014,5,12,8.720645407154876
Bac Lieu,2014-05-13,2014,5,13,5.318339667374233
Bac Lieu,2014-05-14,2014,5,14,16.417975308508243
Bac Lieu,2014-05-15,2014,5,15,12.01593165485814
Bac Lieu,2014-05-16,2014,5,16,7.700569222612203
Bac Lieu,2014-05-17,2014,5,17,2.575724993075965
Bac Lieu,2014-05-18,2014,5,18,0.7265128841760025
Bac Lieu,2014-05-19,2014,5,19,4.237251050994083
Bac Lieu,2014-05-20,2014,5,20,12.14979347205612
Bac Lieu,2014-05-21,2014,5,21,5.956969047222499
Bac Lieu,2014-05-22,2014,5,22,10.648776390741457
Bac Lieu,2014-05-23,2014,5,23,0.0
Bac Lieu,2014-05-24,2014,5,24,7.985648042085035
Bac Lieu,2014-05-25,2014,5,25,0.3213996211447807
Bac Lieu,2014-05-26,2014,5,26,1.1286049823221171
Bac Lieu,2014-05-27,2014,5,27,0.3045233593526877
Bac Lieu,2014-05-28,2014,5,28,4.393297119896367
Bac Lieu,2014-05-29,2014,5,29,7.896392882886924
Bac Lieu,2014-05-30,2014,5,30,3.4681745536372355
Bac Lieu,2014-05-31,2014,5,31,6.219889695725351
Bac Lieu,2014-06-01,2014,6,1,8.120896303752687
Bac Lieu,2014-06-02,2014,6,2,18.59338807375926
Bac Lieu,2014-06-03,2014,6,3,12.665349240824863
Bac Lieu,2014-06-04,2014,6,4,0.1188733421181733
Bac Lieu,2014-06-05,2014,6,5,10.560275030028146
Bac Lieu,2014-06-06,2014,6,6,3.93557563612596
Bac Lieu,2014-06-07,2014,6,7,1.8346802396954236
Bac Lieu,2014-06-08,2014,6,8,2.2541806200225403
Bac Lieu,2014-06-09,2014,6,9,13.71689766480788
Bac Lieu,2014-06-10,2014,6,10,6.482167525633326
Bac Lieu,2014-06-11,2014,6,11,14.651874991380945
Bac Lieu,2014-06-12,2014,6,12,14.366802259193282
Bac Lieu,2014-06-13,2014,6,13,5.588602512395607
Bac Lieu,2014-06-14,2014,6,14,17.867630060573795
Bac Lieu,2014-06-15,2014,6,15,11.507529903681773
Bac Lieu,2014-06-16,2014,6,16,3.609783300381787
Bac Lieu,2014-06-17,2014,6,17,1.2846035733312933
Bac Lieu,2014-06-18,2014,6,18,4.799595836909313
Bac Lieu,2014-06-19,2014,6,19,10.794566969763562
Bac Lieu,2014-06-20,2014,6,20,14.244390389550407
Bac Lieu,2014-06-21,2014,6,21,21.1730126897704
Bac Lieu,2014-06-22,2014,6,22,4.014148757952564
Bac Lieu,2014-06-23,2014,6,23,2.182625021970497
Bac Lieu,2014-06-24,2014,6,24,6.291663801841017
Bac Lieu,2014-06-25,2014,6,25,11.266893588461969
Bac Lieu,2014-06-26,2014,6,26,0.0
Bac Lieu,2014-06-27,2014,6,27,0.619237188645129
Bac Lieu,2014-06-28,2014,6,28,8.644598282562114
Bac Lieu,2014-06-29,2014,6,29,18.984944799927053
Bac Lieu,2014-06-30,2014,6,30,0.0
Bac Lieu,2014-07-01,2014,7,1,0.0
Bac Lieu,2014-07-02,2014,7,2,0.5059254209770347
Bac Lieu,2014-07-03,2014,7,3,5.6179776854515096
Bac Lieu,2014-07-04,2014,7,4,17.272759049379605
Bac Lieu,2014-07-05,2014,7,5,16.613087697766865
Bac Lieu,2014-07-06,2014,7,6,5.220850384019458
Bac Lieu,2014-07-07,2014,7,7,0.0
Bac Lieu,2014-07-08,2014,7,8,9.542487748955784
Bac Lieu,2014-07-09,2014,7,9,15.485534660141427
Bac Lieu,2014-07-10,2014,7,10,0.0
Bac Lieu,2014-07-11,2014,7,11,0.0
Bac Lieu,2014-07-12,2014,7,12,0.7998021730386987
Bac Lieu,2014-07-13,2014,7,13,15.438559883441568
Bac Lieu,2014-07-14,2014,7,14,1.0854252917091802
Bac Lieu,2014-07-15,2014,7,15,3.6903684114690103
Bac Lieu,2014-07-16,2014,7,16,0.1461989905339367
Bac Lieu,2014-07-17,2014,7,17,20.84730731111203
Bac Lieu,2014-07-18,2014,7,18,2.190693025121149
Bac Lieu,2014-07-19,2014,7,19,4.825856482325861
Bac Lieu,2014-07-20,2014,7,20,0.0
Bac Lieu,2014-07-21,2014,7,21,28.93966583158386
Bac Lieu,2014-07-22,2014,7,22,2.9527956282957546
Bac Lieu,2014-07-23,2014,7,23,10.833385998042129
Bac Lieu,2014-07-24,2014,7,24,12.770649159665382
Bac Lieu,2014-07-25,2014,7,25,8.347186443508798
Bac Lieu,2014-07-26,2014,7,26,15.04457321008646
Bac Lieu,2014-07-27,2014,7,27,2.826923216783776
Bac Lieu,2014-07-28,2014,7,28,5.881942426933433
Bac Lieu,2014-07-29,2014,7,29,14.078410497323526
Bac Lieu,2014-07-30,2014,7,30,20.578958927712357
Bac Lieu,2014-07-31,2014,7,31,14.130293061652274
Bac Lieu,2014-08-01,2014,8,1,1.0185564394357072
Bac Lieu,2014-08-02,2014,8,2,0.0
Bac Lieu,2014-08-03,2014,8,3,4.804791720408315
Bac Lieu,2014-08-04,2014,8,4,3.2786080968874813
Bac Lieu,2014-08-05,2014,8,5,5.483034981898542
Bac Lieu,2014-08-06,2014,8,6,0.8821602655086879
Bac Lieu,2014-08-07,2014,8,7,1.1393549822681357
Bac Lieu,2014-08-08,2014,8,8,10.036478498782753
Bac Lieu,2014-08-09,2014,8,9,1.2236169578264346
Bac Lieu,2014-08-10,2014,8,10,0.0
Bac Lieu,2014-08-11,2014,8,11,7.0857250850965405
Bac Lieu,2014-08-12,2014,8,12,0.0
Bac Lieu,2014-08-13,2014,8,13,2.3276564171989014
Bac Lieu,2014-08-14,2014,8,14,4.723510171872266
Bac Lieu,2014-08-15,2014,8,15,2.2999411566932246
Bac Lieu,2014-08-16,2014,8,16,4.382045359251634
Bac Lieu,2014-08-17,2014,8,17,6.482715339903562
Bac Lieu,2014-08-18,2014,8,18,11.25062631463105
Bac Lieu,2014-08-19,2014,8,19,7.509887725578165
Bac Lieu,2014-08-20,2014,8,20,2.730764313634837
Bac Lieu,2014-08-21,2014,8,21,0.0312131825033223
Bac Lieu,2014-08-22,2014,8,22,0.0
Bac Lieu,2014-08-23,2014,8,23,6.060739952141383
Bac Lieu,2014-08-24,2014,8,24,9.434455872895583
Bac Lieu,2014-08-25,2014,8,25,31.06411319523937
Bac Lieu,2014-08-26,2014,8,26,24.55921184597376
Bac Lieu,2014-08-27,2014,8,27,19.01353573971875
Bac Lieu,2014-08-28,2014,8,28,29.57847324878765
Bac Lieu,2014-08-29,2014,8,29,27.54417129862085
Bac Lieu,2014-08-30,2014,8,30,0.0
Bac Lieu,2014-08-31,2014,8,31,0.166518408721348
Bac Lieu,2014-09-01,2014,9,1,12.84791639889411
Bac Lieu,2014-09-02,2014,9,2,0.0678030535320066
Bac Lieu,2014-09-03,2014,9,3,0.0
Bac Lieu,2014-09-04,2014,9,4,14.58341795622628
Bac Lieu,2014-09-05,2014,9,5,16.993243090647574
Bac Lieu,2014-09-06,2014,9,6,25.449499840790374
Bac Lieu,2014-09-07,2014,9,7,10.258173946236663
Bac Lieu,2014-09-08,2014,9,8,6.943286233524106
Bac Lieu,2014-09-09,2014,9,9,5.245167854830905
Bac Lieu,2014-09-10,2014,9,10,29.59493267887045
Bac Lieu,2014-09-11,2014,9,11,13.472843976848532
Bac Lieu,2014-09-12,2014,9,12,8.769379301808916
Bac Lieu,2014-09-13,2014,9,13,10.20520337366608
Bac Lieu,2014-09-14,2014,9,14,4.849448864181088
Bac Lieu,2014-09-15,2014,9,15,15.781087904822153
Bac Lieu,2014-09-16,2014,9,16,23.076286715273596
Bac Lieu,2014-09-17,2014,9,17,0.1648418046843331
Bac Lieu,2014-09-18,2014,9,18,0.0
Bac Lieu,2014-09-19,2014,9,19,4.17617335038815
Bac Lieu,2014-09-20,2014,9,20,2.890759132907076
Bac Lieu,2014-09-21,2014,9,21,4.239777498785055
Bac Lieu,2014-09-22,2014,9,22,4.706427410130233
Bac Lieu,2014-09-23,2014,9,23,0.0
Bac Lieu,2014-09-24,2014,9,24,0.0
Bac Lieu,2014-09-25,2014,9,25,0.3026410785171221
Bac Lieu,2014-09-26,2014,9,26,3.3021692685361184
Bac Lieu,2014-09-27,2014,9,27,14.553450854733306
Bac Lieu,2014-09-28,2014,9,28,11.864338353570906
Bac Lieu,2014-09-29,2014,9,29,6.653833658542276
Bac Lieu,2014-09-30,2014,9,30,13.560348192250956
Bac Lieu,2014-10-01,2014,10,1,14.812016116916013
Bac Lieu,2014-10-02,2014,10,2,11.328762759982416
Bac Lieu,2014-10-03,2014,10,3,6.881568411953044
Bac Lieu,2014-10-04,2014,10,4,16.419787002815397
Bac Lieu,2014-10-05,2014,10,5,23.87437924626189
Bac Lieu,2014-10-06,2014,10,6,8.015547639163033
Bac Lieu,2014-10-07,2014,10,7,7.382099776627884
Bac Lieu,2014-10-08,2014,10,8,11.574298908989384
Bac Lieu,2014-10-09,2014,10,9,1.3814197165651143
Bac Lieu,2014-10-10,2014,10,10,26.996989757285935
Bac Lieu,2014-10-11,2014,10,11,12.927512251188174
Bac Lieu,2014-10-12,2014,10,12,0.0
Bac Lieu,2014-10-13,2014,10,13,0.0
Bac Lieu,2014-10-14,2014,10,14,0.0
Bac Lieu,2014-10-15,2014,10,15,0.0
Bac Lieu,2014-10-16,2014,10,16,3.1495601585946
Bac Lieu,2014-10-17,2014,10,17,14.774833558820337
Bac Lieu,2014-10-18,2014,10,18,0.1700622061333566
Bac Lieu,2014-10-19,2014,10,19,3.391284568840604
Bac Lieu,2014-10-20,2014,10,20,0.2311636847729953
Bac Lieu,2014-10-21,2014,10,21,4.128851576256302
Bac Lieu,2014-10-22,2014,10,22,10.525977054523974
Bac Lieu,2014-10-23,2014,10,23,8.48555462475543
Bac Lieu,2014-10-24,2014,10,24,0.0
Bac Lieu,2014-10-25,2014,10,25,0.91716640663147
Bac Lieu,2014-10-26,2014,10,26,0.0
Bac Lieu,2014-10-27,2014,10,27,9.87917656671776
Bac Lieu,2014-10-28,2014,10,28,3.8658935261852334
Bac Lieu,2014-10-29,2014,10,29,1.8628794031323128
Bac Lieu,2014-10-30,2014,10,30,29.59049257998197
Bac Lieu,2014-10-31,2014,10,31,9.898165171101413
Bac Lieu,2014-11-01,2014,11,1,5.277771679860241
Bac Lieu,2014-11-02,2014,11,2,7.611570203997054
Bac Lieu,2014-11-03,2014,11,3,32.82685023297004
Bac Lieu,2014-11-04,2014,11,4,16.50359959321652
Bac Lieu,2014-11-05,2014,11,5,5.534635873974496
Bac Lieu,2014-11-06,2014,11,6,17.51600038963894
Bac Lieu,2014-11-07,2014,11,7,11.210058528144405
Bac Lieu,2014-11-08,2014,11,8,7.444841851360394
Bac Lieu,2014-11-09,2014,11,9,0.5131368519045273
Bac Lieu,2014-11-10,2014,11,10,0.0
Bac Lieu,2014-11-11,2014,11,11,0.1299379858700734
Bac Lieu,2014-11-12,2014,11,12,9.986095064739011
Bac Lieu,2014-11-13,2014,11,13,0.0
Bac Lieu,2014-11-14,2014,11,14,0.0
Bac Lieu,2014-11-15,2014,11,15,0.0
Bac Lieu,2014-11-16,2014,11,16,0.0
Bac Lieu,2014-11-17,2014,11,17,0.0
Bac Lieu,2014-11-18,2014,11,18,1.729618393340201
Bac Lieu,2014-11-19,2014,11,19,2.0811308797080565
Bac Lieu,2014-11-20,2014,11,20,6.120528423777166
Bac Lieu,2014-11-21,2014,11,21,0.0
Bac Lieu,2014-11-22,2014,11,22,20.552154424811317
Bac Lieu,2014-11-23,2014,11,23,0.0
Bac Lieu,2014-11-24,2014,11,24,0.0
Bac Lieu,2014-11-25,2014,11,25,18.59621873074658
Bac Lieu,2014-11-26,2014,11,26,3.599893252579672
Bac Lieu,2014-11-27,2014,11,27,0.0
Bac Lieu,2014-11-28,2014,11,28,4.4570428697298174
Bac Lieu,2014-11-29,2014,11,29,5.236375961015811
Bac Lieu,2014-11-30,2014,11,30,3.5493146718223145
Bac Lieu,2014-12-01,2014,12,1,14.36623304638773
Bac Lieu,2014-12-02,2014,12,2,3.4476127472643583
Bac Lieu,2014-12-03,2014,12,3,0.0
Bac Lieu,2014-12-04,2014,12,4,0.0
Bac Lieu,2014-12-05,2014,12,5,3.2577719927823776
Bac Lieu,2014-12-06,2014,12,6,2.2390172251935274
Bac Lieu,2014-12-07,2014,12,7,0.0
Bac Lieu,2014-12-08,2014,12,8,0.0
Bac Lieu,2014-12-09,2014,12,9,0.0
Bac Lieu,2014-12-10,2014,12,10,0.0
Bac Lieu,2014-12-11,2014,12,11,0.0
Bac Lieu,2014-12-12,2014,12,12,0.0
Bac Lieu,2014-12-13,2014,12,13,3.637832392746549
Bac Lieu,2014-12-14,2014,12,14,0.0821735122608688
Bac Lieu,2014-12-15,2014,12,15,1.2884842360334576
Bac Lieu,2014-12-16,2014,12,16,7.934509515312484
Bac Lieu,2014-12-17,2014,12,17,0.0
Bac Lieu,2014-12-18,2014,12,18,9.972508017198097
Bac Lieu,2014-12-19,2014,12,19,0.0746054848724941
Bac Lieu,2014-12-20,2014,12,20,0.5786926972731105
Bac Lieu,2014-12-21,2014,12,21,0.0
Bac Lieu,2014-12-22,2014,12,22,0.0
Bac Lieu,2014-12-23,2014,12,23,0.0
Bac Lieu,2014-12-24,2014,12,24,0.0
Bac Lieu,2014-12-25,2014,12,25,0.0
Bac Lieu,2014-12-26,2014,12,26,0.0
Bac Lieu,2014-12-27,2014,12,27,0.0
Bac Lieu,2014-12-28,2014,12,28,2.778529286636497
Bac Lieu,2014-12-29,2014,12,29,0.5328747915771772
Bac Lieu,2014-12-30,2014,12,30,0.0
Bac Lieu,2014-12-31,2014,12,31,0.0
Bac Lieu,2015-01-01,2015,1,1,0.0
Bac Lieu,2015-01-02,2015,1,2,0.0033790940158772
Bac Lieu,2015-01-03,2015,1,3,2.4192380749144644
Bac Lieu,2015-01-04,2015,1,4,0.0
Bac Lieu,2015-01-05,2015,1,5,13.15215909898506
Bac Lieu,2015-01-06,2015,1,6,0.0015217683360261
Bac Lieu,2015-01-07,2015,1,7,0.3298226638245134
Bac Lieu,2015-01-08,2015,1,8,0.0
Bac Lieu,2015-01-09,2015,1,9,0.0
Bac Lieu,2015-01-10,2015,1,10,0.0
Bac Lieu,2015-01-11,2015,1,11,0.0
Bac Lieu,2015-01-12,2015,1,12,0.0
Bac Lieu,2015-01-13,2015,1,13,0.0
Bac Lieu,2015-01-14,2015,1,14,0.0
Bac Lieu,2015-01-15,2015,1,15,0.0
Bac Lieu,2015-01-16,2015,1,16,0.0
Bac Lieu,2015-01-17,2015,1,17,0.0
Bac Lieu,2015-01-18,2015,1,18,0.0
Bac Lieu,2015-01-19,2015,1,19,0.0
Bac Lieu,2015-01-20,2015,1,20,0.0
Bac Lieu,2015-01-21,2015,1,21,0.0
Bac Lieu,2015-01-22,2015,1,22,0.0
Bac Lieu,2015-01-23,2015,1,23,0.0
Bac Lieu,2015-01-24,2015,1,24,0.0
Bac Lieu,2015-01-25,2015,1,25,0.0
Bac Lieu,2015-01-26,2015,1,26,0.0
Bac Lieu,2015-01-27,2015,1,27,0.0
Bac Lieu,2015-01-28,2015,1,28,0.0
Bac Lieu,2015-01-29,2015,1,29,0.0
Bac Lieu,2015-01-30,2015,1,30,0.0
Bac Lieu,2015-01-31,2015,1,31,0.0
Bac Lieu,2015-02-01,2015,2,1,0.0
Bac Lieu,2015-02-02,2015,2,2,0.0
Bac Lieu,2015-02-03,2015,2,3,0.1155744503714003
Bac Lieu,2015-02-04,2015,2,4,0.15060777914749
Bac Lieu,2015-02-05,2015,2,5,0.0
Bac Lieu,2015-02-06,2015,2,6,0.0
Bac Lieu,2015-02-07,2015,2,7,0.0
Bac Lieu,2015-02-08,2015,2,8,0.0
Bac Lieu,2015-02-09,2015,2,9,0.0
Bac Lieu,2015-02-10,2015,2,10,0.0
Bac Lieu,2015-02-11,2015,2,11,0.0
Bac Lieu,2015-02-12,2015,2,12,0.0
Bac Lieu,2015-02-13,2015,2,13,0.0
Bac Lieu,2015-02-14,2015,2,14,0.0
Bac Lieu,2015-02-15,2015,2,15,0.0
Bac Lieu,2015-02-16,2015,2,16,0.0
Bac Lieu,2015-02-17,2015,2,17,0.876327172540269
Bac Lieu,2015-02-18,2015,2,18,0.0
Bac Lieu,2015-02-19,2015,2,19,2.618652268607661
Bac Lieu,2015-02-20,2015,2,20,0.0
Bac Lieu,2015-02-21,2015,2,21,0.0
Bac Lieu,2015-02-22,2015,2,22,0.0
Bac Lieu,2015-02-23,2015,2,23,0.0126258865842279
Bac Lieu,2015-02-24,2015,2,24,0.0
Bac Lieu,2015-02-25,2015,2,25,0.0
Bac Lieu,2015-02-26,2015,2,26,0.0
Bac Lieu,2015-02-27,2015,2,27,0.0
Bac Lieu,2015-02-28,2015,2,28,0.4262812045025376
Bac Lieu,2015-03-01,2015,3,1,0.0
Bac Lieu,2015-03-02,2015,3,2,0.0
Bac Lieu,2015-03-03,2015,3,3,0.0
Bac Lieu,2015-03-04,2015,3,4,0.1651656001558843
Bac Lieu,2015-03-05,2015,3,5,0.0
Bac Lieu,2015-03-06,2015,3,6,0.0
Bac Lieu,2015-03-07,2015,3,7,0.3459931916020951
Bac Lieu,2015-03-08,2015,3,8,0.0
Bac Lieu,2015-03-09,2015,3,9,0.0
Bac Lieu,2015-03-10,2015,3,10,0.0
Bac Lieu,2015-03-11,2015,3,11,0.0
Bac Lieu,2015-03-12,2015,3,12,0.0
Bac Lieu,2015-03-13,2015,3,13,0.0
Bac Lieu,2015-03-14,2015,3,14,0.5930063233465519
Bac Lieu,2015-03-15,2015,3,15,1.26302124695508
Bac Lieu,2015-03-16,2015,3,16,0.0
Bac Lieu,2015-03-17,2015,3,17,0.0
Bac Lieu,2015-03-18,2015,3,18,0.0
Bac Lieu,2015-03-19,2015,3,19,0.0
Bac Lieu,2015-03-20,2015,3,20,0.1812475312116011
Bac Lieu,2015-03-21,2015,3,21,0.0
Bac Lieu,2015-03-22,2015,3,22,0.0
Bac Lieu,2015-03-23,2015,3,23,0.0
Bac Lieu,2015-03-24,2015,3,24,0.0
Bac Lieu,2015-03-25,2015,3,25,0.0
Bac Lieu,2015-03-26,2015,3,26,0.0
Bac Lieu,2015-03-27,2015,3,27,0.0
Bac Lieu,2015-03-28,2015,3,28,0.5438730028035507
Bac Lieu,2015-03-29,2015,3,29,0.0
Bac Lieu,2015-03-30,2015,3,30,0.0
Bac Lieu,2015-03-31,2015,3,31,0.0
Bac Lieu,2015-04-01,2015,4,1,0.0
Bac Lieu,2015-04-02,2015,4,2,0.0
Bac Lieu,2015-04-03,2015,4,3,0.0
Bac Lieu,2015-04-04,2015,4,4,0.0
Bac Lieu,2015-04-05,2015,4,5,0.0
Bac Lieu,2015-04-06,2015,4,6,0.0
Bac Lieu,2015-04-07,2015,4,7,0.0
Bac Lieu,2015-04-08,2015,4,8,0.0
Bac Lieu,2015-04-09,2015,4,9,0.0
Bac Lieu,2015-04-10,2015,4,10,0.0
Bac Lieu,2015-04-11,2015,4,11,0.0
Bac Lieu,2015-04-12,2015,4,12,0.7354001790892403
Bac Lieu,2015-04-13,2015,4,13,28.92829357852576
Bac Lieu,2015-04-14,2015,4,14,0.0
Bac Lieu,2015-04-15,2015,4,15,0.0
Bac Lieu,2015-04-16,2015,4,16,0.0
Bac Lieu,2015-04-17,2015,4,17,0.0
Bac Lieu,2015-04-18,2015,4,18,0.0
Bac Lieu,2015-04-19,2015,4,19,0.0
Bac Lieu,2015-04-20,2015,4,20,0.0250825650242139
Bac Lieu,2015-04-21,2015,4,21,0.0
Bac Lieu,2015-04-22,2015,4,22,0.2226584544451731
Bac Lieu,2015-04-23,2015,4,23,0.7824656275443311
Bac Lieu,2015-04-24,2015,4,24,0.0
Bac Lieu,2015-04-25,2015,4,25,0.0
Bac Lieu,2015-04-26,2015,4,26,0.0
Bac Lieu,2015-04-27,2015,4,27,0.0
Bac Lieu,2015-04-28,2015,4,28,0.0
Bac Lieu,2015-04-29,2015,4,29,0.0
Bac Lieu,2015-04-30,2015,4,30,0.0968592437348276
Bac Lieu,2015-05-01,2015,5,1,2.1680122259517893
Bac Lieu,2015-05-02,2015,5,2,0.0
Bac Lieu,2015-05-03,2015,5,3,0.0
Bac Lieu,2015-05-04,2015,5,4,1.4303637720233993
Bac Lieu,2015-05-05,2015,5,5,0.0
Bac Lieu,2015-05-06,2015,5,6,0.0
Bac Lieu,2015-05-07,2015,5,7,0.8422197887492631
Bac Lieu,2015-05-08,2015,5,8,0.496809965997372
Bac Lieu,2015-05-09,2015,5,9,1.2337505743638526
Bac Lieu,2015-05-10,2015,5,10,6.9789732196735885
Bac Lieu,2015-05-11,2015,5,11,0.6692789233585574
Bac Lieu,2015-05-12,2015,5,12,0.0092005478840953
Bac Lieu,2015-05-13,2015,5,13,0.0
Bac Lieu,2015-05-14,2015,5,14,0.0
Bac Lieu,2015-05-15,2015,5,15,0.0
Bac Lieu,2015-05-16,2015,5,16,0.0
Bac Lieu,2015-05-17,2015,5,17,6.649849251747132
Bac Lieu,2015-05-18,2015,5,18,2.380729236746734
Bac Lieu,2015-05-19,2015,5,19,3.656343580497886
Bac Lieu,2015-05-20,2015,5,20,11.316850855269523
Bac Lieu,2015-05-21,2015,5,21,4.325361718609648
Bac Lieu,2015-05-22,2015,5,22,10.675254220890553
Bac Lieu,2015-05-23,2015,5,23,0.0
Bac Lieu,2015-05-24,2015,5,24,9.34718066834504
Bac Lieu,2015-05-25,2015,5,25,9.897756764987731
Bac Lieu,2015-05-26,2015,5,26,14.6863777531318
Bac Lieu,2015-05-27,2015,5,27,0.0
Bac Lieu,2015-05-28,2015,5,28,4.201225138034462
Bac Lieu,2015-05-29,2015,5,29,7.261725695736005
Bac Lieu,2015-05-30,2015,5,30,26.484688017431303
Bac Lieu,2015-05-31,2015,5,31,11.090555436908076
Bac Lieu,2015-06-01,2015,6,1,4.822505344336888
Bac Lieu,2015-06-02,2015,6,2,2.171780707674207
Bac Lieu,2015-06-03,2015,6,3,4.127503051829788
Bac Lieu,2015-06-04,2015,6,4,0.0
Bac Lieu,2015-06-05,2015,6,5,0.679279588951255
Bac Lieu,2015-06-06,2015,6,6,5.597291947490766
Bac Lieu,2015-06-07,2015,6,7,1.5688222473612372
Bac Lieu,2015-06-08,2015,6,8,1.5480394196240412
Bac Lieu,2015-06-09,2015,6,9,1.400961872118824
Bac Lieu,2015-06-10,2015,6,10,12.663494889781164
Bac Lieu,2015-06-11,2015,6,11,0.0
Bac Lieu,2015-06-12,2015,6,12,0.0623466203887507
Bac Lieu,2015-06-13,2015,6,13,11.599910443593872
Bac Lieu,2015-06-14,2015,6,14,11.349745023601464
Bac Lieu,2015-06-15,2015,6,15,15.95193376528542
Bac Lieu,2015-06-16,2015,6,16,13.942169658822834
Bac Lieu,2015-06-17,2015,6,17,16.241829538417313
Bac Lieu,2015-06-18,2015,6,18,1.263435562115795
Bac Lieu,2015-06-19,2015,6,19,29.43550345683548
Bac Lieu,2015-06-20,2015,6,20,29.334848719758813
Bac Lieu,2015-06-21,2015,6,21,26.6784411708184
Bac Lieu,2015-06-22,2015,6,22,20.521657735770603
Bac Lieu,2015-06-23,2015,6,23,44.04133282844976
Bac Lieu,2015-06-24,2015,6,24,15.93118040435719
Bac Lieu,2015-06-25,2015,6,25,5.671088596254025
Bac Lieu,2015-06-26,2015,6,26,0.5189339448101116
Bac Lieu,2015-06-27,2015,6,27,4.976668131549404
Bac Lieu,2015-06-28,2015,6,28,14.08536500261415
Bac Lieu,2015-06-29,2015,6,29,0.0
Bac Lieu,2015-06-30,2015,6,30,0.0
Bac Lieu,2015-07-01,2015,7,1,4.428004229977447
Bac Lieu,2015-07-02,2015,7,2,7.545820750506421
Bac Lieu,2015-07-03,2015,7,3,9.24848337378592
Bac Lieu,2015-07-04,2015,7,4,2.233362014968441
Bac Lieu,2015-07-05,2015,7,5,0.0
Bac Lieu,2015-07-06,2015,7,6,6.06735467728129
Bac Lieu,2015-07-07,2015,7,7,6.982280415274063
Bac Lieu,2015-07-08,2015,7,8,17.198496489039005
Bac Lieu,2015-07-09,2015,7,9,7.809992094957602
Bac Lieu,2015-07-10,2015,7,10,0.1634444130951503
Bac Lieu,2015-07-11,2015,7,11,1.8602306427415811
Bac Lieu,2015-07-12,2015,7,12,2.686609336313212
Bac Lieu,2015-07-13,2015,7,13,16.719548333473934
Bac Lieu,2015-07-14,2015,7,14,5.069133200528488
Bac Lieu,2015-07-15,2015,7,15,6.867194395254243
Bac Lieu,2015-07-16,2015,7,16,0.0
Bac Lieu,2015-07-17,2015,7,17,8.498447464007251
Bac Lieu,2015-07-18,2015,7,18,6.334926949698971
Bac Lieu,2015-07-19,2015,7,19,11.134590774779053
Bac Lieu,2015-07-20,2015,7,20,0.0382425645792259
Bac Lieu,2015-07-21,2015,7,21,3.3068129315646195
Bac Lieu,2015-07-22,2015,7,22,0.0
Bac Lieu,2015-07-23,2015,7,23,4.495579571157133
Bac Lieu,2015-07-24,2015,7,24,0.8343673119095137
Bac Lieu,2015-07-25,2015,7,25,8.344126141062324
Bac Lieu,2015-07-26,2015,7,26,11.624990479883158
Bac Lieu,2015-07-27,2015,7,27,15.638362482574752
Bac Lieu,2015-07-28,2015,7,28,9.931879749478032
Bac Lieu,2015-07-29,2015,7,29,9.891103448381964
Bac Lieu,2015-07-30,2015,7,30,12.424371154875129
Bac Lieu,2015-07-31,2015,7,31,2.707107629056247
Bac Lieu,2015-08-01,2015,8,1,23.963356555758786
Bac Lieu,2015-08-02,2015,8,2,1.444424419798941
Bac Lieu,2015-08-03,2015,8,3,5.35317266237511
Bac Lieu,2015-08-04,2015,8,4,4.019766717514902
Bac Lieu,2015-08-05,2015,8,5,20.76415364661307
Bac Lieu,2015-08-06,2015,8,6,9.16974809434279
Bac Lieu,2015-08-07,2015,8,7,20.46642083182425
Bac Lieu,2015-08-08,2015,8,8,5.97300052851551
Bac Lieu,2015-08-09,2015,8,9,20.52837184340999
Bac Lieu,2015-08-10,2015,8,10,13.755022247656338
Bac Lieu,2015-08-11,2015,8,11,5.228135021461632
Bac Lieu,2015-08-12,2015,8,12,2.4254674025841485
Bac Lieu,2015-08-13,2015,8,13,1.9908514019768195
Bac Lieu,2015-08-14,2015,8,14,0.0348817229720781
Bac Lieu,2015-08-15,2015,8,15,0.33771480776229
Bac Lieu,2015-08-16,2015,8,16,2.2212733648947958
Bac Lieu,2015-08-17,2015,8,17,12.665389312816115
Bac Lieu,2015-08-18,2015,8,18,0.0002920312161715526
Bac Lieu,2015-08-19,2015,8,19,5.4615591703900765
Bac Lieu,2015-08-20,2015,8,20,5.382605320327689
Bac Lieu,2015-08-21,2015,8,21,9.192807067691158
Bac Lieu,2015-08-22,2015,8,22,2.1595518267829465
Bac Lieu,2015-08-23,2015,8,23,5.111540576107098
Bac Lieu,2015-08-24,2015,8,24,14.392353939236337
Bac Lieu,2015-08-25,2015,8,25,17.36816188524354
Bac Lieu,2015-08-26,2015,8,26,0.0
Bac Lieu,2015-08-27,2015,8,27,0.0
Bac Lieu,2015-08-28,2015,8,28,7.122958181705115
Bac Lieu,2015-08-29,2015,8,29,1.81092086221587
Bac Lieu,2015-08-30,2015,8,30,0.0
Bac Lieu,2015-08-31,2015,8,31,11.808599735799827
Bac Lieu,2015-09-01,2015,9,1,10.866277135345175
Bac Lieu,2015-09-02,2015,9,2,7.396488307880908
Bac Lieu,2015-09-03,2015,9,3,2.6546538069922976
Bac Lieu,2015-09-04,2015,9,4,0.0
Bac Lieu,2015-09-05,2015,9,5,4.99592884092511
Bac Lieu,2015-09-06,2015,9,6,0.8540854119354826
Bac Lieu,2015-09-07,2015,9,7,11.624026506064071
Bac Lieu,2015-09-08,2015,9,8,59.11044474447
Bac Lieu,2015-09-09,2015,9,9,3.138328431867204
Bac Lieu,2015-09-10,2015,9,10,8.94550424847513
Bac Lieu,2015-09-11,2015,9,11,5.919955966805514
Bac Lieu,2015-09-12,2015,9,12,35.61191107429649
Bac Lieu,2015-09-13,2015,9,13,30.904696720879027
Bac Lieu,2015-09-14,2015,9,14,46.67132111509793
Bac Lieu,2015-09-15,2015,9,15,39.70987367586821
Bac Lieu,2015-09-16,2015,9,16,44.35922324788797
Bac Lieu,2015-09-17,2015,9,17,10.606675171654182
Bac Lieu,2015-09-18,2015,9,18,1.508120161272445
Bac Lieu,2015-09-19,2015,9,19,5.254725927766764
Bac Lieu,2015-09-20,2015,9,20,17.260398018765
Bac Lieu,2015-09-21,2015,9,21,2.726730825712097
Bac Lieu,2015-09-22,2015,9,22,4.087839848032538
Bac Lieu,2015-09-23,2015,9,23,0.0
Bac Lieu,2015-09-24,2015,9,24,0.0
Bac Lieu,2015-09-25,2015,9,25,1.7154954689133843
Bac Lieu,2015-09-26,2015,9,26,20.750262465782885
Bac Lieu,2015-09-27,2015,9,27,20.69558857323989
Bac Lieu,2015-09-28,2015,9,28,2.4509635747513685
Bac Lieu,2015-09-29,2015,9,29,10.588763822339615
Bac Lieu,2015-09-30,2015,9,30,3.137576527325613
Bac Lieu,2015-10-01,2015,10,1,0.0
Bac Lieu,2015-10-02,2015,10,2,15.282137339448033
Bac Lieu,2015-10-03,2015,10,3,9.163433916919638
Bac Lieu,2015-10-04,2015,10,4,9.475272565787694
Bac Lieu,2015-10-05,2015,10,5,4.710501955950036
Bac Lieu,2015-10-06,2015,10,6,4.545841671457831
Bac Lieu,2015-10-07,2015,10,7,13.24165683670764
Bac Lieu,2015-10-08,2015,10,8,7.621447483746513
Bac Lieu,2015-10-09,2015,10,9,13.069514690471149
Bac Lieu,2015-10-10,2015,10,10,0.022427125067081
Bac Lieu,2015-10-11,2015,10,11,6.920098712795186
Bac Lieu,2015-10-12,2015,10,12,10.616444510855766
Bac Lieu,2015-10-13,2015,10,13,0.9190487986510656
Bac Lieu,2015-10-14,2015,10,14,2.79580503262214
Bac Lieu,2015-10-15,2015,10,15,13.287920508618626
Bac Lieu,2015-10-16,2015,10,16,9.436503457627207
Bac Lieu,2015-10-17,2015,10,17,9.89768831548151
Bac Lieu,2015-10-18,2015,10,18,16.55749568143881
Bac Lieu,2015-10-19,2015,10,19,3.097126283087821
Bac Lieu,2015-10-20,2015,10,20,6.614630587739765
Bac Lieu,2015-10-21,2015,10,21,17.412110607651044
Bac Lieu,2015-10-22,2015,10,22,3.654079247708591
Bac Lieu,2015-10-23,2015,10,23,0.0
Bac Lieu,2015-10-24,2015,10,24,0.0
Bac Lieu,2015-10-25,2015,10,25,18.206078302707315
Bac Lieu,2015-10-26,2015,10,26,5.121430189258647
Bac Lieu,2015-10-27,2015,10,27,0.0
Bac Lieu,2015-10-28,2015,10,28,0.0
Bac Lieu,2015-10-29,2015,10,29,0.0
Bac Lieu,2015-10-30,2015,10,30,0.0
Bac Lieu,2015-10-31,2015,10,31,3.479597137073301
Bac Lieu,2015-11-01,2015,11,1,0.0
Bac Lieu,2015-11-02,2015,11,2,4.751374387921028
Bac Lieu,2015-11-03,2015,11,3,5.027675987315629
Bac Lieu,2015-11-04,2015,11,4,28.255084715285395
Bac Lieu,2015-11-05,2015,11,5,33.369176520185654
Bac Lieu,2015-11-06,2015,11,6,8.040342587345052
Bac Lieu,2015-11-07,2015,11,7,0.0
Bac Lieu,2015-11-08,2015,11,8,0.4477878552202908
Bac Lieu,2015-11-09,2015,11,9,6.360226217017983
Bac Lieu,2015-11-10,2015,11,10,0.370223812787038
Bac Lieu,2015-11-11,2015,11,11,4.157215478465242
Bac Lieu,2015-11-12,2015,11,12,4.265479583380358
Bac Lieu,2015-11-13,2015,11,13,0.0289542461611189
Bac Lieu,2015-11-14,2015,11,14,0.0092901142048385
Bac Lieu,2015-11-15,2015,11,15,0.0
Bac Lieu,2015-11-16,2015,11,16,0.0
Bac Lieu,2015-11-17,2015,11,17,0.0
Bac Lieu,2015-11-18,2015,11,18,0.0
Bac Lieu,2015-11-19,2015,11,19,0.1013193463379482
Bac Lieu,2015-11-20,2015,11,20,0.0
Bac Lieu,2015-11-21,2015,11,21,7.561302645305418
Bac Lieu,2015-11-22,2015,11,22,0.2723480118445631
Bac Lieu,2015-11-23,2015,11,23,21.0684593993133
Bac Lieu,2015-11-24,2015,11,24,0.0
Bac Lieu,2015-11-25,2015,11,25,0.0
Bac Lieu,2015-11-26,2015,11,26,2.208609376241576
Bac Lieu,2015-11-27,2015,11,27,10.92376413195988
Bac Lieu,2015-11-28,2015,11,28,0.0
Bac Lieu,2015-11-29,2015,11,29,0.0
Bac Lieu,2015-11-30,2015,11,30,0.0
Bac Lieu,2015-12-01,2015,12,1,0.0
Bac Lieu,2015-12-02,2015,12,2,0.0
Bac Lieu,2015-12-03,2015,12,3,6.126289925989116
Bac Lieu,2015-12-04,2015,12,4,2.631919605147164
Bac Lieu,2015-12-05,2015,12,5,0.2141194562012294
Bac Lieu,2015-12-06,2015,12,6,0.0
Bac Lieu,2015-12-07,2015,12,7,4.488063502923499
Bac Lieu,2015-12-08,2015,12,8,0.0
Bac Lieu,2015-12-09,2015,12,9,0.0
Bac Lieu,2015-12-10,2015,12,10,3.07847438355212
Bac Lieu,2015-12-11,2015,12,11,0.0
Bac Lieu,2015-12-12,2015,12,12,0.0
Bac Lieu,2015-12-13,2015,12,13,0.0
Bac Lieu,2015-12-14,2015,12,14,0.0
Bac Lieu,2015-12-15,2015,12,15,0.0
Bac Lieu,2015-12-16,2015,12,16,3.445578782297531
Bac Lieu,2015-12-17,2015,12,17,0.0
Bac Lieu,2015-12-18,2015,12,18,17.32679750323746
Bac Lieu,2015-12-19,2015,12,19,9.65813903304766
Bac Lieu,2015-12-20,2015,12,20,26.580456558155568
Bac Lieu,2015-12-21,2015,12,21,13.449174532764363
Bac Lieu,2015-12-22,2015,12,22,8.043301744101186
Bac Lieu,2015-12-23,2015,12,23,0.0
Bac Lieu,2015-12-24,2015,12,24,0.0
Bac Lieu,2015-12-25,2015,12,25,0.0
Bac Lieu,2015-12-26,2015,12,26,0.0
Bac Lieu,2015-12-27,2015,12,27,0.0
Bac Lieu,2015-12-28,2015,12,28,0.0
Bac Lieu,2015-12-29,2015,12,29,0.0
Bac Lieu,2015-12-30,2015,12,30,0.0
Bac Lieu,2015-12-31,2015,12,31,0.0
Bac Lieu,2016-01-01,2016,1,1,0.0
Bac Lieu,2016-01-02,2016,1,2,0.0
Bac Lieu,2016-01-03,2016,1,3,0.0
Bac Lieu,2016-01-04,2016,1,4,0.0
Bac Lieu,2016-01-05,2016,1,5,0.0
Bac Lieu,2016-01-06,2016,1,6,0.2246956775683277
Bac Lieu,2016-01-07,2016,1,7,0.0
Bac Lieu,2016-01-08,2016,1,8,0.0
Bac Lieu,2016-01-09,2016,1,9,0.0
Bac Lieu,2016-01-10,2016,1,10,0.0
Bac Lieu,2016-01-11,2016,1,11,0.0
Bac Lieu,2016-01-12,2016,1,12,0.0
Bac Lieu,2016-01-13,2016,1,13,0.0
Bac Lieu,2016-01-14,2016,1,14,0.0
Bac Lieu,2016-01-15,2016,1,15,0.0
Bac Lieu,2016-01-16,2016,1,16,2.5628572796515705
Bac Lieu,2016-01-17,2016,1,17,0.0
Bac Lieu,2016-01-18,2016,1,18,0.0
Bac Lieu,2016-01-19,2016,1,19,0.0
Bac Lieu,2016-01-20,2016,1,20,0.0
Bac Lieu,2016-01-21,2016,1,21,0.0
Bac Lieu,2016-01-22,2016,1,22,0.0
Bac Lieu,2016-01-23,2016,1,23,0.0
Bac Lieu,2016-01-24,2016,1,24,1.7376847315374413
Bac Lieu,2016-01-25,2016,1,25,1.3147346718356296
Bac Lieu,2016-01-26,2016,1,26,0.0426301062691886
Bac Lieu,2016-01-27,2016,1,27,0.0
Bac Lieu,2016-01-28,2016,1,28,0.0
Bac Lieu,2016-01-29,2016,1,29,0.0
Bac Lieu,2016-01-30,2016,1,30,0.0
Bac Lieu,2016-01-31,2016,1,31,0.0
Bac Lieu,2016-02-01,2016,2,1,0.0
Bac Lieu,2016-02-02,2016,2,2,0.2379844855272545
Bac Lieu,2016-02-03,2016,2,3,0.0
Bac Lieu,2016-02-04,2016,2,4,0.0
Bac Lieu,2016-02-05,2016,2,5,0.0
Bac Lieu,2016-02-06,2016,2,6,0.0
Bac Lieu,2016-02-07,2016,2,7,0.0
Bac Lieu,2016-02-08,2016,2,8,0.0
Bac Lieu,2016-02-09,2016,2,9,1.3051546653846524
Bac Lieu,2016-02-10,2016,2,10,4.508831935396735
Bac Lieu,2016-02-11,2016,2,11,0.0469930920038583
Bac Lieu,2016-02-12,2016,2,12,0.1648434529012104
Bac Lieu,2016-02-13,2016,2,13,0.0
Bac Lieu,2016-02-14,2016,2,14,0.0
Bac Lieu,2016-02-15,2016,2,15,0.0
Bac Lieu,2016-02-16,2016,2,16,0.0
Bac Lieu,2016-02-17,2016,2,17,0.0
Bac Lieu,2016-02-18,2016,2,18,0.0
Bac Lieu,2016-02-19,2016,2,19,0.0
Bac Lieu,2016-02-20,2016,2,20,0.0
Bac Lieu,2016-02-21,2016,2,21,0.0
Bac Lieu,2016-02-22,2016,2,22,0.0
Bac Lieu,2016-02-23,2016,2,23,0.0
Bac Lieu,2016-02-24,2016,2,24,0.0
Bac Lieu,2016-02-25,2016,2,25,0.0
Bac Lieu,2016-02-26,2016,2,26,0.0
Bac Lieu,2016-02-27,2016,2,27,0.0
Bac Lieu,2016-02-28,2016,2,28,0.0
Bac Lieu,2016-02-29,2016,2,29,0.0
Bac Lieu,2016-03-01,2016,3,1,0.0
Bac Lieu,2016-03-02,2016,3,2,0.0
Bac Lieu,2016-03-03,2016,3,3,0.558828863899663
Bac Lieu,2016-03-04,2016,3,4,0.4492581139060687
Bac Lieu,2016-03-05,2016,3,5,0.1928711083340195
Bac Lieu,2016-03-06,2016,3,6,1.0876982716704318
Bac Lieu,2016-03-07,2016,3,7,0.0
Bac Lieu,2016-03-08,2016,3,8,0.0
Bac Lieu,2016-03-09,2016,3,9,0.0
Bac Lieu,2016-03-10,2016,3,10,0.0
Bac Lieu,2016-03-11,2016,3,11,0.0
Bac Lieu,2016-03-12,2016,3,12,0.0053308468314836
Bac Lieu,2016-03-13,2016,3,13,0.0
Bac Lieu,2016-03-14,2016,3,14,0.0311741047625271
Bac Lieu,2016-03-15,2016,3,15,0.0
Bac Lieu,2016-03-16,2016,3,16,0.0
Bac Lieu,2016-03-17,2016,3,17,0.0891524392793763
Bac Lieu,2016-03-18,2016,3,18,0.0
Bac Lieu,2016-03-19,2016,3,19,0.0
Bac Lieu,2016-03-20,2016,3,20,0.0
Bac Lieu,2016-03-21,2016,3,21,0.0
Bac Lieu,2016-03-22,2016,3,22,0.1398318617568826
Bac Lieu,2016-03-23,2016,3,23,0.0
Bac Lieu,2016-03-24,2016,3,24,0.0
Bac Lieu,2016-03-25,2016,3,25,0.0
Bac Lieu,2016-03-26,2016,3,26,0.0
Bac Lieu,2016-03-27,2016,3,27,0.0
Bac Lieu,2016-03-28,2016,3,28,0.0
Bac Lieu,2016-03-29,2016,3,29,0.0
Bac Lieu,2016-03-30,2016,3,30,0.0
Bac Lieu,2016-03-31,2016,3,31,0.0
Bac Lieu,2016-04-01,2016,4,1,0.0
Bac Lieu,2016-04-02,2016,4,2,0.3674321216187386
Bac Lieu,2016-04-03,2016,4,3,0.0506890865901731
Bac Lieu,2016-04-04,2016,4,4,0.0
Bac Lieu,2016-04-05,2016,4,5,0.0889084552908843
Bac Lieu,2016-04-06,2016,4,6,0.0458437659965371
Bac Lieu,2016-04-07,2016,4,7,0.0
Bac Lieu,2016-04-08,2016,4,8,0.0
Bac Lieu,2016-04-09,2016,4,9,0.0
Bac Lieu,2016-04-10,2016,4,10,0.0
Bac Lieu,2016-04-11,2016,4,11,0.0
Bac Lieu,2016-04-12,2016,4,12,0.0
Bac Lieu,2016-04-13,2016,4,13,0.0
Bac Lieu,2016-04-14,2016,4,14,0.0
Bac Lieu,2016-04-15,2016,4,15,0.0
Bac Lieu,2016-04-16,2016,4,16,0.0
Bac Lieu,2016-04-17,2016,4,17,0.0
Bac Lieu,2016-04-18,2016,4,18,0.0
Bac Lieu,2016-04-19,2016,4,19,0.0
Bac Lieu,2016-04-20,2016,4,20,0.7414348043180863
Bac Lieu,2016-04-21,2016,4,21,0.0
Bac Lieu,2016-04-22,2016,4,22,0.0
Bac Lieu,2016-04-23,2016,4,23,0.0
Bac Lieu,2016-04-24,2016,4,24,0.0659201783774034
Bac Lieu,2016-04-25,2016,4,25,0.0
Bac Lieu,2016-04-26,2016,4,26,0.0
Bac Lieu,2016-04-27,2016,4,27,0.0352473135714261
Bac Lieu,2016-04-28,2016,4,28,0.0406502977047326
Bac Lieu,2016-04-29,2016,4,29,0.0
Bac Lieu,2016-04-30,2016,4,30,8.324115897754455
Bac Lieu,2016-05-01,2016,5,1,0.0
Bac Lieu,2016-05-02,2016,5,2,0.0
Bac Lieu,2016-05-03,2016,5,3,0.0
Bac Lieu,2016-05-04,2016,5,4,0.1173904028388689
Bac Lieu,2016-05-05,2016,5,5,8.804737548810133
Bac Lieu,2016-05-06,2016,5,6,12.624775718581002
Bac Lieu,2016-05-07,2016,5,7,0.0
Bac Lieu,2016-05-08,2016,5,8,0.0
Bac Lieu,2016-05-09,2016,5,9,0.0
Bac Lieu,2016-05-10,2016,5,10,0.0
Bac Lieu,2016-05-11,2016,5,11,2.183707396435288
Bac Lieu,2016-05-12,2016,5,12,1.4862839355288815
Bac Lieu,2016-05-13,2016,5,13,2.950757521899242
Bac Lieu,2016-05-14,2016,5,14,2.3914191164160674
Bac Lieu,2016-05-15,2016,5,15,16.56017918014527
Bac Lieu,2016-05-16,2016,5,16,5.0935578899653455
Bac Lieu,2016-05-17,2016,5,17,3.7323413793905726
Bac Lieu,2016-05-18,2016,5,18,7.6009682165901635
Bac Lieu,2016-05-19,2016,5,19,9.864347409392307
Bac Lieu,2016-05-20,2016,5,20,1.9176523862604828
Bac Lieu,2016-05-21,2016,5,21,25.276491950772847
Bac Lieu,2016-05-22,2016,5,22,22.33989521386489
Bac Lieu,2016-05-23,2016,5,23,5.197020270491547
Bac Lieu,2016-05-24,2016,5,24,19.287099547764043
Bac Lieu,2016-05-25,2016,5,25,20.289806066639017
Bac Lieu,2016-05-26,2016,5,26,24.348636890195447
Bac Lieu,2016-05-27,2016,5,27,18.62847983578017
Bac Lieu,2016-05-28,2016,5,28,13.868686225855129
Bac Lieu,2016-05-29,2016,5,29,3.957070522344338
Bac Lieu,2016-05-30,2016,5,30,9.967838720627553
Bac Lieu,2016-05-31,2016,5,31,2.2904806803757296
Bac Lieu,2016-06-01,2016,6,1,2.8788666537032945
Bac Lieu,2016-06-02,2016,6,2,0.8421875389117117
Bac Lieu,2016-06-03,2016,6,3,0.7238374139947713
Bac Lieu,2016-06-04,2016,6,4,3.268900159129557
Bac Lieu,2016-06-05,2016,6,5,3.2328049087839315
Bac Lieu,2016-06-06,2016,6,6,15.727080618714384
Bac Lieu,2016-06-07,2016,6,7,15.148008818140568
Bac Lieu,2016-06-08,2016,6,8,2.421318175657741
Bac Lieu,2016-06-09,2016,6,9,0.0108999494516624
Bac Lieu,2016-06-10,2016,6,10,1.2273536296160716
Bac Lieu,2016-06-11,2016,6,11,11.940609259875318
Bac Lieu,2016-06-12,2016,6,12,11.236947844199417
Bac Lieu,2016-06-13,2016,6,13,10.62553156519836
Bac Lieu,2016-06-14,2016,6,14,6.876418523302618
Bac Lieu,2016-06-15,2016,6,15,10.276204865113744
Bac Lieu,2016-06-16,2016,6,16,16.993167656088776
Bac Lieu,2016-06-17,2016,6,17,4.250808848956845
Bac Lieu,2016-06-18,2016,6,18,13.13629393205103
Bac Lieu,2016-06-19,2016,6,19,29.15442523941904
Bac Lieu,2016-06-20,2016,6,20,15.71046321645773
Bac Lieu,2016-06-21,2016,6,21,4.739090495703356
Bac Lieu,2016-06-22,2016,6,22,6.7239168650609145
Bac Lieu,2016-06-23,2016,6,23,10.393955235931108
Bac Lieu,2016-06-24,2016,6,24,9.873469212640009
Bac Lieu,2016-06-25,2016,6,25,14.457543157595511
Bac Lieu,2016-06-26,2016,6,26,15.418312699551851
Bac Lieu,2016-06-27,2016,6,27,12.950793149408309
Bac Lieu,2016-06-28,2016,6,28,17.78196291952313
Bac Lieu,2016-06-29,2016,6,29,2.6086789772465546
Bac Lieu,2016-06-30,2016,6,30,6.659992959121489
Bac Lieu,2016-07-01,2016,7,1,0.3225181634830979
Bac Lieu,2016-07-02,2016,7,2,0.8519436653695018
Bac Lieu,2016-07-03,2016,7,3,0.0
Bac Lieu,2016-07-04,2016,7,4,0.0
Bac Lieu,2016-07-05,2016,7,5,2.9102003837756394
Bac Lieu,2016-07-06,2016,7,6,6.042972263012293
Bac Lieu,2016-07-07,2016,7,7,2.8228466220891706
Bac Lieu,2016-07-08,2016,7,8,0.0
Bac Lieu,2016-07-09,2016,7,9,20.15656134153762
Bac Lieu,2016-07-10,2016,7,10,16.564081569923545
Bac Lieu,2016-07-11,2016,7,11,17.036050219373887
Bac Lieu,2016-07-12,2016,7,12,5.631100968073
Bac Lieu,2016-07-13,2016,7,13,6.161944364052899
Bac Lieu,2016-07-14,2016,7,14,7.572652391676633
Bac Lieu,2016-07-15,2016,7,15,2.5816449025531982
Bac Lieu,2016-07-16,2016,7,16,9.01472013444721
Bac Lieu,2016-07-17,2016,7,17,3.9959859296600784
Bac Lieu,2016-07-18,2016,7,18,5.709953854785776
Bac Lieu,2016-07-19,2016,7,19,6.078277874919605
Bac Lieu,2016-07-20,2016,7,20,0.5967792557230537
Bac Lieu,2016-07-21,2016,7,21,1.1304528465990753
Bac Lieu,2016-07-22,2016,7,22,1.8545876811855244
Bac Lieu,2016-07-23,2016,7,23,6.701781804444656
Bac Lieu,2016-07-24,2016,7,24,2.459020873690552
Bac Lieu,2016-07-25,2016,7,25,11.081415124848204
Bac Lieu,2016-07-26,2016,7,26,46.29859453913852
Bac Lieu,2016-07-27,2016,7,27,34.34680960737984
Bac Lieu,2016-07-28,2016,7,28,29.6835743850852
Bac Lieu,2016-07-29,2016,7,29,4.2153431090948725
Bac Lieu,2016-07-30,2016,7,30,15.109099432603372
Bac Lieu,2016-07-31,2016,7,31,0.1044740592308764
Bac Lieu,2016-08-01,2016,8,1,6.443049969799116
Bac Lieu,2016-08-02,2016,8,2,44.85259781502779
Bac Lieu,2016-08-03,2016,8,3,17.142783549146838
Bac Lieu,2016-08-04,2016,8,4,24.95528595096661
Bac Lieu,2016-08-05,2016,8,5,2.5707302168000425
Bac Lieu,2016-08-06,2016,8,6,0.4070665615999475
Bac Lieu,2016-08-07,2016,8,7,10.203493269686431
Bac Lieu,2016-08-08,2016,8,8,2.306158391835555
Bac Lieu,2016-08-09,2016,8,9,4.316309232037023
Bac Lieu,2016-08-10,2016,8,10,20.73346663861905
Bac Lieu,2016-08-11,2016,8,11,13.34385322869499
Bac Lieu,2016-08-12,2016,8,12,5.812684884791105
Bac Lieu,2016-08-13,2016,8,13,8.722724514889268
Bac Lieu,2016-08-14,2016,8,14,1.3939585876644782
Bac Lieu,2016-08-15,2016,8,15,2.375518378797568
Bac Lieu,2016-08-16,2016,8,16,0.6356094888741115
Bac Lieu,2016-08-17,2016,8,17,11.38977046561691
Bac Lieu,2016-08-18,2016,8,18,3.4434905832218674
Bac Lieu,2016-08-19,2016,8,19,0.0
Bac Lieu,2016-08-20,2016,8,20,1.140684498705954
Bac Lieu,2016-08-21,2016,8,21,1.5570237840346572
Bac Lieu,2016-08-22,2016,8,22,7.279226795628386
Bac Lieu,2016-08-23,2016,8,23,8.058934457625984
Bac Lieu,2016-08-24,2016,8,24,6.713526554431556
Bac Lieu,2016-08-25,2016,8,25,1.8185796305368536
Bac Lieu,2016-08-26,2016,8,26,8.346863881255098
Bac Lieu,2016-08-27,2016,8,27,7.891531007046971
Bac Lieu,2016-08-28,2016,8,28,3.17151404262039
Bac Lieu,2016-08-29,2016,8,29,1.3587563316597129
Bac Lieu,2016-08-30,2016,8,30,4.163742005186262
Bac Lieu,2016-08-31,2016,8,31,0.1024017301595436
Bac Lieu,2016-09-01,2016,9,1,0.9041081799291216
Bac Lieu,2016-09-02,2016,9,2,0.4682563214482002
Bac Lieu,2016-09-03,2016,9,3,0.0
Bac Lieu,2016-09-04,2016,9,4,1.061583056458887
Bac Lieu,2016-09-05,2016,9,5,6.931464290321999
Bac Lieu,2016-09-06,2016,9,6,5.386920896962004
Bac Lieu,2016-09-07,2016,9,7,49.34367190962019
Bac Lieu,2016-09-08,2016,9,8,0.0
Bac Lieu,2016-09-09,2016,9,9,8.550966928176162
Bac Lieu,2016-09-10,2016,9,10,15.407175797534435
Bac Lieu,2016-09-11,2016,9,11,10.87590755333091
Bac Lieu,2016-09-12,2016,9,12,2.049020778044215
Bac Lieu,2016-09-13,2016,9,13,9.35160271399876
Bac Lieu,2016-09-14,2016,9,14,1.5699245461607882
Bac Lieu,2016-09-15,2016,9,15,9.637411469243608
Bac Lieu,2016-09-16,2016,9,16,11.207794442896574
Bac Lieu,2016-09-17,2016,9,17,5.380708187085277
Bac Lieu,2016-09-18,2016,9,18,27.14358463427706
Bac Lieu,2016-09-19,2016,9,19,19.333249289926496
Bac Lieu,2016-09-20,2016,9,20,18.81864445761915
Bac Lieu,2016-09-21,2016,9,21,29.152553020189405
Bac Lieu,2016-09-22,2016,9,22,19.04537057671457
Bac Lieu,2016-09-23,2016,9,23,1.7832343116796243
Bac Lieu,2016-09-24,2016,9,24,7.002670838625928
Bac Lieu,2016-09-25,2016,9,25,24.94005779744995
Bac Lieu,2016-09-26,2016,9,26,18.92419160434435
Bac Lieu,2016-09-27,2016,9,27,22.905344568144603
Bac Lieu,2016-09-28,2016,9,28,26.693155526143205
Bac Lieu,2016-09-29,2016,9,29,0.4392791148851503
Bac Lieu,2016-09-30,2016,9,30,2.37118251071786
Bac Lieu,2016-10-01,2016,10,1,7.879530497029142
Bac Lieu,2016-10-02,2016,10,2,14.896823718916698
Bac Lieu,2016-10-03,2016,10,3,27.39082989271633
Bac Lieu,2016-10-04,2016,10,4,9.981051278600152
Bac Lieu,2016-10-05,2016,10,5,7.269646026881237
Bac Lieu,2016-10-06,2016,10,6,20.492698080422745
Bac Lieu,2016-10-07,2016,10,7,20.44383776558571
Bac Lieu,2016-10-08,2016,10,8,1.4646691226059538
Bac Lieu,2016-10-09,2016,10,9,0.5718212321659304
Bac Lieu,2016-10-10,2016,10,10,2.611667700515604
Bac Lieu,2016-10-11,2016,10,11,14.28308692719802
Bac Lieu,2016-10-12,2016,10,12,24.957125726627854
Bac Lieu,2016-10-13,2016,10,13,17.063227638316608
Bac Lieu,2016-10-14,2016,10,14,1.0905085929474745
Bac Lieu,2016-10-15,2016,10,15,8.316322742354197
Bac Lieu,2016-10-16,2016,10,16,36.13460504467082
Bac Lieu,2016-10-17,2016,10,17,17.289441415858725
Bac Lieu,2016-10-18,2016,10,18,15.138485423771844
Bac Lieu,2016-10-19,2016,10,19,23.925235320829003
Bac Lieu,2016-10-20,2016,10,20,3.9984597028876254
Bac Lieu,2016-10-21,2016,10,21,1.8065563861199148
Bac Lieu,2016-10-22,2016,10,22,21.702986474648963
Bac Lieu,2016-10-23,2016,10,23,10.994808563196436
Bac Lieu,2016-10-24,2016,10,24,18.03973133164532
Bac Lieu,2016-10-25,2016,10,25,24.70115790514676
Bac Lieu,2016-10-26,2016,10,26,2.5770905801485173
Bac Lieu,2016-10-27,2016,10,27,18.024801145751525
Bac Lieu,2016-10-28,2016,10,28,3.015912360641192
Bac Lieu,2016-10-29,2016,10,29,14.9127009487512
Bac Lieu,2016-10-30,2016,10,30,10.52532346207241
Bac Lieu,2016-10-31,2016,10,31,15.375982613545546
Bac Lieu,2016-11-01,2016,11,1,10.155049557271996
Bac Lieu,2016-11-02,2016,11,2,13.909469015589302
Bac Lieu,2016-11-03,2016,11,3,53.664340941375166
Bac Lieu,2016-11-04,2016,11,4,51.0561938320376
Bac Lieu,2016-11-05,2016,11,5,11.188895751881152
Bac Lieu,2016-11-06,2016,11,6,0.0
Bac Lieu,2016-11-07,2016,11,7,0.0132961226769213
Bac Lieu,2016-11-08,2016,11,8,0.0
Bac Lieu,2016-11-09,2016,11,9,0.0
Bac Lieu,2016-11-10,2016,11,10,4.767226079832834
Bac Lieu,2016-11-11,2016,11,11,0.111326911494417
Bac Lieu,2016-11-12,2016,11,12,0.0
Bac Lieu,2016-11-13,2016,11,13,0.0
Bac Lieu,2016-11-14,2016,11,14,0.0
Bac Lieu,2016-11-15,2016,11,15,0.48212227461473
Bac Lieu,2016-11-16,2016,11,16,0.0483764729409847
Bac Lieu,2016-11-17,2016,11,17,19.54541337826567
Bac Lieu,2016-11-18,2016,11,18,5.84389350049001
Bac Lieu,2016-11-19,2016,11,19,0.0468415814525676
Bac Lieu,2016-11-20,2016,11,20,11.55687659623488
Bac Lieu,2016-11-21,2016,11,21,11.446937676735647
Bac Lieu,2016-11-22,2016,11,22,3.752562389733657
Bac Lieu,2016-11-23,2016,11,23,0.0
Bac Lieu,2016-11-24,2016,11,24,0.0
Bac Lieu,2016-11-25,2016,11,25,0.1893155767332832
Bac Lieu,2016-11-26,2016,11,26,0.0
Bac Lieu,2016-11-27,2016,11,27,0.0
Bac Lieu,2016-11-28,2016,11,28,6.732557698951577
Bac Lieu,2016-11-29,2016,11,29,15.663473709088452
Bac Lieu,2016-11-30,2016,11,30,23.50151462281425
Bac Lieu,2016-12-01,2016,12,1,0.213159694905551
Bac Lieu,2016-12-02,2016,12,2,15.867375226578623
Bac Lieu,2016-12-03,2016,12,3,8.194844099332702
Bac Lieu,2016-12-04,2016,12,4,0.4411886734872495
Bac Lieu,2016-12-05,2016,12,5,0.0
Bac Lieu,2016-12-06,2016,12,6,0.0
Bac Lieu,2016-12-07,2016,12,7,0.2602430305975788
Bac Lieu,2016-12-08,2016,12,8,0.0038158797228111
Bac Lieu,2016-12-09,2016,12,9,3.242323253163752
Bac Lieu,2016-12-10,2016,12,10,5.743991786614904
Bac Lieu,2016-12-11,2016,12,11,8.058654826830018
Bac Lieu,2016-12-12,2016,12,12,24.330649394341243
Bac Lieu,2016-12-13,2016,12,13,0.4704353724605633
Bac Lieu,2016-12-14,2016,12,14,0.2908150688567251
Bac Lieu,2016-12-15,2016,12,15,1.6761609321630229
Bac Lieu,2016-12-16,2016,12,16,11.093556108465735
Bac Lieu,2016-12-17,2016,12,17,1.3418887850293575
Bac Lieu,2016-12-18,2016,12,18,4.5829608035267535
Bac Lieu,2016-12-19,2016,12,19,0.2708078997090178
Bac Lieu,2016-12-20,2016,12,20,3.244322001286273
Bac Lieu,2016-12-21,2016,12,21,0.0
Bac Lieu,2016-12-22,2016,12,22,0.0
Bac Lieu,2016-12-23,2016,12,23,0.0
Bac Lieu,2016-12-24,2016,12,24,0.0395975299871192
Bac Lieu,2016-12-25,2016,12,25,3.838044141850382
Bac Lieu,2016-12-26,2016,12,26,2.640957896713941
Bac Lieu,2016-12-27,2016,12,27,2.929168741284677
Bac Lieu,2016-12-28,2016,12,28,0.0029481325059566
Bac Lieu,2016-12-29,2016,12,29,0.0
Bac Lieu,2016-12-30,2016,12,30,0.0
Bac Lieu,2016-12-31,2016,12,31,2.0639775089677777
Bac Lieu,2017-01-01,2017,1,1,0.0
Bac Lieu,2017-01-02,2017,1,2,0.0023279458621762
Bac Lieu,2017-01-03,2017,1,3,0.3912708744058069
Bac Lieu,2017-01-04,2017,1,4,0.0
Bac Lieu,2017-01-05,2017,1,5,0.0
Bac Lieu,2017-01-06,2017,1,6,0.0
Bac Lieu,2017-01-07,2017,1,7,0.0
Bac Lieu,2017-01-08,2017,1,8,0.0
Bac Lieu,2017-01-09,2017,1,9,0.0
Bac Lieu,2017-01-10,2017,1,10,0.0
Bac Lieu,2017-01-11,2017,1,11,0.0
Bac Lieu,2017-01-12,2017,1,12,2.326396953983127
Bac Lieu,2017-01-13,2017,1,13,0.0
Bac Lieu,2017-01-14,2017,1,14,5.08748676026992
Bac Lieu,2017-01-15,2017,1,15,5.45910528497876
Bac Lieu,2017-01-16,2017,1,16,0.0239293758104432
Bac Lieu,2017-01-17,2017,1,17,0.1067306780635186
Bac Lieu,2017-01-18,2017,1,18,0.365262607246075
Bac Lieu,2017-01-19,2017,1,19,1.3001885709087804
Bac Lieu,2017-01-20,2017,1,20,3.207971788568317
Bac Lieu,2017-01-21,2017,1,21,0.0
Bac Lieu,2017-01-22,2017,1,22,0.0
Bac Lieu,2017-01-23,2017,1,23,0.0
Bac Lieu,2017-01-24,2017,1,24,0.0897962233885279
Bac Lieu,2017-01-25,2017,1,25,0.0
Bac Lieu,2017-01-26,2017,1,26,0.0
Bac Lieu,2017-01-27,2017,1,27,0.0
Bac Lieu,2017-01-28,2017,1,28,0.4067225091817244
Bac Lieu,2017-01-29,2017,1,29,0.0477775455285918
Bac Lieu,2017-01-30,2017,1,30,0.0
Bac Lieu,2017-01-31,2017,1,31,0.0
Bac Lieu,2017-02-01,2017,2,1,0.4174610953061086
Bac Lieu,2017-02-02,2017,2,2,8.437230444881152
Bac Lieu,2017-02-03,2017,2,3,0.2057203603690525
Bac Lieu,2017-02-04,2017,2,4,0.0
Bac Lieu,2017-02-05,2017,2,5,0.0
Bac Lieu,2017-02-06,2017,2,6,0.0
Bac Lieu,2017-02-07,2017,2,7,0.0
Bac Lieu,2017-02-08,2017,2,8,0.0
Bac Lieu,2017-02-09,2017,2,9,0.0
Bac Lieu,2017-02-10,2017,2,10,0.0
Bac Lieu,2017-02-11,2017,2,11,0.0
Bac Lieu,2017-02-12,2017,2,12,0.0
Bac Lieu,2017-02-13,2017,2,13,0.0
Bac Lieu,2017-02-14,2017,2,14,0.0
Bac Lieu,2017-02-15,2017,2,15,0.3043034208585631
Bac Lieu,2017-02-16,2017,2,16,0.0
Bac Lieu,2017-02-17,2017,2,17,0.0
Bac Lieu,2017-02-18,2017,2,18,0.0
Bac Lieu,2017-02-19,2017,2,19,0.0
Bac Lieu,2017-02-20,2017,2,20,0.0991340228746522
Bac Lieu,2017-02-21,2017,2,21,0.0
Bac Lieu,2017-02-22,2017,2,22,0.0
Bac Lieu,2017-02-23,2017,2,23,0.0
Bac Lieu,2017-02-24,2017,2,24,0.0
Bac Lieu,2017-02-25,2017,2,25,0.0
Bac Lieu,2017-02-26,2017,2,26,0.963234271130472
Bac Lieu,2017-02-27,2017,2,27,0.0
Bac Lieu,2017-02-28,2017,2,28,0.0
Bac Lieu,2017-03-01,2017,3,1,0.0
Bac Lieu,2017-03-02,2017,3,2,1.003663309862029
Bac Lieu,2017-03-03,2017,3,3,0.0
Bac Lieu,2017-03-04,2017,3,4,0.0
Bac Lieu,2017-03-05,2017,3,5,0.0
Bac Lieu,2017-03-06,2017,3,6,0.080518077454477
Bac Lieu,2017-03-07,2017,3,7,0.0
Bac Lieu,2017-03-08,2017,3,8,0.0
Bac Lieu,2017-03-09,2017,3,9,0.0
Bac Lieu,2017-03-10,2017,3,10,0.0
Bac Lieu,2017-03-11,2017,3,11,0.0
Bac Lieu,2017-03-12,2017,3,12,0.0062213137644641
Bac Lieu,2017-03-13,2017,3,13,0.0
Bac Lieu,2017-03-14,2017,3,14,0.1303802678989914
Bac Lieu,2017-03-15,2017,3,15,0.0
Bac Lieu,2017-03-16,2017,3,16,0.0
Bac Lieu,2017-03-17,2017,3,17,0.0
Bac Lieu,2017-03-18,2017,3,18,0.0
Bac Lieu,2017-03-19,2017,3,19,0.2504536401145863
Bac Lieu,2017-03-20,2017,3,20,0.0
Bac Lieu,2017-03-21,2017,3,21,0.0
Bac Lieu,2017-03-22,2017,3,22,0.0
Bac Lieu,2017-03-23,2017,3,23,0.0
Bac Lieu,2017-03-24,2017,3,24,0.0
Bac Lieu,2017-03-25,2017,3,25,0.041528118057071
Bac Lieu,2017-03-26,2017,3,26,1.0115252873222784
Bac Lieu,2017-03-27,2017,3,27,0.2680747720430482
Bac Lieu,2017-03-28,2017,3,28,0.4237202316230198
Bac Lieu,2017-03-29,2017,3,29,2.594873325365895
Bac Lieu,2017-03-30,2017,3,30,1.260266484656424
Bac Lieu,2017-03-31,2017,3,31,7.822978604334707
Bac Lieu,2017-04-01,2017,4,1,17.421197934834463
Bac Lieu,2017-04-02,2017,4,2,0.0
Bac Lieu,2017-04-03,2017,4,3,1.2332761799794325
Bac Lieu,2017-04-04,2017,4,4,0.0
Bac Lieu,2017-04-05,2017,4,5,18.189412433444325
Bac Lieu,2017-04-06,2017,4,6,0.0630560311911241
Bac Lieu,2017-04-07,2017,4,7,0.0
Bac Lieu,2017-04-08,2017,4,8,0.0
Bac Lieu,2017-04-09,2017,4,9,0.0
Bac Lieu,2017-04-10,2017,4,10,0.0
Bac Lieu,2017-04-11,2017,4,11,0.0
Bac Lieu,2017-04-12,2017,4,12,0.0
Bac Lieu,2017-04-13,2017,4,13,0.0027934569502776
Bac Lieu,2017-04-14,2017,4,14,0.6633811308932756
Bac Lieu,2017-04-15,2017,4,15,0.0
Bac Lieu,2017-04-16,2017,4,16,0.0
Bac Lieu,2017-04-17,2017,4,17,0.0
Bac Lieu,2017-04-18,2017,4,18,0.0825762601348589
Bac Lieu,2017-04-19,2017,4,19,0.0
Bac Lieu,2017-04-20,2017,4,20,0.0
Bac Lieu,2017-04-21,2017,4,21,2.896421769879899
Bac Lieu,2017-04-22,2017,4,22,3.503153696788932
Bac Lieu,2017-04-23,2017,4,23,8.226487923523164
Bac Lieu,2017-04-24,2017,4,24,4.717306127773142
Bac Lieu,2017-04-25,2017,4,25,5.457020633175689
Bac Lieu,2017-04-26,2017,4,26,4.06498051378862
Bac Lieu,2017-04-27,2017,4,27,5.162682591708202
Bac Lieu,2017-04-28,2017,4,28,0.0732917853841242
Bac Lieu,2017-04-29,2017,4,29,2.119656459034614
Bac Lieu,2017-04-30,2017,4,30,0.0
Bac Lieu,2017-05-01,2017,5,1,0.0
Bac Lieu,2017-05-02,2017,5,2,1.1268801201244574
Bac Lieu,2017-05-03,2017,5,3,0.3244832114543555
Bac Lieu,2017-05-04,2017,5,4,4.051263996196244
Bac Lieu,2017-05-05,2017,5,5,5.015940561429511
Bac Lieu,2017-05-06,2017,5,6,4.333891274731115
Bac Lieu,2017-05-07,2017,5,7,1.9981936257830208
Bac Lieu,2017-05-08,2017,5,8,8.57640373281263
Bac Lieu,2017-05-09,2017,5,9,9.06138052573294
Bac Lieu,2017-05-10,2017,5,10,10.527846025970748
Bac Lieu,2017-05-11,2017,5,11,0.8323442151636449
Bac Lieu,2017-05-12,2017,5,12,0.7547012139221407
Bac Lieu,2017-05-13,2017,5,13,1.2873549338646657
Bac Lieu,2017-05-14,2017,5,14,1.2606174715779863
Bac Lieu,2017-05-15,2017,5,15,10.108564752020929
Bac Lieu,2017-05-16,2017,5,16,17.503847614828146
Bac Lieu,2017-05-17,2017,5,17,6.881208339133354
Bac Lieu,2017-05-18,2017,5,18,5.029256058441018
Bac Lieu,2017-05-19,2017,5,19,19.64856209368076
Bac Lieu,2017-05-20,2017,5,20,24.72175838653997
Bac Lieu,2017-05-21,2017,5,21,11.47113634411794
Bac Lieu,2017-05-22,2017,5,22,3.943780702590943
Bac Lieu,2017-05-23,2017,5,23,4.311030552540186
Bac Lieu,2017-05-24,2017,5,24,11.889131611788049
Bac Lieu,2017-05-25,2017,5,25,6.872652148966519
Bac Lieu,2017-05-26,2017,5,26,9.302822668291489
Bac Lieu,2017-05-27,2017,5,27,0.0
Bac Lieu,2017-05-28,2017,5,28,9.507993173563255
Bac Lieu,2017-05-29,2017,5,29,1.5729134900075086
Bac Lieu,2017-05-30,2017,5,30,24.499156474563318
Bac Lieu,2017-05-31,2017,5,31,5.310475048748953
Bac Lieu,2017-06-01,2017,6,1,0.0
Bac Lieu,2017-06-02,2017,6,2,3.211403552829095
Bac Lieu,2017-06-03,2017,6,3,5.0117016228909765
Bac Lieu,2017-06-04,2017,6,4,19.47635668995696
Bac Lieu,2017-06-05,2017,6,5,1.9481125799664916
Bac Lieu,2017-06-06,2017,6,6,11.360408288163962
Bac Lieu,2017-06-07,2017,6,7,0.0
Bac Lieu,2017-06-08,2017,6,8,6.050891166345129
Bac Lieu,2017-06-09,2017,6,9,0.944374560392128
Bac Lieu,2017-06-10,2017,6,10,13.172445929743212
Bac Lieu,2017-06-11,2017,6,11,5.965358248584677
Bac Lieu,2017-06-12,2017,6,12,0.313118860613625
Bac Lieu,2017-06-13,2017,6,13,9.489328272207729
Bac Lieu,2017-06-14,2017,6,14,4.049289466129159
Bac Lieu,2017-06-15,2017,6,15,2.4028560484850185
Bac Lieu,2017-06-16,2017,6,16,1.221993848980598
Bac Lieu,2017-06-17,2017,6,17,2.4000242434627608
Bac Lieu,2017-06-18,2017,6,18,0.0
Bac Lieu,2017-06-19,2017,6,19,4.760104949510323
Bac Lieu,2017-06-20,2017,6,20,4.077844075391878
Bac Lieu,2017-06-21,2017,6,21,20.89332434724412
Bac Lieu,2017-06-22,2017,6,22,10.754461747403418
Bac Lieu,2017-06-23,2017,6,23,1.9513974782835763
Bac Lieu,2017-06-24,2017,6,24,24.985153239196208
Bac Lieu,2017-06-25,2017,6,25,2.970520479940019
Bac Lieu,2017-06-26,2017,6,26,5.061324376646078
Bac Lieu,2017-06-27,2017,6,27,5.917817531198827
Bac Lieu,2017-06-28,2017,6,28,6.4329112812887965
Bac Lieu,2017-06-29,2017,6,29,3.817275419028301
Bac Lieu,2017-06-30,2017,6,30,2.415059005080529
Bac Lieu,2017-07-01,2017,7,1,1.572666101293744
Bac Lieu,2017-07-02,2017,7,2,5.552597534044734
Bac Lieu,2017-07-03,2017,7,3,9.58260648745411
Bac Lieu,2017-07-04,2017,7,4,8.132474130648488
Bac Lieu,2017-07-05,2017,7,5,10.896163977146152
Bac Lieu,2017-07-06,2017,7,6,7.578740895586195
Bac Lieu,2017-07-07,2017,7,7,5.54366047156532
Bac Lieu,2017-07-08,2017,7,8,0.0
Bac Lieu,2017-07-09,2017,7,9,4.171725380348712
Bac Lieu,2017-07-10,2017,7,10,6.690530136009435
Bac Lieu,2017-07-11,2017,7,11,17.384864678760746
Bac Lieu,2017-07-12,2017,7,12,9.599509308455124
Bac Lieu,2017-07-13,2017,7,13,9.79889245466916
Bac Lieu,2017-07-14,2017,7,14,6.120941148074167
Bac Lieu,2017-07-15,2017,7,15,11.287059530438118
Bac Lieu,2017-07-16,2017,7,16,32.65573740358174
Bac Lieu,2017-07-17,2017,7,17,12.033699403276987
Bac Lieu,2017-07-18,2017,7,18,4.200313303587572
Bac Lieu,2017-07-19,2017,7,19,3.345428541255448
Bac Lieu,2017-07-20,2017,7,20,3.988959273707192
Bac Lieu,2017-07-21,2017,7,21,0.0
Bac Lieu,2017-07-22,2017,7,22,0.4138454301942069
Bac Lieu,2017-07-23,2017,7,23,0.0
Bac Lieu,2017-07-24,2017,7,24,12.599836502147172
Bac Lieu,2017-07-25,2017,7,25,19.6733567706414
Bac Lieu,2017-07-26,2017,7,26,18.669180433885103
Bac Lieu,2017-07-27,2017,7,27,24.73073562157829
Bac Lieu,2017-07-28,2017,7,28,4.943133158215938
Bac Lieu,2017-07-29,2017,7,29,0.0
Bac Lieu,2017-07-30,2017,7,30,5.141965306623928
Bac Lieu,2017-07-31,2017,7,31,2.0004114785644247
Bac Lieu,2017-08-01,2017,8,1,6.151070482218041
Bac Lieu,2017-08-02,2017,8,2,9.257807428593908
Bac Lieu,2017-08-03,2017,8,3,1.1518392560706951
Bac Lieu,2017-08-04,2017,8,4,7.623492221850272
Bac Lieu,2017-08-05,2017,8,5,18.75276765600241
Bac Lieu,2017-08-06,2017,8,6,3.8641454036190814
Bac Lieu,2017-08-07,2017,8,7,0.7090991394114946
Bac Lieu,2017-08-08,2017,8,8,2.0009139061154064
Bac Lieu,2017-08-09,2017,8,9,2.8251715222124782
Bac Lieu,2017-08-10,2017,8,10,5.253425212563209
Bac Lieu,2017-08-11,2017,8,11,3.768634763321786
Bac Lieu,2017-08-12,2017,8,12,1.8182794990359608
Bac Lieu,2017-08-13,2017,8,13,17.119223273529197
Bac Lieu,2017-08-14,2017,8,14,6.80227914367532
Bac Lieu,2017-08-15,2017,8,15,10.636962014144324
Bac Lieu,2017-08-16,2017,8,16,43.58587463055018
Bac Lieu,2017-08-17,2017,8,17,1.1415018023724828
Bac Lieu,2017-08-18,2017,8,18,22.02381515153849
Bac Lieu,2017-08-19,2017,8,19,4.111291685788137
Bac Lieu,2017-08-20,2017,8,20,0.0
Bac Lieu,2017-08-21,2017,8,21,0.0
Bac Lieu,2017-08-22,2017,8,22,23.488874134171684
Bac Lieu,2017-08-23,2017,8,23,16.805203688783465
Bac Lieu,2017-08-24,2017,8,24,4.0724125344798265
Bac Lieu,2017-08-25,2017,8,25,11.22074447289953
Bac Lieu,2017-08-26,2017,8,26,44.47285649108888
Bac Lieu,2017-08-27,2017,8,27,0.0650786645277491
Bac Lieu,2017-08-28,2017,8,28,2.399500281243954
Bac Lieu,2017-08-29,2017,8,29,1.1854330936287936
Bac Lieu,2017-08-30,2017,8,30,0.0
Bac Lieu,2017-08-31,2017,8,31,12.526357409891094
Bac Lieu,2017-09-01,2017,9,1,15.179752011856946
Bac Lieu,2017-09-02,2017,9,2,5.071632459010719
Bac Lieu,2017-09-03,2017,9,3,1.912430276348906
Bac Lieu,2017-09-04,2017,9,4,1.4465446614589337
Bac Lieu,2017-09-05,2017,9,5,1.0255663759123606
Bac Lieu,2017-09-06,2017,9,6,1.3781743246744262
Bac Lieu,2017-09-07,2017,9,7,4.3677984750945615
Bac Lieu,2017-09-08,2017,9,8,1.1961777607359976
Bac Lieu,2017-09-09,2017,9,9,5.972953238721164
Bac Lieu,2017-09-10,2017,9,10,12.56629655618488
Bac Lieu,2017-09-11,2017,9,11,4.756701908039597
Bac Lieu,2017-09-12,2017,9,12,0.0
Bac Lieu,2017-09-13,2017,9,13,17.184423624398576
Bac Lieu,2017-09-14,2017,9,14,20.08413594024586
Bac Lieu,2017-09-15,2017,9,15,15.880372955970047
Bac Lieu,2017-09-16,2017,9,16,1.7545861819825084
Bac Lieu,2017-09-17,2017,9,17,0.3894988685643898
Bac Lieu,2017-09-18,2017,9,18,13.038090925342637
Bac Lieu,2017-09-19,2017,9,19,9.51866966781976
Bac Lieu,2017-09-20,2017,9,20,15.703865473189447
Bac Lieu,2017-09-21,2017,9,21,26.93764952418489
Bac Lieu,2017-09-22,2017,9,22,8.581822584494107
Bac Lieu,2017-09-23,2017,9,23,21.708775003325268
Bac Lieu,2017-09-24,2017,9,24,29.16943988332209
Bac Lieu,2017-09-25,2017,9,25,0.1962915169158072
Bac Lieu,2017-09-26,2017,9,26,1.792360766878668
Bac Lieu,2017-09-27,2017,9,27,12.708992260087216
Bac Lieu,2017-09-28,2017,9,28,10.52233267145337
Bac Lieu,2017-09-29,2017,9,29,2.1120912774553844
Bac Lieu,2017-09-30,2017,9,30,4.251907466645512
Bac Lieu,2017-10-01,2017,10,1,24.38983494639847
Bac Lieu,2017-10-02,2017,10,2,29.67678105300328
Bac Lieu,2017-10-03,2017,10,3,4.47110248454112
Bac Lieu,2017-10-04,2017,10,4,1.8350815849124265
Bac Lieu,2017-10-05,2017,10,5,25.687779880811583
Bac Lieu,2017-10-06,2017,10,6,12.774745149108602
Bac Lieu,2017-10-07,2017,10,7,3.241296661286984
Bac Lieu,2017-10-08,2017,10,8,1.5074398626111594
Bac Lieu,2017-10-09,2017,10,9,1.960837023069274
Bac Lieu,2017-10-10,2017,10,10,1.568140215171958
Bac Lieu,2017-10-11,2017,10,11,16.237001341010046
Bac Lieu,2017-10-12,2017,10,12,14.638540372974472
Bac Lieu,2017-10-13,2017,10,13,38.12301975725282
Bac Lieu,2017-10-14,2017,10,14,17.619176406212574
Bac Lieu,2017-10-15,2017,10,15,0.2422686261231045
Bac Lieu,2017-10-16,2017,10,16,3.9550384457426255
Bac Lieu,2017-10-17,2017,10,17,20.905035500904305
Bac Lieu,2017-10-18,2017,10,18,6.865155024492516
Bac Lieu,2017-10-19,2017,10,19,18.546905589805466
Bac Lieu,2017-10-20,2017,10,20,19.084355773008102
Bac Lieu,2017-10-21,2017,10,21,26.9651666724367
Bac Lieu,2017-10-22,2017,10,22,17.45692330007733
Bac Lieu,2017-10-23,2017,10,23,10.119577057532544
Bac Lieu,2017-10-24,2017,10,24,0.4364088425546322
Bac Lieu,2017-10-25,2017,10,25,3.843236140988908
Bac Lieu,2017-10-26,2017,10,26,6.374482814356966
Bac Lieu,2017-10-27,2017,10,27,34.47183567799262
Bac Lieu,2017-10-28,2017,10,28,2.916328880813888
Bac Lieu,2017-10-29,2017,10,29,3.13188924659873
Bac Lieu,2017-10-30,2017,10,30,0.0
Bac Lieu,2017-10-31,2017,10,31,9.947520276861372
Bac Lieu,2017-11-01,2017,11,1,45.2123804183816
Bac Lieu,2017-11-02,2017,11,2,24.80527417740732
Bac Lieu,2017-11-03,2017,11,3,6.472820036492259
Bac Lieu,2017-11-04,2017,11,4,2.041056220594443
Bac Lieu,2017-11-05,2017,11,5,10.288290558221206
Bac Lieu,2017-11-06,2017,11,6,5.348674759378973
Bac Lieu,2017-11-07,2017,11,7,11.269342413884289
Bac Lieu,2017-11-08,2017,11,8,16.104930308827814
Bac Lieu,2017-11-09,2017,11,9,2.437569079902937
Bac Lieu,2017-11-10,2017,11,10,4.734663521334811
Bac Lieu,2017-11-11,2017,11,11,0.0
Bac Lieu,2017-11-12,2017,11,12,0.0
Bac Lieu,2017-11-13,2017,11,13,0.3479921456462932
Bac Lieu,2017-11-14,2017,11,14,4.080393844712455
Bac Lieu,2017-11-15,2017,11,15,0.0
Bac Lieu,2017-11-16,2017,11,16,0.0
Bac Lieu,2017-11-17,2017,11,17,2.942797093571358
Bac Lieu,2017-11-18,2017,11,18,15.764597121832509
Bac Lieu,2017-11-19,2017,11,19,0.0082123503415089
Bac Lieu,2017-11-20,2017,11,20,0.0
Bac Lieu,2017-11-21,2017,11,21,0.0
Bac Lieu,2017-11-22,2017,11,22,2.3346665570241103
Bac Lieu,2017-11-23,2017,11,23,1.2079205960327726
Bac Lieu,2017-11-24,2017,11,24,11.500507784915422
Bac Lieu,2017-11-25,2017,11,25,9.92136436120519
Bac Lieu,2017-11-26,2017,11,26,2.7282296246222733
Bac Lieu,2017-11-27,2017,11,27,16.3870244972301
Bac Lieu,2017-11-28,2017,11,28,19.883378088537256
Bac Lieu,2017-11-29,2017,11,29,16.470587341416564
Bac Lieu,2017-11-30,2017,11,30,2.4100803398096344
Bac Lieu,2017-12-01,2017,12,1,0.1354749719151911
Bac Lieu,2017-12-02,2017,12,2,4.862078162265274
Bac Lieu,2017-12-03,2017,12,3,1.0593118832426254
Bac Lieu,2017-12-04,2017,12,4,21.850330708197838
Bac Lieu,2017-12-05,2017,12,5,4.593433613768164
Bac Lieu,2017-12-06,2017,12,6,0.0
Bac Lieu,2017-12-07,2017,12,7,1.3141647278767714
Bac Lieu,2017-12-08,2017,12,8,0.0214873988223525
Bac Lieu,2017-12-09,2017,12,9,0.3630995088523289
Bac Lieu,2017-12-10,2017,12,10,0.0
Bac Lieu,2017-12-11,2017,12,11,0.0
Bac Lieu,2017-12-12,2017,12,12,0.0
Bac Lieu,2017-12-13,2017,12,13,0.0078937603752568
Bac Lieu,2017-12-14,2017,12,14,0.0
Bac Lieu,2017-12-15,2017,12,15,0.0
Bac Lieu,2017-12-16,2017,12,16,0.4380900462528445
Bac Lieu,2017-12-17,2017,12,17,0.0
Bac Lieu,2017-12-18,2017,12,18,0.0
Bac Lieu,2017-12-19,2017,12,19,0.0
Bac Lieu,2017-12-20,2017,12,20,0.0
Bac Lieu,2017-12-21,2017,12,21,9.885389180408335
Bac Lieu,2017-12-22,2017,12,22,0.0
Bac Lieu,2017-12-23,2017,12,23,0.0
Bac Lieu,2017-12-24,2017,12,24,2.270605878411599
Bac Lieu,2017-12-25,2017,12,25,14.972553321568476
Bac Lieu,2017-12-26,2017,12,26,0.0
Bac Lieu,2017-12-27,2017,12,27,0.0
Bac Lieu,2017-12-28,2017,12,28,0.0
Bac Lieu,2017-12-29,2017,12,29,4.173679121719217
Bac Lieu,2017-12-30,2017,12,30,0.0
Bac Lieu,2017-12-31,2017,12,31,2.2257244474303053
Bac Lieu,2018-01-01,2018,1,1,0.0
Bac Lieu,2018-01-02,2018,1,2,1.878127881882326
Bac Lieu,2018-01-03,2018,1,3,0.0
Bac Lieu,2018-01-04,2018,1,4,0.0
Bac Lieu,2018-01-05,2018,1,5,0.0
Bac Lieu,2018-01-06,2018,1,6,0.0
Bac Lieu,2018-01-07,2018,1,7,0.0891844431139388
Bac Lieu,2018-01-08,2018,1,8,0.0
Bac Lieu,2018-01-09,2018,1,9,0.030404593017866
Bac Lieu,2018-01-10,2018,1,10,0.0461292574225731
Bac Lieu,2018-01-11,2018,1,11,0.4472138454869109
Bac Lieu,2018-01-12,2018,1,12,2.327159759638445
Bac Lieu,2018-01-13,2018,1,13,0.051455728503893
Bac Lieu,2018-01-14,2018,1,14,10.508751545996038
Bac Lieu,2018-01-15,2018,1,15,2.228326688460585
Bac Lieu,2018-01-16,2018,1,16,0.9038183233513024
Bac Lieu,2018-01-17,2018,1,17,0.0
Bac Lieu,2018-01-18,2018,1,18,0.0
Bac Lieu,2018-01-19,2018,1,19,0.0
Bac Lieu,2018-01-20,2018,1,20,0.0
Bac Lieu,2018-01-21,2018,1,21,0.0561409739728243
Bac Lieu,2018-01-22,2018,1,22,3.620011980659557
Bac Lieu,2018-01-23,2018,1,23,0.0
Bac Lieu,2018-01-24,2018,1,24,0.0
Bac Lieu,2018-01-25,2018,1,25,0.0497387218340387
Bac Lieu,2018-01-26,2018,1,26,0.1929996788636693
Bac Lieu,2018-01-27,2018,1,27,0.0
Bac Lieu,2018-01-28,2018,1,28,0.0
Bac Lieu,2018-01-29,2018,1,29,0.1258921690886875
Bac Lieu,2018-01-30,2018,1,30,0.0
Bac Lieu,2018-01-31,2018,1,31,0.450270255853545
Bac Lieu,2018-02-01,2018,2,1,0.0
Bac Lieu,2018-02-02,2018,2,2,0.0
Bac Lieu,2018-02-03,2018,2,3,2.900281319267345
Bac Lieu,2018-02-04,2018,2,4,0.0
Bac Lieu,2018-02-05,2018,2,5,0.0
Bac Lieu,2018-02-06,2018,2,6,0.0
Bac Lieu,2018-02-07,2018,2,7,0.0
Bac Lieu,2018-02-08,2018,2,8,0.0
Bac Lieu,2018-02-09,2018,2,9,0.0
Bac Lieu,2018-02-10,2018,2,10,0.0
Bac Lieu,2018-02-11,2018,2,11,0.0
Bac Lieu,2018-02-12,2018,2,12,0.0
Bac Lieu,2018-02-13,2018,2,13,0.0
Bac Lieu,2018-02-14,2018,2,14,0.0
Bac Lieu,2018-02-15,2018,2,15,0.0069461122728743
Bac Lieu,2018-02-16,2018,2,16,0.0
Bac Lieu,2018-02-17,2018,2,17,0.0
Bac Lieu,2018-02-18,2018,2,18,0.2880609822363223
Bac Lieu,2018-02-19,2018,2,19,0.0
Bac Lieu,2018-02-20,2018,2,20,0.0
Bac Lieu,2018-02-21,2018,2,21,0.0
Bac Lieu,2018-02-22,2018,2,22,3.145483245687665
Bac Lieu,2018-02-23,2018,2,23,0.0
Bac Lieu,2018-02-24,2018,2,24,0.0
Bac Lieu,2018-02-25,2018,2,25,0.0
Bac Lieu,2018-02-26,2018,2,26,0.0
Bac Lieu,2018-02-27,2018,2,27,0.0
Bac Lieu,2018-02-28,2018,2,28,0.3966374540508918
Bac Lieu,2018-03-01,2018,3,1,1.238946801905362
Bac Lieu,2018-03-02,2018,3,2,0.0
Bac Lieu,2018-03-03,2018,3,3,0.0
Bac Lieu,2018-03-04,2018,3,4,0.0
Bac Lieu,2018-03-05,2018,3,5,0.0
Bac Lieu,2018-03-06,2018,3,6,1.3131205514422004
Bac Lieu,2018-03-07,2018,3,7,0.0
Bac Lieu,2018-03-08,2018,3,8,0.0
Bac Lieu,2018-03-09,2018,3,9,0.0
Bac Lieu,2018-03-10,2018,3,10,0.212239941704948
Bac Lieu,2018-03-11,2018,3,11,0.0
Bac Lieu,2018-03-12,2018,3,12,0.0
Bac Lieu,2018-03-13,2018,3,13,0.0
Bac Lieu,2018-03-14,2018,3,14,0.0
Bac Lieu,2018-03-15,2018,3,15,0.6048905817967541
Bac Lieu,2018-03-16,2018,3,16,0.0
Bac Lieu,2018-03-17,2018,3,17,0.0
Bac Lieu,2018-03-18,2018,3,18,0.0
Bac Lieu,2018-03-19,2018,3,19,0.0
Bac Lieu,2018-03-20,2018,3,20,0.0
Bac Lieu,2018-03-21,2018,3,21,0.0
Bac Lieu,2018-03-22,2018,3,22,0.1636094174744948
Bac Lieu,2018-03-23,2018,3,23,0.0
Bac Lieu,2018-03-24,2018,3,24,0.0
Bac Lieu,2018-03-25,2018,3,25,0.0
Bac Lieu,2018-03-26,2018,3,26,0.0
Bac Lieu,2018-03-27,2018,3,27,0.0
Bac Lieu,2018-03-28,2018,3,28,0.0
Bac Lieu,2018-03-29,2018,3,29,0.0
Bac Lieu,2018-03-30,2018,3,30,0.4920826339091895
Bac Lieu,2018-03-31,2018,3,31,0.0
Bac Lieu,2018-04-01,2018,4,1,0.0
Bac Lieu,2018-04-02,2018,4,2,0.0
Bac Lieu,2018-04-03,2018,4,3,0.0
Bac Lieu,2018-04-04,2018,4,4,0.0
Bac Lieu,2018-04-05,2018,4,5,0.0
Bac Lieu,2018-04-06,2018,4,6,0.0
Bac Lieu,2018-04-07,2018,4,7,0.0
Bac Lieu,2018-04-08,2018,4,8,0.0136820980287947
Bac Lieu,2018-04-09,2018,4,9,0.0
Bac Lieu,2018-04-10,2018,4,10,0.0
Bac Lieu,2018-04-11,2018,4,11,0.0
Bac Lieu,2018-04-12,2018,4,12,0.0
Bac Lieu,2018-04-13,2018,4,13,0.0
Bac Lieu,2018-04-14,2018,4,14,0.0
Bac Lieu,2018-04-15,2018,4,15,0.0
Bac Lieu,2018-04-16,2018,4,16,0.0
Bac Lieu,2018-04-17,2018,4,17,0.0
Bac Lieu,2018-04-18,2018,4,18,1.2707279048235915
Bac Lieu,2018-04-19,2018,4,19,0.0
Bac Lieu,2018-04-20,2018,4,20,0.0
Bac Lieu,2018-04-21,2018,4,21,0.0
Bac Lieu,2018-04-22,2018,4,22,0.7513025206799779
Bac Lieu,2018-04-23,2018,4,23,4.143571025902372
Bac Lieu,2018-04-24,2018,4,24,3.2879316956502085
Bac Lieu,2018-04-25,2018,4,25,12.736392416900062
Bac Lieu,2018-04-26,2018,4,26,7.565120848223849
Bac Lieu,2018-04-27,2018,4,27,0.118783752963228
Bac Lieu,2018-04-28,2018,4,28,0.0
Bac Lieu,2018-04-29,2018,4,29,3.4506283772846444
Bac Lieu,2018-04-30,2018,4,30,5.709509658399618
Bac Lieu,2018-05-01,2018,5,1,2.9638041548099165
Bac Lieu,2018-05-02,2018,5,2,1.5243174846217318
Bac Lieu,2018-05-03,2018,5,3,0.1948832224360052
Bac Lieu,2018-05-04,2018,5,4,9.478789764368312
Bac Lieu,2018-05-05,2018,5,5,8.143544471182913
Bac Lieu,2018-05-06,2018,5,6,1.74495774567802
Bac Lieu,2018-05-07,2018,5,7,3.050963905334473
Bac Lieu,2018-05-08,2018,5,8,10.087121135063892
Bac Lieu,2018-05-09,2018,5,9,9.540729248082863
Bac Lieu,2018-05-10,2018,5,10,5.822794631976001
Bac Lieu,2018-05-11,2018,5,11,0.0
Bac Lieu,2018-05-12,2018,5,12,3.9560527318648577
Bac Lieu,2018-05-13,2018,5,13,6.864367023953853
Bac Lieu,2018-05-14,2018,5,14,1.7275741447232804
Bac Lieu,2018-05-15,2018,5,15,2.947137083431461
Bac Lieu,2018-05-16,2018,5,16,6.442560992195921
Bac Lieu,2018-05-17,2018,5,17,5.824921413889471
Bac Lieu,2018-05-18,2018,5,18,5.795308173476527
Bac Lieu,2018-05-19,2018,5,19,9.986243970691037
Bac Lieu,2018-05-20,2018,5,20,10.862815453241458
Bac Lieu,2018-05-21,2018,5,21,8.043342616261176
Bac Lieu,2018-05-22,2018,5,22,11.885719122544778
Bac Lieu,2018-05-23,2018,5,23,7.754723009325425
Bac Lieu,2018-05-24,2018,5,24,15.742263721574034
Bac Lieu,2018-05-25,2018,5,25,6.687529944671776
Bac Lieu,2018-05-26,2018,5,26,7.429670884726183
Bac Lieu,2018-05-27,2018,5,27,7.561705535906667
Bac Lieu,2018-05-28,2018,5,28,11.046345852545974
Bac Lieu,2018-05-29,2018,5,29,13.442955168418166
Bac Lieu,2018-05-30,2018,5,30,1.0386056809785231
Bac Lieu,2018-05-31,2018,5,31,5.17206052682085
Bac Lieu,2018-06-01,2018,6,1,33.35539101143604
Bac Lieu,2018-06-02,2018,6,2,20.35886327477221
Bac Lieu,2018-06-03,2018,6,3,7.291369843321027
Bac Lieu,2018-06-04,2018,6,4,16.931400184235486
Bac Lieu,2018-06-05,2018,6,5,10.99839422449076
Bac Lieu,2018-06-06,2018,6,6,5.852081448411043
Bac Lieu,2018-06-07,2018,6,7,13.28245818784102
Bac Lieu,2018-06-08,2018,6,8,14.628703544868616
Bac Lieu,2018-06-09,2018,6,9,0.0
Bac Lieu,2018-06-10,2018,6,10,12.527767687455665
Bac Lieu,2018-06-11,2018,6,11,0.1547432521604142
Bac Lieu,2018-06-12,2018,6,12,2.8544297665290115
Bac Lieu,2018-06-13,2018,6,13,0.4687808779770474
Bac Lieu,2018-06-14,2018,6,14,3.8217750808427926
Bac Lieu,2018-06-15,2018,6,15,16.928855281038103
Bac Lieu,2018-06-16,2018,6,16,0.173611121708492
Bac Lieu,2018-06-17,2018,6,17,15.053909345176985
Bac Lieu,2018-06-18,2018,6,18,9.86333424320761
Bac Lieu,2018-06-19,2018,6,19,17.37019709722051
Bac Lieu,2018-06-20,2018,6,20,0.2828945103591344
Bac Lieu,2018-06-21,2018,6,21,0.0013518931730738
Bac Lieu,2018-06-22,2018,6,22,0.0
Bac Lieu,2018-06-23,2018,6,23,8.832610581694913
Bac Lieu,2018-06-24,2018,6,24,0.5361747338187021
Bac Lieu,2018-06-25,2018,6,25,10.892614882667107
Bac Lieu,2018-06-26,2018,6,26,13.585340006864296
Bac Lieu,2018-06-27,2018,6,27,4.935937509716681
Bac Lieu,2018-06-28,2018,6,28,0.0
Bac Lieu,2018-06-29,2018,6,29,2.214244862277553
Bac Lieu,2018-06-30,2018,6,30,0.4446302432474101
Bac Lieu,2018-07-01,2018,7,1,6.675397699356079
Bac Lieu,2018-07-02,2018,7,2,1.533286947178391
Bac Lieu,2018-07-03,2018,7,3,25.84118799357145
Bac Lieu,2018-07-04,2018,7,4,3.530875206317542
Bac Lieu,2018-07-05,2018,7,5,14.882378865511916
Bac Lieu,2018-07-06,2018,7,6,9.545160160442569
Bac Lieu,2018-07-07,2018,7,7,26.192359106603657
Bac Lieu,2018-07-08,2018,7,8,2.610722838707689
Bac Lieu,2018-07-09,2018,7,9,17.514694721131956
Bac Lieu,2018-07-10,2018,7,10,12.02252442264557
Bac Lieu,2018-07-11,2018,7,11,8.092698369134146
Bac Lieu,2018-07-12,2018,7,12,6.3691958041461
Bac Lieu,2018-07-13,2018,7,13,21.92356553232445
Bac Lieu,2018-07-14,2018,7,14,36.95868582822692
Bac Lieu,2018-07-15,2018,7,15,5.769841070750974
Bac Lieu,2018-07-16,2018,7,16,17.194274415448024
Bac Lieu,2018-07-17,2018,7,17,16.410611677367736
Bac Lieu,2018-07-18,2018,7,18,15.455336289135916
Bac Lieu,2018-07-19,2018,7,19,9.17099148341845
Bac Lieu,2018-07-20,2018,7,20,14.676953627802297
Bac Lieu,2018-07-21,2018,7,21,7.977726055379186
Bac Lieu,2018-07-22,2018,7,22,4.00623062450481
Bac Lieu,2018-07-23,2018,7,23,1.3863045090729338
Bac Lieu,2018-07-24,2018,7,24,0.2622763705703447
Bac Lieu,2018-07-25,2018,7,25,15.1507149860814
Bac Lieu,2018-07-26,2018,7,26,2.426720219036319
Bac Lieu,2018-07-27,2018,7,27,1.624249598017279
Bac Lieu,2018-07-28,2018,7,28,6.688053077751736
Bac Lieu,2018-07-29,2018,7,29,23.561484489512896
Bac Lieu,2018-07-30,2018,7,30,12.753855417953352
Bac Lieu,2018-07-31,2018,7,31,0.1642806038766537
Bac Lieu,2018-08-01,2018,8,1,0.8419092243662422
Bac Lieu,2018-08-02,2018,8,2,22.36688309511149
Bac Lieu,2018-08-03,2018,8,3,13.35754754012486
Bac Lieu,2018-08-04,2018,8,4,7.612964830272604
Bac Lieu,2018-08-05,2018,8,5,18.275912110022784
Bac Lieu,2018-08-06,2018,8,6,12.189565448041234
Bac Lieu,2018-08-07,2018,8,7,11.28825455724968
Bac Lieu,2018-08-08,2018,8,8,8.228904476615618
Bac Lieu,2018-08-09,2018,8,9,2.602596198333885
Bac Lieu,2018-08-10,2018,8,10,42.527503049598565
Bac Lieu,2018-08-11,2018,8,11,1.104870612846231
Bac Lieu,2018-08-12,2018,8,12,23.829871447005367
Bac Lieu,2018-08-13,2018,8,13,0.0
Bac Lieu,2018-08-14,2018,8,14,18.00584410514472
Bac Lieu,2018-08-15,2018,8,15,23.65910005295952
Bac Lieu,2018-08-16,2018,8,16,6.754224132339911
Bac Lieu,2018-08-17,2018,8,17,18.4850624546195
Bac Lieu,2018-08-18,2018,8,18,19.197371951733
Bac Lieu,2018-08-19,2018,8,19,12.793711099102811
Bac Lieu,2018-08-20,2018,8,20,0.5330765714859064
Bac Lieu,2018-08-21,2018,8,21,0.7291715467021151
Bac Lieu,2018-08-22,2018,8,22,6.19066385278162
Bac Lieu,2018-08-23,2018,8,23,2.9053012860136214
Bac Lieu,2018-08-24,2018,8,24,0.6112162699249556
Bac Lieu,2018-08-25,2018,8,25,10.279641359779069
Bac Lieu,2018-08-26,2018,8,26,2.117235924774746
Bac Lieu,2018-08-27,2018,8,27,14.718854925101656
Bac Lieu,2018-08-28,2018,8,28,0.0
Bac Lieu,2018-08-29,2018,8,29,0.0
Bac Lieu,2018-08-30,2018,8,30,0.0
Bac Lieu,2018-08-31,2018,8,31,0.0
Bac Lieu,2018-09-01,2018,9,1,7.808817621465002
Bac Lieu,2018-09-02,2018,9,2,41.12562602903259
Bac Lieu,2018-09-03,2018,9,3,42.18190491197695
Bac Lieu,2018-09-04,2018,9,4,6.17195711927594
Bac Lieu,2018-09-05,2018,9,5,0.1092920224891518
Bac Lieu,2018-09-06,2018,9,6,13.298591648785576
Bac Lieu,2018-09-07,2018,9,7,34.91810479948656
Bac Lieu,2018-09-08,2018,9,8,11.46441886315256
Bac Lieu,2018-09-09,2018,9,9,4.581321409783274
Bac Lieu,2018-09-10,2018,9,10,0.0
Bac Lieu,2018-09-11,2018,9,11,6.704686814650051
Bac Lieu,2018-09-12,2018,9,12,13.461440707242714
Bac Lieu,2018-09-13,2018,9,13,12.701548389560774
Bac Lieu,2018-09-14,2018,9,14,8.171197642074441
Bac Lieu,2018-09-15,2018,9,15,10.062097630698725
Bac Lieu,2018-09-16,2018,9,16,19.158168901407493
Bac Lieu,2018-09-17,2018,9,17,25.90633864248024
Bac Lieu,2018-09-18,2018,9,18,10.578688530022244
Bac Lieu,2018-09-19,2018,9,19,0.7001330413998299
Bac Lieu,2018-09-20,2018,9,20,5.113812154499992
Bac Lieu,2018-09-21,2018,9,21,0.6838783436091443
Bac Lieu,2018-09-22,2018,9,22,1.995388873208244
Bac Lieu,2018-09-23,2018,9,23,6.799052432762002
Bac Lieu,2018-09-24,2018,9,24,3.900862202077542
Bac Lieu,2018-09-25,2018,9,25,0.8733852486430473
Bac Lieu,2018-09-26,2018,9,26,8.91205593719123
Bac Lieu,2018-09-27,2018,9,27,1.1193964031687325
Bac Lieu,2018-09-28,2018,9,28,10.651607361856495
Bac Lieu,2018-09-29,2018,9,29,7.952677499456226
Bac Lieu,2018-09-30,2018,9,30,6.297482779080015
Bac Lieu,2018-10-01,2018,10,1,7.50942709476543
Bac Lieu,2018-10-02,2018,10,2,13.1399063314042
Bac Lieu,2018-10-03,2018,10,3,10.587401104639158
Bac Lieu,2018-10-04,2018,10,4,8.698991920381223
Bac Lieu,2018-10-05,2018,10,5,8.862316601753236
Bac Lieu,2018-10-06,2018,10,6,2.580308835821332
Bac Lieu,2018-10-07,2018,10,7,16.395924614456465
Bac Lieu,2018-10-08,2018,10,8,4.523231054989797
Bac Lieu,2018-10-09,2018,10,9,0.0
Bac Lieu,2018-10-10,2018,10,10,0.0
Bac Lieu,2018-10-11,2018,10,11,0.0
Bac Lieu,2018-10-12,2018,10,12,0.0
Bac Lieu,2018-10-13,2018,10,13,0.0459164172298503
Bac Lieu,2018-10-14,2018,10,14,5.290415142203278
Bac Lieu,2018-10-15,2018,10,15,0.0
Bac Lieu,2018-10-16,2018,10,16,0.0
Bac Lieu,2018-10-17,2018,10,17,8.961808508980948
Bac Lieu,2018-10-18,2018,10,18,19.336644038650224
Bac Lieu,2018-10-19,2018,10,19,27.945654752173517
Bac Lieu,2018-10-20,2018,10,20,4.936558245496932
Bac Lieu,2018-10-21,2018,10,21,0.0
Bac Lieu,2018-10-22,2018,10,22,2.482865204145324
Bac Lieu,2018-10-23,2018,10,23,39.37344739899546
Bac Lieu,2018-10-24,2018,10,24,32.66654810815488
Bac Lieu,2018-10-25,2018,10,25,0.0
Bac Lieu,2018-10-26,2018,10,26,0.0
Bac Lieu,2018-10-27,2018,10,27,0.0
Bac Lieu,2018-10-28,2018,10,28,5.901022072378195
Bac Lieu,2018-10-29,2018,10,29,5.730523734974412
Bac Lieu,2018-10-30,2018,10,30,0.0
Bac Lieu,2018-10-31,2018,10,31,0.0
Bac Lieu,2018-11-01,2018,11,1,0.0
Bac Lieu,2018-11-02,2018,11,2,0.0
Bac Lieu,2018-11-03,2018,11,3,17.788382928884257
Bac Lieu,2018-11-04,2018,11,4,4.690211297458073
Bac Lieu,2018-11-05,2018,11,5,0.1826184979114892
Bac Lieu,2018-11-06,2018,11,6,9.609717241197265
Bac Lieu,2018-11-07,2018,11,7,5.721941144709319
Bac Lieu,2018-11-08,2018,11,8,3.433123465987871
Bac Lieu,2018-11-09,2018,11,9,0.0
Bac Lieu,2018-11-10,2018,11,10,0.2019354759792112
Bac Lieu,2018-11-11,2018,11,11,0.0
Bac Lieu,2018-11-12,2018,11,12,0.0181829670600171
Bac Lieu,2018-11-13,2018,11,13,0.0323010545766578
Bac Lieu,2018-11-14,2018,11,14,2.240103171861397
Bac Lieu,2018-11-15,2018,11,15,13.657387844139675
Bac Lieu,2018-11-16,2018,11,16,10.220602552305978
Bac Lieu,2018-11-17,2018,11,17,0.0051901490193492
Bac Lieu,2018-11-18,2018,11,18,17.5887159383342
Bac Lieu,2018-11-19,2018,11,19,7.463919547350903
Bac Lieu,2018-11-20,2018,11,20,0.0
Bac Lieu,2018-11-21,2018,11,21,0.0
Bac Lieu,2018-11-22,2018,11,22,0.9186674199374216
Bac Lieu,2018-11-23,2018,11,23,2.684115375302873
Bac Lieu,2018-11-24,2018,11,24,26.60233492070325
Bac Lieu,2018-11-25,2018,11,25,15.619943609741505
Bac Lieu,2018-11-26,2018,11,26,0.0
Bac Lieu,2018-11-27,2018,11,27,0.0
Bac Lieu,2018-11-28,2018,11,28,0.0
Bac Lieu,2018-11-29,2018,11,29,0.0
Bac Lieu,2018-11-30,2018,11,30,0.0
Bac Lieu,2018-12-01,2018,12,1,0.0
Bac Lieu,2018-12-02,2018,12,2,0.0
Bac Lieu,2018-12-03,2018,12,3,3.19518247291277
Bac Lieu,2018-12-04,2018,12,4,0.0
Bac Lieu,2018-12-05,2018,12,5,0.0
Bac Lieu,2018-12-06,2018,12,6,0.0
Bac Lieu,2018-12-07,2018,12,7,2.8595001301585508
Bac Lieu,2018-12-08,2018,12,8,0.0
Bac Lieu,2018-12-09,2018,12,9,6.565107698413563
Bac Lieu,2018-12-10,2018,12,10,2.7554242484614537
Bac Lieu,2018-12-11,2018,12,11,0.1292044815657274
Bac Lieu,2018-12-12,2018,12,12,0.0890847049119337
Bac Lieu,2018-12-13,2018,12,13,0.0
Bac Lieu,2018-12-14,2018,12,14,0.0
Bac Lieu,2018-12-15,2018,12,15,8.361261634952617
Bac Lieu,2018-12-16,2018,12,16,0.0812982557044839
Bac Lieu,2018-12-17,2018,12,17,0.0
Bac Lieu,2018-12-18,2018,12,18,0.6177601286780161
Bac Lieu,2018-12-19,2018,12,19,0.0505250222278091
Bac Lieu,2018-12-20,2018,12,20,0.0998409974170181
Bac Lieu,2018-12-21,2018,12,21,0.4259716233037552
Bac Lieu,2018-12-22,2018,12,22,0.858051517238032
Bac Lieu,2018-12-23,2018,12,23,4.961951211002638
Bac Lieu,2018-12-24,2018,12,24,3.118894427843814
Bac Lieu,2018-12-25,2018,12,25,0.7282615948611836
Bac Lieu,2018-12-26,2018,12,26,0.3190444794690834
Bac Lieu,2018-12-27,2018,12,27,10.666914398868128
Bac Lieu,2018-12-28,2018,12,28,10.809060975128748
Bac Lieu,2018-12-29,2018,12,29,0.331235088555318
Bac Lieu,2018-12-30,2018,12,30,0.0
Bac Lieu,2018-12-31,2018,12,31,0.9810013046444588
Bac Lieu,2019-01-01,2019,1,1,7.46284932923767
Bac Lieu,2019-01-02,2019,1,2,8.398297299906893
Bac Lieu,2019-01-03,2019,1,3,3.763590503251778
Bac Lieu,2019-01-04,2019,1,4,2.6218799464882543
Bac Lieu,2019-01-05,2019,1,5,0.0
Bac Lieu,2019-01-06,2019,1,6,0.0
Bac Lieu,2019-01-07,2019,1,7,0.0
Bac Lieu,2019-01-08,2019,1,8,0.0
Bac Lieu,2019-01-09,2019,1,9,0.0
Bac Lieu,2019-01-10,2019,1,10,0.0
Bac Lieu,2019-01-11,2019,1,11,0.0
Bac Lieu,2019-01-12,2019,1,12,0.0
Bac Lieu,2019-01-13,2019,1,13,0.0
Bac Lieu,2019-01-14,2019,1,14,0.0
Bac Lieu,2019-01-15,2019,1,15,0.0840081613063812
Bac Lieu,2019-01-16,2019,1,16,0.0
Bac Lieu,2019-01-17,2019,1,17,0.0
Bac Lieu,2019-01-18,2019,1,18,0.0
Bac Lieu,2019-01-19,2019,1,19,0.0924407541841831
Bac Lieu,2019-01-20,2019,1,20,0.0
Bac Lieu,2019-01-21,2019,1,21,0.0
Bac Lieu,2019-01-22,2019,1,22,0.0
Bac Lieu,2019-01-23,2019,1,23,0.6325947420372154
Bac Lieu,2019-01-24,2019,1,24,0.0
Bac Lieu,2019-01-25,2019,1,25,0.0
Bac Lieu,2019-01-26,2019,1,26,0.0
Bac Lieu,2019-01-27,2019,1,27,0.0
Bac Lieu,2019-01-28,2019,1,28,0.0
Bac Lieu,2019-01-29,2019,1,29,0.0
Bac Lieu,2019-01-30,2019,1,30,0.0
Bac Lieu,2019-01-31,2019,1,31,0.0
Bac Lieu,2019-02-01,2019,2,1,0.0
Bac Lieu,2019-02-02,2019,2,2,0.0
Bac Lieu,2019-02-03,2019,2,3,0.0
Bac Lieu,2019-02-04,2019,2,4,0.0
Bac Lieu,2019-02-05,2019,2,5,0.0
Bac Lieu,2019-02-06,2019,2,6,0.0
Bac Lieu,2019-02-07,2019,2,7,0.0
Bac Lieu,2019-02-08,2019,2,8,0.0
Bac Lieu,2019-02-09,2019,2,9,0.0
Bac Lieu,2019-02-10,2019,2,10,0.0759793923665892
Bac Lieu,2019-02-11,2019,2,11,0.0
Bac Lieu,2019-02-12,2019,2,12,0.0
Bac Lieu,2019-02-13,2019,2,13,0.0
Bac Lieu,2019-02-14,2019,2,14,0.0
Bac Lieu,2019-02-15,2019,2,15,0.0
Bac Lieu,2019-02-16,2019,2,16,0.0
Bac Lieu,2019-02-17,2019,2,17,0.0
Bac Lieu,2019-02-18,2019,2,18,0.0
Bac Lieu,2019-02-19,2019,2,19,0.0
Bac Lieu,2019-02-20,2019,2,20,0.0
Bac Lieu,2019-02-21,2019,2,21,0.0
Bac Lieu,2019-02-22,2019,2,22,0.2436048761763662
Bac Lieu,2019-02-23,2019,2,23,0.0
Bac Lieu,2019-02-24,2019,2,24,0.0
Bac Lieu,2019-02-25,2019,2,25,0.0
Bac Lieu,2019-02-26,2019,2,26,0.0723184429519581
Bac Lieu,2019-02-27,2019,2,27,0.0
Bac Lieu,2019-02-28,2019,2,28,0.0
Bac Lieu,2019-03-01,2019,3,1,1.3431815862385732
Bac Lieu,2019-03-02,2019,3,2,0.0
Bac Lieu,2019-03-03,2019,3,3,0.0
Bac Lieu,2019-03-04,2019,3,4,0.0
Bac Lieu,2019-03-05,2019,3,5,0.0
Bac Lieu,2019-03-06,2019,3,6,0.0
Bac Lieu,2019-03-07,2019,3,7,0.0
Bac Lieu,2019-03-08,2019,3,8,0.0
Bac Lieu,2019-03-09,2019,3,9,0.4182769013710742
Bac Lieu,2019-03-10,2019,3,10,0.0
Bac Lieu,2019-03-11,2019,3,11,0.0
Bac Lieu,2019-03-12,2019,3,12,0.0
Bac Lieu,2019-03-13,2019,3,13,0.0017066497982672
Bac Lieu,2019-03-14,2019,3,14,0.0
Bac Lieu,2019-03-15,2019,3,15,0.0
Bac Lieu,2019-03-16,2019,3,16,0.0
Bac Lieu,2019-03-17,2019,3,17,0.0
Bac Lieu,2019-03-18,2019,3,18,0.0
Bac Lieu,2019-03-19,2019,3,19,0.0
Bac Lieu,2019-03-20,2019,3,20,0.0
Bac Lieu,2019-03-21,2019,3,21,0.4693616378712205
Bac Lieu,2019-03-22,2019,3,22,0.0
Bac Lieu,2019-03-23,2019,3,23,0.1323399145288287
Bac Lieu,2019-03-24,2019,3,24,4.853836710093157
Bac Lieu,2019-03-25,2019,3,25,0.0
Bac Lieu,2019-03-26,2019,3,26,1.3029788266037998
Bac Lieu,2019-03-27,2019,3,27,0.0
Bac Lieu,2019-03-28,2019,3,28,0.0
Bac Lieu,2019-03-29,2019,3,29,0.3467191640026165
Bac Lieu,2019-03-30,2019,3,30,1.9534153144584512
Bac Lieu,2019-03-31,2019,3,31,0.0
Bac Lieu,2019-04-01,2019,4,1,0.0137039014888259
Bac Lieu,2019-04-02,2019,4,2,0.0
Bac Lieu,2019-04-03,2019,4,3,0.002264939614062
Bac Lieu,2019-04-04,2019,4,4,0.8837131076578825
Bac Lieu,2019-04-05,2019,4,5,0.0
Bac Lieu,2019-04-06,2019,4,6,0.0
Bac Lieu,2019-04-07,2019,4,7,0.0
Bac Lieu,2019-04-08,2019,4,8,0.0
Bac Lieu,2019-04-09,2019,4,9,0.0
Bac Lieu,2019-04-10,2019,4,10,0.0
Bac Lieu,2019-04-11,2019,4,11,3.049382796287537
Bac Lieu,2019-04-12,2019,4,12,0.0036424791408034
Bac Lieu,2019-04-13,2019,4,13,0.0
Bac Lieu,2019-04-14,2019,4,14,0.0
Bac Lieu,2019-04-15,2019,4,15,0.0
Bac Lieu,2019-04-16,2019,4,16,0.0015124626024714
Bac Lieu,2019-04-17,2019,4,17,0.0
Bac Lieu,2019-04-18,2019,4,18,0.5492395589846486
Bac Lieu,2019-04-19,2019,4,19,0.0
Bac Lieu,2019-04-20,2019,4,20,0.3367617821108621
Bac Lieu,2019-04-21,2019,4,21,0.00018544192784302485
Bac Lieu,2019-04-22,2019,4,22,0.0012963444366699
Bac Lieu,2019-04-23,2019,4,23,2.2176096935991976
Bac Lieu,2019-04-24,2019,4,24,9.799301477570862e-05
Bac Lieu,2019-04-25,2019,4,25,0.114402641960347
Bac Lieu,2019-04-26,2019,4,26,0.0
Bac Lieu,2019-04-27,2019,4,27,9.746066724120446
Bac Lieu,2019-04-28,2019,4,28,17.303571812935598
Bac Lieu,2019-04-29,2019,4,29,0.0
Bac Lieu,2019-04-30,2019,4,30,3.552774850674396
Bac Lieu,2019-05-01,2019,5,1,1.233157353671092
Bac Lieu,2019-05-02,2019,5,2,21.225976289857105
Bac Lieu,2019-05-03,2019,5,3,6.505916240188313
Bac Lieu,2019-05-04,2019,5,4,1.582673474185872
Bac Lieu,2019-05-05,2019,5,5,8.00881937863692
Bac Lieu,2019-05-06,2019,5,6,6.748002553193075
Bac Lieu,2019-05-07,2019,5,7,1.1504757949181326
Bac Lieu,2019-05-08,2019,5,8,2.4601408620870338
Bac Lieu,2019-05-09,2019,5,9,11.878588748356083
Bac Lieu,2019-05-10,2019,5,10,12.557404756707966
Bac Lieu,2019-05-11,2019,5,11,8.629895606814692
Bac Lieu,2019-05-12,2019,5,12,9.482061627064112
Bac Lieu,2019-05-13,2019,5,13,3.949243094867132
Bac Lieu,2019-05-14,2019,5,14,2.792037044723079
Bac Lieu,2019-05-15,2019,5,15,0.0044468624906719
Bac Lieu,2019-05-16,2019,5,16,0.1283033016132858
Bac Lieu,2019-05-17,2019,5,17,2.292280008028139
Bac Lieu,2019-05-18,2019,5,18,13.410241553144637
Bac Lieu,2019-05-19,2019,5,19,8.935842898854668
Bac Lieu,2019-05-20,2019,5,20,1.4541749985173065
Bac Lieu,2019-05-21,2019,5,21,8.353841407164088
Bac Lieu,2019-05-22,2019,5,22,16.542159690101194
Bac Lieu,2019-05-23,2019,5,23,0.0874863336671073
Bac Lieu,2019-05-24,2019,5,24,2.1098524722153287
Bac Lieu,2019-05-25,2019,5,25,12.248263760386775
Bac Lieu,2019-05-26,2019,5,26,9.762653893758664
Bac Lieu,2019-05-27,2019,5,27,11.14748207058097
Bac Lieu,2019-05-28,2019,5,28,4.615098228301642
Bac Lieu,2019-05-29,2019,5,29,5.924627381999538
Bac Lieu,2019-05-30,2019,5,30,4.761101108272121
Bac Lieu,2019-05-31,2019,5,31,1.2749355717155173
Bac Lieu,2019-06-01,2019,6,1,0.1424183824107332
Bac Lieu,2019-06-02,2019,6,2,2.740621293985619
Bac Lieu,2019-06-03,2019,6,3,15.081088349720218
Bac Lieu,2019-06-04,2019,6,4,7.869222793273206
Bac Lieu,2019-06-05,2019,6,5,14.988783323180002
Bac Lieu,2019-06-06,2019,6,6,16.205719153458222
Bac Lieu,2019-06-07,2019,6,7,11.575662413417172
Bac Lieu,2019-06-08,2019,6,8,13.855841046621215
Bac Lieu,2019-06-09,2019,6,9,19.41616366458389
Bac Lieu,2019-06-10,2019,6,10,25.50175922994794
Bac Lieu,2019-06-11,2019,6,11,6.059492125079318
Bac Lieu,2019-06-12,2019,6,12,9.499473464893844
Bac Lieu,2019-06-13,2019,6,13,12.318051326877669
Bac Lieu,2019-06-14,2019,6,14,13.403283966946152
Bac Lieu,2019-06-15,2019,6,15,6.981827299378954
Bac Lieu,2019-06-16,2019,6,16,30.81408632940617
Bac Lieu,2019-06-17,2019,6,17,11.565297511820525
Bac Lieu,2019-06-18,2019,6,18,1.996555786474696
Bac Lieu,2019-06-19,2019,6,19,0.3096087733574633
Bac Lieu,2019-06-20,2019,6,20,19.054943979443248
Bac Lieu,2019-06-21,2019,6,21,24.963416473820534
Bac Lieu,2019-06-22,2019,6,22,25.820892057022963
Bac Lieu,2019-06-23,2019,6,23,3.0949806698853117
Bac Lieu,2019-06-24,2019,6,24,4.72564743651984
Bac Lieu,2019-06-25,2019,6,25,16.580908769103715
Bac Lieu,2019-06-26,2019,6,26,9.501877298732976
Bac Lieu,2019-06-27,2019,6,27,0.8040300205518616
Bac Lieu,2019-06-28,2019,6,28,16.918352200778028
Bac Lieu,2019-06-29,2019,6,29,6.586400691986085
Bac Lieu,2019-06-30,2019,6,30,0.779574182402413
Bac Lieu,2019-07-01,2019,7,1,8.700156552350748
Bac Lieu,2019-07-02,2019,7,2,26.06704705925708
Bac Lieu,2019-07-03,2019,7,3,18.18495872659504
Bac Lieu,2019-07-04,2019,7,4,17.616833028739357
Bac Lieu,2019-07-05,2019,7,5,4.05230519487273
Bac Lieu,2019-07-06,2019,7,6,2.4257529576499506
Bac Lieu,2019-07-07,2019,7,7,3.3441183106494408
Bac Lieu,2019-07-08,2019,7,8,0.3489689154714908
Bac Lieu,2019-07-09,2019,7,9,2.866071310682117
Bac Lieu,2019-07-10,2019,7,10,0.0
Bac Lieu,2019-07-11,2019,7,11,3.5664432953168763
Bac Lieu,2019-07-12,2019,7,12,0.0
Bac Lieu,2019-07-13,2019,7,13,2.7113414259316797
Bac Lieu,2019-07-14,2019,7,14,0.0332394453084693
Bac Lieu,2019-07-15,2019,7,15,1.9988902172772391
Bac Lieu,2019-07-16,2019,7,16,17.246753067628397
Bac Lieu,2019-07-17,2019,7,17,12.495961038949355
Bac Lieu,2019-07-18,2019,7,18,2.393631883531247
Bac Lieu,2019-07-19,2019,7,19,3.164446457107112
Bac Lieu,2019-07-20,2019,7,20,3.332823562280188
Bac Lieu,2019-07-21,2019,7,21,0.7640098941191189
Bac Lieu,2019-07-22,2019,7,22,12.723821925109288
Bac Lieu,2019-07-23,2019,7,23,6.471685329671177
Bac Lieu,2019-07-24,2019,7,24,13.104203508898898
Bac Lieu,2019-07-25,2019,7,25,5.187061343283025
Bac Lieu,2019-07-26,2019,7,26,0.0
Bac Lieu,2019-07-27,2019,7,27,6.376286712304602
Bac Lieu,2019-07-28,2019,7,28,12.410981168620992
Bac Lieu,2019-07-29,2019,7,29,9.083643198337196
Bac Lieu,2019-07-30,2019,7,30,6.435992960623976
Bac Lieu,2019-07-31,2019,7,31,10.0139868751202
Bac Lieu,2019-08-01,2019,8,1,22.068048330792845
Bac Lieu,2019-08-02,2019,8,2,36.44336693177133
Bac Lieu,2019-08-03,2019,8,3,10.233700473461512
Bac Lieu,2019-08-04,2019,8,4,26.8395073530809
Bac Lieu,2019-08-05,2019,8,5,31.991000786331472
Bac Lieu,2019-08-06,2019,8,6,25.78534730698928
Bac Lieu,2019-08-07,2019,8,7,7.9196984420632415
Bac Lieu,2019-08-08,2019,8,8,18.500858313578483
Bac Lieu,2019-08-09,2019,8,9,25.689828855118662
Bac Lieu,2019-08-10,2019,8,10,0.0
Bac Lieu,2019-08-11,2019,8,11,0.0899835719342501
Bac Lieu,2019-08-12,2019,8,12,0.0
Bac Lieu,2019-08-13,2019,8,13,0.0
Bac Lieu,2019-08-14,2019,8,14,8.172609912836329
Bac Lieu,2019-08-15,2019,8,15,0.2601178005506407
Bac Lieu,2019-08-16,2019,8,16,0.0812592697053585
Bac Lieu,2019-08-17,2019,8,17,0.0
Bac Lieu,2019-08-18,2019,8,18,0.0
Bac Lieu,2019-08-19,2019,8,19,0.0
Bac Lieu,2019-08-20,2019,8,20,8.152629070497909
Bac Lieu,2019-08-21,2019,8,21,1.6953774035111917
Bac Lieu,2019-08-22,2019,8,22,0.046488467666338
Bac Lieu,2019-08-23,2019,8,23,12.450158363810129
Bac Lieu,2019-08-24,2019,8,24,5.550695774834112
Bac Lieu,2019-08-25,2019,8,25,35.52142122740117
Bac Lieu,2019-08-26,2019,8,26,9.73377140683948
Bac Lieu,2019-08-27,2019,8,27,0.0
Bac Lieu,2019-08-28,2019,8,28,22.376580458191206
Bac Lieu,2019-08-29,2019,8,29,44.79918046152367
Bac Lieu,2019-08-30,2019,8,30,11.741119604434608
Bac Lieu,2019-08-31,2019,8,31,5.278564862611161
Bac Lieu,2019-09-01,2019,9,1,15.49307535678936
Bac Lieu,2019-09-02,2019,9,2,15.335973296381392
Bac Lieu,2019-09-03,2019,9,3,10.392361446308644
Bac Lieu,2019-09-04,2019,9,4,18.616548185852345
Bac Lieu,2019-09-05,2019,9,5,1.5934837654581613
Bac Lieu,2019-09-06,2019,9,6,0.0
Bac Lieu,2019-09-07,2019,9,7,13.347543822792344
Bac Lieu,2019-09-08,2019,9,8,13.600891439113976
Bac Lieu,2019-09-09,2019,9,9,2.6386120424090693
Bac Lieu,2019-09-10,2019,9,10,0.0
Bac Lieu,2019-09-11,2019,9,11,4.675128527011512
Bac Lieu,2019-09-12,2019,9,12,0.0
Bac Lieu,2019-09-13,2019,9,13,29.52974108368497
Bac Lieu,2019-09-14,2019,9,14,26.807007629358544
Bac Lieu,2019-09-15,2019,9,15,13.898761682078526
Bac Lieu,2019-09-16,2019,9,16,19.50868487820536
Bac Lieu,2019-09-17,2019,9,17,12.53518276333359
Bac Lieu,2019-09-18,2019,9,18,11.75152057305822
Bac Lieu,2019-09-19,2019,9,19,0.0
Bac Lieu,2019-09-20,2019,9,20,5.07580115302104
Bac Lieu,2019-09-21,2019,9,21,14.32192120451298
Bac Lieu,2019-09-22,2019,9,22,5.4092331814586
Bac Lieu,2019-09-23,2019,9,23,0.0
Bac Lieu,2019-09-24,2019,9,24,0.0
Bac Lieu,2019-09-25,2019,9,25,0.0
Bac Lieu,2019-09-26,2019,9,26,6.237842626751595
Bac Lieu,2019-09-27,2019,9,27,10.7170351143873
Bac Lieu,2019-09-28,2019,9,28,4.296056008770782
Bac Lieu,2019-09-29,2019,9,29,0.0
Bac Lieu,2019-09-30,2019,9,30,3.430861329339586
Bac Lieu,2019-10-01,2019,10,1,0.0242193019794968
Bac Lieu,2019-10-02,2019,10,2,5.631447528191333
Bac Lieu,2019-10-03,2019,10,3,16.74133965348298
Bac Lieu,2019-10-04,2019,10,4,12.55906575291112
Bac Lieu,2019-10-05,2019,10,5,15.552516027306616
Bac Lieu,2019-10-06,2019,10,6,14.004601946344916
Bac Lieu,2019-10-07,2019,10,7,9.24515675596921
Bac Lieu,2019-10-08,2019,10,8,9.758218131263302
Bac Lieu,2019-10-09,2019,10,9,8.091032256468289
Bac Lieu,2019-10-10,2019,10,10,2.024762890347895
Bac Lieu,2019-10-11,2019,10,11,4.020859802066156
Bac Lieu,2019-10-12,2019,10,12,1.9326521060871629
Bac Lieu,2019-10-13,2019,10,13,5.789163171066429
Bac Lieu,2019-10-14,2019,10,14,9.741445683425328
Bac Lieu,2019-10-15,2019,10,15,3.2328964094305936
Bac Lieu,2019-10-16,2019,10,16,1.0885383634207386
Bac Lieu,2019-10-17,2019,10,17,5.498741238935939
Bac Lieu,2019-10-18,2019,10,18,20.782210841628743
Bac Lieu,2019-10-19,2019,10,19,18.62053321230187
Bac Lieu,2019-10-20,2019,10,20,1.2502078151163067
Bac Lieu,2019-10-21,2019,10,21,1.9691156817022364
Bac Lieu,2019-10-22,2019,10,22,9.097599032006173
Bac Lieu,2019-10-23,2019,10,23,1.248240413557809
Bac Lieu,2019-10-24,2019,10,24,0.1583373738234898
Bac Lieu,2019-10-25,2019,10,25,0.0
Bac Lieu,2019-10-26,2019,10,26,1.5037701951332814
Bac Lieu,2019-10-27,2019,10,27,6.246808997496119
Bac Lieu,2019-10-28,2019,10,28,9.219234508496411
Bac Lieu,2019-10-29,2019,10,29,8.80128690894145
Bac Lieu,2019-10-30,2019,10,30,0.0128801373895609
Bac Lieu,2019-10-31,2019,10,31,7.228691707755035
Bac Lieu,2019-11-01,2019,11,1,12.902376801256862
Bac Lieu,2019-11-02,2019,11,2,6.04531969833374
Bac Lieu,2019-11-03,2019,11,3,22.690879149778837
Bac Lieu,2019-11-04,2019,11,4,2.415949358418303
Bac Lieu,2019-11-05,2019,11,5,3.669616022325912
Bac Lieu,2019-11-06,2019,11,6,38.73683815556653
Bac Lieu,2019-11-07,2019,11,7,0.0
Bac Lieu,2019-11-08,2019,11,8,5.919585479376452
Bac Lieu,2019-11-09,2019,11,9,1.345435782342587
Bac Lieu,2019-11-10,2019,11,10,16.024778820541673
Bac Lieu,2019-11-11,2019,11,11,0.3664222420521502
Bac Lieu,2019-11-12,2019,11,12,0.320043305373979
Bac Lieu,2019-11-13,2019,11,13,2.5860339442469047
Bac Lieu,2019-11-14,2019,11,14,3.534492331252907
Bac Lieu,2019-11-15,2019,11,15,0.0952872652997667
Bac Lieu,2019-11-16,2019,11,16,0.0
Bac Lieu,2019-11-17,2019,11,17,0.0
Bac Lieu,2019-11-18,2019,11,18,0.0
Bac Lieu,2019-11-19,2019,11,19,3.9817318232914185
Bac Lieu,2019-11-20,2019,11,20,0.0
Bac Lieu,2019-11-21,2019,11,21,0.0
Bac Lieu,2019-11-22,2019,11,22,0.0
Bac Lieu,2019-11-23,2019,11,23,0.3612246382011558
Bac Lieu,2019-11-24,2019,11,24,0.299524456635961
Bac Lieu,2019-11-25,2019,11,25,1.9164890953279887
Bac Lieu,2019-11-26,2019,11,26,3.999674692675753
Bac Lieu,2019-11-27,2019,11,27,0.0364714758666056
Bac Lieu,2019-11-28,2019,11,28,0.0
Bac Lieu,2019-11-29,2019,11,29,0.2549453173493439
Bac Lieu,2019-11-30,2019,11,30,0.0
Bac Lieu,2019-12-01,2019,12,1,0.0796982953773354
Bac Lieu,2019-12-02,2019,12,2,4.295865240079052
Bac Lieu,2019-12-03,2019,12,3,0.0
Bac Lieu,2019-12-04,2019,12,4,0.6504502532167257
Bac Lieu,2019-12-05,2019,12,5,0.0
Bac Lieu,2019-12-06,2019,12,6,0.0253619651074679
Bac Lieu,2019-12-07,2019,12,7,0.6416817064015372
Bac Lieu,2019-12-08,2019,12,8,0.0
Bac Lieu,2019-12-09,2019,12,9,0.0
Bac Lieu,2019-12-10,2019,12,10,0.0
Bac Lieu,2019-12-11,2019,12,11,0.0
Bac Lieu,2019-12-12,2019,12,12,0.0500345306756361
Bac Lieu,2019-12-13,2019,12,13,2.008156924454671
Bac Lieu,2019-12-14,2019,12,14,0.0
Bac Lieu,2019-12-15,2019,12,15,0.0
Bac Lieu,2019-12-16,2019,12,16,0.0
Bac Lieu,2019-12-17,2019,12,17,0.1435084506340747
Bac Lieu,2019-12-18,2019,12,18,0.4279921966408784
Bac Lieu,2019-12-19,2019,12,19,0.0
Bac Lieu,2019-12-20,2019,12,20,0.0
Bac Lieu,2019-12-21,2019,12,21,0.0
Bac Lieu,2019-12-22,2019,12,22,0.0
Bac Lieu,2019-12-23,2019,12,23,0.0
Bac Lieu,2019-12-24,2019,12,24,3.267184492327133
Bac Lieu,2019-12-25,2019,12,25,0.0
Bac Lieu,2019-12-26,2019,12,26,0.0
Bac Lieu,2019-12-27,2019,12,27,0.0
Bac Lieu,2019-12-28,2019,12,28,1.3342859561488318
Bac Lieu,2019-12-29,2019,12,29,0.0
Bac Lieu,2019-12-30,2019,12,30,0.4872067653008228
Bac Lieu,2019-12-31,2019,12,31,5.569856982680988
Bac Lieu,2020-01-01,2020,1,1,0.0
Bac Lieu,2020-01-02,2020,1,2,0.0
Bac Lieu,2020-01-03,2020,1,3,0.0131646673814305
Bac Lieu,2020-01-04,2020,1,4,0.0
Bac Lieu,2020-01-05,2020,1,5,2.0375920858383183
Bac Lieu,2020-01-06,2020,1,6,0.0
Bac Lieu,2020-01-07,2020,1,7,0.0
Bac Lieu,2020-01-08,2020,1,8,0.0
Bac Lieu,2020-01-09,2020,1,9,0.0
Bac Lieu,2020-01-10,2020,1,10,0.0
Bac Lieu,2020-01-11,2020,1,11,0.1474046164458653
Bac Lieu,2020-01-12,2020,1,12,0.7334283558017803
Bac Lieu,2020-01-13,2020,1,13,0.0
Bac Lieu,2020-01-14,2020,1,14,0.0
Bac Lieu,2020-01-15,2020,1,15,0.0
Bac Lieu,2020-01-16,2020,1,16,0.0
Bac Lieu,2020-01-17,2020,1,17,0.0
Bac Lieu,2020-01-18,2020,1,18,0.0
Bac Lieu,2020-01-19,2020,1,19,0.0
Bac Lieu,2020-01-20,2020,1,20,0.0
Bac Lieu,2020-01-21,2020,1,21,0.0
Bac Lieu,2020-01-22,2020,1,22,0.0
Bac Lieu,2020-01-23,2020,1,23,0.0
Bac Lieu,2020-01-24,2020,1,24,0.0
Bac Lieu,2020-01-25,2020,1,25,0.912822838045516
Bac Lieu,2020-01-26,2020,1,26,0.0
Bac Lieu,2020-01-27,2020,1,27,0.0
Bac Lieu,2020-01-28,2020,1,28,0.0
Bac Lieu,2020-01-29,2020,1,29,0.0
Bac Lieu,2020-01-30,2020,1,30,1.102090156528185
Bac Lieu,2020-01-31,2020,1,31,0.0
Bac Lieu,2020-02-01,2020,2,1,0.2563997992209668
Bac Lieu,2020-02-02,2020,2,2,0.0
Bac Lieu,2020-02-03,2020,2,3,0.0
Bac Lieu,2020-02-04,2020,2,4,0.0
Bac Lieu,2020-02-05,2020,2,5,0.0
Bac Lieu,2020-02-06,2020,2,6,0.0
Bac Lieu,2020-02-07,2020,2,7,0.0
Bac Lieu,2020-02-08,2020,2,8,0.1036434209796618
Bac Lieu,2020-02-09,2020,2,9,0.0
Bac Lieu,2020-02-10,2020,2,10,0.0082050291997081
Bac Lieu,2020-02-11,2020,2,11,0.0
Bac Lieu,2020-02-12,2020,2,12,0.0
Bac Lieu,2020-02-13,2020,2,13,0.0
Bac Lieu,2020-02-14,2020,2,14,0.0
Bac Lieu,2020-02-15,2020,2,15,0.0
Bac Lieu,2020-02-16,2020,2,16,0.0
Bac Lieu,2020-02-17,2020,2,17,0.1046776714954736
Bac Lieu,2020-02-18,2020,2,18,0.0
Bac Lieu,2020-02-19,2020,2,19,0.0
Bac Lieu,2020-02-20,2020,2,20,0.0
Bac Lieu,2020-02-21,2020,2,21,0.0
Bac Lieu,2020-02-22,2020,2,22,0.0
Bac Lieu,2020-02-23,2020,2,23,0.0
Bac Lieu,2020-02-24,2020,2,24,0.0
Bac Lieu,2020-02-25,2020,2,25,0.010109184346109
Bac Lieu,2020-02-26,2020,2,26,0.0
Bac Lieu,2020-02-27,2020,2,27,0.0
Bac Lieu,2020-02-28,2020,2,28,0.0
Bac Lieu,2020-02-29,2020,2,29,0.2228089637396471
Bac Lieu,2020-03-01,2020,3,1,0.0
Bac Lieu,2020-03-02,2020,3,2,2.555035498466132
Bac Lieu,2020-03-03,2020,3,3,0.0
Bac Lieu,2020-03-04,2020,3,4,0.9423994380932934
Bac Lieu,2020-03-05,2020,3,5,0.9039052483360724
Bac Lieu,2020-03-06,2020,3,6,0.0
Bac Lieu,2020-03-07,2020,3,7,0.0
Bac Lieu,2020-03-08,2020,3,8,1.1200227746783564
Bac Lieu,2020-03-09,2020,3,9,0.0
Bac Lieu,2020-03-10,2020,3,10,4.294703340557387
Bac Lieu,2020-03-11,2020,3,11,3.603251719897648
Bac Lieu,2020-03-12,2020,3,12,0.0
Bac Lieu,2020-03-13,2020,3,13,0.0
Bac Lieu,2020-03-14,2020,3,14,0.0
Bac Lieu,2020-03-15,2020,3,15,0.0
Bac Lieu,2020-03-16,2020,3,16,0.0
Bac Lieu,2020-03-17,2020,3,17,0.0
Bac Lieu,2020-03-18,2020,3,18,0.0027661518060936
Bac Lieu,2020-03-19,2020,3,19,0.0
Bac Lieu,2020-03-20,2020,3,20,0.0
Bac Lieu,2020-03-21,2020,3,21,0.0
Bac Lieu,2020-03-22,2020,3,22,0.0
Bac Lieu,2020-03-23,2020,3,23,0.0
Bac Lieu,2020-03-24,2020,3,24,0.0
Bac Lieu,2020-03-25,2020,3,25,0.0
Bac Lieu,2020-03-26,2020,3,26,0.0
Bac Lieu,2020-03-27,2020,3,27,0.0
Bac Lieu,2020-03-28,2020,3,28,0.0
Bac Lieu,2020-03-29,2020,3,29,0.0
Bac Lieu,2020-03-30,2020,3,30,0.2004863029695907
Bac Lieu,2020-03-31,2020,3,31,0.0
Bac Lieu,2020-04-01,2020,4,1,0.0
Bac Lieu,2020-04-02,2020,4,2,0.0
Bac Lieu,2020-04-03,2020,4,3,0.0
Bac Lieu,2020-04-04,2020,4,4,0.0
Bac Lieu,2020-04-05,2020,4,5,0.0
Bac Lieu,2020-04-06,2020,4,6,0.0
Bac Lieu,2020-04-07,2020,4,7,0.0
Bac Lieu,2020-04-08,2020,4,8,0.0
Bac Lieu,2020-04-09,2020,4,9,0.0
Bac Lieu,2020-04-10,2020,4,10,0.0
Bac Lieu,2020-04-11,2020,4,11,0.0
Bac Lieu,2020-04-12,2020,4,12,18.049775383643382
Bac Lieu,2020-04-13,2020,4,13,18.66177456089236
Bac Lieu,2020-04-14,2020,4,14,0.0
Bac Lieu,2020-04-15,2020,4,15,0.0
Bac Lieu,2020-04-16,2020,4,16,0.0
Bac Lieu,2020-04-17,2020,4,17,0.0
Bac Lieu,2020-04-18,2020,4,18,0.0
Bac Lieu,2020-04-19,2020,4,19,0.0
Bac Lieu,2020-04-20,2020,4,20,0.0
Bac Lieu,2020-04-21,2020,4,21,0.0
Bac Lieu,2020-04-22,2020,4,22,0.0
Bac Lieu,2020-04-23,2020,4,23,0.0
Bac Lieu,2020-04-24,2020,4,24,4.554568377418339
Bac Lieu,2020-04-25,2020,4,25,0.4129262283883005
Bac Lieu,2020-04-26,2020,4,26,4.005848616663016
Bac Lieu,2020-04-27,2020,4,27,2.848501400416753
Bac Lieu,2020-04-28,2020,4,28,1.74282867708746
Bac Lieu,2020-04-29,2020,4,29,0.0
Bac Lieu,2020-04-30,2020,4,30,0.0
Bac Lieu,2020-05-01,2020,5,1,0.0
Bac Lieu,2020-05-02,2020,5,2,0.0
Bac Lieu,2020-05-03,2020,5,3,0.0
Bac Lieu,2020-05-04,2020,5,4,0.0268816596157146
Bac Lieu,2020-05-05,2020,5,5,3.3888242754486364
Bac Lieu,2020-05-06,2020,5,6,0.0
Bac Lieu,2020-05-07,2020,5,7,0.0
Bac Lieu,2020-05-08,2020,5,8,0.0
Bac Lieu,2020-05-09,2020,5,9,0.0
Bac Lieu,2020-05-10,2020,5,10,0.0
Bac Lieu,2020-05-11,2020,5,11,0.2469433958215534
Bac Lieu,2020-05-12,2020,5,12,1.0918093514172538
Bac Lieu,2020-05-13,2020,5,13,0.9870810619210298
Bac Lieu,2020-05-14,2020,5,14,7.046758569807376
Bac Lieu,2020-05-15,2020,5,15,2.149603248065373
Bac Lieu,2020-05-16,2020,5,16,1.8560939059527424
Bac Lieu,2020-05-17,2020,5,17,3.57234459101479
Bac Lieu,2020-05-18,2020,5,18,4.797852046048867
Bac Lieu,2020-05-19,2020,5,19,14.741351503876023
Bac Lieu,2020-05-20,2020,5,20,9.593942565414142
Bac Lieu,2020-05-21,2020,5,21,2.7064474672776355
Bac Lieu,2020-05-22,2020,5,22,3.4403212246894834
Bac Lieu,2020-05-23,2020,5,23,9.555660865567765
Bac Lieu,2020-05-24,2020,5,24,7.368646786959667
Bac Lieu,2020-05-25,2020,5,25,1.0046280842929518
Bac Lieu,2020-05-26,2020,5,26,0.0
Bac Lieu,2020-05-27,2020,5,27,1.913517014278556
Bac Lieu,2020-05-28,2020,5,28,9.789487726742369
Bac Lieu,2020-05-29,2020,5,29,7.691630650538319
Bac Lieu,2020-05-30,2020,5,30,6.582712432807347
Bac Lieu,2020-05-31,2020,5,31,7.4635687649564915
Bac Lieu,2020-06-01,2020,6,1,16.889799599629526
Bac Lieu,2020-06-02,2020,6,2,9.838786878261926
Bac Lieu,2020-06-03,2020,6,3,3.884438429652521
Bac Lieu,2020-06-04,2020,6,4,10.832812593819964
Bac Lieu,2020-06-05,2020,6,5,14.331586500203834
Bac Lieu,2020-06-06,2020,6,6,0.0087596893130608
Bac Lieu,2020-06-07,2020,6,7,4.585201160934736
Bac Lieu,2020-06-08,2020,6,8,4.780128362367738
Bac Lieu,2020-06-09,2020,6,9,12.398842748857897
Bac Lieu,2020-06-10,2020,6,10,13.888808365084092
Bac Lieu,2020-06-11,2020,6,11,4.688140099642414
Bac Lieu,2020-06-12,2020,6,12,17.73379925688258
Bac Lieu,2020-06-13,2020,6,13,29.356864027347207
Bac Lieu,2020-06-14,2020,6,14,22.835408161595183
Bac Lieu,2020-06-15,2020,6,15,12.319535228981165
Bac Lieu,2020-06-16,2020,6,16,12.809697241513238
Bac Lieu,2020-06-17,2020,6,17,1.500891578440397
Bac Lieu,2020-06-18,2020,6,18,5.922504146629911
Bac Lieu,2020-06-19,2020,6,19,10.557234303942268
Bac Lieu,2020-06-20,2020,6,20,31.00912824666726
Bac Lieu,2020-06-21,2020,6,21,5.823329429302577
Bac Lieu,2020-06-22,2020,6,22,1.792366690797626
Bac Lieu,2020-06-23,2020,6,23,0.3922945818901062
Bac Lieu,2020-06-24,2020,6,24,4.017385993012843
Bac Lieu,2020-06-25,2020,6,25,8.89831688907911
Bac Lieu,2020-06-26,2020,6,26,10.452064627881322
Bac Lieu,2020-06-27,2020,6,27,10.518093282519647
Bac Lieu,2020-06-28,2020,6,28,19.218157509857758
Bac Lieu,2020-06-29,2020,6,29,14.293463280371904
Bac Lieu,2020-06-30,2020,6,30,11.803536539887483
Bac Lieu,2020-07-01,2020,7,1,4.3209118152654415
Bac Lieu,2020-07-02,2020,7,2,20.6726315290703
Bac Lieu,2020-07-03,2020,7,3,1.9665303578286808
Bac Lieu,2020-07-04,2020,7,4,0.0
Bac Lieu,2020-07-05,2020,7,5,7.3422940052860195
Bac Lieu,2020-07-06,2020,7,6,10.96785176959128
Bac Lieu,2020-07-07,2020,7,7,0.0
Bac Lieu,2020-07-08,2020,7,8,2.407035786970607
Bac Lieu,2020-07-09,2020,7,9,1.617563223272
Bac Lieu,2020-07-10,2020,7,10,10.086207985023282
Bac Lieu,2020-07-11,2020,7,11,7.28606870827585
Bac Lieu,2020-07-12,2020,7,12,11.717292955551503
Bac Lieu,2020-07-13,2020,7,13,7.516482956607388
Bac Lieu,2020-07-14,2020,7,14,9.764913713689118
Bac Lieu,2020-07-15,2020,7,15,9.002752691412873
Bac Lieu,2020-07-16,2020,7,16,1.7916676365620687
Bac Lieu,2020-07-17,2020,7,17,1.1144522935956158
Bac Lieu,2020-07-18,2020,7,18,0.8019654554938369
Bac Lieu,2020-07-19,2020,7,19,1.0604740723995671
Bac Lieu,2020-07-20,2020,7,20,1.6290073268132386
Bac Lieu,2020-07-21,2020,7,21,1.7999544697077772
Bac Lieu,2020-07-22,2020,7,22,0.503833886578398
Bac Lieu,2020-07-23,2020,7,23,2.281602027164316
Bac Lieu,2020-07-24,2020,7,24,12.67211529488834
Bac Lieu,2020-07-25,2020,7,25,1.7877964715957646
Bac Lieu,2020-07-26,2020,7,26,1.341452950234683
Bac Lieu,2020-07-27,2020,7,27,3.1199571710352627
Bac Lieu,2020-07-28,2020,7,28,1.6821290423915072
Bac Lieu,2020-07-29,2020,7,29,16.336532209468338
Bac Lieu,2020-07-30,2020,7,30,17.529719248285833
Bac Lieu,2020-07-31,2020,7,31,19.44861354100929
Bac Lieu,2020-08-01,2020,8,1,37.29121990383796
Bac Lieu,2020-08-02,2020,8,2,27.782427242423008
Bac Lieu,2020-08-03,2020,8,3,23.485363129849706
Bac Lieu,2020-08-04,2020,8,4,0.6315400976145044
Bac Lieu,2020-08-05,2020,8,5,34.37140240356158
Bac Lieu,2020-08-06,2020,8,6,34.55182854245744
Bac Lieu,2020-08-07,2020,8,7,0.0
Bac Lieu,2020-08-08,2020,8,8,0.4062484691727837
Bac Lieu,2020-08-09,2020,8,9,0.7695740474305064
Bac Lieu,2020-08-10,2020,8,10,0.2138811836242676
Bac Lieu,2020-08-11,2020,8,11,5.0068852764345575
Bac Lieu,2020-08-12,2020,8,12,4.591152591651342
Bac Lieu,2020-08-13,2020,8,13,9.278386271242828
Bac Lieu,2020-08-14,2020,8,14,6.147903378126757
Bac Lieu,2020-08-15,2020,8,15,5.147096254951549
Bac Lieu,2020-08-16,2020,8,16,12.361335577370989
Bac Lieu,2020-08-17,2020,8,17,5.769710470253568
Bac Lieu,2020-08-18,2020,8,18,13.399482302539756
Bac Lieu,2020-08-19,2020,8,19,11.426298371944789
Bac Lieu,2020-08-20,2020,8,20,6.148935291200314
Bac Lieu,2020-08-21,2020,8,21,3.6131237283292807
Bac Lieu,2020-08-22,2020,8,22,0.2051967351751507
Bac Lieu,2020-08-23,2020,8,23,0.4906844037703749
Bac Lieu,2020-08-24,2020,8,24,0.3854311847596799
Bac Lieu,2020-08-25,2020,8,25,1.1796266181064103
Bac Lieu,2020-08-26,2020,8,26,2.324979936149885
Bac Lieu,2020-08-27,2020,8,27,0.0
Bac Lieu,2020-08-28,2020,8,28,0.0
Bac Lieu,2020-08-29,2020,8,29,11.858705098602009
Bac Lieu,2020-08-30,2020,8,30,0.2918907404665677
Bac Lieu,2020-08-31,2020,8,31,0.0
Bac Lieu,2020-09-01,2020,9,1,3.578787405625829
Bac Lieu,2020-09-02,2020,9,2,9.39710900745752
Bac Lieu,2020-09-03,2020,9,3,0.3309766062430616
Bac Lieu,2020-09-04,2020,9,4,0.0766884588745405
Bac Lieu,2020-09-05,2020,9,5,2.9993937164702507
Bac Lieu,2020-09-06,2020,9,6,9.30297001048754
Bac Lieu,2020-09-07,2020,9,7,0.2778475841126352
Bac Lieu,2020-09-08,2020,9,8,3.57466673579306
Bac Lieu,2020-09-09,2020,9,9,24.9429714691594
Bac Lieu,2020-09-10,2020,9,10,12.17686061654001
Bac Lieu,2020-09-11,2020,9,11,18.18676106530316
Bac Lieu,2020-09-12,2020,9,12,15.597037312147757
Bac Lieu,2020-09-13,2020,9,13,26.634474464272557
Bac Lieu,2020-09-14,2020,9,14,27.229213465960523
Bac Lieu,2020-09-15,2020,9,15,16.06132221612391
Bac Lieu,2020-09-16,2020,9,16,12.03256068783886
Bac Lieu,2020-09-17,2020,9,17,38.12326371102963
Bac Lieu,2020-09-18,2020,9,18,52.55909624135719
Bac Lieu,2020-09-19,2020,9,19,5.635921812210444
Bac Lieu,2020-09-20,2020,9,20,4.1158653767558775
Bac Lieu,2020-09-21,2020,9,21,0.0
Bac Lieu,2020-09-22,2020,9,22,23.06617008079673
Bac Lieu,2020-09-23,2020,9,23,11.152128876056311
Bac Lieu,2020-09-24,2020,9,24,8.737202060969372
Bac Lieu,2020-09-25,2020,9,25,15.31541136095659
Bac Lieu,2020-09-26,2020,9,26,20.43706510205539
Bac Lieu,2020-09-27,2020,9,27,64.98295847550878
Bac Lieu,2020-09-28,2020,9,28,49.71809042207251
Bac Lieu,2020-09-29,2020,9,29,18.831042130128395
Bac Lieu,2020-09-30,2020,9,30,0.0
Bac Lieu,2020-10-01,2020,10,1,12.784617093590072
Bac Lieu,2020-10-02,2020,10,2,16.036817792604552
Bac Lieu,2020-10-03,2020,10,3,0.0439746457585748
Bac Lieu,2020-10-04,2020,10,4,8.434735298282698
Bac Lieu,2020-10-05,2020,10,5,26.95954142336576
Bac Lieu,2020-10-06,2020,10,6,13.350143577431734
Bac Lieu,2020-10-07,2020,10,7,5.717997108999289
Bac Lieu,2020-10-08,2020,10,8,10.190542175328956
Bac Lieu,2020-10-09,2020,10,9,27.475492359593236
Bac Lieu,2020-10-10,2020,10,10,26.582238199557903
Bac Lieu,2020-10-11,2020,10,11,32.19737743966086
Bac Lieu,2020-10-12,2020,10,12,26.20663813159151
Bac Lieu,2020-10-13,2020,10,13,36.32145568689311
Bac Lieu,2020-10-14,2020,10,14,38.10382822439807
Bac Lieu,2020-10-15,2020,10,15,30.62666017849041
Bac Lieu,2020-10-16,2020,10,16,22.98823413910057
Bac Lieu,2020-10-17,2020,10,17,15.175106767438496
Bac Lieu,2020-10-18,2020,10,18,36.90009102357109
Bac Lieu,2020-10-19,2020,10,19,0.1805809354602166
Bac Lieu,2020-10-20,2020,10,20,1.2711321176492945
Bac Lieu,2020-10-21,2020,10,21,31.27849893929824
Bac Lieu,2020-10-22,2020,10,22,16.430344738258512
Bac Lieu,2020-10-23,2020,10,23,4.68276716764918
Bac Lieu,2020-10-24,2020,10,24,7.115603379789389
Bac Lieu,2020-10-25,2020,10,25,7.613856841897067
Bac Lieu,2020-10-26,2020,10,26,2.944970223885663
Bac Lieu,2020-10-27,2020,10,27,3.204561249885919
Bac Lieu,2020-10-28,2020,10,28,7.753017296413208
Bac Lieu,2020-10-29,2020,10,29,7.564806177319221
Bac Lieu,2020-10-30,2020,10,30,8.318814057134235
Bac Lieu,2020-10-31,2020,10,31,12.155059434386922
Bac Lieu,2020-11-01,2020,11,1,32.73634097106503
Bac Lieu,2020-11-02,2020,11,2,0.631077178739152
Bac Lieu,2020-11-03,2020,11,3,0.0
Bac Lieu,2020-11-04,2020,11,4,15.065116050072442
Bac Lieu,2020-11-05,2020,11,5,0.0
Bac Lieu,2020-11-06,2020,11,6,11.289914489350233
Bac Lieu,2020-11-07,2020,11,7,2.6036445829823336
Bac Lieu,2020-11-08,2020,11,8,10.264776998357952
Bac Lieu,2020-11-09,2020,11,9,0.000702278569059552
Bac Lieu,2020-11-10,2020,11,10,0.0
Bac Lieu,2020-11-11,2020,11,11,0.0
Bac Lieu,2020-11-12,2020,11,12,0.0
Bac Lieu,2020-11-13,2020,11,13,0.3650630060051971
Bac Lieu,2020-11-14,2020,11,14,0.0
Bac Lieu,2020-11-15,2020,11,15,0.0
Bac Lieu,2020-11-16,2020,11,16,0.0
Bac Lieu,2020-11-17,2020,11,17,0.0
Bac Lieu,2020-11-18,2020,11,18,0.0
Bac Lieu,2020-11-19,2020,11,19,5.855714557755668
Bac Lieu,2020-11-20,2020,11,20,0.6895165084622943
Bac Lieu,2020-11-21,2020,11,21,2.721190045572677
Bac Lieu,2020-11-22,2020,11,22,0.0603604891974971
Bac Lieu,2020-11-23,2020,11,23,13.162156765595922
Bac Lieu,2020-11-24,2020,11,24,0.0
Bac Lieu,2020-11-25,2020,11,25,8.96028148528765
Bac Lieu,2020-11-26,2020,11,26,0.0
Bac Lieu,2020-11-27,2020,11,27,0.0
Bac Lieu,2020-11-28,2020,11,28,25.071095792554463
Bac Lieu,2020-11-29,2020,11,29,8.112955447610817
Bac Lieu,2020-11-30,2020,11,30,0.382421280842907
Bac Lieu,2020-12-01,2020,12,1,0.2407962665917739
Bac Lieu,2020-12-02,2020,12,2,0.0
Bac Lieu,2020-12-03,2020,12,3,0.0
Bac Lieu,2020-12-04,2020,12,4,0.0
Bac Lieu,2020-12-05,2020,12,5,0.97146262975009
Bac Lieu,2020-12-06,2020,12,6,0.0
Bac Lieu,2020-12-07,2020,12,7,0.6008910853547871
Bac Lieu,2020-12-08,2020,12,8,0.2639717104884814
Bac Lieu,2020-12-09,2020,12,9,0.0
Bac Lieu,2020-12-10,2020,12,10,0.3134930621677975
Bac Lieu,2020-12-11,2020,12,11,5.780095611869164
Bac Lieu,2020-12-12,2020,12,12,0.9225778573414066
Bac Lieu,2020-12-13,2020,12,13,0.0
Bac Lieu,2020-12-14,2020,12,14,2.840141471966258
Bac Lieu,2020-12-15,2020,12,15,1.1869043789899576
Bac Lieu,2020-12-16,2020,12,16,0.0
Bac Lieu,2020-12-17,2020,12,17,0.0
Bac Lieu,2020-12-18,2020,12,18,4.789892264240193
Bac Lieu,2020-12-19,2020,12,19,4.103502115825437
Bac Lieu,2020-12-20,2020,12,20,0.2274055237320234
Bac Lieu,2020-12-21,2020,12,21,0.0672898479587627
Bac Lieu,2020-12-22,2020,12,22,9.635384135462202
Bac Lieu,2020-12-23,2020,12,23,16.768145011865865
Bac Lieu,2020-12-24,2020,12,24,0.0
Bac Lieu,2020-12-25,2020,12,25,0.0
Bac Lieu,2020-12-26,2020,12,26,0.0
Bac Lieu,2020-12-27,2020,12,27,0.6771210781088417
Bac Lieu,2020-12-28,2020,12,28,0.0
Bac Lieu,2020-12-29,2020,12,29,0.1595929128988734
Bac Lieu,2020-12-30,2020,12,30,4.875033344948068
Bac Lieu,2020-12-31,2020,12,31,0.0
Bac Lieu,2021-01-01,2021,1,1,0.0
Bac Lieu,2021-01-02,2021,1,2,0.0
Bac Lieu,2021-01-03,2021,1,3,2.3073501471483486
Bac Lieu,2021-01-04,2021,1,4,0.5008546754189258
Bac Lieu,2021-01-05,2021,1,5,1.470711218653985
Bac Lieu,2021-01-06,2021,1,6,0.6828033309702605
Bac Lieu,2021-01-07,2021,1,7,0.0
Bac Lieu,2021-01-08,2021,1,8,1.6328716032437562
Bac Lieu,2021-01-09,2021,1,9,0.0
Bac Lieu,2021-01-10,2021,1,10,0.0
Bac Lieu,2021-01-11,2021,1,11,0.0011699749838631
Bac Lieu,2021-01-12,2021,1,12,0.0
Bac Lieu,2021-01-13,2021,1,13,0.0
Bac Lieu,2021-01-14,2021,1,14,0.0125404838481039
Bac Lieu,2021-01-15,2021,1,15,0.0
Bac Lieu,2021-01-16,2021,1,16,0.1041675936928335
Bac Lieu,2021-01-17,2021,1,17,0.6150325629756136
Bac Lieu,2021-01-18,2021,1,18,0.0
Bac Lieu,2021-01-19,2021,1,19,0.2878945356528714
Bac Lieu,2021-01-20,2021,1,20,0.4847110027839553
Bac Lieu,2021-01-21,2021,1,21,0.9405188930866856
Bac Lieu,2021-01-22,2021,1,22,0.0272736688829817
Bac Lieu,2021-01-23,2021,1,23,0.0
Bac Lieu,2021-01-24,2021,1,24,0.0
Bac Lieu,2021-01-25,2021,1,25,0.0
Bac Lieu,2021-01-26,2021,1,26,0.0
Bac Lieu,2021-01-27,2021,1,27,0.0
Bac Lieu,2021-01-28,2021,1,28,0.0
Bac Lieu,2021-01-29,2021,1,29,0.0
Bac Lieu,2021-01-30,2021,1,30,0.0
Bac Lieu,2021-01-31,2021,1,31,0.0
Bac Lieu,2021-02-01,2021,2,1,0.0027548154884914
Bac Lieu,2021-02-02,2021,2,2,0.0
Bac Lieu,2021-02-03,2021,2,3,0.0
Bac Lieu,2021-02-04,2021,2,4,0.0
Bac Lieu,2021-02-05,2021,2,5,0.0
Bac Lieu,2021-02-06,2021,2,6,0.0
Bac Lieu,2021-02-07,2021,2,7,0.0
Bac Lieu,2021-02-08,2021,2,8,0.0
Bac Lieu,2021-02-09,2021,2,9,0.0
Bac Lieu,2021-02-10,2021,2,10,0.0
Bac Lieu,2021-02-11,2021,2,11,0.1841818755077866
Bac Lieu,2021-02-12,2021,2,12,0.0
Bac Lieu,2021-02-13,2021,2,13,0.0
Bac Lieu,2021-02-14,2021,2,14,0.0
Bac Lieu,2021-02-15,2021,2,15,0.0
Bac Lieu,2021-02-16,2021,2,16,0.0
Bac Lieu,2021-02-17,2021,2,17,0.0
Bac Lieu,2021-02-18,2021,2,18,0.0
Bac Lieu,2021-02-19,2021,2,19,0.0
Bac Lieu,2021-02-20,2021,2,20,0.0
Bac Lieu,2021-02-21,2021,2,21,0.0
Bac Lieu,2021-02-22,2021,2,22,0.0
Bac Lieu,2021-02-23,2021,2,23,0.0
Bac Lieu,2021-02-24,2021,2,24,0.0
Bac Lieu,2021-02-25,2021,2,25,4.432859464375478
Bac Lieu,2021-02-26,2021,2,26,0.0
Bac Lieu,2021-02-27,2021,2,27,0.0
Bac Lieu,2021-02-28,2021,2,28,3.3727587558818315
Bac Lieu,2021-03-01,2021,3,1,0.0144288060530176
Bac Lieu,2021-03-02,2021,3,2,0.0
Bac Lieu,2021-03-03,2021,3,3,0.0
Bac Lieu,2021-03-04,2021,3,4,0.0
Bac Lieu,2021-03-05,2021,3,5,0.0
Bac Lieu,2021-03-06,2021,3,6,0.0
Bac Lieu,2021-03-07,2021,3,7,0.0
Bac Lieu,2021-03-08,2021,3,8,0.0
Bac Lieu,2021-03-09,2021,3,9,0.0530624818801879
Bac Lieu,2021-03-10,2021,3,10,0.6141314503561777
Bac Lieu,2021-03-11,2021,3,11,0.0
Bac Lieu,2021-03-12,2021,3,12,0.0
Bac Lieu,2021-03-13,2021,3,13,0.0
Bac Lieu,2021-03-14,2021,3,14,0.0
Bac Lieu,2021-03-15,2021,3,15,0.0
Bac Lieu,2021-03-16,2021,3,16,0.0
Bac Lieu,2021-03-17,2021,3,17,0.0
Bac Lieu,2021-03-18,2021,3,18,0.0
Bac Lieu,2021-03-19,2021,3,19,0.0
Bac Lieu,2021-03-20,2021,3,20,0.0
Bac Lieu,2021-03-21,2021,3,21,0.0
Bac Lieu,2021-03-22,2021,3,22,0.0
Bac Lieu,2021-03-23,2021,3,23,1.175680132996361
Bac Lieu,2021-03-24,2021,3,24,0.2426588059821219
Bac Lieu,2021-03-25,2021,3,25,0.0360974436615997
Bac Lieu,2021-03-26,2021,3,26,12.07462655286969
Bac Lieu,2021-03-27,2021,3,27,1.9106191937338637
Bac Lieu,2021-03-28,2021,3,28,0.1519010115569492
Bac Lieu,2021-03-29,2021,3,29,0.0
Bac Lieu,2021-03-30,2021,3,30,0.0432488920103828
Bac Lieu,2021-03-31,2021,3,31,0.0
Bac Lieu,2021-04-01,2021,4,1,0.0
Bac Lieu,2021-04-02,2021,4,2,0.0535792650636637
Bac Lieu,2021-04-03,2021,4,3,1.5422474535906092
Bac Lieu,2021-04-04,2021,4,4,13.62064399024676
Bac Lieu,2021-04-05,2021,4,5,0.0
Bac Lieu,2021-04-06,2021,4,6,0.0
Bac Lieu,2021-04-07,2021,4,7,0.0
Bac Lieu,2021-04-08,2021,4,8,0.0
Bac Lieu,2021-04-09,2021,4,9,0.0
Bac Lieu,2021-04-10,2021,4,10,0.0
Bac Lieu,2021-04-11,2021,4,11,0.0
Bac Lieu,2021-04-12,2021,4,12,0.0
Bac Lieu,2021-04-13,2021,4,13,0.0
Bac Lieu,2021-04-14,2021,4,14,4.628055815930637
Bac Lieu,2021-04-15,2021,4,15,6.387781205159313
Bac Lieu,2021-04-16,2021,4,16,21.06279449761589
Bac Lieu,2021-04-17,2021,4,17,2.896703404606514
Bac Lieu,2021-04-18,2021,4,18,12.074872226049315
Bac Lieu,2021-04-19,2021,4,19,12.398674852965016
Bac Lieu,2021-04-20,2021,4,20,3.907788494757886
Bac Lieu,2021-04-21,2021,4,21,16.482123157429246
Bac Lieu,2021-04-22,2021,4,22,47.050711133273154
Bac Lieu,2021-04-23,2021,4,23,13.20957255125946
Bac Lieu,2021-04-24,2021,4,24,7.924857293290914
Bac Lieu,2021-04-25,2021,4,25,8.850725096288718
Bac Lieu,2021-04-26,2021,4,26,3.5750034934979564
Bac Lieu,2021-04-27,2021,4,27,5.2604788326677285
Bac Lieu,2021-04-28,2021,4,28,11.260904979300951
Bac Lieu,2021-04-29,2021,4,29,0.516953660209224
Bac Lieu,2021-04-30,2021,4,30,0.0
Bac Lieu,2021-05-01,2021,5,1,2.332511189037899
Bac Lieu,2021-05-02,2021,5,2,0.0
Bac Lieu,2021-05-03,2021,5,3,0.0
Bac Lieu,2021-05-04,2021,5,4,0.2115685909199265
Bac Lieu,2021-05-05,2021,5,5,7.009420404362231
Bac Lieu,2021-05-06,2021,5,6,3.5071938801801434
Bac Lieu,2021-05-07,2021,5,7,12.773236242708174
Bac Lieu,2021-05-08,2021,5,8,7.090232326804467
Bac Lieu,2021-05-09,2021,5,9,0.0277068820989356
Bac Lieu,2021-05-10,2021,5,10,0.0
Bac Lieu,2021-05-11,2021,5,11,0.95106924372799
Bac Lieu,2021-05-12,2021,5,12,0.6562438393178978
Bac Lieu,2021-05-13,2021,5,13,3.319670275409267
Bac Lieu,2021-05-14,2021,5,14,4.853809365893311
Bac Lieu,2021-05-15,2021,5,15,11.612095039799527
Bac Lieu,2021-05-16,2021,5,16,0.0
Bac Lieu,2021-05-17,2021,5,17,6.781020071749419
Bac Lieu,2021-05-18,2021,5,18,10.881285298833312
Bac Lieu,2021-05-19,2021,5,19,3.724048896285723
Bac Lieu,2021-05-20,2021,5,20,31.91159173126941
Bac Lieu,2021-05-21,2021,5,21,18.97942566918428
Bac Lieu,2021-05-22,2021,5,22,11.358683744574494
Bac Lieu,2021-05-23,2021,5,23,3.3866265637379773
Bac Lieu,2021-05-24,2021,5,24,27.9456632724798
Bac Lieu,2021-05-25,2021,5,25,29.859358911910142
Bac Lieu,2021-05-26,2021,5,26,10.783717496008242
Bac Lieu,2021-05-27,2021,5,27,4.481672054614661
Bac Lieu,2021-05-28,2021,5,28,5.166357011525136
Bac Lieu,2021-05-29,2021,5,29,6.824025981345267
Bac Lieu,2021-05-30,2021,5,30,0.5378813731535427
Bac Lieu,2021-05-31,2021,5,31,2.5718834586413406
Bac Lieu,2021-06-01,2021,6,1,11.59526254952629
Bac Lieu,2021-06-02,2021,6,2,7.838505419875091
Bac Lieu,2021-06-03,2021,6,3,3.912273254304562
Bac Lieu,2021-06-04,2021,6,4,0.0
Bac Lieu,2021-06-05,2021,6,5,5.414586526762767
Bac Lieu,2021-06-06,2021,6,6,19.44497572538988
Bac Lieu,2021-06-07,2021,6,7,5.015390951894365
Bac Lieu,2021-06-08,2021,6,8,2.223481167595341
Bac Lieu,2021-06-09,2021,6,9,12.273666684996408
Bac Lieu,2021-06-10,2021,6,10,7.632113298955955
Bac Lieu,2021-06-11,2021,6,11,32.11318208046679
Bac Lieu,2021-06-12,2021,6,12,10.486582441743815
Bac Lieu,2021-06-13,2021,6,13,7.638715448667417
Bac Lieu,2021-06-14,2021,6,14,17.99318430328369
Bac Lieu,2021-06-15,2021,6,15,6.983893953521296
Bac Lieu,2021-06-16,2021,6,16,0.6067111336510137
Bac Lieu,2021-06-17,2021,6,17,5.666728413743794
Bac Lieu,2021-06-18,2021,6,18,0.0574225329812967
Bac Lieu,2021-06-19,2021,6,19,4.762147323572412
Bac Lieu,2021-06-20,2021,6,20,7.8326344546551985
Bac Lieu,2021-06-21,2021,6,21,3.154871577343852
Bac Lieu,2021-06-22,2021,6,22,4.800829042704601
Bac Lieu,2021-06-23,2021,6,23,0.3130421937186764
Bac Lieu,2021-06-24,2021,6,24,1.802222072052506
Bac Lieu,2021-06-25,2021,6,25,0.6457462791406884
Bac Lieu,2021-06-26,2021,6,26,0.2496485504114403
Bac Lieu,2021-06-27,2021,6,27,0.0096483831585578
Bac Lieu,2021-06-28,2021,6,28,0.5871161861779557
Bac Lieu,2021-06-29,2021,6,29,2.136619182991532
Bac Lieu,2021-06-30,2021,6,30,6.174110120413439
Bac Lieu,2021-07-01,2021,7,1,0.0946409188396525
Bac Lieu,2021-07-02,2021,7,2,0.0
Bac Lieu,2021-07-03,2021,7,3,4.089779333456507
Bac Lieu,2021-07-04,2021,7,4,8.964068498539477
Bac Lieu,2021-07-05,2021,7,5,9.69067591404465
Bac Lieu,2021-07-06,2021,7,6,13.424867357847829
Bac Lieu,2021-07-07,2021,7,7,14.984038472625448
Bac Lieu,2021-07-08,2021,7,8,9.642885069613186
Bac Lieu,2021-07-09,2021,7,9,17.391635970565506
Bac Lieu,2021-07-10,2021,7,10,3.409803250726664
Bac Lieu,2021-07-11,2021,7,11,5.260088017571648
Bac Lieu,2021-07-12,2021,7,12,9.716478824219616
Bac Lieu,2021-07-13,2021,7,13,29.269264971679117
Bac Lieu,2021-07-14,2021,7,14,26.054378066728702
Bac Lieu,2021-07-15,2021,7,15,17.57648925435768
Bac Lieu,2021-07-16,2021,7,16,0.0
Bac Lieu,2021-07-17,2021,7,17,0.016343535328811
Bac Lieu,2021-07-18,2021,7,18,8.251817452727625
Bac Lieu,2021-07-19,2021,7,19,1.1768538882282549
Bac Lieu,2021-07-20,2021,7,20,4.275322209340223
Bac Lieu,2021-07-21,2021,7,21,2.338301544693282
Bac Lieu,2021-07-22,2021,7,22,11.170297403479523
Bac Lieu,2021-07-23,2021,7,23,7.286607075385329
Bac Lieu,2021-07-24,2021,7,24,5.853345777619561
Bac Lieu,2021-07-25,2021,7,25,4.771323395998974
Bac Lieu,2021-07-26,2021,7,26,4.314916579336491
Bac Lieu,2021-07-27,2021,7,27,9.04143608579096
Bac Lieu,2021-07-28,2021,7,28,15.103536979261436
Bac Lieu,2021-07-29,2021,7,29,20.05035830890008
Bac Lieu,2021-07-30,2021,7,30,12.301170608538502
Bac Lieu,2021-07-31,2021,7,31,0.147166085747053
Bac Lieu,2021-08-01,2021,8,1,22.969007326881844
Bac Lieu,2021-08-02,2021,8,2,4.959423933928868
Bac Lieu,2021-08-03,2021,8,3,1.5199933735109723
Bac Lieu,2021-08-04,2021,8,4,3.4090810086952072
Bac Lieu,2021-08-05,2021,8,5,7.062521202627218
Bac Lieu,2021-08-06,2021,8,6,5.248987551473222
Bac Lieu,2021-08-07,2021,8,7,0.0
Bac Lieu,2021-08-08,2021,8,8,0.0
Bac Lieu,2021-08-09,2021,8,9,0.0
Bac Lieu,2021-08-10,2021,8,10,1.4159302269467768
Bac Lieu,2021-08-11,2021,8,11,21.71535980235406
Bac Lieu,2021-08-12,2021,8,12,0.0
Bac Lieu,2021-08-13,2021,8,13,14.433914023885189
Bac Lieu,2021-08-14,2021,8,14,2.469196906233734
Bac Lieu,2021-08-15,2021,8,15,28.92857323803092
Bac Lieu,2021-08-16,2021,8,16,1.5103088225598609
Bac Lieu,2021-08-17,2021,8,17,7.289843699194351
Bac Lieu,2021-08-18,2021,8,18,5.854575131002463
Bac Lieu,2021-08-19,2021,8,19,11.785035019604669
Bac Lieu,2021-08-20,2021,8,20,3.681302766260112
Bac Lieu,2021-08-21,2021,8,21,1.548368840199597
Bac Lieu,2021-08-22,2021,8,22,10.106699419003617
Bac Lieu,2021-08-23,2021,8,23,29.923552311087555
Bac Lieu,2021-08-24,2021,8,24,34.885785287749094
Bac Lieu,2021-08-25,2021,8,25,28.917005194250144
Bac Lieu,2021-08-26,2021,8,26,8.589295223488
Bac Lieu,2021-08-27,2021,8,27,5.245052819971768
Bac Lieu,2021-08-28,2021,8,28,13.844447036743167
Bac Lieu,2021-08-29,2021,8,29,19.60816709358288
Bac Lieu,2021-08-30,2021,8,30,18.67103813050829
Bac Lieu,2021-08-31,2021,8,31,17.981557066251657
Bac Lieu,2021-09-01,2021,9,1,6.650258217883561
Bac Lieu,2021-09-02,2021,9,2,5.407116651283122
Bac Lieu,2021-09-03,2021,9,3,35.825133832535656
Bac Lieu,2021-09-04,2021,9,4,1.901484425670696
Bac Lieu,2021-09-05,2021,9,5,3.269588809373244
Bac Lieu,2021-09-06,2021,9,6,4.329249623856455
Bac Lieu,2021-09-07,2021,9,7,14.639870301426582
Bac Lieu,2021-09-08,2021,9,8,18.85216480287516
Bac Lieu,2021-09-09,2021,9,9,3.7759151568322817
Bac Lieu,2021-09-10,2021,9,10,12.931408855456226
Bac Lieu,2021-09-11,2021,9,11,11.56984493730653
Bac Lieu,2021-09-12,2021,9,12,3.3412180012037176
Bac Lieu,2021-09-13,2021,9,13,25.981971581477044
Bac Lieu,2021-09-14,2021,9,14,43.350542414251365
Bac Lieu,2021-09-15,2021,9,15,4.301199088906342
Bac Lieu,2021-09-16,2021,9,16,0.0269247501841131
Bac Lieu,2021-09-17,2021,9,17,4.931249883579759
Bac Lieu,2021-09-18,2021,9,18,12.923679121089434
Bac Lieu,2021-09-19,2021,9,19,17.852167830305284
Bac Lieu,2021-09-20,2021,9,20,6.754061777267816
Bac Lieu,2021-09-21,2021,9,21,4.755160775580498
Bac Lieu,2021-09-22,2021,9,22,8.846150161293318
Bac Lieu,2021-09-23,2021,9,23,1.5861164769316622
Bac Lieu,2021-09-24,2021,9,24,20.92905451119621
Bac Lieu,2021-09-25,2021,9,25,11.697186636312956
Bac Lieu,2021-09-26,2021,9,26,21.287616137630536
Bac Lieu,2021-09-27,2021,9,27,5.184695863957676
Bac Lieu,2021-09-28,2021,9,28,6.614646452040044
Bac Lieu,2021-09-29,2021,9,29,0.3276952723197217
Bac Lieu,2021-09-30,2021,9,30,3.460100022999746
Bac Lieu,2021-10-01,2021,10,1,6.6613432571303175
Bac Lieu,2021-10-02,2021,10,2,14.598606535749616
Bac Lieu,2021-10-03,2021,10,3,5.986860110912684
Bac Lieu,2021-10-04,2021,10,4,23.660700285497708
Bac Lieu,2021-10-05,2021,10,5,31.69013021613067
Bac Lieu,2021-10-06,2021,10,6,3.657045944915628
Bac Lieu,2021-10-07,2021,10,7,5.135825100304945
Bac Lieu,2021-10-08,2021,10,8,44.3063741159979
Bac Lieu,2021-10-09,2021,10,9,5.564112614181807
Bac Lieu,2021-10-10,2021,10,10,0.0305059181429305
Bac Lieu,2021-10-11,2021,10,11,40.99594861379659
Bac Lieu,2021-10-12,2021,10,12,0.6301769567525612
Bac Lieu,2021-10-13,2021,10,13,0.4790948033242856
Bac Lieu,2021-10-14,2021,10,14,0.2453545328176246
Bac Lieu,2021-10-15,2021,10,15,18.867796004133403
Bac Lieu,2021-10-16,2021,10,16,7.734739171513972
Bac Lieu,2021-10-17,2021,10,17,0.1353814684400018
Bac Lieu,2021-10-18,2021,10,18,0.108964095187637
Bac Lieu,2021-10-19,2021,10,19,0.6078076695496182
Bac Lieu,2021-10-20,2021,10,20,19.083376732880215
Bac Lieu,2021-10-21,2021,10,21,2.7190394598493044
Bac Lieu,2021-10-22,2021,10,22,2.7442513409290683
Bac Lieu,2021-10-23,2021,10,23,8.792717094196465
Bac Lieu,2021-10-24,2021,10,24,5.89339258565543
Bac Lieu,2021-10-25,2021,10,25,10.575486046809075
Bac Lieu,2021-10-26,2021,10,26,2.634124605088864
Bac Lieu,2021-10-27,2021,10,27,4.888018793987778
Bac Lieu,2021-10-28,2021,10,28,0.0
Bac Lieu,2021-10-29,2021,10,29,8.680120821628933
Bac Lieu,2021-10-30,2021,10,30,0.0
Bac Lieu,2021-10-31,2021,10,31,1.5834566548725346
Bac Lieu,2021-11-01,2021,11,1,0.0051249232022267
Bac Lieu,2021-11-02,2021,11,2,1.7051915490312402
Bac Lieu,2021-11-03,2021,11,3,29.55687271326894
Bac Lieu,2021-11-04,2021,11,4,0.2491103470100547
Bac Lieu,2021-11-05,2021,11,5,0.8658864518471485
Bac Lieu,2021-11-06,2021,11,6,0.1416829642889634
Bac Lieu,2021-11-07,2021,11,7,0.0
Bac Lieu,2021-11-08,2021,11,8,0.3691410657414851
Bac Lieu,2021-11-09,2021,11,9,1.0750557932223916
Bac Lieu,2021-11-10,2021,11,10,11.870532996987398
Bac Lieu,2021-11-11,2021,11,11,30.9188762714458
Bac Lieu,2021-11-12,2021,11,12,10.062470331803809
Bac Lieu,2021-11-13,2021,11,13,7.851241130522963
Bac Lieu,2021-11-14,2021,11,14,12.06774356766467
Bac Lieu,2021-11-15,2021,11,15,35.32659147967933
Bac Lieu,2021-11-16,2021,11,16,14.94193471784412
Bac Lieu,2021-11-17,2021,11,17,7.302918044837016
Bac Lieu,2021-11-18,2021,11,18,0.4930126528919868
Bac Lieu,2021-11-19,2021,11,19,0.0
Bac Lieu,2021-11-20,2021,11,20,3.179908774996704
Bac Lieu,2021-11-21,2021,11,21,0.0
Bac Lieu,2021-11-22,2021,11,22,0.0662258997863193
Bac Lieu,2021-11-23,2021,11,23,0.0
Bac Lieu,2021-11-24,2021,11,24,1.1116801212238816
Bac Lieu,2021-11-25,2021,11,25,4.6179604109818095
Bac Lieu,2021-11-26,2021,11,26,6.782028515743759
Bac Lieu,2021-11-27,2021,11,27,4.268703776476519
Bac Lieu,2021-11-28,2021,11,28,14.38746602801557
Bac Lieu,2021-11-29,2021,11,29,17.641625300929228
Bac Lieu,2021-11-30,2021,11,30,14.359661192372162
Bac Lieu,2021-12-01,2021,12,1,4.934920746443407
Bac Lieu,2021-12-02,2021,12,2,3.3998915958764417
Bac Lieu,2021-12-03,2021,12,3,0.0
Bac Lieu,2021-12-04,2021,12,4,0.0078682694525088
Bac Lieu,2021-12-05,2021,12,5,0.0
Bac Lieu,2021-12-06,2021,12,6,0.0408672183414675
Bac Lieu,2021-12-07,2021,12,7,0.0
Bac Lieu,2021-12-08,2021,12,8,0.0
Bac Lieu,2021-12-09,2021,12,9,0.8314219971962695
Bac Lieu,2021-12-10,2021,12,10,0.0
Bac Lieu,2021-12-11,2021,12,11,0.0
Bac Lieu,2021-12-12,2021,12,12,0.0
Bac Lieu,2021-12-13,2021,12,13,3.514735230265924
Bac Lieu,2021-12-14,2021,12,14,0.0
Bac Lieu,2021-12-15,2021,12,15,0.8270409806629399
Bac Lieu,2021-12-16,2021,12,16,1.012291502160846
Bac Lieu,2021-12-17,2021,12,17,3.5308472506595114
Bac Lieu,2021-12-18,2021,12,18,0.2374023819869419
Bac Lieu,2021-12-19,2021,12,19,5.289859085910726
Bac Lieu,2021-12-20,2021,12,20,0.0
Bac Lieu,2021-12-21,2021,12,21,0.0
Bac Lieu,2021-12-22,2021,12,22,0.0
Bac Lieu,2021-12-23,2021,12,23,0.3255535161900071
Bac Lieu,2021-12-24,2021,12,24,0.0
Bac Lieu,2021-12-25,2021,12,25,0.0
Bac Lieu,2021-12-26,2021,12,26,0.2102498173983592
Bac Lieu,2021-12-27,2021,12,27,2.373054739502241
Bac Lieu,2021-12-28,2021,12,28,0.0359106264474257
Bac Lieu,2021-12-29,2021,12,29,0.013640349694018
Bac Lieu,2021-12-30,2021,12,30,0.0
Bac Lieu,2021-12-31,2021,12,31,0.0
Bac Lieu,2022-01-01,2022,1,1,0.0
Bac Lieu,2022-01-02,2022,1,2,0.0
Bac Lieu,2022-01-03,2022,1,3,0.0385892861744142
Bac Lieu,2022-01-04,2022,1,4,0.0
Bac Lieu,2022-01-05,2022,1,5,0.1263512941756338
Bac Lieu,2022-01-06,2022,1,6,0.0
Bac Lieu,2022-01-07,2022,1,7,0.0
Bac Lieu,2022-01-08,2022,1,8,0.0
Bac Lieu,2022-01-09,2022,1,9,0.0
Bac Lieu,2022-01-10,2022,1,10,0.0
Bac Lieu,2022-01-11,2022,1,11,0.069226689590598
Bac Lieu,2022-01-12,2022,1,12,0.0
Bac Lieu,2022-01-13,2022,1,13,0.0
Bac Lieu,2022-01-14,2022,1,14,0.0
Bac Lieu,2022-01-15,2022,1,15,0.0
Bac Lieu,2022-01-16,2022,1,16,0.0
Bac Lieu,2022-01-17,2022,1,17,0.0
Bac Lieu,2022-01-18,2022,1,18,0.0
Bac Lieu,2022-01-19,2022,1,19,0.0
Bac Lieu,2022-01-20,2022,1,20,0.0
Bac Lieu,2022-01-21,2022,1,21,0.0
Bac Lieu,2022-01-22,2022,1,22,0.0
Bac Lieu,2022-01-23,2022,1,23,0.0
Bac Lieu,2022-01-24,2022,1,24,0.0
Bac Lieu,2022-01-25,2022,1,25,1.1807680101979456
Bac Lieu,2022-01-26,2022,1,26,0.0
Bac Lieu,2022-01-27,2022,1,27,0.0
Bac Lieu,2022-01-28,2022,1,28,1.7447618535059803
Bac Lieu,2022-01-29,2022,1,29,0.1395552215666141
Bac Lieu,2022-01-30,2022,1,30,1.5049019827932684
Bac Lieu,2022-01-31,2022,1,31,0.0
Bac Lieu,2022-02-01,2022,2,1,0.0562025232135125
Bac Lieu,2022-02-02,2022,2,2,0.0
Bac Lieu,2022-02-03,2022,2,3,0.0
Bac Lieu,2022-02-04,2022,2,4,0.0
Bac Lieu,2022-02-05,2022,2,5,0.0
Bac Lieu,2022-02-06,2022,2,6,0.0033491605407786
Bac Lieu,2022-02-07,2022,2,7,0.0048899313368887
Bac Lieu,2022-02-08,2022,2,8,0.0
Bac Lieu,2022-02-09,2022,2,9,0.0
Bac Lieu,2022-02-10,2022,2,10,2.652952199031722
Bac Lieu,2022-02-11,2022,2,11,0.0
Bac Lieu,2022-02-12,2022,2,12,0.0
Bac Lieu,2022-02-13,2022,2,13,0.0
Bac Lieu,2022-02-14,2022,2,14,0.0
Bac Lieu,2022-02-15,2022,2,15,0.0
Bac Lieu,2022-02-16,2022,2,16,0.0
Bac Lieu,2022-02-17,2022,2,17,0.0
Bac Lieu,2022-02-18,2022,2,18,0.0
Bac Lieu,2022-02-19,2022,2,19,0.0
Bac Lieu,2022-02-20,2022,2,20,0.0211336697542442
Bac Lieu,2022-02-21,2022,2,21,0.1521754962093425
Bac Lieu,2022-02-22,2022,2,22,0.47102864004531
Bac Lieu,2022-02-23,2022,2,23,0.3609789050929951
Bac Lieu,2022-02-24,2022,2,24,4.49203483640023
Bac Lieu,2022-02-25,2022,2,25,0.0
Bac Lieu,2022-02-26,2022,2,26,0.0676440139941449
Bac Lieu,2022-02-27,2022,2,27,0.0
Bac Lieu,2022-02-28,2022,2,28,0.0
Bac Lieu,2022-03-01,2022,3,1,0.0
Bac Lieu,2022-03-02,2022,3,2,0.0
Bac Lieu,2022-03-03,2022,3,3,0.0
Bac Lieu,2022-03-04,2022,3,4,0.0
Bac Lieu,2022-03-05,2022,3,5,0.9399866811194512
Bac Lieu,2022-03-06,2022,3,6,0.0
Bac Lieu,2022-03-07,2022,3,7,0.0
Bac Lieu,2022-03-08,2022,3,8,0.8764673434383465
Bac Lieu,2022-03-09,2022,3,9,0.0
Bac Lieu,2022-03-10,2022,3,10,0.0
Bac Lieu,2022-03-11,2022,3,11,0.0
Bac Lieu,2022-03-12,2022,3,12,1.6581132969361432
Bac Lieu,2022-03-13,2022,3,13,0.0
Bac Lieu,2022-03-14,2022,3,14,0.0
Bac Lieu,2022-03-15,2022,3,15,0.0
Bac Lieu,2022-03-16,2022,3,16,0.0
Bac Lieu,2022-03-17,2022,3,17,0.0
Bac Lieu,2022-03-18,2022,3,18,0.2805868630004379
Bac Lieu,2022-03-19,2022,3,19,0.1315949241125359
Bac Lieu,2022-03-20,2022,3,20,0.1391364332370038
Bac Lieu,2022-03-21,2022,3,21,0.7761774926905363
Bac Lieu,2022-03-22,2022,3,22,0.1081483977695681
Bac Lieu,2022-03-23,2022,3,23,0.3687899846580794
Bac Lieu,2022-03-24,2022,3,24,0.0
Bac Lieu,2022-03-25,2022,3,25,0.0
Bac Lieu,2022-03-26,2022,3,26,0.0
Bac Lieu,2022-03-27,2022,3,27,0.0
Bac Lieu,2022-03-28,2022,3,28,8.552000182457691
Bac Lieu,2022-03-29,2022,3,29,3.4672273399245057
Bac Lieu,2022-03-30,2022,3,30,30.923576623520763
Bac Lieu,2022-03-31,2022,3,31,11.634952863063454
Bac Lieu,2022-04-01,2022,4,1,11.17063992437327
Bac Lieu,2022-04-02,2022,4,2,5.774680201242556
Bac Lieu,2022-04-03,2022,4,3,0.6648410053523083
Bac Lieu,2022-04-04,2022,4,4,0.0
Bac Lieu,2022-04-05,2022,4,5,0.0
Bac Lieu,2022-04-06,2022,4,6,16.888400296247234
Bac Lieu,2022-04-07,2022,4,7,18.069920637148734
Bac Lieu,2022-04-08,2022,4,8,10.901005069498746
Bac Lieu,2022-04-09,2022,4,9,0.0
Bac Lieu,2022-04-10,2022,4,10,3.501000335171538
Bac Lieu,2022-04-11,2022,4,11,1.2336318873279504
Bac Lieu,2022-04-12,2022,4,12,0.0
Bac Lieu,2022-04-13,2022,4,13,0.3687488080870431
Bac Lieu,2022-04-14,2022,4,14,4.457983803290242
Bac Lieu,2022-04-15,2022,4,15,4.022172789294766
Bac Lieu,2022-04-16,2022,4,16,0.2688456322651989
Bac Lieu,2022-04-17,2022,4,17,0.0
Bac Lieu,2022-04-18,2022,4,18,0.6870944794708829
Bac Lieu,2022-04-19,2022,4,19,1.11086751171328
Bac Lieu,2022-04-20,2022,4,20,0.0
Bac Lieu,2022-04-21,2022,4,21,0.0
Bac Lieu,2022-04-22,2022,4,22,0.0
Bac Lieu,2022-04-23,2022,4,23,0.0059099692218708
Bac Lieu,2022-04-24,2022,4,24,0.408940370253797
Bac Lieu,2022-04-25,2022,4,25,0.0427702337390971
Bac Lieu,2022-04-26,2022,4,26,0.462743660422991
Bac Lieu,2022-04-27,2022,4,27,3.5599667524481724
Bac Lieu,2022-04-28,2022,4,28,11.864620674403213
Bac Lieu,2022-04-29,2022,4,29,20.866625274478263
Bac Lieu,2022-04-30,2022,4,30,0.6531107442244044
Bac Lieu,2022-05-01,2022,5,1,7.597695518673592
Bac Lieu,2022-05-02,2022,5,2,6.5385136971923545
Bac Lieu,2022-05-03,2022,5,3,13.489662512518333
Bac Lieu,2022-05-04,2022,5,4,16.294336486168625
Bac Lieu,2022-05-05,2022,5,5,1.8848097399585657
Bac Lieu,2022-05-06,2022,5,6,0.9927396322016449
Bac Lieu,2022-05-07,2022,5,7,1.1740680351077388
Bac Lieu,2022-05-08,2022,5,8,13.353360546040088
Bac Lieu,2022-05-09,2022,5,9,6.226724752408155
Bac Lieu,2022-05-10,2022,5,10,7.527069595597827
Bac Lieu,2022-05-11,2022,5,11,1.5822312787343875
Bac Lieu,2022-05-12,2022,5,12,7.771804449999109
Bac Lieu,2022-05-13,2022,5,13,5.2948508209102565
Bac Lieu,2022-05-14,2022,5,14,4.234820687806832
Bac Lieu,2022-05-15,2022,5,15,1.9647865489653829
Bac Lieu,2022-05-16,2022,5,16,11.971673356290134
Bac Lieu,2022-05-17,2022,5,17,14.66529190923583
Bac Lieu,2022-05-18,2022,5,18,10.654847649592272
Bac Lieu,2022-05-19,2022,5,19,4.730152334303226
Bac Lieu,2022-05-20,2022,5,20,0.8799399714919758
Bac Lieu,2022-05-21,2022,5,21,10.5512322379778
Bac Lieu,2022-05-22,2022,5,22,30.24616028954848
Bac Lieu,2022-05-23,2022,5,23,8.743110722469833
Bac Lieu,2022-05-24,2022,5,24,0.0
Bac Lieu,2022-05-25,2022,5,25,0.1124531279150045
Bac Lieu,2022-05-26,2022,5,26,1.7212388225501438
Bac Lieu,2022-05-27,2022,5,27,21.37664205421592
Bac Lieu,2022-05-28,2022,5,28,16.6197496424621
Bac Lieu,2022-05-29,2022,5,29,9.796943185464391
Bac Lieu,2022-05-30,2022,5,30,16.885701108644597
Bac Lieu,2022-05-31,2022,5,31,3.2807135684355258
Bac Lieu,2022-06-01,2022,6,1,1.8150284199174849
Bac Lieu,2022-06-02,2022,6,2,8.481664389574302
Bac Lieu,2022-06-03,2022,6,3,10.426658686583895
Bac Lieu,2022-06-04,2022,6,4,6.553540438355141
Bac Lieu,2022-06-05,2022,6,5,0.0987412771099018
Bac Lieu,2022-06-06,2022,6,6,6.30939122051563
Bac Lieu,2022-06-07,2022,6,7,11.853025220169211
Bac Lieu,2022-06-08,2022,6,8,3.1885469464715928
Bac Lieu,2022-06-09,2022,6,9,7.889463452735039
Bac Lieu,2022-06-10,2022,6,10,4.619743902350372
Bac Lieu,2022-06-11,2022,6,11,7.688957437101401
Bac Lieu,2022-06-12,2022,6,12,11.545064454618492
Bac Lieu,2022-06-13,2022,6,13,3.8451636862844794
Bac Lieu,2022-06-14,2022,6,14,0.0
Bac Lieu,2022-06-15,2022,6,15,0.359287323735795
Bac Lieu,2022-06-16,2022,6,16,3.6144628181637457
Bac Lieu,2022-06-17,2022,6,17,3.733355356918191
Bac Lieu,2022-06-18,2022,6,18,3.028202755280261
Bac Lieu,2022-06-19,2022,6,19,5.220630454270346
Bac Lieu,2022-06-20,2022,6,20,7.939748874745281
Bac Lieu,2022-06-21,2022,6,21,1.5501742778994003
Bac Lieu,2022-06-22,2022,6,22,11.548360124291117
Bac Lieu,2022-06-23,2022,6,23,5.866213588237765
Bac Lieu,2022-06-24,2022,6,24,8.933491305621166
Bac Lieu,2022-06-25,2022,6,25,2.3170464662515897
Bac Lieu,2022-06-26,2022,6,26,2.639696551169989
Bac Lieu,2022-06-27,2022,6,27,1.9430069854034568
Bac Lieu,2022-06-28,2022,6,28,12.243842428909163
Bac Lieu,2022-06-29,2022,6,29,10.56488369794162
Bac Lieu,2022-06-30,2022,6,30,13.340950356393492
Bac Lieu,2022-07-01,2022,7,1,23.09777583996755
Bac Lieu,2022-07-02,2022,7,2,29.87138212754592
Bac Lieu,2022-07-03,2022,7,3,18.516523474207464
Bac Lieu,2022-07-04,2022,7,4,3.3238402667135563
Bac Lieu,2022-07-05,2022,7,5,0.0
Bac Lieu,2022-07-06,2022,7,6,8.669652992842336
Bac Lieu,2022-07-07,2022,7,7,5.408180932134952
Bac Lieu,2022-07-08,2022,7,8,27.08384085917923
Bac Lieu,2022-07-09,2022,7,9,24.51204053898578
Bac Lieu,2022-07-10,2022,7,10,9.992666242491527
Bac Lieu,2022-07-11,2022,7,11,0.3829571127081817
Bac Lieu,2022-07-12,2022,7,12,55.15572119255787
Bac Lieu,2022-07-13,2022,7,13,38.49119142726682
Bac Lieu,2022-07-14,2022,7,14,13.617006727542517
Bac Lieu,2022-07-15,2022,7,15,10.255034532529002
Bac Lieu,2022-07-16,2022,7,16,4.493317193229245
Bac Lieu,2022-07-17,2022,7,17,6.21187998073506
Bac Lieu,2022-07-18,2022,7,18,2.51576991502294
Bac Lieu,2022-07-19,2022,7,19,15.501825115599727
Bac Lieu,2022-07-20,2022,7,20,23.793973751320035
Bac Lieu,2022-07-21,2022,7,21,13.450285475694908
Bac Lieu,2022-07-22,2022,7,22,0.1624972956135588
Bac Lieu,2022-07-23,2022,7,23,12.480323854032555
Bac Lieu,2022-07-24,2022,7,24,0.0369792168815181
Bac Lieu,2022-07-25,2022,7,25,2.0960800545170626
Bac Lieu,2022-07-26,2022,7,26,11.044695891902132
Bac Lieu,2022-07-27,2022,7,27,6.724288718655425
Bac Lieu,2022-07-28,2022,7,28,2.75627596165999
Bac Lieu,2022-07-29,2022,7,29,0.6803163588002045
Bac Lieu,2022-07-30,2022,7,30,6.106100425162406
Bac Lieu,2022-07-31,2022,7,31,22.39853008119116
Bac Lieu,2022-08-01,2022,8,1,20.84134216967169
Bac Lieu,2022-08-02,2022,8,2,7.245036346219621
Bac Lieu,2022-08-03,2022,8,3,11.104146945881396
Bac Lieu,2022-08-04,2022,8,4,12.62548162174225
Bac Lieu,2022-08-05,2022,8,5,0.8513737161024563
Bac Lieu,2022-08-06,2022,8,6,24.36392807859745
Bac Lieu,2022-08-07,2022,8,7,20.67296321033981
Bac Lieu,2022-08-08,2022,8,8,20.236993132573257
Bac Lieu,2022-08-09,2022,8,9,9.138437071890204
Bac Lieu,2022-08-10,2022,8,10,11.943457511487996
Bac Lieu,2022-08-11,2022,8,11,14.89927918660866
Bac Lieu,2022-08-12,2022,8,12,1.9524546520305133
Bac Lieu,2022-08-13,2022,8,13,2.3874245561203864
Bac Lieu,2022-08-14,2022,8,14,1.523021288421919
Bac Lieu,2022-08-15,2022,8,15,16.241798601114525
Bac Lieu,2022-08-16,2022,8,16,0.9002084736734066
Bac Lieu,2022-08-17,2022,8,17,1.603152259979608
Bac Lieu,2022-08-18,2022,8,18,12.22640702850414
Bac Lieu,2022-08-19,2022,8,19,4.679407327939879
Bac Lieu,2022-08-20,2022,8,20,4.43617855524567
Bac Lieu,2022-08-21,2022,8,21,5.069485729811328
Bac Lieu,2022-08-22,2022,8,22,3.2578353372789786
Bac Lieu,2022-08-23,2022,8,23,4.270063814604058
Bac Lieu,2022-08-24,2022,8,24,17.910436764123308
Bac Lieu,2022-08-25,2022,8,25,24.1690662194378
Bac Lieu,2022-08-26,2022,8,26,17.180933172693795
Bac Lieu,2022-08-27,2022,8,27,2.5652862849325504
Bac Lieu,2022-08-28,2022,8,28,3.8040797118330913
Bac Lieu,2022-08-29,2022,8,29,1.0777273018045248
Bac Lieu,2022-08-30,2022,8,30,0.3562382295986392
Bac Lieu,2022-08-31,2022,8,31,6.272930278121301
Bac Lieu,2022-09-01,2022,9,1,4.609455766533906
Bac Lieu,2022-09-02,2022,9,2,8.533704218882436
Bac Lieu,2022-09-03,2022,9,3,11.810349799354125
Bac Lieu,2022-09-04,2022,9,4,22.255708821926483
Bac Lieu,2022-09-05,2022,9,5,12.71527005224408
Bac Lieu,2022-09-06,2022,9,6,41.365343570853184
Bac Lieu,2022-09-07,2022,9,7,1.8633671862764176
Bac Lieu,2022-09-08,2022,9,8,0.0
Bac Lieu,2022-09-09,2022,9,9,0.2172238135427799
Bac Lieu,2022-09-10,2022,9,10,11.27779668311353
Bac Lieu,2022-09-11,2022,9,11,16.72369927624037
Bac Lieu,2022-09-12,2022,9,12,12.555486147646636
Bac Lieu,2022-09-13,2022,9,13,3.3737002358706496
Bac Lieu,2022-09-14,2022,9,14,6.311069891461788
Bac Lieu,2022-09-15,2022,9,15,11.494759128120712
Bac Lieu,2022-09-16,2022,9,16,17.498969327206883
Bac Lieu,2022-09-17,2022,9,17,16.508981945649634
Bac Lieu,2022-09-18,2022,9,18,13.365039618150243
Bac Lieu,2022-09-19,2022,9,19,0.0
Bac Lieu,2022-09-20,2022,9,20,0.0
Bac Lieu,2022-09-21,2022,9,21,12.300734288665485
Bac Lieu,2022-09-22,2022,9,22,13.728983752214686
Bac Lieu,2022-09-23,2022,9,23,3.619030970447469
Bac Lieu,2022-09-24,2022,9,24,2.9526125440957416
Bac Lieu,2022-09-25,2022,9,25,18.79909687099817
Bac Lieu,2022-09-26,2022,9,26,10.744190360663072
Bac Lieu,2022-09-27,2022,9,27,10.524137527429836
Bac Lieu,2022-09-28,2022,9,28,31.37297289815939
Bac Lieu,2022-09-29,2022,9,29,16.96673816011537
Bac Lieu,2022-09-30,2022,9,30,13.321742708350127
Bac Lieu,2022-10-01,2022,10,1,8.240526555601157
Bac Lieu,2022-10-02,2022,10,2,9.109070475596305
Bac Lieu,2022-10-03,2022,10,3,6.821750587967208
Bac Lieu,2022-10-04,2022,10,4,10.95739420404974
Bac Lieu,2022-10-05,2022,10,5,23.388974112060836
Bac Lieu,2022-10-06,2022,10,6,8.151773225064549
Bac Lieu,2022-10-07,2022,10,7,5.204450561595413
Bac Lieu,2022-10-08,2022,10,8,21.34509552959227
Bac Lieu,2022-10-09,2022,10,9,4.8128656687556575
Bac Lieu,2022-10-10,2022,10,10,3.0887324656540494
Bac Lieu,2022-10-11,2022,10,11,3.021179856903149
Bac Lieu,2022-10-12,2022,10,12,18.803290691123824
Bac Lieu,2022-10-13,2022,10,13,13.379518759709486
Bac Lieu,2022-10-14,2022,10,14,4.181739446667007
Bac Lieu,2022-10-15,2022,10,15,0.0
Bac Lieu,2022-10-16,2022,10,16,1.2836570873620377
Bac Lieu,2022-10-17,2022,10,17,0.0
Bac Lieu,2022-10-18,2022,10,18,7.575607852755853
Bac Lieu,2022-10-19,2022,10,19,11.858239961678128
Bac Lieu,2022-10-20,2022,10,20,15.194807986871254
Bac Lieu,2022-10-21,2022,10,21,15.86657623879415
Bac Lieu,2022-10-22,2022,10,22,1.7943796026841652
Bac Lieu,2022-10-23,2022,10,23,4.603643608992955
Bac Lieu,2022-10-24,2022,10,24,19.581334931031712
Bac Lieu,2022-10-25,2022,10,25,4.535972652507279
Bac Lieu,2022-10-26,2022,10,26,7.1942422639738846
Bac Lieu,2022-10-27,2022,10,27,14.491644573463583
Bac Lieu,2022-10-28,2022,10,28,4.397441217494462
Bac Lieu,2022-10-29,2022,10,29,3.3522517584854707
Bac Lieu,2022-10-30,2022,10,30,7.68759679819503
Bac Lieu,2022-10-31,2022,10,31,0.0
Bac Lieu,2022-11-01,2022,11,1,0.3941345233197483
Bac Lieu,2022-11-02,2022,11,2,0.0
Bac Lieu,2022-11-03,2022,11,3,19.24826773409574
Bac Lieu,2022-11-04,2022,11,4,39.70219652528584
Bac Lieu,2022-11-05,2022,11,5,22.15712834595735
Bac Lieu,2022-11-06,2022,11,6,7.271661986297033
Bac Lieu,2022-11-07,2022,11,7,5.482679137103963
Bac Lieu,2022-11-08,2022,11,8,5.827940271305589
Bac Lieu,2022-11-09,2022,11,9,0.5742621633421701
Bac Lieu,2022-11-10,2022,11,10,0.6089885529212233
Bac Lieu,2022-11-11,2022,11,11,1.8584882142228905
Bac Lieu,2022-11-12,2022,11,12,0.307860059756153
Bac Lieu,2022-11-13,2022,11,13,3.223150558579643
Bac Lieu,2022-11-14,2022,11,14,15.117317432691468
Bac Lieu,2022-11-15,2022,11,15,0.0
Bac Lieu,2022-11-16,2022,11,16,0.0
Bac Lieu,2022-11-17,2022,11,17,0.2377203432478995
Bac Lieu,2022-11-18,2022,11,18,24.47075748299653
Bac Lieu,2022-11-19,2022,11,19,16.95913618778733
Bac Lieu,2022-11-20,2022,11,20,54.44752893138382
Bac Lieu,2022-11-21,2022,11,21,39.68640774046701
Bac Lieu,2022-11-22,2022,11,22,15.774400797753968
Bac Lieu,2022-11-23,2022,11,23,5.95885287732898
Bac Lieu,2022-11-24,2022,11,24,0.0878749207010809
Bac Lieu,2022-11-25,2022,11,25,0.0212071953719517
Bac Lieu,2022-11-26,2022,11,26,2.1753609754094545
Bac Lieu,2022-11-27,2022,11,27,6.134746947720367
Bac Lieu,2022-11-28,2022,11,28,0.1338245367014183
Bac Lieu,2022-11-29,2022,11,29,0.0
Bac Lieu,2022-11-30,2022,11,30,11.739094929065343
Bac Lieu,2022-12-01,2022,12,1,10.375022010236416
Bac Lieu,2022-12-02,2022,12,2,9.637904442859146
Bac Lieu,2022-12-03,2022,12,3,26.770053456504392
Bac Lieu,2022-12-04,2022,12,4,0.9302476085896764
Bac Lieu,2022-12-05,2022,12,5,0.0
Bac Lieu,2022-12-06,2022,12,6,1.1648411817865552
Bac Lieu,2022-12-07,2022,12,7,0.1690747792405902
Bac Lieu,2022-12-08,2022,12,8,4.9146868550372576
Bac Lieu,2022-12-09,2022,12,9,0.0
Bac Lieu,2022-12-10,2022,12,10,0.1428306514632027
Bac Lieu,2022-12-11,2022,12,11,0.0
Bac Lieu,2022-12-12,2022,12,12,0.1047529095883639
Bac Lieu,2022-12-13,2022,12,13,0.0
Bac Lieu,2022-12-14,2022,12,14,0.0
Bac Lieu,2022-12-15,2022,12,15,0.0
Bac Lieu,2022-12-16,2022,12,16,2.127552936805869
Bac Lieu,2022-12-17,2022,12,17,0.8767324842641939
Bac Lieu,2022-12-18,2022,12,18,0.0
Bac Lieu,2022-12-19,2022,12,19,0.0
Bac Lieu,2022-12-20,2022,12,20,0.0
Bac Lieu,2022-12-21,2022,12,21,0.6022553828257434
Bac Lieu,2022-12-22,2022,12,22,0.1233766738873608
Bac Lieu,2022-12-23,2022,12,23,0.0
Bac Lieu,2022-12-24,2022,12,24,0.1431593719158532
Bac Lieu,2022-12-25,2022,12,25,0.0
Bac Lieu,2022-12-26,2022,12,26,2.100132480477388
Bac Lieu,2022-12-27,2022,12,27,0.0
Bac Lieu,2022-12-28,2022,12,28,0.0
Bac Lieu,2022-12-29,2022,12,29,0.0529058143777667
Bac Lieu,2022-12-30,2022,12,30,0.4378231954124739
Bac Lieu,2022-12-31,2022,12,31,1.3678037651664805
Bac Lieu,2023-01-01,2023,1,1,0.0
Bac Lieu,2023-01-02,2023,1,2,0.4914123771685475
Bac Lieu,2023-01-03,2023,1,3,1.5615735843721423
Bac Lieu,2023-01-04,2023,1,4,3.5091882163848527
Bac Lieu,2023-01-05,2023,1,5,1.81890337498233
Bac Lieu,2023-01-06,2023,1,6,0.0
Bac Lieu,2023-01-07,2023,1,7,8.015307971576476
Bac Lieu,2023-01-08,2023,1,8,1.1135343912772413
Bac Lieu,2023-01-09,2023,1,9,0.3091211038625466
Bac Lieu,2023-01-10,2023,1,10,3.8082175533816502
Bac Lieu,2023-01-11,2023,1,11,0.0
Bac Lieu,2023-01-12,2023,1,12,0.0
Bac Lieu,2023-01-13,2023,1,13,0.0335640787898369
Bac Lieu,2023-01-14,2023,1,14,0.0
Bac Lieu,2023-01-15,2023,1,15,0.0
Bac Lieu,2023-01-16,2023,1,16,0.0
Bac Lieu,2023-01-17,2023,1,17,0.0
Bac Lieu,2023-01-18,2023,1,18,0.0
Bac Lieu,2023-01-19,2023,1,19,0.0
Bac Lieu,2023-01-20,2023,1,20,3.687365911227353
Bac Lieu,2023-01-21,2023,1,21,0.4613064811724537
Bac Lieu,2023-01-22,2023,1,22,0.1415258399225631
Bac Lieu,2023-01-23,2023,1,23,0.0187902317182073
Bac Lieu,2023-01-24,2023,1,24,0.7390098465883508
Bac Lieu,2023-01-25,2023,1,25,1.5123903967704415
Bac Lieu,2023-01-26,2023,1,26,2.3379522997928124
Bac Lieu,2023-01-27,2023,1,27,0.1739599917699706
Bac Lieu,2023-01-28,2023,1,28,0.1795964502118668
Bac Lieu,2023-01-29,2023,1,29,0.5882442270179965
Bac Lieu,2023-01-30,2023,1,30,2.647257393944938
Bac Lieu,2023-01-31,2023,1,31,0.0579604840818441
Bac Lieu,2023-02-01,2023,2,1,4.293946957219322
Bac Lieu,2023-02-02,2023,2,2,0.0
Bac Lieu,2023-02-03,2023,2,3,0.3863710589678782
Bac Lieu,2023-02-04,2023,2,4,0.0
Bac Lieu,2023-02-05,2023,2,5,0.0
Bac Lieu,2023-02-06,2023,2,6,0.0
Bac Lieu,2023-02-07,2023,2,7,0.0327445096699696
Bac Lieu,2023-02-08,2023,2,8,0.0270867207815062
Bac Lieu,2023-02-09,2023,2,9,0.0
Bac Lieu,2023-02-10,2023,2,10,0.0
Bac Lieu,2023-02-11,2023,2,11,0.0
Bac Lieu,2023-02-12,2023,2,12,1.989172983169556
Bac Lieu,2023-02-13,2023,2,13,3.88690538508937
Bac Lieu,2023-02-14,2023,2,14,0.4086997704685858
Bac Lieu,2023-02-15,2023,2,15,0.0
Bac Lieu,2023-02-16,2023,2,16,0.0
Bac Lieu,2023-02-17,2023,2,17,0.0
Bac Lieu,2023-02-18,2023,2,18,0.0
Bac Lieu,2023-02-19,2023,2,19,1.1878706971834292
Bac Lieu,2023-02-20,2023,2,20,0.0361153269713779
Bac Lieu,2023-02-21,2023,2,21,0.0
Bac Lieu,2023-02-22,2023,2,22,0.0
Bac Lieu,2023-02-23,2023,2,23,0.0
Bac Lieu,2023-02-24,2023,2,24,0.0
Bac Lieu,2023-02-25,2023,2,25,0.0
Bac Lieu,2023-02-26,2023,2,26,0.1588686297074804
Bac Lieu,2023-02-27,2023,2,27,0.0405449538095942
Bac Lieu,2023-02-28,2023,2,28,0.1051968658915106
Bac Lieu,2023-03-01,2023,3,1,0.0544146414297931
Bac Lieu,2023-03-02,2023,3,2,1.2178626750370245
Bac Lieu,2023-03-03,2023,3,3,2.722413564020733
Bac Lieu,2023-03-04,2023,3,4,0.0
Bac Lieu,2023-03-05,2023,3,5,4.1762786164823575
Bac Lieu,2023-03-06,2023,3,6,0.7268100490435115
Bac Lieu,2023-03-07,2023,3,7,0.0224179894519302
Bac Lieu,2023-03-08,2023,3,8,0.0
Bac Lieu,2023-03-09,2023,3,9,0.0
Bac Lieu,2023-03-10,2023,3,10,0.0
Bac Lieu,2023-03-11,2023,3,11,0.0
Bac Lieu,2023-03-12,2023,3,12,0.1004128070102547
Bac Lieu,2023-03-13,2023,3,13,0.0
Bac Lieu,2023-03-14,2023,3,14,0.0
Bac Lieu,2023-03-15,2023,3,15,0.0
Bac Lieu,2023-03-16,2023,3,16,0.0
Bac Lieu,2023-03-17,2023,3,17,0.0
Bac Lieu,2023-03-18,2023,3,18,0.0
Bac Lieu,2023-03-19,2023,3,19,0.0
Bac Lieu,2023-03-20,2023,3,20,0.0
Bac Lieu,2023-03-21,2023,3,21,0.0
Bac Lieu,2023-03-22,2023,3,22,0.0
Bac Lieu,2023-03-23,2023,3,23,0.0
Bac Lieu,2023-03-24,2023,3,24,0.0
Bac Lieu,2023-03-25,2023,3,25,0.0
Bac Lieu,2023-03-26,2023,3,26,0.0
Bac Lieu,2023-03-27,2023,3,27,0.0
Bac Lieu,2023-03-28,2023,3,28,0.0505063494421401
Bac Lieu,2023-03-29,2023,3,29,0.0
Bac Lieu,2023-03-30,2023,3,30,0.0
Bac Lieu,2023-03-31,2023,3,31,0.0
Bac Lieu,2023-04-01,2023,4,1,0.0
Bac Lieu,2023-04-02,2023,4,2,0.5335340292228844
Bac Lieu,2023-04-03,2023,4,3,2.01641046872229
Bac Lieu,2023-04-04,2023,4,4,0.6876627314945438
Bac Lieu,2023-04-05,2023,4,5,0.0
Bac Lieu,2023-04-06,2023,4,6,0.0
Bac Lieu,2023-04-07,2023,4,7,0.0
Bac Lieu,2023-04-08,2023,4,8,0.0
Bac Lieu,2023-04-09,2023,4,9,0.0
Bac Lieu,2023-04-10,2023,4,10,0.0
Bac Lieu,2023-04-11,2023,4,11,0.0
Bac Lieu,2023-04-12,2023,4,12,0.0
Bac Lieu,2023-04-13,2023,4,13,0.0
Bac Lieu,2023-04-14,2023,4,14,0.0
Bac Lieu,2023-04-15,2023,4,15,14.564540139036362
Bac Lieu,2023-04-16,2023,4,16,10.901269321153748
Bac Lieu,2023-04-17,2023,4,17,0.0
Bac Lieu,2023-04-18,2023,4,18,0.0
Bac Lieu,2023-04-19,2023,4,19,0.4599834584470065
Bac Lieu,2023-04-20,2023,4,20,7.197237606246518
Bac Lieu,2023-04-21,2023,4,21,2.590146442629257
Bac Lieu,2023-04-22,2023,4,22,0.1605255270544088
Bac Lieu,2023-04-23,2023,4,23,0.0
Bac Lieu,2023-04-24,2023,4,24,2.22074249824488
Bac Lieu,2023-04-25,2023,4,25,6.273976503084293
Bac Lieu,2023-04-26,2023,4,26,0.7980607731117393
Bac Lieu,2023-04-27,2023,4,27,0.0
Bac Lieu,2023-04-28,2023,4,28,0.0925612342942435
Bac Lieu,2023-04-29,2023,4,29,1.4920120973047222
Bac Lieu,2023-04-30,2023,4,30,15.152665688910576
Bac Lieu,2023-05-01,2023,5,1,0.0
Bac Lieu,2023-05-02,2023,5,2,0.0
Bac Lieu,2023-05-03,2023,5,3,0.0
Bac Lieu,2023-05-04,2023,5,4,0.0
Bac Lieu,2023-05-05,2023,5,5,10.185221509537609
Bac Lieu,2023-05-06,2023,5,6,4.846910552123808
Bac Lieu,2023-05-07,2023,5,7,0.5401305461379718
Bac Lieu,2023-05-08,2023,5,8,5.594429555587049
Bac Lieu,2023-05-09,2023,5,9,4.579522116481134
Bac Lieu,2023-05-10,2023,5,10,0.596626642731001
Bac Lieu,2023-05-11,2023,5,11,15.16829447690496
Bac Lieu,2023-05-12,2023,5,12,10.776539154790482
Bac Lieu,2023-05-13,2023,5,13,0.2042163436637734
Bac Lieu,2023-05-14,2023,5,14,4.640114246728285
Bac Lieu,2023-05-15,2023,5,15,0.3306607655399251
Bac Lieu,2023-05-16,2023,5,16,0.0542208658794187
Bac Lieu,2023-05-17,2023,5,17,5.9762771227314815
Bac Lieu,2023-05-18,2023,5,18,6.72437030076081
Bac Lieu,2023-05-19,2023,5,19,0.52088131477248
Bac Lieu,2023-05-20,2023,5,20,12.631697393993166
Bac Lieu,2023-05-21,2023,5,21,13.954178518259305
Bac Lieu,2023-05-22,2023,5,22,7.083963839944805
Bac Lieu,2023-05-23,2023,5,23,7.1924963011291805
Bac Lieu,2023-05-24,2023,5,24,3.7288461825532737
Bac Lieu,2023-05-25,2023,5,25,4.518068605728869
Bac Lieu,2023-05-26,2023,5,26,18.045365035974758
Bac Lieu,2023-05-27,2023,5,27,21.540957456264856
Bac Lieu,2023-05-28,2023,5,28,9.970226278772897
Bac Lieu,2023-05-29,2023,5,29,6.16436776506676
Bac Lieu,2023-05-30,2023,5,30,0.8301024559668775
Bac Lieu,2023-05-31,2023,5,31,13.291980065525706
Bac Lieu,2023-06-01,2023,6,1,1.337308660678144
Bac Lieu,2023-06-02,2023,6,2,4.052345057901348
Bac Lieu,2023-06-03,2023,6,3,6.675590207918636
Bac Lieu,2023-06-04,2023,6,4,12.102014532557074
Bac Lieu,2023-06-05,2023,6,5,12.74045140118869
Bac Lieu,2023-06-06,2023,6,6,7.287527449661832
Bac Lieu,2023-06-07,2023,6,7,19.479050594005944
Bac Lieu,2023-06-08,2023,6,8,20.43256231061468
Bac Lieu,2023-06-09,2023,6,9,2.7617467823028568
Bac Lieu,2023-06-10,2023,6,10,26.895463681239004
Bac Lieu,2023-06-11,2023,6,11,0.0037843916011306
Bac Lieu,2023-06-12,2023,6,12,6.607705973319289
Bac Lieu,2023-06-13,2023,6,13,4.617212703605869
Bac Lieu,2023-06-14,2023,6,14,1.4456517183285842
Bac Lieu,2023-06-15,2023,6,15,3.684865004719429
Bac Lieu,2023-06-16,2023,6,16,10.75233579354916
Bac Lieu,2023-06-17,2023,6,17,7.037969052296763
Bac Lieu,2023-06-18,2023,6,18,12.1455114080681
Bac Lieu,2023-06-19,2023,6,19,0.0
Bac Lieu,2023-06-20,2023,6,20,12.735310755603718
Bac Lieu,2023-06-21,2023,6,21,5.85801631328295
Bac Lieu,2023-06-22,2023,6,22,5.837128677305187
Bac Lieu,2023-06-23,2023,6,23,1.0398086770300596
Bac Lieu,2023-06-24,2023,6,24,0.7555420284946012
Bac Lieu,2023-06-25,2023,6,25,5.816028860110158
Bac Lieu,2023-06-26,2023,6,26,5.1954831311027965
Bac Lieu,2023-06-27,2023,6,27,9.568679976832192
Bac Lieu,2023-06-28,2023,6,28,5.222339537152705
Bac Lieu,2023-06-29,2023,6,29,1.4856082471451668
Bac Lieu,2023-06-30,2023,6,30,6.956416018414047
Bac Lieu,2023-07-01,2023,7,1,20.524333213806152
Bac Lieu,2023-07-02,2023,7,2,4.002669430201909
Bac Lieu,2023-07-03,2023,7,3,17.375500772998013
Bac Lieu,2023-07-04,2023,7,4,2.0928743454015484
Bac Lieu,2023-07-05,2023,7,5,12.70161607556973
Bac Lieu,2023-07-06,2023,7,6,6.285518191823421
Bac Lieu,2023-07-07,2023,7,7,3.307543993828431
Bac Lieu,2023-07-08,2023,7,8,3.410482255359866
Bac Lieu,2023-07-09,2023,7,9,0.2143680789695596
Bac Lieu,2023-07-10,2023,7,10,2.317964266678073
Bac Lieu,2023-07-11,2023,7,11,3.452682703513021
Bac Lieu,2023-07-12,2023,7,12,6.261831052681187
Bac Lieu,2023-07-13,2023,7,13,16.815737152279553
Bac Lieu,2023-07-14,2023,7,14,0.9399496405709464
Bac Lieu,2023-07-15,2023,7,15,0.4331489183497879
Bac Lieu,2023-07-16,2023,7,16,45.67332311090433
Bac Lieu,2023-07-17,2023,7,17,43.804265857264696
Bac Lieu,2023-07-18,2023,7,18,29.126798406924845
Bac Lieu,2023-07-19,2023,7,19,31.69203359751432
Bac Lieu,2023-07-20,2023,7,20,1.2939463282531165
Bac Lieu,2023-07-21,2023,7,21,4.032976361544629
Bac Lieu,2023-07-22,2023,7,22,4.2433141940674695
Bac Lieu,2023-07-23,2023,7,23,6.400351657201658
Bac Lieu,2023-07-24,2023,7,24,22.26594384197019
Bac Lieu,2023-07-25,2023,7,25,25.15288294792176
Bac Lieu,2023-07-26,2023,7,26,3.465232812215697
Bac Lieu,2023-07-27,2023,7,27,34.73996720396798
Bac Lieu,2023-07-28,2023,7,28,32.273732370700486
Bac Lieu,2023-07-29,2023,7,29,35.59361204881489
Bac Lieu,2023-07-30,2023,7,30,28.86164940254643
Bac Lieu,2023-07-31,2023,7,31,9.446763016034971
Bac Lieu,2023-08-01,2023,8,1,0.5623588556838487
Bac Lieu,2023-08-02,2023,8,2,8.14657294211298
Bac Lieu,2023-08-03,2023,8,3,0.1131152022379749
Bac Lieu,2023-08-04,2023,8,4,0.4846340011380753
Bac Lieu,2023-08-05,2023,8,5,0.3907939777014391
Bac Lieu,2023-08-06,2023,8,6,2.7693941214129616
Bac Lieu,2023-08-07,2023,8,7,0.0
Bac Lieu,2023-08-08,2023,8,8,0.2880427179876363
Bac Lieu,2023-08-09,2023,8,9,0.0
Bac Lieu,2023-08-10,2023,8,10,0.0
Bac Lieu,2023-08-11,2023,8,11,0.0
Bac Lieu,2023-08-12,2023,8,12,0.3302788192461122
Bac Lieu,2023-08-13,2023,8,13,25.282385152348933
Bac Lieu,2023-08-14,2023,8,14,21.651958963142256
Bac Lieu,2023-08-15,2023,8,15,3.5377820409378904
Bac Lieu,2023-08-16,2023,8,16,4.568913005217066
Bac Lieu,2023-08-17,2023,8,17,0.0
Bac Lieu,2023-08-18,2023,8,18,15.916369584605382
Bac Lieu,2023-08-19,2023,8,19,56.89299944636506
Bac Lieu,2023-08-20,2023,8,20,12.098661300299304
Bac Lieu,2023-08-21,2023,8,21,1.0473701220458411
Bac Lieu,2023-08-22,2023,8,22,14.615862502278024
Bac Lieu,2023-08-23,2023,8,23,0.103595502295584
Bac Lieu,2023-08-24,2023,8,24,0.0
Bac Lieu,2023-08-25,2023,8,25,5.613447458105267
Bac Lieu,2023-08-26,2023,8,26,9.929867808207026
Bac Lieu,2023-08-27,2023,8,27,4.48300276787776
Bac Lieu,2023-08-28,2023,8,28,13.733680358274931
Bac Lieu,2023-08-29,2023,8,29,10.706007715666072
Bac Lieu,2023-08-30,2023,8,30,8.553674977554468
Bac Lieu,2023-08-31,2023,8,31,13.962377224292396
Bac Lieu,2023-09-01,2023,9,1,26.66980249275352
Bac Lieu,2023-09-02,2023,9,2,27.329933025432087
Bac Lieu,2023-09-03,2023,9,3,16.65738523549854
Bac Lieu,2023-09-04,2023,9,4,18.1098366221122
Bac Lieu,2023-09-05,2023,9,5,5.122103870445828
Bac Lieu,2023-09-06,2023,9,6,6.71256976796996
Bac Lieu,2023-09-07,2023,9,7,14.77078496425557
Bac Lieu,2023-09-08,2023,9,8,15.448328828019916
Bac Lieu,2023-09-09,2023,9,9,12.79791046963098
Bac Lieu,2023-09-10,2023,9,10,5.5367104352375245
Bac Lieu,2023-09-11,2023,9,11,0.0
Bac Lieu,2023-09-12,2023,9,12,5.728236226819598
Bac Lieu,2023-09-13,2023,9,13,12.287156104699624
Bac Lieu,2023-09-14,2023,9,14,21.754200971927293
Bac Lieu,2023-09-15,2023,9,15,1.2609803794644916
Bac Lieu,2023-09-16,2023,9,16,1.1111529666432796
Bac Lieu,2023-09-17,2023,9,17,7.352343474433108
Bac Lieu,2023-09-18,2023,9,18,1.259776030630436
Bac Lieu,2023-09-19,2023,9,19,17.458400565651235
Bac Lieu,2023-09-20,2023,9,20,0.7978275115355006
Bac Lieu,2023-09-21,2023,9,21,6.5476995254912485
Bac Lieu,2023-09-22,2023,9,22,13.399531681834528
Bac Lieu,2023-09-23,2023,9,23,12.410191666081266
Bac Lieu,2023-09-24,2023,9,24,20.563069484350823
Bac Lieu,2023-09-25,2023,9,25,18.621808200908163
Bac Lieu,2023-09-26,2023,9,26,23.739164810396595
Bac Lieu,2023-09-27,2023,9,27,8.661225047363425
Bac Lieu,2023-09-28,2023,9,28,0.2386045085619081
Bac Lieu,2023-09-29,2023,9,29,12.265509865742809
Bac Lieu,2023-09-30,2023,9,30,2.800134066419782
Bac Lieu,2023-10-01,2023,10,1,35.73939324375369
Bac Lieu,2023-10-02,2023,10,2,30.82982367252854
Bac Lieu,2023-10-03,2023,10,3,5.920985451968211
Bac Lieu,2023-10-04,2023,10,4,4.449709182163455
Bac Lieu,2023-10-05,2023,10,5,6.495905305538538
Bac Lieu,2023-10-06,2023,10,6,0.0
Bac Lieu,2023-10-07,2023,10,7,2.182470126053073
Bac Lieu,2023-10-08,2023,10,8,11.1579791779968
Bac Lieu,2023-10-09,2023,10,9,0.0293734930146415
Bac Lieu,2023-10-10,2023,10,10,4.3840554565303735
Bac Lieu,2023-10-11,2023,10,11,2.7734908485862446
Bac Lieu,2023-10-12,2023,10,12,4.141975332817943
Bac Lieu,2023-10-13,2023,10,13,5.405608471681488
Bac Lieu,2023-10-14,2023,10,14,11.59300806561956
Bac Lieu,2023-10-15,2023,10,15,10.50323493012842
Bac Lieu,2023-10-16,2023,10,16,20.44866856609201
Bac Lieu,2023-10-17,2023,10,17,1.5515120325988194
Bac Lieu,2023-10-18,2023,10,18,0.0
Bac Lieu,2023-10-19,2023,10,19,11.440512546611284
Bac Lieu,2023-10-20,2023,10,20,0.5223324626526743
Bac Lieu,2023-10-21,2023,10,21,11.855633326710397
Bac Lieu,2023-10-22,2023,10,22,2.112716235232804
Bac Lieu,2023-10-23,2023,10,23,7.658145025577187
Bac Lieu,2023-10-24,2023,10,24,0.0
Bac Lieu,2023-10-25,2023,10,25,1.590471796737527
Bac Lieu,2023-10-26,2023,10,26,1.18952966304995
Bac Lieu,2023-10-27,2023,10,27,5.27580310871916
Bac Lieu,2023-10-28,2023,10,28,20.5247387945787
Bac Lieu,2023-10-29,2023,10,29,13.587300142648086
Bac Lieu,2023-10-30,2023,10,30,12.605563514529535
Bac Lieu,2023-10-31,2023,10,31,4.564691374868717
Bac Lieu,2023-11-01,2023,11,1,6.546426509533288
Bac Lieu,2023-11-02,2023,11,2,13.169311995776198
Bac Lieu,2023-11-03,2023,11,3,14.473154005302575
Bac Lieu,2023-11-04,2023,11,4,1.012320156385314
Bac Lieu,2023-11-05,2023,11,5,0.9245627528856386
Bac Lieu,2023-11-06,2023,11,6,1.4908739934237498
Bac Lieu,2023-11-07,2023,11,7,4.565275524607245
Bac Lieu,2023-11-08,2023,11,8,1.1692079325262108
Bac Lieu,2023-11-09,2023,11,9,18.192269854419635
Bac Lieu,2023-11-10,2023,11,10,11.92905978240607
Bac Lieu,2023-11-11,2023,11,11,22.09379559326172
Bac Lieu,2023-11-12,2023,11,12,0.4411178271455585
Bac Lieu,2023-11-13,2023,11,13,12.440481472105352
Bac Lieu,2023-11-14,2023,11,14,14.529249019334902
Bac Lieu,2023-11-15,2023,11,15,1.1461918629340409
Bac Lieu,2023-11-16,2023,11,16,24.67161559346037
Bac Lieu,2023-11-17,2023,11,17,1.2580642913602436
Bac Lieu,2023-11-18,2023,11,18,0.1725926718082068
Bac Lieu,2023-11-19,2023,11,19,5.844514250539386
Bac Lieu,2023-11-20,2023,11,20,0.1522753069895618
Bac Lieu,2023-11-21,2023,11,21,0.3603843849020184
Bac Lieu,2023-11-22,2023,11,22,2.14569524752419
Bac Lieu,2023-11-23,2023,11,23,11.012742652596168
Bac Lieu,2023-11-24,2023,11,24,3.1329296743374955
Bac Lieu,2023-11-25,2023,11,25,13.5343028506333
Bac Lieu,2023-11-26,2023,11,26,10.209925470433143
Bac Lieu,2023-11-27,2023,11,27,0.3270446755751124
Bac Lieu,2023-11-28,2023,11,28,4.667882732247407
Bac Lieu,2023-11-29,2023,11,29,0.457909597729737
Bac Lieu,2023-11-30,2023,11,30,0.2228642844074177
Bac Lieu,2023-12-01,2023,12,1,0.0605771395845233
Bac Lieu,2023-12-02,2023,12,2,24.748618232619084
Bac Lieu,2023-12-03,2023,12,3,0.0774103265438439
Bac Lieu,2023-12-04,2023,12,4,0.970451527370597
Bac Lieu,2023-12-05,2023,12,5,5.334399636070684
Bac Lieu,2023-12-06,2023,12,6,0.0440615351514996
Bac Lieu,2023-12-07,2023,12,7,4.31564394557701
Bac Lieu,2023-12-08,2023,12,8,0.0114820578143281
Bac Lieu,2023-12-09,2023,12,9,0.0
Bac Lieu,2023-12-10,2023,12,10,0.0
Bac Lieu,2023-12-11,2023,12,11,0.0
Bac Lieu,2023-12-12,2023,12,12,0.0
Bac Lieu,2023-12-13,2023,12,13,0.0
Bac Lieu,2023-12-14,2023,12,14,0.068810016883994
Bac Lieu,2023-12-15,2023,12,15,0.0
Bac Lieu,2023-12-16,2023,12,16,0.0
Bac Lieu,2023-12-17,2023,12,17,0.0
Bac Lieu,2023-12-18,2023,12,18,0.0
Bac Lieu,2023-12-19,2023,12,19,0.0
Bac Lieu,2023-12-20,2023,12,20,0.0407764749616946
Bac Lieu,2023-12-21,2023,12,21,0.0
Bac Lieu,2023-12-22,2023,12,22,0.0
Bac Lieu,2023-12-23,2023,12,23,0.0471940910411331
Bac Lieu,2023-12-24,2023,12,24,0.4129982008934021
Bac Lieu,2023-12-25,2023,12,25,0.0
Bac Lieu,2023-12-26,2023,12,26,0.0
Bac Lieu,2023-12-27,2023,12,27,0.0
Bac Lieu,2023-12-28,2023,12,28,0.0
Bac Lieu,2023-12-29,2023,12,29,0.0
Bac Lieu,2023-12-30,2023,12,30,0.0
Bac Lieu,2023-12-31,2023,12,31,0.0
Bac Lieu,2024-01-01,2024,1,1,0.2349783737074654
Bac Lieu,2024-01-02,2024,1,2,0.0
Bac Lieu,2024-01-03,2024,1,3,0.2948665342285948
Bac Lieu,2024-01-04,2024,1,4,0.0
Bac Lieu,2024-01-05,2024,1,5,3.943207453921157
Bac Lieu,2024-01-06,2024,1,6,0.7535715559023732
Bac Lieu,2024-01-07,2024,1,7,0.0
Bac Lieu,2024-01-08,2024,1,8,2.299292949532563
Bac Lieu,2024-01-09,2024,1,9,0.2794402466450097
Bac Lieu,2024-01-10,2024,1,10,0.0
Bac Lieu,2024-01-11,2024,1,11,0.4571499761680387
Bac Lieu,2024-01-12,2024,1,12,0.0
Bac Lieu,2024-01-13,2024,1,13,0.0
Bac Lieu,2024-01-14,2024,1,14,0.2610360785250394
Bac Lieu,2024-01-15,2024,1,15,0.0625454275832986
Bac Lieu,2024-01-16,2024,1,16,0.8295907410473196
Bac Lieu,2024-01-17,2024,1,17,0.1109723964187334
Bac Lieu,2024-01-18,2024,1,18,0.0
Bac Lieu,2024-01-19,2024,1,19,0.0
Bac Lieu,2024-01-20,2024,1,20,1.1516519755035075
Bac Lieu,2024-01-21,2024,1,21,0.0
Bac Lieu,2024-01-22,2024,1,22,0.0
Bac Lieu,2024-01-23,2024,1,23,0.0
Bac Lieu,2024-01-24,2024,1,24,0.0
Bac Lieu,2024-01-25,2024,1,25,0.0
Bac Lieu,2024-01-26,2024,1,26,0.0
Bac Lieu,2024-01-27,2024,1,27,0.1260650853480933
Bac Lieu,2024-01-28,2024,1,28,0.0
Bac Lieu,2024-01-29,2024,1,29,0.0
Bac Lieu,2024-01-30,2024,1,30,0.0
Bac Lieu,2024-01-31,2024,1,31,0.0
Bac Lieu,2024-02-01,2024,2,1,0.0
Bac Lieu,2024-02-02,2024,2,2,0.0
Bac Lieu,2024-02-03,2024,2,3,0.0
Bac Lieu,2024-02-04,2024,2,4,0.0
Bac Lieu,2024-02-05,2024,2,5,0.0170653362634047
Bac Lieu,2024-02-06,2024,2,6,0.0
Bac Lieu,2024-02-07,2024,2,7,0.0
Bac Lieu,2024-02-08,2024,2,8,0.0
Bac Lieu,2024-02-09,2024,2,9,0.0
Bac Lieu,2024-02-10,2024,2,10,0.0
Bac Lieu,2024-02-11,2024,2,11,0.0
Bac Lieu,2024-02-12,2024,2,12,0.0
Bac Lieu,2024-02-13,2024,2,13,0.0
Bac Lieu,2024-02-14,2024,2,14,0.0
Bac Lieu,2024-02-15,2024,2,15,0.0
Bac Lieu,2024-02-16,2024,2,16,0.0
Bac Lieu,2024-02-17,2024,2,17,0.0
Bac Lieu,2024-02-18,2024,2,18,0.0492459517065084
Bac Lieu,2024-02-19,2024,2,19,0.0
Bac Lieu,2024-02-20,2024,2,20,0.0
Bac Lieu,2024-02-21,2024,2,21,0.0
Bac Lieu,2024-02-22,2024,2,22,0.0
Bac Lieu,2024-02-23,2024,2,23,0.0
Bac Lieu,2024-02-24,2024,2,24,0.0
Bac Lieu,2024-02-25,2024,2,25,0.0
Bac Lieu,2024-02-26,2024,2,26,0.0
Bac Lieu,2024-02-27,2024,2,27,0.0309769652474601
Bac Lieu,2024-02-28,2024,2,28,0.0
Bac Lieu,2024-02-29,2024,2,29,0.0
Bac Lieu,2024-03-01,2024,3,1,0.1950829335563588
Bac Lieu,2024-03-02,2024,3,2,0.0414536211535615
Bac Lieu,2024-03-03,2024,3,3,0.1441119143063167
Bac Lieu,2024-03-04,2024,3,4,0.0
Bac Lieu,2024-03-05,2024,3,5,0.0234311338190762
Bac Lieu,2024-03-06,2024,3,6,0.3461286555056302
Bac Lieu,2024-03-07,2024,3,7,0.6660124727105196
Bac Lieu,2024-03-08,2024,3,8,0.0
Bac Lieu,2024-03-09,2024,3,9,5.686394421937331
Bac Lieu,2024-03-10,2024,3,10,0.5634456102983008
Bac Lieu,2024-03-11,2024,3,11,0.0
Bac Lieu,2024-03-12,2024,3,12,0.0
Bac Lieu,2024-03-13,2024,3,13,0.0
Bac Lieu,2024-03-14,2024,3,14,0.0
Bac Lieu,2024-03-15,2024,3,15,0.0
Bac Lieu,2024-03-16,2024,3,16,0.0
Bac Lieu,2024-03-17,2024,3,17,0.0
Bac Lieu,2024-03-18,2024,3,18,0.0
Bac Lieu,2024-03-19,2024,3,19,0.0
Bac Lieu,2024-03-20,2024,3,20,0.0437011036018155
Bac Lieu,2024-03-21,2024,3,21,0.0
Bac Lieu,2024-03-22,2024,3,22,0.0
Bac Lieu,2024-03-23,2024,3,23,0.0
Bac Lieu,2024-03-24,2024,3,24,0.0
Bac Lieu,2024-03-25,2024,3,25,0.0
Bac Lieu,2024-03-26,2024,3,26,0.0
Bac Lieu,2024-03-27,2024,3,27,0.0
Bac Lieu,2024-03-28,2024,3,28,0.5552863675873235
Bac Lieu,2024-03-29,2024,3,29,0.0
Bac Lieu,2024-03-30,2024,3,30,0.0
Bac Lieu,2024-03-31,2024,3,31,2.2475564740109
Bac Lieu,2024-04-01,2024,4,1,1.226472438542348
Bac Lieu,2024-04-02,2024,4,2,1.1670277003972038
Bac Lieu,2024-04-03,2024,4,3,0.0
Bac Lieu,2024-04-04,2024,4,4,0.0
Bac Lieu,2024-04-05,2024,4,5,0.0
Bac Lieu,2024-04-06,2024,4,6,0.0
Bac Lieu,2024-04-07,2024,4,7,0.0
Bac Lieu,2024-04-08,2024,4,8,0.5261750987700697
Bac Lieu,2024-04-09,2024,4,9,0.849730088845739
Bac Lieu,2024-04-10,2024,4,10,0.0
Bac Lieu,2024-04-11,2024,4,11,1.4210274667042608
Bac Lieu,2024-04-12,2024,4,12,0.0012882713962767
Bac Lieu,2024-04-13,2024,4,13,0.4057286182090922
Bac Lieu,2024-04-14,2024,4,14,0.0091227987687187
Bac Lieu,2024-04-15,2024,4,15,6.430966697675071e-07
Bac Lieu,2024-04-16,2024,4,16,0.0848762400195283
Bac Lieu,2024-04-17,2024,4,17,0.0
Bac Lieu,2024-04-18,2024,4,18,0.0
Bac Lieu,2024-04-19,2024,4,19,0.0
Bac Lieu,2024-04-20,2024,4,20,0.0
Bac Lieu,2024-04-21,2024,4,21,0.0
Bac Lieu,2024-04-22,2024,4,22,0.0
Bac Lieu,2024-04-23,2024,4,23,0.0
Bac Lieu,2024-04-24,2024,4,24,0.0
Bac Lieu,2024-04-25,2024,4,25,0.0733166970396941
Bac Lieu,2024-04-26,2024,4,26,1.0617749966585412
Bac Lieu,2024-04-27,2024,4,27,0.0
Bac Lieu,2024-04-28,2024,4,28,1.4792118946831183
Bac Lieu,2024-04-29,2024,4,29,0.0
Bac Lieu,2024-04-30,2024,4,30,0.1241935439199771
Bac Lieu,2024-05-01,2024,5,1,0.0
Bac Lieu,2024-05-02,2024,5,2,0.0
Bac Lieu,2024-05-03,2024,5,3,2.00616959877734
Bac Lieu,2024-05-04,2024,5,4,10.413869641340009
Bac Lieu,2024-05-05,2024,5,5,8.533654969881168
Bac Lieu,2024-05-06,2024,5,6,0.1163632208986102
Bac Lieu,2024-05-07,2024,5,7,0.5344998036150664
Bac Lieu,2024-05-08,2024,5,8,20.854694825118443
Bac Lieu,2024-05-09,2024,5,9,5.925175904184019
Bac Lieu,2024-05-10,2024,5,10,12.958393073729752
Bac Lieu,2024-05-11,2024,5,11,1.0020801185391983
Bac Lieu,2024-05-12,2024,5,12,0.0
Bac Lieu,2024-05-13,2024,5,13,4.753474818733504
Bac Lieu,2024-05-14,2024,5,14,3.296191484631233
Bac Lieu,2024-05-15,2024,5,15,13.933271359281724
Bac Lieu,2024-05-16,2024,5,16,17.728457380222828
Bac Lieu,2024-05-17,2024,5,17,16.40331610931541
Bac Lieu,2024-05-18,2024,5,18,2.687652018655021
Bac Lieu,2024-05-19,2024,5,19,6.059197468964559
Bac Lieu,2024-05-20,2024,5,20,10.419530770157872
Bac Lieu,2024-05-21,2024,5,21,4.625298411837164
Bac Lieu,2024-05-22,2024,5,22,9.703854108342586
Bac Lieu,2024-05-23,2024,5,23,10.967246335785346
Bac Lieu,2024-05-24,2024,5,24,0.2140550643632997
Bac Lieu,2024-05-25,2024,5,25,0.0
Bac Lieu,2024-05-26,2024,5,26,0.0807857054944308
Bac Lieu,2024-05-27,2024,5,27,8.81997203661361
Bac Lieu,2024-05-28,2024,5,28,17.627019158309363
Bac Lieu,2024-05-29,2024,5,29,17.365092425148443
Bac Lieu,2024-05-30,2024,5,30,16.219234483394978
Bac Lieu,2024-05-31,2024,5,31,13.957518997210382
Bac Lieu,2024-06-01,2024,6,1,8.551769457763097
Bac Lieu,2024-06-02,2024,6,2,6.247322112389333
Bac Lieu,2024-06-03,2024,6,3,9.100596677492252
Bac Lieu,2024-06-04,2024,6,4,0.5532699105424702
Bac Lieu,2024-06-05,2024,6,5,10.148740961110818
Bac Lieu,2024-06-06,2024,6,6,9.213571685862991
Bac Lieu,2024-06-07,2024,6,7,19.8377090054638
Bac Lieu,2024-06-08,2024,6,8,19.68905748475273
Bac Lieu,2024-06-09,2024,6,9,0.0109076928372653
Bac Lieu,2024-06-10,2024,6,10,1.4264932716117715
Bac Lieu,2024-06-11,2024,6,11,3.8123366492199455
Bac Lieu,2024-06-12,2024,6,12,4.483639968107331
Bac Lieu,2024-06-13,2024,6,13,4.915034383422924
Bac Lieu,2024-06-14,2024,6,14,4.79589726199744
Bac Lieu,2024-06-15,2024,6,15,18.65000833054309
Bac Lieu,2024-06-16,2024,6,16,1.178737685509448
Bac Lieu,2024-06-17,2024,6,17,0.0073076040879735
Bac Lieu,2024-06-18,2024,6,18,16.602399922244956
Bac Lieu,2024-06-19,2024,6,19,16.4291492881595
Bac Lieu,2024-06-20,2024,6,20,42.45482247845633
Bac Lieu,2024-06-21,2024,6,21,32.489450508189655
Bac Lieu,2024-06-22,2024,6,22,14.674594871323068
Bac Lieu,2024-06-23,2024,6,23,10.24415757979987
Bac Lieu,2024-06-24,2024,6,24,28.38828446143528
Bac Lieu,2024-06-25,2024,6,25,0.0
Bac Lieu,2024-06-26,2024,6,26,10.406943651775142
Bac Lieu,2024-06-27,2024,6,27,7.17085799358476
Bac Lieu,2024-06-28,2024,6,28,3.004021315700604
Bac Lieu,2024-06-29,2024,6,29,0.0
Bac Lieu,2024-06-30,2024,6,30,1.8866279775961396
Bac Lieu,2024-07-01,2024,7,1,5.858777814370282
Bac Lieu,2024-07-02,2024,7,2,36.4372146654669
Bac Lieu,2024-07-03,2024,7,3,21.180759393692018
Bac Lieu,2024-07-04,2024,7,4,2.9760700917154
Bac Lieu,2024-07-05,2024,7,5,0.6145088045372153
Bac Lieu,2024-07-06,2024,7,6,0.6223099448815832
Bac Lieu,2024-07-07,2024,7,7,12.762120339807474
Bac Lieu,2024-07-08,2024,7,8,10.948982634463402
Bac Lieu,2024-07-09,2024,7,9,4.976969659796303
Bac Lieu,2024-07-10,2024,7,10,14.11649683542072
Bac Lieu,2024-07-11,2024,7,11,9.684453879230428
Bac Lieu,2024-07-12,2024,7,12,2.9404671298512883
Bac Lieu,2024-07-13,2024,7,13,12.97082113841795
Bac Lieu,2024-07-14,2024,7,14,7.576059038828006
Bac Lieu,2024-07-15,2024,7,15,32.72156249971211
Bac Lieu,2024-07-16,2024,7,16,12.452850708295715
Bac Lieu,2024-07-17,2024,7,17,18.18302796612146
Bac Lieu,2024-07-18,2024,7,18,39.23785435579408
Bac Lieu,2024-07-19,2024,7,19,6.603239501629236
Bac Lieu,2024-07-20,2024,7,20,23.385243035910275
Bac Lieu,2024-07-21,2024,7,21,17.26497355013074
Bac Lieu,2024-07-22,2024,7,22,25.84244229896114
Bac Lieu,2024-07-23,2024,7,23,0.0
Bac Lieu,2024-07-24,2024,7,24,6.742025130199937
Bac Lieu,2024-07-25,2024,7,25,29.18993875406373
Bac Lieu,2024-07-26,2024,7,26,33.71265771419598
Bac Lieu,2024-07-27,2024,7,27,20.43932334306105
Bac Lieu,2024-07-28,2024,7,28,1.0705563110135636
Bac Lieu,2024-07-29,2024,7,29,0.0
Bac Lieu,2024-07-30,2024,7,30,8.21793038213478
Bac Lieu,2024-07-31,2024,7,31,16.6319207163037
Bac Lieu,2024-08-01,2024,8,1,7.162732397241414
Bac Lieu,2024-08-02,2024,8,2,27.13765048664021
Bac Lieu,2024-08-03,2024,8,3,11.898034662066769
Bac Lieu,2024-08-04,2024,8,4,17.50342893927952
Bac Lieu,2024-08-05,2024,8,5,9.417488194213728
Bac Lieu,2024-08-06,2024,8,6,7.627315147453887
Bac Lieu,2024-08-07,2024,8,7,1.8704638585504496
Bac Lieu,2024-08-08,2024,8,8,0.0
Bac Lieu,2024-08-09,2024,8,9,0.0053493917753111
Bac Lieu,2024-08-10,2024,8,10,3.748164568109333
Bac Lieu,2024-08-11,2024,8,11,10.02101945078148
Bac Lieu,2024-08-12,2024,8,12,1.4262103907387211
Bac Lieu,2024-08-13,2024,8,13,14.12085915248799
Bac Lieu,2024-08-14,2024,8,14,1.52127466158597
Bac Lieu,2024-08-15,2024,8,15,2.2626192179266016
Bac Lieu,2024-08-16,2024,8,16,1.883065242299494
Bac Lieu,2024-08-17,2024,8,17,2.303964121980488
Bac Lieu,2024-08-18,2024,8,18,0.0
Bac Lieu,2024-08-19,2024,8,19,0.4053273298155587
Bac Lieu,2024-08-20,2024,8,20,0.0
Bac Lieu,2024-08-21,2024,8,21,6.494735952503277
Bac Lieu,2024-08-22,2024,8,22,5.178252681102395
Bac Lieu,2024-08-23,2024,8,23,7.799820059488406
Bac Lieu,2024-08-24,2024,8,24,6.760791731600493
Bac Lieu,2024-08-25,2024,8,25,11.388730823696784
Bac Lieu,2024-08-26,2024,8,26,16.20169022934392
Bac Lieu,2024-08-27,2024,8,27,17.913652020364438
Bac Lieu,2024-08-28,2024,8,28,41.71018347383895
Bac Lieu,2024-08-29,2024,8,29,22.49343288903866
Bac Lieu,2024-08-30,2024,8,30,10.293571517332548
Bac Lieu,2024-08-31,2024,8,31,9.70126140745631
Bac Lieu,2024-09-01,2024,9,1,37.80570287099874
Bac Lieu,2024-09-02,2024,9,2,1.5337597179412843
Bac Lieu,2024-09-03,2024,9,3,13.058158908394148
Bac Lieu,2024-09-04,2024,9,4,34.57672180197375
Bac Lieu,2024-09-05,2024,9,5,26.6134040813806
Bac Lieu,2024-09-06,2024,9,6,22.34210021051371
Bac Lieu,2024-09-07,2024,9,7,15.640601201147406
Bac Lieu,2024-09-08,2024,9,8,6.106804161179741
Bac Lieu,2024-09-09,2024,9,9,0.0
Bac Lieu,2024-09-10,2024,9,10,40.34180235765567
Bac Lieu,2024-09-11,2024,9,11,17.04437049646198
Bac Lieu,2024-09-12,2024,9,12,25.90034303593186
Bac Lieu,2024-09-13,2024,9,13,16.374310844097494
Bac Lieu,2024-09-14,2024,9,14,37.90390301672017
Bac Lieu,2024-09-15,2024,9,15,30.638361911521773
Bac Lieu,2024-09-16,2024,9,16,16.775619859191607
Bac Lieu,2024-09-17,2024,9,17,11.29277890493285
Bac Lieu,2024-09-18,2024,9,18,19.452117031331337
Bac Lieu,2024-09-19,2024,9,19,4.545989151576781
Bac Lieu,2024-09-20,2024,9,20,20.06347049619567
Bac Lieu,2024-09-21,2024,9,21,21.97086100851815
Bac Lieu,2024-09-22,2024,9,22,12.02023291422286
Bac Lieu,2024-09-23,2024,9,23,7.741668844942777
Bac Lieu,2024-09-24,2024,9,24,17.009034949194714
Bac Lieu,2024-09-25,2024,9,25,2.977787955715971
Bac Lieu,2024-09-26,2024,9,26,7.745492451613805
Bac Lieu,2024-09-27,2024,9,27,0.1570626260469544
Bac Lieu,2024-09-28,2024,9,28,1.047033043663457
Bac Lieu,2024-09-29,2024,9,29,5.657489923981002
Bac Lieu,2024-09-30,2024,9,30,2.090621608680149
Bac Lieu,2024-10-01,2024,10,1,8.667926972623144
Bac Lieu,2024-10-02,2024,10,2,2.7683094780220183
Bac Lieu,2024-10-03,2024,10,3,11.919774331308762
Bac Lieu,2024-10-04,2024,10,4,12.248914913789282
Bac Lieu,2024-10-05,2024,10,5,15.717303994412692
Bac Lieu,2024-10-06,2024,10,6,10.03051028161679
Bac Lieu,2024-10-07,2024,10,7,9.78251906704453
Bac Lieu,2024-10-08,2024,10,8,30.16652218613535
Bac Lieu,2024-10-09,2024,10,9,15.027998010329483
Bac Lieu,2024-10-10,2024,10,10,29.357572879071505
Bac Lieu,2024-10-11,2024,10,11,2.386676981925965
Bac Lieu,2024-10-12,2024,10,12,11.12037507530428
Bac Lieu,2024-10-13,2024,10,13,9.89592706489563
Bac Lieu,2024-10-14,2024,10,14,16.3595019572276
Bac Lieu,2024-10-15,2024,10,15,24.149782112157567
Bac Lieu,2024-10-16,2024,10,16,30.13359444528256
Bac Lieu,2024-10-17,2024,10,17,19.911639770543804
Bac Lieu,2024-10-18,2024,10,18,4.962719758231686
Bac Lieu,2024-10-19,2024,10,19,9.034951035049728
Bac Lieu,2024-10-20,2024,10,20,17.822572519086446
Bac Lieu,2024-10-21,2024,10,21,19.192985135204392
Bac Lieu,2024-10-22,2024,10,22,26.28080196765685
Bac Lieu,2024-10-23,2024,10,23,4.457659416774535
Bac Lieu,2024-10-24,2024,10,24,7.482176475470922
Bac Lieu,2024-10-25,2024,10,25,0.0
Bac Lieu,2024-10-26,2024,10,26,16.7950399562008
Bac Lieu,2024-10-27,2024,10,27,18.074188546738533
Bac Lieu,2024-10-28,2024,10,28,8.754680762758795
Bac Lieu,2024-10-29,2024,10,29,8.137152566441952
Bac Lieu,2024-10-30,2024,10,30,0.7291059298965167
Bac Lieu,2024-10-31,2024,10,31,0.051893369746658
Bac Lieu,2024-11-01,2024,11,1,19.473977178897503
Bac Lieu,2024-11-02,2024,11,2,33.229789192559586
Bac Lieu,2024-11-03,2024,11,3,18.206749413652247
Bac Lieu,2024-11-04,2024,11,4,45.10812233158328
Bac Lieu,2024-11-05,2024,11,5,7.163366677374212
Bac Lieu,2024-11-06,2024,11,6,1.6083788918279258
Bac Lieu,2024-11-07,2024,11,7,1.5405752178588006
Bac Lieu,2024-11-08,2024,11,8,0.878529647629216
Bac Lieu,2024-11-09,2024,11,9,0.6348368550516525
Bac Lieu,2024-11-10,2024,11,10,0.0
Bac Lieu,2024-11-11,2024,11,11,0.0
Bac Lieu,2024-11-12,2024,11,12,0.0501513925768294
Bac Lieu,2024-11-13,2024,11,13,0.0
Bac Lieu,2024-11-14,2024,11,14,0.0
Bac Lieu,2024-11-15,2024,11,15,0.0
Bac Lieu,2024-11-16,2024,11,16,0.0
Bac Lieu,2024-11-17,2024,11,17,0.0
Bac Lieu,2024-11-18,2024,11,18,0.0
Bac Lieu,2024-11-19,2024,11,19,0.0
Bac Lieu,2024-11-20,2024,11,20,0.0
Bac Lieu,2024-11-21,2024,11,21,0.0
Bac Lieu,2024-11-22,2024,11,22,0.7358322856111348
Bac Lieu,2024-11-23,2024,11,23,0.2140367778742088
Bac Lieu,2024-11-24,2024,11,24,0.0
Bac Lieu,2024-11-25,2024,11,25,5.32296269024543
Bac Lieu,2024-11-26,2024,11,26,5.915919378946413
Bac Lieu,2024-11-27,2024,11,27,4.144302613528271
Bac Lieu,2024-11-28,2024,11,28,7.209665922632758
Bac Lieu,2024-11-29,2024,11,29,22.81405330744329
Bac Lieu,2024-11-30,2024,11,30,1.3606369896654815
Bac Lieu,2024-12-01,2024,12,1,0.1429043703978916
Bac Lieu,2024-12-02,2024,12,2,4.424358095115086
Bac Lieu,2024-12-03,2024,12,3,11.741891270007724
Bac Lieu,2024-12-04,2024,12,4,16.35747326015976
Bac Lieu,2024-12-05,2024,12,5,0.0
Bac Lieu,2024-12-06,2024,12,6,0.0
Bac Lieu,2024-12-07,2024,12,7,0.0
Bac Lieu,2024-12-08,2024,12,8,2.0365809524689085
Bac Lieu,2024-12-09,2024,12,9,3.010224774212208
Bac Lieu,2024-12-10,2024,12,10,8.580504260333079
Bac Lieu,2024-12-11,2024,12,11,8.580439870240555
Bac Lieu,2024-12-12,2024,12,12,5.028558934544617
Bac Lieu,2024-12-13,2024,12,13,14.103322877236137
Bac Lieu,2024-12-14,2024,12,14,7.0200232706969645
Bac Lieu,2024-12-15,2024,12,15,0.1975270309538211
Bac Lieu,2024-12-16,2024,12,16,0.0
Bac Lieu,2024-12-17,2024,12,17,0.0
Bac Lieu,2024-12-18,2024,12,18,0.0
Bac Lieu,2024-12-19,2024,12,19,0.0
Bac Lieu,2024-12-20,2024,12,20,0.9001679071120496
Bac Lieu,2024-12-21,2024,12,21,0.8609634599145856
Bac Lieu,2024-12-22,2024,12,22,0.0
Bac Lieu,2024-12-23,2024,12,23,0.0
Bac Lieu,2024-12-24,2024,12,24,0.0
Bac Lieu,2024-12-25,2024,12,25,0.0223342918449977
Bac Lieu,2024-12-26,2024,12,26,12.593677377970716
Bac Lieu,2024-12-27,2024,12,27,0.0
Bac Lieu,2024-12-28,2024,12,28,0.0
Bac Lieu,2024-12-29,2024,12,29,0.0
Bac Lieu,2024-12-30,2024,12,30,0.0
Bac Lieu,2024-12-31,2024,12,31,0.4682884836916654
Bac Lieu,2025-01-01,2025,1,1,0.0
Bac Lieu,2025-01-02,2025,1,2,0.0
Bac Lieu,2025-01-03,2025,1,3,4.425275439055461
Bac Lieu,2025-01-04,2025,1,4,0.0
Bac Lieu,2025-01-05,2025,1,5,0.0
Bac Lieu,2025-01-06,2025,1,6,0.0
Bac Lieu,2025-01-07,2025,1,7,0.0
Bac Lieu,2025-01-08,2025,1,8,0.0
Bac Lieu,2025-01-09,2025,1,9,0.3109954177186175
Bac Lieu,2025-01-10,2025,1,10,0.1389526330277605
Bac Lieu,2025-01-11,2025,1,11,0.004974260600108
Bac Lieu,2025-01-12,2025,1,12,0.1061258612005216
Bac Lieu,2025-01-13,2025,1,13,0.0
Bac Lieu,2025-01-14,2025,1,14,0.0047751728262541
Bac Lieu,2025-01-15,2025,1,15,0.0
Bac Lieu,2025-01-16,2025,1,16,0.0124126301846414
Bac Lieu,2025-01-17,2025,1,17,0.0
Bac Lieu,2025-01-18,2025,1,18,0.0
Bac Lieu,2025-01-19,2025,1,19,0.0
Bac Lieu,2025-01-20,2025,1,20,0.0013096225936457
Bac Lieu,2025-01-21,2025,1,21,0.00017441223751734898
Bac Lieu,2025-01-22,2025,1,22,1.4092228792276025
Bac Lieu,2025-01-23,2025,1,23,0.7876270676974981
Bac Lieu,2025-01-24,2025,1,24,1.6271434395875577
Bac Lieu,2025-01-25,2025,1,25,0.0059323237625866
Bac Lieu,2025-01-26,2025,1,26,0.0
Bac Lieu,2025-01-27,2025,1,27,0.0
Bac Lieu,2025-01-28,2025,1,28,0.0
Bac Lieu,2025-01-29,2025,1,29,1.2401865323444583
Bac Lieu,2025-01-30,2025,1,30,0.0642123461107038
Bac Lieu,2025-01-31,2025,1,31,0.0761421036810245
Bac Lieu,2025-02-01,2025,2,1,0.0
Bac Lieu,2025-02-02,2025,2,2,0.0
Bac Lieu,2025-02-03,2025,2,3,0.0
Bac Lieu,2025-02-04,2025,2,4,0.0
Bac Lieu,2025-02-05,2025,2,5,0.0
Bac Lieu,2025-02-06,2025,2,6,8.607828090563725e-09
Bac Lieu,2025-02-07,2025,2,7,2.761381512652888e-07
Bac Lieu,2025-02-08,2025,2,8,2.879485898247024e-05
Bac Lieu,2025-02-09,2025,2,9,7.15341935448254e-06
Bac Lieu,2025-02-10,2025,2,10,2.1241282120785634
Bac Lieu,2025-02-11,2025,2,11,0.3248015938052592
Bac Lieu,2025-02-12,2025,2,12,0.0
Bac Lieu,2025-02-13,2025,2,13,0.0
Bac Lieu,2025-02-14,2025,2,14,0.0
Bac Lieu,2025-02-15,2025,2,15,0.0365476540979349
Bac Lieu,2025-02-16,2025,2,16,0.0682710960856023
Bac Lieu,2025-02-17,2025,2,17,0.0979981926252257
Bac Lieu,2025-02-18,2025,2,18,0.0
Bac Lieu,2025-02-19,2025,2,19,0.0
Bac Lieu,2025-02-20,2025,2,20,0.0
Bac Lieu,2025-02-21,2025,2,21,0.0
Bac Lieu,2025-02-22,2025,2,22,0.0
Bac Lieu,2025-02-23,2025,2,23,0.2543262076917684
Bac Lieu,2025-02-24,2025,2,24,0.0
Bac Lieu,2025-02-25,2025,2,25,0.0
Bac Lieu,2025-02-26,2025,2,26,2.124441683119198
Bac Lieu,2025-02-27,2025,2,27,0.0333965699894013
Bac Lieu,2025-02-28,2025,2,28,0.0099042505686411
Bac Lieu,2025-03-01,2025,3,1,0.0
Bac Lieu,2025-03-02,2025,3,2,0.0
Bac Lieu,2025-03-03,2025,3,3,0.0
Bac Lieu,2025-03-04,2025,3,4,0.0
Bac Lieu,2025-03-05,2025,3,5,0.7932610616504023
Bac Lieu,2025-03-06,2025,3,6,0.0
Bac Lieu,2025-03-07,2025,3,7,0.0329880219225613
Bac Lieu,2025-03-08,2025,3,8,0.0
Bac Lieu,2025-03-09,2025,3,9,0.0
Bac Lieu,2025-03-10,2025,3,10,0.0
Bac Lieu,2025-03-11,2025,3,11,0.0
Bac Lieu,2025-03-12,2025,3,12,0.0
Bac Lieu,2025-03-13,2025,3,13,0.0
Bac Lieu,2025-03-14,2025,3,14,0.0
Bac Lieu,2025-03-15,2025,3,15,0.0
Bac Lieu,2025-03-16,2025,3,16,0.0090661566212492
Bac Lieu,2025-03-17,2025,3,17,3.4245527617256606
Bac Lieu,2025-03-18,2025,3,18,1.3790277617472524
Bac Lieu,2025-03-19,2025,3,19,0.1106982157365331
Bac Lieu,2025-03-20,2025,3,20,16.154179886260128
Bac Lieu,2025-03-21,2025,3,21,0.8977271237643261
Bac Lieu,2025-03-22,2025,3,22,0.2510262098402347
Bac Lieu,2025-03-23,2025,3,23,0.0
Bac Lieu,2025-03-24,2025,3,24,0.0
Bac Lieu,2025-03-25,2025,3,25,0.0
Bac Lieu,2025-03-26,2025,3,26,0.0
Bac Lieu,2025-03-27,2025,3,27,0.0
Bac Lieu,2025-03-28,2025,3,28,0.0
Bac Lieu,2025-03-29,2025,3,29,0.0
Bac Lieu,2025-03-30,2025,3,30,0.0
Bac Lieu,2025-03-31,2025,3,31,4.060516586735564
Bac Lieu,2025-04-01,2025,4,1,0.0
Bac Lieu,2025-04-02,2025,4,2,2.032095619912418
Bac Lieu,2025-04-03,2025,4,3,1.7423320659961343
Bac Lieu,2025-04-04,2025,4,4,0.0
Bac Lieu,2025-04-05,2025,4,5,0.4595207666541046
Bac Lieu,2025-04-06,2025,4,6,0.0
Bac Lieu,2025-04-07,2025,4,7,0.0
Bac Lieu,2025-04-08,2025,4,8,2.560799380950208
Bac Lieu,2025-04-09,2025,4,9,0.0
Bac Lieu,2025-04-10,2025,4,10,9.121595155931873
Bac Lieu,2025-04-11,2025,4,11,0.0
Bac Lieu,2025-04-12,2025,4,12,0.0
Bac Lieu,2025-04-13,2025,4,13,4.727076648946079
Bac Lieu,2025-04-14,2025,4,14,2.606387468086098
Bac Lieu,2025-04-15,2025,4,15,0.4300252227963142
Bac Lieu,2025-04-16,2025,4,16,0.0
Bac Lieu,2025-04-17,2025,4,17,0.7059848565335545
Bac Lieu,2025-04-18,2025,4,18,0.1354524378686581
Bac Lieu,2025-04-19,2025,4,19,0.0
Bac Lieu,2025-04-20,2025,4,20,0.0
Bac Lieu,2025-04-21,2025,4,21,0.0
Bac Lieu,2025-04-22,2025,4,22,2.0254617673945883
Bac Lieu,2025-04-23,2025,4,23,0.3529030493070494
Bac Lieu,2025-04-24,2025,4,24,9.936184854543436
Bac Lieu,2025-04-25,2025,4,25,1.4221695677919208
Bac Lieu,2025-04-26,2025,4,26,2.666882860588578
Bac Lieu,2025-04-27,2025,4,27,0.0
Bac Lieu,2025-04-28,2025,4,28,0.0
Bac Lieu,2025-04-29,2025,4,29,0.106117244720459
Bac Lieu,2025-04-30,2025,4,30,0.0
Bac Lieu,2025-05-01,2025,5,1,1.09366264559188
Bac Lieu,2025-05-02,2025,5,2,13.507371203692454
Bac Lieu,2025-05-03,2025,5,3,4.366845920886634
Bac Lieu,2025-05-04,2025,5,4,0.0943729235091299
Bac Lieu,2025-05-05,2025,5,5,0.1765818861475531
Bac Lieu,2025-05-06,2025,5,6,5.544511490309015
Bac Lieu,2025-05-07,2025,5,7,4.22169662378419
Bac Lieu,2025-05-08,2025,5,8,2.7937139252401755
Bac Lieu,2025-05-09,2025,5,9,9.053602818147192
Bac Lieu,2025-05-10,2025,5,10,12.116783056655022
Bac Lieu,2025-05-11,2025,5,11,7.693880385380873
Bac Lieu,2025-05-12,2025,5,12,6.663738440396654
Bac Lieu,2025-05-13,2025,5,13,7.963352776041574
Bac Lieu,2025-05-14,2025,5,14,4.016274261753515
Bac Lieu,2025-05-15,2025,5,15,9.670764438791098
Bac Lieu,2025-05-16,2025,5,16,7.004656013992598
Bac Lieu,2025-05-17,2025,5,17,4.200741665552249
Bac Lieu,2025-05-18,2025,5,18,4.802040222473865
Bac Lieu,2025-05-19,2025,5,19,7.474198869039429
Bac Lieu,2025-05-20,2025,5,20,3.856860531285125
Bac Lieu,2025-05-21,2025,5,21,14.89874492206214
Bac Lieu,2025-05-22,2025,5,22,31.78525463989547
Bac Lieu,2025-05-23,2025,5,23,12.667512742654337
Bac Lieu,2025-05-24,2025,5,24,14.456425329658224
Bac Lieu,2025-05-25,2025,5,25,9.292124510621129
Bac Lieu,2025-05-26,2025,5,26,0.6424953852779461
Bac Lieu,2025-05-27,2025,5,27,10.322282712306617
Bac Lieu,2025-05-28,2025,5,28,28.050557574074222
Bac Lieu,2025-05-29,2025,5,29,27.699624023293545
Bac Lieu,2025-05-30,2025,5,30,2.8582031851174703
Bac Lieu,2025-05-31,2025,5,31,0.3516100223469284
Bac Lieu,2025-06-01,2025,6,1,9.28442218366659
Bac Lieu,2025-06-02,2025,6,2,3.5276944583496967
Bac Lieu,2025-06-03,2025,6,3,27.732893476846087
Bac Lieu,2025-06-04,2025,6,4,7.846653001785279
Bac Lieu,2025-06-05,2025,6,5,1.4954248829967574
Bac Lieu,2025-06-06,2025,6,6,18.32861529692164
Bac Lieu,2025-06-07,2025,6,7,24.922854632791484
Bac Lieu,2025-06-08,2025,6,8,11.741736562261046
Bac Lieu,2025-06-09,2025,6,9,10.349971320674104
Bac Lieu,2025-06-10,2025,6,10,35.267697953170206
Bac Lieu,2025-06-11,2025,6,11,6.2722281178528405
Bac Lieu,2025-06-12,2025,6,12,9.762965005154882
Bac Lieu,2025-06-13,2025,6,13,7.07037563674855
Bac Lieu,2025-06-14,2025,6,14,5.321058657565208
Bac Lieu,2025-06-15,2025,6,15,4.549762820990582
Bac Lieu,2025-06-16,2025,6,16,4.7429415373172406
Bac Lieu,2025-06-17,2025,6,17,20.805663411770237
Bac Lieu,2025-06-18,2025,6,18,25.20270712884868
Bac Lieu,2025-06-19,2025,6,19,12.578983947016162
Bac Lieu,2025-06-20,2025,6,20,24.6502113003281
Bac Lieu,2025-06-21,2025,6,21,9.834574973844134
Bac Lieu,2025-06-22,2025,6,22,11.134991925689413
Bac Lieu,2025-06-23,2025,6,23,26.17388475885932
Bac Lieu,2025-06-24,2025,6,24,11.340271721372067
Bac Lieu,2025-06-25,2025,6,25,8.072473539190474
Bac Lieu,2025-06-26,2025,6,26,16.85377645125479
Bac Lieu,2025-06-27,2025,6,27,7.144757515943276
Bac Lieu,2025-06-28,2025,6,28,0.8281998002394191
Bac Lieu,2025-06-29,2025,6,29,0.0
Bac Lieu,2025-06-30,2025,6,30,0.0
Bac Lieu,2025-07-01,2025,7,1,10.05115300237908
Bac Lieu,2025-07-02,2025,7,2,4.077761505459841
Bac Lieu,2025-07-03,2025,7,3,2.5680757403148795
Bac Lieu,2025-07-04,2025,7,4,2.511780055936778
Bac Lieu,2025-07-05,2025,7,5,3.7680314618776434
Bac Lieu,2025-07-06,2025,7,6,11.117033326922728
Bac Lieu,2025-07-07,2025,7,7,2.2566543142390705
Bac Lieu,2025-07-08,2025,7,8,0.0
Bac Lieu,2025-07-09,2025,7,9,5.646929179263567
Bac Lieu,2025-07-10,2025,7,10,7.521181172298936
Bac Lieu,2025-07-11,2025,7,11,2.82073710635923
Bac Lieu,2025-07-12,2025,7,12,1.3342880633012306
Bac Lieu,2025-07-13,2025,7,13,6.0504962784029415
Bac Lieu,2025-07-14,2025,7,14,4.255768151409222
Bac Lieu,2025-07-15,2025,7,15,1.6382361795317455
Bac Lieu,2025-07-16,2025,7,16,9.905289736513824
Bac Lieu,2025-07-17,2025,7,17,12.58552722218352
Bac Lieu,2025-07-18,2025,7,18,8.28257360485365
Bac Lieu,2025-07-19,2025,7,19,13.591419442446728
Bac Lieu,2025-07-20,2025,7,20,17.403286181989714
Bac Lieu,2025-07-21,2025,7,21,1.1116156748105894
Bac Lieu,2025-07-22,2025,7,22,0.0
Bac Lieu,2025-07-23,2025,7,23,0.0
Bac Lieu,2025-07-24,2025,7,24,3.22419780758192
Bac Lieu,2025-07-25,2025,7,25,0.0
Bac Lieu,2025-07-26,2025,7,26,0.1925208678515452
Bac Lieu,2025-07-27,2025,7,27,19.742715802390627
Bac Lieu,2025-07-28,2025,7,28,15.240027588286496
Bac Lieu,2025-07-29,2025,7,29,0.0
Bac Lieu,2025-07-30,2025,7,30,5.123649476753092
Bac Lieu,2025-07-31,2025,7,31,2.110115137640036
Bac Lieu,2025-08-01,2025,8,1,0.0
Bac Lieu,2025-08-02,2025,8,2,0.2995140474337452
Bac Lieu,2025-08-03,2025,8,3,0.1169552939073095
Bac Lieu,2025-08-04,2025,8,4,0.0
Bac Lieu,2025-08-05,2025,8,5,6.314432943856941
Bac Lieu,2025-08-06,2025,8,6,2.363972117945833
Bac Lieu,2025-08-07,2025,8,7,3.055777295013644
Bac Lieu,2025-08-08,2025,8,8,7.054348520791757
Bac Lieu,2025-08-09,2025,8,9,11.432155118348469
Bac Lieu,2025-08-10,2025,8,10,12.254966716334506
Bac Lieu,2025-08-11,2025,8,11,0.6628601348265164
Bac Lieu,2025-08-12,2025,8,12,0.1740638802366437
Bac Lieu,2025-08-13,2025,8,13,8.148952343508883
Bac Lieu,2025-08-14,2025,8,14,17.441937911519467
Bac Lieu,2025-08-15,2025,8,15,39.288029604461954
Bac Lieu,2025-08-16,2025,8,16,2.8692410159560877
Bac Lieu,2025-08-17,2025,8,17,17.30151194928727
Bac Lieu,2025-08-18,2025,8,18,0.0
Bac Lieu,2025-08-19,2025,8,19,3.824273384202202
Bac Lieu,2025-08-20,2025,8,20,31.164449130292205
Bac Lieu,2025-08-21,2025,8,21,14.012126630711109
Bac Lieu,2025-08-22,2025,8,22,6.040219400693786
Bac Lieu,2025-08-23,2025,8,23,5.792487672733812
Bac Lieu,2025-08-24,2025,8,24,4.367685551247507
Bac Lieu,2025-08-25,2025,8,25,15.34457303441246
Bac Lieu,2025-08-26,2025,8,26,4.495476678830273
Bac Lieu,2025-08-27,2025,8,27,8.315568357305708
Bac Lieu,2025-08-28,2025,8,28,15.13723411630235
Bac Lieu,2025-08-29,2025,8,29,27.97227478660728
Bac Lieu,2025-08-30,2025,8,30,23.130258755378005
Bac Lieu,2025-08-31,2025,8,31,1.7126334794962184
Bac Lieu,2025-09-01,2025,9,1,27.602263295587505
Bac Lieu,2025-09-02,2025,9,2,15.303952476051624
Bac Lieu,2025-09-03,2025,9,3,3.415058353424073
Bac Lieu,2025-09-04,2025,9,4,2.623589588273247
Bac Lieu,2025-09-05,2025,9,5,6.291412402099034
Bac Lieu,2025-09-06,2025,9,6,21.700066841377406
Bac Lieu,2025-09-07,2025,9,7,33.422539243662136
Bac Lieu,2025-09-08,2025,9,8,6.2829688551920775
Bac Lieu,2025-09-09,2025,9,9,14.791495372124444
Bac Lieu,2025-09-10,2025,9,10,2.261845695099741
Bac Lieu,2025-09-11,2025,9,11,27.58124506187439
Bac Lieu,2025-09-12,2025,9,12,13.859801183034788
Bac Lieu,2025-09-13,2025,9,13,3.273031289442531
Bac Lieu,2025-09-14,2025,9,14,14.615478682464024
Bac Lieu,2025-09-15,2025,9,15,1.6718022249509703
Bac Lieu,2025-09-16,2025,9,16,16.469689509103883
Bac Lieu,2025-09-17,2025,9,17,26.24922488392524
Bac Lieu,2025-09-18,2025,9,18,10.342233020998398
Bac Lieu,2025-09-19,2025,9,19,4.602520653652696
Bac Lieu,2025-09-20,2025,9,20,0.0075607473985204
Bac Lieu,2025-09-21,2025,9,21,11.14138533549039
Bac Lieu,2025-09-22,2025,9,22,5.491832013553045
Bac Lieu,2025-09-23,2025,9,23,0.0
Bac Lieu,2025-09-24,2025,9,24,3.6659320728373994
Bac Lieu,2025-09-25,2025,9,25,8.522636667701434
Bac Lieu,2025-09-26,2025,9,26,0.0
Bac Lieu,2025-09-27,2025,9,27,18.04740951122428
Bac Lieu,2025-09-28,2025,9,28,24.836621102459027
Bac Lieu,2025-09-29,2025,9,29,16.718412158930075
Bac Lieu,2025-09-30,2025,9,30,1.9610960720530093
Bac Lieu,2025-10-01,2025,10,1,3.7213311495331114
Bac Lieu,2025-10-02,2025,10,2,2.3805844554901125
Bac Lieu,2025-10-03,2025,10,3,2.1328421587854063
Bac Lieu,2025-10-04,2025,10,4,3.0553358342332664
Bac Lieu,2025-10-05,2025,10,5,7.609858095169069
Bac Lieu,2025-10-06,2025,10,6,6.569426065121057
Bac Lieu,2025-10-07,2025,10,7,7.963247862150087
Bac Lieu,2025-10-08,2025,10,8,24.04012347404912
Bac Lieu,2025-10-09,2025,10,9,7.79183180911586
Bac Lieu,2025-10-10,2025,10,10,7.426480263853974
Bac Lieu,2025-10-11,2025,10,11,2.925180524520155
Bac Lieu,2025-10-12,2025,10,12,9.763159399428458
Bac Lieu,2025-10-13,2025,10,13,5.13541921248526
Bac Lieu,2025-10-14,2025,10,14,11.81243452036156
Bac Lieu,2025-10-15,2025,10,15,12.169964681121542
Bac Lieu,2025-10-16,2025,10,16,19.246662727409937
Bac Lieu,2025-10-17,2025,10,17,7.586574217310495
Bac Lieu,2025-10-18,2025,10,18,19.79492280981676
Bac Lieu,2025-10-19,2025,10,19,3.7471030571775614
Bac Lieu,2025-10-20,2025,10,20,22.10879126647734
Bac Lieu,2025-10-21,2025,10,21,16.695482792314493
Bac Lieu,2025-10-22,2025,10,22,6.914378078442699
Bac Lieu,2025-10-23,2025,10,23,15.85732290597232
Bac Lieu,2025-10-24,2025,10,24,11.176862747570256
Bac Lieu,2025-10-25,2025,10,25,25.026574605186035
Bac Lieu,2025-10-26,2025,10,26,8.425082119509861
Bac Lieu,2025-10-27,2025,10,27,13.342315974649395
Bac Lieu,2025-10-28,2025,10,28,21.2780718884558
Bac Lieu,2025-10-29,2025,10,29,22.50732814536905
Bac Lieu,2025-10-30,2025,10,30,1.9799658496244896
Bac Lieu,2025-10-31,2025,10,31,0.0
Bac Lieu,2025-11-01,2025,11,1,17.539559073412192
Bac Lieu,2025-11-02,2025,11,2,14.706536607526385
Bac Lieu,2025-11-03,2025,11,3,0.5413617416417825
Bac Lieu,2025-11-04,2025,11,4,12.171214370997449
Bac Lieu,2025-11-05,2025,11,5,29.85496414364509
Bac Lieu,2025-11-06,2025,11,6,28.992806862525224
Bac Lieu,2025-11-07,2025,11,7,11.15967335967298
Bac Lieu,2025-11-08,2025,11,8,4.753866048506971
Bac Lieu,2025-11-09,2025,11,9,2.368388665541164
Bac Lieu,2025-11-10,2025,11,10,3.415377943650732
Bac Lieu,2025-11-11,2025,11,11,3.625964227325512
Bac Lieu,2025-11-12,2025,11,12,6.917553315153663
Bac Lieu,2025-11-13,2025,11,13,1.841384582807433
Bac Lieu,2025-11-14,2025,11,14,1.4489276071944328
Bac Lieu,2025-11-15,2025,11,15,0.0
Bac Lieu,2025-11-16,2025,11,16,19.697812173555487
Bac Lieu,2025-11-17,2025,11,17,19.52198661235594
Bac Lieu,2025-11-18,2025,11,18,6.8313619755439055
Bac Lieu,2025-11-19,2025,11,19,4.644147285389452
Bac Lieu,2025-11-20,2025,11,20,0.1374353065130845
Bac Lieu,2025-11-21,2025,11,21,1.8756296352103072
Bac Lieu,2025-11-22,2025,11,22,8.11969712550685
Bac Lieu,2025-11-23,2025,11,23,3.421455157639845
Bac Lieu,2025-11-24,2025,11,24,0.2896646188438501
Bac Lieu,2025-11-25,2025,11,25,8.41727463767214
Bac Lieu,2025-11-26,2025,11,26,4.110469514522912
Bac Lieu,2025-11-27,2025,11,27,0.0240964217355402
Bac Lieu,2025-11-28,2025,11,28,4.38544911779694e-05
Bac Lieu,2025-11-29,2025,11,29,1.054945929540778
Bac Lieu,2025-11-30,2025,11,30,0.0044454513679236
Bac Lieu,2025-12-01,2025,12,1,0.0
Bac Lieu,2025-12-02,2025,12,2,0.0
Bac Lieu,2025-12-03,2025,12,3,4.35897173760972
Bac Lieu,2025-12-04,2025,12,4,0.0
Bac Lieu,2025-12-05,2025,12,5,0.0
Bac Lieu,2025-12-06,2025,12,6,0.0
Bac Lieu,2025-12-07,2025,12,7,0.0
Bac Lieu,2025-12-08,2025,12,8,0.0
Bac Lieu,2025-12-09,2025,12,9,0.0
Bac Lieu,2025-12-10,2025,12,10,9.627876652015832
Bac Lieu,2025-12-11,2025,12,11,21.276759936224742
Bac Lieu,2025-12-12,2025,12,12,0.3027699916947563
Bac Lieu,2025-12-13,2025,12,13,0.0
Bac Lieu,2025-12-14,2025,12,14,0.1170940568492097
Bac Lieu,2025-12-15,2025,12,15,1.0210733728948629
Bac Lieu,2025-12-16,2025,12,16,0.0
Bac Lieu,2025-12-17,2025,12,17,0.0
Bac Lieu,2025-12-18,2025,12,18,0.0
Bac Lieu,2025-12-19,2025,12,19,0.1697020540912196
Bac Lieu,2025-12-20,2025,12,20,0.0
Bac Lieu,2025-12-21,2025,12,21,0.0
Bac Lieu,2025-12-22,2025,12,22,0.1391539526435564
Bac Lieu,2025-12-23,2025,12,23,0.4168164053727996
Bac Lieu,2025-12-24,2025,12,24,0.6264534563838311
Bac Lieu,2025-12-25,2025,12,25,1.434578390508328
Bac Lieu,2025-12-26,2025,12,26,1.1227258651841363
Bac Lieu,2025-12-27,2025,12,27,0.0
Bac Lieu,2025-12-28,2025,12,28,0.0
Bac Lieu,2025-12-29,2025,12,29,0.0
Bac Lieu,2025-12-30,2025,12,30,0.0
Bac Lieu,2025-12-31,2025,12,31,0.1028268714221018
