province_name,date,year,month,day,rainfall_mm
Ca Mau,1981-01-01,1981,1,1,0.0
Ca Mau,1981-01-02,1981,1,2,0.0
Ca Mau,1981-01-03,1981,1,3,0.291245412266168
Ca Mau,1981-01-04,1981,1,4,0.0
Ca Mau,1981-01-05,1981,1,5,0.0
Ca Mau,1981-01-06,1981,1,6,0.0
Ca Mau,1981-01-07,1981,1,7,0.0
Ca Mau,1981-01-08,1981,1,8,0.0
Ca Mau,1981-01-09,1981,1,9,3.1274075292077868
Ca Mau,1981-01-10,1981,1,10,0.0
Ca Mau,1981-01-11,1981,1,11,0.0
Ca Mau,1981-01-12,1981,1,12,0.0
Ca Mau,1981-01-13,1981,1,13,0.0
Ca Mau,1981-01-14,1981,1,14,0.0
Ca Mau,1981-01-15,1981,1,15,0.0
Ca Mau,1981-01-16,1981,1,16,0.0
Ca Mau,1981-01-17,1981,1,17,0.0
Ca Mau,1981-01-18,1981,1,18,0.0
Ca Mau,1981-01-19,1981,1,19,0.0
Ca Mau,1981-01-20,1981,1,20,0.0
Ca Mau,1981-01-21,1981,1,21,0.0
Ca Mau,1981-01-22,1981,1,22,0.0
Ca Mau,1981-01-23,1981,1,23,0.0
Ca Mau,1981-01-24,1981,1,24,0.0
Ca Mau,1981-01-25,1981,1,25,0.0
Ca Mau,1981-01-26,1981,1,26,0.0
Ca Mau,1981-01-27,1981,1,27,0.0
Ca Mau,1981-01-28,1981,1,28,0.1184845806258261
Ca Mau,1981-01-29,1981,1,29,16.175131858070863
Ca Mau,1981-01-30,1981,1,30,0.7473446960406698
Ca Mau,1981-01-31,1981,1,31,0.0
Ca Mau,1981-02-01,1981,2,1,0.0033844973094662
Ca Mau,1981-02-02,1981,2,2,0.0
Ca Mau,1981-02-03,1981,2,3,0.0
Ca Mau,1981-02-04,1981,2,4,0.0847435332361739
Ca Mau,1981-02-05,1981,2,5,0.0
Ca Mau,1981-02-06,1981,2,6,0.0
Ca Mau,1981-02-07,1981,2,7,0.0
Ca Mau,1981-02-08,1981,2,8,0.0
Ca Mau,1981-02-09,1981,2,9,0.0
Ca Mau,1981-02-10,1981,2,10,0.0027029989275995
Ca Mau,1981-02-11,1981,2,11,0.014660845892425
Ca Mau,1981-02-12,1981,2,12,0.0
Ca Mau,1981-02-13,1981,2,13,0.4410176483650739
Ca Mau,1981-02-14,1981,2,14,0.0724448139926795
Ca Mau,1981-02-15,1981,2,15,0.0
Ca Mau,1981-02-16,1981,2,16,0.0
Ca Mau,1981-02-17,1981,2,17,0.0
Ca Mau,1981-02-18,1981,2,18,0.0
Ca Mau,1981-02-19,1981,2,19,0.0
Ca Mau,1981-02-20,1981,2,20,0.0
Ca Mau,1981-02-21,1981,2,21,0.0
Ca Mau,1981-02-22,1981,2,22,0.0
Ca Mau,1981-02-23,1981,2,23,0.0
Ca Mau,1981-02-24,1981,2,24,0.0
Ca Mau,1981-02-25,1981,2,25,0.0
Ca Mau,1981-02-26,1981,2,26,0.0
Ca Mau,1981-02-27,1981,2,27,0.0
Ca Mau,1981-02-28,1981,2,28,0.0
Ca Mau,1981-03-01,1981,3,1,0.0
Ca Mau,1981-03-02,1981,3,2,0.0
Ca Mau,1981-03-03,1981,3,3,0.0
Ca Mau,1981-03-04,1981,3,4,0.0
Ca Mau,1981-03-05,1981,3,5,0.0
Ca Mau,1981-03-06,1981,3,6,0.0
Ca Mau,1981-03-07,1981,3,7,0.0
Ca Mau,1981-03-08,1981,3,8,0.0
Ca Mau,1981-03-09,1981,3,9,0.0
Ca Mau,1981-03-10,1981,3,10,0.1713398351134708
Ca Mau,1981-03-11,1981,3,11,0.0
Ca Mau,1981-03-12,1981,3,12,0.0
Ca Mau,1981-03-13,1981,3,13,0.0
Ca Mau,1981-03-14,1981,3,14,0.0
Ca Mau,1981-03-15,1981,3,15,0.0
Ca Mau,1981-03-16,1981,3,16,0.0
Ca Mau,1981-03-17,1981,3,17,0.0
Ca Mau,1981-03-18,1981,3,18,0.0
Ca Mau,1981-03-19,1981,3,19,0.0
Ca Mau,1981-03-20,1981,3,20,0.739731155308876
Ca Mau,1981-03-21,1981,3,21,0.0
Ca Mau,1981-03-22,1981,3,22,0.0
Ca Mau,1981-03-23,1981,3,23,0.0
Ca Mau,1981-03-24,1981,3,24,0.0
Ca Mau,1981-03-25,1981,3,25,0.0
Ca Mau,1981-03-26,1981,3,26,0.0
Ca Mau,1981-03-27,1981,3,27,0.0
Ca Mau,1981-03-28,1981,3,28,0.0
Ca Mau,1981-03-29,1981,3,29,0.4522296899823786
Ca Mau,1981-03-30,1981,3,30,11.115945956078525
Ca Mau,1981-03-31,1981,3,31,4.131878485261241
Ca Mau,1981-04-01,1981,4,1,0.0
Ca Mau,1981-04-02,1981,4,2,1.968432186601601
Ca Mau,1981-04-03,1981,4,3,0.0572094565759691
Ca Mau,1981-04-04,1981,4,4,0.3866793032388735
Ca Mau,1981-04-05,1981,4,5,0.1755166561979049
Ca Mau,1981-04-06,1981,4,6,0.0176801928234576
Ca Mau,1981-04-07,1981,4,7,0.0
Ca Mau,1981-04-08,1981,4,8,0.197439240456132
Ca Mau,1981-04-09,1981,4,9,0.0
Ca Mau,1981-04-10,1981,4,10,0.0
Ca Mau,1981-04-11,1981,4,11,3.481617099735009
Ca Mau,1981-04-12,1981,4,12,0.6268039825569476
Ca Mau,1981-04-13,1981,4,13,0.0770017824967942
Ca Mau,1981-04-14,1981,4,14,3.6176548768938543
Ca Mau,1981-04-15,1981,4,15,2.333151253573192
Ca Mau,1981-04-16,1981,4,16,2.173436161991043
Ca Mau,1981-04-17,1981,4,17,4.491133011215364
Ca Mau,1981-04-18,1981,4,18,3.331491266563086
Ca Mau,1981-04-19,1981,4,19,5.13558721225236
Ca Mau,1981-04-20,1981,4,20,1.7486668872312527
Ca Mau,1981-04-21,1981,4,21,1.7701432176988394
Ca Mau,1981-04-22,1981,4,22,0.5873362588568929
Ca Mau,1981-04-23,1981,4,23,0.0
Ca Mau,1981-04-24,1981,4,24,0.0
Ca Mau,1981-04-25,1981,4,25,0.1280559715617813
Ca Mau,1981-04-26,1981,4,26,1.0851705780358676
Ca Mau,1981-04-27,1981,4,27,0.0710121660505702
Ca Mau,1981-04-28,1981,4,28,0.2405937950531114
Ca Mau,1981-04-29,1981,4,29,0.2477860393131011
Ca Mau,1981-04-30,1981,4,30,6.038545558650269
Ca Mau,1981-05-01,1981,5,1,4.785891111025717
Ca Mau,1981-05-02,1981,5,2,7.375174722808812
Ca Mau,1981-05-03,1981,5,3,8.334168984765304
Ca Mau,1981-05-04,1981,5,4,9.242208937996104
Ca Mau,1981-05-05,1981,5,5,16.383356977339744
Ca Mau,1981-05-06,1981,5,6,13.041701273238148
Ca Mau,1981-05-07,1981,5,7,16.6909578786003
Ca Mau,1981-05-08,1981,5,8,2.4265759348725187
Ca Mau,1981-05-09,1981,5,9,10.341918943132288
Ca Mau,1981-05-10,1981,5,10,1.3989958020406887
Ca Mau,1981-05-11,1981,5,11,3.882439602206956
Ca Mau,1981-05-12,1981,5,12,3.807004238793035
Ca Mau,1981-05-13,1981,5,13,6.190311574089956
Ca Mau,1981-05-14,1981,5,14,6.140062203421344
Ca Mau,1981-05-15,1981,5,15,5.457182556381754
Ca Mau,1981-05-16,1981,5,16,9.916600762167104
Ca Mau,1981-05-17,1981,5,17,9.384870073347024
Ca Mau,1981-05-18,1981,5,18,17.5342949456755
Ca Mau,1981-05-19,1981,5,19,5.934742546535609
Ca Mau,1981-05-20,1981,5,20,1.3252309387799768
Ca Mau,1981-05-21,1981,5,21,3.2041829974179987
Ca Mau,1981-05-22,1981,5,22,7.130524569097569
Ca Mau,1981-05-23,1981,5,23,8.281346190698274
Ca Mau,1981-05-24,1981,5,24,6.914051140585361
Ca Mau,1981-05-25,1981,5,25,11.276465916702085
Ca Mau,1981-05-26,1981,5,26,6.840137673431543
Ca Mau,1981-05-27,1981,5,27,7.853265192147971
Ca Mau,1981-05-28,1981,5,28,1.8590199540142864
Ca Mau,1981-05-29,1981,5,29,9.251701871088589
Ca Mau,1981-05-30,1981,5,30,10.683275430142308
Ca Mau,1981-05-31,1981,5,31,2.492859761319614
Ca Mau,1981-06-01,1981,6,1,6.129320247069526
Ca Mau,1981-06-02,1981,6,2,4.933545360830418
Ca Mau,1981-06-03,1981,6,3,6.4243517242723405
Ca Mau,1981-06-04,1981,6,4,7.542703079052964
Ca Mau,1981-06-05,1981,6,5,11.085602351947449
Ca Mau,1981-06-06,1981,6,6,27.23446966226617
Ca Mau,1981-06-07,1981,6,7,21.596622505384037
Ca Mau,1981-06-08,1981,6,8,5.529821783592509
Ca Mau,1981-06-09,1981,6,9,19.50192955993973
Ca Mau,1981-06-10,1981,6,10,38.21765672324504
Ca Mau,1981-06-11,1981,6,11,23.86519912039319
Ca Mau,1981-06-12,1981,6,12,13.114669975717677
Ca Mau,1981-06-13,1981,6,13,12.460506581761033
Ca Mau,1981-06-14,1981,6,14,12.105952983503627
Ca Mau,1981-06-15,1981,6,15,25.185150069690245
Ca Mau,1981-06-16,1981,6,16,8.54545030615855
Ca Mau,1981-06-17,1981,6,17,0.5098978532466955
Ca Mau,1981-06-18,1981,6,18,5.823783116309288
Ca Mau,1981-06-19,1981,6,19,8.910661204397105
Ca Mau,1981-06-20,1981,6,20,14.718871369111069
Ca Mau,1981-06-21,1981,6,21,37.561390554151785
Ca Mau,1981-06-22,1981,6,22,18.19011086741735
Ca Mau,1981-06-23,1981,6,23,0.0728733744449742
Ca Mau,1981-06-24,1981,6,24,3.727326649546337
Ca Mau,1981-06-25,1981,6,25,2.2141263122245807
Ca Mau,1981-06-26,1981,6,26,2.2757728824430257
Ca Mau,1981-06-27,1981,6,27,1.1811305843248625
Ca Mau,1981-06-28,1981,6,28,4.744885639302173
Ca Mau,1981-06-29,1981,6,29,5.675813927453692
Ca Mau,1981-06-30,1981,6,30,0.0
Ca Mau,1981-07-01,1981,7,1,0.0
Ca Mau,1981-07-02,1981,7,2,16.625851120876366
Ca Mau,1981-07-03,1981,7,3,19.82839369265749
Ca Mau,1981-07-04,1981,7,4,11.939489857993008
Ca Mau,1981-07-05,1981,7,5,3.359556887506033
Ca Mau,1981-07-06,1981,7,6,0.0
Ca Mau,1981-07-07,1981,7,7,0.0
Ca Mau,1981-07-08,1981,7,8,7.459650191666499
Ca Mau,1981-07-09,1981,7,9,16.83231369712297
Ca Mau,1981-07-10,1981,7,10,4.371634209900196
Ca Mau,1981-07-11,1981,7,11,0.0002253331253001019
Ca Mau,1981-07-12,1981,7,12,5.580000171863549
Ca Mau,1981-07-13,1981,7,13,17.9818585541149
Ca Mau,1981-07-14,1981,7,14,9.479008326291174
Ca Mau,1981-07-15,1981,7,15,1.3796983612509857
Ca Mau,1981-07-16,1981,7,16,2.1041812692580817
Ca Mau,1981-07-17,1981,7,17,0.0448473473107656
Ca Mau,1981-07-18,1981,7,18,15.487548531601806
Ca Mau,1981-07-19,1981,7,19,6.79018251359139
Ca Mau,1981-07-20,1981,7,20,5.0700554164462135
Ca Mau,1981-07-21,1981,7,21,15.908986268661916
Ca Mau,1981-07-22,1981,7,22,13.42980637016651
Ca Mau,1981-07-23,1981,7,23,0.1605467744973436
Ca Mau,1981-07-24,1981,7,24,3.6750925238792687
Ca Mau,1981-07-25,1981,7,25,4.561674998751072
Ca Mau,1981-07-26,1981,7,26,10.037717898746791
Ca Mau,1981-07-27,1981,7,27,3.2145969042016214
Ca Mau,1981-07-28,1981,7,28,20.20924212110591
Ca Mau,1981-07-29,1981,7,29,17.229607060056146
Ca Mau,1981-07-30,1981,7,30,21.532414061252723
Ca Mau,1981-07-31,1981,7,31,2.963066281978281
Ca Mau,1981-08-01,1981,8,1,13.649428181215098
Ca Mau,1981-08-02,1981,8,2,12.912779856838076
Ca Mau,1981-08-03,1981,8,3,25.033075106295307
Ca Mau,1981-08-04,1981,8,4,23.528730431015298
Ca Mau,1981-08-05,1981,8,5,3.3904091029224133
Ca Mau,1981-08-06,1981,8,6,8.120679848283498
Ca Mau,1981-08-07,1981,8,7,0.0
Ca Mau,1981-08-08,1981,8,8,19.8457724409856
Ca Mau,1981-08-09,1981,8,9,56.70788676379096
Ca Mau,1981-08-10,1981,8,10,18.523004156858303
Ca Mau,1981-08-11,1981,8,11,1.6796960948258106
Ca Mau,1981-08-12,1981,8,12,4.90885807211627
Ca Mau,1981-08-13,1981,8,13,7.942396860961617
Ca Mau,1981-08-14,1981,8,14,11.675976216847122
Ca Mau,1981-08-15,1981,8,15,20.421842902051928
Ca Mau,1981-08-16,1981,8,16,28.21923075922673
Ca Mau,1981-08-17,1981,8,17,5.673853494776493
Ca Mau,1981-08-18,1981,8,18,0.0
Ca Mau,1981-08-19,1981,8,19,0.0
Ca Mau,1981-08-20,1981,8,20,1.465800690418504
Ca Mau,1981-08-21,1981,8,21,4.598871529264493
Ca Mau,1981-08-22,1981,8,22,6.096946621406037
Ca Mau,1981-08-23,1981,8,23,0.000204107889673586
Ca Mau,1981-08-24,1981,8,24,0.9716117492952402
Ca Mau,1981-08-25,1981,8,25,2.409771454647779
Ca Mau,1981-08-26,1981,8,26,12.650866074305137
Ca Mau,1981-08-27,1981,8,27,0.0083082489750405
Ca Mau,1981-08-28,1981,8,28,0.5237894446072153
Ca Mau,1981-08-29,1981,8,29,7.042697671390937
Ca Mau,1981-08-30,1981,8,30,0.0
Ca Mau,1981-08-31,1981,8,31,0.9672401197515926
Ca Mau,1981-09-01,1981,9,1,5.353976778118471
Ca Mau,1981-09-02,1981,9,2,2.553656600307598
Ca Mau,1981-09-03,1981,9,3,31.77485165295464
Ca Mau,1981-09-04,1981,9,4,7.738062805004034
Ca Mau,1981-09-05,1981,9,5,6.703040652049139
Ca Mau,1981-09-06,1981,9,6,1.314694386074701
Ca Mau,1981-09-07,1981,9,7,0.3025079968474365
Ca Mau,1981-09-08,1981,9,8,0.7950289407666177
Ca Mau,1981-09-09,1981,9,9,9.521413819055825
Ca Mau,1981-09-10,1981,9,10,4.700238840791884
Ca Mau,1981-09-11,1981,9,11,20.745921901610775
Ca Mau,1981-09-12,1981,9,12,31.107353999399947
Ca Mau,1981-09-13,1981,9,13,34.274024807592404
Ca Mau,1981-09-14,1981,9,14,9.69269257277575
Ca Mau,1981-09-15,1981,9,15,19.92268676081045
Ca Mau,1981-09-16,1981,9,16,11.010019516907947
Ca Mau,1981-09-17,1981,9,17,15.061721961463302
Ca Mau,1981-09-18,1981,9,18,18.731791176073077
Ca Mau,1981-09-19,1981,9,19,21.98914846763504
Ca Mau,1981-09-20,1981,9,20,48.91840336667296
Ca Mau,1981-09-21,1981,9,21,38.58467050442674
Ca Mau,1981-09-22,1981,9,22,16.196181519468297
Ca Mau,1981-09-23,1981,9,23,26.108953951185697
Ca Mau,1981-09-24,1981,9,24,13.04375197198761
Ca Mau,1981-09-25,1981,9,25,16.223297914217582
Ca Mau,1981-09-26,1981,9,26,19.94624430692543
Ca Mau,1981-09-27,1981,9,27,26.732047170580817
Ca Mau,1981-09-28,1981,9,28,4.126932774176045
Ca Mau,1981-09-29,1981,9,29,0.0004585427665652792
Ca Mau,1981-09-30,1981,9,30,0.0002618984937523701
Ca Mau,1981-10-01,1981,10,1,0.1321751945882928
Ca Mau,1981-10-02,1981,10,2,1.9322455327106511
Ca Mau,1981-10-03,1981,10,3,7.826447178214394
Ca Mau,1981-10-04,1981,10,4,4.64058733424296
Ca Mau,1981-10-05,1981,10,5,1.353168717327617
Ca Mau,1981-10-06,1981,10,6,0.0
Ca Mau,1981-10-07,1981,10,7,0.2101852893649163
Ca Mau,1981-10-08,1981,10,8,3.689308147386457
Ca Mau,1981-10-09,1981,10,9,12.758533159034393
Ca Mau,1981-10-10,1981,10,10,12.724928108495565
Ca Mau,1981-10-11,1981,10,11,11.901411261116731
Ca Mau,1981-10-12,1981,10,12,3.340953764664471
Ca Mau,1981-10-13,1981,10,13,2.412901820887462
Ca Mau,1981-10-14,1981,10,14,4.168060546337733
Ca Mau,1981-10-15,1981,10,15,15.818717013238214
Ca Mau,1981-10-16,1981,10,16,27.40918830143425
Ca Mau,1981-10-17,1981,10,17,0.5984492730371828
Ca Mau,1981-10-18,1981,10,18,1.8091991155114409
Ca Mau,1981-10-19,1981,10,19,0.9261229535409377
Ca Mau,1981-10-20,1981,10,20,2.7246335951167717
Ca Mau,1981-10-21,1981,10,21,0.1396968198226182
Ca Mau,1981-10-22,1981,10,22,2.972902070803
Ca Mau,1981-10-23,1981,10,23,24.90570270526872
Ca Mau,1981-10-24,1981,10,24,14.354341569535684
Ca Mau,1981-10-25,1981,10,25,11.127672239525436
Ca Mau,1981-10-26,1981,10,26,24.86273401658511
Ca Mau,1981-10-27,1981,10,27,13.877859405610163
Ca Mau,1981-10-28,1981,10,28,7.610826998633734
Ca Mau,1981-10-29,1981,10,29,8.266552846374253
Ca Mau,1981-10-30,1981,10,30,17.182363779830258
Ca Mau,1981-10-31,1981,10,31,12.423804736600465
Ca Mau,1981-11-01,1981,11,1,8.994012071583265
Ca Mau,1981-11-02,1981,11,2,4.01071571658716
Ca Mau,1981-11-03,1981,11,3,0.0164907570103996
Ca Mau,1981-11-04,1981,11,4,8.417837983630195
Ca Mau,1981-11-05,1981,11,5,19.012354595791624
Ca Mau,1981-11-06,1981,11,6,18.163776259729705
Ca Mau,1981-11-07,1981,11,7,19.492994569350124
Ca Mau,1981-11-08,1981,11,8,1.464239109005721
Ca Mau,1981-11-09,1981,11,9,15.110914319465357
Ca Mau,1981-11-10,1981,11,10,20.476074116748222
Ca Mau,1981-11-11,1981,11,11,0.0
Ca Mau,1981-11-12,1981,11,12,0.9567246236066996
Ca Mau,1981-11-13,1981,11,13,2.771108298427331
Ca Mau,1981-11-14,1981,11,14,4.266346824089655
Ca Mau,1981-11-15,1981,11,15,10.224987967908298
Ca Mau,1981-11-16,1981,11,16,13.772626444656844
Ca Mau,1981-11-17,1981,11,17,5.892771167038723
Ca Mau,1981-11-18,1981,11,18,7.885994469046488
Ca Mau,1981-11-19,1981,11,19,11.278341818560351
Ca Mau,1981-11-20,1981,11,20,5.321531896534612
Ca Mau,1981-11-21,1981,11,21,1.688380150509573
Ca Mau,1981-11-22,1981,11,22,8.135305195080598
Ca Mau,1981-11-23,1981,11,23,2.493804885750184
Ca Mau,1981-11-24,1981,11,24,7.327426883357128
Ca Mau,1981-11-25,1981,11,25,0.0
Ca Mau,1981-11-26,1981,11,26,0.0
Ca Mau,1981-11-27,1981,11,27,1.3737074301781942
Ca Mau,1981-11-28,1981,11,28,0.3970824163835024
Ca Mau,1981-11-29,1981,11,29,23.243228941182867
Ca Mau,1981-11-30,1981,11,30,29.69133843649112
Ca Mau,1981-12-01,1981,12,1,6.534897021931278
Ca Mau,1981-12-02,1981,12,2,22.2397805610548
Ca Mau,1981-12-03,1981,12,3,12.70667113250228
Ca Mau,1981-12-04,1981,12,4,0.1183949515872163
Ca Mau,1981-12-05,1981,12,5,0.0003662221268846451
Ca Mau,1981-12-06,1981,12,6,7.968884339085371
Ca Mau,1981-12-07,1981,12,7,8.8818704038408
Ca Mau,1981-12-08,1981,12,8,8.23315147789333
Ca Mau,1981-12-09,1981,12,9,1.8436752387391184
Ca Mau,1981-12-10,1981,12,10,6.013317615203696
Ca Mau,1981-12-11,1981,12,11,1.2341897526740166
Ca Mau,1981-12-12,1981,12,12,0.0
Ca Mau,1981-12-13,1981,12,13,0.0
Ca Mau,1981-12-14,1981,12,14,0.0
Ca Mau,1981-12-15,1981,12,15,0.0
Ca Mau,1981-12-16,1981,12,16,0.0
Ca Mau,1981-12-17,1981,12,17,0.0
Ca Mau,1981-12-18,1981,12,18,0.0
Ca Mau,1981-12-19,1981,12,19,0.0
Ca Mau,1981-12-20,1981,12,20,0.0
Ca Mau,1981-12-21,1981,12,21,0.0
Ca Mau,1981-12-22,1981,12,22,0.0
Ca Mau,1981-12-23,1981,12,23,0.0
Ca Mau,1981-12-24,1981,12,24,0.0
Ca Mau,1981-12-25,1981,12,25,0.0
Ca Mau,1981-12-26,1981,12,26,0.0
Ca Mau,1981-12-27,1981,12,27,0.0
Ca Mau,1981-12-28,1981,12,28,0.0
Ca Mau,1981-12-29,1981,12,29,0.0
Ca Mau,1981-12-30,1981,12,30,0.0
Ca Mau,1981-12-31,1981,12,31,0.0
Ca Mau,1982-01-01,1982,1,1,0.0
Ca Mau,1982-01-02,1982,1,2,0.0
Ca Mau,1982-01-03,1982,1,3,0.0
Ca Mau,1982-01-04,1982,1,4,0.1134252476684992
Ca Mau,1982-01-05,1982,1,5,2.0924940196822037
Ca Mau,1982-01-06,1982,1,6,0.0
Ca Mau,1982-01-07,1982,1,7,10.787012887638888
Ca Mau,1982-01-08,1982,1,8,0.0
Ca Mau,1982-01-09,1982,1,9,0.0
Ca Mau,1982-01-10,1982,1,10,0.0
Ca Mau,1982-01-11,1982,1,11,0.0
Ca Mau,1982-01-12,1982,1,12,0.1519539985882328
Ca Mau,1982-01-13,1982,1,13,0.0
Ca Mau,1982-01-14,1982,1,14,0.0346552167749967
Ca Mau,1982-01-15,1982,1,15,0.0328236070192422
Ca Mau,1982-01-16,1982,1,16,0.0
Ca Mau,1982-01-17,1982,1,17,0.0
Ca Mau,1982-01-18,1982,1,18,0.0
Ca Mau,1982-01-19,1982,1,19,0.0
Ca Mau,1982-01-20,1982,1,20,0.0
Ca Mau,1982-01-21,1982,1,21,0.0
Ca Mau,1982-01-22,1982,1,22,0.0
Ca Mau,1982-01-23,1982,1,23,0.0247138443446865
Ca Mau,1982-01-24,1982,1,24,0.2444900070219115
Ca Mau,1982-01-25,1982,1,25,0.139465799760141
Ca Mau,1982-01-26,1982,1,26,0.0
Ca Mau,1982-01-27,1982,1,27,0.0
Ca Mau,1982-01-28,1982,1,28,0.4152821079031661
Ca Mau,1982-01-29,1982,1,29,0.4659005050269265
Ca Mau,1982-01-30,1982,1,30,0.0
Ca Mau,1982-01-31,1982,1,31,0.0
Ca Mau,1982-02-01,1982,2,1,0.0042321825537384
Ca Mau,1982-02-02,1982,2,2,0.0222750042476201
Ca Mau,1982-02-03,1982,2,3,0.0
Ca Mau,1982-02-04,1982,2,4,0.0
Ca Mau,1982-02-05,1982,2,5,0.0
Ca Mau,1982-02-06,1982,2,6,0.0
Ca Mau,1982-02-07,1982,2,7,0.0
Ca Mau,1982-02-08,1982,2,8,0.0
Ca Mau,1982-02-09,1982,2,9,0.0
Ca Mau,1982-02-10,1982,2,10,0.0
Ca Mau,1982-02-11,1982,2,11,0.0
Ca Mau,1982-02-12,1982,2,12,0.0
Ca Mau,1982-02-13,1982,2,13,2.0530416405925305
Ca Mau,1982-02-14,1982,2,14,0.0447082635614358
Ca Mau,1982-02-15,1982,2,15,0.0
Ca Mau,1982-02-16,1982,2,16,0.0
Ca Mau,1982-02-17,1982,2,17,0.0
Ca Mau,1982-02-18,1982,2,18,0.0
Ca Mau,1982-02-19,1982,2,19,0.1089898766420484
Ca Mau,1982-02-20,1982,2,20,6.49206835817109e-05
Ca Mau,1982-02-21,1982,2,21,0.0
Ca Mau,1982-02-22,1982,2,22,0.0
Ca Mau,1982-02-23,1982,2,23,0.0
Ca Mau,1982-02-24,1982,2,24,0.0
Ca Mau,1982-02-25,1982,2,25,0.0
Ca Mau,1982-02-26,1982,2,26,1.3897823584586966
Ca Mau,1982-02-27,1982,2,27,0.0
Ca Mau,1982-02-28,1982,2,28,0.0
Ca Mau,1982-03-01,1982,3,1,0.0
Ca Mau,1982-03-02,1982,3,2,2.171467654361979
Ca Mau,1982-03-03,1982,3,3,0.00027276991788824937
Ca Mau,1982-03-04,1982,3,4,0.0
Ca Mau,1982-03-05,1982,3,5,0.630680283394157
Ca Mau,1982-03-06,1982,3,6,0.0
Ca Mau,1982-03-07,1982,3,7,0.0004555335788657618
Ca Mau,1982-03-08,1982,3,8,0.0
Ca Mau,1982-03-09,1982,3,9,0.0
Ca Mau,1982-03-10,1982,3,10,0.0
Ca Mau,1982-03-11,1982,3,11,0.0
Ca Mau,1982-03-12,1982,3,12,0.0
Ca Mau,1982-03-13,1982,3,13,0.0
Ca Mau,1982-03-14,1982,3,14,0.0
Ca Mau,1982-03-15,1982,3,15,0.0
Ca Mau,1982-03-16,1982,3,16,0.0
Ca Mau,1982-03-17,1982,3,17,0.0
Ca Mau,1982-03-18,1982,3,18,0.0
Ca Mau,1982-03-19,1982,3,19,0.0
Ca Mau,1982-03-20,1982,3,20,0.0
Ca Mau,1982-03-21,1982,3,21,0.0
Ca Mau,1982-03-22,1982,3,22,0.0
Ca Mau,1982-03-23,1982,3,23,0.0137536716360279
Ca Mau,1982-03-24,1982,3,24,3.339859226144212
Ca Mau,1982-03-25,1982,3,25,10.838616106231242
Ca Mau,1982-03-26,1982,3,26,5.5504803316985285
Ca Mau,1982-03-27,1982,3,27,0.0
Ca Mau,1982-03-28,1982,3,28,0.0880299397758878
Ca Mau,1982-03-29,1982,3,29,0.0
Ca Mau,1982-03-30,1982,3,30,13.694480429645608
Ca Mau,1982-03-31,1982,3,31,8.332250656400152
Ca Mau,1982-04-01,1982,4,1,0.1301181689625496
Ca Mau,1982-04-02,1982,4,2,4.328576753837168
Ca Mau,1982-04-03,1982,4,3,4.625879070571791
Ca Mau,1982-04-04,1982,4,4,3.830447206357011
Ca Mau,1982-04-05,1982,4,5,2.2912594375201705
Ca Mau,1982-04-06,1982,4,6,0.2022179235426086
Ca Mau,1982-04-07,1982,4,7,0.3208600309291156
Ca Mau,1982-04-08,1982,4,8,17.1279763396933
Ca Mau,1982-04-09,1982,4,9,0.0
Ca Mau,1982-04-10,1982,4,10,0.0
Ca Mau,1982-04-11,1982,4,11,0.2132093662434363
Ca Mau,1982-04-12,1982,4,12,8.317462784797858
Ca Mau,1982-04-13,1982,4,13,0.5268302266874512
Ca Mau,1982-04-14,1982,4,14,0.0
Ca Mau,1982-04-15,1982,4,15,0.4251137130421913
Ca Mau,1982-04-16,1982,4,16,2.4054678543645367
Ca Mau,1982-04-17,1982,4,17,1.450270606310726
Ca Mau,1982-04-18,1982,4,18,0.8271569804240027
Ca Mau,1982-04-19,1982,4,19,2.6894703993017486
Ca Mau,1982-04-20,1982,4,20,17.28333999065203
Ca Mau,1982-04-21,1982,4,21,2.847124431097595
Ca Mau,1982-04-22,1982,4,22,5.978841709515853
Ca Mau,1982-04-23,1982,4,23,5.578914673433628
Ca Mau,1982-04-24,1982,4,24,9.58753003700757
Ca Mau,1982-04-25,1982,4,25,1.3829329180854413
Ca Mau,1982-04-26,1982,4,26,7.2110222573589216
Ca Mau,1982-04-27,1982,4,27,6.788092137878582
Ca Mau,1982-04-28,1982,4,28,2.0033792604657377
Ca Mau,1982-04-29,1982,4,29,0.6189293144980251
Ca Mau,1982-04-30,1982,4,30,0.2944697237324687
Ca Mau,1982-05-01,1982,5,1,0.0
Ca Mau,1982-05-02,1982,5,2,5.573588927101882
Ca Mau,1982-05-03,1982,5,3,1.4291864555585854
Ca Mau,1982-05-04,1982,5,4,5.576473084126376
Ca Mau,1982-05-05,1982,5,5,2.8982055228442287
Ca Mau,1982-05-06,1982,5,6,8.538844731412246
Ca Mau,1982-05-07,1982,5,7,4.722695578371673
Ca Mau,1982-05-08,1982,5,8,4.781542315646702
Ca Mau,1982-05-09,1982,5,9,13.56536073533159
Ca Mau,1982-05-10,1982,5,10,3.240867450238717
Ca Mau,1982-05-11,1982,5,11,0.8576318568841724
Ca Mau,1982-05-12,1982,5,12,1.806587877024547
Ca Mau,1982-05-13,1982,5,13,8.745505765440821
Ca Mau,1982-05-14,1982,5,14,9.236574702919832
Ca Mau,1982-05-15,1982,5,15,26.990108921997788
Ca Mau,1982-05-16,1982,5,16,0.861131857139168
Ca Mau,1982-05-17,1982,5,17,2.149321473815097
Ca Mau,1982-05-18,1982,5,18,1.7898330221351288
Ca Mau,1982-05-19,1982,5,19,2.0594040785737096
Ca Mau,1982-05-20,1982,5,20,12.254736545395462
Ca Mau,1982-05-21,1982,5,21,13.826801930528312
Ca Mau,1982-05-22,1982,5,22,17.207833438796392
Ca Mau,1982-05-23,1982,5,23,8.489168233673983
Ca Mau,1982-05-24,1982,5,24,8.897844047633598
Ca Mau,1982-05-25,1982,5,25,2.3575284825559115
Ca Mau,1982-05-26,1982,5,26,3.168065441157468
Ca Mau,1982-05-27,1982,5,27,0.3126362683442946
Ca Mau,1982-05-28,1982,5,28,6.145912014272295
Ca Mau,1982-05-29,1982,5,29,0.5111354159634954
Ca Mau,1982-05-30,1982,5,30,6.54800598869301
Ca Mau,1982-05-31,1982,5,31,9.973457397156578
Ca Mau,1982-06-01,1982,6,1,4.18775765905934
Ca Mau,1982-06-02,1982,6,2,8.046846374599074
Ca Mau,1982-06-03,1982,6,3,5.6835094621898286
Ca Mau,1982-06-04,1982,6,4,13.557485143355624
Ca Mau,1982-06-05,1982,6,5,5.64359956945517
Ca Mau,1982-06-06,1982,6,6,5.917185110149245
Ca Mau,1982-06-07,1982,6,7,8.26735306696059
Ca Mau,1982-06-08,1982,6,8,11.528770404389215
Ca Mau,1982-06-09,1982,6,9,12.029225567348998
Ca Mau,1982-06-10,1982,6,10,0.0011971205869349
Ca Mau,1982-06-11,1982,6,11,0.4566199945729619
Ca Mau,1982-06-12,1982,6,12,8.909290113068552
Ca Mau,1982-06-13,1982,6,13,34.310072691581865
Ca Mau,1982-06-14,1982,6,14,33.211813792946714
Ca Mau,1982-06-15,1982,6,15,2.492237562622241
Ca Mau,1982-06-16,1982,6,16,11.72991257608658
Ca Mau,1982-06-17,1982,6,17,20.888426897522542
Ca Mau,1982-06-18,1982,6,18,14.073286796693653
Ca Mau,1982-06-19,1982,6,19,18.77054084556351
Ca Mau,1982-06-20,1982,6,20,3.183896092443471
Ca Mau,1982-06-21,1982,6,21,6.921362058332751
Ca Mau,1982-06-22,1982,6,22,10.644502418982873
Ca Mau,1982-06-23,1982,6,23,5.276023883890578
Ca Mau,1982-06-24,1982,6,24,0.2654444676572784
Ca Mau,1982-06-25,1982,6,25,3.6153356450978142
Ca Mau,1982-06-26,1982,6,26,1.9759990027604548
Ca Mau,1982-06-27,1982,6,27,11.129877523867084
Ca Mau,1982-06-28,1982,6,28,10.613338827672434
Ca Mau,1982-06-29,1982,6,29,8.613680884935768
Ca Mau,1982-06-30,1982,6,30,0.0002373459837889297
Ca Mau,1982-07-01,1982,7,1,8.36166477097512
Ca Mau,1982-07-02,1982,7,2,1.183770043241647
Ca Mau,1982-07-03,1982,7,3,0.2042064512511119
Ca Mau,1982-07-04,1982,7,4,17.427215880411428
Ca Mau,1982-07-05,1982,7,5,7.96680672269004
Ca Mau,1982-07-06,1982,7,6,0.8290783323239461
Ca Mau,1982-07-07,1982,7,7,9.411358241726084
Ca Mau,1982-07-08,1982,7,8,1.892505760956669
Ca Mau,1982-07-09,1982,7,9,10.600204114010513
Ca Mau,1982-07-10,1982,7,10,6.907297109025096
Ca Mau,1982-07-11,1982,7,11,5.423820661320076
Ca Mau,1982-07-12,1982,7,12,18.053713877614427
Ca Mau,1982-07-13,1982,7,13,1.2159999040289908
Ca Mau,1982-07-14,1982,7,14,4.243403364860309
Ca Mau,1982-07-15,1982,7,15,4.523790448642773
Ca Mau,1982-07-16,1982,7,16,20.069435508041103
Ca Mau,1982-07-17,1982,7,17,26.38104471467896
Ca Mau,1982-07-18,1982,7,18,38.41189531619777
Ca Mau,1982-07-19,1982,7,19,10.70337199359376
Ca Mau,1982-07-20,1982,7,20,8.422486785326285
Ca Mau,1982-07-21,1982,7,21,13.805805311426791
Ca Mau,1982-07-22,1982,7,22,0.0
Ca Mau,1982-07-23,1982,7,23,0.0
Ca Mau,1982-07-24,1982,7,24,0.0
Ca Mau,1982-07-25,1982,7,25,2.969784804652508
Ca Mau,1982-07-26,1982,7,26,10.364472182938314
Ca Mau,1982-07-27,1982,7,27,0.0
Ca Mau,1982-07-28,1982,7,28,23.814006857213627
Ca Mau,1982-07-29,1982,7,29,0.00022532096292548785
Ca Mau,1982-07-30,1982,7,30,0.9020867282220648
Ca Mau,1982-07-31,1982,7,31,4.722175254435826
Ca Mau,1982-08-01,1982,8,1,9.356800651301644
Ca Mau,1982-08-02,1982,8,2,0.0
Ca Mau,1982-08-03,1982,8,3,13.155139859022515
Ca Mau,1982-08-04,1982,8,4,0.5439341181783321
Ca Mau,1982-08-05,1982,8,5,3.149019267567702
Ca Mau,1982-08-06,1982,8,6,4.460562028243076
Ca Mau,1982-08-07,1982,8,7,18.286307574579773
Ca Mau,1982-08-08,1982,8,8,13.070289720259742
Ca Mau,1982-08-09,1982,8,9,31.051603315954427
Ca Mau,1982-08-10,1982,8,10,64.49955091696624
Ca Mau,1982-08-11,1982,8,11,9.79619892421736
Ca Mau,1982-08-12,1982,8,12,0.0002968928888169858
Ca Mau,1982-08-13,1982,8,13,0.00031533348120685946
Ca Mau,1982-08-14,1982,8,14,0.00041906159042303065
Ca Mau,1982-08-15,1982,8,15,8.25250138186522
Ca Mau,1982-08-16,1982,8,16,8.99352840316159
Ca Mau,1982-08-17,1982,8,17,5.03153054012569
Ca Mau,1982-08-18,1982,8,18,0.1541791440605973
Ca Mau,1982-08-19,1982,8,19,19.152480009389187
Ca Mau,1982-08-20,1982,8,20,9.813006271429115
Ca Mau,1982-08-21,1982,8,21,1.8914940082428688
Ca Mau,1982-08-22,1982,8,22,0.00030731073746225726
Ca Mau,1982-08-23,1982,8,23,12.436045241885642
Ca Mau,1982-08-24,1982,8,24,6.543204119201513
Ca Mau,1982-08-25,1982,8,25,0.3912619698202597
Ca Mau,1982-08-26,1982,8,26,23.730200090676444
Ca Mau,1982-08-27,1982,8,27,24.391231014459716
Ca Mau,1982-08-28,1982,8,28,8.80168344216487
Ca Mau,1982-08-29,1982,8,29,2.89177776038863
Ca Mau,1982-08-30,1982,8,30,2.033390330071894
Ca Mau,1982-08-31,1982,8,31,3.026720256424153
Ca Mau,1982-09-01,1982,9,1,0.2969495283198761
Ca Mau,1982-09-02,1982,9,2,5.09040376489043
Ca Mau,1982-09-03,1982,9,3,0.8591366453409344
Ca Mau,1982-09-04,1982,9,4,9.536052175199544
Ca Mau,1982-09-05,1982,9,5,29.106347766742047
Ca Mau,1982-09-06,1982,9,6,36.61543945377152
Ca Mau,1982-09-07,1982,9,7,1.1497699017247962
Ca Mau,1982-09-08,1982,9,8,3.748974912301014
Ca Mau,1982-09-09,1982,9,9,7.932113266427257
Ca Mau,1982-09-10,1982,9,10,8.809009802240563
Ca Mau,1982-09-11,1982,9,11,2.2516165562559656
Ca Mau,1982-09-12,1982,9,12,1.0777940916431288
Ca Mau,1982-09-13,1982,9,13,1.8816651092186816
Ca Mau,1982-09-14,1982,9,14,8.902160208766887
Ca Mau,1982-09-15,1982,9,15,8.690142190586124
Ca Mau,1982-09-16,1982,9,16,9.09032817982237
Ca Mau,1982-09-17,1982,9,17,4.426200867780321
Ca Mau,1982-09-18,1982,9,18,5.014887975576136
Ca Mau,1982-09-19,1982,9,19,1.570677527286194
Ca Mau,1982-09-20,1982,9,20,0.6595729987307071
Ca Mau,1982-09-21,1982,9,21,9.211626105343852
Ca Mau,1982-09-22,1982,9,22,23.20655049935904
Ca Mau,1982-09-23,1982,9,23,4.69214360109624
Ca Mau,1982-09-24,1982,9,24,9.877511996888488
Ca Mau,1982-09-25,1982,9,25,0.4039744740349784
Ca Mau,1982-09-26,1982,9,26,2.6541771372687872
Ca Mau,1982-09-27,1982,9,27,1.587299318067469
Ca Mau,1982-09-28,1982,9,28,10.103551086547371
Ca Mau,1982-09-29,1982,9,29,4.124768819322106
Ca Mau,1982-09-30,1982,9,30,10.733655421664668
Ca Mau,1982-10-01,1982,10,1,7.612313485905944
Ca Mau,1982-10-02,1982,10,2,5.702369214131295
Ca Mau,1982-10-03,1982,10,3,6.081548649461846
Ca Mau,1982-10-04,1982,10,4,10.23538374861178
Ca Mau,1982-10-05,1982,10,5,3.563552133594849
Ca Mau,1982-10-06,1982,10,6,13.24721343411717
Ca Mau,1982-10-07,1982,10,7,8.19320229146328
Ca Mau,1982-10-08,1982,10,8,4.597027996557224
Ca Mau,1982-10-09,1982,10,9,6.426567916714442
Ca Mau,1982-10-10,1982,10,10,9.219220025940128
Ca Mau,1982-10-11,1982,10,11,18.58421091717345
Ca Mau,1982-10-12,1982,10,12,16.50069061053203
Ca Mau,1982-10-13,1982,10,13,5.140585339478385
Ca Mau,1982-10-14,1982,10,14,3.956323646369336
Ca Mau,1982-10-15,1982,10,15,10.339043620149493
Ca Mau,1982-10-16,1982,10,16,26.45840491319331
Ca Mau,1982-10-17,1982,10,17,8.495466541854764
Ca Mau,1982-10-18,1982,10,18,6.323712180079187
Ca Mau,1982-10-19,1982,10,19,11.555504232338729
Ca Mau,1982-10-20,1982,10,20,9.195179297529084
Ca Mau,1982-10-21,1982,10,21,2.771580180619476
Ca Mau,1982-10-22,1982,10,22,4.491457988419081
Ca Mau,1982-10-23,1982,10,23,2.169795343041998
Ca Mau,1982-10-24,1982,10,24,7.335153742201244
Ca Mau,1982-10-25,1982,10,25,7.9635696112839325
Ca Mau,1982-10-26,1982,10,26,1.627006775072293
Ca Mau,1982-10-27,1982,10,27,6.981847380883679
Ca Mau,1982-10-28,1982,10,28,0.3201018077700863
Ca Mau,1982-10-29,1982,10,29,17.457913892634185
Ca Mau,1982-10-30,1982,10,30,21.00859397705622
Ca Mau,1982-10-31,1982,10,31,11.405017573363912
Ca Mau,1982-11-01,1982,11,1,10.342941315891956
Ca Mau,1982-11-02,1982,11,2,0.0
Ca Mau,1982-11-03,1982,11,3,1.6961573765780942
Ca Mau,1982-11-04,1982,11,4,0.0004462604709375007
Ca Mau,1982-11-05,1982,11,5,7.247164785249352
Ca Mau,1982-11-06,1982,11,6,5.767943384983955
Ca Mau,1982-11-07,1982,11,7,3.979157009573056
Ca Mau,1982-11-08,1982,11,8,17.885853326238674
Ca Mau,1982-11-09,1982,11,9,15.368787403739862
Ca Mau,1982-11-10,1982,11,10,23.380563206078797
Ca Mau,1982-11-11,1982,11,11,22.832562103921592
Ca Mau,1982-11-12,1982,11,12,11.505953770648906
Ca Mau,1982-11-13,1982,11,13,2.7061283980398265
Ca Mau,1982-11-14,1982,11,14,0.0665952136972074
Ca Mau,1982-11-15,1982,11,15,2.917233864838729
Ca Mau,1982-11-16,1982,11,16,4.6864286130418105
Ca Mau,1982-11-17,1982,11,17,2.029830101476544
Ca Mau,1982-11-18,1982,11,18,14.32483288942147
Ca Mau,1982-11-19,1982,11,19,7.723001300603911
Ca Mau,1982-11-20,1982,11,20,0.00025204313241008417
Ca Mau,1982-11-21,1982,11,21,0.4915308961160528
Ca Mau,1982-11-22,1982,11,22,10.27484750951288
Ca Mau,1982-11-23,1982,11,23,0.3691358818540839
Ca Mau,1982-11-24,1982,11,24,5.615995644315845
Ca Mau,1982-11-25,1982,11,25,0.6948247898050204
Ca Mau,1982-11-26,1982,11,26,9.79864773752468
Ca Mau,1982-11-27,1982,11,27,3.0909593614874624
Ca Mau,1982-11-28,1982,11,28,1.668032849966543
Ca Mau,1982-11-29,1982,11,29,4.236945107020665
Ca Mau,1982-11-30,1982,11,30,0.0
Ca Mau,1982-12-01,1982,12,1,0.0
Ca Mau,1982-12-02,1982,12,2,0.3605524028551191
Ca Mau,1982-12-03,1982,12,3,0.0
Ca Mau,1982-12-04,1982,12,4,0.0
Ca Mau,1982-12-05,1982,12,5,0.0004416827152977545
Ca Mau,1982-12-06,1982,12,6,1.3090376912322277
Ca Mau,1982-12-07,1982,12,7,21.81666034306913
Ca Mau,1982-12-08,1982,12,8,18.0477480523946
Ca Mau,1982-12-09,1982,12,9,0.0
Ca Mau,1982-12-10,1982,12,10,0.0
Ca Mau,1982-12-11,1982,12,11,0.0
Ca Mau,1982-12-12,1982,12,12,0.0
Ca Mau,1982-12-13,1982,12,13,0.0
Ca Mau,1982-12-14,1982,12,14,0.0
Ca Mau,1982-12-15,1982,12,15,0.4712646917824015
Ca Mau,1982-12-16,1982,12,16,1.1815269472665342
Ca Mau,1982-12-17,1982,12,17,0.0
Ca Mau,1982-12-18,1982,12,18,2.106567497364052
Ca Mau,1982-12-19,1982,12,19,6.91596981918185
Ca Mau,1982-12-20,1982,12,20,0.0
Ca Mau,1982-12-21,1982,12,21,0.0
Ca Mau,1982-12-22,1982,12,22,0.0
Ca Mau,1982-12-23,1982,12,23,0.0
Ca Mau,1982-12-24,1982,12,24,0.0
Ca Mau,1982-12-25,1982,12,25,0.0
Ca Mau,1982-12-26,1982,12,26,0.0
Ca Mau,1982-12-27,1982,12,27,0.0
Ca Mau,1982-12-28,1982,12,28,0.0
Ca Mau,1982-12-29,1982,12,29,2.0550912560437875
Ca Mau,1982-12-30,1982,12,30,0.0
Ca Mau,1982-12-31,1982,12,31,0.0
Ca Mau,1983-01-01,1983,1,1,8.141155543898158
Ca Mau,1983-01-02,1983,1,2,0.0
Ca Mau,1983-01-03,1983,1,3,0.0
Ca Mau,1983-01-04,1983,1,4,0.0
Ca Mau,1983-01-05,1983,1,5,0.0
Ca Mau,1983-01-06,1983,1,6,0.0
Ca Mau,1983-01-07,1983,1,7,0.0679349785776496
Ca Mau,1983-01-08,1983,1,8,1.3088154737897308
Ca Mau,1983-01-09,1983,1,9,0.0
Ca Mau,1983-01-10,1983,1,10,0.0
Ca Mau,1983-01-11,1983,1,11,0.0
Ca Mau,1983-01-12,1983,1,12,0.1707551026764127
Ca Mau,1983-01-13,1983,1,13,0.0
Ca Mau,1983-01-14,1983,1,14,0.0
Ca Mau,1983-01-15,1983,1,15,0.0
Ca Mau,1983-01-16,1983,1,16,0.0
Ca Mau,1983-01-17,1983,1,17,0.0
Ca Mau,1983-01-18,1983,1,18,0.0
Ca Mau,1983-01-19,1983,1,19,1.3174846023050886
Ca Mau,1983-01-20,1983,1,20,0.0280262872018145
Ca Mau,1983-01-21,1983,1,21,0.2435028167551851
Ca Mau,1983-01-22,1983,1,22,0.0
Ca Mau,1983-01-23,1983,1,23,0.0
Ca Mau,1983-01-24,1983,1,24,0.0
Ca Mau,1983-01-25,1983,1,25,0.0
Ca Mau,1983-01-26,1983,1,26,0.0
Ca Mau,1983-01-27,1983,1,27,0.0
Ca Mau,1983-01-28,1983,1,28,0.0
Ca Mau,1983-01-29,1983,1,29,0.0
Ca Mau,1983-01-30,1983,1,30,0.0265653255376446
Ca Mau,1983-01-31,1983,1,31,0.389125150697083
Ca Mau,1983-02-01,1983,2,1,0.0
Ca Mau,1983-02-02,1983,2,2,0.0
Ca Mau,1983-02-03,1983,2,3,0.0
Ca Mau,1983-02-04,1983,2,4,0.4931553715914309
Ca Mau,1983-02-05,1983,2,5,0.0
Ca Mau,1983-02-06,1983,2,6,0.0
Ca Mau,1983-02-07,1983,2,7,0.0
Ca Mau,1983-02-08,1983,2,8,0.0
Ca Mau,1983-02-09,1983,2,9,0.0
Ca Mau,1983-02-10,1983,2,10,0.0
Ca Mau,1983-02-11,1983,2,11,0.0
Ca Mau,1983-02-12,1983,2,12,0.0
Ca Mau,1983-02-13,1983,2,13,0.2038104657349521
Ca Mau,1983-02-14,1983,2,14,0.0
Ca Mau,1983-02-15,1983,2,15,0.0
Ca Mau,1983-02-16,1983,2,16,0.0
Ca Mau,1983-02-17,1983,2,17,0.0
Ca Mau,1983-02-18,1983,2,18,2.512705483128112
Ca Mau,1983-02-19,1983,2,19,0.6724754780296694
Ca Mau,1983-02-20,1983,2,20,0.0
Ca Mau,1983-02-21,1983,2,21,0.0
Ca Mau,1983-02-22,1983,2,22,0.0
Ca Mau,1983-02-23,1983,2,23,0.0
Ca Mau,1983-02-24,1983,2,24,0.0
Ca Mau,1983-02-25,1983,2,25,0.8600880733253088
Ca Mau,1983-02-26,1983,2,26,0.0
Ca Mau,1983-02-27,1983,2,27,0.0
Ca Mau,1983-02-28,1983,2,28,0.0
Ca Mau,1983-03-01,1983,3,1,0.0
Ca Mau,1983-03-02,1983,3,2,0.0
Ca Mau,1983-03-03,1983,3,3,0.0
Ca Mau,1983-03-04,1983,3,4,0.0
Ca Mau,1983-03-05,1983,3,5,8.068488886275814
Ca Mau,1983-03-06,1983,3,6,0.0
Ca Mau,1983-03-07,1983,3,7,0.0
Ca Mau,1983-03-08,1983,3,8,0.0847310608899291
Ca Mau,1983-03-09,1983,3,9,1.2970956009728194
Ca Mau,1983-03-10,1983,3,10,1.5876638182273373
Ca Mau,1983-03-11,1983,3,11,0.0
Ca Mau,1983-03-12,1983,3,12,0.0
Ca Mau,1983-03-13,1983,3,13,0.0
Ca Mau,1983-03-14,1983,3,14,0.8981041199287816
Ca Mau,1983-03-15,1983,3,15,0.0
Ca Mau,1983-03-16,1983,3,16,0.0
Ca Mau,1983-03-17,1983,3,17,0.0
Ca Mau,1983-03-18,1983,3,18,0.0
Ca Mau,1983-03-19,1983,3,19,0.0
Ca Mau,1983-03-20,1983,3,20,0.0
Ca Mau,1983-03-21,1983,3,21,0.0
Ca Mau,1983-03-22,1983,3,22,0.0
Ca Mau,1983-03-23,1983,3,23,0.0057346984617943
Ca Mau,1983-03-24,1983,3,24,0.0057346984617943
Ca Mau,1983-03-25,1983,3,25,0.0057346984617943
Ca Mau,1983-03-26,1983,3,26,0.0
Ca Mau,1983-03-27,1983,3,27,0.0
Ca Mau,1983-03-28,1983,3,28,0.0
Ca Mau,1983-03-29,1983,3,29,1.0423507362135669
Ca Mau,1983-03-30,1983,3,30,0.0208265698788532
Ca Mau,1983-03-31,1983,3,31,0.135110625783218
Ca Mau,1983-04-01,1983,4,1,0.0
Ca Mau,1983-04-02,1983,4,2,0.0
Ca Mau,1983-04-03,1983,4,3,0.0356150314554193
Ca Mau,1983-04-04,1983,4,4,0.0
Ca Mau,1983-04-05,1983,4,5,0.0
Ca Mau,1983-04-06,1983,4,6,0.0
Ca Mau,1983-04-07,1983,4,7,0.0
Ca Mau,1983-04-08,1983,4,8,0.0
Ca Mau,1983-04-09,1983,4,9,0.0
Ca Mau,1983-04-10,1983,4,10,0.0
Ca Mau,1983-04-11,1983,4,11,0.0
Ca Mau,1983-04-12,1983,4,12,0.0
Ca Mau,1983-04-13,1983,4,13,0.0
Ca Mau,1983-04-14,1983,4,14,0.0
Ca Mau,1983-04-15,1983,4,15,0.0
Ca Mau,1983-04-16,1983,4,16,0.0
Ca Mau,1983-04-17,1983,4,17,0.0
Ca Mau,1983-04-18,1983,4,18,0.0
Ca Mau,1983-04-19,1983,4,19,0.0
Ca Mau,1983-04-20,1983,4,20,0.0
Ca Mau,1983-04-21,1983,4,21,0.0
Ca Mau,1983-04-22,1983,4,22,0.0
Ca Mau,1983-04-23,1983,4,23,6.824086599637549
Ca Mau,1983-04-24,1983,4,24,0.0
Ca Mau,1983-04-25,1983,4,25,0.2384685563889784
Ca Mau,1983-04-26,1983,4,26,0.0
Ca Mau,1983-04-27,1983,4,27,0.0845880316707791
Ca Mau,1983-04-28,1983,4,28,0.3672582137307205
Ca Mau,1983-04-29,1983,4,29,0.1463563057448729
Ca Mau,1983-04-30,1983,4,30,12.064821366729737
Ca Mau,1983-05-01,1983,5,1,4.046721770732183
Ca Mau,1983-05-02,1983,5,2,1.6325553605082976
Ca Mau,1983-05-03,1983,5,3,0.0
Ca Mau,1983-05-04,1983,5,4,0.0627630664955739
Ca Mau,1983-05-05,1983,5,5,0.0176958724419432
Ca Mau,1983-05-06,1983,5,6,1.9476445358260084
Ca Mau,1983-05-07,1983,5,7,3.5399819024835137
Ca Mau,1983-05-08,1983,5,8,6.555855863931464
Ca Mau,1983-05-09,1983,5,9,0.2909857167478341
Ca Mau,1983-05-10,1983,5,10,0.4131889829756704
Ca Mau,1983-05-11,1983,5,11,2.725919146644811
Ca Mau,1983-05-12,1983,5,12,0.5309893442126401
Ca Mau,1983-05-13,1983,5,13,0.394906844101405
Ca Mau,1983-05-14,1983,5,14,0.0
Ca Mau,1983-05-15,1983,5,15,1.0176561714083574
Ca Mau,1983-05-16,1983,5,16,1.5744534156576908
Ca Mau,1983-05-17,1983,5,17,0.0
Ca Mau,1983-05-18,1983,5,18,0.0
Ca Mau,1983-05-19,1983,5,19,1.8908298455647223
Ca Mau,1983-05-20,1983,5,20,6.94083132628158
Ca Mau,1983-05-21,1983,5,21,0.0
Ca Mau,1983-05-22,1983,5,22,2.6148744271944286
Ca Mau,1983-05-23,1983,5,23,11.550149066357944
Ca Mau,1983-05-24,1983,5,24,9.390069842752991
Ca Mau,1983-05-25,1983,5,25,8.741256785814397
Ca Mau,1983-05-26,1983,5,26,17.361625352101864
Ca Mau,1983-05-27,1983,5,27,23.32925303312788
Ca Mau,1983-05-28,1983,5,28,16.255623010907236
Ca Mau,1983-05-29,1983,5,29,13.820564784487988
Ca Mau,1983-05-30,1983,5,30,13.69039499070023
Ca Mau,1983-05-31,1983,5,31,5.126189815900779
Ca Mau,1983-06-01,1983,6,1,0.6286107015400731
Ca Mau,1983-06-02,1983,6,2,4.42150364005364
Ca Mau,1983-06-03,1983,6,3,5.645711003301583
Ca Mau,1983-06-04,1983,6,4,4.870055646497079
Ca Mau,1983-06-05,1983,6,5,11.033623326069794
Ca Mau,1983-06-06,1983,6,6,20.327197880706017
Ca Mau,1983-06-07,1983,6,7,21.861246990105258
Ca Mau,1983-06-08,1983,6,8,34.13814035287758
Ca Mau,1983-06-09,1983,6,9,24.24578021697368
Ca Mau,1983-06-10,1983,6,10,25.357554119526284
Ca Mau,1983-06-11,1983,6,11,11.710578680038454
Ca Mau,1983-06-12,1983,6,12,1.79396224872377
Ca Mau,1983-06-13,1983,6,13,4.215804023359608
Ca Mau,1983-06-14,1983,6,14,5.614046524111027
Ca Mau,1983-06-15,1983,6,15,2.767434754468584
Ca Mau,1983-06-16,1983,6,16,6.035843811316605
Ca Mau,1983-06-17,1983,6,17,5.2109592880112245
Ca Mau,1983-06-18,1983,6,18,7.199931573010129
Ca Mau,1983-06-19,1983,6,19,11.842961711392368
Ca Mau,1983-06-20,1983,6,20,9.339325105638542
Ca Mau,1983-06-21,1983,6,21,5.706714136519234
Ca Mau,1983-06-22,1983,6,22,11.87459455738171
Ca Mau,1983-06-23,1983,6,23,13.54663774167541
Ca Mau,1983-06-24,1983,6,24,4.303687057096375
Ca Mau,1983-06-25,1983,6,25,4.157893481780357
Ca Mau,1983-06-26,1983,6,26,52.8173798576556
Ca Mau,1983-06-27,1983,6,27,26.08241566748978
Ca Mau,1983-06-28,1983,6,28,3.781722441396735
Ca Mau,1983-06-29,1983,6,29,4.7382993666768245
Ca Mau,1983-06-30,1983,6,30,0.0
Ca Mau,1983-07-01,1983,7,1,0.0
Ca Mau,1983-07-02,1983,7,2,0.0
Ca Mau,1983-07-03,1983,7,3,3.446398944081571
Ca Mau,1983-07-04,1983,7,4,2.551604245276954
Ca Mau,1983-07-05,1983,7,5,8.782999813628747
Ca Mau,1983-07-06,1983,7,6,10.620228620509574
Ca Mau,1983-07-07,1983,7,7,3.9536303106645874
Ca Mau,1983-07-08,1983,7,8,11.825265989653513
Ca Mau,1983-07-09,1983,7,9,8.566443927369862
Ca Mau,1983-07-10,1983,7,10,1.5061582379322391
Ca Mau,1983-07-11,1983,7,11,8.78130269834396
Ca Mau,1983-07-12,1983,7,12,7.883951862361803
Ca Mau,1983-07-13,1983,7,13,0.2852905442107114
Ca Mau,1983-07-14,1983,7,14,4.283872823220788
Ca Mau,1983-07-15,1983,7,15,14.613120486570178
Ca Mau,1983-07-16,1983,7,16,15.674064709267784
Ca Mau,1983-07-17,1983,7,17,24.640377256591357
Ca Mau,1983-07-18,1983,7,18,22.70914382922678
Ca Mau,1983-07-19,1983,7,19,9.019889954513587
Ca Mau,1983-07-20,1983,7,20,0.1587388705025273
Ca Mau,1983-07-21,1983,7,21,5.111611696340804
Ca Mau,1983-07-22,1983,7,22,1.4348984407722742
Ca Mau,1983-07-23,1983,7,23,6.03145445669757
Ca Mau,1983-07-24,1983,7,24,2.103127668088048
Ca Mau,1983-07-25,1983,7,25,3.223825588480018
Ca Mau,1983-07-26,1983,7,26,4.308997535179434
Ca Mau,1983-07-27,1983,7,27,8.646960617643318
Ca Mau,1983-07-28,1983,7,28,4.9031781721071885
Ca Mau,1983-07-29,1983,7,29,17.079184236547757
Ca Mau,1983-07-30,1983,7,30,1.7574702285887838
Ca Mau,1983-07-31,1983,7,31,8.55216879303035
Ca Mau,1983-08-01,1983,8,1,9.209307888236712
Ca Mau,1983-08-02,1983,8,2,8.853842742894269
Ca Mau,1983-08-03,1983,8,3,11.239565172202283
Ca Mau,1983-08-04,1983,8,4,13.594555636856626
Ca Mau,1983-08-05,1983,8,5,19.54033883634905
Ca Mau,1983-08-06,1983,8,6,20.026411809054224
Ca Mau,1983-08-07,1983,8,7,17.96056959722215
Ca Mau,1983-08-08,1983,8,8,2.7325536417341305
Ca Mau,1983-08-09,1983,8,9,9.122326646482136
Ca Mau,1983-08-10,1983,8,10,35.25880141902218
Ca Mau,1983-08-11,1983,8,11,44.71706510202774
Ca Mau,1983-08-12,1983,8,12,35.83488661982346
Ca Mau,1983-08-13,1983,8,13,20.148018760117903
Ca Mau,1983-08-14,1983,8,14,24.480268540376628
Ca Mau,1983-08-15,1983,8,15,6.367885417038036
Ca Mau,1983-08-16,1983,8,16,11.229947459488717
Ca Mau,1983-08-17,1983,8,17,7.663132253074807
Ca Mau,1983-08-18,1983,8,18,32.829509606798894
Ca Mau,1983-08-19,1983,8,19,0.8940639422514999
Ca Mau,1983-08-20,1983,8,20,9.360984955284804
Ca Mau,1983-08-21,1983,8,21,0.5981942129646854
Ca Mau,1983-08-22,1983,8,22,3.4300638154563488
Ca Mau,1983-08-23,1983,8,23,0.0
Ca Mau,1983-08-24,1983,8,24,0.0
Ca Mau,1983-08-25,1983,8,25,1.6120210326982818
Ca Mau,1983-08-26,1983,8,26,5.633209876193607
Ca Mau,1983-08-27,1983,8,27,3.88830966655584
Ca Mau,1983-08-28,1983,8,28,4.8965343497738605
Ca Mau,1983-08-29,1983,8,29,18.060795156039674
Ca Mau,1983-08-30,1983,8,30,33.748160743259334
Ca Mau,1983-08-31,1983,8,31,3.108483713232838
Ca Mau,1983-09-01,1983,9,1,3.216899657200803
Ca Mau,1983-09-02,1983,9,2,3.49740889028814
Ca Mau,1983-09-03,1983,9,3,9.20344606771651
Ca Mau,1983-09-04,1983,9,4,2.643336099915956
Ca Mau,1983-09-05,1983,9,5,1.6186489734118488
Ca Mau,1983-09-06,1983,9,6,12.33197521810232
Ca Mau,1983-09-07,1983,9,7,11.686603012304433
Ca Mau,1983-09-08,1983,9,8,7.831070349458273
Ca Mau,1983-09-09,1983,9,9,6.125049631407503
Ca Mau,1983-09-10,1983,9,10,3.444426976036205
Ca Mau,1983-09-11,1983,9,11,11.413537777762109
Ca Mau,1983-09-12,1983,9,12,20.900940477181383
Ca Mau,1983-09-13,1983,9,13,12.267625331608391
Ca Mau,1983-09-14,1983,9,14,7.3717283761486945
Ca Mau,1983-09-15,1983,9,15,1.2831704272126208
Ca Mau,1983-09-16,1983,9,16,7.347299421663333
Ca Mau,1983-09-17,1983,9,17,13.058114028980611
Ca Mau,1983-09-18,1983,9,18,4.165719483601789
Ca Mau,1983-09-19,1983,9,19,8.010655511706673
Ca Mau,1983-09-20,1983,9,20,30.28841767985344
Ca Mau,1983-09-21,1983,9,21,6.468726349262549
Ca Mau,1983-09-22,1983,9,22,4.821153995501018
Ca Mau,1983-09-23,1983,9,23,27.22726501882114
Ca Mau,1983-09-24,1983,9,24,3.769663331514404
Ca Mau,1983-09-25,1983,9,25,15.155628993080208
Ca Mau,1983-09-26,1983,9,26,67.74505184798029
Ca Mau,1983-09-27,1983,9,27,25.733073277675985
Ca Mau,1983-09-28,1983,9,28,22.486934884301554
Ca Mau,1983-09-29,1983,9,29,11.826280798362136
Ca Mau,1983-09-30,1983,9,30,36.98318960246471
Ca Mau,1983-10-01,1983,10,1,4.321331684821103
Ca Mau,1983-10-02,1983,10,2,15.18765590780448
Ca Mau,1983-10-03,1983,10,3,8.070454305504082
Ca Mau,1983-10-04,1983,10,4,18.42364457153244
Ca Mau,1983-10-05,1983,10,5,5.786689530089592
Ca Mau,1983-10-06,1983,10,6,17.906791829987196
Ca Mau,1983-10-07,1983,10,7,30.93743059722011
Ca Mau,1983-10-08,1983,10,8,18.7341117461042
Ca Mau,1983-10-09,1983,10,9,18.797768838424357
Ca Mau,1983-10-10,1983,10,10,4.099639271432141
Ca Mau,1983-10-11,1983,10,11,7.560355835140402
Ca Mau,1983-10-12,1983,10,12,4.661359954810059
Ca Mau,1983-10-13,1983,10,13,8.723250668761668
Ca Mau,1983-10-14,1983,10,14,8.055916591631895
Ca Mau,1983-10-15,1983,10,15,5.899418444522493
Ca Mau,1983-10-16,1983,10,16,22.303802283437975
Ca Mau,1983-10-17,1983,10,17,36.15175113154007
Ca Mau,1983-10-18,1983,10,18,28.34485832072948
Ca Mau,1983-10-19,1983,10,19,3.6775950756838425
Ca Mau,1983-10-20,1983,10,20,8.672847162170886
Ca Mau,1983-10-21,1983,10,21,5.833188282111897
Ca Mau,1983-10-22,1983,10,22,7.363618187912651
Ca Mau,1983-10-23,1983,10,23,2.2475272081927504
Ca Mau,1983-10-24,1983,10,24,19.70403944626181
Ca Mau,1983-10-25,1983,10,25,12.553046955635825
Ca Mau,1983-10-26,1983,10,26,8.160780604311608
Ca Mau,1983-10-27,1983,10,27,7.025760517713526
Ca Mau,1983-10-28,1983,10,28,1.4164218856911424
Ca Mau,1983-10-29,1983,10,29,9.353938800355978
Ca Mau,1983-10-30,1983,10,30,11.2041407953655
Ca Mau,1983-10-31,1983,10,31,1.1061041740635291
Ca Mau,1983-11-01,1983,11,1,12.764086948944197
Ca Mau,1983-11-02,1983,11,2,15.72546726172428
Ca Mau,1983-11-03,1983,11,3,10.082430866953477
Ca Mau,1983-11-04,1983,11,4,11.141293753033112
Ca Mau,1983-11-05,1983,11,5,46.53385827723698
Ca Mau,1983-11-06,1983,11,6,45.31469096104641
Ca Mau,1983-11-07,1983,11,7,35.000291234726944
Ca Mau,1983-11-08,1983,11,8,21.625511591513035
Ca Mau,1983-11-09,1983,11,9,10.429032559289247
Ca Mau,1983-11-10,1983,11,10,3.641815557373191
Ca Mau,1983-11-11,1983,11,11,0.0005799628875275768
Ca Mau,1983-11-12,1983,11,12,14.734855557880858
Ca Mau,1983-11-13,1983,11,13,0.842204087770836
Ca Mau,1983-11-14,1983,11,14,0.9515152824310616
Ca Mau,1983-11-15,1983,11,15,8.48724864455708
Ca Mau,1983-11-16,1983,11,16,9.156633482275234
Ca Mau,1983-11-17,1983,11,17,5.5555742056916495
Ca Mau,1983-11-18,1983,11,18,0.0
Ca Mau,1983-11-19,1983,11,19,0.6760529473045576
Ca Mau,1983-11-20,1983,11,20,12.785056998779812
Ca Mau,1983-11-21,1983,11,21,30.74754665550545
Ca Mau,1983-11-22,1983,11,22,1.386664272832179
Ca Mau,1983-11-23,1983,11,23,1.6785817000713146
Ca Mau,1983-11-24,1983,11,24,1.1154575867008565
Ca Mau,1983-11-25,1983,11,25,0.0
Ca Mau,1983-11-26,1983,11,26,0.0
Ca Mau,1983-11-27,1983,11,27,0.0
Ca Mau,1983-11-28,1983,11,28,0.2255563338387402
Ca Mau,1983-11-29,1983,11,29,0.0
Ca Mau,1983-11-30,1983,11,30,0.00040401340864301466
Ca Mau,1983-12-01,1983,12,1,3.693452482698477
Ca Mau,1983-12-02,1983,12,2,0.0
Ca Mau,1983-12-03,1983,12,3,0.7424836587588763
Ca Mau,1983-12-04,1983,12,4,7.272722125197554
Ca Mau,1983-12-05,1983,12,5,0.0
Ca Mau,1983-12-06,1983,12,6,0.365878315725811
Ca Mau,1983-12-07,1983,12,7,0.025385461405298
Ca Mau,1983-12-08,1983,12,8,0.0
Ca Mau,1983-12-09,1983,12,9,0.0406862053673313
Ca Mau,1983-12-10,1983,12,10,0.309246344588688
Ca Mau,1983-12-11,1983,12,11,6.325463014329361
Ca Mau,1983-12-12,1983,12,12,0.0
Ca Mau,1983-12-13,1983,12,13,1.0806016016891171
Ca Mau,1983-12-14,1983,12,14,0.245443133713887
Ca Mau,1983-12-15,1983,12,15,0.2616914811002445
Ca Mau,1983-12-16,1983,12,16,0.0
Ca Mau,1983-12-17,1983,12,17,0.2347703321759185
Ca Mau,1983-12-18,1983,12,18,0.457676526226617
Ca Mau,1983-12-19,1983,12,19,0.0
Ca Mau,1983-12-20,1983,12,20,0.0
Ca Mau,1983-12-21,1983,12,21,0.0
Ca Mau,1983-12-22,1983,12,22,0.0
Ca Mau,1983-12-23,1983,12,23,0.0
Ca Mau,1983-12-24,1983,12,24,2.6024927756734466
Ca Mau,1983-12-25,1983,12,25,25.40582996041052
Ca Mau,1983-12-26,1983,12,26,0.0
Ca Mau,1983-12-27,1983,12,27,0.0
Ca Mau,1983-12-28,1983,12,28,0.0
Ca Mau,1983-12-29,1983,12,29,6.895602140354925
Ca Mau,1983-12-30,1983,12,30,0.0
Ca Mau,1983-12-31,1983,12,31,3.055763536102467
Ca Mau,1984-01-01,1984,1,1,0.0
Ca Mau,1984-01-02,1984,1,2,0.0
Ca Mau,1984-01-03,1984,1,3,4.112278327345852
Ca Mau,1984-01-04,1984,1,4,13.143212290338845
Ca Mau,1984-01-05,1984,1,5,0.0
Ca Mau,1984-01-06,1984,1,6,0.0
Ca Mau,1984-01-07,1984,1,7,0.0
Ca Mau,1984-01-08,1984,1,8,0.0
Ca Mau,1984-01-09,1984,1,9,0.0
Ca Mau,1984-01-10,1984,1,10,0.0
Ca Mau,1984-01-11,1984,1,11,0.3391143080599364
Ca Mau,1984-01-12,1984,1,12,0.0260439910796418
Ca Mau,1984-01-13,1984,1,13,0.3130089293088779
Ca Mau,1984-01-14,1984,1,14,0.0
Ca Mau,1984-01-15,1984,1,15,0.0
Ca Mau,1984-01-16,1984,1,16,0.0
Ca Mau,1984-01-17,1984,1,17,0.0
Ca Mau,1984-01-18,1984,1,18,0.0
Ca Mau,1984-01-19,1984,1,19,0.0
Ca Mau,1984-01-20,1984,1,20,0.7307008803543945
Ca Mau,1984-01-21,1984,1,21,1.620656837453614
Ca Mau,1984-01-22,1984,1,22,2.268198991777712
Ca Mau,1984-01-23,1984,1,23,0.0
Ca Mau,1984-01-24,1984,1,24,0.0
Ca Mau,1984-01-25,1984,1,25,0.0
Ca Mau,1984-01-26,1984,1,26,0.0672979479905628
Ca Mau,1984-01-27,1984,1,27,0.0028926579027178
Ca Mau,1984-01-28,1984,1,28,4.610315850232036
Ca Mau,1984-01-29,1984,1,29,1.5068828494140505
Ca Mau,1984-01-30,1984,1,30,2.518175918108896
Ca Mau,1984-01-31,1984,1,31,0.0
Ca Mau,1984-02-01,1984,2,1,0.0
Ca Mau,1984-02-02,1984,2,2,0.0
Ca Mau,1984-02-03,1984,2,3,0.3068532778497476
Ca Mau,1984-02-04,1984,2,4,2.844089072413897
Ca Mau,1984-02-05,1984,2,5,0.0
Ca Mau,1984-02-06,1984,2,6,0.6093544069533448
Ca Mau,1984-02-07,1984,2,7,0.1622456113977905
Ca Mau,1984-02-08,1984,2,8,0.0
Ca Mau,1984-02-09,1984,2,9,0.0
Ca Mau,1984-02-10,1984,2,10,0.0
Ca Mau,1984-02-11,1984,2,11,0.0
Ca Mau,1984-02-12,1984,2,12,0.0
Ca Mau,1984-02-13,1984,2,13,0.120143690201687
Ca Mau,1984-02-14,1984,2,14,0.0078789220206178
Ca Mau,1984-02-15,1984,2,15,0.0556263741794996
Ca Mau,1984-02-16,1984,2,16,0.1926949906378012
Ca Mau,1984-02-17,1984,2,17,0.1186212617340875
Ca Mau,1984-02-18,1984,2,18,0.0
Ca Mau,1984-02-19,1984,2,19,0.3943983701833649
Ca Mau,1984-02-20,1984,2,20,0.1486659595267588
Ca Mau,1984-02-21,1984,2,21,0.0
Ca Mau,1984-02-22,1984,2,22,0.0
Ca Mau,1984-02-23,1984,2,23,2.523057783554065
Ca Mau,1984-02-24,1984,2,24,1.1292783877054435
Ca Mau,1984-02-25,1984,2,25,0.4958064089582146
Ca Mau,1984-02-26,1984,2,26,0.7998439210006449
Ca Mau,1984-02-27,1984,2,27,0.0
Ca Mau,1984-02-28,1984,2,28,0.0
Ca Mau,1984-02-29,1984,2,29,0.0
Ca Mau,1984-03-01,1984,3,1,0.035150945434367
Ca Mau,1984-03-02,1984,3,2,0.0
Ca Mau,1984-03-03,1984,3,3,0.0
Ca Mau,1984-03-04,1984,3,4,0.0
Ca Mau,1984-03-05,1984,3,5,0.0
Ca Mau,1984-03-06,1984,3,6,0.0
Ca Mau,1984-03-07,1984,3,7,0.0
Ca Mau,1984-03-08,1984,3,8,0.0
Ca Mau,1984-03-09,1984,3,9,0.0
Ca Mau,1984-03-10,1984,3,10,7.876567509219035
Ca Mau,1984-03-11,1984,3,11,0.0
Ca Mau,1984-03-12,1984,3,12,0.0
Ca Mau,1984-03-13,1984,3,13,0.0
Ca Mau,1984-03-14,1984,3,14,0.0
Ca Mau,1984-03-15,1984,3,15,0.0
Ca Mau,1984-03-16,1984,3,16,0.403673310485976
Ca Mau,1984-03-17,1984,3,17,0.0
Ca Mau,1984-03-18,1984,3,18,0.0
Ca Mau,1984-03-19,1984,3,19,0.0
Ca Mau,1984-03-20,1984,3,20,0.0
Ca Mau,1984-03-21,1984,3,21,0.0662466969043737
Ca Mau,1984-03-22,1984,3,22,0.0
Ca Mau,1984-03-23,1984,3,23,0.0
Ca Mau,1984-03-24,1984,3,24,0.0
Ca Mau,1984-03-25,1984,3,25,0.0
Ca Mau,1984-03-26,1984,3,26,0.0
Ca Mau,1984-03-27,1984,3,27,0.5130012292761759
Ca Mau,1984-03-28,1984,3,28,9.114891130454676
Ca Mau,1984-03-29,1984,3,29,0.9746600097178192
Ca Mau,1984-03-30,1984,3,30,0.4509238765260799
Ca Mau,1984-03-31,1984,3,31,0.1262777842617309
Ca Mau,1984-04-01,1984,4,1,0.0
Ca Mau,1984-04-02,1984,4,2,0.946164105542482
Ca Mau,1984-04-03,1984,4,3,0.0
Ca Mau,1984-04-04,1984,4,4,0.0
Ca Mau,1984-04-05,1984,4,5,0.0
Ca Mau,1984-04-06,1984,4,6,0.4958777719300057
Ca Mau,1984-04-07,1984,4,7,0.0
Ca Mau,1984-04-08,1984,4,8,0.1188884692259827
Ca Mau,1984-04-09,1984,4,9,0.0
Ca Mau,1984-04-10,1984,4,10,0.0064739036264557
Ca Mau,1984-04-11,1984,4,11,0.3826349314748161
Ca Mau,1984-04-12,1984,4,12,0.0
Ca Mau,1984-04-13,1984,4,13,0.9205509009607762
Ca Mau,1984-04-14,1984,4,14,0.1952918832975259
Ca Mau,1984-04-15,1984,4,15,2.6699593362624805
Ca Mau,1984-04-16,1984,4,16,0.8725888400531165
Ca Mau,1984-04-17,1984,4,17,1.2955838668564432
Ca Mau,1984-04-18,1984,4,18,4.46089419481562
Ca Mau,1984-04-19,1984,4,19,7.335226845487216
Ca Mau,1984-04-20,1984,4,20,10.93837768363766
Ca Mau,1984-04-21,1984,4,21,0.8538827071869536
Ca Mau,1984-04-22,1984,4,22,1.8063008762454624
Ca Mau,1984-04-23,1984,4,23,2.250807449744144
Ca Mau,1984-04-24,1984,4,24,3.3989684944735923
Ca Mau,1984-04-25,1984,4,25,8.290677671754306
Ca Mau,1984-04-26,1984,4,26,19.12870991423709
Ca Mau,1984-04-27,1984,4,27,3.3723506836948127
Ca Mau,1984-04-28,1984,4,28,13.500335349092106
Ca Mau,1984-04-29,1984,4,29,12.858279756787256
Ca Mau,1984-04-30,1984,4,30,8.470564712447082
Ca Mau,1984-05-01,1984,5,1,6.902409333821296
Ca Mau,1984-05-02,1984,5,2,0.670447913927568
Ca Mau,1984-05-03,1984,5,3,1.27387006890745
Ca Mau,1984-05-04,1984,5,4,0.8252901174263196
Ca Mau,1984-05-05,1984,5,5,11.851197978983915
Ca Mau,1984-05-06,1984,5,6,13.03982476742337
Ca Mau,1984-05-07,1984,5,7,7.988984998040799
Ca Mau,1984-05-08,1984,5,8,30.01525945107406
Ca Mau,1984-05-09,1984,5,9,4.487428977184603
Ca Mau,1984-05-10,1984,5,10,5.214490562546754
Ca Mau,1984-05-11,1984,5,11,9.109450993606735
Ca Mau,1984-05-12,1984,5,12,7.696914046696481
Ca Mau,1984-05-13,1984,5,13,0.0
Ca Mau,1984-05-14,1984,5,14,0.0
Ca Mau,1984-05-15,1984,5,15,0.0
Ca Mau,1984-05-16,1984,5,16,1.7203379627384767
Ca Mau,1984-05-17,1984,5,17,0.0
Ca Mau,1984-05-18,1984,5,18,4.420401489287798
Ca Mau,1984-05-19,1984,5,19,1.3545232564391083
Ca Mau,1984-05-20,1984,5,20,36.3867634916284
Ca Mau,1984-05-21,1984,5,21,11.843336989866636
Ca Mau,1984-05-22,1984,5,22,0.3164627481715928
Ca Mau,1984-05-23,1984,5,23,11.653336362239822
Ca Mau,1984-05-24,1984,5,24,3.576095960926188
Ca Mau,1984-05-25,1984,5,25,10.255032289471425
Ca Mau,1984-05-26,1984,5,26,11.929445797390557
Ca Mau,1984-05-27,1984,5,27,4.048191327844921
Ca Mau,1984-05-28,1984,5,28,11.95256324488098
Ca Mau,1984-05-29,1984,5,29,7.052195540506579
Ca Mau,1984-05-30,1984,5,30,7.035055308750278
Ca Mau,1984-05-31,1984,5,31,7.176814429718721
Ca Mau,1984-06-01,1984,6,1,0.3908662700433254
Ca Mau,1984-06-02,1984,6,2,0.2321375789348276
Ca Mau,1984-06-03,1984,6,3,0.2020058698654896
Ca Mau,1984-06-04,1984,6,4,0.2365488227200048
Ca Mau,1984-06-05,1984,6,5,0.2421463163977235
Ca Mau,1984-06-06,1984,6,6,0.6046829883824526
Ca Mau,1984-06-07,1984,6,7,0.6437928743903701
Ca Mau,1984-06-08,1984,6,8,0.6302879478561693
Ca Mau,1984-06-09,1984,6,9,0.6779488138088727
Ca Mau,1984-06-10,1984,6,10,1.6766577510224006
Ca Mau,1984-06-11,1984,6,11,2.0441969440035987
Ca Mau,1984-06-12,1984,6,12,1.7121230194023045
Ca Mau,1984-06-13,1984,6,13,1.5890161091013577
Ca Mau,1984-06-14,1984,6,14,1.8045336611641003
Ca Mau,1984-06-15,1984,6,15,1.8564715160748408
Ca Mau,1984-06-16,1984,6,16,0.9747409464244114
Ca Mau,1984-06-17,1984,6,17,0.828785138396139
Ca Mau,1984-06-18,1984,6,18,0.8107905142739004
Ca Mau,1984-06-19,1984,6,19,1.332491727530092
Ca Mau,1984-06-20,1984,6,20,1.29505375379915
Ca Mau,1984-06-21,1984,6,21,2.350201065173461
Ca Mau,1984-06-22,1984,6,22,2.008980511555938
Ca Mau,1984-06-23,1984,6,23,1.9910626318103035
Ca Mau,1984-06-24,1984,6,24,2.3653936185744544
Ca Mau,1984-06-25,1984,6,25,3.0844135120997564
Ca Mau,1984-06-26,1984,6,26,35.03485825791183
Ca Mau,1984-06-27,1984,6,27,13.152763079874394
Ca Mau,1984-06-28,1984,6,28,30.543561667203925
Ca Mau,1984-06-29,1984,6,29,27.138141265334944
Ca Mau,1984-06-30,1984,6,30,17.02391391933109
Ca Mau,1984-07-01,1984,7,1,9.680605114100926
Ca Mau,1984-07-02,1984,7,2,10.808306715328436
Ca Mau,1984-07-03,1984,7,3,1.5585429473738437
Ca Mau,1984-07-04,1984,7,4,5.959710820135466
Ca Mau,1984-07-05,1984,7,5,6.138824690300007
Ca Mau,1984-07-06,1984,7,6,0.8448649599355396
Ca Mau,1984-07-07,1984,7,7,0.6105519151484017
Ca Mau,1984-07-08,1984,7,8,6.199606390627151
Ca Mau,1984-07-09,1984,7,9,0.9765594914609608
Ca Mau,1984-07-10,1984,7,10,0.0151195232289085
Ca Mau,1984-07-11,1984,7,11,0.5792505449222396
Ca Mau,1984-07-12,1984,7,12,14.556475627568288
Ca Mau,1984-07-13,1984,7,13,0.0362826540543638
Ca Mau,1984-07-14,1984,7,14,3.5459360102148785
Ca Mau,1984-07-15,1984,7,15,6.66884678405819
Ca Mau,1984-07-16,1984,7,16,0.428732371410443
Ca Mau,1984-07-17,1984,7,17,0.0
Ca Mau,1984-07-18,1984,7,18,10.6243295426083
Ca Mau,1984-07-19,1984,7,19,5.558375223624235
Ca Mau,1984-07-20,1984,7,20,6.868400096636552
Ca Mau,1984-07-21,1984,7,21,18.323655600847623
Ca Mau,1984-07-22,1984,7,22,8.903904830926567
Ca Mau,1984-07-23,1984,7,23,3.4896420288691354
Ca Mau,1984-07-24,1984,7,24,18.648811753960885
Ca Mau,1984-07-25,1984,7,25,25.96412821142893
Ca Mau,1984-07-26,1984,7,26,19.71911931603679
Ca Mau,1984-07-27,1984,7,27,13.645411435023696
Ca Mau,1984-07-28,1984,7,28,28.145306330277823
Ca Mau,1984-07-29,1984,7,29,12.651240239647349
Ca Mau,1984-07-30,1984,7,30,2.7059787667188644
Ca Mau,1984-07-31,1984,7,31,4.349132654560054
Ca Mau,1984-08-01,1984,8,1,11.4459189785489
Ca Mau,1984-08-02,1984,8,2,8.48955689722891
Ca Mau,1984-08-03,1984,8,3,3.5108176105201903
Ca Mau,1984-08-04,1984,8,4,2.148822977463237
Ca Mau,1984-08-05,1984,8,5,4.155501120819508
Ca Mau,1984-08-06,1984,8,6,10.60039862174149
Ca Mau,1984-08-07,1984,8,7,13.455339389257457
Ca Mau,1984-08-08,1984,8,8,33.38577135964923
Ca Mau,1984-08-09,1984,8,9,21.240230683476067
Ca Mau,1984-08-10,1984,8,10,20.198771773507552
Ca Mau,1984-08-11,1984,8,11,6.122895836622931
Ca Mau,1984-08-12,1984,8,12,2.269917641690918
Ca Mau,1984-08-13,1984,8,13,2.550551301681472
Ca Mau,1984-08-14,1984,8,14,1.3858087497573015
Ca Mau,1984-08-15,1984,8,15,3.8414433169456834
Ca Mau,1984-08-16,1984,8,16,15.347538528574288
Ca Mau,1984-08-17,1984,8,17,1.7269451517291925
Ca Mau,1984-08-18,1984,8,18,10.356199797517665
Ca Mau,1984-08-19,1984,8,19,17.10956814063504
Ca Mau,1984-08-20,1984,8,20,5.996422209260041
Ca Mau,1984-08-21,1984,8,21,2.066268435349416
Ca Mau,1984-08-22,1984,8,22,0.0
Ca Mau,1984-08-23,1984,8,23,0.0
Ca Mau,1984-08-24,1984,8,24,1.6841633045885993
Ca Mau,1984-08-25,1984,8,25,13.239561058535836
Ca Mau,1984-08-26,1984,8,26,8.13675526770546
Ca Mau,1984-08-27,1984,8,27,14.144496457626488
Ca Mau,1984-08-28,1984,8,28,21.22027538277145
Ca Mau,1984-08-29,1984,8,29,13.647256536515124
Ca Mau,1984-08-30,1984,8,30,33.835849183574425
Ca Mau,1984-08-31,1984,8,31,26.60682444413169
Ca Mau,1984-09-01,1984,9,1,9.151147530482865
Ca Mau,1984-09-02,1984,9,2,0.0
Ca Mau,1984-09-03,1984,9,3,14.2375966285816
Ca Mau,1984-09-04,1984,9,4,9.339696767603694
Ca Mau,1984-09-05,1984,9,5,6.537148899303025
Ca Mau,1984-09-06,1984,9,6,6.190370583661271
Ca Mau,1984-09-07,1984,9,7,16.59321836305573
Ca Mau,1984-09-08,1984,9,8,12.047158157036275
Ca Mau,1984-09-09,1984,9,9,7.106970285895445
Ca Mau,1984-09-10,1984,9,10,8.940707813943892
Ca Mau,1984-09-11,1984,9,11,4.855342138171234
Ca Mau,1984-09-12,1984,9,12,12.120387586061153
Ca Mau,1984-09-13,1984,9,13,6.768922436076973
Ca Mau,1984-09-14,1984,9,14,9.789567722455846
Ca Mau,1984-09-15,1984,9,15,6.4918911474764815
Ca Mau,1984-09-16,1984,9,16,4.51598438916969
Ca Mau,1984-09-17,1984,9,17,0.3100149325526432
Ca Mau,1984-09-18,1984,9,18,2.707467491165291
Ca Mau,1984-09-19,1984,9,19,5.648691109506618
Ca Mau,1984-09-20,1984,9,20,4.692223864619902
Ca Mau,1984-09-21,1984,9,21,4.448816315425244
Ca Mau,1984-09-22,1984,9,22,6.851918527516376
Ca Mau,1984-09-23,1984,9,23,4.4115273429862425
Ca Mau,1984-09-24,1984,9,24,7.584586426534635
Ca Mau,1984-09-25,1984,9,25,2.1487172269718475
Ca Mau,1984-09-26,1984,9,26,20.553073219405423
Ca Mau,1984-09-27,1984,9,27,33.62285459785753
Ca Mau,1984-09-28,1984,9,28,23.19253326131722
Ca Mau,1984-09-29,1984,9,29,12.504301625491989
Ca Mau,1984-09-30,1984,9,30,2.817940856355999
Ca Mau,1984-10-01,1984,10,1,0.0565133896062855
Ca Mau,1984-10-02,1984,10,2,5.515301317147726
Ca Mau,1984-10-03,1984,10,3,10.303509046793204
Ca Mau,1984-10-04,1984,10,4,10.499892689639024
Ca Mau,1984-10-05,1984,10,5,16.963740962295105
Ca Mau,1984-10-06,1984,10,6,18.948280931771396
Ca Mau,1984-10-07,1984,10,7,19.372345965657452
Ca Mau,1984-10-08,1984,10,8,18.73770033390665
Ca Mau,1984-10-09,1984,10,9,0.5528238180218471
Ca Mau,1984-10-10,1984,10,10,2.0326885014880536
Ca Mau,1984-10-11,1984,10,11,28.97862917625379
Ca Mau,1984-10-12,1984,10,12,38.19032078249857
Ca Mau,1984-10-13,1984,10,13,7.417847433961939
Ca Mau,1984-10-14,1984,10,14,1.2761192989716943
Ca Mau,1984-10-15,1984,10,15,5.073384443588529
Ca Mau,1984-10-16,1984,10,16,12.893602502758668
Ca Mau,1984-10-17,1984,10,17,5.338997710843043
Ca Mau,1984-10-18,1984,10,18,3.2965122084916016
Ca Mau,1984-10-19,1984,10,19,0.2230171025556118
Ca Mau,1984-10-20,1984,10,20,3.932880117155911
Ca Mau,1984-10-21,1984,10,21,4.235517047066357
Ca Mau,1984-10-22,1984,10,22,1.7944697817424913
Ca Mau,1984-10-23,1984,10,23,4.2189052725951806
Ca Mau,1984-10-24,1984,10,24,0.0474739003264342
Ca Mau,1984-10-25,1984,10,25,4.013819887225113
Ca Mau,1984-10-26,1984,10,26,28.60525675439599
Ca Mau,1984-10-27,1984,10,27,4.996962658601488
Ca Mau,1984-10-28,1984,10,28,0.0003471690102817071
Ca Mau,1984-10-29,1984,10,29,0.0
Ca Mau,1984-10-30,1984,10,30,2.064885548013009
Ca Mau,1984-10-31,1984,10,31,0.7238514617878264
Ca Mau,1984-11-01,1984,11,1,1.6209979345605343
Ca Mau,1984-11-02,1984,11,2,15.473479429045934
Ca Mau,1984-11-03,1984,11,3,1.4497621431316117
Ca Mau,1984-11-04,1984,11,4,3.6764959294299424
Ca Mau,1984-11-05,1984,11,5,1.62863082054016
Ca Mau,1984-11-06,1984,11,6,1.442461513496368
Ca Mau,1984-11-07,1984,11,7,0.1476928524880196
Ca Mau,1984-11-08,1984,11,8,6.954263975210897
Ca Mau,1984-11-09,1984,11,9,0.0
Ca Mau,1984-11-10,1984,11,10,2.099582083658412
Ca Mau,1984-11-11,1984,11,11,8.781123000430226
Ca Mau,1984-11-12,1984,11,12,0.0
Ca Mau,1984-11-13,1984,11,13,1.5057897492252217
Ca Mau,1984-11-14,1984,11,14,0.0
Ca Mau,1984-11-15,1984,11,15,0.0
Ca Mau,1984-11-16,1984,11,16,0.0
Ca Mau,1984-11-17,1984,11,17,0.0
Ca Mau,1984-11-18,1984,11,18,0.6766455769719065
Ca Mau,1984-11-19,1984,11,19,0.0
Ca Mau,1984-11-20,1984,11,20,0.0
Ca Mau,1984-11-21,1984,11,21,0.0
Ca Mau,1984-11-22,1984,11,22,0.0
Ca Mau,1984-11-23,1984,11,23,0.0
Ca Mau,1984-11-24,1984,11,24,0.0
Ca Mau,1984-11-25,1984,11,25,0.0
Ca Mau,1984-11-26,1984,11,26,6.185270857692056
Ca Mau,1984-11-27,1984,11,27,21.2309145553729
Ca Mau,1984-11-28,1984,11,28,30.41059502222302
Ca Mau,1984-11-29,1984,11,29,1.4720198292433864
Ca Mau,1984-11-30,1984,11,30,0.0517244086011865
Ca Mau,1984-12-01,1984,12,1,0.0
Ca Mau,1984-12-02,1984,12,2,0.0
Ca Mau,1984-12-03,1984,12,3,0.0
Ca Mau,1984-12-04,1984,12,4,2.61324122088636
Ca Mau,1984-12-05,1984,12,5,0.2667338327204014
Ca Mau,1984-12-06,1984,12,6,6.346110467466796
Ca Mau,1984-12-07,1984,12,7,1.5919867299830472
Ca Mau,1984-12-08,1984,12,8,3.0436052838667003
Ca Mau,1984-12-09,1984,12,9,27.42593950586352
Ca Mau,1984-12-10,1984,12,10,11.997015426757484
Ca Mau,1984-12-11,1984,12,11,0.0
Ca Mau,1984-12-12,1984,12,12,0.0818039649487118
Ca Mau,1984-12-13,1984,12,13,0.0
Ca Mau,1984-12-14,1984,12,14,0.0
Ca Mau,1984-12-15,1984,12,15,0.2375167727182105
Ca Mau,1984-12-16,1984,12,16,0.9701980410240588
Ca Mau,1984-12-17,1984,12,17,3.200723661927388
Ca Mau,1984-12-18,1984,12,18,0.0104778763605
Ca Mau,1984-12-19,1984,12,19,0.7140377965162286
Ca Mau,1984-12-20,1984,12,20,0.00022375125983029504
Ca Mau,1984-12-21,1984,12,21,0.0004762744276526475
Ca Mau,1984-12-22,1984,12,22,0.0005924389432967072
Ca Mau,1984-12-23,1984,12,23,0.0
Ca Mau,1984-12-24,1984,12,24,0.0
Ca Mau,1984-12-25,1984,12,25,0.0
Ca Mau,1984-12-26,1984,12,26,0.0
Ca Mau,1984-12-27,1984,12,27,0.0
Ca Mau,1984-12-28,1984,12,28,5.304164420106103
Ca Mau,1984-12-29,1984,12,29,2.145232884742618
Ca Mau,1984-12-30,1984,12,30,0.0519083581927898
Ca Mau,1984-12-31,1984,12,31,0.933939445263818
Ca Mau,1985-01-01,1985,1,1,0.0
Ca Mau,1985-01-02,1985,1,2,0.0
Ca Mau,1985-01-03,1985,1,3,8.259561360828318
Ca Mau,1985-01-04,1985,1,4,0.0127189979407634
Ca Mau,1985-01-05,1985,1,5,0.0
Ca Mau,1985-01-06,1985,1,6,0.0
Ca Mau,1985-01-07,1985,1,7,0.0
Ca Mau,1985-01-08,1985,1,8,0.0
Ca Mau,1985-01-09,1985,1,9,0.0
Ca Mau,1985-01-10,1985,1,10,0.0
Ca Mau,1985-01-11,1985,1,11,0.0
Ca Mau,1985-01-12,1985,1,12,0.0
Ca Mau,1985-01-13,1985,1,13,0.0
Ca Mau,1985-01-14,1985,1,14,0.0
Ca Mau,1985-01-15,1985,1,15,0.0
Ca Mau,1985-01-16,1985,1,16,0.0
Ca Mau,1985-01-17,1985,1,17,0.2603882946763211
Ca Mau,1985-01-18,1985,1,18,0.0212339112848187
Ca Mau,1985-01-19,1985,1,19,0.0
Ca Mau,1985-01-20,1985,1,20,0.0
Ca Mau,1985-01-21,1985,1,21,0.0
Ca Mau,1985-01-22,1985,1,22,0.0294292506186388
Ca Mau,1985-01-23,1985,1,23,1.614240069241864
Ca Mau,1985-01-24,1985,1,24,1.198841800106895
Ca Mau,1985-01-25,1985,1,25,0.0
Ca Mau,1985-01-26,1985,1,26,0.0
Ca Mau,1985-01-27,1985,1,27,0.0
Ca Mau,1985-01-28,1985,1,28,0.0
Ca Mau,1985-01-29,1985,1,29,0.0
Ca Mau,1985-01-30,1985,1,30,0.0334817488039275
Ca Mau,1985-01-31,1985,1,31,0.0
Ca Mau,1985-02-01,1985,2,1,0.0
Ca Mau,1985-02-02,1985,2,2,0.0829537572179264
Ca Mau,1985-02-03,1985,2,3,0.0
Ca Mau,1985-02-04,1985,2,4,0.0
Ca Mau,1985-02-05,1985,2,5,0.0
Ca Mau,1985-02-06,1985,2,6,0.0
Ca Mau,1985-02-07,1985,2,7,0.0
Ca Mau,1985-02-08,1985,2,8,0.0
Ca Mau,1985-02-09,1985,2,9,0.0
Ca Mau,1985-02-10,1985,2,10,0.0
Ca Mau,1985-02-11,1985,2,11,0.0
Ca Mau,1985-02-12,1985,2,12,0.0
Ca Mau,1985-02-13,1985,2,13,1.1305439271023807
Ca Mau,1985-02-14,1985,2,14,1.592496069884683
Ca Mau,1985-02-15,1985,2,15,0.0
Ca Mau,1985-02-16,1985,2,16,0.0
Ca Mau,1985-02-17,1985,2,17,0.0
Ca Mau,1985-02-18,1985,2,18,0.0258841697113113
Ca Mau,1985-02-19,1985,2,19,0.0
Ca Mau,1985-02-20,1985,2,20,0.0
Ca Mau,1985-02-21,1985,2,21,0.0
Ca Mau,1985-02-22,1985,2,22,0.0477924972024837
Ca Mau,1985-02-23,1985,2,23,0.0
Ca Mau,1985-02-24,1985,2,24,0.5413030834582512
Ca Mau,1985-02-25,1985,2,25,0.0137633250996993
Ca Mau,1985-02-26,1985,2,26,0.4968908729196101
Ca Mau,1985-02-27,1985,2,27,1.6710954029293246
Ca Mau,1985-02-28,1985,2,28,1.0061357037976224
Ca Mau,1985-03-01,1985,3,1,6.2304172642988505
Ca Mau,1985-03-02,1985,3,2,0.2964721553888006
Ca Mau,1985-03-03,1985,3,3,0.0672776355997106
Ca Mau,1985-03-04,1985,3,4,6.145519151788167
Ca Mau,1985-03-05,1985,3,5,0.7607054443942091
Ca Mau,1985-03-06,1985,3,6,0.4993611010649618
Ca Mau,1985-03-07,1985,3,7,0.8742672698313267
Ca Mau,1985-03-08,1985,3,8,4.205939108814411
Ca Mau,1985-03-09,1985,3,9,0.0
Ca Mau,1985-03-10,1985,3,10,0.0
Ca Mau,1985-03-11,1985,3,11,0.0
Ca Mau,1985-03-12,1985,3,12,0.0
Ca Mau,1985-03-13,1985,3,13,0.00039405720770142833
Ca Mau,1985-03-14,1985,3,14,0.041697117552936
Ca Mau,1985-03-15,1985,3,15,0.4655102174616495
Ca Mau,1985-03-16,1985,3,16,0.0
Ca Mau,1985-03-17,1985,3,17,0.0
Ca Mau,1985-03-18,1985,3,18,0.0
Ca Mau,1985-03-19,1985,3,19,0.0
Ca Mau,1985-03-20,1985,3,20,0.0
Ca Mau,1985-03-21,1985,3,21,0.0
Ca Mau,1985-03-22,1985,3,22,0.0
Ca Mau,1985-03-23,1985,3,23,0.0
Ca Mau,1985-03-24,1985,3,24,0.0675586320036412
Ca Mau,1985-03-25,1985,3,25,0.0
Ca Mau,1985-03-26,1985,3,26,1.151416697680158
Ca Mau,1985-03-27,1985,3,27,0.0
Ca Mau,1985-03-28,1985,3,28,0.6337995285026398
Ca Mau,1985-03-29,1985,3,29,0.0
Ca Mau,1985-03-30,1985,3,30,0.7746501068754673
Ca Mau,1985-03-31,1985,3,31,0.0
Ca Mau,1985-04-01,1985,4,1,0.0
Ca Mau,1985-04-02,1985,4,2,0.0
Ca Mau,1985-04-03,1985,4,3,0.0
Ca Mau,1985-04-04,1985,4,4,0.0
Ca Mau,1985-04-05,1985,4,5,0.0
Ca Mau,1985-04-06,1985,4,6,0.0
Ca Mau,1985-04-07,1985,4,7,0.0
Ca Mau,1985-04-08,1985,4,8,0.0
Ca Mau,1985-04-09,1985,4,9,0.0
Ca Mau,1985-04-10,1985,4,10,0.0
Ca Mau,1985-04-11,1985,4,11,0.0
Ca Mau,1985-04-12,1985,4,12,2.4113804242937427
Ca Mau,1985-04-13,1985,4,13,0.0007258810850700418
Ca Mau,1985-04-14,1985,4,14,2.440272747974803
Ca Mau,1985-04-15,1985,4,15,0.0826868815966933
Ca Mau,1985-04-16,1985,4,16,3.130938038824548
Ca Mau,1985-04-17,1985,4,17,18.327182468598966
Ca Mau,1985-04-18,1985,4,18,10.509729556892491
Ca Mau,1985-04-19,1985,4,19,3.8860553413215113
Ca Mau,1985-04-20,1985,4,20,3.7554090192142833
Ca Mau,1985-04-21,1985,4,21,5.271424558477651
Ca Mau,1985-04-22,1985,4,22,6.826657234401663
Ca Mau,1985-04-23,1985,4,23,8.936937834247681
Ca Mau,1985-04-24,1985,4,24,9.930289853819197
Ca Mau,1985-04-25,1985,4,25,11.801240107582876
Ca Mau,1985-04-26,1985,4,26,8.913563592330148
Ca Mau,1985-04-27,1985,4,27,14.816890184165066
Ca Mau,1985-04-28,1985,4,28,18.73424857218797
Ca Mau,1985-04-29,1985,4,29,15.549679214740692
Ca Mau,1985-04-30,1985,4,30,26.47734726636593
Ca Mau,1985-05-01,1985,5,1,18.97814481339656
Ca Mau,1985-05-02,1985,5,2,14.584009883355494
Ca Mau,1985-05-03,1985,5,3,6.742230236742021
Ca Mau,1985-05-04,1985,5,4,5.169417824618692
Ca Mau,1985-05-05,1985,5,5,9.746383962060406
Ca Mau,1985-05-06,1985,5,6,2.164591069863671
Ca Mau,1985-05-07,1985,5,7,6.66855607873692
Ca Mau,1985-05-08,1985,5,8,15.243274216865622
Ca Mau,1985-05-09,1985,5,9,2.9984705680226766
Ca Mau,1985-05-10,1985,5,10,7.287701917287447
Ca Mau,1985-05-11,1985,5,11,3.661117042841654
Ca Mau,1985-05-12,1985,5,12,9.193058453374144
Ca Mau,1985-05-13,1985,5,13,3.838874800227575
Ca Mau,1985-05-14,1985,5,14,10.596321202409174
Ca Mau,1985-05-15,1985,5,15,5.5466062032731385
Ca Mau,1985-05-16,1985,5,16,14.832145676575385
Ca Mau,1985-05-17,1985,5,17,16.485024808999494
Ca Mau,1985-05-18,1985,5,18,0.00031115213789703497
Ca Mau,1985-05-19,1985,5,19,15.3400718738227
Ca Mau,1985-05-20,1985,5,20,9.844492020366994
Ca Mau,1985-05-21,1985,5,21,4.438161488798107
Ca Mau,1985-05-22,1985,5,22,3.740369308068719
Ca Mau,1985-05-23,1985,5,23,9.547581169866886
Ca Mau,1985-05-24,1985,5,24,6.466599947857385
Ca Mau,1985-05-25,1985,5,25,4.483187713224482
Ca Mau,1985-05-26,1985,5,26,8.591272082274385
Ca Mau,1985-05-27,1985,5,27,4.07151997156054
Ca Mau,1985-05-28,1985,5,28,4.974903169231088
Ca Mau,1985-05-29,1985,5,29,0.4700127274716926
Ca Mau,1985-05-30,1985,5,30,0.0
Ca Mau,1985-05-31,1985,5,31,13.78067054309428
Ca Mau,1985-06-01,1985,6,1,0.0
Ca Mau,1985-06-02,1985,6,2,5.94458972421242
Ca Mau,1985-06-03,1985,6,3,21.595158691057435
Ca Mau,1985-06-04,1985,6,4,10.638527270158734
Ca Mau,1985-06-05,1985,6,5,24.03114433550563
Ca Mau,1985-06-06,1985,6,6,7.977844583368362
Ca Mau,1985-06-07,1985,6,7,2.2649085942966622
Ca Mau,1985-06-08,1985,6,8,0.0
Ca Mau,1985-06-09,1985,6,9,45.236028823934
Ca Mau,1985-06-10,1985,6,10,4.58135046214406
Ca Mau,1985-06-11,1985,6,11,11.316073338454988
Ca Mau,1985-06-12,1985,6,12,11.302799631599363
Ca Mau,1985-06-13,1985,6,13,17.03179551237585
Ca Mau,1985-06-14,1985,6,14,28.06147078167033
Ca Mau,1985-06-15,1985,6,15,0.4381291334941858
Ca Mau,1985-06-16,1985,6,16,7.266879544355776
Ca Mau,1985-06-17,1985,6,17,27.984259894529888
Ca Mau,1985-06-18,1985,6,18,31.49806810729884
Ca Mau,1985-06-19,1985,6,19,9.47863095255508
Ca Mau,1985-06-20,1985,6,20,0.0132906321963203
Ca Mau,1985-06-21,1985,6,21,0.2055148995845177
Ca Mau,1985-06-22,1985,6,22,2.3261980063213263
Ca Mau,1985-06-23,1985,6,23,3.888498847806399
Ca Mau,1985-06-24,1985,6,24,0.3772672014232127
Ca Mau,1985-06-25,1985,6,25,0.0
Ca Mau,1985-06-26,1985,6,26,3.676748532319877
Ca Mau,1985-06-27,1985,6,27,1.4126872643332893
Ca Mau,1985-06-28,1985,6,28,0.0
Ca Mau,1985-06-29,1985,6,29,3.8461816271602616
Ca Mau,1985-06-30,1985,6,30,1.403339688099714
Ca Mau,1985-07-01,1985,7,1,0.0
Ca Mau,1985-07-02,1985,7,2,4.130483218789679
Ca Mau,1985-07-03,1985,7,3,3.2005780734112803
Ca Mau,1985-07-04,1985,7,4,0.0
Ca Mau,1985-07-05,1985,7,5,3.22460785377523
Ca Mau,1985-07-06,1985,7,6,9.735578010302437
Ca Mau,1985-07-07,1985,7,7,27.13651899643865
Ca Mau,1985-07-08,1985,7,8,7.066632786470647
Ca Mau,1985-07-09,1985,7,9,0.4969616053488553
Ca Mau,1985-07-10,1985,7,10,7.551380683894316
Ca Mau,1985-07-11,1985,7,11,20.172224114179407
Ca Mau,1985-07-12,1985,7,12,1.7879444423436834
Ca Mau,1985-07-13,1985,7,13,0.0
Ca Mau,1985-07-14,1985,7,14,6.44904721699466
Ca Mau,1985-07-15,1985,7,15,12.997624887385497
Ca Mau,1985-07-16,1985,7,16,7.476413176436668
Ca Mau,1985-07-17,1985,7,17,10.288107580526708
Ca Mau,1985-07-18,1985,7,18,8.620089595891908
Ca Mau,1985-07-19,1985,7,19,5.369402332283207
Ca Mau,1985-07-20,1985,7,20,3.077111917735949
Ca Mau,1985-07-21,1985,7,21,10.628367296162155
Ca Mau,1985-07-22,1985,7,22,6.234289221898028
Ca Mau,1985-07-23,1985,7,23,5.567598508375877
Ca Mau,1985-07-24,1985,7,24,0.0
Ca Mau,1985-07-25,1985,7,25,1.2350380387260813
Ca Mau,1985-07-26,1985,7,26,6.097496193078007
Ca Mau,1985-07-27,1985,7,27,4.835911332200562
Ca Mau,1985-07-28,1985,7,28,12.374501331865863
Ca Mau,1985-07-29,1985,7,29,2.531656909666443
Ca Mau,1985-07-30,1985,7,30,1.632560231458248
Ca Mau,1985-07-31,1985,7,31,5.608820829283729
Ca Mau,1985-08-01,1985,8,1,4.564670741594113
Ca Mau,1985-08-02,1985,8,2,15.411174161087144
Ca Mau,1985-08-03,1985,8,3,1.8696547291335064
Ca Mau,1985-08-04,1985,8,4,6.852644785490911
Ca Mau,1985-08-05,1985,8,5,2.50359363730506
Ca Mau,1985-08-06,1985,8,6,6.864493757729594
Ca Mau,1985-08-07,1985,8,7,21.55160706669561
Ca Mau,1985-08-08,1985,8,8,7.59995247393919
Ca Mau,1985-08-09,1985,8,9,27.36523019910724
Ca Mau,1985-08-10,1985,8,10,22.21754784123497
Ca Mau,1985-08-11,1985,8,11,9.199476340373458
Ca Mau,1985-08-12,1985,8,12,11.341325925719424
Ca Mau,1985-08-13,1985,8,13,13.316358707106469
Ca Mau,1985-08-14,1985,8,14,24.096352386503447
Ca Mau,1985-08-15,1985,8,15,4.437511388505243
Ca Mau,1985-08-16,1985,8,16,2.3846980433600278
Ca Mau,1985-08-17,1985,8,17,4.328984194260628
Ca Mau,1985-08-18,1985,8,18,3.9027794392232167
Ca Mau,1985-08-19,1985,8,19,5.5608384446336725
Ca Mau,1985-08-20,1985,8,20,3.5798029387200847
Ca Mau,1985-08-21,1985,8,21,0.0
Ca Mau,1985-08-22,1985,8,22,8.112014806373306
Ca Mau,1985-08-23,1985,8,23,6.332153990035912
Ca Mau,1985-08-24,1985,8,24,0.0154768539887673
Ca Mau,1985-08-25,1985,8,25,7.380834043368323
Ca Mau,1985-08-26,1985,8,26,0.506926657760374
Ca Mau,1985-08-27,1985,8,27,2.695559215192496
Ca Mau,1985-08-28,1985,8,28,0.00022282905453205692
Ca Mau,1985-08-29,1985,8,29,0.0
Ca Mau,1985-08-30,1985,8,30,0.0
Ca Mau,1985-08-31,1985,8,31,2.327361242816376
Ca Mau,1985-09-01,1985,9,1,0.0
Ca Mau,1985-09-02,1985,9,2,16.14662959690611
Ca Mau,1985-09-03,1985,9,3,21.81486141101482
Ca Mau,1985-09-04,1985,9,4,19.269743723089864
Ca Mau,1985-09-05,1985,9,5,30.355294208608782
Ca Mau,1985-09-06,1985,9,6,16.104841898347477
Ca Mau,1985-09-07,1985,9,7,5.095892909495331
Ca Mau,1985-09-08,1985,9,8,6.739287510216957
Ca Mau,1985-09-09,1985,9,9,14.642159424578056
Ca Mau,1985-09-10,1985,9,10,9.523507437915374
Ca Mau,1985-09-11,1985,9,11,1.880342269003248
Ca Mau,1985-09-12,1985,9,12,27.9148451763024
Ca Mau,1985-09-13,1985,9,13,27.158640301618565
Ca Mau,1985-09-14,1985,9,14,12.48624375540011
Ca Mau,1985-09-15,1985,9,15,23.36655766218721
Ca Mau,1985-09-16,1985,9,16,1.669417370034173
Ca Mau,1985-09-17,1985,9,17,17.25865799571504
Ca Mau,1985-09-18,1985,9,18,7.14113395640395
Ca Mau,1985-09-19,1985,9,19,6.219932961564833
Ca Mau,1985-09-20,1985,9,20,7.294313775891264
Ca Mau,1985-09-21,1985,9,21,8.108084359608299
Ca Mau,1985-09-22,1985,9,22,7.537614397731634
Ca Mau,1985-09-23,1985,9,23,1.3911136775632298
Ca Mau,1985-09-24,1985,9,24,2.7204967308992205
Ca Mau,1985-09-25,1985,9,25,9.718648892684314
Ca Mau,1985-09-26,1985,9,26,21.171700005375644
Ca Mau,1985-09-27,1985,9,27,9.970027959674711
Ca Mau,1985-09-28,1985,9,28,6.255616617921694
Ca Mau,1985-09-29,1985,9,29,4.450875185511134
Ca Mau,1985-09-30,1985,9,30,5.643850433494913
Ca Mau,1985-10-01,1985,10,1,2.853090466411185
Ca Mau,1985-10-02,1985,10,2,9.942329867286876
Ca Mau,1985-10-03,1985,10,3,25.109525977294936
Ca Mau,1985-10-04,1985,10,4,21.84851291636964
Ca Mau,1985-10-05,1985,10,5,8.822981663949191
Ca Mau,1985-10-06,1985,10,6,11.311874995839212
Ca Mau,1985-10-07,1985,10,7,0.6852670617068263
Ca Mau,1985-10-08,1985,10,8,8.568200592217384
Ca Mau,1985-10-09,1985,10,9,10.376837109721205
Ca Mau,1985-10-10,1985,10,10,13.680791892057249
Ca Mau,1985-10-11,1985,10,11,32.07338310336693
Ca Mau,1985-10-12,1985,10,12,3.440164619914855
Ca Mau,1985-10-13,1985,10,13,4.808641735207575
Ca Mau,1985-10-14,1985,10,14,3.937600669078305
Ca Mau,1985-10-15,1985,10,15,4.598127173545897
Ca Mau,1985-10-16,1985,10,16,14.752300335605607
Ca Mau,1985-10-17,1985,10,17,3.958593192310981
Ca Mau,1985-10-18,1985,10,18,8.237163339166072
Ca Mau,1985-10-19,1985,10,19,9.29765486814974
Ca Mau,1985-10-20,1985,10,20,10.629840530986652
Ca Mau,1985-10-21,1985,10,21,12.303891122458278
Ca Mau,1985-10-22,1985,10,22,12.578944740238118
Ca Mau,1985-10-23,1985,10,23,0.4071316577070715
Ca Mau,1985-10-24,1985,10,24,0.5357921410716865
Ca Mau,1985-10-25,1985,10,25,1.8416431561526831
Ca Mau,1985-10-26,1985,10,26,3.111695803413586
Ca Mau,1985-10-27,1985,10,27,5.329967289226088
Ca Mau,1985-10-28,1985,10,28,9.379760298963545
Ca Mau,1985-10-29,1985,10,29,1.6639372507671066
Ca Mau,1985-10-30,1985,10,30,2.8115886249540085
Ca Mau,1985-10-31,1985,10,31,0.3467435681023507
Ca Mau,1985-11-01,1985,11,1,7.238310886067234
Ca Mau,1985-11-02,1985,11,2,0.5640177998191791
Ca Mau,1985-11-03,1985,11,3,12.179299513614566
Ca Mau,1985-11-04,1985,11,4,7.80105377430099
Ca Mau,1985-11-05,1985,11,5,1.6125336638511023
Ca Mau,1985-11-06,1985,11,6,4.6451984273929705
Ca Mau,1985-11-07,1985,11,7,10.53289196824041
Ca Mau,1985-11-08,1985,11,8,0.0
Ca Mau,1985-11-09,1985,11,9,0.0
Ca Mau,1985-11-10,1985,11,10,0.7371232090146254
Ca Mau,1985-11-11,1985,11,11,0.4283908131693411
Ca Mau,1985-11-12,1985,11,12,0.5109939600691256
Ca Mau,1985-11-13,1985,11,13,0.0
Ca Mau,1985-11-14,1985,11,14,3.3772678165060306
Ca Mau,1985-11-15,1985,11,15,0.0
Ca Mau,1985-11-16,1985,11,16,2.157633009392593
Ca Mau,1985-11-17,1985,11,17,16.49824682507832
Ca Mau,1985-11-18,1985,11,18,13.391525239094722
Ca Mau,1985-11-19,1985,11,19,14.308989243872444
Ca Mau,1985-11-20,1985,11,20,12.792148862822394
Ca Mau,1985-11-21,1985,11,21,13.437548611696
Ca Mau,1985-11-22,1985,11,22,0.6530561959134483
Ca Mau,1985-11-23,1985,11,23,12.068138310282595
Ca Mau,1985-11-24,1985,11,24,12.83738531704718
Ca Mau,1985-11-25,1985,11,25,1.5502724403193386
Ca Mau,1985-11-26,1985,11,26,0.0
Ca Mau,1985-11-27,1985,11,27,0.0
Ca Mau,1985-11-28,1985,11,28,0.3946522578795271
Ca Mau,1985-11-29,1985,11,29,6.5737522224903575
Ca Mau,1985-11-30,1985,11,30,19.233924346389266
Ca Mau,1985-12-01,1985,12,1,1.6217135906381652
Ca Mau,1985-12-02,1985,12,2,0.4971234466803984
Ca Mau,1985-12-03,1985,12,3,0.0
Ca Mau,1985-12-04,1985,12,4,0.785341924991112
Ca Mau,1985-12-05,1985,12,5,8.178753845808082
Ca Mau,1985-12-06,1985,12,6,0.0
Ca Mau,1985-12-07,1985,12,7,1.6559881362005482
Ca Mau,1985-12-08,1985,12,8,0.0
Ca Mau,1985-12-09,1985,12,9,0.991025570307058
Ca Mau,1985-12-10,1985,12,10,0.293555357197284
Ca Mau,1985-12-11,1985,12,11,4.583877116275059
Ca Mau,1985-12-12,1985,12,12,1.4120954187201764
Ca Mau,1985-12-13,1985,12,13,0.0029917289801347
Ca Mau,1985-12-14,1985,12,14,0.0
Ca Mau,1985-12-15,1985,12,15,0.0
Ca Mau,1985-12-16,1985,12,16,0.0
Ca Mau,1985-12-17,1985,12,17,0.0
Ca Mau,1985-12-18,1985,12,18,0.0
Ca Mau,1985-12-19,1985,12,19,0.0
Ca Mau,1985-12-20,1985,12,20,3.750681986345346
Ca Mau,1985-12-21,1985,12,21,2.4603416593125984
Ca Mau,1985-12-22,1985,12,22,0.0
Ca Mau,1985-12-23,1985,12,23,0.0
Ca Mau,1985-12-24,1985,12,24,0.0
Ca Mau,1985-12-25,1985,12,25,0.0
Ca Mau,1985-12-26,1985,12,26,0.0
Ca Mau,1985-12-27,1985,12,27,0.0
Ca Mau,1985-12-28,1985,12,28,0.0
Ca Mau,1985-12-29,1985,12,29,0.0
Ca Mau,1985-12-30,1985,12,30,0.0
Ca Mau,1985-12-31,1985,12,31,6.971223928854142
Ca Mau,1986-01-01,1986,1,1,0.0
Ca Mau,1986-01-02,1986,1,2,0.0
Ca Mau,1986-01-03,1986,1,3,0.0
Ca Mau,1986-01-04,1986,1,4,0.0
Ca Mau,1986-01-05,1986,1,5,0.0
Ca Mau,1986-01-06,1986,1,6,0.0
Ca Mau,1986-01-07,1986,1,7,0.2314261178223658
Ca Mau,1986-01-08,1986,1,8,0.0
Ca Mau,1986-01-09,1986,1,9,4.152057775955068
Ca Mau,1986-01-10,1986,1,10,0.0
Ca Mau,1986-01-11,1986,1,11,0.0
Ca Mau,1986-01-12,1986,1,12,0.0
Ca Mau,1986-01-13,1986,1,13,1.0802109150110129
Ca Mau,1986-01-14,1986,1,14,2.9512680355558563
Ca Mau,1986-01-15,1986,1,15,0.0
Ca Mau,1986-01-16,1986,1,16,0.0507949931634885
Ca Mau,1986-01-17,1986,1,17,1.234013693598623
Ca Mau,1986-01-18,1986,1,18,0.076498756687435
Ca Mau,1986-01-19,1986,1,19,0.8033017479333725
Ca Mau,1986-01-20,1986,1,20,0.0
Ca Mau,1986-01-21,1986,1,21,0.0
Ca Mau,1986-01-22,1986,1,22,0.0
Ca Mau,1986-01-23,1986,1,23,0.0
Ca Mau,1986-01-24,1986,1,24,0.0
Ca Mau,1986-01-25,1986,1,25,0.0
Ca Mau,1986-01-26,1986,1,26,0.0
Ca Mau,1986-01-27,1986,1,27,0.0
Ca Mau,1986-01-28,1986,1,28,3.2407604509372248
Ca Mau,1986-01-29,1986,1,29,0.0
Ca Mau,1986-01-30,1986,1,30,0.0
Ca Mau,1986-01-31,1986,1,31,0.0
Ca Mau,1986-02-01,1986,2,1,0.0
Ca Mau,1986-02-02,1986,2,2,0.0
Ca Mau,1986-02-03,1986,2,3,0.0
Ca Mau,1986-02-04,1986,2,4,0.0
Ca Mau,1986-02-05,1986,2,5,0.0012041703350796
Ca Mau,1986-02-06,1986,2,6,0.0
Ca Mau,1986-02-07,1986,2,7,0.0
Ca Mau,1986-02-08,1986,2,8,0.0
Ca Mau,1986-02-09,1986,2,9,0.0
Ca Mau,1986-02-10,1986,2,10,0.0
Ca Mau,1986-02-11,1986,2,11,0.0
Ca Mau,1986-02-12,1986,2,12,0.0
Ca Mau,1986-02-13,1986,2,13,0.0063110511623854
Ca Mau,1986-02-14,1986,2,14,0.0
Ca Mau,1986-02-15,1986,2,15,0.0
Ca Mau,1986-02-16,1986,2,16,0.0
Ca Mau,1986-02-17,1986,2,17,0.0217237401620778
Ca Mau,1986-02-18,1986,2,18,0.0
Ca Mau,1986-02-19,1986,2,19,0.0
Ca Mau,1986-02-20,1986,2,20,0.0
Ca Mau,1986-02-21,1986,2,21,0.0
Ca Mau,1986-02-22,1986,2,22,0.1586755380651575
Ca Mau,1986-02-23,1986,2,23,0.0
Ca Mau,1986-02-24,1986,2,24,0.0
Ca Mau,1986-02-25,1986,2,25,0.0
Ca Mau,1986-02-26,1986,2,26,1.932434870837823
Ca Mau,1986-02-27,1986,2,27,0.0
Ca Mau,1986-02-28,1986,2,28,0.0
Ca Mau,1986-03-01,1986,3,1,0.0
Ca Mau,1986-03-02,1986,3,2,0.0
Ca Mau,1986-03-03,1986,3,3,0.0
Ca Mau,1986-03-04,1986,3,4,0.0
Ca Mau,1986-03-05,1986,3,5,1.616264116428928
Ca Mau,1986-03-06,1986,3,6,0.0
Ca Mau,1986-03-07,1986,3,7,0.0
Ca Mau,1986-03-08,1986,3,8,0.0
Ca Mau,1986-03-09,1986,3,9,0.1100769297117334
Ca Mau,1986-03-10,1986,3,10,0.0
Ca Mau,1986-03-11,1986,3,11,0.0
Ca Mau,1986-03-12,1986,3,12,0.515537926447471
Ca Mau,1986-03-13,1986,3,13,0.917605235614108
Ca Mau,1986-03-14,1986,3,14,0.0
Ca Mau,1986-03-15,1986,3,15,0.0
Ca Mau,1986-03-16,1986,3,16,0.0
Ca Mau,1986-03-17,1986,3,17,0.0
Ca Mau,1986-03-18,1986,3,18,1.9536736467819416
Ca Mau,1986-03-19,1986,3,19,0.2767735902927231
Ca Mau,1986-03-20,1986,3,20,0.0
Ca Mau,1986-03-21,1986,3,21,0.2855011538806245
Ca Mau,1986-03-22,1986,3,22,0.0
Ca Mau,1986-03-23,1986,3,23,0.9670007846159404
Ca Mau,1986-03-24,1986,3,24,0.0
Ca Mau,1986-03-25,1986,3,25,0.0
Ca Mau,1986-03-26,1986,3,26,0.0
Ca Mau,1986-03-27,1986,3,27,0.0
Ca Mau,1986-03-28,1986,3,28,0.1594070018130606
Ca Mau,1986-03-29,1986,3,29,0.0
Ca Mau,1986-03-30,1986,3,30,0.0
Ca Mau,1986-03-31,1986,3,31,5.79570878300244
Ca Mau,1986-04-01,1986,4,1,0.5699796063922339
Ca Mau,1986-04-02,1986,4,2,0.1896596112104973
Ca Mau,1986-04-03,1986,4,3,0.0
Ca Mau,1986-04-04,1986,4,4,0.0
Ca Mau,1986-04-05,1986,4,5,0.0
Ca Mau,1986-04-06,1986,4,6,0.0
Ca Mau,1986-04-07,1986,4,7,0.0
Ca Mau,1986-04-08,1986,4,8,2.5019911946695057
Ca Mau,1986-04-09,1986,4,9,5.225540689337986
Ca Mau,1986-04-10,1986,4,10,3.3448261514468243
Ca Mau,1986-04-11,1986,4,11,4.376820184218338
Ca Mau,1986-04-12,1986,4,12,1.228878558231597
Ca Mau,1986-04-13,1986,4,13,0.0
Ca Mau,1986-04-14,1986,4,14,0.6267971087521915
Ca Mau,1986-04-15,1986,4,15,1.5410733057372956
Ca Mau,1986-04-16,1986,4,16,7.718987276054641
Ca Mau,1986-04-17,1986,4,17,0.0
Ca Mau,1986-04-18,1986,4,18,0.0
Ca Mau,1986-04-19,1986,4,19,3.838825138774505
Ca Mau,1986-04-20,1986,4,20,4.335389343798703
Ca Mau,1986-04-21,1986,4,21,0.0002086559871376066
Ca Mau,1986-04-22,1986,4,22,1.2163694344433942
Ca Mau,1986-04-23,1986,4,23,0.9513337900265244
Ca Mau,1986-04-24,1986,4,24,0.0043855612014196
Ca Mau,1986-04-25,1986,4,25,0.177387662439133
Ca Mau,1986-04-26,1986,4,26,1.3934737590683273
Ca Mau,1986-04-27,1986,4,27,0.7129740426012801
Ca Mau,1986-04-28,1986,4,28,0.1743772219519662
Ca Mau,1986-04-29,1986,4,29,0.0
Ca Mau,1986-04-30,1986,4,30,0.7879229272966881
Ca Mau,1986-05-01,1986,5,1,0.978196601796684
Ca Mau,1986-05-02,1986,5,2,6.331296100081856
Ca Mau,1986-05-03,1986,5,3,2.6732397154379006
Ca Mau,1986-05-04,1986,5,4,8.993080886353392
Ca Mau,1986-05-05,1986,5,5,0.9825300512004288
Ca Mau,1986-05-06,1986,5,6,0.0
Ca Mau,1986-05-07,1986,5,7,1.575849179471275
Ca Mau,1986-05-08,1986,5,8,18.946239899361952
Ca Mau,1986-05-09,1986,5,9,0.0
Ca Mau,1986-05-10,1986,5,10,30.31369627760825
Ca Mau,1986-05-11,1986,5,11,15.414620909889422
Ca Mau,1986-05-12,1986,5,12,13.189851583590894
Ca Mau,1986-05-13,1986,5,13,5.623998973225815
Ca Mau,1986-05-14,1986,5,14,0.0
Ca Mau,1986-05-15,1986,5,15,8.648547113815633
Ca Mau,1986-05-16,1986,5,16,7.492680625762556
Ca Mau,1986-05-17,1986,5,17,16.287609741253895
Ca Mau,1986-05-18,1986,5,18,21.70814104293537
Ca Mau,1986-05-19,1986,5,19,10.631478865424846
Ca Mau,1986-05-20,1986,5,20,18.025435032586525
Ca Mau,1986-05-21,1986,5,21,27.20103845043511
Ca Mau,1986-05-22,1986,5,22,21.1795106664246
Ca Mau,1986-05-23,1986,5,23,22.530117759537397
Ca Mau,1986-05-24,1986,5,24,1.5497063696204252
Ca Mau,1986-05-25,1986,5,25,10.138108448031955
Ca Mau,1986-05-26,1986,5,26,11.208655857729944
Ca Mau,1986-05-27,1986,5,27,6.385885305017992
Ca Mau,1986-05-28,1986,5,28,2.492105259139997
Ca Mau,1986-05-29,1986,5,29,3.5310476340326478
Ca Mau,1986-05-30,1986,5,30,0.1199879446207684
Ca Mau,1986-05-31,1986,5,31,7.735274695941084
Ca Mau,1986-06-01,1986,6,1,1.936752003222309
Ca Mau,1986-06-02,1986,6,2,10.566701002355936
Ca Mau,1986-06-03,1986,6,3,7.019674300886199
Ca Mau,1986-06-04,1986,6,4,5.429324114174916
Ca Mau,1986-06-05,1986,6,5,5.53839058559636
Ca Mau,1986-06-06,1986,6,6,6.8410971399572365
Ca Mau,1986-06-07,1986,6,7,3.533010799969304
Ca Mau,1986-06-08,1986,6,8,2.2261889990072303
Ca Mau,1986-06-09,1986,6,9,9.312460363776108
Ca Mau,1986-06-10,1986,6,10,5.855148841042474
Ca Mau,1986-06-11,1986,6,11,4.048380409620766
Ca Mau,1986-06-12,1986,6,12,6.0749337953372375
Ca Mau,1986-06-13,1986,6,13,2.9029777024522367
Ca Mau,1986-06-14,1986,6,14,2.222480164924153
Ca Mau,1986-06-15,1986,6,15,7.927979046670315
Ca Mau,1986-06-16,1986,6,16,2.468133439320032
Ca Mau,1986-06-17,1986,6,17,11.774079646649431
Ca Mau,1986-06-18,1986,6,18,25.12601686201477
Ca Mau,1986-06-19,1986,6,19,15.505443700657942
Ca Mau,1986-06-20,1986,6,20,5.963231848663186
Ca Mau,1986-06-21,1986,6,21,15.463884393196944
Ca Mau,1986-06-22,1986,6,22,10.780300495972664
Ca Mau,1986-06-23,1986,6,23,6.317416240309145
Ca Mau,1986-06-24,1986,6,24,33.06519707758095
Ca Mau,1986-06-25,1986,6,25,12.660197816834197
Ca Mau,1986-06-26,1986,6,26,5.3729759355626365
Ca Mau,1986-06-27,1986,6,27,9.209874222291573
Ca Mau,1986-06-28,1986,6,28,4.996414434083681
Ca Mau,1986-06-29,1986,6,29,0.0003209757149003294
Ca Mau,1986-06-30,1986,6,30,0.00022050983834439645
Ca Mau,1986-07-01,1986,7,1,7.657725790130403
Ca Mau,1986-07-02,1986,7,2,2.6782566210955494
Ca Mau,1986-07-03,1986,7,3,0.00025031702117735426
Ca Mau,1986-07-04,1986,7,4,0.0572898173310592
Ca Mau,1986-07-05,1986,7,5,4.316764337088388
Ca Mau,1986-07-06,1986,7,6,0.0004682836934761963
Ca Mau,1986-07-07,1986,7,7,4.217921836903049
Ca Mau,1986-07-08,1986,7,8,5.203704071466553
Ca Mau,1986-07-09,1986,7,9,5.979385070989254
Ca Mau,1986-07-10,1986,7,10,6.290227520927123
Ca Mau,1986-07-11,1986,7,11,18.6109423432702
Ca Mau,1986-07-12,1986,7,12,9.971388488683626
Ca Mau,1986-07-13,1986,7,13,11.446416878219166
Ca Mau,1986-07-14,1986,7,14,7.788208331349686
Ca Mau,1986-07-15,1986,7,15,26.03165348245344
Ca Mau,1986-07-16,1986,7,16,5.227049260345056
Ca Mau,1986-07-17,1986,7,17,4.729860063754879
Ca Mau,1986-07-18,1986,7,18,20.04013425204116
Ca Mau,1986-07-19,1986,7,19,2.765629812588572
Ca Mau,1986-07-20,1986,7,20,18.8552928907209
Ca Mau,1986-07-21,1986,7,21,4.213465835903621
Ca Mau,1986-07-22,1986,7,22,14.98037911925866
Ca Mau,1986-07-23,1986,7,23,2.3364568308914744
Ca Mau,1986-07-24,1986,7,24,2.9140994538842486
Ca Mau,1986-07-25,1986,7,25,10.50284747235216
Ca Mau,1986-07-26,1986,7,26,7.868101290547652
Ca Mau,1986-07-27,1986,7,27,0.2758345176367835
Ca Mau,1986-07-28,1986,7,28,0.5648151632474948
Ca Mau,1986-07-29,1986,7,29,3.7183028443287416
Ca Mau,1986-07-30,1986,7,30,4.387882577154017
Ca Mau,1986-07-31,1986,7,31,7.344988294531386
Ca Mau,1986-08-01,1986,8,1,4.319999700157646
Ca Mau,1986-08-02,1986,8,2,18.411048375673708
Ca Mau,1986-08-03,1986,8,3,25.526978615910146
Ca Mau,1986-08-04,1986,8,4,21.66812099392968
Ca Mau,1986-08-05,1986,8,5,18.858442941502624
Ca Mau,1986-08-06,1986,8,6,28.607823499529093
Ca Mau,1986-08-07,1986,8,7,16.875609210911946
Ca Mau,1986-08-08,1986,8,8,12.024402959837598
Ca Mau,1986-08-09,1986,8,9,9.135184554768305
Ca Mau,1986-08-10,1986,8,10,21.152813753471275
Ca Mau,1986-08-11,1986,8,11,31.138094086618946
Ca Mau,1986-08-12,1986,8,12,20.06467747196393
Ca Mau,1986-08-13,1986,8,13,3.794701027448551
Ca Mau,1986-08-14,1986,8,14,4.930964229788359
Ca Mau,1986-08-15,1986,8,15,29.993081144312864
Ca Mau,1986-08-16,1986,8,16,23.81071042101899
Ca Mau,1986-08-17,1986,8,17,15.97121379841592
Ca Mau,1986-08-18,1986,8,18,29.571649511282818
Ca Mau,1986-08-19,1986,8,19,11.738354202535596
Ca Mau,1986-08-20,1986,8,20,0.001164878293998
Ca Mau,1986-08-21,1986,8,21,5.147017691234868
Ca Mau,1986-08-22,1986,8,22,8.864797308293264
Ca Mau,1986-08-23,1986,8,23,4.18698661904129
Ca Mau,1986-08-24,1986,8,24,0.0002141918766311176
Ca Mau,1986-08-25,1986,8,25,26.59936496363154
Ca Mau,1986-08-26,1986,8,26,10.406604201871874
Ca Mau,1986-08-27,1986,8,27,1.4647529359992504
Ca Mau,1986-08-28,1986,8,28,0.1791206174851041
Ca Mau,1986-08-29,1986,8,29,9.654735575609156
Ca Mau,1986-08-30,1986,8,30,1.7446667500822264
Ca Mau,1986-08-31,1986,8,31,4.156250099947694
Ca Mau,1986-09-01,1986,9,1,5.097404532981396
Ca Mau,1986-09-02,1986,9,2,7.457346286043583
Ca Mau,1986-09-03,1986,9,3,12.959399835203198
Ca Mau,1986-09-04,1986,9,4,34.99501499238154
Ca Mau,1986-09-05,1986,9,5,24.503027490199408
Ca Mau,1986-09-06,1986,9,6,22.95193506198899
Ca Mau,1986-09-07,1986,9,7,17.288894204429592
Ca Mau,1986-09-08,1986,9,8,31.402101748772747
Ca Mau,1986-09-09,1986,9,9,37.48528517886295
Ca Mau,1986-09-10,1986,9,10,4.77362170339784
Ca Mau,1986-09-11,1986,9,11,0.61587404642601
Ca Mau,1986-09-12,1986,9,12,8.717426492160296
Ca Mau,1986-09-13,1986,9,13,11.536842420291809
Ca Mau,1986-09-14,1986,9,14,5.616892366412188
Ca Mau,1986-09-15,1986,9,15,5.874038750082799
Ca Mau,1986-09-16,1986,9,16,5.449077321727735
Ca Mau,1986-09-17,1986,9,17,8.28600556239432
Ca Mau,1986-09-18,1986,9,18,3.5754564503678536
Ca Mau,1986-09-19,1986,9,19,7.955225070720004
Ca Mau,1986-09-20,1986,9,20,6.1590965943728575
Ca Mau,1986-09-21,1986,9,21,20.47064821161737
Ca Mau,1986-09-22,1986,9,22,20.01050101549444
Ca Mau,1986-09-23,1986,9,23,10.682637919645938
Ca Mau,1986-09-24,1986,9,24,19.4840359135183
Ca Mau,1986-09-25,1986,9,25,6.227102947800885
Ca Mau,1986-09-26,1986,9,26,5.132691990156202
Ca Mau,1986-09-27,1986,9,27,3.357470373856186
Ca Mau,1986-09-28,1986,9,28,8.297782451292766
Ca Mau,1986-09-29,1986,9,29,11.705340183037082
Ca Mau,1986-09-30,1986,9,30,13.751894119280104
Ca Mau,1986-10-01,1986,10,1,7.354315454854285
Ca Mau,1986-10-02,1986,10,2,6.518507573181516
Ca Mau,1986-10-03,1986,10,3,17.419270765815643
Ca Mau,1986-10-04,1986,10,4,31.01230214292044
Ca Mau,1986-10-05,1986,10,5,26.586971341410468
Ca Mau,1986-10-06,1986,10,6,10.662346901221174
Ca Mau,1986-10-07,1986,10,7,11.579948438527442
Ca Mau,1986-10-08,1986,10,8,6.611199287695423
Ca Mau,1986-10-09,1986,10,9,0.4418928253823643
Ca Mau,1986-10-10,1986,10,10,10.288907120583138
Ca Mau,1986-10-11,1986,10,11,1.4120911282848714
Ca Mau,1986-10-12,1986,10,12,2.276711773293988
Ca Mau,1986-10-13,1986,10,13,0.8784629446437457
Ca Mau,1986-10-14,1986,10,14,4.355248262815207
Ca Mau,1986-10-15,1986,10,15,5.34503391746346
Ca Mau,1986-10-16,1986,10,16,8.935497883864949
Ca Mau,1986-10-17,1986,10,17,19.55426344645751
Ca Mau,1986-10-18,1986,10,18,10.383974696418326
Ca Mau,1986-10-19,1986,10,19,4.427057682251629
Ca Mau,1986-10-20,1986,10,20,7.788135100268687
Ca Mau,1986-10-21,1986,10,21,1.1163623324959142
Ca Mau,1986-10-22,1986,10,22,12.65115635000629
Ca Mau,1986-10-23,1986,10,23,9.632306474683292
Ca Mau,1986-10-24,1986,10,24,6.780704519931036
Ca Mau,1986-10-25,1986,10,25,9.30296190267715
Ca Mau,1986-10-26,1986,10,26,19.61221159878384
Ca Mau,1986-10-27,1986,10,27,8.557291147543491
Ca Mau,1986-10-28,1986,10,28,2.4611964232886288
Ca Mau,1986-10-29,1986,10,29,4.854344473901728
Ca Mau,1986-10-30,1986,10,30,0.938136566988899
Ca Mau,1986-10-31,1986,10,31,7.408384255127942
Ca Mau,1986-11-01,1986,11,1,29.54179818773285
Ca Mau,1986-11-02,1986,11,2,7.653630531882868
Ca Mau,1986-11-03,1986,11,3,3.643554559195959
Ca Mau,1986-11-04,1986,11,4,2.296895927180872
Ca Mau,1986-11-05,1986,11,5,4.284744211131351
Ca Mau,1986-11-06,1986,11,6,0.0352265018217509
Ca Mau,1986-11-07,1986,11,7,0.5347947835327639
Ca Mau,1986-11-08,1986,11,8,2.465083923204347
Ca Mau,1986-11-09,1986,11,9,2.535226429306972
Ca Mau,1986-11-10,1986,11,10,4.521157466667957
Ca Mau,1986-11-11,1986,11,11,0.0002472907791258779
Ca Mau,1986-11-12,1986,11,12,0.8945593786715311
Ca Mau,1986-11-13,1986,11,13,11.732199778039345
Ca Mau,1986-11-14,1986,11,14,21.46864097636585
Ca Mau,1986-11-15,1986,11,15,8.633493341127144
Ca Mau,1986-11-16,1986,11,16,13.812828075631726
Ca Mau,1986-11-17,1986,11,17,13.946482549438388
Ca Mau,1986-11-18,1986,11,18,19.21682115115379
Ca Mau,1986-11-19,1986,11,19,0.386174030142511
Ca Mau,1986-11-20,1986,11,20,0.00022390143812927983
Ca Mau,1986-11-21,1986,11,21,1.2853592697985954
Ca Mau,1986-11-22,1986,11,22,0.0
Ca Mau,1986-11-23,1986,11,23,1.522584564704561
Ca Mau,1986-11-24,1986,11,24,13.259591473129102
Ca Mau,1986-11-25,1986,11,25,0.1824196814193403
Ca Mau,1986-11-26,1986,11,26,1.7087876571222982
Ca Mau,1986-11-27,1986,11,27,2.156388516909474
Ca Mau,1986-11-28,1986,11,28,1.158573897226073
Ca Mau,1986-11-29,1986,11,29,0.2912284271935724
Ca Mau,1986-11-30,1986,11,30,0.0
Ca Mau,1986-12-01,1986,12,1,11.878881716580468
Ca Mau,1986-12-02,1986,12,2,0.0
Ca Mau,1986-12-03,1986,12,3,0.0
Ca Mau,1986-12-04,1986,12,4,3.083526536601596
Ca Mau,1986-12-05,1986,12,5,0.0
Ca Mau,1986-12-06,1986,12,6,0.0689126646558348
Ca Mau,1986-12-07,1986,12,7,0.0
Ca Mau,1986-12-08,1986,12,8,1.7277548221157286
Ca Mau,1986-12-09,1986,12,9,0.0
Ca Mau,1986-12-10,1986,12,10,0.0
Ca Mau,1986-12-11,1986,12,11,0.0
Ca Mau,1986-12-12,1986,12,12,0.0
Ca Mau,1986-12-13,1986,12,13,0.0
Ca Mau,1986-12-14,1986,12,14,0.0
Ca Mau,1986-12-15,1986,12,15,1.4976194969444856
Ca Mau,1986-12-16,1986,12,16,5.227603785252199
Ca Mau,1986-12-17,1986,12,17,0.0
Ca Mau,1986-12-18,1986,12,18,0.0
Ca Mau,1986-12-19,1986,12,19,0.0
Ca Mau,1986-12-20,1986,12,20,0.0
Ca Mau,1986-12-21,1986,12,21,0.0
Ca Mau,1986-12-22,1986,12,22,0.0
Ca Mau,1986-12-23,1986,12,23,0.0
Ca Mau,1986-12-24,1986,12,24,0.0
Ca Mau,1986-12-25,1986,12,25,1.2411810831722
Ca Mau,1986-12-26,1986,12,26,6.712318200437848
Ca Mau,1986-12-27,1986,12,27,0.0
Ca Mau,1986-12-28,1986,12,28,0.0
Ca Mau,1986-12-29,1986,12,29,0.0
Ca Mau,1986-12-30,1986,12,30,0.0
Ca Mau,1986-12-31,1986,12,31,1.3332931183575871
Ca Mau,1987-01-01,1987,1,1,0.5049843246831213
Ca Mau,1987-01-02,1987,1,2,0.0
Ca Mau,1987-01-03,1987,1,3,0.0
Ca Mau,1987-01-04,1987,1,4,0.0987964489169536
Ca Mau,1987-01-05,1987,1,5,0.0
Ca Mau,1987-01-06,1987,1,6,0.0
Ca Mau,1987-01-07,1987,1,7,0.0787308358079433
Ca Mau,1987-01-08,1987,1,8,2.0250148818959937
Ca Mau,1987-01-09,1987,1,9,0.0
Ca Mau,1987-01-10,1987,1,10,0.0
Ca Mau,1987-01-11,1987,1,11,0.3275138458604177
Ca Mau,1987-01-12,1987,1,12,1.6492469251750466
Ca Mau,1987-01-13,1987,1,13,0.0
Ca Mau,1987-01-14,1987,1,14,0.0
Ca Mau,1987-01-15,1987,1,15,0.0
Ca Mau,1987-01-16,1987,1,16,1.2666763790636504
Ca Mau,1987-01-17,1987,1,17,0.0
Ca Mau,1987-01-18,1987,1,18,0.0
Ca Mau,1987-01-19,1987,1,19,0.0
Ca Mau,1987-01-20,1987,1,20,0.939235027541633
Ca Mau,1987-01-21,1987,1,21,0.1556017262885908
Ca Mau,1987-01-22,1987,1,22,0.0
Ca Mau,1987-01-23,1987,1,23,0.1078419261572583
Ca Mau,1987-01-24,1987,1,24,1.8255884502096584
Ca Mau,1987-01-25,1987,1,25,0.0
Ca Mau,1987-01-26,1987,1,26,0.0
Ca Mau,1987-01-27,1987,1,27,0.1034370273207523
Ca Mau,1987-01-28,1987,1,28,0.0
Ca Mau,1987-01-29,1987,1,29,0.0
Ca Mau,1987-01-30,1987,1,30,0.0
Ca Mau,1987-01-31,1987,1,31,0.0
Ca Mau,1987-02-01,1987,2,1,0.0
Ca Mau,1987-02-02,1987,2,2,0.0
Ca Mau,1987-02-03,1987,2,3,0.0
Ca Mau,1987-02-04,1987,2,4,0.0
Ca Mau,1987-02-05,1987,2,5,0.0
Ca Mau,1987-02-06,1987,2,6,0.0
Ca Mau,1987-02-07,1987,2,7,0.0
Ca Mau,1987-02-08,1987,2,8,0.0
Ca Mau,1987-02-09,1987,2,9,0.32872438483715
Ca Mau,1987-02-10,1987,2,10,0.0
Ca Mau,1987-02-11,1987,2,11,0.0
Ca Mau,1987-02-12,1987,2,12,0.0
Ca Mau,1987-02-13,1987,2,13,0.0
Ca Mau,1987-02-14,1987,2,14,0.0
Ca Mau,1987-02-15,1987,2,15,0.0
Ca Mau,1987-02-16,1987,2,16,0.0
Ca Mau,1987-02-17,1987,2,17,0.0
Ca Mau,1987-02-18,1987,2,18,0.0
Ca Mau,1987-02-19,1987,2,19,0.0
Ca Mau,1987-02-20,1987,2,20,0.0
Ca Mau,1987-02-21,1987,2,21,0.0
Ca Mau,1987-02-22,1987,2,22,0.0
Ca Mau,1987-02-23,1987,2,23,0.0
Ca Mau,1987-02-24,1987,2,24,0.0
Ca Mau,1987-02-25,1987,2,25,0.0
Ca Mau,1987-02-26,1987,2,26,0.5178754400425878
Ca Mau,1987-02-27,1987,2,27,0.5300813695683879
Ca Mau,1987-02-28,1987,2,28,0.0196320797387677
Ca Mau,1987-03-01,1987,3,1,0.3013133389656822
Ca Mau,1987-03-02,1987,3,2,0.0808695736538254
Ca Mau,1987-03-03,1987,3,3,0.0
Ca Mau,1987-03-04,1987,3,4,0.0
Ca Mau,1987-03-05,1987,3,5,0.0
Ca Mau,1987-03-06,1987,3,6,0.0
Ca Mau,1987-03-07,1987,3,7,0.0
Ca Mau,1987-03-08,1987,3,8,0.0
Ca Mau,1987-03-09,1987,3,9,0.0
Ca Mau,1987-03-10,1987,3,10,0.0
Ca Mau,1987-03-11,1987,3,11,0.0
Ca Mau,1987-03-12,1987,3,12,0.0
Ca Mau,1987-03-13,1987,3,13,0.0
Ca Mau,1987-03-14,1987,3,14,0.0
Ca Mau,1987-03-15,1987,3,15,0.0
Ca Mau,1987-03-16,1987,3,16,2.7078867659170958
Ca Mau,1987-03-17,1987,3,17,0.0
Ca Mau,1987-03-18,1987,3,18,7.912907822253556
Ca Mau,1987-03-19,1987,3,19,4.201713805466424
Ca Mau,1987-03-20,1987,3,20,4.724157981637601
Ca Mau,1987-03-21,1987,3,21,0.0
Ca Mau,1987-03-22,1987,3,22,0.1218620666641711
Ca Mau,1987-03-23,1987,3,23,0.0
Ca Mau,1987-03-24,1987,3,24,0.0
Ca Mau,1987-03-25,1987,3,25,0.0049976822317655
Ca Mau,1987-03-26,1987,3,26,0.3294724486137605
Ca Mau,1987-03-27,1987,3,27,0.0006297547437764139
Ca Mau,1987-03-28,1987,3,28,0.0
Ca Mau,1987-03-29,1987,3,29,0.0
Ca Mau,1987-03-30,1987,3,30,0.0
Ca Mau,1987-03-31,1987,3,31,0.0
Ca Mau,1987-04-01,1987,4,1,0.0
Ca Mau,1987-04-02,1987,4,2,0.0
Ca Mau,1987-04-03,1987,4,3,0.0
Ca Mau,1987-04-04,1987,4,4,0.0
Ca Mau,1987-04-05,1987,4,5,0.0
Ca Mau,1987-04-06,1987,4,6,0.0
Ca Mau,1987-04-07,1987,4,7,0.0
Ca Mau,1987-04-08,1987,4,8,1.048153915713928
Ca Mau,1987-04-09,1987,4,9,3.4218987317839167
Ca Mau,1987-04-10,1987,4,10,2.808215773316437
Ca Mau,1987-04-11,1987,4,11,0.605771099515665
Ca Mau,1987-04-12,1987,4,12,0.1080970249961985
Ca Mau,1987-04-13,1987,4,13,0.9025337141876572
Ca Mau,1987-04-14,1987,4,14,0.0588834736644861
Ca Mau,1987-04-15,1987,4,15,0.0670997696999627
Ca Mau,1987-04-16,1987,4,16,0.0
Ca Mau,1987-04-17,1987,4,17,0.0
Ca Mau,1987-04-18,1987,4,18,5.25294486290022
Ca Mau,1987-04-19,1987,4,19,0.0
Ca Mau,1987-04-20,1987,4,20,0.0
Ca Mau,1987-04-21,1987,4,21,0.115259187073056
Ca Mau,1987-04-22,1987,4,22,0.0
Ca Mau,1987-04-23,1987,4,23,0.0
Ca Mau,1987-04-24,1987,4,24,2.756653421388393
Ca Mau,1987-04-25,1987,4,25,6.900233806233671
Ca Mau,1987-04-26,1987,4,26,0.0690547915439075
Ca Mau,1987-04-27,1987,4,27,3.117797366671149
Ca Mau,1987-04-28,1987,4,28,0.0
Ca Mau,1987-04-29,1987,4,29,0.0
Ca Mau,1987-04-30,1987,4,30,0.0
Ca Mau,1987-05-01,1987,5,1,0.0
Ca Mau,1987-05-02,1987,5,2,5.031389518624047
Ca Mau,1987-05-03,1987,5,3,3.1907703290359004
Ca Mau,1987-05-04,1987,5,4,3.035605185175318
Ca Mau,1987-05-05,1987,5,5,0.3336019843924868
Ca Mau,1987-05-06,1987,5,6,5.244608384400538
Ca Mau,1987-05-07,1987,5,7,6.294062454429118
Ca Mau,1987-05-08,1987,5,8,1.3985178166281942
Ca Mau,1987-05-09,1987,5,9,6.73528661346908
Ca Mau,1987-05-10,1987,5,10,2.9751007977508235
Ca Mau,1987-05-11,1987,5,11,4.561835895939996
Ca Mau,1987-05-12,1987,5,12,0.0
Ca Mau,1987-05-13,1987,5,13,0.0
Ca Mau,1987-05-14,1987,5,14,1.6085609469963684
Ca Mau,1987-05-15,1987,5,15,3.620622797922077
Ca Mau,1987-05-16,1987,5,16,5.798859548440796
Ca Mau,1987-05-17,1987,5,17,5.327918437409793
Ca Mau,1987-05-18,1987,5,18,8.551593889235694
Ca Mau,1987-05-19,1987,5,19,5.412244540343047
Ca Mau,1987-05-20,1987,5,20,4.874533349551271
Ca Mau,1987-05-21,1987,5,21,3.8730969519355543
Ca Mau,1987-05-22,1987,5,22,1.9753887396049048
Ca Mau,1987-05-23,1987,5,23,0.3037361896167788
Ca Mau,1987-05-24,1987,5,24,1.0152903132910924
Ca Mau,1987-05-25,1987,5,25,1.320378009799729
Ca Mau,1987-05-26,1987,5,26,0.4112232136151597
Ca Mau,1987-05-27,1987,5,27,0.0217419686257623
Ca Mau,1987-05-28,1987,5,28,2.2548665182604184
Ca Mau,1987-05-29,1987,5,29,9.46682168901003
Ca Mau,1987-05-30,1987,5,30,5.30928619644248
Ca Mau,1987-05-31,1987,5,31,0.4433875352036134
Ca Mau,1987-06-01,1987,6,1,7.060328283523996
Ca Mau,1987-06-02,1987,6,2,3.157616444670809
Ca Mau,1987-06-03,1987,6,3,7.996264584781437
Ca Mau,1987-06-04,1987,6,4,6.820356895563791
Ca Mau,1987-06-05,1987,6,5,6.946842471369633
Ca Mau,1987-06-06,1987,6,6,25.288431805622693
Ca Mau,1987-06-07,1987,6,7,25.768613987743063
Ca Mau,1987-06-08,1987,6,8,21.99478967538264
Ca Mau,1987-06-09,1987,6,9,9.9012912222271
Ca Mau,1987-06-10,1987,6,10,12.346069310612728
Ca Mau,1987-06-11,1987,6,11,25.36977393415272
Ca Mau,1987-06-12,1987,6,12,17.470746194860464
Ca Mau,1987-06-13,1987,6,13,17.956954581489594
Ca Mau,1987-06-14,1987,6,14,29.05171682338762
Ca Mau,1987-06-15,1987,6,15,35.62610667958369
Ca Mau,1987-06-16,1987,6,16,8.421552633513063
Ca Mau,1987-06-17,1987,6,17,34.81673101023148
Ca Mau,1987-06-18,1987,6,18,5.269352064815949
Ca Mau,1987-06-19,1987,6,19,34.160748574761136
Ca Mau,1987-06-20,1987,6,20,31.115260140441077
Ca Mau,1987-06-21,1987,6,21,9.60259911539585
Ca Mau,1987-06-22,1987,6,22,2.6154689117094923
Ca Mau,1987-06-23,1987,6,23,0.0002304553769375711
Ca Mau,1987-06-24,1987,6,24,0.0
Ca Mau,1987-06-25,1987,6,25,12.607972508744584
Ca Mau,1987-06-26,1987,6,26,2.15327678130942
Ca Mau,1987-06-27,1987,6,27,5.604954085239587
Ca Mau,1987-06-28,1987,6,28,4.835166689787767
Ca Mau,1987-06-29,1987,6,29,3.304739358068018
Ca Mau,1987-06-30,1987,6,30,2.932386147754748
Ca Mau,1987-07-01,1987,7,1,12.31445496465376
Ca Mau,1987-07-02,1987,7,2,14.053909348028895
Ca Mau,1987-07-03,1987,7,3,19.898927731572368
Ca Mau,1987-07-04,1987,7,4,7.949413007753653
Ca Mau,1987-07-05,1987,7,5,8.903946718135732
Ca Mau,1987-07-06,1987,7,6,2.062337973151704
Ca Mau,1987-07-07,1987,7,7,0.0
Ca Mau,1987-07-08,1987,7,8,4.98523845145211
Ca Mau,1987-07-09,1987,7,9,9.650238301699586
Ca Mau,1987-07-10,1987,7,10,0.00027312766287606466
Ca Mau,1987-07-11,1987,7,11,0.0568620663365977
Ca Mau,1987-07-12,1987,7,12,0.0006291660713313426
Ca Mau,1987-07-13,1987,7,13,1.6483732507155344
Ca Mau,1987-07-14,1987,7,14,9.797497163940012
Ca Mau,1987-07-15,1987,7,15,0.5311498765843813
Ca Mau,1987-07-16,1987,7,16,5.369806830921047
Ca Mau,1987-07-17,1987,7,17,14.286389106103051
Ca Mau,1987-07-18,1987,7,18,2.584544883426077
Ca Mau,1987-07-19,1987,7,19,9.610429638890864
Ca Mau,1987-07-20,1987,7,20,6.979009594943967
Ca Mau,1987-07-21,1987,7,21,3.503145239837334
Ca Mau,1987-07-22,1987,7,22,2.0615138309312933
Ca Mau,1987-07-23,1987,7,23,2.6465554070290738
Ca Mau,1987-07-24,1987,7,24,3.679044854184197
Ca Mau,1987-07-25,1987,7,25,2.7336437248162024
Ca Mau,1987-07-26,1987,7,26,3.24437781158461
Ca Mau,1987-07-27,1987,7,27,2.366756101329209
Ca Mau,1987-07-28,1987,7,28,5.3074614356892456
Ca Mau,1987-07-29,1987,7,29,3.4457457597303285
Ca Mau,1987-07-30,1987,7,30,7.79684011225545
Ca Mau,1987-07-31,1987,7,31,8.010418904105153
Ca Mau,1987-08-01,1987,8,1,6.885661662805111
Ca Mau,1987-08-02,1987,8,2,11.627554409656376
Ca Mau,1987-08-03,1987,8,3,7.987313349741402
Ca Mau,1987-08-04,1987,8,4,5.232710844926095
Ca Mau,1987-08-05,1987,8,5,4.0139068233788455
Ca Mau,1987-08-06,1987,8,6,1.6820877950183577
Ca Mau,1987-08-07,1987,8,7,8.102346882206072
Ca Mau,1987-08-08,1987,8,8,13.127077041651066
Ca Mau,1987-08-09,1987,8,9,14.620739557560732
Ca Mau,1987-08-10,1987,8,10,14.966988787100076
Ca Mau,1987-08-11,1987,8,11,6.5540952550060405
Ca Mau,1987-08-12,1987,8,12,8.641326866755684
Ca Mau,1987-08-13,1987,8,13,5.781419165081096
Ca Mau,1987-08-14,1987,8,14,22.489425842957687
Ca Mau,1987-08-15,1987,8,15,21.48874077222512
Ca Mau,1987-08-16,1987,8,16,31.290274784959937
Ca Mau,1987-08-17,1987,8,17,13.447593734235914
Ca Mau,1987-08-18,1987,8,18,0.0002764776673397679
Ca Mau,1987-08-19,1987,8,19,6.737229568809455
Ca Mau,1987-08-20,1987,8,20,20.591943737277106
Ca Mau,1987-08-21,1987,8,21,42.61083852235759
Ca Mau,1987-08-22,1987,8,22,31.281808741949284
Ca Mau,1987-08-23,1987,8,23,41.853756791807314
Ca Mau,1987-08-24,1987,8,24,1.3935989724357305
Ca Mau,1987-08-25,1987,8,25,3.573231571494741
Ca Mau,1987-08-26,1987,8,26,0.4074956566059317
Ca Mau,1987-08-27,1987,8,27,5.781036789987368
Ca Mau,1987-08-28,1987,8,28,0.0005312933346668785
Ca Mau,1987-08-29,1987,8,29,0.00024328835786037616
Ca Mau,1987-08-30,1987,8,30,0.6511951932884043
Ca Mau,1987-08-31,1987,8,31,0.0
Ca Mau,1987-09-01,1987,9,1,7.89652385168958
Ca Mau,1987-09-02,1987,9,2,4.460111229467638
Ca Mau,1987-09-03,1987,9,3,0.9291165331164616
Ca Mau,1987-09-04,1987,9,4,33.343548957641374
Ca Mau,1987-09-05,1987,9,5,36.69967570275684
Ca Mau,1987-09-06,1987,9,6,18.79201677666827
Ca Mau,1987-09-07,1987,9,7,0.0180308124120319
Ca Mau,1987-09-08,1987,9,8,4.071653646877557
Ca Mau,1987-09-09,1987,9,9,7.125411242201583
Ca Mau,1987-09-10,1987,9,10,23.036393112245108
Ca Mau,1987-09-11,1987,9,11,43.97606562977118
Ca Mau,1987-09-12,1987,9,12,24.93363548532364
Ca Mau,1987-09-13,1987,9,13,16.00622065194141
Ca Mau,1987-09-14,1987,9,14,13.04454937483553
Ca Mau,1987-09-15,1987,9,15,20.51431172091556
Ca Mau,1987-09-16,1987,9,16,14.229200895898224
Ca Mau,1987-09-17,1987,9,17,3.342875060509382
Ca Mau,1987-09-18,1987,9,18,1.5138345533011188
Ca Mau,1987-09-19,1987,9,19,5.022735333617468
Ca Mau,1987-09-20,1987,9,20,12.234532801783509
Ca Mau,1987-09-21,1987,9,21,1.0574816481414129
Ca Mau,1987-09-22,1987,9,22,1.723818831114232
Ca Mau,1987-09-23,1987,9,23,3.764599577344712
Ca Mau,1987-09-24,1987,9,24,7.604178855369072
Ca Mau,1987-09-25,1987,9,25,7.495891728074692
Ca Mau,1987-09-26,1987,9,26,6.333985598633988
Ca Mau,1987-09-27,1987,9,27,23.60123727479646
Ca Mau,1987-09-28,1987,9,28,7.253804903734197
Ca Mau,1987-09-29,1987,9,29,1.8789939204773711
Ca Mau,1987-09-30,1987,9,30,7.289673106017397
Ca Mau,1987-10-01,1987,10,1,8.143695367272706
Ca Mau,1987-10-02,1987,10,2,4.6408197007478735
Ca Mau,1987-10-03,1987,10,3,0.4936487874176081
Ca Mau,1987-10-04,1987,10,4,17.51745003419495
Ca Mau,1987-10-05,1987,10,5,15.941604182061074
Ca Mau,1987-10-06,1987,10,6,3.0721021735592524
Ca Mau,1987-10-07,1987,10,7,7.920022698076489
Ca Mau,1987-10-08,1987,10,8,1.5237703319084912
Ca Mau,1987-10-09,1987,10,9,4.282310685654148
Ca Mau,1987-10-10,1987,10,10,9.404749262857251
Ca Mau,1987-10-11,1987,10,11,23.437849876976514
Ca Mau,1987-10-12,1987,10,12,7.736708596101014
Ca Mau,1987-10-13,1987,10,13,3.651351993081433
Ca Mau,1987-10-14,1987,10,14,3.7595898316769976
Ca Mau,1987-10-15,1987,10,15,1.8922405671395883
Ca Mau,1987-10-16,1987,10,16,1.4125960973849323
Ca Mau,1987-10-17,1987,10,17,1.4588235266587757
Ca Mau,1987-10-18,1987,10,18,1.1232305397848268
Ca Mau,1987-10-19,1987,10,19,1.624546390040322
Ca Mau,1987-10-20,1987,10,20,4.238902776928884
Ca Mau,1987-10-21,1987,10,21,0.371541941027183
Ca Mau,1987-10-22,1987,10,22,4.430977451424718
Ca Mau,1987-10-23,1987,10,23,0.3494467840923004
Ca Mau,1987-10-24,1987,10,24,2.2701618996152653
Ca Mau,1987-10-25,1987,10,25,15.38507888002148
Ca Mau,1987-10-26,1987,10,26,25.385552547439627
Ca Mau,1987-10-27,1987,10,27,16.535729731558103
Ca Mau,1987-10-28,1987,10,28,22.971022191068936
Ca Mau,1987-10-29,1987,10,29,6.3710832350866
Ca Mau,1987-10-30,1987,10,30,13.226971056803333
Ca Mau,1987-10-31,1987,10,31,11.09269270756729
Ca Mau,1987-11-01,1987,11,1,0.311119264349828
Ca Mau,1987-11-02,1987,11,2,9.228346356169348
Ca Mau,1987-11-03,1987,11,3,14.94976977681451
Ca Mau,1987-11-04,1987,11,4,2.7885504923175315
Ca Mau,1987-11-05,1987,11,5,7.88675523122284
Ca Mau,1987-11-06,1987,11,6,10.892753936197195
Ca Mau,1987-11-07,1987,11,7,26.22451228647524
Ca Mau,1987-11-08,1987,11,8,3.929422688167072
Ca Mau,1987-11-09,1987,11,9,9.485576574007071
Ca Mau,1987-11-10,1987,11,10,40.54514190930304
Ca Mau,1987-11-11,1987,11,11,18.79415800514775
Ca Mau,1987-11-12,1987,11,12,10.37909089390103
Ca Mau,1987-11-13,1987,11,13,7.19281510789817
Ca Mau,1987-11-14,1987,11,14,1.4125203312956875
Ca Mau,1987-11-15,1987,11,15,8.027024005703012
Ca Mau,1987-11-16,1987,11,16,1.2510719614006591
Ca Mau,1987-11-17,1987,11,17,0.0
Ca Mau,1987-11-18,1987,11,18,15.529726348880422
Ca Mau,1987-11-19,1987,11,19,0.3770406732229831
Ca Mau,1987-11-20,1987,11,20,0.9258728771771172
Ca Mau,1987-11-21,1987,11,21,0.2259245765865066
Ca Mau,1987-11-22,1987,11,22,0.0002136371777524684
Ca Mau,1987-11-23,1987,11,23,0.558871116124301
Ca Mau,1987-11-24,1987,11,24,9.46190357748802
Ca Mau,1987-11-25,1987,11,25,7.691167281924818
Ca Mau,1987-11-26,1987,11,26,5.420639449086361
Ca Mau,1987-11-27,1987,11,27,10.2883355916087
Ca Mau,1987-11-28,1987,11,28,5.81991057951756
Ca Mau,1987-11-29,1987,11,29,6.316609965885083
Ca Mau,1987-11-30,1987,11,30,9.080362048423533
Ca Mau,1987-12-01,1987,12,1,2.3594013480818696
Ca Mau,1987-12-02,1987,12,2,0.0
Ca Mau,1987-12-03,1987,12,3,0.0
Ca Mau,1987-12-04,1987,12,4,5.920145386174558
Ca Mau,1987-12-05,1987,12,5,2.0733945457469747
Ca Mau,1987-12-06,1987,12,6,0.0
Ca Mau,1987-12-07,1987,12,7,0.0
Ca Mau,1987-12-08,1987,12,8,4.383010723588691
Ca Mau,1987-12-09,1987,12,9,0.0360205307368644
Ca Mau,1987-12-10,1987,12,10,1.222797170839979
Ca Mau,1987-12-11,1987,12,11,0.4139357846108646
Ca Mau,1987-12-12,1987,12,12,0.0
Ca Mau,1987-12-13,1987,12,13,2.247682846551075
Ca Mau,1987-12-14,1987,12,14,0.0
Ca Mau,1987-12-15,1987,12,15,0.5783251647937689
Ca Mau,1987-12-16,1987,12,16,3.213171558817253
Ca Mau,1987-12-17,1987,12,17,0.0
Ca Mau,1987-12-18,1987,12,18,0.0
Ca Mau,1987-12-19,1987,12,19,0.0
Ca Mau,1987-12-20,1987,12,20,0.0
Ca Mau,1987-12-21,1987,12,21,0.0
Ca Mau,1987-12-22,1987,12,22,0.0
Ca Mau,1987-12-23,1987,12,23,0.0
Ca Mau,1987-12-24,1987,12,24,1.7547250418566818
Ca Mau,1987-12-25,1987,12,25,7.437891902863765
Ca Mau,1987-12-26,1987,12,26,0.6176045032031162
Ca Mau,1987-12-27,1987,12,27,0.0512353461708743
Ca Mau,1987-12-28,1987,12,28,2.281973898338725
Ca Mau,1987-12-29,1987,12,29,2.539230113936884
Ca Mau,1987-12-30,1987,12,30,0.0
Ca Mau,1987-12-31,1987,12,31,0.0
Ca Mau,1988-01-01,1988,1,1,0.0
Ca Mau,1988-01-02,1988,1,2,0.4038609256461139
Ca Mau,1988-01-03,1988,1,3,0.3783273201710585
Ca Mau,1988-01-04,1988,1,4,0.0
Ca Mau,1988-01-05,1988,1,5,0.0
Ca Mau,1988-01-06,1988,1,6,0.0
Ca Mau,1988-01-07,1988,1,7,0.0
Ca Mau,1988-01-08,1988,1,8,0.0
Ca Mau,1988-01-09,1988,1,9,0.0
Ca Mau,1988-01-10,1988,1,10,0.0
Ca Mau,1988-01-11,1988,1,11,0.0
Ca Mau,1988-01-12,1988,1,12,0.0
Ca Mau,1988-01-13,1988,1,13,0.0
Ca Mau,1988-01-14,1988,1,14,1.203384836750531
Ca Mau,1988-01-15,1988,1,15,0.0
Ca Mau,1988-01-16,1988,1,16,0.0
Ca Mau,1988-01-17,1988,1,17,0.0
Ca Mau,1988-01-18,1988,1,18,0.0
Ca Mau,1988-01-19,1988,1,19,0.0
Ca Mau,1988-01-20,1988,1,20,0.0
Ca Mau,1988-01-21,1988,1,21,0.0
Ca Mau,1988-01-22,1988,1,22,0.0
Ca Mau,1988-01-23,1988,1,23,0.0
Ca Mau,1988-01-24,1988,1,24,0.0
Ca Mau,1988-01-25,1988,1,25,0.0
Ca Mau,1988-01-26,1988,1,26,1.5921418437150914
Ca Mau,1988-01-27,1988,1,27,1.5515544418033846
Ca Mau,1988-01-28,1988,1,28,0.0
Ca Mau,1988-01-29,1988,1,29,0.0
Ca Mau,1988-01-30,1988,1,30,0.0
Ca Mau,1988-01-31,1988,1,31,5.458752514179596
Ca Mau,1988-02-01,1988,2,1,5.697106639682312
Ca Mau,1988-02-02,1988,2,2,0.0
Ca Mau,1988-02-03,1988,2,3,0.0
Ca Mau,1988-02-04,1988,2,4,0.0
Ca Mau,1988-02-05,1988,2,5,0.0
Ca Mau,1988-02-06,1988,2,6,0.0
Ca Mau,1988-02-07,1988,2,7,0.0
Ca Mau,1988-02-08,1988,2,8,0.0
Ca Mau,1988-02-09,1988,2,9,0.0
Ca Mau,1988-02-10,1988,2,10,0.0
Ca Mau,1988-02-11,1988,2,11,0.2417324240620113
Ca Mau,1988-02-12,1988,2,12,0.0
Ca Mau,1988-02-13,1988,2,13,0.0174602671664888
Ca Mau,1988-02-14,1988,2,14,0.0
Ca Mau,1988-02-15,1988,2,15,0.0
Ca Mau,1988-02-16,1988,2,16,0.0
Ca Mau,1988-02-17,1988,2,17,0.0
Ca Mau,1988-02-18,1988,2,18,0.0
Ca Mau,1988-02-19,1988,2,19,0.0
Ca Mau,1988-02-20,1988,2,20,0.0
Ca Mau,1988-02-21,1988,2,21,0.0
Ca Mau,1988-02-22,1988,2,22,1.0059866834039992
Ca Mau,1988-02-23,1988,2,23,2.278695587473647
Ca Mau,1988-02-24,1988,2,24,1.620786134285364
Ca Mau,1988-02-25,1988,2,25,0.0
Ca Mau,1988-02-26,1988,2,26,0.3335904384565686
Ca Mau,1988-02-27,1988,2,27,0.0
Ca Mau,1988-02-28,1988,2,28,0.0
Ca Mau,1988-02-29,1988,2,29,0.0
Ca Mau,1988-03-01,1988,3,1,0.0
Ca Mau,1988-03-02,1988,3,2,0.0
Ca Mau,1988-03-03,1988,3,3,0.0
Ca Mau,1988-03-04,1988,3,4,0.0
Ca Mau,1988-03-05,1988,3,5,0.0
Ca Mau,1988-03-06,1988,3,6,0.1942661669749447
Ca Mau,1988-03-07,1988,3,7,0.0
Ca Mau,1988-03-08,1988,3,8,0.0
Ca Mau,1988-03-09,1988,3,9,0.0
Ca Mau,1988-03-10,1988,3,10,0.0
Ca Mau,1988-03-11,1988,3,11,0.0
Ca Mau,1988-03-12,1988,3,12,0.0
Ca Mau,1988-03-13,1988,3,13,0.0
Ca Mau,1988-03-14,1988,3,14,0.0
Ca Mau,1988-03-15,1988,3,15,0.0
Ca Mau,1988-03-16,1988,3,16,0.0
Ca Mau,1988-03-17,1988,3,17,0.0
Ca Mau,1988-03-18,1988,3,18,0.0
Ca Mau,1988-03-19,1988,3,19,0.0363453430232863
Ca Mau,1988-03-20,1988,3,20,0.003438222220904
Ca Mau,1988-03-21,1988,3,21,0.0088199951484385
Ca Mau,1988-03-22,1988,3,22,0.0088199951484385
Ca Mau,1988-03-23,1988,3,23,0.0088199951484385
Ca Mau,1988-03-24,1988,3,24,2.155814160972366
Ca Mau,1988-03-25,1988,3,25,0.0319211344891188
Ca Mau,1988-03-26,1988,3,26,16.12888196984616
Ca Mau,1988-03-27,1988,3,27,7.522369096238067
Ca Mau,1988-03-28,1988,3,28,0.0215698731060904
Ca Mau,1988-03-29,1988,3,29,0.0
Ca Mau,1988-03-30,1988,3,30,2.15003568832926
Ca Mau,1988-03-31,1988,3,31,1.022437398863603
Ca Mau,1988-04-01,1988,4,1,0.0
Ca Mau,1988-04-02,1988,4,2,0.0
Ca Mau,1988-04-03,1988,4,3,0.5158423876937169
Ca Mau,1988-04-04,1988,4,4,0.0
Ca Mau,1988-04-05,1988,4,5,3.6336526130849767
Ca Mau,1988-04-06,1988,4,6,4.755239760257675
Ca Mau,1988-04-07,1988,4,7,0.7395980111272623
Ca Mau,1988-04-08,1988,4,8,1.6369327802206546
Ca Mau,1988-04-09,1988,4,9,0.0
Ca Mau,1988-04-10,1988,4,10,0.0
Ca Mau,1988-04-11,1988,4,11,0.0866243581376528
Ca Mau,1988-04-12,1988,4,12,0.0
Ca Mau,1988-04-13,1988,4,13,6.321922792344747
Ca Mau,1988-04-14,1988,4,14,4.289702016580964
Ca Mau,1988-04-15,1988,4,15,0.00021264844426509123
Ca Mau,1988-04-16,1988,4,16,0.0
Ca Mau,1988-04-17,1988,4,17,0.0
Ca Mau,1988-04-18,1988,4,18,1.6187698175768035
Ca Mau,1988-04-19,1988,4,19,2.239648934196965
Ca Mau,1988-04-20,1988,4,20,3.742481805050821
Ca Mau,1988-04-21,1988,4,21,1.453722603772255
Ca Mau,1988-04-22,1988,4,22,1.304807799565353
Ca Mau,1988-04-23,1988,4,23,0.5414303670600149
Ca Mau,1988-04-24,1988,4,24,0.0
Ca Mau,1988-04-25,1988,4,25,0.0108312893266977
Ca Mau,1988-04-26,1988,4,26,0.6184721561340211
Ca Mau,1988-04-27,1988,4,27,0.1235467518174158
Ca Mau,1988-04-28,1988,4,28,1.4323973963093444
Ca Mau,1988-04-29,1988,4,29,8.962220437986895
Ca Mau,1988-04-30,1988,4,30,12.986601404933564
Ca Mau,1988-05-01,1988,5,1,6.095057066966936
Ca Mau,1988-05-02,1988,5,2,13.50277779279266
Ca Mau,1988-05-03,1988,5,3,4.294738530509059
Ca Mau,1988-05-04,1988,5,4,8.585446215084925
Ca Mau,1988-05-05,1988,5,5,25.50166078737096
Ca Mau,1988-05-06,1988,5,6,16.028883470517417
Ca Mau,1988-05-07,1988,5,7,7.597769728270524
Ca Mau,1988-05-08,1988,5,8,7.994656193050972
Ca Mau,1988-05-09,1988,5,9,11.428574467260288
Ca Mau,1988-05-10,1988,5,10,10.783876959635393
Ca Mau,1988-05-11,1988,5,11,6.699748522028815
Ca Mau,1988-05-12,1988,5,12,15.261342029392434
Ca Mau,1988-05-13,1988,5,13,9.21509535080036
Ca Mau,1988-05-14,1988,5,14,7.795071056655452
Ca Mau,1988-05-15,1988,5,15,11.369541176195014
Ca Mau,1988-05-16,1988,5,16,11.139171459123125
Ca Mau,1988-05-17,1988,5,17,1.671181613239297
Ca Mau,1988-05-18,1988,5,18,0.0
Ca Mau,1988-05-19,1988,5,19,2.866350115660889
Ca Mau,1988-05-20,1988,5,20,7.735784434169498
Ca Mau,1988-05-21,1988,5,21,17.629702837410264
Ca Mau,1988-05-22,1988,5,22,15.448682628671095
Ca Mau,1988-05-23,1988,5,23,7.024617517189077
Ca Mau,1988-05-24,1988,5,24,20.517307468596517
Ca Mau,1988-05-25,1988,5,25,8.399012101874964
Ca Mau,1988-05-26,1988,5,26,25.472864215596715
Ca Mau,1988-05-27,1988,5,27,13.72329277429897
Ca Mau,1988-05-28,1988,5,28,3.607471491605441
Ca Mau,1988-05-29,1988,5,29,3.3557613317684662
Ca Mau,1988-05-30,1988,5,30,0.3621242670331066
Ca Mau,1988-05-31,1988,5,31,3.3955150835369223
Ca Mau,1988-06-01,1988,6,1,0.4614627811485654
Ca Mau,1988-06-02,1988,6,2,0.6924048942595975
Ca Mau,1988-06-03,1988,6,3,0.00023926604435550557
Ca Mau,1988-06-04,1988,6,4,0.7287146118587784
Ca Mau,1988-06-05,1988,6,5,17.25799363901999
Ca Mau,1988-06-06,1988,6,6,15.445527416740653
Ca Mau,1988-06-07,1988,6,7,3.0395702866672982
Ca Mau,1988-06-08,1988,6,8,0.0
Ca Mau,1988-06-09,1988,6,9,0.3318142707728778
Ca Mau,1988-06-10,1988,6,10,9.65663823533574
Ca Mau,1988-06-11,1988,6,11,12.012576576804308
Ca Mau,1988-06-12,1988,6,12,18.40720557771903
Ca Mau,1988-06-13,1988,6,13,3.167284458019785
Ca Mau,1988-06-14,1988,6,14,8.023528735359466
Ca Mau,1988-06-15,1988,6,15,9.96664984875608
Ca Mau,1988-06-16,1988,6,16,4.530303772237096
Ca Mau,1988-06-17,1988,6,17,4.142165812392335
Ca Mau,1988-06-18,1988,6,18,3.574083824030507
Ca Mau,1988-06-19,1988,6,19,13.915897958575243
Ca Mau,1988-06-20,1988,6,20,3.001669077362592
Ca Mau,1988-06-21,1988,6,21,0.00025977161876235657
Ca Mau,1988-06-22,1988,6,22,0.0
Ca Mau,1988-06-23,1988,6,23,1.5565431937124885
Ca Mau,1988-06-24,1988,6,24,0.00023737749785292977
Ca Mau,1988-06-25,1988,6,25,0.0002003254587373538
Ca Mau,1988-06-26,1988,6,26,0.0
Ca Mau,1988-06-27,1988,6,27,2.5895423034280367
Ca Mau,1988-06-28,1988,6,28,5.60967832991117
Ca Mau,1988-06-29,1988,6,29,6.129861160662329
Ca Mau,1988-06-30,1988,6,30,0.2024892348854689
Ca Mau,1988-07-01,1988,7,1,1.2841135408490578
Ca Mau,1988-07-02,1988,7,2,1.9944543259121497
Ca Mau,1988-07-03,1988,7,3,1.755148063363123
Ca Mau,1988-07-04,1988,7,4,0.3954023095309519
Ca Mau,1988-07-05,1988,7,5,1.0207711209778418
Ca Mau,1988-07-06,1988,7,6,5.416624506212494
Ca Mau,1988-07-07,1988,7,7,3.3882430834062816
Ca Mau,1988-07-08,1988,7,8,8.66125729037708
Ca Mau,1988-07-09,1988,7,9,12.08016972235678
Ca Mau,1988-07-10,1988,7,10,3.448641659144625
Ca Mau,1988-07-11,1988,7,11,16.193600725369055
Ca Mau,1988-07-12,1988,7,12,24.914145474269212
Ca Mau,1988-07-13,1988,7,13,9.129283893326392
Ca Mau,1988-07-14,1988,7,14,1.9749971920716725
Ca Mau,1988-07-15,1988,7,15,9.410844918173778
Ca Mau,1988-07-16,1988,7,16,2.579921567035523
Ca Mau,1988-07-17,1988,7,17,0.3200311732704797
Ca Mau,1988-07-18,1988,7,18,6.216902507412753
Ca Mau,1988-07-19,1988,7,19,13.580082539189728
Ca Mau,1988-07-20,1988,7,20,11.044098844871083
Ca Mau,1988-07-21,1988,7,21,2.736096709065744
Ca Mau,1988-07-22,1988,7,22,1.4578196894616215
Ca Mau,1988-07-23,1988,7,23,9.261902104477606
Ca Mau,1988-07-24,1988,7,24,14.689600765335738
Ca Mau,1988-07-25,1988,7,25,8.22515872124912
Ca Mau,1988-07-26,1988,7,26,16.987340033468783
Ca Mau,1988-07-27,1988,7,27,5.50506237458253
Ca Mau,1988-07-28,1988,7,28,3.612602992620694
Ca Mau,1988-07-29,1988,7,29,8.545654122664757
Ca Mau,1988-07-30,1988,7,30,0.0355651597734518
Ca Mau,1988-07-31,1988,7,31,19.936169205564543
Ca Mau,1988-08-01,1988,8,1,5.467792238956807
Ca Mau,1988-08-02,1988,8,2,0.1431989856785054
Ca Mau,1988-08-03,1988,8,3,3.240120340994546
Ca Mau,1988-08-04,1988,8,4,2.151260338766454
Ca Mau,1988-08-05,1988,8,5,1.5785075650970486
Ca Mau,1988-08-06,1988,8,6,0.2164583587084313
Ca Mau,1988-08-07,1988,8,7,3.056303455587816
Ca Mau,1988-08-08,1988,8,8,1.910329378898084
Ca Mau,1988-08-09,1988,8,9,0.6281730792020082
Ca Mau,1988-08-10,1988,8,10,2.032986415547861
Ca Mau,1988-08-11,1988,8,11,0.6290327801877026
Ca Mau,1988-08-12,1988,8,12,7.970838308001015
Ca Mau,1988-08-13,1988,8,13,0.9583879045943902
Ca Mau,1988-08-14,1988,8,14,1.898372590095886
Ca Mau,1988-08-15,1988,8,15,4.837942203630706
Ca Mau,1988-08-16,1988,8,16,4.588845109889126
Ca Mau,1988-08-17,1988,8,17,1.359585816141989
Ca Mau,1988-08-18,1988,8,18,1.0977608409080717
Ca Mau,1988-08-19,1988,8,19,0.3692394721140453
Ca Mau,1988-08-20,1988,8,20,13.131536057766224
Ca Mau,1988-08-21,1988,8,21,3.1453513986416444
Ca Mau,1988-08-22,1988,8,22,11.765068914304338
Ca Mau,1988-08-23,1988,8,23,0.0081218494667684
Ca Mau,1988-08-24,1988,8,24,10.70723518600379
Ca Mau,1988-08-25,1988,8,25,13.248323242115864
Ca Mau,1988-08-26,1988,8,26,1.1910778471553634
Ca Mau,1988-08-27,1988,8,27,2.775029084540481
Ca Mau,1988-08-28,1988,8,28,1.3489191432313452
Ca Mau,1988-08-29,1988,8,29,2.386229013697557
Ca Mau,1988-08-30,1988,8,30,5.124543481620149
Ca Mau,1988-08-31,1988,8,31,2.826584427278521
Ca Mau,1988-09-01,1988,9,1,2.710172173329502
Ca Mau,1988-09-02,1988,9,2,6.055805338102935
Ca Mau,1988-09-03,1988,9,3,5.425301857999873
Ca Mau,1988-09-04,1988,9,4,7.849472248874958
Ca Mau,1988-09-05,1988,9,5,3.2527790311656397
Ca Mau,1988-09-06,1988,9,6,0.342010231033202
Ca Mau,1988-09-07,1988,9,7,0.4040887316074021
Ca Mau,1988-09-08,1988,9,8,16.56757377920518
Ca Mau,1988-09-09,1988,9,9,14.002708268974626
Ca Mau,1988-09-10,1988,9,10,8.109310105289842
Ca Mau,1988-09-11,1988,9,11,0.0241815772858035
Ca Mau,1988-09-12,1988,9,12,4.93314968162141
Ca Mau,1988-09-13,1988,9,13,21.93494581585209
Ca Mau,1988-09-14,1988,9,14,15.798318377654311
Ca Mau,1988-09-15,1988,9,15,4.585571444569723
Ca Mau,1988-09-16,1988,9,16,9.94126475914106
Ca Mau,1988-09-17,1988,9,17,8.388581984438808
Ca Mau,1988-09-18,1988,9,18,1.5896890054590909
Ca Mau,1988-09-19,1988,9,19,26.48418632135284
Ca Mau,1988-09-20,1988,9,20,27.992168238816703
Ca Mau,1988-09-21,1988,9,21,33.76932070055638
Ca Mau,1988-09-22,1988,9,22,26.977138425357552
Ca Mau,1988-09-23,1988,9,23,12.682915044477728
Ca Mau,1988-09-24,1988,9,24,20.47888780214984
Ca Mau,1988-09-25,1988,9,25,3.7480781491589097
Ca Mau,1988-09-26,1988,9,26,7.117104664796285
Ca Mau,1988-09-27,1988,9,27,13.81346775377856
Ca Mau,1988-09-28,1988,9,28,24.801413166858136
Ca Mau,1988-09-29,1988,9,29,16.73590209928794
Ca Mau,1988-09-30,1988,9,30,13.853389737296498
Ca Mau,1988-10-01,1988,10,1,0.3328007199455779
Ca Mau,1988-10-02,1988,10,2,3.6000018175308486
Ca Mau,1988-10-03,1988,10,3,31.925544986053133
Ca Mau,1988-10-04,1988,10,4,13.606603142193904
Ca Mau,1988-10-05,1988,10,5,5.634003662383759
Ca Mau,1988-10-06,1988,10,6,10.028497266640583
Ca Mau,1988-10-07,1988,10,7,12.319166165651549
Ca Mau,1988-10-08,1988,10,8,12.976156924374884
Ca Mau,1988-10-09,1988,10,9,23.81310827958037
Ca Mau,1988-10-10,1988,10,10,4.873753719928225
Ca Mau,1988-10-11,1988,10,11,22.413409994674147
Ca Mau,1988-10-12,1988,10,12,12.89272719703642
Ca Mau,1988-10-13,1988,10,13,6.0755731921098
Ca Mau,1988-10-14,1988,10,14,5.72260500487963
Ca Mau,1988-10-15,1988,10,15,23.846740336361226
Ca Mau,1988-10-16,1988,10,16,23.468597841432192
Ca Mau,1988-10-17,1988,10,17,3.2742436333157428
Ca Mau,1988-10-18,1988,10,18,1.761884833351589
Ca Mau,1988-10-19,1988,10,19,11.97169199349875
Ca Mau,1988-10-20,1988,10,20,19.84049595360889
Ca Mau,1988-10-21,1988,10,21,38.53103293959579
Ca Mau,1988-10-22,1988,10,22,4.410552031427011
Ca Mau,1988-10-23,1988,10,23,3.837581855957785
Ca Mau,1988-10-24,1988,10,24,0.7416391636919517
Ca Mau,1988-10-25,1988,10,25,2.450719803832968
Ca Mau,1988-10-26,1988,10,26,10.025137058976124
Ca Mau,1988-10-27,1988,10,27,10.296489565861854
Ca Mau,1988-10-28,1988,10,28,0.8142766532327136
Ca Mau,1988-10-29,1988,10,29,0.1452460086115038
Ca Mau,1988-10-30,1988,10,30,0.0964726583610999
Ca Mau,1988-10-31,1988,10,31,0.0433934051295722
Ca Mau,1988-11-01,1988,11,1,1.841923860191146
Ca Mau,1988-11-02,1988,11,2,2.357289499011986
Ca Mau,1988-11-03,1988,11,3,2.2028216334845894
Ca Mau,1988-11-04,1988,11,4,0.0
Ca Mau,1988-11-05,1988,11,5,3.339271368632295
Ca Mau,1988-11-06,1988,11,6,35.14178388626142
Ca Mau,1988-11-07,1988,11,7,16.38054774903402
Ca Mau,1988-11-08,1988,11,8,0.0365662925224638
Ca Mau,1988-11-09,1988,11,9,0.019994957919853
Ca Mau,1988-11-10,1988,11,10,1.2425552756855545
Ca Mau,1988-11-11,1988,11,11,0.9058966686027948
Ca Mau,1988-11-12,1988,11,12,0.0
Ca Mau,1988-11-13,1988,11,13,2.999426636335857
Ca Mau,1988-11-14,1988,11,14,0.0
Ca Mau,1988-11-15,1988,11,15,0.0
Ca Mau,1988-11-16,1988,11,16,0.1759456526465543
Ca Mau,1988-11-17,1988,11,17,0.0
Ca Mau,1988-11-18,1988,11,18,2.462600035905983
Ca Mau,1988-11-19,1988,11,19,13.578778283889022
Ca Mau,1988-11-20,1988,11,20,26.80726335859861
Ca Mau,1988-11-21,1988,11,21,0.0006661717447721398
Ca Mau,1988-11-22,1988,11,22,8.964949266221533
Ca Mau,1988-11-23,1988,11,23,7.887193027906291
Ca Mau,1988-11-24,1988,11,24,0.2370016537201305
Ca Mau,1988-11-25,1988,11,25,0.4408540666247512
Ca Mau,1988-11-26,1988,11,26,0.0004831933593231074
Ca Mau,1988-11-27,1988,11,27,13.26658735574734
Ca Mau,1988-11-28,1988,11,28,12.633431124283591
Ca Mau,1988-11-29,1988,11,29,23.650518372853124
Ca Mau,1988-11-30,1988,11,30,24.03074394649361
Ca Mau,1988-12-01,1988,12,1,1.395816115637681
Ca Mau,1988-12-02,1988,12,2,0.0
Ca Mau,1988-12-03,1988,12,3,0.0
Ca Mau,1988-12-04,1988,12,4,0.0
Ca Mau,1988-12-05,1988,12,5,0.0
Ca Mau,1988-12-06,1988,12,6,1.2751789172658612
Ca Mau,1988-12-07,1988,12,7,0.0
Ca Mau,1988-12-08,1988,12,8,0.029590503372333
Ca Mau,1988-12-09,1988,12,9,1.5373102339410298
Ca Mau,1988-12-10,1988,12,10,3.4392527902032635
Ca Mau,1988-12-11,1988,12,11,2.70258847592982
Ca Mau,1988-12-12,1988,12,12,0.0
Ca Mau,1988-12-13,1988,12,13,0.1658865946605171
Ca Mau,1988-12-14,1988,12,14,0.059313998648845
Ca Mau,1988-12-15,1988,12,15,0.0006331808847052012
Ca Mau,1988-12-16,1988,12,16,0.0
Ca Mau,1988-12-17,1988,12,17,0.0
Ca Mau,1988-12-18,1988,12,18,14.525490335264264
Ca Mau,1988-12-19,1988,12,19,0.0
Ca Mau,1988-12-20,1988,12,20,0.0
Ca Mau,1988-12-21,1988,12,21,0.0714694711288489
Ca Mau,1988-12-22,1988,12,22,4.633772174403199
Ca Mau,1988-12-23,1988,12,23,0.7624956676567557
Ca Mau,1988-12-24,1988,12,24,2.209655930568547
Ca Mau,1988-12-25,1988,12,25,0.0
Ca Mau,1988-12-26,1988,12,26,0.0
Ca Mau,1988-12-27,1988,12,27,0.0
Ca Mau,1988-12-28,1988,12,28,0.9428522751149708
Ca Mau,1988-12-29,1988,12,29,0.0
Ca Mau,1988-12-30,1988,12,30,6.710490212736354
Ca Mau,1988-12-31,1988,12,31,0.8213593877464571
Ca Mau,1989-01-01,1989,1,1,0.0555789007601455
Ca Mau,1989-01-02,1989,1,2,2.612834889644436
Ca Mau,1989-01-03,1989,1,3,0.0
Ca Mau,1989-01-04,1989,1,4,0.0556359345537071
Ca Mau,1989-01-05,1989,1,5,0.0
Ca Mau,1989-01-06,1989,1,6,0.0
Ca Mau,1989-01-07,1989,1,7,0.0
Ca Mau,1989-01-08,1989,1,8,1.6382956655950551
Ca Mau,1989-01-09,1989,1,9,0.0
Ca Mau,1989-01-10,1989,1,10,0.0
Ca Mau,1989-01-11,1989,1,11,1.1867925049568178
Ca Mau,1989-01-12,1989,1,12,0.0
Ca Mau,1989-01-13,1989,1,13,0.0
Ca Mau,1989-01-14,1989,1,14,0.0
Ca Mau,1989-01-15,1989,1,15,0.8612470218040134
Ca Mau,1989-01-16,1989,1,16,0.0649685551116227
Ca Mau,1989-01-17,1989,1,17,0.0
Ca Mau,1989-01-18,1989,1,18,0.0
Ca Mau,1989-01-19,1989,1,19,0.0
Ca Mau,1989-01-20,1989,1,20,0.0
Ca Mau,1989-01-21,1989,1,21,0.0
Ca Mau,1989-01-22,1989,1,22,3.48294010510648
Ca Mau,1989-01-23,1989,1,23,0.0
Ca Mau,1989-01-24,1989,1,24,0.0
Ca Mau,1989-01-25,1989,1,25,0.0
Ca Mau,1989-01-26,1989,1,26,0.1125035008377291
Ca Mau,1989-01-27,1989,1,27,0.0
Ca Mau,1989-01-28,1989,1,28,1.682010423036196
Ca Mau,1989-01-29,1989,1,29,0.4383320672552416
Ca Mau,1989-01-30,1989,1,30,0.0
Ca Mau,1989-01-31,1989,1,31,0.0
Ca Mau,1989-02-01,1989,2,1,0.0
Ca Mau,1989-02-02,1989,2,2,0.0
Ca Mau,1989-02-03,1989,2,3,0.004094243725309
Ca Mau,1989-02-04,1989,2,4,0.2730622802136924
Ca Mau,1989-02-05,1989,2,5,0.0
Ca Mau,1989-02-06,1989,2,6,0.0
Ca Mau,1989-02-07,1989,2,7,0.0
Ca Mau,1989-02-08,1989,2,8,0.0
Ca Mau,1989-02-09,1989,2,9,0.0061655260775657
Ca Mau,1989-02-10,1989,2,10,0.0
Ca Mau,1989-02-11,1989,2,11,0.0
Ca Mau,1989-02-12,1989,2,12,0.0
Ca Mau,1989-02-13,1989,2,13,0.0
Ca Mau,1989-02-14,1989,2,14,0.0
Ca Mau,1989-02-15,1989,2,15,0.0
Ca Mau,1989-02-16,1989,2,16,0.0
Ca Mau,1989-02-17,1989,2,17,0.0
Ca Mau,1989-02-18,1989,2,18,0.0
Ca Mau,1989-02-19,1989,2,19,0.0
Ca Mau,1989-02-20,1989,2,20,0.0
Ca Mau,1989-02-21,1989,2,21,0.0948282373301063
Ca Mau,1989-02-22,1989,2,22,0.3271242291492016
Ca Mau,1989-02-23,1989,2,23,0.2012439263576896
Ca Mau,1989-02-24,1989,2,24,0.0
Ca Mau,1989-02-25,1989,2,25,0.0173067176014076
Ca Mau,1989-02-26,1989,2,26,0.0
Ca Mau,1989-02-27,1989,2,27,0.0
Ca Mau,1989-02-28,1989,2,28,0.0
Ca Mau,1989-03-01,1989,3,1,0.0
Ca Mau,1989-03-02,1989,3,2,0.0
Ca Mau,1989-03-03,1989,3,3,0.2509584415708517
Ca Mau,1989-03-04,1989,3,4,0.3267117413312667
Ca Mau,1989-03-05,1989,3,5,0.037518988628089
Ca Mau,1989-03-06,1989,3,6,0.0
Ca Mau,1989-03-07,1989,3,7,0.0
Ca Mau,1989-03-08,1989,3,8,0.0
Ca Mau,1989-03-09,1989,3,9,0.0
Ca Mau,1989-03-10,1989,3,10,0.0
Ca Mau,1989-03-11,1989,3,11,0.0
Ca Mau,1989-03-12,1989,3,12,0.0
Ca Mau,1989-03-13,1989,3,13,0.0
Ca Mau,1989-03-14,1989,3,14,0.0
Ca Mau,1989-03-15,1989,3,15,0.0685033829389489
Ca Mau,1989-03-16,1989,3,16,0.0
Ca Mau,1989-03-17,1989,3,17,5.152592902153984
Ca Mau,1989-03-18,1989,3,18,5.049256715054165
Ca Mau,1989-03-19,1989,3,19,6.337862447841137
Ca Mau,1989-03-20,1989,3,20,3.5053661925652886
Ca Mau,1989-03-21,1989,3,21,0.4633571083692355
Ca Mau,1989-03-22,1989,3,22,0.810202125230176
Ca Mau,1989-03-23,1989,3,23,0.9248687717185204
Ca Mau,1989-03-24,1989,3,24,0.0
Ca Mau,1989-03-25,1989,3,25,1.0635749291101568
Ca Mau,1989-03-26,1989,3,26,0.0
Ca Mau,1989-03-27,1989,3,27,0.0
Ca Mau,1989-03-28,1989,3,28,0.0
Ca Mau,1989-03-29,1989,3,29,0.36423616511736
Ca Mau,1989-03-30,1989,3,30,0.4750933826978724
Ca Mau,1989-03-31,1989,3,31,0.0313850569177279
Ca Mau,1989-04-01,1989,4,1,0.5171107015647942
Ca Mau,1989-04-02,1989,4,2,8.07931185762388
Ca Mau,1989-04-03,1989,4,3,8.882668654969306
Ca Mau,1989-04-04,1989,4,4,0.7780860327139156
Ca Mau,1989-04-05,1989,4,5,1.427960458503273
Ca Mau,1989-04-06,1989,4,6,1.6696531855993366
Ca Mau,1989-04-07,1989,4,7,0.2373079896477719
Ca Mau,1989-04-08,1989,4,8,0.7331398921549107
Ca Mau,1989-04-09,1989,4,9,0.0
Ca Mau,1989-04-10,1989,4,10,0.0003608485195051516
Ca Mau,1989-04-11,1989,4,11,0.9302765711997846
Ca Mau,1989-04-12,1989,4,12,18.37048281103986
Ca Mau,1989-04-13,1989,4,13,3.4985293061388023
Ca Mau,1989-04-14,1989,4,14,0.0
Ca Mau,1989-04-15,1989,4,15,0.0
Ca Mau,1989-04-16,1989,4,16,0.4808498326207016
Ca Mau,1989-04-17,1989,4,17,0.0197125635815935
Ca Mau,1989-04-18,1989,4,18,0.0
Ca Mau,1989-04-19,1989,4,19,0.0
Ca Mau,1989-04-20,1989,4,20,0.0
Ca Mau,1989-04-21,1989,4,21,0.0
Ca Mau,1989-04-22,1989,4,22,0.0
Ca Mau,1989-04-23,1989,4,23,0.1765087119054766
Ca Mau,1989-04-24,1989,4,24,1.812910693989304
Ca Mau,1989-04-25,1989,4,25,0.6112240938269315
Ca Mau,1989-04-26,1989,4,26,5.3430866129074746
Ca Mau,1989-04-27,1989,4,27,5.425932214817229
Ca Mau,1989-04-28,1989,4,28,0.805857034618578
Ca Mau,1989-04-29,1989,4,29,0.0
Ca Mau,1989-04-30,1989,4,30,0.0
Ca Mau,1989-05-01,1989,5,1,0.0
Ca Mau,1989-05-02,1989,5,2,0.0029710744661892
Ca Mau,1989-05-03,1989,5,3,5.309287386161459
Ca Mau,1989-05-04,1989,5,4,12.24047967690655
Ca Mau,1989-05-05,1989,5,5,10.40327270447019
Ca Mau,1989-05-06,1989,5,6,14.295928880689443
Ca Mau,1989-05-07,1989,5,7,14.526185975136393
Ca Mau,1989-05-08,1989,5,8,15.723481816952503
Ca Mau,1989-05-09,1989,5,9,7.709617309344366
Ca Mau,1989-05-10,1989,5,10,1.0129189851458449
Ca Mau,1989-05-11,1989,5,11,3.7629412635710406
Ca Mau,1989-05-12,1989,5,12,8.622018826848402
Ca Mau,1989-05-13,1989,5,13,3.724390349043433
Ca Mau,1989-05-14,1989,5,14,4.413228934898775
Ca Mau,1989-05-15,1989,5,15,2.77216207458578
Ca Mau,1989-05-16,1989,5,16,2.189925266544649
Ca Mau,1989-05-17,1989,5,17,10.210138063269705
Ca Mau,1989-05-18,1989,5,18,17.305637231265553
Ca Mau,1989-05-19,1989,5,19,20.12670125528504
Ca Mau,1989-05-20,1989,5,20,25.85450501485921
Ca Mau,1989-05-21,1989,5,21,15.87283528879952
Ca Mau,1989-05-22,1989,5,22,6.706877903168193
Ca Mau,1989-05-23,1989,5,23,0.8892147086083243
Ca Mau,1989-05-24,1989,5,24,7.565265986144976
Ca Mau,1989-05-25,1989,5,25,16.410250149406004
Ca Mau,1989-05-26,1989,5,26,29.558954286820374
Ca Mau,1989-05-27,1989,5,27,5.85094838504744
Ca Mau,1989-05-28,1989,5,28,11.33960608080336
Ca Mau,1989-05-29,1989,5,29,7.310984273640465
Ca Mau,1989-05-30,1989,5,30,2.928180144741646
Ca Mau,1989-05-31,1989,5,31,10.272559163459055
Ca Mau,1989-06-01,1989,6,1,5.344046211300336
Ca Mau,1989-06-02,1989,6,2,4.574997212336893
Ca Mau,1989-06-03,1989,6,3,10.078969302649153
Ca Mau,1989-06-04,1989,6,4,8.419082298622602
Ca Mau,1989-06-05,1989,6,5,12.463408246429186
Ca Mau,1989-06-06,1989,6,6,1.692528280293279
Ca Mau,1989-06-07,1989,6,7,8.399223729094187
Ca Mau,1989-06-08,1989,6,8,6.032388746062749
Ca Mau,1989-06-09,1989,6,9,10.715682184168266
Ca Mau,1989-06-10,1989,6,10,0.0033024645612058
Ca Mau,1989-06-11,1989,6,11,5.832395168392953
Ca Mau,1989-06-12,1989,6,12,0.9231707217147016
Ca Mau,1989-06-13,1989,6,13,1.108311897745084
Ca Mau,1989-06-14,1989,6,14,3.60394568653032
Ca Mau,1989-06-15,1989,6,15,11.623744266848693
Ca Mau,1989-06-16,1989,6,16,3.753642086101813
Ca Mau,1989-06-17,1989,6,17,5.689202083776987
Ca Mau,1989-06-18,1989,6,18,3.360577181468132
Ca Mau,1989-06-19,1989,6,19,0.000199583891729634
Ca Mau,1989-06-20,1989,6,20,1.787440950476634
Ca Mau,1989-06-21,1989,6,21,2.6873911947480438
Ca Mau,1989-06-22,1989,6,22,8.119182096048744
Ca Mau,1989-06-23,1989,6,23,31.647028216752062
Ca Mau,1989-06-24,1989,6,24,17.4390117783086
Ca Mau,1989-06-25,1989,6,25,15.05729750246531
Ca Mau,1989-06-26,1989,6,26,11.113644630140309
Ca Mau,1989-06-27,1989,6,27,11.528542419019391
Ca Mau,1989-06-28,1989,6,28,3.374472001119278
Ca Mau,1989-06-29,1989,6,29,0.0
Ca Mau,1989-06-30,1989,6,30,3.51805609200677
Ca Mau,1989-07-01,1989,7,1,1.16614595457389
Ca Mau,1989-07-02,1989,7,2,1.508208577670923
Ca Mau,1989-07-03,1989,7,3,23.982299071701725
Ca Mau,1989-07-04,1989,7,4,12.47441775117525
Ca Mau,1989-07-05,1989,7,5,3.579971627382947
Ca Mau,1989-07-06,1989,7,6,1.053877219954166
Ca Mau,1989-07-07,1989,7,7,4.693995275179954
Ca Mau,1989-07-08,1989,7,8,4.945224287900558
Ca Mau,1989-07-09,1989,7,9,6.590297586576254
Ca Mau,1989-07-10,1989,7,10,27.806731216095976
Ca Mau,1989-07-11,1989,7,11,11.471219555660632
Ca Mau,1989-07-12,1989,7,12,11.426343520907311
Ca Mau,1989-07-13,1989,7,13,11.048564290233688
Ca Mau,1989-07-14,1989,7,14,0.0
Ca Mau,1989-07-15,1989,7,15,3.67080102334342
Ca Mau,1989-07-16,1989,7,16,22.69444035807177
Ca Mau,1989-07-17,1989,7,17,16.71423526658726
Ca Mau,1989-07-18,1989,7,18,32.25263503101962
Ca Mau,1989-07-19,1989,7,19,16.624989618917773
Ca Mau,1989-07-20,1989,7,20,20.100828017116037
Ca Mau,1989-07-21,1989,7,21,8.569129404207601
Ca Mau,1989-07-22,1989,7,22,6.375929034250863
Ca Mau,1989-07-23,1989,7,23,7.526956504190562
Ca Mau,1989-07-24,1989,7,24,3.26246569088988
Ca Mau,1989-07-25,1989,7,25,5.860909679821246
Ca Mau,1989-07-26,1989,7,26,0.0003196156641159843
Ca Mau,1989-07-27,1989,7,27,1.4324294965457458
Ca Mau,1989-07-28,1989,7,28,1.9220672513312131
Ca Mau,1989-07-29,1989,7,29,0.0
Ca Mau,1989-07-30,1989,7,30,0.2769080583172814
Ca Mau,1989-07-31,1989,7,31,2.8276021169924257
Ca Mau,1989-08-01,1989,8,1,16.124187676810376
Ca Mau,1989-08-02,1989,8,2,16.400622352534306
Ca Mau,1989-08-03,1989,8,3,6.309017223316138
Ca Mau,1989-08-04,1989,8,4,8.964120858696887
Ca Mau,1989-08-05,1989,8,5,3.982270300109052
Ca Mau,1989-08-06,1989,8,6,5.231246527649256
Ca Mau,1989-08-07,1989,8,7,1.278789447847993
Ca Mau,1989-08-08,1989,8,8,0.0004217901786264516
Ca Mau,1989-08-09,1989,8,9,18.254787896193363
Ca Mau,1989-08-10,1989,8,10,26.28414551731754
Ca Mau,1989-08-11,1989,8,11,19.998001294311905
Ca Mau,1989-08-12,1989,8,12,4.7276706455912825
Ca Mau,1989-08-13,1989,8,13,0.9504446390984718
Ca Mau,1989-08-14,1989,8,14,0.7093221580445266
Ca Mau,1989-08-15,1989,8,15,4.268126046183681
Ca Mau,1989-08-16,1989,8,16,11.530603629889418
Ca Mau,1989-08-17,1989,8,17,10.201998426969714
Ca Mau,1989-08-18,1989,8,18,17.742027310391013
Ca Mau,1989-08-19,1989,8,19,22.202993473972786
Ca Mau,1989-08-20,1989,8,20,5.52740781155146
Ca Mau,1989-08-21,1989,8,21,4.7639665476878745
Ca Mau,1989-08-22,1989,8,22,15.248226091842271
Ca Mau,1989-08-23,1989,8,23,8.085720763817667
Ca Mau,1989-08-24,1989,8,24,10.97964648250153
Ca Mau,1989-08-25,1989,8,25,11.336558602570122
Ca Mau,1989-08-26,1989,8,26,8.44239774863478
Ca Mau,1989-08-27,1989,8,27,6.559537220084106
Ca Mau,1989-08-28,1989,8,28,15.289549081355451
Ca Mau,1989-08-29,1989,8,29,6.160848829854717
Ca Mau,1989-08-30,1989,8,30,6.242737703403727
Ca Mau,1989-08-31,1989,8,31,18.708299875655808
Ca Mau,1989-09-01,1989,9,1,12.448158755033608
Ca Mau,1989-09-02,1989,9,2,3.657637169726528
Ca Mau,1989-09-03,1989,9,3,3.4787542549521646
Ca Mau,1989-09-04,1989,9,4,0.0005152679196003705
Ca Mau,1989-09-05,1989,9,5,0.0
Ca Mau,1989-09-06,1989,9,6,35.70033440455128
Ca Mau,1989-09-07,1989,9,7,28.94989714258888
Ca Mau,1989-09-08,1989,9,8,3.3844878427603238
Ca Mau,1989-09-09,1989,9,9,2.5593677134474944
Ca Mau,1989-09-10,1989,9,10,0.0139750689087928
Ca Mau,1989-09-11,1989,9,11,12.162456897466903
Ca Mau,1989-09-12,1989,9,12,17.904391186521313
Ca Mau,1989-09-13,1989,9,13,32.666657204621515
Ca Mau,1989-09-14,1989,9,14,6.625486181988106
Ca Mau,1989-09-15,1989,9,15,19.1721601631614
Ca Mau,1989-09-16,1989,9,16,10.93143082265951
Ca Mau,1989-09-17,1989,9,17,11.51802728944059
Ca Mau,1989-09-18,1989,9,18,3.619564445376255
Ca Mau,1989-09-19,1989,9,19,5.040840630213471
Ca Mau,1989-09-20,1989,9,20,6.692672035804399
Ca Mau,1989-09-21,1989,9,21,3.3033357425947583
Ca Mau,1989-09-22,1989,9,22,7.113703223974631
Ca Mau,1989-09-23,1989,9,23,3.141053890654009
Ca Mau,1989-09-24,1989,9,24,10.066360794728514
Ca Mau,1989-09-25,1989,9,25,3.7706557078852345
Ca Mau,1989-09-26,1989,9,26,6.191142075394419
Ca Mau,1989-09-27,1989,9,27,11.972880201902974
Ca Mau,1989-09-28,1989,9,28,9.46367496925946
Ca Mau,1989-09-29,1989,9,29,6.391441392882345
Ca Mau,1989-09-30,1989,9,30,6.381767841211401
Ca Mau,1989-10-01,1989,10,1,4.23482391013434
Ca Mau,1989-10-02,1989,10,2,11.831353604379132
Ca Mau,1989-10-03,1989,10,3,14.707992527205972
Ca Mau,1989-10-04,1989,10,4,5.374758774678179
Ca Mau,1989-10-05,1989,10,5,2.743458344230594
Ca Mau,1989-10-06,1989,10,6,12.75363946519568
Ca Mau,1989-10-07,1989,10,7,12.284473386215916
Ca Mau,1989-10-08,1989,10,8,12.77351775587038
Ca Mau,1989-10-09,1989,10,9,2.55573637983531
Ca Mau,1989-10-10,1989,10,10,1.1259792297628082
Ca Mau,1989-10-11,1989,10,11,34.92985642013989
Ca Mau,1989-10-12,1989,10,12,32.73855007372285
Ca Mau,1989-10-13,1989,10,13,28.71338587793936
Ca Mau,1989-10-14,1989,10,14,26.958820471064865
Ca Mau,1989-10-15,1989,10,15,0.0003942458866729415
Ca Mau,1989-10-16,1989,10,16,6.554904840904615
Ca Mau,1989-10-17,1989,10,17,32.472276259326314
Ca Mau,1989-10-18,1989,10,18,32.04884320745264
Ca Mau,1989-10-19,1989,10,19,12.685354138822488
Ca Mau,1989-10-20,1989,10,20,5.238448487569948
Ca Mau,1989-10-21,1989,10,21,0.1115448208257754
Ca Mau,1989-10-22,1989,10,22,0.0
Ca Mau,1989-10-23,1989,10,23,0.0
Ca Mau,1989-10-24,1989,10,24,1.2768465348732234
Ca Mau,1989-10-25,1989,10,25,5.31712722525163
Ca Mau,1989-10-26,1989,10,26,3.598718828615142
Ca Mau,1989-10-27,1989,10,27,4.201123292115324
Ca Mau,1989-10-28,1989,10,28,0.2384644764663591
Ca Mau,1989-10-29,1989,10,29,1.2718784149821758
Ca Mau,1989-10-30,1989,10,30,11.170288729038822
Ca Mau,1989-10-31,1989,10,31,31.290219617509788
Ca Mau,1989-11-01,1989,11,1,31.976824449512662
Ca Mau,1989-11-02,1989,11,2,21.447604478549728
Ca Mau,1989-11-03,1989,11,3,4.590732442019136
Ca Mau,1989-11-04,1989,11,4,0.8734683226591301
Ca Mau,1989-11-05,1989,11,5,0.5890167586081985
Ca Mau,1989-11-06,1989,11,6,0.0
Ca Mau,1989-11-07,1989,11,7,6.30880229236804
Ca Mau,1989-11-08,1989,11,8,3.260630137299468
Ca Mau,1989-11-09,1989,11,9,0.0
Ca Mau,1989-11-10,1989,11,10,0.0
Ca Mau,1989-11-11,1989,11,11,5.155060869246326
Ca Mau,1989-11-12,1989,11,12,1.882713545127317
Ca Mau,1989-11-13,1989,11,13,0.6092157007849348
Ca Mau,1989-11-14,1989,11,14,1.0942423077527677
Ca Mau,1989-11-15,1989,11,15,0.0484734022451571
Ca Mau,1989-11-16,1989,11,16,0.0724562658256025
Ca Mau,1989-11-17,1989,11,17,2.9639909784821965
Ca Mau,1989-11-18,1989,11,18,6.399713460657806
Ca Mau,1989-11-19,1989,11,19,1.2811243584809748
Ca Mau,1989-11-20,1989,11,20,0.8463691056603536
Ca Mau,1989-11-21,1989,11,21,0.0
Ca Mau,1989-11-22,1989,11,22,0.3176904891988099
Ca Mau,1989-11-23,1989,11,23,0.5422631516656249
Ca Mau,1989-11-24,1989,11,24,0.0
Ca Mau,1989-11-25,1989,11,25,0.0
Ca Mau,1989-11-26,1989,11,26,0.0
Ca Mau,1989-11-27,1989,11,27,0.9467816977269564
Ca Mau,1989-11-28,1989,11,28,0.0
Ca Mau,1989-11-29,1989,11,29,0.0
Ca Mau,1989-11-30,1989,11,30,0.0
Ca Mau,1989-12-01,1989,12,1,1.2004029814518784
Ca Mau,1989-12-02,1989,12,2,0.0
Ca Mau,1989-12-03,1989,12,3,0.0
Ca Mau,1989-12-04,1989,12,4,0.0
Ca Mau,1989-12-05,1989,12,5,0.0
Ca Mau,1989-12-06,1989,12,6,0.0
Ca Mau,1989-12-07,1989,12,7,0.0
Ca Mau,1989-12-08,1989,12,8,0.0227183330592394
Ca Mau,1989-12-09,1989,12,9,0.0
Ca Mau,1989-12-10,1989,12,10,0.6132951209630184
Ca Mau,1989-12-11,1989,12,11,6.806767592803457
Ca Mau,1989-12-12,1989,12,12,0.0
Ca Mau,1989-12-13,1989,12,13,0.0
Ca Mau,1989-12-14,1989,12,14,0.0
Ca Mau,1989-12-15,1989,12,15,0.0
Ca Mau,1989-12-16,1989,12,16,0.6873373195186638
Ca Mau,1989-12-17,1989,12,17,3.534018785338018
Ca Mau,1989-12-18,1989,12,18,0.0
Ca Mau,1989-12-19,1989,12,19,0.0
Ca Mau,1989-12-20,1989,12,20,0.0
Ca Mau,1989-12-21,1989,12,21,0.6588568610770963
Ca Mau,1989-12-22,1989,12,22,0.0
Ca Mau,1989-12-23,1989,12,23,7.501087344038735
Ca Mau,1989-12-24,1989,12,24,5.1061719020664205
Ca Mau,1989-12-25,1989,12,25,0.0
Ca Mau,1989-12-26,1989,12,26,0.0
Ca Mau,1989-12-27,1989,12,27,0.0
Ca Mau,1989-12-28,1989,12,28,0.0
Ca Mau,1989-12-29,1989,12,29,0.0
Ca Mau,1989-12-30,1989,12,30,8.848772724962007
Ca Mau,1989-12-31,1989,12,31,0.0
Ca Mau,1990-01-01,1990,1,1,0.0
Ca Mau,1990-01-02,1990,1,2,0.0
Ca Mau,1990-01-03,1990,1,3,0.0
Ca Mau,1990-01-04,1990,1,4,0.1043392419544789
Ca Mau,1990-01-05,1990,1,5,1.1391584553013696
Ca Mau,1990-01-06,1990,1,6,0.340726187220688
Ca Mau,1990-01-07,1990,1,7,0.0
Ca Mau,1990-01-08,1990,1,8,1.5093283134646616
Ca Mau,1990-01-09,1990,1,9,0.5330952406560209
Ca Mau,1990-01-10,1990,1,10,0.0
Ca Mau,1990-01-11,1990,1,11,0.14679170499906
Ca Mau,1990-01-12,1990,1,12,0.0
Ca Mau,1990-01-13,1990,1,13,0.0
Ca Mau,1990-01-14,1990,1,14,0.0
Ca Mau,1990-01-15,1990,1,15,0.0
Ca Mau,1990-01-16,1990,1,16,0.0
Ca Mau,1990-01-17,1990,1,17,0.651661111909036
Ca Mau,1990-01-18,1990,1,18,0.0
Ca Mau,1990-01-19,1990,1,19,0.0
Ca Mau,1990-01-20,1990,1,20,11.045139461323316
Ca Mau,1990-01-21,1990,1,21,0.0
Ca Mau,1990-01-22,1990,1,22,0.0
Ca Mau,1990-01-23,1990,1,23,0.0
Ca Mau,1990-01-24,1990,1,24,0.0
Ca Mau,1990-01-25,1990,1,25,0.0
Ca Mau,1990-01-26,1990,1,26,0.0
Ca Mau,1990-01-27,1990,1,27,0.0
Ca Mau,1990-01-28,1990,1,28,0.0
Ca Mau,1990-01-29,1990,1,29,0.0
Ca Mau,1990-01-30,1990,1,30,0.0
Ca Mau,1990-01-31,1990,1,31,0.0
Ca Mau,1990-02-01,1990,2,1,0.0
Ca Mau,1990-02-02,1990,2,2,0.0
Ca Mau,1990-02-03,1990,2,3,0.5974724047390483
Ca Mau,1990-02-04,1990,2,4,0.6714413895698531
Ca Mau,1990-02-05,1990,2,5,0.0
Ca Mau,1990-02-06,1990,2,6,0.1690292177291671
Ca Mau,1990-02-07,1990,2,7,0.0
Ca Mau,1990-02-08,1990,2,8,0.0
Ca Mau,1990-02-09,1990,2,9,0.0
Ca Mau,1990-02-10,1990,2,10,0.0
Ca Mau,1990-02-11,1990,2,11,0.0
Ca Mau,1990-02-12,1990,2,12,0.0
Ca Mau,1990-02-13,1990,2,13,0.0
Ca Mau,1990-02-14,1990,2,14,0.0
Ca Mau,1990-02-15,1990,2,15,0.0
Ca Mau,1990-02-16,1990,2,16,0.0
Ca Mau,1990-02-17,1990,2,17,0.0
Ca Mau,1990-02-18,1990,2,18,0.0
Ca Mau,1990-02-19,1990,2,19,0.0
Ca Mau,1990-02-20,1990,2,20,0.0
Ca Mau,1990-02-21,1990,2,21,0.0
Ca Mau,1990-02-22,1990,2,22,0.0
Ca Mau,1990-02-23,1990,2,23,0.0
Ca Mau,1990-02-24,1990,2,24,0.0
Ca Mau,1990-02-25,1990,2,25,0.0217245215068074
Ca Mau,1990-02-26,1990,2,26,0.0
Ca Mau,1990-02-27,1990,2,27,0.0
Ca Mau,1990-02-28,1990,2,28,0.0063802740517485
Ca Mau,1990-03-01,1990,3,1,0.0
Ca Mau,1990-03-02,1990,3,2,0.0
Ca Mau,1990-03-03,1990,3,3,0.1319318326210385
Ca Mau,1990-03-04,1990,3,4,0.0
Ca Mau,1990-03-05,1990,3,5,0.0674176850731168
Ca Mau,1990-03-06,1990,3,6,0.7429773584548769
Ca Mau,1990-03-07,1990,3,7,0.0
Ca Mau,1990-03-08,1990,3,8,0.246700958165249
Ca Mau,1990-03-09,1990,3,9,0.0
Ca Mau,1990-03-10,1990,3,10,0.0
Ca Mau,1990-03-11,1990,3,11,1.6607425296014715
Ca Mau,1990-03-12,1990,3,12,2.511571906646658
Ca Mau,1990-03-13,1990,3,13,0.0
Ca Mau,1990-03-14,1990,3,14,0.0
Ca Mau,1990-03-15,1990,3,15,0.0
Ca Mau,1990-03-16,1990,3,16,0.2469400648779925
Ca Mau,1990-03-17,1990,3,17,0.0
Ca Mau,1990-03-18,1990,3,18,0.0
Ca Mau,1990-03-19,1990,3,19,0.1524285381567522
Ca Mau,1990-03-20,1990,3,20,0.1382870959363508
Ca Mau,1990-03-21,1990,3,21,0.3245393746006591
Ca Mau,1990-03-22,1990,3,22,0.3453548616733057
Ca Mau,1990-03-23,1990,3,23,0.4320703943270151
Ca Mau,1990-03-24,1990,3,24,1.1549684880740558
Ca Mau,1990-03-25,1990,3,25,0.0
Ca Mau,1990-03-26,1990,3,26,0.0
Ca Mau,1990-03-27,1990,3,27,4.055205070189547
Ca Mau,1990-03-28,1990,3,28,0.0
Ca Mau,1990-03-29,1990,3,29,0.0
Ca Mau,1990-03-30,1990,3,30,0.0
Ca Mau,1990-03-31,1990,3,31,0.0
Ca Mau,1990-04-01,1990,4,1,0.0
Ca Mau,1990-04-02,1990,4,2,0.3080795321077506
Ca Mau,1990-04-03,1990,4,3,2.100654308315921
Ca Mau,1990-04-04,1990,4,4,0.0
Ca Mau,1990-04-05,1990,4,5,0.0002220312703261209
Ca Mau,1990-04-06,1990,4,6,0.0
Ca Mau,1990-04-07,1990,4,7,8.373617673295012
Ca Mau,1990-04-08,1990,4,8,0.0
Ca Mau,1990-04-09,1990,4,9,0.0
Ca Mau,1990-04-10,1990,4,10,0.0
Ca Mau,1990-04-11,1990,4,11,0.0
Ca Mau,1990-04-12,1990,4,12,4.584036653521308
Ca Mau,1990-04-13,1990,4,13,0.0158991377165556
Ca Mau,1990-04-14,1990,4,14,0.1763218723805092
Ca Mau,1990-04-15,1990,4,15,3.709124202217272
Ca Mau,1990-04-16,1990,4,16,3.5469745793881
Ca Mau,1990-04-17,1990,4,17,1.5695746448228844
Ca Mau,1990-04-18,1990,4,18,4.728174305920737
Ca Mau,1990-04-19,1990,4,19,0.0206778336275805
Ca Mau,1990-04-20,1990,4,20,5.381039374621705
Ca Mau,1990-04-21,1990,4,21,2.7761871170166983
Ca Mau,1990-04-22,1990,4,22,0.1931620415169498
Ca Mau,1990-04-23,1990,4,23,0.0
Ca Mau,1990-04-24,1990,4,24,1.1628143274807516
Ca Mau,1990-04-25,1990,4,25,0.056076131243047
Ca Mau,1990-04-26,1990,4,26,2.240310389435927
Ca Mau,1990-04-27,1990,4,27,1.0019716883062455
Ca Mau,1990-04-28,1990,4,28,22.21519221286172
Ca Mau,1990-04-29,1990,4,29,4.5502155130907
Ca Mau,1990-04-30,1990,4,30,11.68379391234328
Ca Mau,1990-05-01,1990,5,1,2.737037532337848
Ca Mau,1990-05-02,1990,5,2,2.179265252011576
Ca Mau,1990-05-03,1990,5,3,0.8800478221481488
Ca Mau,1990-05-04,1990,5,4,1.0252909364388243
Ca Mau,1990-05-05,1990,5,5,1.145789378760732
Ca Mau,1990-05-06,1990,5,6,2.651366567772959
Ca Mau,1990-05-07,1990,5,7,0.9838706961367848
Ca Mau,1990-05-08,1990,5,8,5.025549018591139
Ca Mau,1990-05-09,1990,5,9,9.3781892488223
Ca Mau,1990-05-10,1990,5,10,4.94006138428271
Ca Mau,1990-05-11,1990,5,11,2.804122655399081
Ca Mau,1990-05-12,1990,5,12,2.5914605870491587
Ca Mau,1990-05-13,1990,5,13,1.6553511578801403
Ca Mau,1990-05-14,1990,5,14,2.305761813198498
Ca Mau,1990-05-15,1990,5,15,1.5396849186336483
Ca Mau,1990-05-16,1990,5,16,2.547338797759261
Ca Mau,1990-05-17,1990,5,17,1.8567920848051545
Ca Mau,1990-05-18,1990,5,18,5.276050799941826
Ca Mau,1990-05-19,1990,5,19,7.297512433959001
Ca Mau,1990-05-20,1990,5,20,14.45552212580084
Ca Mau,1990-05-21,1990,5,21,7.551394485752523
Ca Mau,1990-05-22,1990,5,22,9.186637929590033
Ca Mau,1990-05-23,1990,5,23,11.451339637020556
Ca Mau,1990-05-24,1990,5,24,1.3526613857448473
Ca Mau,1990-05-25,1990,5,25,3.7752596416309054
Ca Mau,1990-05-26,1990,5,26,9.93883761183383
Ca Mau,1990-05-27,1990,5,27,8.663388535839834
Ca Mau,1990-05-28,1990,5,28,10.49323160713032
Ca Mau,1990-05-29,1990,5,29,5.053122683111782
Ca Mau,1990-05-30,1990,5,30,3.699580725782441
Ca Mau,1990-05-31,1990,5,31,0.0002133092260778744
Ca Mau,1990-06-01,1990,6,1,0.0
Ca Mau,1990-06-02,1990,6,2,10.042227965118562
Ca Mau,1990-06-03,1990,6,3,6.713795697089048
Ca Mau,1990-06-04,1990,6,4,5.076245843301087
Ca Mau,1990-06-05,1990,6,5,1.726958167542138
Ca Mau,1990-06-06,1990,6,6,1.942758299473408
Ca Mau,1990-06-07,1990,6,7,9.081223234200928
Ca Mau,1990-06-08,1990,6,8,21.68068364886016
Ca Mau,1990-06-09,1990,6,9,23.97162920044693
Ca Mau,1990-06-10,1990,6,10,30.993287032990388
Ca Mau,1990-06-11,1990,6,11,6.633914897815203
Ca Mau,1990-06-12,1990,6,12,17.312808754168092
Ca Mau,1990-06-13,1990,6,13,0.00037073374623398985
Ca Mau,1990-06-14,1990,6,14,0.507377029041858
Ca Mau,1990-06-15,1990,6,15,50.92812212737687
Ca Mau,1990-06-16,1990,6,16,9.364119261291506
Ca Mau,1990-06-17,1990,6,17,2.3354829867182367
Ca Mau,1990-06-18,1990,6,18,0.4811589387003357
Ca Mau,1990-06-19,1990,6,19,0.1027141312653021
Ca Mau,1990-06-20,1990,6,20,1.9410864718150276
Ca Mau,1990-06-21,1990,6,21,17.853088077621713
Ca Mau,1990-06-22,1990,6,22,13.561634780066557
Ca Mau,1990-06-23,1990,6,23,1.5140639997054766
Ca Mau,1990-06-24,1990,6,24,2.183992879107109
Ca Mau,1990-06-25,1990,6,25,9.006813050352461
Ca Mau,1990-06-26,1990,6,26,4.615013689018941
Ca Mau,1990-06-27,1990,6,27,3.2110827059688867
Ca Mau,1990-06-28,1990,6,28,6.067759919339549
Ca Mau,1990-06-29,1990,6,29,2.4913583561201498
Ca Mau,1990-06-30,1990,6,30,2.741751937481701
Ca Mau,1990-07-01,1990,7,1,1.7688715858914263
Ca Mau,1990-07-02,1990,7,2,0.0
Ca Mau,1990-07-03,1990,7,3,2.3223005252672952
Ca Mau,1990-07-04,1990,7,4,0.0
Ca Mau,1990-07-05,1990,7,5,7.9958179070194255
Ca Mau,1990-07-06,1990,7,6,5.132557899503101
Ca Mau,1990-07-07,1990,7,7,0.0
Ca Mau,1990-07-08,1990,7,8,3.013424342568005
Ca Mau,1990-07-09,1990,7,9,12.788488406890686
Ca Mau,1990-07-10,1990,7,10,8.266672904034483
Ca Mau,1990-07-11,1990,7,11,2.6897897757004223
Ca Mau,1990-07-12,1990,7,12,11.722603785335814
Ca Mau,1990-07-13,1990,7,13,1.0781349366690691
Ca Mau,1990-07-14,1990,7,14,0.7746895699161575
Ca Mau,1990-07-15,1990,7,15,9.061274024836964
Ca Mau,1990-07-16,1990,7,16,13.928654661562025
Ca Mau,1990-07-17,1990,7,17,10.04287139864632
Ca Mau,1990-07-18,1990,7,18,11.058229797705565
Ca Mau,1990-07-19,1990,7,19,10.839362201205446
Ca Mau,1990-07-20,1990,7,20,12.6608008139304
Ca Mau,1990-07-21,1990,7,21,23.30848980308517
Ca Mau,1990-07-22,1990,7,22,7.806686675254859
Ca Mau,1990-07-23,1990,7,23,8.900805064978165
Ca Mau,1990-07-24,1990,7,24,4.476181667383667
Ca Mau,1990-07-25,1990,7,25,8.56241308422951
Ca Mau,1990-07-26,1990,7,26,4.824181620567642
Ca Mau,1990-07-27,1990,7,27,3.3744976906130666
Ca Mau,1990-07-28,1990,7,28,4.939130627853121
Ca Mau,1990-07-29,1990,7,29,16.046342086438834
Ca Mau,1990-07-30,1990,7,30,20.979790701975716
Ca Mau,1990-07-31,1990,7,31,36.237273737950375
Ca Mau,1990-08-01,1990,8,1,1.708940416259158
Ca Mau,1990-08-02,1990,8,2,0.000233676271037871
Ca Mau,1990-08-03,1990,8,3,0.7457293166611189
Ca Mau,1990-08-04,1990,8,4,7.772948347059101
Ca Mau,1990-08-05,1990,8,5,4.96447158523778
Ca Mau,1990-08-06,1990,8,6,6.976067504416499
Ca Mau,1990-08-07,1990,8,7,6.094547837684352
Ca Mau,1990-08-08,1990,8,8,1.9425931021823424
Ca Mau,1990-08-09,1990,8,9,6.093406900790543
Ca Mau,1990-08-10,1990,8,10,2.201529265711358
Ca Mau,1990-08-11,1990,8,11,16.87225562974163
Ca Mau,1990-08-12,1990,8,12,0.5675836745401827
Ca Mau,1990-08-13,1990,8,13,14.394851405142024
Ca Mau,1990-08-14,1990,8,14,3.7318601063582175
Ca Mau,1990-08-15,1990,8,15,43.9358944078815
Ca Mau,1990-08-16,1990,8,16,46.56066260321976
Ca Mau,1990-08-17,1990,8,17,14.613064869941008
Ca Mau,1990-08-18,1990,8,18,4.208490851406176
Ca Mau,1990-08-19,1990,8,19,21.392665911213648
Ca Mau,1990-08-20,1990,8,20,12.448849422206257
Ca Mau,1990-08-21,1990,8,21,0.6769767159454194
Ca Mau,1990-08-22,1990,8,22,0.0
Ca Mau,1990-08-23,1990,8,23,2.65925372308154
Ca Mau,1990-08-24,1990,8,24,0.2457650685018468
Ca Mau,1990-08-25,1990,8,25,0.0
Ca Mau,1990-08-26,1990,8,26,0.3189775265275784
Ca Mau,1990-08-27,1990,8,27,0.0008037120932679369
Ca Mau,1990-08-28,1990,8,28,15.828426018636566
Ca Mau,1990-08-29,1990,8,29,15.486342538612144
Ca Mau,1990-08-30,1990,8,30,9.598624861802566
Ca Mau,1990-08-31,1990,8,31,0.621527901881047
Ca Mau,1990-09-01,1990,9,1,0.0
Ca Mau,1990-09-02,1990,9,2,17.18003835147101
Ca Mau,1990-09-03,1990,9,3,36.29121367420728
Ca Mau,1990-09-04,1990,9,4,24.81351079409796
Ca Mau,1990-09-05,1990,9,5,5.839199546269598
Ca Mau,1990-09-06,1990,9,6,0.1194752549353938
Ca Mau,1990-09-07,1990,9,7,0.00020422925665848496
Ca Mau,1990-09-08,1990,9,8,3.607155281622437
Ca Mau,1990-09-09,1990,9,9,1.0026079199694669
Ca Mau,1990-09-10,1990,9,10,7.46561049425833
Ca Mau,1990-09-11,1990,9,11,1.8615884871155643
Ca Mau,1990-09-12,1990,9,12,5.808881066793622
Ca Mau,1990-09-13,1990,9,13,0.0
Ca Mau,1990-09-14,1990,9,14,0.8744071897439113
Ca Mau,1990-09-15,1990,9,15,6.009205744310117
Ca Mau,1990-09-16,1990,9,16,7.185750852022525
Ca Mau,1990-09-17,1990,9,17,8.727639013200896
Ca Mau,1990-09-18,1990,9,18,32.058128164155484
Ca Mau,1990-09-19,1990,9,19,18.49640897772261
Ca Mau,1990-09-20,1990,9,20,7.218008173726494
Ca Mau,1990-09-21,1990,9,21,1.3309488041999846
Ca Mau,1990-09-22,1990,9,22,21.74487577969752
Ca Mau,1990-09-23,1990,9,23,20.683924336585488
Ca Mau,1990-09-24,1990,9,24,6.36689409760459
Ca Mau,1990-09-25,1990,9,25,15.476525566084574
Ca Mau,1990-09-26,1990,9,26,24.425838949079964
Ca Mau,1990-09-27,1990,9,27,1.715656313932577
Ca Mau,1990-09-28,1990,9,28,25.371947680610138
Ca Mau,1990-09-29,1990,9,29,14.125769311681555
Ca Mau,1990-09-30,1990,9,30,10.128609434517942
Ca Mau,1990-10-01,1990,10,1,21.926607040298755
Ca Mau,1990-10-02,1990,10,2,9.206534982997896
Ca Mau,1990-10-03,1990,10,3,8.916740520887684
Ca Mau,1990-10-04,1990,10,4,9.475953617778485
Ca Mau,1990-10-05,1990,10,5,7.600016035535968
Ca Mau,1990-10-06,1990,10,6,0.0002046396286917137
Ca Mau,1990-10-07,1990,10,7,0.0
Ca Mau,1990-10-08,1990,10,8,13.579424206189987
Ca Mau,1990-10-09,1990,10,9,2.516415707487728
Ca Mau,1990-10-10,1990,10,10,1.0665606882382626
Ca Mau,1990-10-11,1990,10,11,2.382564721275415
Ca Mau,1990-10-12,1990,10,12,3.250418965949114
Ca Mau,1990-10-13,1990,10,13,4.30635476456516
Ca Mau,1990-10-14,1990,10,14,1.2900444993877649
Ca Mau,1990-10-15,1990,10,15,5.8043403508549325
Ca Mau,1990-10-16,1990,10,16,0.8902181475417649
Ca Mau,1990-10-17,1990,10,17,7.991540811703678
Ca Mau,1990-10-18,1990,10,18,12.495694638379684
Ca Mau,1990-10-19,1990,10,19,4.458502824489196
Ca Mau,1990-10-20,1990,10,20,0.0
Ca Mau,1990-10-21,1990,10,21,0.9694499773983516
Ca Mau,1990-10-22,1990,10,22,3.829604484726471
Ca Mau,1990-10-23,1990,10,23,7.005635872176943
Ca Mau,1990-10-24,1990,10,24,12.049536888065338
Ca Mau,1990-10-25,1990,10,25,35.893091726304924
Ca Mau,1990-10-26,1990,10,26,6.223319283536802
Ca Mau,1990-10-27,1990,10,27,29.801042022347968
Ca Mau,1990-10-28,1990,10,28,13.136794675884838
Ca Mau,1990-10-29,1990,10,29,2.368859462007575
Ca Mau,1990-10-30,1990,10,30,0.0127975653582213
Ca Mau,1990-10-31,1990,10,31,3.605566461535651
Ca Mau,1990-11-01,1990,11,1,2.810895133930221
Ca Mau,1990-11-02,1990,11,2,15.774369041028889
Ca Mau,1990-11-03,1990,11,3,0.4105596017844734
Ca Mau,1990-11-04,1990,11,4,0.0
Ca Mau,1990-11-05,1990,11,5,6.909900725986966
Ca Mau,1990-11-06,1990,11,6,9.949954961797058
Ca Mau,1990-11-07,1990,11,7,8.116809775699227
Ca Mau,1990-11-08,1990,11,8,22.900690923146502
Ca Mau,1990-11-09,1990,11,9,9.493321749740966
Ca Mau,1990-11-10,1990,11,10,7.128510812669095
Ca Mau,1990-11-11,1990,11,11,3.4353577858411426
Ca Mau,1990-11-12,1990,11,12,0.0
Ca Mau,1990-11-13,1990,11,13,2.584324531806712
Ca Mau,1990-11-14,1990,11,14,1.9835124636269403
Ca Mau,1990-11-15,1990,11,15,11.356171136953964
Ca Mau,1990-11-16,1990,11,16,7.722311417489995
Ca Mau,1990-11-17,1990,11,17,3.1801677121360776
Ca Mau,1990-11-18,1990,11,18,0.0
Ca Mau,1990-11-19,1990,11,19,3.329623685548356
Ca Mau,1990-11-20,1990,11,20,2.0183297107052494
Ca Mau,1990-11-21,1990,11,21,1.9905877664433005
Ca Mau,1990-11-22,1990,11,22,0.00029079310659053405
Ca Mau,1990-11-23,1990,11,23,0.0
Ca Mau,1990-11-24,1990,11,24,0.0
Ca Mau,1990-11-25,1990,11,25,0.0
Ca Mau,1990-11-26,1990,11,26,0.8251372046921822
Ca Mau,1990-11-27,1990,11,27,0.0
Ca Mau,1990-11-28,1990,11,28,0.0
Ca Mau,1990-11-29,1990,11,29,0.0
Ca Mau,1990-11-30,1990,11,30,0.0
Ca Mau,1990-12-01,1990,12,1,0.0
Ca Mau,1990-12-02,1990,12,2,0.0
Ca Mau,1990-12-03,1990,12,3,0.0
Ca Mau,1990-12-04,1990,12,4,0.0
Ca Mau,1990-12-05,1990,12,5,0.0
Ca Mau,1990-12-06,1990,12,6,0.0
Ca Mau,1990-12-07,1990,12,7,0.921558719610361
Ca Mau,1990-12-08,1990,12,8,0.3039856776505025
Ca Mau,1990-12-09,1990,12,9,12.618168020929504
Ca Mau,1990-12-10,1990,12,10,0.5320198066992082
Ca Mau,1990-12-11,1990,12,11,0.0
Ca Mau,1990-12-12,1990,12,12,1.0560333113464224
Ca Mau,1990-12-13,1990,12,13,0.5784198905295157
Ca Mau,1990-12-14,1990,12,14,0.2782814356046837
Ca Mau,1990-12-15,1990,12,15,1.322606092514842
Ca Mau,1990-12-16,1990,12,16,5.531920974702547
Ca Mau,1990-12-17,1990,12,17,11.110202810595307
Ca Mau,1990-12-18,1990,12,18,0.1985975808521425
Ca Mau,1990-12-19,1990,12,19,0.0
Ca Mau,1990-12-20,1990,12,20,0.0
Ca Mau,1990-12-21,1990,12,21,0.283564395049391
Ca Mau,1990-12-22,1990,12,22,0.0
Ca Mau,1990-12-23,1990,12,23,0.0
Ca Mau,1990-12-24,1990,12,24,0.0244495927602809
Ca Mau,1990-12-25,1990,12,25,0.0
Ca Mau,1990-12-26,1990,12,26,0.0283723285797861
Ca Mau,1990-12-27,1990,12,27,0.0
Ca Mau,1990-12-28,1990,12,28,0.0
Ca Mau,1990-12-29,1990,12,29,0.0
Ca Mau,1990-12-30,1990,12,30,0.0
Ca Mau,1990-12-31,1990,12,31,0.861094424935754
Ca Mau,1991-01-01,1991,1,1,0.00014127196773364154
Ca Mau,1991-01-02,1991,1,2,0.0
Ca Mau,1991-01-03,1991,1,3,0.0
Ca Mau,1991-01-04,1991,1,4,0.0
Ca Mau,1991-01-05,1991,1,5,0.0
Ca Mau,1991-01-06,1991,1,6,0.0
Ca Mau,1991-01-07,1991,1,7,0.0
Ca Mau,1991-01-08,1991,1,8,0.0
Ca Mau,1991-01-09,1991,1,9,0.0
Ca Mau,1991-01-10,1991,1,10,0.0
Ca Mau,1991-01-11,1991,1,11,0.0
Ca Mau,1991-01-12,1991,1,12,0.1626345618225931
Ca Mau,1991-01-13,1991,1,13,0.0
Ca Mau,1991-01-14,1991,1,14,0.0
Ca Mau,1991-01-15,1991,1,15,0.0
Ca Mau,1991-01-16,1991,1,16,0.0
Ca Mau,1991-01-17,1991,1,17,0.0
Ca Mau,1991-01-18,1991,1,18,0.0
Ca Mau,1991-01-19,1991,1,19,0.0
Ca Mau,1991-01-20,1991,1,20,2.240603343003679
Ca Mau,1991-01-21,1991,1,21,8.119657491771854
Ca Mau,1991-01-22,1991,1,22,5.046619171508676
Ca Mau,1991-01-23,1991,1,23,0.0
Ca Mau,1991-01-24,1991,1,24,0.0
Ca Mau,1991-01-25,1991,1,25,0.1582568478933845
Ca Mau,1991-01-26,1991,1,26,0.00028892631722476794
Ca Mau,1991-01-27,1991,1,27,0.0
Ca Mau,1991-01-28,1991,1,28,0.0
Ca Mau,1991-01-29,1991,1,29,0.0
Ca Mau,1991-01-30,1991,1,30,0.0
Ca Mau,1991-01-31,1991,1,31,0.0
Ca Mau,1991-02-01,1991,2,1,0.0
Ca Mau,1991-02-02,1991,2,2,0.0
Ca Mau,1991-02-03,1991,2,3,0.0
Ca Mau,1991-02-04,1991,2,4,0.0
Ca Mau,1991-02-05,1991,2,5,2.0123157765639745
Ca Mau,1991-02-06,1991,2,6,0.0
Ca Mau,1991-02-07,1991,2,7,0.0
Ca Mau,1991-02-08,1991,2,8,0.0
Ca Mau,1991-02-09,1991,2,9,0.0
Ca Mau,1991-02-10,1991,2,10,0.0042154510587706
Ca Mau,1991-02-11,1991,2,11,0.0
Ca Mau,1991-02-12,1991,2,12,0.0
Ca Mau,1991-02-13,1991,2,13,0.0
Ca Mau,1991-02-14,1991,2,14,0.0
Ca Mau,1991-02-15,1991,2,15,0.0048772520920601
Ca Mau,1991-02-16,1991,2,16,0.0
Ca Mau,1991-02-17,1991,2,17,0.0
Ca Mau,1991-02-18,1991,2,18,0.0
Ca Mau,1991-02-19,1991,2,19,0.1358037438995893
Ca Mau,1991-02-20,1991,2,20,0.0
Ca Mau,1991-02-21,1991,2,21,0.0
Ca Mau,1991-02-22,1991,2,22,0.0
Ca Mau,1991-02-23,1991,2,23,0.0
Ca Mau,1991-02-24,1991,2,24,0.0
Ca Mau,1991-02-25,1991,2,25,0.0373323385388632
Ca Mau,1991-02-26,1991,2,26,0.1141900004663627
Ca Mau,1991-02-27,1991,2,27,0.0
Ca Mau,1991-02-28,1991,2,28,0.0
Ca Mau,1991-03-01,1991,3,1,0.0
Ca Mau,1991-03-02,1991,3,2,0.0
Ca Mau,1991-03-03,1991,3,3,0.0
Ca Mau,1991-03-04,1991,3,4,0.0
Ca Mau,1991-03-05,1991,3,5,0.0
Ca Mau,1991-03-06,1991,3,6,0.0
Ca Mau,1991-03-07,1991,3,7,0.0
Ca Mau,1991-03-08,1991,3,8,0.0
Ca Mau,1991-03-09,1991,3,9,0.0
Ca Mau,1991-03-10,1991,3,10,0.0
Ca Mau,1991-03-11,1991,3,11,0.0
Ca Mau,1991-03-12,1991,3,12,0.0
Ca Mau,1991-03-13,1991,3,13,0.0
Ca Mau,1991-03-14,1991,3,14,0.0
Ca Mau,1991-03-15,1991,3,15,0.0003704616063451249
Ca Mau,1991-03-16,1991,3,16,13.000590431115436
Ca Mau,1991-03-17,1991,3,17,5.276426265437377
Ca Mau,1991-03-18,1991,3,18,0.0
Ca Mau,1991-03-19,1991,3,19,0.0
Ca Mau,1991-03-20,1991,3,20,0.0
Ca Mau,1991-03-21,1991,3,21,0.0
Ca Mau,1991-03-22,1991,3,22,0.0
Ca Mau,1991-03-23,1991,3,23,0.0
Ca Mau,1991-03-24,1991,3,24,0.0
Ca Mau,1991-03-25,1991,3,25,0.0
Ca Mau,1991-03-26,1991,3,26,0.0
Ca Mau,1991-03-27,1991,3,27,0.0
Ca Mau,1991-03-28,1991,3,28,0.0
Ca Mau,1991-03-29,1991,3,29,0.0
Ca Mau,1991-03-30,1991,3,30,0.0
Ca Mau,1991-03-31,1991,3,31,7.193473125959971
Ca Mau,1991-04-01,1991,4,1,0.0
Ca Mau,1991-04-02,1991,4,2,0.0
Ca Mau,1991-04-03,1991,4,3,0.0
Ca Mau,1991-04-04,1991,4,4,0.0
Ca Mau,1991-04-05,1991,4,5,3.0087828718873597
Ca Mau,1991-04-06,1991,4,6,3.262661603298558
Ca Mau,1991-04-07,1991,4,7,1.8527252098056688
Ca Mau,1991-04-08,1991,4,8,0.7068679060205875
Ca Mau,1991-04-09,1991,4,9,0.0
Ca Mau,1991-04-10,1991,4,10,0.0
Ca Mau,1991-04-11,1991,4,11,0.0
Ca Mau,1991-04-12,1991,4,12,0.0
Ca Mau,1991-04-13,1991,4,13,0.0
Ca Mau,1991-04-14,1991,4,14,0.0
Ca Mau,1991-04-15,1991,4,15,0.0
Ca Mau,1991-04-16,1991,4,16,0.0
Ca Mau,1991-04-17,1991,4,17,0.3258430670762149
Ca Mau,1991-04-18,1991,4,18,0.0
Ca Mau,1991-04-19,1991,4,19,0.0361430929678671
Ca Mau,1991-04-20,1991,4,20,0.2244512741842466
Ca Mau,1991-04-21,1991,4,21,8.723186311727572
Ca Mau,1991-04-22,1991,4,22,2.5543141574108983
Ca Mau,1991-04-23,1991,4,23,5.089800136882316
Ca Mau,1991-04-24,1991,4,24,0.6206053693833995
Ca Mau,1991-04-25,1991,4,25,0.0
Ca Mau,1991-04-26,1991,4,26,2.1836823304662403
Ca Mau,1991-04-27,1991,4,27,7.636341277424345
Ca Mau,1991-04-28,1991,4,28,0.85715999626335
Ca Mau,1991-04-29,1991,4,29,0.0
Ca Mau,1991-04-30,1991,4,30,0.0
Ca Mau,1991-05-01,1991,5,1,3.303714479489801
Ca Mau,1991-05-02,1991,5,2,3.1028218083398964
Ca Mau,1991-05-03,1991,5,3,1.5829396094167396
Ca Mau,1991-05-04,1991,5,4,0.3744879631458489
Ca Mau,1991-05-05,1991,5,5,8.860919235965655
Ca Mau,1991-05-06,1991,5,6,6.872562241746158
Ca Mau,1991-05-07,1991,5,7,4.3308418516380485
Ca Mau,1991-05-08,1991,5,8,0.0
Ca Mau,1991-05-09,1991,5,9,1.1375793165368502
Ca Mau,1991-05-10,1991,5,10,2.253051575025524
Ca Mau,1991-05-11,1991,5,11,0.0
Ca Mau,1991-05-12,1991,5,12,2.8821080706860465
Ca Mau,1991-05-13,1991,5,13,6.819345535847849
Ca Mau,1991-05-14,1991,5,14,2.667258985547807
Ca Mau,1991-05-15,1991,5,15,2.618725655796379
Ca Mau,1991-05-16,1991,5,16,0.814414750383728
Ca Mau,1991-05-17,1991,5,17,4.080157368492332
Ca Mau,1991-05-18,1991,5,18,9.601786729060974
Ca Mau,1991-05-19,1991,5,19,7.960185519224791
Ca Mau,1991-05-20,1991,5,20,9.061931092656945
Ca Mau,1991-05-21,1991,5,21,14.941730341435996
Ca Mau,1991-05-22,1991,5,22,0.0
Ca Mau,1991-05-23,1991,5,23,7.988590769136403
Ca Mau,1991-05-24,1991,5,24,14.315190280714456
Ca Mau,1991-05-25,1991,5,25,11.154457540923628
Ca Mau,1991-05-26,1991,5,26,17.197067637073097
Ca Mau,1991-05-27,1991,5,27,24.12036651139574
Ca Mau,1991-05-28,1991,5,28,15.980962609257348
Ca Mau,1991-05-29,1991,5,29,24.63174352028206
Ca Mau,1991-05-30,1991,5,30,12.464768705698145
Ca Mau,1991-05-31,1991,5,31,13.328742002291294
Ca Mau,1991-06-01,1991,6,1,10.791802671685048
Ca Mau,1991-06-02,1991,6,2,30.811318007605266
Ca Mau,1991-06-03,1991,6,3,33.57437728803061
Ca Mau,1991-06-04,1991,6,4,36.6877322981839
Ca Mau,1991-06-05,1991,6,5,11.297510239618871
Ca Mau,1991-06-06,1991,6,6,3.3053942693233003
Ca Mau,1991-06-07,1991,6,7,11.852215822718524
Ca Mau,1991-06-08,1991,6,8,6.4794777112471325
Ca Mau,1991-06-09,1991,6,9,0.2310379634114679
Ca Mau,1991-06-10,1991,6,10,8.546417824054615
Ca Mau,1991-06-11,1991,6,11,15.019870004746195
Ca Mau,1991-06-12,1991,6,12,1.832205520242345
Ca Mau,1991-06-13,1991,6,13,0.8405583583746455
Ca Mau,1991-06-14,1991,6,14,0.0
Ca Mau,1991-06-15,1991,6,15,0.6427874143675711
Ca Mau,1991-06-16,1991,6,16,23.939568269254597
Ca Mau,1991-06-17,1991,6,17,4.689621967444831
Ca Mau,1991-06-18,1991,6,18,1.3846518756887074
Ca Mau,1991-06-19,1991,6,19,0.0
Ca Mau,1991-06-20,1991,6,20,15.030561911331851
Ca Mau,1991-06-21,1991,6,21,21.432427753236016
Ca Mau,1991-06-22,1991,6,22,26.387667459959424
Ca Mau,1991-06-23,1991,6,23,4.995295462974472
Ca Mau,1991-06-24,1991,6,24,13.58647318481679
Ca Mau,1991-06-25,1991,6,25,7.883688714711094
Ca Mau,1991-06-26,1991,6,26,0.0908808720983934
Ca Mau,1991-06-27,1991,6,27,1.671384836690098
Ca Mau,1991-06-28,1991,6,28,3.6332374297154497
Ca Mau,1991-06-29,1991,6,29,9.928278780063703
Ca Mau,1991-06-30,1991,6,30,4.996354838366991
Ca Mau,1991-07-01,1991,7,1,17.793958724896456
Ca Mau,1991-07-02,1991,7,2,16.567979981958374
Ca Mau,1991-07-03,1991,7,3,10.73615787287289
Ca Mau,1991-07-04,1991,7,4,2.274966091741927
Ca Mau,1991-07-05,1991,7,5,12.720904871289864
Ca Mau,1991-07-06,1991,7,6,8.376934425015694
Ca Mau,1991-07-07,1991,7,7,17.94031755552327
Ca Mau,1991-07-08,1991,7,8,1.4854989192271757
Ca Mau,1991-07-09,1991,7,9,7.552418432535187
Ca Mau,1991-07-10,1991,7,10,5.800966642769968
Ca Mau,1991-07-11,1991,7,11,32.81481508080012
Ca Mau,1991-07-12,1991,7,12,19.64579087003904
Ca Mau,1991-07-13,1991,7,13,0.0603400024404116
Ca Mau,1991-07-14,1991,7,14,13.903470346165829
Ca Mau,1991-07-15,1991,7,15,0.0362455503251561
Ca Mau,1991-07-16,1991,7,16,2.5793286609624446
Ca Mau,1991-07-17,1991,7,17,0.0
Ca Mau,1991-07-18,1991,7,18,0.250411064378656
Ca Mau,1991-07-19,1991,7,19,6.908199897547229
Ca Mau,1991-07-20,1991,7,20,2.529491725142375
Ca Mau,1991-07-21,1991,7,21,5.163593859912912
Ca Mau,1991-07-22,1991,7,22,3.4028579804014805
Ca Mau,1991-07-23,1991,7,23,5.202477117034158
Ca Mau,1991-07-24,1991,7,24,11.663243236864824
Ca Mau,1991-07-25,1991,7,25,5.548798085047339
Ca Mau,1991-07-26,1991,7,26,11.156582112990533
Ca Mau,1991-07-27,1991,7,27,0.7454665293140023
Ca Mau,1991-07-28,1991,7,28,6.180080928917451
Ca Mau,1991-07-29,1991,7,29,0.3218305320935066
Ca Mau,1991-07-30,1991,7,30,0.0
Ca Mau,1991-07-31,1991,7,31,3.699094729662448
Ca Mau,1991-08-01,1991,8,1,14.509250086188286
Ca Mau,1991-08-02,1991,8,2,4.251783341818019
Ca Mau,1991-08-03,1991,8,3,5.374543498953788
Ca Mau,1991-08-04,1991,8,4,14.166487446881415
Ca Mau,1991-08-05,1991,8,5,37.26968883632029
Ca Mau,1991-08-06,1991,8,6,8.631362243937252
Ca Mau,1991-08-07,1991,8,7,0.5512391387371229
Ca Mau,1991-08-08,1991,8,8,0.00031932617257266995
Ca Mau,1991-08-09,1991,8,9,0.0004050771299267624
Ca Mau,1991-08-10,1991,8,10,10.96643060009742
Ca Mau,1991-08-11,1991,8,11,13.144181273746998
Ca Mau,1991-08-12,1991,8,12,13.749893702017069
Ca Mau,1991-08-13,1991,8,13,0.0002720784553593564
Ca Mau,1991-08-14,1991,8,14,5.637218678219218
Ca Mau,1991-08-15,1991,8,15,17.05096548693897
Ca Mau,1991-08-16,1991,8,16,12.631060161137958
Ca Mau,1991-08-17,1991,8,17,27.59052417593972
Ca Mau,1991-08-18,1991,8,18,24.316296789087943
Ca Mau,1991-08-19,1991,8,19,22.092153796820288
Ca Mau,1991-08-20,1991,8,20,15.161393584712824
Ca Mau,1991-08-21,1991,8,21,1.7294345199881624
Ca Mau,1991-08-22,1991,8,22,6.431950351617507
Ca Mau,1991-08-23,1991,8,23,7.707684289272135
Ca Mau,1991-08-24,1991,8,24,0.0008307781336241222
Ca Mau,1991-08-25,1991,8,25,3.47177206100547
Ca Mau,1991-08-26,1991,8,26,3.008265576878296
Ca Mau,1991-08-27,1991,8,27,1.2359239458407143
Ca Mau,1991-08-28,1991,8,28,17.81801012820568
Ca Mau,1991-08-29,1991,8,29,18.09028884542356
Ca Mau,1991-08-30,1991,8,30,3.2966877318909718
Ca Mau,1991-08-31,1991,8,31,3.734930338160088
Ca Mau,1991-09-01,1991,9,1,1.0291292975232136
Ca Mau,1991-09-02,1991,9,2,0.6693769776799517
Ca Mau,1991-09-03,1991,9,3,18.275120404288806
Ca Mau,1991-09-04,1991,9,4,3.931887215559689
Ca Mau,1991-09-05,1991,9,5,7.87483236760334
Ca Mau,1991-09-06,1991,9,6,8.28638165338729
Ca Mau,1991-09-07,1991,9,7,22.70354775574505
Ca Mau,1991-09-08,1991,9,8,16.696832917567615
Ca Mau,1991-09-09,1991,9,9,14.078372353230677
Ca Mau,1991-09-10,1991,9,10,0.0002645356479261923
Ca Mau,1991-09-11,1991,9,11,30.352276654384735
Ca Mau,1991-09-12,1991,9,12,3.7268415835416895
Ca Mau,1991-09-13,1991,9,13,10.187792986234998
Ca Mau,1991-09-14,1991,9,14,0.0310537370942091
Ca Mau,1991-09-15,1991,9,15,14.045715346067537
Ca Mau,1991-09-16,1991,9,16,6.66960456544824
Ca Mau,1991-09-17,1991,9,17,6.805848207743672
Ca Mau,1991-09-18,1991,9,18,7.175792995754725
Ca Mau,1991-09-19,1991,9,19,14.51332820670853
Ca Mau,1991-09-20,1991,9,20,20.32525215936689
Ca Mau,1991-09-21,1991,9,21,16.586589897017674
Ca Mau,1991-09-22,1991,9,22,13.047759956611548
Ca Mau,1991-09-23,1991,9,23,10.966366639376552
Ca Mau,1991-09-24,1991,9,24,0.2556368829693731
Ca Mau,1991-09-25,1991,9,25,0.148363933778011
Ca Mau,1991-09-26,1991,9,26,15.141216429484231
Ca Mau,1991-09-27,1991,9,27,5.736568349952999
Ca Mau,1991-09-28,1991,9,28,1.0522883024512646
Ca Mau,1991-09-29,1991,9,29,8.99518401809082
Ca Mau,1991-09-30,1991,9,30,13.9887248085769
Ca Mau,1991-10-01,1991,10,1,2.5297573316378354
Ca Mau,1991-10-02,1991,10,2,0.8598406267281459
Ca Mau,1991-10-03,1991,10,3,8.637622245196638
Ca Mau,1991-10-04,1991,10,4,20.736118225612785
Ca Mau,1991-10-05,1991,10,5,14.073576424293396
Ca Mau,1991-10-06,1991,10,6,7.254783200570795
Ca Mau,1991-10-07,1991,10,7,0.0
Ca Mau,1991-10-08,1991,10,8,0.0004103425462271889
Ca Mau,1991-10-09,1991,10,9,18.62489668162768
Ca Mau,1991-10-10,1991,10,10,7.535639367853504
Ca Mau,1991-10-11,1991,10,11,0.0002353823548937364
Ca Mau,1991-10-12,1991,10,12,12.7630911236032
Ca Mau,1991-10-13,1991,10,13,0.0
Ca Mau,1991-10-14,1991,10,14,1.0918937786386556
Ca Mau,1991-10-15,1991,10,15,0.7804349657720209
Ca Mau,1991-10-16,1991,10,16,0.0
Ca Mau,1991-10-17,1991,10,17,4.442797572226992
Ca Mau,1991-10-18,1991,10,18,0.449455606479743
Ca Mau,1991-10-19,1991,10,19,14.111659832776244
Ca Mau,1991-10-20,1991,10,20,14.309980608180553
Ca Mau,1991-10-21,1991,10,21,8.06356795698837
Ca Mau,1991-10-22,1991,10,22,4.756844909152214
Ca Mau,1991-10-23,1991,10,23,5.957938838169035
Ca Mau,1991-10-24,1991,10,24,18.773567929152215
Ca Mau,1991-10-25,1991,10,25,40.943894020717565
Ca Mau,1991-10-26,1991,10,26,37.64815701919066
Ca Mau,1991-10-27,1991,10,27,0.0
Ca Mau,1991-10-28,1991,10,28,0.7516840078576302
Ca Mau,1991-10-29,1991,10,29,0.0
Ca Mau,1991-10-30,1991,10,30,0.0
Ca Mau,1991-10-31,1991,10,31,0.0
Ca Mau,1991-11-01,1991,11,1,0.0
Ca Mau,1991-11-02,1991,11,2,0.0
Ca Mau,1991-11-03,1991,11,3,0.1776007315123673
Ca Mau,1991-11-04,1991,11,4,0.0005106211357278146
Ca Mau,1991-11-05,1991,11,5,4.174930876515077
Ca Mau,1991-11-06,1991,11,6,1.6807287753286002
Ca Mau,1991-11-07,1991,11,7,7.890093011914461
Ca Mau,1991-11-08,1991,11,8,11.02515758474908
Ca Mau,1991-11-09,1991,11,9,24.97552989392644
Ca Mau,1991-11-10,1991,11,10,0.9231476616272044
Ca Mau,1991-11-11,1991,11,11,0.00042518101263219255
Ca Mau,1991-11-12,1991,11,12,0.1075546888515191
Ca Mau,1991-11-13,1991,11,13,0.0
Ca Mau,1991-11-14,1991,11,14,0.1578596471352762
Ca Mau,1991-11-15,1991,11,15,3.61870449425556
Ca Mau,1991-11-16,1991,11,16,0.0006614328511825065
Ca Mau,1991-11-17,1991,11,17,0.0240173307771117
Ca Mau,1991-11-18,1991,11,18,0.0
Ca Mau,1991-11-19,1991,11,19,0.0
Ca Mau,1991-11-20,1991,11,20,0.0
Ca Mau,1991-11-21,1991,11,21,0.0
Ca Mau,1991-11-22,1991,11,22,0.0
Ca Mau,1991-11-23,1991,11,23,0.0
Ca Mau,1991-11-24,1991,11,24,0.0
Ca Mau,1991-11-25,1991,11,25,0.0
Ca Mau,1991-11-26,1991,11,26,5.381345455562911
Ca Mau,1991-11-27,1991,11,27,3.025903957372278
Ca Mau,1991-11-28,1991,11,28,0.7085798644205104
Ca Mau,1991-11-29,1991,11,29,10.798666295290287
Ca Mau,1991-11-30,1991,11,30,10.393625755480157
Ca Mau,1991-12-01,1991,12,1,0.0
Ca Mau,1991-12-02,1991,12,2,0.0
Ca Mau,1991-12-03,1991,12,3,0.0
Ca Mau,1991-12-04,1991,12,4,0.0
Ca Mau,1991-12-05,1991,12,5,0.0
Ca Mau,1991-12-06,1991,12,6,0.0
Ca Mau,1991-12-07,1991,12,7,0.0
Ca Mau,1991-12-08,1991,12,8,1.2407119067649317
Ca Mau,1991-12-09,1991,12,9,0.0
Ca Mau,1991-12-10,1991,12,10,1.073465823505565
Ca Mau,1991-12-11,1991,12,11,0.0
Ca Mau,1991-12-12,1991,12,12,4.587044496503644
Ca Mau,1991-12-13,1991,12,13,1.1769097509108115
Ca Mau,1991-12-14,1991,12,14,0.0
Ca Mau,1991-12-15,1991,12,15,0.0
Ca Mau,1991-12-16,1991,12,16,0.0
Ca Mau,1991-12-17,1991,12,17,0.0
Ca Mau,1991-12-18,1991,12,18,0.0
Ca Mau,1991-12-19,1991,12,19,0.0
Ca Mau,1991-12-20,1991,12,20,1.031723621336264
Ca Mau,1991-12-21,1991,12,21,0.0
Ca Mau,1991-12-22,1991,12,22,2.142279603947608
Ca Mau,1991-12-23,1991,12,23,0.2477283640668932
Ca Mau,1991-12-24,1991,12,24,1.0270598173330676
Ca Mau,1991-12-25,1991,12,25,3.1059142115650924
Ca Mau,1991-12-26,1991,12,26,0.0
Ca Mau,1991-12-27,1991,12,27,4.491208664523361
Ca Mau,1991-12-28,1991,12,28,0.0
Ca Mau,1991-12-29,1991,12,29,7.983796426938554
Ca Mau,1991-12-30,1991,12,30,0.5495359316387158
Ca Mau,1991-12-31,1991,12,31,1.6246595945853426
Ca Mau,1992-01-01,1992,1,1,0.0
Ca Mau,1992-01-02,1992,1,2,0.0
Ca Mau,1992-01-03,1992,1,3,2.996571927681621
Ca Mau,1992-01-04,1992,1,4,0.0452282905866906
Ca Mau,1992-01-05,1992,1,5,4.975122199732782
Ca Mau,1992-01-06,1992,1,6,3.4593105785990144
Ca Mau,1992-01-07,1992,1,7,0.0
Ca Mau,1992-01-08,1992,1,8,0.0
Ca Mau,1992-01-09,1992,1,9,0.0
Ca Mau,1992-01-10,1992,1,10,0.0
Ca Mau,1992-01-11,1992,1,11,0.0
Ca Mau,1992-01-12,1992,1,12,0.0
Ca Mau,1992-01-13,1992,1,13,0.0322893832189716
Ca Mau,1992-01-14,1992,1,14,0.8584637887091205
Ca Mau,1992-01-15,1992,1,15,0.0
Ca Mau,1992-01-16,1992,1,16,0.0
Ca Mau,1992-01-17,1992,1,17,0.0392300588998858
Ca Mau,1992-01-18,1992,1,18,0.0
Ca Mau,1992-01-19,1992,1,19,0.0
Ca Mau,1992-01-20,1992,1,20,0.0
Ca Mau,1992-01-21,1992,1,21,0.0
Ca Mau,1992-01-22,1992,1,22,0.0
Ca Mau,1992-01-23,1992,1,23,0.0
Ca Mau,1992-01-24,1992,1,24,0.0
Ca Mau,1992-01-25,1992,1,25,0.0
Ca Mau,1992-01-26,1992,1,26,0.0
Ca Mau,1992-01-27,1992,1,27,0.0
Ca Mau,1992-01-28,1992,1,28,0.0
Ca Mau,1992-01-29,1992,1,29,0.0
Ca Mau,1992-01-30,1992,1,30,2.1703642233035016
Ca Mau,1992-01-31,1992,1,31,0.0
Ca Mau,1992-02-01,1992,2,1,0.0
Ca Mau,1992-02-02,1992,2,2,0.0
Ca Mau,1992-02-03,1992,2,3,0.1526535715290684
Ca Mau,1992-02-04,1992,2,4,0.0532894094520785
Ca Mau,1992-02-05,1992,2,5,0.0
Ca Mau,1992-02-06,1992,2,6,0.0
Ca Mau,1992-02-07,1992,2,7,0.0
Ca Mau,1992-02-08,1992,2,8,0.0
Ca Mau,1992-02-09,1992,2,9,0.0
Ca Mau,1992-02-10,1992,2,10,0.0
Ca Mau,1992-02-11,1992,2,11,0.0
Ca Mau,1992-02-12,1992,2,12,0.0
Ca Mau,1992-02-13,1992,2,13,0.0
Ca Mau,1992-02-14,1992,2,14,0.0
Ca Mau,1992-02-15,1992,2,15,0.2352521241053561
Ca Mau,1992-02-16,1992,2,16,0.5017109211250476
Ca Mau,1992-02-17,1992,2,17,0.720385406589746
Ca Mau,1992-02-18,1992,2,18,0.0
Ca Mau,1992-02-19,1992,2,19,1.9897865708579543
Ca Mau,1992-02-20,1992,2,20,0.0234395911153563
Ca Mau,1992-02-21,1992,2,21,0.0836983273118878
Ca Mau,1992-02-22,1992,2,22,1.039453102061762
Ca Mau,1992-02-23,1992,2,23,0.0
Ca Mau,1992-02-24,1992,2,24,0.0
Ca Mau,1992-02-25,1992,2,25,0.0
Ca Mau,1992-02-26,1992,2,26,0.0
Ca Mau,1992-02-27,1992,2,27,0.1900917392904266
Ca Mau,1992-02-28,1992,2,28,0.0
Ca Mau,1992-02-29,1992,2,29,0.0
Ca Mau,1992-03-01,1992,3,1,0.0
Ca Mau,1992-03-02,1992,3,2,0.0
Ca Mau,1992-03-03,1992,3,3,0.0
Ca Mau,1992-03-04,1992,3,4,0.0
Ca Mau,1992-03-05,1992,3,5,1.3734449337595829
Ca Mau,1992-03-06,1992,3,6,0.0129377355769799
Ca Mau,1992-03-07,1992,3,7,0.5587556585309154
Ca Mau,1992-03-08,1992,3,8,0.0
Ca Mau,1992-03-09,1992,3,9,0.982148133096665
Ca Mau,1992-03-10,1992,3,10,0.0
Ca Mau,1992-03-11,1992,3,11,0.9974424594556048
Ca Mau,1992-03-12,1992,3,12,0.4527477825233915
Ca Mau,1992-03-13,1992,3,13,0.0
Ca Mau,1992-03-14,1992,3,14,0.0
Ca Mau,1992-03-15,1992,3,15,0.0
Ca Mau,1992-03-16,1992,3,16,0.0
Ca Mau,1992-03-17,1992,3,17,0.0
Ca Mau,1992-03-18,1992,3,18,0.0
Ca Mau,1992-03-19,1992,3,19,0.0
Ca Mau,1992-03-20,1992,3,20,0.0
Ca Mau,1992-03-21,1992,3,21,0.0405811230002248
Ca Mau,1992-03-22,1992,3,22,3.047664370567978
Ca Mau,1992-03-23,1992,3,23,0.0
Ca Mau,1992-03-24,1992,3,24,0.0
Ca Mau,1992-03-25,1992,3,25,0.0
Ca Mau,1992-03-26,1992,3,26,0.0
Ca Mau,1992-03-27,1992,3,27,0.0793453202804746
Ca Mau,1992-03-28,1992,3,28,0.0
Ca Mau,1992-03-29,1992,3,29,0.0
Ca Mau,1992-03-30,1992,3,30,1.8548888978081008
Ca Mau,1992-03-31,1992,3,31,0.0
Ca Mau,1992-04-01,1992,4,1,0.0
Ca Mau,1992-04-02,1992,4,2,0.0
Ca Mau,1992-04-03,1992,4,3,0.0571228789014712
Ca Mau,1992-04-04,1992,4,4,0.0
Ca Mau,1992-04-05,1992,4,5,0.0
Ca Mau,1992-04-06,1992,4,6,0.0
Ca Mau,1992-04-07,1992,4,7,6.094700197940368
Ca Mau,1992-04-08,1992,4,8,2.282526599236528
Ca Mau,1992-04-09,1992,4,9,2.568503134520197
Ca Mau,1992-04-10,1992,4,10,5.070856342283603
Ca Mau,1992-04-11,1992,4,11,2.880075353570509
Ca Mau,1992-04-12,1992,4,12,2.4356306739683027
Ca Mau,1992-04-13,1992,4,13,7.020251215270025
Ca Mau,1992-04-14,1992,4,14,5.007631932566578
Ca Mau,1992-04-15,1992,4,15,0.1964537057003059
Ca Mau,1992-04-16,1992,4,16,6.091734545983312
Ca Mau,1992-04-17,1992,4,17,4.827417970901896
Ca Mau,1992-04-18,1992,4,18,3.1489231304289222
Ca Mau,1992-04-19,1992,4,19,0.2282033996451579
Ca Mau,1992-04-20,1992,4,20,0.0
Ca Mau,1992-04-21,1992,4,21,0.0368413058038634
Ca Mau,1992-04-22,1992,4,22,3.289651085839956
Ca Mau,1992-04-23,1992,4,23,3.821267939572469
Ca Mau,1992-04-24,1992,4,24,0.0485532110987148
Ca Mau,1992-04-25,1992,4,25,0.0
Ca Mau,1992-04-26,1992,4,26,0.9486825459218948
Ca Mau,1992-04-27,1992,4,27,4.370721481335065
Ca Mau,1992-04-28,1992,4,28,16.35375230122435
Ca Mau,1992-04-29,1992,4,29,0.0
Ca Mau,1992-04-30,1992,4,30,3.818126189251045
Ca Mau,1992-05-01,1992,5,1,3.5853756845105536
Ca Mau,1992-05-02,1992,5,2,5.840983970980402
Ca Mau,1992-05-03,1992,5,3,10.820734105760994
Ca Mau,1992-05-04,1992,5,4,3.382285894332804
Ca Mau,1992-05-05,1992,5,5,10.552691001125236
Ca Mau,1992-05-06,1992,5,6,3.279210939868259
Ca Mau,1992-05-07,1992,5,7,7.760955774023716
Ca Mau,1992-05-08,1992,5,8,13.816885315620564
Ca Mau,1992-05-09,1992,5,9,14.409750815890874
Ca Mau,1992-05-10,1992,5,10,18.044284777321657
Ca Mau,1992-05-11,1992,5,11,6.038161316402304
Ca Mau,1992-05-12,1992,5,12,1.1155316343726966
Ca Mau,1992-05-13,1992,5,13,2.8071709564169645
Ca Mau,1992-05-14,1992,5,14,4.651973493514358
Ca Mau,1992-05-15,1992,5,15,6.054387411010312
Ca Mau,1992-05-16,1992,5,16,8.395137506463943
Ca Mau,1992-05-17,1992,5,17,11.26564973292753
Ca Mau,1992-05-18,1992,5,18,2.1317689366359387
Ca Mau,1992-05-19,1992,5,19,11.23863722108296
Ca Mau,1992-05-20,1992,5,20,7.555052883841973
Ca Mau,1992-05-21,1992,5,21,4.14806287629843
Ca Mau,1992-05-22,1992,5,22,4.431864231266308
Ca Mau,1992-05-23,1992,5,23,5.369144095488551
Ca Mau,1992-05-24,1992,5,24,5.495443683180695
Ca Mau,1992-05-25,1992,5,25,6.8345418237104685
Ca Mau,1992-05-26,1992,5,26,6.498176313675447
Ca Mau,1992-05-27,1992,5,27,2.8475318042045656
Ca Mau,1992-05-28,1992,5,28,5.001865822610142
Ca Mau,1992-05-29,1992,5,29,3.284283775597488
Ca Mau,1992-05-30,1992,5,30,2.6252114820635315
Ca Mau,1992-05-31,1992,5,31,1.4273373005053591
Ca Mau,1992-06-01,1992,6,1,4.981503689357565
Ca Mau,1992-06-02,1992,6,2,3.273388313951632
Ca Mau,1992-06-03,1992,6,3,4.906207393471968
Ca Mau,1992-06-04,1992,6,4,1.3975080105565052
Ca Mau,1992-06-05,1992,6,5,2.681161715553347
Ca Mau,1992-06-06,1992,6,6,1.9134787036491132
Ca Mau,1992-06-07,1992,6,7,3.3060118299847003
Ca Mau,1992-06-08,1992,6,8,2.7671238017260604
Ca Mau,1992-06-09,1992,6,9,15.809279869633764
Ca Mau,1992-06-10,1992,6,10,5.267802949756062
Ca Mau,1992-06-11,1992,6,11,4.534276131004493
Ca Mau,1992-06-12,1992,6,12,8.18950043987154
Ca Mau,1992-06-13,1992,6,13,23.964158612275305
Ca Mau,1992-06-14,1992,6,14,7.613909232924539
Ca Mau,1992-06-15,1992,6,15,33.74836984666871
Ca Mau,1992-06-16,1992,6,16,19.02188733039918
Ca Mau,1992-06-17,1992,6,17,4.493562351169005
Ca Mau,1992-06-18,1992,6,18,4.271877295980648
Ca Mau,1992-06-19,1992,6,19,18.720896569622337
Ca Mau,1992-06-20,1992,6,20,8.93726504381922
Ca Mau,1992-06-21,1992,6,21,2.73908206583547
Ca Mau,1992-06-22,1992,6,22,7.463423664977793
Ca Mau,1992-06-23,1992,6,23,21.462892008321475
Ca Mau,1992-06-24,1992,6,24,33.078361589375994
Ca Mau,1992-06-25,1992,6,25,32.028607546148024
Ca Mau,1992-06-26,1992,6,26,13.234552414963945
Ca Mau,1992-06-27,1992,6,27,5.457690163599972
Ca Mau,1992-06-28,1992,6,28,0.4370870531560288
Ca Mau,1992-06-29,1992,6,29,2.320750978519688
Ca Mau,1992-06-30,1992,6,30,0.2222250780448804
Ca Mau,1992-07-01,1992,7,1,1.2740342889652292
Ca Mau,1992-07-02,1992,7,2,0.0
Ca Mau,1992-07-03,1992,7,3,0.3482531701477005
Ca Mau,1992-07-04,1992,7,4,6.541839160862976
Ca Mau,1992-07-05,1992,7,5,0.2975424151899161
Ca Mau,1992-07-06,1992,7,6,1.2588199586252786
Ca Mau,1992-07-07,1992,7,7,3.365775432000715
Ca Mau,1992-07-08,1992,7,8,23.129101116692222
Ca Mau,1992-07-09,1992,7,9,11.385701265695092
Ca Mau,1992-07-10,1992,7,10,3.193516072079522
Ca Mau,1992-07-11,1992,7,11,1.843816372042268
Ca Mau,1992-07-12,1992,7,12,14.326908213754235
Ca Mau,1992-07-13,1992,7,13,12.509921592553273
Ca Mau,1992-07-14,1992,7,14,11.420877510422736
Ca Mau,1992-07-15,1992,7,15,2.1364003594473746
Ca Mau,1992-07-16,1992,7,16,6.3598752382922
Ca Mau,1992-07-17,1992,7,17,19.027501175173324
Ca Mau,1992-07-18,1992,7,18,7.950804979879382
Ca Mau,1992-07-19,1992,7,19,12.9542086110456
Ca Mau,1992-07-20,1992,7,20,10.261226196765472
Ca Mau,1992-07-21,1992,7,21,7.939418882041489
Ca Mau,1992-07-22,1992,7,22,19.959064594977868
Ca Mau,1992-07-23,1992,7,23,11.42048731059774
Ca Mau,1992-07-24,1992,7,24,9.52683459914221
Ca Mau,1992-07-25,1992,7,25,9.242389692540906
Ca Mau,1992-07-26,1992,7,26,6.370706183049817
Ca Mau,1992-07-27,1992,7,27,10.319722353096742
Ca Mau,1992-07-28,1992,7,28,24.40897505194345
Ca Mau,1992-07-29,1992,7,29,28.096395211449718
Ca Mau,1992-07-30,1992,7,30,1.1653434312671536
Ca Mau,1992-07-31,1992,7,31,15.290115877112072
Ca Mau,1992-08-01,1992,8,1,2.634954231357633
Ca Mau,1992-08-02,1992,8,2,9.250982632263687
Ca Mau,1992-08-03,1992,8,3,7.788019553169231
Ca Mau,1992-08-04,1992,8,4,4.785290169785254
Ca Mau,1992-08-05,1992,8,5,9.259210026511049
Ca Mau,1992-08-06,1992,8,6,13.165901873823811
Ca Mau,1992-08-07,1992,8,7,0.0
Ca Mau,1992-08-08,1992,8,8,1.934786991113764
Ca Mau,1992-08-09,1992,8,9,12.908352142161586
Ca Mau,1992-08-10,1992,8,10,111.8780369471034
Ca Mau,1992-08-11,1992,8,11,17.683805058159603
Ca Mau,1992-08-12,1992,8,12,12.554350783262397
Ca Mau,1992-08-13,1992,8,13,1.70044254747635
Ca Mau,1992-08-14,1992,8,14,6.794263059969322
Ca Mau,1992-08-15,1992,8,15,10.136361893694378
Ca Mau,1992-08-16,1992,8,16,10.660732626554614
Ca Mau,1992-08-17,1992,8,17,32.73328600008551
Ca Mau,1992-08-18,1992,8,18,7.572491178606631
Ca Mau,1992-08-19,1992,8,19,11.392628021344562
Ca Mau,1992-08-20,1992,8,20,22.840372216564575
Ca Mau,1992-08-21,1992,8,21,29.40810665403557
Ca Mau,1992-08-22,1992,8,22,26.74257390778579
Ca Mau,1992-08-23,1992,8,23,1.789107010896885
Ca Mau,1992-08-24,1992,8,24,1.245608280564883
Ca Mau,1992-08-25,1992,8,25,1.0662728792378522
Ca Mau,1992-08-26,1992,8,26,2.888268179876197
Ca Mau,1992-08-27,1992,8,27,10.874722934745824
Ca Mau,1992-08-28,1992,8,28,16.815211394975165
Ca Mau,1992-08-29,1992,8,29,6.819661237020161
Ca Mau,1992-08-30,1992,8,30,12.936638471437348
Ca Mau,1992-08-31,1992,8,31,0.0
Ca Mau,1992-09-01,1992,9,1,0.0003367836396812385
Ca Mau,1992-09-02,1992,9,2,1.937471832291752
Ca Mau,1992-09-03,1992,9,3,4.780074849256296
Ca Mau,1992-09-04,1992,9,4,8.395728737440198
Ca Mau,1992-09-05,1992,9,5,4.266930365937222
Ca Mau,1992-09-06,1992,9,6,0.2498924478329944
Ca Mau,1992-09-07,1992,9,7,0.0003787816976261256
Ca Mau,1992-09-08,1992,9,8,0.6884151610040177
Ca Mau,1992-09-09,1992,9,9,2.8815199472235378
Ca Mau,1992-09-10,1992,9,10,0.0
Ca Mau,1992-09-11,1992,9,11,6.265601271094517
Ca Mau,1992-09-12,1992,9,12,1.6127892524328318
Ca Mau,1992-09-13,1992,9,13,9.929033675502446
Ca Mau,1992-09-14,1992,9,14,2.4971286252393265
Ca Mau,1992-09-15,1992,9,15,0.6981111950766942
Ca Mau,1992-09-16,1992,9,16,0.7408440072616472
Ca Mau,1992-09-17,1992,9,17,28.580934365866696
Ca Mau,1992-09-18,1992,9,18,16.71945853571002
Ca Mau,1992-09-19,1992,9,19,26.659468416687663
Ca Mau,1992-09-20,1992,9,20,14.385381026578642
Ca Mau,1992-09-21,1992,9,21,10.402760112840584
Ca Mau,1992-09-22,1992,9,22,19.193502534383597
Ca Mau,1992-09-23,1992,9,23,7.206573857289564
Ca Mau,1992-09-24,1992,9,24,17.665844021993447
Ca Mau,1992-09-25,1992,9,25,5.490491738486609
Ca Mau,1992-09-26,1992,9,26,6.428428427209267
Ca Mau,1992-09-27,1992,9,27,8.464505552943743
Ca Mau,1992-09-28,1992,9,28,5.916685231831804
Ca Mau,1992-09-29,1992,9,29,9.031387657990194
Ca Mau,1992-09-30,1992,9,30,3.35252550454245
Ca Mau,1992-10-01,1992,10,1,9.273067541582629
Ca Mau,1992-10-02,1992,10,2,14.3618350441071
Ca Mau,1992-10-03,1992,10,3,11.41826331301029
Ca Mau,1992-10-04,1992,10,4,16.000756061603262
Ca Mau,1992-10-05,1992,10,5,13.910608578694069
Ca Mau,1992-10-06,1992,10,6,16.61352197577256
Ca Mau,1992-10-07,1992,10,7,11.450436893801015
Ca Mau,1992-10-08,1992,10,8,13.374055004646012
Ca Mau,1992-10-09,1992,10,9,18.43460910686235
Ca Mau,1992-10-10,1992,10,10,3.2099888343837
Ca Mau,1992-10-11,1992,10,11,25.372353888462506
Ca Mau,1992-10-12,1992,10,12,1.798475559859423
Ca Mau,1992-10-13,1992,10,13,13.04133626171799
Ca Mau,1992-10-14,1992,10,14,5.5185501805744295
Ca Mau,1992-10-15,1992,10,15,6.248859621755593
Ca Mau,1992-10-16,1992,10,16,9.1568803634436
Ca Mau,1992-10-17,1992,10,17,3.0407915402658783
Ca Mau,1992-10-18,1992,10,18,14.947592881725528
Ca Mau,1992-10-19,1992,10,19,11.178369193188086
Ca Mau,1992-10-20,1992,10,20,1.5805113118461722
Ca Mau,1992-10-21,1992,10,21,0.0
Ca Mau,1992-10-22,1992,10,22,3.877880492172192
Ca Mau,1992-10-23,1992,10,23,6.146259306005442
Ca Mau,1992-10-24,1992,10,24,8.48651877636633
Ca Mau,1992-10-25,1992,10,25,5.963290146465318
Ca Mau,1992-10-26,1992,10,26,29.89173662219257
Ca Mau,1992-10-27,1992,10,27,7.2656924910618175
Ca Mau,1992-10-28,1992,10,28,6.581774637355337
Ca Mau,1992-10-29,1992,10,29,13.10053466439716
Ca Mau,1992-10-30,1992,10,30,4.245484499627907
Ca Mau,1992-10-31,1992,10,31,4.601676395512049
Ca Mau,1992-11-01,1992,11,1,0.4168145059007688
Ca Mau,1992-11-02,1992,11,2,3.225453413653546
Ca Mau,1992-11-03,1992,11,3,3.192729940500557
Ca Mau,1992-11-04,1992,11,4,1.8577663133319529
Ca Mau,1992-11-05,1992,11,5,0.4500821557215798
Ca Mau,1992-11-06,1992,11,6,3.669445104996125
Ca Mau,1992-11-07,1992,11,7,1.1667812330312717
Ca Mau,1992-11-08,1992,11,8,0.0290076172085165
Ca Mau,1992-11-09,1992,11,9,0.0
Ca Mau,1992-11-10,1992,11,10,0.0
Ca Mau,1992-11-11,1992,11,11,0.0
Ca Mau,1992-11-12,1992,11,12,0.0003062862150614324
Ca Mau,1992-11-13,1992,11,13,12.271191369881803
Ca Mau,1992-11-14,1992,11,14,17.626250297182494
Ca Mau,1992-11-15,1992,11,15,0.0005068630700820593
Ca Mau,1992-11-16,1992,11,16,0.0
Ca Mau,1992-11-17,1992,11,17,5.172263812278247
Ca Mau,1992-11-18,1992,11,18,2.690900156781204
Ca Mau,1992-11-19,1992,11,19,0.3212286280929827
Ca Mau,1992-11-20,1992,11,20,0.0
Ca Mau,1992-11-21,1992,11,21,0.0
Ca Mau,1992-11-22,1992,11,22,0.0
Ca Mau,1992-11-23,1992,11,23,0.0
Ca Mau,1992-11-24,1992,11,24,0.0
Ca Mau,1992-11-25,1992,11,25,0.0
Ca Mau,1992-11-26,1992,11,26,0.019690990231778
Ca Mau,1992-11-27,1992,11,27,0.0
Ca Mau,1992-11-28,1992,11,28,0.0
Ca Mau,1992-11-29,1992,11,29,0.0
Ca Mau,1992-11-30,1992,11,30,0.0
Ca Mau,1992-12-01,1992,12,1,0.0
Ca Mau,1992-12-02,1992,12,2,0.0
Ca Mau,1992-12-03,1992,12,3,0.0
Ca Mau,1992-12-04,1992,12,4,0.0
Ca Mau,1992-12-05,1992,12,5,0.0
Ca Mau,1992-12-06,1992,12,6,0.0549611245814661
Ca Mau,1992-12-07,1992,12,7,0.2679763887046039
Ca Mau,1992-12-08,1992,12,8,0.0
Ca Mau,1992-12-09,1992,12,9,0.0
Ca Mau,1992-12-10,1992,12,10,0.0
Ca Mau,1992-12-11,1992,12,11,0.0
Ca Mau,1992-12-12,1992,12,12,0.3455728633462159
Ca Mau,1992-12-13,1992,12,13,0.0
Ca Mau,1992-12-14,1992,12,14,0.0
Ca Mau,1992-12-15,1992,12,15,0.0
Ca Mau,1992-12-16,1992,12,16,0.0
Ca Mau,1992-12-17,1992,12,17,0.0
Ca Mau,1992-12-18,1992,12,18,0.0
Ca Mau,1992-12-19,1992,12,19,0.0
Ca Mau,1992-12-20,1992,12,20,0.0003259302338781208
Ca Mau,1992-12-21,1992,12,21,4.995410712879544
Ca Mau,1992-12-22,1992,12,22,37.13557846710862
Ca Mau,1992-12-23,1992,12,23,5.097978787976425
Ca Mau,1992-12-24,1992,12,24,0.0002237225566262058
Ca Mau,1992-12-25,1992,12,25,0.0
Ca Mau,1992-12-26,1992,12,26,0.0
Ca Mau,1992-12-27,1992,12,27,0.0
Ca Mau,1992-12-28,1992,12,28,0.0
Ca Mau,1992-12-29,1992,12,29,1.360702867681632
Ca Mau,1992-12-30,1992,12,30,0.0
Ca Mau,1992-12-31,1992,12,31,0.0
Ca Mau,1993-01-01,1993,1,1,0.0
Ca Mau,1993-01-02,1993,1,2,0.0
Ca Mau,1993-01-03,1993,1,3,0.0
Ca Mau,1993-01-04,1993,1,4,0.0
Ca Mau,1993-01-05,1993,1,5,0.0
Ca Mau,1993-01-06,1993,1,6,0.0
Ca Mau,1993-01-07,1993,1,7,0.0
Ca Mau,1993-01-08,1993,1,8,0.0
Ca Mau,1993-01-09,1993,1,9,0.0
Ca Mau,1993-01-10,1993,1,10,0.0
Ca Mau,1993-01-11,1993,1,11,0.0
Ca Mau,1993-01-12,1993,1,12,0.0
Ca Mau,1993-01-13,1993,1,13,0.3907596554805356
Ca Mau,1993-01-14,1993,1,14,0.0
Ca Mau,1993-01-15,1993,1,15,0.0388058179487196
Ca Mau,1993-01-16,1993,1,16,0.0993386780575116
Ca Mau,1993-01-17,1993,1,17,5.404835316177994
Ca Mau,1993-01-18,1993,1,18,0.0
Ca Mau,1993-01-19,1993,1,19,0.0
Ca Mau,1993-01-20,1993,1,20,0.0
Ca Mau,1993-01-21,1993,1,21,0.0
Ca Mau,1993-01-22,1993,1,22,0.0
Ca Mau,1993-01-23,1993,1,23,0.566144614132457
Ca Mau,1993-01-24,1993,1,24,0.0
Ca Mau,1993-01-25,1993,1,25,0.7266810488771139
Ca Mau,1993-01-26,1993,1,26,0.9097586481898412
Ca Mau,1993-01-27,1993,1,27,4.942273483468624
Ca Mau,1993-01-28,1993,1,28,0.07742167611076
Ca Mau,1993-01-29,1993,1,29,0.0
Ca Mau,1993-01-30,1993,1,30,0.0
Ca Mau,1993-01-31,1993,1,31,0.0
Ca Mau,1993-02-01,1993,2,1,0.4922648492475304
Ca Mau,1993-02-02,1993,2,2,0.0
Ca Mau,1993-02-03,1993,2,3,0.0
Ca Mau,1993-02-04,1993,2,4,0.0
Ca Mau,1993-02-05,1993,2,5,0.0
Ca Mau,1993-02-06,1993,2,6,0.0
Ca Mau,1993-02-07,1993,2,7,0.0
Ca Mau,1993-02-08,1993,2,8,0.0
Ca Mau,1993-02-09,1993,2,9,0.0
Ca Mau,1993-02-10,1993,2,10,0.0
Ca Mau,1993-02-11,1993,2,11,0.0
Ca Mau,1993-02-12,1993,2,12,0.0
Ca Mau,1993-02-13,1993,2,13,0.0
Ca Mau,1993-02-14,1993,2,14,0.8532837907115888
Ca Mau,1993-02-15,1993,2,15,0.0
Ca Mau,1993-02-16,1993,2,16,0.0
Ca Mau,1993-02-17,1993,2,17,0.0
Ca Mau,1993-02-18,1993,2,18,0.0
Ca Mau,1993-02-19,1993,2,19,0.0
Ca Mau,1993-02-20,1993,2,20,0.0
Ca Mau,1993-02-21,1993,2,21,0.0
Ca Mau,1993-02-22,1993,2,22,0.0
Ca Mau,1993-02-23,1993,2,23,0.0
Ca Mau,1993-02-24,1993,2,24,0.0
Ca Mau,1993-02-25,1993,2,25,0.3836093584690447
Ca Mau,1993-02-26,1993,2,26,0.0
Ca Mau,1993-02-27,1993,2,27,0.0
Ca Mau,1993-02-28,1993,2,28,0.0
Ca Mau,1993-03-01,1993,3,1,0.0
Ca Mau,1993-03-02,1993,3,2,0.0
Ca Mau,1993-03-03,1993,3,3,0.0
Ca Mau,1993-03-04,1993,3,4,0.0
Ca Mau,1993-03-05,1993,3,5,0.0
Ca Mau,1993-03-06,1993,3,6,0.0002638783121195498
Ca Mau,1993-03-07,1993,3,7,0.0
Ca Mau,1993-03-08,1993,3,8,0.0
Ca Mau,1993-03-09,1993,3,9,0.7601983733159892
Ca Mau,1993-03-10,1993,3,10,0.0
Ca Mau,1993-03-11,1993,3,11,0.0
Ca Mau,1993-03-12,1993,3,12,0.0
Ca Mau,1993-03-13,1993,3,13,0.0
Ca Mau,1993-03-14,1993,3,14,0.0
Ca Mau,1993-03-15,1993,3,15,1.1449043143004578
Ca Mau,1993-03-16,1993,3,16,10.010387239556543
Ca Mau,1993-03-17,1993,3,17,0.0
Ca Mau,1993-03-18,1993,3,18,0.6233838784588366
Ca Mau,1993-03-19,1993,3,19,2.084508055183664
Ca Mau,1993-03-20,1993,3,20,10.245813482993952
Ca Mau,1993-03-21,1993,3,21,0.0
Ca Mau,1993-03-22,1993,3,22,0.0
Ca Mau,1993-03-23,1993,3,23,0.0
Ca Mau,1993-03-24,1993,3,24,0.0
Ca Mau,1993-03-25,1993,3,25,0.0
Ca Mau,1993-03-26,1993,3,26,0.0
Ca Mau,1993-03-27,1993,3,27,3.3246007731416367
Ca Mau,1993-03-28,1993,3,28,0.0
Ca Mau,1993-03-29,1993,3,29,0.0
Ca Mau,1993-03-30,1993,3,30,0.0
Ca Mau,1993-03-31,1993,3,31,0.0
Ca Mau,1993-04-01,1993,4,1,0.0
Ca Mau,1993-04-02,1993,4,2,0.0
Ca Mau,1993-04-03,1993,4,3,0.0
Ca Mau,1993-04-04,1993,4,4,0.4290981948096419
Ca Mau,1993-04-05,1993,4,5,1.0479444077794762
Ca Mau,1993-04-06,1993,4,6,0.9251692128224706
Ca Mau,1993-04-07,1993,4,7,0.0
Ca Mau,1993-04-08,1993,4,8,0.0
Ca Mau,1993-04-09,1993,4,9,4.833848018852371
Ca Mau,1993-04-10,1993,4,10,1.0279949413659788
Ca Mau,1993-04-11,1993,4,11,3.904123150415836
Ca Mau,1993-04-12,1993,4,12,19.03569810305968
Ca Mau,1993-04-13,1993,4,13,8.934415198466155
Ca Mau,1993-04-14,1993,4,14,0.0
Ca Mau,1993-04-15,1993,4,15,1.6482490708706896
Ca Mau,1993-04-16,1993,4,16,1.1629656124432115
Ca Mau,1993-04-17,1993,4,17,2.3992647539279206
Ca Mau,1993-04-18,1993,4,18,2.751910964903189
Ca Mau,1993-04-19,1993,4,19,2.5796003540507115
Ca Mau,1993-04-20,1993,4,20,3.6519751421647766
Ca Mau,1993-04-21,1993,4,21,0.1637983695213135
Ca Mau,1993-04-22,1993,4,22,0.3487339906277363
Ca Mau,1993-04-23,1993,4,23,0.1045029730938078
Ca Mau,1993-04-24,1993,4,24,0.4901939668797382
Ca Mau,1993-04-25,1993,4,25,0.0
Ca Mau,1993-04-26,1993,4,26,0.0
Ca Mau,1993-04-27,1993,4,27,0.0
Ca Mau,1993-04-28,1993,4,28,0.0
Ca Mau,1993-04-29,1993,4,29,0.0
Ca Mau,1993-04-30,1993,4,30,0.0742383004406055
Ca Mau,1993-05-01,1993,5,1,4.4147284512634455
Ca Mau,1993-05-02,1993,5,2,0.0
Ca Mau,1993-05-03,1993,5,3,0.0
Ca Mau,1993-05-04,1993,5,4,0.5524159281941396
Ca Mau,1993-05-05,1993,5,5,1.7408162376504428
Ca Mau,1993-05-06,1993,5,6,2.191958369103857
Ca Mau,1993-05-07,1993,5,7,0.0
Ca Mau,1993-05-08,1993,5,8,3.937653936531302
Ca Mau,1993-05-09,1993,5,9,5.375078351805586
Ca Mau,1993-05-10,1993,5,10,4.068112627617754
Ca Mau,1993-05-11,1993,5,11,4.999797128848147
Ca Mau,1993-05-12,1993,5,12,2.7276300880314728
Ca Mau,1993-05-13,1993,5,13,5.274123984356351
Ca Mau,1993-05-14,1993,5,14,7.680661204468093
Ca Mau,1993-05-15,1993,5,15,4.911994376513734
Ca Mau,1993-05-16,1993,5,16,10.765390095716528
Ca Mau,1993-05-17,1993,5,17,9.391611066810167
Ca Mau,1993-05-18,1993,5,18,6.52864568623317
Ca Mau,1993-05-19,1993,5,19,16.017599853866052
Ca Mau,1993-05-20,1993,5,20,9.670222315266102
Ca Mau,1993-05-21,1993,5,21,4.047589823310833
Ca Mau,1993-05-22,1993,5,22,4.62729011767036
Ca Mau,1993-05-23,1993,5,23,9.266187862264491
Ca Mau,1993-05-24,1993,5,24,6.836517823272201
Ca Mau,1993-05-25,1993,5,25,4.475588580465088
Ca Mau,1993-05-26,1993,5,26,3.05224496803214
Ca Mau,1993-05-27,1993,5,27,9.922441846807066
Ca Mau,1993-05-28,1993,5,28,4.470560971030374
Ca Mau,1993-05-29,1993,5,29,3.3019654528612903
Ca Mau,1993-05-30,1993,5,30,0.0618427751322323
Ca Mau,1993-05-31,1993,5,31,1.6236479396164931
Ca Mau,1993-06-01,1993,6,1,1.88402465672346
Ca Mau,1993-06-02,1993,6,2,1.685922337932447
Ca Mau,1993-06-03,1993,6,3,0.2981151407888608
Ca Mau,1993-06-04,1993,6,4,2.58987242769914
Ca Mau,1993-06-05,1993,6,5,4.768384515576995
Ca Mau,1993-06-06,1993,6,6,5.910306064202538
Ca Mau,1993-06-07,1993,6,7,4.859307660607503
Ca Mau,1993-06-08,1993,6,8,4.784667420992685
Ca Mau,1993-06-09,1993,6,9,1.4028260989121406
Ca Mau,1993-06-10,1993,6,10,4.999999080119069
Ca Mau,1993-06-11,1993,6,11,7.788360094379056
Ca Mau,1993-06-12,1993,6,12,4.153260684062019
Ca Mau,1993-06-13,1993,6,13,7.020980814068683
Ca Mau,1993-06-14,1993,6,14,15.252965193840954
Ca Mau,1993-06-15,1993,6,15,12.079091501495434
Ca Mau,1993-06-16,1993,6,16,15.55158750335388
Ca Mau,1993-06-17,1993,6,17,39.47929462218408
Ca Mau,1993-06-18,1993,6,18,19.586827369895577
Ca Mau,1993-06-19,1993,6,19,7.68166206832953
Ca Mau,1993-06-20,1993,6,20,4.530141961338518
Ca Mau,1993-06-21,1993,6,21,17.599993605684716
Ca Mau,1993-06-22,1993,6,22,22.340086017997702
Ca Mau,1993-06-23,1993,6,23,30.60571618740333
Ca Mau,1993-06-24,1993,6,24,15.451837676783368
Ca Mau,1993-06-25,1993,6,25,6.033760335665772
Ca Mau,1993-06-26,1993,6,26,11.051439460254356
Ca Mau,1993-06-27,1993,6,27,20.41832207713588
Ca Mau,1993-06-28,1993,6,28,13.696281118253127
Ca Mau,1993-06-29,1993,6,29,24.499982118408376
Ca Mau,1993-06-30,1993,6,30,3.871173281010868
Ca Mau,1993-07-01,1993,7,1,1.958450617676347
Ca Mau,1993-07-02,1993,7,2,5.57707350170454
Ca Mau,1993-07-03,1993,7,3,8.295341953373951
Ca Mau,1993-07-04,1993,7,4,7.706975632127569
Ca Mau,1993-07-05,1993,7,5,23.10994695534225
Ca Mau,1993-07-06,1993,7,6,1.6269717696229815
Ca Mau,1993-07-07,1993,7,7,5.527053516281561
Ca Mau,1993-07-08,1993,7,8,7.990417617525202
Ca Mau,1993-07-09,1993,7,9,18.70644019956745
Ca Mau,1993-07-10,1993,7,10,31.453591379516084
Ca Mau,1993-07-11,1993,7,11,9.91133978896231
Ca Mau,1993-07-12,1993,7,12,4.355288519027408
Ca Mau,1993-07-13,1993,7,13,3.602521894830749
Ca Mau,1993-07-14,1993,7,14,7.926959965062729
Ca Mau,1993-07-15,1993,7,15,1.3155625565822142
Ca Mau,1993-07-16,1993,7,16,4.34930065574244
Ca Mau,1993-07-17,1993,7,17,0.9642492760121466
Ca Mau,1993-07-18,1993,7,18,3.2697036106234028
Ca Mau,1993-07-19,1993,7,19,2.830828074577571
Ca Mau,1993-07-20,1993,7,20,8.414206153194016
Ca Mau,1993-07-21,1993,7,21,0.4354679300173883
Ca Mau,1993-07-22,1993,7,22,3.02371557553309
Ca Mau,1993-07-23,1993,7,23,2.434971057603806
Ca Mau,1993-07-24,1993,7,24,3.651743820574508
Ca Mau,1993-07-25,1993,7,25,5.319968752108039
Ca Mau,1993-07-26,1993,7,26,13.351336964555856
Ca Mau,1993-07-27,1993,7,27,33.901333966811606
Ca Mau,1993-07-28,1993,7,28,34.82287327482164
Ca Mau,1993-07-29,1993,7,29,48.29124324561573
Ca Mau,1993-07-30,1993,7,30,19.55026140403648
Ca Mau,1993-07-31,1993,7,31,8.43491534528378
Ca Mau,1993-08-01,1993,8,1,5.417357815774173
Ca Mau,1993-08-02,1993,8,2,0.9469461395814024
Ca Mau,1993-08-03,1993,8,3,7.459771188374663
Ca Mau,1993-08-04,1993,8,4,6.035764558661952
Ca Mau,1993-08-05,1993,8,5,22.81212330728482
Ca Mau,1993-08-06,1993,8,6,15.410725201821323
Ca Mau,1993-08-07,1993,8,7,2.2737772765298
Ca Mau,1993-08-08,1993,8,8,19.76337609522973
Ca Mau,1993-08-09,1993,8,9,3.796440917345389
Ca Mau,1993-08-10,1993,8,10,0.0075473348726096
Ca Mau,1993-08-11,1993,8,11,7.340024905164415
Ca Mau,1993-08-12,1993,8,12,2.3826785023530284
Ca Mau,1993-08-13,1993,8,13,35.6222136127149
Ca Mau,1993-08-14,1993,8,14,14.629111187327595
Ca Mau,1993-08-15,1993,8,15,1.074492755597131
Ca Mau,1993-08-16,1993,8,16,18.80442451446925
Ca Mau,1993-08-17,1993,8,17,5.463868599934585
Ca Mau,1993-08-18,1993,8,18,4.441534979329723
Ca Mau,1993-08-19,1993,8,19,4.948904949806838
Ca Mau,1993-08-20,1993,8,20,9.307545263477872
Ca Mau,1993-08-21,1993,8,21,17.509419490512308
Ca Mau,1993-08-22,1993,8,22,17.11158122883563
Ca Mau,1993-08-23,1993,8,23,4.9649704915292325
Ca Mau,1993-08-24,1993,8,24,7.4251495977050626
Ca Mau,1993-08-25,1993,8,25,0.2444260231925326
Ca Mau,1993-08-26,1993,8,26,0.8902096001131797
Ca Mau,1993-08-27,1993,8,27,15.607627215631933
Ca Mau,1993-08-28,1993,8,28,16.21569193498724
Ca Mau,1993-08-29,1993,8,29,13.689118556921548
Ca Mau,1993-08-30,1993,8,30,0.8848275451536913
Ca Mau,1993-08-31,1993,8,31,0.1828460452544358
Ca Mau,1993-09-01,1993,9,1,20.30434591033944
Ca Mau,1993-09-02,1993,9,2,25.35323468785837
Ca Mau,1993-09-03,1993,9,3,4.52590639461305
Ca Mau,1993-09-04,1993,9,4,12.19648315309758
Ca Mau,1993-09-05,1993,9,5,0.0
Ca Mau,1993-09-06,1993,9,6,0.0554041345361642
Ca Mau,1993-09-07,1993,9,7,25.79504172580528
Ca Mau,1993-09-08,1993,9,8,43.85123905065633
Ca Mau,1993-09-09,1993,9,9,3.773027133930841
Ca Mau,1993-09-10,1993,9,10,6.179241900342411
Ca Mau,1993-09-11,1993,9,11,0.00020565097068212348
Ca Mau,1993-09-12,1993,9,12,11.391044456867602
Ca Mau,1993-09-13,1993,9,13,15.580280155475007
Ca Mau,1993-09-14,1993,9,14,14.355364238363586
Ca Mau,1993-09-15,1993,9,15,0.8904116214258643
Ca Mau,1993-09-16,1993,9,16,5.774660448119172
Ca Mau,1993-09-17,1993,9,17,10.660407861656411
Ca Mau,1993-09-18,1993,9,18,17.157657148201643
Ca Mau,1993-09-19,1993,9,19,15.325982422915894
Ca Mau,1993-09-20,1993,9,20,0.4106914098526577
Ca Mau,1993-09-21,1993,9,21,22.090771638604743
Ca Mau,1993-09-22,1993,9,22,22.23534394970037
Ca Mau,1993-09-23,1993,9,23,7.881572344318989
Ca Mau,1993-09-24,1993,9,24,26.7985094221176
Ca Mau,1993-09-25,1993,9,25,2.1911398946265943
Ca Mau,1993-09-26,1993,9,26,2.248118991304771
Ca Mau,1993-09-27,1993,9,27,2.8504330331353804
Ca Mau,1993-09-28,1993,9,28,3.1120610290095505
Ca Mau,1993-09-29,1993,9,29,7.445487455506572
Ca Mau,1993-09-30,1993,9,30,8.346873341792662
Ca Mau,1993-10-01,1993,10,1,9.401036315873505
Ca Mau,1993-10-02,1993,10,2,5.473849315912507
Ca Mau,1993-10-03,1993,10,3,13.806747131355946
Ca Mau,1993-10-04,1993,10,4,7.575097154388986
Ca Mau,1993-10-05,1993,10,5,17.755936855515596
Ca Mau,1993-10-06,1993,10,6,18.370064132627306
Ca Mau,1993-10-07,1993,10,7,21.85037642281319
Ca Mau,1993-10-08,1993,10,8,16.803860581573442
Ca Mau,1993-10-09,1993,10,9,19.17619293538951
Ca Mau,1993-10-10,1993,10,10,3.574891285243319
Ca Mau,1993-10-11,1993,10,11,0.2039703064774949
Ca Mau,1993-10-12,1993,10,12,0.603298658363188
Ca Mau,1993-10-13,1993,10,13,24.548056416114417
Ca Mau,1993-10-14,1993,10,14,35.302617474201234
Ca Mau,1993-10-15,1993,10,15,2.2863248119799677
Ca Mau,1993-10-16,1993,10,16,4.917782162272226
Ca Mau,1993-10-17,1993,10,17,8.017534056968966
Ca Mau,1993-10-18,1993,10,18,1.958333707242268
Ca Mau,1993-10-19,1993,10,19,0.4449205442208984
Ca Mau,1993-10-20,1993,10,20,0.2298930800298033
Ca Mau,1993-10-21,1993,10,21,9.70872971372276
Ca Mau,1993-10-22,1993,10,22,9.309696140031289
Ca Mau,1993-10-23,1993,10,23,15.703125283486932
Ca Mau,1993-10-24,1993,10,24,16.404445950360806
Ca Mau,1993-10-25,1993,10,25,4.484262122226456
Ca Mau,1993-10-26,1993,10,26,5.6164812518795
Ca Mau,1993-10-27,1993,10,27,2.776878237904488
Ca Mau,1993-10-28,1993,10,28,0.0005393157450723246
Ca Mau,1993-10-29,1993,10,29,0.0
Ca Mau,1993-10-30,1993,10,30,0.0
Ca Mau,1993-10-31,1993,10,31,3.890531879454457
Ca Mau,1993-11-01,1993,11,1,0.1163143695860272
Ca Mau,1993-11-02,1993,11,2,0.0
Ca Mau,1993-11-03,1993,11,3,0.0
Ca Mau,1993-11-04,1993,11,4,0.00044124322113419984
Ca Mau,1993-11-05,1993,11,5,3.9262300797950975
Ca Mau,1993-11-06,1993,11,6,0.0
Ca Mau,1993-11-07,1993,11,7,0.5712412387276793
Ca Mau,1993-11-08,1993,11,8,1.318659813356155
Ca Mau,1993-11-09,1993,11,9,7.39344796497812
Ca Mau,1993-11-10,1993,11,10,3.0610101638494704
Ca Mau,1993-11-11,1993,11,11,3.841289707924608
Ca Mau,1993-11-12,1993,11,12,3.0290876396694104
Ca Mau,1993-11-13,1993,11,13,2.674990574368688
Ca Mau,1993-11-14,1993,11,14,1.3378146775832638
Ca Mau,1993-11-15,1993,11,15,0.0359139489651879
Ca Mau,1993-11-16,1993,11,16,17.01714358396802
Ca Mau,1993-11-17,1993,11,17,12.045334817564624
Ca Mau,1993-11-18,1993,11,18,2.586108417922526
Ca Mau,1993-11-19,1993,11,19,5.805351278711983
Ca Mau,1993-11-20,1993,11,20,0.00040186437110370434
Ca Mau,1993-11-21,1993,11,21,1.1624391277601098
Ca Mau,1993-11-22,1993,11,22,0.1834732605799799
Ca Mau,1993-11-23,1993,11,23,6.877507195912727
Ca Mau,1993-11-24,1993,11,24,0.0
Ca Mau,1993-11-25,1993,11,25,0.0
Ca Mau,1993-11-26,1993,11,26,8.980948530885303
Ca Mau,1993-11-27,1993,11,27,42.15804864024744
Ca Mau,1993-11-28,1993,11,28,14.0067323321587
Ca Mau,1993-11-29,1993,11,29,0.0
Ca Mau,1993-11-30,1993,11,30,0.2192286128468785
Ca Mau,1993-12-01,1993,12,1,0.6201476593836334
Ca Mau,1993-12-02,1993,12,2,1.939880964005009
Ca Mau,1993-12-03,1993,12,3,9.23903469885041
Ca Mau,1993-12-04,1993,12,4,6.194746519645008
Ca Mau,1993-12-05,1993,12,5,13.968508712451865
Ca Mau,1993-12-06,1993,12,6,6.950037168413222
Ca Mau,1993-12-07,1993,12,7,6.400308274020959
Ca Mau,1993-12-08,1993,12,8,0.4235005705215336
Ca Mau,1993-12-09,1993,12,9,2.1366509979336272
Ca Mau,1993-12-10,1993,12,10,0.0
Ca Mau,1993-12-11,1993,12,11,0.0586325880297726
Ca Mau,1993-12-12,1993,12,12,3.4875909662844933
Ca Mau,1993-12-13,1993,12,13,0.4187325362967466
Ca Mau,1993-12-14,1993,12,14,23.00554493445333
Ca Mau,1993-12-15,1993,12,15,6.545169240933594
Ca Mau,1993-12-16,1993,12,16,0.0002475255940384272
Ca Mau,1993-12-17,1993,12,17,0.0
Ca Mau,1993-12-18,1993,12,18,0.0
Ca Mau,1993-12-19,1993,12,19,0.0
Ca Mau,1993-12-20,1993,12,20,0.0
Ca Mau,1993-12-21,1993,12,21,1.071274002381075
Ca Mau,1993-12-22,1993,12,22,0.749237218099177
Ca Mau,1993-12-23,1993,12,23,0.0
Ca Mau,1993-12-24,1993,12,24,0.0
Ca Mau,1993-12-25,1993,12,25,0.0
Ca Mau,1993-12-26,1993,12,26,0.0
Ca Mau,1993-12-27,1993,12,27,0.0
Ca Mau,1993-12-28,1993,12,28,0.0
Ca Mau,1993-12-29,1993,12,29,0.0
Ca Mau,1993-12-30,1993,12,30,0.0
Ca Mau,1993-12-31,1993,12,31,0.0
Ca Mau,1994-01-01,1994,1,1,0.0157283950133075
Ca Mau,1994-01-02,1994,1,2,0.0
Ca Mau,1994-01-03,1994,1,3,0.0
Ca Mau,1994-01-04,1994,1,4,0.170713096532741
Ca Mau,1994-01-05,1994,1,5,0.3190683859750683
Ca Mau,1994-01-06,1994,1,6,0.0
Ca Mau,1994-01-07,1994,1,7,0.0
Ca Mau,1994-01-08,1994,1,8,0.0
Ca Mau,1994-01-09,1994,1,9,0.4254039196520505
Ca Mau,1994-01-10,1994,1,10,0.5095446934786142
Ca Mau,1994-01-11,1994,1,11,1.67739418846304
Ca Mau,1994-01-12,1994,1,12,0.0
Ca Mau,1994-01-13,1994,1,13,0.0137619164061733
Ca Mau,1994-01-14,1994,1,14,0.0
Ca Mau,1994-01-15,1994,1,15,0.0
Ca Mau,1994-01-16,1994,1,16,0.0
Ca Mau,1994-01-17,1994,1,17,0.0
Ca Mau,1994-01-18,1994,1,18,0.0623300488691376
Ca Mau,1994-01-19,1994,1,19,0.0154789380882354
Ca Mau,1994-01-20,1994,1,20,0.0
Ca Mau,1994-01-21,1994,1,21,0.0
Ca Mau,1994-01-22,1994,1,22,0.0733084829823714
Ca Mau,1994-01-23,1994,1,23,3.00987507943447
Ca Mau,1994-01-24,1994,1,24,1.1506555444384146
Ca Mau,1994-01-25,1994,1,25,0.0
Ca Mau,1994-01-26,1994,1,26,3.392571457045688
Ca Mau,1994-01-27,1994,1,27,2.0512725098831126
Ca Mau,1994-01-28,1994,1,28,0.0
Ca Mau,1994-01-29,1994,1,29,0.0
Ca Mau,1994-01-30,1994,1,30,0.0
Ca Mau,1994-01-31,1994,1,31,0.0
Ca Mau,1994-02-01,1994,2,1,0.0
Ca Mau,1994-02-02,1994,2,2,0.0004040574904941159
Ca Mau,1994-02-03,1994,2,3,0.0
Ca Mau,1994-02-04,1994,2,4,0.0
Ca Mau,1994-02-05,1994,2,5,0.0
Ca Mau,1994-02-06,1994,2,6,1.866327578670368
Ca Mau,1994-02-07,1994,2,7,1.2493178544649377
Ca Mau,1994-02-08,1994,2,8,0.0
Ca Mau,1994-02-09,1994,2,9,0.0
Ca Mau,1994-02-10,1994,2,10,0.0001761215224303531
Ca Mau,1994-02-11,1994,2,11,0.0
Ca Mau,1994-02-12,1994,2,12,0.0
Ca Mau,1994-02-13,1994,2,13,0.2238678579368464
Ca Mau,1994-02-14,1994,2,14,0.0
Ca Mau,1994-02-15,1994,2,15,0.0
Ca Mau,1994-02-16,1994,2,16,0.0
Ca Mau,1994-02-17,1994,2,17,0.042848249273476
Ca Mau,1994-02-18,1994,2,18,0.00026561837629871193
Ca Mau,1994-02-19,1994,2,19,0.2511726906106435
Ca Mau,1994-02-20,1994,2,20,0.0
Ca Mau,1994-02-21,1994,2,21,0.0
Ca Mau,1994-02-22,1994,2,22,0.0
Ca Mau,1994-02-23,1994,2,23,0.1359937686018169
Ca Mau,1994-02-24,1994,2,24,0.0
Ca Mau,1994-02-25,1994,2,25,0.0006317974145928493
Ca Mau,1994-02-26,1994,2,26,0.0
Ca Mau,1994-02-27,1994,2,27,0.0
Ca Mau,1994-02-28,1994,2,28,0.0
Ca Mau,1994-03-01,1994,3,1,0.0
Ca Mau,1994-03-02,1994,3,2,0.0
Ca Mau,1994-03-03,1994,3,3,0.0
Ca Mau,1994-03-04,1994,3,4,0.0
Ca Mau,1994-03-05,1994,3,5,0.4242924123533981
Ca Mau,1994-03-06,1994,3,6,3.121699442318952
Ca Mau,1994-03-07,1994,3,7,0.0
Ca Mau,1994-03-08,1994,3,8,0.0
Ca Mau,1994-03-09,1994,3,9,0.0
Ca Mau,1994-03-10,1994,3,10,0.0
Ca Mau,1994-03-11,1994,3,11,0.0
Ca Mau,1994-03-12,1994,3,12,2.0894862756565526
Ca Mau,1994-03-13,1994,3,13,1.6728826938996588
Ca Mau,1994-03-14,1994,3,14,0.6910546811831332
Ca Mau,1994-03-15,1994,3,15,0.0
Ca Mau,1994-03-16,1994,3,16,15.923879141476744
Ca Mau,1994-03-17,1994,3,17,0.2380868102161455
Ca Mau,1994-03-18,1994,3,18,0.5273901459185505
Ca Mau,1994-03-19,1994,3,19,6.796482613019674
Ca Mau,1994-03-20,1994,3,20,0.1056553680165936
Ca Mau,1994-03-21,1994,3,21,0.4810551292878974
Ca Mau,1994-03-22,1994,3,22,6.415000267452963
Ca Mau,1994-03-23,1994,3,23,2.298190400400791
Ca Mau,1994-03-24,1994,3,24,1.355420591393002
Ca Mau,1994-03-25,1994,3,25,0.0
Ca Mau,1994-03-26,1994,3,26,0.0
Ca Mau,1994-03-27,1994,3,27,1.680208720437994
Ca Mau,1994-03-28,1994,3,28,0.0
Ca Mau,1994-03-29,1994,3,29,0.5340948744148847
Ca Mau,1994-03-30,1994,3,30,0.0
Ca Mau,1994-03-31,1994,3,31,0.0
Ca Mau,1994-04-01,1994,4,1,0.0
Ca Mau,1994-04-02,1994,4,2,0.0
Ca Mau,1994-04-03,1994,4,3,0.0
Ca Mau,1994-04-04,1994,4,4,0.0
Ca Mau,1994-04-05,1994,4,5,0.0
Ca Mau,1994-04-06,1994,4,6,0.0962540833403367
Ca Mau,1994-04-07,1994,4,7,0.0
Ca Mau,1994-04-08,1994,4,8,0.6035315853778946
Ca Mau,1994-04-09,1994,4,9,5.99184814859925
Ca Mau,1994-04-10,1994,4,10,5.259651094188572
Ca Mau,1994-04-11,1994,4,11,0.8844440164362076
Ca Mau,1994-04-12,1994,4,12,2.9114750414014665
Ca Mau,1994-04-13,1994,4,13,0.0
Ca Mau,1994-04-14,1994,4,14,0.0
Ca Mau,1994-04-15,1994,4,15,14.108827045013932
Ca Mau,1994-04-16,1994,4,16,1.299429560568918
Ca Mau,1994-04-17,1994,4,17,1.6883980756965635
Ca Mau,1994-04-18,1994,4,18,1.840818090393617
Ca Mau,1994-04-19,1994,4,19,3.857032616038278
Ca Mau,1994-04-20,1994,4,20,1.3793973552227528
Ca Mau,1994-04-21,1994,4,21,0.9326368672559276
Ca Mau,1994-04-22,1994,4,22,1.1477226153435025
Ca Mau,1994-04-23,1994,4,23,0.0
Ca Mau,1994-04-24,1994,4,24,0.0
Ca Mau,1994-04-25,1994,4,25,2.1395955927052883
Ca Mau,1994-04-26,1994,4,26,0.0
Ca Mau,1994-04-27,1994,4,27,0.0428010976074901
Ca Mau,1994-04-28,1994,4,28,0.0
Ca Mau,1994-04-29,1994,4,29,0.0
Ca Mau,1994-04-30,1994,4,30,0.0
Ca Mau,1994-05-01,1994,5,1,0.3707662765589851
Ca Mau,1994-05-02,1994,5,2,3.604216516017916
Ca Mau,1994-05-03,1994,5,3,0.0
Ca Mau,1994-05-04,1994,5,4,0.0
Ca Mau,1994-05-05,1994,5,5,21.382864896852208
Ca Mau,1994-05-06,1994,5,6,18.598017382857805
Ca Mau,1994-05-07,1994,5,7,13.191605148005886
Ca Mau,1994-05-08,1994,5,8,14.396362495015152
Ca Mau,1994-05-09,1994,5,9,8.972271456915836
Ca Mau,1994-05-10,1994,5,10,0.5781593757693939
Ca Mau,1994-05-11,1994,5,11,4.82941604693935
Ca Mau,1994-05-12,1994,5,12,11.172271040125228
Ca Mau,1994-05-13,1994,5,13,10.056513148259732
Ca Mau,1994-05-14,1994,5,14,9.87142701203763
Ca Mau,1994-05-15,1994,5,15,13.387589747007343
Ca Mau,1994-05-16,1994,5,16,9.156251458502956
Ca Mau,1994-05-17,1994,5,17,5.170601545277862
Ca Mau,1994-05-18,1994,5,18,22.41548390500924
Ca Mau,1994-05-19,1994,5,19,19.84890691985568
Ca Mau,1994-05-20,1994,5,20,6.001835965043547
Ca Mau,1994-05-21,1994,5,21,3.1427887269310406
Ca Mau,1994-05-22,1994,5,22,2.8229439881379124
Ca Mau,1994-05-23,1994,5,23,1.1766099061596211
Ca Mau,1994-05-24,1994,5,24,13.763097766142655
Ca Mau,1994-05-25,1994,5,25,21.125971157225404
Ca Mau,1994-05-26,1994,5,26,8.302952388587537
Ca Mau,1994-05-27,1994,5,27,5.031088821711573
Ca Mau,1994-05-28,1994,5,28,3.038669370511208
Ca Mau,1994-05-29,1994,5,29,0.8690385011980875
Ca Mau,1994-05-30,1994,5,30,3.1607441713733944
Ca Mau,1994-05-31,1994,5,31,4.882660781255189
Ca Mau,1994-06-01,1994,6,1,13.321219374670086
Ca Mau,1994-06-02,1994,6,2,15.810618800076217
Ca Mau,1994-06-03,1994,6,3,10.373839423501868
Ca Mau,1994-06-04,1994,6,4,3.4351088078163285
Ca Mau,1994-06-05,1994,6,5,0.4739310993320854
Ca Mau,1994-06-06,1994,6,6,3.3628840280072883
Ca Mau,1994-06-07,1994,6,7,9.002995397841524
Ca Mau,1994-06-08,1994,6,8,12.006836972437004
Ca Mau,1994-06-09,1994,6,9,6.14118110179505
Ca Mau,1994-06-10,1994,6,10,10.018643635152834
Ca Mau,1994-06-11,1994,6,11,4.11394697202971
Ca Mau,1994-06-12,1994,6,12,4.107822721560535
Ca Mau,1994-06-13,1994,6,13,15.320812054248725
Ca Mau,1994-06-14,1994,6,14,12.079810970081098
Ca Mau,1994-06-15,1994,6,15,2.017331902771072
Ca Mau,1994-06-16,1994,6,16,8.873932620760467
Ca Mau,1994-06-17,1994,6,17,18.657629899086015
Ca Mau,1994-06-18,1994,6,18,7.554424908620271
Ca Mau,1994-06-19,1994,6,19,31.24781657393206
Ca Mau,1994-06-20,1994,6,20,5.951508097521773
Ca Mau,1994-06-21,1994,6,21,3.7029595866420992
Ca Mau,1994-06-22,1994,6,22,2.8576164774443558
Ca Mau,1994-06-23,1994,6,23,11.230390472740773
Ca Mau,1994-06-24,1994,6,24,15.18945537597626
Ca Mau,1994-06-25,1994,6,25,23.40286971044872
Ca Mau,1994-06-26,1994,6,26,0.0
Ca Mau,1994-06-27,1994,6,27,8.12915071109907
Ca Mau,1994-06-28,1994,6,28,31.147994148003296
Ca Mau,1994-06-29,1994,6,29,21.19692211687349
Ca Mau,1994-06-30,1994,6,30,5.539144852753854
Ca Mau,1994-07-01,1994,7,1,0.0003129726291567701
Ca Mau,1994-07-02,1994,7,2,11.076886884836624
Ca Mau,1994-07-03,1994,7,3,3.4802413100856464
Ca Mau,1994-07-04,1994,7,4,3.725524123726548
Ca Mau,1994-07-05,1994,7,5,1.972575831063714
Ca Mau,1994-07-06,1994,7,6,8.567228998398768
Ca Mau,1994-07-07,1994,7,7,3.440420470726391
Ca Mau,1994-07-08,1994,7,8,2.0301338778279434
Ca Mau,1994-07-09,1994,7,9,1.2658675110740132
Ca Mau,1994-07-10,1994,7,10,26.74791505149012
Ca Mau,1994-07-11,1994,7,11,18.56310969139782
Ca Mau,1994-07-12,1994,7,12,6.35797238275139
Ca Mau,1994-07-13,1994,7,13,5.0692156929896655
Ca Mau,1994-07-14,1994,7,14,9.84584242283866
Ca Mau,1994-07-15,1994,7,15,3.024390474069941
Ca Mau,1994-07-16,1994,7,16,0.4845887161295822
Ca Mau,1994-07-17,1994,7,17,0.0
Ca Mau,1994-07-18,1994,7,18,18.607280035441285
Ca Mau,1994-07-19,1994,7,19,28.923029757630733
Ca Mau,1994-07-20,1994,7,20,10.185566402827607
Ca Mau,1994-07-21,1994,7,21,0.0
Ca Mau,1994-07-22,1994,7,22,0.0
Ca Mau,1994-07-23,1994,7,23,0.1635586268380014
Ca Mau,1994-07-24,1994,7,24,5.771920072376513
Ca Mau,1994-07-25,1994,7,25,5.310837396709961
Ca Mau,1994-07-26,1994,7,26,4.94274500045732
Ca Mau,1994-07-27,1994,7,27,2.919858130048669
Ca Mau,1994-07-28,1994,7,28,14.268054391418508
Ca Mau,1994-07-29,1994,7,29,18.7392965113832
Ca Mau,1994-07-30,1994,7,30,24.81793359338229
Ca Mau,1994-07-31,1994,7,31,39.24030031791767
Ca Mau,1994-08-01,1994,8,1,13.910494613604223
Ca Mau,1994-08-02,1994,8,2,7.173424706601754
Ca Mau,1994-08-03,1994,8,3,11.42701977275159
Ca Mau,1994-08-04,1994,8,4,2.075426103945872
Ca Mau,1994-08-05,1994,8,5,2.1091233430364986
Ca Mau,1994-08-06,1994,8,6,1.824838163887468
Ca Mau,1994-08-07,1994,8,7,1.612167202566887
Ca Mau,1994-08-08,1994,8,8,0.0
Ca Mau,1994-08-09,1994,8,9,0.0
Ca Mau,1994-08-10,1994,8,10,0.0
Ca Mau,1994-08-11,1994,8,11,0.6172625742213039
Ca Mau,1994-08-12,1994,8,12,0.0
Ca Mau,1994-08-13,1994,8,13,0.0
Ca Mau,1994-08-14,1994,8,14,0.0096509866641683
Ca Mau,1994-08-15,1994,8,15,7.885705190817712
Ca Mau,1994-08-16,1994,8,16,2.6536627612116126
Ca Mau,1994-08-17,1994,8,17,11.921880214955962
Ca Mau,1994-08-18,1994,8,18,3.8810342641000015
Ca Mau,1994-08-19,1994,8,19,2.722414641356166
Ca Mau,1994-08-20,1994,8,20,0.0002390779870164727
Ca Mau,1994-08-21,1994,8,21,0.80158819410468
Ca Mau,1994-08-22,1994,8,22,20.77102472463753
Ca Mau,1994-08-23,1994,8,23,44.51802514716894
Ca Mau,1994-08-24,1994,8,24,30.361047519593903
Ca Mau,1994-08-25,1994,8,25,3.758025346988275
Ca Mau,1994-08-26,1994,8,26,1.696138232387828
Ca Mau,1994-08-27,1994,8,27,16.74879063532532
Ca Mau,1994-08-28,1994,8,28,40.080341320192105
Ca Mau,1994-08-29,1994,8,29,18.781294940541787
Ca Mau,1994-08-30,1994,8,30,10.121656365755689
Ca Mau,1994-08-31,1994,8,31,11.085365660515642
Ca Mau,1994-09-01,1994,9,1,2.5367559014111225
Ca Mau,1994-09-02,1994,9,2,3.723247052392188
Ca Mau,1994-09-03,1994,9,3,10.023507090675077
Ca Mau,1994-09-04,1994,9,4,34.55126335398896
Ca Mau,1994-09-05,1994,9,5,16.957835923749716
Ca Mau,1994-09-06,1994,9,6,16.363571564963113
Ca Mau,1994-09-07,1994,9,7,0.0
Ca Mau,1994-09-08,1994,9,8,2.7232632960723286
Ca Mau,1994-09-09,1994,9,9,0.0
Ca Mau,1994-09-10,1994,9,10,17.657544084541968
Ca Mau,1994-09-11,1994,9,11,1.8835006137496764
Ca Mau,1994-09-12,1994,9,12,2.354410021731399
Ca Mau,1994-09-13,1994,9,13,6.476989386709095
Ca Mau,1994-09-14,1994,9,14,0.5743365946080551
Ca Mau,1994-09-15,1994,9,15,10.264144237566532
Ca Mau,1994-09-16,1994,9,16,28.223474520689933
Ca Mau,1994-09-17,1994,9,17,4.0357960036797005
Ca Mau,1994-09-18,1994,9,18,33.56989291194996
Ca Mau,1994-09-19,1994,9,19,0.0187047157423095
Ca Mau,1994-09-20,1994,9,20,0.0089611069286893
Ca Mau,1994-09-21,1994,9,21,0.0002222305305635483
Ca Mau,1994-09-22,1994,9,22,0.3687880142279953
Ca Mau,1994-09-23,1994,9,23,1.8156454917336249
Ca Mau,1994-09-24,1994,9,24,1.720425865530716
Ca Mau,1994-09-25,1994,9,25,1.299307185976329
Ca Mau,1994-09-26,1994,9,26,2.952384378810604
Ca Mau,1994-09-27,1994,9,27,13.936462448173383
Ca Mau,1994-09-28,1994,9,28,3.356541680913091
Ca Mau,1994-09-29,1994,9,29,11.576760645653998
Ca Mau,1994-09-30,1994,9,30,12.056396221370417
Ca Mau,1994-10-01,1994,10,1,1.4233486707059912
Ca Mau,1994-10-02,1994,10,2,19.239177238074515
Ca Mau,1994-10-03,1994,10,3,9.784842580394706
Ca Mau,1994-10-04,1994,10,4,4.6563013381310085
Ca Mau,1994-10-05,1994,10,5,0.000689711128930227
Ca Mau,1994-10-06,1994,10,6,0.1855121497357627
Ca Mau,1994-10-07,1994,10,7,17.661398779578334
Ca Mau,1994-10-08,1994,10,8,8.16549853607562
Ca Mau,1994-10-09,1994,10,9,2.392130293060172
Ca Mau,1994-10-10,1994,10,10,1.746945055915627
Ca Mau,1994-10-11,1994,10,11,4.400798441745353
Ca Mau,1994-10-12,1994,10,12,12.945880969101175
Ca Mau,1994-10-13,1994,10,13,1.9823235557149956
Ca Mau,1994-10-14,1994,10,14,9.009881676738903
Ca Mau,1994-10-15,1994,10,15,9.4726617663306
Ca Mau,1994-10-16,1994,10,16,3.286094510236344
Ca Mau,1994-10-17,1994,10,17,2.846810130598396
Ca Mau,1994-10-18,1994,10,18,5.054854663847944
Ca Mau,1994-10-19,1994,10,19,25.010182859026983
Ca Mau,1994-10-20,1994,10,20,9.394969421789106
Ca Mau,1994-10-21,1994,10,21,32.84058263515909
Ca Mau,1994-10-22,1994,10,22,0.2394675321453573
Ca Mau,1994-10-23,1994,10,23,3.3694314640082945
Ca Mau,1994-10-24,1994,10,24,8.035356690113897
Ca Mau,1994-10-25,1994,10,25,15.114833266335802
Ca Mau,1994-10-26,1994,10,26,29.11385495585032
Ca Mau,1994-10-27,1994,10,27,0.0
Ca Mau,1994-10-28,1994,10,28,0.0
Ca Mau,1994-10-29,1994,10,29,22.211756173003263
Ca Mau,1994-10-30,1994,10,30,13.37247475424946
Ca Mau,1994-10-31,1994,10,31,0.0
Ca Mau,1994-11-01,1994,11,1,0.0
Ca Mau,1994-11-02,1994,11,2,0.9078731718670217
Ca Mau,1994-11-03,1994,11,3,0.0
Ca Mau,1994-11-04,1994,11,4,6.869372495698961
Ca Mau,1994-11-05,1994,11,5,13.41131915645776
Ca Mau,1994-11-06,1994,11,6,3.4809178558539755
Ca Mau,1994-11-07,1994,11,7,0.0
Ca Mau,1994-11-08,1994,11,8,0.0
Ca Mau,1994-11-09,1994,11,9,0.0
Ca Mau,1994-11-10,1994,11,10,0.0
Ca Mau,1994-11-11,1994,11,11,0.5669929549512438
Ca Mau,1994-11-12,1994,11,12,0.0
Ca Mau,1994-11-13,1994,11,13,12.588620744393348
Ca Mau,1994-11-14,1994,11,14,0.0
Ca Mau,1994-11-15,1994,11,15,0.0
Ca Mau,1994-11-16,1994,11,16,0.0
Ca Mau,1994-11-17,1994,11,17,1.2879647473199918
Ca Mau,1994-11-18,1994,11,18,0.0
Ca Mau,1994-11-19,1994,11,19,4.12382806069978
Ca Mau,1994-11-20,1994,11,20,0.0269007579555246
Ca Mau,1994-11-21,1994,11,21,0.0304482187602799
Ca Mau,1994-11-22,1994,11,22,0.0
Ca Mau,1994-11-23,1994,11,23,7.0847083729440685
Ca Mau,1994-11-24,1994,11,24,0.7767907548628238
Ca Mau,1994-11-25,1994,11,25,0.0
Ca Mau,1994-11-26,1994,11,26,0.2121037708318364
Ca Mau,1994-11-27,1994,11,27,0.3079919157214149
Ca Mau,1994-11-28,1994,11,28,1.7477276446309034
Ca Mau,1994-11-29,1994,11,29,0.6897443538709596
Ca Mau,1994-11-30,1994,11,30,2.7632646697968664
Ca Mau,1994-12-01,1994,12,1,0.4118440895281652
Ca Mau,1994-12-02,1994,12,2,0.0
Ca Mau,1994-12-03,1994,12,3,7.2322685269339395
Ca Mau,1994-12-04,1994,12,4,9.323166609612246
Ca Mau,1994-12-05,1994,12,5,25.34336526219834
Ca Mau,1994-12-06,1994,12,6,5.735111148931097
Ca Mau,1994-12-07,1994,12,7,6.783307139294397
Ca Mau,1994-12-08,1994,12,8,0.0
Ca Mau,1994-12-09,1994,12,9,1.6285008927030171
Ca Mau,1994-12-10,1994,12,10,0.9166581859809892
Ca Mau,1994-12-11,1994,12,11,2.666912430827536
Ca Mau,1994-12-12,1994,12,12,0.0218150970653294
Ca Mau,1994-12-13,1994,12,13,0.0
Ca Mau,1994-12-14,1994,12,14,0.0
Ca Mau,1994-12-15,1994,12,15,0.0
Ca Mau,1994-12-16,1994,12,16,0.0
Ca Mau,1994-12-17,1994,12,17,0.0
Ca Mau,1994-12-18,1994,12,18,0.0013411499947273
Ca Mau,1994-12-19,1994,12,19,0.8910903521197455
Ca Mau,1994-12-20,1994,12,20,0.0
Ca Mau,1994-12-21,1994,12,21,0.0
Ca Mau,1994-12-22,1994,12,22,0.0
Ca Mau,1994-12-23,1994,12,23,0.0
Ca Mau,1994-12-24,1994,12,24,0.0
Ca Mau,1994-12-25,1994,12,25,0.0
Ca Mau,1994-12-26,1994,12,26,0.00021550261574327737
Ca Mau,1994-12-27,1994,12,27,0.0
Ca Mau,1994-12-28,1994,12,28,0.0
Ca Mau,1994-12-29,1994,12,29,0.0
Ca Mau,1994-12-30,1994,12,30,0.0
Ca Mau,1994-12-31,1994,12,31,0.0
Ca Mau,1995-01-01,1995,1,1,0.0
Ca Mau,1995-01-02,1995,1,2,0.0
Ca Mau,1995-01-03,1995,1,3,0.5486056342171428
Ca Mau,1995-01-04,1995,1,4,0.0936522557520665
Ca Mau,1995-01-05,1995,1,5,0.0
Ca Mau,1995-01-06,1995,1,6,0.0
Ca Mau,1995-01-07,1995,1,7,0.0
Ca Mau,1995-01-08,1995,1,8,0.595235552048669
Ca Mau,1995-01-09,1995,1,9,0.0
Ca Mau,1995-01-10,1995,1,10,0.8203327617052824
Ca Mau,1995-01-11,1995,1,11,0.0
Ca Mau,1995-01-12,1995,1,12,0.4353769995461353
Ca Mau,1995-01-13,1995,1,13,0.0547750358533974
Ca Mau,1995-01-14,1995,1,14,5.852645585221098
Ca Mau,1995-01-15,1995,1,15,0.9201070049410508
Ca Mau,1995-01-16,1995,1,16,5.657842235159956
Ca Mau,1995-01-17,1995,1,17,0.0
Ca Mau,1995-01-18,1995,1,18,0.0
Ca Mau,1995-01-19,1995,1,19,0.0
Ca Mau,1995-01-20,1995,1,20,0.0
Ca Mau,1995-01-21,1995,1,21,0.0
Ca Mau,1995-01-22,1995,1,22,0.0
Ca Mau,1995-01-23,1995,1,23,1.8873412884330376
Ca Mau,1995-01-24,1995,1,24,0.8940352111640406
Ca Mau,1995-01-25,1995,1,25,0.2400081700576693
Ca Mau,1995-01-26,1995,1,26,0.0
Ca Mau,1995-01-27,1995,1,27,0.0
Ca Mau,1995-01-28,1995,1,28,0.0
Ca Mau,1995-01-29,1995,1,29,0.0
Ca Mau,1995-01-30,1995,1,30,0.0
Ca Mau,1995-01-31,1995,1,31,0.0
Ca Mau,1995-02-01,1995,2,1,0.0
Ca Mau,1995-02-02,1995,2,2,0.1624364080324211
Ca Mau,1995-02-03,1995,2,3,0.0
Ca Mau,1995-02-04,1995,2,4,0.0
Ca Mau,1995-02-05,1995,2,5,0.0
Ca Mau,1995-02-06,1995,2,6,0.0
Ca Mau,1995-02-07,1995,2,7,0.0
Ca Mau,1995-02-08,1995,2,8,0.0
Ca Mau,1995-02-09,1995,2,9,0.0451876542687488
Ca Mau,1995-02-10,1995,2,10,0.0
Ca Mau,1995-02-11,1995,2,11,0.0
Ca Mau,1995-02-12,1995,2,12,0.0
Ca Mau,1995-02-13,1995,2,13,0.0
Ca Mau,1995-02-14,1995,2,14,0.2031420035943155
Ca Mau,1995-02-15,1995,2,15,0.0707218621687416
Ca Mau,1995-02-16,1995,2,16,0.1166017193757133
Ca Mau,1995-02-17,1995,2,17,0.0
Ca Mau,1995-02-18,1995,2,18,0.0
Ca Mau,1995-02-19,1995,2,19,0.0
Ca Mau,1995-02-20,1995,2,20,0.0
Ca Mau,1995-02-21,1995,2,21,0.0
Ca Mau,1995-02-22,1995,2,22,0.0
Ca Mau,1995-02-23,1995,2,23,0.0372316497530081
Ca Mau,1995-02-24,1995,2,24,0.0
Ca Mau,1995-02-25,1995,2,25,6.541238712033143
Ca Mau,1995-02-26,1995,2,26,0.0
Ca Mau,1995-02-27,1995,2,27,0.0
Ca Mau,1995-02-28,1995,2,28,0.0
Ca Mau,1995-03-01,1995,3,1,0.0
Ca Mau,1995-03-02,1995,3,2,6.868887749564766
Ca Mau,1995-03-03,1995,3,3,7.553758523178076
Ca Mau,1995-03-04,1995,3,4,0.7544824496326024
Ca Mau,1995-03-05,1995,3,5,0.0
Ca Mau,1995-03-06,1995,3,6,0.0
Ca Mau,1995-03-07,1995,3,7,0.0
Ca Mau,1995-03-08,1995,3,8,0.0
Ca Mau,1995-03-09,1995,3,9,0.0
Ca Mau,1995-03-10,1995,3,10,0.0
Ca Mau,1995-03-11,1995,3,11,0.0
Ca Mau,1995-03-12,1995,3,12,0.0
Ca Mau,1995-03-13,1995,3,13,0.0
Ca Mau,1995-03-14,1995,3,14,0.0
Ca Mau,1995-03-15,1995,3,15,0.0
Ca Mau,1995-03-16,1995,3,16,0.00022363056853287464
Ca Mau,1995-03-17,1995,3,17,0.0
Ca Mau,1995-03-18,1995,3,18,0.0
Ca Mau,1995-03-19,1995,3,19,0.0630787674252038
Ca Mau,1995-03-20,1995,3,20,0.2089974972877782
Ca Mau,1995-03-21,1995,3,21,6.196560455808259
Ca Mau,1995-03-22,1995,3,22,0.0458880965175623
Ca Mau,1995-03-23,1995,3,23,0.0
Ca Mau,1995-03-24,1995,3,24,4.942163176645392
Ca Mau,1995-03-25,1995,3,25,6.209924393222008
Ca Mau,1995-03-26,1995,3,26,0.1286862101158107
Ca Mau,1995-03-27,1995,3,27,0.0
Ca Mau,1995-03-28,1995,3,28,0.0
Ca Mau,1995-03-29,1995,3,29,0.0
Ca Mau,1995-03-30,1995,3,30,0.0
Ca Mau,1995-03-31,1995,3,31,0.0023316253773967
Ca Mau,1995-04-01,1995,4,1,0.0
Ca Mau,1995-04-02,1995,4,2,0.0
Ca Mau,1995-04-03,1995,4,3,0.0
Ca Mau,1995-04-04,1995,4,4,0.0
Ca Mau,1995-04-05,1995,4,5,0.0
Ca Mau,1995-04-06,1995,4,6,0.0
Ca Mau,1995-04-07,1995,4,7,0.0
Ca Mau,1995-04-08,1995,4,8,0.0
Ca Mau,1995-04-09,1995,4,9,0.0
Ca Mau,1995-04-10,1995,4,10,0.0
Ca Mau,1995-04-11,1995,4,11,1.0285063671463928
Ca Mau,1995-04-12,1995,4,12,5.03831292622179
Ca Mau,1995-04-13,1995,4,13,1.1568292301089622
Ca Mau,1995-04-14,1995,4,14,0.4396259058559678
Ca Mau,1995-04-15,1995,4,15,1.9098817348444197
Ca Mau,1995-04-16,1995,4,16,0.2992207048260388
Ca Mau,1995-04-17,1995,4,17,0.0
Ca Mau,1995-04-18,1995,4,18,0.0
Ca Mau,1995-04-19,1995,4,19,0.0
Ca Mau,1995-04-20,1995,4,20,2.106096085597916
Ca Mau,1995-04-21,1995,4,21,2.500684073913344
Ca Mau,1995-04-22,1995,4,22,0.4097403933033979
Ca Mau,1995-04-23,1995,4,23,0.1835528966061942
Ca Mau,1995-04-24,1995,4,24,0.0
Ca Mau,1995-04-25,1995,4,25,5.9754954822442565
Ca Mau,1995-04-26,1995,4,26,0.8444486727719586
Ca Mau,1995-04-27,1995,4,27,4.3878938752838055
Ca Mau,1995-04-28,1995,4,28,8.83480340891046
Ca Mau,1995-04-29,1995,4,29,0.0
Ca Mau,1995-04-30,1995,4,30,0.0
Ca Mau,1995-05-01,1995,5,1,0.0
Ca Mau,1995-05-02,1995,5,2,0.0
Ca Mau,1995-05-03,1995,5,3,3.1341504041272192
Ca Mau,1995-05-04,1995,5,4,6.070227433081626
Ca Mau,1995-05-05,1995,5,5,0.0
Ca Mau,1995-05-06,1995,5,6,0.0
Ca Mau,1995-05-07,1995,5,7,9.628459438807736
Ca Mau,1995-05-08,1995,5,8,0.8818140519285148
Ca Mau,1995-05-09,1995,5,9,0.0
Ca Mau,1995-05-10,1995,5,10,10.98688767529673
Ca Mau,1995-05-11,1995,5,11,5.017809349534519
Ca Mau,1995-05-12,1995,5,12,16.68687201296729
Ca Mau,1995-05-13,1995,5,13,26.690095841434164
Ca Mau,1995-05-14,1995,5,14,9.180517113104262
Ca Mau,1995-05-15,1995,5,15,2.9089190316405675
Ca Mau,1995-05-16,1995,5,16,0.3047867620582305
Ca Mau,1995-05-17,1995,5,17,0.0
Ca Mau,1995-05-18,1995,5,18,7.747976935742269
Ca Mau,1995-05-19,1995,5,19,8.093765198337557
Ca Mau,1995-05-20,1995,5,20,0.0
Ca Mau,1995-05-21,1995,5,21,0.0518732773097279
Ca Mau,1995-05-22,1995,5,22,1.7591068860292085
Ca Mau,1995-05-23,1995,5,23,2.16790223185383
Ca Mau,1995-05-24,1995,5,24,3.937924599236706
Ca Mau,1995-05-25,1995,5,25,12.941117170680103
Ca Mau,1995-05-26,1995,5,26,17.18273552211663
Ca Mau,1995-05-27,1995,5,27,21.36762530453045
Ca Mau,1995-05-28,1995,5,28,13.307996418322594
Ca Mau,1995-05-29,1995,5,29,5.234004297650712
Ca Mau,1995-05-30,1995,5,30,6.04137706300728
Ca Mau,1995-05-31,1995,5,31,13.379729671554673
Ca Mau,1995-06-01,1995,6,1,22.22593622320887
Ca Mau,1995-06-02,1995,6,2,17.55454504302508
Ca Mau,1995-06-03,1995,6,3,16.95311503707823
Ca Mau,1995-06-04,1995,6,4,15.233180769724823
Ca Mau,1995-06-05,1995,6,5,3.6838508326168378
Ca Mau,1995-06-06,1995,6,6,11.083631954483575
Ca Mau,1995-06-07,1995,6,7,4.148554519611663
Ca Mau,1995-06-08,1995,6,8,8.071843901498216
Ca Mau,1995-06-09,1995,6,9,14.17378321081905
Ca Mau,1995-06-10,1995,6,10,5.886608749339774
Ca Mau,1995-06-11,1995,6,11,0.7699831955792541
Ca Mau,1995-06-12,1995,6,12,11.121265425746577
Ca Mau,1995-06-13,1995,6,13,4.84500029502029
Ca Mau,1995-06-14,1995,6,14,3.4232937608819647
Ca Mau,1995-06-15,1995,6,15,7.15740329092943
Ca Mau,1995-06-16,1995,6,16,8.721665719994759
Ca Mau,1995-06-17,1995,6,17,11.381900997942784
Ca Mau,1995-06-18,1995,6,18,20.476172352770508
Ca Mau,1995-06-19,1995,6,19,3.652757914549929
Ca Mau,1995-06-20,1995,6,20,1.3979944315217578
Ca Mau,1995-06-21,1995,6,21,8.884552783777597
Ca Mau,1995-06-22,1995,6,22,10.794138971333274
Ca Mau,1995-06-23,1995,6,23,11.916881512773948
Ca Mau,1995-06-24,1995,6,24,21.11929907847958
Ca Mau,1995-06-25,1995,6,25,2.44937703935058
Ca Mau,1995-06-26,1995,6,26,3.5666684694813435
Ca Mau,1995-06-27,1995,6,27,28.258531227473625
Ca Mau,1995-06-28,1995,6,28,25.19297697163551
Ca Mau,1995-06-29,1995,6,29,21.33405461283953
Ca Mau,1995-06-30,1995,6,30,8.04347580311845
Ca Mau,1995-07-01,1995,7,1,4.172240908179961
Ca Mau,1995-07-02,1995,7,2,0.4017566624384694
Ca Mau,1995-07-03,1995,7,3,5.144978739276187
Ca Mau,1995-07-04,1995,7,4,9.70340530016204
Ca Mau,1995-07-05,1995,7,5,2.9166599762690195
Ca Mau,1995-07-06,1995,7,6,9.546120713792629
Ca Mau,1995-07-07,1995,7,7,21.04810493621422
Ca Mau,1995-07-08,1995,7,8,11.436530212753492
Ca Mau,1995-07-09,1995,7,9,7.3107495457879965
Ca Mau,1995-07-10,1995,7,10,18.08996659929909
Ca Mau,1995-07-11,1995,7,11,3.5562252143292064
Ca Mau,1995-07-12,1995,7,12,2.7469997324923376
Ca Mau,1995-07-13,1995,7,13,3.773080264876948
Ca Mau,1995-07-14,1995,7,14,2.487664366782865
Ca Mau,1995-07-15,1995,7,15,8.684615747879253
Ca Mau,1995-07-16,1995,7,16,6.157083157373383
Ca Mau,1995-07-17,1995,7,17,6.28416166114458
Ca Mau,1995-07-18,1995,7,18,3.793993684020629
Ca Mau,1995-07-19,1995,7,19,2.046398741617673
Ca Mau,1995-07-20,1995,7,20,2.4312167174150185
Ca Mau,1995-07-21,1995,7,21,4.744434550098239
Ca Mau,1995-07-22,1995,7,22,9.272333991638371
Ca Mau,1995-07-23,1995,7,23,7.181099469299367
Ca Mau,1995-07-24,1995,7,24,13.600755802962702
Ca Mau,1995-07-25,1995,7,25,1.9773258176849575
Ca Mau,1995-07-26,1995,7,26,2.268084383203661
Ca Mau,1995-07-27,1995,7,27,2.6939231293521457
Ca Mau,1995-07-28,1995,7,28,5.4410913956623
Ca Mau,1995-07-29,1995,7,29,20.242244610385
Ca Mau,1995-07-30,1995,7,30,39.15137030216703
Ca Mau,1995-07-31,1995,7,31,9.127667682193575
Ca Mau,1995-08-01,1995,8,1,1.383346925438928
Ca Mau,1995-08-02,1995,8,2,0.5359197606432828
Ca Mau,1995-08-03,1995,8,3,18.21458258439293
Ca Mau,1995-08-04,1995,8,4,7.715769175669811
Ca Mau,1995-08-05,1995,8,5,7.565517637324596
Ca Mau,1995-08-06,1995,8,6,8.547763799669669
Ca Mau,1995-08-07,1995,8,7,2.415524625441256
Ca Mau,1995-08-08,1995,8,8,14.258298173952207
Ca Mau,1995-08-09,1995,8,9,0.0769497068303816
Ca Mau,1995-08-10,1995,8,10,0.3529643404332442
Ca Mau,1995-08-11,1995,8,11,0.2310568364708715
Ca Mau,1995-08-12,1995,8,12,0.0722476377848991
Ca Mau,1995-08-13,1995,8,13,13.803586773223
Ca Mau,1995-08-14,1995,8,14,9.908004349140406
Ca Mau,1995-08-15,1995,8,15,14.834166553894011
Ca Mau,1995-08-16,1995,8,16,6.590274806043189
Ca Mau,1995-08-17,1995,8,17,10.983133192992852
Ca Mau,1995-08-18,1995,8,18,5.362023707826094
Ca Mau,1995-08-19,1995,8,19,3.1055981026198896
Ca Mau,1995-08-20,1995,8,20,8.977430042424473
Ca Mau,1995-08-21,1995,8,21,7.613702887513799
Ca Mau,1995-08-22,1995,8,22,18.709834037895945
Ca Mau,1995-08-23,1995,8,23,13.23155036711888
Ca Mau,1995-08-24,1995,8,24,1.8725641666941957
Ca Mau,1995-08-25,1995,8,25,0.9968550355593702
Ca Mau,1995-08-26,1995,8,26,41.36350656449436
Ca Mau,1995-08-27,1995,8,27,56.34138266044921
Ca Mau,1995-08-28,1995,8,28,23.575486028875527
Ca Mau,1995-08-29,1995,8,29,14.899859430694091
Ca Mau,1995-08-30,1995,8,30,0.0109833421223901
Ca Mau,1995-08-31,1995,8,31,7.4068575490630995
Ca Mau,1995-09-01,1995,9,1,3.297630029200085
Ca Mau,1995-09-02,1995,9,2,14.944667369559722
Ca Mau,1995-09-03,1995,9,3,51.4043766688623
Ca Mau,1995-09-04,1995,9,4,10.26758827948369
Ca Mau,1995-09-05,1995,9,5,6.913085494050816
Ca Mau,1995-09-06,1995,9,6,23.13070728821724
Ca Mau,1995-09-07,1995,9,7,32.67126868241789
Ca Mau,1995-09-08,1995,9,8,3.732439839151637
Ca Mau,1995-09-09,1995,9,9,2.5812085836116774
Ca Mau,1995-09-10,1995,9,10,25.47512961806057
Ca Mau,1995-09-11,1995,9,11,11.923000982920888
Ca Mau,1995-09-12,1995,9,12,4.363956608292631
Ca Mau,1995-09-13,1995,9,13,2.823298370760688
Ca Mau,1995-09-14,1995,9,14,22.760987034984208
Ca Mau,1995-09-15,1995,9,15,20.29514985130661
Ca Mau,1995-09-16,1995,9,16,11.839240802404674
Ca Mau,1995-09-17,1995,9,17,4.747081490839409
Ca Mau,1995-09-18,1995,9,18,10.181774692868927
Ca Mau,1995-09-19,1995,9,19,42.49078788452456
Ca Mau,1995-09-20,1995,9,20,17.7326587406691
Ca Mau,1995-09-21,1995,9,21,4.473067831279579
Ca Mau,1995-09-22,1995,9,22,4.524601695047831
Ca Mau,1995-09-23,1995,9,23,5.19397715294448
Ca Mau,1995-09-24,1995,9,24,15.54842591688416
Ca Mau,1995-09-25,1995,9,25,1.5180508088964657
Ca Mau,1995-09-26,1995,9,26,11.658030280701476
Ca Mau,1995-09-27,1995,9,27,3.020255912829556
Ca Mau,1995-09-28,1995,9,28,5.598355247165014
Ca Mau,1995-09-29,1995,9,29,10.04826199215586
Ca Mau,1995-09-30,1995,9,30,2.1899140316637142
Ca Mau,1995-10-01,1995,10,1,2.98902745226887
Ca Mau,1995-10-02,1995,10,2,8.080374621026031
Ca Mau,1995-10-03,1995,10,3,45.95969806043963
Ca Mau,1995-10-04,1995,10,4,29.86470258677381
Ca Mau,1995-10-05,1995,10,5,4.908329654948961
Ca Mau,1995-10-06,1995,10,6,23.82442394624201
Ca Mau,1995-10-07,1995,10,7,15.532852894805618
Ca Mau,1995-10-08,1995,10,8,2.680349214297541
Ca Mau,1995-10-09,1995,10,9,17.12273463786117
Ca Mau,1995-10-10,1995,10,10,21.915110891475432
Ca Mau,1995-10-11,1995,10,11,16.348984999597942
Ca Mau,1995-10-12,1995,10,12,1.38946256461354
Ca Mau,1995-10-13,1995,10,13,2.030651153899739
Ca Mau,1995-10-14,1995,10,14,0.3043319601047573
Ca Mau,1995-10-15,1995,10,15,3.0919314594950627
Ca Mau,1995-10-16,1995,10,16,2.173642131007821
Ca Mau,1995-10-17,1995,10,17,0.0
Ca Mau,1995-10-18,1995,10,18,0.7606438584085174
Ca Mau,1995-10-19,1995,10,19,1.397028930169928
Ca Mau,1995-10-20,1995,10,20,2.604024252096393
Ca Mau,1995-10-21,1995,10,21,4.310901705999978
Ca Mau,1995-10-22,1995,10,22,9.02646070893544
Ca Mau,1995-10-23,1995,10,23,7.40087048231006
Ca Mau,1995-10-24,1995,10,24,2.987115617116246
Ca Mau,1995-10-25,1995,10,25,12.09144194821457
Ca Mau,1995-10-26,1995,10,26,3.065322488438262
Ca Mau,1995-10-27,1995,10,27,2.1243171158281613
Ca Mau,1995-10-28,1995,10,28,14.666792641014336
Ca Mau,1995-10-29,1995,10,29,6.224616958303638
Ca Mau,1995-10-30,1995,10,30,7.526193839309801
Ca Mau,1995-10-31,1995,10,31,0.5856958679503514
Ca Mau,1995-11-01,1995,11,1,0.196208331864575
Ca Mau,1995-11-02,1995,11,2,10.937476149547347
Ca Mau,1995-11-03,1995,11,3,4.791735367982356
Ca Mau,1995-11-04,1995,11,4,5.234811569409765
Ca Mau,1995-11-05,1995,11,5,0.0
Ca Mau,1995-11-06,1995,11,6,0.6245484486798857
Ca Mau,1995-11-07,1995,11,7,12.568688660977184
Ca Mau,1995-11-08,1995,11,8,0.0224629892385424
Ca Mau,1995-11-09,1995,11,9,10.586183920953124
Ca Mau,1995-11-10,1995,11,10,7.224128615385896
Ca Mau,1995-11-11,1995,11,11,17.9726742305258
Ca Mau,1995-11-12,1995,11,12,0.6812855440136746
Ca Mau,1995-11-13,1995,11,13,0.7366120337521009
Ca Mau,1995-11-14,1995,11,14,28.75680383314642
Ca Mau,1995-11-15,1995,11,15,5.103475002939066
Ca Mau,1995-11-16,1995,11,16,0.0388102517919356
Ca Mau,1995-11-17,1995,11,17,0.920002689582838
Ca Mau,1995-11-18,1995,11,18,8.409892016357354
Ca Mau,1995-11-19,1995,11,19,2.336019929890333
Ca Mau,1995-11-20,1995,11,20,0.2995600097034547
Ca Mau,1995-11-21,1995,11,21,0.0988624583673016
Ca Mau,1995-11-22,1995,11,22,2.8405664342995
Ca Mau,1995-11-23,1995,11,23,0.4515465869598696
Ca Mau,1995-11-24,1995,11,24,7.304557497314705
Ca Mau,1995-11-25,1995,11,25,38.352078250865
Ca Mau,1995-11-26,1995,11,26,22.677968513116955
Ca Mau,1995-11-27,1995,11,27,1.210927958594593
Ca Mau,1995-11-28,1995,11,28,0.0
Ca Mau,1995-11-29,1995,11,29,0.7289882491837105
Ca Mau,1995-11-30,1995,11,30,9.475661867452477
Ca Mau,1995-12-01,1995,12,1,20.067136579604217
Ca Mau,1995-12-02,1995,12,2,0.8363121205798951
Ca Mau,1995-12-03,1995,12,3,3.3742756467704487
Ca Mau,1995-12-04,1995,12,4,1.0683822050384344
Ca Mau,1995-12-05,1995,12,5,6.370683841037925
Ca Mau,1995-12-06,1995,12,6,0.1056001552683555
Ca Mau,1995-12-07,1995,12,7,1.3692283250004096
Ca Mau,1995-12-08,1995,12,8,0.0
Ca Mau,1995-12-09,1995,12,9,0.0
Ca Mau,1995-12-10,1995,12,10,6.985296347283253
Ca Mau,1995-12-11,1995,12,11,2.228331794536605
Ca Mau,1995-12-12,1995,12,12,0.6208796138450631
Ca Mau,1995-12-13,1995,12,13,0.0
Ca Mau,1995-12-14,1995,12,14,0.0415832409691493
Ca Mau,1995-12-15,1995,12,15,0.0025583470674927
Ca Mau,1995-12-16,1995,12,16,0.0
Ca Mau,1995-12-17,1995,12,17,3.0050084582443257
Ca Mau,1995-12-18,1995,12,18,8.357619365566878
Ca Mau,1995-12-19,1995,12,19,0.8685096445546332
Ca Mau,1995-12-20,1995,12,20,0.0566518447275173
Ca Mau,1995-12-21,1995,12,21,0.0
Ca Mau,1995-12-22,1995,12,22,0.0
Ca Mau,1995-12-23,1995,12,23,0.0
Ca Mau,1995-12-24,1995,12,24,0.0
Ca Mau,1995-12-25,1995,12,25,0.0
Ca Mau,1995-12-26,1995,12,26,6.478083035191287
Ca Mau,1995-12-27,1995,12,27,0.0874930222709061
Ca Mau,1995-12-28,1995,12,28,0.00021996876132531504
Ca Mau,1995-12-29,1995,12,29,0.0
Ca Mau,1995-12-30,1995,12,30,0.0
Ca Mau,1995-12-31,1995,12,31,0.0
Ca Mau,1996-01-01,1996,1,1,0.0
Ca Mau,1996-01-02,1996,1,2,1.0702071918091292
Ca Mau,1996-01-03,1996,1,3,0.0
Ca Mau,1996-01-04,1996,1,4,0.0
Ca Mau,1996-01-05,1996,1,5,0.0
Ca Mau,1996-01-06,1996,1,6,0.0
Ca Mau,1996-01-07,1996,1,7,0.00014410647670620158
Ca Mau,1996-01-08,1996,1,8,0.0
Ca Mau,1996-01-09,1996,1,9,0.0
Ca Mau,1996-01-10,1996,1,10,0.0
Ca Mau,1996-01-11,1996,1,11,0.0
Ca Mau,1996-01-12,1996,1,12,0.0
Ca Mau,1996-01-13,1996,1,13,0.0
Ca Mau,1996-01-14,1996,1,14,0.0
Ca Mau,1996-01-15,1996,1,15,0.0
Ca Mau,1996-01-16,1996,1,16,0.0
Ca Mau,1996-01-17,1996,1,17,0.0
Ca Mau,1996-01-18,1996,1,18,0.0
Ca Mau,1996-01-19,1996,1,19,0.0
Ca Mau,1996-01-20,1996,1,20,0.0
Ca Mau,1996-01-21,1996,1,21,0.0
Ca Mau,1996-01-22,1996,1,22,0.0295513083633517
Ca Mau,1996-01-23,1996,1,23,0.7266213619471177
Ca Mau,1996-01-24,1996,1,24,0.6960484852750833
Ca Mau,1996-01-25,1996,1,25,3.283581295038295
Ca Mau,1996-01-26,1996,1,26,0.0
Ca Mau,1996-01-27,1996,1,27,1.8610803612756768
Ca Mau,1996-01-28,1996,1,28,4.264067636341075
Ca Mau,1996-01-29,1996,1,29,0.999034135664353
Ca Mau,1996-01-30,1996,1,30,0.1122917129400275
Ca Mau,1996-01-31,1996,1,31,0.9479174264487076
Ca Mau,1996-02-01,1996,2,1,0.6053167113126624
Ca Mau,1996-02-02,1996,2,2,0.0
Ca Mau,1996-02-03,1996,2,3,1.757622795015069
Ca Mau,1996-02-04,1996,2,4,0.029502537038443
Ca Mau,1996-02-05,1996,2,5,0.2269176897314685
Ca Mau,1996-02-06,1996,2,6,0.0283099874592822
Ca Mau,1996-02-07,1996,2,7,0.0
Ca Mau,1996-02-08,1996,2,8,0.0764034703518056
Ca Mau,1996-02-09,1996,2,9,0.0
Ca Mau,1996-02-10,1996,2,10,0.5254107262565337
Ca Mau,1996-02-11,1996,2,11,0.0
Ca Mau,1996-02-12,1996,2,12,0.0
Ca Mau,1996-02-13,1996,2,13,0.0
Ca Mau,1996-02-14,1996,2,14,0.0
Ca Mau,1996-02-15,1996,2,15,0.0
Ca Mau,1996-02-16,1996,2,16,0.0
Ca Mau,1996-02-17,1996,2,17,0.0
Ca Mau,1996-02-18,1996,2,18,0.0
Ca Mau,1996-02-19,1996,2,19,0.9263766278730128
Ca Mau,1996-02-20,1996,2,20,0.0
Ca Mau,1996-02-21,1996,2,21,0.4546513610227798
Ca Mau,1996-02-22,1996,2,22,0.0130388808708092
Ca Mau,1996-02-23,1996,2,23,0.0533340596914868
Ca Mau,1996-02-24,1996,2,24,0.0
Ca Mau,1996-02-25,1996,2,25,0.0
Ca Mau,1996-02-26,1996,2,26,0.1854484963671112
Ca Mau,1996-02-27,1996,2,27,0.0875378019495123
Ca Mau,1996-02-28,1996,2,28,0.0
Ca Mau,1996-02-29,1996,2,29,0.0
Ca Mau,1996-03-01,1996,3,1,0.0
Ca Mau,1996-03-02,1996,3,2,0.0
Ca Mau,1996-03-03,1996,3,3,0.0
Ca Mau,1996-03-04,1996,3,4,0.0
Ca Mau,1996-03-05,1996,3,5,0.8172115581301567
Ca Mau,1996-03-06,1996,3,6,0.0
Ca Mau,1996-03-07,1996,3,7,0.0
Ca Mau,1996-03-08,1996,3,8,1.8399977053897385
Ca Mau,1996-03-09,1996,3,9,1.6441306660296413
Ca Mau,1996-03-10,1996,3,10,0.5313090595631821
Ca Mau,1996-03-11,1996,3,11,0.0
Ca Mau,1996-03-12,1996,3,12,0.0
Ca Mau,1996-03-13,1996,3,13,0.0
Ca Mau,1996-03-14,1996,3,14,0.0
Ca Mau,1996-03-15,1996,3,15,0.0
Ca Mau,1996-03-16,1996,3,16,0.0
Ca Mau,1996-03-17,1996,3,17,0.0
Ca Mau,1996-03-18,1996,3,18,0.0
Ca Mau,1996-03-19,1996,3,19,0.0
Ca Mau,1996-03-20,1996,3,20,0.0
Ca Mau,1996-03-21,1996,3,21,0.0
Ca Mau,1996-03-22,1996,3,22,2.601219688732507
Ca Mau,1996-03-23,1996,3,23,0.0094300432281597
Ca Mau,1996-03-24,1996,3,24,0.0302269862381405
Ca Mau,1996-03-25,1996,3,25,0.0302269862381405
Ca Mau,1996-03-26,1996,3,26,0.3654953777123393
Ca Mau,1996-03-27,1996,3,27,0.0
Ca Mau,1996-03-28,1996,3,28,0.0
Ca Mau,1996-03-29,1996,3,29,0.0
Ca Mau,1996-03-30,1996,3,30,0.0
Ca Mau,1996-03-31,1996,3,31,4.629757077006362
Ca Mau,1996-04-01,1996,4,1,0.0647366575743584
Ca Mau,1996-04-02,1996,4,2,0.0
Ca Mau,1996-04-03,1996,4,3,0.0
Ca Mau,1996-04-04,1996,4,4,0.0893294746202598
Ca Mau,1996-04-05,1996,4,5,0.0
Ca Mau,1996-04-06,1996,4,6,3.321185892148276
Ca Mau,1996-04-07,1996,4,7,0.0394788489394349
Ca Mau,1996-04-08,1996,4,8,0.4479900846728537
Ca Mau,1996-04-09,1996,4,9,0.6486578571104517
Ca Mau,1996-04-10,1996,4,10,3.115924274816912
Ca Mau,1996-04-11,1996,4,11,0.1597879457016089
Ca Mau,1996-04-12,1996,4,12,0.0
Ca Mau,1996-04-13,1996,4,13,0.7659561117388032
Ca Mau,1996-04-14,1996,4,14,0.0
Ca Mau,1996-04-15,1996,4,15,0.555180123006022
Ca Mau,1996-04-16,1996,4,16,4.35217193290231
Ca Mau,1996-04-17,1996,4,17,3.815607888360556
Ca Mau,1996-04-18,1996,4,18,6.719883641595208
Ca Mau,1996-04-19,1996,4,19,5.839750634323913
Ca Mau,1996-04-20,1996,4,20,7.817129367514276
Ca Mau,1996-04-21,1996,4,21,13.50657342055401
Ca Mau,1996-04-22,1996,4,22,5.965732405243722
Ca Mau,1996-04-23,1996,4,23,11.507043043324927
Ca Mau,1996-04-24,1996,4,24,4.613231238135405
Ca Mau,1996-04-25,1996,4,25,1.2491886504580068
Ca Mau,1996-04-26,1996,4,26,0.0
Ca Mau,1996-04-27,1996,4,27,0.0
Ca Mau,1996-04-28,1996,4,28,1.3054716384360412
Ca Mau,1996-04-29,1996,4,29,1.0184242226534774
Ca Mau,1996-04-30,1996,4,30,15.975085409243285
Ca Mau,1996-05-01,1996,5,1,8.927210374531464
Ca Mau,1996-05-02,1996,5,2,6.792623912958382
Ca Mau,1996-05-03,1996,5,3,4.531015083193779
Ca Mau,1996-05-04,1996,5,4,6.385174560719853
Ca Mau,1996-05-05,1996,5,5,4.66682203287009
Ca Mau,1996-05-06,1996,5,6,1.6339378557162323
Ca Mau,1996-05-07,1996,5,7,2.918493170953361
Ca Mau,1996-05-08,1996,5,8,7.211324081676221
Ca Mau,1996-05-09,1996,5,9,7.78213094977579
Ca Mau,1996-05-10,1996,5,10,5.145098355870152
Ca Mau,1996-05-11,1996,5,11,3.2228314266095293
Ca Mau,1996-05-12,1996,5,12,7.1776439622585135
Ca Mau,1996-05-13,1996,5,13,17.11812158375799
Ca Mau,1996-05-14,1996,5,14,25.53965569587545
Ca Mau,1996-05-15,1996,5,15,6.097632207886341
Ca Mau,1996-05-16,1996,5,16,8.881078306058518
Ca Mau,1996-05-17,1996,5,17,7.695030595598232
Ca Mau,1996-05-18,1996,5,18,20.31931841019385
Ca Mau,1996-05-19,1996,5,19,12.34569672432964
Ca Mau,1996-05-20,1996,5,20,7.633225290278176
Ca Mau,1996-05-21,1996,5,21,7.089373442334233
Ca Mau,1996-05-22,1996,5,22,1.7627785500891269
Ca Mau,1996-05-23,1996,5,23,2.1333019679464056
Ca Mau,1996-05-24,1996,5,24,4.374015803492779
Ca Mau,1996-05-25,1996,5,25,1.2965502582553514
Ca Mau,1996-05-26,1996,5,26,10.552611186821135
Ca Mau,1996-05-27,1996,5,27,17.295964443887243
Ca Mau,1996-05-28,1996,5,28,18.365562501785767
Ca Mau,1996-05-29,1996,5,29,6.864844466621531
Ca Mau,1996-05-30,1996,5,30,1.877743611727113
Ca Mau,1996-05-31,1996,5,31,5.542377875813768
Ca Mau,1996-06-01,1996,6,1,0.2357579711666996
Ca Mau,1996-06-02,1996,6,2,7.708857312221917
Ca Mau,1996-06-03,1996,6,3,6.922163330838359
Ca Mau,1996-06-04,1996,6,4,13.54805494966538
Ca Mau,1996-06-05,1996,6,5,1.5171827201831734
Ca Mau,1996-06-06,1996,6,6,4.305290694545591
Ca Mau,1996-06-07,1996,6,7,18.643764094869645
Ca Mau,1996-06-08,1996,6,8,29.440444931405946
Ca Mau,1996-06-09,1996,6,9,9.310935647259528
Ca Mau,1996-06-10,1996,6,10,15.4096757789495
Ca Mau,1996-06-11,1996,6,11,9.933086253333272
Ca Mau,1996-06-12,1996,6,12,14.342003170035992
Ca Mau,1996-06-13,1996,6,13,24.471534411935316
Ca Mau,1996-06-14,1996,6,14,4.438366542830434
Ca Mau,1996-06-15,1996,6,15,14.932324373988752
Ca Mau,1996-06-16,1996,6,16,35.350310416344875
Ca Mau,1996-06-17,1996,6,17,12.23216009709394
Ca Mau,1996-06-18,1996,6,18,17.049787728825393
Ca Mau,1996-06-19,1996,6,19,5.306940914191388
Ca Mau,1996-06-20,1996,6,20,1.587966674778886
Ca Mau,1996-06-21,1996,6,21,5.183592145125122
Ca Mau,1996-06-22,1996,6,22,1.7558711389126995
Ca Mau,1996-06-23,1996,6,23,7.168134626983122
Ca Mau,1996-06-24,1996,6,24,7.010722990970981
Ca Mau,1996-06-25,1996,6,25,0.5868355086278241
Ca Mau,1996-06-26,1996,6,26,0.0
Ca Mau,1996-06-27,1996,6,27,0.6974239446934509
Ca Mau,1996-06-28,1996,6,28,3.5864582806014824
Ca Mau,1996-06-29,1996,6,29,2.0484538280924265
Ca Mau,1996-06-30,1996,6,30,4.648034855462117
Ca Mau,1996-07-01,1996,7,1,5.221348522125127
Ca Mau,1996-07-02,1996,7,2,0.5067687327359797
Ca Mau,1996-07-03,1996,7,3,4.242855233817106
Ca Mau,1996-07-04,1996,7,4,4.878705195578081
Ca Mau,1996-07-05,1996,7,5,4.119466607653714
Ca Mau,1996-07-06,1996,7,6,3.96186626850748
Ca Mau,1996-07-07,1996,7,7,2.316614822285226
Ca Mau,1996-07-08,1996,7,8,0.9731806834828578
Ca Mau,1996-07-09,1996,7,9,4.309180217974133
Ca Mau,1996-07-10,1996,7,10,5.544654749331607
Ca Mau,1996-07-11,1996,7,11,18.569200259868733
Ca Mau,1996-07-12,1996,7,12,25.458782136566427
Ca Mau,1996-07-13,1996,7,13,3.3252106198754983
Ca Mau,1996-07-14,1996,7,14,0.9064146185962728
Ca Mau,1996-07-15,1996,7,15,17.461381896096036
Ca Mau,1996-07-16,1996,7,16,6.974064238567669
Ca Mau,1996-07-17,1996,7,17,7.043888337326835
Ca Mau,1996-07-18,1996,7,18,5.61503629323361
Ca Mau,1996-07-19,1996,7,19,5.106857851098105
Ca Mau,1996-07-20,1996,7,20,12.04526172134183
Ca Mau,1996-07-21,1996,7,21,11.524428069168096
Ca Mau,1996-07-22,1996,7,22,44.12412081015588
Ca Mau,1996-07-23,1996,7,23,44.937942515189306
Ca Mau,1996-07-24,1996,7,24,46.853543835420695
Ca Mau,1996-07-25,1996,7,25,4.887247378810649
Ca Mau,1996-07-26,1996,7,26,4.138839087542486
Ca Mau,1996-07-27,1996,7,27,19.398626907867136
Ca Mau,1996-07-28,1996,7,28,11.425330416350084
Ca Mau,1996-07-29,1996,7,29,26.487553284527174
Ca Mau,1996-07-30,1996,7,30,14.78810401676176
Ca Mau,1996-07-31,1996,7,31,3.901413907235018
Ca Mau,1996-08-01,1996,8,1,1.4631202170420377
Ca Mau,1996-08-02,1996,8,2,0.0
Ca Mau,1996-08-03,1996,8,3,9.455325079412896
Ca Mau,1996-08-04,1996,8,4,3.815103191706695
Ca Mau,1996-08-05,1996,8,5,6.150910963395565
Ca Mau,1996-08-06,1996,8,6,10.80796462417262
Ca Mau,1996-08-07,1996,8,7,0.0
Ca Mau,1996-08-08,1996,8,8,3.807486138751387
Ca Mau,1996-08-09,1996,8,9,7.442373444012029
Ca Mau,1996-08-10,1996,8,10,1.119720367298089
Ca Mau,1996-08-11,1996,8,11,14.644424872808482
Ca Mau,1996-08-12,1996,8,12,0.0
Ca Mau,1996-08-13,1996,8,13,2.045446553498399
Ca Mau,1996-08-14,1996,8,14,1.8529584771776724
Ca Mau,1996-08-15,1996,8,15,0.0
Ca Mau,1996-08-16,1996,8,16,0.9727478112390284
Ca Mau,1996-08-17,1996,8,17,6.942066003362391
Ca Mau,1996-08-18,1996,8,18,10.940779176550814
Ca Mau,1996-08-19,1996,8,19,11.265195402468784
Ca Mau,1996-08-20,1996,8,20,5.4197778789261255
Ca Mau,1996-08-21,1996,8,21,19.35215741040089
Ca Mau,1996-08-22,1996,8,22,22.317686087545358
Ca Mau,1996-08-23,1996,8,23,21.87362025960145
Ca Mau,1996-08-24,1996,8,24,11.155461481397362
Ca Mau,1996-08-25,1996,8,25,13.233723675406468
Ca Mau,1996-08-26,1996,8,26,0.4737514997714233
Ca Mau,1996-08-27,1996,8,27,5.576921933020909
Ca Mau,1996-08-28,1996,8,28,0.3644034010611539
Ca Mau,1996-08-29,1996,8,29,0.0
Ca Mau,1996-08-30,1996,8,30,8.81315625535534
Ca Mau,1996-08-31,1996,8,31,3.5302065574939068
Ca Mau,1996-09-01,1996,9,1,11.622246397783062
Ca Mau,1996-09-02,1996,9,2,8.04689574654709
Ca Mau,1996-09-03,1996,9,3,6.024640627484661
Ca Mau,1996-09-04,1996,9,4,15.263862685774518
Ca Mau,1996-09-05,1996,9,5,3.048077852687065
Ca Mau,1996-09-06,1996,9,6,13.415184104096657
Ca Mau,1996-09-07,1996,9,7,11.529161623646448
Ca Mau,1996-09-08,1996,9,8,7.903288064369126
Ca Mau,1996-09-09,1996,9,9,35.52320660077748
Ca Mau,1996-09-10,1996,9,10,17.53808582375928
Ca Mau,1996-09-11,1996,9,11,24.099177077637837
Ca Mau,1996-09-12,1996,9,12,13.58632400993172
Ca Mau,1996-09-13,1996,9,13,0.0004255358927050988
Ca Mau,1996-09-14,1996,9,14,14.686124584154468
Ca Mau,1996-09-15,1996,9,15,0.00043569790805265447
Ca Mau,1996-09-16,1996,9,16,0.00030004829528686367
Ca Mau,1996-09-17,1996,9,17,18.022822961148155
Ca Mau,1996-09-18,1996,9,18,8.80522307810321
Ca Mau,1996-09-19,1996,9,19,2.992315592841126
Ca Mau,1996-09-20,1996,9,20,2.021036164621129
Ca Mau,1996-09-21,1996,9,21,1.9400124972575816
Ca Mau,1996-09-22,1996,9,22,0.2058916147145136
Ca Mau,1996-09-23,1996,9,23,0.624601543553291
Ca Mau,1996-09-24,1996,9,24,0.8954744975847232
Ca Mau,1996-09-25,1996,9,25,8.950402822845511
Ca Mau,1996-09-26,1996,9,26,36.615178448401466
Ca Mau,1996-09-27,1996,9,27,13.837823852770564
Ca Mau,1996-09-28,1996,9,28,7.93091458011027
Ca Mau,1996-09-29,1996,9,29,57.870719854135466
Ca Mau,1996-09-30,1996,9,30,21.0459272689586
Ca Mau,1996-10-01,1996,10,1,17.720535963359307
Ca Mau,1996-10-02,1996,10,2,0.2200880697247051
Ca Mau,1996-10-03,1996,10,3,6.952203384630989
Ca Mau,1996-10-04,1996,10,4,1.0671686879038238
Ca Mau,1996-10-05,1996,10,5,0.6859016802517798
Ca Mau,1996-10-06,1996,10,6,0.8487103313045465
Ca Mau,1996-10-07,1996,10,7,0.6168174832933185
Ca Mau,1996-10-08,1996,10,8,9.179017859545992
Ca Mau,1996-10-09,1996,10,9,27.78387877355897
Ca Mau,1996-10-10,1996,10,10,7.006654842850161
Ca Mau,1996-10-11,1996,10,11,22.757710581787254
Ca Mau,1996-10-12,1996,10,12,0.0
Ca Mau,1996-10-13,1996,10,13,0.7336720462343427
Ca Mau,1996-10-14,1996,10,14,5.110085164675404
Ca Mau,1996-10-15,1996,10,15,1.7243514262328996
Ca Mau,1996-10-16,1996,10,16,2.9683406998413515
Ca Mau,1996-10-17,1996,10,17,22.726183421544945
Ca Mau,1996-10-18,1996,10,18,23.21479543910206
Ca Mau,1996-10-19,1996,10,19,9.53311389085568
Ca Mau,1996-10-20,1996,10,20,17.744309617474485
Ca Mau,1996-10-21,1996,10,21,3.0514862570717955
Ca Mau,1996-10-22,1996,10,22,5.97252905544484
Ca Mau,1996-10-23,1996,10,23,14.381130258763324
Ca Mau,1996-10-24,1996,10,24,9.058937701026146
Ca Mau,1996-10-25,1996,10,25,6.806128920921934
Ca Mau,1996-10-26,1996,10,26,7.22395141299323
Ca Mau,1996-10-27,1996,10,27,4.61546448571326
Ca Mau,1996-10-28,1996,10,28,30.00879469142717
Ca Mau,1996-10-29,1996,10,29,55.10164613392945
Ca Mau,1996-10-30,1996,10,30,19.07376069405276
Ca Mau,1996-10-31,1996,10,31,9.103545583667469
Ca Mau,1996-11-01,1996,11,1,8.39561881261012
Ca Mau,1996-11-02,1996,11,2,41.59720485088978
Ca Mau,1996-11-03,1996,11,3,19.329102098365222
Ca Mau,1996-11-04,1996,11,4,1.8028683222406872
Ca Mau,1996-11-05,1996,11,5,7.367472414467866
Ca Mau,1996-11-06,1996,11,6,8.1803354477868
Ca Mau,1996-11-07,1996,11,7,2.44007271939963
Ca Mau,1996-11-08,1996,11,8,5.307737570584831
Ca Mau,1996-11-09,1996,11,9,6.3756083362119815
Ca Mau,1996-11-10,1996,11,10,1.7029509032561825
Ca Mau,1996-11-11,1996,11,11,4.1170630704210645
Ca Mau,1996-11-12,1996,11,12,0.0
Ca Mau,1996-11-13,1996,11,13,7.579378075122909
Ca Mau,1996-11-14,1996,11,14,0.0104697852822284
Ca Mau,1996-11-15,1996,11,15,1.3487181465041254
Ca Mau,1996-11-16,1996,11,16,0.529883380263071
Ca Mau,1996-11-17,1996,11,17,1.630248281469585
Ca Mau,1996-11-18,1996,11,18,6.460426932315661
Ca Mau,1996-11-19,1996,11,19,7.442267666290434
Ca Mau,1996-11-20,1996,11,20,17.048971377286115
Ca Mau,1996-11-21,1996,11,21,9.821573435845806
Ca Mau,1996-11-22,1996,11,22,1.6212370714584892
Ca Mau,1996-11-23,1996,11,23,6.608085080701973
Ca Mau,1996-11-24,1996,11,24,0.0002042199186575313
Ca Mau,1996-11-25,1996,11,25,0.0
Ca Mau,1996-11-26,1996,11,26,5.061809000794518
Ca Mau,1996-11-27,1996,11,27,30.300509954252018
Ca Mau,1996-11-28,1996,11,28,12.112069244603514
Ca Mau,1996-11-29,1996,11,29,2.3849386229228235
Ca Mau,1996-11-30,1996,11,30,6.607996952117502
Ca Mau,1996-12-01,1996,12,1,0.0
Ca Mau,1996-12-02,1996,12,2,0.423769846558571
Ca Mau,1996-12-03,1996,12,3,7.290612493052702
Ca Mau,1996-12-04,1996,12,4,0.4656249689390973
Ca Mau,1996-12-05,1996,12,5,8.346596668761547
Ca Mau,1996-12-06,1996,12,6,2.807788356794033
Ca Mau,1996-12-07,1996,12,7,14.863370889349603
Ca Mau,1996-12-08,1996,12,8,2.121743151681565
Ca Mau,1996-12-09,1996,12,9,1.0215135553475598
Ca Mau,1996-12-10,1996,12,10,0.0
Ca Mau,1996-12-11,1996,12,11,2.653298585773633
Ca Mau,1996-12-12,1996,12,12,0.0
Ca Mau,1996-12-13,1996,12,13,4.53522504859817
Ca Mau,1996-12-14,1996,12,14,9.1643010463426
Ca Mau,1996-12-15,1996,12,15,2.719926693266149
Ca Mau,1996-12-16,1996,12,16,5.1473597767644605
Ca Mau,1996-12-17,1996,12,17,16.839697589140563
Ca Mau,1996-12-18,1996,12,18,12.49851425717323
Ca Mau,1996-12-19,1996,12,19,2.448117937000769
Ca Mau,1996-12-20,1996,12,20,0.0462668852581042
Ca Mau,1996-12-21,1996,12,21,2.467283619817757
Ca Mau,1996-12-22,1996,12,22,0.0003785336932939948
Ca Mau,1996-12-23,1996,12,23,0.0
Ca Mau,1996-12-24,1996,12,24,0.0
Ca Mau,1996-12-25,1996,12,25,0.0
Ca Mau,1996-12-26,1996,12,26,0.0
Ca Mau,1996-12-27,1996,12,27,0.0
Ca Mau,1996-12-28,1996,12,28,0.0
Ca Mau,1996-12-29,1996,12,29,0.0
Ca Mau,1996-12-30,1996,12,30,0.0
Ca Mau,1996-12-31,1996,12,31,0.0
Ca Mau,1997-01-01,1997,1,1,0.0
Ca Mau,1997-01-02,1997,1,2,0.0
Ca Mau,1997-01-03,1997,1,3,2.8299427843250644
Ca Mau,1997-01-04,1997,1,4,0.0
Ca Mau,1997-01-05,1997,1,5,0.0
Ca Mau,1997-01-06,1997,1,6,0.0
Ca Mau,1997-01-07,1997,1,7,0.0
Ca Mau,1997-01-08,1997,1,8,0.0401639206359723
Ca Mau,1997-01-09,1997,1,9,0.1539388464216454
Ca Mau,1997-01-10,1997,1,10,0.0
Ca Mau,1997-01-11,1997,1,11,0.0
Ca Mau,1997-01-12,1997,1,12,0.0
Ca Mau,1997-01-13,1997,1,13,0.0
Ca Mau,1997-01-14,1997,1,14,0.0
Ca Mau,1997-01-15,1997,1,15,1.3232805386834312
Ca Mau,1997-01-16,1997,1,16,0.1420571329714021
Ca Mau,1997-01-17,1997,1,17,0.0
Ca Mau,1997-01-18,1997,1,18,0.0
Ca Mau,1997-01-19,1997,1,19,0.0
Ca Mau,1997-01-20,1997,1,20,0.0
Ca Mau,1997-01-21,1997,1,21,0.8500775191144618
Ca Mau,1997-01-22,1997,1,22,0.0
Ca Mau,1997-01-23,1997,1,23,0.0
Ca Mau,1997-01-24,1997,1,24,0.0
Ca Mau,1997-01-25,1997,1,25,0.0
Ca Mau,1997-01-26,1997,1,26,0.0
Ca Mau,1997-01-27,1997,1,27,0.3810708809017848
Ca Mau,1997-01-28,1997,1,28,0.0
Ca Mau,1997-01-29,1997,1,29,0.0
Ca Mau,1997-01-30,1997,1,30,0.2660915035903095
Ca Mau,1997-01-31,1997,1,31,2.6717641993167907
Ca Mau,1997-02-01,1997,2,1,0.0
Ca Mau,1997-02-02,1997,2,2,0.0
Ca Mau,1997-02-03,1997,2,3,0.0308732859330857
Ca Mau,1997-02-04,1997,2,4,0.0
Ca Mau,1997-02-05,1997,2,5,0.0
Ca Mau,1997-02-06,1997,2,6,0.0
Ca Mau,1997-02-07,1997,2,7,0.0
Ca Mau,1997-02-08,1997,2,8,0.0
Ca Mau,1997-02-09,1997,2,9,0.1267085560094092
Ca Mau,1997-02-10,1997,2,10,0.1614868129471806
Ca Mau,1997-02-11,1997,2,11,0.2393036173305226
Ca Mau,1997-02-12,1997,2,12,0.0
Ca Mau,1997-02-13,1997,2,13,0.0
Ca Mau,1997-02-14,1997,2,14,0.0
Ca Mau,1997-02-15,1997,2,15,0.0
Ca Mau,1997-02-16,1997,2,16,0.0
Ca Mau,1997-02-17,1997,2,17,0.7864018529721123
Ca Mau,1997-02-18,1997,2,18,0.7642226006239968
Ca Mau,1997-02-19,1997,2,19,0.3341591588126893
Ca Mau,1997-02-20,1997,2,20,0.3046875359786691
Ca Mau,1997-02-21,1997,2,21,7.325984898724899
Ca Mau,1997-02-22,1997,2,22,0.0920572317911463
Ca Mau,1997-02-23,1997,2,23,0.1223866933936472
Ca Mau,1997-02-24,1997,2,24,0.0
Ca Mau,1997-02-25,1997,2,25,0.0
Ca Mau,1997-02-26,1997,2,26,0.0
Ca Mau,1997-02-27,1997,2,27,0.0
Ca Mau,1997-02-28,1997,2,28,0.0
Ca Mau,1997-03-01,1997,3,1,0.0
Ca Mau,1997-03-02,1997,3,2,0.0112353446369736
Ca Mau,1997-03-03,1997,3,3,0.0012755353530776
Ca Mau,1997-03-04,1997,3,4,0.0
Ca Mau,1997-03-05,1997,3,5,0.0299333762535161
Ca Mau,1997-03-06,1997,3,6,3.828956159577224
Ca Mau,1997-03-07,1997,3,7,3.921386367388008
Ca Mau,1997-03-08,1997,3,8,0.0
Ca Mau,1997-03-09,1997,3,9,0.0
Ca Mau,1997-03-10,1997,3,10,0.0
Ca Mau,1997-03-11,1997,3,11,0.0
Ca Mau,1997-03-12,1997,3,12,0.1729220129873834
Ca Mau,1997-03-13,1997,3,13,0.2394476869698736
Ca Mau,1997-03-14,1997,3,14,0.0
Ca Mau,1997-03-15,1997,3,15,0.0
Ca Mau,1997-03-16,1997,3,16,0.0
Ca Mau,1997-03-17,1997,3,17,0.0
Ca Mau,1997-03-18,1997,3,18,2.396701061100381
Ca Mau,1997-03-19,1997,3,19,0.0
Ca Mau,1997-03-20,1997,3,20,0.0
Ca Mau,1997-03-21,1997,3,21,0.0
Ca Mau,1997-03-22,1997,3,22,0.0664206737654673
Ca Mau,1997-03-23,1997,3,23,0.0
Ca Mau,1997-03-24,1997,3,24,0.0
Ca Mau,1997-03-25,1997,3,25,0.0
Ca Mau,1997-03-26,1997,3,26,0.0
Ca Mau,1997-03-27,1997,3,27,0.0
Ca Mau,1997-03-28,1997,3,28,0.0
Ca Mau,1997-03-29,1997,3,29,0.0
Ca Mau,1997-03-30,1997,3,30,0.0
Ca Mau,1997-03-31,1997,3,31,0.0
Ca Mau,1997-04-01,1997,4,1,0.0
Ca Mau,1997-04-02,1997,4,2,0.1026530359503436
Ca Mau,1997-04-03,1997,4,3,0.0
Ca Mau,1997-04-04,1997,4,4,0.0
Ca Mau,1997-04-05,1997,4,5,0.0
Ca Mau,1997-04-06,1997,4,6,0.0
Ca Mau,1997-04-07,1997,4,7,1.219165927720366
Ca Mau,1997-04-08,1997,4,8,2.127442487034646
Ca Mau,1997-04-09,1997,4,9,4.755311051989483
Ca Mau,1997-04-10,1997,4,10,3.510677310934307
Ca Mau,1997-04-11,1997,4,11,0.0
Ca Mau,1997-04-12,1997,4,12,0.1487067159413931
Ca Mau,1997-04-13,1997,4,13,2.460631337332143
Ca Mau,1997-04-14,1997,4,14,1.6820417923814523
Ca Mau,1997-04-15,1997,4,15,0.0345189230924217
Ca Mau,1997-04-16,1997,4,16,0.0
Ca Mau,1997-04-17,1997,4,17,0.0
Ca Mau,1997-04-18,1997,4,18,5.293428389542484
Ca Mau,1997-04-19,1997,4,19,2.563230039031576
Ca Mau,1997-04-20,1997,4,20,4.986423405303995
Ca Mau,1997-04-21,1997,4,21,0.0
Ca Mau,1997-04-22,1997,4,22,2.8055960170591345
Ca Mau,1997-04-23,1997,4,23,5.732689106460784
Ca Mau,1997-04-24,1997,4,24,0.4069882578102754
Ca Mau,1997-04-25,1997,4,25,1.3228294876558395
Ca Mau,1997-04-26,1997,4,26,0.0053913427118162
Ca Mau,1997-04-27,1997,4,27,3.2208644905935038
Ca Mau,1997-04-28,1997,4,28,2.6625537099327983
Ca Mau,1997-04-29,1997,4,29,5.216888510515101
Ca Mau,1997-04-30,1997,4,30,2.078296422012412
Ca Mau,1997-05-01,1997,5,1,0.0
Ca Mau,1997-05-02,1997,5,2,3.1311918564564243
Ca Mau,1997-05-03,1997,5,3,4.499714152205021
Ca Mau,1997-05-04,1997,5,4,6.041617108921114
Ca Mau,1997-05-05,1997,5,5,3.118512346349577
Ca Mau,1997-05-06,1997,5,6,0.253546867780883
Ca Mau,1997-05-07,1997,5,7,0.1781670816756218
Ca Mau,1997-05-08,1997,5,8,4.271303871396522
Ca Mau,1997-05-09,1997,5,9,0.6026329919245399
Ca Mau,1997-05-10,1997,5,10,2.010488708910084
Ca Mau,1997-05-11,1997,5,11,1.5845745842759709
Ca Mau,1997-05-12,1997,5,12,0.1494392628793886
Ca Mau,1997-05-13,1997,5,13,0.7952278989830035
Ca Mau,1997-05-14,1997,5,14,1.3728127257049338
Ca Mau,1997-05-15,1997,5,15,2.1003840099254405
Ca Mau,1997-05-16,1997,5,16,9.832965060527991
Ca Mau,1997-05-17,1997,5,17,11.407951890670002
Ca Mau,1997-05-18,1997,5,18,0.8739279257460187
Ca Mau,1997-05-19,1997,5,19,7.171534291016977
Ca Mau,1997-05-20,1997,5,20,6.372508292038004
Ca Mau,1997-05-21,1997,5,21,4.244234440125246
Ca Mau,1997-05-22,1997,5,22,6.823756248515636
Ca Mau,1997-05-23,1997,5,23,4.52156332496018
Ca Mau,1997-05-24,1997,5,24,0.7673171148843787
Ca Mau,1997-05-25,1997,5,25,0.1720474747042234
Ca Mau,1997-05-26,1997,5,26,0.6943842153252975
Ca Mau,1997-05-27,1997,5,27,0.0007458360012093653
Ca Mau,1997-05-28,1997,5,28,0.0059851808552298
Ca Mau,1997-05-29,1997,5,29,19.60802346538245
Ca Mau,1997-05-30,1997,5,30,14.739874563075183
Ca Mau,1997-05-31,1997,5,31,6.303952568126204
Ca Mau,1997-06-01,1997,6,1,9.427872032508205
Ca Mau,1997-06-02,1997,6,2,7.287561920896049
Ca Mau,1997-06-03,1997,6,3,6.797978146864327
Ca Mau,1997-06-04,1997,6,4,4.585569544194185
Ca Mau,1997-06-05,1997,6,5,2.965533419326399
Ca Mau,1997-06-06,1997,6,6,3.3780332360452703
Ca Mau,1997-06-07,1997,6,7,5.835953306240071
Ca Mau,1997-06-08,1997,6,8,1.1512556440560682
Ca Mau,1997-06-09,1997,6,9,1.1050258068122345
Ca Mau,1997-06-10,1997,6,10,1.2509705627713237
Ca Mau,1997-06-11,1997,6,11,1.1297577641625076
Ca Mau,1997-06-12,1997,6,12,0.2877049688948038
Ca Mau,1997-06-13,1997,6,13,0.0
Ca Mau,1997-06-14,1997,6,14,0.8556031379420785
Ca Mau,1997-06-15,1997,6,15,0.1545067337018403
Ca Mau,1997-06-16,1997,6,16,4.053801582520323
Ca Mau,1997-06-17,1997,6,17,1.621634566437954
Ca Mau,1997-06-18,1997,6,18,1.2701836655089838
Ca Mau,1997-06-19,1997,6,19,0.0
Ca Mau,1997-06-20,1997,6,20,3.938575484917164
Ca Mau,1997-06-21,1997,6,21,3.917998192482772
Ca Mau,1997-06-22,1997,6,22,2.6092348416057742
Ca Mau,1997-06-23,1997,6,23,0.0
Ca Mau,1997-06-24,1997,6,24,11.557670696335595
Ca Mau,1997-06-25,1997,6,25,6.02615873010192
Ca Mau,1997-06-26,1997,6,26,3.656527471193705
Ca Mau,1997-06-27,1997,6,27,17.38172120754096
Ca Mau,1997-06-28,1997,6,28,9.528840804988349
Ca Mau,1997-06-29,1997,6,29,4.1876517156186335
Ca Mau,1997-06-30,1997,6,30,6.903952107932579
Ca Mau,1997-07-01,1997,7,1,1.29647780801682
Ca Mau,1997-07-02,1997,7,2,1.4936907290691628
Ca Mau,1997-07-03,1997,7,3,5.151845063978162
Ca Mau,1997-07-04,1997,7,4,3.4707570160314583
Ca Mau,1997-07-05,1997,7,5,1.8268049943115583
Ca Mau,1997-07-06,1997,7,6,7.573112406716104
Ca Mau,1997-07-07,1997,7,7,11.766177994966007
Ca Mau,1997-07-08,1997,7,8,4.9637220579716415
Ca Mau,1997-07-09,1997,7,9,8.457908535409981
Ca Mau,1997-07-10,1997,7,10,10.444336818727106
Ca Mau,1997-07-11,1997,7,11,3.563242218145221
Ca Mau,1997-07-12,1997,7,12,9.192144990760156
Ca Mau,1997-07-13,1997,7,13,25.52265934598381
Ca Mau,1997-07-14,1997,7,14,18.83204200798973
Ca Mau,1997-07-15,1997,7,15,11.808820385066966
Ca Mau,1997-07-16,1997,7,16,11.668420564356245
Ca Mau,1997-07-17,1997,7,17,3.837127275400072
Ca Mau,1997-07-18,1997,7,18,0.7129337532038126
Ca Mau,1997-07-19,1997,7,19,1.9949946155931535
Ca Mau,1997-07-20,1997,7,20,2.366105861637513
Ca Mau,1997-07-21,1997,7,21,18.737805400471668
Ca Mau,1997-07-22,1997,7,22,32.43139956395134
Ca Mau,1997-07-23,1997,7,23,28.20916929082471
Ca Mau,1997-07-24,1997,7,24,0.3290986436111753
Ca Mau,1997-07-25,1997,7,25,2.023654102252069
Ca Mau,1997-07-26,1997,7,26,6.962829621592056
Ca Mau,1997-07-27,1997,7,27,8.300162388266324
Ca Mau,1997-07-28,1997,7,28,12.289908192159908
Ca Mau,1997-07-29,1997,7,29,1.2749168374761497
Ca Mau,1997-07-30,1997,7,30,8.72242510583626
Ca Mau,1997-07-31,1997,7,31,8.327544217210766
Ca Mau,1997-08-01,1997,8,1,31.208074634676272
Ca Mau,1997-08-02,1997,8,2,19.04615196737911
Ca Mau,1997-08-03,1997,8,3,47.17277768719152
Ca Mau,1997-08-04,1997,8,4,25.922896385850557
Ca Mau,1997-08-05,1997,8,5,8.20607225119419
Ca Mau,1997-08-06,1997,8,6,0.2363429977192557
Ca Mau,1997-08-07,1997,8,7,2.789246095738577
Ca Mau,1997-08-08,1997,8,8,0.0
Ca Mau,1997-08-09,1997,8,9,1.9570527820608068
Ca Mau,1997-08-10,1997,8,10,0.0
Ca Mau,1997-08-11,1997,8,11,0.0
Ca Mau,1997-08-12,1997,8,12,0.0
Ca Mau,1997-08-13,1997,8,13,0.0
Ca Mau,1997-08-14,1997,8,14,1.3863985845154696
Ca Mau,1997-08-15,1997,8,15,2.246702720313148
Ca Mau,1997-08-16,1997,8,16,5.409874632801441
Ca Mau,1997-08-17,1997,8,17,4.523913575388143
Ca Mau,1997-08-18,1997,8,18,10.43732762882687
Ca Mau,1997-08-19,1997,8,19,13.328984758711936
Ca Mau,1997-08-20,1997,8,20,15.123137326967411
Ca Mau,1997-08-21,1997,8,21,48.40672125637607
Ca Mau,1997-08-22,1997,8,22,23.430559171911028
Ca Mau,1997-08-23,1997,8,23,10.52369199804016
Ca Mau,1997-08-24,1997,8,24,38.17391150238438
Ca Mau,1997-08-25,1997,8,25,5.008237693057891
Ca Mau,1997-08-26,1997,8,26,0.3895276916881139
Ca Mau,1997-08-27,1997,8,27,0.0
Ca Mau,1997-08-28,1997,8,28,0.0
Ca Mau,1997-08-29,1997,8,29,9.032343408487009
Ca Mau,1997-08-30,1997,8,30,10.197749507556049
Ca Mau,1997-08-31,1997,8,31,3.98403421474988
Ca Mau,1997-09-01,1997,9,1,6.648371649660545
Ca Mau,1997-09-02,1997,9,2,1.0292249436714342
Ca Mau,1997-09-03,1997,9,3,1.0997209441110476
Ca Mau,1997-09-04,1997,9,4,0.9653970641697768
Ca Mau,1997-09-05,1997,9,5,0.0
Ca Mau,1997-09-06,1997,9,6,2.5956655008562968
Ca Mau,1997-09-07,1997,9,7,5.373650521706642
Ca Mau,1997-09-08,1997,9,8,1.5511496171643544
Ca Mau,1997-09-09,1997,9,9,1.788171867888417
Ca Mau,1997-09-10,1997,9,10,4.848658876860699
Ca Mau,1997-09-11,1997,9,11,6.051575263950888
Ca Mau,1997-09-12,1997,9,12,3.032496125361868
Ca Mau,1997-09-13,1997,9,13,5.593238773493341
Ca Mau,1997-09-14,1997,9,14,4.170976945754263
Ca Mau,1997-09-15,1997,9,15,16.01807164618838
Ca Mau,1997-09-16,1997,9,16,24.53843127792882
Ca Mau,1997-09-17,1997,9,17,20.408791891951232
Ca Mau,1997-09-18,1997,9,18,41.75082299934911
Ca Mau,1997-09-19,1997,9,19,14.181947596812623
Ca Mau,1997-09-20,1997,9,20,28.34548450730733
Ca Mau,1997-09-21,1997,9,21,17.623526309681065
Ca Mau,1997-09-22,1997,9,22,16.185048614215322
Ca Mau,1997-09-23,1997,9,23,16.31040474792274
Ca Mau,1997-09-24,1997,9,24,0.2270432947678751
Ca Mau,1997-09-25,1997,9,25,5.9216666921000245
Ca Mau,1997-09-26,1997,9,26,8.4124168659253
Ca Mau,1997-09-27,1997,9,27,3.9269220386569854
Ca Mau,1997-09-28,1997,9,28,0.0
Ca Mau,1997-09-29,1997,9,29,1.5126212351429569
Ca Mau,1997-09-30,1997,9,30,5.555893106203631
Ca Mau,1997-10-01,1997,10,1,1.382000673314537
Ca Mau,1997-10-02,1997,10,2,2.773242562775025
Ca Mau,1997-10-03,1997,10,3,22.275480960541945
Ca Mau,1997-10-04,1997,10,4,13.323145860231772
Ca Mau,1997-10-05,1997,10,5,11.223971491767388
Ca Mau,1997-10-06,1997,10,6,1.513330251487488
Ca Mau,1997-10-07,1997,10,7,1.6353901537245612
Ca Mau,1997-10-08,1997,10,8,6.160838118145081
Ca Mau,1997-10-09,1997,10,9,9.28823432688936
Ca Mau,1997-10-10,1997,10,10,0.8074221262052893
Ca Mau,1997-10-11,1997,10,11,1.013513753228926
Ca Mau,1997-10-12,1997,10,12,1.0511699669342378
Ca Mau,1997-10-13,1997,10,13,8.357322060778976
Ca Mau,1997-10-14,1997,10,14,9.04571465014547
Ca Mau,1997-10-15,1997,10,15,12.656142150435914
Ca Mau,1997-10-16,1997,10,16,2.193516092435733
Ca Mau,1997-10-17,1997,10,17,12.790660295090412
Ca Mau,1997-10-18,1997,10,18,5.666951334718818
Ca Mau,1997-10-19,1997,10,19,0.7030754251745697
Ca Mau,1997-10-20,1997,10,20,0.0002690416185282163
Ca Mau,1997-10-21,1997,10,21,1.5122737065002672
Ca Mau,1997-10-22,1997,10,22,6.363612544354607
Ca Mau,1997-10-23,1997,10,23,0.382079023615589
Ca Mau,1997-10-24,1997,10,24,1.719304208906127
Ca Mau,1997-10-25,1997,10,25,0.8803773949907009
Ca Mau,1997-10-26,1997,10,26,1.9660951024982205
Ca Mau,1997-10-27,1997,10,27,7.870020082695672
Ca Mau,1997-10-28,1997,10,28,3.863420611281207
Ca Mau,1997-10-29,1997,10,29,3.17225649409636
Ca Mau,1997-10-30,1997,10,30,16.24950636844033
Ca Mau,1997-10-31,1997,10,31,6.990961270228918
Ca Mau,1997-11-01,1997,11,1,7.406764440130368
Ca Mau,1997-11-02,1997,11,2,40.77811832392664
Ca Mau,1997-11-03,1997,11,3,11.582800556753538
Ca Mau,1997-11-04,1997,11,4,5.807116294615287
Ca Mau,1997-11-05,1997,11,5,0.401254780712158
Ca Mau,1997-11-06,1997,11,6,0.3304281751056537
Ca Mau,1997-11-07,1997,11,7,0.00045458064330099874
Ca Mau,1997-11-08,1997,11,8,4.118932959097727
Ca Mau,1997-11-09,1997,11,9,1.824132529516427
Ca Mau,1997-11-10,1997,11,10,0.0006902477869531986
Ca Mau,1997-11-11,1997,11,11,0.0
Ca Mau,1997-11-12,1997,11,12,0.4258995412915334
Ca Mau,1997-11-13,1997,11,13,0.0645125459388637
Ca Mau,1997-11-14,1997,11,14,0.0
Ca Mau,1997-11-15,1997,11,15,0.2327510774712177
Ca Mau,1997-11-16,1997,11,16,2.9587169324003955
Ca Mau,1997-11-17,1997,11,17,0.0003257298790269782
Ca Mau,1997-11-18,1997,11,18,1.5259487024241527
Ca Mau,1997-11-19,1997,11,19,0.0
Ca Mau,1997-11-20,1997,11,20,0.0
Ca Mau,1997-11-21,1997,11,21,1.7109975545805634
Ca Mau,1997-11-22,1997,11,22,1.8638813395454064
Ca Mau,1997-11-23,1997,11,23,0.0
Ca Mau,1997-11-24,1997,11,24,0.0002953851057223283
Ca Mau,1997-11-25,1997,11,25,5.150340592729643
Ca Mau,1997-11-26,1997,11,26,0.0
Ca Mau,1997-11-27,1997,11,27,0.0
Ca Mau,1997-11-28,1997,11,28,0.0
Ca Mau,1997-11-29,1997,11,29,0.0
Ca Mau,1997-11-30,1997,11,30,0.1192935212203352
Ca Mau,1997-12-01,1997,12,1,0.0
Ca Mau,1997-12-02,1997,12,2,0.0
Ca Mau,1997-12-03,1997,12,3,0.6160991241594614
Ca Mau,1997-12-04,1997,12,4,0.4218251633997263
Ca Mau,1997-12-05,1997,12,5,3.695721296915627
Ca Mau,1997-12-06,1997,12,6,3.147073222412093
Ca Mau,1997-12-07,1997,12,7,0.0
Ca Mau,1997-12-08,1997,12,8,0.0847170928080973
Ca Mau,1997-12-09,1997,12,9,0.0709052274258134
Ca Mau,1997-12-10,1997,12,10,0.0
Ca Mau,1997-12-11,1997,12,11,0.0
Ca Mau,1997-12-12,1997,12,12,0.0
Ca Mau,1997-12-13,1997,12,13,0.0
Ca Mau,1997-12-14,1997,12,14,0.0
Ca Mau,1997-12-15,1997,12,15,1.740437334608355
Ca Mau,1997-12-16,1997,12,16,0.0
Ca Mau,1997-12-17,1997,12,17,3.970796889169402
Ca Mau,1997-12-18,1997,12,18,0.0
Ca Mau,1997-12-19,1997,12,19,1.4132153519407875
Ca Mau,1997-12-20,1997,12,20,0.0
Ca Mau,1997-12-21,1997,12,21,0.0
Ca Mau,1997-12-22,1997,12,22,6.514607970261591
Ca Mau,1997-12-23,1997,12,23,1.7427171109088826
Ca Mau,1997-12-24,1997,12,24,4.1801344498973965
Ca Mau,1997-12-25,1997,12,25,0.0
Ca Mau,1997-12-26,1997,12,26,0.0
Ca Mau,1997-12-27,1997,12,27,0.0
Ca Mau,1997-12-28,1997,12,28,6.343131433122824
Ca Mau,1997-12-29,1997,12,29,0.0
Ca Mau,1997-12-30,1997,12,30,0.0
Ca Mau,1997-12-31,1997,12,31,0.0
Ca Mau,1998-01-01,1998,1,1,0.0
Ca Mau,1998-01-02,1998,1,2,0.0
Ca Mau,1998-01-03,1998,1,3,0.0
Ca Mau,1998-01-04,1998,1,4,0.0933594968814083
Ca Mau,1998-01-05,1998,1,5,9.44342784993486
Ca Mau,1998-01-06,1998,1,6,0.0
Ca Mau,1998-01-07,1998,1,7,0.0
Ca Mau,1998-01-08,1998,1,8,0.0
Ca Mau,1998-01-09,1998,1,9,0.0
Ca Mau,1998-01-10,1998,1,10,0.0
Ca Mau,1998-01-11,1998,1,11,0.0
Ca Mau,1998-01-12,1998,1,12,0.587010424633701
Ca Mau,1998-01-13,1998,1,13,0.0
Ca Mau,1998-01-14,1998,1,14,0.0
Ca Mau,1998-01-15,1998,1,15,0.0
Ca Mau,1998-01-16,1998,1,16,0.0
Ca Mau,1998-01-17,1998,1,17,0.0
Ca Mau,1998-01-18,1998,1,18,0.0
Ca Mau,1998-01-19,1998,1,19,0.0
Ca Mau,1998-01-20,1998,1,20,0.0
Ca Mau,1998-01-21,1998,1,21,0.0
Ca Mau,1998-01-22,1998,1,22,0.0
Ca Mau,1998-01-23,1998,1,23,0.485763730163694
Ca Mau,1998-01-24,1998,1,24,0.0
Ca Mau,1998-01-25,1998,1,25,0.0
Ca Mau,1998-01-26,1998,1,26,0.0
Ca Mau,1998-01-27,1998,1,27,0.0029708443090157
Ca Mau,1998-01-28,1998,1,28,0.3580473213396886
Ca Mau,1998-01-29,1998,1,29,0.1287053360017028
Ca Mau,1998-01-30,1998,1,30,0.0
Ca Mau,1998-01-31,1998,1,31,0.0
Ca Mau,1998-02-01,1998,2,1,0.0
Ca Mau,1998-02-02,1998,2,2,0.0
Ca Mau,1998-02-03,1998,2,3,0.0
Ca Mau,1998-02-04,1998,2,4,0.0
Ca Mau,1998-02-05,1998,2,5,0.0
Ca Mau,1998-02-06,1998,2,6,0.0
Ca Mau,1998-02-07,1998,2,7,0.0055277880772209
Ca Mau,1998-02-08,1998,2,8,0.0152494099572246
Ca Mau,1998-02-09,1998,2,9,0.0
Ca Mau,1998-02-10,1998,2,10,0.0
Ca Mau,1998-02-11,1998,2,11,0.0
Ca Mau,1998-02-12,1998,2,12,0.0
Ca Mau,1998-02-13,1998,2,13,0.0
Ca Mau,1998-02-14,1998,2,14,0.0
Ca Mau,1998-02-15,1998,2,15,0.0
Ca Mau,1998-02-16,1998,2,16,0.0
Ca Mau,1998-02-17,1998,2,17,0.0
Ca Mau,1998-02-18,1998,2,18,0.0
Ca Mau,1998-02-19,1998,2,19,0.0
Ca Mau,1998-02-20,1998,2,20,0.052752936891806
Ca Mau,1998-02-21,1998,2,21,0.0
Ca Mau,1998-02-22,1998,2,22,3.155790940476661
Ca Mau,1998-02-23,1998,2,23,0.0
Ca Mau,1998-02-24,1998,2,24,0.0
Ca Mau,1998-02-25,1998,2,25,0.3919950064312231
Ca Mau,1998-02-26,1998,2,26,0.0
Ca Mau,1998-02-27,1998,2,27,0.2006851113035356
Ca Mau,1998-02-28,1998,2,28,0.0
Ca Mau,1998-03-01,1998,3,1,1.5836202870590443
Ca Mau,1998-03-02,1998,3,2,0.0
Ca Mau,1998-03-03,1998,3,3,0.0
Ca Mau,1998-03-04,1998,3,4,0.0
Ca Mau,1998-03-05,1998,3,5,1.5573016099469623
Ca Mau,1998-03-06,1998,3,6,0.0
Ca Mau,1998-03-07,1998,3,7,0.005620632595422
Ca Mau,1998-03-08,1998,3,8,0.0
Ca Mau,1998-03-09,1998,3,9,2.487707309154604
Ca Mau,1998-03-10,1998,3,10,0.0
Ca Mau,1998-03-11,1998,3,11,0.0
Ca Mau,1998-03-12,1998,3,12,0.0
Ca Mau,1998-03-13,1998,3,13,0.977073802517
Ca Mau,1998-03-14,1998,3,14,0.7400446513165444
Ca Mau,1998-03-15,1998,3,15,0.0
Ca Mau,1998-03-16,1998,3,16,0.0
Ca Mau,1998-03-17,1998,3,17,0.0
Ca Mau,1998-03-18,1998,3,18,0.0
Ca Mau,1998-03-19,1998,3,19,0.0
Ca Mau,1998-03-20,1998,3,20,0.0564085473785089
Ca Mau,1998-03-21,1998,3,21,0.0
Ca Mau,1998-03-22,1998,3,22,0.0
Ca Mau,1998-03-23,1998,3,23,0.4276423542259179
Ca Mau,1998-03-24,1998,3,24,0.0069198258662598
Ca Mau,1998-03-25,1998,3,25,0.0
Ca Mau,1998-03-26,1998,3,26,0.0
Ca Mau,1998-03-27,1998,3,27,0.0
Ca Mau,1998-03-28,1998,3,28,0.0
Ca Mau,1998-03-29,1998,3,29,0.0
Ca Mau,1998-03-30,1998,3,30,4.819871459048167
Ca Mau,1998-03-31,1998,3,31,0.0
Ca Mau,1998-04-01,1998,4,1,0.1488928885673237
Ca Mau,1998-04-02,1998,4,2,0.0
Ca Mau,1998-04-03,1998,4,3,0.0
Ca Mau,1998-04-04,1998,4,4,0.0
Ca Mau,1998-04-05,1998,4,5,0.0
Ca Mau,1998-04-06,1998,4,6,0.0
Ca Mau,1998-04-07,1998,4,7,0.0
Ca Mau,1998-04-08,1998,4,8,0.0
Ca Mau,1998-04-09,1998,4,9,0.0
Ca Mau,1998-04-10,1998,4,10,0.0
Ca Mau,1998-04-11,1998,4,11,0.0
Ca Mau,1998-04-12,1998,4,12,0.0
Ca Mau,1998-04-13,1998,4,13,0.0
Ca Mau,1998-04-14,1998,4,14,0.0
Ca Mau,1998-04-15,1998,4,15,0.0
Ca Mau,1998-04-16,1998,4,16,0.0728697922562746
Ca Mau,1998-04-17,1998,4,17,0.019753043748159
Ca Mau,1998-04-18,1998,4,18,3.071291299250784
Ca Mau,1998-04-19,1998,4,19,5.044902188980451
Ca Mau,1998-04-20,1998,4,20,0.0296306723532826
Ca Mau,1998-04-21,1998,4,21,0.0
Ca Mau,1998-04-22,1998,4,22,3.68393058629826
Ca Mau,1998-04-23,1998,4,23,0.3907610219255759
Ca Mau,1998-04-24,1998,4,24,1.3346499344187617
Ca Mau,1998-04-25,1998,4,25,2.82182541816634
Ca Mau,1998-04-26,1998,4,26,5.07584855130715
Ca Mau,1998-04-27,1998,4,27,0.0
Ca Mau,1998-04-28,1998,4,28,1.45953655080755
Ca Mau,1998-04-29,1998,4,29,4.847548558235961
Ca Mau,1998-04-30,1998,4,30,14.019841723249916
Ca Mau,1998-05-01,1998,5,1,3.5524902312758493
Ca Mau,1998-05-02,1998,5,2,0.0
Ca Mau,1998-05-03,1998,5,3,5.984013043875565
Ca Mau,1998-05-04,1998,5,4,1.6962769420720654
Ca Mau,1998-05-05,1998,5,5,0.0
Ca Mau,1998-05-06,1998,5,6,1.658800169519243
Ca Mau,1998-05-07,1998,5,7,0.2954056235266785
Ca Mau,1998-05-08,1998,5,8,0.0
Ca Mau,1998-05-09,1998,5,9,0.0
Ca Mau,1998-05-10,1998,5,10,4.500337531540134
Ca Mau,1998-05-11,1998,5,11,5.678965517974032
Ca Mau,1998-05-12,1998,5,12,6.005040443902151
Ca Mau,1998-05-13,1998,5,13,0.7257425142170587
Ca Mau,1998-05-14,1998,5,14,1.3007078954934213
Ca Mau,1998-05-15,1998,5,15,15.172885375919488
Ca Mau,1998-05-16,1998,5,16,11.68830093087352
Ca Mau,1998-05-17,1998,5,17,12.7185060532883
Ca Mau,1998-05-18,1998,5,18,2.076070043041024
Ca Mau,1998-05-19,1998,5,19,14.658580948933158
Ca Mau,1998-05-20,1998,5,20,1.263004787923924
Ca Mau,1998-05-21,1998,5,21,4.767358056795497
Ca Mau,1998-05-22,1998,5,22,1.271406727463476
Ca Mau,1998-05-23,1998,5,23,0.0
Ca Mau,1998-05-24,1998,5,24,14.818880584960338
Ca Mau,1998-05-25,1998,5,25,19.84735012740943
Ca Mau,1998-05-26,1998,5,26,9.951866317653026
Ca Mau,1998-05-27,1998,5,27,9.01713899095535
Ca Mau,1998-05-28,1998,5,28,9.73752094213339
Ca Mau,1998-05-29,1998,5,29,22.69073270536968
Ca Mau,1998-05-30,1998,5,30,9.10972085217647
Ca Mau,1998-05-31,1998,5,31,3.411528381283657
Ca Mau,1998-06-01,1998,6,1,11.598366933576362
Ca Mau,1998-06-02,1998,6,2,2.285551659420512
Ca Mau,1998-06-03,1998,6,3,2.025323179803852
Ca Mau,1998-06-04,1998,6,4,0.0
Ca Mau,1998-06-05,1998,6,5,2.799003784834186
Ca Mau,1998-06-06,1998,6,6,1.1851633082998712
Ca Mau,1998-06-07,1998,6,7,1.5801004733543451
Ca Mau,1998-06-08,1998,6,8,17.94749570673078
Ca Mau,1998-06-09,1998,6,9,9.509969679870732
Ca Mau,1998-06-10,1998,6,10,3.4238386990135368
Ca Mau,1998-06-11,1998,6,11,14.456669307461384
Ca Mau,1998-06-12,1998,6,12,9.267321151988684
Ca Mau,1998-06-13,1998,6,13,24.270521242986877
Ca Mau,1998-06-14,1998,6,14,3.499008797037054
Ca Mau,1998-06-15,1998,6,15,9.23772561543834
Ca Mau,1998-06-16,1998,6,16,11.000984924974908
Ca Mau,1998-06-17,1998,6,17,8.397238131698131
Ca Mau,1998-06-18,1998,6,18,7.55229153670596
Ca Mau,1998-06-19,1998,6,19,6.824256630080607
Ca Mau,1998-06-20,1998,6,20,7.305923397822855
Ca Mau,1998-06-21,1998,6,21,7.443114000821922
Ca Mau,1998-06-22,1998,6,22,7.953264970408965
Ca Mau,1998-06-23,1998,6,23,3.7002482433975694
Ca Mau,1998-06-24,1998,6,24,12.777402581685326
Ca Mau,1998-06-25,1998,6,25,19.2457495306899
Ca Mau,1998-06-26,1998,6,26,57.47644450683983
Ca Mau,1998-06-27,1998,6,27,35.40659480701409
Ca Mau,1998-06-28,1998,6,28,30.86472880224977
Ca Mau,1998-06-29,1998,6,29,37.56837990466493
Ca Mau,1998-06-30,1998,6,30,22.96269960831198
Ca Mau,1998-07-01,1998,7,1,2.293645471784917
Ca Mau,1998-07-02,1998,7,2,6.187655186683771
Ca Mau,1998-07-03,1998,7,3,0.2667830268860297
Ca Mau,1998-07-04,1998,7,4,13.49795714599118
Ca Mau,1998-07-05,1998,7,5,1.3712375362594016
Ca Mau,1998-07-06,1998,7,6,6.738616231752356
Ca Mau,1998-07-07,1998,7,7,11.914662406929612
Ca Mau,1998-07-08,1998,7,8,3.085295429252801
Ca Mau,1998-07-09,1998,7,9,0.2768608613487023
Ca Mau,1998-07-10,1998,7,10,0.1820627564908948
Ca Mau,1998-07-11,1998,7,11,2.7785686492163157
Ca Mau,1998-07-12,1998,7,12,6.217987228946214
Ca Mau,1998-07-13,1998,7,13,12.80876071221379
Ca Mau,1998-07-14,1998,7,14,4.714408646507739
Ca Mau,1998-07-15,1998,7,15,0.4067267758192939
Ca Mau,1998-07-16,1998,7,16,0.5705988957144618
Ca Mau,1998-07-17,1998,7,17,0.2218963332753516
Ca Mau,1998-07-18,1998,7,18,0.5944347173389964
Ca Mau,1998-07-19,1998,7,19,1.7289908601392288
Ca Mau,1998-07-20,1998,7,20,5.638298173922655
Ca Mau,1998-07-21,1998,7,21,3.9383365423153953
Ca Mau,1998-07-22,1998,7,22,11.216432714593816
Ca Mau,1998-07-23,1998,7,23,4.694901467189465
Ca Mau,1998-07-24,1998,7,24,6.637570601285517
Ca Mau,1998-07-25,1998,7,25,2.13647791436066
Ca Mau,1998-07-26,1998,7,26,8.449584022677872
Ca Mau,1998-07-27,1998,7,27,16.63846820226208
Ca Mau,1998-07-28,1998,7,28,29.66000724274851
Ca Mau,1998-07-29,1998,7,29,19.12190412252494
Ca Mau,1998-07-30,1998,7,30,1.971616889321964
Ca Mau,1998-07-31,1998,7,31,1.619658774879853
Ca Mau,1998-08-01,1998,8,1,12.48337866118158
Ca Mau,1998-08-02,1998,8,2,7.53829209320923
Ca Mau,1998-08-03,1998,8,3,13.830089060893732
Ca Mau,1998-08-04,1998,8,4,22.52622799622178
Ca Mau,1998-08-05,1998,8,5,15.47435946716165
Ca Mau,1998-08-06,1998,8,6,13.947912816287102
Ca Mau,1998-08-07,1998,8,7,15.57174310380055
Ca Mau,1998-08-08,1998,8,8,0.00023410222442435535
Ca Mau,1998-08-09,1998,8,9,1.923285283292436
Ca Mau,1998-08-10,1998,8,10,9.509298317990256
Ca Mau,1998-08-11,1998,8,11,28.66387679685525
Ca Mau,1998-08-12,1998,8,12,5.816771878278677
Ca Mau,1998-08-13,1998,8,13,9.327563277250912
Ca Mau,1998-08-14,1998,8,14,6.426557205698511
Ca Mau,1998-08-15,1998,8,15,1.545119661202671
Ca Mau,1998-08-16,1998,8,16,17.250834580073906
Ca Mau,1998-08-17,1998,8,17,12.316548251381375
Ca Mau,1998-08-18,1998,8,18,17.312081687593835
Ca Mau,1998-08-19,1998,8,19,23.04210653540734
Ca Mau,1998-08-20,1998,8,20,21.17399199043897
Ca Mau,1998-08-21,1998,8,21,11.036070565016264
Ca Mau,1998-08-22,1998,8,22,0.7049803917973047
Ca Mau,1998-08-23,1998,8,23,1.051125390407829
Ca Mau,1998-08-24,1998,8,24,13.835329023884686
Ca Mau,1998-08-25,1998,8,25,2.4580611889008463
Ca Mau,1998-08-26,1998,8,26,2.7281582990915783
Ca Mau,1998-08-27,1998,8,27,7.253229964006482
Ca Mau,1998-08-28,1998,8,28,5.7902165378884245
Ca Mau,1998-08-29,1998,8,29,3.05368612914773
Ca Mau,1998-08-30,1998,8,30,3.273952266307236
Ca Mau,1998-08-31,1998,8,31,8.820081482451084
Ca Mau,1998-09-01,1998,9,1,13.576796661238069
Ca Mau,1998-09-02,1998,9,2,9.686298535724582
Ca Mau,1998-09-03,1998,9,3,0.0
Ca Mau,1998-09-04,1998,9,4,3.756010130079332
Ca Mau,1998-09-05,1998,9,5,5.6904322901896105
Ca Mau,1998-09-06,1998,9,6,12.038163959097115
Ca Mau,1998-09-07,1998,9,7,1.8978246386549216
Ca Mau,1998-09-08,1998,9,8,0.0
Ca Mau,1998-09-09,1998,9,9,2.768656196714602
Ca Mau,1998-09-10,1998,9,10,6.154765084737233
Ca Mau,1998-09-11,1998,9,11,10.206362474543086
Ca Mau,1998-09-12,1998,9,12,27.940902507416865
Ca Mau,1998-09-13,1998,9,13,29.75533569106853
Ca Mau,1998-09-14,1998,9,14,31.890683442300165
Ca Mau,1998-09-15,1998,9,15,35.21233181682437
Ca Mau,1998-09-16,1998,9,16,26.86291972648672
Ca Mau,1998-09-17,1998,9,17,24.178852248148598
Ca Mau,1998-09-18,1998,9,18,24.785436488949276
Ca Mau,1998-09-19,1998,9,19,14.16426681080313
Ca Mau,1998-09-20,1998,9,20,13.355647473860678
Ca Mau,1998-09-21,1998,9,21,3.6627050191344215
Ca Mau,1998-09-22,1998,9,22,0.7839854615667281
Ca Mau,1998-09-23,1998,9,23,0.3072856167531793
Ca Mau,1998-09-24,1998,9,24,20.747842289552448
Ca Mau,1998-09-25,1998,9,25,17.676694443717405
Ca Mau,1998-09-26,1998,9,26,26.09467441233681
Ca Mau,1998-09-27,1998,9,27,24.79181920528917
Ca Mau,1998-09-28,1998,9,28,16.113505060080687
Ca Mau,1998-09-29,1998,9,29,4.71621074962645
Ca Mau,1998-09-30,1998,9,30,24.47471258135237
Ca Mau,1998-10-01,1998,10,1,5.727446086056075
Ca Mau,1998-10-02,1998,10,2,6.904221120901959
Ca Mau,1998-10-03,1998,10,3,7.45116257345014
Ca Mau,1998-10-04,1998,10,4,9.737911299835025
Ca Mau,1998-10-05,1998,10,5,13.584079067293723
Ca Mau,1998-10-06,1998,10,6,4.217573153406852
Ca Mau,1998-10-07,1998,10,7,29.57828792690008
Ca Mau,1998-10-08,1998,10,8,10.705089908962602
Ca Mau,1998-10-09,1998,10,9,2.591700595714594
Ca Mau,1998-10-10,1998,10,10,0.6246520996976651
Ca Mau,1998-10-11,1998,10,11,2.116026525639061
Ca Mau,1998-10-12,1998,10,12,1.6985166810696193
Ca Mau,1998-10-13,1998,10,13,4.003640418973593
Ca Mau,1998-10-14,1998,10,14,0.0507152499281942
Ca Mau,1998-10-15,1998,10,15,5.806948776044935
Ca Mau,1998-10-16,1998,10,16,0.9886961713018848
Ca Mau,1998-10-17,1998,10,17,0.5976195679177976
Ca Mau,1998-10-18,1998,10,18,16.9030450593946
Ca Mau,1998-10-19,1998,10,19,8.285738834735133
Ca Mau,1998-10-20,1998,10,20,5.204848263408211
Ca Mau,1998-10-21,1998,10,21,19.19108693966555
Ca Mau,1998-10-22,1998,10,22,12.774828767811629
Ca Mau,1998-10-23,1998,10,23,9.996360487181883
Ca Mau,1998-10-24,1998,10,24,7.702053484444968
Ca Mau,1998-10-25,1998,10,25,2.670068896892498
Ca Mau,1998-10-26,1998,10,26,7.568068045397555
Ca Mau,1998-10-27,1998,10,27,17.07060160649155
Ca Mau,1998-10-28,1998,10,28,27.047406027113805
Ca Mau,1998-10-29,1998,10,29,17.10947037089116
Ca Mau,1998-10-30,1998,10,30,8.046239555071244
Ca Mau,1998-10-31,1998,10,31,18.360459607684632
Ca Mau,1998-11-01,1998,11,1,8.921219889421417
Ca Mau,1998-11-02,1998,11,2,10.038667735023182
Ca Mau,1998-11-03,1998,11,3,15.132931291912898
Ca Mau,1998-11-04,1998,11,4,14.542926241059266
Ca Mau,1998-11-05,1998,11,5,23.132088598598173
Ca Mau,1998-11-06,1998,11,6,19.66459547503972
Ca Mau,1998-11-07,1998,11,7,12.982958422322849
Ca Mau,1998-11-08,1998,11,8,0.8862608282397783
Ca Mau,1998-11-09,1998,11,9,15.74648899316536
Ca Mau,1998-11-10,1998,11,10,2.8026642272701587
Ca Mau,1998-11-11,1998,11,11,2.871559278537242
Ca Mau,1998-11-12,1998,11,12,1.9092438218725496
Ca Mau,1998-11-13,1998,11,13,45.71539571567776
Ca Mau,1998-11-14,1998,11,14,16.47181347679199
Ca Mau,1998-11-15,1998,11,15,0.0002127424594208581
Ca Mau,1998-11-16,1998,11,16,0.4360398872335417
Ca Mau,1998-11-17,1998,11,17,0.0041925870017244
Ca Mau,1998-11-18,1998,11,18,6.660437729533996
Ca Mau,1998-11-19,1998,11,19,0.1562198559599315
Ca Mau,1998-11-20,1998,11,20,7.653191253569932
Ca Mau,1998-11-21,1998,11,21,0.0
Ca Mau,1998-11-22,1998,11,22,0.00026464232546530737
Ca Mau,1998-11-23,1998,11,23,7.147751600892616
Ca Mau,1998-11-24,1998,11,24,0.0
Ca Mau,1998-11-25,1998,11,25,0.0
Ca Mau,1998-11-26,1998,11,26,0.0
Ca Mau,1998-11-27,1998,11,27,4.913320811116279
Ca Mau,1998-11-28,1998,11,28,2.46539171065284
Ca Mau,1998-11-29,1998,11,29,2.057106412613839
Ca Mau,1998-11-30,1998,11,30,1.374205402029902
Ca Mau,1998-12-01,1998,12,1,1.8413550632599267
Ca Mau,1998-12-02,1998,12,2,0.5966177016514679
Ca Mau,1998-12-03,1998,12,3,0.0622388081312035
Ca Mau,1998-12-04,1998,12,4,0.0003479741324536603
Ca Mau,1998-12-05,1998,12,5,4.050487649236259
Ca Mau,1998-12-06,1998,12,6,0.7122045762773872
Ca Mau,1998-12-07,1998,12,7,1.3365926518608362
Ca Mau,1998-12-08,1998,12,8,5.1364972924063625
Ca Mau,1998-12-09,1998,12,9,14.056147875924207
Ca Mau,1998-12-10,1998,12,10,9.77088410118111
Ca Mau,1998-12-11,1998,12,11,0.2699587526297627
Ca Mau,1998-12-12,1998,12,12,1.176166342276328
Ca Mau,1998-12-13,1998,12,13,16.691118814294402
Ca Mau,1998-12-14,1998,12,14,6.3795290990690985
Ca Mau,1998-12-15,1998,12,15,0.0
Ca Mau,1998-12-16,1998,12,16,0.0
Ca Mau,1998-12-17,1998,12,17,0.0
Ca Mau,1998-12-18,1998,12,18,0.0
Ca Mau,1998-12-19,1998,12,19,0.0
Ca Mau,1998-12-20,1998,12,20,0.1244400877690229
Ca Mau,1998-12-21,1998,12,21,0.4497719408162706
Ca Mau,1998-12-22,1998,12,22,0.054985572179687
Ca Mau,1998-12-23,1998,12,23,0.0
Ca Mau,1998-12-24,1998,12,24,0.4194552637951984
Ca Mau,1998-12-25,1998,12,25,7.63573712928552
Ca Mau,1998-12-26,1998,12,26,0.0
Ca Mau,1998-12-27,1998,12,27,7.270397059033834
Ca Mau,1998-12-28,1998,12,28,1.4023738349939927
Ca Mau,1998-12-29,1998,12,29,0.0002004478257397211
Ca Mau,1998-12-30,1998,12,30,0.0
Ca Mau,1998-12-31,1998,12,31,0.0
Ca Mau,1999-01-01,1999,1,1,1.0030889972242585
Ca Mau,1999-01-02,1999,1,2,1.826033793403312
Ca Mau,1999-01-03,1999,1,3,6.116021414229957
Ca Mau,1999-01-04,1999,1,4,2.438541105217521
Ca Mau,1999-01-05,1999,1,5,3.1259327191170296
Ca Mau,1999-01-06,1999,1,6,1.2368191552800023
Ca Mau,1999-01-07,1999,1,7,0.0
Ca Mau,1999-01-08,1999,1,8,0.0
Ca Mau,1999-01-09,1999,1,9,0.0
Ca Mau,1999-01-10,1999,1,10,0.0
Ca Mau,1999-01-11,1999,1,11,2.838929757192065
Ca Mau,1999-01-12,1999,1,12,0.169059167141962
Ca Mau,1999-01-13,1999,1,13,0.0002278012765217866
Ca Mau,1999-01-14,1999,1,14,0.0
Ca Mau,1999-01-15,1999,1,15,1.065611886403365
Ca Mau,1999-01-16,1999,1,16,0.0
Ca Mau,1999-01-17,1999,1,17,0.0
Ca Mau,1999-01-18,1999,1,18,0.0077281445084632
Ca Mau,1999-01-19,1999,1,19,0.476046814766804
Ca Mau,1999-01-20,1999,1,20,0.0
Ca Mau,1999-01-21,1999,1,21,0.420616822094266
Ca Mau,1999-01-22,1999,1,22,2.7882163453635465
Ca Mau,1999-01-23,1999,1,23,0.2099647092325512
Ca Mau,1999-01-24,1999,1,24,0.0
Ca Mau,1999-01-25,1999,1,25,0.0
Ca Mau,1999-01-26,1999,1,26,2.0404143865178592
Ca Mau,1999-01-27,1999,1,27,5.331910944321927
Ca Mau,1999-01-28,1999,1,28,0.3491703640250658
Ca Mau,1999-01-29,1999,1,29,0.00015661284381562025
Ca Mau,1999-01-30,1999,1,30,0.0
Ca Mau,1999-01-31,1999,1,31,0.0
Ca Mau,1999-02-01,1999,2,1,0.0
Ca Mau,1999-02-02,1999,2,2,1.383810690310227
Ca Mau,1999-02-03,1999,2,3,0.0
Ca Mau,1999-02-04,1999,2,4,0.0
Ca Mau,1999-02-05,1999,2,5,0.0
Ca Mau,1999-02-06,1999,2,6,0.8118594042132495
Ca Mau,1999-02-07,1999,2,7,0.9992503618422852
Ca Mau,1999-02-08,1999,2,8,0.0
Ca Mau,1999-02-09,1999,2,9,0.1171404331575678
Ca Mau,1999-02-10,1999,2,10,1.6267978811823514
Ca Mau,1999-02-11,1999,2,11,2.513608772402231
Ca Mau,1999-02-12,1999,2,12,0.0
Ca Mau,1999-02-13,1999,2,13,0.0
Ca Mau,1999-02-14,1999,2,14,0.0
Ca Mau,1999-02-15,1999,2,15,0.0
Ca Mau,1999-02-16,1999,2,16,0.0
Ca Mau,1999-02-17,1999,2,17,0.0
Ca Mau,1999-02-18,1999,2,18,0.0
Ca Mau,1999-02-19,1999,2,19,0.0
Ca Mau,1999-02-20,1999,2,20,0.0
Ca Mau,1999-02-21,1999,2,21,0.0
Ca Mau,1999-02-22,1999,2,22,0.0
Ca Mau,1999-02-23,1999,2,23,0.6286718449054204
Ca Mau,1999-02-24,1999,2,24,8.236826313017648e-05
Ca Mau,1999-02-25,1999,2,25,0.0
Ca Mau,1999-02-26,1999,2,26,0.0
Ca Mau,1999-02-27,1999,2,27,0.0
Ca Mau,1999-02-28,1999,2,28,1.883753173199664
Ca Mau,1999-03-01,1999,3,1,0.0
Ca Mau,1999-03-02,1999,3,2,0.1325599368134606
Ca Mau,1999-03-03,1999,3,3,2.398398014724688
Ca Mau,1999-03-04,1999,3,4,0.0
Ca Mau,1999-03-05,1999,3,5,0.3903104267663075
Ca Mau,1999-03-06,1999,3,6,0.3317082691329567
Ca Mau,1999-03-07,1999,3,7,0.0
Ca Mau,1999-03-08,1999,3,8,6.052680378588326
Ca Mau,1999-03-09,1999,3,9,1.277322413771444
Ca Mau,1999-03-10,1999,3,10,0.0
Ca Mau,1999-03-11,1999,3,11,0.5569933796123555
Ca Mau,1999-03-12,1999,3,12,0.0127729819468171
Ca Mau,1999-03-13,1999,3,13,1.0319333049674784
Ca Mau,1999-03-14,1999,3,14,0.0
Ca Mau,1999-03-15,1999,3,15,0.096740439354004
Ca Mau,1999-03-16,1999,3,16,0.0
Ca Mau,1999-03-17,1999,3,17,0.0
Ca Mau,1999-03-18,1999,3,18,0.0
Ca Mau,1999-03-19,1999,3,19,0.0621178012697123
Ca Mau,1999-03-20,1999,3,20,0.5468519899854495
Ca Mau,1999-03-21,1999,3,21,0.1077556828309432
Ca Mau,1999-03-22,1999,3,22,0.8130803094251128
Ca Mau,1999-03-23,1999,3,23,0.0
Ca Mau,1999-03-24,1999,3,24,0.1912789846057616
Ca Mau,1999-03-25,1999,3,25,6.512094225928173
Ca Mau,1999-03-26,1999,3,26,0.2655049114878839
Ca Mau,1999-03-27,1999,3,27,0.368568854706031
Ca Mau,1999-03-28,1999,3,28,0.4581984305864668
Ca Mau,1999-03-29,1999,3,29,1.185939117058878
Ca Mau,1999-03-30,1999,3,30,4.352946519761594
Ca Mau,1999-03-31,1999,3,31,1.4137579943115368
Ca Mau,1999-04-01,1999,4,1,0.1753103131610797
Ca Mau,1999-04-02,1999,4,2,0.5749468873001574
Ca Mau,1999-04-03,1999,4,3,9.683311186681314
Ca Mau,1999-04-04,1999,4,4,7.957216578365689
Ca Mau,1999-04-05,1999,4,5,3.4230393140161235
Ca Mau,1999-04-06,1999,4,6,0.8850881336966335
Ca Mau,1999-04-07,1999,4,7,0.5724477892901475
Ca Mau,1999-04-08,1999,4,8,5.534529033678947
Ca Mau,1999-04-09,1999,4,9,15.1169410608754
Ca Mau,1999-04-10,1999,4,10,8.122152666470093
Ca Mau,1999-04-11,1999,4,11,4.972175513480891
Ca Mau,1999-04-12,1999,4,12,8.484496929616354
Ca Mau,1999-04-13,1999,4,13,1.5596878890493189
Ca Mau,1999-04-14,1999,4,14,11.304905179275393
Ca Mau,1999-04-15,1999,4,15,7.870476611409039
Ca Mau,1999-04-16,1999,4,16,18.711411676751386
Ca Mau,1999-04-17,1999,4,17,5.737099450622139
Ca Mau,1999-04-18,1999,4,18,1.999406985303403
Ca Mau,1999-04-19,1999,4,19,4.410109876491752
Ca Mau,1999-04-20,1999,4,20,0.5952564487560342
Ca Mau,1999-04-21,1999,4,21,2.184423417249355
Ca Mau,1999-04-22,1999,4,22,6.716271072162143
Ca Mau,1999-04-23,1999,4,23,8.84184609024708
Ca Mau,1999-04-24,1999,4,24,12.376206675654746
Ca Mau,1999-04-25,1999,4,25,6.04271977415766
Ca Mau,1999-04-26,1999,4,26,22.67388328720682
Ca Mau,1999-04-27,1999,4,27,19.73794762005505
Ca Mau,1999-04-28,1999,4,28,13.995381353434263
Ca Mau,1999-04-29,1999,4,29,10.33014017123698
Ca Mau,1999-04-30,1999,4,30,2.413204217958012
Ca Mau,1999-05-01,1999,5,1,1.1980578663703756
Ca Mau,1999-05-02,1999,5,2,5.664801248111637
Ca Mau,1999-05-03,1999,5,3,5.59567768542049
Ca Mau,1999-05-04,1999,5,4,1.2356470273548634
Ca Mau,1999-05-05,1999,5,5,4.456985609932494
Ca Mau,1999-05-06,1999,5,6,3.7655669465399786
Ca Mau,1999-05-07,1999,5,7,5.277630732945439
Ca Mau,1999-05-08,1999,5,8,0.8957869695114401
Ca Mau,1999-05-09,1999,5,9,4.206032539559068
Ca Mau,1999-05-10,1999,5,10,3.560787627205451
Ca Mau,1999-05-11,1999,5,11,12.031467238164083
Ca Mau,1999-05-12,1999,5,12,0.9372551428489706
Ca Mau,1999-05-13,1999,5,13,0.3627639015575707
Ca Mau,1999-05-14,1999,5,14,18.860932764174937
Ca Mau,1999-05-15,1999,5,15,17.98216897738421
Ca Mau,1999-05-16,1999,5,16,8.023223774374761
Ca Mau,1999-05-17,1999,5,17,5.738407872310937
Ca Mau,1999-05-18,1999,5,18,10.601237335112833
Ca Mau,1999-05-19,1999,5,19,18.192245494722965
Ca Mau,1999-05-20,1999,5,20,15.076236340693653
Ca Mau,1999-05-21,1999,5,21,9.10163462513376
Ca Mau,1999-05-22,1999,5,22,3.4545855627563022
Ca Mau,1999-05-23,1999,5,23,9.87262605606357
Ca Mau,1999-05-24,1999,5,24,5.202827641801257
Ca Mau,1999-05-25,1999,5,25,6.94541671495556
Ca Mau,1999-05-26,1999,5,26,3.251795330757171
Ca Mau,1999-05-27,1999,5,27,0.0006592823811857418
Ca Mau,1999-05-28,1999,5,28,24.02478970589056
Ca Mau,1999-05-29,1999,5,29,29.229621488353235
Ca Mau,1999-05-30,1999,5,30,6.417251679960735
Ca Mau,1999-05-31,1999,5,31,0.0003230986979304664
Ca Mau,1999-06-01,1999,6,1,2.253973406155064
Ca Mau,1999-06-02,1999,6,2,21.4976280589454
Ca Mau,1999-06-03,1999,6,3,21.98350204971531
Ca Mau,1999-06-04,1999,6,4,43.58367584663768
Ca Mau,1999-06-05,1999,6,5,22.809730026875474
Ca Mau,1999-06-06,1999,6,6,23.66710968832728
Ca Mau,1999-06-07,1999,6,7,1.98115703274362
Ca Mau,1999-06-08,1999,6,8,10.7770878293404
Ca Mau,1999-06-09,1999,6,9,5.725873116065977
Ca Mau,1999-06-10,1999,6,10,7.366080995950911
Ca Mau,1999-06-11,1999,6,11,0.4340446295516236
Ca Mau,1999-06-12,1999,6,12,0.0611878592687622
Ca Mau,1999-06-13,1999,6,13,10.910051687930274
Ca Mau,1999-06-14,1999,6,14,20.4222836096511
Ca Mau,1999-06-15,1999,6,15,30.978469589556216
Ca Mau,1999-06-16,1999,6,16,12.310118649069318
Ca Mau,1999-06-17,1999,6,17,10.779789638562532
Ca Mau,1999-06-18,1999,6,18,24.67064032859497
Ca Mau,1999-06-19,1999,6,19,9.698830078408902
Ca Mau,1999-06-20,1999,6,20,0.1199036539501838
Ca Mau,1999-06-21,1999,6,21,0.0
Ca Mau,1999-06-22,1999,6,22,0.0
Ca Mau,1999-06-23,1999,6,23,0.0
Ca Mau,1999-06-24,1999,6,24,0.0
Ca Mau,1999-06-25,1999,6,25,0.0
Ca Mau,1999-06-26,1999,6,26,14.636319930961374
Ca Mau,1999-06-27,1999,6,27,3.363908158842714
Ca Mau,1999-06-28,1999,6,28,6.36389183343142
Ca Mau,1999-06-29,1999,6,29,8.184095310346827
Ca Mau,1999-06-30,1999,6,30,13.44220399342144
Ca Mau,1999-07-01,1999,7,1,5.549181597651925
Ca Mau,1999-07-02,1999,7,2,14.895746463146214
Ca Mau,1999-07-03,1999,7,3,6.378874671115049
Ca Mau,1999-07-04,1999,7,4,0.0004575416139420461
Ca Mau,1999-07-05,1999,7,5,0.8487626203620738
Ca Mau,1999-07-06,1999,7,6,0.3794367628615743
Ca Mau,1999-07-07,1999,7,7,1.88238863346078
Ca Mau,1999-07-08,1999,7,8,2.285366050835965
Ca Mau,1999-07-09,1999,7,9,0.00034053659712965584
Ca Mau,1999-07-10,1999,7,10,6.905750858344078
Ca Mau,1999-07-11,1999,7,11,6.347849145887518
Ca Mau,1999-07-12,1999,7,12,11.49089149376682
Ca Mau,1999-07-13,1999,7,13,0.7410299625819802
Ca Mau,1999-07-14,1999,7,14,2.188221805518384
Ca Mau,1999-07-15,1999,7,15,6.2373854740553245
Ca Mau,1999-07-16,1999,7,16,0.0004101697594251715
Ca Mau,1999-07-17,1999,7,17,5.74144898575732
Ca Mau,1999-07-18,1999,7,18,0.4370046543923659
Ca Mau,1999-07-19,1999,7,19,0.3080489553844483
Ca Mau,1999-07-20,1999,7,20,0.8174428794411394
Ca Mau,1999-07-21,1999,7,21,5.690330462370346
Ca Mau,1999-07-22,1999,7,22,3.378441476872352
Ca Mau,1999-07-23,1999,7,23,3.222634992070109
Ca Mau,1999-07-24,1999,7,24,21.30531340601439
Ca Mau,1999-07-25,1999,7,25,19.769328640857232
Ca Mau,1999-07-26,1999,7,26,17.91895762160691
Ca Mau,1999-07-27,1999,7,27,0.0008981259587021523
Ca Mau,1999-07-28,1999,7,28,18.513170759453747
Ca Mau,1999-07-29,1999,7,29,39.29362209448467
Ca Mau,1999-07-30,1999,7,30,27.1202764813276
Ca Mau,1999-07-31,1999,7,31,22.78899558600233
Ca Mau,1999-08-01,1999,8,1,3.709809626208252
Ca Mau,1999-08-02,1999,8,2,7.138486025312143
Ca Mau,1999-08-03,1999,8,3,35.242192203145216
Ca Mau,1999-08-04,1999,8,4,15.335157315281672
Ca Mau,1999-08-05,1999,8,5,2.5227338405733684
Ca Mau,1999-08-06,1999,8,6,0.00026490851930436097
Ca Mau,1999-08-07,1999,8,7,0.0
Ca Mau,1999-08-08,1999,8,8,0.0002886412581913129
Ca Mau,1999-08-09,1999,8,9,0.0002289887296966083
Ca Mau,1999-08-10,1999,8,10,0.0
Ca Mau,1999-08-11,1999,8,11,3.5150344882209987
Ca Mau,1999-08-12,1999,8,12,0.0751365110764624
Ca Mau,1999-08-13,1999,8,13,1.350561751388329
Ca Mau,1999-08-14,1999,8,14,4.469408235331366
Ca Mau,1999-08-15,1999,8,15,0.0
Ca Mau,1999-08-16,1999,8,16,17.040213196595833
Ca Mau,1999-08-17,1999,8,17,8.753895086354547
Ca Mau,1999-08-18,1999,8,18,5.899225463818178
Ca Mau,1999-08-19,1999,8,19,9.523493105980336
Ca Mau,1999-08-20,1999,8,20,12.888544509793212
Ca Mau,1999-08-21,1999,8,21,11.664589655100222
Ca Mau,1999-08-22,1999,8,22,20.897110487315302
Ca Mau,1999-08-23,1999,8,23,10.366501304815376
Ca Mau,1999-08-24,1999,8,24,11.258978896320524
Ca Mau,1999-08-25,1999,8,25,5.900181764270551
Ca Mau,1999-08-26,1999,8,26,25.46012910761779
Ca Mau,1999-08-27,1999,8,27,22.82855113066888
Ca Mau,1999-08-28,1999,8,28,6.587372544166404
Ca Mau,1999-08-29,1999,8,29,39.3746888507
Ca Mau,1999-08-30,1999,8,30,8.957137600578454
Ca Mau,1999-08-31,1999,8,31,13.83847331121438
Ca Mau,1999-09-01,1999,9,1,12.171546406043918
Ca Mau,1999-09-02,1999,9,2,5.047799219117199
Ca Mau,1999-09-03,1999,9,3,3.529379104706657
Ca Mau,1999-09-04,1999,9,4,29.8563132870046
Ca Mau,1999-09-05,1999,9,5,27.52597538065594
Ca Mau,1999-09-06,1999,9,6,29.37777432323657
Ca Mau,1999-09-07,1999,9,7,0.00024401069480245617
Ca Mau,1999-09-08,1999,9,8,2.621691395854071
Ca Mau,1999-09-09,1999,9,9,0.0406305253001193
Ca Mau,1999-09-10,1999,9,10,2.2727298243320417
Ca Mau,1999-09-11,1999,9,11,0.1112800988367564
Ca Mau,1999-09-12,1999,9,12,1.208259296082096
Ca Mau,1999-09-13,1999,9,13,9.732643004835667
Ca Mau,1999-09-14,1999,9,14,0.92407088878113
Ca Mau,1999-09-15,1999,9,15,3.729217775841722
Ca Mau,1999-09-16,1999,9,16,0.3184981695776119
Ca Mau,1999-09-17,1999,9,17,0.3651976124028774
Ca Mau,1999-09-18,1999,9,18,3.636855474127032
Ca Mau,1999-09-19,1999,9,19,0.364456007241338
Ca Mau,1999-09-20,1999,9,20,0.5670149972371787
Ca Mau,1999-09-21,1999,9,21,9.639713993726224
Ca Mau,1999-09-22,1999,9,22,7.504941827233573
Ca Mau,1999-09-23,1999,9,23,6.352270206191019
Ca Mau,1999-09-24,1999,9,24,3.4577091019848387
Ca Mau,1999-09-25,1999,9,25,1.3327209416150765
Ca Mau,1999-09-26,1999,9,26,1.095908334359365
Ca Mau,1999-09-27,1999,9,27,1.5887752146411702
Ca Mau,1999-09-28,1999,9,28,12.954936278774491
Ca Mau,1999-09-29,1999,9,29,20.262520666179025
Ca Mau,1999-09-30,1999,9,30,7.680705562134827
Ca Mau,1999-10-01,1999,10,1,1.1015468715378136
Ca Mau,1999-10-02,1999,10,2,1.8571202502627624
Ca Mau,1999-10-03,1999,10,3,10.571792793474836
Ca Mau,1999-10-04,1999,10,4,9.067271748460843
Ca Mau,1999-10-05,1999,10,5,0.111267710971717
Ca Mau,1999-10-06,1999,10,6,6.776858952495541
Ca Mau,1999-10-07,1999,10,7,15.317365932790734
Ca Mau,1999-10-08,1999,10,8,4.184346608412167
Ca Mau,1999-10-09,1999,10,9,3.1383538148945886
Ca Mau,1999-10-10,1999,10,10,1.2172264204852674
Ca Mau,1999-10-11,1999,10,11,5.152961551584532
Ca Mau,1999-10-12,1999,10,12,24.907450554610893
Ca Mau,1999-10-13,1999,10,13,26.882714367402947
Ca Mau,1999-10-14,1999,10,14,2.2539505187327444
Ca Mau,1999-10-15,1999,10,15,3.8145509376275073
Ca Mau,1999-10-16,1999,10,16,2.934930658046756
Ca Mau,1999-10-17,1999,10,17,15.48336422785739
Ca Mau,1999-10-18,1999,10,18,24.877840999040885
Ca Mau,1999-10-19,1999,10,19,0.9792913222435456
Ca Mau,1999-10-20,1999,10,20,2.5167756110087423
Ca Mau,1999-10-21,1999,10,21,6.899307954700566
Ca Mau,1999-10-22,1999,10,22,9.200858816017986
Ca Mau,1999-10-23,1999,10,23,20.995685779684404
Ca Mau,1999-10-24,1999,10,24,18.111465234656297
Ca Mau,1999-10-25,1999,10,25,13.448810337433432
Ca Mau,1999-10-26,1999,10,26,1.6705715985115095
Ca Mau,1999-10-27,1999,10,27,9.343388070605762
Ca Mau,1999-10-28,1999,10,28,0.6125732449208814
Ca Mau,1999-10-29,1999,10,29,6.3007102479489285
Ca Mau,1999-10-30,1999,10,30,11.180314852652272
Ca Mau,1999-10-31,1999,10,31,23.645234412607163
Ca Mau,1999-11-01,1999,11,1,22.907937447413204
Ca Mau,1999-11-02,1999,11,2,14.518906624134113
Ca Mau,1999-11-03,1999,11,3,6.096374223839849
Ca Mau,1999-11-04,1999,11,4,32.26857645069098
Ca Mau,1999-11-05,1999,11,5,16.536827631123565
Ca Mau,1999-11-06,1999,11,6,0.9614358968411134
Ca Mau,1999-11-07,1999,11,7,0.1882496080130447
Ca Mau,1999-11-08,1999,11,8,7.451945898466565
Ca Mau,1999-11-09,1999,11,9,1.7696532894200692
Ca Mau,1999-11-10,1999,11,10,4.436620752848551
Ca Mau,1999-11-11,1999,11,11,1.074939131700719
Ca Mau,1999-11-12,1999,11,12,11.077342484871595
Ca Mau,1999-11-13,1999,11,13,6.763208273568494
Ca Mau,1999-11-14,1999,11,14,11.01159820715563
Ca Mau,1999-11-15,1999,11,15,0.2846359250776498
Ca Mau,1999-11-16,1999,11,16,11.333884354063656
Ca Mau,1999-11-17,1999,11,17,0.0
Ca Mau,1999-11-18,1999,11,18,1.662584461334828
Ca Mau,1999-11-19,1999,11,19,9.894585960595323
Ca Mau,1999-11-20,1999,11,20,12.923947711088935
Ca Mau,1999-11-21,1999,11,21,5.258267606517356
Ca Mau,1999-11-22,1999,11,22,0.4550098114913869
Ca Mau,1999-11-23,1999,11,23,0.1783671565489008
Ca Mau,1999-11-24,1999,11,24,0.7311194839435738
Ca Mau,1999-11-25,1999,11,25,2.6085446967035004
Ca Mau,1999-11-26,1999,11,26,0.8321217339769676
Ca Mau,1999-11-27,1999,11,27,1.659394552388388
Ca Mau,1999-11-28,1999,11,28,1.8169034850820815
Ca Mau,1999-11-29,1999,11,29,4.066982602536175
Ca Mau,1999-11-30,1999,11,30,1.3841918074450446
Ca Mau,1999-12-01,1999,12,1,0.0
Ca Mau,1999-12-02,1999,12,2,5.966125809624704
Ca Mau,1999-12-03,1999,12,3,13.377114307058768
Ca Mau,1999-12-04,1999,12,4,0.9534600636524296
Ca Mau,1999-12-05,1999,12,5,1.3887285722156113
Ca Mau,1999-12-06,1999,12,6,1.017449777077843
Ca Mau,1999-12-07,1999,12,7,0.1281227419556016
Ca Mau,1999-12-08,1999,12,8,2.2611389872668712
Ca Mau,1999-12-09,1999,12,9,0.1576328088665672
Ca Mau,1999-12-10,1999,12,10,13.02588161590094
Ca Mau,1999-12-11,1999,12,11,17.47128768844537
Ca Mau,1999-12-12,1999,12,12,2.3283774749665307
Ca Mau,1999-12-13,1999,12,13,0.4545453810499039
Ca Mau,1999-12-14,1999,12,14,5.691377100860194
Ca Mau,1999-12-15,1999,12,15,0.164273334685105
Ca Mau,1999-12-16,1999,12,16,0.0
Ca Mau,1999-12-17,1999,12,17,0.0
Ca Mau,1999-12-18,1999,12,18,0.0
Ca Mau,1999-12-19,1999,12,19,0.5213215631830364
Ca Mau,1999-12-20,1999,12,20,0.0
Ca Mau,1999-12-21,1999,12,21,0.0
Ca Mau,1999-12-22,1999,12,22,0.0
Ca Mau,1999-12-23,1999,12,23,0.0
Ca Mau,1999-12-24,1999,12,24,0.0
Ca Mau,1999-12-25,1999,12,25,0.2934111238084509
Ca Mau,1999-12-26,1999,12,26,10.694779330929864
Ca Mau,1999-12-27,1999,12,27,0.0
Ca Mau,1999-12-28,1999,12,28,0.0
Ca Mau,1999-12-29,1999,12,29,0.0012415600659048
Ca Mau,1999-12-30,1999,12,30,0.0
Ca Mau,1999-12-31,1999,12,31,0.0
Ca Mau,2000-01-01,2000,1,1,5.33321352175098
Ca Mau,2000-01-02,2000,1,2,0.0
Ca Mau,2000-01-03,2000,1,3,0.1257785647981401
Ca Mau,2000-01-04,2000,1,4,0.0
Ca Mau,2000-01-05,2000,1,5,0.0
Ca Mau,2000-01-06,2000,1,6,1.5508606329452177
Ca Mau,2000-01-07,2000,1,7,0.0
Ca Mau,2000-01-08,2000,1,8,0.0
Ca Mau,2000-01-09,2000,1,9,0.0
Ca Mau,2000-01-10,2000,1,10,0.3706767312605768
Ca Mau,2000-01-11,2000,1,11,1.0926465000799594
Ca Mau,2000-01-12,2000,1,12,0.0
Ca Mau,2000-01-13,2000,1,13,0.0
Ca Mau,2000-01-14,2000,1,14,0.0
Ca Mau,2000-01-15,2000,1,15,0.0
Ca Mau,2000-01-16,2000,1,16,0.0324233981545343
Ca Mau,2000-01-17,2000,1,17,0.0
Ca Mau,2000-01-18,2000,1,18,2.71283732204188
Ca Mau,2000-01-19,2000,1,19,0.0
Ca Mau,2000-01-20,2000,1,20,0.0
Ca Mau,2000-01-21,2000,1,21,0.0
Ca Mau,2000-01-22,2000,1,22,0.9352921422620496
Ca Mau,2000-01-23,2000,1,23,4.101650247050782
Ca Mau,2000-01-24,2000,1,24,1.0803514018771947
Ca Mau,2000-01-25,2000,1,25,0.0
Ca Mau,2000-01-26,2000,1,26,0.0
Ca Mau,2000-01-27,2000,1,27,0.0
Ca Mau,2000-01-28,2000,1,28,0.0
Ca Mau,2000-01-29,2000,1,29,1.16063730150209
Ca Mau,2000-01-30,2000,1,30,0.090228187490115
Ca Mau,2000-01-31,2000,1,31,0.0
Ca Mau,2000-02-01,2000,2,1,0.0
Ca Mau,2000-02-02,2000,2,2,0.0
Ca Mau,2000-02-03,2000,2,3,0.0
Ca Mau,2000-02-04,2000,2,4,0.0
Ca Mau,2000-02-05,2000,2,5,0.0026346407200073
Ca Mau,2000-02-06,2000,2,6,4.123784668563429
Ca Mau,2000-02-07,2000,2,7,0.4832771822828194
Ca Mau,2000-02-08,2000,2,8,0.0
Ca Mau,2000-02-09,2000,2,9,0.0256157334749795
Ca Mau,2000-02-10,2000,2,10,0.0
Ca Mau,2000-02-11,2000,2,11,0.0
Ca Mau,2000-02-12,2000,2,12,0.0
Ca Mau,2000-02-13,2000,2,13,0.0
Ca Mau,2000-02-14,2000,2,14,0.2385447997793538
Ca Mau,2000-02-15,2000,2,15,0.0
Ca Mau,2000-02-16,2000,2,16,0.0
Ca Mau,2000-02-17,2000,2,17,0.0
Ca Mau,2000-02-18,2000,2,18,0.0
Ca Mau,2000-02-19,2000,2,19,0.0517520800980648
Ca Mau,2000-02-20,2000,2,20,0.4230226440334912
Ca Mau,2000-02-21,2000,2,21,0.0
Ca Mau,2000-02-22,2000,2,22,0.0
Ca Mau,2000-02-23,2000,2,23,0.2158188254154652
Ca Mau,2000-02-24,2000,2,24,0.2346429938648658
Ca Mau,2000-02-25,2000,2,25,0.0
Ca Mau,2000-02-26,2000,2,26,0.0
Ca Mau,2000-02-27,2000,2,27,0.4475237482115898
Ca Mau,2000-02-28,2000,2,28,0.2000281265525749
Ca Mau,2000-02-29,2000,2,29,1.33578693956371
Ca Mau,2000-03-01,2000,3,1,0.0
Ca Mau,2000-03-02,2000,3,2,0.0004620090973852914
Ca Mau,2000-03-03,2000,3,3,0.0
Ca Mau,2000-03-04,2000,3,4,0.0
Ca Mau,2000-03-05,2000,3,5,0.0153153836682096
Ca Mau,2000-03-06,2000,3,6,7.84433879093363
Ca Mau,2000-03-07,2000,3,7,1.949516935460946
Ca Mau,2000-03-08,2000,3,8,0.0421157556765024
Ca Mau,2000-03-09,2000,3,9,0.0
Ca Mau,2000-03-10,2000,3,10,0.0532672999487534
Ca Mau,2000-03-11,2000,3,11,7.814004437297478
Ca Mau,2000-03-12,2000,3,12,4.229644586351289
Ca Mau,2000-03-13,2000,3,13,1.9808781947467613
Ca Mau,2000-03-14,2000,3,14,0.664296737560122
Ca Mau,2000-03-15,2000,3,15,5.781644213363585
Ca Mau,2000-03-16,2000,3,16,2.923922487008673
Ca Mau,2000-03-17,2000,3,17,1.5453564826097288
Ca Mau,2000-03-18,2000,3,18,0.0457310640718225
Ca Mau,2000-03-19,2000,3,19,0.9502144928710784
Ca Mau,2000-03-20,2000,3,20,2.945650215854164
Ca Mau,2000-03-21,2000,3,21,1.070749118320527
Ca Mau,2000-03-22,2000,3,22,0.819862682782249
Ca Mau,2000-03-23,2000,3,23,6.179878578815237
Ca Mau,2000-03-24,2000,3,24,1.4076748617227672
Ca Mau,2000-03-25,2000,3,25,0.0
Ca Mau,2000-03-26,2000,3,26,14.187906709599888
Ca Mau,2000-03-27,2000,3,27,0.0
Ca Mau,2000-03-28,2000,3,28,0.0
Ca Mau,2000-03-29,2000,3,29,0.0
Ca Mau,2000-03-30,2000,3,30,0.0
Ca Mau,2000-03-31,2000,3,31,0.0
Ca Mau,2000-04-01,2000,4,1,0.0
Ca Mau,2000-04-02,2000,4,2,1.4951627723773566
Ca Mau,2000-04-03,2000,4,3,0.2022099460474021
Ca Mau,2000-04-04,2000,4,4,0.0749762658358629
Ca Mau,2000-04-05,2000,4,5,0.6769151120224773
Ca Mau,2000-04-06,2000,4,6,0.0
Ca Mau,2000-04-07,2000,4,7,0.6563568131856289
Ca Mau,2000-04-08,2000,4,8,12.957783444724894
Ca Mau,2000-04-09,2000,4,9,2.616495378540679
Ca Mau,2000-04-10,2000,4,10,0.0
Ca Mau,2000-04-11,2000,4,11,5.153578112908656
Ca Mau,2000-04-12,2000,4,12,0.6748550306721858
Ca Mau,2000-04-13,2000,4,13,1.192795853913191
Ca Mau,2000-04-14,2000,4,14,1.0989554701992368
Ca Mau,2000-04-15,2000,4,15,1.4473252991910357
Ca Mau,2000-04-16,2000,4,16,3.990770407831872
Ca Mau,2000-04-17,2000,4,17,6.6245467888581
Ca Mau,2000-04-18,2000,4,18,3.2262596190876667
Ca Mau,2000-04-19,2000,4,19,0.4280067258520096
Ca Mau,2000-04-20,2000,4,20,6.196721076713077
Ca Mau,2000-04-21,2000,4,21,3.887412958693982
Ca Mau,2000-04-22,2000,4,22,1.3450380002735178
Ca Mau,2000-04-23,2000,4,23,2.3677210679149407
Ca Mau,2000-04-24,2000,4,24,7.248095091599008
Ca Mau,2000-04-25,2000,4,25,6.828668751687428
Ca Mau,2000-04-26,2000,4,26,12.89974398403784
Ca Mau,2000-04-27,2000,4,27,5.320325611409211
Ca Mau,2000-04-28,2000,4,28,5.87539148382041
Ca Mau,2000-04-29,2000,4,29,0.0
Ca Mau,2000-04-30,2000,4,30,2.3096433666860188
Ca Mau,2000-05-01,2000,5,1,6.465786406178002
Ca Mau,2000-05-02,2000,5,2,12.738658308775644
Ca Mau,2000-05-03,2000,5,3,9.810377770010046
Ca Mau,2000-05-04,2000,5,4,4.519653770951004
Ca Mau,2000-05-05,2000,5,5,7.3746073567179
Ca Mau,2000-05-06,2000,5,6,4.6330494471930415
Ca Mau,2000-05-07,2000,5,7,4.66214141102357
Ca Mau,2000-05-08,2000,5,8,3.8271552513037097
Ca Mau,2000-05-09,2000,5,9,4.64102284613425
Ca Mau,2000-05-10,2000,5,10,12.15572279680435
Ca Mau,2000-05-11,2000,5,11,35.692072984421294
Ca Mau,2000-05-12,2000,5,12,46.48687500388622
Ca Mau,2000-05-13,2000,5,13,3.87309972008526
Ca Mau,2000-05-14,2000,5,14,3.238694663446717
Ca Mau,2000-05-15,2000,5,15,3.6374612657720418
Ca Mau,2000-05-16,2000,5,16,7.7684191830249105
Ca Mau,2000-05-17,2000,5,17,14.110160882367415
Ca Mau,2000-05-18,2000,5,18,15.538975760601966
Ca Mau,2000-05-19,2000,5,19,1.338365837589285
Ca Mau,2000-05-20,2000,5,20,9.409607577487884
Ca Mau,2000-05-21,2000,5,21,4.770131321416712
Ca Mau,2000-05-22,2000,5,22,2.3415913862078277
Ca Mau,2000-05-23,2000,5,23,1.247569816844694
Ca Mau,2000-05-24,2000,5,24,4.163071081776538
Ca Mau,2000-05-25,2000,5,25,6.6945773689695685
Ca Mau,2000-05-26,2000,5,26,13.188056587100824
Ca Mau,2000-05-27,2000,5,27,1.5809731118768424
Ca Mau,2000-05-28,2000,5,28,6.640511643605482
Ca Mau,2000-05-29,2000,5,29,14.629787518979557
Ca Mau,2000-05-30,2000,5,30,20.58610337660025
Ca Mau,2000-05-31,2000,5,31,25.618370556458395
Ca Mau,2000-06-01,2000,6,1,47.659159821603446
Ca Mau,2000-06-02,2000,6,2,13.9754265345534
Ca Mau,2000-06-03,2000,6,3,32.85840007738452
Ca Mau,2000-06-04,2000,6,4,0.0004502645408804502
Ca Mau,2000-06-05,2000,6,5,0.1592282824749814
Ca Mau,2000-06-06,2000,6,6,1.7503103283937786
Ca Mau,2000-06-07,2000,6,7,18.54210683015573
Ca Mau,2000-06-08,2000,6,8,9.509224097977569
Ca Mau,2000-06-09,2000,6,9,18.435477599114225
Ca Mau,2000-06-10,2000,6,10,4.76285725479277
Ca Mau,2000-06-11,2000,6,11,5.643264035922911
Ca Mau,2000-06-12,2000,6,12,0.0823436905928361
Ca Mau,2000-06-13,2000,6,13,0.4687850426211324
Ca Mau,2000-06-14,2000,6,14,5.868282083246271
Ca Mau,2000-06-15,2000,6,15,35.81513651182929
Ca Mau,2000-06-16,2000,6,16,37.16288077697935
Ca Mau,2000-06-17,2000,6,17,11.85628041722322
Ca Mau,2000-06-18,2000,6,18,3.996978128574421
Ca Mau,2000-06-19,2000,6,19,4.878023553491
Ca Mau,2000-06-20,2000,6,20,0.0291996391933803
Ca Mau,2000-06-21,2000,6,21,14.874579599043846
Ca Mau,2000-06-22,2000,6,22,6.560901449085586
Ca Mau,2000-06-23,2000,6,23,10.37557054241216
Ca Mau,2000-06-24,2000,6,24,7.968948308252333
Ca Mau,2000-06-25,2000,6,25,0.8535904103874299
Ca Mau,2000-06-26,2000,6,26,12.535289292143792
Ca Mau,2000-06-27,2000,6,27,5.183611483769234
Ca Mau,2000-06-28,2000,6,28,12.88508281381092
Ca Mau,2000-06-29,2000,6,29,20.89735025762071
Ca Mau,2000-06-30,2000,6,30,12.693943502257572
Ca Mau,2000-07-01,2000,7,1,3.806886144973421
Ca Mau,2000-07-02,2000,7,2,7.101605427866979
Ca Mau,2000-07-03,2000,7,3,8.702522501655762
Ca Mau,2000-07-04,2000,7,4,15.99883557610133
Ca Mau,2000-07-05,2000,7,5,13.392809919039964
Ca Mau,2000-07-06,2000,7,6,3.3906535294893443
Ca Mau,2000-07-07,2000,7,7,7.044633597504922
Ca Mau,2000-07-08,2000,7,8,0.0
Ca Mau,2000-07-09,2000,7,9,4.922266183089931
Ca Mau,2000-07-10,2000,7,10,19.858952205272303
Ca Mau,2000-07-11,2000,7,11,37.90776151753828
Ca Mau,2000-07-12,2000,7,12,10.92045678370414
Ca Mau,2000-07-13,2000,7,13,1.8539418873828732
Ca Mau,2000-07-14,2000,7,14,0.5338649230107144
Ca Mau,2000-07-15,2000,7,15,14.136938823808212
Ca Mau,2000-07-16,2000,7,16,17.454970489696418
Ca Mau,2000-07-17,2000,7,17,14.445472758745357
Ca Mau,2000-07-18,2000,7,18,10.899398540089225
Ca Mau,2000-07-19,2000,7,19,0.0
Ca Mau,2000-07-20,2000,7,20,0.0
Ca Mau,2000-07-21,2000,7,21,0.0
Ca Mau,2000-07-22,2000,7,22,0.0
Ca Mau,2000-07-23,2000,7,23,0.0002502686149263902
Ca Mau,2000-07-24,2000,7,24,9.50002993440578
Ca Mau,2000-07-25,2000,7,25,6.176527726634024
Ca Mau,2000-07-26,2000,7,26,14.416072316796598
Ca Mau,2000-07-27,2000,7,27,2.4900073586696223
Ca Mau,2000-07-28,2000,7,28,1.94215734466514
Ca Mau,2000-07-29,2000,7,29,0.0
Ca Mau,2000-07-30,2000,7,30,0.0
Ca Mau,2000-07-31,2000,7,31,0.0002524620316192923
Ca Mau,2000-08-01,2000,8,1,5.4565635504879015
Ca Mau,2000-08-02,2000,8,2,0.2309433494614575
Ca Mau,2000-08-03,2000,8,3,18.29341733735844
Ca Mau,2000-08-04,2000,8,4,0.3585174148936083
Ca Mau,2000-08-05,2000,8,5,0.4585453077538126
Ca Mau,2000-08-06,2000,8,6,2.9355993414615287
Ca Mau,2000-08-07,2000,8,7,7.859890613276988
Ca Mau,2000-08-08,2000,8,8,10.57007211937312
Ca Mau,2000-08-09,2000,8,9,0.0
Ca Mau,2000-08-10,2000,8,10,3.445218367824172
Ca Mau,2000-08-11,2000,8,11,5.159431385549807
Ca Mau,2000-08-12,2000,8,12,2.043770574321554
Ca Mau,2000-08-13,2000,8,13,2.4833140334490578
Ca Mau,2000-08-14,2000,8,14,10.192807815009523
Ca Mau,2000-08-15,2000,8,15,13.10670025907052
Ca Mau,2000-08-16,2000,8,16,7.755043118129043
Ca Mau,2000-08-17,2000,8,17,20.512411073769165
Ca Mau,2000-08-18,2000,8,18,2.568714449499727
Ca Mau,2000-08-19,2000,8,19,14.942665757874916
Ca Mau,2000-08-20,2000,8,20,24.39778964380039
Ca Mau,2000-08-21,2000,8,21,36.02466613807444
Ca Mau,2000-08-22,2000,8,22,15.740089323736523
Ca Mau,2000-08-23,2000,8,23,0.682383758990047
Ca Mau,2000-08-24,2000,8,24,27.58204557486285
Ca Mau,2000-08-25,2000,8,25,26.687069831170504
Ca Mau,2000-08-26,2000,8,26,15.658000557263367
Ca Mau,2000-08-27,2000,8,27,0.8441710789229595
Ca Mau,2000-08-28,2000,8,28,13.452509090313391
Ca Mau,2000-08-29,2000,8,29,7.934957896522562
Ca Mau,2000-08-30,2000,8,30,7.873121162117469
Ca Mau,2000-08-31,2000,8,31,25.04321057868372
Ca Mau,2000-09-01,2000,9,1,3.812741855513013
Ca Mau,2000-09-02,2000,9,2,0.0
Ca Mau,2000-09-03,2000,9,3,0.5687791937432888
Ca Mau,2000-09-04,2000,9,4,1.4085949457091758
Ca Mau,2000-09-05,2000,9,5,4.318965752556147
Ca Mau,2000-09-06,2000,9,6,3.4570828223107744
Ca Mau,2000-09-07,2000,9,7,0.0
Ca Mau,2000-09-08,2000,9,8,0.5395203418804485
Ca Mau,2000-09-09,2000,9,9,2.520259967832822
Ca Mau,2000-09-10,2000,9,10,15.82326921566582
Ca Mau,2000-09-11,2000,9,11,0.8793409115836441
Ca Mau,2000-09-12,2000,9,12,2.1019725970284258
Ca Mau,2000-09-13,2000,9,13,16.44035411117083
Ca Mau,2000-09-14,2000,9,14,12.052809304416972
Ca Mau,2000-09-15,2000,9,15,12.669510764512438
Ca Mau,2000-09-16,2000,9,16,9.5709711402979
Ca Mau,2000-09-17,2000,9,17,2.621598245416113
Ca Mau,2000-09-18,2000,9,18,5.94846055215673
Ca Mau,2000-09-19,2000,9,19,7.3821573142219075
Ca Mau,2000-09-20,2000,9,20,8.975178439553018
Ca Mau,2000-09-21,2000,9,21,8.361167326542532
Ca Mau,2000-09-22,2000,9,22,10.6991983661034
Ca Mau,2000-09-23,2000,9,23,0.1996289163719787
Ca Mau,2000-09-24,2000,9,24,3.445185017034395
Ca Mau,2000-09-25,2000,9,25,11.486756174846535
Ca Mau,2000-09-26,2000,9,26,4.1767502592059
Ca Mau,2000-09-27,2000,9,27,7.309947969236538
Ca Mau,2000-09-28,2000,9,28,7.372901389278481
Ca Mau,2000-09-29,2000,9,29,5.201190292808211
Ca Mau,2000-09-30,2000,9,30,8.566772128976746
Ca Mau,2000-10-01,2000,10,1,13.627045255366092
Ca Mau,2000-10-02,2000,10,2,19.49360412683568
Ca Mau,2000-10-03,2000,10,3,6.030562303973838
Ca Mau,2000-10-04,2000,10,4,10.06168308394636
Ca Mau,2000-10-05,2000,10,5,10.51985497109619
Ca Mau,2000-10-06,2000,10,6,39.30089397728444
Ca Mau,2000-10-07,2000,10,7,16.803141660636978
Ca Mau,2000-10-08,2000,10,8,28.561633678434703
Ca Mau,2000-10-09,2000,10,9,52.7731704171004
Ca Mau,2000-10-10,2000,10,10,21.056373625011748
Ca Mau,2000-10-11,2000,10,11,22.517836349871025
Ca Mau,2000-10-12,2000,10,12,27.23714535179781
Ca Mau,2000-10-13,2000,10,13,52.03316459769641
Ca Mau,2000-10-14,2000,10,14,23.57738743330541
Ca Mau,2000-10-15,2000,10,15,5.176562274462729
Ca Mau,2000-10-16,2000,10,16,0.8581111052151245
Ca Mau,2000-10-17,2000,10,17,12.156362685689114
Ca Mau,2000-10-18,2000,10,18,16.68054490402666
Ca Mau,2000-10-19,2000,10,19,1.5518648709016245
Ca Mau,2000-10-20,2000,10,20,3.282471764337232
Ca Mau,2000-10-21,2000,10,21,2.136126544637361
Ca Mau,2000-10-22,2000,10,22,4.4590680351866006
Ca Mau,2000-10-23,2000,10,23,8.34126067650308
Ca Mau,2000-10-24,2000,10,24,1.3060691528328603
Ca Mau,2000-10-25,2000,10,25,2.120455645461722
Ca Mau,2000-10-26,2000,10,26,10.907916348468078
Ca Mau,2000-10-27,2000,10,27,6.432061142769017
Ca Mau,2000-10-28,2000,10,28,18.97660150399664
Ca Mau,2000-10-29,2000,10,29,34.613223343763266
Ca Mau,2000-10-30,2000,10,30,23.618483770661225
Ca Mau,2000-10-31,2000,10,31,23.47808302683078
Ca Mau,2000-11-01,2000,11,1,33.337368915012924
Ca Mau,2000-11-02,2000,11,2,0.0
Ca Mau,2000-11-03,2000,11,3,0.0
Ca Mau,2000-11-04,2000,11,4,0.0
Ca Mau,2000-11-05,2000,11,5,0.0004215548231639195
Ca Mau,2000-11-06,2000,11,6,3.4207934715403328
Ca Mau,2000-11-07,2000,11,7,0.6041323340519309
Ca Mau,2000-11-08,2000,11,8,0.0
Ca Mau,2000-11-09,2000,11,9,0.0
Ca Mau,2000-11-10,2000,11,10,0.0
Ca Mau,2000-11-11,2000,11,11,0.8551374231403226
Ca Mau,2000-11-12,2000,11,12,2.741266589059958
Ca Mau,2000-11-13,2000,11,13,1.1125240135113597
Ca Mau,2000-11-14,2000,11,14,4.8562640186755095
Ca Mau,2000-11-15,2000,11,15,3.348086040953521
Ca Mau,2000-11-16,2000,11,16,10.13571428587298
Ca Mau,2000-11-17,2000,11,17,2.2203112163253254
Ca Mau,2000-11-18,2000,11,18,1.2403477415478512
Ca Mau,2000-11-19,2000,11,19,6.175455898546504
Ca Mau,2000-11-20,2000,11,20,0.8939698374094817
Ca Mau,2000-11-21,2000,11,21,1.3341565370253388
Ca Mau,2000-11-22,2000,11,22,8.229560467584609
Ca Mau,2000-11-23,2000,11,23,13.778879797750552
Ca Mau,2000-11-24,2000,11,24,7.6816485538862525
Ca Mau,2000-11-25,2000,11,25,9.709098352432395
Ca Mau,2000-11-26,2000,11,26,0.0676919593866531
Ca Mau,2000-11-27,2000,11,27,5.970593147961812
Ca Mau,2000-11-28,2000,11,28,0.808737504898493
Ca Mau,2000-11-29,2000,11,29,9.725111845245603
Ca Mau,2000-11-30,2000,11,30,20.048059063268763
Ca Mau,2000-12-01,2000,12,1,7.77465803088776
Ca Mau,2000-12-02,2000,12,2,0.0
Ca Mau,2000-12-03,2000,12,3,0.0
Ca Mau,2000-12-04,2000,12,4,0.4758406044890545
Ca Mau,2000-12-05,2000,12,5,0.427254328227173
Ca Mau,2000-12-06,2000,12,6,20.331668303299708
Ca Mau,2000-12-07,2000,12,7,6.422703896789948
Ca Mau,2000-12-08,2000,12,8,0.0
Ca Mau,2000-12-09,2000,12,9,1.2539385162302925
Ca Mau,2000-12-10,2000,12,10,0.0986067604323108
Ca Mau,2000-12-11,2000,12,11,0.1185709945001654
Ca Mau,2000-12-12,2000,12,12,0.5898749708606804
Ca Mau,2000-12-13,2000,12,13,0.0
Ca Mau,2000-12-14,2000,12,14,2.4830381018182828
Ca Mau,2000-12-15,2000,12,15,2.5399462547437035
Ca Mau,2000-12-16,2000,12,16,1.695182950962268
Ca Mau,2000-12-17,2000,12,17,0.4989926388674162
Ca Mau,2000-12-18,2000,12,18,11.033550574816994
Ca Mau,2000-12-19,2000,12,19,0.00022556507529774205
Ca Mau,2000-12-20,2000,12,20,1.5265668668348389
Ca Mau,2000-12-21,2000,12,21,0.0
Ca Mau,2000-12-22,2000,12,22,0.0
Ca Mau,2000-12-23,2000,12,23,0.0
Ca Mau,2000-12-24,2000,12,24,0.4382310058863017
Ca Mau,2000-12-25,2000,12,25,13.611679859900851
Ca Mau,2000-12-26,2000,12,26,49.08510296551248
Ca Mau,2000-12-27,2000,12,27,22.90006719974684
Ca Mau,2000-12-28,2000,12,28,0.1166769654964161
Ca Mau,2000-12-29,2000,12,29,0.0002580631024315684
Ca Mau,2000-12-30,2000,12,30,0.0
Ca Mau,2000-12-31,2000,12,31,0.0
Ca Mau,2001-01-01,2001,1,1,0.0
Ca Mau,2001-01-02,2001,1,2,0.0
Ca Mau,2001-01-03,2001,1,3,0.0
Ca Mau,2001-01-04,2001,1,4,0.0
Ca Mau,2001-01-05,2001,1,5,0.0
Ca Mau,2001-01-06,2001,1,6,0.0
Ca Mau,2001-01-07,2001,1,7,0.0
Ca Mau,2001-01-08,2001,1,8,4.449221660523814
Ca Mau,2001-01-09,2001,1,9,2.6166281022870206
Ca Mau,2001-01-10,2001,1,10,1.566371712257057
Ca Mau,2001-01-11,2001,1,11,0.4354367604458924
Ca Mau,2001-01-12,2001,1,12,7.090474420039047
Ca Mau,2001-01-13,2001,1,13,0.9042757668339862
Ca Mau,2001-01-14,2001,1,14,1.614984719828222
Ca Mau,2001-01-15,2001,1,15,0.0185354446098118
Ca Mau,2001-01-16,2001,1,16,0.0417519467539337
Ca Mau,2001-01-17,2001,1,17,5.341207792160376
Ca Mau,2001-01-18,2001,1,18,4.427923805588248
Ca Mau,2001-01-19,2001,1,19,0.0001950745426902172
Ca Mau,2001-01-20,2001,1,20,0.0
Ca Mau,2001-01-21,2001,1,21,0.0
Ca Mau,2001-01-22,2001,1,22,0.0
Ca Mau,2001-01-23,2001,1,23,0.0
Ca Mau,2001-01-24,2001,1,24,0.0
Ca Mau,2001-01-25,2001,1,25,0.0
Ca Mau,2001-01-26,2001,1,26,0.0
Ca Mau,2001-01-27,2001,1,27,0.0
Ca Mau,2001-01-28,2001,1,28,0.0
Ca Mau,2001-01-29,2001,1,29,0.0
Ca Mau,2001-01-30,2001,1,30,0.0157189816777046
Ca Mau,2001-01-31,2001,1,31,0.2636895988906814
Ca Mau,2001-02-01,2001,2,1,0.0276345931480052
Ca Mau,2001-02-02,2001,2,2,0.0
Ca Mau,2001-02-03,2001,2,3,0.0
Ca Mau,2001-02-04,2001,2,4,0.0
Ca Mau,2001-02-05,2001,2,5,0.0
Ca Mau,2001-02-06,2001,2,6,0.6395180914438409
Ca Mau,2001-02-07,2001,2,7,0.1184013941941249
Ca Mau,2001-02-08,2001,2,8,0.0
Ca Mau,2001-02-09,2001,2,9,2.8683626925372314
Ca Mau,2001-02-10,2001,2,10,4.123948730737819
Ca Mau,2001-02-11,2001,2,11,0.7906245910928577
Ca Mau,2001-02-12,2001,2,12,0.0
Ca Mau,2001-02-13,2001,2,13,2.6719917275389933
Ca Mau,2001-02-14,2001,2,14,0.0
Ca Mau,2001-02-15,2001,2,15,0.0
Ca Mau,2001-02-16,2001,2,16,0.0
Ca Mau,2001-02-17,2001,2,17,0.0
Ca Mau,2001-02-18,2001,2,18,0.0
Ca Mau,2001-02-19,2001,2,19,0.0
Ca Mau,2001-02-20,2001,2,20,0.0
Ca Mau,2001-02-21,2001,2,21,0.0
Ca Mau,2001-02-22,2001,2,22,0.0
Ca Mau,2001-02-23,2001,2,23,0.0
Ca Mau,2001-02-24,2001,2,24,0.0
Ca Mau,2001-02-25,2001,2,25,0.0
Ca Mau,2001-02-26,2001,2,26,0.0
Ca Mau,2001-02-27,2001,2,27,0.0
Ca Mau,2001-02-28,2001,2,28,0.0
Ca Mau,2001-03-01,2001,3,1,0.0
Ca Mau,2001-03-02,2001,3,2,0.0
Ca Mau,2001-03-03,2001,3,3,0.0428002049297346
Ca Mau,2001-03-04,2001,3,4,2.6990638249874706
Ca Mau,2001-03-05,2001,3,5,0.0
Ca Mau,2001-03-06,2001,3,6,0.0
Ca Mau,2001-03-07,2001,3,7,0.3666761113823975
Ca Mau,2001-03-08,2001,3,8,4.417078832418917
Ca Mau,2001-03-09,2001,3,9,1.2521583585219491
Ca Mau,2001-03-10,2001,3,10,0.0
Ca Mau,2001-03-11,2001,3,11,0.0
Ca Mau,2001-03-12,2001,3,12,4.858417718489955
Ca Mau,2001-03-13,2001,3,13,0.0
Ca Mau,2001-03-14,2001,3,14,3.932164068168263
Ca Mau,2001-03-15,2001,3,15,0.0
Ca Mau,2001-03-16,2001,3,16,0.0
Ca Mau,2001-03-17,2001,3,17,15.728275446804584
Ca Mau,2001-03-18,2001,3,18,22.027905690951105
Ca Mau,2001-03-19,2001,3,19,6.782680299606048
Ca Mau,2001-03-20,2001,3,20,0.00031232115831744147
Ca Mau,2001-03-21,2001,3,21,11.370259494310137
Ca Mau,2001-03-22,2001,3,22,1.5343000675847775
Ca Mau,2001-03-23,2001,3,23,0.0432120436597548
Ca Mau,2001-03-24,2001,3,24,6.6154436794489175
Ca Mau,2001-03-25,2001,3,25,8.177699043563015
Ca Mau,2001-03-26,2001,3,26,1.1695478328626423
Ca Mau,2001-03-27,2001,3,27,2.7084749621826774
Ca Mau,2001-03-28,2001,3,28,6.5671472696378
Ca Mau,2001-03-29,2001,3,29,0.0
Ca Mau,2001-03-30,2001,3,30,9.855432446537026
Ca Mau,2001-03-31,2001,3,31,9.456599365113512
Ca Mau,2001-04-01,2001,4,1,2.11900438963376
Ca Mau,2001-04-02,2001,4,2,1.3206787707133194
Ca Mau,2001-04-03,2001,4,3,0.7004802123685127
Ca Mau,2001-04-04,2001,4,4,0.317078775062959
Ca Mau,2001-04-05,2001,4,5,0.077712795344669
Ca Mau,2001-04-06,2001,4,6,0.0
Ca Mau,2001-04-07,2001,4,7,0.0
Ca Mau,2001-04-08,2001,4,8,1.2833305180631358
Ca Mau,2001-04-09,2001,4,9,0.0088260563353961
Ca Mau,2001-04-10,2001,4,10,3.6512319912735354
Ca Mau,2001-04-11,2001,4,11,1.810501711256127
Ca Mau,2001-04-12,2001,4,12,0.10161799296034
Ca Mau,2001-04-13,2001,4,13,0.0293704801776244
Ca Mau,2001-04-14,2001,4,14,2.773148036668892
Ca Mau,2001-04-15,2001,4,15,0.4932304906198236
Ca Mau,2001-04-16,2001,4,16,0.0
Ca Mau,2001-04-17,2001,4,17,0.0
Ca Mau,2001-04-18,2001,4,18,2.94015195394586
Ca Mau,2001-04-19,2001,4,19,2.940652471170858
Ca Mau,2001-04-20,2001,4,20,2.683909486938706
Ca Mau,2001-04-21,2001,4,21,0.0870847265194412
Ca Mau,2001-04-22,2001,4,22,0.236994503955599
Ca Mau,2001-04-23,2001,4,23,0.511210429433738
Ca Mau,2001-04-24,2001,4,24,4.259124926272264
Ca Mau,2001-04-25,2001,4,25,0.1147100800646079
Ca Mau,2001-04-26,2001,4,26,0.000222353451629648
Ca Mau,2001-04-27,2001,4,27,17.892291834413513
Ca Mau,2001-04-28,2001,4,28,20.20491475020023
Ca Mau,2001-04-29,2001,4,29,3.760717462978025
Ca Mau,2001-04-30,2001,4,30,0.8138033586679236
Ca Mau,2001-05-01,2001,5,1,0.0
Ca Mau,2001-05-02,2001,5,2,2.20586263607656
Ca Mau,2001-05-03,2001,5,3,0.188235675848507
Ca Mau,2001-05-04,2001,5,4,0.0
Ca Mau,2001-05-05,2001,5,5,0.6496991494370958
Ca Mau,2001-05-06,2001,5,6,0.6221318470568657
Ca Mau,2001-05-07,2001,5,7,1.2217273753622897
Ca Mau,2001-05-08,2001,5,8,3.72740398292422
Ca Mau,2001-05-09,2001,5,9,0.0
Ca Mau,2001-05-10,2001,5,10,1.3273815953791006
Ca Mau,2001-05-11,2001,5,11,9.735784133533617
Ca Mau,2001-05-12,2001,5,12,19.413456127777284
Ca Mau,2001-05-13,2001,5,13,20.006507604674617
Ca Mau,2001-05-14,2001,5,14,18.120011213207416
Ca Mau,2001-05-15,2001,5,15,34.65449686159246
Ca Mau,2001-05-16,2001,5,16,24.35471566183608
Ca Mau,2001-05-17,2001,5,17,6.223290406500848
Ca Mau,2001-05-18,2001,5,18,4.277470793786766
Ca Mau,2001-05-19,2001,5,19,3.221184936677532
Ca Mau,2001-05-20,2001,5,20,3.180159180842909
Ca Mau,2001-05-21,2001,5,21,4.453862748175248
Ca Mau,2001-05-22,2001,5,22,4.211011454674721
Ca Mau,2001-05-23,2001,5,23,0.2203033013537329
Ca Mau,2001-05-24,2001,5,24,0.4050622178734864
Ca Mau,2001-05-25,2001,5,25,7.86589434451256
Ca Mau,2001-05-26,2001,5,26,8.848877819185176
Ca Mau,2001-05-27,2001,5,27,7.531912040240175
Ca Mau,2001-05-28,2001,5,28,9.304708071089069
Ca Mau,2001-05-29,2001,5,29,0.9198817169471696
Ca Mau,2001-05-30,2001,5,30,4.707901842356128
Ca Mau,2001-05-31,2001,5,31,4.477552559623155
Ca Mau,2001-06-01,2001,6,1,3.2711057641882437
Ca Mau,2001-06-02,2001,6,2,13.994083773970894
Ca Mau,2001-06-03,2001,6,3,7.922497261257026
Ca Mau,2001-06-04,2001,6,4,10.469879526599906
Ca Mau,2001-06-05,2001,6,5,8.291873801927542
Ca Mau,2001-06-06,2001,6,6,10.233519075607306
Ca Mau,2001-06-07,2001,6,7,8.36175933321702
Ca Mau,2001-06-08,2001,6,8,12.77746029658539
Ca Mau,2001-06-09,2001,6,9,7.413946845448224
Ca Mau,2001-06-10,2001,6,10,7.274805142259299
Ca Mau,2001-06-11,2001,6,11,2.923232700400947
Ca Mau,2001-06-12,2001,6,12,0.0360728134834708
Ca Mau,2001-06-13,2001,6,13,0.5685088910712012
Ca Mau,2001-06-14,2001,6,14,13.432633820727494
Ca Mau,2001-06-15,2001,6,15,14.033988529593298
Ca Mau,2001-06-16,2001,6,16,7.631175675290891
Ca Mau,2001-06-17,2001,6,17,2.375783613129568
Ca Mau,2001-06-18,2001,6,18,26.16478177852833
Ca Mau,2001-06-19,2001,6,19,10.296667121594018
Ca Mau,2001-06-20,2001,6,20,29.147008347666254
Ca Mau,2001-06-21,2001,6,21,12.620485579971104
Ca Mau,2001-06-22,2001,6,22,10.690380964405664
Ca Mau,2001-06-23,2001,6,23,28.22897455254808
Ca Mau,2001-06-24,2001,6,24,20.353247415026637
Ca Mau,2001-06-25,2001,6,25,20.916753832579676
Ca Mau,2001-06-26,2001,6,26,17.924529602947096
Ca Mau,2001-06-27,2001,6,27,6.739133710854722
Ca Mau,2001-06-28,2001,6,28,15.544225885455097
Ca Mau,2001-06-29,2001,6,29,17.63684495032159
Ca Mau,2001-06-30,2001,6,30,5.504969225117562
Ca Mau,2001-07-01,2001,7,1,13.757264994481249
Ca Mau,2001-07-02,2001,7,2,11.04469068174081
Ca Mau,2001-07-03,2001,7,3,11.941855704337543
Ca Mau,2001-07-04,2001,7,4,5.460360723222183
Ca Mau,2001-07-05,2001,7,5,15.248282090270898
Ca Mau,2001-07-06,2001,7,6,21.59507654421708
Ca Mau,2001-07-07,2001,7,7,18.068681434625727
Ca Mau,2001-07-08,2001,7,8,10.86715830283234
Ca Mau,2001-07-09,2001,7,9,1.112431761489995
Ca Mau,2001-07-10,2001,7,10,0.0
Ca Mau,2001-07-11,2001,7,11,0.3472205050055394
Ca Mau,2001-07-12,2001,7,12,0.0544922759772212
Ca Mau,2001-07-13,2001,7,13,0.6074601449973281
Ca Mau,2001-07-14,2001,7,14,0.7879490157456436
Ca Mau,2001-07-15,2001,7,15,2.9393708331300976
Ca Mau,2001-07-16,2001,7,16,0.1638938416755041
Ca Mau,2001-07-17,2001,7,17,0.0
Ca Mau,2001-07-18,2001,7,18,0.0
Ca Mau,2001-07-19,2001,7,19,0.1332745221111261
Ca Mau,2001-07-20,2001,7,20,5.55806401630069
Ca Mau,2001-07-21,2001,7,21,3.940395436570627
Ca Mau,2001-07-22,2001,7,22,1.1378547757111737
Ca Mau,2001-07-23,2001,7,23,0.0469571669409198
Ca Mau,2001-07-24,2001,7,24,2.98390191896597
Ca Mau,2001-07-25,2001,7,25,0.0
Ca Mau,2001-07-26,2001,7,26,1.6206917751134526
Ca Mau,2001-07-27,2001,7,27,2.272529495526399
Ca Mau,2001-07-28,2001,7,28,3.279265900670655
Ca Mau,2001-07-29,2001,7,29,7.247819891620651
Ca Mau,2001-07-30,2001,7,30,3.3065215589043926
Ca Mau,2001-07-31,2001,7,31,3.4744790936026284
Ca Mau,2001-08-01,2001,8,1,0.00043565201535911065
Ca Mau,2001-08-02,2001,8,2,5.566434509646791
Ca Mau,2001-08-03,2001,8,3,17.4419428757161
Ca Mau,2001-08-04,2001,8,4,29.161213425007237
Ca Mau,2001-08-05,2001,8,5,13.41789561957842
Ca Mau,2001-08-06,2001,8,6,3.8241062465280367
Ca Mau,2001-08-07,2001,8,7,1.994434084022529
Ca Mau,2001-08-08,2001,8,8,0.0059708972431115
Ca Mau,2001-08-09,2001,8,9,15.375829383037187
Ca Mau,2001-08-10,2001,8,10,7.148602932563195
Ca Mau,2001-08-11,2001,8,11,0.121277260710063
Ca Mau,2001-08-12,2001,8,12,3.257579325841339
Ca Mau,2001-08-13,2001,8,13,12.301385400174908
Ca Mau,2001-08-14,2001,8,14,7.03546866564646
Ca Mau,2001-08-15,2001,8,15,18.00593869494412
Ca Mau,2001-08-16,2001,8,16,20.09129443096207
Ca Mau,2001-08-17,2001,8,17,13.378468955208197
Ca Mau,2001-08-18,2001,8,18,15.066757499937424
Ca Mau,2001-08-19,2001,8,19,12.554460912397836
Ca Mau,2001-08-20,2001,8,20,19.580525170268437
Ca Mau,2001-08-21,2001,8,21,9.21566007117839
Ca Mau,2001-08-22,2001,8,22,39.39345963448828
Ca Mau,2001-08-23,2001,8,23,2.812053807863591
Ca Mau,2001-08-24,2001,8,24,4.649634814482216
Ca Mau,2001-08-25,2001,8,25,0.1938209869192762
Ca Mau,2001-08-26,2001,8,26,5.914130095293369
Ca Mau,2001-08-27,2001,8,27,3.07167728417784
Ca Mau,2001-08-28,2001,8,28,19.105279128912933
Ca Mau,2001-08-29,2001,8,29,10.125154731630778
Ca Mau,2001-08-30,2001,8,30,7.293855799184135
Ca Mau,2001-08-31,2001,8,31,5.0161786920187215
Ca Mau,2001-09-01,2001,9,1,0.1090624179497379
Ca Mau,2001-09-02,2001,9,2,0.0597958654039139
Ca Mau,2001-09-03,2001,9,3,3.9706273615470624
Ca Mau,2001-09-04,2001,9,4,7.159839479159793
Ca Mau,2001-09-05,2001,9,5,3.2244120243815164
Ca Mau,2001-09-06,2001,9,6,0.2845442609809692
Ca Mau,2001-09-07,2001,9,7,1.4487916548863649
Ca Mau,2001-09-08,2001,9,8,3.7001827415957287
Ca Mau,2001-09-09,2001,9,9,10.401412166024423
Ca Mau,2001-09-10,2001,9,10,10.109554555010336
Ca Mau,2001-09-11,2001,9,11,1.7939446748548535
Ca Mau,2001-09-12,2001,9,12,0.856922720977868
Ca Mau,2001-09-13,2001,9,13,1.272080299981669
Ca Mau,2001-09-14,2001,9,14,1.3734838259738602
Ca Mau,2001-09-15,2001,9,15,1.515761921133851
Ca Mau,2001-09-16,2001,9,16,14.364993590947144
Ca Mau,2001-09-17,2001,9,17,6.237729631882375
Ca Mau,2001-09-18,2001,9,18,2.749968099010324
Ca Mau,2001-09-19,2001,9,19,0.8823205693979653
Ca Mau,2001-09-20,2001,9,20,0.2073325057578203
Ca Mau,2001-09-21,2001,9,21,9.83937433238582
Ca Mau,2001-09-22,2001,9,22,15.91735398647756
Ca Mau,2001-09-23,2001,9,23,11.79533015816792
Ca Mau,2001-09-24,2001,9,24,9.06891238976365
Ca Mau,2001-09-25,2001,9,25,4.572878403478769
Ca Mau,2001-09-26,2001,9,26,3.4503114286454304
Ca Mau,2001-09-27,2001,9,27,12.511220215156476
Ca Mau,2001-09-28,2001,9,28,28.29244932244019
Ca Mau,2001-09-29,2001,9,29,25.939823342728232
Ca Mau,2001-09-30,2001,9,30,30.41133906091356
Ca Mau,2001-10-01,2001,10,1,22.21116713275897
Ca Mau,2001-10-02,2001,10,2,11.894649619806422
Ca Mau,2001-10-03,2001,10,3,9.271968325552734
Ca Mau,2001-10-04,2001,10,4,13.311576436858228
Ca Mau,2001-10-05,2001,10,5,10.450075539876286
Ca Mau,2001-10-06,2001,10,6,2.1199426340455023
Ca Mau,2001-10-07,2001,10,7,3.8337873732479713
Ca Mau,2001-10-08,2001,10,8,11.047799995189314
Ca Mau,2001-10-09,2001,10,9,0.1994533297823159
Ca Mau,2001-10-10,2001,10,10,8.139628232728148
Ca Mau,2001-10-11,2001,10,11,15.40443649061898
Ca Mau,2001-10-12,2001,10,12,5.648341144726782
Ca Mau,2001-10-13,2001,10,13,7.225352269877763
Ca Mau,2001-10-14,2001,10,14,11.315999614185197
Ca Mau,2001-10-15,2001,10,15,11.55748255434644
Ca Mau,2001-10-16,2001,10,16,2.2762817336109
Ca Mau,2001-10-17,2001,10,17,18.652363994317597
Ca Mau,2001-10-18,2001,10,18,21.253901182884476
Ca Mau,2001-10-19,2001,10,19,9.590731139397285
Ca Mau,2001-10-20,2001,10,20,1.3793842368719806
Ca Mau,2001-10-21,2001,10,21,12.123329481008629
Ca Mau,2001-10-22,2001,10,22,9.458493224826016
Ca Mau,2001-10-23,2001,10,23,0.5543120337116388
Ca Mau,2001-10-24,2001,10,24,10.203953776549112
Ca Mau,2001-10-25,2001,10,25,1.3920048139493872
Ca Mau,2001-10-26,2001,10,26,6.18531597215579
Ca Mau,2001-10-27,2001,10,27,7.959138259489856
Ca Mau,2001-10-28,2001,10,28,5.96938597599209
Ca Mau,2001-10-29,2001,10,29,7.062361988841483
Ca Mau,2001-10-30,2001,10,30,10.269075806918217
Ca Mau,2001-10-31,2001,10,31,9.891411087623249
Ca Mau,2001-11-01,2001,11,1,3.27352589350802
Ca Mau,2001-11-02,2001,11,2,12.088387077113454
Ca Mau,2001-11-03,2001,11,3,5.220086053820125
Ca Mau,2001-11-04,2001,11,4,13.8630273497811
Ca Mau,2001-11-05,2001,11,5,14.49634794117894
Ca Mau,2001-11-06,2001,11,6,0.0056191015326414
Ca Mau,2001-11-07,2001,11,7,1.0515353668260392
Ca Mau,2001-11-08,2001,11,8,0.4888241836370985
Ca Mau,2001-11-09,2001,11,9,0.0
Ca Mau,2001-11-10,2001,11,10,8.820628831228372
Ca Mau,2001-11-11,2001,11,11,30.923319526332048
Ca Mau,2001-11-12,2001,11,12,0.0
Ca Mau,2001-11-13,2001,11,13,0.0
Ca Mau,2001-11-14,2001,11,14,1.831803842478105
Ca Mau,2001-11-15,2001,11,15,3.994116915396654
Ca Mau,2001-11-16,2001,11,16,2.427126493424341
Ca Mau,2001-11-17,2001,11,17,4.428144324539366
Ca Mau,2001-11-18,2001,11,18,1.129275044268662
Ca Mau,2001-11-19,2001,11,19,10.25383959551587
Ca Mau,2001-11-20,2001,11,20,1.3512885390568028
Ca Mau,2001-11-21,2001,11,21,0.0
Ca Mau,2001-11-22,2001,11,22,0.0
Ca Mau,2001-11-23,2001,11,23,0.0
Ca Mau,2001-11-24,2001,11,24,5.102811451753583
Ca Mau,2001-11-25,2001,11,25,0.0
Ca Mau,2001-11-26,2001,11,26,0.0
Ca Mau,2001-11-27,2001,11,27,0.0
Ca Mau,2001-11-28,2001,11,28,0.0
Ca Mau,2001-11-29,2001,11,29,0.0
Ca Mau,2001-11-30,2001,11,30,0.612801413753373
Ca Mau,2001-12-01,2001,12,1,1.7327745976478337
Ca Mau,2001-12-02,2001,12,2,0.0
Ca Mau,2001-12-03,2001,12,3,4.982601649852015
Ca Mau,2001-12-04,2001,12,4,0.0347854907398068
Ca Mau,2001-12-05,2001,12,5,24.28893198952206
Ca Mau,2001-12-06,2001,12,6,5.651054941775434
Ca Mau,2001-12-07,2001,12,7,0.0
Ca Mau,2001-12-08,2001,12,8,0.0
Ca Mau,2001-12-09,2001,12,9,0.0
Ca Mau,2001-12-10,2001,12,10,0.0
Ca Mau,2001-12-11,2001,12,11,0.0
Ca Mau,2001-12-12,2001,12,12,0.0668077383375081
Ca Mau,2001-12-13,2001,12,13,0.2763451462681378
Ca Mau,2001-12-14,2001,12,14,0.6746113105545313
Ca Mau,2001-12-15,2001,12,15,0.0116003712564887
Ca Mau,2001-12-16,2001,12,16,0.0
Ca Mau,2001-12-17,2001,12,17,0.0
Ca Mau,2001-12-18,2001,12,18,0.0596651250345603
Ca Mau,2001-12-19,2001,12,19,0.0
Ca Mau,2001-12-20,2001,12,20,1.6656768859838205
Ca Mau,2001-12-21,2001,12,21,0.0
Ca Mau,2001-12-22,2001,12,22,0.021564290873445
Ca Mau,2001-12-23,2001,12,23,0.0
Ca Mau,2001-12-24,2001,12,24,0.0
Ca Mau,2001-12-25,2001,12,25,0.0
Ca Mau,2001-12-26,2001,12,26,0.0
Ca Mau,2001-12-27,2001,12,27,0.8410271409687285
Ca Mau,2001-12-28,2001,12,28,0.0
Ca Mau,2001-12-29,2001,12,29,0.0
Ca Mau,2001-12-30,2001,12,30,0.0
Ca Mau,2001-12-31,2001,12,31,0.0
Ca Mau,2002-01-01,2002,1,1,1.5069797609852773
Ca Mau,2002-01-02,2002,1,2,1.079386022239203
Ca Mau,2002-01-03,2002,1,3,0.004349997607223
Ca Mau,2002-01-04,2002,1,4,0.5591979720410155
Ca Mau,2002-01-05,2002,1,5,0.0352689562119913
Ca Mau,2002-01-06,2002,1,6,0.0
Ca Mau,2002-01-07,2002,1,7,0.0
Ca Mau,2002-01-08,2002,1,8,0.0
Ca Mau,2002-01-09,2002,1,9,0.0
Ca Mau,2002-01-10,2002,1,10,0.0
Ca Mau,2002-01-11,2002,1,11,0.0
Ca Mau,2002-01-12,2002,1,12,0.0
Ca Mau,2002-01-13,2002,1,13,0.0
Ca Mau,2002-01-14,2002,1,14,0.0
Ca Mau,2002-01-15,2002,1,15,0.0
Ca Mau,2002-01-16,2002,1,16,0.1572905422144422
Ca Mau,2002-01-17,2002,1,17,0.0
Ca Mau,2002-01-18,2002,1,18,3.905046622857833
Ca Mau,2002-01-19,2002,1,19,0.0
Ca Mau,2002-01-20,2002,1,20,0.0
Ca Mau,2002-01-21,2002,1,21,0.0
Ca Mau,2002-01-22,2002,1,22,0.0
Ca Mau,2002-01-23,2002,1,23,0.0162034703389332
Ca Mau,2002-01-24,2002,1,24,0.0
Ca Mau,2002-01-25,2002,1,25,1.9494657523168804
Ca Mau,2002-01-26,2002,1,26,0.5209158337545531
Ca Mau,2002-01-27,2002,1,27,0.5383139465301511
Ca Mau,2002-01-28,2002,1,28,0.0
Ca Mau,2002-01-29,2002,1,29,0.0
Ca Mau,2002-01-30,2002,1,30,0.0
Ca Mau,2002-01-31,2002,1,31,0.0
Ca Mau,2002-02-01,2002,2,1,0.0
Ca Mau,2002-02-02,2002,2,2,0.0
Ca Mau,2002-02-03,2002,2,3,0.0
Ca Mau,2002-02-04,2002,2,4,0.0
Ca Mau,2002-02-05,2002,2,5,0.2602880873155422
Ca Mau,2002-02-06,2002,2,6,0.0
Ca Mau,2002-02-07,2002,2,7,0.0
Ca Mau,2002-02-08,2002,2,8,0.0
Ca Mau,2002-02-09,2002,2,9,0.0
Ca Mau,2002-02-10,2002,2,10,0.0
Ca Mau,2002-02-11,2002,2,11,0.0
Ca Mau,2002-02-12,2002,2,12,0.0
Ca Mau,2002-02-13,2002,2,13,0.0
Ca Mau,2002-02-14,2002,2,14,0.0
Ca Mau,2002-02-15,2002,2,15,0.0
Ca Mau,2002-02-16,2002,2,16,0.0
Ca Mau,2002-02-17,2002,2,17,0.0
Ca Mau,2002-02-18,2002,2,18,0.0
Ca Mau,2002-02-19,2002,2,19,0.0
Ca Mau,2002-02-20,2002,2,20,0.0
Ca Mau,2002-02-21,2002,2,21,0.0
Ca Mau,2002-02-22,2002,2,22,0.0
Ca Mau,2002-02-23,2002,2,23,0.0
Ca Mau,2002-02-24,2002,2,24,0.0
Ca Mau,2002-02-25,2002,2,25,0.0
Ca Mau,2002-02-26,2002,2,26,0.0
Ca Mau,2002-02-27,2002,2,27,0.0
Ca Mau,2002-02-28,2002,2,28,0.0
Ca Mau,2002-03-01,2002,3,1,0.2523204954082041
Ca Mau,2002-03-02,2002,3,2,0.0
Ca Mau,2002-03-03,2002,3,3,0.0
Ca Mau,2002-03-04,2002,3,4,0.0
Ca Mau,2002-03-05,2002,3,5,0.0
Ca Mau,2002-03-06,2002,3,6,0.0
Ca Mau,2002-03-07,2002,3,7,0.0
Ca Mau,2002-03-08,2002,3,8,0.0
Ca Mau,2002-03-09,2002,3,9,0.0
Ca Mau,2002-03-10,2002,3,10,0.0
Ca Mau,2002-03-11,2002,3,11,0.0
Ca Mau,2002-03-12,2002,3,12,0.0
Ca Mau,2002-03-13,2002,3,13,0.0
Ca Mau,2002-03-14,2002,3,14,0.0
Ca Mau,2002-03-15,2002,3,15,0.0
Ca Mau,2002-03-16,2002,3,16,0.0
Ca Mau,2002-03-17,2002,3,17,0.0
Ca Mau,2002-03-18,2002,3,18,0.0
Ca Mau,2002-03-19,2002,3,19,0.0483826498761142
Ca Mau,2002-03-20,2002,3,20,0.0039990676438577
Ca Mau,2002-03-21,2002,3,21,1.4811144992574028
Ca Mau,2002-03-22,2002,3,22,2.815206716756057
Ca Mau,2002-03-23,2002,3,23,0.0
Ca Mau,2002-03-24,2002,3,24,0.0
Ca Mau,2002-03-25,2002,3,25,0.0
Ca Mau,2002-03-26,2002,3,26,0.0
Ca Mau,2002-03-27,2002,3,27,0.2204011171885025
Ca Mau,2002-03-28,2002,3,28,0.1375660625969971
Ca Mau,2002-03-29,2002,3,29,0.0
Ca Mau,2002-03-30,2002,3,30,0.0
Ca Mau,2002-03-31,2002,3,31,0.0
Ca Mau,2002-04-01,2002,4,1,0.0
Ca Mau,2002-04-02,2002,4,2,0.0
Ca Mau,2002-04-03,2002,4,3,0.0
Ca Mau,2002-04-04,2002,4,4,0.0
Ca Mau,2002-04-05,2002,4,5,0.0
Ca Mau,2002-04-06,2002,4,6,0.0
Ca Mau,2002-04-07,2002,4,7,0.3895158866620843
Ca Mau,2002-04-08,2002,4,8,0.0
Ca Mau,2002-04-09,2002,4,9,0.0
Ca Mau,2002-04-10,2002,4,10,1.3889659943606398
Ca Mau,2002-04-11,2002,4,11,0.3927966648715008
Ca Mau,2002-04-12,2002,4,12,0.0
Ca Mau,2002-04-13,2002,4,13,0.0
Ca Mau,2002-04-14,2002,4,14,6.771707675774486
Ca Mau,2002-04-15,2002,4,15,2.41170089686472
Ca Mau,2002-04-16,2002,4,16,0.1567942620792225
Ca Mau,2002-04-17,2002,4,17,1.1419261805870842
Ca Mau,2002-04-18,2002,4,18,1.228730559808528
Ca Mau,2002-04-19,2002,4,19,1.232138041388852
Ca Mau,2002-04-20,2002,4,20,0.0472143910230647
Ca Mau,2002-04-21,2002,4,21,0.8565167766267114
Ca Mau,2002-04-22,2002,4,22,3.85808550236249
Ca Mau,2002-04-23,2002,4,23,4.545969479722945
Ca Mau,2002-04-24,2002,4,24,6.188057097127751
Ca Mau,2002-04-25,2002,4,25,5.207653846474596
Ca Mau,2002-04-26,2002,4,26,0.350308271201537
Ca Mau,2002-04-27,2002,4,27,0.0
Ca Mau,2002-04-28,2002,4,28,0.9792220869035144
Ca Mau,2002-04-29,2002,4,29,0.0460464091748539
Ca Mau,2002-04-30,2002,4,30,5.234128119786607
Ca Mau,2002-05-01,2002,5,1,1.9081474851361937
Ca Mau,2002-05-02,2002,5,2,0.0
Ca Mau,2002-05-03,2002,5,3,0.0
Ca Mau,2002-05-04,2002,5,4,0.0
Ca Mau,2002-05-05,2002,5,5,0.4547477392288334
Ca Mau,2002-05-06,2002,5,6,0.7350408237071612
Ca Mau,2002-05-07,2002,5,7,4.452811005100736
Ca Mau,2002-05-08,2002,5,8,0.0
Ca Mau,2002-05-09,2002,5,9,0.5721288606245185
Ca Mau,2002-05-10,2002,5,10,19.227339765811493
Ca Mau,2002-05-11,2002,5,11,19.75782605717376
Ca Mau,2002-05-12,2002,5,12,13.838001563730671
Ca Mau,2002-05-13,2002,5,13,4.560303050218357
Ca Mau,2002-05-14,2002,5,14,3.125045092751644
Ca Mau,2002-05-15,2002,5,15,0.8501323960099864
Ca Mau,2002-05-16,2002,5,16,0.3643649802864175
Ca Mau,2002-05-17,2002,5,17,0.9197274917655572
Ca Mau,2002-05-18,2002,5,18,2.123690054754185
Ca Mau,2002-05-19,2002,5,19,1.9079928110976407
Ca Mau,2002-05-20,2002,5,20,1.2217317595582422
Ca Mau,2002-05-21,2002,5,21,0.0472354371024086
Ca Mau,2002-05-22,2002,5,22,2.1091896021308467
Ca Mau,2002-05-23,2002,5,23,8.328549519807392
Ca Mau,2002-05-24,2002,5,24,11.27232258165528
Ca Mau,2002-05-25,2002,5,25,21.142371114681257
Ca Mau,2002-05-26,2002,5,26,15.615242681703668
Ca Mau,2002-05-27,2002,5,27,8.65680368607267
Ca Mau,2002-05-28,2002,5,28,7.138566508569375
Ca Mau,2002-05-29,2002,5,29,1.528542178362032
Ca Mau,2002-05-30,2002,5,30,3.760330869409705
Ca Mau,2002-05-31,2002,5,31,3.317408647172
Ca Mau,2002-06-01,2002,6,1,4.512273204243749
Ca Mau,2002-06-02,2002,6,2,3.0736134761478207
Ca Mau,2002-06-03,2002,6,3,9.556858537166846
Ca Mau,2002-06-04,2002,6,4,8.449007611793835
Ca Mau,2002-06-05,2002,6,5,5.445079000871699
Ca Mau,2002-06-06,2002,6,6,0.2637008434564705
Ca Mau,2002-06-07,2002,6,7,8.618337477650837
Ca Mau,2002-06-08,2002,6,8,5.239599308762542
Ca Mau,2002-06-09,2002,6,9,4.973757135860867
Ca Mau,2002-06-10,2002,6,10,1.7436610320639296
Ca Mau,2002-06-11,2002,6,11,1.201105924748885
Ca Mau,2002-06-12,2002,6,12,3.6856157878006153
Ca Mau,2002-06-13,2002,6,13,5.74431115267697
Ca Mau,2002-06-14,2002,6,14,16.661437576057835
Ca Mau,2002-06-15,2002,6,15,6.680709027028683
Ca Mau,2002-06-16,2002,6,16,27.448037166909717
Ca Mau,2002-06-17,2002,6,17,9.154641576305016
Ca Mau,2002-06-18,2002,6,18,13.880561336613695
Ca Mau,2002-06-19,2002,6,19,20.51328867563062
Ca Mau,2002-06-20,2002,6,20,12.914353516002382
Ca Mau,2002-06-21,2002,6,21,21.954719972743817
Ca Mau,2002-06-22,2002,6,22,43.266354508779095
Ca Mau,2002-06-23,2002,6,23,7.995469496374841
Ca Mau,2002-06-24,2002,6,24,0.2542930804418249
Ca Mau,2002-06-25,2002,6,25,11.39336416622604
Ca Mau,2002-06-26,2002,6,26,0.0220118033527391
Ca Mau,2002-06-27,2002,6,27,0.0314800632439616
Ca Mau,2002-06-28,2002,6,28,0.0164534782420983
Ca Mau,2002-06-29,2002,6,29,3.742665607563278
Ca Mau,2002-06-30,2002,6,30,0.2811434763960063
Ca Mau,2002-07-01,2002,7,1,0.0002767119687298334
Ca Mau,2002-07-02,2002,7,2,3.558163108031617
Ca Mau,2002-07-03,2002,7,3,8.914517257443697
Ca Mau,2002-07-04,2002,7,4,9.41627268186414
Ca Mau,2002-07-05,2002,7,5,13.150539694072409
Ca Mau,2002-07-06,2002,7,6,10.664063109343978
Ca Mau,2002-07-07,2002,7,7,9.118864359665205
Ca Mau,2002-07-08,2002,7,8,2.059494143149206
Ca Mau,2002-07-09,2002,7,9,9.077935914467332
Ca Mau,2002-07-10,2002,7,10,5.621799756512679
Ca Mau,2002-07-11,2002,7,11,2.700814363732485
Ca Mau,2002-07-12,2002,7,12,1.3813583394095863
Ca Mau,2002-07-13,2002,7,13,0.0862448319540491
Ca Mau,2002-07-14,2002,7,14,1.9096587830309868
Ca Mau,2002-07-15,2002,7,15,12.774644098851606
Ca Mau,2002-07-16,2002,7,16,6.295003976981453
Ca Mau,2002-07-17,2002,7,17,1.6207255536899825
Ca Mau,2002-07-18,2002,7,18,1.8427210021651432
Ca Mau,2002-07-19,2002,7,19,0.4304035732245577
Ca Mau,2002-07-20,2002,7,20,0.2851399949277688
Ca Mau,2002-07-21,2002,7,21,0.0
Ca Mau,2002-07-22,2002,7,22,0.0
Ca Mau,2002-07-23,2002,7,23,0.0
Ca Mau,2002-07-24,2002,7,24,1.1833745045035615
Ca Mau,2002-07-25,2002,7,25,1.2421323099818893
Ca Mau,2002-07-26,2002,7,26,0.0864451679580157
Ca Mau,2002-07-27,2002,7,27,6.573583849648326
Ca Mau,2002-07-28,2002,7,28,14.237007202636889
Ca Mau,2002-07-29,2002,7,29,10.027715407239846
Ca Mau,2002-07-30,2002,7,30,9.969812677724985
Ca Mau,2002-07-31,2002,7,31,1.2918809082904137
Ca Mau,2002-08-01,2002,8,1,1.7657203622874076
Ca Mau,2002-08-02,2002,8,2,6.121203980411992
Ca Mau,2002-08-03,2002,8,3,11.726349929597644
Ca Mau,2002-08-04,2002,8,4,19.56409278963361
Ca Mau,2002-08-05,2002,8,5,0.2645087526185481
Ca Mau,2002-08-06,2002,8,6,23.969473400348047
Ca Mau,2002-08-07,2002,8,7,7.331044215641405
Ca Mau,2002-08-08,2002,8,8,10.240684893581362
Ca Mau,2002-08-09,2002,8,9,2.1683441753597195
Ca Mau,2002-08-10,2002,8,10,1.2690648402581777
Ca Mau,2002-08-11,2002,8,11,16.272824378290014
Ca Mau,2002-08-12,2002,8,12,6.279688451952666
Ca Mau,2002-08-13,2002,8,13,2.8892692063080365
Ca Mau,2002-08-14,2002,8,14,7.193474919302111
Ca Mau,2002-08-15,2002,8,15,17.097906292016376
Ca Mau,2002-08-16,2002,8,16,0.7182905979121182
Ca Mau,2002-08-17,2002,8,17,15.073332311200408
Ca Mau,2002-08-18,2002,8,18,24.25122127914409
Ca Mau,2002-08-19,2002,8,19,43.4373195893531
Ca Mau,2002-08-20,2002,8,20,32.688036407928536
Ca Mau,2002-08-21,2002,8,21,13.3975028709442
Ca Mau,2002-08-22,2002,8,22,0.0135149873946281
Ca Mau,2002-08-23,2002,8,23,0.9553430048161008
Ca Mau,2002-08-24,2002,8,24,5.574604600803093
Ca Mau,2002-08-25,2002,8,25,7.093747821457442
Ca Mau,2002-08-26,2002,8,26,13.562780600739366
Ca Mau,2002-08-27,2002,8,27,2.646263686099971
Ca Mau,2002-08-28,2002,8,28,4.9278223656090905
Ca Mau,2002-08-29,2002,8,29,19.88975350935342
Ca Mau,2002-08-30,2002,8,30,12.405453219973774
Ca Mau,2002-08-31,2002,8,31,27.99266454110773
Ca Mau,2002-09-01,2002,9,1,15.19598383036642
Ca Mau,2002-09-02,2002,9,2,0.00041650287005171976
Ca Mau,2002-09-03,2002,9,3,2.329097770722055
Ca Mau,2002-09-04,2002,9,4,3.586528194597513
Ca Mau,2002-09-05,2002,9,5,0.9506520462124428
Ca Mau,2002-09-06,2002,9,6,0.0
Ca Mau,2002-09-07,2002,9,7,0.391266331986548
Ca Mau,2002-09-08,2002,9,8,11.154915891605755
Ca Mau,2002-09-09,2002,9,9,35.11449407763609
Ca Mau,2002-09-10,2002,9,10,5.322722435204772
Ca Mau,2002-09-11,2002,9,11,12.942834933983242
Ca Mau,2002-09-12,2002,9,12,6.6364405323338
Ca Mau,2002-09-13,2002,9,13,0.3955853705394659
Ca Mau,2002-09-14,2002,9,14,0.0
Ca Mau,2002-09-15,2002,9,15,5.9659908982590695
Ca Mau,2002-09-16,2002,9,16,6.225320894518892
Ca Mau,2002-09-17,2002,9,17,38.342584023236384
Ca Mau,2002-09-18,2002,9,18,26.71741282547111
Ca Mau,2002-09-19,2002,9,19,12.781239152720431
Ca Mau,2002-09-20,2002,9,20,3.7477346665823927
Ca Mau,2002-09-21,2002,9,21,16.701069629394162
Ca Mau,2002-09-22,2002,9,22,40.27910647025061
Ca Mau,2002-09-23,2002,9,23,17.587802683229608
Ca Mau,2002-09-24,2002,9,24,11.735542528961926
Ca Mau,2002-09-25,2002,9,25,9.487395245505292
Ca Mau,2002-09-26,2002,9,26,0.0
Ca Mau,2002-09-27,2002,9,27,1.1594564121986823
Ca Mau,2002-09-28,2002,9,28,8.425833529953767
Ca Mau,2002-09-29,2002,9,29,4.989256600519373
Ca Mau,2002-09-30,2002,9,30,1.891355656497316
Ca Mau,2002-10-01,2002,10,1,3.398344611008051
Ca Mau,2002-10-02,2002,10,2,8.334165095931606
Ca Mau,2002-10-03,2002,10,3,17.419305210192093
Ca Mau,2002-10-04,2002,10,4,2.961787792474501
Ca Mau,2002-10-05,2002,10,5,1.814888423333506
Ca Mau,2002-10-06,2002,10,6,1.7208722012507156
Ca Mau,2002-10-07,2002,10,7,4.312473837759217
Ca Mau,2002-10-08,2002,10,8,13.685489016376724
Ca Mau,2002-10-09,2002,10,9,10.71383071044841
Ca Mau,2002-10-10,2002,10,10,2.187374859489726
Ca Mau,2002-10-11,2002,10,11,18.68344530751513
Ca Mau,2002-10-12,2002,10,12,25.196771175786417
Ca Mau,2002-10-13,2002,10,13,0.2414255847809825
Ca Mau,2002-10-14,2002,10,14,0.0361725494463758
Ca Mau,2002-10-15,2002,10,15,0.043541408687866
Ca Mau,2002-10-16,2002,10,16,1.4860235271477649
Ca Mau,2002-10-17,2002,10,17,1.3757100868542227
Ca Mau,2002-10-18,2002,10,18,7.606425049470375
Ca Mau,2002-10-19,2002,10,19,7.791554091153657
Ca Mau,2002-10-20,2002,10,20,5.641137504655117
Ca Mau,2002-10-21,2002,10,21,3.685439254268736
Ca Mau,2002-10-22,2002,10,22,14.463411394344536
Ca Mau,2002-10-23,2002,10,23,2.207327115663668
Ca Mau,2002-10-24,2002,10,24,8.743152122282421
Ca Mau,2002-10-25,2002,10,25,3.506234857013863
Ca Mau,2002-10-26,2002,10,26,0.0083130380677052
Ca Mau,2002-10-27,2002,10,27,0.0
Ca Mau,2002-10-28,2002,10,28,4.408603923690327
Ca Mau,2002-10-29,2002,10,29,2.9195249634766745
Ca Mau,2002-10-30,2002,10,30,9.264677691182174
Ca Mau,2002-10-31,2002,10,31,4.23187519536053
Ca Mau,2002-11-01,2002,11,1,0.9203970675258716
Ca Mau,2002-11-02,2002,11,2,10.675391654645018
Ca Mau,2002-11-03,2002,11,3,5.451650595749665
Ca Mau,2002-11-04,2002,11,4,17.054551829053533
Ca Mau,2002-11-05,2002,11,5,2.83248961538509
Ca Mau,2002-11-06,2002,11,6,0.7896097194146654
Ca Mau,2002-11-07,2002,11,7,3.5806682532002325
Ca Mau,2002-11-08,2002,11,8,2.681398557068864
Ca Mau,2002-11-09,2002,11,9,16.819180198482265
Ca Mau,2002-11-10,2002,11,10,0.00035167030512637946
Ca Mau,2002-11-11,2002,11,11,6.2222328708927215
Ca Mau,2002-11-12,2002,11,12,5.813418923312982
Ca Mau,2002-11-13,2002,11,13,1.094343857067168
Ca Mau,2002-11-14,2002,11,14,24.714824402562943
Ca Mau,2002-11-15,2002,11,15,3.1399820740621878
Ca Mau,2002-11-16,2002,11,16,1.3023716487449926
Ca Mau,2002-11-17,2002,11,17,0.0004951532979686143
Ca Mau,2002-11-18,2002,11,18,14.780121043198344
Ca Mau,2002-11-19,2002,11,19,17.837603498434937
Ca Mau,2002-11-20,2002,11,20,0.0
Ca Mau,2002-11-21,2002,11,21,6.44832377424948
Ca Mau,2002-11-22,2002,11,22,0.8696026479534835
Ca Mau,2002-11-23,2002,11,23,33.17267571386973
Ca Mau,2002-11-24,2002,11,24,10.280298764230698
Ca Mau,2002-11-25,2002,11,25,0.0
Ca Mau,2002-11-26,2002,11,26,0.0
Ca Mau,2002-11-27,2002,11,27,2.57823934597487
Ca Mau,2002-11-28,2002,11,28,6.605152372239294
Ca Mau,2002-11-29,2002,11,29,25.65969202125574
Ca Mau,2002-11-30,2002,11,30,0.8806401563238496
Ca Mau,2002-12-01,2002,12,1,0.0
Ca Mau,2002-12-02,2002,12,2,0.4653345388433522
Ca Mau,2002-12-03,2002,12,3,1.6707045788974693
Ca Mau,2002-12-04,2002,12,4,17.04384217470741
Ca Mau,2002-12-05,2002,12,5,0.0
Ca Mau,2002-12-06,2002,12,6,0.0
Ca Mau,2002-12-07,2002,12,7,1.953168058076462
Ca Mau,2002-12-08,2002,12,8,0.0
Ca Mau,2002-12-09,2002,12,9,0.0
Ca Mau,2002-12-10,2002,12,10,0.0
Ca Mau,2002-12-11,2002,12,11,0.0002586442206906293
Ca Mau,2002-12-12,2002,12,12,0.3203690556816064
Ca Mau,2002-12-13,2002,12,13,0.0
Ca Mau,2002-12-14,2002,12,14,0.0
Ca Mau,2002-12-15,2002,12,15,0.0
Ca Mau,2002-12-16,2002,12,16,0.0
Ca Mau,2002-12-17,2002,12,17,0.0
Ca Mau,2002-12-18,2002,12,18,0.0
Ca Mau,2002-12-19,2002,12,19,0.0
Ca Mau,2002-12-20,2002,12,20,0.0
Ca Mau,2002-12-21,2002,12,21,0.0176240174052504
Ca Mau,2002-12-22,2002,12,22,0.0
Ca Mau,2002-12-23,2002,12,23,0.0
Ca Mau,2002-12-24,2002,12,24,2.984263712038009
Ca Mau,2002-12-25,2002,12,25,18.47795607198251
Ca Mau,2002-12-26,2002,12,26,18.77730205783029
Ca Mau,2002-12-27,2002,12,27,0.3679574770625444
Ca Mau,2002-12-28,2002,12,28,2.6065092995816883
Ca Mau,2002-12-29,2002,12,29,1.4795143880229336
Ca Mau,2002-12-30,2002,12,30,1.0398632207707457
Ca Mau,2002-12-31,2002,12,31,0.0
Ca Mau,2003-01-01,2003,1,1,2.6352244955065256
Ca Mau,2003-01-02,2003,1,2,0.1648525190928179
Ca Mau,2003-01-03,2003,1,3,0.5991448641652211
Ca Mau,2003-01-04,2003,1,4,0.0
Ca Mau,2003-01-05,2003,1,5,0.0
Ca Mau,2003-01-06,2003,1,6,0.0
Ca Mau,2003-01-07,2003,1,7,0.0522776104717041
Ca Mau,2003-01-08,2003,1,8,0.0235302741340887
Ca Mau,2003-01-09,2003,1,9,0.0
Ca Mau,2003-01-10,2003,1,10,0.0
Ca Mau,2003-01-11,2003,1,11,0.9248419143777556
Ca Mau,2003-01-12,2003,1,12,0.0
Ca Mau,2003-01-13,2003,1,13,0.0
Ca Mau,2003-01-14,2003,1,14,0.3406764005041686
Ca Mau,2003-01-15,2003,1,15,0.0
Ca Mau,2003-01-16,2003,1,16,0.0
Ca Mau,2003-01-17,2003,1,17,0.0
Ca Mau,2003-01-18,2003,1,18,0.0
Ca Mau,2003-01-19,2003,1,19,0.0
Ca Mau,2003-01-20,2003,1,20,0.0
Ca Mau,2003-01-21,2003,1,21,0.0
Ca Mau,2003-01-22,2003,1,22,0.0
Ca Mau,2003-01-23,2003,1,23,0.0
Ca Mau,2003-01-24,2003,1,24,0.0
Ca Mau,2003-01-25,2003,1,25,0.0
Ca Mau,2003-01-26,2003,1,26,0.0
Ca Mau,2003-01-27,2003,1,27,0.0
Ca Mau,2003-01-28,2003,1,28,0.0
Ca Mau,2003-01-29,2003,1,29,0.0
Ca Mau,2003-01-30,2003,1,30,0.1352864727377892
Ca Mau,2003-01-31,2003,1,31,2.63015654209231
Ca Mau,2003-02-01,2003,2,1,0.0
Ca Mau,2003-02-02,2003,2,2,0.0
Ca Mau,2003-02-03,2003,2,3,0.0
Ca Mau,2003-02-04,2003,2,4,0.0921446897557958
Ca Mau,2003-02-05,2003,2,5,0.0211682312613963
Ca Mau,2003-02-06,2003,2,6,0.0
Ca Mau,2003-02-07,2003,2,7,0.0
Ca Mau,2003-02-08,2003,2,8,0.0
Ca Mau,2003-02-09,2003,2,9,0.0
Ca Mau,2003-02-10,2003,2,10,0.0
Ca Mau,2003-02-11,2003,2,11,0.0
Ca Mau,2003-02-12,2003,2,12,0.0
Ca Mau,2003-02-13,2003,2,13,0.0
Ca Mau,2003-02-14,2003,2,14,0.0
Ca Mau,2003-02-15,2003,2,15,0.0
Ca Mau,2003-02-16,2003,2,16,0.0
Ca Mau,2003-02-17,2003,2,17,0.0
Ca Mau,2003-02-18,2003,2,18,0.0
Ca Mau,2003-02-19,2003,2,19,0.0
Ca Mau,2003-02-20,2003,2,20,0.6238921345712704
Ca Mau,2003-02-21,2003,2,21,0.0
Ca Mau,2003-02-22,2003,2,22,0.0
Ca Mau,2003-02-23,2003,2,23,0.0
Ca Mau,2003-02-24,2003,2,24,0.0
Ca Mau,2003-02-25,2003,2,25,0.0
Ca Mau,2003-02-26,2003,2,26,0.0
Ca Mau,2003-02-27,2003,2,27,0.0
Ca Mau,2003-02-28,2003,2,28,0.0
Ca Mau,2003-03-01,2003,3,1,0.0
Ca Mau,2003-03-02,2003,3,2,0.0
Ca Mau,2003-03-03,2003,3,3,0.0
Ca Mau,2003-03-04,2003,3,4,0.0
Ca Mau,2003-03-05,2003,3,5,0.0
Ca Mau,2003-03-06,2003,3,6,0.0
Ca Mau,2003-03-07,2003,3,7,0.0
Ca Mau,2003-03-08,2003,3,8,1.3963569472515749
Ca Mau,2003-03-09,2003,3,9,0.477951231051097
Ca Mau,2003-03-10,2003,3,10,0.0
Ca Mau,2003-03-11,2003,3,11,0.0
Ca Mau,2003-03-12,2003,3,12,0.0002645377560711254
Ca Mau,2003-03-13,2003,3,13,0.0
Ca Mau,2003-03-14,2003,3,14,0.0
Ca Mau,2003-03-15,2003,3,15,0.155479532338796
Ca Mau,2003-03-16,2003,3,16,0.0
Ca Mau,2003-03-17,2003,3,17,0.0
Ca Mau,2003-03-18,2003,3,18,0.4629505769796715
Ca Mau,2003-03-19,2003,3,19,0.0
Ca Mau,2003-03-20,2003,3,20,0.0
Ca Mau,2003-03-21,2003,3,21,0.1402452537359753
Ca Mau,2003-03-22,2003,3,22,0.042316491345108
Ca Mau,2003-03-23,2003,3,23,1.4025495430227135
Ca Mau,2003-03-24,2003,3,24,4.080737236923255
Ca Mau,2003-03-25,2003,3,25,0.0843464725773597
Ca Mau,2003-03-26,2003,3,26,0.0
Ca Mau,2003-03-27,2003,3,27,0.0
Ca Mau,2003-03-28,2003,3,28,2.764909291948488
Ca Mau,2003-03-29,2003,3,29,0.0
Ca Mau,2003-03-30,2003,3,30,0.0740885352118993
Ca Mau,2003-03-31,2003,3,31,0.146205603801606
Ca Mau,2003-04-01,2003,4,1,8.427001309113754
Ca Mau,2003-04-02,2003,4,2,7.991026836847204
Ca Mau,2003-04-03,2003,4,3,0.0843209744022287
Ca Mau,2003-04-04,2003,4,4,0.0006597514704608574
Ca Mau,2003-04-05,2003,4,5,0.115901681728562
Ca Mau,2003-04-06,2003,4,6,0.0
Ca Mau,2003-04-07,2003,4,7,0.0
Ca Mau,2003-04-08,2003,4,8,0.0
Ca Mau,2003-04-09,2003,4,9,0.0
Ca Mau,2003-04-10,2003,4,10,0.261705839815026
Ca Mau,2003-04-11,2003,4,11,0.0
Ca Mau,2003-04-12,2003,4,12,0.0
Ca Mau,2003-04-13,2003,4,13,0.0
Ca Mau,2003-04-14,2003,4,14,1.6522493492158754
Ca Mau,2003-04-15,2003,4,15,0.0
Ca Mau,2003-04-16,2003,4,16,0.134962172244091
Ca Mau,2003-04-17,2003,4,17,1.6844815188588664
Ca Mau,2003-04-18,2003,4,18,0.0
Ca Mau,2003-04-19,2003,4,19,0.8009579201221037
Ca Mau,2003-04-20,2003,4,20,0.2868378925865839
Ca Mau,2003-04-21,2003,4,21,0.0
Ca Mau,2003-04-22,2003,4,22,0.0
Ca Mau,2003-04-23,2003,4,23,0.0080172744778941
Ca Mau,2003-04-24,2003,4,24,0.9113961831095576
Ca Mau,2003-04-25,2003,4,25,0.0
Ca Mau,2003-04-26,2003,4,26,0.0957252339357476
Ca Mau,2003-04-27,2003,4,27,5.465961244196027
Ca Mau,2003-04-28,2003,4,28,15.031387702117094
Ca Mau,2003-04-29,2003,4,29,8.1399301143933
Ca Mau,2003-04-30,2003,4,30,3.5482851757770457
Ca Mau,2003-05-01,2003,5,1,11.75289506650786
Ca Mau,2003-05-02,2003,5,2,8.917735788191898
Ca Mau,2003-05-03,2003,5,3,13.53983037780966
Ca Mau,2003-05-04,2003,5,4,22.59226193370021
Ca Mau,2003-05-05,2003,5,5,8.60284968963774
Ca Mau,2003-05-06,2003,5,6,9.517418460769552
Ca Mau,2003-05-07,2003,5,7,4.028408083686338
Ca Mau,2003-05-08,2003,5,8,0.6921421275659947
Ca Mau,2003-05-09,2003,5,9,17.72348841425694
Ca Mau,2003-05-10,2003,5,10,18.060791031039688
Ca Mau,2003-05-11,2003,5,11,15.971397960398628
Ca Mau,2003-05-12,2003,5,12,22.65015300957008
Ca Mau,2003-05-13,2003,5,13,15.221220954667055
Ca Mau,2003-05-14,2003,5,14,6.817028004419344
Ca Mau,2003-05-15,2003,5,15,15.56951349436733
Ca Mau,2003-05-16,2003,5,16,4.527451191602013
Ca Mau,2003-05-17,2003,5,17,3.439819798432066
Ca Mau,2003-05-18,2003,5,18,0.3051522005182729
Ca Mau,2003-05-19,2003,5,19,6.857400431359662
Ca Mau,2003-05-20,2003,5,20,11.15939817966797
Ca Mau,2003-05-21,2003,5,21,3.396801062757118
Ca Mau,2003-05-22,2003,5,22,5.129192756356038
Ca Mau,2003-05-23,2003,5,23,9.171824889899456
Ca Mau,2003-05-24,2003,5,24,9.774367654810971
Ca Mau,2003-05-25,2003,5,25,18.513944322182528
Ca Mau,2003-05-26,2003,5,26,6.538058855544954
Ca Mau,2003-05-27,2003,5,27,3.5334584100539064
Ca Mau,2003-05-28,2003,5,28,7.377746131617982
Ca Mau,2003-05-29,2003,5,29,4.3869357685341175
Ca Mau,2003-05-30,2003,5,30,12.783949681995791
Ca Mau,2003-05-31,2003,5,31,14.980065526019564
Ca Mau,2003-06-01,2003,6,1,18.161023579600943
Ca Mau,2003-06-02,2003,6,2,22.278660101273257
Ca Mau,2003-06-03,2003,6,3,12.358564117835543
Ca Mau,2003-06-04,2003,6,4,3.633238875308271
Ca Mau,2003-06-05,2003,6,5,0.0
Ca Mau,2003-06-06,2003,6,6,0.0
Ca Mau,2003-06-07,2003,6,7,0.0
Ca Mau,2003-06-08,2003,6,8,0.0
Ca Mau,2003-06-09,2003,6,9,0.0
Ca Mau,2003-06-10,2003,6,10,0.0
Ca Mau,2003-06-11,2003,6,11,0.0107049885033624
Ca Mau,2003-06-12,2003,6,12,3.580762552982593
Ca Mau,2003-06-13,2003,6,13,0.4404587412777808
Ca Mau,2003-06-14,2003,6,14,0.1191272635323681
Ca Mau,2003-06-15,2003,6,15,3.523702103865337
Ca Mau,2003-06-16,2003,6,16,11.094955904055682
Ca Mau,2003-06-17,2003,6,17,0.4324911778484177
Ca Mau,2003-06-18,2003,6,18,0.0
Ca Mau,2003-06-19,2003,6,19,0.9436505489420722
Ca Mau,2003-06-20,2003,6,20,8.123210463028723
Ca Mau,2003-06-21,2003,6,21,30.147948059792835
Ca Mau,2003-06-22,2003,6,22,9.147828806268263
Ca Mau,2003-06-23,2003,6,23,3.5374975403119904
Ca Mau,2003-06-24,2003,6,24,7.22101789770565
Ca Mau,2003-06-25,2003,6,25,9.52639417735885
Ca Mau,2003-06-26,2003,6,26,18.685212671639636
Ca Mau,2003-06-27,2003,6,27,0.2278349191094541
Ca Mau,2003-06-28,2003,6,28,11.067544814293806
Ca Mau,2003-06-29,2003,6,29,25.155305007456885
Ca Mau,2003-06-30,2003,6,30,26.65299805251043
Ca Mau,2003-07-01,2003,7,1,21.5321591403313
Ca Mau,2003-07-02,2003,7,2,1.9854938153362192
Ca Mau,2003-07-03,2003,7,3,10.268323985271904
Ca Mau,2003-07-04,2003,7,4,16.079478039760986
Ca Mau,2003-07-05,2003,7,5,10.975208419256877
Ca Mau,2003-07-06,2003,7,6,0.1311845217674899
Ca Mau,2003-07-07,2003,7,7,0.430071540604804
Ca Mau,2003-07-08,2003,7,8,0.2203201348504825
Ca Mau,2003-07-09,2003,7,9,6.508526157695877
Ca Mau,2003-07-10,2003,7,10,12.070367073962313
Ca Mau,2003-07-11,2003,7,11,36.42319699866022
Ca Mau,2003-07-12,2003,7,12,22.72007518749968
Ca Mau,2003-07-13,2003,7,13,16.10618611328764
Ca Mau,2003-07-14,2003,7,14,10.192908651099746
Ca Mau,2003-07-15,2003,7,15,0.5358710172422854
Ca Mau,2003-07-16,2003,7,16,9.46783051549704
Ca Mau,2003-07-17,2003,7,17,7.508187693698017
Ca Mau,2003-07-18,2003,7,18,28.83037524184769
Ca Mau,2003-07-19,2003,7,19,21.812624917281152
Ca Mau,2003-07-20,2003,7,20,14.592943681491844
Ca Mau,2003-07-21,2003,7,21,12.671649087747465
Ca Mau,2003-07-22,2003,7,22,21.383407852363572
Ca Mau,2003-07-23,2003,7,23,39.621619756557656
Ca Mau,2003-07-24,2003,7,24,16.466947502793328
Ca Mau,2003-07-25,2003,7,25,16.8553325932973
Ca Mau,2003-07-26,2003,7,26,0.0469726130969939
Ca Mau,2003-07-27,2003,7,27,0.0362087244386396
Ca Mau,2003-07-28,2003,7,28,9.653461401509588
Ca Mau,2003-07-29,2003,7,29,13.555858554055035
Ca Mau,2003-07-30,2003,7,30,0.0151750861589392
Ca Mau,2003-07-31,2003,7,31,0.0
Ca Mau,2003-08-01,2003,8,1,0.0002764840458295655
Ca Mau,2003-08-02,2003,8,2,27.433684785950582
Ca Mau,2003-08-03,2003,8,3,27.332845526926462
Ca Mau,2003-08-04,2003,8,4,2.9876025983525456
Ca Mau,2003-08-05,2003,8,5,26.00889322259876
Ca Mau,2003-08-06,2003,8,6,17.5693299952881
Ca Mau,2003-08-07,2003,8,7,13.261382427818834
Ca Mau,2003-08-08,2003,8,8,3.279272588116299
Ca Mau,2003-08-09,2003,8,9,0.0
Ca Mau,2003-08-10,2003,8,10,0.9739375169306744
Ca Mau,2003-08-11,2003,8,11,7.817749088695401
Ca Mau,2003-08-12,2003,8,12,1.05779606478228
Ca Mau,2003-08-13,2003,8,13,0.378687860365358
Ca Mau,2003-08-14,2003,8,14,0.9449466179511284
Ca Mau,2003-08-15,2003,8,15,5.279868414154799
Ca Mau,2003-08-16,2003,8,16,7.164275874601096
Ca Mau,2003-08-17,2003,8,17,23.298832125042853
Ca Mau,2003-08-18,2003,8,18,23.95973065419816
Ca Mau,2003-08-19,2003,8,19,34.2911908475833
Ca Mau,2003-08-20,2003,8,20,8.224759251919847
Ca Mau,2003-08-21,2003,8,21,6.20021097826239
Ca Mau,2003-08-22,2003,8,22,0.9613689942535426
Ca Mau,2003-08-23,2003,8,23,6.326490452794637
Ca Mau,2003-08-24,2003,8,24,0.0440948286590401
Ca Mau,2003-08-25,2003,8,25,2.989446602419398
Ca Mau,2003-08-26,2003,8,26,5.683912243689566
Ca Mau,2003-08-27,2003,8,27,0.0
Ca Mau,2003-08-28,2003,8,28,27.357552933109154
Ca Mau,2003-08-29,2003,8,29,38.40280428164817
Ca Mau,2003-08-30,2003,8,30,2.9865019499372703
Ca Mau,2003-08-31,2003,8,31,0.387760007071524
Ca Mau,2003-09-01,2003,9,1,6.732609141181072
Ca Mau,2003-09-02,2003,9,2,3.3457206528827537
Ca Mau,2003-09-03,2003,9,3,29.06096429196711
Ca Mau,2003-09-04,2003,9,4,6.698370395748546
Ca Mau,2003-09-05,2003,9,5,2.2658759292210613
Ca Mau,2003-09-06,2003,9,6,9.959176982265362
Ca Mau,2003-09-07,2003,9,7,12.110470907260389
Ca Mau,2003-09-08,2003,9,8,42.08794631736024
Ca Mau,2003-09-09,2003,9,9,27.94617512787017
Ca Mau,2003-09-10,2003,9,10,10.905287793840872
Ca Mau,2003-09-11,2003,9,11,12.39283650853146
Ca Mau,2003-09-12,2003,9,12,15.258008470801594
Ca Mau,2003-09-13,2003,9,13,18.57491977538964
Ca Mau,2003-09-14,2003,9,14,13.82219127507063
Ca Mau,2003-09-15,2003,9,15,2.4974445804611243
Ca Mau,2003-09-16,2003,9,16,0.0233085480492737
Ca Mau,2003-09-17,2003,9,17,4.292279373971522
Ca Mau,2003-09-18,2003,9,18,4.521340764297722
Ca Mau,2003-09-19,2003,9,19,7.413892772652333
Ca Mau,2003-09-20,2003,9,20,9.566653526310407
Ca Mau,2003-09-21,2003,9,21,16.335662141063924
Ca Mau,2003-09-22,2003,9,22,10.89901195953014
Ca Mau,2003-09-23,2003,9,23,0.1954787169214893
Ca Mau,2003-09-24,2003,9,24,12.860445119026142
Ca Mau,2003-09-25,2003,9,25,24.63724609896848
Ca Mau,2003-09-26,2003,9,26,22.60033723348899
Ca Mau,2003-09-27,2003,9,27,10.958277415452663
Ca Mau,2003-09-28,2003,9,28,3.5776761767815954
Ca Mau,2003-09-29,2003,9,29,9.174199359304533
Ca Mau,2003-09-30,2003,9,30,20.117437939356652
Ca Mau,2003-10-01,2003,10,1,13.032742476638102
Ca Mau,2003-10-02,2003,10,2,2.271077481450958
Ca Mau,2003-10-03,2003,10,3,8.978876610657041
Ca Mau,2003-10-04,2003,10,4,28.096572544664493
Ca Mau,2003-10-05,2003,10,5,6.933506462006791
Ca Mau,2003-10-06,2003,10,6,13.2656752081383
Ca Mau,2003-10-07,2003,10,7,2.7485625349624856
Ca Mau,2003-10-08,2003,10,8,16.61613432797261
Ca Mau,2003-10-09,2003,10,9,7.228715391426455
Ca Mau,2003-10-10,2003,10,10,6.206057780860345
Ca Mau,2003-10-11,2003,10,11,11.60406122062054
Ca Mau,2003-10-12,2003,10,12,16.93383053980291
Ca Mau,2003-10-13,2003,10,13,18.131990330881624
Ca Mau,2003-10-14,2003,10,14,20.010433971287263
Ca Mau,2003-10-15,2003,10,15,10.5585586512878
Ca Mau,2003-10-16,2003,10,16,3.960596142748898
Ca Mau,2003-10-17,2003,10,17,25.797321651045333
Ca Mau,2003-10-18,2003,10,18,17.68370835741638
Ca Mau,2003-10-19,2003,10,19,15.35348162504573
Ca Mau,2003-10-20,2003,10,20,12.868501636270604
Ca Mau,2003-10-21,2003,10,21,66.6530200893819
Ca Mau,2003-10-22,2003,10,22,25.964403506147686
Ca Mau,2003-10-23,2003,10,23,31.068474304413
Ca Mau,2003-10-24,2003,10,24,10.462818318385604
Ca Mau,2003-10-25,2003,10,25,9.628930834744766
Ca Mau,2003-10-26,2003,10,26,0.0
Ca Mau,2003-10-27,2003,10,27,0.0
Ca Mau,2003-10-28,2003,10,28,0.6714462007800214
Ca Mau,2003-10-29,2003,10,29,19.41379959093905
Ca Mau,2003-10-30,2003,10,30,0.0
Ca Mau,2003-10-31,2003,10,31,3.0861982931861576
Ca Mau,2003-11-01,2003,11,1,0.0092484638491305
Ca Mau,2003-11-02,2003,11,2,0.0
Ca Mau,2003-11-03,2003,11,3,0.0
Ca Mau,2003-11-04,2003,11,4,0.0
Ca Mau,2003-11-05,2003,11,5,0.0
Ca Mau,2003-11-06,2003,11,6,0.1126370457831
Ca Mau,2003-11-07,2003,11,7,0.1143623676687083
Ca Mau,2003-11-08,2003,11,8,2.039127806573206
Ca Mau,2003-11-09,2003,11,9,0.900614696787952
Ca Mau,2003-11-10,2003,11,10,2.169102330778826
Ca Mau,2003-11-11,2003,11,11,16.739259014232708
Ca Mau,2003-11-12,2003,11,12,40.11873748421021
Ca Mau,2003-11-13,2003,11,13,30.291846114768244
Ca Mau,2003-11-14,2003,11,14,0.00022861107445109143
Ca Mau,2003-11-15,2003,11,15,10.255288082435102
Ca Mau,2003-11-16,2003,11,16,0.2204788108474543
Ca Mau,2003-11-17,2003,11,17,0.0348345431552112
Ca Mau,2003-11-18,2003,11,18,0.0
Ca Mau,2003-11-19,2003,11,19,0.2460196557732923
Ca Mau,2003-11-20,2003,11,20,0.0231487484155571
Ca Mau,2003-11-21,2003,11,21,10.960911044546888
Ca Mau,2003-11-22,2003,11,22,2.486646293134327
Ca Mau,2003-11-23,2003,11,23,0.389829133269
Ca Mau,2003-11-24,2003,11,24,5.724372949266519
Ca Mau,2003-11-25,2003,11,25,0.0763673212789134
Ca Mau,2003-11-26,2003,11,26,3.5030030973408803
Ca Mau,2003-11-27,2003,11,27,0.0
Ca Mau,2003-11-28,2003,11,28,0.0
Ca Mau,2003-11-29,2003,11,29,0.5172569084520642
Ca Mau,2003-11-30,2003,11,30,0.0
Ca Mau,2003-12-01,2003,12,1,0.0
Ca Mau,2003-12-02,2003,12,2,0.0
Ca Mau,2003-12-03,2003,12,3,0.0
Ca Mau,2003-12-04,2003,12,4,0.0
Ca Mau,2003-12-05,2003,12,5,0.0
Ca Mau,2003-12-06,2003,12,6,0.7623495610009662
Ca Mau,2003-12-07,2003,12,7,0.0
Ca Mau,2003-12-08,2003,12,8,0.0
Ca Mau,2003-12-09,2003,12,9,0.2055907198098436
Ca Mau,2003-12-10,2003,12,10,0.0
Ca Mau,2003-12-11,2003,12,11,7.977213837251416
Ca Mau,2003-12-12,2003,12,12,0.0040200806730747
Ca Mau,2003-12-13,2003,12,13,0.0
Ca Mau,2003-12-14,2003,12,14,13.43115109370114
Ca Mau,2003-12-15,2003,12,15,0.0009299612895753396
Ca Mau,2003-12-16,2003,12,16,1.5904759034861284
Ca Mau,2003-12-17,2003,12,17,5.75041790635178
Ca Mau,2003-12-18,2003,12,18,4.333434620664932
Ca Mau,2003-12-19,2003,12,19,2.6654653551559244
Ca Mau,2003-12-20,2003,12,20,0.3133058239184456
Ca Mau,2003-12-21,2003,12,21,0.0
Ca Mau,2003-12-22,2003,12,22,4.57021791556402
Ca Mau,2003-12-23,2003,12,23,0.0
Ca Mau,2003-12-24,2003,12,24,0.0
Ca Mau,2003-12-25,2003,12,25,0.0
Ca Mau,2003-12-26,2003,12,26,0.0
Ca Mau,2003-12-27,2003,12,27,0.0
Ca Mau,2003-12-28,2003,12,28,0.0
Ca Mau,2003-12-29,2003,12,29,0.0
Ca Mau,2003-12-30,2003,12,30,0.0
Ca Mau,2003-12-31,2003,12,31,0.0
Ca Mau,2004-01-01,2004,1,1,0.0
Ca Mau,2004-01-02,2004,1,2,0.0
Ca Mau,2004-01-03,2004,1,3,0.0
Ca Mau,2004-01-04,2004,1,4,0.0
Ca Mau,2004-01-05,2004,1,5,0.0
Ca Mau,2004-01-06,2004,1,6,0.0
Ca Mau,2004-01-07,2004,1,7,0.0
Ca Mau,2004-01-08,2004,1,8,2.9885675054552574
Ca Mau,2004-01-09,2004,1,9,1.2197621557005702
Ca Mau,2004-01-10,2004,1,10,0.0
Ca Mau,2004-01-11,2004,1,11,0.0
Ca Mau,2004-01-12,2004,1,12,0.0
Ca Mau,2004-01-13,2004,1,13,0.0
Ca Mau,2004-01-14,2004,1,14,0.0
Ca Mau,2004-01-15,2004,1,15,0.0
Ca Mau,2004-01-16,2004,1,16,0.0
Ca Mau,2004-01-17,2004,1,17,0.0
Ca Mau,2004-01-18,2004,1,18,0.0
Ca Mau,2004-01-19,2004,1,19,0.0
Ca Mau,2004-01-20,2004,1,20,0.0
Ca Mau,2004-01-21,2004,1,21,0.0
Ca Mau,2004-01-22,2004,1,22,0.0
Ca Mau,2004-01-23,2004,1,23,0.0
Ca Mau,2004-01-24,2004,1,24,0.0
Ca Mau,2004-01-25,2004,1,25,0.0
Ca Mau,2004-01-26,2004,1,26,0.0
Ca Mau,2004-01-27,2004,1,27,0.0
Ca Mau,2004-01-28,2004,1,28,0.1456515331816789
Ca Mau,2004-01-29,2004,1,29,0.017999903403646
Ca Mau,2004-01-30,2004,1,30,0.3491103661797284
Ca Mau,2004-01-31,2004,1,31,3.17512974569162
Ca Mau,2004-02-01,2004,2,1,0.0
Ca Mau,2004-02-02,2004,2,2,0.0
Ca Mau,2004-02-03,2004,2,3,0.0
Ca Mau,2004-02-04,2004,2,4,3.8682639201452105
Ca Mau,2004-02-05,2004,2,5,0.0
Ca Mau,2004-02-06,2004,2,6,0.2845117066611853
Ca Mau,2004-02-07,2004,2,7,0.0
Ca Mau,2004-02-08,2004,2,8,0.0
Ca Mau,2004-02-09,2004,2,9,0.0
Ca Mau,2004-02-10,2004,2,10,0.0
Ca Mau,2004-02-11,2004,2,11,0.0
Ca Mau,2004-02-12,2004,2,12,0.0
Ca Mau,2004-02-13,2004,2,13,0.0
Ca Mau,2004-02-14,2004,2,14,0.0
Ca Mau,2004-02-15,2004,2,15,0.0
Ca Mau,2004-02-16,2004,2,16,0.0
Ca Mau,2004-02-17,2004,2,17,0.0
Ca Mau,2004-02-18,2004,2,18,0.0
Ca Mau,2004-02-19,2004,2,19,0.0
Ca Mau,2004-02-20,2004,2,20,0.0
Ca Mau,2004-02-21,2004,2,21,0.0
Ca Mau,2004-02-22,2004,2,22,0.0
Ca Mau,2004-02-23,2004,2,23,0.0
Ca Mau,2004-02-24,2004,2,24,0.0
Ca Mau,2004-02-25,2004,2,25,0.0
Ca Mau,2004-02-26,2004,2,26,0.0
Ca Mau,2004-02-27,2004,2,27,0.0
Ca Mau,2004-02-28,2004,2,28,0.0
Ca Mau,2004-02-29,2004,2,29,0.0
Ca Mau,2004-03-01,2004,3,1,0.0
Ca Mau,2004-03-02,2004,3,2,0.0
Ca Mau,2004-03-03,2004,3,3,0.0
Ca Mau,2004-03-04,2004,3,4,0.0
Ca Mau,2004-03-05,2004,3,5,0.0061515777573403
Ca Mau,2004-03-06,2004,3,6,6.634790344774149
Ca Mau,2004-03-07,2004,3,7,0.5231881265493591
Ca Mau,2004-03-08,2004,3,8,0.2075766914849595
Ca Mau,2004-03-09,2004,3,9,2.382657961926661
Ca Mau,2004-03-10,2004,3,10,0.0
Ca Mau,2004-03-11,2004,3,11,0.0
Ca Mau,2004-03-12,2004,3,12,0.1541001135708614
Ca Mau,2004-03-13,2004,3,13,0.0
Ca Mau,2004-03-14,2004,3,14,0.0
Ca Mau,2004-03-15,2004,3,15,0.0136831254848113
Ca Mau,2004-03-16,2004,3,16,0.0
Ca Mau,2004-03-17,2004,3,17,0.0
Ca Mau,2004-03-18,2004,3,18,0.0
Ca Mau,2004-03-19,2004,3,19,0.0
Ca Mau,2004-03-20,2004,3,20,0.0
Ca Mau,2004-03-21,2004,3,21,0.0
Ca Mau,2004-03-22,2004,3,22,0.0
Ca Mau,2004-03-23,2004,3,23,0.0
Ca Mau,2004-03-24,2004,3,24,0.0
Ca Mau,2004-03-25,2004,3,25,0.0
Ca Mau,2004-03-26,2004,3,26,0.01001801083209
Ca Mau,2004-03-27,2004,3,27,0.1721414802742372
Ca Mau,2004-03-28,2004,3,28,0.0
Ca Mau,2004-03-29,2004,3,29,0.0
Ca Mau,2004-03-30,2004,3,30,0.0
Ca Mau,2004-03-31,2004,3,31,0.0
Ca Mau,2004-04-01,2004,4,1,0.2022122100734365
Ca Mau,2004-04-02,2004,4,2,0.0321623720904359
Ca Mau,2004-04-03,2004,4,3,0.0
Ca Mau,2004-04-04,2004,4,4,0.0209208659944828
Ca Mau,2004-04-05,2004,4,5,0.0
Ca Mau,2004-04-06,2004,4,6,0.0
Ca Mau,2004-04-07,2004,4,7,0.0
Ca Mau,2004-04-08,2004,4,8,0.0
Ca Mau,2004-04-09,2004,4,9,0.0086227599644026
Ca Mau,2004-04-10,2004,4,10,0.0
Ca Mau,2004-04-11,2004,4,11,1.08575698374765
Ca Mau,2004-04-12,2004,4,12,0.0
Ca Mau,2004-04-13,2004,4,13,0.0
Ca Mau,2004-04-14,2004,4,14,0.0
Ca Mau,2004-04-15,2004,4,15,1.1329218013912552
Ca Mau,2004-04-16,2004,4,16,0.0
Ca Mau,2004-04-17,2004,4,17,0.0
Ca Mau,2004-04-18,2004,4,18,1.2955366892260398
Ca Mau,2004-04-19,2004,4,19,5.430819632343615
Ca Mau,2004-04-20,2004,4,20,0.0593416301585382
Ca Mau,2004-04-21,2004,4,21,0.0865250664888155
Ca Mau,2004-04-22,2004,4,22,1.56821977785882
Ca Mau,2004-04-23,2004,4,23,1.7662965038153908
Ca Mau,2004-04-24,2004,4,24,6.363630481911184
Ca Mau,2004-04-25,2004,4,25,10.59735431703216
Ca Mau,2004-04-26,2004,4,26,7.984863338530285
Ca Mau,2004-04-27,2004,4,27,6.994163426218115
Ca Mau,2004-04-28,2004,4,28,4.981376743234669
Ca Mau,2004-04-29,2004,4,29,5.094840992787155
Ca Mau,2004-04-30,2004,4,30,8.548990991376481
Ca Mau,2004-05-01,2004,5,1,11.601209205819666
Ca Mau,2004-05-02,2004,5,2,5.919734858692667
Ca Mau,2004-05-03,2004,5,3,18.9927280947404
Ca Mau,2004-05-04,2004,5,4,1.5724082660411989
Ca Mau,2004-05-05,2004,5,5,0.9432217610150831
Ca Mau,2004-05-06,2004,5,6,1.7630696467100286
Ca Mau,2004-05-07,2004,5,7,9.814106482566489
Ca Mau,2004-05-08,2004,5,8,3.4970099861624395
Ca Mau,2004-05-09,2004,5,9,0.1851806313682353
Ca Mau,2004-05-10,2004,5,10,6.252875840050389
Ca Mau,2004-05-11,2004,5,11,7.622977134912415
Ca Mau,2004-05-12,2004,5,12,3.716175511808213
Ca Mau,2004-05-13,2004,5,13,5.346349239669192
Ca Mau,2004-05-14,2004,5,14,8.09568868707663
Ca Mau,2004-05-15,2004,5,15,22.41561613957137
Ca Mau,2004-05-16,2004,5,16,47.44487774058584
Ca Mau,2004-05-17,2004,5,17,11.613854974895688
Ca Mau,2004-05-18,2004,5,18,3.446096846565804
Ca Mau,2004-05-19,2004,5,19,0.0
Ca Mau,2004-05-20,2004,5,20,0.0
Ca Mau,2004-05-21,2004,5,21,5.37515103519684
Ca Mau,2004-05-22,2004,5,22,12.975797524376176
Ca Mau,2004-05-23,2004,5,23,17.82657845200748
Ca Mau,2004-05-24,2004,5,24,9.273655990082345
Ca Mau,2004-05-25,2004,5,25,0.769506557307408
Ca Mau,2004-05-26,2004,5,26,0.00020576024286115624
Ca Mau,2004-05-27,2004,5,27,2.1717228179993486
Ca Mau,2004-05-28,2004,5,28,0.9379111068208392
Ca Mau,2004-05-29,2004,5,29,4.7425430703237055
Ca Mau,2004-05-30,2004,5,30,6.204357090796897
Ca Mau,2004-05-31,2004,5,31,12.709538434218835
Ca Mau,2004-06-01,2004,6,1,9.212317131639905
Ca Mau,2004-06-02,2004,6,2,16.394776481581
Ca Mau,2004-06-03,2004,6,3,16.435439610360547
Ca Mau,2004-06-04,2004,6,4,11.364619956997108
Ca Mau,2004-06-05,2004,6,5,13.761673466794578
Ca Mau,2004-06-06,2004,6,6,9.559701200853926
Ca Mau,2004-06-07,2004,6,7,15.299761388275192
Ca Mau,2004-06-08,2004,6,8,19.677946674870626
Ca Mau,2004-06-09,2004,6,9,0.4938596839483878
Ca Mau,2004-06-10,2004,6,10,6.972500522036513
Ca Mau,2004-06-11,2004,6,11,1.1575116911472842
Ca Mau,2004-06-12,2004,6,12,23.22360869118227
Ca Mau,2004-06-13,2004,6,13,18.337039312687875
Ca Mau,2004-06-14,2004,6,14,3.179921669324696
Ca Mau,2004-06-15,2004,6,15,9.756263614547734
Ca Mau,2004-06-16,2004,6,16,23.026468008333214
Ca Mau,2004-06-17,2004,6,17,6.193756127020542
Ca Mau,2004-06-18,2004,6,18,0.0
Ca Mau,2004-06-19,2004,6,19,0.2550439775854963
Ca Mau,2004-06-20,2004,6,20,13.41373345374773
Ca Mau,2004-06-21,2004,6,21,2.410661492462946
Ca Mau,2004-06-22,2004,6,22,0.000325229572990353
Ca Mau,2004-06-23,2004,6,23,2.576469561794578
Ca Mau,2004-06-24,2004,6,24,0.0
Ca Mau,2004-06-25,2004,6,25,0.0
Ca Mau,2004-06-26,2004,6,26,0.0
Ca Mau,2004-06-27,2004,6,27,0.0117803930542561
Ca Mau,2004-06-28,2004,6,28,2.908264239517997
Ca Mau,2004-06-29,2004,6,29,0.0
Ca Mau,2004-06-30,2004,6,30,3.8850363852206216
Ca Mau,2004-07-01,2004,7,1,5.370671056197484
Ca Mau,2004-07-02,2004,7,2,9.64266571705708
Ca Mau,2004-07-03,2004,7,3,1.3988957797732329
Ca Mau,2004-07-04,2004,7,4,0.2379888487256785
Ca Mau,2004-07-05,2004,7,5,0.0
Ca Mau,2004-07-06,2004,7,6,1.6090279197300077
Ca Mau,2004-07-07,2004,7,7,1.6535474456702577
Ca Mau,2004-07-08,2004,7,8,7.473052584242976
Ca Mau,2004-07-09,2004,7,9,8.538906107205074
Ca Mau,2004-07-10,2004,7,10,19.59048383495576
Ca Mau,2004-07-11,2004,7,11,13.427910947354636
Ca Mau,2004-07-12,2004,7,12,13.284452536788654
Ca Mau,2004-07-13,2004,7,13,11.028666076364123
Ca Mau,2004-07-14,2004,7,14,6.467138033936832
Ca Mau,2004-07-15,2004,7,15,1.0862949984880144
Ca Mau,2004-07-16,2004,7,16,2.000144131360025
Ca Mau,2004-07-17,2004,7,17,3.596399052075349
Ca Mau,2004-07-18,2004,7,18,4.256124908223912
Ca Mau,2004-07-19,2004,7,19,10.454705623240905
Ca Mau,2004-07-20,2004,7,20,18.519739324400412
Ca Mau,2004-07-21,2004,7,21,18.664757282767077
Ca Mau,2004-07-22,2004,7,22,17.641185105000115
Ca Mau,2004-07-23,2004,7,23,18.47255280035512
Ca Mau,2004-07-24,2004,7,24,0.9765371244756608
Ca Mau,2004-07-25,2004,7,25,16.760221903564858
Ca Mau,2004-07-26,2004,7,26,25.935436292059336
Ca Mau,2004-07-27,2004,7,27,4.01278926787995
Ca Mau,2004-07-28,2004,7,28,35.41423642208313
Ca Mau,2004-07-29,2004,7,29,16.87378825464409
Ca Mau,2004-07-30,2004,7,30,1.93584913552312
Ca Mau,2004-07-31,2004,7,31,24.372811092412903
Ca Mau,2004-08-01,2004,8,1,44.217270445236295
Ca Mau,2004-08-02,2004,8,2,36.12503290378199
Ca Mau,2004-08-03,2004,8,3,20.27885479180024
Ca Mau,2004-08-04,2004,8,4,6.173716322047032
Ca Mau,2004-08-05,2004,8,5,0.0003891280134903333
Ca Mau,2004-08-06,2004,8,6,11.004402334098016
Ca Mau,2004-08-07,2004,8,7,3.649186623653235
Ca Mau,2004-08-08,2004,8,8,4.913534341039907
Ca Mau,2004-08-09,2004,8,9,3.104333391996436
Ca Mau,2004-08-10,2004,8,10,16.18530073520495
Ca Mau,2004-08-11,2004,8,11,30.22784057075773
Ca Mau,2004-08-12,2004,8,12,3.739334554597287
Ca Mau,2004-08-13,2004,8,13,2.0344316979561645
Ca Mau,2004-08-14,2004,8,14,0.0004234923975499396
Ca Mau,2004-08-15,2004,8,15,0.0002971694612157101
Ca Mau,2004-08-16,2004,8,16,5.141614338398846
Ca Mau,2004-08-17,2004,8,17,45.09167306793643
Ca Mau,2004-08-18,2004,8,18,12.70790385012544
Ca Mau,2004-08-19,2004,8,19,21.323044315953503
Ca Mau,2004-08-20,2004,8,20,38.25757171763188
Ca Mau,2004-08-21,2004,8,21,1.8483322925568355
Ca Mau,2004-08-22,2004,8,22,0.5295078284304225
Ca Mau,2004-08-23,2004,8,23,0.0
Ca Mau,2004-08-24,2004,8,24,0.3412036880594031
Ca Mau,2004-08-25,2004,8,25,0.0642540274861357
Ca Mau,2004-08-26,2004,8,26,0.8524051746207114
Ca Mau,2004-08-27,2004,8,27,3.3983623975394663
Ca Mau,2004-08-28,2004,8,28,6.0707489964242525
Ca Mau,2004-08-29,2004,8,29,16.088806738849502
Ca Mau,2004-08-30,2004,8,30,2.0059422910452223
Ca Mau,2004-08-31,2004,8,31,0.0
Ca Mau,2004-09-01,2004,9,1,0.620264517343823
Ca Mau,2004-09-02,2004,9,2,20.81633447887244
Ca Mau,2004-09-03,2004,9,3,3.886972925687681
Ca Mau,2004-09-04,2004,9,4,2.03363711009435
Ca Mau,2004-09-05,2004,9,5,0.7512395692563552
Ca Mau,2004-09-06,2004,9,6,9.234206758606216
Ca Mau,2004-09-07,2004,9,7,11.094873115789715
Ca Mau,2004-09-08,2004,9,8,0.5221946863266118
Ca Mau,2004-09-09,2004,9,9,2.895940712386205
Ca Mau,2004-09-10,2004,9,10,4.897495415949117
Ca Mau,2004-09-11,2004,9,11,9.224097356803837
Ca Mau,2004-09-12,2004,9,12,7.502730454461246
Ca Mau,2004-09-13,2004,9,13,7.455630102015788
Ca Mau,2004-09-14,2004,9,14,10.53005434377198
Ca Mau,2004-09-15,2004,9,15,5.00061833526052
Ca Mau,2004-09-16,2004,9,16,0.7785617025634402
Ca Mau,2004-09-17,2004,9,17,10.631379661872147
Ca Mau,2004-09-18,2004,9,18,6.1387850382109646
Ca Mau,2004-09-19,2004,9,19,17.34551102538316
Ca Mau,2004-09-20,2004,9,20,16.015529994187297
Ca Mau,2004-09-21,2004,9,21,2.4433491636955043
Ca Mau,2004-09-22,2004,9,22,9.345574860813542
Ca Mau,2004-09-23,2004,9,23,8.590697040824175
Ca Mau,2004-09-24,2004,9,24,13.888759428060908
Ca Mau,2004-09-25,2004,9,25,4.53670085266575
Ca Mau,2004-09-26,2004,9,26,0.2954235054651657
Ca Mau,2004-09-27,2004,9,27,2.028823622345853
Ca Mau,2004-09-28,2004,9,28,5.686088901666303
Ca Mau,2004-09-29,2004,9,29,17.666734303382682
Ca Mau,2004-09-30,2004,9,30,27.998287332812914
Ca Mau,2004-10-01,2004,10,1,30.624017122587905
Ca Mau,2004-10-02,2004,10,2,33.13916008456407
Ca Mau,2004-10-03,2004,10,3,28.38242779504576
Ca Mau,2004-10-04,2004,10,4,15.638090816345592
Ca Mau,2004-10-05,2004,10,5,33.97257075829042
Ca Mau,2004-10-06,2004,10,6,19.96025791480471
Ca Mau,2004-10-07,2004,10,7,3.483481821668265
Ca Mau,2004-10-08,2004,10,8,2.4611563655798934
Ca Mau,2004-10-09,2004,10,9,6.688401422088354
Ca Mau,2004-10-10,2004,10,10,0.8331993079801717
Ca Mau,2004-10-11,2004,10,11,0.1787316023114226
Ca Mau,2004-10-12,2004,10,12,12.444752174689734
Ca Mau,2004-10-13,2004,10,13,8.471049707747792
Ca Mau,2004-10-14,2004,10,14,0.0
Ca Mau,2004-10-15,2004,10,15,0.00022365471760335835
Ca Mau,2004-10-16,2004,10,16,0.4228716859416058
Ca Mau,2004-10-17,2004,10,17,9.173652242143902
Ca Mau,2004-10-18,2004,10,18,3.745799336884231
Ca Mau,2004-10-19,2004,10,19,0.1768542770859408
Ca Mau,2004-10-20,2004,10,20,0.0
Ca Mau,2004-10-21,2004,10,21,0.0
Ca Mau,2004-10-22,2004,10,22,11.288233582313294
Ca Mau,2004-10-23,2004,10,23,8.421057803671191
Ca Mau,2004-10-24,2004,10,24,0.00019898223257122484
Ca Mau,2004-10-25,2004,10,25,0.0
Ca Mau,2004-10-26,2004,10,26,0.0
Ca Mau,2004-10-27,2004,10,27,0.0024370920980639
Ca Mau,2004-10-28,2004,10,28,1.3334660796311204
Ca Mau,2004-10-29,2004,10,29,0.030018991019302
Ca Mau,2004-10-30,2004,10,30,2.546959178578537
Ca Mau,2004-10-31,2004,10,31,3.7807877158752894
Ca Mau,2004-11-01,2004,11,1,0.4182477802074231
Ca Mau,2004-11-02,2004,11,2,1.8263465011764908
Ca Mau,2004-11-03,2004,11,3,0.0175901630300997
Ca Mau,2004-11-04,2004,11,4,0.9081389133558312
Ca Mau,2004-11-05,2004,11,5,0.00044225556314207785
Ca Mau,2004-11-06,2004,11,6,6.345447760845618
Ca Mau,2004-11-07,2004,11,7,13.402051603176076
Ca Mau,2004-11-08,2004,11,8,0.0
Ca Mau,2004-11-09,2004,11,9,0.5756214707954693
Ca Mau,2004-11-10,2004,11,10,1.1240647170408895
Ca Mau,2004-11-11,2004,11,11,0.0101961569079032
Ca Mau,2004-11-12,2004,11,12,0.0
Ca Mau,2004-11-13,2004,11,13,0.0
Ca Mau,2004-11-14,2004,11,14,0.927396725115458
Ca Mau,2004-11-15,2004,11,15,0.0
Ca Mau,2004-11-16,2004,11,16,1.0250690239768798
Ca Mau,2004-11-17,2004,11,17,0.0
Ca Mau,2004-11-18,2004,11,18,0.0
Ca Mau,2004-11-19,2004,11,19,0.0
Ca Mau,2004-11-20,2004,11,20,0.0
Ca Mau,2004-11-21,2004,11,21,0.0
Ca Mau,2004-11-22,2004,11,22,0.0
Ca Mau,2004-11-23,2004,11,23,0.0
Ca Mau,2004-11-24,2004,11,24,50.70746418576075
Ca Mau,2004-11-25,2004,11,25,22.51715231116551
Ca Mau,2004-11-26,2004,11,26,5.5496965268088525
Ca Mau,2004-11-27,2004,11,27,0.0
Ca Mau,2004-11-28,2004,11,28,0.0
Ca Mau,2004-11-29,2004,11,29,1.6454243937275297
Ca Mau,2004-11-30,2004,11,30,0.0
Ca Mau,2004-12-01,2004,12,1,0.0
Ca Mau,2004-12-02,2004,12,2,10.075969007204066
Ca Mau,2004-12-03,2004,12,3,13.493221028774371
Ca Mau,2004-12-04,2004,12,4,0.0
Ca Mau,2004-12-05,2004,12,5,0.0
Ca Mau,2004-12-06,2004,12,6,0.0
Ca Mau,2004-12-07,2004,12,7,13.20468566670312
Ca Mau,2004-12-08,2004,12,8,0.0193792094883059
Ca Mau,2004-12-09,2004,12,9,0.0
Ca Mau,2004-12-10,2004,12,10,0.0
Ca Mau,2004-12-11,2004,12,11,0.0
Ca Mau,2004-12-12,2004,12,12,0.0
Ca Mau,2004-12-13,2004,12,13,0.0
Ca Mau,2004-12-14,2004,12,14,0.0
Ca Mau,2004-12-15,2004,12,15,0.0
Ca Mau,2004-12-16,2004,12,16,0.0
Ca Mau,2004-12-17,2004,12,17,0.0
Ca Mau,2004-12-18,2004,12,18,0.0
Ca Mau,2004-12-19,2004,12,19,0.0
Ca Mau,2004-12-20,2004,12,20,0.0720853552654692
Ca Mau,2004-12-21,2004,12,21,0.0
Ca Mau,2004-12-22,2004,12,22,0.0
Ca Mau,2004-12-23,2004,12,23,0.0
Ca Mau,2004-12-24,2004,12,24,0.0395812856927604
Ca Mau,2004-12-25,2004,12,25,8.174700078051067
Ca Mau,2004-12-26,2004,12,26,0.0
Ca Mau,2004-12-27,2004,12,27,0.0
Ca Mau,2004-12-28,2004,12,28,0.0
Ca Mau,2004-12-29,2004,12,29,0.6680844238133791
Ca Mau,2004-12-30,2004,12,30,0.0
Ca Mau,2004-12-31,2004,12,31,0.7379607457437858
Ca Mau,2005-01-01,2005,1,1,0.0062299463289824
Ca Mau,2005-01-02,2005,1,2,0.0
Ca Mau,2005-01-03,2005,1,3,0.0
Ca Mau,2005-01-04,2005,1,4,0.0
Ca Mau,2005-01-05,2005,1,5,0.0036814051174627
Ca Mau,2005-01-06,2005,1,6,1.1219067591408045
Ca Mau,2005-01-07,2005,1,7,0.0
Ca Mau,2005-01-08,2005,1,8,0.1858646418120005
Ca Mau,2005-01-09,2005,1,9,0.0
Ca Mau,2005-01-10,2005,1,10,0.0
Ca Mau,2005-01-11,2005,1,11,0.0
Ca Mau,2005-01-12,2005,1,12,0.272679906312552
Ca Mau,2005-01-13,2005,1,13,0.0
Ca Mau,2005-01-14,2005,1,14,0.0
Ca Mau,2005-01-15,2005,1,15,0.0
Ca Mau,2005-01-16,2005,1,16,0.0
Ca Mau,2005-01-17,2005,1,17,0.0
Ca Mau,2005-01-18,2005,1,18,0.0
Ca Mau,2005-01-19,2005,1,19,0.0
Ca Mau,2005-01-20,2005,1,20,0.0
Ca Mau,2005-01-21,2005,1,21,0.0
Ca Mau,2005-01-22,2005,1,22,0.0
Ca Mau,2005-01-23,2005,1,23,0.0
Ca Mau,2005-01-24,2005,1,24,0.0
Ca Mau,2005-01-25,2005,1,25,0.0
Ca Mau,2005-01-26,2005,1,26,0.0
Ca Mau,2005-01-27,2005,1,27,0.0
Ca Mau,2005-01-28,2005,1,28,0.0
Ca Mau,2005-01-29,2005,1,29,0.0
Ca Mau,2005-01-30,2005,1,30,0.4034178997418128
Ca Mau,2005-01-31,2005,1,31,0.0
Ca Mau,2005-02-01,2005,2,1,0.0
Ca Mau,2005-02-02,2005,2,2,0.0
Ca Mau,2005-02-03,2005,2,3,0.0
Ca Mau,2005-02-04,2005,2,4,0.0
Ca Mau,2005-02-05,2005,2,5,0.0
Ca Mau,2005-02-06,2005,2,6,0.0
Ca Mau,2005-02-07,2005,2,7,0.0
Ca Mau,2005-02-08,2005,2,8,0.0
Ca Mau,2005-02-09,2005,2,9,0.0
Ca Mau,2005-02-10,2005,2,10,0.0
Ca Mau,2005-02-11,2005,2,11,0.0
Ca Mau,2005-02-12,2005,2,12,0.0
Ca Mau,2005-02-13,2005,2,13,0.0
Ca Mau,2005-02-14,2005,2,14,0.0
Ca Mau,2005-02-15,2005,2,15,0.0
Ca Mau,2005-02-16,2005,2,16,0.0
Ca Mau,2005-02-17,2005,2,17,0.0
Ca Mau,2005-02-18,2005,2,18,0.0
Ca Mau,2005-02-19,2005,2,19,0.0
Ca Mau,2005-02-20,2005,2,20,0.0
Ca Mau,2005-02-21,2005,2,21,0.0
Ca Mau,2005-02-22,2005,2,22,0.0
Ca Mau,2005-02-23,2005,2,23,0.0
Ca Mau,2005-02-24,2005,2,24,0.0
Ca Mau,2005-02-25,2005,2,25,0.0
Ca Mau,2005-02-26,2005,2,26,0.0
Ca Mau,2005-02-27,2005,2,27,0.0
Ca Mau,2005-02-28,2005,2,28,0.0
Ca Mau,2005-03-01,2005,3,1,0.0
Ca Mau,2005-03-02,2005,3,2,0.0
Ca Mau,2005-03-03,2005,3,3,0.0770887981429065
Ca Mau,2005-03-04,2005,3,4,0.6969270314818574
Ca Mau,2005-03-05,2005,3,5,0.0
Ca Mau,2005-03-06,2005,3,6,0.0
Ca Mau,2005-03-07,2005,3,7,0.0
Ca Mau,2005-03-08,2005,3,8,0.0
Ca Mau,2005-03-09,2005,3,9,0.0
Ca Mau,2005-03-10,2005,3,10,0.0
Ca Mau,2005-03-11,2005,3,11,0.0
Ca Mau,2005-03-12,2005,3,12,0.0
Ca Mau,2005-03-13,2005,3,13,0.0
Ca Mau,2005-03-14,2005,3,14,0.0
Ca Mau,2005-03-15,2005,3,15,0.0
Ca Mau,2005-03-16,2005,3,16,0.0
Ca Mau,2005-03-17,2005,3,17,0.0
Ca Mau,2005-03-18,2005,3,18,0.0
Ca Mau,2005-03-19,2005,3,19,6.566228351635723
Ca Mau,2005-03-20,2005,3,20,0.0385525658672637
Ca Mau,2005-03-21,2005,3,21,0.0
Ca Mau,2005-03-22,2005,3,22,0.0
Ca Mau,2005-03-23,2005,3,23,0.042163782024434
Ca Mau,2005-03-24,2005,3,24,0.0
Ca Mau,2005-03-25,2005,3,25,0.0
Ca Mau,2005-03-26,2005,3,26,0.0
Ca Mau,2005-03-27,2005,3,27,0.0
Ca Mau,2005-03-28,2005,3,28,1.3647171116266246
Ca Mau,2005-03-29,2005,3,29,0.0
Ca Mau,2005-03-30,2005,3,30,4.575617547533245
Ca Mau,2005-03-31,2005,3,31,1.6519255445101175
Ca Mau,2005-04-01,2005,4,1,0.0
Ca Mau,2005-04-02,2005,4,2,0.0
Ca Mau,2005-04-03,2005,4,3,1.7527569942266443
Ca Mau,2005-04-04,2005,4,4,0.0
Ca Mau,2005-04-05,2005,4,5,1.8258566083217629
Ca Mau,2005-04-06,2005,4,6,5.455430905171362
Ca Mau,2005-04-07,2005,4,7,0.0
Ca Mau,2005-04-08,2005,4,8,0.0
Ca Mau,2005-04-09,2005,4,9,0.0
Ca Mau,2005-04-10,2005,4,10,0.0
Ca Mau,2005-04-11,2005,4,11,0.0
Ca Mau,2005-04-12,2005,4,12,0.0
Ca Mau,2005-04-13,2005,4,13,0.0
Ca Mau,2005-04-14,2005,4,14,3.972955099990571
Ca Mau,2005-04-15,2005,4,15,2.650844115092721
Ca Mau,2005-04-16,2005,4,16,0.0
Ca Mau,2005-04-17,2005,4,17,0.0
Ca Mau,2005-04-18,2005,4,18,0.0
Ca Mau,2005-04-19,2005,4,19,0.0
Ca Mau,2005-04-20,2005,4,20,0.0
Ca Mau,2005-04-21,2005,4,21,0.6052787802356693
Ca Mau,2005-04-22,2005,4,22,1.4802680841884712
Ca Mau,2005-04-23,2005,4,23,0.0
Ca Mau,2005-04-24,2005,4,24,0.2932737017773372
Ca Mau,2005-04-25,2005,4,25,0.0
Ca Mau,2005-04-26,2005,4,26,1.006325225488811
Ca Mau,2005-04-27,2005,4,27,0.0
Ca Mau,2005-04-28,2005,4,28,1.03099326434418
Ca Mau,2005-04-29,2005,4,29,0.2967021607601298
Ca Mau,2005-04-30,2005,4,30,0.0
Ca Mau,2005-05-01,2005,5,1,0.0
Ca Mau,2005-05-02,2005,5,2,0.0
Ca Mau,2005-05-03,2005,5,3,0.0
Ca Mau,2005-05-04,2005,5,4,0.0
Ca Mau,2005-05-05,2005,5,5,3.447252883313466
Ca Mau,2005-05-06,2005,5,6,0.0149673364488937
Ca Mau,2005-05-07,2005,5,7,1.079190093388797
Ca Mau,2005-05-08,2005,5,8,23.81598849650451
Ca Mau,2005-05-09,2005,5,9,11.403320249679092
Ca Mau,2005-05-10,2005,5,10,17.78045091692454
Ca Mau,2005-05-11,2005,5,11,5.845095622694478
Ca Mau,2005-05-12,2005,5,12,2.2956073778392048
Ca Mau,2005-05-13,2005,5,13,13.737844604525844
Ca Mau,2005-05-14,2005,5,14,17.40412316293859
Ca Mau,2005-05-15,2005,5,15,17.5736720948024
Ca Mau,2005-05-16,2005,5,16,3.8449917078973184
Ca Mau,2005-05-17,2005,5,17,4.273374429722616
Ca Mau,2005-05-18,2005,5,18,7.450194912461484
Ca Mau,2005-05-19,2005,5,19,8.17825146536135
Ca Mau,2005-05-20,2005,5,20,6.275544838950562
Ca Mau,2005-05-21,2005,5,21,5.299752265449162
Ca Mau,2005-05-22,2005,5,22,10.432975159365652
Ca Mau,2005-05-23,2005,5,23,3.793716670893486
Ca Mau,2005-05-24,2005,5,24,2.600646459178813
Ca Mau,2005-05-25,2005,5,25,2.2637584178810983
Ca Mau,2005-05-26,2005,5,26,6.966654992553135
Ca Mau,2005-05-27,2005,5,27,11.266005287687896
Ca Mau,2005-05-28,2005,5,28,3.7228256438103178
Ca Mau,2005-05-29,2005,5,29,3.480596481424903
Ca Mau,2005-05-30,2005,5,30,3.288158887900422
Ca Mau,2005-05-31,2005,5,31,8.21254464652403
Ca Mau,2005-06-01,2005,6,1,2.729722145453835
Ca Mau,2005-06-02,2005,6,2,6.5059464716205015
Ca Mau,2005-06-03,2005,6,3,3.4901302079551897
Ca Mau,2005-06-04,2005,6,4,18.232054204856837
Ca Mau,2005-06-05,2005,6,5,0.0
Ca Mau,2005-06-06,2005,6,6,2.2882013301463062
Ca Mau,2005-06-07,2005,6,7,27.37046801906977
Ca Mau,2005-06-08,2005,6,8,28.431897230437357
Ca Mau,2005-06-09,2005,6,9,21.435637032115423
Ca Mau,2005-06-10,2005,6,10,9.340532392290443
Ca Mau,2005-06-11,2005,6,11,0.1950590222997382
Ca Mau,2005-06-12,2005,6,12,0.4727037402417201
Ca Mau,2005-06-13,2005,6,13,0.0384093025629437
Ca Mau,2005-06-14,2005,6,14,0.0089060327774668
Ca Mau,2005-06-15,2005,6,15,0.1764921963782452
Ca Mau,2005-06-16,2005,6,16,3.107851442818992
Ca Mau,2005-06-17,2005,6,17,5.530486594279722
Ca Mau,2005-06-18,2005,6,18,7.414348507243714
Ca Mau,2005-06-19,2005,6,19,2.932641435860509
Ca Mau,2005-06-20,2005,6,20,2.8415259131452286
Ca Mau,2005-06-21,2005,6,21,6.331080612741151
Ca Mau,2005-06-22,2005,6,22,15.194156170323804
Ca Mau,2005-06-23,2005,6,23,4.825131229011226
Ca Mau,2005-06-24,2005,6,24,2.7036949233608074
Ca Mau,2005-06-25,2005,6,25,7.571405134959984
Ca Mau,2005-06-26,2005,6,26,2.367161683310297
Ca Mau,2005-06-27,2005,6,27,2.827534833943253
Ca Mau,2005-06-28,2005,6,28,0.7550307826342867
Ca Mau,2005-06-29,2005,6,29,2.8371383680262707
Ca Mau,2005-06-30,2005,6,30,5.862364417475795
Ca Mau,2005-07-01,2005,7,1,15.135323600215166
Ca Mau,2005-07-02,2005,7,2,4.642051632857311
Ca Mau,2005-07-03,2005,7,3,23.465959721980244
Ca Mau,2005-07-04,2005,7,4,21.36419176782382
Ca Mau,2005-07-05,2005,7,5,0.0
Ca Mau,2005-07-06,2005,7,6,13.254198815520446
Ca Mau,2005-07-07,2005,7,7,19.91822941591368
Ca Mau,2005-07-08,2005,7,8,6.171732495681915
Ca Mau,2005-07-09,2005,7,9,6.0418154421153245
Ca Mau,2005-07-10,2005,7,10,2.164194496526432
Ca Mau,2005-07-11,2005,7,11,5.632230428976548
Ca Mau,2005-07-12,2005,7,12,8.761284849109824
Ca Mau,2005-07-13,2005,7,13,0.9107322111915004
Ca Mau,2005-07-14,2005,7,14,1.5112447686259165
Ca Mau,2005-07-15,2005,7,15,1.9372189622439964
Ca Mau,2005-07-16,2005,7,16,26.87073920859968
Ca Mau,2005-07-17,2005,7,17,3.4981014856025863
Ca Mau,2005-07-18,2005,7,18,1.5744898708980928
Ca Mau,2005-07-19,2005,7,19,3.456241122783674
Ca Mau,2005-07-20,2005,7,20,10.314584342562377
Ca Mau,2005-07-21,2005,7,21,1.06742841971108
Ca Mau,2005-07-22,2005,7,22,14.241994911951206
Ca Mau,2005-07-23,2005,7,23,30.32889692597048
Ca Mau,2005-07-24,2005,7,24,19.146994846853843
Ca Mau,2005-07-25,2005,7,25,0.1169302647498672
Ca Mau,2005-07-26,2005,7,26,11.224658657496004
Ca Mau,2005-07-27,2005,7,27,21.76800379490406
Ca Mau,2005-07-28,2005,7,28,13.04256290259536
Ca Mau,2005-07-29,2005,7,29,24.500869593703563
Ca Mau,2005-07-30,2005,7,30,35.95370766480862
Ca Mau,2005-07-31,2005,7,31,23.38885193410025
Ca Mau,2005-08-01,2005,8,1,10.739305828284689
Ca Mau,2005-08-02,2005,8,2,0.0
Ca Mau,2005-08-03,2005,8,3,6.514657259681133
Ca Mau,2005-08-04,2005,8,4,19.57100358449527
Ca Mau,2005-08-05,2005,8,5,0.0003550703104634961
Ca Mau,2005-08-06,2005,8,6,2.33187756447759
Ca Mau,2005-08-07,2005,8,7,0.2688683441185822
Ca Mau,2005-08-08,2005,8,8,16.240497415666855
Ca Mau,2005-08-09,2005,8,9,5.528654133587933
Ca Mau,2005-08-10,2005,8,10,0.8390959022384245
Ca Mau,2005-08-11,2005,8,11,0.0410677752352827
Ca Mau,2005-08-12,2005,8,12,8.680203518500283
Ca Mau,2005-08-13,2005,8,13,18.21170197137179
Ca Mau,2005-08-14,2005,8,14,1.366417322325844
Ca Mau,2005-08-15,2005,8,15,0.8638248076975493
Ca Mau,2005-08-16,2005,8,16,15.675787791776443
Ca Mau,2005-08-17,2005,8,17,4.857382876282737
Ca Mau,2005-08-18,2005,8,18,1.3669111889143992
Ca Mau,2005-08-19,2005,8,19,3.2740999035821043
Ca Mau,2005-08-20,2005,8,20,0.6377486640175279
Ca Mau,2005-08-21,2005,8,21,4.772576114980387
Ca Mau,2005-08-22,2005,8,22,7.555671845631451
Ca Mau,2005-08-23,2005,8,23,8.749140332523902
Ca Mau,2005-08-24,2005,8,24,0.0
Ca Mau,2005-08-25,2005,8,25,0.0
Ca Mau,2005-08-26,2005,8,26,0.2945884257023468
Ca Mau,2005-08-27,2005,8,27,10.23508659582653
Ca Mau,2005-08-28,2005,8,28,10.10587526034866
Ca Mau,2005-08-29,2005,8,29,10.996700043266394
Ca Mau,2005-08-30,2005,8,30,17.41221351583716
Ca Mau,2005-08-31,2005,8,31,6.405497177295669
Ca Mau,2005-09-01,2005,9,1,0.6855688775465023
Ca Mau,2005-09-02,2005,9,2,1.529356864849703
Ca Mau,2005-09-03,2005,9,3,11.628165825588816
Ca Mau,2005-09-04,2005,9,4,4.7086443700518
Ca Mau,2005-09-05,2005,9,5,4.718350691664537
Ca Mau,2005-09-06,2005,9,6,0.0003399815604072673
Ca Mau,2005-09-07,2005,9,7,14.299252572468296
Ca Mau,2005-09-08,2005,9,8,19.739562359801816
Ca Mau,2005-09-09,2005,9,9,1.920818733576204
Ca Mau,2005-09-10,2005,9,10,20.87549881052402
Ca Mau,2005-09-11,2005,9,11,24.255335495128172
Ca Mau,2005-09-12,2005,9,12,30.515714682359373
Ca Mau,2005-09-13,2005,9,13,25.246901135553838
Ca Mau,2005-09-14,2005,9,14,0.0
Ca Mau,2005-09-15,2005,9,15,0.0067804144220167
Ca Mau,2005-09-16,2005,9,16,12.28850399381161
Ca Mau,2005-09-17,2005,9,17,21.26781202139201
Ca Mau,2005-09-18,2005,9,18,17.770477065944906
Ca Mau,2005-09-19,2005,9,19,27.98587025343436
Ca Mau,2005-09-20,2005,9,20,0.0004803688775527292
Ca Mau,2005-09-21,2005,9,21,0.00028533122739884134
Ca Mau,2005-09-22,2005,9,22,0.0
Ca Mau,2005-09-23,2005,9,23,2.450676253270426
Ca Mau,2005-09-24,2005,9,24,2.013393479758624
Ca Mau,2005-09-25,2005,9,25,11.463293206018763
Ca Mau,2005-09-26,2005,9,26,4.407567959999557
Ca Mau,2005-09-27,2005,9,27,2.790905727873114
Ca Mau,2005-09-28,2005,9,28,4.452673136003254
Ca Mau,2005-09-29,2005,9,29,16.215542104779924
Ca Mau,2005-09-30,2005,9,30,11.335692656551918
Ca Mau,2005-10-01,2005,10,1,6.290895067200409
Ca Mau,2005-10-02,2005,10,2,4.2045977787534765
Ca Mau,2005-10-03,2005,10,3,11.602142421823748
Ca Mau,2005-10-04,2005,10,4,28.79025658860605
Ca Mau,2005-10-05,2005,10,5,26.06163394615108
Ca Mau,2005-10-06,2005,10,6,11.461793707987743
Ca Mau,2005-10-07,2005,10,7,9.94018129662058
Ca Mau,2005-10-08,2005,10,8,8.065553705080752
Ca Mau,2005-10-09,2005,10,9,4.064836032751684
Ca Mau,2005-10-10,2005,10,10,9.206848783758634
Ca Mau,2005-10-11,2005,10,11,8.5392315708272
Ca Mau,2005-10-12,2005,10,12,1.5903836830351348
Ca Mau,2005-10-13,2005,10,13,6.221910364727663
Ca Mau,2005-10-14,2005,10,14,28.00077657781748
Ca Mau,2005-10-15,2005,10,15,21.80073112896233
Ca Mau,2005-10-16,2005,10,16,30.914850933159727
Ca Mau,2005-10-17,2005,10,17,16.998511879501056
Ca Mau,2005-10-18,2005,10,18,9.939813412518715
Ca Mau,2005-10-19,2005,10,19,17.489256648425613
Ca Mau,2005-10-20,2005,10,20,8.343386744915934
Ca Mau,2005-10-21,2005,10,21,8.490411668682547
Ca Mau,2005-10-22,2005,10,22,29.02459462812259
Ca Mau,2005-10-23,2005,10,23,20.856801177608148
Ca Mau,2005-10-24,2005,10,24,8.443322156890423
Ca Mau,2005-10-25,2005,10,25,18.44609006816813
Ca Mau,2005-10-26,2005,10,26,1.768885296257045
Ca Mau,2005-10-27,2005,10,27,0.0
Ca Mau,2005-10-28,2005,10,28,6.168106136580048
Ca Mau,2005-10-29,2005,10,29,6.356118260548333
Ca Mau,2005-10-30,2005,10,30,7.384683315751418
Ca Mau,2005-10-31,2005,10,31,8.560594679019728
Ca Mau,2005-11-01,2005,11,1,24.675055266859104
Ca Mau,2005-11-02,2005,11,2,0.0
Ca Mau,2005-11-03,2005,11,3,0.8516197404142882
Ca Mau,2005-11-04,2005,11,4,9.390978416038331
Ca Mau,2005-11-05,2005,11,5,16.944994877532867
Ca Mau,2005-11-06,2005,11,6,0.0
Ca Mau,2005-11-07,2005,11,7,1.663065053396459
Ca Mau,2005-11-08,2005,11,8,17.93338734179987
Ca Mau,2005-11-09,2005,11,9,2.730079038354694
Ca Mau,2005-11-10,2005,11,10,0.7487506762669485
Ca Mau,2005-11-11,2005,11,11,0.049507249155709
Ca Mau,2005-11-12,2005,11,12,0.0058976627904313
Ca Mau,2005-11-13,2005,11,13,0.8184710690321487
Ca Mau,2005-11-14,2005,11,14,2.0180645599339653
Ca Mau,2005-11-15,2005,11,15,0.7638574468001205
Ca Mau,2005-11-16,2005,11,16,2.41914733030812
Ca Mau,2005-11-17,2005,11,17,14.012934754033912
Ca Mau,2005-11-18,2005,11,18,8.631592654079167
Ca Mau,2005-11-19,2005,11,19,0.0242738344468978
Ca Mau,2005-11-20,2005,11,20,0.0
Ca Mau,2005-11-21,2005,11,21,0.0102434703514898
Ca Mau,2005-11-22,2005,11,22,1.6932801662289976
Ca Mau,2005-11-23,2005,11,23,1.1743800434381892
Ca Mau,2005-11-24,2005,11,24,0.0005110247644000073
Ca Mau,2005-11-25,2005,11,25,0.0007594065085287686
Ca Mau,2005-11-26,2005,11,26,10.199427494276971
Ca Mau,2005-11-27,2005,11,27,8.833269276977163
Ca Mau,2005-11-28,2005,11,28,3.5504843394802466
Ca Mau,2005-11-29,2005,11,29,33.096712760798475
Ca Mau,2005-11-30,2005,11,30,39.05572560568315
Ca Mau,2005-12-01,2005,12,1,13.92708195777478
Ca Mau,2005-12-02,2005,12,2,2.2700221494669077
Ca Mau,2005-12-03,2005,12,3,18.093725763090152
Ca Mau,2005-12-04,2005,12,4,0.3511125815552554
Ca Mau,2005-12-05,2005,12,5,11.735753662118462
Ca Mau,2005-12-06,2005,12,6,4.9516626732264015
Ca Mau,2005-12-07,2005,12,7,10.474234046096926
Ca Mau,2005-12-08,2005,12,8,0.0496185043558676
Ca Mau,2005-12-09,2005,12,9,1.4751794988327769
Ca Mau,2005-12-10,2005,12,10,2.674869437315733
Ca Mau,2005-12-11,2005,12,11,15.314787706700326
Ca Mau,2005-12-12,2005,12,12,36.247911390579326
Ca Mau,2005-12-13,2005,12,13,7.333928950275091
Ca Mau,2005-12-14,2005,12,14,23.928285706414425
Ca Mau,2005-12-15,2005,12,15,10.016887422799709
Ca Mau,2005-12-16,2005,12,16,0.0
Ca Mau,2005-12-17,2005,12,17,0.0
Ca Mau,2005-12-18,2005,12,18,4.410347950758533
Ca Mau,2005-12-19,2005,12,19,12.156235492863711
Ca Mau,2005-12-20,2005,12,20,4.678031566245382
Ca Mau,2005-12-21,2005,12,21,0.0005774917632809863
Ca Mau,2005-12-22,2005,12,22,0.0
Ca Mau,2005-12-23,2005,12,23,0.0
Ca Mau,2005-12-24,2005,12,24,0.0
Ca Mau,2005-12-25,2005,12,25,0.0
Ca Mau,2005-12-26,2005,12,26,0.1500149116037186
Ca Mau,2005-12-27,2005,12,27,0.16544808177086
Ca Mau,2005-12-28,2005,12,28,0.0
Ca Mau,2005-12-29,2005,12,29,0.165422177912967
Ca Mau,2005-12-30,2005,12,30,0.0
Ca Mau,2005-12-31,2005,12,31,0.0
Ca Mau,2006-01-01,2006,1,1,1.3136464743058518
Ca Mau,2006-01-02,2006,1,2,1.1192839738733829
Ca Mau,2006-01-03,2006,1,3,1.1144622904456878
Ca Mau,2006-01-04,2006,1,4,0.3029249131391242
Ca Mau,2006-01-05,2006,1,5,0.2161996080084032
Ca Mau,2006-01-06,2006,1,6,0.0
Ca Mau,2006-01-07,2006,1,7,0.1641289909317315
Ca Mau,2006-01-08,2006,1,8,0.0
Ca Mau,2006-01-09,2006,1,9,0.0
Ca Mau,2006-01-10,2006,1,10,0.0
Ca Mau,2006-01-11,2006,1,11,0.0206530697130234
Ca Mau,2006-01-12,2006,1,12,0.0
Ca Mau,2006-01-13,2006,1,13,0.0
Ca Mau,2006-01-14,2006,1,14,0.0
Ca Mau,2006-01-15,2006,1,15,0.0
Ca Mau,2006-01-16,2006,1,16,0.7881050943751724
Ca Mau,2006-01-17,2006,1,17,0.0
Ca Mau,2006-01-18,2006,1,18,20.913786186110315
Ca Mau,2006-01-19,2006,1,19,0.0
Ca Mau,2006-01-20,2006,1,20,0.906822165210778
Ca Mau,2006-01-21,2006,1,21,0.0
Ca Mau,2006-01-22,2006,1,22,0.0
Ca Mau,2006-01-23,2006,1,23,0.0
Ca Mau,2006-01-24,2006,1,24,0.0
Ca Mau,2006-01-25,2006,1,25,0.0
Ca Mau,2006-01-26,2006,1,26,0.0
Ca Mau,2006-01-27,2006,1,27,0.0
Ca Mau,2006-01-28,2006,1,28,0.0
Ca Mau,2006-01-29,2006,1,29,0.0
Ca Mau,2006-01-30,2006,1,30,0.0289612200151692
Ca Mau,2006-01-31,2006,1,31,0.0232934323843329
Ca Mau,2006-02-01,2006,2,1,0.0
Ca Mau,2006-02-02,2006,2,2,0.0
Ca Mau,2006-02-03,2006,2,3,0.0
Ca Mau,2006-02-04,2006,2,4,0.0
Ca Mau,2006-02-05,2006,2,5,0.0
Ca Mau,2006-02-06,2006,2,6,0.0
Ca Mau,2006-02-07,2006,2,7,0.0
Ca Mau,2006-02-08,2006,2,8,0.0
Ca Mau,2006-02-09,2006,2,9,0.5876573091857092
Ca Mau,2006-02-10,2006,2,10,0.0030802728601493
Ca Mau,2006-02-11,2006,2,11,0.0
Ca Mau,2006-02-12,2006,2,12,0.0
Ca Mau,2006-02-13,2006,2,13,0.0
Ca Mau,2006-02-14,2006,2,14,0.0
Ca Mau,2006-02-15,2006,2,15,0.0
Ca Mau,2006-02-16,2006,2,16,0.0
Ca Mau,2006-02-17,2006,2,17,0.0
Ca Mau,2006-02-18,2006,2,18,0.0
Ca Mau,2006-02-19,2006,2,19,0.0
Ca Mau,2006-02-20,2006,2,20,0.0
Ca Mau,2006-02-21,2006,2,21,0.0
Ca Mau,2006-02-22,2006,2,22,0.0
Ca Mau,2006-02-23,2006,2,23,0.0
Ca Mau,2006-02-24,2006,2,24,0.0
Ca Mau,2006-02-25,2006,2,25,0.0
Ca Mau,2006-02-26,2006,2,26,6.479535481589596e-05
Ca Mau,2006-02-27,2006,2,27,0.0
Ca Mau,2006-02-28,2006,2,28,0.0
Ca Mau,2006-03-01,2006,3,1,0.0
Ca Mau,2006-03-02,2006,3,2,0.0
Ca Mau,2006-03-03,2006,3,3,0.0
Ca Mau,2006-03-04,2006,3,4,0.0
Ca Mau,2006-03-05,2006,3,5,0.0
Ca Mau,2006-03-06,2006,3,6,0.0
Ca Mau,2006-03-07,2006,3,7,0.0
Ca Mau,2006-03-08,2006,3,8,0.0
Ca Mau,2006-03-09,2006,3,9,0.00025209032242358675
Ca Mau,2006-03-10,2006,3,10,0.0
Ca Mau,2006-03-11,2006,3,11,0.0
Ca Mau,2006-03-12,2006,3,12,0.0
Ca Mau,2006-03-13,2006,3,13,0.0
Ca Mau,2006-03-14,2006,3,14,0.3280615947573045
Ca Mau,2006-03-15,2006,3,15,0.1503849093866464
Ca Mau,2006-03-16,2006,3,16,0.0
Ca Mau,2006-03-17,2006,3,17,0.0
Ca Mau,2006-03-18,2006,3,18,0.0
Ca Mau,2006-03-19,2006,3,19,0.0
Ca Mau,2006-03-20,2006,3,20,0.0515452454535531
Ca Mau,2006-03-21,2006,3,21,0.0
Ca Mau,2006-03-22,2006,3,22,0.0
Ca Mau,2006-03-23,2006,3,23,0.2143469359432916
Ca Mau,2006-03-24,2006,3,24,1.7739823358786606
Ca Mau,2006-03-25,2006,3,25,0.378337371407444
Ca Mau,2006-03-26,2006,3,26,0.000327514045327866
Ca Mau,2006-03-27,2006,3,27,0.0
Ca Mau,2006-03-28,2006,3,28,0.0
Ca Mau,2006-03-29,2006,3,29,0.8565139338180446
Ca Mau,2006-03-30,2006,3,30,5.355348885325127
Ca Mau,2006-03-31,2006,3,31,8.462379407565567
Ca Mau,2006-04-01,2006,4,1,0.9044605887448812
Ca Mau,2006-04-02,2006,4,2,7.3689711262824495
Ca Mau,2006-04-03,2006,4,3,0.2295373965397099
Ca Mau,2006-04-04,2006,4,4,3.2755226917483795
Ca Mau,2006-04-05,2006,4,5,0.0
Ca Mau,2006-04-06,2006,4,6,0.3061390655180564
Ca Mau,2006-04-07,2006,4,7,3.0906495854591887
Ca Mau,2006-04-08,2006,4,8,8.52421379484858
Ca Mau,2006-04-09,2006,4,9,3.731708611378577
Ca Mau,2006-04-10,2006,4,10,0.0079707755755628
Ca Mau,2006-04-11,2006,4,11,0.137082482587902
Ca Mau,2006-04-12,2006,4,12,0.2753521784815709
Ca Mau,2006-04-13,2006,4,13,0.073568220068999
Ca Mau,2006-04-14,2006,4,14,1.2875137617890395
Ca Mau,2006-04-15,2006,4,15,1.358223294535204
Ca Mau,2006-04-16,2006,4,16,4.230660631459887
Ca Mau,2006-04-17,2006,4,17,1.502422747185326
Ca Mau,2006-04-18,2006,4,18,2.303303520509382
Ca Mau,2006-04-19,2006,4,19,0.953895338681474
Ca Mau,2006-04-20,2006,4,20,0.0
Ca Mau,2006-04-21,2006,4,21,6.751325764640392
Ca Mau,2006-04-22,2006,4,22,0.1278804104049953
Ca Mau,2006-04-23,2006,4,23,1.5263653849369818
Ca Mau,2006-04-24,2006,4,24,0.16998301725722
Ca Mau,2006-04-25,2006,4,25,0.1591125134662461
Ca Mau,2006-04-26,2006,4,26,2.769497637683133
Ca Mau,2006-04-27,2006,4,27,9.24499781203638
Ca Mau,2006-04-28,2006,4,28,13.488449371729546
Ca Mau,2006-04-29,2006,4,29,15.90797706316378
Ca Mau,2006-04-30,2006,4,30,25.173958091711707
Ca Mau,2006-05-01,2006,5,1,2.1400412138925367
Ca Mau,2006-05-02,2006,5,2,6.468499541706088
Ca Mau,2006-05-03,2006,5,3,2.381436628137492
Ca Mau,2006-05-04,2006,5,4,0.7581429482227084
Ca Mau,2006-05-05,2006,5,5,17.73016830538248
Ca Mau,2006-05-06,2006,5,6,1.405755047795635
Ca Mau,2006-05-07,2006,5,7,9.205790434807469
Ca Mau,2006-05-08,2006,5,8,3.941167558844066
Ca Mau,2006-05-09,2006,5,9,12.286553983244383
Ca Mau,2006-05-10,2006,5,10,2.23379468644869
Ca Mau,2006-05-11,2006,5,11,0.0078744419829012
Ca Mau,2006-05-12,2006,5,12,2.289046406070224
Ca Mau,2006-05-13,2006,5,13,5.248599782901421
Ca Mau,2006-05-14,2006,5,14,11.742224092323884
Ca Mau,2006-05-15,2006,5,15,8.026334011929501
Ca Mau,2006-05-16,2006,5,16,4.388538934776907
Ca Mau,2006-05-17,2006,5,17,2.8843689752965647
Ca Mau,2006-05-18,2006,5,18,30.57974917642513
Ca Mau,2006-05-19,2006,5,19,18.61527096913473
Ca Mau,2006-05-20,2006,5,20,26.5437298496012
Ca Mau,2006-05-21,2006,5,21,2.2403317404890664
Ca Mau,2006-05-22,2006,5,22,0.1961035975440886
Ca Mau,2006-05-23,2006,5,23,5.839293834614821
Ca Mau,2006-05-24,2006,5,24,15.995292171016075
Ca Mau,2006-05-25,2006,5,25,6.539558537137738
Ca Mau,2006-05-26,2006,5,26,1.290501545137189
Ca Mau,2006-05-27,2006,5,27,21.31845770680775
Ca Mau,2006-05-28,2006,5,28,0.414818023620883
Ca Mau,2006-05-29,2006,5,29,9.531922996179302
Ca Mau,2006-05-30,2006,5,30,14.364956329728704
Ca Mau,2006-05-31,2006,5,31,10.193541372980937
Ca Mau,2006-06-01,2006,6,1,4.063991356001404
Ca Mau,2006-06-02,2006,6,2,3.258420677641644
Ca Mau,2006-06-03,2006,6,3,10.948764094886934
Ca Mau,2006-06-04,2006,6,4,5.239376085520947
Ca Mau,2006-06-05,2006,6,5,7.630019429228761
Ca Mau,2006-06-06,2006,6,6,7.416218590576933
Ca Mau,2006-06-07,2006,6,7,0.0468111836870607
Ca Mau,2006-06-08,2006,6,8,0.0
Ca Mau,2006-06-09,2006,6,9,4.9471743098058125
Ca Mau,2006-06-10,2006,6,10,8.442979383137097
Ca Mau,2006-06-11,2006,6,11,8.232347559764932
Ca Mau,2006-06-12,2006,6,12,14.76527825763682
Ca Mau,2006-06-13,2006,6,13,9.540090110328642
Ca Mau,2006-06-14,2006,6,14,15.876120509546
Ca Mau,2006-06-15,2006,6,15,7.756989099418672
Ca Mau,2006-06-16,2006,6,16,19.427481230794307
Ca Mau,2006-06-17,2006,6,17,12.866114956472058
Ca Mau,2006-06-18,2006,6,18,13.520038965373258
Ca Mau,2006-06-19,2006,6,19,13.756096362175724
Ca Mau,2006-06-20,2006,6,20,3.210873216246464
Ca Mau,2006-06-21,2006,6,21,10.445851076934872
Ca Mau,2006-06-22,2006,6,22,6.2792120608991
Ca Mau,2006-06-23,2006,6,23,6.993931876155388
Ca Mau,2006-06-24,2006,6,24,10.379907039143916
Ca Mau,2006-06-25,2006,6,25,12.890784151680956
Ca Mau,2006-06-26,2006,6,26,14.158002743436692
Ca Mau,2006-06-27,2006,6,27,15.42791413835632
Ca Mau,2006-06-28,2006,6,28,24.863056200951757
Ca Mau,2006-06-29,2006,6,29,18.014372519527132
Ca Mau,2006-06-30,2006,6,30,13.421946748947
Ca Mau,2006-07-01,2006,7,1,53.95214692277086
Ca Mau,2006-07-02,2006,7,2,43.65171869609061
Ca Mau,2006-07-03,2006,7,3,17.450783228130057
Ca Mau,2006-07-04,2006,7,4,2.7565319190542827
Ca Mau,2006-07-05,2006,7,5,23.269135985176614
Ca Mau,2006-07-06,2006,7,6,0.8035223783413908
Ca Mau,2006-07-07,2006,7,7,3.702660760898573
Ca Mau,2006-07-08,2006,7,8,7.41808045118205
Ca Mau,2006-07-09,2006,7,9,4.970156162931049
Ca Mau,2006-07-10,2006,7,10,0.2791002897417315
Ca Mau,2006-07-11,2006,7,11,2.192141461973287
Ca Mau,2006-07-12,2006,7,12,8.595216651826632
Ca Mau,2006-07-13,2006,7,13,11.221587525439672
Ca Mau,2006-07-14,2006,7,14,15.857182378600276
Ca Mau,2006-07-15,2006,7,15,9.969726199412584
Ca Mau,2006-07-16,2006,7,16,11.92581122287492
Ca Mau,2006-07-17,2006,7,17,11.144768906592825
Ca Mau,2006-07-18,2006,7,18,6.090170919318591
Ca Mau,2006-07-19,2006,7,19,0.2168271225666518
Ca Mau,2006-07-20,2006,7,20,6.847095908428193
Ca Mau,2006-07-21,2006,7,21,3.108354295008201
Ca Mau,2006-07-22,2006,7,22,7.621129234250469
Ca Mau,2006-07-23,2006,7,23,12.989548546146096
Ca Mau,2006-07-24,2006,7,24,3.5608612355452944
Ca Mau,2006-07-25,2006,7,25,0.2568662007043123
Ca Mau,2006-07-26,2006,7,26,0.3421857787032659
Ca Mau,2006-07-27,2006,7,27,4.32153671956931
Ca Mau,2006-07-28,2006,7,28,0.2544437704074052
Ca Mau,2006-07-29,2006,7,29,0.1891874556565948
Ca Mau,2006-07-30,2006,7,30,26.78320199887224
Ca Mau,2006-07-31,2006,7,31,5.227495121989207
Ca Mau,2006-08-01,2006,8,1,3.515609432610954
Ca Mau,2006-08-02,2006,8,2,0.000322444605423721
Ca Mau,2006-08-03,2006,8,3,13.277479199275945
Ca Mau,2006-08-04,2006,8,4,12.20040126139031
Ca Mau,2006-08-05,2006,8,5,10.606580267641176
Ca Mau,2006-08-06,2006,8,6,3.970900775848956
Ca Mau,2006-08-07,2006,8,7,17.04433583269998
Ca Mau,2006-08-08,2006,8,8,23.68658833639942
Ca Mau,2006-08-09,2006,8,9,6.245386831471395
Ca Mau,2006-08-10,2006,8,10,14.321616260602877
Ca Mau,2006-08-11,2006,8,11,10.093375769291788
Ca Mau,2006-08-12,2006,8,12,17.834412602777572
Ca Mau,2006-08-13,2006,8,13,32.6928060017121
Ca Mau,2006-08-14,2006,8,14,16.655290096772994
Ca Mau,2006-08-15,2006,8,15,15.511769948299747
Ca Mau,2006-08-16,2006,8,16,0.0003118620421895094
Ca Mau,2006-08-17,2006,8,17,0.0036407927864263
Ca Mau,2006-08-18,2006,8,18,0.0
Ca Mau,2006-08-19,2006,8,19,2.213820454746738
Ca Mau,2006-08-20,2006,8,20,0.3660722336491983
Ca Mau,2006-08-21,2006,8,21,0.0
Ca Mau,2006-08-22,2006,8,22,11.472075948502958
Ca Mau,2006-08-23,2006,8,23,0.7797277636573784
Ca Mau,2006-08-24,2006,8,24,0.0
Ca Mau,2006-08-25,2006,8,25,0.380997969943494
Ca Mau,2006-08-26,2006,8,26,4.3068111598888095
Ca Mau,2006-08-27,2006,8,27,5.630088142573186
Ca Mau,2006-08-28,2006,8,28,32.379471582992345
Ca Mau,2006-08-29,2006,8,29,25.47686676506264
Ca Mau,2006-08-30,2006,8,30,25.839260321376265
Ca Mau,2006-08-31,2006,8,31,11.04675343905676
Ca Mau,2006-09-01,2006,9,1,4.933883102171513
Ca Mau,2006-09-02,2006,9,2,0.1119408525139129
Ca Mau,2006-09-03,2006,9,3,3.827536238553376
Ca Mau,2006-09-04,2006,9,4,23.716556505972424
Ca Mau,2006-09-05,2006,9,5,8.910075972372494
Ca Mau,2006-09-06,2006,9,6,1.847691655744593
Ca Mau,2006-09-07,2006,9,7,1.167519093055319
Ca Mau,2006-09-08,2006,9,8,2.5787657452465704
Ca Mau,2006-09-09,2006,9,9,2.304290730389063
Ca Mau,2006-09-10,2006,9,10,5.966153797352331
Ca Mau,2006-09-11,2006,9,11,12.657155506853403
Ca Mau,2006-09-12,2006,9,12,25.96083586532375
Ca Mau,2006-09-13,2006,9,13,5.828483745419707
Ca Mau,2006-09-14,2006,9,14,3.980327654508325
Ca Mau,2006-09-15,2006,9,15,3.1633669911571847
Ca Mau,2006-09-16,2006,9,16,2.546677453170882
Ca Mau,2006-09-17,2006,9,17,19.644813772178345
Ca Mau,2006-09-18,2006,9,18,21.2202064307562
Ca Mau,2006-09-19,2006,9,19,2.4943765765720447
Ca Mau,2006-09-20,2006,9,20,0.1976537066078245
Ca Mau,2006-09-21,2006,9,21,31.780836743015488
Ca Mau,2006-09-22,2006,9,22,27.37548566756471
Ca Mau,2006-09-23,2006,9,23,4.613066365309467
Ca Mau,2006-09-24,2006,9,24,21.13494637194107
Ca Mau,2006-09-25,2006,9,25,28.09619882119034
Ca Mau,2006-09-26,2006,9,26,43.9489924452181
Ca Mau,2006-09-27,2006,9,27,29.338963962830125
Ca Mau,2006-09-28,2006,9,28,26.048114930848268
Ca Mau,2006-09-29,2006,9,29,0.0573495617080052
Ca Mau,2006-09-30,2006,9,30,18.518865293448187
Ca Mau,2006-10-01,2006,10,1,33.41943868836154
Ca Mau,2006-10-02,2006,10,2,6.395554334420756
Ca Mau,2006-10-03,2006,10,3,4.241461606581384
Ca Mau,2006-10-04,2006,10,4,10.849372516799512
Ca Mau,2006-10-05,2006,10,5,8.864481390180227
Ca Mau,2006-10-06,2006,10,6,3.106818234716896
Ca Mau,2006-10-07,2006,10,7,0.3190054971062576
Ca Mau,2006-10-08,2006,10,8,3.0660872516214432
Ca Mau,2006-10-09,2006,10,9,20.14391132397296
Ca Mau,2006-10-10,2006,10,10,4.190596536738843
Ca Mau,2006-10-11,2006,10,11,0.4667413840306859
Ca Mau,2006-10-12,2006,10,12,0.0004148451654193193
Ca Mau,2006-10-13,2006,10,13,1.9813368610740432
Ca Mau,2006-10-14,2006,10,14,5.886917124789531
Ca Mau,2006-10-15,2006,10,15,11.923310919596103
Ca Mau,2006-10-16,2006,10,16,4.293909659760103
Ca Mau,2006-10-17,2006,10,17,22.05409108814046
Ca Mau,2006-10-18,2006,10,18,14.405800173151452
Ca Mau,2006-10-19,2006,10,19,0.1169513275322055
Ca Mau,2006-10-20,2006,10,20,0.3028406624151835
Ca Mau,2006-10-21,2006,10,21,1.3661168453248702
Ca Mau,2006-10-22,2006,10,22,14.47715734292223
Ca Mau,2006-10-23,2006,10,23,11.217812583823449
Ca Mau,2006-10-24,2006,10,24,0.0002760527680257501
Ca Mau,2006-10-25,2006,10,25,1.8594257487423336
Ca Mau,2006-10-26,2006,10,26,6.55149849694326
Ca Mau,2006-10-27,2006,10,27,1.8885051140960365
Ca Mau,2006-10-28,2006,10,28,3.225264359324127
Ca Mau,2006-10-29,2006,10,29,4.024221750329889
Ca Mau,2006-10-30,2006,10,30,10.424196683032552
Ca Mau,2006-10-31,2006,10,31,5.597504017530004
Ca Mau,2006-11-01,2006,11,1,5.301330118695728
Ca Mau,2006-11-02,2006,11,2,0.8619299542334524
Ca Mau,2006-11-03,2006,11,3,3.0570382736488164
Ca Mau,2006-11-04,2006,11,4,0.0002055495905328403
Ca Mau,2006-11-05,2006,11,5,4.776274770291067
Ca Mau,2006-11-06,2006,11,6,13.34724965533006
Ca Mau,2006-11-07,2006,11,7,8.833676180526384
Ca Mau,2006-11-08,2006,11,8,2.638080632870403
Ca Mau,2006-11-09,2006,11,9,0.1360133010105758
Ca Mau,2006-11-10,2006,11,10,0.0
Ca Mau,2006-11-11,2006,11,11,1.6804988839254782
Ca Mau,2006-11-12,2006,11,12,0.0144002149027953
Ca Mau,2006-11-13,2006,11,13,0.039864645002831
Ca Mau,2006-11-14,2006,11,14,3.714287050023334
Ca Mau,2006-11-15,2006,11,15,1.057975607968083
Ca Mau,2006-11-16,2006,11,16,0.1126570279970135
Ca Mau,2006-11-17,2006,11,17,0.0
Ca Mau,2006-11-18,2006,11,18,0.0
Ca Mau,2006-11-19,2006,11,19,6.847270638110997
Ca Mau,2006-11-20,2006,11,20,0.0
Ca Mau,2006-11-21,2006,11,21,14.685992150985278
Ca Mau,2006-11-22,2006,11,22,5.050116519631759
Ca Mau,2006-11-23,2006,11,23,0.0564543763772464
Ca Mau,2006-11-24,2006,11,24,0.0
Ca Mau,2006-11-25,2006,11,25,0.0361235404641625
Ca Mau,2006-11-26,2006,11,26,0.0
Ca Mau,2006-11-27,2006,11,27,0.0
Ca Mau,2006-11-28,2006,11,28,0.0
Ca Mau,2006-11-29,2006,11,29,0.0
Ca Mau,2006-11-30,2006,11,30,0.0
Ca Mau,2006-12-01,2006,12,1,0.0706956680985719
Ca Mau,2006-12-02,2006,12,2,0.0
Ca Mau,2006-12-03,2006,12,3,0.0
Ca Mau,2006-12-04,2006,12,4,0.0
Ca Mau,2006-12-05,2006,12,5,10.43964175639411
Ca Mau,2006-12-06,2006,12,6,8.800059679765006
Ca Mau,2006-12-07,2006,12,7,0.0448773435554596
Ca Mau,2006-12-08,2006,12,8,0.3339815606715602
Ca Mau,2006-12-09,2006,12,9,3.166998460023984
Ca Mau,2006-12-10,2006,12,10,0.2129603767409435
Ca Mau,2006-12-11,2006,12,11,0.1068873251670073
Ca Mau,2006-12-12,2006,12,12,2.1581306292201337
Ca Mau,2006-12-13,2006,12,13,0.0
Ca Mau,2006-12-14,2006,12,14,0.0
Ca Mau,2006-12-15,2006,12,15,0.0436628819133595
Ca Mau,2006-12-16,2006,12,16,0.0584004102713972
Ca Mau,2006-12-17,2006,12,17,0.0
Ca Mau,2006-12-18,2006,12,18,0.0
Ca Mau,2006-12-19,2006,12,19,0.5021186904258749
Ca Mau,2006-12-20,2006,12,20,0.2643849546587525
Ca Mau,2006-12-21,2006,12,21,0.0
Ca Mau,2006-12-22,2006,12,22,0.0
Ca Mau,2006-12-23,2006,12,23,0.0843672726433972
Ca Mau,2006-12-24,2006,12,24,0.0
Ca Mau,2006-12-25,2006,12,25,0.0
Ca Mau,2006-12-26,2006,12,26,0.7080351771491762
Ca Mau,2006-12-27,2006,12,27,0.3139305538897648
Ca Mau,2006-12-28,2006,12,28,0.0265067466945717
Ca Mau,2006-12-29,2006,12,29,2.9471496820557945
Ca Mau,2006-12-30,2006,12,30,0.5536716656788663
Ca Mau,2006-12-31,2006,12,31,1.0121484294200394
Ca Mau,2007-01-01,2007,1,1,6.20808047397646
Ca Mau,2007-01-02,2007,1,2,3.7829230842997017
Ca Mau,2007-01-03,2007,1,3,0.3724566848369761
Ca Mau,2007-01-04,2007,1,4,1.7982586125157412
Ca Mau,2007-01-05,2007,1,5,9.635551615171094
Ca Mau,2007-01-06,2007,1,6,6.5651678556020086
Ca Mau,2007-01-07,2007,1,7,0.4351762677514714
Ca Mau,2007-01-08,2007,1,8,0.00017364700623262035
Ca Mau,2007-01-09,2007,1,9,0.0
Ca Mau,2007-01-10,2007,1,10,0.0
Ca Mau,2007-01-11,2007,1,11,0.0
Ca Mau,2007-01-12,2007,1,12,0.0
Ca Mau,2007-01-13,2007,1,13,0.0
Ca Mau,2007-01-14,2007,1,14,0.0
Ca Mau,2007-01-15,2007,1,15,0.0
Ca Mau,2007-01-16,2007,1,16,0.0
Ca Mau,2007-01-17,2007,1,17,0.0261283824907248
Ca Mau,2007-01-18,2007,1,18,0.0001892391164328773
Ca Mau,2007-01-19,2007,1,19,0.0
Ca Mau,2007-01-20,2007,1,20,0.0
Ca Mau,2007-01-21,2007,1,21,0.0
Ca Mau,2007-01-22,2007,1,22,0.0
Ca Mau,2007-01-23,2007,1,23,0.2639130697424605
Ca Mau,2007-01-24,2007,1,24,0.0058071297157596
Ca Mau,2007-01-25,2007,1,25,0.3897446569172439
Ca Mau,2007-01-26,2007,1,26,0.0
Ca Mau,2007-01-27,2007,1,27,0.0
Ca Mau,2007-01-28,2007,1,28,0.0
Ca Mau,2007-01-29,2007,1,29,0.0
Ca Mau,2007-01-30,2007,1,30,0.0
Ca Mau,2007-01-31,2007,1,31,0.0
Ca Mau,2007-02-01,2007,2,1,0.0
Ca Mau,2007-02-02,2007,2,2,0.0
Ca Mau,2007-02-03,2007,2,3,0.0
Ca Mau,2007-02-04,2007,2,4,0.0
Ca Mau,2007-02-05,2007,2,5,0.0
Ca Mau,2007-02-06,2007,2,6,0.0
Ca Mau,2007-02-07,2007,2,7,0.0
Ca Mau,2007-02-08,2007,2,8,0.0
Ca Mau,2007-02-09,2007,2,9,0.0
Ca Mau,2007-02-10,2007,2,10,0.0
Ca Mau,2007-02-11,2007,2,11,0.0
Ca Mau,2007-02-12,2007,2,12,0.0
Ca Mau,2007-02-13,2007,2,13,0.0
Ca Mau,2007-02-14,2007,2,14,0.0
Ca Mau,2007-02-15,2007,2,15,0.0
Ca Mau,2007-02-16,2007,2,16,0.0
Ca Mau,2007-02-17,2007,2,17,0.0
Ca Mau,2007-02-18,2007,2,18,0.0
Ca Mau,2007-02-19,2007,2,19,0.0
Ca Mau,2007-02-20,2007,2,20,0.0
Ca Mau,2007-02-21,2007,2,21,0.7354885227798049
Ca Mau,2007-02-22,2007,2,22,0.3517488768299482
Ca Mau,2007-02-23,2007,2,23,0.0
Ca Mau,2007-02-24,2007,2,24,0.0
Ca Mau,2007-02-25,2007,2,25,0.0
Ca Mau,2007-02-26,2007,2,26,2.412183458442736
Ca Mau,2007-02-27,2007,2,27,0.0
Ca Mau,2007-02-28,2007,2,28,0.1353113159104876
Ca Mau,2007-03-01,2007,3,1,0.0
Ca Mau,2007-03-02,2007,3,2,0.0
Ca Mau,2007-03-03,2007,3,3,0.0
Ca Mau,2007-03-04,2007,3,4,0.0
Ca Mau,2007-03-05,2007,3,5,0.0
Ca Mau,2007-03-06,2007,3,6,0.0
Ca Mau,2007-03-07,2007,3,7,0.0
Ca Mau,2007-03-08,2007,3,8,0.0
Ca Mau,2007-03-09,2007,3,9,0.0
Ca Mau,2007-03-10,2007,3,10,0.0
Ca Mau,2007-03-11,2007,3,11,0.0
Ca Mau,2007-03-12,2007,3,12,0.0
Ca Mau,2007-03-13,2007,3,13,0.0
Ca Mau,2007-03-14,2007,3,14,0.0
Ca Mau,2007-03-15,2007,3,15,0.0
Ca Mau,2007-03-16,2007,3,16,0.0
Ca Mau,2007-03-17,2007,3,17,0.1301265421628664
Ca Mau,2007-03-18,2007,3,18,4.37633058790933
Ca Mau,2007-03-19,2007,3,19,0.7000548370822168
Ca Mau,2007-03-20,2007,3,20,13.156988436241326
Ca Mau,2007-03-21,2007,3,21,0.872163387429884
Ca Mau,2007-03-22,2007,3,22,1.8699131758822791
Ca Mau,2007-03-23,2007,3,23,8.221812726648249
Ca Mau,2007-03-24,2007,3,24,0.1722791296494123
Ca Mau,2007-03-25,2007,3,25,1.814334273473456
Ca Mau,2007-03-26,2007,3,26,1.3075192319330604
Ca Mau,2007-03-27,2007,3,27,0.0078115828037982
Ca Mau,2007-03-28,2007,3,28,0.0
Ca Mau,2007-03-29,2007,3,29,0.0
Ca Mau,2007-03-30,2007,3,30,0.0
Ca Mau,2007-03-31,2007,3,31,0.0
Ca Mau,2007-04-01,2007,4,1,0.0414736384465083
Ca Mau,2007-04-02,2007,4,2,0.0
Ca Mau,2007-04-03,2007,4,3,0.0
Ca Mau,2007-04-04,2007,4,4,0.0
Ca Mau,2007-04-05,2007,4,5,0.0
Ca Mau,2007-04-06,2007,4,6,0.0
Ca Mau,2007-04-07,2007,4,7,0.0
Ca Mau,2007-04-08,2007,4,8,0.0168278666017205
Ca Mau,2007-04-09,2007,4,9,0.0
Ca Mau,2007-04-10,2007,4,10,0.0
Ca Mau,2007-04-11,2007,4,11,1.382384395954327
Ca Mau,2007-04-12,2007,4,12,0.0
Ca Mau,2007-04-13,2007,4,13,0.3708570937264572
Ca Mau,2007-04-14,2007,4,14,0.0
Ca Mau,2007-04-15,2007,4,15,0.0
Ca Mau,2007-04-16,2007,4,16,0.4899412706052885
Ca Mau,2007-04-17,2007,4,17,0.0654072860591429
Ca Mau,2007-04-18,2007,4,18,3.823460446235961
Ca Mau,2007-04-19,2007,4,19,2.360808936912824
Ca Mau,2007-04-20,2007,4,20,0.0
Ca Mau,2007-04-21,2007,4,21,0.5752599293471934
Ca Mau,2007-04-22,2007,4,22,0.2178338109600069
Ca Mau,2007-04-23,2007,4,23,1.4917031250997683
Ca Mau,2007-04-24,2007,4,24,0.0
Ca Mau,2007-04-25,2007,4,25,0.3617656086960036
Ca Mau,2007-04-26,2007,4,26,15.166948771966862
Ca Mau,2007-04-27,2007,4,27,15.666128398123078
Ca Mau,2007-04-28,2007,4,28,15.64881252251486
Ca Mau,2007-04-29,2007,4,29,25.469032612486227
Ca Mau,2007-04-30,2007,4,30,30.25166219096303
Ca Mau,2007-05-01,2007,5,1,5.563401064028043
Ca Mau,2007-05-02,2007,5,2,0.00022408898194582896
Ca Mau,2007-05-03,2007,5,3,0.0
Ca Mau,2007-05-04,2007,5,4,3.6176907717325744
Ca Mau,2007-05-05,2007,5,5,5.880629433663576
Ca Mau,2007-05-06,2007,5,6,9.57328920763667
Ca Mau,2007-05-07,2007,5,7,15.477716467283598
Ca Mau,2007-05-08,2007,5,8,3.683757634799674
Ca Mau,2007-05-09,2007,5,9,13.609838526745532
Ca Mau,2007-05-10,2007,5,10,13.257971104603838
Ca Mau,2007-05-11,2007,5,11,14.44919717262309
Ca Mau,2007-05-12,2007,5,12,11.254350756647517
Ca Mau,2007-05-13,2007,5,13,13.91637178105016
Ca Mau,2007-05-14,2007,5,14,5.529606668726782
Ca Mau,2007-05-15,2007,5,15,4.368812063030964
Ca Mau,2007-05-16,2007,5,16,4.255805080060587
Ca Mau,2007-05-17,2007,5,17,1.9952379909300109
Ca Mau,2007-05-18,2007,5,18,3.865416592088368
Ca Mau,2007-05-19,2007,5,19,4.30835221540701
Ca Mau,2007-05-20,2007,5,20,5.9935393249514695
Ca Mau,2007-05-21,2007,5,21,5.809903723873569
Ca Mau,2007-05-22,2007,5,22,1.9237070713967015
Ca Mau,2007-05-23,2007,5,23,0.7732328603307671
Ca Mau,2007-05-24,2007,5,24,0.0936431759042708
Ca Mau,2007-05-25,2007,5,25,3.956571616403572
Ca Mau,2007-05-26,2007,5,26,14.525994942547197
Ca Mau,2007-05-27,2007,5,27,12.156839686543874
Ca Mau,2007-05-28,2007,5,28,11.376429879923045
Ca Mau,2007-05-29,2007,5,29,10.225024025044894
Ca Mau,2007-05-30,2007,5,30,5.211991599295853
Ca Mau,2007-05-31,2007,5,31,1.005587883023354
Ca Mau,2007-06-01,2007,6,1,3.757519134280905
Ca Mau,2007-06-02,2007,6,2,15.52016251113496
Ca Mau,2007-06-03,2007,6,3,10.3186926622633
Ca Mau,2007-06-04,2007,6,4,3.843998310400541
Ca Mau,2007-06-05,2007,6,5,2.184799617433419
Ca Mau,2007-06-06,2007,6,6,8.039197906122029
Ca Mau,2007-06-07,2007,6,7,2.4635221419952806
Ca Mau,2007-06-08,2007,6,8,4.555096700298799
Ca Mau,2007-06-09,2007,6,9,0.8214769984697959
Ca Mau,2007-06-10,2007,6,10,0.0239419225409645
Ca Mau,2007-06-11,2007,6,11,2.045542946911926
Ca Mau,2007-06-12,2007,6,12,0.6592670725940075
Ca Mau,2007-06-13,2007,6,13,0.6601813981194669
Ca Mau,2007-06-14,2007,6,14,4.591852833662171
Ca Mau,2007-06-15,2007,6,15,12.613364510481423
Ca Mau,2007-06-16,2007,6,16,9.659512381599782
Ca Mau,2007-06-17,2007,6,17,10.37958137903637
Ca Mau,2007-06-18,2007,6,18,6.831747121671993
Ca Mau,2007-06-19,2007,6,19,6.929041352704117
Ca Mau,2007-06-20,2007,6,20,13.598901412633348
Ca Mau,2007-06-21,2007,6,21,14.60070660886915
Ca Mau,2007-06-22,2007,6,22,27.450467131302187
Ca Mau,2007-06-23,2007,6,23,20.304996325412574
Ca Mau,2007-06-24,2007,6,24,0.4047504965094299
Ca Mau,2007-06-25,2007,6,25,9.319899479100686
Ca Mau,2007-06-26,2007,6,26,8.664726952967003
Ca Mau,2007-06-27,2007,6,27,22.49505714794673
Ca Mau,2007-06-28,2007,6,28,12.21468075942316
Ca Mau,2007-06-29,2007,6,29,14.095795547542366
Ca Mau,2007-06-30,2007,6,30,24.40139725670994
Ca Mau,2007-07-01,2007,7,1,15.936319808483566
Ca Mau,2007-07-02,2007,7,2,0.190361294728741
Ca Mau,2007-07-03,2007,7,3,12.414067781925594
Ca Mau,2007-07-04,2007,7,4,12.238083593322122
Ca Mau,2007-07-05,2007,7,5,8.388271892202308
Ca Mau,2007-07-06,2007,7,6,60.43578863839429
Ca Mau,2007-07-07,2007,7,7,0.0737428395877149
Ca Mau,2007-07-08,2007,7,8,11.003198194028103
Ca Mau,2007-07-09,2007,7,9,31.26139755997506
Ca Mau,2007-07-10,2007,7,10,3.5820292075679285
Ca Mau,2007-07-11,2007,7,11,23.35356732347064
Ca Mau,2007-07-12,2007,7,12,0.0
Ca Mau,2007-07-13,2007,7,13,11.572350539537345
Ca Mau,2007-07-14,2007,7,14,14.528306005952802
Ca Mau,2007-07-15,2007,7,15,15.645938874552304
Ca Mau,2007-07-16,2007,7,16,10.535516603713567
Ca Mau,2007-07-17,2007,7,17,0.00022589401347605475
Ca Mau,2007-07-18,2007,7,18,0.4392615284009454
Ca Mau,2007-07-19,2007,7,19,3.5889421802514123
Ca Mau,2007-07-20,2007,7,20,8.255780556677262
Ca Mau,2007-07-21,2007,7,21,0.8273291041288512
Ca Mau,2007-07-22,2007,7,22,10.672024626435748
Ca Mau,2007-07-23,2007,7,23,6.360275249239037
Ca Mau,2007-07-24,2007,7,24,5.113588749094356
Ca Mau,2007-07-25,2007,7,25,1.7465653138003223
Ca Mau,2007-07-26,2007,7,26,1.804322252367616
Ca Mau,2007-07-27,2007,7,27,9.129850454069896
Ca Mau,2007-07-28,2007,7,28,25.36489801066496
Ca Mau,2007-07-29,2007,7,29,5.278538711526702
Ca Mau,2007-07-30,2007,7,30,7.491475688255286
Ca Mau,2007-07-31,2007,7,31,3.830361023639864
Ca Mau,2007-08-01,2007,8,1,1.0645207551948757
Ca Mau,2007-08-02,2007,8,2,12.16324397344976
Ca Mau,2007-08-03,2007,8,3,9.211017942797069
Ca Mau,2007-08-04,2007,8,4,21.434194754804647
Ca Mau,2007-08-05,2007,8,5,21.719545069545912
Ca Mau,2007-08-06,2007,8,6,27.252150584341123
Ca Mau,2007-08-07,2007,8,7,5.330563512604862
Ca Mau,2007-08-08,2007,8,8,15.563738611609002
Ca Mau,2007-08-09,2007,8,9,29.005837205441583
Ca Mau,2007-08-10,2007,8,10,0.7467913242482652
Ca Mau,2007-08-11,2007,8,11,0.4916801886428081
Ca Mau,2007-08-12,2007,8,12,0.00032279350341015035
Ca Mau,2007-08-13,2007,8,13,0.6945804644740914
Ca Mau,2007-08-14,2007,8,14,2.778867082321227
Ca Mau,2007-08-15,2007,8,15,8.435790104825308
Ca Mau,2007-08-16,2007,8,16,32.27094513896804
Ca Mau,2007-08-17,2007,8,17,17.673847141782645
Ca Mau,2007-08-18,2007,8,18,4.508022226267095
Ca Mau,2007-08-19,2007,8,19,5.257236793713856
Ca Mau,2007-08-20,2007,8,20,4.796358615515853
Ca Mau,2007-08-21,2007,8,21,9.060486285076756
Ca Mau,2007-08-22,2007,8,22,1.1668195331867837
Ca Mau,2007-08-23,2007,8,23,6.495008005169384
Ca Mau,2007-08-24,2007,8,24,3.988813763238861
Ca Mau,2007-08-25,2007,8,25,10.616025724796245
Ca Mau,2007-08-26,2007,8,26,13.28199586386206
Ca Mau,2007-08-27,2007,8,27,16.628913739040737
Ca Mau,2007-08-28,2007,8,28,10.360022685575013
Ca Mau,2007-08-29,2007,8,29,8.889559285717477
Ca Mau,2007-08-30,2007,8,30,3.712328987279425
Ca Mau,2007-08-31,2007,8,31,6.041749177421778
Ca Mau,2007-09-01,2007,9,1,2.168277398463533
Ca Mau,2007-09-02,2007,9,2,23.18734802027317
Ca Mau,2007-09-03,2007,9,3,14.58764041374644
Ca Mau,2007-09-04,2007,9,4,2.2486847863096786
Ca Mau,2007-09-05,2007,9,5,0.0
Ca Mau,2007-09-06,2007,9,6,2.2743989593713154
Ca Mau,2007-09-07,2007,9,7,0.5708487772010042
Ca Mau,2007-09-08,2007,9,8,1.9478549604071032
Ca Mau,2007-09-09,2007,9,9,0.0302275810458279
Ca Mau,2007-09-10,2007,9,10,6.823682355170817
Ca Mau,2007-09-11,2007,9,11,3.779628954625081
Ca Mau,2007-09-12,2007,9,12,12.384524359785589
Ca Mau,2007-09-13,2007,9,13,2.175844610295966
Ca Mau,2007-09-14,2007,9,14,17.121505453335768
Ca Mau,2007-09-15,2007,9,15,8.892074100231753
Ca Mau,2007-09-16,2007,9,16,40.08462413651769
Ca Mau,2007-09-17,2007,9,17,33.01602853803999
Ca Mau,2007-09-18,2007,9,18,21.624692488988774
Ca Mau,2007-09-19,2007,9,19,6.965263571315409
Ca Mau,2007-09-20,2007,9,20,36.73181908411012
Ca Mau,2007-09-21,2007,9,21,13.293588796939076
Ca Mau,2007-09-22,2007,9,22,6.845031652613089
Ca Mau,2007-09-23,2007,9,23,16.25407699885651
Ca Mau,2007-09-24,2007,9,24,35.55879770658975
Ca Mau,2007-09-25,2007,9,25,16.614416518731744
Ca Mau,2007-09-26,2007,9,26,4.623133377447961
Ca Mau,2007-09-27,2007,9,27,5.878601504037069
Ca Mau,2007-09-28,2007,9,28,9.239823355419423
Ca Mau,2007-09-29,2007,9,29,8.578625375218017
Ca Mau,2007-09-30,2007,9,30,12.404061937463691
Ca Mau,2007-10-01,2007,10,1,36.31934316886958
Ca Mau,2007-10-02,2007,10,2,16.041175966620674
Ca Mau,2007-10-03,2007,10,3,4.510383529703447
Ca Mau,2007-10-04,2007,10,4,10.688266513299336
Ca Mau,2007-10-05,2007,10,5,6.94757540343823
Ca Mau,2007-10-06,2007,10,6,1.711306917119633
Ca Mau,2007-10-07,2007,10,7,4.34867046778389
Ca Mau,2007-10-08,2007,10,8,0.0002227293906289693
Ca Mau,2007-10-09,2007,10,9,11.133619913739008
Ca Mau,2007-10-10,2007,10,10,14.714071988482877
Ca Mau,2007-10-11,2007,10,11,22.01494386579568
Ca Mau,2007-10-12,2007,10,12,6.979581343219535
Ca Mau,2007-10-13,2007,10,13,11.009933276099703
Ca Mau,2007-10-14,2007,10,14,7.637236073333884
Ca Mau,2007-10-15,2007,10,15,4.351064009643741
Ca Mau,2007-10-16,2007,10,16,4.656148588251068
Ca Mau,2007-10-17,2007,10,17,3.4443444211166607
Ca Mau,2007-10-18,2007,10,18,20.609335063410505
Ca Mau,2007-10-19,2007,10,19,12.07862449199538
Ca Mau,2007-10-20,2007,10,20,7.643032721544485
Ca Mau,2007-10-21,2007,10,21,7.242529290564985
Ca Mau,2007-10-22,2007,10,22,13.088739230652251
Ca Mau,2007-10-23,2007,10,23,1.7309000253983688
Ca Mau,2007-10-24,2007,10,24,11.458604997724407
Ca Mau,2007-10-25,2007,10,25,24.275473162657995
Ca Mau,2007-10-26,2007,10,26,9.37138565227912
Ca Mau,2007-10-27,2007,10,27,9.433736463312735
Ca Mau,2007-10-28,2007,10,28,3.116241808588806
Ca Mau,2007-10-29,2007,10,29,3.5371625644966804
Ca Mau,2007-10-30,2007,10,30,1.2323938348705568
Ca Mau,2007-10-31,2007,10,31,0.0
Ca Mau,2007-11-01,2007,11,1,0.6554293589443512
Ca Mau,2007-11-02,2007,11,2,24.92578657991293
Ca Mau,2007-11-03,2007,11,3,8.85068056579261
Ca Mau,2007-11-04,2007,11,4,10.31452208866412
Ca Mau,2007-11-05,2007,11,5,60.03285740378979
Ca Mau,2007-11-06,2007,11,6,2.843627141781845
Ca Mau,2007-11-07,2007,11,7,7.256303867822949
Ca Mau,2007-11-08,2007,11,8,0.0
Ca Mau,2007-11-09,2007,11,9,0.0
Ca Mau,2007-11-10,2007,11,10,0.001304553058156
Ca Mau,2007-11-11,2007,11,11,28.303304409831235
Ca Mau,2007-11-12,2007,11,12,24.38649075026508
Ca Mau,2007-11-13,2007,11,13,0.0
Ca Mau,2007-11-14,2007,11,14,0.0
Ca Mau,2007-11-15,2007,11,15,4.940254116757463
Ca Mau,2007-11-16,2007,11,16,0.607862019557799
Ca Mau,2007-11-17,2007,11,17,0.0
Ca Mau,2007-11-18,2007,11,18,2.079874494073614
Ca Mau,2007-11-19,2007,11,19,4.60928782265737
Ca Mau,2007-11-20,2007,11,20,5.305005444418707
Ca Mau,2007-11-21,2007,11,21,9.83672233114184
Ca Mau,2007-11-22,2007,11,22,14.370129497192508
Ca Mau,2007-11-23,2007,11,23,22.13967147597451
Ca Mau,2007-11-24,2007,11,24,2.99205952491769
Ca Mau,2007-11-25,2007,11,25,1.67583561479649
Ca Mau,2007-11-26,2007,11,26,0.1516350536565539
Ca Mau,2007-11-27,2007,11,27,0.0
Ca Mau,2007-11-28,2007,11,28,0.0
Ca Mau,2007-11-29,2007,11,29,0.0
Ca Mau,2007-11-30,2007,11,30,0.0
Ca Mau,2007-12-01,2007,12,1,0.0
Ca Mau,2007-12-02,2007,12,2,0.0
Ca Mau,2007-12-03,2007,12,3,0.0
Ca Mau,2007-12-04,2007,12,4,0.0
Ca Mau,2007-12-05,2007,12,5,0.0
Ca Mau,2007-12-06,2007,12,6,4.255060487297313
Ca Mau,2007-12-07,2007,12,7,1.5735535213392695
Ca Mau,2007-12-08,2007,12,8,0.3007825253285838
Ca Mau,2007-12-09,2007,12,9,0.0
Ca Mau,2007-12-10,2007,12,10,0.0
Ca Mau,2007-12-11,2007,12,11,1.3377562936444962
Ca Mau,2007-12-12,2007,12,12,0.0
Ca Mau,2007-12-13,2007,12,13,0.0
Ca Mau,2007-12-14,2007,12,14,0.050002272762223
Ca Mau,2007-12-15,2007,12,15,0.0
Ca Mau,2007-12-16,2007,12,16,0.0834812768965851
Ca Mau,2007-12-17,2007,12,17,0.776352576735771
Ca Mau,2007-12-18,2007,12,18,10.185577750066356
Ca Mau,2007-12-19,2007,12,19,0.4305421747064542
Ca Mau,2007-12-20,2007,12,20,0.0
Ca Mau,2007-12-21,2007,12,21,0.9514898781629764
Ca Mau,2007-12-22,2007,12,22,9.137328191042096
Ca Mau,2007-12-23,2007,12,23,0.0
Ca Mau,2007-12-24,2007,12,24,0.0
Ca Mau,2007-12-25,2007,12,25,0.0
Ca Mau,2007-12-26,2007,12,26,2.0234033028350784
Ca Mau,2007-12-27,2007,12,27,0.3911770097055488
Ca Mau,2007-12-28,2007,12,28,4.457254756120415
Ca Mau,2007-12-29,2007,12,29,7.244747954518722
Ca Mau,2007-12-30,2007,12,30,0.3375602047957995
Ca Mau,2007-12-31,2007,12,31,0.0002639636109068432
Ca Mau,2008-01-01,2008,1,1,2.278786424718609
Ca Mau,2008-01-02,2008,1,2,5.103539244480153
Ca Mau,2008-01-03,2008,1,3,21.811132294217074
Ca Mau,2008-01-04,2008,1,4,8.310146614683946
Ca Mau,2008-01-05,2008,1,5,0.0
Ca Mau,2008-01-06,2008,1,6,0.0
Ca Mau,2008-01-07,2008,1,7,0.0
Ca Mau,2008-01-08,2008,1,8,0.0
Ca Mau,2008-01-09,2008,1,9,0.0
Ca Mau,2008-01-10,2008,1,10,0.0
Ca Mau,2008-01-11,2008,1,11,0.0
Ca Mau,2008-01-12,2008,1,12,0.0
Ca Mau,2008-01-13,2008,1,13,0.0
Ca Mau,2008-01-14,2008,1,14,0.0
Ca Mau,2008-01-15,2008,1,15,0.0
Ca Mau,2008-01-16,2008,1,16,0.1317888282176373
Ca Mau,2008-01-17,2008,1,17,0.0001610928274772188
Ca Mau,2008-01-18,2008,1,18,0.0
Ca Mau,2008-01-19,2008,1,19,0.0
Ca Mau,2008-01-20,2008,1,20,1.4751296524935944
Ca Mau,2008-01-21,2008,1,21,0.0
Ca Mau,2008-01-22,2008,1,22,0.0
Ca Mau,2008-01-23,2008,1,23,0.0
Ca Mau,2008-01-24,2008,1,24,0.0
Ca Mau,2008-01-25,2008,1,25,0.00016911646763387593
Ca Mau,2008-01-26,2008,1,26,0.0
Ca Mau,2008-01-27,2008,1,27,0.0
Ca Mau,2008-01-28,2008,1,28,0.0
Ca Mau,2008-01-29,2008,1,29,0.0
Ca Mau,2008-01-30,2008,1,30,0.0
Ca Mau,2008-01-31,2008,1,31,0.0
Ca Mau,2008-02-01,2008,2,1,0.0
Ca Mau,2008-02-02,2008,2,2,1.0508998968855832
Ca Mau,2008-02-03,2008,2,3,0.0
Ca Mau,2008-02-04,2008,2,4,0.0
Ca Mau,2008-02-05,2008,2,5,0.0
Ca Mau,2008-02-06,2008,2,6,0.0
Ca Mau,2008-02-07,2008,2,7,0.0
Ca Mau,2008-02-08,2008,2,8,0.0
Ca Mau,2008-02-09,2008,2,9,0.0
Ca Mau,2008-02-10,2008,2,10,0.0
Ca Mau,2008-02-11,2008,2,11,1.5195312413838589
Ca Mau,2008-02-12,2008,2,12,0.5670344324246447
Ca Mau,2008-02-13,2008,2,13,0.0
Ca Mau,2008-02-14,2008,2,14,0.0
Ca Mau,2008-02-15,2008,2,15,0.0
Ca Mau,2008-02-16,2008,2,16,1.5815243632909917
Ca Mau,2008-02-17,2008,2,17,1.0965814382939216
Ca Mau,2008-02-18,2008,2,18,0.0138797724220852
Ca Mau,2008-02-19,2008,2,19,0.0
Ca Mau,2008-02-20,2008,2,20,0.2716023496452364
Ca Mau,2008-02-21,2008,2,21,0.0
Ca Mau,2008-02-22,2008,2,22,0.089786085389113
Ca Mau,2008-02-23,2008,2,23,0.0902704989183987
Ca Mau,2008-02-24,2008,2,24,0.0
Ca Mau,2008-02-25,2008,2,25,0.0
Ca Mau,2008-02-26,2008,2,26,0.1294785775514511
Ca Mau,2008-02-27,2008,2,27,0.9628338880539664
Ca Mau,2008-02-28,2008,2,28,3.167935013953494
Ca Mau,2008-02-29,2008,2,29,0.0
Ca Mau,2008-03-01,2008,3,1,0.0
Ca Mau,2008-03-02,2008,3,2,0.0
Ca Mau,2008-03-03,2008,3,3,0.0
Ca Mau,2008-03-04,2008,3,4,0.4710042459176272
Ca Mau,2008-03-05,2008,3,5,0.4627455354655814
Ca Mau,2008-03-06,2008,3,6,0.0770954497005371
Ca Mau,2008-03-07,2008,3,7,3.359609271637295
Ca Mau,2008-03-08,2008,3,8,0.2898547659113445
Ca Mau,2008-03-09,2008,3,9,0.0
Ca Mau,2008-03-10,2008,3,10,0.0
Ca Mau,2008-03-11,2008,3,11,0.0
Ca Mau,2008-03-12,2008,3,12,0.0
Ca Mau,2008-03-13,2008,3,13,0.0
Ca Mau,2008-03-14,2008,3,14,0.0
Ca Mau,2008-03-15,2008,3,15,0.0
Ca Mau,2008-03-16,2008,3,16,0.0
Ca Mau,2008-03-17,2008,3,17,0.0
Ca Mau,2008-03-18,2008,3,18,0.0
Ca Mau,2008-03-19,2008,3,19,0.0
Ca Mau,2008-03-20,2008,3,20,2.826577253937001
Ca Mau,2008-03-21,2008,3,21,0.2161540825915452
Ca Mau,2008-03-22,2008,3,22,0.1053364512475687
Ca Mau,2008-03-23,2008,3,23,0.0
Ca Mau,2008-03-24,2008,3,24,0.0
Ca Mau,2008-03-25,2008,3,25,0.0
Ca Mau,2008-03-26,2008,3,26,0.0
Ca Mau,2008-03-27,2008,3,27,0.0
Ca Mau,2008-03-28,2008,3,28,0.0
Ca Mau,2008-03-29,2008,3,29,0.0
Ca Mau,2008-03-30,2008,3,30,0.0
Ca Mau,2008-03-31,2008,3,31,0.0
Ca Mau,2008-04-01,2008,4,1,0.0
Ca Mau,2008-04-02,2008,4,2,1.3760950146727222
Ca Mau,2008-04-03,2008,4,3,0.0
Ca Mau,2008-04-04,2008,4,4,0.0
Ca Mau,2008-04-05,2008,4,5,0.3677688141408611
Ca Mau,2008-04-06,2008,4,6,0.4241162794929319
Ca Mau,2008-04-07,2008,4,7,0.0
Ca Mau,2008-04-08,2008,4,8,0.0
Ca Mau,2008-04-09,2008,4,9,0.0
Ca Mau,2008-04-10,2008,4,10,0.0
Ca Mau,2008-04-11,2008,4,11,0.0
Ca Mau,2008-04-12,2008,4,12,0.0
Ca Mau,2008-04-13,2008,4,13,0.0
Ca Mau,2008-04-14,2008,4,14,0.6286914756176983
Ca Mau,2008-04-15,2008,4,15,2.596786574511244
Ca Mau,2008-04-16,2008,4,16,5.299125833168825
Ca Mau,2008-04-17,2008,4,17,5.821336222197659
Ca Mau,2008-04-18,2008,4,18,3.3237128229800543
Ca Mau,2008-04-19,2008,4,19,0.0
Ca Mau,2008-04-20,2008,4,20,1.0634856194284767
Ca Mau,2008-04-21,2008,4,21,0.0067285528133973
Ca Mau,2008-04-22,2008,4,22,0.0
Ca Mau,2008-04-23,2008,4,23,2.824699379742471
Ca Mau,2008-04-24,2008,4,24,6.405190830768743
Ca Mau,2008-04-25,2008,4,25,18.857454638869623
Ca Mau,2008-04-26,2008,4,26,0.4307493094665686
Ca Mau,2008-04-27,2008,4,27,10.655805898413623
Ca Mau,2008-04-28,2008,4,28,29.85346901856428
Ca Mau,2008-04-29,2008,4,29,27.385257677144708
Ca Mau,2008-04-30,2008,4,30,6.44413106606546
Ca Mau,2008-05-01,2008,5,1,4.697957613105643
Ca Mau,2008-05-02,2008,5,2,24.22285564186134
Ca Mau,2008-05-03,2008,5,3,14.905666800488374
Ca Mau,2008-05-04,2008,5,4,0.0004993188842464389
Ca Mau,2008-05-05,2008,5,5,3.0441808614433907
Ca Mau,2008-05-06,2008,5,6,13.842636461710924
Ca Mau,2008-05-07,2008,5,7,6.247602626028166
Ca Mau,2008-05-08,2008,5,8,7.038217169774343
Ca Mau,2008-05-09,2008,5,9,1.315375970660776
Ca Mau,2008-05-10,2008,5,10,11.85965134789931
Ca Mau,2008-05-11,2008,5,11,32.22308131571332
Ca Mau,2008-05-12,2008,5,12,22.099404202371016
Ca Mau,2008-05-13,2008,5,13,20.158206851119157
Ca Mau,2008-05-14,2008,5,14,9.9148912377106
Ca Mau,2008-05-15,2008,5,15,2.697776670836841
Ca Mau,2008-05-16,2008,5,16,12.135103606597552
Ca Mau,2008-05-17,2008,5,17,2.3752998250211177
Ca Mau,2008-05-18,2008,5,18,6.759812018035621
Ca Mau,2008-05-19,2008,5,19,7.642012552796282
Ca Mau,2008-05-20,2008,5,20,3.741725465609381
Ca Mau,2008-05-21,2008,5,21,3.6725547898993214
Ca Mau,2008-05-22,2008,5,22,3.006835784972562
Ca Mau,2008-05-23,2008,5,23,1.033983417715711
Ca Mau,2008-05-24,2008,5,24,2.885687477481266
Ca Mau,2008-05-25,2008,5,25,2.876372290678332
Ca Mau,2008-05-26,2008,5,26,0.0165219103068365
Ca Mau,2008-05-27,2008,5,27,1.8227845243073584
Ca Mau,2008-05-28,2008,5,28,9.265177770286911
Ca Mau,2008-05-29,2008,5,29,8.742466602771758
Ca Mau,2008-05-30,2008,5,30,0.0001991679114903332
Ca Mau,2008-05-31,2008,5,31,3.2127820332382604
Ca Mau,2008-06-01,2008,6,1,4.9962884710027335
Ca Mau,2008-06-02,2008,6,2,1.7672895116837388
Ca Mau,2008-06-03,2008,6,3,0.9531303543863232
Ca Mau,2008-06-04,2008,6,4,4.854585108488007
Ca Mau,2008-06-05,2008,6,5,1.7627754792471972
Ca Mau,2008-06-06,2008,6,6,0.602793311112377
Ca Mau,2008-06-07,2008,6,7,2.713434120439706
Ca Mau,2008-06-08,2008,6,8,19.77894664774712
Ca Mau,2008-06-09,2008,6,9,26.543654301173387
Ca Mau,2008-06-10,2008,6,10,25.019046380206
Ca Mau,2008-06-11,2008,6,11,42.76983380879862
Ca Mau,2008-06-12,2008,6,12,33.77131704082476
Ca Mau,2008-06-13,2008,6,13,9.615366581462531
Ca Mau,2008-06-14,2008,6,14,12.610855868849752
Ca Mau,2008-06-15,2008,6,15,0.3207657737916443
Ca Mau,2008-06-16,2008,6,16,1.6973404957064877
Ca Mau,2008-06-17,2008,6,17,5.319416721226445
Ca Mau,2008-06-18,2008,6,18,3.755760964548988
Ca Mau,2008-06-19,2008,6,19,0.0
Ca Mau,2008-06-20,2008,6,20,0.0129137176529311
Ca Mau,2008-06-21,2008,6,21,13.487244263985067
Ca Mau,2008-06-22,2008,6,22,6.354127496471937
Ca Mau,2008-06-23,2008,6,23,15.096816439357251
Ca Mau,2008-06-24,2008,6,24,27.551474274745384
Ca Mau,2008-06-25,2008,6,25,29.83117973727897
Ca Mau,2008-06-26,2008,6,26,0.0003485117634666011
Ca Mau,2008-06-27,2008,6,27,1.5894007572302875
Ca Mau,2008-06-28,2008,6,28,2.0383213801622544
Ca Mau,2008-06-29,2008,6,29,0.00029271751858447176
Ca Mau,2008-06-30,2008,6,30,10.96924198935982
Ca Mau,2008-07-01,2008,7,1,18.711178981524505
Ca Mau,2008-07-02,2008,7,2,4.315175478856791
Ca Mau,2008-07-03,2008,7,3,2.3931697004147
Ca Mau,2008-07-04,2008,7,4,11.864566521203324
Ca Mau,2008-07-05,2008,7,5,7.211271901715192
Ca Mau,2008-07-06,2008,7,6,10.051152388519071
Ca Mau,2008-07-07,2008,7,7,23.175813524140352
Ca Mau,2008-07-08,2008,7,8,11.820932769708728
Ca Mau,2008-07-09,2008,7,9,0.2935382232988905
Ca Mau,2008-07-10,2008,7,10,1.3622406950578585
Ca Mau,2008-07-11,2008,7,11,0.0096418500169571
Ca Mau,2008-07-12,2008,7,12,0.4014070803229727
Ca Mau,2008-07-13,2008,7,13,0.7833813238470055
Ca Mau,2008-07-14,2008,7,14,0.0
Ca Mau,2008-07-15,2008,7,15,0.00029638574482307765
Ca Mau,2008-07-16,2008,7,16,0.2299195129600013
Ca Mau,2008-07-17,2008,7,17,3.1610488413485123
Ca Mau,2008-07-18,2008,7,18,4.034728070020569
Ca Mau,2008-07-19,2008,7,19,1.8638927699522791
Ca Mau,2008-07-20,2008,7,20,0.9300686558877476
Ca Mau,2008-07-21,2008,7,21,7.756695829151696
Ca Mau,2008-07-22,2008,7,22,21.598050009788103
Ca Mau,2008-07-23,2008,7,23,17.08595564274936
Ca Mau,2008-07-24,2008,7,24,19.51811987245423
Ca Mau,2008-07-25,2008,7,25,10.957427507480377
Ca Mau,2008-07-26,2008,7,26,3.007679295898422
Ca Mau,2008-07-27,2008,7,27,24.57280888887711
Ca Mau,2008-07-28,2008,7,28,4.025751869166059
Ca Mau,2008-07-29,2008,7,29,6.473972760735503
Ca Mau,2008-07-30,2008,7,30,9.935945829626586
Ca Mau,2008-07-31,2008,7,31,32.54047482966151
Ca Mau,2008-08-01,2008,8,1,13.906772986558943
Ca Mau,2008-08-02,2008,8,2,0.2194681453193114
Ca Mau,2008-08-03,2008,8,3,20.272654648397264
Ca Mau,2008-08-04,2008,8,4,6.502747386090344
Ca Mau,2008-08-05,2008,8,5,12.264352058178718
Ca Mau,2008-08-06,2008,8,6,31.170954917441563
Ca Mau,2008-08-07,2008,8,7,12.27979373039077
Ca Mau,2008-08-08,2008,8,8,3.173083656292946
Ca Mau,2008-08-09,2008,8,9,0.0
Ca Mau,2008-08-10,2008,8,10,0.981157321473888
Ca Mau,2008-08-11,2008,8,11,10.756040932725506
Ca Mau,2008-08-12,2008,8,12,14.602084166995349
Ca Mau,2008-08-13,2008,8,13,0.067047754133699
Ca Mau,2008-08-14,2008,8,14,5.501458212517051
Ca Mau,2008-08-15,2008,8,15,6.473457251766648
Ca Mau,2008-08-16,2008,8,16,8.282253287124483
Ca Mau,2008-08-17,2008,8,17,4.31150654973654
Ca Mau,2008-08-18,2008,8,18,12.209187632045987
Ca Mau,2008-08-19,2008,8,19,3.257895887132281
Ca Mau,2008-08-20,2008,8,20,9.261286300914463
Ca Mau,2008-08-21,2008,8,21,3.67111677736801
Ca Mau,2008-08-22,2008,8,22,1.5051987794652462
Ca Mau,2008-08-23,2008,8,23,4.87847159013711
Ca Mau,2008-08-24,2008,8,24,13.875959212079811
Ca Mau,2008-08-25,2008,8,25,4.5523848210696825
Ca Mau,2008-08-26,2008,8,26,2.966485675618036
Ca Mau,2008-08-27,2008,8,27,1.8449440153660277
Ca Mau,2008-08-28,2008,8,28,0.7901828878681926
Ca Mau,2008-08-29,2008,8,29,0.4055880826854001
Ca Mau,2008-08-30,2008,8,30,2.813654540568375
Ca Mau,2008-08-31,2008,8,31,5.873727506222576
Ca Mau,2008-09-01,2008,9,1,5.867716076215134
Ca Mau,2008-09-02,2008,9,2,1.0523934936851376
Ca Mau,2008-09-03,2008,9,3,2.125344639182308
Ca Mau,2008-09-04,2008,9,4,13.234596647678046
Ca Mau,2008-09-05,2008,9,5,15.753429893737586
Ca Mau,2008-09-06,2008,9,6,30.080160778209564
Ca Mau,2008-09-07,2008,9,7,15.87490750565459
Ca Mau,2008-09-08,2008,9,8,32.07610301935581
Ca Mau,2008-09-09,2008,9,9,32.80981155174101
Ca Mau,2008-09-10,2008,9,10,15.961372348604934
Ca Mau,2008-09-11,2008,9,11,6.29818148108283
Ca Mau,2008-09-12,2008,9,12,1.6675441806737292
Ca Mau,2008-09-13,2008,9,13,12.21997104068044
Ca Mau,2008-09-14,2008,9,14,23.36407351695642
Ca Mau,2008-09-15,2008,9,15,31.12628894905588
Ca Mau,2008-09-16,2008,9,16,22.39768826244388
Ca Mau,2008-09-17,2008,9,17,4.178798195249443
Ca Mau,2008-09-18,2008,9,18,12.750418943417191
Ca Mau,2008-09-19,2008,9,19,1.8424223308353505
Ca Mau,2008-09-20,2008,9,20,9.020668028767124
Ca Mau,2008-09-21,2008,9,21,0.0
Ca Mau,2008-09-22,2008,9,22,0.0
Ca Mau,2008-09-23,2008,9,23,6.873390281177661
Ca Mau,2008-09-24,2008,9,24,2.4532137789550674
Ca Mau,2008-09-25,2008,9,25,2.3756875250952505
Ca Mau,2008-09-26,2008,9,26,0.1994579357186281
Ca Mau,2008-09-27,2008,9,27,18.83395816707374
Ca Mau,2008-09-28,2008,9,28,33.748498923490985
Ca Mau,2008-09-29,2008,9,29,25.45384366870685
Ca Mau,2008-09-30,2008,9,30,11.451340170894747
Ca Mau,2008-10-01,2008,10,1,1.0295510603770384
Ca Mau,2008-10-02,2008,10,2,10.606170757397775
Ca Mau,2008-10-03,2008,10,3,3.472165540986872
Ca Mau,2008-10-04,2008,10,4,3.031131936730469
Ca Mau,2008-10-05,2008,10,5,0.9463531424752027
Ca Mau,2008-10-06,2008,10,6,3.4819948304097714
Ca Mau,2008-10-07,2008,10,7,5.2063765118873855
Ca Mau,2008-10-08,2008,10,8,7.1619047873812285
Ca Mau,2008-10-09,2008,10,9,20.855664518942213
Ca Mau,2008-10-10,2008,10,10,20.657607466180647
Ca Mau,2008-10-11,2008,10,11,3.308190030236128
Ca Mau,2008-10-12,2008,10,12,10.59794042318015
Ca Mau,2008-10-13,2008,10,13,1.06746576036785
Ca Mau,2008-10-14,2008,10,14,1.612504581252999
Ca Mau,2008-10-15,2008,10,15,2.6078656520807115
Ca Mau,2008-10-16,2008,10,16,14.533065586318209
Ca Mau,2008-10-17,2008,10,17,3.3837745318587937
Ca Mau,2008-10-18,2008,10,18,3.553336470760631
Ca Mau,2008-10-19,2008,10,19,0.7147659481815015
Ca Mau,2008-10-20,2008,10,20,11.909332868319908
Ca Mau,2008-10-21,2008,10,21,23.596119633563852
Ca Mau,2008-10-22,2008,10,22,6.003825265855643
Ca Mau,2008-10-23,2008,10,23,36.38771113288448
Ca Mau,2008-10-24,2008,10,24,40.67107193728744
Ca Mau,2008-10-25,2008,10,25,2.925738056128376
Ca Mau,2008-10-26,2008,10,26,2.4565913176936576
Ca Mau,2008-10-27,2008,10,27,22.987927093750567
Ca Mau,2008-10-28,2008,10,28,16.105902310312157
Ca Mau,2008-10-29,2008,10,29,2.3628094827727018
Ca Mau,2008-10-30,2008,10,30,11.814282240762752
Ca Mau,2008-10-31,2008,10,31,15.147071518607554
Ca Mau,2008-11-01,2008,11,1,11.364877975774435
Ca Mau,2008-11-02,2008,11,2,7.351833733089243
Ca Mau,2008-11-03,2008,11,3,13.022507537232926
Ca Mau,2008-11-04,2008,11,4,1.5967769956186946
Ca Mau,2008-11-05,2008,11,5,8.26818738989938
Ca Mau,2008-11-06,2008,11,6,7.38052428741247
Ca Mau,2008-11-07,2008,11,7,13.007857256637664
Ca Mau,2008-11-08,2008,11,8,23.24068103620768
Ca Mau,2008-11-09,2008,11,9,20.896737095810924
Ca Mau,2008-11-10,2008,11,10,18.032881775350653
Ca Mau,2008-11-11,2008,11,11,1.8295616855329089
Ca Mau,2008-11-12,2008,11,12,0.0
Ca Mau,2008-11-13,2008,11,13,0.0345107864593003
Ca Mau,2008-11-14,2008,11,14,0.0
Ca Mau,2008-11-15,2008,11,15,3.6911992789747297
Ca Mau,2008-11-16,2008,11,16,0.1545328346307434
Ca Mau,2008-11-17,2008,11,17,0.6356282188560469
Ca Mau,2008-11-18,2008,11,18,0.0003708941274139009
Ca Mau,2008-11-19,2008,11,19,0.0696601058292273
Ca Mau,2008-11-20,2008,11,20,0.779565859518432
Ca Mau,2008-11-21,2008,11,21,10.268881116093938
Ca Mau,2008-11-22,2008,11,22,7.650216502408887
Ca Mau,2008-11-23,2008,11,23,1.0965825241090603
Ca Mau,2008-11-24,2008,11,24,0.1816097146582575
Ca Mau,2008-11-25,2008,11,25,2.21877080339943
Ca Mau,2008-11-26,2008,11,26,0.0092213845923272
Ca Mau,2008-11-27,2008,11,27,4.321604006303231
Ca Mau,2008-11-28,2008,11,28,4.706755864599489
Ca Mau,2008-11-29,2008,11,29,0.0001984720479836632
Ca Mau,2008-11-30,2008,11,30,0.0
Ca Mau,2008-12-01,2008,12,1,0.0
Ca Mau,2008-12-02,2008,12,2,1.2350409705836012
Ca Mau,2008-12-03,2008,12,3,0.5036754672299563
Ca Mau,2008-12-04,2008,12,4,0.1529184725167097
Ca Mau,2008-12-05,2008,12,5,9.419690690195909
Ca Mau,2008-12-06,2008,12,6,1.7679478795692205
Ca Mau,2008-12-07,2008,12,7,0.0705240660965298
Ca Mau,2008-12-08,2008,12,8,0.4455367073083372
Ca Mau,2008-12-09,2008,12,9,5.435889792309888
Ca Mau,2008-12-10,2008,12,10,0.2027328140412018
Ca Mau,2008-12-11,2008,12,11,6.697671382596771
Ca Mau,2008-12-12,2008,12,12,0.0
Ca Mau,2008-12-13,2008,12,13,1.5966319909866593
Ca Mau,2008-12-14,2008,12,14,0.2398628407758194
Ca Mau,2008-12-15,2008,12,15,0.0
Ca Mau,2008-12-16,2008,12,16,0.1569736791502103
Ca Mau,2008-12-17,2008,12,17,0.7899080327472133
Ca Mau,2008-12-18,2008,12,18,0.0
Ca Mau,2008-12-19,2008,12,19,0.0
Ca Mau,2008-12-20,2008,12,20,0.4102579953673747
Ca Mau,2008-12-21,2008,12,21,0.0319366602332949
Ca Mau,2008-12-22,2008,12,22,0.0
Ca Mau,2008-12-23,2008,12,23,0.0
Ca Mau,2008-12-24,2008,12,24,6.2252440447845885
Ca Mau,2008-12-25,2008,12,25,0.0840598698142362
Ca Mau,2008-12-26,2008,12,26,16.03592716729519
Ca Mau,2008-12-27,2008,12,27,4.31154270551225
Ca Mau,2008-12-28,2008,12,28,0.8116632876996553
Ca Mau,2008-12-29,2008,12,29,4.014212647644397
Ca Mau,2008-12-30,2008,12,30,13.905823318447643
Ca Mau,2008-12-31,2008,12,31,1.4282801752096947
Ca Mau,2009-01-01,2009,1,1,0.1024749094311783
Ca Mau,2009-01-02,2009,1,2,0.0231947604062299
Ca Mau,2009-01-03,2009,1,3,3.842653383947955
Ca Mau,2009-01-04,2009,1,4,1.71379589797769
Ca Mau,2009-01-05,2009,1,5,0.0
Ca Mau,2009-01-06,2009,1,6,0.0
Ca Mau,2009-01-07,2009,1,7,0.024891645799615
Ca Mau,2009-01-08,2009,1,8,1.6646173327188254
Ca Mau,2009-01-09,2009,1,9,4.070761142555343
Ca Mau,2009-01-10,2009,1,10,2.738124244975912
Ca Mau,2009-01-11,2009,1,11,0.0248357434368533
Ca Mau,2009-01-12,2009,1,12,0.0718020875470886
Ca Mau,2009-01-13,2009,1,13,0.0
Ca Mau,2009-01-14,2009,1,14,0.0
Ca Mau,2009-01-15,2009,1,15,0.0
Ca Mau,2009-01-16,2009,1,16,0.0
Ca Mau,2009-01-17,2009,1,17,0.0
Ca Mau,2009-01-18,2009,1,18,0.0
Ca Mau,2009-01-19,2009,1,19,0.0
Ca Mau,2009-01-20,2009,1,20,0.0
Ca Mau,2009-01-21,2009,1,21,0.0
Ca Mau,2009-01-22,2009,1,22,0.0
Ca Mau,2009-01-23,2009,1,23,0.0
Ca Mau,2009-01-24,2009,1,24,0.0
Ca Mau,2009-01-25,2009,1,25,0.0
Ca Mau,2009-01-26,2009,1,26,0.0
Ca Mau,2009-01-27,2009,1,27,0.0
Ca Mau,2009-01-28,2009,1,28,0.0
Ca Mau,2009-01-29,2009,1,29,0.0
Ca Mau,2009-01-30,2009,1,30,0.8952119669842086
Ca Mau,2009-01-31,2009,1,31,0.0
Ca Mau,2009-02-01,2009,2,1,5.092658494487676
Ca Mau,2009-02-02,2009,2,2,0.4325281015429489
Ca Mau,2009-02-03,2009,2,3,0.0
Ca Mau,2009-02-04,2009,2,4,0.0
Ca Mau,2009-02-05,2009,2,5,0.0
Ca Mau,2009-02-06,2009,2,6,0.0
Ca Mau,2009-02-07,2009,2,7,0.0
Ca Mau,2009-02-08,2009,2,8,0.1022895622932033
Ca Mau,2009-02-09,2009,2,9,0.0
Ca Mau,2009-02-10,2009,2,10,0.0901263462426873
Ca Mau,2009-02-11,2009,2,11,1.008797514960711
Ca Mau,2009-02-12,2009,2,12,0.5289912331880872
Ca Mau,2009-02-13,2009,2,13,0.0
Ca Mau,2009-02-14,2009,2,14,0.0
Ca Mau,2009-02-15,2009,2,15,1.1942992174621798
Ca Mau,2009-02-16,2009,2,16,0.0924798084080597
Ca Mau,2009-02-17,2009,2,17,0.0
Ca Mau,2009-02-18,2009,2,18,0.0
Ca Mau,2009-02-19,2009,2,19,0.0
Ca Mau,2009-02-20,2009,2,20,0.0069456049550815
Ca Mau,2009-02-21,2009,2,21,0.0244516540462874
Ca Mau,2009-02-22,2009,2,22,0.050209079077411
Ca Mau,2009-02-23,2009,2,23,1.0413866043147133
Ca Mau,2009-02-24,2009,2,24,0.0
Ca Mau,2009-02-25,2009,2,25,0.0
Ca Mau,2009-02-26,2009,2,26,0.1101001600882415
Ca Mau,2009-02-27,2009,2,27,2.28263577126291
Ca Mau,2009-02-28,2009,2,28,1.5036067939414104
Ca Mau,2009-03-01,2009,3,1,0.6885632677510509
Ca Mau,2009-03-02,2009,3,2,0.0
Ca Mau,2009-03-03,2009,3,3,0.0
Ca Mau,2009-03-04,2009,3,4,0.0173542610354982
Ca Mau,2009-03-05,2009,3,5,0.9238088956190572
Ca Mau,2009-03-06,2009,3,6,0.0064744185363511
Ca Mau,2009-03-07,2009,3,7,0.027679041787045
Ca Mau,2009-03-08,2009,3,8,0.00024197728090447708
Ca Mau,2009-03-09,2009,3,9,0.0003714241096445844
Ca Mau,2009-03-10,2009,3,10,0.0
Ca Mau,2009-03-11,2009,3,11,0.0
Ca Mau,2009-03-12,2009,3,12,0.0
Ca Mau,2009-03-13,2009,3,13,0.00022978995990868495
Ca Mau,2009-03-14,2009,3,14,1.27684398837829
Ca Mau,2009-03-15,2009,3,15,0.0003187409461337394
Ca Mau,2009-03-16,2009,3,16,0.520885354788589
Ca Mau,2009-03-17,2009,3,17,0.0
Ca Mau,2009-03-18,2009,3,18,0.0002462733829756603
Ca Mau,2009-03-19,2009,3,19,0.0
Ca Mau,2009-03-20,2009,3,20,0.1713374167446503
Ca Mau,2009-03-21,2009,3,21,0.0385070127517237
Ca Mau,2009-03-22,2009,3,22,0.00615601356005
Ca Mau,2009-03-23,2009,3,23,0.2039456700876878
Ca Mau,2009-03-24,2009,3,24,0.6127402010962747
Ca Mau,2009-03-25,2009,3,25,0.1518706101946704
Ca Mau,2009-03-26,2009,3,26,0.0
Ca Mau,2009-03-27,2009,3,27,0.0
Ca Mau,2009-03-28,2009,3,28,3.2215300722063467
Ca Mau,2009-03-29,2009,3,29,0.0
Ca Mau,2009-03-30,2009,3,30,1.787539775139836
Ca Mau,2009-03-31,2009,3,31,13.442178697240838
Ca Mau,2009-04-01,2009,4,1,9.459433445231737
Ca Mau,2009-04-02,2009,4,2,2.0818192519815115
Ca Mau,2009-04-03,2009,4,3,2.450232984401296
Ca Mau,2009-04-04,2009,4,4,0.4483096643183225
Ca Mau,2009-04-05,2009,4,5,7.305682612833047
Ca Mau,2009-04-06,2009,4,6,21.527329411713517
Ca Mau,2009-04-07,2009,4,7,3.9850215046084343
Ca Mau,2009-04-08,2009,4,8,22.71271226835744
Ca Mau,2009-04-09,2009,4,9,5.020032597316079
Ca Mau,2009-04-10,2009,4,10,0.4652368313618267
Ca Mau,2009-04-11,2009,4,11,2.5962087610982
Ca Mau,2009-04-12,2009,4,12,4.100358727828409
Ca Mau,2009-04-13,2009,4,13,4.788354338228958
Ca Mau,2009-04-14,2009,4,14,0.0
Ca Mau,2009-04-15,2009,4,15,11.329865646162306
Ca Mau,2009-04-16,2009,4,16,0.8602135621457214
Ca Mau,2009-04-17,2009,4,17,0.0
Ca Mau,2009-04-18,2009,4,18,0.0
Ca Mau,2009-04-19,2009,4,19,0.0
Ca Mau,2009-04-20,2009,4,20,2.6188477204601317
Ca Mau,2009-04-21,2009,4,21,12.56375729343533
Ca Mau,2009-04-22,2009,4,22,0.7394191211825993
Ca Mau,2009-04-23,2009,4,23,0.0
Ca Mau,2009-04-24,2009,4,24,1.2293531974054597
Ca Mau,2009-04-25,2009,4,25,13.446989810641549
Ca Mau,2009-04-26,2009,4,26,11.700038129024607
Ca Mau,2009-04-27,2009,4,27,3.850983773025955
Ca Mau,2009-04-28,2009,4,28,0.0
Ca Mau,2009-04-29,2009,4,29,0.5142954845553516
Ca Mau,2009-04-30,2009,4,30,2.059506315638863
Ca Mau,2009-05-01,2009,5,1,9.432219389758494
Ca Mau,2009-05-02,2009,5,2,13.536665695213795
Ca Mau,2009-05-03,2009,5,3,5.269335338032775
Ca Mau,2009-05-04,2009,5,4,4.518304659952348
Ca Mau,2009-05-05,2009,5,5,7.129310512124701
Ca Mau,2009-05-06,2009,5,6,11.569080046606686
Ca Mau,2009-05-07,2009,5,7,18.72702353106229
Ca Mau,2009-05-08,2009,5,8,17.583906672723778
Ca Mau,2009-05-09,2009,5,9,21.96427936212328
Ca Mau,2009-05-10,2009,5,10,17.23448083935331
Ca Mau,2009-05-11,2009,5,11,13.91606692913943
Ca Mau,2009-05-12,2009,5,12,8.830813536111902
Ca Mau,2009-05-13,2009,5,13,7.009896180645411
Ca Mau,2009-05-14,2009,5,14,9.93640096220746
Ca Mau,2009-05-15,2009,5,15,9.079688166224258
Ca Mau,2009-05-16,2009,5,16,3.1387630542593845
Ca Mau,2009-05-17,2009,5,17,0.8653349484009569
Ca Mau,2009-05-18,2009,5,18,0.2091241560002481
Ca Mau,2009-05-19,2009,5,19,8.279795045999334
Ca Mau,2009-05-20,2009,5,20,9.539793381203944
Ca Mau,2009-05-21,2009,5,21,7.882995492192003
Ca Mau,2009-05-22,2009,5,22,6.646250710670612
Ca Mau,2009-05-23,2009,5,23,0.0133858812700376
Ca Mau,2009-05-24,2009,5,24,0.2190363893990362
Ca Mau,2009-05-25,2009,5,25,9.091596590483425
Ca Mau,2009-05-26,2009,5,26,8.507293561980259
Ca Mau,2009-05-27,2009,5,27,13.251313218804125
Ca Mau,2009-05-28,2009,5,28,15.791397915263426
Ca Mau,2009-05-29,2009,5,29,2.4130709140754103
Ca Mau,2009-05-30,2009,5,30,4.974616706578521
Ca Mau,2009-05-31,2009,5,31,18.251006332083083
Ca Mau,2009-06-01,2009,6,1,16.27097140793141
Ca Mau,2009-06-02,2009,6,2,18.39147056277027
Ca Mau,2009-06-03,2009,6,3,22.09650555024196
Ca Mau,2009-06-04,2009,6,4,11.646827389379151
Ca Mau,2009-06-05,2009,6,5,1.2699326625704197
Ca Mau,2009-06-06,2009,6,6,3.166020721583398
Ca Mau,2009-06-07,2009,6,7,0.0
Ca Mau,2009-06-08,2009,6,8,0.0
Ca Mau,2009-06-09,2009,6,9,5.372301319723291
Ca Mau,2009-06-10,2009,6,10,3.125478153752149
Ca Mau,2009-06-11,2009,6,11,0.9329876686292092
Ca Mau,2009-06-12,2009,6,12,0.0
Ca Mau,2009-06-13,2009,6,13,0.0
Ca Mau,2009-06-14,2009,6,14,3.6551331602433375
Ca Mau,2009-06-15,2009,6,15,17.596350287800114
Ca Mau,2009-06-16,2009,6,16,18.765711010502432
Ca Mau,2009-06-17,2009,6,17,3.177291724776812
Ca Mau,2009-06-18,2009,6,18,5.248460609447822
Ca Mau,2009-06-19,2009,6,19,11.34137559728979
Ca Mau,2009-06-20,2009,6,20,5.443719353337642
Ca Mau,2009-06-21,2009,6,21,4.410131660363264
Ca Mau,2009-06-22,2009,6,22,4.990225043846015
Ca Mau,2009-06-23,2009,6,23,0.0
Ca Mau,2009-06-24,2009,6,24,0.0
Ca Mau,2009-06-25,2009,6,25,0.0
Ca Mau,2009-06-26,2009,6,26,5.779814016649405
Ca Mau,2009-06-27,2009,6,27,1.4430432213783413
Ca Mau,2009-06-28,2009,6,28,2.1934176697727965
Ca Mau,2009-06-29,2009,6,29,2.577171162390202
Ca Mau,2009-06-30,2009,6,30,1.9328610674819344
Ca Mau,2009-07-01,2009,7,1,15.219000788398787
Ca Mau,2009-07-02,2009,7,2,7.360310066320195
Ca Mau,2009-07-03,2009,7,3,1.0905506623573291
Ca Mau,2009-07-04,2009,7,4,7.7405903091588915
Ca Mau,2009-07-05,2009,7,5,7.293505390130772
Ca Mau,2009-07-06,2009,7,6,9.25139582464348
Ca Mau,2009-07-07,2009,7,7,1.076672101638842
Ca Mau,2009-07-08,2009,7,8,3.44845665428684
Ca Mau,2009-07-09,2009,7,9,2.5062713044343083
Ca Mau,2009-07-10,2009,7,10,5.159101458565936
Ca Mau,2009-07-11,2009,7,11,22.366566118902497
Ca Mau,2009-07-12,2009,7,12,34.47822580831587
Ca Mau,2009-07-13,2009,7,13,10.92928490377828
Ca Mau,2009-07-14,2009,7,14,19.49575100613909
Ca Mau,2009-07-15,2009,7,15,22.545680800491127
Ca Mau,2009-07-16,2009,7,16,28.744513231112283
Ca Mau,2009-07-17,2009,7,17,29.027985099257137
Ca Mau,2009-07-18,2009,7,18,5.725353015116007
Ca Mau,2009-07-19,2009,7,19,6.613862868060587
Ca Mau,2009-07-20,2009,7,20,23.412956976220293
Ca Mau,2009-07-21,2009,7,21,22.31412675206471
Ca Mau,2009-07-22,2009,7,22,14.63157298100579
Ca Mau,2009-07-23,2009,7,23,2.148092595020258
Ca Mau,2009-07-24,2009,7,24,0.8178988375769709
Ca Mau,2009-07-25,2009,7,25,5.137641503893408
Ca Mau,2009-07-26,2009,7,26,4.28126724877878
Ca Mau,2009-07-27,2009,7,27,1.8066308336577943
Ca Mau,2009-07-28,2009,7,28,5.642575688912404
Ca Mau,2009-07-29,2009,7,29,0.1646671785354759
Ca Mau,2009-07-30,2009,7,30,0.3620819859702182
Ca Mau,2009-07-31,2009,7,31,7.145641806876645
Ca Mau,2009-08-01,2009,8,1,0.0
Ca Mau,2009-08-02,2009,8,2,5.010459488958229
Ca Mau,2009-08-03,2009,8,3,15.269525778345864
Ca Mau,2009-08-04,2009,8,4,6.171766644427065
Ca Mau,2009-08-05,2009,8,5,4.460872255490944
Ca Mau,2009-08-06,2009,8,6,0.2122798253846284
Ca Mau,2009-08-07,2009,8,7,14.269767394908763
Ca Mau,2009-08-08,2009,8,8,1.074836387887976
Ca Mau,2009-08-09,2009,8,9,0.9061667565368976
Ca Mau,2009-08-10,2009,8,10,4.272145437574446
Ca Mau,2009-08-11,2009,8,11,0.0002143414873526204
Ca Mau,2009-08-12,2009,8,12,0.9264535387998232
Ca Mau,2009-08-13,2009,8,13,2.49023449466538
Ca Mau,2009-08-14,2009,8,14,1.4890857473997792
Ca Mau,2009-08-15,2009,8,15,1.8298852205740472
Ca Mau,2009-08-16,2009,8,16,8.131927206333023
Ca Mau,2009-08-17,2009,8,17,6.140072741785608
Ca Mau,2009-08-18,2009,8,18,4.12855008017934
Ca Mau,2009-08-19,2009,8,19,2.8765534051168085
Ca Mau,2009-08-20,2009,8,20,14.002164148091554
Ca Mau,2009-08-21,2009,8,21,23.320740448880816
Ca Mau,2009-08-22,2009,8,22,16.121818999686667
Ca Mau,2009-08-23,2009,8,23,8.38401111933384
Ca Mau,2009-08-24,2009,8,24,2.674192249054201
Ca Mau,2009-08-25,2009,8,25,2.9221841074265065
Ca Mau,2009-08-26,2009,8,26,7.547668377705542
Ca Mau,2009-08-27,2009,8,27,4.1431833893655305
Ca Mau,2009-08-28,2009,8,28,2.577198313191048
Ca Mau,2009-08-29,2009,8,29,12.315803229043032
Ca Mau,2009-08-30,2009,8,30,4.365738197206155
Ca Mau,2009-08-31,2009,8,31,21.88221860132852
Ca Mau,2009-09-01,2009,9,1,39.880290934782224
Ca Mau,2009-09-02,2009,9,2,16.81880934740966
Ca Mau,2009-09-03,2009,9,3,4.3544715591306575
Ca Mau,2009-09-04,2009,9,4,10.448929614832284
Ca Mau,2009-09-05,2009,9,5,27.490482163796848
Ca Mau,2009-09-06,2009,9,6,36.123560876411
Ca Mau,2009-09-07,2009,9,7,47.019155731728766
Ca Mau,2009-09-08,2009,9,8,10.821163716909568
Ca Mau,2009-09-09,2009,9,9,26.98121319213002
Ca Mau,2009-09-10,2009,9,10,11.309726565301494
Ca Mau,2009-09-11,2009,9,11,0.862052458724708
Ca Mau,2009-09-12,2009,9,12,6.238905461201001
Ca Mau,2009-09-13,2009,9,13,9.483287684687
Ca Mau,2009-09-14,2009,9,14,12.968035606079551
Ca Mau,2009-09-15,2009,9,15,16.639102152344904
Ca Mau,2009-09-16,2009,9,16,17.254061183391066
Ca Mau,2009-09-17,2009,9,17,0.6208778899455808
Ca Mau,2009-09-18,2009,9,18,0.3206195084529027
Ca Mau,2009-09-19,2009,9,19,0.2287444012349938
Ca Mau,2009-09-20,2009,9,20,2.374592953979826
Ca Mau,2009-09-21,2009,9,21,1.3898175902700705
Ca Mau,2009-09-22,2009,9,22,9.101183610755458
Ca Mau,2009-09-23,2009,9,23,14.40113484322972
Ca Mau,2009-09-24,2009,9,24,15.97240154126248
Ca Mau,2009-09-25,2009,9,25,8.401766613400586
Ca Mau,2009-09-26,2009,9,26,4.769626207447004
Ca Mau,2009-09-27,2009,9,27,9.598852405020525
Ca Mau,2009-09-28,2009,9,28,10.533459083840452
Ca Mau,2009-09-29,2009,9,29,14.81076392626442
Ca Mau,2009-09-30,2009,9,30,16.40224052563833
Ca Mau,2009-10-01,2009,10,1,0.445917832799157
Ca Mau,2009-10-02,2009,10,2,11.008623287523172
Ca Mau,2009-10-03,2009,10,3,9.82644076240863
Ca Mau,2009-10-04,2009,10,4,15.77333887925928
Ca Mau,2009-10-05,2009,10,5,14.031189364166048
Ca Mau,2009-10-06,2009,10,6,21.47084738738484
Ca Mau,2009-10-07,2009,10,7,0.9786818346150556
Ca Mau,2009-10-08,2009,10,8,15.14088872563378
Ca Mau,2009-10-09,2009,10,9,7.842239659401213
Ca Mau,2009-10-10,2009,10,10,9.910705545225705
Ca Mau,2009-10-11,2009,10,11,0.1538689748137433
Ca Mau,2009-10-12,2009,10,12,0.0
Ca Mau,2009-10-13,2009,10,13,1.8612450418369957
Ca Mau,2009-10-14,2009,10,14,11.656332185615804
Ca Mau,2009-10-15,2009,10,15,2.6255724904957405
Ca Mau,2009-10-16,2009,10,16,9.1611268036518
Ca Mau,2009-10-17,2009,10,17,7.459702473998687
Ca Mau,2009-10-18,2009,10,18,5.101711402425352
Ca Mau,2009-10-19,2009,10,19,0.5176149467287864
Ca Mau,2009-10-20,2009,10,20,2.711612770908222
Ca Mau,2009-10-21,2009,10,21,0.7442582217208423
Ca Mau,2009-10-22,2009,10,22,0.566618476995462
Ca Mau,2009-10-23,2009,10,23,7.076499486438926
Ca Mau,2009-10-24,2009,10,24,18.67076529044448
Ca Mau,2009-10-25,2009,10,25,11.757601269346267
Ca Mau,2009-10-26,2009,10,26,17.626950081397293
Ca Mau,2009-10-27,2009,10,27,0.5787954155936785
Ca Mau,2009-10-28,2009,10,28,0.0
Ca Mau,2009-10-29,2009,10,29,0.0
Ca Mau,2009-10-30,2009,10,30,0.0
Ca Mau,2009-10-31,2009,10,31,0.0
Ca Mau,2009-11-01,2009,11,1,0.0184190929152224
Ca Mau,2009-11-02,2009,11,2,1.4125388293935863
Ca Mau,2009-11-03,2009,11,3,0.0004555333626457687
Ca Mau,2009-11-04,2009,11,4,0.0002372569822342538
Ca Mau,2009-11-05,2009,11,5,0.00047372313984360073
Ca Mau,2009-11-06,2009,11,6,8.790111384416473
Ca Mau,2009-11-07,2009,11,7,8.119625428468536
Ca Mau,2009-11-08,2009,11,8,0.00021840385561122005
Ca Mau,2009-11-09,2009,11,9,2.6642542200156263
Ca Mau,2009-11-10,2009,11,10,1.5388701044950988
Ca Mau,2009-11-11,2009,11,11,0.1316140800705484
Ca Mau,2009-11-12,2009,11,12,0.0
Ca Mau,2009-11-13,2009,11,13,1.9814144720468667
Ca Mau,2009-11-14,2009,11,14,0.2399618044279363
Ca Mau,2009-11-15,2009,11,15,10.497972205713696
Ca Mau,2009-11-16,2009,11,16,3.240896529742172
Ca Mau,2009-11-17,2009,11,17,3.8022653003377536
Ca Mau,2009-11-18,2009,11,18,0.0099324790857723
Ca Mau,2009-11-19,2009,11,19,1.97652179920796
Ca Mau,2009-11-20,2009,11,20,7.449594348885273
Ca Mau,2009-11-21,2009,11,21,3.1983998853132203
Ca Mau,2009-11-22,2009,11,22,3.9163094657409103
Ca Mau,2009-11-23,2009,11,23,11.600061155373671
Ca Mau,2009-11-24,2009,11,24,20.84635835676088
Ca Mau,2009-11-25,2009,11,25,5.47398059044885
Ca Mau,2009-11-26,2009,11,26,0.5063413352927391
Ca Mau,2009-11-27,2009,11,27,4.234215172469401
Ca Mau,2009-11-28,2009,11,28,0.9033608772266016
Ca Mau,2009-11-29,2009,11,29,0.7123279188283267
Ca Mau,2009-11-30,2009,11,30,0.0971937233305107
Ca Mau,2009-12-01,2009,12,1,0.4787895097391639
Ca Mau,2009-12-02,2009,12,2,0.6474577206239881
Ca Mau,2009-12-03,2009,12,3,0.0
Ca Mau,2009-12-04,2009,12,4,0.0048478113931064
Ca Mau,2009-12-05,2009,12,5,0.0
Ca Mau,2009-12-06,2009,12,6,0.0500979867314485
Ca Mau,2009-12-07,2009,12,7,0.0
Ca Mau,2009-12-08,2009,12,8,0.0
Ca Mau,2009-12-09,2009,12,9,0.0
Ca Mau,2009-12-10,2009,12,10,0.0
Ca Mau,2009-12-11,2009,12,11,0.0
Ca Mau,2009-12-12,2009,12,12,0.0
Ca Mau,2009-12-13,2009,12,13,0.0
Ca Mau,2009-12-14,2009,12,14,1.7457807139823496
Ca Mau,2009-12-15,2009,12,15,0.5136521058798992
Ca Mau,2009-12-16,2009,12,16,0.4499346080180957
Ca Mau,2009-12-17,2009,12,17,0.0
Ca Mau,2009-12-18,2009,12,18,16.40858125447002
Ca Mau,2009-12-19,2009,12,19,0.28630541565917
Ca Mau,2009-12-20,2009,12,20,2.245627458152129
Ca Mau,2009-12-21,2009,12,21,0.0
Ca Mau,2009-12-22,2009,12,22,0.0
Ca Mau,2009-12-23,2009,12,23,0.0
Ca Mau,2009-12-24,2009,12,24,0.0
Ca Mau,2009-12-25,2009,12,25,0.8002342427602129
Ca Mau,2009-12-26,2009,12,26,1.522024519110894
Ca Mau,2009-12-27,2009,12,27,15.866082123249884
Ca Mau,2009-12-28,2009,12,28,13.989036390560146
Ca Mau,2009-12-29,2009,12,29,0.0
Ca Mau,2009-12-30,2009,12,30,0.0137056630316495
Ca Mau,2009-12-31,2009,12,31,0.8903396515560845
Ca Mau,2010-01-01,2010,1,1,0.0
Ca Mau,2010-01-02,2010,1,2,0.7263803203357106
Ca Mau,2010-01-03,2010,1,3,0.2016174463192598
Ca Mau,2010-01-04,2010,1,4,0.0
Ca Mau,2010-01-05,2010,1,5,0.0841761531224958
Ca Mau,2010-01-06,2010,1,6,0.0
Ca Mau,2010-01-07,2010,1,7,0.0
Ca Mau,2010-01-08,2010,1,8,0.0
Ca Mau,2010-01-09,2010,1,9,0.0
Ca Mau,2010-01-10,2010,1,10,0.0
Ca Mau,2010-01-11,2010,1,11,0.0351853140482303
Ca Mau,2010-01-12,2010,1,12,0.0
Ca Mau,2010-01-13,2010,1,13,0.0
Ca Mau,2010-01-14,2010,1,14,0.0228957767849461
Ca Mau,2010-01-15,2010,1,15,1.6723952900478685
Ca Mau,2010-01-16,2010,1,16,0.0
Ca Mau,2010-01-17,2010,1,17,0.0
Ca Mau,2010-01-18,2010,1,18,1.034789139186421
Ca Mau,2010-01-19,2010,1,19,8.875701324309269
Ca Mau,2010-01-20,2010,1,20,0.2117249331354843
Ca Mau,2010-01-21,2010,1,21,0.0
Ca Mau,2010-01-22,2010,1,22,0.0
Ca Mau,2010-01-23,2010,1,23,0.0
Ca Mau,2010-01-24,2010,1,24,0.0
Ca Mau,2010-01-25,2010,1,25,0.0
Ca Mau,2010-01-26,2010,1,26,0.0
Ca Mau,2010-01-27,2010,1,27,0.0
Ca Mau,2010-01-28,2010,1,28,0.0
Ca Mau,2010-01-29,2010,1,29,0.0
Ca Mau,2010-01-30,2010,1,30,0.0
Ca Mau,2010-01-31,2010,1,31,0.0
Ca Mau,2010-02-01,2010,2,1,0.0
Ca Mau,2010-02-02,2010,2,2,0.0
Ca Mau,2010-02-03,2010,2,3,0.0
Ca Mau,2010-02-04,2010,2,4,0.0
Ca Mau,2010-02-05,2010,2,5,0.0
Ca Mau,2010-02-06,2010,2,6,0.0
Ca Mau,2010-02-07,2010,2,7,0.0
Ca Mau,2010-02-08,2010,2,8,0.0
Ca Mau,2010-02-09,2010,2,9,0.0
Ca Mau,2010-02-10,2010,2,10,0.0
Ca Mau,2010-02-11,2010,2,11,0.0
Ca Mau,2010-02-12,2010,2,12,0.0
Ca Mau,2010-02-13,2010,2,13,0.0
Ca Mau,2010-02-14,2010,2,14,0.0
Ca Mau,2010-02-15,2010,2,15,0.0
Ca Mau,2010-02-16,2010,2,16,0.0
Ca Mau,2010-02-17,2010,2,17,0.0
Ca Mau,2010-02-18,2010,2,18,0.0
Ca Mau,2010-02-19,2010,2,19,0.0
Ca Mau,2010-02-20,2010,2,20,0.0
Ca Mau,2010-02-21,2010,2,21,0.0
Ca Mau,2010-02-22,2010,2,22,0.0
Ca Mau,2010-02-23,2010,2,23,0.0
Ca Mau,2010-02-24,2010,2,24,0.0
Ca Mau,2010-02-25,2010,2,25,0.0
Ca Mau,2010-02-26,2010,2,26,0.0
Ca Mau,2010-02-27,2010,2,27,0.0
Ca Mau,2010-02-28,2010,2,28,0.0
Ca Mau,2010-03-01,2010,3,1,0.0
Ca Mau,2010-03-02,2010,3,2,0.0
Ca Mau,2010-03-03,2010,3,3,0.0
Ca Mau,2010-03-04,2010,3,4,0.0
Ca Mau,2010-03-05,2010,3,5,0.0
Ca Mau,2010-03-06,2010,3,6,0.0
Ca Mau,2010-03-07,2010,3,7,0.0
Ca Mau,2010-03-08,2010,3,8,0.0
Ca Mau,2010-03-09,2010,3,9,0.0002122223557411112
Ca Mau,2010-03-10,2010,3,10,0.0
Ca Mau,2010-03-11,2010,3,11,0.0
Ca Mau,2010-03-12,2010,3,12,0.0
Ca Mau,2010-03-13,2010,3,13,0.0002060313692188033
Ca Mau,2010-03-14,2010,3,14,0.0
Ca Mau,2010-03-15,2010,3,15,0.0
Ca Mau,2010-03-16,2010,3,16,0.0
Ca Mau,2010-03-17,2010,3,17,0.0
Ca Mau,2010-03-18,2010,3,18,0.0
Ca Mau,2010-03-19,2010,3,19,0.0
Ca Mau,2010-03-20,2010,3,20,0.0
Ca Mau,2010-03-21,2010,3,21,0.0
Ca Mau,2010-03-22,2010,3,22,0.0
Ca Mau,2010-03-23,2010,3,23,0.0
Ca Mau,2010-03-24,2010,3,24,0.0
Ca Mau,2010-03-25,2010,3,25,0.0554763543382377
Ca Mau,2010-03-26,2010,3,26,1.5341173362982397
Ca Mau,2010-03-27,2010,3,27,0.7537269228945479
Ca Mau,2010-03-28,2010,3,28,0.2463737106561085
Ca Mau,2010-03-29,2010,3,29,2.395388441820244
Ca Mau,2010-03-30,2010,3,30,0.0002291776789431129
Ca Mau,2010-03-31,2010,3,31,5.006047753903211
Ca Mau,2010-04-01,2010,4,1,1.5276440341552635
Ca Mau,2010-04-02,2010,4,2,0.0
Ca Mau,2010-04-03,2010,4,3,0.0
Ca Mau,2010-04-04,2010,4,4,0.0
Ca Mau,2010-04-05,2010,4,5,0.0
Ca Mau,2010-04-06,2010,4,6,0.0
Ca Mau,2010-04-07,2010,4,7,0.0
Ca Mau,2010-04-08,2010,4,8,0.0
Ca Mau,2010-04-09,2010,4,9,0.0
Ca Mau,2010-04-10,2010,4,10,0.0
Ca Mau,2010-04-11,2010,4,11,0.0
Ca Mau,2010-04-12,2010,4,12,0.0
Ca Mau,2010-04-13,2010,4,13,0.0
Ca Mau,2010-04-14,2010,4,14,0.0
Ca Mau,2010-04-15,2010,4,15,0.0
Ca Mau,2010-04-16,2010,4,16,0.0
Ca Mau,2010-04-17,2010,4,17,0.5610736817427819
Ca Mau,2010-04-18,2010,4,18,0.5056563754900482
Ca Mau,2010-04-19,2010,4,19,7.584661284918836
Ca Mau,2010-04-20,2010,4,20,6.525511009265034
Ca Mau,2010-04-21,2010,4,21,2.0596628740042493
Ca Mau,2010-04-22,2010,4,22,0.315400061622136
Ca Mau,2010-04-23,2010,4,23,0.0
Ca Mau,2010-04-24,2010,4,24,0.380226915772045
Ca Mau,2010-04-25,2010,4,25,0.0
Ca Mau,2010-04-26,2010,4,26,0.0
Ca Mau,2010-04-27,2010,4,27,1.3366386216165365
Ca Mau,2010-04-28,2010,4,28,0.3834173186009857
Ca Mau,2010-04-29,2010,4,29,2.5124805892897646
Ca Mau,2010-04-30,2010,4,30,1.444169392870084
Ca Mau,2010-05-01,2010,5,1,8.532401100143414
Ca Mau,2010-05-02,2010,5,2,0.0
Ca Mau,2010-05-03,2010,5,3,1.0427861410714554
Ca Mau,2010-05-04,2010,5,4,3.79769342790438
Ca Mau,2010-05-05,2010,5,5,2.649463078824685
Ca Mau,2010-05-06,2010,5,6,0.0063517682812882
Ca Mau,2010-05-07,2010,5,7,0.1090029740420045
Ca Mau,2010-05-08,2010,5,8,0.0
Ca Mau,2010-05-09,2010,5,9,0.0
Ca Mau,2010-05-10,2010,5,10,16.171960101274834
Ca Mau,2010-05-11,2010,5,11,1.468580753863435
Ca Mau,2010-05-12,2010,5,12,7.857168329530541
Ca Mau,2010-05-13,2010,5,13,4.3931020316268095
Ca Mau,2010-05-14,2010,5,14,8.633465752365947
Ca Mau,2010-05-15,2010,5,15,2.035460085773609
Ca Mau,2010-05-16,2010,5,16,0.3250193180293387
Ca Mau,2010-05-17,2010,5,17,8.665425788426486
Ca Mau,2010-05-18,2010,5,18,4.41134692859603
Ca Mau,2010-05-19,2010,5,19,9.21803051240499
Ca Mau,2010-05-20,2010,5,20,1.9307834033526607
Ca Mau,2010-05-21,2010,5,21,9.1213428632434
Ca Mau,2010-05-22,2010,5,22,12.633789514003391
Ca Mau,2010-05-23,2010,5,23,0.0821175257097637
Ca Mau,2010-05-24,2010,5,24,3.1481999540892973
Ca Mau,2010-05-25,2010,5,25,5.175262970298063
Ca Mau,2010-05-26,2010,5,26,18.38373685521869
Ca Mau,2010-05-27,2010,5,27,9.586279939693435
Ca Mau,2010-05-28,2010,5,28,9.04469956479237
Ca Mau,2010-05-29,2010,5,29,1.2770567432118014
Ca Mau,2010-05-30,2010,5,30,5.564862672338645
Ca Mau,2010-05-31,2010,5,31,5.116728227626097
Ca Mau,2010-06-01,2010,6,1,5.632890711541876
Ca Mau,2010-06-02,2010,6,2,1.6370476728221894
Ca Mau,2010-06-03,2010,6,3,6.619765297465813
Ca Mau,2010-06-04,2010,6,4,6.441625720333703
Ca Mau,2010-06-05,2010,6,5,8.157020313199048
Ca Mau,2010-06-06,2010,6,6,2.8196891412193006
Ca Mau,2010-06-07,2010,6,7,8.053467843668065
Ca Mau,2010-06-08,2010,6,8,13.894359861213402
Ca Mau,2010-06-09,2010,6,9,23.229848683096645
Ca Mau,2010-06-10,2010,6,10,5.169676604630041
Ca Mau,2010-06-11,2010,6,11,1.8387618425922725
Ca Mau,2010-06-12,2010,6,12,1.6969907725322213
Ca Mau,2010-06-13,2010,6,13,1.5047748325822798
Ca Mau,2010-06-14,2010,6,14,1.3821894288684686
Ca Mau,2010-06-15,2010,6,15,4.689072612573946
Ca Mau,2010-06-16,2010,6,16,13.155438477707248
Ca Mau,2010-06-17,2010,6,17,18.47672428067283
Ca Mau,2010-06-18,2010,6,18,6.158337518689927
Ca Mau,2010-06-19,2010,6,19,5.56928254096367
Ca Mau,2010-06-20,2010,6,20,20.47211102259311
Ca Mau,2010-06-21,2010,6,21,37.61840552651069
Ca Mau,2010-06-22,2010,6,22,14.434232182773757
Ca Mau,2010-06-23,2010,6,23,1.5727745037629504
Ca Mau,2010-06-24,2010,6,24,0.0
Ca Mau,2010-06-25,2010,6,25,9.836450225199512
Ca Mau,2010-06-26,2010,6,26,7.260734606917136
Ca Mau,2010-06-27,2010,6,27,10.67818493288835
Ca Mau,2010-06-28,2010,6,28,10.61049947149809
Ca Mau,2010-06-29,2010,6,29,0.2682999758975539
Ca Mau,2010-06-30,2010,6,30,2.086609644984248
Ca Mau,2010-07-01,2010,7,1,11.727228325310792
Ca Mau,2010-07-02,2010,7,2,12.130025782366763
Ca Mau,2010-07-03,2010,7,3,5.666638544273023
Ca Mau,2010-07-04,2010,7,4,5.52572886177768
Ca Mau,2010-07-05,2010,7,5,0.0
Ca Mau,2010-07-06,2010,7,6,0.8031706580511572
Ca Mau,2010-07-07,2010,7,7,2.715630009373991
Ca Mau,2010-07-08,2010,7,8,2.457674221398069
Ca Mau,2010-07-09,2010,7,9,7.499002010238321
Ca Mau,2010-07-10,2010,7,10,4.455108814270314
Ca Mau,2010-07-11,2010,7,11,4.770942682862067
Ca Mau,2010-07-12,2010,7,12,3.345194111293252
Ca Mau,2010-07-13,2010,7,13,11.896602632002647
Ca Mau,2010-07-14,2010,7,14,2.8230115332637347
Ca Mau,2010-07-15,2010,7,15,10.072936048909142
Ca Mau,2010-07-16,2010,7,16,9.877365005510033
Ca Mau,2010-07-17,2010,7,17,7.954831477538419
Ca Mau,2010-07-18,2010,7,18,9.651441104038923
Ca Mau,2010-07-19,2010,7,19,2.0692554769774025
Ca Mau,2010-07-20,2010,7,20,1.9208981549995707
Ca Mau,2010-07-21,2010,7,21,19.79089352896633
Ca Mau,2010-07-22,2010,7,22,22.41419941409432
Ca Mau,2010-07-23,2010,7,23,8.275903240774177
Ca Mau,2010-07-24,2010,7,24,12.358027654536698
Ca Mau,2010-07-25,2010,7,25,16.623041836254334
Ca Mau,2010-07-26,2010,7,26,14.303020869247716
Ca Mau,2010-07-27,2010,7,27,23.24320474133671
Ca Mau,2010-07-28,2010,7,28,1.092874869100633
Ca Mau,2010-07-29,2010,7,29,4.003899808346938
Ca Mau,2010-07-30,2010,7,30,0.2956469250255081
Ca Mau,2010-07-31,2010,7,31,19.371178648194714
Ca Mau,2010-08-01,2010,8,1,18.347341692505328
Ca Mau,2010-08-02,2010,8,2,0.0095833668793847
Ca Mau,2010-08-03,2010,8,3,0.3367288976349163
Ca Mau,2010-08-04,2010,8,4,0.0
Ca Mau,2010-08-05,2010,8,5,8.743170080100613
Ca Mau,2010-08-06,2010,8,6,20.54513669650024
Ca Mau,2010-08-07,2010,8,7,18.908515314128994
Ca Mau,2010-08-08,2010,8,8,12.770623917411005
Ca Mau,2010-08-09,2010,8,9,27.5287064700382
Ca Mau,2010-08-10,2010,8,10,12.319625085109376
Ca Mau,2010-08-11,2010,8,11,4.938047234306818
Ca Mau,2010-08-12,2010,8,12,4.414765416647893
Ca Mau,2010-08-13,2010,8,13,12.604461815383884
Ca Mau,2010-08-14,2010,8,14,7.62031928350318
Ca Mau,2010-08-15,2010,8,15,5.074313070913359
Ca Mau,2010-08-16,2010,8,16,6.504773129732719
Ca Mau,2010-08-17,2010,8,17,8.511760245783409
Ca Mau,2010-08-18,2010,8,18,1.7829580750843423
Ca Mau,2010-08-19,2010,8,19,9.63142888037153
Ca Mau,2010-08-20,2010,8,20,3.8460117014397537
Ca Mau,2010-08-21,2010,8,21,0.4665733751049212
Ca Mau,2010-08-22,2010,8,22,17.812179460635072
Ca Mau,2010-08-23,2010,8,23,11.32416806924986
Ca Mau,2010-08-24,2010,8,24,1.217034189929193
Ca Mau,2010-08-25,2010,8,25,3.8834246029714734
Ca Mau,2010-08-26,2010,8,26,3.6214798980830607
Ca Mau,2010-08-27,2010,8,27,7.147188271196536
Ca Mau,2010-08-28,2010,8,28,8.666219956780976
Ca Mau,2010-08-29,2010,8,29,6.2554948043839484
Ca Mau,2010-08-30,2010,8,30,4.660654301722476
Ca Mau,2010-08-31,2010,8,31,4.203137937554825
Ca Mau,2010-09-01,2010,9,1,4.088217438803367
Ca Mau,2010-09-02,2010,9,2,9.546738804675003
Ca Mau,2010-09-03,2010,9,3,24.16357004590236
Ca Mau,2010-09-04,2010,9,4,0.2814803032121175
Ca Mau,2010-09-05,2010,9,5,16.705176163910746
Ca Mau,2010-09-06,2010,9,6,1.1345731495657745
Ca Mau,2010-09-07,2010,9,7,18.415626001103984
Ca Mau,2010-09-08,2010,9,8,19.263209589726625
Ca Mau,2010-09-09,2010,9,9,2.15914094120156
Ca Mau,2010-09-10,2010,9,10,8.685272604938795
Ca Mau,2010-09-11,2010,9,11,6.983124263778312
Ca Mau,2010-09-12,2010,9,12,14.785637054362644
Ca Mau,2010-09-13,2010,9,13,9.116301202157825
Ca Mau,2010-09-14,2010,9,14,7.129770928748324
Ca Mau,2010-09-15,2010,9,15,10.214806442361834
Ca Mau,2010-09-16,2010,9,16,13.36491759642599
Ca Mau,2010-09-17,2010,9,17,21.45768369455004
Ca Mau,2010-09-18,2010,9,18,11.841016689299682
Ca Mau,2010-09-19,2010,9,19,1.7606485362965374
Ca Mau,2010-09-20,2010,9,20,4.718834701290371
Ca Mau,2010-09-21,2010,9,21,8.44176461258419
Ca Mau,2010-09-22,2010,9,22,1.1028589684709895
Ca Mau,2010-09-23,2010,9,23,2.2027051367829635
Ca Mau,2010-09-24,2010,9,24,7.581045267614732
Ca Mau,2010-09-25,2010,9,25,8.205116236499066
Ca Mau,2010-09-26,2010,9,26,7.960276190975308
Ca Mau,2010-09-27,2010,9,27,8.997502446872835
Ca Mau,2010-09-28,2010,9,28,16.180803277445325
Ca Mau,2010-09-29,2010,9,29,21.75988181270525
Ca Mau,2010-09-30,2010,9,30,14.6963353938949
Ca Mau,2010-10-01,2010,10,1,5.638929454751646
Ca Mau,2010-10-02,2010,10,2,10.395901894005426
Ca Mau,2010-10-03,2010,10,3,16.822308376863905
Ca Mau,2010-10-04,2010,10,4,21.810865198200105
Ca Mau,2010-10-05,2010,10,5,19.271623372869456
Ca Mau,2010-10-06,2010,10,6,8.414840393471104
Ca Mau,2010-10-07,2010,10,7,8.082173454204744
Ca Mau,2010-10-08,2010,10,8,19.164740784577983
Ca Mau,2010-10-09,2010,10,9,29.93479818631835
Ca Mau,2010-10-10,2010,10,10,22.98158980842947
Ca Mau,2010-10-11,2010,10,11,51.17667590595215
Ca Mau,2010-10-12,2010,10,12,4.986374252832789
Ca Mau,2010-10-13,2010,10,13,13.734239231583365
Ca Mau,2010-10-14,2010,10,14,36.7225923311898
Ca Mau,2010-10-15,2010,10,15,10.45950898292059
Ca Mau,2010-10-16,2010,10,16,18.577610183061257
Ca Mau,2010-10-17,2010,10,17,13.65724392177621
Ca Mau,2010-10-18,2010,10,18,4.100678961512329
Ca Mau,2010-10-19,2010,10,19,1.257812739409588
Ca Mau,2010-10-20,2010,10,20,20.76204484158805
Ca Mau,2010-10-21,2010,10,21,30.055766086768656
Ca Mau,2010-10-22,2010,10,22,8.00333186655228
Ca Mau,2010-10-23,2010,10,23,1.2383728769293652
Ca Mau,2010-10-24,2010,10,24,5.988352928891726
Ca Mau,2010-10-25,2010,10,25,2.8425553095816416
Ca Mau,2010-10-26,2010,10,26,5.8784208429488585
Ca Mau,2010-10-27,2010,10,27,9.0298419607783
Ca Mau,2010-10-28,2010,10,28,11.334572755912957
Ca Mau,2010-10-29,2010,10,29,2.999070309724169
Ca Mau,2010-10-30,2010,10,30,18.145077206401616
Ca Mau,2010-10-31,2010,10,31,21.08995461134193
Ca Mau,2010-11-01,2010,11,1,36.73850858384496
Ca Mau,2010-11-02,2010,11,2,10.714058964210317
Ca Mau,2010-11-03,2010,11,3,29.211704026984265
Ca Mau,2010-11-04,2010,11,4,0.0
Ca Mau,2010-11-05,2010,11,5,1.184799246553066
Ca Mau,2010-11-06,2010,11,6,1.6395979765735065
Ca Mau,2010-11-07,2010,11,7,6.7491335882664565
Ca Mau,2010-11-08,2010,11,8,38.24804169033289
Ca Mau,2010-11-09,2010,11,9,11.14818224719892
Ca Mau,2010-11-10,2010,11,10,10.702556199532689
Ca Mau,2010-11-11,2010,11,11,22.4245355037799
Ca Mau,2010-11-12,2010,11,12,0.968388623038832
Ca Mau,2010-11-13,2010,11,13,1.5777806665392498
Ca Mau,2010-11-14,2010,11,14,0.6637466534918138
Ca Mau,2010-11-15,2010,11,15,10.152103201662978
Ca Mau,2010-11-16,2010,11,16,0.3978878359750653
Ca Mau,2010-11-17,2010,11,17,3.13857300180442
Ca Mau,2010-11-18,2010,11,18,10.737691022473715
Ca Mau,2010-11-19,2010,11,19,43.90641630015718
Ca Mau,2010-11-20,2010,11,20,56.65543700114994
Ca Mau,2010-11-21,2010,11,21,0.1651737902498159
Ca Mau,2010-11-22,2010,11,22,5.638680391995623
Ca Mau,2010-11-23,2010,11,23,0.00022415345604503325
Ca Mau,2010-11-24,2010,11,24,2.5791041283916685
Ca Mau,2010-11-25,2010,11,25,0.5662801415178625
Ca Mau,2010-11-26,2010,11,26,4.549633338578956
Ca Mau,2010-11-27,2010,11,27,0.0002485214222443292
Ca Mau,2010-11-28,2010,11,28,2.967050469709064
Ca Mau,2010-11-29,2010,11,29,1.850134514443388
Ca Mau,2010-11-30,2010,11,30,0.064715293020983
Ca Mau,2010-12-01,2010,12,1,0.1314251294546506
Ca Mau,2010-12-02,2010,12,2,0.1653184085642917
Ca Mau,2010-12-03,2010,12,3,0.3257859020281084
Ca Mau,2010-12-04,2010,12,4,0.665818818375252
Ca Mau,2010-12-05,2010,12,5,7.317426083381981
Ca Mau,2010-12-06,2010,12,6,2.0170886638307413
Ca Mau,2010-12-07,2010,12,7,0.0407660057815523
Ca Mau,2010-12-08,2010,12,8,0.0356465155774549
Ca Mau,2010-12-09,2010,12,9,0.8636754349284014
Ca Mau,2010-12-10,2010,12,10,0.1107914357399962
Ca Mau,2010-12-11,2010,12,11,0.128180619459847
Ca Mau,2010-12-12,2010,12,12,0.0
Ca Mau,2010-12-13,2010,12,13,11.328371047243898
Ca Mau,2010-12-14,2010,12,14,2.0962678022196184
Ca Mau,2010-12-15,2010,12,15,0.0
Ca Mau,2010-12-16,2010,12,16,0.00034710644162119244
Ca Mau,2010-12-17,2010,12,17,5.579784190056998
Ca Mau,2010-12-18,2010,12,18,5.016234790282428
Ca Mau,2010-12-19,2010,12,19,1.1737821931346013
Ca Mau,2010-12-20,2010,12,20,0.0116327260671568
Ca Mau,2010-12-21,2010,12,21,1.0334068506780425
Ca Mau,2010-12-22,2010,12,22,0.0387979327208906
Ca Mau,2010-12-23,2010,12,23,6.337115276397683
Ca Mau,2010-12-24,2010,12,24,0.1078792637148748
Ca Mau,2010-12-25,2010,12,25,0.0
Ca Mau,2010-12-26,2010,12,26,0.0
Ca Mau,2010-12-27,2010,12,27,0.0
Ca Mau,2010-12-28,2010,12,28,6.79560418852674
Ca Mau,2010-12-29,2010,12,29,5.402591485131484
Ca Mau,2010-12-30,2010,12,30,0.00044127419464821705
Ca Mau,2010-12-31,2010,12,31,0.3471870911943908
Ca Mau,2011-01-01,2011,1,1,0.0
Ca Mau,2011-01-02,2011,1,2,0.0
Ca Mau,2011-01-03,2011,1,3,1.083937690168746
Ca Mau,2011-01-04,2011,1,4,0.2532621910288805
Ca Mau,2011-01-05,2011,1,5,0.0003375551396442586
Ca Mau,2011-01-06,2011,1,6,0.0
Ca Mau,2011-01-07,2011,1,7,0.9900474408450012
Ca Mau,2011-01-08,2011,1,8,0.0291374406857278
Ca Mau,2011-01-09,2011,1,9,0.0
Ca Mau,2011-01-10,2011,1,10,3.6448786009639127
Ca Mau,2011-01-11,2011,1,11,4.769448226792998
Ca Mau,2011-01-12,2011,1,12,0.1495002864656166
Ca Mau,2011-01-13,2011,1,13,3.20940747464069
Ca Mau,2011-01-14,2011,1,14,0.4812609533764687
Ca Mau,2011-01-15,2011,1,15,0.0
Ca Mau,2011-01-16,2011,1,16,0.0
Ca Mau,2011-01-17,2011,1,17,0.0
Ca Mau,2011-01-18,2011,1,18,2.924908271135973
Ca Mau,2011-01-19,2011,1,19,1.1259129295967965
Ca Mau,2011-01-20,2011,1,20,0.0
Ca Mau,2011-01-21,2011,1,21,0.0
Ca Mau,2011-01-22,2011,1,22,0.0
Ca Mau,2011-01-23,2011,1,23,0.1878114246133774
Ca Mau,2011-01-24,2011,1,24,0.0
Ca Mau,2011-01-25,2011,1,25,0.0815259015915111
Ca Mau,2011-01-26,2011,1,26,0.0
Ca Mau,2011-01-27,2011,1,27,0.0
Ca Mau,2011-01-28,2011,1,28,0.0
Ca Mau,2011-01-29,2011,1,29,0.0
Ca Mau,2011-01-30,2011,1,30,0.0558634318339277
Ca Mau,2011-01-31,2011,1,31,0.0
Ca Mau,2011-02-01,2011,2,1,0.0
Ca Mau,2011-02-02,2011,2,2,0.0
Ca Mau,2011-02-03,2011,2,3,0.0
Ca Mau,2011-02-04,2011,2,4,0.0513019822222578
Ca Mau,2011-02-05,2011,2,5,0.0
Ca Mau,2011-02-06,2011,2,6,0.0
Ca Mau,2011-02-07,2011,2,7,0.0
Ca Mau,2011-02-08,2011,2,8,0.0
Ca Mau,2011-02-09,2011,2,9,0.0
Ca Mau,2011-02-10,2011,2,10,0.0
Ca Mau,2011-02-11,2011,2,11,0.0
Ca Mau,2011-02-12,2011,2,12,0.0
Ca Mau,2011-02-13,2011,2,13,0.0
Ca Mau,2011-02-14,2011,2,14,0.0
Ca Mau,2011-02-15,2011,2,15,0.0
Ca Mau,2011-02-16,2011,2,16,0.0
Ca Mau,2011-02-17,2011,2,17,0.0
Ca Mau,2011-02-18,2011,2,18,0.0
Ca Mau,2011-02-19,2011,2,19,0.1765790451723438
Ca Mau,2011-02-20,2011,2,20,0.0102752217484644
Ca Mau,2011-02-21,2011,2,21,0.0187351660625029
Ca Mau,2011-02-22,2011,2,22,0.0
Ca Mau,2011-02-23,2011,2,23,0.0
Ca Mau,2011-02-24,2011,2,24,0.0
Ca Mau,2011-02-25,2011,2,25,0.0
Ca Mau,2011-02-26,2011,2,26,0.0
Ca Mau,2011-02-27,2011,2,27,0.0
Ca Mau,2011-02-28,2011,2,28,0.0
Ca Mau,2011-03-01,2011,3,1,0.6518808244091281
Ca Mau,2011-03-02,2011,3,2,1.5539057327945696
Ca Mau,2011-03-03,2011,3,3,3.942311426514295
Ca Mau,2011-03-04,2011,3,4,2.229518111646537
Ca Mau,2011-03-05,2011,3,5,2.264626480837184
Ca Mau,2011-03-06,2011,3,6,0.0002142852971819033
Ca Mau,2011-03-07,2011,3,7,0.0007414758169377156
Ca Mau,2011-03-08,2011,3,8,0.0
Ca Mau,2011-03-09,2011,3,9,0.0
Ca Mau,2011-03-10,2011,3,10,0.0
Ca Mau,2011-03-11,2011,3,11,0.7293585328500104
Ca Mau,2011-03-12,2011,3,12,2.2597336253396807
Ca Mau,2011-03-13,2011,3,13,0.0
Ca Mau,2011-03-14,2011,3,14,0.0
Ca Mau,2011-03-15,2011,3,15,0.0
Ca Mau,2011-03-16,2011,3,16,0.0
Ca Mau,2011-03-17,2011,3,17,0.1255856331239625
Ca Mau,2011-03-18,2011,3,18,0.0005897003549186036
Ca Mau,2011-03-19,2011,3,19,0.0002719420205436855
Ca Mau,2011-03-20,2011,3,20,0.01481301240632
Ca Mau,2011-03-21,2011,3,21,0.0
Ca Mau,2011-03-22,2011,3,22,8.86227789129319
Ca Mau,2011-03-23,2011,3,23,37.23239789166215
Ca Mau,2011-03-24,2011,3,24,4.362405477224556
Ca Mau,2011-03-25,2011,3,25,11.0803134354167
Ca Mau,2011-03-26,2011,3,26,0.0010398992460036
Ca Mau,2011-03-27,2011,3,27,3.572429802030002
Ca Mau,2011-03-28,2011,3,28,0.0
Ca Mau,2011-03-29,2011,3,29,0.0
Ca Mau,2011-03-30,2011,3,30,0.0
Ca Mau,2011-03-31,2011,3,31,0.0
Ca Mau,2011-04-01,2011,4,1,13.571194043741125
Ca Mau,2011-04-02,2011,4,2,24.291792326810665
Ca Mau,2011-04-03,2011,4,3,3.398705903607385
Ca Mau,2011-04-04,2011,4,4,1.3686094465772511
Ca Mau,2011-04-05,2011,4,5,0.0
Ca Mau,2011-04-06,2011,4,6,0.0
Ca Mau,2011-04-07,2011,4,7,0.0
Ca Mau,2011-04-08,2011,4,8,0.0
Ca Mau,2011-04-09,2011,4,9,0.0
Ca Mau,2011-04-10,2011,4,10,0.0
Ca Mau,2011-04-11,2011,4,11,0.0
Ca Mau,2011-04-12,2011,4,12,0.0462902579208815
Ca Mau,2011-04-13,2011,4,13,0.0
Ca Mau,2011-04-14,2011,4,14,0.0
Ca Mau,2011-04-15,2011,4,15,0.0
Ca Mau,2011-04-16,2011,4,16,0.0
Ca Mau,2011-04-17,2011,4,17,0.0
Ca Mau,2011-04-18,2011,4,18,0.0
Ca Mau,2011-04-19,2011,4,19,4.269049013729469
Ca Mau,2011-04-20,2011,4,20,0.986055502224322
Ca Mau,2011-04-21,2011,4,21,0.3404341855119046
Ca Mau,2011-04-22,2011,4,22,0.0
Ca Mau,2011-04-23,2011,4,23,0.0
Ca Mau,2011-04-24,2011,4,24,0.0
Ca Mau,2011-04-25,2011,4,25,0.0
Ca Mau,2011-04-26,2011,4,26,0.0
Ca Mau,2011-04-27,2011,4,27,0.0
Ca Mau,2011-04-28,2011,4,28,0.0166836151134722
Ca Mau,2011-04-29,2011,4,29,1.0841035804381325
Ca Mau,2011-04-30,2011,4,30,1.7584509135797142
Ca Mau,2011-05-01,2011,5,1,11.21029528281781
Ca Mau,2011-05-02,2011,5,2,7.054919781607039
Ca Mau,2011-05-03,2011,5,3,13.059395433292064
Ca Mau,2011-05-04,2011,5,4,3.984606455200711
Ca Mau,2011-05-05,2011,5,5,0.9187089644300394
Ca Mau,2011-05-06,2011,5,6,1.4350894385545625
Ca Mau,2011-05-07,2011,5,7,4.6109411424834486
Ca Mau,2011-05-08,2011,5,8,0.0
Ca Mau,2011-05-09,2011,5,9,12.151457968085758
Ca Mau,2011-05-10,2011,5,10,1.80115469481161
Ca Mau,2011-05-11,2011,5,11,13.393225907432562
Ca Mau,2011-05-12,2011,5,12,6.384166873577069
Ca Mau,2011-05-13,2011,5,13,7.041392061462969
Ca Mau,2011-05-14,2011,5,14,2.1882512990651075
Ca Mau,2011-05-15,2011,5,15,0.4716275487153679
Ca Mau,2011-05-16,2011,5,16,7.807221624072298
Ca Mau,2011-05-17,2011,5,17,0.9238793926444158
Ca Mau,2011-05-18,2011,5,18,2.2865616517150484
Ca Mau,2011-05-19,2011,5,19,1.5718721443248926
Ca Mau,2011-05-20,2011,5,20,1.7923014679013731
Ca Mau,2011-05-21,2011,5,21,2.71675755472757
Ca Mau,2011-05-22,2011,5,22,1.2237947741782405
Ca Mau,2011-05-23,2011,5,23,1.1055211894790746
Ca Mau,2011-05-24,2011,5,24,1.7424664361584838
Ca Mau,2011-05-25,2011,5,25,7.629458112937219
Ca Mau,2011-05-26,2011,5,26,4.691220530746856
Ca Mau,2011-05-27,2011,5,27,6.368346503957153
Ca Mau,2011-05-28,2011,5,28,22.950410224227063
Ca Mau,2011-05-29,2011,5,29,21.336275505498875
Ca Mau,2011-05-30,2011,5,30,10.949728776774
Ca Mau,2011-05-31,2011,5,31,0.5393304163376107
Ca Mau,2011-06-01,2011,6,1,7.2143154153972
Ca Mau,2011-06-02,2011,6,2,6.694823511300707
Ca Mau,2011-06-03,2011,6,3,0.7899519526990902
Ca Mau,2011-06-04,2011,6,4,3.9998498706478185
Ca Mau,2011-06-05,2011,6,5,8.701075546092108
Ca Mau,2011-06-06,2011,6,6,27.570583288153557
Ca Mau,2011-06-07,2011,6,7,1.7646747304637893
Ca Mau,2011-06-08,2011,6,8,15.499415594278114
Ca Mau,2011-06-09,2011,6,9,20.29633941553633
Ca Mau,2011-06-10,2011,6,10,4.06586603183376
Ca Mau,2011-06-11,2011,6,11,8.873515892111694
Ca Mau,2011-06-12,2011,6,12,2.048225217909883
Ca Mau,2011-06-13,2011,6,13,27.92958641646852
Ca Mau,2011-06-14,2011,6,14,0.0
Ca Mau,2011-06-15,2011,6,15,3.059558843362721
Ca Mau,2011-06-16,2011,6,16,4.205771376893485
Ca Mau,2011-06-17,2011,6,17,35.41134254448793
Ca Mau,2011-06-18,2011,6,18,50.13851972636029
Ca Mau,2011-06-19,2011,6,19,17.68450652778221
Ca Mau,2011-06-20,2011,6,20,20.79960349115668
Ca Mau,2011-06-21,2011,6,21,1.1551741415109973
Ca Mau,2011-06-22,2011,6,22,1.3161715231362867
Ca Mau,2011-06-23,2011,6,23,4.591958074385646
Ca Mau,2011-06-24,2011,6,24,0.0
Ca Mau,2011-06-25,2011,6,25,0.9285938102986212
Ca Mau,2011-06-26,2011,6,26,2.726402994547099
Ca Mau,2011-06-27,2011,6,27,0.0041182136485193
Ca Mau,2011-06-28,2011,6,28,0.496542726545409
Ca Mau,2011-06-29,2011,6,29,0.6118606089590685
Ca Mau,2011-06-30,2011,6,30,14.715491213147716
Ca Mau,2011-07-01,2011,7,1,15.16604837068912
Ca Mau,2011-07-02,2011,7,2,2.1454722287793264
Ca Mau,2011-07-03,2011,7,3,10.288486952667084
Ca Mau,2011-07-04,2011,7,4,16.326494855299472
Ca Mau,2011-07-05,2011,7,5,5.957128470946002
Ca Mau,2011-07-06,2011,7,6,10.717237536548812
Ca Mau,2011-07-07,2011,7,7,11.6721789725215
Ca Mau,2011-07-08,2011,7,8,5.305782252294268
Ca Mau,2011-07-09,2011,7,9,0.0
Ca Mau,2011-07-10,2011,7,10,13.905610204094348
Ca Mau,2011-07-11,2011,7,11,2.0454467071046865
Ca Mau,2011-07-12,2011,7,12,7.43184336701897
Ca Mau,2011-07-13,2011,7,13,3.72839663511068
Ca Mau,2011-07-14,2011,7,14,18.233214067117267
Ca Mau,2011-07-15,2011,7,15,3.091198057233568
Ca Mau,2011-07-16,2011,7,16,0.0
Ca Mau,2011-07-17,2011,7,17,4.965660174648666
Ca Mau,2011-07-18,2011,7,18,0.0
Ca Mau,2011-07-19,2011,7,19,0.00020326514522282652
Ca Mau,2011-07-20,2011,7,20,0.0
Ca Mau,2011-07-21,2011,7,21,1.706452343419213
Ca Mau,2011-07-22,2011,7,22,0.9871271025060604
Ca Mau,2011-07-23,2011,7,23,10.017581147088832
Ca Mau,2011-07-24,2011,7,24,25.33994771078896
Ca Mau,2011-07-25,2011,7,25,3.8531941010503
Ca Mau,2011-07-26,2011,7,26,11.05895440579092
Ca Mau,2011-07-27,2011,7,27,11.138944769739895
Ca Mau,2011-07-28,2011,7,28,30.10211662865249
Ca Mau,2011-07-29,2011,7,29,30.870478420954164
Ca Mau,2011-07-30,2011,7,30,22.275635478583403
Ca Mau,2011-07-31,2011,7,31,0.7768264399771609
Ca Mau,2011-08-01,2011,8,1,0.0585681141805728
Ca Mau,2011-08-02,2011,8,2,0.0
Ca Mau,2011-08-03,2011,8,3,0.8861953632291207
Ca Mau,2011-08-04,2011,8,4,0.0
Ca Mau,2011-08-05,2011,8,5,0.0
Ca Mau,2011-08-06,2011,8,6,1.1225006923061476
Ca Mau,2011-08-07,2011,8,7,0.0650712074542997
Ca Mau,2011-08-08,2011,8,8,3.2037317485401045
Ca Mau,2011-08-09,2011,8,9,8.94535115482838
Ca Mau,2011-08-10,2011,8,10,0.2569288469878045
Ca Mau,2011-08-11,2011,8,11,0.0
Ca Mau,2011-08-12,2011,8,12,0.7144618195671921
Ca Mau,2011-08-13,2011,8,13,0.0
Ca Mau,2011-08-14,2011,8,14,13.117576015327122
Ca Mau,2011-08-15,2011,8,15,7.625656227408903
Ca Mau,2011-08-16,2011,8,16,5.024551832834498
Ca Mau,2011-08-17,2011,8,17,0.0582989842654572
Ca Mau,2011-08-18,2011,8,18,6.378373662390476
Ca Mau,2011-08-19,2011,8,19,23.88903869355173
Ca Mau,2011-08-20,2011,8,20,5.07083495900017
Ca Mau,2011-08-21,2011,8,21,23.82685180952573
Ca Mau,2011-08-22,2011,8,22,23.36129229859041
Ca Mau,2011-08-23,2011,8,23,19.941142905886405
Ca Mau,2011-08-24,2011,8,24,3.786234697378822
Ca Mau,2011-08-25,2011,8,25,15.040810705123176
Ca Mau,2011-08-26,2011,8,26,40.6412498305902
Ca Mau,2011-08-27,2011,8,27,30.340409337213003
Ca Mau,2011-08-28,2011,8,28,14.869517433419915
Ca Mau,2011-08-29,2011,8,29,10.246388711701933
Ca Mau,2011-08-30,2011,8,30,0.0
Ca Mau,2011-08-31,2011,8,31,0.0
Ca Mau,2011-09-01,2011,9,1,16.53903393690647
Ca Mau,2011-09-02,2011,9,2,1.3953366835737904
Ca Mau,2011-09-03,2011,9,3,4.392079753663839
Ca Mau,2011-09-04,2011,9,4,0.8140724476656579
Ca Mau,2011-09-05,2011,9,5,7.473075433691658
Ca Mau,2011-09-06,2011,9,6,10.289211286941352
Ca Mau,2011-09-07,2011,9,7,17.95577839563772
Ca Mau,2011-09-08,2011,9,8,18.578666971377054
Ca Mau,2011-09-09,2011,9,9,24.517764393082565
Ca Mau,2011-09-10,2011,9,10,22.095525636386128
Ca Mau,2011-09-11,2011,9,11,15.058609698386702
Ca Mau,2011-09-12,2011,9,12,12.29727748052602
Ca Mau,2011-09-13,2011,9,13,0.0
Ca Mau,2011-09-14,2011,9,14,1.6993089072415306
Ca Mau,2011-09-15,2011,9,15,10.140855797459496
Ca Mau,2011-09-16,2011,9,16,11.870105280102816
Ca Mau,2011-09-17,2011,9,17,0.0827813401566018
Ca Mau,2011-09-18,2011,9,18,6.332307237929056
Ca Mau,2011-09-19,2011,9,19,3.1895873871470903
Ca Mau,2011-09-20,2011,9,20,4.729478959277941
Ca Mau,2011-09-21,2011,9,21,57.7511268884052
Ca Mau,2011-09-22,2011,9,22,18.35845956604528
Ca Mau,2011-09-23,2011,9,23,8.2178291207925
Ca Mau,2011-09-24,2011,9,24,2.130833790138672
Ca Mau,2011-09-25,2011,9,25,15.482335984968158
Ca Mau,2011-09-26,2011,9,26,0.1102940609550245
Ca Mau,2011-09-27,2011,9,27,47.67205622615663
Ca Mau,2011-09-28,2011,9,28,23.113999806767936
Ca Mau,2011-09-29,2011,9,29,8.04739423166452
Ca Mau,2011-09-30,2011,9,30,7.38603263716816
Ca Mau,2011-10-01,2011,10,1,22.52553639829412
Ca Mau,2011-10-02,2011,10,2,12.780301360140909
Ca Mau,2011-10-03,2011,10,3,32.92663900786618
Ca Mau,2011-10-04,2011,10,4,2.240315579517578
Ca Mau,2011-10-05,2011,10,5,6.586441366143862
Ca Mau,2011-10-06,2011,10,6,0.7674463566239509
Ca Mau,2011-10-07,2011,10,7,0.889473701296814
Ca Mau,2011-10-08,2011,10,8,4.000126003133453
Ca Mau,2011-10-09,2011,10,9,4.646437635647524
Ca Mau,2011-10-10,2011,10,10,5.281909191800779
Ca Mau,2011-10-11,2011,10,11,4.149626836423935
Ca Mau,2011-10-12,2011,10,12,4.2053733032913
Ca Mau,2011-10-13,2011,10,13,5.721760475100386
Ca Mau,2011-10-14,2011,10,14,9.473640362703964
Ca Mau,2011-10-15,2011,10,15,6.032008318660702
Ca Mau,2011-10-16,2011,10,16,0.0
Ca Mau,2011-10-17,2011,10,17,3.476475281465211
Ca Mau,2011-10-18,2011,10,18,5.610033698400266
Ca Mau,2011-10-19,2011,10,19,1.0957317639507151
Ca Mau,2011-10-20,2011,10,20,2.12229509625084
Ca Mau,2011-10-21,2011,10,21,5.143797862441468
Ca Mau,2011-10-22,2011,10,22,0.0118303767426847
Ca Mau,2011-10-23,2011,10,23,1.9081387037936128
Ca Mau,2011-10-24,2011,10,24,0.0005984279668316734
Ca Mau,2011-10-25,2011,10,25,6.985478705288493
Ca Mau,2011-10-26,2011,10,26,1.67752999484431
Ca Mau,2011-10-27,2011,10,27,0.0003579806315711506
Ca Mau,2011-10-28,2011,10,28,0.0004663369027129686
Ca Mau,2011-10-29,2011,10,29,0.0006638244605266199
Ca Mau,2011-10-30,2011,10,30,0.0006088696627403547
Ca Mau,2011-10-31,2011,10,31,0.2144357185211695
Ca Mau,2011-11-01,2011,11,1,1.4697239780764777
Ca Mau,2011-11-02,2011,11,2,3.5776277189441443
Ca Mau,2011-11-03,2011,11,3,5.340612035843814
Ca Mau,2011-11-04,2011,11,4,8.353303843309618
Ca Mau,2011-11-05,2011,11,5,35.03790456863818
Ca Mau,2011-11-06,2011,11,6,16.898342262417476
Ca Mau,2011-11-07,2011,11,7,20.27696391390558
Ca Mau,2011-11-08,2011,11,8,25.138301917105164
Ca Mau,2011-11-09,2011,11,9,0.3645429763190693
Ca Mau,2011-11-10,2011,11,10,6.648830289446821
Ca Mau,2011-11-11,2011,11,11,0.0002553414873229262
Ca Mau,2011-11-12,2011,11,12,1.5914227515684296
Ca Mau,2011-11-13,2011,11,13,1.997825094860188
Ca Mau,2011-11-14,2011,11,14,1.7447594487915747
Ca Mau,2011-11-15,2011,11,15,1.9308359302814604
Ca Mau,2011-11-16,2011,11,16,6.460072397154181
Ca Mau,2011-11-17,2011,11,17,9.574051543417086
Ca Mau,2011-11-18,2011,11,18,10.839174469818053
Ca Mau,2011-11-19,2011,11,19,1.6720946874230784
Ca Mau,2011-11-20,2011,11,20,0.0
Ca Mau,2011-11-21,2011,11,21,0.4417551186886205
Ca Mau,2011-11-22,2011,11,22,0.00022472123623326737
Ca Mau,2011-11-23,2011,11,23,2.877153435093605
Ca Mau,2011-11-24,2011,11,24,0.0003208392260296603
Ca Mau,2011-11-25,2011,11,25,0.00040023072094554063
Ca Mau,2011-11-26,2011,11,26,0.0002540366807468282
Ca Mau,2011-11-27,2011,11,27,0.0
Ca Mau,2011-11-28,2011,11,28,0.0
Ca Mau,2011-11-29,2011,11,29,0.0
Ca Mau,2011-11-30,2011,11,30,0.0
Ca Mau,2011-12-01,2011,12,1,0.1165842624851914
Ca Mau,2011-12-02,2011,12,2,0.1902159031169735
Ca Mau,2011-12-03,2011,12,3,0.048738781200607
Ca Mau,2011-12-04,2011,12,4,0.0312017511842184
Ca Mau,2011-12-05,2011,12,5,0.1318083471802155
Ca Mau,2011-12-06,2011,12,6,0.0
Ca Mau,2011-12-07,2011,12,7,1.778329505935366
Ca Mau,2011-12-08,2011,12,8,10.573318021085925
Ca Mau,2011-12-09,2011,12,9,5.165580962177598
Ca Mau,2011-12-10,2011,12,10,6.810149132426124
Ca Mau,2011-12-11,2011,12,11,0.0
Ca Mau,2011-12-12,2011,12,12,0.0116387756931017
Ca Mau,2011-12-13,2011,12,13,0.0
Ca Mau,2011-12-14,2011,12,14,0.0008603080548571276
Ca Mau,2011-12-15,2011,12,15,0.0004463269856128902
Ca Mau,2011-12-16,2011,12,16,0.0480245946891867
Ca Mau,2011-12-17,2011,12,17,0.0
Ca Mau,2011-12-18,2011,12,18,0.0
Ca Mau,2011-12-19,2011,12,19,3.754946488643826
Ca Mau,2011-12-20,2011,12,20,0.0
Ca Mau,2011-12-21,2011,12,21,0.0
Ca Mau,2011-12-22,2011,12,22,6.881187265727588
Ca Mau,2011-12-23,2011,12,23,0.0
Ca Mau,2011-12-24,2011,12,24,0.0
Ca Mau,2011-12-25,2011,12,25,0.0
Ca Mau,2011-12-26,2011,12,26,0.4484317749288237
Ca Mau,2011-12-27,2011,12,27,3.550976583808482
Ca Mau,2011-12-28,2011,12,28,1.297312385360953
Ca Mau,2011-12-29,2011,12,29,0.0253755091954171
Ca Mau,2011-12-30,2011,12,30,12.881537661271707
Ca Mau,2011-12-31,2011,12,31,0.134173831536447
Ca Mau,2012-01-01,2012,1,1,0.0
Ca Mau,2012-01-02,2012,1,2,0.0
Ca Mau,2012-01-03,2012,1,3,0.0
Ca Mau,2012-01-04,2012,1,4,0.0
Ca Mau,2012-01-05,2012,1,5,0.0
Ca Mau,2012-01-06,2012,1,6,0.0240339781489885
Ca Mau,2012-01-07,2012,1,7,0.0
Ca Mau,2012-01-08,2012,1,8,0.0
Ca Mau,2012-01-09,2012,1,9,0.0
Ca Mau,2012-01-10,2012,1,10,0.0
Ca Mau,2012-01-11,2012,1,11,0.1940370055710606
Ca Mau,2012-01-12,2012,1,12,0.6233766057777437
Ca Mau,2012-01-13,2012,1,13,0.5536638644795322
Ca Mau,2012-01-14,2012,1,14,7.96670649598433
Ca Mau,2012-01-15,2012,1,15,3.700838886097776
Ca Mau,2012-01-16,2012,1,16,0.0
Ca Mau,2012-01-17,2012,1,17,0.0059772244820139
Ca Mau,2012-01-18,2012,1,18,0.00014488707142268305
Ca Mau,2012-01-19,2012,1,19,0.0
Ca Mau,2012-01-20,2012,1,20,0.0
Ca Mau,2012-01-21,2012,1,21,0.0
Ca Mau,2012-01-22,2012,1,22,0.0
Ca Mau,2012-01-23,2012,1,23,0.0
Ca Mau,2012-01-24,2012,1,24,0.0
Ca Mau,2012-01-25,2012,1,25,1.0455099947867694
Ca Mau,2012-01-26,2012,1,26,1.898156796166496
Ca Mau,2012-01-27,2012,1,27,0.0914965529972293
Ca Mau,2012-01-28,2012,1,28,9.880004831090876
Ca Mau,2012-01-29,2012,1,29,2.3050682971652656
Ca Mau,2012-01-30,2012,1,30,0.0
Ca Mau,2012-01-31,2012,1,31,1.127140074912031
Ca Mau,2012-02-01,2012,2,1,1.4151288357933829
Ca Mau,2012-02-02,2012,2,2,2.0662346007674044
Ca Mau,2012-02-03,2012,2,3,0.0
Ca Mau,2012-02-04,2012,2,4,0.0137067222798822
Ca Mau,2012-02-05,2012,2,5,0.2377676111539014
Ca Mau,2012-02-06,2012,2,6,0.0
Ca Mau,2012-02-07,2012,2,7,0.0
Ca Mau,2012-02-08,2012,2,8,0.0
Ca Mau,2012-02-09,2012,2,9,0.0
Ca Mau,2012-02-10,2012,2,10,0.0
Ca Mau,2012-02-11,2012,2,11,0.0
Ca Mau,2012-02-12,2012,2,12,0.0
Ca Mau,2012-02-13,2012,2,13,0.0
Ca Mau,2012-02-14,2012,2,14,0.0
Ca Mau,2012-02-15,2012,2,15,0.0
Ca Mau,2012-02-16,2012,2,16,0.1656616669882454
Ca Mau,2012-02-17,2012,2,17,0.8301324559265287
Ca Mau,2012-02-18,2012,2,18,6.204347259379665
Ca Mau,2012-02-19,2012,2,19,0.0
Ca Mau,2012-02-20,2012,2,20,0.0
Ca Mau,2012-02-21,2012,2,21,0.7182477682810887
Ca Mau,2012-02-22,2012,2,22,0.6603532811894818
Ca Mau,2012-02-23,2012,2,23,0.0
Ca Mau,2012-02-24,2012,2,24,0.0
Ca Mau,2012-02-25,2012,2,25,0.0
Ca Mau,2012-02-26,2012,2,26,0.0
Ca Mau,2012-02-27,2012,2,27,0.0
Ca Mau,2012-02-28,2012,2,28,0.0
Ca Mau,2012-02-29,2012,2,29,0.0
Ca Mau,2012-03-01,2012,3,1,0.0
Ca Mau,2012-03-02,2012,3,2,0.1080300929306352
Ca Mau,2012-03-03,2012,3,3,0.4298170564162401
Ca Mau,2012-03-04,2012,3,4,11.881392472438256
Ca Mau,2012-03-05,2012,3,5,0.0153998163007334
Ca Mau,2012-03-06,2012,3,6,0.0034549466211533
Ca Mau,2012-03-07,2012,3,7,0.0
Ca Mau,2012-03-08,2012,3,8,0.5781784855491487
Ca Mau,2012-03-09,2012,3,9,0.0539175443071984
Ca Mau,2012-03-10,2012,3,10,0.00028902948118899447
Ca Mau,2012-03-11,2012,3,11,0.0
Ca Mau,2012-03-12,2012,3,12,0.0
Ca Mau,2012-03-13,2012,3,13,1.695239598848188
Ca Mau,2012-03-14,2012,3,14,0.6041898721741219
Ca Mau,2012-03-15,2012,3,15,4.443572336341624
Ca Mau,2012-03-16,2012,3,16,0.0
Ca Mau,2012-03-17,2012,3,17,0.0
Ca Mau,2012-03-18,2012,3,18,0.0
Ca Mau,2012-03-19,2012,3,19,0.0
Ca Mau,2012-03-20,2012,3,20,1.371412988116981
Ca Mau,2012-03-21,2012,3,21,0.5237804163909523
Ca Mau,2012-03-22,2012,3,22,0.4807248236487611
Ca Mau,2012-03-23,2012,3,23,2.020095590506529
Ca Mau,2012-03-24,2012,3,24,5.1283532457860925
Ca Mau,2012-03-25,2012,3,25,6.19556091941596
Ca Mau,2012-03-26,2012,3,26,11.47801310067238
Ca Mau,2012-03-27,2012,3,27,4.123010589591394
Ca Mau,2012-03-28,2012,3,28,10.703595944091305
Ca Mau,2012-03-29,2012,3,29,0.0
Ca Mau,2012-03-30,2012,3,30,15.961563064314722
Ca Mau,2012-03-31,2012,3,31,24.56968355290549
Ca Mau,2012-04-01,2012,4,1,0.4389906036684419
Ca Mau,2012-04-02,2012,4,2,3.9450959157302297
Ca Mau,2012-04-03,2012,4,3,7.228874824490705
Ca Mau,2012-04-04,2012,4,4,0.0
Ca Mau,2012-04-05,2012,4,5,0.0
Ca Mau,2012-04-06,2012,4,6,0.0
Ca Mau,2012-04-07,2012,4,7,0.0
Ca Mau,2012-04-08,2012,4,8,0.0
Ca Mau,2012-04-09,2012,4,9,0.0
Ca Mau,2012-04-10,2012,4,10,1.153785273896704
Ca Mau,2012-04-11,2012,4,11,1.0852789910872804
Ca Mau,2012-04-12,2012,4,12,0.3696254136304326
Ca Mau,2012-04-13,2012,4,13,5.390230716139694
Ca Mau,2012-04-14,2012,4,14,0.0
Ca Mau,2012-04-15,2012,4,15,0.0
Ca Mau,2012-04-16,2012,4,16,0.731455812543775
Ca Mau,2012-04-17,2012,4,17,0.0
Ca Mau,2012-04-18,2012,4,18,0.0853214543290265
Ca Mau,2012-04-19,2012,4,19,10.095692727746318
Ca Mau,2012-04-20,2012,4,20,4.233549159596774
Ca Mau,2012-04-21,2012,4,21,1.0557223357251222
Ca Mau,2012-04-22,2012,4,22,3.262638224011791
Ca Mau,2012-04-23,2012,4,23,0.3194033395017002
Ca Mau,2012-04-24,2012,4,24,4.267371585139919
Ca Mau,2012-04-25,2012,4,25,6.2077818023854
Ca Mau,2012-04-26,2012,4,26,22.841021953567303
Ca Mau,2012-04-27,2012,4,27,16.208263163131637
Ca Mau,2012-04-28,2012,4,28,14.762697487745209
Ca Mau,2012-04-29,2012,4,29,26.33654102200177
Ca Mau,2012-04-30,2012,4,30,10.18362954639106
Ca Mau,2012-05-01,2012,5,1,0.0
Ca Mau,2012-05-02,2012,5,2,7.9283677486133
Ca Mau,2012-05-03,2012,5,3,20.656712700938314
Ca Mau,2012-05-04,2012,5,4,0.1254983147856258
Ca Mau,2012-05-05,2012,5,5,1.7590671128074236
Ca Mau,2012-05-06,2012,5,6,11.942493756879424
Ca Mau,2012-05-07,2012,5,7,13.168767659793176
Ca Mau,2012-05-08,2012,5,8,8.43188935442588
Ca Mau,2012-05-09,2012,5,9,0.0
Ca Mau,2012-05-10,2012,5,10,5.0453522404095015
Ca Mau,2012-05-11,2012,5,11,7.729146232348765
Ca Mau,2012-05-12,2012,5,12,19.453136645419644
Ca Mau,2012-05-13,2012,5,13,11.095496860108684
Ca Mau,2012-05-14,2012,5,14,21.63339817051877
Ca Mau,2012-05-15,2012,5,15,16.10543492270641
Ca Mau,2012-05-16,2012,5,16,32.52105609414945
Ca Mau,2012-05-17,2012,5,17,24.7951447179737
Ca Mau,2012-05-18,2012,5,18,2.439368269193418
Ca Mau,2012-05-19,2012,5,19,0.0
Ca Mau,2012-05-20,2012,5,20,0.9070288962453716
Ca Mau,2012-05-21,2012,5,21,2.450103334785229
Ca Mau,2012-05-22,2012,5,22,0.040209685318271
Ca Mau,2012-05-23,2012,5,23,5.74396839561313
Ca Mau,2012-05-24,2012,5,24,11.520833261806564
Ca Mau,2012-05-25,2012,5,25,29.69454380514004
Ca Mau,2012-05-26,2012,5,26,33.897188876639554
Ca Mau,2012-05-27,2012,5,27,15.141411224238242
Ca Mau,2012-05-28,2012,5,28,0.0
Ca Mau,2012-05-29,2012,5,29,0.0002060254096552424
Ca Mau,2012-05-30,2012,5,30,0.0004118852488507384
Ca Mau,2012-05-31,2012,5,31,16.007220003019654
Ca Mau,2012-06-01,2012,6,1,15.34896973847551
Ca Mau,2012-06-02,2012,6,2,11.18106664046916
Ca Mau,2012-06-03,2012,6,3,1.519846179095765
Ca Mau,2012-06-04,2012,6,4,8.212221355129044
Ca Mau,2012-06-05,2012,6,5,13.93941037158652
Ca Mau,2012-06-06,2012,6,6,10.607670116552493
Ca Mau,2012-06-07,2012,6,7,2.6229841676703973
Ca Mau,2012-06-08,2012,6,8,6.325764808853349
Ca Mau,2012-06-09,2012,6,9,2.361332403705372
Ca Mau,2012-06-10,2012,6,10,1.7412142340801078
Ca Mau,2012-06-11,2012,6,11,0.0
Ca Mau,2012-06-12,2012,6,12,10.777453026070996
Ca Mau,2012-06-13,2012,6,13,0.0
Ca Mau,2012-06-14,2012,6,14,0.0
Ca Mau,2012-06-15,2012,6,15,10.231281213552448
Ca Mau,2012-06-16,2012,6,16,2.517463591895737
Ca Mau,2012-06-17,2012,6,17,2.3779567588692787
Ca Mau,2012-06-18,2012,6,18,3.520404598935809
Ca Mau,2012-06-19,2012,6,19,0.0
Ca Mau,2012-06-20,2012,6,20,0.0
Ca Mau,2012-06-21,2012,6,21,1.0614134795071863
Ca Mau,2012-06-22,2012,6,22,0.1597793572407752
Ca Mau,2012-06-23,2012,6,23,2.340588375011588
Ca Mau,2012-06-24,2012,6,24,1.2189647208183034
Ca Mau,2012-06-25,2012,6,25,0.0
Ca Mau,2012-06-26,2012,6,26,0.0
Ca Mau,2012-06-27,2012,6,27,0.8746058674216131
Ca Mau,2012-06-28,2012,6,28,15.403136817267692
Ca Mau,2012-06-29,2012,6,29,13.591084755966136
Ca Mau,2012-06-30,2012,6,30,17.684534184355407
Ca Mau,2012-07-01,2012,7,1,6.961159176259625
Ca Mau,2012-07-02,2012,7,2,13.315844074959232
Ca Mau,2012-07-03,2012,7,3,14.28339915135211
Ca Mau,2012-07-04,2012,7,4,0.9373423486245304
Ca Mau,2012-07-05,2012,7,5,9.342352140023676
Ca Mau,2012-07-06,2012,7,6,0.7688715575981387
Ca Mau,2012-07-07,2012,7,7,7.687662059393915
Ca Mau,2012-07-08,2012,7,8,0.0583681372752212
Ca Mau,2012-07-09,2012,7,9,1.284805387731511
Ca Mau,2012-07-10,2012,7,10,14.5030512779843
Ca Mau,2012-07-11,2012,7,11,30.15479433785184
Ca Mau,2012-07-12,2012,7,12,16.23253978147401
Ca Mau,2012-07-13,2012,7,13,9.42673889988135
Ca Mau,2012-07-14,2012,7,14,2.88388767268198
Ca Mau,2012-07-15,2012,7,15,0.4151955993605065
Ca Mau,2012-07-16,2012,7,16,15.102868695933704
Ca Mau,2012-07-17,2012,7,17,14.764767925596228
Ca Mau,2012-07-18,2012,7,18,20.43583813111469
Ca Mau,2012-07-19,2012,7,19,3.6677436665322154
Ca Mau,2012-07-20,2012,7,20,12.181879476811895
Ca Mau,2012-07-21,2012,7,21,2.3814296403577724
Ca Mau,2012-07-22,2012,7,22,11.284441080075004
Ca Mau,2012-07-23,2012,7,23,11.07601644115427
Ca Mau,2012-07-24,2012,7,24,5.752148785057424
Ca Mau,2012-07-25,2012,7,25,0.0
Ca Mau,2012-07-26,2012,7,26,4.390830722611576
Ca Mau,2012-07-27,2012,7,27,1.0170810026135817
Ca Mau,2012-07-28,2012,7,28,7.918459080961481
Ca Mau,2012-07-29,2012,7,29,1.337342901927889
Ca Mau,2012-07-30,2012,7,30,20.09990023076985
Ca Mau,2012-07-31,2012,7,31,0.6903852755710612
Ca Mau,2012-08-01,2012,8,1,20.44722688981888
Ca Mau,2012-08-02,2012,8,2,16.19582029070792
Ca Mau,2012-08-03,2012,8,3,10.001208436532355
Ca Mau,2012-08-04,2012,8,4,0.2377640352265723
Ca Mau,2012-08-05,2012,8,5,0.0
Ca Mau,2012-08-06,2012,8,6,0.0016494289022547
Ca Mau,2012-08-07,2012,8,7,0.0
Ca Mau,2012-08-08,2012,8,8,0.0
Ca Mau,2012-08-09,2012,8,9,0.0684443165423143
Ca Mau,2012-08-10,2012,8,10,0.0
Ca Mau,2012-08-11,2012,8,11,0.0
Ca Mau,2012-08-12,2012,8,12,0.0
Ca Mau,2012-08-13,2012,8,13,0.00028743750743450835
Ca Mau,2012-08-14,2012,8,14,7.9424372704219905
Ca Mau,2012-08-15,2012,8,15,1.083329065262533
Ca Mau,2012-08-16,2012,8,16,14.215456751158335
Ca Mau,2012-08-17,2012,8,17,22.322232823039634
Ca Mau,2012-08-18,2012,8,18,4.309840563144153
Ca Mau,2012-08-19,2012,8,19,0.0
Ca Mau,2012-08-20,2012,8,20,4.158577613847865
Ca Mau,2012-08-21,2012,8,21,5.927475249734871
Ca Mau,2012-08-22,2012,8,22,11.041223064182104
Ca Mau,2012-08-23,2012,8,23,3.885610426887603
Ca Mau,2012-08-24,2012,8,24,3.4192524130671247
Ca Mau,2012-08-25,2012,8,25,1.425520036811012
Ca Mau,2012-08-26,2012,8,26,5.953524058831109
Ca Mau,2012-08-27,2012,8,27,5.822514294424832
Ca Mau,2012-08-28,2012,8,28,3.2683675586952057
Ca Mau,2012-08-29,2012,8,29,0.0415532518191738
Ca Mau,2012-08-30,2012,8,30,1.5186951026644793
Ca Mau,2012-08-31,2012,8,31,11.03894816538119
Ca Mau,2012-09-01,2012,9,1,14.09448607459647
Ca Mau,2012-09-02,2012,9,2,10.194826843129178
Ca Mau,2012-09-03,2012,9,3,5.759472706045467
Ca Mau,2012-09-04,2012,9,4,23.743228004067383
Ca Mau,2012-09-05,2012,9,5,38.79209561206338
Ca Mau,2012-09-06,2012,9,6,31.54651417075112
Ca Mau,2012-09-07,2012,9,7,3.766569040040008
Ca Mau,2012-09-08,2012,9,8,0.3946455301403856
Ca Mau,2012-09-09,2012,9,9,23.72082549318258
Ca Mau,2012-09-10,2012,9,10,18.49342297039197
Ca Mau,2012-09-11,2012,9,11,6.015074480897069
Ca Mau,2012-09-12,2012,9,12,12.667813382745518
Ca Mau,2012-09-13,2012,9,13,25.00646211976296
Ca Mau,2012-09-14,2012,9,14,25.85979649384012
Ca Mau,2012-09-15,2012,9,15,39.73059903368121
Ca Mau,2012-09-16,2012,9,16,20.054713122483616
Ca Mau,2012-09-17,2012,9,17,0.7426121684090837
Ca Mau,2012-09-18,2012,9,18,3.543095038503302
Ca Mau,2012-09-19,2012,9,19,9.84837703440145
Ca Mau,2012-09-20,2012,9,20,11.656044453616731
Ca Mau,2012-09-21,2012,9,21,0.00035126178447684195
Ca Mau,2012-09-22,2012,9,22,8.486449231529901
Ca Mau,2012-09-23,2012,9,23,3.4378952728775856
Ca Mau,2012-09-24,2012,9,24,33.28185679009489
Ca Mau,2012-09-25,2012,9,25,14.642635783376557
Ca Mau,2012-09-26,2012,9,26,9.543429116960596
Ca Mau,2012-09-27,2012,9,27,27.85267464288635
Ca Mau,2012-09-28,2012,9,28,42.05855964475562
Ca Mau,2012-09-29,2012,9,29,40.60774384082232
Ca Mau,2012-09-30,2012,9,30,6.681656896221164
Ca Mau,2012-10-01,2012,10,1,15.767260534362258
Ca Mau,2012-10-02,2012,10,2,7.168536429709005
Ca Mau,2012-10-03,2012,10,3,9.334455107033545
Ca Mau,2012-10-04,2012,10,4,0.1201019144133905
Ca Mau,2012-10-05,2012,10,5,24.656225046266837
Ca Mau,2012-10-06,2012,10,6,38.26475996418689
Ca Mau,2012-10-07,2012,10,7,11.960988689056334
Ca Mau,2012-10-08,2012,10,8,6.900277223667757
Ca Mau,2012-10-09,2012,10,9,12.457966137690947
Ca Mau,2012-10-10,2012,10,10,2.181571245175464
Ca Mau,2012-10-11,2012,10,11,5.3892019179975135
Ca Mau,2012-10-12,2012,10,12,3.8812312502346433
Ca Mau,2012-10-13,2012,10,13,9.253677997057936
Ca Mau,2012-10-14,2012,10,14,0.5910046194762246
Ca Mau,2012-10-15,2012,10,15,0.0
Ca Mau,2012-10-16,2012,10,16,0.7933935410193336
Ca Mau,2012-10-17,2012,10,17,5.50788940883894
Ca Mau,2012-10-18,2012,10,18,0.6741233504362668
Ca Mau,2012-10-19,2012,10,19,3.306202183607089
Ca Mau,2012-10-20,2012,10,20,1.0889361837502696
Ca Mau,2012-10-21,2012,10,21,2.978400424663362
Ca Mau,2012-10-22,2012,10,22,19.54231611879807
Ca Mau,2012-10-23,2012,10,23,3.3765284493565573
Ca Mau,2012-10-24,2012,10,24,0.0
Ca Mau,2012-10-25,2012,10,25,6.106642296697673
Ca Mau,2012-10-26,2012,10,26,0.151312089600615
Ca Mau,2012-10-27,2012,10,27,0.0
Ca Mau,2012-10-28,2012,10,28,0.0
Ca Mau,2012-10-29,2012,10,29,0.0
Ca Mau,2012-10-30,2012,10,30,12.07530707044318
Ca Mau,2012-10-31,2012,10,31,1.0619693578343656
Ca Mau,2012-11-01,2012,11,1,4.090399185805937
Ca Mau,2012-11-02,2012,11,2,1.430756869504033
Ca Mau,2012-11-03,2012,11,3,0.3169883739342857
Ca Mau,2012-11-04,2012,11,4,1.6591788596116652
Ca Mau,2012-11-05,2012,11,5,10.25718162463755
Ca Mau,2012-11-06,2012,11,6,4.962418204306335
Ca Mau,2012-11-07,2012,11,7,1.9334016874288424
Ca Mau,2012-11-08,2012,11,8,3.912752905574504
Ca Mau,2012-11-09,2012,11,9,0.0786354226007283
Ca Mau,2012-11-10,2012,11,10,1.1288579368407523
Ca Mau,2012-11-11,2012,11,11,7.476140700668064
Ca Mau,2012-11-12,2012,11,12,0.7835053713787281
Ca Mau,2012-11-13,2012,11,13,6.948859059879109
Ca Mau,2012-11-14,2012,11,14,26.30355558530885
Ca Mau,2012-11-15,2012,11,15,14.476366743927391
Ca Mau,2012-11-16,2012,11,16,0.2428911219485005
Ca Mau,2012-11-17,2012,11,17,0.0
Ca Mau,2012-11-18,2012,11,18,0.0
Ca Mau,2012-11-19,2012,11,19,0.0
Ca Mau,2012-11-20,2012,11,20,11.333223732154565
Ca Mau,2012-11-21,2012,11,21,0.4606968271382776
Ca Mau,2012-11-22,2012,11,22,4.915169075942244
Ca Mau,2012-11-23,2012,11,23,6.7082191698496425
Ca Mau,2012-11-24,2012,11,24,8.263408957911883
Ca Mau,2012-11-25,2012,11,25,6.434875545849826
Ca Mau,2012-11-26,2012,11,26,0.3661861063455298
Ca Mau,2012-11-27,2012,11,27,1.821157739566417
Ca Mau,2012-11-28,2012,11,28,18.71872144296063
Ca Mau,2012-11-29,2012,11,29,3.413039944516417
Ca Mau,2012-11-30,2012,11,30,2.061742010827041
Ca Mau,2012-12-01,2012,12,1,0.0
Ca Mau,2012-12-02,2012,12,2,0.0
Ca Mau,2012-12-03,2012,12,3,6.322201748613941
Ca Mau,2012-12-04,2012,12,4,0.4987232471188981
Ca Mau,2012-12-05,2012,12,5,0.006673699161522
Ca Mau,2012-12-06,2012,12,6,0.0
Ca Mau,2012-12-07,2012,12,7,0.7983816877061541
Ca Mau,2012-12-08,2012,12,8,7.188222663317152
Ca Mau,2012-12-09,2012,12,9,0.0
Ca Mau,2012-12-10,2012,12,10,0.0119149326566413
Ca Mau,2012-12-11,2012,12,11,0.1423059053079393
Ca Mau,2012-12-12,2012,12,12,0.00022445054231560657
Ca Mau,2012-12-13,2012,12,13,4.419645650805559
Ca Mau,2012-12-14,2012,12,14,10.206343277865413
Ca Mau,2012-12-15,2012,12,15,0.0
Ca Mau,2012-12-16,2012,12,16,0.0
Ca Mau,2012-12-17,2012,12,17,0.0
Ca Mau,2012-12-18,2012,12,18,0.0
Ca Mau,2012-12-19,2012,12,19,0.3517454863135156
Ca Mau,2012-12-20,2012,12,20,0.00028454783533619866
Ca Mau,2012-12-21,2012,12,21,5.878302878654025
Ca Mau,2012-12-22,2012,12,22,0.736673378481326
Ca Mau,2012-12-23,2012,12,23,0.0641050750328883
Ca Mau,2012-12-24,2012,12,24,0.0
Ca Mau,2012-12-25,2012,12,25,0.0
Ca Mau,2012-12-26,2012,12,26,0.5630680037461935
Ca Mau,2012-12-27,2012,12,27,0.0
Ca Mau,2012-12-28,2012,12,28,0.0003714425423989995
Ca Mau,2012-12-29,2012,12,29,6.599401252648312
Ca Mau,2012-12-30,2012,12,30,3.518607726615677
Ca Mau,2012-12-31,2012,12,31,6.3465707526556905
Ca Mau,2013-01-01,2013,1,1,2.900383573277723
Ca Mau,2013-01-02,2013,1,2,0.1843302980709501
Ca Mau,2013-01-03,2013,1,3,0.8711593216228806
Ca Mau,2013-01-04,2013,1,4,0.4718036132300456
Ca Mau,2013-01-05,2013,1,5,10.272902657630366
Ca Mau,2013-01-06,2013,1,6,8.553526102226256
Ca Mau,2013-01-07,2013,1,7,10.0816542374504
Ca Mau,2013-01-08,2013,1,8,3.719293511910715
Ca Mau,2013-01-09,2013,1,9,1.4604089109197784
Ca Mau,2013-01-10,2013,1,10,1.7337662829480336
Ca Mau,2013-01-11,2013,1,11,0.0
Ca Mau,2013-01-12,2013,1,12,0.0
Ca Mau,2013-01-13,2013,1,13,0.0
Ca Mau,2013-01-14,2013,1,14,0.0
Ca Mau,2013-01-15,2013,1,15,0.0
Ca Mau,2013-01-16,2013,1,16,0.0
Ca Mau,2013-01-17,2013,1,17,0.0
Ca Mau,2013-01-18,2013,1,18,0.0
Ca Mau,2013-01-19,2013,1,19,0.0
Ca Mau,2013-01-20,2013,1,20,0.0
Ca Mau,2013-01-21,2013,1,21,0.0
Ca Mau,2013-01-22,2013,1,22,0.0
Ca Mau,2013-01-23,2013,1,23,0.0
Ca Mau,2013-01-24,2013,1,24,0.0
Ca Mau,2013-01-25,2013,1,25,0.0
Ca Mau,2013-01-26,2013,1,26,0.0
Ca Mau,2013-01-27,2013,1,27,0.0
Ca Mau,2013-01-28,2013,1,28,0.0
Ca Mau,2013-01-29,2013,1,29,0.0
Ca Mau,2013-01-30,2013,1,30,0.0
Ca Mau,2013-01-31,2013,1,31,0.0
Ca Mau,2013-02-01,2013,2,1,0.0
Ca Mau,2013-02-02,2013,2,2,0.0
Ca Mau,2013-02-03,2013,2,3,0.0
Ca Mau,2013-02-04,2013,2,4,0.0
Ca Mau,2013-02-05,2013,2,5,0.0
Ca Mau,2013-02-06,2013,2,6,0.0
Ca Mau,2013-02-07,2013,2,7,0.0
Ca Mau,2013-02-08,2013,2,8,0.5653056534865317
Ca Mau,2013-02-09,2013,2,9,0.0
Ca Mau,2013-02-10,2013,2,10,0.0466456442965507
Ca Mau,2013-02-11,2013,2,11,0.0125987868319111
Ca Mau,2013-02-12,2013,2,12,0.0
Ca Mau,2013-02-13,2013,2,13,0.0
Ca Mau,2013-02-14,2013,2,14,0.0107939495269249
Ca Mau,2013-02-15,2013,2,15,1.1545729287229978
Ca Mau,2013-02-16,2013,2,16,0.0
Ca Mau,2013-02-17,2013,2,17,0.4410356764446275
Ca Mau,2013-02-18,2013,2,18,1.6056950259874914
Ca Mau,2013-02-19,2013,2,19,0.0
Ca Mau,2013-02-20,2013,2,20,0.001872453322812
Ca Mau,2013-02-21,2013,2,21,1.8388935097469583
Ca Mau,2013-02-22,2013,2,22,3.2323598549369077
Ca Mau,2013-02-23,2013,2,23,0.7226957939604599
Ca Mau,2013-02-24,2013,2,24,0.910295277510172
Ca Mau,2013-02-25,2013,2,25,0.0
Ca Mau,2013-02-26,2013,2,26,0.0550434128972538
Ca Mau,2013-02-27,2013,2,27,0.0
Ca Mau,2013-02-28,2013,2,28,0.0
Ca Mau,2013-03-01,2013,3,1,0.0
Ca Mau,2013-03-02,2013,3,2,0.0
Ca Mau,2013-03-03,2013,3,3,0.0
Ca Mau,2013-03-04,2013,3,4,1.053871727934808
Ca Mau,2013-03-05,2013,3,5,0.0
Ca Mau,2013-03-06,2013,3,6,0.006218808846145
Ca Mau,2013-03-07,2013,3,7,0.0
Ca Mau,2013-03-08,2013,3,8,0.0
Ca Mau,2013-03-09,2013,3,9,0.3111492118932208
Ca Mau,2013-03-10,2013,3,10,0.0
Ca Mau,2013-03-11,2013,3,11,0.0
Ca Mau,2013-03-12,2013,3,12,0.0
Ca Mau,2013-03-13,2013,3,13,0.0
Ca Mau,2013-03-14,2013,3,14,0.0
Ca Mau,2013-03-15,2013,3,15,0.0
Ca Mau,2013-03-16,2013,3,16,0.0
Ca Mau,2013-03-17,2013,3,17,0.0
Ca Mau,2013-03-18,2013,3,18,0.0
Ca Mau,2013-03-19,2013,3,19,0.4634269615759153
Ca Mau,2013-03-20,2013,3,20,0.0
Ca Mau,2013-03-21,2013,3,21,0.0
Ca Mau,2013-03-22,2013,3,22,0.0999308113648388
Ca Mau,2013-03-23,2013,3,23,0.0
Ca Mau,2013-03-24,2013,3,24,0.0
Ca Mau,2013-03-25,2013,3,25,1.5751302671723495
Ca Mau,2013-03-26,2013,3,26,5.910471303629475
Ca Mau,2013-03-27,2013,3,27,0.0
Ca Mau,2013-03-28,2013,3,28,0.0
Ca Mau,2013-03-29,2013,3,29,0.0
Ca Mau,2013-03-30,2013,3,30,0.0
Ca Mau,2013-03-31,2013,3,31,3.143459102244736
Ca Mau,2013-04-01,2013,4,1,0.0
Ca Mau,2013-04-02,2013,4,2,0.0231953856176015
Ca Mau,2013-04-03,2013,4,3,0.012462001667778
Ca Mau,2013-04-04,2013,4,4,3.8100967966695807
Ca Mau,2013-04-05,2013,4,5,5.434177074180479
Ca Mau,2013-04-06,2013,4,6,0.8137966792179138
Ca Mau,2013-04-07,2013,4,7,6.255398349559437
Ca Mau,2013-04-08,2013,4,8,17.101954641958038
Ca Mau,2013-04-09,2013,4,9,0.3353228965974633
Ca Mau,2013-04-10,2013,4,10,13.720936894443843
Ca Mau,2013-04-11,2013,4,11,28.045179970976893
Ca Mau,2013-04-12,2013,4,12,2.5785417118106406
Ca Mau,2013-04-13,2013,4,13,51.624195266141136
Ca Mau,2013-04-14,2013,4,14,3.0458726771040734
Ca Mau,2013-04-15,2013,4,15,1.059538937411401
Ca Mau,2013-04-16,2013,4,16,0.0
Ca Mau,2013-04-17,2013,4,17,0.0
Ca Mau,2013-04-18,2013,4,18,0.0348972698365042
Ca Mau,2013-04-19,2013,4,19,0.0
Ca Mau,2013-04-20,2013,4,20,0.3753924912794471
Ca Mau,2013-04-21,2013,4,21,0.0
Ca Mau,2013-04-22,2013,4,22,6.6417324153307815
Ca Mau,2013-04-23,2013,4,23,8.08240121811124
Ca Mau,2013-04-24,2013,4,24,2.3301309900405625
Ca Mau,2013-04-25,2013,4,25,0.3585397439232906
Ca Mau,2013-04-26,2013,4,26,0.1402520468276098
Ca Mau,2013-04-27,2013,4,27,3.685637335990082
Ca Mau,2013-04-28,2013,4,28,7.178484115911767
Ca Mau,2013-04-29,2013,4,29,0.0
Ca Mau,2013-04-30,2013,4,30,0.3409390518399004
Ca Mau,2013-05-01,2013,5,1,7.646796752006143
Ca Mau,2013-05-02,2013,5,2,3.497248106101189
Ca Mau,2013-05-03,2013,5,3,1.5744223473176924
Ca Mau,2013-05-04,2013,5,4,6.791728964739876
Ca Mau,2013-05-05,2013,5,5,12.35824619007028
Ca Mau,2013-05-06,2013,5,6,12.407228216889266
Ca Mau,2013-05-07,2013,5,7,8.170640888199339
Ca Mau,2013-05-08,2013,5,8,11.670330951974572
Ca Mau,2013-05-09,2013,5,9,5.301453285067915
Ca Mau,2013-05-10,2013,5,10,2.4926430984628825
Ca Mau,2013-05-11,2013,5,11,1.5271007462552202
Ca Mau,2013-05-12,2013,5,12,13.05237917691254
Ca Mau,2013-05-13,2013,5,13,8.286347166712805
Ca Mau,2013-05-14,2013,5,14,0.0412742261658845
Ca Mau,2013-05-15,2013,5,15,12.509572538329884
Ca Mau,2013-05-16,2013,5,16,18.94407669656619
Ca Mau,2013-05-17,2013,5,17,16.285179262221803
Ca Mau,2013-05-18,2013,5,18,5.713126019206454
Ca Mau,2013-05-19,2013,5,19,4.903574657087029
Ca Mau,2013-05-20,2013,5,20,8.8745313267772
Ca Mau,2013-05-21,2013,5,21,3.162647364239921
Ca Mau,2013-05-22,2013,5,22,2.5804335275685206
Ca Mau,2013-05-23,2013,5,23,8.635456898809384
Ca Mau,2013-05-24,2013,5,24,2.6740463952091336
Ca Mau,2013-05-25,2013,5,25,2.835726559216196
Ca Mau,2013-05-26,2013,5,26,1.455132321180932
Ca Mau,2013-05-27,2013,5,27,3.5681956868389006
Ca Mau,2013-05-28,2013,5,28,5.746439253179385
Ca Mau,2013-05-29,2013,5,29,6.1304309403044135
Ca Mau,2013-05-30,2013,5,30,10.562642511264164
Ca Mau,2013-05-31,2013,5,31,3.9876951853707534
Ca Mau,2013-06-01,2013,6,1,10.66715587117905
Ca Mau,2013-06-02,2013,6,2,4.1458159041159695
Ca Mau,2013-06-03,2013,6,3,7.295997591457247
Ca Mau,2013-06-04,2013,6,4,9.011886288390524
Ca Mau,2013-06-05,2013,6,5,5.685959391597724
Ca Mau,2013-06-06,2013,6,6,6.177704588326538
Ca Mau,2013-06-07,2013,6,7,0.6990448184077155
Ca Mau,2013-06-08,2013,6,8,1.2639790474737862
Ca Mau,2013-06-09,2013,6,9,1.8440858575289103
Ca Mau,2013-06-10,2013,6,10,8.072779587288688
Ca Mau,2013-06-11,2013,6,11,16.76865913741462
Ca Mau,2013-06-12,2013,6,12,31.651907200824837
Ca Mau,2013-06-13,2013,6,13,24.12091458632985
Ca Mau,2013-06-14,2013,6,14,24.976048525328228
Ca Mau,2013-06-15,2013,6,15,32.545852729746635
Ca Mau,2013-06-16,2013,6,16,34.19951147078894
Ca Mau,2013-06-17,2013,6,17,29.004464516859912
Ca Mau,2013-06-18,2013,6,18,5.596087589882485
Ca Mau,2013-06-19,2013,6,19,0.00038381083952904914
Ca Mau,2013-06-20,2013,6,20,9.082170415593106
Ca Mau,2013-06-21,2013,6,21,7.401654278483366
Ca Mau,2013-06-22,2013,6,22,16.62721065985898
Ca Mau,2013-06-23,2013,6,23,9.769539037334232
Ca Mau,2013-06-24,2013,6,24,3.2231398198681527
Ca Mau,2013-06-25,2013,6,25,0.0
Ca Mau,2013-06-26,2013,6,26,5.456845443366949
Ca Mau,2013-06-27,2013,6,27,1.4951494648025585
Ca Mau,2013-06-28,2013,6,28,2.434777351400333
Ca Mau,2013-06-29,2013,6,29,7.155907326185362
Ca Mau,2013-06-30,2013,6,30,0.0
Ca Mau,2013-07-01,2013,7,1,2.280560644733143
Ca Mau,2013-07-02,2013,7,2,11.13577769437249
Ca Mau,2013-07-03,2013,7,3,5.970262232343552
Ca Mau,2013-07-04,2013,7,4,5.98981665304559
Ca Mau,2013-07-05,2013,7,5,13.175142326235695
Ca Mau,2013-07-06,2013,7,6,0.9149228066584368
Ca Mau,2013-07-07,2013,7,7,8.915892014169602
Ca Mau,2013-07-08,2013,7,8,13.1521638638938
Ca Mau,2013-07-09,2013,7,9,6.413126914648222
Ca Mau,2013-07-10,2013,7,10,1.8846506665774967
Ca Mau,2013-07-11,2013,7,11,2.3785766452154498
Ca Mau,2013-07-12,2013,7,12,0.1105939631576694
Ca Mau,2013-07-13,2013,7,13,0.119897307312294
Ca Mau,2013-07-14,2013,7,14,13.60920868341912
Ca Mau,2013-07-15,2013,7,15,26.076947306166836
Ca Mau,2013-07-16,2013,7,16,6.676261699509596
Ca Mau,2013-07-17,2013,7,17,4.514910648242452
Ca Mau,2013-07-18,2013,7,18,23.955323182199564
Ca Mau,2013-07-19,2013,7,19,19.51374672287501
Ca Mau,2013-07-20,2013,7,20,9.64275487830374
Ca Mau,2013-07-21,2013,7,21,7.696062997911475
Ca Mau,2013-07-22,2013,7,22,11.611716516919556
Ca Mau,2013-07-23,2013,7,23,18.062544230340187
Ca Mau,2013-07-24,2013,7,24,1.448787558526522
Ca Mau,2013-07-25,2013,7,25,0.2304090772098902
Ca Mau,2013-07-26,2013,7,26,0.0
Ca Mau,2013-07-27,2013,7,27,5.389273210175276
Ca Mau,2013-07-28,2013,7,28,6.805876471048187
Ca Mau,2013-07-29,2013,7,29,4.659686818781977
Ca Mau,2013-07-30,2013,7,30,4.449617503032972
Ca Mau,2013-07-31,2013,7,31,13.341207998190994
Ca Mau,2013-08-01,2013,8,1,2.250887495624364
Ca Mau,2013-08-02,2013,8,2,20.27089019779211
Ca Mau,2013-08-03,2013,8,3,11.832930962283717
Ca Mau,2013-08-04,2013,8,4,1.348685632156886
Ca Mau,2013-08-05,2013,8,5,8.24405509569517
Ca Mau,2013-08-06,2013,8,6,17.208279985975043
Ca Mau,2013-08-07,2013,8,7,9.816229225817665
Ca Mau,2013-08-08,2013,8,8,5.512037987675535
Ca Mau,2013-08-09,2013,8,9,11.565023572815916
Ca Mau,2013-08-10,2013,8,10,10.899837560794053
Ca Mau,2013-08-11,2013,8,11,17.15545187790078
Ca Mau,2013-08-12,2013,8,12,11.327285716834927
Ca Mau,2013-08-13,2013,8,13,15.906804857476022
Ca Mau,2013-08-14,2013,8,14,0.7436512181627711
Ca Mau,2013-08-15,2013,8,15,5.091251534892939
Ca Mau,2013-08-16,2013,8,16,7.451362090728091
Ca Mau,2013-08-17,2013,8,17,0.0
Ca Mau,2013-08-18,2013,8,18,0.0
Ca Mau,2013-08-19,2013,8,19,0.0
Ca Mau,2013-08-20,2013,8,20,0.0
Ca Mau,2013-08-21,2013,8,21,3.3888557306710463
Ca Mau,2013-08-22,2013,8,22,2.9543264673520544
Ca Mau,2013-08-23,2013,8,23,0.1079632186678834
Ca Mau,2013-08-24,2013,8,24,2.650882833931222
Ca Mau,2013-08-25,2013,8,25,13.493659448612854
Ca Mau,2013-08-26,2013,8,26,9.93858580964256
Ca Mau,2013-08-27,2013,8,27,7.013681277902992
Ca Mau,2013-08-28,2013,8,28,4.5463025330271964
Ca Mau,2013-08-29,2013,8,29,16.760649838823802
Ca Mau,2013-08-30,2013,8,30,10.737677539485944
Ca Mau,2013-08-31,2013,8,31,2.091878171519185
Ca Mau,2013-09-01,2013,9,1,0.294487011809231
Ca Mau,2013-09-02,2013,9,2,0.323526892076813
Ca Mau,2013-09-03,2013,9,3,5.9317939477728325
Ca Mau,2013-09-04,2013,9,4,8.861686949975152
Ca Mau,2013-09-05,2013,9,5,4.218127822122812
Ca Mau,2013-09-06,2013,9,6,16.054778371650414
Ca Mau,2013-09-07,2013,9,7,22.743797528781588
Ca Mau,2013-09-08,2013,9,8,11.694664637926415
Ca Mau,2013-09-09,2013,9,9,16.745735778359577
Ca Mau,2013-09-10,2013,9,10,6.840294358150487
Ca Mau,2013-09-11,2013,9,11,15.325227742408831
Ca Mau,2013-09-12,2013,9,12,13.009093390536728
Ca Mau,2013-09-13,2013,9,13,4.177640437584333
Ca Mau,2013-09-14,2013,9,14,7.15039103223234
Ca Mau,2013-09-15,2013,9,15,0.2021685055262233
Ca Mau,2013-09-16,2013,9,16,17.714434327064435
Ca Mau,2013-09-17,2013,9,17,18.723677188959854
Ca Mau,2013-09-18,2013,9,18,22.12947185811425
Ca Mau,2013-09-19,2013,9,19,16.270026678158633
Ca Mau,2013-09-20,2013,9,20,41.08951240199581
Ca Mau,2013-09-21,2013,9,21,23.743912594971743
Ca Mau,2013-09-22,2013,9,22,27.48518366338698
Ca Mau,2013-09-23,2013,9,23,16.76542965805625
Ca Mau,2013-09-24,2013,9,24,17.94840921636361
Ca Mau,2013-09-25,2013,9,25,0.9060619462105792
Ca Mau,2013-09-26,2013,9,26,3.428408968018002
Ca Mau,2013-09-27,2013,9,27,0.4896138169799349
Ca Mau,2013-09-28,2013,9,28,2.0771886826264243
Ca Mau,2013-09-29,2013,9,29,30.55284538688512
Ca Mau,2013-09-30,2013,9,30,11.15505453106354
Ca Mau,2013-10-01,2013,10,1,4.145475544463372
Ca Mau,2013-10-02,2013,10,2,34.703617758580485
Ca Mau,2013-10-03,2013,10,3,1.441533346301195
Ca Mau,2013-10-04,2013,10,4,2.925063848603596
Ca Mau,2013-10-05,2013,10,5,29.142185965609247
Ca Mau,2013-10-06,2013,10,6,32.32926397567937
Ca Mau,2013-10-07,2013,10,7,27.67303295903802
Ca Mau,2013-10-08,2013,10,8,14.792886116889909
Ca Mau,2013-10-09,2013,10,9,0.2775061165749523
Ca Mau,2013-10-10,2013,10,10,0.0002789369265142347
Ca Mau,2013-10-11,2013,10,11,7.9198160596291
Ca Mau,2013-10-12,2013,10,12,11.264172890571542
Ca Mau,2013-10-13,2013,10,13,9.32709443436749
Ca Mau,2013-10-14,2013,10,14,1.6221498160689467
Ca Mau,2013-10-15,2013,10,15,12.359314057692224
Ca Mau,2013-10-16,2013,10,16,1.3540558545268009
Ca Mau,2013-10-17,2013,10,17,0.0759381672509348
Ca Mau,2013-10-18,2013,10,18,10.852624500316756
Ca Mau,2013-10-19,2013,10,19,13.702483795871547
Ca Mau,2013-10-20,2013,10,20,16.880350351099384
Ca Mau,2013-10-21,2013,10,21,3.667554149028037
Ca Mau,2013-10-22,2013,10,22,12.566059348967372
Ca Mau,2013-10-23,2013,10,23,10.2455535898618
Ca Mau,2013-10-24,2013,10,24,0.0002902483673453188
Ca Mau,2013-10-25,2013,10,25,2.0659523172148635
Ca Mau,2013-10-26,2013,10,26,12.911385104078196
Ca Mau,2013-10-27,2013,10,27,0.00032212884315124026
Ca Mau,2013-10-28,2013,10,28,0.0
Ca Mau,2013-10-29,2013,10,29,0.0
Ca Mau,2013-10-30,2013,10,30,0.604026060673029
Ca Mau,2013-10-31,2013,10,31,0.2693666470346313
Ca Mau,2013-11-01,2013,11,1,2.741461338013628
Ca Mau,2013-11-02,2013,11,2,0.0738044331005652
Ca Mau,2013-11-03,2013,11,3,0.0
Ca Mau,2013-11-04,2013,11,4,0.8683419476298138
Ca Mau,2013-11-05,2013,11,5,0.0361538362771525
Ca Mau,2013-11-06,2013,11,6,29.15453238562741
Ca Mau,2013-11-07,2013,11,7,14.10625984917926
Ca Mau,2013-11-08,2013,11,8,2.4081357020474847
Ca Mau,2013-11-09,2013,11,9,7.06951013281311
Ca Mau,2013-11-10,2013,11,10,0.0
Ca Mau,2013-11-11,2013,11,11,0.533938973286204
Ca Mau,2013-11-12,2013,11,12,0.2557353212384389
Ca Mau,2013-11-13,2013,11,13,2.88814216822458
Ca Mau,2013-11-14,2013,11,14,8.487330290731025
Ca Mau,2013-11-15,2013,11,15,15.9409812552609
Ca Mau,2013-11-16,2013,11,16,0.0004210967070534557
Ca Mau,2013-11-17,2013,11,17,0.0
Ca Mau,2013-11-18,2013,11,18,1.6394012132805966
Ca Mau,2013-11-19,2013,11,19,1.7651459361722714
Ca Mau,2013-11-20,2013,11,20,20.221771406102143
Ca Mau,2013-11-21,2013,11,21,3.150307947690932
Ca Mau,2013-11-22,2013,11,22,3.845691666448493
Ca Mau,2013-11-23,2013,11,23,0.0
Ca Mau,2013-11-24,2013,11,24,5.06842121444958
Ca Mau,2013-11-25,2013,11,25,0.7463706190120138
Ca Mau,2013-11-26,2013,11,26,22.011262057554045
Ca Mau,2013-11-27,2013,11,27,13.944517595538066
Ca Mau,2013-11-28,2013,11,28,14.90276873564887
Ca Mau,2013-11-29,2013,11,29,0.106556656877392
Ca Mau,2013-11-30,2013,11,30,0.7307830680580644
Ca Mau,2013-12-01,2013,12,1,0.076601022388223
Ca Mau,2013-12-02,2013,12,2,0.0
Ca Mau,2013-12-03,2013,12,3,0.3504688735722488
Ca Mau,2013-12-04,2013,12,4,1.1315963627835863
Ca Mau,2013-12-05,2013,12,5,0.0
Ca Mau,2013-12-06,2013,12,6,0.0
Ca Mau,2013-12-07,2013,12,7,0.0
Ca Mau,2013-12-08,2013,12,8,3.3778744368321814
Ca Mau,2013-12-09,2013,12,9,1.2809884567556968
Ca Mau,2013-12-10,2013,12,10,0.5172464404493897
Ca Mau,2013-12-11,2013,12,11,0.0
Ca Mau,2013-12-12,2013,12,12,2.3199288015318045
Ca Mau,2013-12-13,2013,12,13,0.5390019581811967
Ca Mau,2013-12-14,2013,12,14,5.570180371160447
Ca Mau,2013-12-15,2013,12,15,0.3480613151297173
Ca Mau,2013-12-16,2013,12,16,0.2128224216284458
Ca Mau,2013-12-17,2013,12,17,4.021087755675472
Ca Mau,2013-12-18,2013,12,18,0.0003041112851779436
Ca Mau,2013-12-19,2013,12,19,0.0
Ca Mau,2013-12-20,2013,12,20,0.0
Ca Mau,2013-12-21,2013,12,21,7.184585334600247
Ca Mau,2013-12-22,2013,12,22,0.0
Ca Mau,2013-12-23,2013,12,23,0.0
Ca Mau,2013-12-24,2013,12,24,0.3798628119524331
Ca Mau,2013-12-25,2013,12,25,1.390081245474689
Ca Mau,2013-12-26,2013,12,26,4.650757627798181
Ca Mau,2013-12-27,2013,12,27,2.778459374100296
Ca Mau,2013-12-28,2013,12,28,0.0874510067802242
Ca Mau,2013-12-29,2013,12,29,0.0
Ca Mau,2013-12-30,2013,12,30,2.630945872853285
Ca Mau,2013-12-31,2013,12,31,12.656821708914524
Ca Mau,2014-01-01,2014,1,1,4.263359412726605
Ca Mau,2014-01-02,2014,1,2,5.959373821919964
Ca Mau,2014-01-03,2014,1,3,0.0
Ca Mau,2014-01-04,2014,1,4,0.0
Ca Mau,2014-01-05,2014,1,5,0.0
Ca Mau,2014-01-06,2014,1,6,0.7458385198930012
Ca Mau,2014-01-07,2014,1,7,0.0827250279882582
Ca Mau,2014-01-08,2014,1,8,0.1410965520568741
Ca Mau,2014-01-09,2014,1,9,0.1507192096856514
Ca Mau,2014-01-10,2014,1,10,0.0
Ca Mau,2014-01-11,2014,1,11,0.0
Ca Mau,2014-01-12,2014,1,12,0.0
Ca Mau,2014-01-13,2014,1,13,0.0
Ca Mau,2014-01-14,2014,1,14,0.0967780568669612
Ca Mau,2014-01-15,2014,1,15,0.1221741661879864
Ca Mau,2014-01-16,2014,1,16,0.1246958358265108
Ca Mau,2014-01-17,2014,1,17,0.0634037452235259
Ca Mau,2014-01-18,2014,1,18,0.0
Ca Mau,2014-01-19,2014,1,19,0.0
Ca Mau,2014-01-20,2014,1,20,0.0
Ca Mau,2014-01-21,2014,1,21,0.0
Ca Mau,2014-01-22,2014,1,22,0.0
Ca Mau,2014-01-23,2014,1,23,0.0
Ca Mau,2014-01-24,2014,1,24,0.0
Ca Mau,2014-01-25,2014,1,25,0.0
Ca Mau,2014-01-26,2014,1,26,0.0
Ca Mau,2014-01-27,2014,1,27,0.0
Ca Mau,2014-01-28,2014,1,28,0.0
Ca Mau,2014-01-29,2014,1,29,0.0
Ca Mau,2014-01-30,2014,1,30,0.0
Ca Mau,2014-01-31,2014,1,31,0.0
Ca Mau,2014-02-01,2014,2,1,0.0
Ca Mau,2014-02-02,2014,2,2,0.0
Ca Mau,2014-02-03,2014,2,3,0.0
Ca Mau,2014-02-04,2014,2,4,1.5362556212127862
Ca Mau,2014-02-05,2014,2,5,0.1982153885679133
Ca Mau,2014-02-06,2014,2,6,0.0
Ca Mau,2014-02-07,2014,2,7,0.0
Ca Mau,2014-02-08,2014,2,8,0.0
Ca Mau,2014-02-09,2014,2,9,0.0
Ca Mau,2014-02-10,2014,2,10,0.0
Ca Mau,2014-02-11,2014,2,11,0.0
Ca Mau,2014-02-12,2014,2,12,0.0
Ca Mau,2014-02-13,2014,2,13,0.0
Ca Mau,2014-02-14,2014,2,14,0.0
Ca Mau,2014-02-15,2014,2,15,0.0
Ca Mau,2014-02-16,2014,2,16,0.0
Ca Mau,2014-02-17,2014,2,17,0.0215968280634251
Ca Mau,2014-02-18,2014,2,18,0.0
Ca Mau,2014-02-19,2014,2,19,0.0
Ca Mau,2014-02-20,2014,2,20,0.0
Ca Mau,2014-02-21,2014,2,21,0.0
Ca Mau,2014-02-22,2014,2,22,0.0798523056342243
Ca Mau,2014-02-23,2014,2,23,0.0018632428623744
Ca Mau,2014-02-24,2014,2,24,0.0
Ca Mau,2014-02-25,2014,2,25,0.0
Ca Mau,2014-02-26,2014,2,26,0.0
Ca Mau,2014-02-27,2014,2,27,0.002574962736113
Ca Mau,2014-02-28,2014,2,28,0.0
Ca Mau,2014-03-01,2014,3,1,0.9170727211905436
Ca Mau,2014-03-02,2014,3,2,0.0
Ca Mau,2014-03-03,2014,3,3,0.1125488415216304
Ca Mau,2014-03-04,2014,3,4,0.0
Ca Mau,2014-03-05,2014,3,5,0.0
Ca Mau,2014-03-06,2014,3,6,0.0
Ca Mau,2014-03-07,2014,3,7,0.0901630112299968
Ca Mau,2014-03-08,2014,3,8,2.601744427362587
Ca Mau,2014-03-09,2014,3,9,0.0
Ca Mau,2014-03-10,2014,3,10,0.0496375793557357
Ca Mau,2014-03-11,2014,3,11,0.0
Ca Mau,2014-03-12,2014,3,12,0.0
Ca Mau,2014-03-13,2014,3,13,0.0
Ca Mau,2014-03-14,2014,3,14,1.1469469826168497
Ca Mau,2014-03-15,2014,3,15,0.0035034659551738
Ca Mau,2014-03-16,2014,3,16,0.3651845093406603
Ca Mau,2014-03-17,2014,3,17,0.0
Ca Mau,2014-03-18,2014,3,18,0.0
Ca Mau,2014-03-19,2014,3,19,0.0
Ca Mau,2014-03-20,2014,3,20,0.0438297281566525
Ca Mau,2014-03-21,2014,3,21,0.0
Ca Mau,2014-03-22,2014,3,22,0.0
Ca Mau,2014-03-23,2014,3,23,0.0
Ca Mau,2014-03-24,2014,3,24,0.0
Ca Mau,2014-03-25,2014,3,25,0.0
Ca Mau,2014-03-26,2014,3,26,0.0
Ca Mau,2014-03-27,2014,3,27,0.1007886707215168
Ca Mau,2014-03-28,2014,3,28,0.0
Ca Mau,2014-03-29,2014,3,29,3.15287854012548
Ca Mau,2014-03-30,2014,3,30,0.0
Ca Mau,2014-03-31,2014,3,31,0.0
Ca Mau,2014-04-01,2014,4,1,2.011667428306218
Ca Mau,2014-04-02,2014,4,2,0.0
Ca Mau,2014-04-03,2014,4,3,0.0
Ca Mau,2014-04-04,2014,4,4,10.072357925269957
Ca Mau,2014-04-05,2014,4,5,1.228075973293153
Ca Mau,2014-04-06,2014,4,6,0.4048547616370356
Ca Mau,2014-04-07,2014,4,7,2.6091061288619284
Ca Mau,2014-04-08,2014,4,8,0.3212931999056055
Ca Mau,2014-04-09,2014,4,9,0.3027046687603719
Ca Mau,2014-04-10,2014,4,10,0.061042095330671
Ca Mau,2014-04-11,2014,4,11,0.3153322672622309
Ca Mau,2014-04-12,2014,4,12,2.502426446979684
Ca Mau,2014-04-13,2014,4,13,0.0
Ca Mau,2014-04-14,2014,4,14,2.317709172998152
Ca Mau,2014-04-15,2014,4,15,0.0
Ca Mau,2014-04-16,2014,4,16,0.3037564603762732
Ca Mau,2014-04-17,2014,4,17,0.6314402969786055
Ca Mau,2014-04-18,2014,4,18,0.0
Ca Mau,2014-04-19,2014,4,19,0.0
Ca Mau,2014-04-20,2014,4,20,0.088974447655148
Ca Mau,2014-04-21,2014,4,21,0.2932681354593843
Ca Mau,2014-04-22,2014,4,22,0.5828340258787162
Ca Mau,2014-04-23,2014,4,23,0.7371857223408401
Ca Mau,2014-04-24,2014,4,24,0.1345797799788911
Ca Mau,2014-04-25,2014,4,25,0.0
Ca Mau,2014-04-26,2014,4,26,0.0897290090317449
Ca Mau,2014-04-27,2014,4,27,0.2806484451091781
Ca Mau,2014-04-28,2014,4,28,18.168073688517755
Ca Mau,2014-04-29,2014,4,29,2.250637690958983
Ca Mau,2014-04-30,2014,4,30,16.701562983588634
Ca Mau,2014-05-01,2014,5,1,4.645459227583754
Ca Mau,2014-05-02,2014,5,2,5.659984857033142
Ca Mau,2014-05-03,2014,5,3,1.889301352743443
Ca Mau,2014-05-04,2014,5,4,3.096952293288896
Ca Mau,2014-05-05,2014,5,5,0.6539666728266353
Ca Mau,2014-05-06,2014,5,6,0.6273957587274057
Ca Mau,2014-05-07,2014,5,7,1.3242245371686585
Ca Mau,2014-05-08,2014,5,8,3.6883615333870736
Ca Mau,2014-05-09,2014,5,9,5.768835356483796
Ca Mau,2014-05-10,2014,5,10,5.580988669234188
Ca Mau,2014-05-11,2014,5,11,19.48701829813701
Ca Mau,2014-05-12,2014,5,12,7.119428536218414
Ca Mau,2014-05-13,2014,5,13,6.78017338847307
Ca Mau,2014-05-14,2014,5,14,16.657698514293585
Ca Mau,2014-05-15,2014,5,15,8.20405645097326
Ca Mau,2014-05-16,2014,5,16,7.539620682232291
Ca Mau,2014-05-17,2014,5,17,4.057780897454274
Ca Mau,2014-05-18,2014,5,18,2.528869404267191
Ca Mau,2014-05-19,2014,5,19,5.923429378723904
Ca Mau,2014-05-20,2014,5,20,11.37206028681136
Ca Mau,2014-05-21,2014,5,21,10.724202556902728
Ca Mau,2014-05-22,2014,5,22,9.886710477652802
Ca Mau,2014-05-23,2014,5,23,1.3579872830792317
Ca Mau,2014-05-24,2014,5,24,8.825399028121563
Ca Mau,2014-05-25,2014,5,25,3.2968277594180475
Ca Mau,2014-05-26,2014,5,26,2.0245189418095078
Ca Mau,2014-05-27,2014,5,27,1.8396477969284508
Ca Mau,2014-05-28,2014,5,28,4.992930127620844
Ca Mau,2014-05-29,2014,5,29,3.265526105475216
Ca Mau,2014-05-30,2014,5,30,2.8922520936066984
Ca Mau,2014-05-31,2014,5,31,8.772093221441615
Ca Mau,2014-06-01,2014,6,1,5.216297892842357
Ca Mau,2014-06-02,2014,6,2,15.846309097422942
Ca Mau,2014-06-03,2014,6,3,16.43420100085969
Ca Mau,2014-06-04,2014,6,4,4.027414864197177
Ca Mau,2014-06-05,2014,6,5,14.450715831925752
Ca Mau,2014-06-06,2014,6,6,4.524678613499548
Ca Mau,2014-06-07,2014,6,7,2.565593210338394
Ca Mau,2014-06-08,2014,6,8,4.15957531105038
Ca Mau,2014-06-09,2014,6,9,14.741029304002916
Ca Mau,2014-06-10,2014,6,10,5.115828358632444
Ca Mau,2014-06-11,2014,6,11,20.94942368285905
Ca Mau,2014-06-12,2014,6,12,14.1114363648547
Ca Mau,2014-06-13,2014,6,13,7.285379157569421
Ca Mau,2014-06-14,2014,6,14,17.32992516476954
Ca Mau,2014-06-15,2014,6,15,5.94397381877813
Ca Mau,2014-06-16,2014,6,16,6.021001480871131
Ca Mau,2014-06-17,2014,6,17,3.9508426665196703
Ca Mau,2014-06-18,2014,6,18,12.941916330058714
Ca Mau,2014-06-19,2014,6,19,7.986676292090781
Ca Mau,2014-06-20,2014,6,20,5.440600860751312
Ca Mau,2014-06-21,2014,6,21,19.95191287043918
Ca Mau,2014-06-22,2014,6,22,6.841950501656522
Ca Mau,2014-06-23,2014,6,23,8.338754704706332
Ca Mau,2014-06-24,2014,6,24,10.698137350074113
Ca Mau,2014-06-25,2014,6,25,8.987558329317999
Ca Mau,2014-06-26,2014,6,26,0.0072561829669588
Ca Mau,2014-06-27,2014,6,27,0.3250302991941302
Ca Mau,2014-06-28,2014,6,28,3.4136637311604465
Ca Mau,2014-06-29,2014,6,29,26.35415151003556
Ca Mau,2014-06-30,2014,6,30,0.4447797676582148
Ca Mau,2014-07-01,2014,7,1,0.7532961321938357
Ca Mau,2014-07-02,2014,7,2,1.8826455939493565
Ca Mau,2014-07-03,2014,7,3,6.3491456975221245
Ca Mau,2014-07-04,2014,7,4,10.405180399325268
Ca Mau,2014-07-05,2014,7,5,11.416936567483395
Ca Mau,2014-07-06,2014,7,6,3.3989410648322904
Ca Mau,2014-07-07,2014,7,7,0.5526589397093263
Ca Mau,2014-07-08,2014,7,8,8.590258887166021
Ca Mau,2014-07-09,2014,7,9,17.636252163399238
Ca Mau,2014-07-10,2014,7,10,0.00027089073190954326
Ca Mau,2014-07-11,2014,7,11,0.0
Ca Mau,2014-07-12,2014,7,12,3.046700371359505
Ca Mau,2014-07-13,2014,7,13,18.27412101321887
Ca Mau,2014-07-14,2014,7,14,1.8845187126418992
Ca Mau,2014-07-15,2014,7,15,4.767672677349838
Ca Mau,2014-07-16,2014,7,16,0.0
Ca Mau,2014-07-17,2014,7,17,22.31811119234044
Ca Mau,2014-07-18,2014,7,18,4.940816843046607
Ca Mau,2014-07-19,2014,7,19,5.0920524659871775
Ca Mau,2014-07-20,2014,7,20,0.0
Ca Mau,2014-07-21,2014,7,21,29.22628724394861
Ca Mau,2014-07-22,2014,7,22,16.678535431425264
Ca Mau,2014-07-23,2014,7,23,22.236470652354537
Ca Mau,2014-07-24,2014,7,24,20.767015345872103
Ca Mau,2014-07-25,2014,7,25,9.302078501836029
Ca Mau,2014-07-26,2014,7,26,7.765457979280692
Ca Mau,2014-07-27,2014,7,27,0.2208068279466145
Ca Mau,2014-07-28,2014,7,28,12.472530696716753
Ca Mau,2014-07-29,2014,7,29,6.128625449833737
Ca Mau,2014-07-30,2014,7,30,23.584631569350226
Ca Mau,2014-07-31,2014,7,31,16.45478850271567
Ca Mau,2014-08-01,2014,8,1,3.179089089587531
Ca Mau,2014-08-02,2014,8,2,0.0
Ca Mau,2014-08-03,2014,8,3,1.5092450699880449
Ca Mau,2014-08-04,2014,8,4,2.0068596244182677
Ca Mau,2014-08-05,2014,8,5,5.423656686667484
Ca Mau,2014-08-06,2014,8,6,2.134802702037301
Ca Mau,2014-08-07,2014,8,7,1.0033270055056525
Ca Mau,2014-08-08,2014,8,8,3.9062113573249935
Ca Mau,2014-08-09,2014,8,9,0.3286257308999025
Ca Mau,2014-08-10,2014,8,10,0.2913085497384205
Ca Mau,2014-08-11,2014,8,11,1.7118007393132684
Ca Mau,2014-08-12,2014,8,12,0.1144294583091136
Ca Mau,2014-08-13,2014,8,13,1.359508261620603
Ca Mau,2014-08-14,2014,8,14,3.1141231300347605
Ca Mau,2014-08-15,2014,8,15,3.6696544697512734
Ca Mau,2014-08-16,2014,8,16,0.3923452688739192
Ca Mau,2014-08-17,2014,8,17,5.704655284978712
Ca Mau,2014-08-18,2014,8,18,16.166355302428972
Ca Mau,2014-08-19,2014,8,19,5.911380012935208
Ca Mau,2014-08-20,2014,8,20,3.721812792361108
Ca Mau,2014-08-21,2014,8,21,1.366247901641184
Ca Mau,2014-08-22,2014,8,22,1.2348624267395782
Ca Mau,2014-08-23,2014,8,23,5.156419285506626
Ca Mau,2014-08-24,2014,8,24,0.8541930811671137
Ca Mau,2014-08-25,2014,8,25,26.713656127236643
Ca Mau,2014-08-26,2014,8,26,25.23500155198964
Ca Mau,2014-08-27,2014,8,27,34.291847159795495
Ca Mau,2014-08-28,2014,8,28,21.984735157435363
Ca Mau,2014-08-29,2014,8,29,29.38421575500752
Ca Mau,2014-08-30,2014,8,30,0.1297806667337395
Ca Mau,2014-08-31,2014,8,31,0.4977864725413894
Ca Mau,2014-09-01,2014,9,1,14.36717103310876
Ca Mau,2014-09-02,2014,9,2,0.1391678329156273
Ca Mau,2014-09-03,2014,9,3,0.0690689242051907
Ca Mau,2014-09-04,2014,9,4,8.923886137905264
Ca Mau,2014-09-05,2014,9,5,27.35635824646563
Ca Mau,2014-09-06,2014,9,6,38.69657572235422
Ca Mau,2014-09-07,2014,9,7,5.322807222820973
Ca Mau,2014-09-08,2014,9,8,5.638455367992841
Ca Mau,2014-09-09,2014,9,9,5.702380173250657
Ca Mau,2014-09-10,2014,9,10,31.17714493291988
Ca Mau,2014-09-11,2014,9,11,7.556663120347903
Ca Mau,2014-09-12,2014,9,12,2.580336296798025
Ca Mau,2014-09-13,2014,9,13,5.095912629848816
Ca Mau,2014-09-14,2014,9,14,5.968641492735234
Ca Mau,2014-09-15,2014,9,15,20.400050043230912
Ca Mau,2014-09-16,2014,9,16,25.799145887965103
Ca Mau,2014-09-17,2014,9,17,1.0184149617980156
Ca Mau,2014-09-18,2014,9,18,0.0
Ca Mau,2014-09-19,2014,9,19,0.6984155948263706
Ca Mau,2014-09-20,2014,9,20,3.841597698809087
Ca Mau,2014-09-21,2014,9,21,2.507408815189441
Ca Mau,2014-09-22,2014,9,22,3.0929217520885026
Ca Mau,2014-09-23,2014,9,23,0.0
Ca Mau,2014-09-24,2014,9,24,0.0
Ca Mau,2014-09-25,2014,9,25,0.0
Ca Mau,2014-09-26,2014,9,26,0.0
Ca Mau,2014-09-27,2014,9,27,10.651883870453332
Ca Mau,2014-09-28,2014,9,28,19.12156387618964
Ca Mau,2014-09-29,2014,9,29,6.274661112473121
Ca Mau,2014-09-30,2014,9,30,13.26271841072331
Ca Mau,2014-10-01,2014,10,1,17.54044163112666
Ca Mau,2014-10-02,2014,10,2,4.542690688214901
Ca Mau,2014-10-03,2014,10,3,10.406890450088268
Ca Mau,2014-10-04,2014,10,4,20.272989596968845
Ca Mau,2014-10-05,2014,10,5,33.293972286791
Ca Mau,2014-10-06,2014,10,6,2.0532233477215382
Ca Mau,2014-10-07,2014,10,7,1.6140127032815046
Ca Mau,2014-10-08,2014,10,8,5.763628169155471
Ca Mau,2014-10-09,2014,10,9,0.2958496094939211
Ca Mau,2014-10-10,2014,10,10,28.60509131220873
Ca Mau,2014-10-11,2014,10,11,20.925083141355024
Ca Mau,2014-10-12,2014,10,12,0.5545495219771925
Ca Mau,2014-10-13,2014,10,13,0.8867305258363308
Ca Mau,2014-10-14,2014,10,14,4.625445884176078
Ca Mau,2014-10-15,2014,10,15,0.0005521816995440835
Ca Mau,2014-10-16,2014,10,16,4.876167020160243
Ca Mau,2014-10-17,2014,10,17,7.199178223940743
Ca Mau,2014-10-18,2014,10,18,2.322698647203657
Ca Mau,2014-10-19,2014,10,19,5.001414294326467
Ca Mau,2014-10-20,2014,10,20,0.7397855484662209
Ca Mau,2014-10-21,2014,10,21,5.607690366131438
Ca Mau,2014-10-22,2014,10,22,13.922370049206068
Ca Mau,2014-10-23,2014,10,23,9.58584010805552
Ca Mau,2014-10-24,2014,10,24,9.453937116149984
Ca Mau,2014-10-25,2014,10,25,1.1426497608639457
Ca Mau,2014-10-26,2014,10,26,0.1278109544890391
Ca Mau,2014-10-27,2014,10,27,9.952419921472003
Ca Mau,2014-10-28,2014,10,28,7.114779410701351
Ca Mau,2014-10-29,2014,10,29,2.8952333966344423
Ca Mau,2014-10-30,2014,10,30,32.93481741851015
Ca Mau,2014-10-31,2014,10,31,2.947049912997717
Ca Mau,2014-11-01,2014,11,1,16.512566345580552
Ca Mau,2014-11-02,2014,11,2,9.38755812240988
Ca Mau,2014-11-03,2014,11,3,37.73854559638337
Ca Mau,2014-11-04,2014,11,4,6.392855172704328
Ca Mau,2014-11-05,2014,11,5,4.733416623331186
Ca Mau,2014-11-06,2014,11,6,13.686476200008194
Ca Mau,2014-11-07,2014,11,7,26.921677116498337
Ca Mau,2014-11-08,2014,11,8,18.1817622127275
Ca Mau,2014-11-09,2014,11,9,0.5091197253210515
Ca Mau,2014-11-10,2014,11,10,0.2155691136616173
Ca Mau,2014-11-11,2014,11,11,0.1639482080305791
Ca Mau,2014-11-12,2014,11,12,11.173030036878847
Ca Mau,2014-11-13,2014,11,13,0.961863887110025
Ca Mau,2014-11-14,2014,11,14,0.0590632575617015
Ca Mau,2014-11-15,2014,11,15,0.7601850217224035
Ca Mau,2014-11-16,2014,11,16,0.0
Ca Mau,2014-11-17,2014,11,17,0.0
Ca Mau,2014-11-18,2014,11,18,0.2688710607921631
Ca Mau,2014-11-19,2014,11,19,5.391028446344685
Ca Mau,2014-11-20,2014,11,20,5.775779016036656
Ca Mau,2014-11-21,2014,11,21,0.0006881216957606602
Ca Mau,2014-11-22,2014,11,22,27.331885249467696
Ca Mau,2014-11-23,2014,11,23,0.0
Ca Mau,2014-11-24,2014,11,24,0.5242087062822146
Ca Mau,2014-11-25,2014,11,25,9.601143384696927
Ca Mau,2014-11-26,2014,11,26,26.972512963199776
Ca Mau,2014-11-27,2014,11,27,0.1579813041702868
Ca Mau,2014-11-28,2014,11,28,1.9535453844693875
Ca Mau,2014-11-29,2014,11,29,6.210979035306621
Ca Mau,2014-11-30,2014,11,30,2.824277682849257
Ca Mau,2014-12-01,2014,12,1,29.565775781059077
Ca Mau,2014-12-02,2014,12,2,1.7220176247994738
Ca Mau,2014-12-03,2014,12,3,0.0
Ca Mau,2014-12-04,2014,12,4,0.0152035060968191
Ca Mau,2014-12-05,2014,12,5,2.063615198574844
Ca Mau,2014-12-06,2014,12,6,4.55048527437946
Ca Mau,2014-12-07,2014,12,7,0.8566890903348793
Ca Mau,2014-12-08,2014,12,8,0.0
Ca Mau,2014-12-09,2014,12,9,0.0
Ca Mau,2014-12-10,2014,12,10,0.0
Ca Mau,2014-12-11,2014,12,11,0.0
Ca Mau,2014-12-12,2014,12,12,0.0
Ca Mau,2014-12-13,2014,12,13,2.701475416221167
Ca Mau,2014-12-14,2014,12,14,0.4254282953481144
Ca Mau,2014-12-15,2014,12,15,0.0
Ca Mau,2014-12-16,2014,12,16,10.050526423868533
Ca Mau,2014-12-17,2014,12,17,0.7823252397281953
Ca Mau,2014-12-18,2014,12,18,4.068651954308965
Ca Mau,2014-12-19,2014,12,19,0.3862541451455605
Ca Mau,2014-12-20,2014,12,20,8.509315751893888
Ca Mau,2014-12-21,2014,12,21,0.0
Ca Mau,2014-12-22,2014,12,22,0.0
Ca Mau,2014-12-23,2014,12,23,0.0003470502244229762
Ca Mau,2014-12-24,2014,12,24,0.011806466685385
Ca Mau,2014-12-25,2014,12,25,0.00028970738492248435
Ca Mau,2014-12-26,2014,12,26,0.0477681741424742
Ca Mau,2014-12-27,2014,12,27,0.0
Ca Mau,2014-12-28,2014,12,28,4.661557691255101
Ca Mau,2014-12-29,2014,12,29,0.3337150011504433
Ca Mau,2014-12-30,2014,12,30,0.0
Ca Mau,2014-12-31,2014,12,31,0.0
Ca Mau,2015-01-01,2015,1,1,0.0
Ca Mau,2015-01-02,2015,1,2,2.239338363024172
Ca Mau,2015-01-03,2015,1,3,2.5640588211033077
Ca Mau,2015-01-04,2015,1,4,0.110771024349667
Ca Mau,2015-01-05,2015,1,5,12.26755904665773
Ca Mau,2015-01-06,2015,1,6,0.1002329917852074
Ca Mau,2015-01-07,2015,1,7,0.995301218027702
Ca Mau,2015-01-08,2015,1,8,0.0
Ca Mau,2015-01-09,2015,1,9,0.0572274454915502
Ca Mau,2015-01-10,2015,1,10,0.0
Ca Mau,2015-01-11,2015,1,11,0.0
Ca Mau,2015-01-12,2015,1,12,0.0
Ca Mau,2015-01-13,2015,1,13,0.0
Ca Mau,2015-01-14,2015,1,14,0.0
Ca Mau,2015-01-15,2015,1,15,0.0
Ca Mau,2015-01-16,2015,1,16,0.0
Ca Mau,2015-01-17,2015,1,17,0.0
Ca Mau,2015-01-18,2015,1,18,0.0
Ca Mau,2015-01-19,2015,1,19,0.0
Ca Mau,2015-01-20,2015,1,20,0.0
Ca Mau,2015-01-21,2015,1,21,0.0
Ca Mau,2015-01-22,2015,1,22,0.0
Ca Mau,2015-01-23,2015,1,23,0.0
Ca Mau,2015-01-24,2015,1,24,0.0
Ca Mau,2015-01-25,2015,1,25,0.0
Ca Mau,2015-01-26,2015,1,26,0.0
Ca Mau,2015-01-27,2015,1,27,0.1637128530275144
Ca Mau,2015-01-28,2015,1,28,0.0
Ca Mau,2015-01-29,2015,1,29,0.0
Ca Mau,2015-01-30,2015,1,30,0.0
Ca Mau,2015-01-31,2015,1,31,0.0
Ca Mau,2015-02-01,2015,2,1,0.0
Ca Mau,2015-02-02,2015,2,2,0.0
Ca Mau,2015-02-03,2015,2,3,0.030340659933248
Ca Mau,2015-02-04,2015,2,4,0.0047509737646132
Ca Mau,2015-02-05,2015,2,5,0.0
Ca Mau,2015-02-06,2015,2,6,0.0
Ca Mau,2015-02-07,2015,2,7,0.0
Ca Mau,2015-02-08,2015,2,8,0.0
Ca Mau,2015-02-09,2015,2,9,0.0
Ca Mau,2015-02-10,2015,2,10,0.0
Ca Mau,2015-02-11,2015,2,11,0.0
Ca Mau,2015-02-12,2015,2,12,0.0
Ca Mau,2015-02-13,2015,2,13,0.0
Ca Mau,2015-02-14,2015,2,14,0.0
Ca Mau,2015-02-15,2015,2,15,0.0
Ca Mau,2015-02-16,2015,2,16,0.0
Ca Mau,2015-02-17,2015,2,17,0.0874630859867189
Ca Mau,2015-02-18,2015,2,18,0.0
Ca Mau,2015-02-19,2015,2,19,3.336915926505535
Ca Mau,2015-02-20,2015,2,20,0.0
Ca Mau,2015-02-21,2015,2,21,0.0
Ca Mau,2015-02-22,2015,2,22,0.0
Ca Mau,2015-02-23,2015,2,23,0.0005380026410539899
Ca Mau,2015-02-24,2015,2,24,0.0
Ca Mau,2015-02-25,2015,2,25,0.0
Ca Mau,2015-02-26,2015,2,26,0.0
Ca Mau,2015-02-27,2015,2,27,0.0
Ca Mau,2015-02-28,2015,2,28,0.0181907005360329
Ca Mau,2015-03-01,2015,3,1,0.4598187385363441
Ca Mau,2015-03-02,2015,3,2,0.0
Ca Mau,2015-03-03,2015,3,3,0.3456262384677597
Ca Mau,2015-03-04,2015,3,4,0.0
Ca Mau,2015-03-05,2015,3,5,0.0
Ca Mau,2015-03-06,2015,3,6,0.0
Ca Mau,2015-03-07,2015,3,7,0.011228902902828
Ca Mau,2015-03-08,2015,3,8,0.0
Ca Mau,2015-03-09,2015,3,9,0.0
Ca Mau,2015-03-10,2015,3,10,0.0
Ca Mau,2015-03-11,2015,3,11,0.0
Ca Mau,2015-03-12,2015,3,12,0.0696144270943759
Ca Mau,2015-03-13,2015,3,13,0.3294625458822214
Ca Mau,2015-03-14,2015,3,14,3.919404518124992
Ca Mau,2015-03-15,2015,3,15,0.5454074630813345
Ca Mau,2015-03-16,2015,3,16,0.0
Ca Mau,2015-03-17,2015,3,17,0.0
Ca Mau,2015-03-18,2015,3,18,0.0
Ca Mau,2015-03-19,2015,3,19,0.0
Ca Mau,2015-03-20,2015,3,20,0.2950087939011792
Ca Mau,2015-03-21,2015,3,21,0.0
Ca Mau,2015-03-22,2015,3,22,0.0
Ca Mau,2015-03-23,2015,3,23,0.0
Ca Mau,2015-03-24,2015,3,24,0.0
Ca Mau,2015-03-25,2015,3,25,0.0
Ca Mau,2015-03-26,2015,3,26,0.0
Ca Mau,2015-03-27,2015,3,27,0.0
Ca Mau,2015-03-28,2015,3,28,0.6865598098966132
Ca Mau,2015-03-29,2015,3,29,0.0
Ca Mau,2015-03-30,2015,3,30,0.0
Ca Mau,2015-03-31,2015,3,31,0.0
Ca Mau,2015-04-01,2015,4,1,0.0065934771025483
Ca Mau,2015-04-02,2015,4,2,0.0
Ca Mau,2015-04-03,2015,4,3,0.0
Ca Mau,2015-04-04,2015,4,4,0.0043135846288201
Ca Mau,2015-04-05,2015,4,5,0.0
Ca Mau,2015-04-06,2015,4,6,0.0
Ca Mau,2015-04-07,2015,4,7,0.0
Ca Mau,2015-04-08,2015,4,8,0.0
Ca Mau,2015-04-09,2015,4,9,0.0
Ca Mau,2015-04-10,2015,4,10,0.0
Ca Mau,2015-04-11,2015,4,11,0.4873617128654867
Ca Mau,2015-04-12,2015,4,12,6.710893740280654
Ca Mau,2015-04-13,2015,4,13,26.80863684799609
Ca Mau,2015-04-14,2015,4,14,0.00023420306402365567
Ca Mau,2015-04-15,2015,4,15,0.0
Ca Mau,2015-04-16,2015,4,16,0.0041058481352216
Ca Mau,2015-04-17,2015,4,17,0.0
Ca Mau,2015-04-18,2015,4,18,0.0
Ca Mau,2015-04-19,2015,4,19,0.0
Ca Mau,2015-04-20,2015,4,20,0.0073434608428769
Ca Mau,2015-04-21,2015,4,21,0.0
Ca Mau,2015-04-22,2015,4,22,3.138372843600856
Ca Mau,2015-04-23,2015,4,23,6.998263761869657
Ca Mau,2015-04-24,2015,4,24,0.6495659627299645
Ca Mau,2015-04-25,2015,4,25,0.0
Ca Mau,2015-04-26,2015,4,26,0.0306967665478497
Ca Mau,2015-04-27,2015,4,27,0.0478769976650212
Ca Mau,2015-04-28,2015,4,28,0.0
Ca Mau,2015-04-29,2015,4,29,0.0848164543725703
Ca Mau,2015-04-30,2015,4,30,0.1761742464864701
Ca Mau,2015-05-01,2015,5,1,2.1068545180736646
Ca Mau,2015-05-02,2015,5,2,0.302640163489452
Ca Mau,2015-05-03,2015,5,3,0.3998916476577558
Ca Mau,2015-05-04,2015,5,4,1.2760476005818822
Ca Mau,2015-05-05,2015,5,5,0.0
Ca Mau,2015-05-06,2015,5,6,0.0
Ca Mau,2015-05-07,2015,5,7,0.1982575912961
Ca Mau,2015-05-08,2015,5,8,0.5184303750582446
Ca Mau,2015-05-09,2015,5,9,0.4265220384445705
Ca Mau,2015-05-10,2015,5,10,5.756453220702108
Ca Mau,2015-05-11,2015,5,11,1.3062963278371815
Ca Mau,2015-05-12,2015,5,12,2.024928336767109
Ca Mau,2015-05-13,2015,5,13,0.0
Ca Mau,2015-05-14,2015,5,14,0.0
Ca Mau,2015-05-15,2015,5,15,0.0
Ca Mau,2015-05-16,2015,5,16,0.0
Ca Mau,2015-05-17,2015,5,17,2.1177314004918264
Ca Mau,2015-05-18,2015,5,18,1.3705090773590318
Ca Mau,2015-05-19,2015,5,19,1.2104210804116344
Ca Mau,2015-05-20,2015,5,20,8.397306398009972
Ca Mau,2015-05-21,2015,5,21,2.031728857977288
Ca Mau,2015-05-22,2015,5,22,22.132422604928077
Ca Mau,2015-05-23,2015,5,23,0.8559122655491159
Ca Mau,2015-05-24,2015,5,24,7.475621259666559
Ca Mau,2015-05-25,2015,5,25,11.766824198136744
Ca Mau,2015-05-26,2015,5,26,16.900517012135655
Ca Mau,2015-05-27,2015,5,27,0.2829430714123483
Ca Mau,2015-05-28,2015,5,28,2.777910809761236
Ca Mau,2015-05-29,2015,5,29,18.16540611902885
Ca Mau,2015-05-30,2015,5,30,26.43043146150902
Ca Mau,2015-05-31,2015,5,31,3.706990091528794
Ca Mau,2015-06-01,2015,6,1,6.90636878319202
Ca Mau,2015-06-02,2015,6,2,4.010244960544188
Ca Mau,2015-06-03,2015,6,3,4.315005419940262
Ca Mau,2015-06-04,2015,6,4,0.0
Ca Mau,2015-06-05,2015,6,5,1.1463601241223835
Ca Mau,2015-06-06,2015,6,6,6.774880022405137
Ca Mau,2015-06-07,2015,6,7,3.8537474006207217
Ca Mau,2015-06-08,2015,6,8,1.8470932864769856
Ca Mau,2015-06-09,2015,6,9,2.810793463361452
Ca Mau,2015-06-10,2015,6,10,13.810574449166351
Ca Mau,2015-06-11,2015,6,11,0.4753111456053507
Ca Mau,2015-06-12,2015,6,12,1.774015607949721
Ca Mau,2015-06-13,2015,6,13,12.118045168657408
Ca Mau,2015-06-14,2015,6,14,14.619875997124735
Ca Mau,2015-06-15,2015,6,15,13.013997684024558
Ca Mau,2015-06-16,2015,6,16,18.09304553694672
Ca Mau,2015-06-17,2015,6,17,23.599503958320746
Ca Mau,2015-06-18,2015,6,18,1.6652235145598402
Ca Mau,2015-06-19,2015,6,19,33.22649199703874
Ca Mau,2015-06-20,2015,6,20,33.89182400845776
Ca Mau,2015-06-21,2015,6,21,21.262160627151133
Ca Mau,2015-06-22,2015,6,22,30.37997779345644
Ca Mau,2015-06-23,2015,6,23,41.08407030213162
Ca Mau,2015-06-24,2015,6,24,28.15456523316516
Ca Mau,2015-06-25,2015,6,25,9.85898099805453
Ca Mau,2015-06-26,2015,6,26,0.9197814126905538
Ca Mau,2015-06-27,2015,6,27,2.231730165376701
Ca Mau,2015-06-28,2015,6,28,19.869657970361303
Ca Mau,2015-06-29,2015,6,29,0.0
Ca Mau,2015-06-30,2015,6,30,0.0
Ca Mau,2015-07-01,2015,7,1,3.2554866506424185
Ca Mau,2015-07-02,2015,7,2,3.644062387800924
Ca Mau,2015-07-03,2015,7,3,7.207840862520665
Ca Mau,2015-07-04,2015,7,4,3.00729275474994
Ca Mau,2015-07-05,2015,7,5,1.409903701800209
Ca Mau,2015-07-06,2015,7,6,14.319431949888855
Ca Mau,2015-07-07,2015,7,7,16.268800312790578
Ca Mau,2015-07-08,2015,7,8,21.63717709342976
Ca Mau,2015-07-09,2015,7,9,12.439070863998362
Ca Mau,2015-07-10,2015,7,10,1.0879408636433328
Ca Mau,2015-07-11,2015,7,11,5.244459080499707
Ca Mau,2015-07-12,2015,7,12,2.399615173724716
Ca Mau,2015-07-13,2015,7,13,10.296381500879582
Ca Mau,2015-07-14,2015,7,14,1.329728724446234
Ca Mau,2015-07-15,2015,7,15,13.845894665278257
Ca Mau,2015-07-16,2015,7,16,0.0
Ca Mau,2015-07-17,2015,7,17,3.8576302940145313
Ca Mau,2015-07-18,2015,7,18,5.5437918573960285
Ca Mau,2015-07-19,2015,7,19,17.129131209979143
Ca Mau,2015-07-20,2015,7,20,0.510695835911053
Ca Mau,2015-07-21,2015,7,21,5.557994974540614
Ca Mau,2015-07-22,2015,7,22,0.0472508780252832
Ca Mau,2015-07-23,2015,7,23,6.580261764338436
Ca Mau,2015-07-24,2015,7,24,0.4747397062946406
Ca Mau,2015-07-25,2015,7,25,3.9048501270065294
Ca Mau,2015-07-26,2015,7,26,5.336419322362405
Ca Mau,2015-07-27,2015,7,27,18.70752252921229
Ca Mau,2015-07-28,2015,7,28,17.687936341270653
Ca Mau,2015-07-29,2015,7,29,12.776596552038065
Ca Mau,2015-07-30,2015,7,30,8.850983815143811
Ca Mau,2015-07-31,2015,7,31,0.6933747114841137
Ca Mau,2015-08-01,2015,8,1,11.196326322024728
Ca Mau,2015-08-02,2015,8,2,2.3884389235524357
Ca Mau,2015-08-03,2015,8,3,0.9185779547226476
Ca Mau,2015-08-04,2015,8,4,8.524843352548377
Ca Mau,2015-08-05,2015,8,5,26.19515105037801
Ca Mau,2015-08-06,2015,8,6,16.120271024340383
Ca Mau,2015-08-07,2015,8,7,27.07255325811447
Ca Mau,2015-08-08,2015,8,8,12.584770235628294
Ca Mau,2015-08-09,2015,8,9,14.399641270252644
Ca Mau,2015-08-10,2015,8,10,10.857722840905916
Ca Mau,2015-08-11,2015,8,11,9.60411948830052
Ca Mau,2015-08-12,2015,8,12,3.0424098163536857
Ca Mau,2015-08-13,2015,8,13,4.58370230955938
Ca Mau,2015-08-14,2015,8,14,1.5278128184279054
Ca Mau,2015-08-15,2015,8,15,2.123729398462837
Ca Mau,2015-08-16,2015,8,16,1.6026008256306787
Ca Mau,2015-08-17,2015,8,17,6.047146667731971
Ca Mau,2015-08-18,2015,8,18,0.0610683763347917
Ca Mau,2015-08-19,2015,8,19,2.3011100536714597
Ca Mau,2015-08-20,2015,8,20,6.298248880188083
Ca Mau,2015-08-21,2015,8,21,5.494715191721198
Ca Mau,2015-08-22,2015,8,22,0.00029338890869066834
Ca Mau,2015-08-23,2015,8,23,6.982592301535566
Ca Mau,2015-08-24,2015,8,24,20.43747978560187
Ca Mau,2015-08-25,2015,8,25,24.577406722543245
Ca Mau,2015-08-26,2015,8,26,0.0281441208817506
Ca Mau,2015-08-27,2015,8,27,0.0
Ca Mau,2015-08-28,2015,8,28,8.164850754417852
Ca Mau,2015-08-29,2015,8,29,0.0929151021187366
Ca Mau,2015-08-30,2015,8,30,0.0
Ca Mau,2015-08-31,2015,8,31,2.1078838142132823
Ca Mau,2015-09-01,2015,9,1,17.146441616379224
Ca Mau,2015-09-02,2015,9,2,5.446789249372383
Ca Mau,2015-09-03,2015,9,3,3.798256998757824
Ca Mau,2015-09-04,2015,9,4,1.0697918197516234
Ca Mau,2015-09-05,2015,9,5,6.620051970149077
Ca Mau,2015-09-06,2015,9,6,0.0135645671525774
Ca Mau,2015-09-07,2015,9,7,2.4015202909672
Ca Mau,2015-09-08,2015,9,8,56.93083672558816
Ca Mau,2015-09-09,2015,9,9,5.125194052569886
Ca Mau,2015-09-10,2015,9,10,6.506581147986285
Ca Mau,2015-09-11,2015,9,11,2.003352355495762
Ca Mau,2015-09-12,2015,9,12,34.658278619854784
Ca Mau,2015-09-13,2015,9,13,42.86818267695131
Ca Mau,2015-09-14,2015,9,14,54.28986824052509
Ca Mau,2015-09-15,2015,9,15,63.59920620514664
Ca Mau,2015-09-16,2015,9,16,43.37335030747154
Ca Mau,2015-09-17,2015,9,17,14.243331035704976
Ca Mau,2015-09-18,2015,9,18,3.2522478236162544
Ca Mau,2015-09-19,2015,9,19,5.184453209472469
Ca Mau,2015-09-20,2015,9,20,13.895151667044637
Ca Mau,2015-09-21,2015,9,21,6.008579058674004
Ca Mau,2015-09-22,2015,9,22,2.2859415690512592
Ca Mau,2015-09-23,2015,9,23,0.0
Ca Mau,2015-09-24,2015,9,24,0.0
Ca Mau,2015-09-25,2015,9,25,1.1025157271689563
Ca Mau,2015-09-26,2015,9,26,14.714606544924088
Ca Mau,2015-09-27,2015,9,27,20.69033631939609
Ca Mau,2015-09-28,2015,9,28,1.185088254898751
Ca Mau,2015-09-29,2015,9,29,4.03399931575468
Ca Mau,2015-09-30,2015,9,30,1.6242218701193676
Ca Mau,2015-10-01,2015,10,1,0.0
Ca Mau,2015-10-02,2015,10,2,4.82170984865208
Ca Mau,2015-10-03,2015,10,3,9.978850229781802
Ca Mau,2015-10-04,2015,10,4,17.46580969594519
Ca Mau,2015-10-05,2015,10,5,3.5928564197423247
Ca Mau,2015-10-06,2015,10,6,0.00025706584176821184
Ca Mau,2015-10-07,2015,10,7,16.775415380711717
Ca Mau,2015-10-08,2015,10,8,7.425415301949978
Ca Mau,2015-10-09,2015,10,9,13.101435471699991
Ca Mau,2015-10-10,2015,10,10,1.2432330369075455
Ca Mau,2015-10-11,2015,10,11,3.1150410835695403
Ca Mau,2015-10-12,2015,10,12,17.640907987794577
Ca Mau,2015-10-13,2015,10,13,1.0256334139977863
Ca Mau,2015-10-14,2015,10,14,3.7970074827916855
Ca Mau,2015-10-15,2015,10,15,7.1888101709580905
Ca Mau,2015-10-16,2015,10,16,10.702316638861562
Ca Mau,2015-10-17,2015,10,17,15.848566793346784
Ca Mau,2015-10-18,2015,10,18,7.51639299778473
Ca Mau,2015-10-19,2015,10,19,1.2108905265037937
Ca Mau,2015-10-20,2015,10,20,11.84021912489938
Ca Mau,2015-10-21,2015,10,21,15.253992444532672
Ca Mau,2015-10-22,2015,10,22,0.0323727269180596
Ca Mau,2015-10-23,2015,10,23,1.2502797724546233
Ca Mau,2015-10-24,2015,10,24,0.00027513621147483275
Ca Mau,2015-10-25,2015,10,25,12.121390865190005
Ca Mau,2015-10-26,2015,10,26,0.277945184055378
Ca Mau,2015-10-27,2015,10,27,3.880256371421713
Ca Mau,2015-10-28,2015,10,28,1.1089831543354347
Ca Mau,2015-10-29,2015,10,29,0.0
Ca Mau,2015-10-30,2015,10,30,1.3530648213596128
Ca Mau,2015-10-31,2015,10,31,14.48955308181091
Ca Mau,2015-11-01,2015,11,1,3.15100205028396
Ca Mau,2015-11-02,2015,11,2,2.23585076583268
Ca Mau,2015-11-03,2015,11,3,9.27483976578302
Ca Mau,2015-11-04,2015,11,4,43.43188282193342
Ca Mau,2015-11-05,2015,11,5,27.19884374766571
Ca Mau,2015-11-06,2015,11,6,15.727096490841252
Ca Mau,2015-11-07,2015,11,7,0.3209728524719502
Ca Mau,2015-11-08,2015,11,8,8.679502875392103
Ca Mau,2015-11-09,2015,11,9,15.533409823718715
Ca Mau,2015-11-10,2015,11,10,8.481114761942171
Ca Mau,2015-11-11,2015,11,11,4.27058548139726
Ca Mau,2015-11-12,2015,11,12,7.966119246046087
Ca Mau,2015-11-13,2015,11,13,9.859581990723816
Ca Mau,2015-11-14,2015,11,14,5.0365027888546265
Ca Mau,2015-11-15,2015,11,15,0.0
Ca Mau,2015-11-16,2015,11,16,0.0
Ca Mau,2015-11-17,2015,11,17,0.0003271563363767162
Ca Mau,2015-11-18,2015,11,18,0.0251541019314866
Ca Mau,2015-11-19,2015,11,19,1.6629186117888728
Ca Mau,2015-11-20,2015,11,20,0.7905308854605155
Ca Mau,2015-11-21,2015,11,21,1.125493829220786
Ca Mau,2015-11-22,2015,11,22,0.0721680926566689
Ca Mau,2015-11-23,2015,11,23,24.226553071727203
Ca Mau,2015-11-24,2015,11,24,0.0007818961986751628
Ca Mau,2015-11-25,2015,11,25,0.2958899758927336
Ca Mau,2015-11-26,2015,11,26,7.084380037807823
Ca Mau,2015-11-27,2015,11,27,3.8840108575139487
Ca Mau,2015-11-28,2015,11,28,0.00021639888815608836
Ca Mau,2015-11-29,2015,11,29,0.789887435387419
Ca Mau,2015-11-30,2015,11,30,0.0003384156952169528
Ca Mau,2015-12-01,2015,12,1,0.0
Ca Mau,2015-12-02,2015,12,2,0.0685488501115462
Ca Mau,2015-12-03,2015,12,3,10.80791534579831
Ca Mau,2015-12-04,2015,12,4,1.1441375935740747
Ca Mau,2015-12-05,2015,12,5,2.689319151722824
Ca Mau,2015-12-06,2015,12,6,0.00020731462136433528
Ca Mau,2015-12-07,2015,12,7,5.326409143982445
Ca Mau,2015-12-08,2015,12,8,0.0
Ca Mau,2015-12-09,2015,12,9,0.2913546591384525
Ca Mau,2015-12-10,2015,12,10,2.8547241549754245
Ca Mau,2015-12-11,2015,12,11,0.0
Ca Mau,2015-12-12,2015,12,12,0.0
Ca Mau,2015-12-13,2015,12,13,0.0
Ca Mau,2015-12-14,2015,12,14,0.0
Ca Mau,2015-12-15,2015,12,15,0.0
Ca Mau,2015-12-16,2015,12,16,9.018568226718488
Ca Mau,2015-12-17,2015,12,17,0.1749438986884929
Ca Mau,2015-12-18,2015,12,18,21.51754182369924
Ca Mau,2015-12-19,2015,12,19,9.105768457983036
Ca Mau,2015-12-20,2015,12,20,23.8404351827996
Ca Mau,2015-12-21,2015,12,21,15.816914310883808
Ca Mau,2015-12-22,2015,12,22,9.294091835469375
Ca Mau,2015-12-23,2015,12,23,0.0007507700423519733
Ca Mau,2015-12-24,2015,12,24,0.0
Ca Mau,2015-12-25,2015,12,25,0.0
Ca Mau,2015-12-26,2015,12,26,0.0
Ca Mau,2015-12-27,2015,12,27,0.0
Ca Mau,2015-12-28,2015,12,28,0.0
Ca Mau,2015-12-29,2015,12,29,0.0
Ca Mau,2015-12-30,2015,12,30,0.0
Ca Mau,2015-12-31,2015,12,31,0.0
Ca Mau,2016-01-01,2016,1,1,0.0
Ca Mau,2016-01-02,2016,1,2,0.0
Ca Mau,2016-01-03,2016,1,3,0.0060255737004502
Ca Mau,2016-01-04,2016,1,4,0.0
Ca Mau,2016-01-05,2016,1,5,0.0
Ca Mau,2016-01-06,2016,1,6,0.3675461471026726
Ca Mau,2016-01-07,2016,1,7,0.0
Ca Mau,2016-01-08,2016,1,8,0.0
Ca Mau,2016-01-09,2016,1,9,0.0
Ca Mau,2016-01-10,2016,1,10,0.0
Ca Mau,2016-01-11,2016,1,11,0.0
Ca Mau,2016-01-12,2016,1,12,0.0
Ca Mau,2016-01-13,2016,1,13,0.00016377172562346645
Ca Mau,2016-01-14,2016,1,14,0.0
Ca Mau,2016-01-15,2016,1,15,0.0
Ca Mau,2016-01-16,2016,1,16,2.5899339675488906
Ca Mau,2016-01-17,2016,1,17,0.0
Ca Mau,2016-01-18,2016,1,18,0.0
Ca Mau,2016-01-19,2016,1,19,0.0
Ca Mau,2016-01-20,2016,1,20,0.4165318742295347
Ca Mau,2016-01-21,2016,1,21,0.0
Ca Mau,2016-01-22,2016,1,22,0.0
Ca Mau,2016-01-23,2016,1,23,0.0
Ca Mau,2016-01-24,2016,1,24,2.3693165647850223
Ca Mau,2016-01-25,2016,1,25,0.2130898820391734
Ca Mau,2016-01-26,2016,1,26,1.582207324300885
Ca Mau,2016-01-27,2016,1,27,0.0
Ca Mau,2016-01-28,2016,1,28,0.0
Ca Mau,2016-01-29,2016,1,29,0.0148485196887221
Ca Mau,2016-01-30,2016,1,30,0.0
Ca Mau,2016-01-31,2016,1,31,0.0
Ca Mau,2016-02-01,2016,2,1,0.0
Ca Mau,2016-02-02,2016,2,2,0.0484590141987822
Ca Mau,2016-02-03,2016,2,3,0.0
Ca Mau,2016-02-04,2016,2,4,0.0
Ca Mau,2016-02-05,2016,2,5,0.0091222286035172
Ca Mau,2016-02-06,2016,2,6,0.176285222650223
Ca Mau,2016-02-07,2016,2,7,0.042785611093729
Ca Mau,2016-02-08,2016,2,8,0.0
Ca Mau,2016-02-09,2016,2,9,1.777551719267936
Ca Mau,2016-02-10,2016,2,10,3.963023936040386
Ca Mau,2016-02-11,2016,2,11,0.4179803715369011
Ca Mau,2016-02-12,2016,2,12,0.3467369203781204
Ca Mau,2016-02-13,2016,2,13,0.0
Ca Mau,2016-02-14,2016,2,14,0.0
Ca Mau,2016-02-15,2016,2,15,0.0
Ca Mau,2016-02-16,2016,2,16,0.0
Ca Mau,2016-02-17,2016,2,17,0.0
Ca Mau,2016-02-18,2016,2,18,0.0
Ca Mau,2016-02-19,2016,2,19,0.0
Ca Mau,2016-02-20,2016,2,20,0.0
Ca Mau,2016-02-21,2016,2,21,0.0
Ca Mau,2016-02-22,2016,2,22,0.0
Ca Mau,2016-02-23,2016,2,23,0.0
Ca Mau,2016-02-24,2016,2,24,0.0
Ca Mau,2016-02-25,2016,2,25,0.0279733237451192
Ca Mau,2016-02-26,2016,2,26,0.0
Ca Mau,2016-02-27,2016,2,27,0.0
Ca Mau,2016-02-28,2016,2,28,0.0
Ca Mau,2016-02-29,2016,2,29,0.0
Ca Mau,2016-03-01,2016,3,1,0.0
Ca Mau,2016-03-02,2016,3,2,0.0
Ca Mau,2016-03-03,2016,3,3,0.2684638018853865
Ca Mau,2016-03-04,2016,3,4,0.0
Ca Mau,2016-03-05,2016,3,5,1.422091163433593
Ca Mau,2016-03-06,2016,3,6,0.8868790840709805
Ca Mau,2016-03-07,2016,3,7,0.0
Ca Mau,2016-03-08,2016,3,8,0.4766012528436002
Ca Mau,2016-03-09,2016,3,9,0.2489397120149638
Ca Mau,2016-03-10,2016,3,10,0.006533396881898
Ca Mau,2016-03-11,2016,3,11,0.0
Ca Mau,2016-03-12,2016,3,12,0.6664453635877395
Ca Mau,2016-03-13,2016,3,13,0.0
Ca Mau,2016-03-14,2016,3,14,0.1026794032622782
Ca Mau,2016-03-15,2016,3,15,0.0511047259387543
Ca Mau,2016-03-16,2016,3,16,0.0
Ca Mau,2016-03-17,2016,3,17,0.2757260747109749
Ca Mau,2016-03-18,2016,3,18,0.0
Ca Mau,2016-03-19,2016,3,19,0.0
Ca Mau,2016-03-20,2016,3,20,0.0
Ca Mau,2016-03-21,2016,3,21,0.0
Ca Mau,2016-03-22,2016,3,22,0.0457900689808965
Ca Mau,2016-03-23,2016,3,23,0.0
Ca Mau,2016-03-24,2016,3,24,0.0
Ca Mau,2016-03-25,2016,3,25,0.0707542389054685
Ca Mau,2016-03-26,2016,3,26,0.0
Ca Mau,2016-03-27,2016,3,27,0.0
Ca Mau,2016-03-28,2016,3,28,0.0
Ca Mau,2016-03-29,2016,3,29,0.0
Ca Mau,2016-03-30,2016,3,30,0.0
Ca Mau,2016-03-31,2016,3,31,0.0
Ca Mau,2016-04-01,2016,4,1,0.0
Ca Mau,2016-04-02,2016,4,2,0.0747585167484459
Ca Mau,2016-04-03,2016,4,3,1.1096701706515262
Ca Mau,2016-04-04,2016,4,4,0.0
Ca Mau,2016-04-05,2016,4,5,0.0
Ca Mau,2016-04-06,2016,4,6,0.1987030582937177
Ca Mau,2016-04-07,2016,4,7,0.0
Ca Mau,2016-04-08,2016,4,8,0.0
Ca Mau,2016-04-09,2016,4,9,0.0
Ca Mau,2016-04-10,2016,4,10,0.6503685314203766
Ca Mau,2016-04-11,2016,4,11,0.2146896201409986
Ca Mau,2016-04-12,2016,4,12,0.0
Ca Mau,2016-04-13,2016,4,13,0.0
Ca Mau,2016-04-14,2016,4,14,0.0
Ca Mau,2016-04-15,2016,4,15,0.0
Ca Mau,2016-04-16,2016,4,16,0.0
Ca Mau,2016-04-17,2016,4,17,0.0
Ca Mau,2016-04-18,2016,4,18,0.0148041609949471
Ca Mau,2016-04-19,2016,4,19,0.0
Ca Mau,2016-04-20,2016,4,20,1.7868423796514514
Ca Mau,2016-04-21,2016,4,21,0.0
Ca Mau,2016-04-22,2016,4,22,0.0
Ca Mau,2016-04-23,2016,4,23,0.0
Ca Mau,2016-04-24,2016,4,24,0.8782145677960987
Ca Mau,2016-04-25,2016,4,25,0.0
Ca Mau,2016-04-26,2016,4,26,0.2265603884315837
Ca Mau,2016-04-27,2016,4,27,3.163865981932096
Ca Mau,2016-04-28,2016,4,28,0.0086522981650595
Ca Mau,2016-04-29,2016,4,29,0.0235621727723741
Ca Mau,2016-04-30,2016,4,30,6.440655108680895
Ca Mau,2016-05-01,2016,5,1,0.0
Ca Mau,2016-05-02,2016,5,2,0.1855644731384848
Ca Mau,2016-05-03,2016,5,3,0.0544656236175146
Ca Mau,2016-05-04,2016,5,4,0.0998048661760941
Ca Mau,2016-05-05,2016,5,5,7.266371228399955
Ca Mau,2016-05-06,2016,5,6,10.828733247075297
Ca Mau,2016-05-07,2016,5,7,0.4607055788767383
Ca Mau,2016-05-08,2016,5,8,0.216917046072117
Ca Mau,2016-05-09,2016,5,9,0.108364688108665
Ca Mau,2016-05-10,2016,5,10,0.0
Ca Mau,2016-05-11,2016,5,11,1.4041898033188651
Ca Mau,2016-05-12,2016,5,12,0.4620974796949161
Ca Mau,2016-05-13,2016,5,13,4.154303348059019
Ca Mau,2016-05-14,2016,5,14,2.00451785861599
Ca Mau,2016-05-15,2016,5,15,15.984083423249093
Ca Mau,2016-05-16,2016,5,16,5.7934352285178
Ca Mau,2016-05-17,2016,5,17,0.7279564761246998
Ca Mau,2016-05-18,2016,5,18,7.980241162461447
Ca Mau,2016-05-19,2016,5,19,8.955605504860902
Ca Mau,2016-05-20,2016,5,20,0.4682624980068555
Ca Mau,2016-05-21,2016,5,21,23.622240158854268
Ca Mau,2016-05-22,2016,5,22,30.06332357686369
Ca Mau,2016-05-23,2016,5,23,7.561320280626942
Ca Mau,2016-05-24,2016,5,24,20.150278558465853
Ca Mau,2016-05-25,2016,5,25,18.202011818428865
Ca Mau,2016-05-26,2016,5,26,17.892600600635856
Ca Mau,2016-05-27,2016,5,27,20.843631726276342
Ca Mau,2016-05-28,2016,5,28,15.26026885379038
Ca Mau,2016-05-29,2016,5,29,5.561990457243471
Ca Mau,2016-05-30,2016,5,30,4.670384193746941
Ca Mau,2016-05-31,2016,5,31,3.3769328777499266
Ca Mau,2016-06-01,2016,6,1,4.10181375962323
Ca Mau,2016-06-02,2016,6,2,4.646541112324421
Ca Mau,2016-06-03,2016,6,3,1.7423714110098487
Ca Mau,2016-06-04,2016,6,4,2.305267378967144
Ca Mau,2016-06-05,2016,6,5,2.8355314819527377
Ca Mau,2016-06-06,2016,6,6,14.464304897344109
Ca Mau,2016-06-07,2016,6,7,15.959776810004396
Ca Mau,2016-06-08,2016,6,8,4.478128575626425
Ca Mau,2016-06-09,2016,6,9,0.0129412385796116
Ca Mau,2016-06-10,2016,6,10,0.0
Ca Mau,2016-06-11,2016,6,11,16.251878252678626
Ca Mau,2016-06-12,2016,6,12,7.574434213416866
Ca Mau,2016-06-13,2016,6,13,9.934440181830492
Ca Mau,2016-06-14,2016,6,14,3.1368226766171903
Ca Mau,2016-06-15,2016,6,15,7.280468063309631
Ca Mau,2016-06-16,2016,6,16,18.641119209831047
Ca Mau,2016-06-17,2016,6,17,4.575574846336893
Ca Mau,2016-06-18,2016,6,18,5.132270207725457
Ca Mau,2016-06-19,2016,6,19,32.618161964805715
Ca Mau,2016-06-20,2016,6,20,12.548399984719463
Ca Mau,2016-06-21,2016,6,21,3.8934121395009695
Ca Mau,2016-06-22,2016,6,22,8.587665643430396
Ca Mau,2016-06-23,2016,6,23,9.902851895732129
Ca Mau,2016-06-24,2016,6,24,13.170816733730456
Ca Mau,2016-06-25,2016,6,25,12.649991014596209
Ca Mau,2016-06-26,2016,6,26,15.507006802259442
Ca Mau,2016-06-27,2016,6,27,14.59218731371206
Ca Mau,2016-06-28,2016,6,28,20.806262837581013
Ca Mau,2016-06-29,2016,6,29,3.88560400017624
Ca Mau,2016-06-30,2016,6,30,5.616111126679931
Ca Mau,2016-07-01,2016,7,1,0.0
Ca Mau,2016-07-02,2016,7,2,1.2753775748801497
Ca Mau,2016-07-03,2016,7,3,0.5611584727576922
Ca Mau,2016-07-04,2016,7,4,0.0
Ca Mau,2016-07-05,2016,7,5,3.682361604109804
Ca Mau,2016-07-06,2016,7,6,16.008806327864665
Ca Mau,2016-07-07,2016,7,7,10.662149851418755
Ca Mau,2016-07-08,2016,7,8,1.1436572407148198
Ca Mau,2016-07-09,2016,7,9,21.83610220105718
Ca Mau,2016-07-10,2016,7,10,26.659942255018706
Ca Mau,2016-07-11,2016,7,11,21.3762301780833
Ca Mau,2016-07-12,2016,7,12,7.020625881598467
Ca Mau,2016-07-13,2016,7,13,3.0845346960724496
Ca Mau,2016-07-14,2016,7,14,7.829900476937396
Ca Mau,2016-07-15,2016,7,15,5.057931762256244
Ca Mau,2016-07-16,2016,7,16,8.802338943187209
Ca Mau,2016-07-17,2016,7,17,6.976238709420619
Ca Mau,2016-07-18,2016,7,18,9.277102298214764
Ca Mau,2016-07-19,2016,7,19,5.637617048200454
Ca Mau,2016-07-20,2016,7,20,1.0188985232763816
Ca Mau,2016-07-21,2016,7,21,0.3046306965077587
Ca Mau,2016-07-22,2016,7,22,1.7706241311624813
Ca Mau,2016-07-23,2016,7,23,6.267976255260831
Ca Mau,2016-07-24,2016,7,24,5.576119451827519
Ca Mau,2016-07-25,2016,7,25,9.582072709521514
Ca Mau,2016-07-26,2016,7,26,40.37170017911563
Ca Mau,2016-07-27,2016,7,27,28.27599052819981
Ca Mau,2016-07-28,2016,7,28,27.653854284088656
Ca Mau,2016-07-29,2016,7,29,11.52970972656303
Ca Mau,2016-07-30,2016,7,30,3.1576711761313607
Ca Mau,2016-07-31,2016,7,31,0.2342877372504722
Ca Mau,2016-08-01,2016,8,1,4.519250785794557
Ca Mau,2016-08-02,2016,8,2,48.0318657923783
Ca Mau,2016-08-03,2016,8,3,21.549583310993377
Ca Mau,2016-08-04,2016,8,4,26.0751280681362
Ca Mau,2016-08-05,2016,8,5,2.889445676714941
Ca Mau,2016-08-06,2016,8,6,1.1611226922421392
Ca Mau,2016-08-07,2016,8,7,5.019471356606938
Ca Mau,2016-08-08,2016,8,8,4.7957997725287775
Ca Mau,2016-08-09,2016,8,9,1.684345287636842
Ca Mau,2016-08-10,2016,8,10,22.398367632239022
Ca Mau,2016-08-11,2016,8,11,10.023110050235076
Ca Mau,2016-08-12,2016,8,12,2.807779747231481
Ca Mau,2016-08-13,2016,8,13,3.85931080978864
Ca Mau,2016-08-14,2016,8,14,2.5605208065086016
Ca Mau,2016-08-15,2016,8,15,0.7827814798148977
Ca Mau,2016-08-16,2016,8,16,1.8623425609149504
Ca Mau,2016-08-17,2016,8,17,5.637409904122605
Ca Mau,2016-08-18,2016,8,18,0.1244059628913992
Ca Mau,2016-08-19,2016,8,19,0.014350684663729
Ca Mau,2016-08-20,2016,8,20,0.0575929461508773
Ca Mau,2016-08-21,2016,8,21,0.2994898232026646
Ca Mau,2016-08-22,2016,8,22,4.90774886318209
Ca Mau,2016-08-23,2016,8,23,8.23190358988355
Ca Mau,2016-08-24,2016,8,24,4.333382041712699
Ca Mau,2016-08-25,2016,8,25,1.8368608498092225
Ca Mau,2016-08-26,2016,8,26,7.673658458545286
Ca Mau,2016-08-27,2016,8,27,6.163837393090365
Ca Mau,2016-08-28,2016,8,28,6.909404988066174
Ca Mau,2016-08-29,2016,8,29,3.3283267487899075
Ca Mau,2016-08-30,2016,8,30,1.4319060958579568
Ca Mau,2016-08-31,2016,8,31,0.1090327967431266
Ca Mau,2016-09-01,2016,9,1,0.862045926254743
Ca Mau,2016-09-02,2016,9,2,3.0748169248115094
Ca Mau,2016-09-03,2016,9,3,0.00021047200084165052
Ca Mau,2016-09-04,2016,9,4,0.2727354087719318
Ca Mau,2016-09-05,2016,9,5,4.299476966527634
Ca Mau,2016-09-06,2016,9,6,5.876726395327783
Ca Mau,2016-09-07,2016,9,7,34.52196800622284
Ca Mau,2016-09-08,2016,9,8,0.2764630031196498
Ca Mau,2016-09-09,2016,9,9,6.100500495611111
Ca Mau,2016-09-10,2016,9,10,13.64713359825052
Ca Mau,2016-09-11,2016,9,11,16.937362226242023
Ca Mau,2016-09-12,2016,9,12,3.1311419585127367
Ca Mau,2016-09-13,2016,9,13,10.160180189562324
Ca Mau,2016-09-14,2016,9,14,1.151480475749186
Ca Mau,2016-09-15,2016,9,15,12.181413570096884
Ca Mau,2016-09-16,2016,9,16,25.841588925079268
Ca Mau,2016-09-17,2016,9,17,10.98082212479436
Ca Mau,2016-09-18,2016,9,18,21.55452669284869
Ca Mau,2016-09-19,2016,9,19,16.435267290584708
Ca Mau,2016-09-20,2016,9,20,16.76756596265242
Ca Mau,2016-09-21,2016,9,21,28.94242378397246
Ca Mau,2016-09-22,2016,9,22,20.672417687812988
Ca Mau,2016-09-23,2016,9,23,2.3901294048564767
Ca Mau,2016-09-24,2016,9,24,3.008129826867378
Ca Mau,2016-09-25,2016,9,25,17.216142303313717
Ca Mau,2016-09-26,2016,9,26,19.275205353358285
Ca Mau,2016-09-27,2016,9,27,35.26409446820166
Ca Mau,2016-09-28,2016,9,28,26.92660283727039
Ca Mau,2016-09-29,2016,9,29,0.3262183404783241
Ca Mau,2016-09-30,2016,9,30,1.5600321054764936
Ca Mau,2016-10-01,2016,10,1,4.832236740940862
Ca Mau,2016-10-02,2016,10,2,16.44210273926536
Ca Mau,2016-10-03,2016,10,3,29.85608912108888
Ca Mau,2016-10-04,2016,10,4,9.968336233718292
Ca Mau,2016-10-05,2016,10,5,9.40572381386266
Ca Mau,2016-10-06,2016,10,6,17.10075852557783
Ca Mau,2016-10-07,2016,10,7,23.575279428455836
Ca Mau,2016-10-08,2016,10,8,3.623565471342608
Ca Mau,2016-10-09,2016,10,9,3.994186553604082
Ca Mau,2016-10-10,2016,10,10,4.720847211796184
Ca Mau,2016-10-11,2016,10,11,20.35428454529635
Ca Mau,2016-10-12,2016,10,12,18.20884646624868
Ca Mau,2016-10-13,2016,10,13,14.708462195013729
Ca Mau,2016-10-14,2016,10,14,2.458713799471796
Ca Mau,2016-10-15,2016,10,15,3.685604885517832
Ca Mau,2016-10-16,2016,10,16,23.853756369700825
Ca Mau,2016-10-17,2016,10,17,24.118928448798226
Ca Mau,2016-10-18,2016,10,18,26.211608778906054
Ca Mau,2016-10-19,2016,10,19,16.6327100993374
Ca Mau,2016-10-20,2016,10,20,12.846661460686123
Ca Mau,2016-10-21,2016,10,21,1.110102430382404
Ca Mau,2016-10-22,2016,10,22,15.538638603054851
Ca Mau,2016-10-23,2016,10,23,10.345010569082644
Ca Mau,2016-10-24,2016,10,24,22.60281707254548
Ca Mau,2016-10-25,2016,10,25,13.747257293676096
Ca Mau,2016-10-26,2016,10,26,3.3628607681595444
Ca Mau,2016-10-27,2016,10,27,11.261232648580878
Ca Mau,2016-10-28,2016,10,28,10.421674547822834
Ca Mau,2016-10-29,2016,10,29,16.14880518124247
Ca Mau,2016-10-30,2016,10,30,14.53405203897295
Ca Mau,2016-10-31,2016,10,31,15.66651643045076
Ca Mau,2016-11-01,2016,11,1,10.803084802598736
Ca Mau,2016-11-02,2016,11,2,7.956134874954768
Ca Mau,2016-11-03,2016,11,3,35.866213838397535
Ca Mau,2016-11-04,2016,11,4,53.2571032680076
Ca Mau,2016-11-05,2016,11,5,7.501400787540984
Ca Mau,2016-11-06,2016,11,6,1.507374281849726
Ca Mau,2016-11-07,2016,11,7,1.1578274404735929
Ca Mau,2016-11-08,2016,11,8,0.0
Ca Mau,2016-11-09,2016,11,9,0.5840032297257503
Ca Mau,2016-11-10,2016,11,10,3.09337417545313
Ca Mau,2016-11-11,2016,11,11,0.3983628325335494
Ca Mau,2016-11-12,2016,11,12,0.0002229425970559542
Ca Mau,2016-11-13,2016,11,13,0.0003883163236360886
Ca Mau,2016-11-14,2016,11,14,0.0002397871345389712
Ca Mau,2016-11-15,2016,11,15,2.951116318164672
Ca Mau,2016-11-16,2016,11,16,0.6980653184555032
Ca Mau,2016-11-17,2016,11,17,22.334302952790136
Ca Mau,2016-11-18,2016,11,18,13.856196787996629
Ca Mau,2016-11-19,2016,11,19,2.081527206744941
Ca Mau,2016-11-20,2016,11,20,8.72123744683802
Ca Mau,2016-11-21,2016,11,21,20.781735032328385
Ca Mau,2016-11-22,2016,11,22,3.316228268206337
Ca Mau,2016-11-23,2016,11,23,0.5412394944871209
Ca Mau,2016-11-24,2016,11,24,0.0
Ca Mau,2016-11-25,2016,11,25,0.0573847322593
Ca Mau,2016-11-26,2016,11,26,0.0
Ca Mau,2016-11-27,2016,11,27,0.0
Ca Mau,2016-11-28,2016,11,28,6.015014825593749
Ca Mau,2016-11-29,2016,11,29,11.923419726694949
Ca Mau,2016-11-30,2016,11,30,27.39283878978752
Ca Mau,2016-12-01,2016,12,1,0.0603536127051822
Ca Mau,2016-12-02,2016,12,2,14.842514846856828
Ca Mau,2016-12-03,2016,12,3,18.2193965073202
Ca Mau,2016-12-04,2016,12,4,0.407425446920052
Ca Mau,2016-12-05,2016,12,5,0.0
Ca Mau,2016-12-06,2016,12,6,0.0
Ca Mau,2016-12-07,2016,12,7,1.9908878454508347
Ca Mau,2016-12-08,2016,12,8,0.2043323891784686
Ca Mau,2016-12-09,2016,12,9,2.5401387567707365
Ca Mau,2016-12-10,2016,12,10,5.417746966080843
Ca Mau,2016-12-11,2016,12,11,4.623174969597915
Ca Mau,2016-12-12,2016,12,12,33.702928357700216
Ca Mau,2016-12-13,2016,12,13,0.5510584825363818
Ca Mau,2016-12-14,2016,12,14,0.3026930776209613
Ca Mau,2016-12-15,2016,12,15,1.5543195636720013
Ca Mau,2016-12-16,2016,12,16,8.011308859110315
Ca Mau,2016-12-17,2016,12,17,0.0819009538501177
Ca Mau,2016-12-18,2016,12,18,3.732813473371959
Ca Mau,2016-12-19,2016,12,19,3.274670869796713
Ca Mau,2016-12-20,2016,12,20,1.742589937408141
Ca Mau,2016-12-21,2016,12,21,0.0119864643521003
Ca Mau,2016-12-22,2016,12,22,0.00023361164828742152
Ca Mau,2016-12-23,2016,12,23,0.0
Ca Mau,2016-12-24,2016,12,24,0.2563902215701061
Ca Mau,2016-12-25,2016,12,25,7.344348530509168
Ca Mau,2016-12-26,2016,12,26,6.304614866244751
Ca Mau,2016-12-27,2016,12,27,0.9652395808918376
Ca Mau,2016-12-28,2016,12,28,0.0
Ca Mau,2016-12-29,2016,12,29,0.0
Ca Mau,2016-12-30,2016,12,30,0.0004668586956114119
Ca Mau,2016-12-31,2016,12,31,0.4130976628444577
Ca Mau,2017-01-01,2017,1,1,0.0221715574642641
Ca Mau,2017-01-02,2017,1,2,0.0
Ca Mau,2017-01-03,2017,1,3,0.1891743052647221
Ca Mau,2017-01-04,2017,1,4,0.0170588417872876
Ca Mau,2017-01-05,2017,1,5,0.0690480538507633
Ca Mau,2017-01-06,2017,1,6,0.0003173441649780597
Ca Mau,2017-01-07,2017,1,7,0.0002135425950192195
Ca Mau,2017-01-08,2017,1,8,0.0
Ca Mau,2017-01-09,2017,1,9,0.0
Ca Mau,2017-01-10,2017,1,10,0.0
Ca Mau,2017-01-11,2017,1,11,0.0212784515560898
Ca Mau,2017-01-12,2017,1,12,0.7777274087512871
Ca Mau,2017-01-13,2017,1,13,0.0146165918085854
Ca Mau,2017-01-14,2017,1,14,4.594583520832436
Ca Mau,2017-01-15,2017,1,15,5.108456037190836
Ca Mau,2017-01-16,2017,1,16,1.185640059850723
Ca Mau,2017-01-17,2017,1,17,0.885114275858239
Ca Mau,2017-01-18,2017,1,18,0.00019677326155256628
Ca Mau,2017-01-19,2017,1,19,6.759763977484737
Ca Mau,2017-01-20,2017,1,20,1.210055154783172
Ca Mau,2017-01-21,2017,1,21,0.3006563464983704
Ca Mau,2017-01-22,2017,1,22,0.0
Ca Mau,2017-01-23,2017,1,23,0.0
Ca Mau,2017-01-24,2017,1,24,1.149030009050377
Ca Mau,2017-01-25,2017,1,25,0.0
Ca Mau,2017-01-26,2017,1,26,0.0
Ca Mau,2017-01-27,2017,1,27,0.1463243627454523
Ca Mau,2017-01-28,2017,1,28,0.0873739082532897
Ca Mau,2017-01-29,2017,1,29,1.248138808602515
Ca Mau,2017-01-30,2017,1,30,0.0
Ca Mau,2017-01-31,2017,1,31,0.0057577102646646
Ca Mau,2017-02-01,2017,2,1,0.3430177378349971
Ca Mau,2017-02-02,2017,2,2,8.861220506271021
Ca Mau,2017-02-03,2017,2,3,3.806927188402077
Ca Mau,2017-02-04,2017,2,4,0.0
Ca Mau,2017-02-05,2017,2,5,0.0
Ca Mau,2017-02-06,2017,2,6,0.0
Ca Mau,2017-02-07,2017,2,7,0.0028226854552164
Ca Mau,2017-02-08,2017,2,8,0.0
Ca Mau,2017-02-09,2017,2,9,0.0
Ca Mau,2017-02-10,2017,2,10,0.0
Ca Mau,2017-02-11,2017,2,11,0.0
Ca Mau,2017-02-12,2017,2,12,0.0
Ca Mau,2017-02-13,2017,2,13,0.0
Ca Mau,2017-02-14,2017,2,14,0.0
Ca Mau,2017-02-15,2017,2,15,0.0
Ca Mau,2017-02-16,2017,2,16,0.0
Ca Mau,2017-02-17,2017,2,17,0.003695000039623
Ca Mau,2017-02-18,2017,2,18,0.0263083717158512
Ca Mau,2017-02-19,2017,2,19,0.0
Ca Mau,2017-02-20,2017,2,20,0.0062427606068758
Ca Mau,2017-02-21,2017,2,21,0.0205052971700262
Ca Mau,2017-02-22,2017,2,22,0.0
Ca Mau,2017-02-23,2017,2,23,0.0
Ca Mau,2017-02-24,2017,2,24,0.0
Ca Mau,2017-02-25,2017,2,25,0.165077752747912
Ca Mau,2017-02-26,2017,2,26,0.2211189242316345
Ca Mau,2017-02-27,2017,2,27,0.0
Ca Mau,2017-02-28,2017,2,28,0.0
Ca Mau,2017-03-01,2017,3,1,0.7092635118624394
Ca Mau,2017-03-02,2017,3,2,0.994356568398218
Ca Mau,2017-03-03,2017,3,3,0.0
Ca Mau,2017-03-04,2017,3,4,0.0
Ca Mau,2017-03-05,2017,3,5,0.0
Ca Mau,2017-03-06,2017,3,6,0.4255228166838945
Ca Mau,2017-03-07,2017,3,7,0.0
Ca Mau,2017-03-08,2017,3,8,0.0
Ca Mau,2017-03-09,2017,3,9,0.0
Ca Mau,2017-03-10,2017,3,10,0.0
Ca Mau,2017-03-11,2017,3,11,0.0
Ca Mau,2017-03-12,2017,3,12,0.2459278321152659
Ca Mau,2017-03-13,2017,3,13,0.9630045427173884
Ca Mau,2017-03-14,2017,3,14,2.219575917210877
Ca Mau,2017-03-15,2017,3,15,0.0
Ca Mau,2017-03-16,2017,3,16,0.045014842159983
Ca Mau,2017-03-17,2017,3,17,0.0
Ca Mau,2017-03-18,2017,3,18,0.0
Ca Mau,2017-03-19,2017,3,19,0.6273582177653354
Ca Mau,2017-03-20,2017,3,20,0.0
Ca Mau,2017-03-21,2017,3,21,0.0
Ca Mau,2017-03-22,2017,3,22,0.0
Ca Mau,2017-03-23,2017,3,23,0.0
Ca Mau,2017-03-24,2017,3,24,0.0
Ca Mau,2017-03-25,2017,3,25,0.2345886464797168
Ca Mau,2017-03-26,2017,3,26,0.9407405433354245
Ca Mau,2017-03-27,2017,3,27,2.053257484768294
Ca Mau,2017-03-28,2017,3,28,0.1110249260821106
Ca Mau,2017-03-29,2017,3,29,1.5818639823574543
Ca Mau,2017-03-30,2017,3,30,4.100149134856436
Ca Mau,2017-03-31,2017,3,31,2.2173693743697687
Ca Mau,2017-04-01,2017,4,1,14.050719305503543
Ca Mau,2017-04-02,2017,4,2,7.519978316196728
Ca Mau,2017-04-03,2017,4,3,2.3050695806471446
Ca Mau,2017-04-04,2017,4,4,0.0
Ca Mau,2017-04-05,2017,4,5,15.15945272796316
Ca Mau,2017-04-06,2017,4,6,2.576855926624666
Ca Mau,2017-04-07,2017,4,7,0.0
Ca Mau,2017-04-08,2017,4,8,0.0544377494752046
Ca Mau,2017-04-09,2017,4,9,0.0980925049628283
Ca Mau,2017-04-10,2017,4,10,0.0
Ca Mau,2017-04-11,2017,4,11,0.0
Ca Mau,2017-04-12,2017,4,12,0.0
Ca Mau,2017-04-13,2017,4,13,0.0133351988351691
Ca Mau,2017-04-14,2017,4,14,0.3897183392525729
Ca Mau,2017-04-15,2017,4,15,0.0043077147064647
Ca Mau,2017-04-16,2017,4,16,0.0
Ca Mau,2017-04-17,2017,4,17,0.0
Ca Mau,2017-04-18,2017,4,18,0.0096255819050836
Ca Mau,2017-04-19,2017,4,19,0.0
Ca Mau,2017-04-20,2017,4,20,0.8489628677068343
Ca Mau,2017-04-21,2017,4,21,1.0750050778031135
Ca Mau,2017-04-22,2017,4,22,0.4071069400320609
Ca Mau,2017-04-23,2017,4,23,5.916243360712314
Ca Mau,2017-04-24,2017,4,24,5.606793701509072
Ca Mau,2017-04-25,2017,4,25,10.888393451086957
Ca Mau,2017-04-26,2017,4,26,4.3609772696190205
Ca Mau,2017-04-27,2017,4,27,1.5287030554920475
Ca Mau,2017-04-28,2017,4,28,0.6259562970559142
Ca Mau,2017-04-29,2017,4,29,11.92182435860189
Ca Mau,2017-04-30,2017,4,30,0.3589415757172487
Ca Mau,2017-05-01,2017,5,1,0.5834193428665259
Ca Mau,2017-05-02,2017,5,2,0.5374870080739585
Ca Mau,2017-05-03,2017,5,3,0.101289873287316
Ca Mau,2017-05-04,2017,5,4,3.60116981525321
Ca Mau,2017-05-05,2017,5,5,6.380167659914897
Ca Mau,2017-05-06,2017,5,6,1.7228599558285973
Ca Mau,2017-05-07,2017,5,7,2.47324262764823
Ca Mau,2017-05-08,2017,5,8,6.374980720987563
Ca Mau,2017-05-09,2017,5,9,9.276444722890426
Ca Mau,2017-05-10,2017,5,10,8.427206028865465
Ca Mau,2017-05-11,2017,5,11,0.6945372550909329
Ca Mau,2017-05-12,2017,5,12,0.3933165662639304
Ca Mau,2017-05-13,2017,5,13,4.408256240776925
Ca Mau,2017-05-14,2017,5,14,3.104532041777256
Ca Mau,2017-05-15,2017,5,15,6.657273436694925
Ca Mau,2017-05-16,2017,5,16,21.012503649287176
Ca Mau,2017-05-17,2017,5,17,12.744888528884175
Ca Mau,2017-05-18,2017,5,18,8.997430085865593
Ca Mau,2017-05-19,2017,5,19,17.212125511454847
Ca Mau,2017-05-20,2017,5,20,22.38585812870995
Ca Mau,2017-05-21,2017,5,21,13.745962107448232
Ca Mau,2017-05-22,2017,5,22,5.282365814220735
Ca Mau,2017-05-23,2017,5,23,7.594746328394824
Ca Mau,2017-05-24,2017,5,24,12.14675549990717
Ca Mau,2017-05-25,2017,5,25,4.070292190663256
Ca Mau,2017-05-26,2017,5,26,10.89573292863052
Ca Mau,2017-05-27,2017,5,27,6.224548102380146
Ca Mau,2017-05-28,2017,5,28,17.28210074647343
Ca Mau,2017-05-29,2017,5,29,2.985703014130136
Ca Mau,2017-05-30,2017,5,30,14.53203048421906
Ca Mau,2017-05-31,2017,5,31,0.6180395669784701
Ca Mau,2017-06-01,2017,6,1,0.4425702778106734
Ca Mau,2017-06-02,2017,6,2,3.562267889549107
Ca Mau,2017-06-03,2017,6,3,2.914580029382528
Ca Mau,2017-06-04,2017,6,4,18.291050783506048
Ca Mau,2017-06-05,2017,6,5,6.8737532400504735
Ca Mau,2017-06-06,2017,6,6,9.861476587512255
Ca Mau,2017-06-07,2017,6,7,0.0
Ca Mau,2017-06-08,2017,6,8,6.700840246842267
Ca Mau,2017-06-09,2017,6,9,0.2415573378301878
Ca Mau,2017-06-10,2017,6,10,8.309284010278162
Ca Mau,2017-06-11,2017,6,11,5.117197765611755
Ca Mau,2017-06-12,2017,6,12,0.0
Ca Mau,2017-06-13,2017,6,13,3.6767294501824974
Ca Mau,2017-06-14,2017,6,14,2.857725865080359
Ca Mau,2017-06-15,2017,6,15,0.258532698379949
Ca Mau,2017-06-16,2017,6,16,1.907218577301957
Ca Mau,2017-06-17,2017,6,17,0.1426515178766187
Ca Mau,2017-06-18,2017,6,18,0.0942870296645986
Ca Mau,2017-06-19,2017,6,19,3.487701626217496
Ca Mau,2017-06-20,2017,6,20,2.957936457091405
Ca Mau,2017-06-21,2017,6,21,16.20065156736174
Ca Mau,2017-06-22,2017,6,22,15.73960444755502
Ca Mau,2017-06-23,2017,6,23,3.1441660313230777
Ca Mau,2017-06-24,2017,6,24,29.64119551807391
Ca Mau,2017-06-25,2017,6,25,2.9083344449065054
Ca Mau,2017-06-26,2017,6,26,1.908224175405997
Ca Mau,2017-06-27,2017,6,27,1.7550372224404711
Ca Mau,2017-06-28,2017,6,28,9.437173281408883
Ca Mau,2017-06-29,2017,6,29,4.514297585046999
Ca Mau,2017-06-30,2017,6,30,3.217390753050643
Ca Mau,2017-07-01,2017,7,1,2.4915062647578656
Ca Mau,2017-07-02,2017,7,2,2.828599264086232
Ca Mau,2017-07-03,2017,7,3,5.1688035365910325
Ca Mau,2017-07-04,2017,7,4,7.729566271429235
Ca Mau,2017-07-05,2017,7,5,10.31985436726312
Ca Mau,2017-07-06,2017,7,6,7.917139496726349
Ca Mau,2017-07-07,2017,7,7,5.59878981058929
Ca Mau,2017-07-08,2017,7,8,0.0084119595163822
Ca Mau,2017-07-09,2017,7,9,3.4340716402126352
Ca Mau,2017-07-10,2017,7,10,4.786654954445085
Ca Mau,2017-07-11,2017,7,11,19.86270750646436
Ca Mau,2017-07-12,2017,7,12,7.496788459117137
Ca Mau,2017-07-13,2017,7,13,21.13168552478252
Ca Mau,2017-07-14,2017,7,14,9.035803493481705
Ca Mau,2017-07-15,2017,7,15,13.359849547244323
Ca Mau,2017-07-16,2017,7,16,38.8357372614572
Ca Mau,2017-07-17,2017,7,17,10.686515911404571
Ca Mau,2017-07-18,2017,7,18,4.9088516306298775
Ca Mau,2017-07-19,2017,7,19,4.038666309119894
Ca Mau,2017-07-20,2017,7,20,9.002297776448291
Ca Mau,2017-07-21,2017,7,21,0.940448615028824
Ca Mau,2017-07-22,2017,7,22,1.251904298561516
Ca Mau,2017-07-23,2017,7,23,0.0
Ca Mau,2017-07-24,2017,7,24,9.353994312920264
Ca Mau,2017-07-25,2017,7,25,25.634510898613527
Ca Mau,2017-07-26,2017,7,26,15.449830458464584
Ca Mau,2017-07-27,2017,7,27,24.118353755209945
Ca Mau,2017-07-28,2017,7,28,4.023843278092623
Ca Mau,2017-07-29,2017,7,29,0.1196240522778236
Ca Mau,2017-07-30,2017,7,30,2.180562980279346
Ca Mau,2017-07-31,2017,7,31,1.3920695361565294
Ca Mau,2017-08-01,2017,8,1,4.75104820621994
Ca Mau,2017-08-02,2017,8,2,6.204054553859038
Ca Mau,2017-08-03,2017,8,3,4.161102148482383
Ca Mau,2017-08-04,2017,8,4,1.9159176520183416
Ca Mau,2017-08-05,2017,8,5,11.6301231702391
Ca Mau,2017-08-06,2017,8,6,4.029764923630814
Ca Mau,2017-08-07,2017,8,7,0.9347390389202804
Ca Mau,2017-08-08,2017,8,8,1.9205007110187453
Ca Mau,2017-08-09,2017,8,9,2.783325605342187
Ca Mau,2017-08-10,2017,8,10,5.419361198286073
Ca Mau,2017-08-11,2017,8,11,3.0245991728326
Ca Mau,2017-08-12,2017,8,12,1.2084222018151147
Ca Mau,2017-08-13,2017,8,13,8.714077709853077
Ca Mau,2017-08-14,2017,8,14,5.997524420617031
Ca Mau,2017-08-15,2017,8,15,11.67898090269773
Ca Mau,2017-08-16,2017,8,16,59.52686390033877
Ca Mau,2017-08-17,2017,8,17,17.566881711548593
Ca Mau,2017-08-18,2017,8,18,6.137992942762059
Ca Mau,2017-08-19,2017,8,19,12.315367496665914
Ca Mau,2017-08-20,2017,8,20,2.417474658351208
Ca Mau,2017-08-21,2017,8,21,0.1821162420918461
Ca Mau,2017-08-22,2017,8,22,16.827945539315646
Ca Mau,2017-08-23,2017,8,23,19.06514198950154
Ca Mau,2017-08-24,2017,8,24,2.0789055235080305
Ca Mau,2017-08-25,2017,8,25,11.247213092566154
Ca Mau,2017-08-26,2017,8,26,49.2281528350232
Ca Mau,2017-08-27,2017,8,27,0.4227059421454983
Ca Mau,2017-08-28,2017,8,28,1.5148754349021205
Ca Mau,2017-08-29,2017,8,29,0.3113118965345399
Ca Mau,2017-08-30,2017,8,30,4.821619050057005
Ca Mau,2017-08-31,2017,8,31,6.117130818496378
Ca Mau,2017-09-01,2017,9,1,11.853273611385134
Ca Mau,2017-09-02,2017,9,2,3.3990587378742854
Ca Mau,2017-09-03,2017,9,3,1.298514386857472
Ca Mau,2017-09-04,2017,9,4,1.0603254324111284
Ca Mau,2017-09-05,2017,9,5,1.1375247277454574
Ca Mau,2017-09-06,2017,9,6,3.021729168703976
Ca Mau,2017-09-07,2017,9,7,2.4440364668319208
Ca Mau,2017-09-08,2017,9,8,1.9921781895896191
Ca Mau,2017-09-09,2017,9,9,11.40145670092849
Ca Mau,2017-09-10,2017,9,10,11.216851299464205
Ca Mau,2017-09-11,2017,9,11,2.2067875428240136
Ca Mau,2017-09-12,2017,9,12,0.0237806574176848
Ca Mau,2017-09-13,2017,9,13,18.35420178960752
Ca Mau,2017-09-14,2017,9,14,20.18010773574608
Ca Mau,2017-09-15,2017,9,15,15.368262210475711
Ca Mau,2017-09-16,2017,9,16,0.0
Ca Mau,2017-09-17,2017,9,17,0.0211745269028999
Ca Mau,2017-09-18,2017,9,18,7.42912331583855
Ca Mau,2017-09-19,2017,9,19,13.880113318436386
Ca Mau,2017-09-20,2017,9,20,12.552599104700173
Ca Mau,2017-09-21,2017,9,21,30.036851622389488
Ca Mau,2017-09-22,2017,9,22,10.381910743176077
Ca Mau,2017-09-23,2017,9,23,37.3209674584318
Ca Mau,2017-09-24,2017,9,24,38.10699172799074
Ca Mau,2017-09-25,2017,9,25,2.304000822113244
Ca Mau,2017-09-26,2017,9,26,2.0181584551912413
Ca Mau,2017-09-27,2017,9,27,12.474035559228868
Ca Mau,2017-09-28,2017,9,28,15.14166509220434
Ca Mau,2017-09-29,2017,9,29,2.836907161690269
Ca Mau,2017-09-30,2017,9,30,3.336610203917437
Ca Mau,2017-10-01,2017,10,1,18.90069845661144
Ca Mau,2017-10-02,2017,10,2,32.65946758519567
Ca Mau,2017-10-03,2017,10,3,6.479008065786627
Ca Mau,2017-10-04,2017,10,4,7.880149928571383
Ca Mau,2017-10-05,2017,10,5,25.70907369710984
Ca Mau,2017-10-06,2017,10,6,11.330906577282189
Ca Mau,2017-10-07,2017,10,7,8.103742677218397
Ca Mau,2017-10-08,2017,10,8,1.7038495319804232
Ca Mau,2017-10-09,2017,10,9,1.4408057607629283
Ca Mau,2017-10-10,2017,10,10,1.3253622910789382
Ca Mau,2017-10-11,2017,10,11,13.143097521820552
Ca Mau,2017-10-12,2017,10,12,9.392869943376756
Ca Mau,2017-10-13,2017,10,13,30.17708835203963
Ca Mau,2017-10-14,2017,10,14,26.67736395326824
Ca Mau,2017-10-15,2017,10,15,1.6149048199820843
Ca Mau,2017-10-16,2017,10,16,10.111039541157234
Ca Mau,2017-10-17,2017,10,17,20.607632396695408
Ca Mau,2017-10-18,2017,10,18,4.494487213450593
Ca Mau,2017-10-19,2017,10,19,10.848702152927457
Ca Mau,2017-10-20,2017,10,20,16.46007959146454
Ca Mau,2017-10-21,2017,10,21,29.418150670997637
Ca Mau,2017-10-22,2017,10,22,28.92265285755157
Ca Mau,2017-10-23,2017,10,23,13.258421588882786
Ca Mau,2017-10-24,2017,10,24,6.386430093926236
Ca Mau,2017-10-25,2017,10,25,10.321582068131727
Ca Mau,2017-10-26,2017,10,26,8.440642466063656
Ca Mau,2017-10-27,2017,10,27,18.8707223367374
Ca Mau,2017-10-28,2017,10,28,4.642308133914438
Ca Mau,2017-10-29,2017,10,29,7.8864049766001
Ca Mau,2017-10-30,2017,10,30,0.00029381656480959863
Ca Mau,2017-10-31,2017,10,31,5.630871346164067
Ca Mau,2017-11-01,2017,11,1,33.4696388517787
Ca Mau,2017-11-02,2017,11,2,22.86442423529897
Ca Mau,2017-11-03,2017,11,3,3.351539727304911
Ca Mau,2017-11-04,2017,11,4,7.483577759019771
Ca Mau,2017-11-05,2017,11,5,13.707654132006615
Ca Mau,2017-11-06,2017,11,6,11.775907818709998
Ca Mau,2017-11-07,2017,11,7,8.147333598320692
Ca Mau,2017-11-08,2017,11,8,21.179055800605152
Ca Mau,2017-11-09,2017,11,9,6.629923658636925
Ca Mau,2017-11-10,2017,11,10,10.900593734412777
Ca Mau,2017-11-11,2017,11,11,1.8792882599792435
Ca Mau,2017-11-12,2017,11,12,0.3671761406484223
Ca Mau,2017-11-13,2017,11,13,0.0911283343309647
Ca Mau,2017-11-14,2017,11,14,10.62144364994988
Ca Mau,2017-11-15,2017,11,15,0.6349298880765489
Ca Mau,2017-11-16,2017,11,16,0.0
Ca Mau,2017-11-17,2017,11,17,0.74654687545572
Ca Mau,2017-11-18,2017,11,18,22.77863403574589
Ca Mau,2017-11-19,2017,11,19,0.1664639056999205
Ca Mau,2017-11-20,2017,11,20,0.0
Ca Mau,2017-11-21,2017,11,21,0.0
Ca Mau,2017-11-22,2017,11,22,0.7407931242016527
Ca Mau,2017-11-23,2017,11,23,5.8107843383191735
Ca Mau,2017-11-24,2017,11,24,5.548545992783439
Ca Mau,2017-11-25,2017,11,25,1.423673318638191
Ca Mau,2017-11-26,2017,11,26,2.533806263724796
Ca Mau,2017-11-27,2017,11,27,12.644209056137704
Ca Mau,2017-11-28,2017,11,28,25.026416530181734
Ca Mau,2017-11-29,2017,11,29,8.529385343302119
Ca Mau,2017-11-30,2017,11,30,9.449492231777176
Ca Mau,2017-12-01,2017,12,1,1.421520719541172
Ca Mau,2017-12-02,2017,12,2,11.823381645963089
Ca Mau,2017-12-03,2017,12,3,1.47629413483473
Ca Mau,2017-12-04,2017,12,4,24.607551496975955
Ca Mau,2017-12-05,2017,12,5,7.783266258102813
Ca Mau,2017-12-06,2017,12,6,0.0
Ca Mau,2017-12-07,2017,12,7,0.5751512396490561
Ca Mau,2017-12-08,2017,12,8,0.0444489312791766
Ca Mau,2017-12-09,2017,12,9,0.0541127895826007
Ca Mau,2017-12-10,2017,12,10,0.0
Ca Mau,2017-12-11,2017,12,11,0.0
Ca Mau,2017-12-12,2017,12,12,0.0
Ca Mau,2017-12-13,2017,12,13,1.385773502380341
Ca Mau,2017-12-14,2017,12,14,0.0081981322497237
Ca Mau,2017-12-15,2017,12,15,0.5002447605997938
Ca Mau,2017-12-16,2017,12,16,0.0
Ca Mau,2017-12-17,2017,12,17,0.0
Ca Mau,2017-12-18,2017,12,18,0.0
Ca Mau,2017-12-19,2017,12,19,0.0
Ca Mau,2017-12-20,2017,12,20,0.0
Ca Mau,2017-12-21,2017,12,21,9.883064834646516
Ca Mau,2017-12-22,2017,12,22,0.000831711285059513
Ca Mau,2017-12-23,2017,12,23,0.00024851839516442525
Ca Mau,2017-12-24,2017,12,24,1.7414447917651388
Ca Mau,2017-12-25,2017,12,25,19.022387276501597
Ca Mau,2017-12-26,2017,12,26,0.0
Ca Mau,2017-12-27,2017,12,27,0.0005526421940744718
Ca Mau,2017-12-28,2017,12,28,0.0003814216356323594
Ca Mau,2017-12-29,2017,12,29,0.2129525476852669
Ca Mau,2017-12-30,2017,12,30,0.0
Ca Mau,2017-12-31,2017,12,31,4.126345172956893
Ca Mau,2018-01-01,2018,1,1,0.0
Ca Mau,2018-01-02,2018,1,2,0.0
Ca Mau,2018-01-03,2018,1,3,0.0
Ca Mau,2018-01-04,2018,1,4,0.0
Ca Mau,2018-01-05,2018,1,5,0.0001606832392414652
Ca Mau,2018-01-06,2018,1,6,0.0
Ca Mau,2018-01-07,2018,1,7,0.0
Ca Mau,2018-01-08,2018,1,8,0.5106346834779797
Ca Mau,2018-01-09,2018,1,9,0.3138018436820001
Ca Mau,2018-01-10,2018,1,10,1.4600608298485205
Ca Mau,2018-01-11,2018,1,11,0.2034935506562981
Ca Mau,2018-01-12,2018,1,12,3.829960851455976
Ca Mau,2018-01-13,2018,1,13,0.0813489414305576
Ca Mau,2018-01-14,2018,1,14,12.0362274550316
Ca Mau,2018-01-15,2018,1,15,3.330008621297175
Ca Mau,2018-01-16,2018,1,16,0.8663506383276768
Ca Mau,2018-01-17,2018,1,17,3.502265050142393
Ca Mau,2018-01-18,2018,1,18,0.0829426680287254
Ca Mau,2018-01-19,2018,1,19,0.0002521929728653296
Ca Mau,2018-01-20,2018,1,20,0.0
Ca Mau,2018-01-21,2018,1,21,0.3213068025486215
Ca Mau,2018-01-22,2018,1,22,3.3589829923686403
Ca Mau,2018-01-23,2018,1,23,0.0
Ca Mau,2018-01-24,2018,1,24,0.0
Ca Mau,2018-01-25,2018,1,25,0.0504831407160612
Ca Mau,2018-01-26,2018,1,26,0.3951026969459787
Ca Mau,2018-01-27,2018,1,27,0.0
Ca Mau,2018-01-28,2018,1,28,0.0876489195436635
Ca Mau,2018-01-29,2018,1,29,0.0244310821576591
Ca Mau,2018-01-30,2018,1,30,0.0
Ca Mau,2018-01-31,2018,1,31,0.2040161102145298
Ca Mau,2018-02-01,2018,2,1,0.0
Ca Mau,2018-02-02,2018,2,2,0.0
Ca Mau,2018-02-03,2018,2,3,1.4205559161745078
Ca Mau,2018-02-04,2018,2,4,0.0
Ca Mau,2018-02-05,2018,2,5,0.0
Ca Mau,2018-02-06,2018,2,6,0.0
Ca Mau,2018-02-07,2018,2,7,0.0
Ca Mau,2018-02-08,2018,2,8,0.0
Ca Mau,2018-02-09,2018,2,9,0.0
Ca Mau,2018-02-10,2018,2,10,0.0
Ca Mau,2018-02-11,2018,2,11,0.0
Ca Mau,2018-02-12,2018,2,12,0.0
Ca Mau,2018-02-13,2018,2,13,0.0
Ca Mau,2018-02-14,2018,2,14,0.0
Ca Mau,2018-02-15,2018,2,15,0.0
Ca Mau,2018-02-16,2018,2,16,0.0
Ca Mau,2018-02-17,2018,2,17,0.0
Ca Mau,2018-02-18,2018,2,18,0.2998580673355903
Ca Mau,2018-02-19,2018,2,19,0.0
Ca Mau,2018-02-20,2018,2,20,0.0
Ca Mau,2018-02-21,2018,2,21,0.0
Ca Mau,2018-02-22,2018,2,22,3.365869809201095
Ca Mau,2018-02-23,2018,2,23,0.0
Ca Mau,2018-02-24,2018,2,24,0.1337000876575024
Ca Mau,2018-02-25,2018,2,25,0.0
Ca Mau,2018-02-26,2018,2,26,0.0
Ca Mau,2018-02-27,2018,2,27,0.0111379961121687
Ca Mau,2018-02-28,2018,2,28,0.6129573889869518
Ca Mau,2018-03-01,2018,3,1,1.4901691404505757
Ca Mau,2018-03-02,2018,3,2,0.0
Ca Mau,2018-03-03,2018,3,3,0.0
Ca Mau,2018-03-04,2018,3,4,0.0
Ca Mau,2018-03-05,2018,3,5,0.0
Ca Mau,2018-03-06,2018,3,6,0.954965427616992
Ca Mau,2018-03-07,2018,3,7,0.0
Ca Mau,2018-03-08,2018,3,8,0.0
Ca Mau,2018-03-09,2018,3,9,0.0
Ca Mau,2018-03-10,2018,3,10,0.0
Ca Mau,2018-03-11,2018,3,11,0.0
Ca Mau,2018-03-12,2018,3,12,0.0
Ca Mau,2018-03-13,2018,3,13,0.0
Ca Mau,2018-03-14,2018,3,14,0.0
Ca Mau,2018-03-15,2018,3,15,0.3650734071837156
Ca Mau,2018-03-16,2018,3,16,1.1727377033331847
Ca Mau,2018-03-17,2018,3,17,1.2881755069519838
Ca Mau,2018-03-18,2018,3,18,0.0
Ca Mau,2018-03-19,2018,3,19,0.0
Ca Mau,2018-03-20,2018,3,20,0.0
Ca Mau,2018-03-21,2018,3,21,0.648876524024712
Ca Mau,2018-03-22,2018,3,22,1.0164953726315662
Ca Mau,2018-03-23,2018,3,23,0.0
Ca Mau,2018-03-24,2018,3,24,0.0
Ca Mau,2018-03-25,2018,3,25,0.0
Ca Mau,2018-03-26,2018,3,26,0.0
Ca Mau,2018-03-27,2018,3,27,0.0
Ca Mau,2018-03-28,2018,3,28,0.0
Ca Mau,2018-03-29,2018,3,29,0.0
Ca Mau,2018-03-30,2018,3,30,0.5028095957490887
Ca Mau,2018-03-31,2018,3,31,0.0064799893814101
Ca Mau,2018-04-01,2018,4,1,0.0
Ca Mau,2018-04-02,2018,4,2,0.0
Ca Mau,2018-04-03,2018,4,3,0.0
Ca Mau,2018-04-04,2018,4,4,0.0
Ca Mau,2018-04-05,2018,4,5,0.3373635358919257
Ca Mau,2018-04-06,2018,4,6,0.0
Ca Mau,2018-04-07,2018,4,7,0.0
Ca Mau,2018-04-08,2018,4,8,0.9096796386250208
Ca Mau,2018-04-09,2018,4,9,0.0
Ca Mau,2018-04-10,2018,4,10,0.0
Ca Mau,2018-04-11,2018,4,11,0.0512200384935704
Ca Mau,2018-04-12,2018,4,12,0.0
Ca Mau,2018-04-13,2018,4,13,0.0
Ca Mau,2018-04-14,2018,4,14,0.7105754549190532
Ca Mau,2018-04-15,2018,4,15,0.0
Ca Mau,2018-04-16,2018,4,16,0.0
Ca Mau,2018-04-17,2018,4,17,0.1430047103074326
Ca Mau,2018-04-18,2018,4,18,1.2582079572952216
Ca Mau,2018-04-19,2018,4,19,0.1159448939563646
Ca Mau,2018-04-20,2018,4,20,0.0
Ca Mau,2018-04-21,2018,4,21,0.0
Ca Mau,2018-04-22,2018,4,22,0.5508752516465221
Ca Mau,2018-04-23,2018,4,23,6.53014009401761
Ca Mau,2018-04-24,2018,4,24,3.909797503886591
Ca Mau,2018-04-25,2018,4,25,11.99793429312352
Ca Mau,2018-04-26,2018,4,26,9.690178049023311
Ca Mau,2018-04-27,2018,4,27,0.0685820201864554
Ca Mau,2018-04-28,2018,4,28,0.1935887534932618
Ca Mau,2018-04-29,2018,4,29,5.135710705193315
Ca Mau,2018-04-30,2018,4,30,8.30556270635114
Ca Mau,2018-05-01,2018,5,1,6.5429334617394455
Ca Mau,2018-05-02,2018,5,2,1.6549862648755718
Ca Mau,2018-05-03,2018,5,3,1.2508056311267903
Ca Mau,2018-05-04,2018,5,4,5.688230712426225
Ca Mau,2018-05-05,2018,5,5,7.591224486024057
Ca Mau,2018-05-06,2018,5,6,2.97479328157734
Ca Mau,2018-05-07,2018,5,7,3.0721696883106686
Ca Mau,2018-05-08,2018,5,8,10.019363140518433
Ca Mau,2018-05-09,2018,5,9,7.892552375379038
Ca Mau,2018-05-10,2018,5,10,4.724766144715926
Ca Mau,2018-05-11,2018,5,11,0.578969200102313
Ca Mau,2018-05-12,2018,5,12,3.9740213631340375
Ca Mau,2018-05-13,2018,5,13,0.1201464969038675
Ca Mau,2018-05-14,2018,5,14,1.7137829706550296
Ca Mau,2018-05-15,2018,5,15,4.658048770871317
Ca Mau,2018-05-16,2018,5,16,6.7396727495859485
Ca Mau,2018-05-17,2018,5,17,6.607084223881207
Ca Mau,2018-05-18,2018,5,18,5.488274721399474
Ca Mau,2018-05-19,2018,5,19,9.305904167829292
Ca Mau,2018-05-20,2018,5,20,10.591619044745022
Ca Mau,2018-05-21,2018,5,21,7.953781842689923
Ca Mau,2018-05-22,2018,5,22,15.538638183326796
Ca Mau,2018-05-23,2018,5,23,3.8856739504521824
Ca Mau,2018-05-24,2018,5,24,20.900137340629705
Ca Mau,2018-05-25,2018,5,25,3.041618014450446
Ca Mau,2018-05-26,2018,5,26,10.403774474041398
Ca Mau,2018-05-27,2018,5,27,11.517529470650112
Ca Mau,2018-05-28,2018,5,28,11.826428931787564
Ca Mau,2018-05-29,2018,5,29,16.396710206548434
Ca Mau,2018-05-30,2018,5,30,4.8071320010518095
Ca Mau,2018-05-31,2018,5,31,7.020503337331739
Ca Mau,2018-06-01,2018,6,1,28.47343575725605
Ca Mau,2018-06-02,2018,6,2,17.136223529250415
Ca Mau,2018-06-03,2018,6,3,7.553538115246915
Ca Mau,2018-06-04,2018,6,4,21.564522624200496
Ca Mau,2018-06-05,2018,6,5,14.095553648659225
Ca Mau,2018-06-06,2018,6,6,2.248343440477693
Ca Mau,2018-06-07,2018,6,7,12.188409215981254
Ca Mau,2018-06-08,2018,6,8,28.25740267666105
Ca Mau,2018-06-09,2018,6,9,0.0
Ca Mau,2018-06-10,2018,6,10,18.639510638912764
Ca Mau,2018-06-11,2018,6,11,0.326145538657075
Ca Mau,2018-06-12,2018,6,12,4.008926234517739
Ca Mau,2018-06-13,2018,6,13,0.1710014340288694
Ca Mau,2018-06-14,2018,6,14,1.4869894915166912
Ca Mau,2018-06-15,2018,6,15,19.166263788348434
Ca Mau,2018-06-16,2018,6,16,3.684060307447107
Ca Mau,2018-06-17,2018,6,17,19.220774460768617
Ca Mau,2018-06-18,2018,6,18,17.237765794635685
Ca Mau,2018-06-19,2018,6,19,17.494627118669236
Ca Mau,2018-06-20,2018,6,20,0.5748002439503084
Ca Mau,2018-06-21,2018,6,21,0.0297304432492302
Ca Mau,2018-06-22,2018,6,22,0.0
Ca Mau,2018-06-23,2018,6,23,5.824081429308497
Ca Mau,2018-06-24,2018,6,24,0.021910681280036
Ca Mau,2018-06-25,2018,6,25,11.11090340377919
Ca Mau,2018-06-26,2018,6,26,15.055625681379114
Ca Mau,2018-06-27,2018,6,27,5.637435721506015
Ca Mau,2018-06-28,2018,6,28,0.0431322480496717
Ca Mau,2018-06-29,2018,6,29,2.512983105355985
Ca Mau,2018-06-30,2018,6,30,0.2934695408063544
Ca Mau,2018-07-01,2018,7,1,3.774366213974995
Ca Mau,2018-07-02,2018,7,2,4.1324274256474105
Ca Mau,2018-07-03,2018,7,3,23.30014851743395
Ca Mau,2018-07-04,2018,7,4,12.01570954954898
Ca Mau,2018-07-05,2018,7,5,20.020554512540997
Ca Mau,2018-07-06,2018,7,6,13.042555362049232
Ca Mau,2018-07-07,2018,7,7,30.242668265569197
Ca Mau,2018-07-08,2018,7,8,4.479181197770346
Ca Mau,2018-07-09,2018,7,9,28.618421853048133
Ca Mau,2018-07-10,2018,7,10,35.47695713035285
Ca Mau,2018-07-11,2018,7,11,13.508500880961558
Ca Mau,2018-07-12,2018,7,12,22.08600867399553
Ca Mau,2018-07-13,2018,7,13,23.159484825010303
Ca Mau,2018-07-14,2018,7,14,43.24207586511304
Ca Mau,2018-07-15,2018,7,15,1.3100767339497557
Ca Mau,2018-07-16,2018,7,16,16.212435578600818
Ca Mau,2018-07-17,2018,7,17,25.153431811240456
Ca Mau,2018-07-18,2018,7,18,19.478127791486607
Ca Mau,2018-07-19,2018,7,19,11.056534450703914
Ca Mau,2018-07-20,2018,7,20,12.132152033490026
Ca Mau,2018-07-21,2018,7,21,5.989955963636722
Ca Mau,2018-07-22,2018,7,22,6.941972700336179
Ca Mau,2018-07-23,2018,7,23,0.0
Ca Mau,2018-07-24,2018,7,24,0.0033792998448032
Ca Mau,2018-07-25,2018,7,25,9.588661750821354
Ca Mau,2018-07-26,2018,7,26,0.1047583125180316
Ca Mau,2018-07-27,2018,7,27,0.2497689998657989
Ca Mau,2018-07-28,2018,7,28,11.294511090617233
Ca Mau,2018-07-29,2018,7,29,16.555494127747803
Ca Mau,2018-07-30,2018,7,30,19.58376619764836
Ca Mau,2018-07-31,2018,7,31,0.0692009677729843
Ca Mau,2018-08-01,2018,8,1,2.696069822913576
Ca Mau,2018-08-02,2018,8,2,23.75213337654505
Ca Mau,2018-08-03,2018,8,3,12.512052069101694
Ca Mau,2018-08-04,2018,8,4,13.61482296620092
Ca Mau,2018-08-05,2018,8,5,13.6011665983727
Ca Mau,2018-08-06,2018,8,6,10.375020003196267
Ca Mau,2018-08-07,2018,8,7,11.983494506475434
Ca Mau,2018-08-08,2018,8,8,13.95469336945929
Ca Mau,2018-08-09,2018,8,9,8.367728777617183
Ca Mau,2018-08-10,2018,8,10,37.69364737007573
Ca Mau,2018-08-11,2018,8,11,2.32884680080659
Ca Mau,2018-08-12,2018,8,12,17.95513719552735
Ca Mau,2018-08-13,2018,8,13,0.1355159283855518
Ca Mau,2018-08-14,2018,8,14,14.117546292771896
Ca Mau,2018-08-15,2018,8,15,15.21380332442049
Ca Mau,2018-08-16,2018,8,16,6.339991423097568
Ca Mau,2018-08-17,2018,8,17,20.670406641269697
Ca Mau,2018-08-18,2018,8,18,20.41362457236831
Ca Mau,2018-08-19,2018,8,19,10.76105898323198
Ca Mau,2018-08-20,2018,8,20,0.8488558246213567
Ca Mau,2018-08-21,2018,8,21,6.907698880881076
Ca Mau,2018-08-22,2018,8,22,3.7203365321909656
Ca Mau,2018-08-23,2018,8,23,1.7127353369045508
Ca Mau,2018-08-24,2018,8,24,0.8475215764673477
Ca Mau,2018-08-25,2018,8,25,7.236013556068189
Ca Mau,2018-08-26,2018,8,26,1.6581025390402662
Ca Mau,2018-08-27,2018,8,27,15.0006807158637
Ca Mau,2018-08-28,2018,8,28,0.2592890447111489
Ca Mau,2018-08-29,2018,8,29,0.0
Ca Mau,2018-08-30,2018,8,30,0.0
Ca Mau,2018-08-31,2018,8,31,0.0141210472019796
Ca Mau,2018-09-01,2018,9,1,5.375166790643226
Ca Mau,2018-09-02,2018,9,2,46.42496018927937
Ca Mau,2018-09-03,2018,9,3,46.429839891905225
Ca Mau,2018-09-04,2018,9,4,8.815365854240822
Ca Mau,2018-09-05,2018,9,5,0.0
Ca Mau,2018-09-06,2018,9,6,12.330332269308755
Ca Mau,2018-09-07,2018,9,7,35.96013942025738
Ca Mau,2018-09-08,2018,9,8,18.04221742214611
Ca Mau,2018-09-09,2018,9,9,6.532928306983275
Ca Mau,2018-09-10,2018,9,10,0.0
Ca Mau,2018-09-11,2018,9,11,4.259562188968912
Ca Mau,2018-09-12,2018,9,12,11.239535287418995
Ca Mau,2018-09-13,2018,9,13,22.689341171044408
Ca Mau,2018-09-14,2018,9,14,12.869628106046838
Ca Mau,2018-09-15,2018,9,15,10.543344905588691
Ca Mau,2018-09-16,2018,9,16,21.469164085620623
Ca Mau,2018-09-17,2018,9,17,24.932081425853053
Ca Mau,2018-09-18,2018,9,18,9.581539626277207
Ca Mau,2018-09-19,2018,9,19,3.712116839280836
Ca Mau,2018-09-20,2018,9,20,4.850602573714026
Ca Mau,2018-09-21,2018,9,21,4.965202701887279
Ca Mau,2018-09-22,2018,9,22,1.2361742069465007
Ca Mau,2018-09-23,2018,9,23,4.292725360680918
Ca Mau,2018-09-24,2018,9,24,0.4123733494489341
Ca Mau,2018-09-25,2018,9,25,0.1738675796936977
Ca Mau,2018-09-26,2018,9,26,8.374635349076241
Ca Mau,2018-09-27,2018,9,27,1.0488360161513566
Ca Mau,2018-09-28,2018,9,28,7.89395117032215
Ca Mau,2018-09-29,2018,9,29,8.735265853484824
Ca Mau,2018-09-30,2018,9,30,5.342596745260393
Ca Mau,2018-10-01,2018,10,1,5.340054427788223
Ca Mau,2018-10-02,2018,10,2,14.228788824231705
Ca Mau,2018-10-03,2018,10,3,8.855436665799918
Ca Mau,2018-10-04,2018,10,4,11.01055625181965
Ca Mau,2018-10-05,2018,10,5,11.484957990859348
Ca Mau,2018-10-06,2018,10,6,3.1364151405163816
Ca Mau,2018-10-07,2018,10,7,21.852193998778763
Ca Mau,2018-10-08,2018,10,8,6.278518414609093
Ca Mau,2018-10-09,2018,10,9,0.2956072781753008
Ca Mau,2018-10-10,2018,10,10,0.0
Ca Mau,2018-10-11,2018,10,11,0.0009111412130791738
Ca Mau,2018-10-12,2018,10,12,0.1280842801553739
Ca Mau,2018-10-13,2018,10,13,0.325190081512229
Ca Mau,2018-10-14,2018,10,14,4.776769660944808
Ca Mau,2018-10-15,2018,10,15,0.6280580494178973
Ca Mau,2018-10-16,2018,10,16,0.1209816411858314
Ca Mau,2018-10-17,2018,10,17,9.700275603055667
Ca Mau,2018-10-18,2018,10,18,14.483787024756303
Ca Mau,2018-10-19,2018,10,19,30.999882014056148
Ca Mau,2018-10-20,2018,10,20,1.8535307823188223
Ca Mau,2018-10-21,2018,10,21,1.311323025963183
Ca Mau,2018-10-22,2018,10,22,4.73784705721734
Ca Mau,2018-10-23,2018,10,23,43.67054974791363
Ca Mau,2018-10-24,2018,10,24,25.788781415630574
Ca Mau,2018-10-25,2018,10,25,0.0701990642887793
Ca Mau,2018-10-26,2018,10,26,0.0004529632096423205
Ca Mau,2018-10-27,2018,10,27,0.0004059440639892543
Ca Mau,2018-10-28,2018,10,28,4.690365513671809
Ca Mau,2018-10-29,2018,10,29,7.936207484197157
Ca Mau,2018-10-30,2018,10,30,0.0
Ca Mau,2018-10-31,2018,10,31,0.0
Ca Mau,2018-11-01,2018,11,1,0.0
Ca Mau,2018-11-02,2018,11,2,0.0007738071925118298
Ca Mau,2018-11-03,2018,11,3,15.988763493405802
Ca Mau,2018-11-04,2018,11,4,6.200484102724759
Ca Mau,2018-11-05,2018,11,5,1.8277249581652373
Ca Mau,2018-11-06,2018,11,6,13.1188014215613
Ca Mau,2018-11-07,2018,11,7,6.134208880945992
Ca Mau,2018-11-08,2018,11,8,7.126049392024441
Ca Mau,2018-11-09,2018,11,9,0.0
Ca Mau,2018-11-10,2018,11,10,3.684597537993593
Ca Mau,2018-11-11,2018,11,11,0.0
Ca Mau,2018-11-12,2018,11,12,1.5622056726920353
Ca Mau,2018-11-13,2018,11,13,0.0552139094385443
Ca Mau,2018-11-14,2018,11,14,0.0622636817233522
Ca Mau,2018-11-15,2018,11,15,8.663643367286717
Ca Mau,2018-11-16,2018,11,16,2.733698843540276
Ca Mau,2018-11-17,2018,11,17,2.9485960282034007
Ca Mau,2018-11-18,2018,11,18,13.92450715032066
Ca Mau,2018-11-19,2018,11,19,19.177111357351396
Ca Mau,2018-11-20,2018,11,20,0.00021880686265093248
Ca Mau,2018-11-21,2018,11,21,0.7274538163712844
Ca Mau,2018-11-22,2018,11,22,0.6777460856279846
Ca Mau,2018-11-23,2018,11,23,1.810350864846373
Ca Mau,2018-11-24,2018,11,24,14.947266385193462
Ca Mau,2018-11-25,2018,11,25,5.023716965886208
Ca Mau,2018-11-26,2018,11,26,0.0685392879355055
Ca Mau,2018-11-27,2018,11,27,0.0
Ca Mau,2018-11-28,2018,11,28,0.00021102484833660848
Ca Mau,2018-11-29,2018,11,29,0.0
Ca Mau,2018-11-30,2018,11,30,0.0
Ca Mau,2018-12-01,2018,12,1,0.0
Ca Mau,2018-12-02,2018,12,2,0.0
Ca Mau,2018-12-03,2018,12,3,2.8107666150185926
Ca Mau,2018-12-04,2018,12,4,0.0
Ca Mau,2018-12-05,2018,12,5,0.0
Ca Mau,2018-12-06,2018,12,6,0.0671386003692464
Ca Mau,2018-12-07,2018,12,7,6.91397212082667
Ca Mau,2018-12-08,2018,12,8,0.0
Ca Mau,2018-12-09,2018,12,9,9.91948225581174
Ca Mau,2018-12-10,2018,12,10,1.137782090371689
Ca Mau,2018-12-11,2018,12,11,2.097693268993494
Ca Mau,2018-12-12,2018,12,12,0.9957412249682318
Ca Mau,2018-12-13,2018,12,13,0.0
Ca Mau,2018-12-14,2018,12,14,0.0003228205579367919
Ca Mau,2018-12-15,2018,12,15,4.543952373767492
Ca Mau,2018-12-16,2018,12,16,0.0004676050870277286
Ca Mau,2018-12-17,2018,12,17,0.0085775097415409
Ca Mau,2018-12-18,2018,12,18,0.0081219394503222
Ca Mau,2018-12-19,2018,12,19,0.1163888667522059
Ca Mau,2018-12-20,2018,12,20,0.0
Ca Mau,2018-12-21,2018,12,21,0.681876888765279
Ca Mau,2018-12-22,2018,12,22,1.3908992269607956
Ca Mau,2018-12-23,2018,12,23,7.79087963865613
Ca Mau,2018-12-24,2018,12,24,4.889796982067744
Ca Mau,2018-12-25,2018,12,25,0.992299911760339
Ca Mau,2018-12-26,2018,12,26,0.1654102050551769
Ca Mau,2018-12-27,2018,12,27,7.681923730089417
Ca Mau,2018-12-28,2018,12,28,14.412634023011382
Ca Mau,2018-12-29,2018,12,29,0.9927604083679036
Ca Mau,2018-12-30,2018,12,30,1.0164128372348855
Ca Mau,2018-12-31,2018,12,31,5.600041106582015
Ca Mau,2019-01-01,2019,1,1,4.969412864536104
Ca Mau,2019-01-02,2019,1,2,12.638388869227644
Ca Mau,2019-01-03,2019,1,3,6.951047509485249
Ca Mau,2019-01-04,2019,1,4,3.760885697696021
Ca Mau,2019-01-05,2019,1,5,0.0
Ca Mau,2019-01-06,2019,1,6,0.0001659719127049037
Ca Mau,2019-01-07,2019,1,7,0.0
Ca Mau,2019-01-08,2019,1,8,0.0
Ca Mau,2019-01-09,2019,1,9,0.0
Ca Mau,2019-01-10,2019,1,10,0.0
Ca Mau,2019-01-11,2019,1,11,0.0
Ca Mau,2019-01-12,2019,1,12,0.00015077571482583437
Ca Mau,2019-01-13,2019,1,13,0.0
Ca Mau,2019-01-14,2019,1,14,0.0
Ca Mau,2019-01-15,2019,1,15,1.0079869083573698
Ca Mau,2019-01-16,2019,1,16,0.0252764573390567
Ca Mau,2019-01-17,2019,1,17,0.0876270819144569
Ca Mau,2019-01-18,2019,1,18,0.0
Ca Mau,2019-01-19,2019,1,19,0.0
Ca Mau,2019-01-20,2019,1,20,0.0
Ca Mau,2019-01-21,2019,1,21,0.0
Ca Mau,2019-01-22,2019,1,22,0.0
Ca Mau,2019-01-23,2019,1,23,0.0440885044044242
Ca Mau,2019-01-24,2019,1,24,0.0
Ca Mau,2019-01-25,2019,1,25,0.0
Ca Mau,2019-01-26,2019,1,26,0.0
Ca Mau,2019-01-27,2019,1,27,0.0
Ca Mau,2019-01-28,2019,1,28,0.0
Ca Mau,2019-01-29,2019,1,29,0.0
Ca Mau,2019-01-30,2019,1,30,0.0
Ca Mau,2019-01-31,2019,1,31,0.0
Ca Mau,2019-02-01,2019,2,1,0.0226035362566757
Ca Mau,2019-02-02,2019,2,2,0.0
Ca Mau,2019-02-03,2019,2,3,0.0
Ca Mau,2019-02-04,2019,2,4,0.0
Ca Mau,2019-02-05,2019,2,5,0.0
Ca Mau,2019-02-06,2019,2,6,0.0
Ca Mau,2019-02-07,2019,2,7,0.0
Ca Mau,2019-02-08,2019,2,8,0.0
Ca Mau,2019-02-09,2019,2,9,0.0
Ca Mau,2019-02-10,2019,2,10,0.0620153097676827
Ca Mau,2019-02-11,2019,2,11,0.1208974556161818
Ca Mau,2019-02-12,2019,2,12,0.0
Ca Mau,2019-02-13,2019,2,13,0.0
Ca Mau,2019-02-14,2019,2,14,0.0
Ca Mau,2019-02-15,2019,2,15,0.0
Ca Mau,2019-02-16,2019,2,16,0.0022385507786
Ca Mau,2019-02-17,2019,2,17,0.0
Ca Mau,2019-02-18,2019,2,18,0.0
Ca Mau,2019-02-19,2019,2,19,0.0
Ca Mau,2019-02-20,2019,2,20,0.0
Ca Mau,2019-02-21,2019,2,21,0.0
Ca Mau,2019-02-22,2019,2,22,0.0245623162158167
Ca Mau,2019-02-23,2019,2,23,0.0
Ca Mau,2019-02-24,2019,2,24,0.0
Ca Mau,2019-02-25,2019,2,25,0.0
Ca Mau,2019-02-26,2019,2,26,0.0
Ca Mau,2019-02-27,2019,2,27,0.0027317921152426
Ca Mau,2019-02-28,2019,2,28,0.0
Ca Mau,2019-03-01,2019,3,1,1.1477031218520897
Ca Mau,2019-03-02,2019,3,2,0.0
Ca Mau,2019-03-03,2019,3,3,0.0
Ca Mau,2019-03-04,2019,3,4,0.0
Ca Mau,2019-03-05,2019,3,5,0.0
Ca Mau,2019-03-06,2019,3,6,0.0
Ca Mau,2019-03-07,2019,3,7,0.0074867942925664
Ca Mau,2019-03-08,2019,3,8,0.0386301653308764
Ca Mau,2019-03-09,2019,3,9,0.0
Ca Mau,2019-03-10,2019,3,10,0.1406858058819748
Ca Mau,2019-03-11,2019,3,11,0.0
Ca Mau,2019-03-12,2019,3,12,0.0
Ca Mau,2019-03-13,2019,3,13,0.0692301633595483
Ca Mau,2019-03-14,2019,3,14,0.4744459839747205
Ca Mau,2019-03-15,2019,3,15,0.0
Ca Mau,2019-03-16,2019,3,16,0.0
Ca Mau,2019-03-17,2019,3,17,0.0
Ca Mau,2019-03-18,2019,3,18,0.00019859429336228432
Ca Mau,2019-03-19,2019,3,19,0.0
Ca Mau,2019-03-20,2019,3,20,0.0
Ca Mau,2019-03-21,2019,3,21,1.2134738519220216
Ca Mau,2019-03-22,2019,3,22,0.2548620468715011
Ca Mau,2019-03-23,2019,3,23,0.3718662604491398
Ca Mau,2019-03-24,2019,3,24,1.283648770883626
Ca Mau,2019-03-25,2019,3,25,0.0
Ca Mau,2019-03-26,2019,3,26,1.1110617550047168
Ca Mau,2019-03-27,2019,3,27,0.0
Ca Mau,2019-03-28,2019,3,28,0.0
Ca Mau,2019-03-29,2019,3,29,4.449836450312492
Ca Mau,2019-03-30,2019,3,30,0.4263104230498822
Ca Mau,2019-03-31,2019,3,31,0.1896192849745485
Ca Mau,2019-04-01,2019,4,1,0.0002031931845063599
Ca Mau,2019-04-02,2019,4,2,0.0
Ca Mau,2019-04-03,2019,4,3,0.0
Ca Mau,2019-04-04,2019,4,4,0.8859950833409993
Ca Mau,2019-04-05,2019,4,5,0.6315992794741744
Ca Mau,2019-04-06,2019,4,6,0.0
Ca Mau,2019-04-07,2019,4,7,0.0
Ca Mau,2019-04-08,2019,4,8,0.0
Ca Mau,2019-04-09,2019,4,9,0.0
Ca Mau,2019-04-10,2019,4,10,0.0
Ca Mau,2019-04-11,2019,4,11,8.321802287383917
Ca Mau,2019-04-12,2019,4,12,0.0
Ca Mau,2019-04-13,2019,4,13,0.0
Ca Mau,2019-04-14,2019,4,14,0.0
Ca Mau,2019-04-15,2019,4,15,0.5938045391959322
Ca Mau,2019-04-16,2019,4,16,0.0
Ca Mau,2019-04-17,2019,4,17,0.6242804491561372
Ca Mau,2019-04-18,2019,4,18,1.2129968682702683
Ca Mau,2019-04-19,2019,4,19,0.0
Ca Mau,2019-04-20,2019,4,20,1.171047269388079
Ca Mau,2019-04-21,2019,4,21,0.0063175220138592
Ca Mau,2019-04-22,2019,4,22,0.3833567110456368
Ca Mau,2019-04-23,2019,4,23,2.5731263069487764
Ca Mau,2019-04-24,2019,4,24,0.0397342926625439
Ca Mau,2019-04-25,2019,4,25,0.3255520625592943
Ca Mau,2019-04-26,2019,4,26,0.0
Ca Mau,2019-04-27,2019,4,27,10.313290477353084
Ca Mau,2019-04-28,2019,4,28,14.961232825546128
Ca Mau,2019-04-29,2019,4,29,0.0
Ca Mau,2019-04-30,2019,4,30,4.52758096042737
Ca Mau,2019-05-01,2019,5,1,3.8279432539784217
Ca Mau,2019-05-02,2019,5,2,15.235732927224737
Ca Mau,2019-05-03,2019,5,3,10.41648729293278
Ca Mau,2019-05-04,2019,5,4,3.436309303264017
Ca Mau,2019-05-05,2019,5,5,4.764107681936986
Ca Mau,2019-05-06,2019,5,6,5.146805247604993
Ca Mau,2019-05-07,2019,5,7,2.287782396801367
Ca Mau,2019-05-08,2019,5,8,2.2579979887986714
Ca Mau,2019-05-09,2019,5,9,13.630800059864786
Ca Mau,2019-05-10,2019,5,10,14.455637786433806
Ca Mau,2019-05-11,2019,5,11,12.83404799452573
Ca Mau,2019-05-12,2019,5,12,10.815222041179158
Ca Mau,2019-05-13,2019,5,13,0.5456254273256629
Ca Mau,2019-05-14,2019,5,14,3.2936982351750554
Ca Mau,2019-05-15,2019,5,15,2.5937506542862048
Ca Mau,2019-05-16,2019,5,16,3.984112028266781
Ca Mau,2019-05-17,2019,5,17,0.3732818151759987
Ca Mau,2019-05-18,2019,5,18,6.627604906547462
Ca Mau,2019-05-19,2019,5,19,9.758815055805409
Ca Mau,2019-05-20,2019,5,20,3.7507441328228106
Ca Mau,2019-05-21,2019,5,21,9.57519779140817
Ca Mau,2019-05-22,2019,5,22,15.309797397304555
Ca Mau,2019-05-23,2019,5,23,0.3813770679619611
Ca Mau,2019-05-24,2019,5,24,1.904646331865562
Ca Mau,2019-05-25,2019,5,25,6.535567147055916
Ca Mau,2019-05-26,2019,5,26,6.106625030990669
Ca Mau,2019-05-27,2019,5,27,13.142283855301152
Ca Mau,2019-05-28,2019,5,28,5.272942544854144
Ca Mau,2019-05-29,2019,5,29,6.246405859807782
Ca Mau,2019-05-30,2019,5,30,6.053916506180958
Ca Mau,2019-05-31,2019,5,31,1.1991027408834674
Ca Mau,2019-06-01,2019,6,1,0.97027937517453
Ca Mau,2019-06-02,2019,6,2,3.8979947118689977
Ca Mau,2019-06-03,2019,6,3,18.73774922623817
Ca Mau,2019-06-04,2019,6,4,11.291425002169014
Ca Mau,2019-06-05,2019,6,5,13.77243895935933
Ca Mau,2019-06-06,2019,6,6,12.79755569808861
Ca Mau,2019-06-07,2019,6,7,11.263727832797288
Ca Mau,2019-06-08,2019,6,8,10.01936120961533
Ca Mau,2019-06-09,2019,6,9,34.50253031351475
Ca Mau,2019-06-10,2019,6,10,14.46970739682288
Ca Mau,2019-06-11,2019,6,11,3.541371191247055
Ca Mau,2019-06-12,2019,6,12,5.70867812788923
Ca Mau,2019-06-13,2019,6,13,8.477584453220814
Ca Mau,2019-06-14,2019,6,14,13.249213402268747
Ca Mau,2019-06-15,2019,6,15,4.233875863814895
Ca Mau,2019-06-16,2019,6,16,26.99455977316854
Ca Mau,2019-06-17,2019,6,17,19.872751198718035
Ca Mau,2019-06-18,2019,6,18,1.3598689120600709
Ca Mau,2019-06-19,2019,6,19,0.0
Ca Mau,2019-06-20,2019,6,20,18.31531570156296
Ca Mau,2019-06-21,2019,6,21,22.08782280840999
Ca Mau,2019-06-22,2019,6,22,32.102587235828004
Ca Mau,2019-06-23,2019,6,23,1.9669096190324724
Ca Mau,2019-06-24,2019,6,24,1.812845569036388
Ca Mau,2019-06-25,2019,6,25,15.516477926565562
Ca Mau,2019-06-26,2019,6,26,18.560212651287923
Ca Mau,2019-06-27,2019,6,27,7.832207836535061
Ca Mau,2019-06-28,2019,6,28,38.88007571313085
Ca Mau,2019-06-29,2019,6,29,1.2807176611515751
Ca Mau,2019-06-30,2019,6,30,0.0
Ca Mau,2019-07-01,2019,7,1,15.00101000439047
Ca Mau,2019-07-02,2019,7,2,22.47586408352982
Ca Mau,2019-07-03,2019,7,3,18.675565890625503
Ca Mau,2019-07-04,2019,7,4,9.53302234285562
Ca Mau,2019-07-05,2019,7,5,1.424716844947552
Ca Mau,2019-07-06,2019,7,6,2.5757919967021383
Ca Mau,2019-07-07,2019,7,7,1.0749773309107744
Ca Mau,2019-07-08,2019,7,8,1.0188067242989665
Ca Mau,2019-07-09,2019,7,9,2.341947924227488
Ca Mau,2019-07-10,2019,7,10,0.0
Ca Mau,2019-07-11,2019,7,11,1.6638407655366612
Ca Mau,2019-07-12,2019,7,12,0.0
Ca Mau,2019-07-13,2019,7,13,1.4602772936297015
Ca Mau,2019-07-14,2019,7,14,0.6051096148662802
Ca Mau,2019-07-15,2019,7,15,3.069141453138792
Ca Mau,2019-07-16,2019,7,16,21.840123263188847
Ca Mau,2019-07-17,2019,7,17,22.7438656225206
Ca Mau,2019-07-18,2019,7,18,2.1283082912575817
Ca Mau,2019-07-19,2019,7,19,9.32119781040602
Ca Mau,2019-07-20,2019,7,20,2.0404810899285275
Ca Mau,2019-07-21,2019,7,21,0.0019757060430934
Ca Mau,2019-07-22,2019,7,22,12.408976744698249
Ca Mau,2019-07-23,2019,7,23,10.934487382673012
Ca Mau,2019-07-24,2019,7,24,13.349525573977616
Ca Mau,2019-07-25,2019,7,25,5.729707109974981
Ca Mau,2019-07-26,2019,7,26,0.2166438910799347
Ca Mau,2019-07-27,2019,7,27,6.650596528988621
Ca Mau,2019-07-28,2019,7,28,7.0379204632131085
Ca Mau,2019-07-29,2019,7,29,8.890656761870135
Ca Mau,2019-07-30,2019,7,30,4.745114916554929
Ca Mau,2019-07-31,2019,7,31,10.378354909815164
Ca Mau,2019-08-01,2019,8,1,19.853339652349547
Ca Mau,2019-08-02,2019,8,2,33.744893516854205
Ca Mau,2019-08-03,2019,8,3,17.583586894822606
Ca Mau,2019-08-04,2019,8,4,26.70860394040865
Ca Mau,2019-08-05,2019,8,5,45.05684092707547
Ca Mau,2019-08-06,2019,8,6,24.802071561169733
Ca Mau,2019-08-07,2019,8,7,5.591131708534051
Ca Mau,2019-08-08,2019,8,8,12.84580677490966
Ca Mau,2019-08-09,2019,8,9,40.71979698729778
Ca Mau,2019-08-10,2019,8,10,0.0
Ca Mau,2019-08-11,2019,8,11,0.9000951775058008
Ca Mau,2019-08-12,2019,8,12,0.0
Ca Mau,2019-08-13,2019,8,13,1.190703999345724
Ca Mau,2019-08-14,2019,8,14,5.6392000627128525
Ca Mau,2019-08-15,2019,8,15,0.00021817970304708248
Ca Mau,2019-08-16,2019,8,16,0.5963666433921174
Ca Mau,2019-08-17,2019,8,17,0.0
Ca Mau,2019-08-18,2019,8,18,0.0
Ca Mau,2019-08-19,2019,8,19,0.0
Ca Mau,2019-08-20,2019,8,20,4.477321954840456
Ca Mau,2019-08-21,2019,8,21,1.2497203283309224
Ca Mau,2019-08-22,2019,8,22,0.1202966565448687
Ca Mau,2019-08-23,2019,8,23,7.480662897094061
Ca Mau,2019-08-24,2019,8,24,21.517314488088505
Ca Mau,2019-08-25,2019,8,25,33.12585212424525
Ca Mau,2019-08-26,2019,8,26,11.11257615814294
Ca Mau,2019-08-27,2019,8,27,1.1128302323018198
Ca Mau,2019-08-28,2019,8,28,16.072426364600588
Ca Mau,2019-08-29,2019,8,29,44.65669223950884
Ca Mau,2019-08-30,2019,8,30,10.88163257843422
Ca Mau,2019-08-31,2019,8,31,10.301066841349062
Ca Mau,2019-09-01,2019,9,1,18.245691107822527
Ca Mau,2019-09-02,2019,9,2,10.659972662775091
Ca Mau,2019-09-03,2019,9,3,20.96588770293845
Ca Mau,2019-09-04,2019,9,4,19.77113814197905
Ca Mau,2019-09-05,2019,9,5,1.6199513562429058
Ca Mau,2019-09-06,2019,9,6,0.7677433011015067
Ca Mau,2019-09-07,2019,9,7,12.859067253336006
Ca Mau,2019-09-08,2019,9,8,10.687626837702089
Ca Mau,2019-09-09,2019,9,9,0.0002273932153397345
Ca Mau,2019-09-10,2019,9,10,0.0
Ca Mau,2019-09-11,2019,9,11,2.199292153084005
Ca Mau,2019-09-12,2019,9,12,0.0
Ca Mau,2019-09-13,2019,9,13,20.28353611144724
Ca Mau,2019-09-14,2019,9,14,49.20524462679136
Ca Mau,2019-09-15,2019,9,15,29.454254610614896
Ca Mau,2019-09-16,2019,9,16,4.778384227211054
Ca Mau,2019-09-17,2019,9,17,14.801445165182836
Ca Mau,2019-09-18,2019,9,18,19.08266005202894
Ca Mau,2019-09-19,2019,9,19,0.2333138598424204
Ca Mau,2019-09-20,2019,9,20,2.585058897828286
Ca Mau,2019-09-21,2019,9,21,17.06402164428274
Ca Mau,2019-09-22,2019,9,22,4.7212766968254405
Ca Mau,2019-09-23,2019,9,23,0.1190479430567108
Ca Mau,2019-09-24,2019,9,24,0.0
Ca Mau,2019-09-25,2019,9,25,0.4251251204756902
Ca Mau,2019-09-26,2019,9,26,8.797731152189474
Ca Mau,2019-09-27,2019,9,27,9.736288605399764
Ca Mau,2019-09-28,2019,9,28,6.703604961221785
Ca Mau,2019-09-29,2019,9,29,0.4350731344454379
Ca Mau,2019-09-30,2019,9,30,4.333104444350126
Ca Mau,2019-10-01,2019,10,1,5.918137999641135
Ca Mau,2019-10-02,2019,10,2,6.056161357520069
Ca Mau,2019-10-03,2019,10,3,11.514988507106995
Ca Mau,2019-10-04,2019,10,4,18.86700170260135
Ca Mau,2019-10-05,2019,10,5,17.99778210152811
Ca Mau,2019-10-06,2019,10,6,15.358267992870047
Ca Mau,2019-10-07,2019,10,7,10.722348586828454
Ca Mau,2019-10-08,2019,10,8,8.144666150644731
Ca Mau,2019-10-09,2019,10,9,15.211570036832915
Ca Mau,2019-10-10,2019,10,10,2.0778417744895648
Ca Mau,2019-10-11,2019,10,11,1.4357387325315416
Ca Mau,2019-10-12,2019,10,12,5.081715612909888
Ca Mau,2019-10-13,2019,10,13,8.487965836499379
Ca Mau,2019-10-14,2019,10,14,10.033355357231263
Ca Mau,2019-10-15,2019,10,15,9.29368176613062
Ca Mau,2019-10-16,2019,10,16,7.271765614164932
Ca Mau,2019-10-17,2019,10,17,10.453187480785113
Ca Mau,2019-10-18,2019,10,18,24.127412076007943
Ca Mau,2019-10-19,2019,10,19,12.497258730782285
Ca Mau,2019-10-20,2019,10,20,4.38383597508073
Ca Mau,2019-10-21,2019,10,21,2.14062260765641
Ca Mau,2019-10-22,2019,10,22,19.149366569652383
Ca Mau,2019-10-23,2019,10,23,2.8028875314095645
Ca Mau,2019-10-24,2019,10,24,1.8937465738248371
Ca Mau,2019-10-25,2019,10,25,0.5700507025935992
Ca Mau,2019-10-26,2019,10,26,5.480495520012663
Ca Mau,2019-10-27,2019,10,27,9.278718419706378
Ca Mau,2019-10-28,2019,10,28,10.055822496636896
Ca Mau,2019-10-29,2019,10,29,6.953659299148435
Ca Mau,2019-10-30,2019,10,30,1.1132555573665175
Ca Mau,2019-10-31,2019,10,31,4.362855497044946
Ca Mau,2019-11-01,2019,11,1,11.655880234558971
Ca Mau,2019-11-02,2019,11,2,4.594076942170475
Ca Mau,2019-11-03,2019,11,3,25.145442810869067
Ca Mau,2019-11-04,2019,11,4,6.128742268991445
Ca Mau,2019-11-05,2019,11,5,11.086154846418228
Ca Mau,2019-11-06,2019,11,6,24.817249156480624
Ca Mau,2019-11-07,2019,11,7,2.853300589847378
Ca Mau,2019-11-08,2019,11,8,9.47185210930916
Ca Mau,2019-11-09,2019,11,9,4.021515489048005
Ca Mau,2019-11-10,2019,11,10,6.306537812978863
Ca Mau,2019-11-11,2019,11,11,1.028322220911996
Ca Mau,2019-11-12,2019,11,12,0.4817905601673168
Ca Mau,2019-11-13,2019,11,13,3.113159701784459
Ca Mau,2019-11-14,2019,11,14,4.739666251499464
Ca Mau,2019-11-15,2019,11,15,0.2377691750562197
Ca Mau,2019-11-16,2019,11,16,0.0
Ca Mau,2019-11-17,2019,11,17,0.0
Ca Mau,2019-11-18,2019,11,18,0.0
Ca Mau,2019-11-19,2019,11,19,3.098657808522216
Ca Mau,2019-11-20,2019,11,20,0.0131856252269272
Ca Mau,2019-11-21,2019,11,21,0.0
Ca Mau,2019-11-22,2019,11,22,0.0
Ca Mau,2019-11-23,2019,11,23,0.8664183676188777
Ca Mau,2019-11-24,2019,11,24,3.617161378012172
Ca Mau,2019-11-25,2019,11,25,0.8051956838679287
Ca Mau,2019-11-26,2019,11,26,5.953605619679232
Ca Mau,2019-11-27,2019,11,27,0.0
Ca Mau,2019-11-28,2019,11,28,0.0
Ca Mau,2019-11-29,2019,11,29,0.0003071055266704353
Ca Mau,2019-11-30,2019,11,30,0.5580324231857547
Ca Mau,2019-12-01,2019,12,1,0.8694530829444909
Ca Mau,2019-12-02,2019,12,2,0.1586900881909402
Ca Mau,2019-12-03,2019,12,3,0.0
Ca Mau,2019-12-04,2019,12,4,1.671085658590192
Ca Mau,2019-12-05,2019,12,5,0.0
Ca Mau,2019-12-06,2019,12,6,0.0
Ca Mau,2019-12-07,2019,12,7,3.3929211551226697
Ca Mau,2019-12-08,2019,12,8,0.0
Ca Mau,2019-12-09,2019,12,9,0.0
Ca Mau,2019-12-10,2019,12,10,0.0
Ca Mau,2019-12-11,2019,12,11,0.0
Ca Mau,2019-12-12,2019,12,12,1.2644826300991785
Ca Mau,2019-12-13,2019,12,13,3.192496870740114
Ca Mau,2019-12-14,2019,12,14,0.0
Ca Mau,2019-12-15,2019,12,15,0.0
Ca Mau,2019-12-16,2019,12,16,0.0
Ca Mau,2019-12-17,2019,12,17,0.8331694444404981
Ca Mau,2019-12-18,2019,12,18,1.7348379956641689
Ca Mau,2019-12-19,2019,12,19,0.0
Ca Mau,2019-12-20,2019,12,20,0.0
Ca Mau,2019-12-21,2019,12,21,0.0
Ca Mau,2019-12-22,2019,12,22,0.0
Ca Mau,2019-12-23,2019,12,23,0.0
Ca Mau,2019-12-24,2019,12,24,4.448659605530184
Ca Mau,2019-12-25,2019,12,25,0.0
Ca Mau,2019-12-26,2019,12,26,0.0
Ca Mau,2019-12-27,2019,12,27,0.0
Ca Mau,2019-12-28,2019,12,28,0.3020910337531294
Ca Mau,2019-12-29,2019,12,29,0.0
Ca Mau,2019-12-30,2019,12,30,3.0909352610304395
Ca Mau,2019-12-31,2019,12,31,5.485360089414716
Ca Mau,2020-01-01,2020,1,1,0.0
Ca Mau,2020-01-02,2020,1,2,0.0
Ca Mau,2020-01-03,2020,1,3,0.0233049107650171
Ca Mau,2020-01-04,2020,1,4,0.0
Ca Mau,2020-01-05,2020,1,5,1.6956126324228828
Ca Mau,2020-01-06,2020,1,6,0.0
Ca Mau,2020-01-07,2020,1,7,0.0
Ca Mau,2020-01-08,2020,1,8,0.0
Ca Mau,2020-01-09,2020,1,9,0.0
Ca Mau,2020-01-10,2020,1,10,0.0
Ca Mau,2020-01-11,2020,1,11,0.3491399242365881
Ca Mau,2020-01-12,2020,1,12,3.543405134311937
Ca Mau,2020-01-13,2020,1,13,0.0
Ca Mau,2020-01-14,2020,1,14,0.0
Ca Mau,2020-01-15,2020,1,15,0.0
Ca Mau,2020-01-16,2020,1,16,0.0
Ca Mau,2020-01-17,2020,1,17,0.0
Ca Mau,2020-01-18,2020,1,18,0.0
Ca Mau,2020-01-19,2020,1,19,0.0
Ca Mau,2020-01-20,2020,1,20,0.0
Ca Mau,2020-01-21,2020,1,21,0.0046575593220423
Ca Mau,2020-01-22,2020,1,22,0.2730397757147287
Ca Mau,2020-01-23,2020,1,23,0.0
Ca Mau,2020-01-24,2020,1,24,0.0
Ca Mau,2020-01-25,2020,1,25,0.2294721546770945
Ca Mau,2020-01-26,2020,1,26,0.0
Ca Mau,2020-01-27,2020,1,27,0.0
Ca Mau,2020-01-28,2020,1,28,0.0
Ca Mau,2020-01-29,2020,1,29,0.0
Ca Mau,2020-01-30,2020,1,30,1.3987164746343808
Ca Mau,2020-01-31,2020,1,31,0.0
Ca Mau,2020-02-01,2020,2,1,0.0769889924107649
Ca Mau,2020-02-02,2020,2,2,0.0
Ca Mau,2020-02-03,2020,2,3,0.0
Ca Mau,2020-02-04,2020,2,4,0.0
Ca Mau,2020-02-05,2020,2,5,0.0
Ca Mau,2020-02-06,2020,2,6,0.0
Ca Mau,2020-02-07,2020,2,7,0.0
Ca Mau,2020-02-08,2020,2,8,0.0
Ca Mau,2020-02-09,2020,2,9,0.7801415720344168
Ca Mau,2020-02-10,2020,2,10,0.1746609608204687
Ca Mau,2020-02-11,2020,2,11,0.0
Ca Mau,2020-02-12,2020,2,12,0.0
Ca Mau,2020-02-13,2020,2,13,0.0
Ca Mau,2020-02-14,2020,2,14,0.0
Ca Mau,2020-02-15,2020,2,15,0.0
Ca Mau,2020-02-16,2020,2,16,0.0
Ca Mau,2020-02-17,2020,2,17,0.0
Ca Mau,2020-02-18,2020,2,18,0.0
Ca Mau,2020-02-19,2020,2,19,0.0
Ca Mau,2020-02-20,2020,2,20,0.0
Ca Mau,2020-02-21,2020,2,21,0.0
Ca Mau,2020-02-22,2020,2,22,0.0
Ca Mau,2020-02-23,2020,2,23,0.0
Ca Mau,2020-02-24,2020,2,24,0.0
Ca Mau,2020-02-25,2020,2,25,0.0
Ca Mau,2020-02-26,2020,2,26,0.0031266317239983
Ca Mau,2020-02-27,2020,2,27,0.0
Ca Mau,2020-02-28,2020,2,28,0.0
Ca Mau,2020-02-29,2020,2,29,0.0
Ca Mau,2020-03-01,2020,3,1,0.0
Ca Mau,2020-03-02,2020,3,2,0.0507322602883936
Ca Mau,2020-03-03,2020,3,3,0.0
Ca Mau,2020-03-04,2020,3,4,0.0
Ca Mau,2020-03-05,2020,3,5,2.320981444266176
Ca Mau,2020-03-06,2020,3,6,0.0
Ca Mau,2020-03-07,2020,3,7,1.5197330026233071
Ca Mau,2020-03-08,2020,3,8,5.517674689119215
Ca Mau,2020-03-09,2020,3,9,0.0439837581805767
Ca Mau,2020-03-10,2020,3,10,10.577538933960824
Ca Mau,2020-03-11,2020,3,11,2.1128897976981627
Ca Mau,2020-03-12,2020,3,12,0.0
Ca Mau,2020-03-13,2020,3,13,0.0
Ca Mau,2020-03-14,2020,3,14,0.0
Ca Mau,2020-03-15,2020,3,15,0.0
Ca Mau,2020-03-16,2020,3,16,0.8156976312750273
Ca Mau,2020-03-17,2020,3,17,0.0
Ca Mau,2020-03-18,2020,3,18,0.0
Ca Mau,2020-03-19,2020,3,19,0.0131061973710158
Ca Mau,2020-03-20,2020,3,20,0.0
Ca Mau,2020-03-21,2020,3,21,0.0
Ca Mau,2020-03-22,2020,3,22,0.0
Ca Mau,2020-03-23,2020,3,23,0.0
Ca Mau,2020-03-24,2020,3,24,0.0
Ca Mau,2020-03-25,2020,3,25,0.0320928024697909
Ca Mau,2020-03-26,2020,3,26,0.0
Ca Mau,2020-03-27,2020,3,27,0.0
Ca Mau,2020-03-28,2020,3,28,0.0
Ca Mau,2020-03-29,2020,3,29,0.0
Ca Mau,2020-03-30,2020,3,30,1.144050964150925
Ca Mau,2020-03-31,2020,3,31,0.0
Ca Mau,2020-04-01,2020,4,1,0.0
Ca Mau,2020-04-02,2020,4,2,0.0
Ca Mau,2020-04-03,2020,4,3,0.0
Ca Mau,2020-04-04,2020,4,4,0.099849722405587
Ca Mau,2020-04-05,2020,4,5,0.0
Ca Mau,2020-04-06,2020,4,6,0.0472525013419276
Ca Mau,2020-04-07,2020,4,7,0.746049883263017
Ca Mau,2020-04-08,2020,4,8,0.0127857281919906
Ca Mau,2020-04-09,2020,4,9,0.0
Ca Mau,2020-04-10,2020,4,10,0.0
Ca Mau,2020-04-11,2020,4,11,0.0
Ca Mau,2020-04-12,2020,4,12,20.805587963819374
Ca Mau,2020-04-13,2020,4,13,22.991986441424864
Ca Mau,2020-04-14,2020,4,14,0.0373981331881617
Ca Mau,2020-04-15,2020,4,15,0.0002825420975973414
Ca Mau,2020-04-16,2020,4,16,0.2426764127024717
Ca Mau,2020-04-17,2020,4,17,0.0354895965165786
Ca Mau,2020-04-18,2020,4,18,0.0
Ca Mau,2020-04-19,2020,4,19,0.0
Ca Mau,2020-04-20,2020,4,20,0.0
Ca Mau,2020-04-21,2020,4,21,0.0
Ca Mau,2020-04-22,2020,4,22,0.0040003114448637
Ca Mau,2020-04-23,2020,4,23,0.0116774798601757
Ca Mau,2020-04-24,2020,4,24,3.0098130759955395
Ca Mau,2020-04-25,2020,4,25,3.453130368755944
Ca Mau,2020-04-26,2020,4,26,5.080860870803607
Ca Mau,2020-04-27,2020,4,27,13.30584739183753
Ca Mau,2020-04-28,2020,4,28,1.0335320776740615
Ca Mau,2020-04-29,2020,4,29,0.0002471542902552088
Ca Mau,2020-04-30,2020,4,30,0.6328015301507218
Ca Mau,2020-05-01,2020,5,1,0.00027880170793602525
Ca Mau,2020-05-02,2020,5,2,0.0
Ca Mau,2020-05-03,2020,5,3,0.0
Ca Mau,2020-05-04,2020,5,4,1.8700466431416083
Ca Mau,2020-05-05,2020,5,5,1.8352137054378643
Ca Mau,2020-05-06,2020,5,6,0.1760908803568102
Ca Mau,2020-05-07,2020,5,7,0.00043286264231011845
Ca Mau,2020-05-08,2020,5,8,0.0
Ca Mau,2020-05-09,2020,5,9,0.0
Ca Mau,2020-05-10,2020,5,10,0.0525501738904897
Ca Mau,2020-05-11,2020,5,11,0.0
Ca Mau,2020-05-12,2020,5,12,0.1346261152026875
Ca Mau,2020-05-13,2020,5,13,1.68747906027837
Ca Mau,2020-05-14,2020,5,14,4.175076546059628
Ca Mau,2020-05-15,2020,5,15,8.771856348727358
Ca Mau,2020-05-16,2020,5,16,1.328273312487114
Ca Mau,2020-05-17,2020,5,17,2.038444129828964
Ca Mau,2020-05-18,2020,5,18,7.305213202601876
Ca Mau,2020-05-19,2020,5,19,12.215771777917968
Ca Mau,2020-05-20,2020,5,20,6.096456247637505
Ca Mau,2020-05-21,2020,5,21,2.6925492790902648
Ca Mau,2020-05-22,2020,5,22,3.335890310890793
Ca Mau,2020-05-23,2020,5,23,8.579951464289751
Ca Mau,2020-05-24,2020,5,24,6.499258009577228
Ca Mau,2020-05-25,2020,5,25,0.8052450363395317
Ca Mau,2020-05-26,2020,5,26,0.0670178251919824
Ca Mau,2020-05-27,2020,5,27,3.3371990185676927
Ca Mau,2020-05-28,2020,5,28,8.222199507535155
Ca Mau,2020-05-29,2020,5,29,6.491635696816081
Ca Mau,2020-05-30,2020,5,30,6.490654600408053
Ca Mau,2020-05-31,2020,5,31,7.3176196723762015
Ca Mau,2020-06-01,2020,6,1,12.797613330167398
Ca Mau,2020-06-02,2020,6,2,8.878375957655797
Ca Mau,2020-06-03,2020,6,3,3.55998546325184
Ca Mau,2020-06-04,2020,6,4,10.92910909104052
Ca Mau,2020-06-05,2020,6,5,14.150135162375436
Ca Mau,2020-06-06,2020,6,6,2.4497789739391256
Ca Mau,2020-06-07,2020,6,7,11.29987188690808
Ca Mau,2020-06-08,2020,6,8,0.6586134718751318
Ca Mau,2020-06-09,2020,6,9,14.41764953129778
Ca Mau,2020-06-10,2020,6,10,15.997210630996127
Ca Mau,2020-06-11,2020,6,11,4.770761471084054
Ca Mau,2020-06-12,2020,6,12,20.320464572530287
Ca Mau,2020-06-13,2020,6,13,28.935954382082294
Ca Mau,2020-06-14,2020,6,14,21.83157794536098
Ca Mau,2020-06-15,2020,6,15,13.43625841384355
Ca Mau,2020-06-16,2020,6,16,11.522998398798272
Ca Mau,2020-06-17,2020,6,17,4.149639156729236
Ca Mau,2020-06-18,2020,6,18,7.1073248154757405
Ca Mau,2020-06-19,2020,6,19,11.249656763905262
Ca Mau,2020-06-20,2020,6,20,31.047175457338483
Ca Mau,2020-06-21,2020,6,21,7.187271614294353
Ca Mau,2020-06-22,2020,6,22,2.773456651757966
Ca Mau,2020-06-23,2020,6,23,0.1302819059803595
Ca Mau,2020-06-24,2020,6,24,4.122971244674389
Ca Mau,2020-06-25,2020,6,25,7.937527934447422
Ca Mau,2020-06-26,2020,6,26,13.094818051107138
Ca Mau,2020-06-27,2020,6,27,9.07203424316544
Ca Mau,2020-06-28,2020,6,28,17.13512215100256
Ca Mau,2020-06-29,2020,6,29,15.80896523720985
Ca Mau,2020-06-30,2020,6,30,10.270254097189737
Ca Mau,2020-07-01,2020,7,1,8.892962318116483
Ca Mau,2020-07-02,2020,7,2,19.84502921990394
Ca Mau,2020-07-03,2020,7,3,4.864301491731458
Ca Mau,2020-07-04,2020,7,4,0.0
Ca Mau,2020-07-05,2020,7,5,3.863863717868224
Ca Mau,2020-07-06,2020,7,6,10.174387038781108
Ca Mau,2020-07-07,2020,7,7,0.0120813539555744
Ca Mau,2020-07-08,2020,7,8,2.6213673161390054
Ca Mau,2020-07-09,2020,7,9,2.20245162523301
Ca Mau,2020-07-10,2020,7,10,10.480668037544214
Ca Mau,2020-07-11,2020,7,11,9.366072468040686
Ca Mau,2020-07-12,2020,7,12,13.532891498250214
Ca Mau,2020-07-13,2020,7,13,5.530164537629273
Ca Mau,2020-07-14,2020,7,14,9.639132181437011
Ca Mau,2020-07-15,2020,7,15,7.073652393102396
Ca Mau,2020-07-16,2020,7,16,2.79817527161794
Ca Mau,2020-07-17,2020,7,17,1.3560410954450637
Ca Mau,2020-07-18,2020,7,18,0.9244179943810976
Ca Mau,2020-07-19,2020,7,19,1.2044558233786022
Ca Mau,2020-07-20,2020,7,20,2.015344102235181
Ca Mau,2020-07-21,2020,7,21,1.4404498210994416
Ca Mau,2020-07-22,2020,7,22,1.876861500111212
Ca Mau,2020-07-23,2020,7,23,1.663598083849308
Ca Mau,2020-07-24,2020,7,24,12.91493000110844
Ca Mau,2020-07-25,2020,7,25,1.706452472903457
Ca Mau,2020-07-26,2020,7,26,3.0181962198148766
Ca Mau,2020-07-27,2020,7,27,3.681001578107422
Ca Mau,2020-07-28,2020,7,28,5.8849931654611565
Ca Mau,2020-07-29,2020,7,29,12.299321766514806
Ca Mau,2020-07-30,2020,7,30,22.10578003550959
Ca Mau,2020-07-31,2020,7,31,24.03701133881903
Ca Mau,2020-08-01,2020,8,1,39.51635423270218
Ca Mau,2020-08-02,2020,8,2,28.721045037296847
Ca Mau,2020-08-03,2020,8,3,22.152353683308665
Ca Mau,2020-08-04,2020,8,4,1.7740550227958758
Ca Mau,2020-08-05,2020,8,5,30.2022002207469
Ca Mau,2020-08-06,2020,8,6,26.207528052624085
Ca Mau,2020-08-07,2020,8,7,0.5475805051886043
Ca Mau,2020-08-08,2020,8,8,4.133576130645381
Ca Mau,2020-08-09,2020,8,9,0.0213492646849429
Ca Mau,2020-08-10,2020,8,10,3.4241403111559623
Ca Mau,2020-08-11,2020,8,11,1.3990048131462929
Ca Mau,2020-08-12,2020,8,12,3.232052594098965
Ca Mau,2020-08-13,2020,8,13,5.911666129306952
Ca Mau,2020-08-14,2020,8,14,4.526691568582945
Ca Mau,2020-08-15,2020,8,15,3.5249973792749425
Ca Mau,2020-08-16,2020,8,16,11.360513769675771
Ca Mau,2020-08-17,2020,8,17,4.549065427190232
Ca Mau,2020-08-18,2020,8,18,11.868811464615112
Ca Mau,2020-08-19,2020,8,19,5.273888812991629
Ca Mau,2020-08-20,2020,8,20,3.617481268874788
Ca Mau,2020-08-21,2020,8,21,4.492499881683026
Ca Mau,2020-08-22,2020,8,22,0.0
Ca Mau,2020-08-23,2020,8,23,0.8695441318389838
Ca Mau,2020-08-24,2020,8,24,0.418871673794763
Ca Mau,2020-08-25,2020,8,25,1.9413350873717996
Ca Mau,2020-08-26,2020,8,26,0.4366575920145776
Ca Mau,2020-08-27,2020,8,27,0.0
Ca Mau,2020-08-28,2020,8,28,2.6896873804793557
Ca Mau,2020-08-29,2020,8,29,3.85151388920042
Ca Mau,2020-08-30,2020,8,30,2.3324586447855373
Ca Mau,2020-08-31,2020,8,31,0.0
Ca Mau,2020-09-01,2020,9,1,5.309955532904695
Ca Mau,2020-09-02,2020,9,2,12.092937639557473
Ca Mau,2020-09-03,2020,9,3,0.2818316495296025
Ca Mau,2020-09-04,2020,9,4,2.008211174279344
Ca Mau,2020-09-05,2020,9,5,1.4804899229193982
Ca Mau,2020-09-06,2020,9,6,7.189738482137762
Ca Mau,2020-09-07,2020,9,7,0.6186676370441699
Ca Mau,2020-09-08,2020,9,8,3.298775884384761
Ca Mau,2020-09-09,2020,9,9,22.59016176143791
Ca Mau,2020-09-10,2020,9,10,13.20811970389596
Ca Mau,2020-09-11,2020,9,11,20.58789077102057
Ca Mau,2020-09-12,2020,9,12,13.14535470389758
Ca Mau,2020-09-13,2020,9,13,28.326829584939315
Ca Mau,2020-09-14,2020,9,14,25.74893605873045
Ca Mau,2020-09-15,2020,9,15,11.959226139322231
Ca Mau,2020-09-16,2020,9,16,13.414779079273943
Ca Mau,2020-09-17,2020,9,17,45.46684832789879
Ca Mau,2020-09-18,2020,9,18,58.83661552863661
Ca Mau,2020-09-19,2020,9,19,8.731271642371743
Ca Mau,2020-09-20,2020,9,20,3.8809687787793066
Ca Mau,2020-09-21,2020,9,21,2.981150648623093
Ca Mau,2020-09-22,2020,9,22,27.988095413690758
Ca Mau,2020-09-23,2020,9,23,12.1393043415434
Ca Mau,2020-09-24,2020,9,24,6.199221434127968
Ca Mau,2020-09-25,2020,9,25,15.031931516544349
Ca Mau,2020-09-26,2020,9,26,15.97980829837317
Ca Mau,2020-09-27,2020,9,27,91.47384194739644
Ca Mau,2020-09-28,2020,9,28,51.92884185288596
Ca Mau,2020-09-29,2020,9,29,10.069426984856182
Ca Mau,2020-09-30,2020,9,30,0.0
Ca Mau,2020-10-01,2020,10,1,5.915916634847423
Ca Mau,2020-10-02,2020,10,2,27.32451035183244
Ca Mau,2020-10-03,2020,10,3,1.1109924235413848
Ca Mau,2020-10-04,2020,10,4,2.941303089522322
Ca Mau,2020-10-05,2020,10,5,28.938712725021688
Ca Mau,2020-10-06,2020,10,6,8.96107976280036
Ca Mau,2020-10-07,2020,10,7,5.1631534394178615
Ca Mau,2020-10-08,2020,10,8,10.488045563756922
Ca Mau,2020-10-09,2020,10,9,30.69386620302445
Ca Mau,2020-10-10,2020,10,10,36.31691054895323
Ca Mau,2020-10-11,2020,10,11,34.264842582612054
Ca Mau,2020-10-12,2020,10,12,40.49179802436785
Ca Mau,2020-10-13,2020,10,13,39.44315792358916
Ca Mau,2020-10-14,2020,10,14,43.04255204792828
Ca Mau,2020-10-15,2020,10,15,32.7883642892091
Ca Mau,2020-10-16,2020,10,16,25.5330976398601
Ca Mau,2020-10-17,2020,10,17,21.27881461430563
Ca Mau,2020-10-18,2020,10,18,38.8163055852326
Ca Mau,2020-10-19,2020,10,19,0.0120480466440338
Ca Mau,2020-10-20,2020,10,20,0.0120480466440338
Ca Mau,2020-10-21,2020,10,21,29.59012397168769
Ca Mau,2020-10-22,2020,10,22,21.19183100705029
Ca Mau,2020-10-23,2020,10,23,13.44754448667296
Ca Mau,2020-10-24,2020,10,24,3.808666137435634
Ca Mau,2020-10-25,2020,10,25,2.375861907253964
Ca Mau,2020-10-26,2020,10,26,2.6092339717932806
Ca Mau,2020-10-27,2020,10,27,4.953487222394857
Ca Mau,2020-10-28,2020,10,28,12.888635394362758
Ca Mau,2020-10-29,2020,10,29,11.482133201443952
Ca Mau,2020-10-30,2020,10,30,5.47799473509481
Ca Mau,2020-10-31,2020,10,31,11.468928338718822
Ca Mau,2020-11-01,2020,11,1,31.953952160142496
Ca Mau,2020-11-02,2020,11,2,11.56518957246785
Ca Mau,2020-11-03,2020,11,3,0.2234843600329638
Ca Mau,2020-11-04,2020,11,4,8.214995209645695
Ca Mau,2020-11-05,2020,11,5,0.8229844855750491
Ca Mau,2020-11-06,2020,11,6,10.22982357091923
Ca Mau,2020-11-07,2020,11,7,0.3902393562725983
Ca Mau,2020-11-08,2020,11,8,12.39492476218918
Ca Mau,2020-11-09,2020,11,9,0.2867665358311177
Ca Mau,2020-11-10,2020,11,10,0.1354419700215777
Ca Mau,2020-11-11,2020,11,11,0.0
Ca Mau,2020-11-12,2020,11,12,0.0
Ca Mau,2020-11-13,2020,11,13,0.3969427236775895
Ca Mau,2020-11-14,2020,11,14,0.0
Ca Mau,2020-11-15,2020,11,15,0.0
Ca Mau,2020-11-16,2020,11,16,0.8529528872421895
Ca Mau,2020-11-17,2020,11,17,0.0006326885112395744
Ca Mau,2020-11-18,2020,11,18,0.0173160546023439
Ca Mau,2020-11-19,2020,11,19,3.2923215207257552
Ca Mau,2020-11-20,2020,11,20,2.450609867732428
Ca Mau,2020-11-21,2020,11,21,3.890425415549704
Ca Mau,2020-11-22,2020,11,22,2.417532483685623
Ca Mau,2020-11-23,2020,11,23,13.1275883051944
Ca Mau,2020-11-24,2020,11,24,0.3265799796332617
Ca Mau,2020-11-25,2020,11,25,2.0373427496171206
Ca Mau,2020-11-26,2020,11,26,6.807752540278756
Ca Mau,2020-11-27,2020,11,27,0.0
Ca Mau,2020-11-28,2020,11,28,19.536582948570175
Ca Mau,2020-11-29,2020,11,29,10.618672735691792
Ca Mau,2020-11-30,2020,11,30,0.2360753516025815
Ca Mau,2020-12-01,2020,12,1,5.723240080675813
Ca Mau,2020-12-02,2020,12,2,0.0
Ca Mau,2020-12-03,2020,12,3,0.0
Ca Mau,2020-12-04,2020,12,4,0.0
Ca Mau,2020-12-05,2020,12,5,2.176815673123321
Ca Mau,2020-12-06,2020,12,6,0.0
Ca Mau,2020-12-07,2020,12,7,0.6045438217487923
Ca Mau,2020-12-08,2020,12,8,0.6816439750450052
Ca Mau,2020-12-09,2020,12,9,0.2274545865333859
Ca Mau,2020-12-10,2020,12,10,0.0309878681192879
Ca Mau,2020-12-11,2020,12,11,9.558228170514974
Ca Mau,2020-12-12,2020,12,12,0.1802107244775042
Ca Mau,2020-12-13,2020,12,13,0.1956934890875361
Ca Mau,2020-12-14,2020,12,14,4.0720482109049225
Ca Mau,2020-12-15,2020,12,15,0.2725686810442226
Ca Mau,2020-12-16,2020,12,16,0.2431602034596175
Ca Mau,2020-12-17,2020,12,17,0.0
Ca Mau,2020-12-18,2020,12,18,0.412908635970471
Ca Mau,2020-12-19,2020,12,19,1.8552532184783477
Ca Mau,2020-12-20,2020,12,20,0.0118662454052732
Ca Mau,2020-12-21,2020,12,21,0.0
Ca Mau,2020-12-22,2020,12,22,4.825032734047476
Ca Mau,2020-12-23,2020,12,23,28.1542021864451
Ca Mau,2020-12-24,2020,12,24,0.0
Ca Mau,2020-12-25,2020,12,25,0.0
Ca Mau,2020-12-26,2020,12,26,0.0
Ca Mau,2020-12-27,2020,12,27,0.044952644690637
Ca Mau,2020-12-28,2020,12,28,0.0
Ca Mau,2020-12-29,2020,12,29,1.3401685304345148
Ca Mau,2020-12-30,2020,12,30,9.79518163927179
Ca Mau,2020-12-31,2020,12,31,0.0
Ca Mau,2021-01-01,2021,1,1,0.1231082052965406
Ca Mau,2021-01-02,2021,1,2,0.0
Ca Mau,2021-01-03,2021,1,3,2.5752108008876697
Ca Mau,2021-01-04,2021,1,4,1.2084070151759614
Ca Mau,2021-01-05,2021,1,5,1.5246346082488826
Ca Mau,2021-01-06,2021,1,6,0.3578318256610036
Ca Mau,2021-01-07,2021,1,7,0.1281007294764938
Ca Mau,2021-01-08,2021,1,8,0.188594894657112
Ca Mau,2021-01-09,2021,1,9,0.0
Ca Mau,2021-01-10,2021,1,10,0.0
Ca Mau,2021-01-11,2021,1,11,0.0064097873713402
Ca Mau,2021-01-12,2021,1,12,0.506640788041587
Ca Mau,2021-01-13,2021,1,13,0.0
Ca Mau,2021-01-14,2021,1,14,0.2388779915691306
Ca Mau,2021-01-15,2021,1,15,0.0
Ca Mau,2021-01-16,2021,1,16,0.0014253092654941
Ca Mau,2021-01-17,2021,1,17,2.8525971816503595
Ca Mau,2021-01-18,2021,1,18,0.0
Ca Mau,2021-01-19,2021,1,19,0.46380686122325
Ca Mau,2021-01-20,2021,1,20,0.3499110217432536
Ca Mau,2021-01-21,2021,1,21,0.0519183454933737
Ca Mau,2021-01-22,2021,1,22,0.017661861219458
Ca Mau,2021-01-23,2021,1,23,0.0
Ca Mau,2021-01-24,2021,1,24,0.0
Ca Mau,2021-01-25,2021,1,25,0.0
Ca Mau,2021-01-26,2021,1,26,0.0414513785441596
Ca Mau,2021-01-27,2021,1,27,0.0
Ca Mau,2021-01-28,2021,1,28,0.0
Ca Mau,2021-01-29,2021,1,29,0.0
Ca Mau,2021-01-30,2021,1,30,0.0
Ca Mau,2021-01-31,2021,1,31,0.0
Ca Mau,2021-02-01,2021,2,1,0.0
Ca Mau,2021-02-02,2021,2,2,0.0
Ca Mau,2021-02-03,2021,2,3,0.0
Ca Mau,2021-02-04,2021,2,4,0.0
Ca Mau,2021-02-05,2021,2,5,0.3032143658078856
Ca Mau,2021-02-06,2021,2,6,0.0
Ca Mau,2021-02-07,2021,2,7,0.0086420305532728
Ca Mau,2021-02-08,2021,2,8,0.0
Ca Mau,2021-02-09,2021,2,9,0.0
Ca Mau,2021-02-10,2021,2,10,0.0
Ca Mau,2021-02-11,2021,2,11,0.0127171096420129
Ca Mau,2021-02-12,2021,2,12,0.0
Ca Mau,2021-02-13,2021,2,13,0.0
Ca Mau,2021-02-14,2021,2,14,0.0
Ca Mau,2021-02-15,2021,2,15,0.0
Ca Mau,2021-02-16,2021,2,16,0.0
Ca Mau,2021-02-17,2021,2,17,0.0
Ca Mau,2021-02-18,2021,2,18,0.0
Ca Mau,2021-02-19,2021,2,19,0.0
Ca Mau,2021-02-20,2021,2,20,0.0
Ca Mau,2021-02-21,2021,2,21,0.0382236823385543
Ca Mau,2021-02-22,2021,2,22,0.0
Ca Mau,2021-02-23,2021,2,23,0.0
Ca Mau,2021-02-24,2021,2,24,0.20531624018191
Ca Mau,2021-02-25,2021,2,25,3.2721785825903584
Ca Mau,2021-02-26,2021,2,26,0.0
Ca Mau,2021-02-27,2021,2,27,0.0
Ca Mau,2021-02-28,2021,2,28,3.18425723201761
Ca Mau,2021-03-01,2021,3,1,0.0
Ca Mau,2021-03-02,2021,3,2,0.0
Ca Mau,2021-03-03,2021,3,3,0.0
Ca Mau,2021-03-04,2021,3,4,0.0
Ca Mau,2021-03-05,2021,3,5,0.0
Ca Mau,2021-03-06,2021,3,6,0.0
Ca Mau,2021-03-07,2021,3,7,0.0
Ca Mau,2021-03-08,2021,3,8,0.0
Ca Mau,2021-03-09,2021,3,9,0.0
Ca Mau,2021-03-10,2021,3,10,0.0
Ca Mau,2021-03-11,2021,3,11,0.0
Ca Mau,2021-03-12,2021,3,12,0.0
Ca Mau,2021-03-13,2021,3,13,0.0
Ca Mau,2021-03-14,2021,3,14,0.0
Ca Mau,2021-03-15,2021,3,15,0.0
Ca Mau,2021-03-16,2021,3,16,0.0072297371671666
Ca Mau,2021-03-17,2021,3,17,0.0
Ca Mau,2021-03-18,2021,3,18,0.0
Ca Mau,2021-03-19,2021,3,19,0.0
Ca Mau,2021-03-20,2021,3,20,0.0
Ca Mau,2021-03-21,2021,3,21,0.3801248530500278
Ca Mau,2021-03-22,2021,3,22,0.0
Ca Mau,2021-03-23,2021,3,23,0.7685902121385614
Ca Mau,2021-03-24,2021,3,24,0.1438711163922334
Ca Mau,2021-03-25,2021,3,25,0.0065655085644453
Ca Mau,2021-03-26,2021,3,26,14.4680704481116
Ca Mau,2021-03-27,2021,3,27,2.237569603686106
Ca Mau,2021-03-28,2021,3,28,0.2255535201139145
Ca Mau,2021-03-29,2021,3,29,0.0657085140101711
Ca Mau,2021-03-30,2021,3,30,1.581703747265681
Ca Mau,2021-03-31,2021,3,31,0.0
Ca Mau,2021-04-01,2021,4,1,0.0
Ca Mau,2021-04-02,2021,4,2,0.0
Ca Mau,2021-04-03,2021,4,3,0.3757125342618383
Ca Mau,2021-04-04,2021,4,4,15.828026968431738
Ca Mau,2021-04-05,2021,4,5,0.0
Ca Mau,2021-04-06,2021,4,6,0.0
Ca Mau,2021-04-07,2021,4,7,0.0
Ca Mau,2021-04-08,2021,4,8,0.5431708089214501
Ca Mau,2021-04-09,2021,4,9,0.9571473655598344
Ca Mau,2021-04-10,2021,4,10,0.0
Ca Mau,2021-04-11,2021,4,11,0.0002538184877462515
Ca Mau,2021-04-12,2021,4,12,0.0649958872557263
Ca Mau,2021-04-13,2021,4,13,0.0
Ca Mau,2021-04-14,2021,4,14,7.358518321693235
Ca Mau,2021-04-15,2021,4,15,20.06168944171508
Ca Mau,2021-04-16,2021,4,16,22.38943318909141
Ca Mau,2021-04-17,2021,4,17,0.6242118532236716
Ca Mau,2021-04-18,2021,4,18,12.521139610094774
Ca Mau,2021-04-19,2021,4,19,9.114300955334702
Ca Mau,2021-04-20,2021,4,20,7.00038661158215
Ca Mau,2021-04-21,2021,4,21,10.079662477874631
Ca Mau,2021-04-22,2021,4,22,53.30696980790332
Ca Mau,2021-04-23,2021,4,23,19.54227966876497
Ca Mau,2021-04-24,2021,4,24,8.55969393401978
Ca Mau,2021-04-25,2021,4,25,11.53483271971796
Ca Mau,2021-04-26,2021,4,26,6.625859887871844
Ca Mau,2021-04-27,2021,4,27,6.443602651722524
Ca Mau,2021-04-28,2021,4,28,5.788126956874185
Ca Mau,2021-04-29,2021,4,29,0.4805732418522871
Ca Mau,2021-04-30,2021,4,30,0.2556751745301407
Ca Mau,2021-05-01,2021,5,1,4.048208900530258
Ca Mau,2021-05-02,2021,5,2,0.0104241493183943
Ca Mau,2021-05-03,2021,5,3,0.0002245018269952293
Ca Mau,2021-05-04,2021,5,4,0.9725247715682048
Ca Mau,2021-05-05,2021,5,5,2.979980196515516
Ca Mau,2021-05-06,2021,5,6,5.786650461659394
Ca Mau,2021-05-07,2021,5,7,7.883612338151728
Ca Mau,2021-05-08,2021,5,8,8.569113705068506
Ca Mau,2021-05-09,2021,5,9,0.1206826475395978
Ca Mau,2021-05-10,2021,5,10,0.3951487890123746
Ca Mau,2021-05-11,2021,5,11,0.946074209706419
Ca Mau,2021-05-12,2021,5,12,1.6040538712489136
Ca Mau,2021-05-13,2021,5,13,2.067139277921624
Ca Mau,2021-05-14,2021,5,14,4.170424930233298
Ca Mau,2021-05-15,2021,5,15,9.941349553739366
Ca Mau,2021-05-16,2021,5,16,1.996515671045778
Ca Mau,2021-05-17,2021,5,17,16.353663921356212
Ca Mau,2021-05-18,2021,5,18,20.28996274279749
Ca Mau,2021-05-19,2021,5,19,7.946137539862221
Ca Mau,2021-05-20,2021,5,20,14.948223057535213
Ca Mau,2021-05-21,2021,5,21,27.143090259495512
Ca Mau,2021-05-22,2021,5,22,16.08197257628141
Ca Mau,2021-05-23,2021,5,23,9.078120683275952
Ca Mau,2021-05-24,2021,5,24,35.4568670743214
Ca Mau,2021-05-25,2021,5,25,24.68538383941338
Ca Mau,2021-05-26,2021,5,26,10.519994400522735
Ca Mau,2021-05-27,2021,5,27,13.896675198756736
Ca Mau,2021-05-28,2021,5,28,0.5712663059853732
Ca Mau,2021-05-29,2021,5,29,2.530652503053937
Ca Mau,2021-05-30,2021,5,30,2.5739641423993715
Ca Mau,2021-05-31,2021,5,31,0.046426942605782
Ca Mau,2021-06-01,2021,6,1,6.817852678067958
Ca Mau,2021-06-02,2021,6,2,5.160214459584372
Ca Mau,2021-06-03,2021,6,3,5.53883660210808
Ca Mau,2021-06-04,2021,6,4,0.0
Ca Mau,2021-06-05,2021,6,5,11.21736941428038
Ca Mau,2021-06-06,2021,6,6,17.871969748473088
Ca Mau,2021-06-07,2021,6,7,5.777782113900573
Ca Mau,2021-06-08,2021,6,8,10.279829649558742
Ca Mau,2021-06-09,2021,6,9,13.211846120024903
Ca Mau,2021-06-10,2021,6,10,9.31790244890132
Ca Mau,2021-06-11,2021,6,11,28.70968711583402
Ca Mau,2021-06-12,2021,6,12,19.08837369592476
Ca Mau,2021-06-13,2021,6,13,11.906200044424674
Ca Mau,2021-06-14,2021,6,14,10.51052744089296
Ca Mau,2021-06-15,2021,6,15,6.240762716382204
Ca Mau,2021-06-16,2021,6,16,1.4678312383835384
Ca Mau,2021-06-17,2021,6,17,7.657755572772266
Ca Mau,2021-06-18,2021,6,18,0.0
Ca Mau,2021-06-19,2021,6,19,6.038850068460428
Ca Mau,2021-06-20,2021,6,20,3.742830714776193
Ca Mau,2021-06-21,2021,6,21,1.6672957935105868
Ca Mau,2021-06-22,2021,6,22,5.098554200473657
Ca Mau,2021-06-23,2021,6,23,1.0615014502871
Ca Mau,2021-06-24,2021,6,24,0.0105184907095896
Ca Mau,2021-06-25,2021,6,25,0.0
Ca Mau,2021-06-26,2021,6,26,2.327775578923353
Ca Mau,2021-06-27,2021,6,27,0.3197486951424682
Ca Mau,2021-06-28,2021,6,28,1.7828690141502508
Ca Mau,2021-06-29,2021,6,29,0.00030433131604846195
Ca Mau,2021-06-30,2021,6,30,3.670788897268989
Ca Mau,2021-07-01,2021,7,1,0.9464418312361266
Ca Mau,2021-07-02,2021,7,2,0.9277173275040173
Ca Mau,2021-07-03,2021,7,3,1.3414872183837223
Ca Mau,2021-07-04,2021,7,4,8.588100512905054
Ca Mau,2021-07-05,2021,7,5,8.762302361825146
Ca Mau,2021-07-06,2021,7,6,32.53727365611292
Ca Mau,2021-07-07,2021,7,7,35.07884934339155
Ca Mau,2021-07-08,2021,7,8,20.057077560749505
Ca Mau,2021-07-09,2021,7,9,19.842469417946177
Ca Mau,2021-07-10,2021,7,10,0.7606591772481784
Ca Mau,2021-07-11,2021,7,11,1.1469059712473115
Ca Mau,2021-07-12,2021,7,12,5.40416819033773
Ca Mau,2021-07-13,2021,7,13,21.016383434860938
Ca Mau,2021-07-14,2021,7,14,27.440164005633857
Ca Mau,2021-07-15,2021,7,15,13.736649709959783
Ca Mau,2021-07-16,2021,7,16,0.0
Ca Mau,2021-07-17,2021,7,17,0.2771490134406912
Ca Mau,2021-07-18,2021,7,18,11.760512126697526
Ca Mau,2021-07-19,2021,7,19,2.5966959071662084
Ca Mau,2021-07-20,2021,7,20,1.6853544582199522
Ca Mau,2021-07-21,2021,7,21,8.85780641936586
Ca Mau,2021-07-22,2021,7,22,16.674702235971644
Ca Mau,2021-07-23,2021,7,23,7.620523636640383
Ca Mau,2021-07-24,2021,7,24,6.016736298195904
Ca Mau,2021-07-25,2021,7,25,2.979324277602993
Ca Mau,2021-07-26,2021,7,26,4.546949034617561
Ca Mau,2021-07-27,2021,7,27,2.100596145155785
Ca Mau,2021-07-28,2021,7,28,17.69761193104927
Ca Mau,2021-07-29,2021,7,29,29.99964944373237
Ca Mau,2021-07-30,2021,7,30,16.350956093137043
Ca Mau,2021-07-31,2021,7,31,0.3605976524473391
Ca Mau,2021-08-01,2021,8,1,21.01706351756941
Ca Mau,2021-08-02,2021,8,2,9.045086594210645
Ca Mau,2021-08-03,2021,8,3,3.2123603512597216
Ca Mau,2021-08-04,2021,8,4,0.261605580347481
Ca Mau,2021-08-05,2021,8,5,2.005183533329558
Ca Mau,2021-08-06,2021,8,6,0.8443330619596804
Ca Mau,2021-08-07,2021,8,7,0.6418431809525647
Ca Mau,2021-08-08,2021,8,8,0.0
Ca Mau,2021-08-09,2021,8,9,0.0055673917239709
Ca Mau,2021-08-10,2021,8,10,3.37098491390291
Ca Mau,2021-08-11,2021,8,11,15.450358672551774
Ca Mau,2021-08-12,2021,8,12,2.2302108683061435
Ca Mau,2021-08-13,2021,8,13,13.732054813507109
Ca Mau,2021-08-14,2021,8,14,0.7500797093022696
Ca Mau,2021-08-15,2021,8,15,37.06837902669466
Ca Mau,2021-08-16,2021,8,16,2.8526941456414208
Ca Mau,2021-08-17,2021,8,17,4.729578700493191
Ca Mau,2021-08-18,2021,8,18,9.202302882801453
Ca Mau,2021-08-19,2021,8,19,9.631732046905968
Ca Mau,2021-08-20,2021,8,20,5.525142508008247
Ca Mau,2021-08-21,2021,8,21,3.781649855164837
Ca Mau,2021-08-22,2021,8,22,9.172868745462315
Ca Mau,2021-08-23,2021,8,23,21.625876924840615
Ca Mau,2021-08-24,2021,8,24,31.2824862818476
Ca Mau,2021-08-25,2021,8,25,34.52946471512102
Ca Mau,2021-08-26,2021,8,26,15.673132613247228
Ca Mau,2021-08-27,2021,8,27,2.467928900116517
Ca Mau,2021-08-28,2021,8,28,10.347268685761572
Ca Mau,2021-08-29,2021,8,29,20.11284782302352
Ca Mau,2021-08-30,2021,8,30,23.33733647566249
Ca Mau,2021-08-31,2021,8,31,18.446682444569785
Ca Mau,2021-09-01,2021,9,1,3.9769081484251623
Ca Mau,2021-09-02,2021,9,2,12.790677799549336
Ca Mau,2021-09-03,2021,9,3,23.35377288371001
Ca Mau,2021-09-04,2021,9,4,13.420799756262731
Ca Mau,2021-09-05,2021,9,5,8.554389934333665
Ca Mau,2021-09-06,2021,9,6,2.6843954755901
Ca Mau,2021-09-07,2021,9,7,10.667901387417912
Ca Mau,2021-09-08,2021,9,8,28.543684534971785
Ca Mau,2021-09-09,2021,9,9,3.4114310861696944
Ca Mau,2021-09-10,2021,9,10,11.634026863302546
Ca Mau,2021-09-11,2021,9,11,22.49686418181824
Ca Mau,2021-09-12,2021,9,12,2.140289613979328
Ca Mau,2021-09-13,2021,9,13,30.989422990916864
Ca Mau,2021-09-14,2021,9,14,43.689300496424
Ca Mau,2021-09-15,2021,9,15,7.126025401587356
Ca Mau,2021-09-16,2021,9,16,0.8024757318874371
Ca Mau,2021-09-17,2021,9,17,2.367505904597917
Ca Mau,2021-09-18,2021,9,18,14.61470650463504
Ca Mau,2021-09-19,2021,9,19,18.508627562696955
Ca Mau,2021-09-20,2021,9,20,7.307642004419985
Ca Mau,2021-09-21,2021,9,21,7.295035947776406
Ca Mau,2021-09-22,2021,9,22,6.054551511093022
Ca Mau,2021-09-23,2021,9,23,1.1546891319960757
Ca Mau,2021-09-24,2021,9,24,22.629927883566584
Ca Mau,2021-09-25,2021,9,25,10.24614986485409
Ca Mau,2021-09-26,2021,9,26,14.37234389281944
Ca Mau,2021-09-27,2021,9,27,3.3768180468927134
Ca Mau,2021-09-28,2021,9,28,2.341154415714482
Ca Mau,2021-09-29,2021,9,29,0.3628486629390805
Ca Mau,2021-09-30,2021,9,30,4.877165441582615
Ca Mau,2021-10-01,2021,10,1,13.83016537879442
Ca Mau,2021-10-02,2021,10,2,14.915836282146532
Ca Mau,2021-10-03,2021,10,3,11.832028326714711
Ca Mau,2021-10-04,2021,10,4,27.33663292667022
Ca Mau,2021-10-05,2021,10,5,28.126231074171045
Ca Mau,2021-10-06,2021,10,6,0.3325758397380992
Ca Mau,2021-10-07,2021,10,7,11.78378241806502
Ca Mau,2021-10-08,2021,10,8,43.07281818676024
Ca Mau,2021-10-09,2021,10,9,4.784021657712516
Ca Mau,2021-10-10,2021,10,10,0.090986372544875
Ca Mau,2021-10-11,2021,10,11,36.29249472002599
Ca Mau,2021-10-12,2021,10,12,0.7622309741276931
Ca Mau,2021-10-13,2021,10,13,1.1769844147285504
Ca Mau,2021-10-14,2021,10,14,0.0112031958366607
Ca Mau,2021-10-15,2021,10,15,20.335114126779523
Ca Mau,2021-10-16,2021,10,16,6.6665114263498335
Ca Mau,2021-10-17,2021,10,17,0.0663635669931535
Ca Mau,2021-10-18,2021,10,18,0.2481973134161412
Ca Mau,2021-10-19,2021,10,19,0.1202348562446226
Ca Mau,2021-10-20,2021,10,20,15.587710196569011
Ca Mau,2021-10-21,2021,10,21,6.837453494936301
Ca Mau,2021-10-22,2021,10,22,3.715942815644387
Ca Mau,2021-10-23,2021,10,23,7.225175754073671
Ca Mau,2021-10-24,2021,10,24,4.674945232274854
Ca Mau,2021-10-25,2021,10,25,8.452878354286199
Ca Mau,2021-10-26,2021,10,26,0.3234793019256901
Ca Mau,2021-10-27,2021,10,27,6.199360536886642
Ca Mau,2021-10-28,2021,10,28,0.0340363829922575
Ca Mau,2021-10-29,2021,10,29,10.616127031520826
Ca Mau,2021-10-30,2021,10,30,0.0008512312476551378
Ca Mau,2021-10-31,2021,10,31,4.216597886271821
Ca Mau,2021-11-01,2021,11,1,1.0902339709334827
Ca Mau,2021-11-02,2021,11,2,1.5934362045997148
Ca Mau,2021-11-03,2021,11,3,23.36965977118556
Ca Mau,2021-11-04,2021,11,4,0.5702720413743515
Ca Mau,2021-11-05,2021,11,5,2.3590784785410954
Ca Mau,2021-11-06,2021,11,6,7.402124473917444
Ca Mau,2021-11-07,2021,11,7,1.4574177877250003
Ca Mau,2021-11-08,2021,11,8,2.6560810048137653
Ca Mau,2021-11-09,2021,11,9,7.176239759090303
Ca Mau,2021-11-10,2021,11,10,23.67334096614801
Ca Mau,2021-11-11,2021,11,11,30.39749874925961
Ca Mau,2021-11-12,2021,11,12,14.948263376140398
Ca Mau,2021-11-13,2021,11,13,14.020924463318586
Ca Mau,2021-11-14,2021,11,14,12.950792608780404
Ca Mau,2021-11-15,2021,11,15,27.736555344554656
Ca Mau,2021-11-16,2021,11,16,14.731722959737322
Ca Mau,2021-11-17,2021,11,17,4.72625808632666
Ca Mau,2021-11-18,2021,11,18,1.5649384705455665
Ca Mau,2021-11-19,2021,11,19,0.0
Ca Mau,2021-11-20,2021,11,20,3.971035669421488
Ca Mau,2021-11-21,2021,11,21,0.7304384935885995
Ca Mau,2021-11-22,2021,11,22,1.231950000108658
Ca Mau,2021-11-23,2021,11,23,0.0005518453693447553
Ca Mau,2021-11-24,2021,11,24,2.4930467749196947
Ca Mau,2021-11-25,2021,11,25,3.832988193522164
Ca Mau,2021-11-26,2021,11,26,5.441553813046096
Ca Mau,2021-11-27,2021,11,27,10.800992960162116
Ca Mau,2021-11-28,2021,11,28,11.380995604816604
Ca Mau,2021-11-29,2021,11,29,21.187756798778548
Ca Mau,2021-11-30,2021,11,30,10.286284899138623
Ca Mau,2021-12-01,2021,12,1,4.237041839890571
Ca Mau,2021-12-02,2021,12,2,7.977393126730083
Ca Mau,2021-12-03,2021,12,3,0.0
Ca Mau,2021-12-04,2021,12,4,0.2497622699869804
Ca Mau,2021-12-05,2021,12,5,1.177711006979196
Ca Mau,2021-12-06,2021,12,6,0.0
Ca Mau,2021-12-07,2021,12,7,0.0
Ca Mau,2021-12-08,2021,12,8,0.0
Ca Mau,2021-12-09,2021,12,9,1.0997921844906071
Ca Mau,2021-12-10,2021,12,10,0.0
Ca Mau,2021-12-11,2021,12,11,0.0
Ca Mau,2021-12-12,2021,12,12,0.0
Ca Mau,2021-12-13,2021,12,13,6.033677805192601
Ca Mau,2021-12-14,2021,12,14,0.0
Ca Mau,2021-12-15,2021,12,15,1.763996330829746
Ca Mau,2021-12-16,2021,12,16,1.443897547373749
Ca Mau,2021-12-17,2021,12,17,0.6195847934434032
Ca Mau,2021-12-18,2021,12,18,0.1539636959187786
Ca Mau,2021-12-19,2021,12,19,13.055125727132417
Ca Mau,2021-12-20,2021,12,20,0.0
Ca Mau,2021-12-21,2021,12,21,0.0
Ca Mau,2021-12-22,2021,12,22,1.137897526509745
Ca Mau,2021-12-23,2021,12,23,0.7353927260388632
Ca Mau,2021-12-24,2021,12,24,0.0003371780790037228
Ca Mau,2021-12-25,2021,12,25,0.0
Ca Mau,2021-12-26,2021,12,26,1.033633364137024
Ca Mau,2021-12-27,2021,12,27,2.4187299900000165
Ca Mau,2021-12-28,2021,12,28,0.0639753302484931
Ca Mau,2021-12-29,2021,12,29,0.0803166982529746
Ca Mau,2021-12-30,2021,12,30,0.109573840518384
Ca Mau,2021-12-31,2021,12,31,0.0
Ca Mau,2022-01-01,2022,1,1,0.0
Ca Mau,2022-01-02,2022,1,2,0.0
Ca Mau,2022-01-03,2022,1,3,0.7749628345183627
Ca Mau,2022-01-04,2022,1,4,0.0263727892600135
Ca Mau,2022-01-05,2022,1,5,1.56093551702302
Ca Mau,2022-01-06,2022,1,6,0.0
Ca Mau,2022-01-07,2022,1,7,0.0
Ca Mau,2022-01-08,2022,1,8,0.0
Ca Mau,2022-01-09,2022,1,9,0.0
Ca Mau,2022-01-10,2022,1,10,0.0
Ca Mau,2022-01-11,2022,1,11,0.5602482758111074
Ca Mau,2022-01-12,2022,1,12,0.0
Ca Mau,2022-01-13,2022,1,13,0.0
Ca Mau,2022-01-14,2022,1,14,0.0
Ca Mau,2022-01-15,2022,1,15,0.0
Ca Mau,2022-01-16,2022,1,16,0.0
Ca Mau,2022-01-17,2022,1,17,0.0
Ca Mau,2022-01-18,2022,1,18,0.0
Ca Mau,2022-01-19,2022,1,19,0.0
Ca Mau,2022-01-20,2022,1,20,0.0
Ca Mau,2022-01-21,2022,1,21,0.0
Ca Mau,2022-01-22,2022,1,22,0.0
Ca Mau,2022-01-23,2022,1,23,0.0
Ca Mau,2022-01-24,2022,1,24,0.0
Ca Mau,2022-01-25,2022,1,25,1.73002571581515
Ca Mau,2022-01-26,2022,1,26,0.0
Ca Mau,2022-01-27,2022,1,27,0.0797187185056841
Ca Mau,2022-01-28,2022,1,28,0.7203628994938904
Ca Mau,2022-01-29,2022,1,29,0.0056206998263261
Ca Mau,2022-01-30,2022,1,30,1.645708232595526
Ca Mau,2022-01-31,2022,1,31,0.0
Ca Mau,2022-02-01,2022,2,1,9.928935600451437e-05
Ca Mau,2022-02-02,2022,2,2,0.0
Ca Mau,2022-02-03,2022,2,3,0.0
Ca Mau,2022-02-04,2022,2,4,0.0
Ca Mau,2022-02-05,2022,2,5,0.0
Ca Mau,2022-02-06,2022,2,6,0.0186877096794825
Ca Mau,2022-02-07,2022,2,7,0.1280351162718062
Ca Mau,2022-02-08,2022,2,8,0.0505091303727503
Ca Mau,2022-02-09,2022,2,9,0.0
Ca Mau,2022-02-10,2022,2,10,2.877017577729462
Ca Mau,2022-02-11,2022,2,11,0.1691711641523758
Ca Mau,2022-02-12,2022,2,12,0.0
Ca Mau,2022-02-13,2022,2,13,0.0
Ca Mau,2022-02-14,2022,2,14,0.0
Ca Mau,2022-02-15,2022,2,15,0.0
Ca Mau,2022-02-16,2022,2,16,0.0
Ca Mau,2022-02-17,2022,2,17,0.0
Ca Mau,2022-02-18,2022,2,18,0.0515240250535967
Ca Mau,2022-02-19,2022,2,19,0.0
Ca Mau,2022-02-20,2022,2,20,0.0861548160077799
Ca Mau,2022-02-21,2022,2,21,0.0254932300175259
Ca Mau,2022-02-22,2022,2,22,1.0170377064653942
Ca Mau,2022-02-23,2022,2,23,0.8475876236931303
Ca Mau,2022-02-24,2022,2,24,4.66577144036072
Ca Mau,2022-02-25,2022,2,25,0.0895488016992051
Ca Mau,2022-02-26,2022,2,26,0.0272890642632199
Ca Mau,2022-02-27,2022,2,27,0.0
Ca Mau,2022-02-28,2022,2,28,0.0
Ca Mau,2022-03-01,2022,3,1,0.0
Ca Mau,2022-03-02,2022,3,2,0.0
Ca Mau,2022-03-03,2022,3,3,0.0040333811306319
Ca Mau,2022-03-04,2022,3,4,0.0001997351646423341
Ca Mau,2022-03-05,2022,3,5,0.6390986956696522
Ca Mau,2022-03-06,2022,3,6,0.0
Ca Mau,2022-03-07,2022,3,7,0.0005250852802788622
Ca Mau,2022-03-08,2022,3,8,0.0641791695568985
Ca Mau,2022-03-09,2022,3,9,0.0
Ca Mau,2022-03-10,2022,3,10,0.0
Ca Mau,2022-03-11,2022,3,11,0.0
Ca Mau,2022-03-12,2022,3,12,1.401768987706695
Ca Mau,2022-03-13,2022,3,13,0.00036178029253808606
Ca Mau,2022-03-14,2022,3,14,0.0
Ca Mau,2022-03-15,2022,3,15,0.0
Ca Mau,2022-03-16,2022,3,16,0.0
Ca Mau,2022-03-17,2022,3,17,0.0
Ca Mau,2022-03-18,2022,3,18,4.298706879100551
Ca Mau,2022-03-19,2022,3,19,0.4064948838429376
Ca Mau,2022-03-20,2022,3,20,0.0146289063975701
Ca Mau,2022-03-21,2022,3,21,1.8795855044057328
Ca Mau,2022-03-22,2022,3,22,1.1832424074123105
Ca Mau,2022-03-23,2022,3,23,1.8796467214120065
Ca Mau,2022-03-24,2022,3,24,0.0
Ca Mau,2022-03-25,2022,3,25,0.0
Ca Mau,2022-03-26,2022,3,26,0.0
Ca Mau,2022-03-27,2022,3,27,2.2410730638393765
Ca Mau,2022-03-28,2022,3,28,13.451148870417985
Ca Mau,2022-03-29,2022,3,29,6.78292436681535
Ca Mau,2022-03-30,2022,3,30,18.1199442922006
Ca Mau,2022-03-31,2022,3,31,19.14655418868798
Ca Mau,2022-04-01,2022,4,1,12.327066438455033
Ca Mau,2022-04-02,2022,4,2,22.089292421486537
Ca Mau,2022-04-03,2022,4,3,8.911545172405798
Ca Mau,2022-04-04,2022,4,4,2.133528117004877
Ca Mau,2022-04-05,2022,4,5,0.7593272248105101
Ca Mau,2022-04-06,2022,4,6,23.404750696521937
Ca Mau,2022-04-07,2022,4,7,18.362357775445364
Ca Mau,2022-04-08,2022,4,8,4.980363485224305
Ca Mau,2022-04-09,2022,4,9,0.2319212998055201
Ca Mau,2022-04-10,2022,4,10,4.172477540633267
Ca Mau,2022-04-11,2022,4,11,3.118665910824828
Ca Mau,2022-04-12,2022,4,12,1.3615781023981282
Ca Mau,2022-04-13,2022,4,13,1.401637704842505
Ca Mau,2022-04-14,2022,4,14,1.348467757076278
Ca Mau,2022-04-15,2022,4,15,3.840945959429032
Ca Mau,2022-04-16,2022,4,16,9.899642728530369
Ca Mau,2022-04-17,2022,4,17,0.0
Ca Mau,2022-04-18,2022,4,18,6.601952420522831
Ca Mau,2022-04-19,2022,4,19,0.1051532539664041
Ca Mau,2022-04-20,2022,4,20,0.3690661758436691
Ca Mau,2022-04-21,2022,4,21,0.0219578942533992
Ca Mau,2022-04-22,2022,4,22,0.0367061096584782
Ca Mau,2022-04-23,2022,4,23,0.7190660477549453
Ca Mau,2022-04-24,2022,4,24,1.2222244000420466
Ca Mau,2022-04-25,2022,4,25,0.0148524127477169
Ca Mau,2022-04-26,2022,4,26,3.7008688320848377
Ca Mau,2022-04-27,2022,4,27,3.031088934303628
Ca Mau,2022-04-28,2022,4,28,8.027628835006883
Ca Mau,2022-04-29,2022,4,29,18.506295469914992
Ca Mau,2022-04-30,2022,4,30,1.9589417293811948
Ca Mau,2022-05-01,2022,5,1,5.571997949761197
Ca Mau,2022-05-02,2022,5,2,8.198284022762314
Ca Mau,2022-05-03,2022,5,3,12.022478052118784
Ca Mau,2022-05-04,2022,5,4,14.806222754331287
Ca Mau,2022-05-05,2022,5,5,1.8151826055443423
Ca Mau,2022-05-06,2022,5,6,1.263301396474441
Ca Mau,2022-05-07,2022,5,7,3.464399233996472
Ca Mau,2022-05-08,2022,5,8,12.416323173079448
Ca Mau,2022-05-09,2022,5,9,11.889147655432543
Ca Mau,2022-05-10,2022,5,10,5.426424919207558
Ca Mau,2022-05-11,2022,5,11,2.9222823197727053
Ca Mau,2022-05-12,2022,5,12,8.00095382033022
Ca Mau,2022-05-13,2022,5,13,3.2037525224390184
Ca Mau,2022-05-14,2022,5,14,2.353620988480126
Ca Mau,2022-05-15,2022,5,15,1.6684811572299911
Ca Mau,2022-05-16,2022,5,16,14.749821428096936
Ca Mau,2022-05-17,2022,5,17,12.475100977438652
Ca Mau,2022-05-18,2022,5,18,10.63725502201624
Ca Mau,2022-05-19,2022,5,19,3.167601824095058
Ca Mau,2022-05-20,2022,5,20,1.328108341281079
Ca Mau,2022-05-21,2022,5,21,9.249200295548814
Ca Mau,2022-05-22,2022,5,22,28.52462132799439
Ca Mau,2022-05-23,2022,5,23,8.7030846193577
Ca Mau,2022-05-24,2022,5,24,0.0
Ca Mau,2022-05-25,2022,5,25,0.012967112400944
Ca Mau,2022-05-26,2022,5,26,1.5775766448582902
Ca Mau,2022-05-27,2022,5,27,23.78741734582107
Ca Mau,2022-05-28,2022,5,28,17.75714787626426
Ca Mau,2022-05-29,2022,5,29,11.93270986772254
Ca Mau,2022-05-30,2022,5,30,16.162130728183815
Ca Mau,2022-05-31,2022,5,31,4.557520163111491
Ca Mau,2022-06-01,2022,6,1,1.7167538748975255
Ca Mau,2022-06-02,2022,6,2,8.872130932649004
Ca Mau,2022-06-03,2022,6,3,12.012113926957
Ca Mau,2022-06-04,2022,6,4,9.362475351913597
Ca Mau,2022-06-05,2022,6,5,0.0
Ca Mau,2022-06-06,2022,6,6,3.4787801545982724
Ca Mau,2022-06-07,2022,6,7,10.084845812263778
Ca Mau,2022-06-08,2022,6,8,1.4732662746558889
Ca Mau,2022-06-09,2022,6,9,2.515646624553413
Ca Mau,2022-06-10,2022,6,10,5.808909791331411
Ca Mau,2022-06-11,2022,6,11,2.5045984956912237
Ca Mau,2022-06-12,2022,6,12,11.571847135667324
Ca Mau,2022-06-13,2022,6,13,5.249477689759189
Ca Mau,2022-06-14,2022,6,14,0.3901933927625023
Ca Mau,2022-06-15,2022,6,15,0.1942864601582541
Ca Mau,2022-06-16,2022,6,16,3.717538800245962
Ca Mau,2022-06-17,2022,6,17,4.949359647276506
Ca Mau,2022-06-18,2022,6,18,3.657695706627428
Ca Mau,2022-06-19,2022,6,19,7.156452210825008
Ca Mau,2022-06-20,2022,6,20,11.75941022256662
Ca Mau,2022-06-21,2022,6,21,1.7666301829458877
Ca Mau,2022-06-22,2022,6,22,9.44298164253692
Ca Mau,2022-06-23,2022,6,23,7.401947158374155
Ca Mau,2022-06-24,2022,6,24,10.697869565144208
Ca Mau,2022-06-25,2022,6,25,3.8708833572302734
Ca Mau,2022-06-26,2022,6,26,6.336484756392792
Ca Mau,2022-06-27,2022,6,27,0.8942198905476709
Ca Mau,2022-06-28,2022,6,28,6.898817982916534
Ca Mau,2022-06-29,2022,6,29,10.017697553878977
Ca Mau,2022-06-30,2022,6,30,22.204122403855056
Ca Mau,2022-07-01,2022,7,1,26.12111135985717
Ca Mau,2022-07-02,2022,7,2,29.539109890782782
Ca Mau,2022-07-03,2022,7,3,13.062590550356504
Ca Mau,2022-07-04,2022,7,4,9.47063224231138
Ca Mau,2022-07-05,2022,7,5,0.7892707396375228
Ca Mau,2022-07-06,2022,7,6,10.363425603791844
Ca Mau,2022-07-07,2022,7,7,3.4289531659474544
Ca Mau,2022-07-08,2022,7,8,35.64518374514551
Ca Mau,2022-07-09,2022,7,9,25.339922172559067
Ca Mau,2022-07-10,2022,7,10,15.241827981476703
Ca Mau,2022-07-11,2022,7,11,8.78045212455824
Ca Mau,2022-07-12,2022,7,12,56.30939758068997
Ca Mau,2022-07-13,2022,7,13,40.28727203465215
Ca Mau,2022-07-14,2022,7,14,25.34033023482223
Ca Mau,2022-07-15,2022,7,15,9.594463698511907
Ca Mau,2022-07-16,2022,7,16,4.084552237333814
Ca Mau,2022-07-17,2022,7,17,5.072186688630154
Ca Mau,2022-07-18,2022,7,18,0.2190938049875551
Ca Mau,2022-07-19,2022,7,19,15.056019810975473
Ca Mau,2022-07-20,2022,7,20,23.560174971872986
Ca Mau,2022-07-21,2022,7,21,15.041581539633128
Ca Mau,2022-07-22,2022,7,22,0.002875005896175
Ca Mau,2022-07-23,2022,7,23,16.989234956420585
Ca Mau,2022-07-24,2022,7,24,0.8318335696865673
Ca Mau,2022-07-25,2022,7,25,2.985797589989392
Ca Mau,2022-07-26,2022,7,26,10.309891573855031
Ca Mau,2022-07-27,2022,7,27,5.964495284404007
Ca Mau,2022-07-28,2022,7,28,2.0403497882836032
Ca Mau,2022-07-29,2022,7,29,1.6500321015616506
Ca Mau,2022-07-30,2022,7,30,4.165760044517512
Ca Mau,2022-07-31,2022,7,31,21.650566120723216
Ca Mau,2022-08-01,2022,8,1,23.24051421057287
Ca Mau,2022-08-02,2022,8,2,3.857831015813524
Ca Mau,2022-08-03,2022,8,3,8.060094720543226
Ca Mau,2022-08-04,2022,8,4,12.60765251341618
Ca Mau,2022-08-05,2022,8,5,0.8337468109943849
Ca Mau,2022-08-06,2022,8,6,27.169294812001446
Ca Mau,2022-08-07,2022,8,7,19.587113643779077
Ca Mau,2022-08-08,2022,8,8,14.639087918240415
Ca Mau,2022-08-09,2022,8,9,10.682664943271131
Ca Mau,2022-08-10,2022,8,10,15.491148583906307
Ca Mau,2022-08-11,2022,8,11,14.160409391543496
Ca Mau,2022-08-12,2022,8,12,1.5083580959448657
Ca Mau,2022-08-13,2022,8,13,2.027023589389429
Ca Mau,2022-08-14,2022,8,14,0.624941169846231
Ca Mau,2022-08-15,2022,8,15,9.985361022358944
Ca Mau,2022-08-16,2022,8,16,4.197762126271969
Ca Mau,2022-08-17,2022,8,17,0.5503984311327539
Ca Mau,2022-08-18,2022,8,18,9.302382534579294
Ca Mau,2022-08-19,2022,8,19,1.3770052240677229
Ca Mau,2022-08-20,2022,8,20,2.231468192913189
Ca Mau,2022-08-21,2022,8,21,4.762602785856721
Ca Mau,2022-08-22,2022,8,22,2.629295379261262
Ca Mau,2022-08-23,2022,8,23,3.2376039524302525
Ca Mau,2022-08-24,2022,8,24,12.992834886758985
Ca Mau,2022-08-25,2022,8,25,22.928732141239763
Ca Mau,2022-08-26,2022,8,26,17.85282324782451
Ca Mau,2022-08-27,2022,8,27,1.8594017184487
Ca Mau,2022-08-28,2022,8,28,7.389234440723276
Ca Mau,2022-08-29,2022,8,29,0.8693831209656412
Ca Mau,2022-08-30,2022,8,30,0.569895217269479
Ca Mau,2022-08-31,2022,8,31,7.986354533164002
Ca Mau,2022-09-01,2022,9,1,7.450971309622663
Ca Mau,2022-09-02,2022,9,2,7.9319442265015025
Ca Mau,2022-09-03,2022,9,3,21.36471812483803
Ca Mau,2022-09-04,2022,9,4,23.11004134820733
Ca Mau,2022-09-05,2022,9,5,13.328015040655815
Ca Mau,2022-09-06,2022,9,6,42.18123332139877
Ca Mau,2022-09-07,2022,9,7,10.93161888938609
Ca Mau,2022-09-08,2022,9,8,0.0
Ca Mau,2022-09-09,2022,9,9,0.567976993816075
Ca Mau,2022-09-10,2022,9,10,16.39641280665976
Ca Mau,2022-09-11,2022,9,11,22.99825137388749
Ca Mau,2022-09-12,2022,9,12,11.147141286628068
Ca Mau,2022-09-13,2022,9,13,1.19303066077605
Ca Mau,2022-09-14,2022,9,14,3.948105011450662
Ca Mau,2022-09-15,2022,9,15,6.565976814849994
Ca Mau,2022-09-16,2022,9,16,15.804749404657931
Ca Mau,2022-09-17,2022,9,17,17.753265790280945
Ca Mau,2022-09-18,2022,9,18,5.977870362575427
Ca Mau,2022-09-19,2022,9,19,0.0004720610027013409
Ca Mau,2022-09-20,2022,9,20,3.6830513647418495
Ca Mau,2022-09-21,2022,9,21,15.589762480562367
Ca Mau,2022-09-22,2022,9,22,10.19704733144812
Ca Mau,2022-09-23,2022,9,23,3.592012938657077
Ca Mau,2022-09-24,2022,9,24,3.91615757113717
Ca Mau,2022-09-25,2022,9,25,14.114172808735876
Ca Mau,2022-09-26,2022,9,26,8.243496768401785
Ca Mau,2022-09-27,2022,9,27,12.611304047047888
Ca Mau,2022-09-28,2022,9,28,38.255194969232015
Ca Mau,2022-09-29,2022,9,29,18.738640735702912
Ca Mau,2022-09-30,2022,9,30,8.711329455837664
Ca Mau,2022-10-01,2022,10,1,4.271472483170654
Ca Mau,2022-10-02,2022,10,2,15.454742671843023
Ca Mau,2022-10-03,2022,10,3,8.022974401261962
Ca Mau,2022-10-04,2022,10,4,16.508887621618033
Ca Mau,2022-10-05,2022,10,5,24.78137549992197
Ca Mau,2022-10-06,2022,10,6,2.88985134858048
Ca Mau,2022-10-07,2022,10,7,2.888212709245076
Ca Mau,2022-10-08,2022,10,8,25.10800698604954
Ca Mau,2022-10-09,2022,10,9,5.286037042831604
Ca Mau,2022-10-10,2022,10,10,3.74607767065156
Ca Mau,2022-10-11,2022,10,11,2.7290418588048477
Ca Mau,2022-10-12,2022,10,12,17.469591492888362
Ca Mau,2022-10-13,2022,10,13,19.80782600024665
Ca Mau,2022-10-14,2022,10,14,3.384798968303161
Ca Mau,2022-10-15,2022,10,15,0.0
Ca Mau,2022-10-16,2022,10,16,0.0808526018348397
Ca Mau,2022-10-17,2022,10,17,0.0
Ca Mau,2022-10-18,2022,10,18,7.1685775955091655
Ca Mau,2022-10-19,2022,10,19,9.584647314517149
Ca Mau,2022-10-20,2022,10,20,14.499664918831504
Ca Mau,2022-10-21,2022,10,21,18.97425589736601
Ca Mau,2022-10-22,2022,10,22,2.461767251755336
Ca Mau,2022-10-23,2022,10,23,7.145297053322974
Ca Mau,2022-10-24,2022,10,24,18.1160467194783
Ca Mau,2022-10-25,2022,10,25,4.460885567840602
Ca Mau,2022-10-26,2022,10,26,9.941633632318757
Ca Mau,2022-10-27,2022,10,27,7.41579615638255
Ca Mau,2022-10-28,2022,10,28,16.777759116228587
Ca Mau,2022-10-29,2022,10,29,1.20189195835767
Ca Mau,2022-10-30,2022,10,30,1.5851569052925278
Ca Mau,2022-10-31,2022,10,31,0.0
Ca Mau,2022-11-01,2022,11,1,0.0
Ca Mau,2022-11-02,2022,11,2,0.032203695911378
Ca Mau,2022-11-03,2022,11,3,21.900338725985325
Ca Mau,2022-11-04,2022,11,4,31.48748547321653
Ca Mau,2022-11-05,2022,11,5,29.562705316748644
Ca Mau,2022-11-06,2022,11,6,4.381023448235396
Ca Mau,2022-11-07,2022,11,7,4.845201312932565
Ca Mau,2022-11-08,2022,11,8,11.719424991115051
Ca Mau,2022-11-09,2022,11,9,1.4723324803534128
Ca Mau,2022-11-10,2022,11,10,3.825209588470095
Ca Mau,2022-11-11,2022,11,11,0.7751186519969334
Ca Mau,2022-11-12,2022,11,12,3.851744612856818
Ca Mau,2022-11-13,2022,11,13,6.036226724230539
Ca Mau,2022-11-14,2022,11,14,20.131510166962617
Ca Mau,2022-11-15,2022,11,15,0.0
Ca Mau,2022-11-16,2022,11,16,0.1015975985590463
Ca Mau,2022-11-17,2022,11,17,3.022326987142144
Ca Mau,2022-11-18,2022,11,18,24.451970539815928
Ca Mau,2022-11-19,2022,11,19,7.307668189796316
Ca Mau,2022-11-20,2022,11,20,60.05089657015858
Ca Mau,2022-11-21,2022,11,21,28.68620686622241
Ca Mau,2022-11-22,2022,11,22,6.063898084741516
Ca Mau,2022-11-23,2022,11,23,7.563932212824151
Ca Mau,2022-11-24,2022,11,24,0.5607779212250965
Ca Mau,2022-11-25,2022,11,25,0.1531548158883905
Ca Mau,2022-11-26,2022,11,26,2.193327808385533
Ca Mau,2022-11-27,2022,11,27,10.619938625633145
Ca Mau,2022-11-28,2022,11,28,0.3565099793593282
Ca Mau,2022-11-29,2022,11,29,0.0002187520238551725
Ca Mau,2022-11-30,2022,11,30,9.559314826415564
Ca Mau,2022-12-01,2022,12,1,11.78080458082304
Ca Mau,2022-12-02,2022,12,2,14.90881776215088
Ca Mau,2022-12-03,2022,12,3,22.509780858545383
Ca Mau,2022-12-04,2022,12,4,2.325179913059833
Ca Mau,2022-12-05,2022,12,5,0.1059333506111222
Ca Mau,2022-12-06,2022,12,6,0.2382968292991658
Ca Mau,2022-12-07,2022,12,7,0.4346914731074202
Ca Mau,2022-12-08,2022,12,8,6.127586146472012
Ca Mau,2022-12-09,2022,12,9,0.0248855263210986
Ca Mau,2022-12-10,2022,12,10,5.371651496598555
Ca Mau,2022-12-11,2022,12,11,0.0
Ca Mau,2022-12-12,2022,12,12,0.8163157962803184
Ca Mau,2022-12-13,2022,12,13,0.0
Ca Mau,2022-12-14,2022,12,14,0.0
Ca Mau,2022-12-15,2022,12,15,0.0
Ca Mau,2022-12-16,2022,12,16,0.4236123823440278
Ca Mau,2022-12-17,2022,12,17,1.372458134274457
Ca Mau,2022-12-18,2022,12,18,1.030886012308543
Ca Mau,2022-12-19,2022,12,19,0.0
Ca Mau,2022-12-20,2022,12,20,0.0
Ca Mau,2022-12-21,2022,12,21,4.261739937352084
Ca Mau,2022-12-22,2022,12,22,0.0
Ca Mau,2022-12-23,2022,12,23,0.0
Ca Mau,2022-12-24,2022,12,24,1.0316542902558217
Ca Mau,2022-12-25,2022,12,25,0.1077361953418878
Ca Mau,2022-12-26,2022,12,26,3.70696674567054
Ca Mau,2022-12-27,2022,12,27,0.0
Ca Mau,2022-12-28,2022,12,28,0.059958482893159
Ca Mau,2022-12-29,2022,12,29,0.3341565578973244
Ca Mau,2022-12-30,2022,12,30,0.5269547013505087
Ca Mau,2022-12-31,2022,12,31,0.4128397845718312
Ca Mau,2023-01-01,2023,1,1,0.0
Ca Mau,2023-01-02,2023,1,2,1.8146654822026915
Ca Mau,2023-01-03,2023,1,3,0.7248935540068219
Ca Mau,2023-01-04,2023,1,4,1.0359082522575702
Ca Mau,2023-01-05,2023,1,5,1.5840283229861511
Ca Mau,2023-01-06,2023,1,6,0.0538936958725968
Ca Mau,2023-01-07,2023,1,7,5.904972341943178
Ca Mau,2023-01-08,2023,1,8,6.0796130406957465
Ca Mau,2023-01-09,2023,1,9,1.0395808310541883
Ca Mau,2023-01-10,2023,1,10,1.4672246571301408
Ca Mau,2023-01-11,2023,1,11,0.7607855340049232
Ca Mau,2023-01-12,2023,1,12,0.0050873410096335
Ca Mau,2023-01-13,2023,1,13,0.1889512338546052
Ca Mau,2023-01-14,2023,1,14,0.0243592936153711
Ca Mau,2023-01-15,2023,1,15,0.0
Ca Mau,2023-01-16,2023,1,16,0.0
Ca Mau,2023-01-17,2023,1,17,0.070501421088355
Ca Mau,2023-01-18,2023,1,18,0.0412711890317508
Ca Mau,2023-01-19,2023,1,19,0.0196958797225929
Ca Mau,2023-01-20,2023,1,20,5.061128952050588
Ca Mau,2023-01-21,2023,1,21,1.2748215961368017
Ca Mau,2023-01-22,2023,1,22,0.4828568950065716
Ca Mau,2023-01-23,2023,1,23,0.0615412882465009
Ca Mau,2023-01-24,2023,1,24,0.1902513646147921
Ca Mau,2023-01-25,2023,1,25,0.2337396955061277
Ca Mau,2023-01-26,2023,1,26,3.961286362596172
Ca Mau,2023-01-27,2023,1,27,1.4794497874688173
Ca Mau,2023-01-28,2023,1,28,0.380998256279577
Ca Mau,2023-01-29,2023,1,29,0.188722836232081
Ca Mau,2023-01-30,2023,1,30,2.94309217433255
Ca Mau,2023-01-31,2023,1,31,0.1699113253449984
Ca Mau,2023-02-01,2023,2,1,6.8743313715231285
Ca Mau,2023-02-02,2023,2,2,0.0214969846301744
Ca Mau,2023-02-03,2023,2,3,1.1549555272890983
Ca Mau,2023-02-04,2023,2,4,0.052006174604146
Ca Mau,2023-02-05,2023,2,5,0.0
Ca Mau,2023-02-06,2023,2,6,0.0
Ca Mau,2023-02-07,2023,2,7,0.0
Ca Mau,2023-02-08,2023,2,8,0.0
Ca Mau,2023-02-09,2023,2,9,0.0
Ca Mau,2023-02-10,2023,2,10,0.0
Ca Mau,2023-02-11,2023,2,11,0.0
Ca Mau,2023-02-12,2023,2,12,0.6829968220053161
Ca Mau,2023-02-13,2023,2,13,6.751379816147626
Ca Mau,2023-02-14,2023,2,14,0.0
Ca Mau,2023-02-15,2023,2,15,0.0
Ca Mau,2023-02-16,2023,2,16,0.0
Ca Mau,2023-02-17,2023,2,17,0.0
Ca Mau,2023-02-18,2023,2,18,0.0
Ca Mau,2023-02-19,2023,2,19,0.2149087601941543
Ca Mau,2023-02-20,2023,2,20,0.0
Ca Mau,2023-02-21,2023,2,21,0.0192221090684058
Ca Mau,2023-02-22,2023,2,22,0.0
Ca Mau,2023-02-23,2023,2,23,0.0
Ca Mau,2023-02-24,2023,2,24,0.0
Ca Mau,2023-02-25,2023,2,25,0.0
Ca Mau,2023-02-26,2023,2,26,0.0
Ca Mau,2023-02-27,2023,2,27,0.0648033653612292
Ca Mau,2023-02-28,2023,2,28,0.9988210858729868
Ca Mau,2023-03-01,2023,3,1,1.3066995183958652
Ca Mau,2023-03-02,2023,3,2,0.6352452453689826
Ca Mau,2023-03-03,2023,3,3,2.4123196255194967
Ca Mau,2023-03-04,2023,3,4,0.2482175712745092
Ca Mau,2023-03-05,2023,3,5,4.430397976811485
Ca Mau,2023-03-06,2023,3,6,0.0446044579869026
Ca Mau,2023-03-07,2023,3,7,0.0
Ca Mau,2023-03-08,2023,3,8,0.0987445704364178
Ca Mau,2023-03-09,2023,3,9,0.0
Ca Mau,2023-03-10,2023,3,10,0.0
Ca Mau,2023-03-11,2023,3,11,0.0
Ca Mau,2023-03-12,2023,3,12,6.294813561180052e-05
Ca Mau,2023-03-13,2023,3,13,0.0
Ca Mau,2023-03-14,2023,3,14,0.0
Ca Mau,2023-03-15,2023,3,15,0.0
Ca Mau,2023-03-16,2023,3,16,0.0
Ca Mau,2023-03-17,2023,3,17,0.0
Ca Mau,2023-03-18,2023,3,18,0.0
Ca Mau,2023-03-19,2023,3,19,0.0
Ca Mau,2023-03-20,2023,3,20,0.0
Ca Mau,2023-03-21,2023,3,21,0.0
Ca Mau,2023-03-22,2023,3,22,0.0
Ca Mau,2023-03-23,2023,3,23,0.0
Ca Mau,2023-03-24,2023,3,24,0.0
Ca Mau,2023-03-25,2023,3,25,0.0
Ca Mau,2023-03-26,2023,3,26,0.0
Ca Mau,2023-03-27,2023,3,27,0.0
Ca Mau,2023-03-28,2023,3,28,0.0094929834064253
Ca Mau,2023-03-29,2023,3,29,0.0
Ca Mau,2023-03-30,2023,3,30,0.0114267806161055
Ca Mau,2023-03-31,2023,3,31,0.0
Ca Mau,2023-04-01,2023,4,1,0.0
Ca Mau,2023-04-02,2023,4,2,0.8783181965567329
Ca Mau,2023-04-03,2023,4,3,2.7544837474672117
Ca Mau,2023-04-04,2023,4,4,2.4368305010180555
Ca Mau,2023-04-05,2023,4,5,0.4075262122849475
Ca Mau,2023-04-06,2023,4,6,0.0
Ca Mau,2023-04-07,2023,4,7,0.0238080432744383
Ca Mau,2023-04-08,2023,4,8,0.0
Ca Mau,2023-04-09,2023,4,9,0.0861984514141457
Ca Mau,2023-04-10,2023,4,10,0.0
Ca Mau,2023-04-11,2023,4,11,0.0
Ca Mau,2023-04-12,2023,4,12,0.0
Ca Mau,2023-04-13,2023,4,13,0.0844799744859428
Ca Mau,2023-04-14,2023,4,14,0.0
Ca Mau,2023-04-15,2023,4,15,13.30205628764168
Ca Mau,2023-04-16,2023,4,16,17.842044981369956
Ca Mau,2023-04-17,2023,4,17,0.4480376811934571
Ca Mau,2023-04-18,2023,4,18,0.0212244346080192
Ca Mau,2023-04-19,2023,4,19,1.21897517372612
Ca Mau,2023-04-20,2023,4,20,1.2919236917359511
Ca Mau,2023-04-21,2023,4,21,3.539554322032573
Ca Mau,2023-04-22,2023,4,22,1.7779505118015968
Ca Mau,2023-04-23,2023,4,23,0.0
Ca Mau,2023-04-24,2023,4,24,2.372855226796441
Ca Mau,2023-04-25,2023,4,25,7.870892970781088
Ca Mau,2023-04-26,2023,4,26,0.4676200323788836
Ca Mau,2023-04-27,2023,4,27,0.0677912734728194
Ca Mau,2023-04-28,2023,4,28,6.871746594160616
Ca Mau,2023-04-29,2023,4,29,3.808869925729635
Ca Mau,2023-04-30,2023,4,30,7.408325820900007
Ca Mau,2023-05-01,2023,5,1,0.434798427619842
Ca Mau,2023-05-02,2023,5,2,0.0002442012927264084
Ca Mau,2023-05-03,2023,5,3,0.0
Ca Mau,2023-05-04,2023,5,4,0.3954421554071585
Ca Mau,2023-05-05,2023,5,5,5.617158745758985
Ca Mau,2023-05-06,2023,5,6,1.128743815135567
Ca Mau,2023-05-07,2023,5,7,0.0
Ca Mau,2023-05-08,2023,5,8,8.15928704019055
Ca Mau,2023-05-09,2023,5,9,3.8898825232601744
Ca Mau,2023-05-10,2023,5,10,1.740267918914774
Ca Mau,2023-05-11,2023,5,11,17.734342798257327
Ca Mau,2023-05-12,2023,5,12,8.453467713292811
Ca Mau,2023-05-13,2023,5,13,1.5461904570604474
Ca Mau,2023-05-14,2023,5,14,4.199773648368622
Ca Mau,2023-05-15,2023,5,15,1.6243726977990651
Ca Mau,2023-05-16,2023,5,16,0.7139019276158483
Ca Mau,2023-05-17,2023,5,17,5.546967536449758
Ca Mau,2023-05-18,2023,5,18,4.739142250877772
Ca Mau,2023-05-19,2023,5,19,0.9361167013771304
Ca Mau,2023-05-20,2023,5,20,15.05049738878027
Ca Mau,2023-05-21,2023,5,21,14.970120345504723
Ca Mau,2023-05-22,2023,5,22,7.814152934747282
Ca Mau,2023-05-23,2023,5,23,4.69395309919548
Ca Mau,2023-05-24,2023,5,24,1.2175759576720515
Ca Mau,2023-05-25,2023,5,25,4.306329416316072
Ca Mau,2023-05-26,2023,5,26,12.242047534041568
Ca Mau,2023-05-27,2023,5,27,17.841165114865344
Ca Mau,2023-05-28,2023,5,28,10.770585506974289
Ca Mau,2023-05-29,2023,5,29,12.093312094972315
Ca Mau,2023-05-30,2023,5,30,6.694115763014365
Ca Mau,2023-05-31,2023,5,31,9.079723756566668
Ca Mau,2023-06-01,2023,6,1,1.393661126656573
Ca Mau,2023-06-02,2023,6,2,2.9653074675596613
Ca Mau,2023-06-03,2023,6,3,4.053640260499652
Ca Mau,2023-06-04,2023,6,4,9.10455462212214
Ca Mau,2023-06-05,2023,6,5,13.331955334809052
Ca Mau,2023-06-06,2023,6,6,11.974138994341976
Ca Mau,2023-06-07,2023,6,7,25.5959818347559
Ca Mau,2023-06-08,2023,6,8,18.8310776619779
Ca Mau,2023-06-09,2023,6,9,6.120932140375212
Ca Mau,2023-06-10,2023,6,10,20.614900083791245
Ca Mau,2023-06-11,2023,6,11,0.0002778777999053412
Ca Mau,2023-06-12,2023,6,12,8.580937397027753
Ca Mau,2023-06-13,2023,6,13,6.192640469843096
Ca Mau,2023-06-14,2023,6,14,1.1292523388517743
Ca Mau,2023-06-15,2023,6,15,0.8556478517907062
Ca Mau,2023-06-16,2023,6,16,3.685112293453792
Ca Mau,2023-06-17,2023,6,17,10.80408438678917
Ca Mau,2023-06-18,2023,6,18,11.80889081679276
Ca Mau,2023-06-19,2023,6,19,0.0
Ca Mau,2023-06-20,2023,6,20,5.653274205892811
Ca Mau,2023-06-21,2023,6,21,2.6204801242158915
Ca Mau,2023-06-22,2023,6,22,2.1527907577857945
Ca Mau,2023-06-23,2023,6,23,0.0
Ca Mau,2023-06-24,2023,6,24,0.1632237364588691
Ca Mau,2023-06-25,2023,6,25,4.364910814239946
Ca Mau,2023-06-26,2023,6,26,5.670685702892071
Ca Mau,2023-06-27,2023,6,27,9.466713563134803
Ca Mau,2023-06-28,2023,6,28,6.036999101672851
Ca Mau,2023-06-29,2023,6,29,4.023919882444258
Ca Mau,2023-06-30,2023,6,30,6.59035109670466
Ca Mau,2023-07-01,2023,7,1,14.3654408953102
Ca Mau,2023-07-02,2023,7,2,4.940444988623137
Ca Mau,2023-07-03,2023,7,3,14.922493588679362
Ca Mau,2023-07-04,2023,7,4,5.7132805012608
Ca Mau,2023-07-05,2023,7,5,10.878234561167863
Ca Mau,2023-07-06,2023,7,6,4.935300285561955
Ca Mau,2023-07-07,2023,7,7,6.240879417024332
Ca Mau,2023-07-08,2023,7,8,9.019431286181764
Ca Mau,2023-07-09,2023,7,9,2.131742898789218
Ca Mau,2023-07-10,2023,7,10,1.1757206781851774
Ca Mau,2023-07-11,2023,7,11,3.5354945574410754
Ca Mau,2023-07-12,2023,7,12,1.8919516925980429
Ca Mau,2023-07-13,2023,7,13,12.97357786302664
Ca Mau,2023-07-14,2023,7,14,5.787217668643924
Ca Mau,2023-07-15,2023,7,15,2.9408386543239984
Ca Mau,2023-07-16,2023,7,16,52.83844656959414
Ca Mau,2023-07-17,2023,7,17,51.265446442953056
Ca Mau,2023-07-18,2023,7,18,32.50746205881545
Ca Mau,2023-07-19,2023,7,19,40.50427042692
Ca Mau,2023-07-20,2023,7,20,8.009787024463897
Ca Mau,2023-07-21,2023,7,21,11.510376622096302
Ca Mau,2023-07-22,2023,7,22,3.923607475677239
Ca Mau,2023-07-23,2023,7,23,18.0555170605448
Ca Mau,2023-07-24,2023,7,24,24.76506461070665
Ca Mau,2023-07-25,2023,7,25,15.11491507383688
Ca Mau,2023-07-26,2023,7,26,0.88907226886794
Ca Mau,2023-07-27,2023,7,27,31.434054293792524
Ca Mau,2023-07-28,2023,7,28,25.999538340296112
Ca Mau,2023-07-29,2023,7,29,29.404442153267457
Ca Mau,2023-07-30,2023,7,30,27.115739124916065
Ca Mau,2023-07-31,2023,7,31,4.634030050078933
Ca Mau,2023-08-01,2023,8,1,0.4424796921157132
Ca Mau,2023-08-02,2023,8,2,6.050203215911932
Ca Mau,2023-08-03,2023,8,3,0.4474980082844883
Ca Mau,2023-08-04,2023,8,4,0.1012949399096033
Ca Mau,2023-08-05,2023,8,5,0.0
Ca Mau,2023-08-06,2023,8,6,4.253098349558798
Ca Mau,2023-08-07,2023,8,7,0.0002584271087900183
Ca Mau,2023-08-08,2023,8,8,0.0492969054341352
Ca Mau,2023-08-09,2023,8,9,0.0045479007308543
Ca Mau,2023-08-10,2023,8,10,0.00029875419160042604
Ca Mau,2023-08-11,2023,8,11,0.2344243905924829
Ca Mau,2023-08-12,2023,8,12,1.7208672709844144
Ca Mau,2023-08-13,2023,8,13,17.983178742617337
Ca Mau,2023-08-14,2023,8,14,24.44963224073636
Ca Mau,2023-08-15,2023,8,15,16.86795919882235
Ca Mau,2023-08-16,2023,8,16,7.298334344338624
Ca Mau,2023-08-17,2023,8,17,0.5362965842796786
Ca Mau,2023-08-18,2023,8,18,24.809422629875243
Ca Mau,2023-08-19,2023,8,19,46.76274609612584
Ca Mau,2023-08-20,2023,8,20,10.763902151599044
Ca Mau,2023-08-21,2023,8,21,2.381435406845888
Ca Mau,2023-08-22,2023,8,22,10.65321135086243
Ca Mau,2023-08-23,2023,8,23,0.0131065391877974
Ca Mau,2023-08-24,2023,8,24,0.0
Ca Mau,2023-08-25,2023,8,25,3.2541297270208074
Ca Mau,2023-08-26,2023,8,26,3.3240017798721384
Ca Mau,2023-08-27,2023,8,27,3.6013421563132084
Ca Mau,2023-08-28,2023,8,28,9.330468981359006
Ca Mau,2023-08-29,2023,8,29,10.671244675232764
Ca Mau,2023-08-30,2023,8,30,5.888925342004132
Ca Mau,2023-08-31,2023,8,31,15.59943408587951
Ca Mau,2023-09-01,2023,9,1,33.54038487117122
Ca Mau,2023-09-02,2023,9,2,30.734618474487256
Ca Mau,2023-09-03,2023,9,3,17.659822274238206
Ca Mau,2023-09-04,2023,9,4,27.13639212303324
Ca Mau,2023-09-05,2023,9,5,7.490609850630868
Ca Mau,2023-09-06,2023,9,6,10.441183832997718
Ca Mau,2023-09-07,2023,9,7,17.252686348970105
Ca Mau,2023-09-08,2023,9,8,18.95233443423549
Ca Mau,2023-09-09,2023,9,9,14.459056775751192
Ca Mau,2023-09-10,2023,9,10,4.376965188814335
Ca Mau,2023-09-11,2023,9,11,0.0
Ca Mau,2023-09-12,2023,9,12,7.058853618458296
Ca Mau,2023-09-13,2023,9,13,14.281540203817022
Ca Mau,2023-09-14,2023,9,14,18.56401975406503
Ca Mau,2023-09-15,2023,9,15,1.7135719166395174
Ca Mau,2023-09-16,2023,9,16,4.668825387008751
Ca Mau,2023-09-17,2023,9,17,5.466037090723614
Ca Mau,2023-09-18,2023,9,18,1.0006319640256118
Ca Mau,2023-09-19,2023,9,19,17.944312328529048
Ca Mau,2023-09-20,2023,9,20,3.776692840949765
Ca Mau,2023-09-21,2023,9,21,7.797415069641127
Ca Mau,2023-09-22,2023,9,22,11.889966910896415
Ca Mau,2023-09-23,2023,9,23,10.097279459211029
Ca Mau,2023-09-24,2023,9,24,19.44454141744969
Ca Mau,2023-09-25,2023,9,25,21.673979428633963
Ca Mau,2023-09-26,2023,9,26,26.82258156132959
Ca Mau,2023-09-27,2023,9,27,11.036151712631952
Ca Mau,2023-09-28,2023,9,28,0.7562845766075869
Ca Mau,2023-09-29,2023,9,29,3.4390095101788805
Ca Mau,2023-09-30,2023,9,30,4.573870291097819
Ca Mau,2023-10-01,2023,10,1,36.22728865257632
Ca Mau,2023-10-02,2023,10,2,31.351506947786387
Ca Mau,2023-10-03,2023,10,3,10.805592897626266
Ca Mau,2023-10-04,2023,10,4,4.142382403455018
Ca Mau,2023-10-05,2023,10,5,5.640044869424861
Ca Mau,2023-10-06,2023,10,6,0.0
Ca Mau,2023-10-07,2023,10,7,2.303538786492873
Ca Mau,2023-10-08,2023,10,8,8.205641881739579
Ca Mau,2023-10-09,2023,10,9,0.2914084538258839
Ca Mau,2023-10-10,2023,10,10,3.6883440668207057
Ca Mau,2023-10-11,2023,10,11,3.330940771338947
Ca Mau,2023-10-12,2023,10,12,2.4663874551095306
Ca Mau,2023-10-13,2023,10,13,4.682468322462696
Ca Mau,2023-10-14,2023,10,14,10.165899574252116
Ca Mau,2023-10-15,2023,10,15,18.008400989946402
Ca Mau,2023-10-16,2023,10,16,24.95165501922333
Ca Mau,2023-10-17,2023,10,17,9.49644020733119
Ca Mau,2023-10-18,2023,10,18,0.0389044949877219
Ca Mau,2023-10-19,2023,10,19,4.737361186171604
Ca Mau,2023-10-20,2023,10,20,0.9961147054471304
Ca Mau,2023-10-21,2023,10,21,16.86275750084216
Ca Mau,2023-10-22,2023,10,22,2.379997423529049
Ca Mau,2023-10-23,2023,10,23,7.85855484305191
Ca Mau,2023-10-24,2023,10,24,1.2228580528494095
Ca Mau,2023-10-25,2023,10,25,3.130347637637568
Ca Mau,2023-10-26,2023,10,26,1.5038032352005422
Ca Mau,2023-10-27,2023,10,27,4.74707083559022
Ca Mau,2023-10-28,2023,10,28,13.076353937036114
Ca Mau,2023-10-29,2023,10,29,15.659668344540355
Ca Mau,2023-10-30,2023,10,30,16.85214728953041
Ca Mau,2023-10-31,2023,10,31,10.090442158966502
Ca Mau,2023-11-01,2023,11,1,19.301763070609876
Ca Mau,2023-11-02,2023,11,2,20.860712181880377
Ca Mau,2023-11-03,2023,11,3,3.699082474106025
Ca Mau,2023-11-04,2023,11,4,3.4415585913728077
Ca Mau,2023-11-05,2023,11,5,3.643302675791564
Ca Mau,2023-11-06,2023,11,6,4.946031474536501
Ca Mau,2023-11-07,2023,11,7,6.391632081731308
Ca Mau,2023-11-08,2023,11,8,2.2051977354587216
Ca Mau,2023-11-09,2023,11,9,11.738119891591314
Ca Mau,2023-11-10,2023,11,10,8.995849847500782
Ca Mau,2023-11-11,2023,11,11,50.34326337742765
Ca Mau,2023-11-12,2023,11,12,4.318363445539574
Ca Mau,2023-11-13,2023,11,13,5.863504507782744
Ca Mau,2023-11-14,2023,11,14,16.522834091297522
Ca Mau,2023-11-15,2023,11,15,22.57961731417581
Ca Mau,2023-11-16,2023,11,16,30.321280337230487
Ca Mau,2023-11-17,2023,11,17,0.2885645782662852
Ca Mau,2023-11-18,2023,11,18,7.019222753052628
Ca Mau,2023-11-19,2023,11,19,4.7375064998721
Ca Mau,2023-11-20,2023,11,20,0.021489332672186
Ca Mau,2023-11-21,2023,11,21,0.0002029444098905036
Ca Mau,2023-11-22,2023,11,22,1.1159075396732312
Ca Mau,2023-11-23,2023,11,23,6.828171152157538
Ca Mau,2023-11-24,2023,11,24,2.137380880313817
Ca Mau,2023-11-25,2023,11,25,19.069185061071718
Ca Mau,2023-11-26,2023,11,26,13.011454404868918
Ca Mau,2023-11-27,2023,11,27,2.3699162821617645
Ca Mau,2023-11-28,2023,11,28,7.411973782086426
Ca Mau,2023-11-29,2023,11,29,0.4264250821788699
Ca Mau,2023-11-30,2023,11,30,1.614272199936004
Ca Mau,2023-12-01,2023,12,1,0.8408100388700904
Ca Mau,2023-12-02,2023,12,2,26.03850078787274
Ca Mau,2023-12-03,2023,12,3,0.3142659262345233
Ca Mau,2023-12-04,2023,12,4,0.1902686999581457
Ca Mau,2023-12-05,2023,12,5,14.136466878483205
Ca Mau,2023-12-06,2023,12,6,0.7116250411585932
Ca Mau,2023-12-07,2023,12,7,1.301389363000875
Ca Mau,2023-12-08,2023,12,8,1.150757003012491
Ca Mau,2023-12-09,2023,12,9,0.0
Ca Mau,2023-12-10,2023,12,10,0.0
Ca Mau,2023-12-11,2023,12,11,0.0
Ca Mau,2023-12-12,2023,12,12,0.0
Ca Mau,2023-12-13,2023,12,13,0.0
Ca Mau,2023-12-14,2023,12,14,0.5139022619793466
Ca Mau,2023-12-15,2023,12,15,0.0
Ca Mau,2023-12-16,2023,12,16,0.0
Ca Mau,2023-12-17,2023,12,17,0.0
Ca Mau,2023-12-18,2023,12,18,0.0
Ca Mau,2023-12-19,2023,12,19,0.0
Ca Mau,2023-12-20,2023,12,20,1.6414772681531555
Ca Mau,2023-12-21,2023,12,21,0.0
Ca Mau,2023-12-22,2023,12,22,0.1218953189387143
Ca Mau,2023-12-23,2023,12,23,0.0056601950792908
Ca Mau,2023-12-24,2023,12,24,0.239237123841314
Ca Mau,2023-12-25,2023,12,25,0.0
Ca Mau,2023-12-26,2023,12,26,0.0
Ca Mau,2023-12-27,2023,12,27,0.0
Ca Mau,2023-12-28,2023,12,28,0.0003636618659458831
Ca Mau,2023-12-29,2023,12,29,0.0
Ca Mau,2023-12-30,2023,12,30,0.0
Ca Mau,2023-12-31,2023,12,31,0.0
Ca Mau,2024-01-01,2024,1,1,0.2679578862800528
Ca Mau,2024-01-02,2024,1,2,0.0
Ca Mau,2024-01-03,2024,1,3,0.553897024962281
Ca Mau,2024-01-04,2024,1,4,0.0
Ca Mau,2024-01-05,2024,1,5,1.0736885652274906
Ca Mau,2024-01-06,2024,1,6,0.2734717378773454
Ca Mau,2024-01-07,2024,1,7,0.0
Ca Mau,2024-01-08,2024,1,8,3.208169248216351
Ca Mau,2024-01-09,2024,1,9,0.8918523954626226
Ca Mau,2024-01-10,2024,1,10,0.0
Ca Mau,2024-01-11,2024,1,11,0.0
Ca Mau,2024-01-12,2024,1,12,0.0563190807346277
Ca Mau,2024-01-13,2024,1,13,0.0718644080253401
Ca Mau,2024-01-14,2024,1,14,5.080348924860954
Ca Mau,2024-01-15,2024,1,15,0.770520168382499
Ca Mau,2024-01-16,2024,1,16,0.2234635443562933
Ca Mau,2024-01-17,2024,1,17,1.3509930152369465
Ca Mau,2024-01-18,2024,1,18,0.0
Ca Mau,2024-01-19,2024,1,19,0.0
Ca Mau,2024-01-20,2024,1,20,5.377182012155853
Ca Mau,2024-01-21,2024,1,21,0.0
Ca Mau,2024-01-22,2024,1,22,0.0
Ca Mau,2024-01-23,2024,1,23,0.0
Ca Mau,2024-01-24,2024,1,24,0.0
Ca Mau,2024-01-25,2024,1,25,0.0
Ca Mau,2024-01-26,2024,1,26,0.0
Ca Mau,2024-01-27,2024,1,27,0.0
Ca Mau,2024-01-28,2024,1,28,0.0
Ca Mau,2024-01-29,2024,1,29,0.0
Ca Mau,2024-01-30,2024,1,30,0.0
Ca Mau,2024-01-31,2024,1,31,0.0
Ca Mau,2024-02-01,2024,2,1,0.0
Ca Mau,2024-02-02,2024,2,2,0.0
Ca Mau,2024-02-03,2024,2,3,0.0
Ca Mau,2024-02-04,2024,2,4,0.0
Ca Mau,2024-02-05,2024,2,5,0.0249426128588247
Ca Mau,2024-02-06,2024,2,6,0.0
Ca Mau,2024-02-07,2024,2,7,0.0
Ca Mau,2024-02-08,2024,2,8,0.0
Ca Mau,2024-02-09,2024,2,9,0.0
Ca Mau,2024-02-10,2024,2,10,0.0
Ca Mau,2024-02-11,2024,2,11,0.0
Ca Mau,2024-02-12,2024,2,12,0.0
Ca Mau,2024-02-13,2024,2,13,0.0
Ca Mau,2024-02-14,2024,2,14,0.0
Ca Mau,2024-02-15,2024,2,15,0.0
Ca Mau,2024-02-16,2024,2,16,0.0
Ca Mau,2024-02-17,2024,2,17,0.0
Ca Mau,2024-02-18,2024,2,18,0.0240166388461062
Ca Mau,2024-02-19,2024,2,19,0.0
Ca Mau,2024-02-20,2024,2,20,0.0
Ca Mau,2024-02-21,2024,2,21,0.0
Ca Mau,2024-02-22,2024,2,22,0.0
Ca Mau,2024-02-23,2024,2,23,0.0
Ca Mau,2024-02-24,2024,2,24,0.0
Ca Mau,2024-02-25,2024,2,25,0.0
Ca Mau,2024-02-26,2024,2,26,0.0
Ca Mau,2024-02-27,2024,2,27,0.0
Ca Mau,2024-02-28,2024,2,28,0.0
Ca Mau,2024-02-29,2024,2,29,0.0
Ca Mau,2024-03-01,2024,3,1,0.7213358371783201
Ca Mau,2024-03-02,2024,3,2,0.1279178076843757
Ca Mau,2024-03-03,2024,3,3,0.0
Ca Mau,2024-03-04,2024,3,4,0.0
Ca Mau,2024-03-05,2024,3,5,0.0
Ca Mau,2024-03-06,2024,3,6,0.005986653583658
Ca Mau,2024-03-07,2024,3,7,0.8808989621239391
Ca Mau,2024-03-08,2024,3,8,0.0
Ca Mau,2024-03-09,2024,3,9,1.308305758023421
Ca Mau,2024-03-10,2024,3,10,4.5001634806597295
Ca Mau,2024-03-11,2024,3,11,0.0
Ca Mau,2024-03-12,2024,3,12,0.052490829110614
Ca Mau,2024-03-13,2024,3,13,0.3510337680298949
Ca Mau,2024-03-14,2024,3,14,0.0
Ca Mau,2024-03-15,2024,3,15,0.0
Ca Mau,2024-03-16,2024,3,16,0.0320733598508886
Ca Mau,2024-03-17,2024,3,17,0.0
Ca Mau,2024-03-18,2024,3,18,0.0
Ca Mau,2024-03-19,2024,3,19,0.0
Ca Mau,2024-03-20,2024,3,20,0.0
Ca Mau,2024-03-21,2024,3,21,0.0
Ca Mau,2024-03-22,2024,3,22,0.0
Ca Mau,2024-03-23,2024,3,23,0.0
Ca Mau,2024-03-24,2024,3,24,0.0
Ca Mau,2024-03-25,2024,3,25,0.0
Ca Mau,2024-03-26,2024,3,26,0.0
Ca Mau,2024-03-27,2024,3,27,0.0474215369387794
Ca Mau,2024-03-28,2024,3,28,1.6886093195892673
Ca Mau,2024-03-29,2024,3,29,0.0
Ca Mau,2024-03-30,2024,3,30,0.0
Ca Mau,2024-03-31,2024,3,31,2.144985680280315
Ca Mau,2024-04-01,2024,4,1,2.58442983168888
Ca Mau,2024-04-02,2024,4,2,1.604288794359299
Ca Mau,2024-04-03,2024,4,3,0.0
Ca Mau,2024-04-04,2024,4,4,0.0
Ca Mau,2024-04-05,2024,4,5,0.0
Ca Mau,2024-04-06,2024,4,6,0.0
Ca Mau,2024-04-07,2024,4,7,0.0
Ca Mau,2024-04-08,2024,4,8,0.5025564506424743
Ca Mau,2024-04-09,2024,4,9,0.282959560231906
Ca Mau,2024-04-10,2024,4,10,0.0
Ca Mau,2024-04-11,2024,4,11,1.4516445009873251
Ca Mau,2024-04-12,2024,4,12,0.0017296510630434
Ca Mau,2024-04-13,2024,4,13,1.0546466183876415
Ca Mau,2024-04-14,2024,4,14,0.375284870556958
Ca Mau,2024-04-15,2024,4,15,3.2441197716824456e-05
Ca Mau,2024-04-16,2024,4,16,0.1514153944817175
Ca Mau,2024-04-17,2024,4,17,0.0
Ca Mau,2024-04-18,2024,4,18,0.0
Ca Mau,2024-04-19,2024,4,19,0.0
Ca Mau,2024-04-20,2024,4,20,0.0
Ca Mau,2024-04-21,2024,4,21,0.0
Ca Mau,2024-04-22,2024,4,22,0.0
Ca Mau,2024-04-23,2024,4,23,0.0
Ca Mau,2024-04-24,2024,4,24,0.0
Ca Mau,2024-04-25,2024,4,25,0.7352815521959819
Ca Mau,2024-04-26,2024,4,26,0.302078681665742
Ca Mau,2024-04-27,2024,4,27,0.0
Ca Mau,2024-04-28,2024,4,28,0.929780077563088
Ca Mau,2024-04-29,2024,4,29,0.0131191440971687
Ca Mau,2024-04-30,2024,4,30,0.075529586212955
Ca Mau,2024-05-01,2024,5,1,0.0
Ca Mau,2024-05-02,2024,5,2,0.0
Ca Mau,2024-05-03,2024,5,3,2.320496377675933
Ca Mau,2024-05-04,2024,5,4,9.472337073221937
Ca Mau,2024-05-05,2024,5,5,11.326197092120678
Ca Mau,2024-05-06,2024,5,6,3.4670731944573703
Ca Mau,2024-05-07,2024,5,7,5.981598787874599
Ca Mau,2024-05-08,2024,5,8,12.35153377184954
Ca Mau,2024-05-09,2024,5,9,26.176930055517754
Ca Mau,2024-05-10,2024,5,10,2.787619121706039
Ca Mau,2024-05-11,2024,5,11,1.6845492717856154
Ca Mau,2024-05-12,2024,5,12,0.2608802935700896
Ca Mau,2024-05-13,2024,5,13,6.755064971853129
Ca Mau,2024-05-14,2024,5,14,1.9548913990851264
Ca Mau,2024-05-15,2024,5,15,13.592885524268748
Ca Mau,2024-05-16,2024,5,16,13.738899265209897
Ca Mau,2024-05-17,2024,5,17,10.40875211729248
Ca Mau,2024-05-18,2024,5,18,2.1778957262464056
Ca Mau,2024-05-19,2024,5,19,4.311976174782273
Ca Mau,2024-05-20,2024,5,20,7.1132045588946
Ca Mau,2024-05-21,2024,5,21,8.154396096395363
Ca Mau,2024-05-22,2024,5,22,4.998864219588158
Ca Mau,2024-05-23,2024,5,23,9.298600537740736
Ca Mau,2024-05-24,2024,5,24,0.8772097372212323
Ca Mau,2024-05-25,2024,5,25,0.2443556851665732
Ca Mau,2024-05-26,2024,5,26,0.1524982846363424
Ca Mau,2024-05-27,2024,5,27,10.169728834285632
Ca Mau,2024-05-28,2024,5,28,17.6992909879105
Ca Mau,2024-05-29,2024,5,29,15.802635278323043
Ca Mau,2024-05-30,2024,5,30,18.318631973365356
Ca Mau,2024-05-31,2024,5,31,20.20448926653367
Ca Mau,2024-06-01,2024,6,1,12.754375653577906
Ca Mau,2024-06-02,2024,6,2,7.835909931437357
Ca Mau,2024-06-03,2024,6,3,12.849586297916712
Ca Mau,2024-06-04,2024,6,4,0.0
Ca Mau,2024-06-05,2024,6,5,7.837580654774642
Ca Mau,2024-06-06,2024,6,6,7.313137403224224
Ca Mau,2024-06-07,2024,6,7,17.20361041228097
Ca Mau,2024-06-08,2024,6,8,18.80222469775465
Ca Mau,2024-06-09,2024,6,9,4.527222322347377
Ca Mau,2024-06-10,2024,6,10,0.8872274735800592
Ca Mau,2024-06-11,2024,6,11,2.2737536392520394
Ca Mau,2024-06-12,2024,6,12,2.7409701731772222
Ca Mau,2024-06-13,2024,6,13,4.469492605962806
Ca Mau,2024-06-14,2024,6,14,3.324969140871316
Ca Mau,2024-06-15,2024,6,15,19.42910939898284
Ca Mau,2024-06-16,2024,6,16,0.1294123575974261
Ca Mau,2024-06-17,2024,6,17,0.4740958990261159
Ca Mau,2024-06-18,2024,6,18,16.633872184533065
Ca Mau,2024-06-19,2024,6,19,11.833532914185971
Ca Mau,2024-06-20,2024,6,20,48.98000422222799
Ca Mau,2024-06-21,2024,6,21,36.98075933690481
Ca Mau,2024-06-22,2024,6,22,37.89089993475753
Ca Mau,2024-06-23,2024,6,23,18.597541617772396
Ca Mau,2024-06-24,2024,6,24,40.31236454584562
Ca Mau,2024-06-25,2024,6,25,0.6551730134034535
Ca Mau,2024-06-26,2024,6,26,7.37973817384283
Ca Mau,2024-06-27,2024,6,27,8.400412802693705
Ca Mau,2024-06-28,2024,6,28,7.758916943895991
Ca Mau,2024-06-29,2024,6,29,0.0
Ca Mau,2024-06-30,2024,6,30,4.5599087389882
Ca Mau,2024-07-01,2024,7,1,2.36127510788471
Ca Mau,2024-07-02,2024,7,2,34.48691880421888
Ca Mau,2024-07-03,2024,7,3,14.018682002287004
Ca Mau,2024-07-04,2024,7,4,3.140796087267828
Ca Mau,2024-07-05,2024,7,5,2.042128646892677
Ca Mau,2024-07-06,2024,7,6,3.5253456937827115
Ca Mau,2024-07-07,2024,7,7,7.035708767507213
Ca Mau,2024-07-08,2024,7,8,12.314214088617328
Ca Mau,2024-07-09,2024,7,9,5.883682751769096
Ca Mau,2024-07-10,2024,7,10,12.310839181988896
Ca Mau,2024-07-11,2024,7,11,22.682073517750947
Ca Mau,2024-07-12,2024,7,12,3.023796172850871
Ca Mau,2024-07-13,2024,7,13,6.929047211689346
Ca Mau,2024-07-14,2024,7,14,13.883448069804825
Ca Mau,2024-07-15,2024,7,15,44.08947604579319
Ca Mau,2024-07-16,2024,7,16,29.922733746009573
Ca Mau,2024-07-17,2024,7,17,29.885261531320136
Ca Mau,2024-07-18,2024,7,18,32.64803806840114
Ca Mau,2024-07-19,2024,7,19,14.609842877956664
Ca Mau,2024-07-20,2024,7,20,32.69033818041509
Ca Mau,2024-07-21,2024,7,21,14.755296852691906
Ca Mau,2024-07-22,2024,7,22,20.97024847537351
Ca Mau,2024-07-23,2024,7,23,0.1015551123168981
Ca Mau,2024-07-24,2024,7,24,3.474567566197616
Ca Mau,2024-07-25,2024,7,25,23.26629164298724
Ca Mau,2024-07-26,2024,7,26,34.327918688486264
Ca Mau,2024-07-27,2024,7,27,27.860196173578487
Ca Mau,2024-07-28,2024,7,28,4.318208876641372
Ca Mau,2024-07-29,2024,7,29,0.5063562973558977
Ca Mau,2024-07-30,2024,7,30,7.921368359987873
Ca Mau,2024-07-31,2024,7,31,15.913037322191334
Ca Mau,2024-08-01,2024,8,1,5.137042247101288
Ca Mau,2024-08-02,2024,8,2,15.64203486252834
Ca Mau,2024-08-03,2024,8,3,15.546250254123008
Ca Mau,2024-08-04,2024,8,4,21.702480188222943
Ca Mau,2024-08-05,2024,8,5,11.03274466962235
Ca Mau,2024-08-06,2024,8,6,5.930677326042503
Ca Mau,2024-08-07,2024,8,7,4.890006108310846
Ca Mau,2024-08-08,2024,8,8,0.0
Ca Mau,2024-08-09,2024,8,9,0.1138819563850094
Ca Mau,2024-08-10,2024,8,10,0.8423687180519971
Ca Mau,2024-08-11,2024,8,11,2.807928717860721
Ca Mau,2024-08-12,2024,8,12,3.624245410098131
Ca Mau,2024-08-13,2024,8,13,11.9328179643405
Ca Mau,2024-08-14,2024,8,14,0.4160393760905591
Ca Mau,2024-08-15,2024,8,15,0.6886565219340657
Ca Mau,2024-08-16,2024,8,16,0.5231922314701628
Ca Mau,2024-08-17,2024,8,17,2.14117522049862
Ca Mau,2024-08-18,2024,8,18,0.340183549192357
Ca Mau,2024-08-19,2024,8,19,0.7559253154333768
Ca Mau,2024-08-20,2024,8,20,0.3485825984370519
Ca Mau,2024-08-21,2024,8,21,4.106741535945819
Ca Mau,2024-08-22,2024,8,22,4.600321718749504
Ca Mau,2024-08-23,2024,8,23,5.236306565233761
Ca Mau,2024-08-24,2024,8,24,5.901692304395349
Ca Mau,2024-08-25,2024,8,25,10.081367059217763
Ca Mau,2024-08-26,2024,8,26,24.9534749647258
Ca Mau,2024-08-27,2024,8,27,27.127102474491725
Ca Mau,2024-08-28,2024,8,28,51.47006092934975
Ca Mau,2024-08-29,2024,8,29,25.705946001835727
Ca Mau,2024-08-30,2024,8,30,10.540494371606488
Ca Mau,2024-08-31,2024,8,31,11.43856932729159
Ca Mau,2024-09-01,2024,9,1,45.00247920934275
Ca Mau,2024-09-02,2024,9,2,12.432892197628188
Ca Mau,2024-09-03,2024,9,3,13.383330885289372
Ca Mau,2024-09-04,2024,9,4,30.29184325491648
Ca Mau,2024-09-05,2024,9,5,30.675097882639555
Ca Mau,2024-09-06,2024,9,6,25.299766375713663
Ca Mau,2024-09-07,2024,9,7,16.234381318074334
Ca Mau,2024-09-08,2024,9,8,0.1393750503776368
Ca Mau,2024-09-09,2024,9,9,0.0153488024006155
Ca Mau,2024-09-10,2024,9,10,40.00403102198133
Ca Mau,2024-09-11,2024,9,11,17.82245283015298
Ca Mau,2024-09-12,2024,9,12,25.75561783485288
Ca Mau,2024-09-13,2024,9,13,20.585057468474503
Ca Mau,2024-09-14,2024,9,14,55.30517996251225
Ca Mau,2024-09-15,2024,9,15,57.21018897510501
Ca Mau,2024-09-16,2024,9,16,19.38540726371264
Ca Mau,2024-09-17,2024,9,17,27.845396384515748
Ca Mau,2024-09-18,2024,9,18,18.76445930747557
Ca Mau,2024-09-19,2024,9,19,10.20212828590475
Ca Mau,2024-09-20,2024,9,20,16.459647799039118
Ca Mau,2024-09-21,2024,9,21,28.484475516746823
Ca Mau,2024-09-22,2024,9,22,9.429556227679916
Ca Mau,2024-09-23,2024,9,23,11.894726476617423
Ca Mau,2024-09-24,2024,9,24,14.563541203539062
Ca Mau,2024-09-25,2024,9,25,5.469479313136016
Ca Mau,2024-09-26,2024,9,26,6.155237875482408
Ca Mau,2024-09-27,2024,9,27,0.8894525444880582
Ca Mau,2024-09-28,2024,9,28,0.5915455341951738
Ca Mau,2024-09-29,2024,9,29,0.1201007028336681
Ca Mau,2024-09-30,2024,9,30,0.3278026269453757
Ca Mau,2024-10-01,2024,10,1,9.888713604891102
Ca Mau,2024-10-02,2024,10,2,2.6181907946876803
Ca Mau,2024-10-03,2024,10,3,13.078775861594451
Ca Mau,2024-10-04,2024,10,4,14.388607336863643
Ca Mau,2024-10-05,2024,10,5,17.581337848013806
Ca Mau,2024-10-06,2024,10,6,6.943785217123282
Ca Mau,2024-10-07,2024,10,7,8.687203967928022
Ca Mau,2024-10-08,2024,10,8,22.643211618930724
Ca Mau,2024-10-09,2024,10,9,15.770611111097216
Ca Mau,2024-10-10,2024,10,10,25.404339989248623
Ca Mau,2024-10-11,2024,10,11,13.325435157671595
Ca Mau,2024-10-12,2024,10,12,6.098021282205201
Ca Mau,2024-10-13,2024,10,13,7.10151918109016
Ca Mau,2024-10-14,2024,10,14,18.02644405205889
Ca Mau,2024-10-15,2024,10,15,35.57705989052985
Ca Mau,2024-10-16,2024,10,16,28.02846661933497
Ca Mau,2024-10-17,2024,10,17,21.588088977554904
Ca Mau,2024-10-18,2024,10,18,8.909406225511216
Ca Mau,2024-10-19,2024,10,19,10.224904586030616
Ca Mau,2024-10-20,2024,10,20,16.97373575583876
Ca Mau,2024-10-21,2024,10,21,21.066238851364187
Ca Mau,2024-10-22,2024,10,22,22.98755523119182
Ca Mau,2024-10-23,2024,10,23,3.377435554066694
Ca Mau,2024-10-24,2024,10,24,3.381063308147884
Ca Mau,2024-10-25,2024,10,25,0.1353654894243561
Ca Mau,2024-10-26,2024,10,26,11.201216866047172
Ca Mau,2024-10-27,2024,10,27,11.992764760119602
Ca Mau,2024-10-28,2024,10,28,7.129787264758906
Ca Mau,2024-10-29,2024,10,29,10.55703405174625
Ca Mau,2024-10-30,2024,10,30,0.0002253617023758618
Ca Mau,2024-10-31,2024,10,31,0.0
Ca Mau,2024-11-01,2024,11,1,7.231016032046393
Ca Mau,2024-11-02,2024,11,2,28.6546625569553
Ca Mau,2024-11-03,2024,11,3,29.37920912811949
Ca Mau,2024-11-04,2024,11,4,38.11153116954679
Ca Mau,2024-11-05,2024,11,5,9.403635915499432
Ca Mau,2024-11-06,2024,11,6,6.068742620604431
Ca Mau,2024-11-07,2024,11,7,6.76175459935595
Ca Mau,2024-11-08,2024,11,8,3.2173005313293843
Ca Mau,2024-11-09,2024,11,9,0.9631052063519032
Ca Mau,2024-11-10,2024,11,10,2.553252060214079
Ca Mau,2024-11-11,2024,11,11,0.0408901273078108
Ca Mau,2024-11-12,2024,11,12,0.1306280787615275
Ca Mau,2024-11-13,2024,11,13,0.0826106043904119
Ca Mau,2024-11-14,2024,11,14,0.0
Ca Mau,2024-11-15,2024,11,15,0.0
Ca Mau,2024-11-16,2024,11,16,0.0860938417219625
Ca Mau,2024-11-17,2024,11,17,0.0
Ca Mau,2024-11-18,2024,11,18,0.0
Ca Mau,2024-11-19,2024,11,19,0.0923596142127912
Ca Mau,2024-11-20,2024,11,20,0.0261443874594882
Ca Mau,2024-11-21,2024,11,21,0.004282566771686
Ca Mau,2024-11-22,2024,11,22,0.24748303661936
Ca Mau,2024-11-23,2024,11,23,0.0019363546890387
Ca Mau,2024-11-24,2024,11,24,2.0341754206146563
Ca Mau,2024-11-25,2024,11,25,0.6001934465809199
Ca Mau,2024-11-26,2024,11,26,2.967401077401034
Ca Mau,2024-11-27,2024,11,27,14.316954170733233
Ca Mau,2024-11-28,2024,11,28,0.7298453933724905
Ca Mau,2024-11-29,2024,11,29,20.579008217049637
Ca Mau,2024-11-30,2024,11,30,4.522798778095082
Ca Mau,2024-12-01,2024,12,1,0.0
Ca Mau,2024-12-02,2024,12,2,7.131825679685687
Ca Mau,2024-12-03,2024,12,3,7.605731189003197
Ca Mau,2024-12-04,2024,12,4,18.265369550474777
Ca Mau,2024-12-05,2024,12,5,0.0
Ca Mau,2024-12-06,2024,12,6,0.0265257980679009
Ca Mau,2024-12-07,2024,12,7,0.0
Ca Mau,2024-12-08,2024,12,8,3.8088494902825785
Ca Mau,2024-12-09,2024,12,9,0.3038617152148609
Ca Mau,2024-12-10,2024,12,10,10.81860731278142
Ca Mau,2024-12-11,2024,12,11,9.24813342343075
Ca Mau,2024-12-12,2024,12,12,6.386581486480667
Ca Mau,2024-12-13,2024,12,13,18.77289683388
Ca Mau,2024-12-14,2024,12,14,4.566359436957047
Ca Mau,2024-12-15,2024,12,15,0.4844048200073814
Ca Mau,2024-12-16,2024,12,16,0.0007169658752854245
Ca Mau,2024-12-17,2024,12,17,0.0
Ca Mau,2024-12-18,2024,12,18,0.0
Ca Mau,2024-12-19,2024,12,19,0.0
Ca Mau,2024-12-20,2024,12,20,1.3550592521081677
Ca Mau,2024-12-21,2024,12,21,0.8856951146642204
Ca Mau,2024-12-22,2024,12,22,0.0
Ca Mau,2024-12-23,2024,12,23,0.0
Ca Mau,2024-12-24,2024,12,24,0.0720451474640217
Ca Mau,2024-12-25,2024,12,25,0.596633797923628
Ca Mau,2024-12-26,2024,12,26,9.33427873573648
Ca Mau,2024-12-27,2024,12,27,2.0901154770438164
Ca Mau,2024-12-28,2024,12,28,0.0
Ca Mau,2024-12-29,2024,12,29,0.0
Ca Mau,2024-12-30,2024,12,30,0.6699674277056232
Ca Mau,2024-12-31,2024,12,31,2.172672455605602
Ca Mau,2025-01-01,2025,1,1,1.5951917594751437
Ca Mau,2025-01-02,2025,1,2,0.0
Ca Mau,2025-01-03,2025,1,3,3.475859878857272
Ca Mau,2025-01-04,2025,1,4,0.7210659994265155
Ca Mau,2025-01-05,2025,1,5,0.0
Ca Mau,2025-01-06,2025,1,6,0.0
Ca Mau,2025-01-07,2025,1,7,0.0
Ca Mau,2025-01-08,2025,1,8,0.0
Ca Mau,2025-01-09,2025,1,9,0.3068553985016559
Ca Mau,2025-01-10,2025,1,10,0.1704046718794244
Ca Mau,2025-01-11,2025,1,11,0.8863374185787815
Ca Mau,2025-01-12,2025,1,12,0.0666638022477872
Ca Mau,2025-01-13,2025,1,13,0.0
Ca Mau,2025-01-14,2025,1,14,0.0053752190641779
Ca Mau,2025-01-15,2025,1,15,0.0148415435893864
Ca Mau,2025-01-16,2025,1,16,0.0
Ca Mau,2025-01-17,2025,1,17,0.0194511660222671
Ca Mau,2025-01-18,2025,1,18,0.0
Ca Mau,2025-01-19,2025,1,19,0.0928392160048724
Ca Mau,2025-01-20,2025,1,20,0.1268694519899795
Ca Mau,2025-01-21,2025,1,21,0.0002374761805629823
Ca Mau,2025-01-22,2025,1,22,1.2268660590283471
Ca Mau,2025-01-23,2025,1,23,0.5395430162067029
Ca Mau,2025-01-24,2025,1,24,1.5630046110622766
Ca Mau,2025-01-25,2025,1,25,0.1861112519677288
Ca Mau,2025-01-26,2025,1,26,0.00016776648459296137
Ca Mau,2025-01-27,2025,1,27,0.0
Ca Mau,2025-01-28,2025,1,28,0.0178790666250807
Ca Mau,2025-01-29,2025,1,29,1.700878293501234
Ca Mau,2025-01-30,2025,1,30,0.0226587611447654
Ca Mau,2025-01-31,2025,1,31,0.3395210768646835
Ca Mau,2025-02-01,2025,2,1,0.0169673588852135
Ca Mau,2025-02-02,2025,2,2,0.0
Ca Mau,2025-02-03,2025,2,3,0.0
Ca Mau,2025-02-04,2025,2,4,0.1138189145585718
Ca Mau,2025-02-05,2025,2,5,0.0
Ca Mau,2025-02-06,2025,2,6,6.379716224569211e-05
Ca Mau,2025-02-07,2025,2,7,2.546319071652956e-05
Ca Mau,2025-02-08,2025,2,8,0.0210692845610586
Ca Mau,2025-02-09,2025,2,9,0.0006074968196681874
Ca Mau,2025-02-10,2025,2,10,1.7254158486223623
Ca Mau,2025-02-11,2025,2,11,0.056397139658969
Ca Mau,2025-02-12,2025,2,12,0.0
Ca Mau,2025-02-13,2025,2,13,0.0
Ca Mau,2025-02-14,2025,2,14,0.0
Ca Mau,2025-02-15,2025,2,15,0.3019666876193439
Ca Mau,2025-02-16,2025,2,16,0.0
Ca Mau,2025-02-17,2025,2,17,0.0
Ca Mau,2025-02-18,2025,2,18,0.0
Ca Mau,2025-02-19,2025,2,19,0.0
Ca Mau,2025-02-20,2025,2,20,0.0
Ca Mau,2025-02-21,2025,2,21,0.0
Ca Mau,2025-02-22,2025,2,22,0.120274688580052
Ca Mau,2025-02-23,2025,2,23,0.0891449332052556
Ca Mau,2025-02-24,2025,2,24,0.0
Ca Mau,2025-02-25,2025,2,25,0.0
Ca Mau,2025-02-26,2025,2,26,2.1802343377052944
Ca Mau,2025-02-27,2025,2,27,0.0515885111026448
Ca Mau,2025-02-28,2025,2,28,0.0655756090072708
Ca Mau,2025-03-01,2025,3,1,0.0
Ca Mau,2025-03-02,2025,3,2,0.0
Ca Mau,2025-03-03,2025,3,3,0.0
Ca Mau,2025-03-04,2025,3,4,0.2146399915308445
Ca Mau,2025-03-05,2025,3,5,0.0
Ca Mau,2025-03-06,2025,3,6,0.0
Ca Mau,2025-03-07,2025,3,7,0.1733839146369458
Ca Mau,2025-03-08,2025,3,8,0.0
Ca Mau,2025-03-09,2025,3,9,0.0
Ca Mau,2025-03-10,2025,3,10,0.0040831268464351
Ca Mau,2025-03-11,2025,3,11,0.1348718822254668
Ca Mau,2025-03-12,2025,3,12,0.0
Ca Mau,2025-03-13,2025,3,13,0.0
Ca Mau,2025-03-14,2025,3,14,0.0
Ca Mau,2025-03-15,2025,3,15,0.0
Ca Mau,2025-03-16,2025,3,16,0.0297562219157472
Ca Mau,2025-03-17,2025,3,17,0.9218517893693324
Ca Mau,2025-03-18,2025,3,18,0.8234214253966873
Ca Mau,2025-03-19,2025,3,19,0.0375124089230649
Ca Mau,2025-03-20,2025,3,20,13.790445719279145
Ca Mau,2025-03-21,2025,3,21,3.243747003223329
Ca Mau,2025-03-22,2025,3,22,0.1433606567187854
Ca Mau,2025-03-23,2025,3,23,0.1964983669984658
Ca Mau,2025-03-24,2025,3,24,0.0
Ca Mau,2025-03-25,2025,3,25,0.0
Ca Mau,2025-03-26,2025,3,26,0.0
Ca Mau,2025-03-27,2025,3,27,0.0
Ca Mau,2025-03-28,2025,3,28,0.0
Ca Mau,2025-03-29,2025,3,29,0.0
Ca Mau,2025-03-30,2025,3,30,0.1537429850363818
Ca Mau,2025-03-31,2025,3,31,20.3020125722114
Ca Mau,2025-04-01,2025,4,1,0.3080287261662202
Ca Mau,2025-04-02,2025,4,2,1.615273919578151
Ca Mau,2025-04-03,2025,4,3,2.7399668516422286
Ca Mau,2025-04-04,2025,4,4,0.0
Ca Mau,2025-04-05,2025,4,5,0.0
Ca Mau,2025-04-06,2025,4,6,0.0
Ca Mau,2025-04-07,2025,4,7,0.0
Ca Mau,2025-04-08,2025,4,8,1.7703985170593008
Ca Mau,2025-04-09,2025,4,9,0.0
Ca Mau,2025-04-10,2025,4,10,9.28488228950276
Ca Mau,2025-04-11,2025,4,11,0.2448085250091957
Ca Mau,2025-04-12,2025,4,12,0.2870101961864671
Ca Mau,2025-04-13,2025,4,13,1.1353332309239297
Ca Mau,2025-04-14,2025,4,14,20.12433532713277
Ca Mau,2025-04-15,2025,4,15,0.1997092649106392
Ca Mau,2025-04-16,2025,4,16,0.7692341325306836
Ca Mau,2025-04-17,2025,4,17,1.7959618883470967
Ca Mau,2025-04-18,2025,4,18,1.207885716655523
Ca Mau,2025-04-19,2025,4,19,0.0
Ca Mau,2025-04-20,2025,4,20,0.0
Ca Mau,2025-04-21,2025,4,21,0.0
Ca Mau,2025-04-22,2025,4,22,2.455333011857761
Ca Mau,2025-04-23,2025,4,23,2.946949362484548
Ca Mau,2025-04-24,2025,4,24,15.159754054181674
Ca Mau,2025-04-25,2025,4,25,2.356998618228189
Ca Mau,2025-04-26,2025,4,26,3.023783579540801
Ca Mau,2025-04-27,2025,4,27,0.0
Ca Mau,2025-04-28,2025,4,28,0.0
Ca Mau,2025-04-29,2025,4,29,0.2044093711380515
Ca Mau,2025-04-30,2025,4,30,0.0
Ca Mau,2025-05-01,2025,5,1,7.114170018948411
Ca Mau,2025-05-02,2025,5,2,4.481057008383786
Ca Mau,2025-05-03,2025,5,3,16.0184885335156
Ca Mau,2025-05-04,2025,5,4,4.202026263419923
Ca Mau,2025-05-05,2025,5,5,2.2273521487935577
Ca Mau,2025-05-06,2025,5,6,4.1999576626032455
Ca Mau,2025-05-07,2025,5,7,4.413593143393639
Ca Mau,2025-05-08,2025,5,8,1.5346031404835738
Ca Mau,2025-05-09,2025,5,9,6.475413876318766
Ca Mau,2025-05-10,2025,5,10,7.447943976790872
Ca Mau,2025-05-11,2025,5,11,5.6426898087436825
Ca Mau,2025-05-12,2025,5,12,5.382049167130094
Ca Mau,2025-05-13,2025,5,13,9.561852581141364
Ca Mau,2025-05-14,2025,5,14,6.06326090396712
Ca Mau,2025-05-15,2025,5,15,6.479884208392853
Ca Mau,2025-05-16,2025,5,16,5.152337182383025
Ca Mau,2025-05-17,2025,5,17,3.9259297892185536
Ca Mau,2025-05-18,2025,5,18,4.200808753697554
Ca Mau,2025-05-19,2025,5,19,6.156135787610802
Ca Mau,2025-05-20,2025,5,20,4.024452465384785
Ca Mau,2025-05-21,2025,5,21,18.013229825278298
Ca Mau,2025-05-22,2025,5,22,30.57365369627382
Ca Mau,2025-05-23,2025,5,23,28.65955013206101
Ca Mau,2025-05-24,2025,5,24,18.677491972072037
Ca Mau,2025-05-25,2025,5,25,20.4862014344987
Ca Mau,2025-05-26,2025,5,26,0.1491678852718571
Ca Mau,2025-05-27,2025,5,27,14.440560025173136
Ca Mau,2025-05-28,2025,5,28,25.844088952767663
Ca Mau,2025-05-29,2025,5,29,29.355600794739004
Ca Mau,2025-05-30,2025,5,30,6.592004774442396
Ca Mau,2025-05-31,2025,5,31,0.0719387538037392
Ca Mau,2025-06-01,2025,6,1,10.02052807924141
Ca Mau,2025-06-02,2025,6,2,3.0604714432138933
Ca Mau,2025-06-03,2025,6,3,25.382075647777352
Ca Mau,2025-06-04,2025,6,4,19.85815384693021
Ca Mau,2025-06-05,2025,6,5,2.89357899841115
Ca Mau,2025-06-06,2025,6,6,13.818311073786916
Ca Mau,2025-06-07,2025,6,7,29.62446705928523
Ca Mau,2025-06-08,2025,6,8,11.31481484925553
Ca Mau,2025-06-09,2025,6,9,23.155033462064893
Ca Mau,2025-06-10,2025,6,10,31.27581781957936
Ca Mau,2025-06-11,2025,6,11,9.718805964346956
Ca Mau,2025-06-12,2025,6,12,11.059458915391962
Ca Mau,2025-06-13,2025,6,13,6.852738090616259
Ca Mau,2025-06-14,2025,6,14,5.30502872709568
Ca Mau,2025-06-15,2025,6,15,5.095197419558249
Ca Mau,2025-06-16,2025,6,16,0.0257176124955895
Ca Mau,2025-06-17,2025,6,17,13.908271684801209
Ca Mau,2025-06-18,2025,6,18,25.71818246749177
Ca Mau,2025-06-19,2025,6,19,14.158555626121442
Ca Mau,2025-06-20,2025,6,20,23.752986028475163
Ca Mau,2025-06-21,2025,6,21,18.72925633520898
Ca Mau,2025-06-22,2025,6,22,15.088374009074371
Ca Mau,2025-06-23,2025,6,23,22.50018620252285
Ca Mau,2025-06-24,2025,6,24,3.845370280456154
Ca Mau,2025-06-25,2025,6,25,6.247867437063787
Ca Mau,2025-06-26,2025,6,26,18.664560980401145
Ca Mau,2025-06-27,2025,6,27,6.24699243031974
Ca Mau,2025-06-28,2025,6,28,5.117226187576697
Ca Mau,2025-06-29,2025,6,29,0.0
Ca Mau,2025-06-30,2025,6,30,0.00026603248488369714
Ca Mau,2025-07-01,2025,7,1,9.2969111778752
Ca Mau,2025-07-02,2025,7,2,3.648843511182282
Ca Mau,2025-07-03,2025,7,3,3.0295632055734254
Ca Mau,2025-07-04,2025,7,4,2.353136913037827
Ca Mau,2025-07-05,2025,7,5,2.0989476765698547
Ca Mau,2025-07-06,2025,7,6,11.788980971886684
Ca Mau,2025-07-07,2025,7,7,1.8922245797522128
Ca Mau,2025-07-08,2025,7,8,0.0
Ca Mau,2025-07-09,2025,7,9,3.6835739680418382
Ca Mau,2025-07-10,2025,7,10,7.335817566841952
Ca Mau,2025-07-11,2025,7,11,8.412687422872098
Ca Mau,2025-07-12,2025,7,12,8.076887952048956
Ca Mau,2025-07-13,2025,7,13,0.5716437103796613
Ca Mau,2025-07-14,2025,7,14,5.277075561378356
Ca Mau,2025-07-15,2025,7,15,9.442764120683208
Ca Mau,2025-07-16,2025,7,16,3.83604916426136
Ca Mau,2025-07-17,2025,7,17,16.01451522393881
Ca Mau,2025-07-18,2025,7,18,5.891012348991426
Ca Mau,2025-07-19,2025,7,19,12.602660399714118
Ca Mau,2025-07-20,2025,7,20,23.147475160631352
Ca Mau,2025-07-21,2025,7,21,3.190314676680186
Ca Mau,2025-07-22,2025,7,22,0.0006050075952778995
Ca Mau,2025-07-23,2025,7,23,0.00025802742613270044
Ca Mau,2025-07-24,2025,7,24,1.1231947183888298
Ca Mau,2025-07-25,2025,7,25,0.0127241118499128
Ca Mau,2025-07-26,2025,7,26,0.0
Ca Mau,2025-07-27,2025,7,27,18.69103345156006
Ca Mau,2025-07-28,2025,7,28,22.47147269087969
Ca Mau,2025-07-29,2025,7,29,0.00033839915438747765
Ca Mau,2025-07-30,2025,7,30,6.4538355606868265
Ca Mau,2025-07-31,2025,7,31,2.8284687920594034
Ca Mau,2025-08-01,2025,8,1,0.0002094067254767021
Ca Mau,2025-08-02,2025,8,2,0.9607328154786328
Ca Mau,2025-08-03,2025,8,3,0.7719730216437705
Ca Mau,2025-08-04,2025,8,4,0.3235254563276343
Ca Mau,2025-08-05,2025,8,5,3.4108915389318395
Ca Mau,2025-08-06,2025,8,6,2.3335600618448704
Ca Mau,2025-08-07,2025,8,7,4.666355638259162
Ca Mau,2025-08-08,2025,8,8,5.172805752879982
Ca Mau,2025-08-09,2025,8,9,15.351386264110715
Ca Mau,2025-08-10,2025,8,10,10.699679560783668
Ca Mau,2025-08-11,2025,8,11,4.1088012893838535
Ca Mau,2025-08-12,2025,8,12,0.3477392497651524
Ca Mau,2025-08-13,2025,8,13,11.357949968292289
Ca Mau,2025-08-14,2025,8,14,14.836438449056873
Ca Mau,2025-08-15,2025,8,15,51.47222100246919
Ca Mau,2025-08-16,2025,8,16,13.24838223354272
Ca Mau,2025-08-17,2025,8,17,18.880585885628104
Ca Mau,2025-08-18,2025,8,18,0.6173973029981649
Ca Mau,2025-08-19,2025,8,19,1.2239096877328433
Ca Mau,2025-08-20,2025,8,20,27.417455684866635
Ca Mau,2025-08-21,2025,8,21,15.546330524128766
Ca Mau,2025-08-22,2025,8,22,9.628758908507333
Ca Mau,2025-08-23,2025,8,23,5.323118551484477
Ca Mau,2025-08-24,2025,8,24,3.3146285441272805
Ca Mau,2025-08-25,2025,8,25,18.92582829056945
Ca Mau,2025-08-26,2025,8,26,5.781408986515912
Ca Mau,2025-08-27,2025,8,27,5.384784774028189
Ca Mau,2025-08-28,2025,8,28,13.599989831078236
Ca Mau,2025-08-29,2025,8,29,28.933565378594498
Ca Mau,2025-08-30,2025,8,30,23.7762665033809
Ca Mau,2025-08-31,2025,8,31,3.720552581748696
Ca Mau,2025-09-01,2025,9,1,27.221337683417783
Ca Mau,2025-09-02,2025,9,2,19.68046942801905
Ca Mau,2025-09-03,2025,9,3,1.0954112395590136
Ca Mau,2025-09-04,2025,9,4,1.7644872263146003
Ca Mau,2025-09-05,2025,9,5,3.855771925818389
Ca Mau,2025-09-06,2025,9,6,19.739218622103724
Ca Mau,2025-09-07,2025,9,7,24.62333355697171
Ca Mau,2025-09-08,2025,9,8,12.83314413812458
Ca Mau,2025-09-09,2025,9,9,13.146561415408808
Ca Mau,2025-09-10,2025,9,10,0.000204820834559714
Ca Mau,2025-09-11,2025,9,11,21.38623933087778
Ca Mau,2025-09-12,2025,9,12,11.672699563651198
Ca Mau,2025-09-13,2025,9,13,6.351138969214393
Ca Mau,2025-09-14,2025,9,14,18.507757814432143
Ca Mau,2025-09-15,2025,9,15,3.8562402300482574
Ca Mau,2025-09-16,2025,9,16,10.68477928321336
Ca Mau,2025-09-17,2025,9,17,30.915872899840217
Ca Mau,2025-09-18,2025,9,18,38.71539064677842
Ca Mau,2025-09-19,2025,9,19,3.543575962102256
Ca Mau,2025-09-20,2025,9,20,0.169602873914187
Ca Mau,2025-09-21,2025,9,21,5.320483218428054
Ca Mau,2025-09-22,2025,9,22,5.786387919600347
Ca Mau,2025-09-23,2025,9,23,0.0003380123368197515
Ca Mau,2025-09-24,2025,9,24,2.2790574609936014
Ca Mau,2025-09-25,2025,9,25,11.790032767484634
Ca Mau,2025-09-26,2025,9,26,1.0929397215577974
Ca Mau,2025-09-27,2025,9,27,20.84865614683554
Ca Mau,2025-09-28,2025,9,28,26.11346135865965
Ca Mau,2025-09-29,2025,9,29,21.860113384069244
Ca Mau,2025-09-30,2025,9,30,5.597537641540765
Ca Mau,2025-10-01,2025,10,1,4.893573287608692
Ca Mau,2025-10-02,2025,10,2,4.775149796018435
Ca Mau,2025-10-03,2025,10,3,0.6044999268694256
Ca Mau,2025-10-04,2025,10,4,4.787421940117536
Ca Mau,2025-10-05,2025,10,5,4.0214124311396855
Ca Mau,2025-10-06,2025,10,6,3.915186201444093
Ca Mau,2025-10-07,2025,10,7,6.208286494962609
Ca Mau,2025-10-08,2025,10,8,20.723762157768427
Ca Mau,2025-10-09,2025,10,9,10.943846693098044
Ca Mau,2025-10-10,2025,10,10,9.581202548749506
Ca Mau,2025-10-11,2025,10,11,4.914229335959331
Ca Mau,2025-10-12,2025,10,12,1.5912256083274414
Ca Mau,2025-10-13,2025,10,13,6.351541675194794
Ca Mau,2025-10-14,2025,10,14,10.970579800661096
Ca Mau,2025-10-15,2025,10,15,23.537921272857883
Ca Mau,2025-10-16,2025,10,16,21.829221140444645
Ca Mau,2025-10-17,2025,10,17,14.220491809840285
Ca Mau,2025-10-18,2025,10,18,15.156284952574516
Ca Mau,2025-10-19,2025,10,19,7.235852561071248
Ca Mau,2025-10-20,2025,10,20,15.32015359707114
Ca Mau,2025-10-21,2025,10,21,16.855876816227195
Ca Mau,2025-10-22,2025,10,22,13.145702352195515
Ca Mau,2025-10-23,2025,10,23,22.095520532855534
Ca Mau,2025-10-24,2025,10,24,12.265366761444056
Ca Mau,2025-10-25,2025,10,25,26.481969554468265
Ca Mau,2025-10-26,2025,10,26,10.76620709856448
Ca Mau,2025-10-27,2025,10,27,17.11928110821973
Ca Mau,2025-10-28,2025,10,28,13.979035466440942
Ca Mau,2025-10-29,2025,10,29,21.145445725613683
Ca Mau,2025-10-30,2025,10,30,2.1192736526300293
Ca Mau,2025-10-31,2025,10,31,0.3517785761257614
Ca Mau,2025-11-01,2025,11,1,16.38789889356967
Ca Mau,2025-11-02,2025,11,2,11.220251793089126
Ca Mau,2025-11-03,2025,11,3,5.632011576297784
Ca Mau,2025-11-04,2025,11,4,9.207534487259
Ca Mau,2025-11-05,2025,11,5,29.922625983586634
Ca Mau,2025-11-06,2025,11,6,19.755479647628214
Ca Mau,2025-11-07,2025,11,7,14.056506313725937
Ca Mau,2025-11-08,2025,11,8,2.5737488916483877
Ca Mau,2025-11-09,2025,11,9,4.617728390619432
Ca Mau,2025-11-10,2025,11,10,5.311731511661661
Ca Mau,2025-11-11,2025,11,11,1.8400845180030247
Ca Mau,2025-11-12,2025,11,12,8.775714200760325
Ca Mau,2025-11-13,2025,11,13,8.05481520110906
Ca Mau,2025-11-14,2025,11,14,5.747900253046923
Ca Mau,2025-11-15,2025,11,15,0.0
Ca Mau,2025-11-16,2025,11,16,8.150461207728434
Ca Mau,2025-11-17,2025,11,17,22.89599312216656
Ca Mau,2025-11-18,2025,11,18,0.0189406855579154
Ca Mau,2025-11-19,2025,11,19,1.7131623286650297
Ca Mau,2025-11-20,2025,11,20,1.585567009942708
Ca Mau,2025-11-21,2025,11,21,2.997057678069845
Ca Mau,2025-11-22,2025,11,22,7.696517406479699
Ca Mau,2025-11-23,2025,11,23,5.217990912028569
Ca Mau,2025-11-24,2025,11,24,0.7972823957729067
Ca Mau,2025-11-25,2025,11,25,13.347892856160062
Ca Mau,2025-11-26,2025,11,26,3.1427434846137223
Ca Mau,2025-11-27,2025,11,27,0.053116124702716
Ca Mau,2025-11-28,2025,11,28,0.0273050356477222
Ca Mau,2025-11-29,2025,11,29,1.0379737970929377
Ca Mau,2025-11-30,2025,11,30,0.00016353112524247914
Ca Mau,2025-12-01,2025,12,1,0.0
Ca Mau,2025-12-02,2025,12,2,0.0
Ca Mau,2025-12-03,2025,12,3,3.7200078816032622
Ca Mau,2025-12-04,2025,12,4,0.1521723121945198
Ca Mau,2025-12-05,2025,12,5,0.0
Ca Mau,2025-12-06,2025,12,6,0.0
Ca Mau,2025-12-07,2025,12,7,0.0
Ca Mau,2025-12-08,2025,12,8,0.0795445324539994
Ca Mau,2025-12-09,2025,12,9,0.0
Ca Mau,2025-12-10,2025,12,10,5.901856494132777
Ca Mau,2025-12-11,2025,12,11,20.639480273859828
Ca Mau,2025-12-12,2025,12,12,1.6976167131508135
Ca Mau,2025-12-13,2025,12,13,0.1965052137802273
Ca Mau,2025-12-14,2025,12,14,2.742751857443763
Ca Mau,2025-12-15,2025,12,15,9.986006281152823
Ca Mau,2025-12-16,2025,12,16,0.0
Ca Mau,2025-12-17,2025,12,17,0.0719529706083842
Ca Mau,2025-12-18,2025,12,18,0.0
Ca Mau,2025-12-19,2025,12,19,0.0
Ca Mau,2025-12-20,2025,12,20,0.160832491290036
Ca Mau,2025-12-21,2025,12,21,0.434248884227645
Ca Mau,2025-12-22,2025,12,22,0.0
Ca Mau,2025-12-23,2025,12,23,1.1375393896322017
Ca Mau,2025-12-24,2025,12,24,0.4792684635739807
Ca Mau,2025-12-25,2025,12,25,1.7550912448706195
Ca Mau,2025-12-26,2025,12,26,0.0133807989245026
Ca Mau,2025-12-27,2025,12,27,0.0
Ca Mau,2025-12-28,2025,12,28,0.0
Ca Mau,2025-12-29,2025,12,29,0.00030259550194354
Ca Mau,2025-12-30,2025,12,30,0.0
Ca Mau,2025-12-31,2025,12,31,0.0
