province_name,date,year,month,day,rainfall_mm
Dong Thap,1981-01-01,1981,1,1,0.0
Dong Thap,1981-01-02,1981,1,2,0.0
Dong Thap,1981-01-03,1981,1,3,0.0
Dong Thap,1981-01-04,1981,1,4,0.0
Dong Thap,1981-01-05,1981,1,5,0.0
Dong Thap,1981-01-06,1981,1,6,0.0
Dong Thap,1981-01-07,1981,1,7,0.0
Dong Thap,1981-01-08,1981,1,8,0.0
Dong Thap,1981-01-09,1981,1,9,0.0
Dong Thap,1981-01-10,1981,1,10,0.0
Dong Thap,1981-01-11,1981,1,11,0.0
Dong Thap,1981-01-12,1981,1,12,0.0
Dong Thap,1981-01-13,1981,1,13,0.0
Dong Thap,1981-01-14,1981,1,14,0.0
Dong Thap,1981-01-15,1981,1,15,0.0
Dong Thap,1981-01-16,1981,1,16,0.0
Dong Thap,1981-01-17,1981,1,17,0.0
Dong Thap,1981-01-18,1981,1,18,0.0
Dong Thap,1981-01-19,1981,1,19,0.0
Dong Thap,1981-01-20,1981,1,20,0.0
Dong Thap,1981-01-21,1981,1,21,0.0
Dong Thap,1981-01-22,1981,1,22,0.0
Dong Thap,1981-01-23,1981,1,23,0.0
Dong Thap,1981-01-24,1981,1,24,0.0
Dong Thap,1981-01-25,1981,1,25,0.0
Dong Thap,1981-01-26,1981,1,26,0.0
Dong Thap,1981-01-27,1981,1,27,0.0
Dong Thap,1981-01-28,1981,1,28,0.0
Dong Thap,1981-01-29,1981,1,29,13.29625966355782
Dong Thap,1981-01-30,1981,1,30,0.0
Dong Thap,1981-01-31,1981,1,31,0.0
Dong Thap,1981-02-01,1981,2,1,0.0
Dong Thap,1981-02-02,1981,2,2,0.0
Dong Thap,1981-02-03,1981,2,3,0.0
Dong Thap,1981-02-04,1981,2,4,0.0
Dong Thap,1981-02-05,1981,2,5,0.0
Dong Thap,1981-02-06,1981,2,6,0.0
Dong Thap,1981-02-07,1981,2,7,0.0
Dong Thap,1981-02-08,1981,2,8,0.0
Dong Thap,1981-02-09,1981,2,9,0.0
Dong Thap,1981-02-10,1981,2,10,0.0
Dong Thap,1981-02-11,1981,2,11,0.0
Dong Thap,1981-02-12,1981,2,12,0.0
Dong Thap,1981-02-13,1981,2,13,7.331824755909383
Dong Thap,1981-02-14,1981,2,14,0.0
Dong Thap,1981-02-15,1981,2,15,0.0
Dong Thap,1981-02-16,1981,2,16,0.0
Dong Thap,1981-02-17,1981,2,17,0.0
Dong Thap,1981-02-18,1981,2,18,0.0
Dong Thap,1981-02-19,1981,2,19,0.0
Dong Thap,1981-02-20,1981,2,20,0.0
Dong Thap,1981-02-21,1981,2,21,0.0
Dong Thap,1981-02-22,1981,2,22,0.0
Dong Thap,1981-02-23,1981,2,23,0.0
Dong Thap,1981-02-24,1981,2,24,0.0
Dong Thap,1981-02-25,1981,2,25,0.0
Dong Thap,1981-02-26,1981,2,26,0.0
Dong Thap,1981-02-27,1981,2,27,0.0
Dong Thap,1981-02-28,1981,2,28,0.0
Dong Thap,1981-03-01,1981,3,1,0.0
Dong Thap,1981-03-02,1981,3,2,0.257786351271922
Dong Thap,1981-03-03,1981,3,3,0.0
Dong Thap,1981-03-04,1981,3,4,0.0
Dong Thap,1981-03-05,1981,3,5,0.0
Dong Thap,1981-03-06,1981,3,6,0.0
Dong Thap,1981-03-07,1981,3,7,0.0
Dong Thap,1981-03-08,1981,3,8,0.0
Dong Thap,1981-03-09,1981,3,9,0.0
Dong Thap,1981-03-10,1981,3,10,0.0
Dong Thap,1981-03-11,1981,3,11,0.0
Dong Thap,1981-03-12,1981,3,12,0.0
Dong Thap,1981-03-13,1981,3,13,0.0
Dong Thap,1981-03-14,1981,3,14,0.0
Dong Thap,1981-03-15,1981,3,15,0.0
Dong Thap,1981-03-16,1981,3,16,0.0
Dong Thap,1981-03-17,1981,3,17,0.0
Dong Thap,1981-03-18,1981,3,18,0.0
Dong Thap,1981-03-19,1981,3,19,0.0
Dong Thap,1981-03-20,1981,3,20,0.0
Dong Thap,1981-03-21,1981,3,21,0.0
Dong Thap,1981-03-22,1981,3,22,0.0
Dong Thap,1981-03-23,1981,3,23,0.0
Dong Thap,1981-03-24,1981,3,24,0.0
Dong Thap,1981-03-25,1981,3,25,0.021532795317378
Dong Thap,1981-03-26,1981,3,26,0.0
Dong Thap,1981-03-27,1981,3,27,0.0
Dong Thap,1981-03-28,1981,3,28,0.0
Dong Thap,1981-03-29,1981,3,29,0.0
Dong Thap,1981-03-30,1981,3,30,8.572829996972144
Dong Thap,1981-03-31,1981,3,31,5.301792413841603
Dong Thap,1981-04-01,1981,4,1,0.0
Dong Thap,1981-04-02,1981,4,2,0.0482984148160329
Dong Thap,1981-04-03,1981,4,3,0.6586931790655258
Dong Thap,1981-04-04,1981,4,4,0.0
Dong Thap,1981-04-05,1981,4,5,0.0
Dong Thap,1981-04-06,1981,4,6,0.0
Dong Thap,1981-04-07,1981,4,7,0.0
Dong Thap,1981-04-08,1981,4,8,0.0
Dong Thap,1981-04-09,1981,4,9,0.0
Dong Thap,1981-04-10,1981,4,10,0.0
Dong Thap,1981-04-11,1981,4,11,1.2388731291674415
Dong Thap,1981-04-12,1981,4,12,2.2863009760973263
Dong Thap,1981-04-13,1981,4,13,5.194515623769333
Dong Thap,1981-04-14,1981,4,14,3.947245258192964
Dong Thap,1981-04-15,1981,4,15,3.402133701148962
Dong Thap,1981-04-16,1981,4,16,3.154454214504739
Dong Thap,1981-04-17,1981,4,17,4.5034316878335545
Dong Thap,1981-04-18,1981,4,18,2.548868198107504
Dong Thap,1981-04-19,1981,4,19,1.3593449173924164
Dong Thap,1981-04-20,1981,4,20,1.0937358392983678
Dong Thap,1981-04-21,1981,4,21,2.682275963243454
Dong Thap,1981-04-22,1981,4,22,3.842871800792008
Dong Thap,1981-04-23,1981,4,23,0.0
Dong Thap,1981-04-24,1981,4,24,0.0
Dong Thap,1981-04-25,1981,4,25,0.0
Dong Thap,1981-04-26,1981,4,26,2.0856349072760394
Dong Thap,1981-04-27,1981,4,27,0.0
Dong Thap,1981-04-28,1981,4,28,7.567862474779056
Dong Thap,1981-04-29,1981,4,29,3.871692227362394
Dong Thap,1981-04-30,1981,4,30,6.229765952674876
Dong Thap,1981-05-01,1981,5,1,4.071926302939064
Dong Thap,1981-05-02,1981,5,2,8.349944961620128
Dong Thap,1981-05-03,1981,5,3,5.37300027009173
Dong Thap,1981-05-04,1981,5,4,7.672622095910982
Dong Thap,1981-05-05,1981,5,5,5.187976546681924
Dong Thap,1981-05-06,1981,5,6,3.444934502335289
Dong Thap,1981-05-07,1981,5,7,9.837560793866311
Dong Thap,1981-05-08,1981,5,8,7.097904011407675
Dong Thap,1981-05-09,1981,5,9,6.378553363148629
Dong Thap,1981-05-10,1981,5,10,1.7644447948769264
Dong Thap,1981-05-11,1981,5,11,6.110791683920609
Dong Thap,1981-05-12,1981,5,12,0.7858584491552503
Dong Thap,1981-05-13,1981,5,13,2.0250798163228425
Dong Thap,1981-05-14,1981,5,14,1.6243542748864117
Dong Thap,1981-05-15,1981,5,15,2.793192838084705
Dong Thap,1981-05-16,1981,5,16,9.922006647874086
Dong Thap,1981-05-17,1981,5,17,6.656137519570358
Dong Thap,1981-05-18,1981,5,18,9.463502689191802
Dong Thap,1981-05-19,1981,5,19,0.9389996415962292
Dong Thap,1981-05-20,1981,5,20,2.883875872141004
Dong Thap,1981-05-21,1981,5,21,2.1616824405356163
Dong Thap,1981-05-22,1981,5,22,8.76377731132918
Dong Thap,1981-05-23,1981,5,23,4.61612968209354
Dong Thap,1981-05-24,1981,5,24,7.97000005272529
Dong Thap,1981-05-25,1981,5,25,4.791012739875511
Dong Thap,1981-05-26,1981,5,26,1.7791469134195923
Dong Thap,1981-05-27,1981,5,27,2.4996594576195084
Dong Thap,1981-05-28,1981,5,28,12.565109875390446
Dong Thap,1981-05-29,1981,5,29,11.13804525837542
Dong Thap,1981-05-30,1981,5,30,4.557007613300004
Dong Thap,1981-05-31,1981,5,31,0.0
Dong Thap,1981-06-01,1981,6,1,3.9825827251128216
Dong Thap,1981-06-02,1981,6,2,7.211432873228929
Dong Thap,1981-06-03,1981,6,3,6.102640726681547
Dong Thap,1981-06-04,1981,6,4,5.097802537766231
Dong Thap,1981-06-05,1981,6,5,1.418558394541025
Dong Thap,1981-06-06,1981,6,6,22.157192873229825
Dong Thap,1981-06-07,1981,6,7,7.479347291435272
Dong Thap,1981-06-08,1981,6,8,3.450955085698129
Dong Thap,1981-06-09,1981,6,9,11.66297527927916
Dong Thap,1981-06-10,1981,6,10,5.568842808811305
Dong Thap,1981-06-11,1981,6,11,8.005847649730354
Dong Thap,1981-06-12,1981,6,12,1.939146058864271
Dong Thap,1981-06-13,1981,6,13,0.0011345512517488
Dong Thap,1981-06-14,1981,6,14,11.44045713706868
Dong Thap,1981-06-15,1981,6,15,3.68044283535033
Dong Thap,1981-06-16,1981,6,16,0.6103000067612304
Dong Thap,1981-06-17,1981,6,17,5.2215303668690165
Dong Thap,1981-06-18,1981,6,18,0.0
Dong Thap,1981-06-19,1981,6,19,7.987492765290464
Dong Thap,1981-06-20,1981,6,20,3.6803540363383695
Dong Thap,1981-06-21,1981,6,21,7.007107952270262
Dong Thap,1981-06-22,1981,6,22,9.808140474813497
Dong Thap,1981-06-23,1981,6,23,4.788332778105853
Dong Thap,1981-06-24,1981,6,24,0.2422239928118949
Dong Thap,1981-06-25,1981,6,25,0.0059902994222102
Dong Thap,1981-06-26,1981,6,26,4.78938752096311
Dong Thap,1981-06-27,1981,6,27,1.5926277153760302
Dong Thap,1981-06-28,1981,6,28,0.0
Dong Thap,1981-06-29,1981,6,29,4.624645645720687
Dong Thap,1981-06-30,1981,6,30,0.0755606907171972
Dong Thap,1981-07-01,1981,7,1,2.8396859165963217
Dong Thap,1981-07-02,1981,7,2,18.253917799721982
Dong Thap,1981-07-03,1981,7,3,13.218749368599209
Dong Thap,1981-07-04,1981,7,4,7.548355228017184
Dong Thap,1981-07-05,1981,7,5,0.0
Dong Thap,1981-07-06,1981,7,6,0.0
Dong Thap,1981-07-07,1981,7,7,1.5216700309510935
Dong Thap,1981-07-08,1981,7,8,7.24775859069088
Dong Thap,1981-07-09,1981,7,9,14.951270904553445
Dong Thap,1981-07-10,1981,7,10,9.66075300759865
Dong Thap,1981-07-11,1981,7,11,4.678955751189519
Dong Thap,1981-07-12,1981,7,12,9.300407844374767
Dong Thap,1981-07-13,1981,7,13,13.506790870802726
Dong Thap,1981-07-14,1981,7,14,10.809439833347612
Dong Thap,1981-07-15,1981,7,15,6.219685859594423
Dong Thap,1981-07-16,1981,7,16,1.3667801579894563
Dong Thap,1981-07-17,1981,7,17,3.811695262373832
Dong Thap,1981-07-18,1981,7,18,15.30148945870192
Dong Thap,1981-07-19,1981,7,19,4.957753532018577
Dong Thap,1981-07-20,1981,7,20,6.281767148163572
Dong Thap,1981-07-21,1981,7,21,6.291752198304018
Dong Thap,1981-07-22,1981,7,22,5.449534536205993
Dong Thap,1981-07-23,1981,7,23,2.20567692839588
Dong Thap,1981-07-24,1981,7,24,6.8855808132869285
Dong Thap,1981-07-25,1981,7,25,0.0374335896165456
Dong Thap,1981-07-26,1981,7,26,11.211614654249198
Dong Thap,1981-07-27,1981,7,27,0.0267537566764516
Dong Thap,1981-07-28,1981,7,28,20.343594148961323
Dong Thap,1981-07-29,1981,7,29,20.323275247344032
Dong Thap,1981-07-30,1981,7,30,2.333682161381597
Dong Thap,1981-07-31,1981,7,31,8.823350745100049
Dong Thap,1981-08-01,1981,8,1,1.9199137165347864
Dong Thap,1981-08-02,1981,8,2,5.270879605756691
Dong Thap,1981-08-03,1981,8,3,14.686017769384414
Dong Thap,1981-08-04,1981,8,4,10.696669342879234
Dong Thap,1981-08-05,1981,8,5,3.5305221437434087
Dong Thap,1981-08-06,1981,8,6,1.352091873912062
Dong Thap,1981-08-07,1981,8,7,10.34974867071671
Dong Thap,1981-08-08,1981,8,8,29.132368525302063
Dong Thap,1981-08-09,1981,8,9,0.0
Dong Thap,1981-08-10,1981,8,10,4.774524642573423
Dong Thap,1981-08-11,1981,8,11,3.603481617013368
Dong Thap,1981-08-12,1981,8,12,0.8257676465781277
Dong Thap,1981-08-13,1981,8,13,8.339638426281137
Dong Thap,1981-08-14,1981,8,14,16.141954574477836
Dong Thap,1981-08-15,1981,8,15,16.008693968814214
Dong Thap,1981-08-16,1981,8,16,9.713604908310582
Dong Thap,1981-08-17,1981,8,17,4.5239502353167245
Dong Thap,1981-08-18,1981,8,18,0.0863414976111014
Dong Thap,1981-08-19,1981,8,19,1.3916484783410967
Dong Thap,1981-08-20,1981,8,20,2.5913689702796594
Dong Thap,1981-08-21,1981,8,21,0.0
Dong Thap,1981-08-22,1981,8,22,6.843250222789852
Dong Thap,1981-08-23,1981,8,23,0.100991593376698
Dong Thap,1981-08-24,1981,8,24,4.4953733242258656
Dong Thap,1981-08-25,1981,8,25,1.5455536750376235
Dong Thap,1981-08-26,1981,8,26,7.0526082306282
Dong Thap,1981-08-27,1981,8,27,0.0
Dong Thap,1981-08-28,1981,8,28,0.0
Dong Thap,1981-08-29,1981,8,29,0.0
Dong Thap,1981-08-30,1981,8,30,0.0
Dong Thap,1981-08-31,1981,8,31,0.0
Dong Thap,1981-09-01,1981,9,1,1.4988935178901048
Dong Thap,1981-09-02,1981,9,2,0.566629444846821
Dong Thap,1981-09-03,1981,9,3,10.357788740438965
Dong Thap,1981-09-04,1981,9,4,7.844096312196662
Dong Thap,1981-09-05,1981,9,5,4.860477592605891
Dong Thap,1981-09-06,1981,9,6,2.0521038962324805
Dong Thap,1981-09-07,1981,9,7,0.0
Dong Thap,1981-09-08,1981,9,8,0.015302140641867
Dong Thap,1981-09-09,1981,9,9,6.59090681263506
Dong Thap,1981-09-10,1981,9,10,5.911157159577264
Dong Thap,1981-09-11,1981,9,11,5.995470956816595
Dong Thap,1981-09-12,1981,9,12,14.05524363896731
Dong Thap,1981-09-13,1981,9,13,19.056453982907843
Dong Thap,1981-09-14,1981,9,14,3.328174064766394
Dong Thap,1981-09-15,1981,9,15,5.595455441847933
Dong Thap,1981-09-16,1981,9,16,5.134870821531054
Dong Thap,1981-09-17,1981,9,17,9.202655771083236
Dong Thap,1981-09-18,1981,9,18,12.920299774615266
Dong Thap,1981-09-19,1981,9,19,15.445443914162205
Dong Thap,1981-09-20,1981,9,20,14.165258152322044
Dong Thap,1981-09-21,1981,9,21,5.715264092984586
Dong Thap,1981-09-22,1981,9,22,5.701639844070412
Dong Thap,1981-09-23,1981,9,23,3.943086124768947
Dong Thap,1981-09-24,1981,9,24,2.6906914693382213
Dong Thap,1981-09-25,1981,9,25,4.918361379394516
Dong Thap,1981-09-26,1981,9,26,13.920138419337189
Dong Thap,1981-09-27,1981,9,27,15.7433271858869
Dong Thap,1981-09-28,1981,9,28,1.1937964908154823
Dong Thap,1981-09-29,1981,9,29,0.0
Dong Thap,1981-09-30,1981,9,30,0.0
Dong Thap,1981-10-01,1981,10,1,0.0105129540818657
Dong Thap,1981-10-02,1981,10,2,9.105371402725762
Dong Thap,1981-10-03,1981,10,3,7.594628972749684
Dong Thap,1981-10-04,1981,10,4,8.39251253756098
Dong Thap,1981-10-05,1981,10,5,0.0
Dong Thap,1981-10-06,1981,10,6,0.0883870965530468
Dong Thap,1981-10-07,1981,10,7,0.0
Dong Thap,1981-10-08,1981,10,8,0.0095796504203548
Dong Thap,1981-10-09,1981,10,9,12.334384522133464
Dong Thap,1981-10-10,1981,10,10,16.81094792613047
Dong Thap,1981-10-11,1981,10,11,6.416604950702834
Dong Thap,1981-10-12,1981,10,12,8.81574636183819
Dong Thap,1981-10-13,1981,10,13,4.496452060177505
Dong Thap,1981-10-14,1981,10,14,15.838680300362013
Dong Thap,1981-10-15,1981,10,15,5.187077261035824
Dong Thap,1981-10-16,1981,10,16,18.13384370752978
Dong Thap,1981-10-17,1981,10,17,5.988493125982935
Dong Thap,1981-10-18,1981,10,18,0.2287518565336105
Dong Thap,1981-10-19,1981,10,19,3.5160515285184752
Dong Thap,1981-10-20,1981,10,20,6.495241609714131
Dong Thap,1981-10-21,1981,10,21,16.053929136674196
Dong Thap,1981-10-22,1981,10,22,9.841480571625311
Dong Thap,1981-10-23,1981,10,23,6.723192514652617
Dong Thap,1981-10-24,1981,10,24,0.0082635047864773
Dong Thap,1981-10-25,1981,10,25,3.272717161002221
Dong Thap,1981-10-26,1981,10,26,7.271960685440867
Dong Thap,1981-10-27,1981,10,27,7.2575642516587555
Dong Thap,1981-10-28,1981,10,28,12.041698916106634
Dong Thap,1981-10-29,1981,10,29,5.969417380277655
Dong Thap,1981-10-30,1981,10,30,33.489717663348806
Dong Thap,1981-10-31,1981,10,31,4.022259648455656
Dong Thap,1981-11-01,1981,11,1,6.162517692818509
Dong Thap,1981-11-02,1981,11,2,3.899432126656664
Dong Thap,1981-11-03,1981,11,3,0.1665236643444309
Dong Thap,1981-11-04,1981,11,4,5.419996897082006
Dong Thap,1981-11-05,1981,11,5,11.985744019687534
Dong Thap,1981-11-06,1981,11,6,11.679588925413778
Dong Thap,1981-11-07,1981,11,7,8.097722417417769
Dong Thap,1981-11-08,1981,11,8,3.0868405845258837
Dong Thap,1981-11-09,1981,11,9,13.128260897959818
Dong Thap,1981-11-10,1981,11,10,32.97907022816376
Dong Thap,1981-11-11,1981,11,11,0.0
Dong Thap,1981-11-12,1981,11,12,1.5733796590197395
Dong Thap,1981-11-13,1981,11,13,2.7563315998210847
Dong Thap,1981-11-14,1981,11,14,2.668863794678242
Dong Thap,1981-11-15,1981,11,15,6.910989563346639
Dong Thap,1981-11-16,1981,11,16,13.9202711172647
Dong Thap,1981-11-17,1981,11,17,7.0412074880776325
Dong Thap,1981-11-18,1981,11,18,2.386693160577725
Dong Thap,1981-11-19,1981,11,19,0.0938456474395735
Dong Thap,1981-11-20,1981,11,20,0.0
Dong Thap,1981-11-21,1981,11,21,0.0
Dong Thap,1981-11-22,1981,11,22,1.2538958761950103
Dong Thap,1981-11-23,1981,11,23,1.7028264805052398
Dong Thap,1981-11-24,1981,11,24,0.647575185806428
Dong Thap,1981-11-25,1981,11,25,0.0461832063142839
Dong Thap,1981-11-26,1981,11,26,0.4604962395653313
Dong Thap,1981-11-27,1981,11,27,0.0
Dong Thap,1981-11-28,1981,11,28,5.951765713546721
Dong Thap,1981-11-29,1981,11,29,12.09139082367955
Dong Thap,1981-11-30,1981,11,30,35.296732148102734
Dong Thap,1981-12-01,1981,12,1,3.692221241674104
Dong Thap,1981-12-02,1981,12,2,7.090803699365457
Dong Thap,1981-12-03,1981,12,3,10.75622470117302
Dong Thap,1981-12-04,1981,12,4,1.2869378591181602
Dong Thap,1981-12-05,1981,12,5,0.5854756162906138
Dong Thap,1981-12-06,1981,12,6,2.435481882004719
Dong Thap,1981-12-07,1981,12,7,8.7102060067916
Dong Thap,1981-12-08,1981,12,8,4.613289365063509
Dong Thap,1981-12-09,1981,12,9,1.8893605465044467
Dong Thap,1981-12-10,1981,12,10,0.0
Dong Thap,1981-12-11,1981,12,11,0.3100275529203214
Dong Thap,1981-12-12,1981,12,12,0.0
Dong Thap,1981-12-13,1981,12,13,0.0
Dong Thap,1981-12-14,1981,12,14,0.0
Dong Thap,1981-12-15,1981,12,15,0.0
Dong Thap,1981-12-16,1981,12,16,0.0
Dong Thap,1981-12-17,1981,12,17,0.0
Dong Thap,1981-12-18,1981,12,18,0.0
Dong Thap,1981-12-19,1981,12,19,0.0
Dong Thap,1981-12-20,1981,12,20,0.0
Dong Thap,1981-12-21,1981,12,21,0.0
Dong Thap,1981-12-22,1981,12,22,0.0
Dong Thap,1981-12-23,1981,12,23,0.0
Dong Thap,1981-12-24,1981,12,24,0.0
Dong Thap,1981-12-25,1981,12,25,0.0
Dong Thap,1981-12-26,1981,12,26,0.0
Dong Thap,1981-12-27,1981,12,27,0.0
Dong Thap,1981-12-28,1981,12,28,0.0
Dong Thap,1981-12-29,1981,12,29,0.0
Dong Thap,1981-12-30,1981,12,30,0.0
Dong Thap,1981-12-31,1981,12,31,0.0
Dong Thap,1982-01-01,1982,1,1,0.0
Dong Thap,1982-01-02,1982,1,2,0.0
Dong Thap,1982-01-03,1982,1,3,0.0
Dong Thap,1982-01-04,1982,1,4,0.0
Dong Thap,1982-01-05,1982,1,5,0.0
Dong Thap,1982-01-06,1982,1,6,0.0
Dong Thap,1982-01-07,1982,1,7,6.848577462006568
Dong Thap,1982-01-08,1982,1,8,0.0
Dong Thap,1982-01-09,1982,1,9,0.0
Dong Thap,1982-01-10,1982,1,10,0.0
Dong Thap,1982-01-11,1982,1,11,0.0
Dong Thap,1982-01-12,1982,1,12,0.0
Dong Thap,1982-01-13,1982,1,13,0.0
Dong Thap,1982-01-14,1982,1,14,0.0
Dong Thap,1982-01-15,1982,1,15,0.0
Dong Thap,1982-01-16,1982,1,16,0.8406276498213897
Dong Thap,1982-01-17,1982,1,17,0.0
Dong Thap,1982-01-18,1982,1,18,0.0
Dong Thap,1982-01-19,1982,1,19,0.0
Dong Thap,1982-01-20,1982,1,20,0.0
Dong Thap,1982-01-21,1982,1,21,0.0
Dong Thap,1982-01-22,1982,1,22,0.0
Dong Thap,1982-01-23,1982,1,23,0.0
Dong Thap,1982-01-24,1982,1,24,0.0
Dong Thap,1982-01-25,1982,1,25,0.0
Dong Thap,1982-01-26,1982,1,26,0.0
Dong Thap,1982-01-27,1982,1,27,0.0
Dong Thap,1982-01-28,1982,1,28,0.0
Dong Thap,1982-01-29,1982,1,29,1.1224712294760757
Dong Thap,1982-01-30,1982,1,30,0.0
Dong Thap,1982-01-31,1982,1,31,0.0
Dong Thap,1982-02-01,1982,2,1,0.0
Dong Thap,1982-02-02,1982,2,2,0.0
Dong Thap,1982-02-03,1982,2,3,0.0
Dong Thap,1982-02-04,1982,2,4,0.0
Dong Thap,1982-02-05,1982,2,5,0.0
Dong Thap,1982-02-06,1982,2,6,0.0
Dong Thap,1982-02-07,1982,2,7,0.0
Dong Thap,1982-02-08,1982,2,8,0.0
Dong Thap,1982-02-09,1982,2,9,0.0
Dong Thap,1982-02-10,1982,2,10,0.0
Dong Thap,1982-02-11,1982,2,11,0.0
Dong Thap,1982-02-12,1982,2,12,0.0
Dong Thap,1982-02-13,1982,2,13,3.218569208062476
Dong Thap,1982-02-14,1982,2,14,2.7202896547947755
Dong Thap,1982-02-15,1982,2,15,0.0
Dong Thap,1982-02-16,1982,2,16,0.0
Dong Thap,1982-02-17,1982,2,17,0.0
Dong Thap,1982-02-18,1982,2,18,0.0
Dong Thap,1982-02-19,1982,2,19,0.0
Dong Thap,1982-02-20,1982,2,20,0.0
Dong Thap,1982-02-21,1982,2,21,0.0
Dong Thap,1982-02-22,1982,2,22,0.0
Dong Thap,1982-02-23,1982,2,23,0.0
Dong Thap,1982-02-24,1982,2,24,0.0
Dong Thap,1982-02-25,1982,2,25,0.0
Dong Thap,1982-02-26,1982,2,26,0.0
Dong Thap,1982-02-27,1982,2,27,0.0079268483191032
Dong Thap,1982-02-28,1982,2,28,0.0
Dong Thap,1982-03-01,1982,3,1,0.0
Dong Thap,1982-03-02,1982,3,2,0.0
Dong Thap,1982-03-03,1982,3,3,0.0
Dong Thap,1982-03-04,1982,3,4,0.0
Dong Thap,1982-03-05,1982,3,5,0.0
Dong Thap,1982-03-06,1982,3,6,0.0
Dong Thap,1982-03-07,1982,3,7,0.0
Dong Thap,1982-03-08,1982,3,8,0.0
Dong Thap,1982-03-09,1982,3,9,0.0
Dong Thap,1982-03-10,1982,3,10,0.0
Dong Thap,1982-03-11,1982,3,11,0.0
Dong Thap,1982-03-12,1982,3,12,0.0
Dong Thap,1982-03-13,1982,3,13,0.0
Dong Thap,1982-03-14,1982,3,14,0.0
Dong Thap,1982-03-15,1982,3,15,0.0
Dong Thap,1982-03-16,1982,3,16,0.0
Dong Thap,1982-03-17,1982,3,17,0.0
Dong Thap,1982-03-18,1982,3,18,0.0
Dong Thap,1982-03-19,1982,3,19,0.0
Dong Thap,1982-03-20,1982,3,20,0.0
Dong Thap,1982-03-21,1982,3,21,0.0
Dong Thap,1982-03-22,1982,3,22,0.0
Dong Thap,1982-03-23,1982,3,23,0.0
Dong Thap,1982-03-24,1982,3,24,7.596484476060096
Dong Thap,1982-03-25,1982,3,25,14.240935081225928
Dong Thap,1982-03-26,1982,3,26,0.8675078647678225
Dong Thap,1982-03-27,1982,3,27,0.0
Dong Thap,1982-03-28,1982,3,28,4.3400027925854
Dong Thap,1982-03-29,1982,3,29,5.728361331797087
Dong Thap,1982-03-30,1982,3,30,12.509259298460696
Dong Thap,1982-03-31,1982,3,31,6.302134828324595
Dong Thap,1982-04-01,1982,4,1,2.413907138437593
Dong Thap,1982-04-02,1982,4,2,1.0561838870095046
Dong Thap,1982-04-03,1982,4,3,0.7328189066107212
Dong Thap,1982-04-04,1982,4,4,6.9443223269748
Dong Thap,1982-04-05,1982,4,5,0.1163614028864012
Dong Thap,1982-04-06,1982,4,6,0.4713613248030992
Dong Thap,1982-04-07,1982,4,7,2.3863828259380533
Dong Thap,1982-04-08,1982,4,8,6.789501086726111
Dong Thap,1982-04-09,1982,4,9,0.0231635237811291
Dong Thap,1982-04-10,1982,4,10,0.0007214216734780347
Dong Thap,1982-04-11,1982,4,11,0.1733464856983069
Dong Thap,1982-04-12,1982,4,12,4.577566058545904
Dong Thap,1982-04-13,1982,4,13,0.2374452424612016
Dong Thap,1982-04-14,1982,4,14,8.945742126898288
Dong Thap,1982-04-15,1982,4,15,0.0
Dong Thap,1982-04-16,1982,4,16,0.345439796020905
Dong Thap,1982-04-17,1982,4,17,4.345532751824541
Dong Thap,1982-04-18,1982,4,18,5.473859050267401
Dong Thap,1982-04-19,1982,4,19,11.76862029177763
Dong Thap,1982-04-20,1982,4,20,3.116908768934539
Dong Thap,1982-04-21,1982,4,21,0.0081111937558431
Dong Thap,1982-04-22,1982,4,22,0.0
Dong Thap,1982-04-23,1982,4,23,6.796177987152141
Dong Thap,1982-04-24,1982,4,24,2.3427399542290037
Dong Thap,1982-04-25,1982,4,25,0.0161695053497896
Dong Thap,1982-04-26,1982,4,26,2.789452415651979
Dong Thap,1982-04-27,1982,4,27,3.180306809882281
Dong Thap,1982-04-28,1982,4,28,0.9404675882704432
Dong Thap,1982-04-29,1982,4,29,0.0
Dong Thap,1982-04-30,1982,4,30,0.0
Dong Thap,1982-05-01,1982,5,1,0.0
Dong Thap,1982-05-02,1982,5,2,2.017595725587524
Dong Thap,1982-05-03,1982,5,3,1.4276624004303091
Dong Thap,1982-05-04,1982,5,4,2.586952698333533
Dong Thap,1982-05-05,1982,5,5,1.259715782194849
Dong Thap,1982-05-06,1982,5,6,3.538399683440491
Dong Thap,1982-05-07,1982,5,7,2.6659404210947466
Dong Thap,1982-05-08,1982,5,8,2.800227484499917
Dong Thap,1982-05-09,1982,5,9,1.730421925209156
Dong Thap,1982-05-10,1982,5,10,0.201089154857071
Dong Thap,1982-05-11,1982,5,11,0.0
Dong Thap,1982-05-12,1982,5,12,1.6452108925064317
Dong Thap,1982-05-13,1982,5,13,6.559531189009314
Dong Thap,1982-05-14,1982,5,14,7.299241039963676
Dong Thap,1982-05-15,1982,5,15,5.7408810583323
Dong Thap,1982-05-16,1982,5,16,4.3054344113827385
Dong Thap,1982-05-17,1982,5,17,6.308320954391306
Dong Thap,1982-05-18,1982,5,18,2.8309971525172988
Dong Thap,1982-05-19,1982,5,19,0.8097461908210396
Dong Thap,1982-05-20,1982,5,20,10.791947792278062
Dong Thap,1982-05-21,1982,5,21,18.305312603908188
Dong Thap,1982-05-22,1982,5,22,10.224924720940416
Dong Thap,1982-05-23,1982,5,23,3.4938229483989507
Dong Thap,1982-05-24,1982,5,24,6.998003112612489
Dong Thap,1982-05-25,1982,5,25,6.110386296873435
Dong Thap,1982-05-26,1982,5,26,0.0
Dong Thap,1982-05-27,1982,5,27,1.2607728649097312
Dong Thap,1982-05-28,1982,5,28,4.683462253267703
Dong Thap,1982-05-29,1982,5,29,2.882792167235372
Dong Thap,1982-05-30,1982,5,30,8.045450062925697
Dong Thap,1982-05-31,1982,5,31,0.0
Dong Thap,1982-06-01,1982,6,1,0.5230125895440779
Dong Thap,1982-06-02,1982,6,2,1.106349132297421
Dong Thap,1982-06-03,1982,6,3,4.181294384992984
Dong Thap,1982-06-04,1982,6,4,4.104732496819041
Dong Thap,1982-06-05,1982,6,5,7.609548087391364
Dong Thap,1982-06-06,1982,6,6,5.582752374170964
Dong Thap,1982-06-07,1982,6,7,12.132169257047249
Dong Thap,1982-06-08,1982,6,8,3.136888479744194
Dong Thap,1982-06-09,1982,6,9,4.022784924504435
Dong Thap,1982-06-10,1982,6,10,1.3744469450557202
Dong Thap,1982-06-11,1982,6,11,3.134764097067998
Dong Thap,1982-06-12,1982,6,12,12.459113279383333
Dong Thap,1982-06-13,1982,6,13,7.462754234965756
Dong Thap,1982-06-14,1982,6,14,16.379446092770703
Dong Thap,1982-06-15,1982,6,15,3.139564704592058
Dong Thap,1982-06-16,1982,6,16,9.669663878181824
Dong Thap,1982-06-17,1982,6,17,8.641346052846915
Dong Thap,1982-06-18,1982,6,18,12.728336172158516
Dong Thap,1982-06-19,1982,6,19,11.057284174063913
Dong Thap,1982-06-20,1982,6,20,0.131589806834559
Dong Thap,1982-06-21,1982,6,21,1.9660206356096184
Dong Thap,1982-06-22,1982,6,22,1.3283554887910909
Dong Thap,1982-06-23,1982,6,23,0.0
Dong Thap,1982-06-24,1982,6,24,2.4832134288043584
Dong Thap,1982-06-25,1982,6,25,0.3572165612253926
Dong Thap,1982-06-26,1982,6,26,10.901420844096236
Dong Thap,1982-06-27,1982,6,27,7.6190582629988866
Dong Thap,1982-06-28,1982,6,28,10.024385452358416
Dong Thap,1982-06-29,1982,6,29,8.278389659278485
Dong Thap,1982-06-30,1982,6,30,0.0797925127155796
Dong Thap,1982-07-01,1982,7,1,4.162205593397157
Dong Thap,1982-07-02,1982,7,2,6.0437024752515365
Dong Thap,1982-07-03,1982,7,3,1.5631059067763786
Dong Thap,1982-07-04,1982,7,4,2.503430133250556
Dong Thap,1982-07-05,1982,7,5,3.277527868071461
Dong Thap,1982-07-06,1982,7,6,2.4788135257888757
Dong Thap,1982-07-07,1982,7,7,2.3674522784728964
Dong Thap,1982-07-08,1982,7,8,4.863910465850996
Dong Thap,1982-07-09,1982,7,9,3.742586494682324
Dong Thap,1982-07-10,1982,7,10,3.3883992846263125
Dong Thap,1982-07-11,1982,7,11,8.992338169600272
Dong Thap,1982-07-12,1982,7,12,19.72989693417255
Dong Thap,1982-07-13,1982,7,13,0.0
Dong Thap,1982-07-14,1982,7,14,0.0
Dong Thap,1982-07-15,1982,7,15,3.537033934292404
Dong Thap,1982-07-16,1982,7,16,0.6110652575612957
Dong Thap,1982-07-17,1982,7,17,0.5020363644756152
Dong Thap,1982-07-18,1982,7,18,7.819901644764285
Dong Thap,1982-07-19,1982,7,19,0.0
Dong Thap,1982-07-20,1982,7,20,8.716572401013423
Dong Thap,1982-07-21,1982,7,21,7.6894812059153566
Dong Thap,1982-07-22,1982,7,22,0.0
Dong Thap,1982-07-23,1982,7,23,0.0
Dong Thap,1982-07-24,1982,7,24,5.695520328561109
Dong Thap,1982-07-25,1982,7,25,5.926567908179493
Dong Thap,1982-07-26,1982,7,26,1.5364782145187263
Dong Thap,1982-07-27,1982,7,27,0.2719886657573317
Dong Thap,1982-07-28,1982,7,28,7.971821104841811
Dong Thap,1982-07-29,1982,7,29,1.214742117412836
Dong Thap,1982-07-30,1982,7,30,0.1665067623228016
Dong Thap,1982-07-31,1982,7,31,9.841762837393633
Dong Thap,1982-08-01,1982,8,1,0.1848465831122322
Dong Thap,1982-08-02,1982,8,2,0.2859362816226327
Dong Thap,1982-08-03,1982,8,3,4.903685607660213
Dong Thap,1982-08-04,1982,8,4,7.307126045199998
Dong Thap,1982-08-05,1982,8,5,2.796896492897963
Dong Thap,1982-08-06,1982,8,6,0.7061274257381402
Dong Thap,1982-08-07,1982,8,7,10.664625893124434
Dong Thap,1982-08-08,1982,8,8,14.607537025385003
Dong Thap,1982-08-09,1982,8,9,10.59691016973485
Dong Thap,1982-08-10,1982,8,10,6.905861098708978
Dong Thap,1982-08-11,1982,8,11,1.0269475990827317
Dong Thap,1982-08-12,1982,8,12,0.0
Dong Thap,1982-08-13,1982,8,13,0.7918368687780094
Dong Thap,1982-08-14,1982,8,14,0.0
Dong Thap,1982-08-15,1982,8,15,0.303594854160964
Dong Thap,1982-08-16,1982,8,16,3.457550886194261
Dong Thap,1982-08-17,1982,8,17,0.1853091334076676
Dong Thap,1982-08-18,1982,8,18,2.4132513046900312
Dong Thap,1982-08-19,1982,8,19,14.144320645582807
Dong Thap,1982-08-20,1982,8,20,11.421910769535833
Dong Thap,1982-08-21,1982,8,21,0.8525112709653924
Dong Thap,1982-08-22,1982,8,22,3.603442879945262
Dong Thap,1982-08-23,1982,8,23,8.870076054398204
Dong Thap,1982-08-24,1982,8,24,8.068414009142169
Dong Thap,1982-08-25,1982,8,25,0.0
Dong Thap,1982-08-26,1982,8,26,19.70652118160904
Dong Thap,1982-08-27,1982,8,27,11.503212756044276
Dong Thap,1982-08-28,1982,8,28,10.30737774854131
Dong Thap,1982-08-29,1982,8,29,6.288791232810203
Dong Thap,1982-08-30,1982,8,30,4.129617180363345
Dong Thap,1982-08-31,1982,8,31,2.996696713129245
Dong Thap,1982-09-01,1982,9,1,4.692896410305536
Dong Thap,1982-09-02,1982,9,2,8.48503241086996
Dong Thap,1982-09-03,1982,9,3,2.349189213250319
Dong Thap,1982-09-04,1982,9,4,1.7483949215471102
Dong Thap,1982-09-05,1982,9,5,12.24077294169436
Dong Thap,1982-09-06,1982,9,6,7.8167821671623505
Dong Thap,1982-09-07,1982,9,7,4.510211781089959
Dong Thap,1982-09-08,1982,9,8,21.8177034550306
Dong Thap,1982-09-09,1982,9,9,10.064370178908534
Dong Thap,1982-09-10,1982,9,10,1.0344982609095308
Dong Thap,1982-09-11,1982,9,11,0.2435787224244821
Dong Thap,1982-09-12,1982,9,12,0.0519082528584014
Dong Thap,1982-09-13,1982,9,13,0.1744808946738903
Dong Thap,1982-09-14,1982,9,14,5.537449268349881
Dong Thap,1982-09-15,1982,9,15,3.5247536797709595
Dong Thap,1982-09-16,1982,9,16,0.2748473578565699
Dong Thap,1982-09-17,1982,9,17,3.818820321271823
Dong Thap,1982-09-18,1982,9,18,7.264967332141639
Dong Thap,1982-09-19,1982,9,19,3.298531908816643
Dong Thap,1982-09-20,1982,9,20,6.598064975387414
Dong Thap,1982-09-21,1982,9,21,1.4785413144260728
Dong Thap,1982-09-22,1982,9,22,11.218630987742545
Dong Thap,1982-09-23,1982,9,23,0.0
Dong Thap,1982-09-24,1982,9,24,2.7744764829671973
Dong Thap,1982-09-25,1982,9,25,1.869582007335431
Dong Thap,1982-09-26,1982,9,26,2.73267632298846
Dong Thap,1982-09-27,1982,9,27,0.0
Dong Thap,1982-09-28,1982,9,28,5.513799062710055
Dong Thap,1982-09-29,1982,9,29,6.516210611083757
Dong Thap,1982-09-30,1982,9,30,2.6382912286209192
Dong Thap,1982-10-01,1982,10,1,7.693773783291984
Dong Thap,1982-10-02,1982,10,2,6.977075006311539
Dong Thap,1982-10-03,1982,10,3,10.69404867981901
Dong Thap,1982-10-04,1982,10,4,15.414422001959323
Dong Thap,1982-10-05,1982,10,5,8.046829965072934
Dong Thap,1982-10-06,1982,10,6,6.867254185140984
Dong Thap,1982-10-07,1982,10,7,2.597986985908388
Dong Thap,1982-10-08,1982,10,8,17.7424742283398
Dong Thap,1982-10-09,1982,10,9,4.392859465415335
Dong Thap,1982-10-10,1982,10,10,11.671553788743427
Dong Thap,1982-10-11,1982,10,11,14.86375184315576
Dong Thap,1982-10-12,1982,10,12,19.48224958941756
Dong Thap,1982-10-13,1982,10,13,12.527107238999454
Dong Thap,1982-10-14,1982,10,14,5.57300143556203
Dong Thap,1982-10-15,1982,10,15,6.4722043035358725
Dong Thap,1982-10-16,1982,10,16,14.781202428095288
Dong Thap,1982-10-17,1982,10,17,1.2740683511241049
Dong Thap,1982-10-18,1982,10,18,5.962894856050651
Dong Thap,1982-10-19,1982,10,19,9.77337964171586
Dong Thap,1982-10-20,1982,10,20,3.597790508035468
Dong Thap,1982-10-21,1982,10,21,0.9155728713722758
Dong Thap,1982-10-22,1982,10,22,0.0167351893916648
Dong Thap,1982-10-23,1982,10,23,5.210568341783905
Dong Thap,1982-10-24,1982,10,24,5.401155817845468
Dong Thap,1982-10-25,1982,10,25,6.036130806533878
Dong Thap,1982-10-26,1982,10,26,4.5911324011216434
Dong Thap,1982-10-27,1982,10,27,0.0721732952953439
Dong Thap,1982-10-28,1982,10,28,1.708732348438398
Dong Thap,1982-10-29,1982,10,29,9.692545307772695
Dong Thap,1982-10-30,1982,10,30,15.636697888022672
Dong Thap,1982-10-31,1982,10,31,2.8317670534602195
Dong Thap,1982-11-01,1982,11,1,3.434847070093134
Dong Thap,1982-11-02,1982,11,2,0.0
Dong Thap,1982-11-03,1982,11,3,6.473012558356795
Dong Thap,1982-11-04,1982,11,4,7.364536436636862
Dong Thap,1982-11-05,1982,11,5,0.8296941063532297
Dong Thap,1982-11-06,1982,11,6,0.5545996947707245
Dong Thap,1982-11-07,1982,11,7,21.862161729106937
Dong Thap,1982-11-08,1982,11,8,5.047323237342954
Dong Thap,1982-11-09,1982,11,9,23.051548257825157
Dong Thap,1982-11-10,1982,11,10,27.647468163119377
Dong Thap,1982-11-11,1982,11,11,10.969072532377892
Dong Thap,1982-11-12,1982,11,12,7.60053647278603
Dong Thap,1982-11-13,1982,11,13,9.053188754664488
Dong Thap,1982-11-14,1982,11,14,4.081795173750216
Dong Thap,1982-11-15,1982,11,15,4.927538116701961
Dong Thap,1982-11-16,1982,11,16,4.65419592050189
Dong Thap,1982-11-17,1982,11,17,6.530772736385235
Dong Thap,1982-11-18,1982,11,18,0.1311417913014909
Dong Thap,1982-11-19,1982,11,19,1.967026074402776
Dong Thap,1982-11-20,1982,11,20,0.5815103832004235
Dong Thap,1982-11-21,1982,11,21,0.0
Dong Thap,1982-11-22,1982,11,22,0.0
Dong Thap,1982-11-23,1982,11,23,1.4576645943213404
Dong Thap,1982-11-24,1982,11,24,8.59393831341613
Dong Thap,1982-11-25,1982,11,25,5.462614732654774
Dong Thap,1982-11-26,1982,11,26,5.702781506601252
Dong Thap,1982-11-27,1982,11,27,1.6437475859158586
Dong Thap,1982-11-28,1982,11,28,4.8416720262481565
Dong Thap,1982-11-29,1982,11,29,8.175905862794806
Dong Thap,1982-11-30,1982,11,30,0.0
Dong Thap,1982-12-01,1982,12,1,0.0
Dong Thap,1982-12-02,1982,12,2,0.0
Dong Thap,1982-12-03,1982,12,3,0.0
Dong Thap,1982-12-04,1982,12,4,0.0
Dong Thap,1982-12-05,1982,12,5,0.0
Dong Thap,1982-12-06,1982,12,6,2.3503764515929886
Dong Thap,1982-12-07,1982,12,7,2.760523947054278
Dong Thap,1982-12-08,1982,12,8,0.8658166561695838
Dong Thap,1982-12-09,1982,12,9,0.0
Dong Thap,1982-12-10,1982,12,10,0.0
Dong Thap,1982-12-11,1982,12,11,0.0
Dong Thap,1982-12-12,1982,12,12,0.0
Dong Thap,1982-12-13,1982,12,13,0.0
Dong Thap,1982-12-14,1982,12,14,0.0
Dong Thap,1982-12-15,1982,12,15,0.0
Dong Thap,1982-12-16,1982,12,16,0.2256597423326246
Dong Thap,1982-12-17,1982,12,17,0.0
Dong Thap,1982-12-18,1982,12,18,0.0
Dong Thap,1982-12-19,1982,12,19,8.236063514257305
Dong Thap,1982-12-20,1982,12,20,0.0
Dong Thap,1982-12-21,1982,12,21,0.0
Dong Thap,1982-12-22,1982,12,22,0.0
Dong Thap,1982-12-23,1982,12,23,0.0
Dong Thap,1982-12-24,1982,12,24,0.0
Dong Thap,1982-12-25,1982,12,25,0.0
Dong Thap,1982-12-26,1982,12,26,0.0
Dong Thap,1982-12-27,1982,12,27,0.0
Dong Thap,1982-12-28,1982,12,28,0.0
Dong Thap,1982-12-29,1982,12,29,0.0
Dong Thap,1982-12-30,1982,12,30,0.0
Dong Thap,1982-12-31,1982,12,31,0.0
Dong Thap,1983-01-01,1983,1,1,1.86590094408238
Dong Thap,1983-01-02,1983,1,2,1.0072893146581865
Dong Thap,1983-01-03,1983,1,3,0.0
Dong Thap,1983-01-04,1983,1,4,0.0
Dong Thap,1983-01-05,1983,1,5,0.0
Dong Thap,1983-01-06,1983,1,6,0.0
Dong Thap,1983-01-07,1983,1,7,1.1593554287722838
Dong Thap,1983-01-08,1983,1,8,1.2036928792902744
Dong Thap,1983-01-09,1983,1,9,2.1004282614055167
Dong Thap,1983-01-10,1983,1,10,0.0
Dong Thap,1983-01-11,1983,1,11,0.0
Dong Thap,1983-01-12,1983,1,12,0.0
Dong Thap,1983-01-13,1983,1,13,0.0
Dong Thap,1983-01-14,1983,1,14,0.0
Dong Thap,1983-01-15,1983,1,15,0.0
Dong Thap,1983-01-16,1983,1,16,0.0
Dong Thap,1983-01-17,1983,1,17,0.0
Dong Thap,1983-01-18,1983,1,18,0.0
Dong Thap,1983-01-19,1983,1,19,0.0
Dong Thap,1983-01-20,1983,1,20,0.0
Dong Thap,1983-01-21,1983,1,21,0.0
Dong Thap,1983-01-22,1983,1,22,0.0
Dong Thap,1983-01-23,1983,1,23,0.0
Dong Thap,1983-01-24,1983,1,24,0.0
Dong Thap,1983-01-25,1983,1,25,0.0
Dong Thap,1983-01-26,1983,1,26,0.0
Dong Thap,1983-01-27,1983,1,27,0.0
Dong Thap,1983-01-28,1983,1,28,0.0
Dong Thap,1983-01-29,1983,1,29,0.0
Dong Thap,1983-01-30,1983,1,30,0.0
Dong Thap,1983-01-31,1983,1,31,0.1144135762618895
Dong Thap,1983-02-01,1983,2,1,0.0
Dong Thap,1983-02-02,1983,2,2,0.0
Dong Thap,1983-02-03,1983,2,3,0.0
Dong Thap,1983-02-04,1983,2,4,0.1707065782161264
Dong Thap,1983-02-05,1983,2,5,0.0
Dong Thap,1983-02-06,1983,2,6,0.0
Dong Thap,1983-02-07,1983,2,7,0.0
Dong Thap,1983-02-08,1983,2,8,0.0
Dong Thap,1983-02-09,1983,2,9,0.0
Dong Thap,1983-02-10,1983,2,10,0.0
Dong Thap,1983-02-11,1983,2,11,0.0
Dong Thap,1983-02-12,1983,2,12,0.0
Dong Thap,1983-02-13,1983,2,13,0.0
Dong Thap,1983-02-14,1983,2,14,0.0
Dong Thap,1983-02-15,1983,2,15,0.0
Dong Thap,1983-02-16,1983,2,16,0.0
Dong Thap,1983-02-17,1983,2,17,0.0
Dong Thap,1983-02-18,1983,2,18,1.7996271162961428
Dong Thap,1983-02-19,1983,2,19,0.0027465046953392
Dong Thap,1983-02-20,1983,2,20,0.0
Dong Thap,1983-02-21,1983,2,21,0.0
Dong Thap,1983-02-22,1983,2,22,0.0
Dong Thap,1983-02-23,1983,2,23,0.0
Dong Thap,1983-02-24,1983,2,24,0.0
Dong Thap,1983-02-25,1983,2,25,2.1628221766949234
Dong Thap,1983-02-26,1983,2,26,0.0
Dong Thap,1983-02-27,1983,2,27,0.0
Dong Thap,1983-02-28,1983,2,28,0.0
Dong Thap,1983-03-01,1983,3,1,0.0
Dong Thap,1983-03-02,1983,3,2,1.969736621679836
Dong Thap,1983-03-03,1983,3,3,2.7968307249611506
Dong Thap,1983-03-04,1983,3,4,0.0
Dong Thap,1983-03-05,1983,3,5,2.0808491243346623
Dong Thap,1983-03-06,1983,3,6,1.554175170507457
Dong Thap,1983-03-07,1983,3,7,2.253386866804258
Dong Thap,1983-03-08,1983,3,8,0.0
Dong Thap,1983-03-09,1983,3,9,0.0
Dong Thap,1983-03-10,1983,3,10,0.0
Dong Thap,1983-03-11,1983,3,11,0.050751480725933
Dong Thap,1983-03-12,1983,3,12,0.0
Dong Thap,1983-03-13,1983,3,13,0.0
Dong Thap,1983-03-14,1983,3,14,0.0
Dong Thap,1983-03-15,1983,3,15,0.0
Dong Thap,1983-03-16,1983,3,16,0.0
Dong Thap,1983-03-17,1983,3,17,0.0
Dong Thap,1983-03-18,1983,3,18,0.0
Dong Thap,1983-03-19,1983,3,19,0.0
Dong Thap,1983-03-20,1983,3,20,0.0
Dong Thap,1983-03-21,1983,3,21,0.0
Dong Thap,1983-03-22,1983,3,22,0.0
Dong Thap,1983-03-23,1983,3,23,0.0
Dong Thap,1983-03-24,1983,3,24,0.0
Dong Thap,1983-03-25,1983,3,25,0.0
Dong Thap,1983-03-26,1983,3,26,0.0
Dong Thap,1983-03-27,1983,3,27,0.0
Dong Thap,1983-03-28,1983,3,28,0.0
Dong Thap,1983-03-29,1983,3,29,0.1297855828661536
Dong Thap,1983-03-30,1983,3,30,0.0
Dong Thap,1983-03-31,1983,3,31,0.0
Dong Thap,1983-04-01,1983,4,1,0.0
Dong Thap,1983-04-02,1983,4,2,0.0
Dong Thap,1983-04-03,1983,4,3,0.0
Dong Thap,1983-04-04,1983,4,4,0.0
Dong Thap,1983-04-05,1983,4,5,0.0
Dong Thap,1983-04-06,1983,4,6,0.0
Dong Thap,1983-04-07,1983,4,7,0.0
Dong Thap,1983-04-08,1983,4,8,0.0
Dong Thap,1983-04-09,1983,4,9,0.0
Dong Thap,1983-04-10,1983,4,10,0.0
Dong Thap,1983-04-11,1983,4,11,0.0
Dong Thap,1983-04-12,1983,4,12,0.0
Dong Thap,1983-04-13,1983,4,13,0.0
Dong Thap,1983-04-14,1983,4,14,0.0
Dong Thap,1983-04-15,1983,4,15,0.0
Dong Thap,1983-04-16,1983,4,16,0.0
Dong Thap,1983-04-17,1983,4,17,0.0
Dong Thap,1983-04-18,1983,4,18,0.0
Dong Thap,1983-04-19,1983,4,19,0.0
Dong Thap,1983-04-20,1983,4,20,0.0
Dong Thap,1983-04-21,1983,4,21,0.0
Dong Thap,1983-04-22,1983,4,22,0.0
Dong Thap,1983-04-23,1983,4,23,6.332466639911392
Dong Thap,1983-04-24,1983,4,24,0.0
Dong Thap,1983-04-25,1983,4,25,0.0
Dong Thap,1983-04-26,1983,4,26,0.0
Dong Thap,1983-04-27,1983,4,27,0.0
Dong Thap,1983-04-28,1983,4,28,0.0
Dong Thap,1983-04-29,1983,4,29,0.1613933725478239
Dong Thap,1983-04-30,1983,4,30,10.369981215685597
Dong Thap,1983-05-01,1983,5,1,1.6408235871150407
Dong Thap,1983-05-02,1983,5,2,5.0617128618354
Dong Thap,1983-05-03,1983,5,3,0.0
Dong Thap,1983-05-04,1983,5,4,0.0
Dong Thap,1983-05-05,1983,5,5,0.0
Dong Thap,1983-05-06,1983,5,6,0.0
Dong Thap,1983-05-07,1983,5,7,2.523273717634851
Dong Thap,1983-05-08,1983,5,8,6.685963488832901
Dong Thap,1983-05-09,1983,5,9,1.3803946380174854
Dong Thap,1983-05-10,1983,5,10,0.2311010177048365
Dong Thap,1983-05-11,1983,5,11,0.0
Dong Thap,1983-05-12,1983,5,12,0.0
Dong Thap,1983-05-13,1983,5,13,0.0
Dong Thap,1983-05-14,1983,5,14,0.0
Dong Thap,1983-05-15,1983,5,15,0.0
Dong Thap,1983-05-16,1983,5,16,3.195244839537946
Dong Thap,1983-05-17,1983,5,17,0.9490704126157316
Dong Thap,1983-05-18,1983,5,18,0.0
Dong Thap,1983-05-19,1983,5,19,0.1362860890467582
Dong Thap,1983-05-20,1983,5,20,1.2483017270476304
Dong Thap,1983-05-21,1983,5,21,0.0
Dong Thap,1983-05-22,1983,5,22,1.6883874016741869
Dong Thap,1983-05-23,1983,5,23,7.798315370937633
Dong Thap,1983-05-24,1983,5,24,4.799100962116896
Dong Thap,1983-05-25,1983,5,25,8.020915371180928
Dong Thap,1983-05-26,1983,5,26,22.073898702514985
Dong Thap,1983-05-27,1983,5,27,16.274268890065564
Dong Thap,1983-05-28,1983,5,28,7.480799344017684
Dong Thap,1983-05-29,1983,5,29,11.322272123164105
Dong Thap,1983-05-30,1983,5,30,0.2136255993387556
Dong Thap,1983-05-31,1983,5,31,4.831426068014476
Dong Thap,1983-06-01,1983,6,1,0.0
Dong Thap,1983-06-02,1983,6,2,4.6521785976747685
Dong Thap,1983-06-03,1983,6,3,7.431050479168628
Dong Thap,1983-06-04,1983,6,4,3.2042040565480754
Dong Thap,1983-06-05,1983,6,5,4.035623582144671
Dong Thap,1983-06-06,1983,6,6,11.18749137097322
Dong Thap,1983-06-07,1983,6,7,10.56972230255725
Dong Thap,1983-06-08,1983,6,8,11.027855318961889
Dong Thap,1983-06-09,1983,6,9,5.798893468502236
Dong Thap,1983-06-10,1983,6,10,14.295779223016844
Dong Thap,1983-06-11,1983,6,11,0.5222592180971387
Dong Thap,1983-06-12,1983,6,12,0.0
Dong Thap,1983-06-13,1983,6,13,1.2282786804017003
Dong Thap,1983-06-14,1983,6,14,6.350588653359197
Dong Thap,1983-06-15,1983,6,15,2.537758782022469
Dong Thap,1983-06-16,1983,6,16,2.263419546810764
Dong Thap,1983-06-17,1983,6,17,0.0
Dong Thap,1983-06-18,1983,6,18,0.0
Dong Thap,1983-06-19,1983,6,19,6.7737157512528
Dong Thap,1983-06-20,1983,6,20,7.615081185395951
Dong Thap,1983-06-21,1983,6,21,4.006336966521456
Dong Thap,1983-06-22,1983,6,22,1.2077505142882965
Dong Thap,1983-06-23,1983,6,23,5.438050858411004
Dong Thap,1983-06-24,1983,6,24,3.1970193416914854
Dong Thap,1983-06-25,1983,6,25,2.761838763201617
Dong Thap,1983-06-26,1983,6,26,9.678173920343808
Dong Thap,1983-06-27,1983,6,27,2.809534819624659
Dong Thap,1983-06-28,1983,6,28,0.288753278156189
Dong Thap,1983-06-29,1983,6,29,0.894345741897368
Dong Thap,1983-06-30,1983,6,30,3.458704344466724
Dong Thap,1983-07-01,1983,7,1,0.017616625407777
Dong Thap,1983-07-02,1983,7,2,2.7638653230580545
Dong Thap,1983-07-03,1983,7,3,1.552702452885149
Dong Thap,1983-07-04,1983,7,4,4.2830064057127135
Dong Thap,1983-07-05,1983,7,5,6.133095214743989
Dong Thap,1983-07-06,1983,7,6,3.9118295814922273
Dong Thap,1983-07-07,1983,7,7,4.02130926983519
Dong Thap,1983-07-08,1983,7,8,9.048225854857588
Dong Thap,1983-07-09,1983,7,9,12.579963013188264
Dong Thap,1983-07-10,1983,7,10,1.5598440874263972
Dong Thap,1983-07-11,1983,7,11,5.066222462966269
Dong Thap,1983-07-12,1983,7,12,10.179649284631452
Dong Thap,1983-07-13,1983,7,13,5.552160577443225
Dong Thap,1983-07-14,1983,7,14,9.568690030164175
Dong Thap,1983-07-15,1983,7,15,9.544417644591183
Dong Thap,1983-07-16,1983,7,16,5.309854656153586
Dong Thap,1983-07-17,1983,7,17,19.682974433341688
Dong Thap,1983-07-18,1983,7,18,13.656383016157069
Dong Thap,1983-07-19,1983,7,19,3.818943997217409
Dong Thap,1983-07-20,1983,7,20,2.407054191196156
Dong Thap,1983-07-21,1983,7,21,20.66024093890855
Dong Thap,1983-07-22,1983,7,22,1.8650874284178265
Dong Thap,1983-07-23,1983,7,23,7.634191042330897
Dong Thap,1983-07-24,1983,7,24,1.4420975117773214
Dong Thap,1983-07-25,1983,7,25,1.1059050298559434
Dong Thap,1983-07-26,1983,7,26,5.787427529155029
Dong Thap,1983-07-27,1983,7,27,6.290067372447593
Dong Thap,1983-07-28,1983,7,28,12.17158967864494
Dong Thap,1983-07-29,1983,7,29,9.16615690083657
Dong Thap,1983-07-30,1983,7,30,13.212703706524602
Dong Thap,1983-07-31,1983,7,31,8.438576845847372
Dong Thap,1983-08-01,1983,8,1,14.80186262772092
Dong Thap,1983-08-02,1983,8,2,2.706396298280561
Dong Thap,1983-08-03,1983,8,3,10.009077900103057
Dong Thap,1983-08-04,1983,8,4,5.926926385323042
Dong Thap,1983-08-05,1983,8,5,9.837486666239435
Dong Thap,1983-08-06,1983,8,6,12.080663518601863
Dong Thap,1983-08-07,1983,8,7,5.615327400011028
Dong Thap,1983-08-08,1983,8,8,4.887185752270088
Dong Thap,1983-08-09,1983,8,9,0.7281758708087714
Dong Thap,1983-08-10,1983,8,10,10.193182728242943
Dong Thap,1983-08-11,1983,8,11,8.687473231495872
Dong Thap,1983-08-12,1983,8,12,3.5710328512176077
Dong Thap,1983-08-13,1983,8,13,1.851501744486508
Dong Thap,1983-08-14,1983,8,14,8.60071180229666
Dong Thap,1983-08-15,1983,8,15,2.615202156904199
Dong Thap,1983-08-16,1983,8,16,0.148492701623833
Dong Thap,1983-08-17,1983,8,17,7.8834913084234834
Dong Thap,1983-08-18,1983,8,18,14.579162909786035
Dong Thap,1983-08-19,1983,8,19,5.316037541983588
Dong Thap,1983-08-20,1983,8,20,6.554298692085531
Dong Thap,1983-08-21,1983,8,21,0.5144804615551904
Dong Thap,1983-08-22,1983,8,22,0.6414891936650803
Dong Thap,1983-08-23,1983,8,23,0.3129604412823921
Dong Thap,1983-08-24,1983,8,24,0.0
Dong Thap,1983-08-25,1983,8,25,7.064099935851507
Dong Thap,1983-08-26,1983,8,26,10.263198133117625
Dong Thap,1983-08-27,1983,8,27,25.344720572523972
Dong Thap,1983-08-28,1983,8,28,1.3724083928786517
Dong Thap,1983-08-29,1983,8,29,9.4965784637355
Dong Thap,1983-08-30,1983,8,30,11.758372951898272
Dong Thap,1983-08-31,1983,8,31,8.302708688549423
Dong Thap,1983-09-01,1983,9,1,2.274935201584737
Dong Thap,1983-09-02,1983,9,2,4.367080914573871
Dong Thap,1983-09-03,1983,9,3,5.41025192703902
Dong Thap,1983-09-04,1983,9,4,2.1387521221317445
Dong Thap,1983-09-05,1983,9,5,4.941985153228156
Dong Thap,1983-09-06,1983,9,6,15.603999430816232
Dong Thap,1983-09-07,1983,9,7,7.599100008001664
Dong Thap,1983-09-08,1983,9,8,11.339879902063217
Dong Thap,1983-09-09,1983,9,9,2.0875643712202385
Dong Thap,1983-09-10,1983,9,10,5.992916213091953
Dong Thap,1983-09-11,1983,9,11,3.255900722865157
Dong Thap,1983-09-12,1983,9,12,10.83645119463096
Dong Thap,1983-09-13,1983,9,13,9.075013313051087
Dong Thap,1983-09-14,1983,9,14,5.496203938592498
Dong Thap,1983-09-15,1983,9,15,3.658196183290506
Dong Thap,1983-09-16,1983,9,16,3.6111309559323055
Dong Thap,1983-09-17,1983,9,17,2.609969776038384
Dong Thap,1983-09-18,1983,9,18,0.881768854203504
Dong Thap,1983-09-19,1983,9,19,4.071979040329434
Dong Thap,1983-09-20,1983,9,20,6.093116403951485
Dong Thap,1983-09-21,1983,9,21,4.597493221626168
Dong Thap,1983-09-22,1983,9,22,2.177330427214972
Dong Thap,1983-09-23,1983,9,23,7.60475835319763
Dong Thap,1983-09-24,1983,9,24,5.136166063239846
Dong Thap,1983-09-25,1983,9,25,13.26496216161791
Dong Thap,1983-09-26,1983,9,26,0.1390370948530525
Dong Thap,1983-09-27,1983,9,27,3.74474662664068
Dong Thap,1983-09-28,1983,9,28,26.82244256100254
Dong Thap,1983-09-29,1983,9,29,24.758899332093677
Dong Thap,1983-09-30,1983,9,30,6.694546004122874
Dong Thap,1983-10-01,1983,10,1,10.011897484163912
Dong Thap,1983-10-02,1983,10,2,4.586395269447045
Dong Thap,1983-10-03,1983,10,3,0.8195064915857643
Dong Thap,1983-10-04,1983,10,4,6.679254883063843
Dong Thap,1983-10-05,1983,10,5,0.0
Dong Thap,1983-10-06,1983,10,6,17.149210201171016
Dong Thap,1983-10-07,1983,10,7,24.082428626768536
Dong Thap,1983-10-08,1983,10,8,23.89056376480909
Dong Thap,1983-10-09,1983,10,9,38.37190494811638
Dong Thap,1983-10-10,1983,10,10,0.5272326559768339
Dong Thap,1983-10-11,1983,10,11,2.2895910073387014
Dong Thap,1983-10-12,1983,10,12,34.40029649164282
Dong Thap,1983-10-13,1983,10,13,0.0
Dong Thap,1983-10-14,1983,10,14,0.0
Dong Thap,1983-10-15,1983,10,15,11.8757024410227
Dong Thap,1983-10-16,1983,10,16,14.506551170067798
Dong Thap,1983-10-17,1983,10,17,47.098401953418254
Dong Thap,1983-10-18,1983,10,18,48.97303273441406
Dong Thap,1983-10-19,1983,10,19,0.0
Dong Thap,1983-10-20,1983,10,20,12.456756257878316
Dong Thap,1983-10-21,1983,10,21,0.1999032480702638
Dong Thap,1983-10-22,1983,10,22,3.2378112089614985
Dong Thap,1983-10-23,1983,10,23,0.0649120988206363
Dong Thap,1983-10-24,1983,10,24,4.80345652318877
Dong Thap,1983-10-25,1983,10,25,12.957335930117292
Dong Thap,1983-10-26,1983,10,26,0.69227878577265
Dong Thap,1983-10-27,1983,10,27,3.6013991079052894
Dong Thap,1983-10-28,1983,10,28,9.059142727253516
Dong Thap,1983-10-29,1983,10,29,5.411955775264062
Dong Thap,1983-10-30,1983,10,30,2.387660518102643
Dong Thap,1983-10-31,1983,10,31,2.6917109759940767
Dong Thap,1983-11-01,1983,11,1,11.155668124255604
Dong Thap,1983-11-02,1983,11,2,12.901242458958295
Dong Thap,1983-11-03,1983,11,3,11.17550614932672
Dong Thap,1983-11-04,1983,11,4,13.499108379948073
Dong Thap,1983-11-05,1983,11,5,11.242369119153151
Dong Thap,1983-11-06,1983,11,6,24.35779886554637
Dong Thap,1983-11-07,1983,11,7,15.087923609969664
Dong Thap,1983-11-08,1983,11,8,13.420778103282665
Dong Thap,1983-11-09,1983,11,9,2.609273415507711
Dong Thap,1983-11-10,1983,11,10,0.377643942102597
Dong Thap,1983-11-11,1983,11,11,0.5679025045862968
Dong Thap,1983-11-12,1983,11,12,1.7904590578990258
Dong Thap,1983-11-13,1983,11,13,14.0312952982181
Dong Thap,1983-11-14,1983,11,14,1.8945212704350347
Dong Thap,1983-11-15,1983,11,15,13.939766256628538
Dong Thap,1983-11-16,1983,11,16,9.412029360058572
Dong Thap,1983-11-17,1983,11,17,2.903183001116177
Dong Thap,1983-11-18,1983,11,18,0.8226646584855309
Dong Thap,1983-11-19,1983,11,19,6.3690281304908405
Dong Thap,1983-11-20,1983,11,20,6.087340073383173
Dong Thap,1983-11-21,1983,11,21,21.01722887391699
Dong Thap,1983-11-22,1983,11,22,22.47692423075647
Dong Thap,1983-11-23,1983,11,23,0.0
Dong Thap,1983-11-24,1983,11,24,0.0
Dong Thap,1983-11-25,1983,11,25,0.0
Dong Thap,1983-11-26,1983,11,26,0.0
Dong Thap,1983-11-27,1983,11,27,0.0
Dong Thap,1983-11-28,1983,11,28,0.0
Dong Thap,1983-11-29,1983,11,29,0.0
Dong Thap,1983-11-30,1983,11,30,0.0
Dong Thap,1983-12-01,1983,12,1,0.0
Dong Thap,1983-12-02,1983,12,2,0.2589410228309431
Dong Thap,1983-12-03,1983,12,3,0.0
Dong Thap,1983-12-04,1983,12,4,0.0
Dong Thap,1983-12-05,1983,12,5,0.0
Dong Thap,1983-12-06,1983,12,6,0.0
Dong Thap,1983-12-07,1983,12,7,0.0
Dong Thap,1983-12-08,1983,12,8,0.0
Dong Thap,1983-12-09,1983,12,9,0.0
Dong Thap,1983-12-10,1983,12,10,0.0
Dong Thap,1983-12-11,1983,12,11,2.329056002992552
Dong Thap,1983-12-12,1983,12,12,0.0123908856517202
Dong Thap,1983-12-13,1983,12,13,0.2731009835095422
Dong Thap,1983-12-14,1983,12,14,0.0
Dong Thap,1983-12-15,1983,12,15,4.708263902618739
Dong Thap,1983-12-16,1983,12,16,0.0
Dong Thap,1983-12-17,1983,12,17,0.0680335506387705
Dong Thap,1983-12-18,1983,12,18,0.1354053601510999
Dong Thap,1983-12-19,1983,12,19,0.0
Dong Thap,1983-12-20,1983,12,20,0.0
Dong Thap,1983-12-21,1983,12,21,0.0
Dong Thap,1983-12-22,1983,12,22,0.0
Dong Thap,1983-12-23,1983,12,23,0.0
Dong Thap,1983-12-24,1983,12,24,0.0
Dong Thap,1983-12-25,1983,12,25,4.191448937691553
Dong Thap,1983-12-26,1983,12,26,0.0
Dong Thap,1983-12-27,1983,12,27,0.0
Dong Thap,1983-12-28,1983,12,28,1.972255721935101
Dong Thap,1983-12-29,1983,12,29,11.870880408435278
Dong Thap,1983-12-30,1983,12,30,0.6420123696678858
Dong Thap,1983-12-31,1983,12,31,0.2058748426906964
Dong Thap,1984-01-01,1984,1,1,0.0
Dong Thap,1984-01-02,1984,1,2,0.0
Dong Thap,1984-01-03,1984,1,3,7.569495952559455
Dong Thap,1984-01-04,1984,1,4,3.414657708425653
Dong Thap,1984-01-05,1984,1,5,0.0
Dong Thap,1984-01-06,1984,1,6,0.0
Dong Thap,1984-01-07,1984,1,7,0.0
Dong Thap,1984-01-08,1984,1,8,0.0
Dong Thap,1984-01-09,1984,1,9,0.0
Dong Thap,1984-01-10,1984,1,10,0.0
Dong Thap,1984-01-11,1984,1,11,0.0
Dong Thap,1984-01-12,1984,1,12,0.0
Dong Thap,1984-01-13,1984,1,13,0.0
Dong Thap,1984-01-14,1984,1,14,0.0
Dong Thap,1984-01-15,1984,1,15,0.0
Dong Thap,1984-01-16,1984,1,16,0.0
Dong Thap,1984-01-17,1984,1,17,0.0
Dong Thap,1984-01-18,1984,1,18,0.0
Dong Thap,1984-01-19,1984,1,19,0.0
Dong Thap,1984-01-20,1984,1,20,0.0
Dong Thap,1984-01-21,1984,1,21,1.3639284502507765
Dong Thap,1984-01-22,1984,1,22,3.094358050335636
Dong Thap,1984-01-23,1984,1,23,0.0
Dong Thap,1984-01-24,1984,1,24,0.0
Dong Thap,1984-01-25,1984,1,25,0.0048698724898616
Dong Thap,1984-01-26,1984,1,26,0.0
Dong Thap,1984-01-27,1984,1,27,0.2677202421452469
Dong Thap,1984-01-28,1984,1,28,0.0
Dong Thap,1984-01-29,1984,1,29,0.9333338362777855
Dong Thap,1984-01-30,1984,1,30,0.9981610485220916
Dong Thap,1984-01-31,1984,1,31,0.0
Dong Thap,1984-02-01,1984,2,1,0.0
Dong Thap,1984-02-02,1984,2,2,0.0
Dong Thap,1984-02-03,1984,2,3,0.1505529025203115
Dong Thap,1984-02-04,1984,2,4,0.4593693420700076
Dong Thap,1984-02-05,1984,2,5,0.0
Dong Thap,1984-02-06,1984,2,6,0.0
Dong Thap,1984-02-07,1984,2,7,0.0418078964776886
Dong Thap,1984-02-08,1984,2,8,0.0
Dong Thap,1984-02-09,1984,2,9,0.0
Dong Thap,1984-02-10,1984,2,10,0.0
Dong Thap,1984-02-11,1984,2,11,0.0
Dong Thap,1984-02-12,1984,2,12,0.0
Dong Thap,1984-02-13,1984,2,13,3.0747734817999777
Dong Thap,1984-02-14,1984,2,14,0.0
Dong Thap,1984-02-15,1984,2,15,0.0
Dong Thap,1984-02-16,1984,2,16,0.1906863982029071
Dong Thap,1984-02-17,1984,2,17,0.0
Dong Thap,1984-02-18,1984,2,18,0.0
Dong Thap,1984-02-19,1984,2,19,0.0
Dong Thap,1984-02-20,1984,2,20,0.0
Dong Thap,1984-02-21,1984,2,21,0.0
Dong Thap,1984-02-22,1984,2,22,0.0
Dong Thap,1984-02-23,1984,2,23,0.0
Dong Thap,1984-02-24,1984,2,24,4.469769485928801
Dong Thap,1984-02-25,1984,2,25,0.0
Dong Thap,1984-02-26,1984,2,26,0.0
Dong Thap,1984-02-27,1984,2,27,0.0
Dong Thap,1984-02-28,1984,2,28,0.0
Dong Thap,1984-02-29,1984,2,29,0.0
Dong Thap,1984-03-01,1984,3,1,0.0
Dong Thap,1984-03-02,1984,3,2,0.0357848844554977
Dong Thap,1984-03-03,1984,3,3,0.0
Dong Thap,1984-03-04,1984,3,4,0.0
Dong Thap,1984-03-05,1984,3,5,0.0
Dong Thap,1984-03-06,1984,3,6,0.0
Dong Thap,1984-03-07,1984,3,7,2.813639798320175
Dong Thap,1984-03-08,1984,3,8,0.0
Dong Thap,1984-03-09,1984,3,9,0.0
Dong Thap,1984-03-10,1984,3,10,0.0376706355711432
Dong Thap,1984-03-11,1984,3,11,0.0
Dong Thap,1984-03-12,1984,3,12,0.0
Dong Thap,1984-03-13,1984,3,13,0.0
Dong Thap,1984-03-14,1984,3,14,0.0
Dong Thap,1984-03-15,1984,3,15,0.0
Dong Thap,1984-03-16,1984,3,16,0.0
Dong Thap,1984-03-17,1984,3,17,0.0
Dong Thap,1984-03-18,1984,3,18,0.0
Dong Thap,1984-03-19,1984,3,19,0.0
Dong Thap,1984-03-20,1984,3,20,0.0
Dong Thap,1984-03-21,1984,3,21,0.0
Dong Thap,1984-03-22,1984,3,22,0.0
Dong Thap,1984-03-23,1984,3,23,0.0
Dong Thap,1984-03-24,1984,3,24,0.0
Dong Thap,1984-03-25,1984,3,25,0.0
Dong Thap,1984-03-26,1984,3,26,0.0
Dong Thap,1984-03-27,1984,3,27,0.0
Dong Thap,1984-03-28,1984,3,28,2.79111129897899
Dong Thap,1984-03-29,1984,3,29,3.717927248367841
Dong Thap,1984-03-30,1984,3,30,2.320596339164582
Dong Thap,1984-03-31,1984,3,31,0.0
Dong Thap,1984-04-01,1984,4,1,0.0
Dong Thap,1984-04-02,1984,4,2,0.0
Dong Thap,1984-04-03,1984,4,3,0.0
Dong Thap,1984-04-04,1984,4,4,0.0
Dong Thap,1984-04-05,1984,4,5,0.0
Dong Thap,1984-04-06,1984,4,6,0.2540356955521225
Dong Thap,1984-04-07,1984,4,7,0.0
Dong Thap,1984-04-08,1984,4,8,0.1542581382497302
Dong Thap,1984-04-09,1984,4,9,0.0
Dong Thap,1984-04-10,1984,4,10,0.0100496509514997
Dong Thap,1984-04-11,1984,4,11,0.0
Dong Thap,1984-04-12,1984,4,12,0.0
Dong Thap,1984-04-13,1984,4,13,0.3388623955949298
Dong Thap,1984-04-14,1984,4,14,0.246447852376315
Dong Thap,1984-04-15,1984,4,15,2.5324425366978693
Dong Thap,1984-04-16,1984,4,16,1.2211052041516863
Dong Thap,1984-04-17,1984,4,17,0.7633684209639017
Dong Thap,1984-04-18,1984,4,18,2.791534060709108
Dong Thap,1984-04-19,1984,4,19,2.9678515937827665
Dong Thap,1984-04-20,1984,4,20,3.5499993853992886
Dong Thap,1984-04-21,1984,4,21,8.162320343942794
Dong Thap,1984-04-22,1984,4,22,11.041267433606334
Dong Thap,1984-04-23,1984,4,23,6.609388385469311
Dong Thap,1984-04-24,1984,4,24,8.174315702341728
Dong Thap,1984-04-25,1984,4,25,12.7802377808167
Dong Thap,1984-04-26,1984,4,26,15.762869734666172
Dong Thap,1984-04-27,1984,4,27,0.2129759815022169
Dong Thap,1984-04-28,1984,4,28,9.00035706472851
Dong Thap,1984-04-29,1984,4,29,5.387266717477534
Dong Thap,1984-04-30,1984,4,30,7.344482198726133
Dong Thap,1984-05-01,1984,5,1,10.038794768351613
Dong Thap,1984-05-02,1984,5,2,3.1868118989189003
Dong Thap,1984-05-03,1984,5,3,5.204634427760552
Dong Thap,1984-05-04,1984,5,4,10.805559630983126
Dong Thap,1984-05-05,1984,5,5,13.124523683175328
Dong Thap,1984-05-06,1984,5,6,7.849268180065636
Dong Thap,1984-05-07,1984,5,7,10.383259535660835
Dong Thap,1984-05-08,1984,5,8,8.038766290349214
Dong Thap,1984-05-09,1984,5,9,4.917484654505452
Dong Thap,1984-05-10,1984,5,10,13.243020956251712
Dong Thap,1984-05-11,1984,5,11,8.95396013025364
Dong Thap,1984-05-12,1984,5,12,3.611633743082337
Dong Thap,1984-05-13,1984,5,13,2.5652078128142333
Dong Thap,1984-05-14,1984,5,14,0.0
Dong Thap,1984-05-15,1984,5,15,0.0
Dong Thap,1984-05-16,1984,5,16,0.0
Dong Thap,1984-05-17,1984,5,17,0.6399318380963916
Dong Thap,1984-05-18,1984,5,18,0.0
Dong Thap,1984-05-19,1984,5,19,4.086102464692998
Dong Thap,1984-05-20,1984,5,20,35.310634899496456
Dong Thap,1984-05-21,1984,5,21,12.877374704716722
Dong Thap,1984-05-22,1984,5,22,0.9042316244820872
Dong Thap,1984-05-23,1984,5,23,10.5354640749487
Dong Thap,1984-05-24,1984,5,24,3.0216370360743614
Dong Thap,1984-05-25,1984,5,25,9.977070115227695
Dong Thap,1984-05-26,1984,5,26,13.064545028166949
Dong Thap,1984-05-27,1984,5,27,9.561538541982411
Dong Thap,1984-05-28,1984,5,28,8.105043596384986
Dong Thap,1984-05-29,1984,5,29,9.142296654988176
Dong Thap,1984-05-30,1984,5,30,3.844345447696306
Dong Thap,1984-05-31,1984,5,31,15.485423451760797
Dong Thap,1984-06-01,1984,6,1,2.679485089490275
Dong Thap,1984-06-02,1984,6,2,0.595666012378244
Dong Thap,1984-06-03,1984,6,3,0.7916847736028846
Dong Thap,1984-06-04,1984,6,4,0.6994940883953173
Dong Thap,1984-06-05,1984,6,5,0.6014814141158047
Dong Thap,1984-06-06,1984,6,6,0.6067775538077502
Dong Thap,1984-06-07,1984,6,7,0.3166012829573266
Dong Thap,1984-06-08,1984,6,8,0.5673463619401833
Dong Thap,1984-06-09,1984,6,9,1.6024628552634184
Dong Thap,1984-06-10,1984,6,10,0.7715710513521976
Dong Thap,1984-06-11,1984,6,11,0.0470785462642597
Dong Thap,1984-06-12,1984,6,12,0.0
Dong Thap,1984-06-13,1984,6,13,0.0632690983427768
Dong Thap,1984-06-14,1984,6,14,0.0835691881147349
Dong Thap,1984-06-15,1984,6,15,0.1608228095675477
Dong Thap,1984-06-16,1984,6,16,0.0421062578466816
Dong Thap,1984-06-17,1984,6,17,0.191353955661355
Dong Thap,1984-06-18,1984,6,18,0.5465736436091879
Dong Thap,1984-06-19,1984,6,19,0.449322706164079
Dong Thap,1984-06-20,1984,6,20,0.2364512076108991
Dong Thap,1984-06-21,1984,6,21,0.4541347831697291
Dong Thap,1984-06-22,1984,6,22,0.6025425356100387
Dong Thap,1984-06-23,1984,6,23,0.7860589803604139
Dong Thap,1984-06-24,1984,6,24,0.9728164469706164
Dong Thap,1984-06-25,1984,6,25,1.3940769486452187
Dong Thap,1984-06-26,1984,6,26,5.029812632057165
Dong Thap,1984-06-27,1984,6,27,9.642560610120352
Dong Thap,1984-06-28,1984,6,28,8.778351924872219
Dong Thap,1984-06-29,1984,6,29,8.814728668887296
Dong Thap,1984-06-30,1984,6,30,12.919229577776251
Dong Thap,1984-07-01,1984,7,1,7.979715577891172
Dong Thap,1984-07-02,1984,7,2,9.66673437876038
Dong Thap,1984-07-03,1984,7,3,3.6635139930984
Dong Thap,1984-07-04,1984,7,4,9.474406743214622
Dong Thap,1984-07-05,1984,7,5,6.90019625369886
Dong Thap,1984-07-06,1984,7,6,1.7836384548536626
Dong Thap,1984-07-07,1984,7,7,3.938395557021888
Dong Thap,1984-07-08,1984,7,8,4.945846722209589
Dong Thap,1984-07-09,1984,7,9,2.553573683556823
Dong Thap,1984-07-10,1984,7,10,0.0
Dong Thap,1984-07-11,1984,7,11,0.2737500077747069
Dong Thap,1984-07-12,1984,7,12,2.611297051470269
Dong Thap,1984-07-13,1984,7,13,0.0
Dong Thap,1984-07-14,1984,7,14,14.003167602408352
Dong Thap,1984-07-15,1984,7,15,12.198616338960974
Dong Thap,1984-07-16,1984,7,16,2.1831334445964505
Dong Thap,1984-07-17,1984,7,17,0.0
Dong Thap,1984-07-18,1984,7,18,5.450632399446382
Dong Thap,1984-07-19,1984,7,19,5.938247754956849
Dong Thap,1984-07-20,1984,7,20,4.400632326034074
Dong Thap,1984-07-21,1984,7,21,7.4286951637873955
Dong Thap,1984-07-22,1984,7,22,1.3283493276055716
Dong Thap,1984-07-23,1984,7,23,1.9254404958992652
Dong Thap,1984-07-24,1984,7,24,10.696476845290077
Dong Thap,1984-07-25,1984,7,25,7.439088592514148
Dong Thap,1984-07-26,1984,7,26,3.415753992014468
Dong Thap,1984-07-27,1984,7,27,5.585311154592109
Dong Thap,1984-07-28,1984,7,28,16.311870050343735
Dong Thap,1984-07-29,1984,7,29,0.0
Dong Thap,1984-07-30,1984,7,30,1.892564991251097
Dong Thap,1984-07-31,1984,7,31,0.0167408491617323
Dong Thap,1984-08-01,1984,8,1,0.5832516739285665
Dong Thap,1984-08-02,1984,8,2,0.5313900235101211
Dong Thap,1984-08-03,1984,8,3,0.0
Dong Thap,1984-08-04,1984,8,4,0.1699423310652269
Dong Thap,1984-08-05,1984,8,5,0.0
Dong Thap,1984-08-06,1984,8,6,0.0
Dong Thap,1984-08-07,1984,8,7,0.0484000977432211
Dong Thap,1984-08-08,1984,8,8,22.4822088858966
Dong Thap,1984-08-09,1984,8,9,0.8534428695580679
Dong Thap,1984-08-10,1984,8,10,0.0192135363201827
Dong Thap,1984-08-11,1984,8,11,4.189155149275896
Dong Thap,1984-08-12,1984,8,12,0.0
Dong Thap,1984-08-13,1984,8,13,0.0
Dong Thap,1984-08-14,1984,8,14,0.0
Dong Thap,1984-08-15,1984,8,15,3.0162772078727245
Dong Thap,1984-08-16,1984,8,16,4.033512092323726
Dong Thap,1984-08-17,1984,8,17,0.0
Dong Thap,1984-08-18,1984,8,18,0.0
Dong Thap,1984-08-19,1984,8,19,5.907596514112476
Dong Thap,1984-08-20,1984,8,20,0.0
Dong Thap,1984-08-21,1984,8,21,0.6552650601462977
Dong Thap,1984-08-22,1984,8,22,0.055891109237818
Dong Thap,1984-08-23,1984,8,23,0.0
Dong Thap,1984-08-24,1984,8,24,0.0
Dong Thap,1984-08-25,1984,8,25,0.0409059809101988
Dong Thap,1984-08-26,1984,8,26,10.839090331019468
Dong Thap,1984-08-27,1984,8,27,4.8688729890950375
Dong Thap,1984-08-28,1984,8,28,9.68723594462057
Dong Thap,1984-08-29,1984,8,29,0.0
Dong Thap,1984-08-30,1984,8,30,0.0384185246147751
Dong Thap,1984-08-31,1984,8,31,13.615754439442878
Dong Thap,1984-09-01,1984,9,1,1.8902646664158944
Dong Thap,1984-09-02,1984,9,2,0.0
Dong Thap,1984-09-03,1984,9,3,5.987387097839435
Dong Thap,1984-09-04,1984,9,4,5.160780138633459
Dong Thap,1984-09-05,1984,9,5,0.0
Dong Thap,1984-09-06,1984,9,6,3.139277785103526
Dong Thap,1984-09-07,1984,9,7,9.245210573127917
Dong Thap,1984-09-08,1984,9,8,7.524816786036457
Dong Thap,1984-09-09,1984,9,9,3.5056416863672357
Dong Thap,1984-09-10,1984,9,10,5.727848832937818
Dong Thap,1984-09-11,1984,9,11,5.020820172338331
Dong Thap,1984-09-12,1984,9,12,5.86706004143843
Dong Thap,1984-09-13,1984,9,13,6.4320261766641655
Dong Thap,1984-09-14,1984,9,14,6.224384517701593
Dong Thap,1984-09-15,1984,9,15,2.3755850799167013
Dong Thap,1984-09-16,1984,9,16,0.7376761926608151
Dong Thap,1984-09-17,1984,9,17,0.0
Dong Thap,1984-09-18,1984,9,18,5.6436792339006185
Dong Thap,1984-09-19,1984,9,19,5.648892191584644
Dong Thap,1984-09-20,1984,9,20,14.492035384618532
Dong Thap,1984-09-21,1984,9,21,5.906968562178852
Dong Thap,1984-09-22,1984,9,22,0.804348519438379
Dong Thap,1984-09-23,1984,9,23,6.22131192580031
Dong Thap,1984-09-24,1984,9,24,0.4268774490778965
Dong Thap,1984-09-25,1984,9,25,6.028024931667558
Dong Thap,1984-09-26,1984,9,26,1.6337314186546297
Dong Thap,1984-09-27,1984,9,27,29.737231413766796
Dong Thap,1984-09-28,1984,9,28,9.715706999755804
Dong Thap,1984-09-29,1984,9,29,15.740169406586388
Dong Thap,1984-09-30,1984,9,30,18.07192929033954
Dong Thap,1984-10-01,1984,10,1,1.43349674347444
Dong Thap,1984-10-02,1984,10,2,3.0027702445883246
Dong Thap,1984-10-03,1984,10,3,6.99270891468352
Dong Thap,1984-10-04,1984,10,4,9.62896899919215
Dong Thap,1984-10-05,1984,10,5,15.721291420517634
Dong Thap,1984-10-06,1984,10,6,21.928968035744678
Dong Thap,1984-10-07,1984,10,7,10.167578298068513
Dong Thap,1984-10-08,1984,10,8,6.353007243567916
Dong Thap,1984-10-09,1984,10,9,4.913048424159745
Dong Thap,1984-10-10,1984,10,10,4.422167723996313
Dong Thap,1984-10-11,1984,10,11,14.644220126170216
Dong Thap,1984-10-12,1984,10,12,43.32559554604463
Dong Thap,1984-10-13,1984,10,13,12.584593854579138
Dong Thap,1984-10-14,1984,10,14,9.314406006128465
Dong Thap,1984-10-15,1984,10,15,5.849307789347027
Dong Thap,1984-10-16,1984,10,16,12.278206322545868
Dong Thap,1984-10-17,1984,10,17,0.0
Dong Thap,1984-10-18,1984,10,18,4.215721485273674
Dong Thap,1984-10-19,1984,10,19,6.02480376517391
Dong Thap,1984-10-20,1984,10,20,1.4173443409586153
Dong Thap,1984-10-21,1984,10,21,2.8657472850258223
Dong Thap,1984-10-22,1984,10,22,2.2562154740237146
Dong Thap,1984-10-23,1984,10,23,0.0
Dong Thap,1984-10-24,1984,10,24,0.8385245897127759
Dong Thap,1984-10-25,1984,10,25,0.3936103499676868
Dong Thap,1984-10-26,1984,10,26,6.798851006130308
Dong Thap,1984-10-27,1984,10,27,1.072809001668824
Dong Thap,1984-10-28,1984,10,28,0.0
Dong Thap,1984-10-29,1984,10,29,0.0
Dong Thap,1984-10-30,1984,10,30,0.0098487088367569
Dong Thap,1984-10-31,1984,10,31,0.0
Dong Thap,1984-11-01,1984,11,1,8.5890914049445
Dong Thap,1984-11-02,1984,11,2,24.067723215586582
Dong Thap,1984-11-03,1984,11,3,0.0030978146880452
Dong Thap,1984-11-04,1984,11,4,12.882708867904896
Dong Thap,1984-11-05,1984,11,5,1.3764771160041769
Dong Thap,1984-11-06,1984,11,6,9.873186360391214
Dong Thap,1984-11-07,1984,11,7,2.422631965409553
Dong Thap,1984-11-08,1984,11,8,1.2660852469147152
Dong Thap,1984-11-09,1984,11,9,1.0364412674699368
Dong Thap,1984-11-10,1984,11,10,0.0
Dong Thap,1984-11-11,1984,11,11,0.0
Dong Thap,1984-11-12,1984,11,12,0.0
Dong Thap,1984-11-13,1984,11,13,16.477843674099677
Dong Thap,1984-11-14,1984,11,14,0.0
Dong Thap,1984-11-15,1984,11,15,0.0
Dong Thap,1984-11-16,1984,11,16,0.0
Dong Thap,1984-11-17,1984,11,17,0.505004557238865
Dong Thap,1984-11-18,1984,11,18,3.8389150981381537
Dong Thap,1984-11-19,1984,11,19,0.0
Dong Thap,1984-11-20,1984,11,20,0.0
Dong Thap,1984-11-21,1984,11,21,0.0
Dong Thap,1984-11-22,1984,11,22,0.0
Dong Thap,1984-11-23,1984,11,23,0.0
Dong Thap,1984-11-24,1984,11,24,0.0
Dong Thap,1984-11-25,1984,11,25,0.0
Dong Thap,1984-11-26,1984,11,26,0.0
Dong Thap,1984-11-27,1984,11,27,25.06878083731977
Dong Thap,1984-11-28,1984,11,28,24.105610435420694
Dong Thap,1984-11-29,1984,11,29,11.855260389392704
Dong Thap,1984-11-30,1984,11,30,8.210392644461084
Dong Thap,1984-12-01,1984,12,1,0.0
Dong Thap,1984-12-02,1984,12,2,0.0
Dong Thap,1984-12-03,1984,12,3,0.0
Dong Thap,1984-12-04,1984,12,4,0.2236348580064376
Dong Thap,1984-12-05,1984,12,5,6.2839995364578
Dong Thap,1984-12-06,1984,12,6,1.0797816725688263
Dong Thap,1984-12-07,1984,12,7,0.5452330445172104
Dong Thap,1984-12-08,1984,12,8,4.101110179366939
Dong Thap,1984-12-09,1984,12,9,1.1346002081800048
Dong Thap,1984-12-10,1984,12,10,2.057843263359709
Dong Thap,1984-12-11,1984,12,11,0.0
Dong Thap,1984-12-12,1984,12,12,0.0
Dong Thap,1984-12-13,1984,12,13,0.0
Dong Thap,1984-12-14,1984,12,14,0.0
Dong Thap,1984-12-15,1984,12,15,4.785093769292483
Dong Thap,1984-12-16,1984,12,16,0.0
Dong Thap,1984-12-17,1984,12,17,1.1241453973674056
Dong Thap,1984-12-18,1984,12,18,0.0
Dong Thap,1984-12-19,1984,12,19,2.39064188431065
Dong Thap,1984-12-20,1984,12,20,0.1522548917147586
Dong Thap,1984-12-21,1984,12,21,8.623054171733799
Dong Thap,1984-12-22,1984,12,22,0.0669635778683124
Dong Thap,1984-12-23,1984,12,23,0.0
Dong Thap,1984-12-24,1984,12,24,0.0
Dong Thap,1984-12-25,1984,12,25,0.0
Dong Thap,1984-12-26,1984,12,26,0.0
Dong Thap,1984-12-27,1984,12,27,0.0
Dong Thap,1984-12-28,1984,12,28,0.0
Dong Thap,1984-12-29,1984,12,29,0.0
Dong Thap,1984-12-30,1984,12,30,0.0
Dong Thap,1984-12-31,1984,12,31,0.0020547408161721
Dong Thap,1985-01-01,1985,1,1,0.0
Dong Thap,1985-01-02,1985,1,2,0.0
Dong Thap,1985-01-03,1985,1,3,0.0
Dong Thap,1985-01-04,1985,1,4,2.795422428605612
Dong Thap,1985-01-05,1985,1,5,0.0
Dong Thap,1985-01-06,1985,1,6,0.0
Dong Thap,1985-01-07,1985,1,7,0.0
Dong Thap,1985-01-08,1985,1,8,0.0
Dong Thap,1985-01-09,1985,1,9,0.0
Dong Thap,1985-01-10,1985,1,10,0.0
Dong Thap,1985-01-11,1985,1,11,0.0
Dong Thap,1985-01-12,1985,1,12,0.0
Dong Thap,1985-01-13,1985,1,13,0.0
Dong Thap,1985-01-14,1985,1,14,0.0
Dong Thap,1985-01-15,1985,1,15,0.0
Dong Thap,1985-01-16,1985,1,16,0.0
Dong Thap,1985-01-17,1985,1,17,0.0
Dong Thap,1985-01-18,1985,1,18,0.0
Dong Thap,1985-01-19,1985,1,19,0.0
Dong Thap,1985-01-20,1985,1,20,0.0
Dong Thap,1985-01-21,1985,1,21,0.0
Dong Thap,1985-01-22,1985,1,22,0.0
Dong Thap,1985-01-23,1985,1,23,3.5842791282862847
Dong Thap,1985-01-24,1985,1,24,0.8727366958301244
Dong Thap,1985-01-25,1985,1,25,0.0
Dong Thap,1985-01-26,1985,1,26,0.0
Dong Thap,1985-01-27,1985,1,27,0.0
Dong Thap,1985-01-28,1985,1,28,0.0
Dong Thap,1985-01-29,1985,1,29,0.0
Dong Thap,1985-01-30,1985,1,30,0.1548245708661633
Dong Thap,1985-01-31,1985,1,31,0.0
Dong Thap,1985-02-01,1985,2,1,0.0
Dong Thap,1985-02-02,1985,2,2,0.0732062957962813
Dong Thap,1985-02-03,1985,2,3,0.0
Dong Thap,1985-02-04,1985,2,4,0.0
Dong Thap,1985-02-05,1985,2,5,0.0
Dong Thap,1985-02-06,1985,2,6,0.0
Dong Thap,1985-02-07,1985,2,7,0.0
Dong Thap,1985-02-08,1985,2,8,0.0
Dong Thap,1985-02-09,1985,2,9,0.0
Dong Thap,1985-02-10,1985,2,10,0.0
Dong Thap,1985-02-11,1985,2,11,0.0
Dong Thap,1985-02-12,1985,2,12,0.0005968295854317889
Dong Thap,1985-02-13,1985,2,13,0.0
Dong Thap,1985-02-14,1985,2,14,4.3214536014701705
Dong Thap,1985-02-15,1985,2,15,0.0
Dong Thap,1985-02-16,1985,2,16,0.0
Dong Thap,1985-02-17,1985,2,17,0.0
Dong Thap,1985-02-18,1985,2,18,0.0
Dong Thap,1985-02-19,1985,2,19,0.0
Dong Thap,1985-02-20,1985,2,20,0.0
Dong Thap,1985-02-21,1985,2,21,0.0
Dong Thap,1985-02-22,1985,2,22,0.0
Dong Thap,1985-02-23,1985,2,23,0.0
Dong Thap,1985-02-24,1985,2,24,0.0
Dong Thap,1985-02-25,1985,2,25,0.0
Dong Thap,1985-02-26,1985,2,26,1.3620741833614225
Dong Thap,1985-02-27,1985,2,27,0.4132565029264712
Dong Thap,1985-02-28,1985,2,28,0.4236514767721068
Dong Thap,1985-03-01,1985,3,1,0.1427459037876031
Dong Thap,1985-03-02,1985,3,2,0.0
Dong Thap,1985-03-03,1985,3,3,0.8437634068185138
Dong Thap,1985-03-04,1985,3,4,5.818555172416986
Dong Thap,1985-03-05,1985,3,5,4.2361938992757375
Dong Thap,1985-03-06,1985,3,6,0.0
Dong Thap,1985-03-07,1985,3,7,0.4428587125317157
Dong Thap,1985-03-08,1985,3,8,1.528037988797374
Dong Thap,1985-03-09,1985,3,9,0.3519059788052769
Dong Thap,1985-03-10,1985,3,10,0.0
Dong Thap,1985-03-11,1985,3,11,0.0
Dong Thap,1985-03-12,1985,3,12,0.0
Dong Thap,1985-03-13,1985,3,13,0.0
Dong Thap,1985-03-14,1985,3,14,0.144448261669982
Dong Thap,1985-03-15,1985,3,15,0.0
Dong Thap,1985-03-16,1985,3,16,0.0
Dong Thap,1985-03-17,1985,3,17,0.0
Dong Thap,1985-03-18,1985,3,18,0.0
Dong Thap,1985-03-19,1985,3,19,0.0
Dong Thap,1985-03-20,1985,3,20,0.0
Dong Thap,1985-03-21,1985,3,21,0.0
Dong Thap,1985-03-22,1985,3,22,0.0
Dong Thap,1985-03-23,1985,3,23,0.0
Dong Thap,1985-03-24,1985,3,24,0.0
Dong Thap,1985-03-25,1985,3,25,0.0
Dong Thap,1985-03-26,1985,3,26,0.0326914142961807
Dong Thap,1985-03-27,1985,3,27,3.496598714437239
Dong Thap,1985-03-28,1985,3,28,0.0
Dong Thap,1985-03-29,1985,3,29,0.0
Dong Thap,1985-03-30,1985,3,30,0.0
Dong Thap,1985-03-31,1985,3,31,2.84093091322609
Dong Thap,1985-04-01,1985,4,1,0.0965165453809768
Dong Thap,1985-04-02,1985,4,2,0.0
Dong Thap,1985-04-03,1985,4,3,0.0
Dong Thap,1985-04-04,1985,4,4,0.0
Dong Thap,1985-04-05,1985,4,5,0.0
Dong Thap,1985-04-06,1985,4,6,0.0
Dong Thap,1985-04-07,1985,4,7,0.0
Dong Thap,1985-04-08,1985,4,8,0.0
Dong Thap,1985-04-09,1985,4,9,0.0
Dong Thap,1985-04-10,1985,4,10,0.1635403718257507
Dong Thap,1985-04-11,1985,4,11,0.0
Dong Thap,1985-04-12,1985,4,12,0.1639358957885802
Dong Thap,1985-04-13,1985,4,13,0.0
Dong Thap,1985-04-14,1985,4,14,5.26711335352199
Dong Thap,1985-04-15,1985,4,15,0.0
Dong Thap,1985-04-16,1985,4,16,0.3023311890575493
Dong Thap,1985-04-17,1985,4,17,27.47924766841863
Dong Thap,1985-04-18,1985,4,18,2.711492057936191
Dong Thap,1985-04-19,1985,4,19,9.690663945953508
Dong Thap,1985-04-20,1985,4,20,8.683118714844253
Dong Thap,1985-04-21,1985,4,21,5.849083644809001
Dong Thap,1985-04-22,1985,4,22,2.936085959278944
Dong Thap,1985-04-23,1985,4,23,2.3727832058335143
Dong Thap,1985-04-24,1985,4,24,4.79153948337252
Dong Thap,1985-04-25,1985,4,25,9.0614912415108
Dong Thap,1985-04-26,1985,4,26,17.221154038438666
Dong Thap,1985-04-27,1985,4,27,23.00945606303642
Dong Thap,1985-04-28,1985,4,28,16.9504548730373
Dong Thap,1985-04-29,1985,4,29,11.530735843544612
Dong Thap,1985-04-30,1985,4,30,15.341940026584052
Dong Thap,1985-05-01,1985,5,1,12.256936871473926
Dong Thap,1985-05-02,1985,5,2,6.712499280966729
Dong Thap,1985-05-03,1985,5,3,1.2045691656179105
Dong Thap,1985-05-04,1985,5,4,1.775440189744816
Dong Thap,1985-05-05,1985,5,5,3.3751495278474004
Dong Thap,1985-05-06,1985,5,6,8.482569167815232
Dong Thap,1985-05-07,1985,5,7,6.51591450535902
Dong Thap,1985-05-08,1985,5,8,6.844697419176138
Dong Thap,1985-05-09,1985,5,9,15.766860531291805
Dong Thap,1985-05-10,1985,5,10,11.471325158694173
Dong Thap,1985-05-11,1985,5,11,2.383032556933449
Dong Thap,1985-05-12,1985,5,12,4.141860794846583
Dong Thap,1985-05-13,1985,5,13,3.819909159649464
Dong Thap,1985-05-14,1985,5,14,1.082108757712009
Dong Thap,1985-05-15,1985,5,15,11.17033984829082
Dong Thap,1985-05-16,1985,5,16,10.399870386341677
Dong Thap,1985-05-17,1985,5,17,15.391026325282088
Dong Thap,1985-05-18,1985,5,18,2.384963059806758
Dong Thap,1985-05-19,1985,5,19,6.8998403486032585
Dong Thap,1985-05-20,1985,5,20,0.5809399170320483
Dong Thap,1985-05-21,1985,5,21,5.12349761483186
Dong Thap,1985-05-22,1985,5,22,0.4943159326136664
Dong Thap,1985-05-23,1985,5,23,1.800564614964202
Dong Thap,1985-05-24,1985,5,24,6.520023841996676
Dong Thap,1985-05-25,1985,5,25,2.4104469822111483
Dong Thap,1985-05-26,1985,5,26,10.362258942862445
Dong Thap,1985-05-27,1985,5,27,0.2057664034478593
Dong Thap,1985-05-28,1985,5,28,13.305746290495474
Dong Thap,1985-05-29,1985,5,29,3.3598768366473246
Dong Thap,1985-05-30,1985,5,30,2.4358760835038624
Dong Thap,1985-05-31,1985,5,31,20.704888768766317
Dong Thap,1985-06-01,1985,6,1,0.0
Dong Thap,1985-06-02,1985,6,2,9.09264664319142
Dong Thap,1985-06-03,1985,6,3,5.726989885049528
Dong Thap,1985-06-04,1985,6,4,12.709696922357423
Dong Thap,1985-06-05,1985,6,5,10.490137341843724
Dong Thap,1985-06-06,1985,6,6,0.0
Dong Thap,1985-06-07,1985,6,7,2.637713724749413
Dong Thap,1985-06-08,1985,6,8,0.033640436447746
Dong Thap,1985-06-09,1985,6,9,15.634658079380502
Dong Thap,1985-06-10,1985,6,10,8.716438321359089
Dong Thap,1985-06-11,1985,6,11,10.196764727825745
Dong Thap,1985-06-12,1985,6,12,17.37707526761711
Dong Thap,1985-06-13,1985,6,13,2.617343158916142
Dong Thap,1985-06-14,1985,6,14,15.1383420343109
Dong Thap,1985-06-15,1985,6,15,0.3109398355607355
Dong Thap,1985-06-16,1985,6,16,3.381887002470868
Dong Thap,1985-06-17,1985,6,17,1.7737705559248491
Dong Thap,1985-06-18,1985,6,18,3.679199923476529
Dong Thap,1985-06-19,1985,6,19,3.6101876007122913
Dong Thap,1985-06-20,1985,6,20,1.057569037797447
Dong Thap,1985-06-21,1985,6,21,0.0
Dong Thap,1985-06-22,1985,6,22,13.659844585643857
Dong Thap,1985-06-23,1985,6,23,2.0364727713040867
Dong Thap,1985-06-24,1985,6,24,0.0
Dong Thap,1985-06-25,1985,6,25,0.0
Dong Thap,1985-06-26,1985,6,26,1.562225537456188
Dong Thap,1985-06-27,1985,6,27,1.5666350401500084
Dong Thap,1985-06-28,1985,6,28,0.6261199589540605
Dong Thap,1985-06-29,1985,6,29,0.0257600181181738
Dong Thap,1985-06-30,1985,6,30,0.4951544612044238
Dong Thap,1985-07-01,1985,7,1,2.15870114916816
Dong Thap,1985-07-02,1985,7,2,4.228689696652454
Dong Thap,1985-07-03,1985,7,3,5.82729497452509
Dong Thap,1985-07-04,1985,7,4,2.941535391489988
Dong Thap,1985-07-05,1985,7,5,4.974319800528263
Dong Thap,1985-07-06,1985,7,6,7.372247435647883
Dong Thap,1985-07-07,1985,7,7,16.517648981045994
Dong Thap,1985-07-08,1985,7,8,2.370354875337246
Dong Thap,1985-07-09,1985,7,9,6.348388487326468
Dong Thap,1985-07-10,1985,7,10,14.988477153047183
Dong Thap,1985-07-11,1985,7,11,9.451128327889805
Dong Thap,1985-07-12,1985,7,12,4.1262217473829566
Dong Thap,1985-07-13,1985,7,13,0.0
Dong Thap,1985-07-14,1985,7,14,0.3003700159495179
Dong Thap,1985-07-15,1985,7,15,4.742119390555511
Dong Thap,1985-07-16,1985,7,16,3.9620141062183065
Dong Thap,1985-07-17,1985,7,17,4.15894078271092
Dong Thap,1985-07-18,1985,7,18,7.4481871638245
Dong Thap,1985-07-19,1985,7,19,4.1289743427884575
Dong Thap,1985-07-20,1985,7,20,5.562840777613933
Dong Thap,1985-07-21,1985,7,21,3.2647881012182527
Dong Thap,1985-07-22,1985,7,22,4.943512563258307
Dong Thap,1985-07-23,1985,7,23,5.876859390217616
Dong Thap,1985-07-24,1985,7,24,1.435104759697852
Dong Thap,1985-07-25,1985,7,25,0.1360280878667742
Dong Thap,1985-07-26,1985,7,26,8.267929642682498
Dong Thap,1985-07-27,1985,7,27,0.2653653246760773
Dong Thap,1985-07-28,1985,7,28,4.752976960975728
Dong Thap,1985-07-29,1985,7,29,0.938236265069426
Dong Thap,1985-07-30,1985,7,30,8.715445977301993
Dong Thap,1985-07-31,1985,7,31,11.880937036579091
Dong Thap,1985-08-01,1985,8,1,2.837918328676251
Dong Thap,1985-08-02,1985,8,2,15.51306107830292
Dong Thap,1985-08-03,1985,8,3,0.0
Dong Thap,1985-08-04,1985,8,4,4.479492790978431
Dong Thap,1985-08-05,1985,8,5,5.602481543328015
Dong Thap,1985-08-06,1985,8,6,3.1663919141808146
Dong Thap,1985-08-07,1985,8,7,4.518035513089577
Dong Thap,1985-08-08,1985,8,8,7.767307266264994
Dong Thap,1985-08-09,1985,8,9,9.847646687890707
Dong Thap,1985-08-10,1985,8,10,4.542051637723164
Dong Thap,1985-08-11,1985,8,11,9.038639986186386
Dong Thap,1985-08-12,1985,8,12,1.7781771542210685
Dong Thap,1985-08-13,1985,8,13,0.6344938328781713
Dong Thap,1985-08-14,1985,8,14,9.034979584044216
Dong Thap,1985-08-15,1985,8,15,0.6262821048356142
Dong Thap,1985-08-16,1985,8,16,0.24036968732221
Dong Thap,1985-08-17,1985,8,17,1.1504053424512115
Dong Thap,1985-08-18,1985,8,18,2.8681093277589293
Dong Thap,1985-08-19,1985,8,19,3.3485302814272533
Dong Thap,1985-08-20,1985,8,20,1.888047677164908
Dong Thap,1985-08-21,1985,8,21,3.6511158229935754
Dong Thap,1985-08-22,1985,8,22,6.126109261042894
Dong Thap,1985-08-23,1985,8,23,0.3005621284888881
Dong Thap,1985-08-24,1985,8,24,1.0751030756985216
Dong Thap,1985-08-25,1985,8,25,0.0
Dong Thap,1985-08-26,1985,8,26,0.0773598018933078
Dong Thap,1985-08-27,1985,8,27,0.9649861169383452
Dong Thap,1985-08-28,1985,8,28,0.0
Dong Thap,1985-08-29,1985,8,29,0.5185195167494219
Dong Thap,1985-08-30,1985,8,30,0.0
Dong Thap,1985-08-31,1985,8,31,0.0
Dong Thap,1985-09-01,1985,9,1,0.0
Dong Thap,1985-09-02,1985,9,2,12.605044925377864
Dong Thap,1985-09-03,1985,9,3,11.226483229866416
Dong Thap,1985-09-04,1985,9,4,5.398980901209922
Dong Thap,1985-09-05,1985,9,5,22.481109138218912
Dong Thap,1985-09-06,1985,9,6,6.072266935443344
Dong Thap,1985-09-07,1985,9,7,1.6864746232097152
Dong Thap,1985-09-08,1985,9,8,7.650662865137223
Dong Thap,1985-09-09,1985,9,9,13.726749316970317
Dong Thap,1985-09-10,1985,9,10,3.468540503962768
Dong Thap,1985-09-11,1985,9,11,5.638380252073375
Dong Thap,1985-09-12,1985,9,12,17.66129673214382
Dong Thap,1985-09-13,1985,9,13,18.26200691857574
Dong Thap,1985-09-14,1985,9,14,10.288188454648765
Dong Thap,1985-09-15,1985,9,15,12.288913482666985
Dong Thap,1985-09-16,1985,9,16,0.4193851575441362
Dong Thap,1985-09-17,1985,9,17,4.077521576425886
Dong Thap,1985-09-18,1985,9,18,5.629581001527403
Dong Thap,1985-09-19,1985,9,19,5.063487591678817
Dong Thap,1985-09-20,1985,9,20,1.729221545590925
Dong Thap,1985-09-21,1985,9,21,9.89364372285445
Dong Thap,1985-09-22,1985,9,22,1.4493498468523471
Dong Thap,1985-09-23,1985,9,23,7.945170762629794
Dong Thap,1985-09-24,1985,9,24,8.534440223865557
Dong Thap,1985-09-25,1985,9,25,11.290349636552335
Dong Thap,1985-09-26,1985,9,26,5.19455624537617
Dong Thap,1985-09-27,1985,9,27,2.0989873543844912
Dong Thap,1985-09-28,1985,9,28,1.4466676291408842
Dong Thap,1985-09-29,1985,9,29,2.81575011380654
Dong Thap,1985-09-30,1985,9,30,0.9965912916707914
Dong Thap,1985-10-01,1985,10,1,13.505301781514335
Dong Thap,1985-10-02,1985,10,2,11.337578276630856
Dong Thap,1985-10-03,1985,10,3,26.231128607595316
Dong Thap,1985-10-04,1985,10,4,8.012772094061889
Dong Thap,1985-10-05,1985,10,5,4.017064255504398
Dong Thap,1985-10-06,1985,10,6,0.1687778667822591
Dong Thap,1985-10-07,1985,10,7,2.050359008992261
Dong Thap,1985-10-08,1985,10,8,8.813497416957421
Dong Thap,1985-10-09,1985,10,9,11.484165466883994
Dong Thap,1985-10-10,1985,10,10,9.422183163736255
Dong Thap,1985-10-11,1985,10,11,13.233638934802922
Dong Thap,1985-10-12,1985,10,12,5.333088156125807
Dong Thap,1985-10-13,1985,10,13,3.491585015391772
Dong Thap,1985-10-14,1985,10,14,4.1281910719908295
Dong Thap,1985-10-15,1985,10,15,6.34394670722975
Dong Thap,1985-10-16,1985,10,16,6.4336689253878045
Dong Thap,1985-10-17,1985,10,17,0.4977931579224558
Dong Thap,1985-10-18,1985,10,18,5.037845578300781
Dong Thap,1985-10-19,1985,10,19,5.873111190900309
Dong Thap,1985-10-20,1985,10,20,8.112483036986056
Dong Thap,1985-10-21,1985,10,21,9.007340666494157
Dong Thap,1985-10-22,1985,10,22,1.6726491202809295
Dong Thap,1985-10-23,1985,10,23,0.8014124828670361
Dong Thap,1985-10-24,1985,10,24,0.0010523811500035
Dong Thap,1985-10-25,1985,10,25,1.079207518729921
Dong Thap,1985-10-26,1985,10,26,5.428646194128754
Dong Thap,1985-10-27,1985,10,27,26.252784135013243
Dong Thap,1985-10-28,1985,10,28,6.041800199167404
Dong Thap,1985-10-29,1985,10,29,1.169839536437702
Dong Thap,1985-10-30,1985,10,30,2.181882917664611
Dong Thap,1985-10-31,1985,10,31,25.30851494160968
Dong Thap,1985-11-01,1985,11,1,1.077169894969244
Dong Thap,1985-11-02,1985,11,2,0.3032081542384036
Dong Thap,1985-11-03,1985,11,3,10.612249819483646
Dong Thap,1985-11-04,1985,11,4,3.110151655094569
Dong Thap,1985-11-05,1985,11,5,0.0570637266165765
Dong Thap,1985-11-06,1985,11,6,19.344804339028
Dong Thap,1985-11-07,1985,11,7,10.274095634389468
Dong Thap,1985-11-08,1985,11,8,0.0
Dong Thap,1985-11-09,1985,11,9,0.0
Dong Thap,1985-11-10,1985,11,10,4.792164496534773
Dong Thap,1985-11-11,1985,11,11,0.2731345016073958
Dong Thap,1985-11-12,1985,11,12,0.0
Dong Thap,1985-11-13,1985,11,13,1.1733121995025677
Dong Thap,1985-11-14,1985,11,14,3.5484967877568896
Dong Thap,1985-11-15,1985,11,15,7.584377011163772
Dong Thap,1985-11-16,1985,11,16,0.9979171169326232
Dong Thap,1985-11-17,1985,11,17,9.993748947907008
Dong Thap,1985-11-18,1985,11,18,3.862003241654882
Dong Thap,1985-11-19,1985,11,19,0.517851911246817
Dong Thap,1985-11-20,1985,11,20,2.187743934165979
Dong Thap,1985-11-21,1985,11,21,0.0
Dong Thap,1985-11-22,1985,11,22,1.307654274343118
Dong Thap,1985-11-23,1985,11,23,3.396790837981896
Dong Thap,1985-11-24,1985,11,24,5.833482271666858
Dong Thap,1985-11-25,1985,11,25,8.077895393346154
Dong Thap,1985-11-26,1985,11,26,0.0
Dong Thap,1985-11-27,1985,11,27,0.0
Dong Thap,1985-11-28,1985,11,28,0.793175336425743
Dong Thap,1985-11-29,1985,11,29,7.061716510131294
Dong Thap,1985-11-30,1985,11,30,2.8421881108265588
Dong Thap,1985-12-01,1985,12,1,1.9196611865323656
Dong Thap,1985-12-02,1985,12,2,3.757255501512606
Dong Thap,1985-12-03,1985,12,3,0.7041706112079237
Dong Thap,1985-12-04,1985,12,4,5.473184102188032
Dong Thap,1985-12-05,1985,12,5,1.342541122080816
Dong Thap,1985-12-06,1985,12,6,0.0
Dong Thap,1985-12-07,1985,12,7,0.2545045719128874
Dong Thap,1985-12-08,1985,12,8,0.0527267013111161
Dong Thap,1985-12-09,1985,12,9,0.0
Dong Thap,1985-12-10,1985,12,10,0.0
Dong Thap,1985-12-11,1985,12,11,0.5091270302086965
Dong Thap,1985-12-12,1985,12,12,1.7214435686769194
Dong Thap,1985-12-13,1985,12,13,0.0
Dong Thap,1985-12-14,1985,12,14,0.0
Dong Thap,1985-12-15,1985,12,15,0.0
Dong Thap,1985-12-16,1985,12,16,0.0
Dong Thap,1985-12-17,1985,12,17,0.0
Dong Thap,1985-12-18,1985,12,18,0.3734334047849089
Dong Thap,1985-12-19,1985,12,19,0.0
Dong Thap,1985-12-20,1985,12,20,2.277990400378655
Dong Thap,1985-12-21,1985,12,21,0.8948702156300278
Dong Thap,1985-12-22,1985,12,22,0.0
Dong Thap,1985-12-23,1985,12,23,0.0
Dong Thap,1985-12-24,1985,12,24,0.0
Dong Thap,1985-12-25,1985,12,25,0.0
Dong Thap,1985-12-26,1985,12,26,0.0
Dong Thap,1985-12-27,1985,12,27,0.0
Dong Thap,1985-12-28,1985,12,28,0.0
Dong Thap,1985-12-29,1985,12,29,0.0
Dong Thap,1985-12-30,1985,12,30,0.0
Dong Thap,1985-12-31,1985,12,31,0.0
Dong Thap,1986-01-01,1986,1,1,0.0
Dong Thap,1986-01-02,1986,1,2,0.0
Dong Thap,1986-01-03,1986,1,3,0.0
Dong Thap,1986-01-04,1986,1,4,0.0
Dong Thap,1986-01-05,1986,1,5,0.0
Dong Thap,1986-01-06,1986,1,6,0.0
Dong Thap,1986-01-07,1986,1,7,0.0
Dong Thap,1986-01-08,1986,1,8,0.0
Dong Thap,1986-01-09,1986,1,9,0.3509347427451261
Dong Thap,1986-01-10,1986,1,10,0.0
Dong Thap,1986-01-11,1986,1,11,0.0
Dong Thap,1986-01-12,1986,1,12,0.0
Dong Thap,1986-01-13,1986,1,13,0.2999813602182743
Dong Thap,1986-01-14,1986,1,14,3.82165593888745
Dong Thap,1986-01-15,1986,1,15,0.0
Dong Thap,1986-01-16,1986,1,16,0.2741056500053037
Dong Thap,1986-01-17,1986,1,17,0.4452812282547321
Dong Thap,1986-01-18,1986,1,18,0.5336033947645791
Dong Thap,1986-01-19,1986,1,19,0.0
Dong Thap,1986-01-20,1986,1,20,0.4389056248718412
Dong Thap,1986-01-21,1986,1,21,0.0051764939846785
Dong Thap,1986-01-22,1986,1,22,0.0
Dong Thap,1986-01-23,1986,1,23,0.0
Dong Thap,1986-01-24,1986,1,24,0.0
Dong Thap,1986-01-25,1986,1,25,0.0
Dong Thap,1986-01-26,1986,1,26,0.0
Dong Thap,1986-01-27,1986,1,27,0.0
Dong Thap,1986-01-28,1986,1,28,2.512975934160006
Dong Thap,1986-01-29,1986,1,29,0.0
Dong Thap,1986-01-30,1986,1,30,0.0
Dong Thap,1986-01-31,1986,1,31,0.0
Dong Thap,1986-02-01,1986,2,1,0.0
Dong Thap,1986-02-02,1986,2,2,0.0
Dong Thap,1986-02-03,1986,2,3,0.0
Dong Thap,1986-02-04,1986,2,4,0.0
Dong Thap,1986-02-05,1986,2,5,0.0
Dong Thap,1986-02-06,1986,2,6,0.0
Dong Thap,1986-02-07,1986,2,7,0.0
Dong Thap,1986-02-08,1986,2,8,0.0
Dong Thap,1986-02-09,1986,2,9,0.0
Dong Thap,1986-02-10,1986,2,10,0.0
Dong Thap,1986-02-11,1986,2,11,0.0
Dong Thap,1986-02-12,1986,2,12,0.0
Dong Thap,1986-02-13,1986,2,13,0.0
Dong Thap,1986-02-14,1986,2,14,0.0
Dong Thap,1986-02-15,1986,2,15,0.0
Dong Thap,1986-02-16,1986,2,16,0.0
Dong Thap,1986-02-17,1986,2,17,0.0
Dong Thap,1986-02-18,1986,2,18,0.0
Dong Thap,1986-02-19,1986,2,19,0.0
Dong Thap,1986-02-20,1986,2,20,0.0
Dong Thap,1986-02-21,1986,2,21,0.0796883656394597
Dong Thap,1986-02-22,1986,2,22,0.1789493111220242
Dong Thap,1986-02-23,1986,2,23,0.0
Dong Thap,1986-02-24,1986,2,24,0.0
Dong Thap,1986-02-25,1986,2,25,0.0
Dong Thap,1986-02-26,1986,2,26,0.3353628679038121
Dong Thap,1986-02-27,1986,2,27,0.0
Dong Thap,1986-02-28,1986,2,28,0.0
Dong Thap,1986-03-01,1986,3,1,0.0
Dong Thap,1986-03-02,1986,3,2,0.0
Dong Thap,1986-03-03,1986,3,3,0.0
Dong Thap,1986-03-04,1986,3,4,0.0
Dong Thap,1986-03-05,1986,3,5,0.0
Dong Thap,1986-03-06,1986,3,6,0.0
Dong Thap,1986-03-07,1986,3,7,0.0
Dong Thap,1986-03-08,1986,3,8,0.0
Dong Thap,1986-03-09,1986,3,9,0.0
Dong Thap,1986-03-10,1986,3,10,0.0
Dong Thap,1986-03-11,1986,3,11,0.0
Dong Thap,1986-03-12,1986,3,12,0.0
Dong Thap,1986-03-13,1986,3,13,0.0
Dong Thap,1986-03-14,1986,3,14,0.0
Dong Thap,1986-03-15,1986,3,15,0.0080252662115094
Dong Thap,1986-03-16,1986,3,16,0.0
Dong Thap,1986-03-17,1986,3,17,0.9465015566156972
Dong Thap,1986-03-18,1986,3,18,1.4731471806304746
Dong Thap,1986-03-19,1986,3,19,0.0
Dong Thap,1986-03-20,1986,3,20,0.0
Dong Thap,1986-03-21,1986,3,21,0.0
Dong Thap,1986-03-22,1986,3,22,0.0
Dong Thap,1986-03-23,1986,3,23,0.0
Dong Thap,1986-03-24,1986,3,24,0.0
Dong Thap,1986-03-25,1986,3,25,0.0
Dong Thap,1986-03-26,1986,3,26,0.0
Dong Thap,1986-03-27,1986,3,27,0.0
Dong Thap,1986-03-28,1986,3,28,0.0062651820709057
Dong Thap,1986-03-29,1986,3,29,0.0
Dong Thap,1986-03-30,1986,3,30,0.1611234833316681
Dong Thap,1986-03-31,1986,3,31,6.160491959312103
Dong Thap,1986-04-01,1986,4,1,0.0
Dong Thap,1986-04-02,1986,4,2,0.0
Dong Thap,1986-04-03,1986,4,3,0.0
Dong Thap,1986-04-04,1986,4,4,0.0
Dong Thap,1986-04-05,1986,4,5,0.0752658455285837
Dong Thap,1986-04-06,1986,4,6,0.0
Dong Thap,1986-04-07,1986,4,7,0.0
Dong Thap,1986-04-08,1986,4,8,0.2463918295064452
Dong Thap,1986-04-09,1986,4,9,4.084134955491699
Dong Thap,1986-04-10,1986,4,10,5.89942000336
Dong Thap,1986-04-11,1986,4,11,6.109168979135369
Dong Thap,1986-04-12,1986,4,12,5.205470563090249
Dong Thap,1986-04-13,1986,4,13,0.0
Dong Thap,1986-04-14,1986,4,14,0.0
Dong Thap,1986-04-15,1986,4,15,0.4026540105970964
Dong Thap,1986-04-16,1986,4,16,0.0
Dong Thap,1986-04-17,1986,4,17,0.000556459834252676
Dong Thap,1986-04-18,1986,4,18,2.5637110148342868
Dong Thap,1986-04-19,1986,4,19,1.5833075502128695
Dong Thap,1986-04-20,1986,4,20,1.915908575281145
Dong Thap,1986-04-21,1986,4,21,1.3727952960480465
Dong Thap,1986-04-22,1986,4,22,6.901846262212778
Dong Thap,1986-04-23,1986,4,23,0.0
Dong Thap,1986-04-24,1986,4,24,0.3952320443209752
Dong Thap,1986-04-25,1986,4,25,2.793120247235177
Dong Thap,1986-04-26,1986,4,26,1.617339241395116
Dong Thap,1986-04-27,1986,4,27,1.5343718556676662
Dong Thap,1986-04-28,1986,4,28,0.0
Dong Thap,1986-04-29,1986,4,29,0.0
Dong Thap,1986-04-30,1986,4,30,0.3199510491703111
Dong Thap,1986-05-01,1986,5,1,0.0
Dong Thap,1986-05-02,1986,5,2,4.092690873827715
Dong Thap,1986-05-03,1986,5,3,1.4029232643549738
Dong Thap,1986-05-04,1986,5,4,4.089298142403843
Dong Thap,1986-05-05,1986,5,5,3.68003254667658
Dong Thap,1986-05-06,1986,5,6,0.0
Dong Thap,1986-05-07,1986,5,7,0.0
Dong Thap,1986-05-08,1986,5,8,5.087944476099166
Dong Thap,1986-05-09,1986,5,9,0.0
Dong Thap,1986-05-10,1986,5,10,30.30771470243004
Dong Thap,1986-05-11,1986,5,11,8.929192028417317
Dong Thap,1986-05-12,1986,5,12,0.969332824820208
Dong Thap,1986-05-13,1986,5,13,5.28704955020891
Dong Thap,1986-05-14,1986,5,14,0.6026895473218163
Dong Thap,1986-05-15,1986,5,15,2.406902516513068
Dong Thap,1986-05-16,1986,5,16,6.037639748611928
Dong Thap,1986-05-17,1986,5,17,14.239512128788837
Dong Thap,1986-05-18,1986,5,18,10.204375104593638
Dong Thap,1986-05-19,1986,5,19,8.349767979652881
Dong Thap,1986-05-20,1986,5,20,8.12825144403019
Dong Thap,1986-05-21,1986,5,21,12.708269869980962
Dong Thap,1986-05-22,1986,5,22,15.455941334640675
Dong Thap,1986-05-23,1986,5,23,14.07193878484416
Dong Thap,1986-05-24,1986,5,24,8.611564667594925
Dong Thap,1986-05-25,1986,5,25,3.9324272750239255
Dong Thap,1986-05-26,1986,5,26,13.984628872858412
Dong Thap,1986-05-27,1986,5,27,1.5090517245752078
Dong Thap,1986-05-28,1986,5,28,5.2796285870341935
Dong Thap,1986-05-29,1986,5,29,1.5322036822014768
Dong Thap,1986-05-30,1986,5,30,6.554966683138355
Dong Thap,1986-05-31,1986,5,31,5.796671132463052
Dong Thap,1986-06-01,1986,6,1,3.9140192595555
Dong Thap,1986-06-02,1986,6,2,6.802506355801645
Dong Thap,1986-06-03,1986,6,3,7.734371362899414
Dong Thap,1986-06-04,1986,6,4,6.524564180591624
Dong Thap,1986-06-05,1986,6,5,2.8538979966542537
Dong Thap,1986-06-06,1986,6,6,0.0
Dong Thap,1986-06-07,1986,6,7,4.0590930655615525
Dong Thap,1986-06-08,1986,6,8,0.7969633558046959
Dong Thap,1986-06-09,1986,6,9,2.452542265675519
Dong Thap,1986-06-10,1986,6,10,16.068345227153866
Dong Thap,1986-06-11,1986,6,11,1.2634973724006873
Dong Thap,1986-06-12,1986,6,12,0.0
Dong Thap,1986-06-13,1986,6,13,0.0444664942155166
Dong Thap,1986-06-14,1986,6,14,2.098458356588963
Dong Thap,1986-06-15,1986,6,15,3.7888572001121785
Dong Thap,1986-06-16,1986,6,16,3.605020259536797
Dong Thap,1986-06-17,1986,6,17,12.041446360298524
Dong Thap,1986-06-18,1986,6,18,21.074608059245374
Dong Thap,1986-06-19,1986,6,19,8.894828452080963
Dong Thap,1986-06-20,1986,6,20,9.18183553759841
Dong Thap,1986-06-21,1986,6,21,5.446894585382973
Dong Thap,1986-06-22,1986,6,22,8.937170170901824
Dong Thap,1986-06-23,1986,6,23,9.380985733790272
Dong Thap,1986-06-24,1986,6,24,8.03056348008527
Dong Thap,1986-06-25,1986,6,25,5.853934198543546
Dong Thap,1986-06-26,1986,6,26,0.4688527666848884
Dong Thap,1986-06-27,1986,6,27,6.393396913322266
Dong Thap,1986-06-28,1986,6,28,3.5539195751194392
Dong Thap,1986-06-29,1986,6,29,0.5448289691306359
Dong Thap,1986-06-30,1986,6,30,1.9842180516651104
Dong Thap,1986-07-01,1986,7,1,10.577449537781538
Dong Thap,1986-07-02,1986,7,2,7.035238468879631
Dong Thap,1986-07-03,1986,7,3,3.2820182702885954
Dong Thap,1986-07-04,1986,7,4,0.0
Dong Thap,1986-07-05,1986,7,5,0.9024332588374112
Dong Thap,1986-07-06,1986,7,6,0.0
Dong Thap,1986-07-07,1986,7,7,1.2225587268602771
Dong Thap,1986-07-08,1986,7,8,1.6792877556881662
Dong Thap,1986-07-09,1986,7,9,7.199326322865586
Dong Thap,1986-07-10,1986,7,10,3.252802926550816
Dong Thap,1986-07-11,1986,7,11,4.650142086371829
Dong Thap,1986-07-12,1986,7,12,2.4418541330084222
Dong Thap,1986-07-13,1986,7,13,0.9042061286121909
Dong Thap,1986-07-14,1986,7,14,10.058972253113987
Dong Thap,1986-07-15,1986,7,15,13.996188227351835
Dong Thap,1986-07-16,1986,7,16,6.7567939370268695
Dong Thap,1986-07-17,1986,7,17,7.856289113720227
Dong Thap,1986-07-18,1986,7,18,9.612438407132542
Dong Thap,1986-07-19,1986,7,19,19.46198387061599
Dong Thap,1986-07-20,1986,7,20,14.895405110802692
Dong Thap,1986-07-21,1986,7,21,5.326676650472796
Dong Thap,1986-07-22,1986,7,22,3.675509384998745
Dong Thap,1986-07-23,1986,7,23,0.0058276841287199
Dong Thap,1986-07-24,1986,7,24,0.0
Dong Thap,1986-07-25,1986,7,25,6.873072177415154
Dong Thap,1986-07-26,1986,7,26,4.1425483219810735
Dong Thap,1986-07-27,1986,7,27,1.2032244026133443
Dong Thap,1986-07-28,1986,7,28,1.9035404420626625
Dong Thap,1986-07-29,1986,7,29,3.3479349276687853
Dong Thap,1986-07-30,1986,7,30,7.066135073366794
Dong Thap,1986-07-31,1986,7,31,8.442255149413484
Dong Thap,1986-08-01,1986,8,1,14.337369018356242
Dong Thap,1986-08-02,1986,8,2,0.6412180703406378
Dong Thap,1986-08-03,1986,8,3,11.069261649054196
Dong Thap,1986-08-04,1986,8,4,6.448271622267172
Dong Thap,1986-08-05,1986,8,5,0.4372066858947099
Dong Thap,1986-08-06,1986,8,6,3.026243386705201
Dong Thap,1986-08-07,1986,8,7,8.788046224170834
Dong Thap,1986-08-08,1986,8,8,9.559549928103708
Dong Thap,1986-08-09,1986,8,9,8.635994969331028
Dong Thap,1986-08-10,1986,8,10,2.031566344754398
Dong Thap,1986-08-11,1986,8,11,10.527797433871212
Dong Thap,1986-08-12,1986,8,12,2.6186078574507574
Dong Thap,1986-08-13,1986,8,13,4.020541946275827
Dong Thap,1986-08-14,1986,8,14,9.187912747422825
Dong Thap,1986-08-15,1986,8,15,11.226091617098296
Dong Thap,1986-08-16,1986,8,16,11.12505040375424
Dong Thap,1986-08-17,1986,8,17,2.0966507198860884
Dong Thap,1986-08-18,1986,8,18,12.328064309041295
Dong Thap,1986-08-19,1986,8,19,11.447922418386394
Dong Thap,1986-08-20,1986,8,20,4.761525184991328
Dong Thap,1986-08-21,1986,8,21,0.1051410176341755
Dong Thap,1986-08-22,1986,8,22,13.79644903853714
Dong Thap,1986-08-23,1986,8,23,0.0
Dong Thap,1986-08-24,1986,8,24,2.059464857256111
Dong Thap,1986-08-25,1986,8,25,14.1990637285303
Dong Thap,1986-08-26,1986,8,26,3.053711756952284
Dong Thap,1986-08-27,1986,8,27,1.6130148161017543
Dong Thap,1986-08-28,1986,8,28,4.227214882717073
Dong Thap,1986-08-29,1986,8,29,4.033565809369923
Dong Thap,1986-08-30,1986,8,30,1.7385346571388005
Dong Thap,1986-08-31,1986,8,31,0.3484639864823216
Dong Thap,1986-09-01,1986,9,1,0.0
Dong Thap,1986-09-02,1986,9,2,3.045653826015888
Dong Thap,1986-09-03,1986,9,3,8.131844640569346
Dong Thap,1986-09-04,1986,9,4,8.606732152576532
Dong Thap,1986-09-05,1986,9,5,7.346153856399026
Dong Thap,1986-09-06,1986,9,6,11.541130966966533
Dong Thap,1986-09-07,1986,9,7,12.007041257878182
Dong Thap,1986-09-08,1986,9,8,15.90240518115452
Dong Thap,1986-09-09,1986,9,9,26.13335609657844
Dong Thap,1986-09-10,1986,9,10,0.1442524706097397
Dong Thap,1986-09-11,1986,9,11,0.0
Dong Thap,1986-09-12,1986,9,12,2.754560606940035
Dong Thap,1986-09-13,1986,9,13,12.34423766024993
Dong Thap,1986-09-14,1986,9,14,1.985705764582564
Dong Thap,1986-09-15,1986,9,15,5.810506464957863
Dong Thap,1986-09-16,1986,9,16,1.7090083342616125
Dong Thap,1986-09-17,1986,9,17,5.566282208568524
Dong Thap,1986-09-18,1986,9,18,4.17739551866544
Dong Thap,1986-09-19,1986,9,19,3.4309785088931237
Dong Thap,1986-09-20,1986,9,20,5.980097426026754
Dong Thap,1986-09-21,1986,9,21,15.883230717416946
Dong Thap,1986-09-22,1986,9,22,16.167347056067168
Dong Thap,1986-09-23,1986,9,23,11.693692083582734
Dong Thap,1986-09-24,1986,9,24,10.379971379619183
Dong Thap,1986-09-25,1986,9,25,8.889031072024828
Dong Thap,1986-09-26,1986,9,26,9.34172056080101
Dong Thap,1986-09-27,1986,9,27,7.835746854286708
Dong Thap,1986-09-28,1986,9,28,11.171733623043812
Dong Thap,1986-09-29,1986,9,29,11.054151510878537
Dong Thap,1986-09-30,1986,9,30,15.597901884352291
Dong Thap,1986-10-01,1986,10,1,18.84029627502275
Dong Thap,1986-10-02,1986,10,2,1.4709776403521466
Dong Thap,1986-10-03,1986,10,3,7.261138488477065
Dong Thap,1986-10-04,1986,10,4,8.126084047473418
Dong Thap,1986-10-05,1986,10,5,15.227375105283738
Dong Thap,1986-10-06,1986,10,6,7.578455668526868
Dong Thap,1986-10-07,1986,10,7,5.44293496501616
Dong Thap,1986-10-08,1986,10,8,6.789279449383686
Dong Thap,1986-10-09,1986,10,9,10.197506860294173
Dong Thap,1986-10-10,1986,10,10,6.556081013125517
Dong Thap,1986-10-11,1986,10,11,1.713560819889591
Dong Thap,1986-10-12,1986,10,12,1.1839735851973283
Dong Thap,1986-10-13,1986,10,13,5.870314372865309
Dong Thap,1986-10-14,1986,10,14,8.37220116843164
Dong Thap,1986-10-15,1986,10,15,8.113207405194254
Dong Thap,1986-10-16,1986,10,16,25.236751401427103
Dong Thap,1986-10-17,1986,10,17,19.839336914758643
Dong Thap,1986-10-18,1986,10,18,3.3305562081617195
Dong Thap,1986-10-19,1986,10,19,6.269060230265944
Dong Thap,1986-10-20,1986,10,20,0.6101242129646354
Dong Thap,1986-10-21,1986,10,21,2.618855958443961
Dong Thap,1986-10-22,1986,10,22,7.871196898184366
Dong Thap,1986-10-23,1986,10,23,5.946578725871515
Dong Thap,1986-10-24,1986,10,24,3.970233241777881
Dong Thap,1986-10-25,1986,10,25,1.3387526703078318
Dong Thap,1986-10-26,1986,10,26,7.153382431427472
Dong Thap,1986-10-27,1986,10,27,10.843649351004435
Dong Thap,1986-10-28,1986,10,28,10.211519226901837
Dong Thap,1986-10-29,1986,10,29,10.249484987358452
Dong Thap,1986-10-30,1986,10,30,1.2857081726115651
Dong Thap,1986-10-31,1986,10,31,2.8600220510498144
Dong Thap,1986-11-01,1986,11,1,3.667433054161255
Dong Thap,1986-11-02,1986,11,2,2.684099299910524
Dong Thap,1986-11-03,1986,11,3,2.5954791795701597
Dong Thap,1986-11-04,1986,11,4,4.122514082470095
Dong Thap,1986-11-05,1986,11,5,5.252486493816335
Dong Thap,1986-11-06,1986,11,6,2.004720363570687
Dong Thap,1986-11-07,1986,11,7,0.0911355251854229
Dong Thap,1986-11-08,1986,11,8,0.3992358276585425
Dong Thap,1986-11-09,1986,11,9,1.6701188090033123
Dong Thap,1986-11-10,1986,11,10,4.899539655674224
Dong Thap,1986-11-11,1986,11,11,6.063098568784586
Dong Thap,1986-11-12,1986,11,12,0.0
Dong Thap,1986-11-13,1986,11,13,4.991115903182176
Dong Thap,1986-11-14,1986,11,14,5.691025987115333
Dong Thap,1986-11-15,1986,11,15,8.550828589673804
Dong Thap,1986-11-16,1986,11,16,9.770527654347948
Dong Thap,1986-11-17,1986,11,17,5.847057693570493
Dong Thap,1986-11-18,1986,11,18,1.3366807204729738
Dong Thap,1986-11-19,1986,11,19,0.065965468438001
Dong Thap,1986-11-20,1986,11,20,1.8405288842115533
Dong Thap,1986-11-21,1986,11,21,0.0
Dong Thap,1986-11-22,1986,11,22,0.0
Dong Thap,1986-11-23,1986,11,23,0.467878577280185
Dong Thap,1986-11-24,1986,11,24,0.0
Dong Thap,1986-11-25,1986,11,25,0.0
Dong Thap,1986-11-26,1986,11,26,6.626466048363655
Dong Thap,1986-11-27,1986,11,27,0.0
Dong Thap,1986-11-28,1986,11,28,0.0441439532238879
Dong Thap,1986-11-29,1986,11,29,0.0
Dong Thap,1986-11-30,1986,11,30,0.0
Dong Thap,1986-12-01,1986,12,1,0.3002917799031027
Dong Thap,1986-12-02,1986,12,2,0.0496277306419071
Dong Thap,1986-12-03,1986,12,3,0.2689235199226768
Dong Thap,1986-12-04,1986,12,4,2.53495035065067
Dong Thap,1986-12-05,1986,12,5,0.0
Dong Thap,1986-12-06,1986,12,6,0.0010749642909019
Dong Thap,1986-12-07,1986,12,7,0.0
Dong Thap,1986-12-08,1986,12,8,0.0030288825790871
Dong Thap,1986-12-09,1986,12,9,0.0363201353050614
Dong Thap,1986-12-10,1986,12,10,0.0
Dong Thap,1986-12-11,1986,12,11,0.0
Dong Thap,1986-12-12,1986,12,12,0.0
Dong Thap,1986-12-13,1986,12,13,0.0
Dong Thap,1986-12-14,1986,12,14,0.0
Dong Thap,1986-12-15,1986,12,15,0.0
Dong Thap,1986-12-16,1986,12,16,0.0
Dong Thap,1986-12-17,1986,12,17,0.0
Dong Thap,1986-12-18,1986,12,18,0.0
Dong Thap,1986-12-19,1986,12,19,0.0
Dong Thap,1986-12-20,1986,12,20,0.0
Dong Thap,1986-12-21,1986,12,21,0.0
Dong Thap,1986-12-22,1986,12,22,0.0
Dong Thap,1986-12-23,1986,12,23,0.0
Dong Thap,1986-12-24,1986,12,24,0.0
Dong Thap,1986-12-25,1986,12,25,0.0
Dong Thap,1986-12-26,1986,12,26,6.009825756686705
Dong Thap,1986-12-27,1986,12,27,0.0
Dong Thap,1986-12-28,1986,12,28,0.0
Dong Thap,1986-12-29,1986,12,29,0.0
Dong Thap,1986-12-30,1986,12,30,0.0
Dong Thap,1986-12-31,1986,12,31,0.0034544602634957
Dong Thap,1987-01-01,1987,1,1,0.45692388608203
Dong Thap,1987-01-02,1987,1,2,0.0
Dong Thap,1987-01-03,1987,1,3,0.0
Dong Thap,1987-01-04,1987,1,4,0.0
Dong Thap,1987-01-05,1987,1,5,0.0
Dong Thap,1987-01-06,1987,1,6,0.0
Dong Thap,1987-01-07,1987,1,7,0.0
Dong Thap,1987-01-08,1987,1,8,0.0
Dong Thap,1987-01-09,1987,1,9,0.0
Dong Thap,1987-01-10,1987,1,10,0.1449571687847355
Dong Thap,1987-01-11,1987,1,11,1.3418575460566715
Dong Thap,1987-01-12,1987,1,12,0.1270594257250214
Dong Thap,1987-01-13,1987,1,13,0.0
Dong Thap,1987-01-14,1987,1,14,0.0
Dong Thap,1987-01-15,1987,1,15,0.0
Dong Thap,1987-01-16,1987,1,16,1.04872797333196
Dong Thap,1987-01-17,1987,1,17,0.4899395155289935
Dong Thap,1987-01-18,1987,1,18,0.0
Dong Thap,1987-01-19,1987,1,19,0.0
Dong Thap,1987-01-20,1987,1,20,0.0
Dong Thap,1987-01-21,1987,1,21,1.4852442699534183
Dong Thap,1987-01-22,1987,1,22,0.0
Dong Thap,1987-01-23,1987,1,23,0.0
Dong Thap,1987-01-24,1987,1,24,0.2483159170849727
Dong Thap,1987-01-25,1987,1,25,0.1094747185166092
Dong Thap,1987-01-26,1987,1,26,0.0
Dong Thap,1987-01-27,1987,1,27,0.196016066532057
Dong Thap,1987-01-28,1987,1,28,0.0
Dong Thap,1987-01-29,1987,1,29,0.0
Dong Thap,1987-01-30,1987,1,30,0.0
Dong Thap,1987-01-31,1987,1,31,0.0
Dong Thap,1987-02-01,1987,2,1,0.0
Dong Thap,1987-02-02,1987,2,2,0.0
Dong Thap,1987-02-03,1987,2,3,0.0
Dong Thap,1987-02-04,1987,2,4,0.0
Dong Thap,1987-02-05,1987,2,5,0.0
Dong Thap,1987-02-06,1987,2,6,0.0
Dong Thap,1987-02-07,1987,2,7,0.0
Dong Thap,1987-02-08,1987,2,8,0.0
Dong Thap,1987-02-09,1987,2,9,0.0
Dong Thap,1987-02-10,1987,2,10,0.0
Dong Thap,1987-02-11,1987,2,11,0.0
Dong Thap,1987-02-12,1987,2,12,0.0
Dong Thap,1987-02-13,1987,2,13,0.0
Dong Thap,1987-02-14,1987,2,14,0.0
Dong Thap,1987-02-15,1987,2,15,0.0
Dong Thap,1987-02-16,1987,2,16,0.0
Dong Thap,1987-02-17,1987,2,17,0.0
Dong Thap,1987-02-18,1987,2,18,0.0
Dong Thap,1987-02-19,1987,2,19,0.0
Dong Thap,1987-02-20,1987,2,20,0.0
Dong Thap,1987-02-21,1987,2,21,0.0
Dong Thap,1987-02-22,1987,2,22,0.0
Dong Thap,1987-02-23,1987,2,23,0.0
Dong Thap,1987-02-24,1987,2,24,0.1224670592811282
Dong Thap,1987-02-25,1987,2,25,0.0
Dong Thap,1987-02-26,1987,2,26,0.0
Dong Thap,1987-02-27,1987,2,27,0.1355187862009208
Dong Thap,1987-02-28,1987,2,28,0.0
Dong Thap,1987-03-01,1987,3,1,1.563958642648844
Dong Thap,1987-03-02,1987,3,2,0.0
Dong Thap,1987-03-03,1987,3,3,0.0
Dong Thap,1987-03-04,1987,3,4,0.0
Dong Thap,1987-03-05,1987,3,5,0.0
Dong Thap,1987-03-06,1987,3,6,0.0
Dong Thap,1987-03-07,1987,3,7,0.0
Dong Thap,1987-03-08,1987,3,8,0.0
Dong Thap,1987-03-09,1987,3,9,0.0
Dong Thap,1987-03-10,1987,3,10,0.0
Dong Thap,1987-03-11,1987,3,11,0.0
Dong Thap,1987-03-12,1987,3,12,0.0
Dong Thap,1987-03-13,1987,3,13,0.0
Dong Thap,1987-03-14,1987,3,14,0.0
Dong Thap,1987-03-15,1987,3,15,0.0
Dong Thap,1987-03-16,1987,3,16,0.0
Dong Thap,1987-03-17,1987,3,17,1.1634207706359985
Dong Thap,1987-03-18,1987,3,18,0.2979403567308737
Dong Thap,1987-03-19,1987,3,19,5.070466692367322
Dong Thap,1987-03-20,1987,3,20,0.0
Dong Thap,1987-03-21,1987,3,21,0.8782429833084323
Dong Thap,1987-03-22,1987,3,22,0.0
Dong Thap,1987-03-23,1987,3,23,0.0033979930012356
Dong Thap,1987-03-24,1987,3,24,0.0
Dong Thap,1987-03-25,1987,3,25,0.0
Dong Thap,1987-03-26,1987,3,26,1.4778357660801518
Dong Thap,1987-03-27,1987,3,27,0.0
Dong Thap,1987-03-28,1987,3,28,0.0
Dong Thap,1987-03-29,1987,3,29,0.0
Dong Thap,1987-03-30,1987,3,30,0.0
Dong Thap,1987-03-31,1987,3,31,0.0
Dong Thap,1987-04-01,1987,4,1,0.2281688252611443
Dong Thap,1987-04-02,1987,4,2,1.0387948011902957
Dong Thap,1987-04-03,1987,4,3,3.654421888438919
Dong Thap,1987-04-04,1987,4,4,0.0
Dong Thap,1987-04-05,1987,4,5,0.0
Dong Thap,1987-04-06,1987,4,6,0.0
Dong Thap,1987-04-07,1987,4,7,0.0
Dong Thap,1987-04-08,1987,4,8,2.178468772136004
Dong Thap,1987-04-09,1987,4,9,3.02149706657292
Dong Thap,1987-04-10,1987,4,10,1.004495853333752
Dong Thap,1987-04-11,1987,4,11,0.7264192144103077
Dong Thap,1987-04-12,1987,4,12,0.4835710771126569
Dong Thap,1987-04-13,1987,4,13,4.221248776173683
Dong Thap,1987-04-14,1987,4,14,0.4256134202130289
Dong Thap,1987-04-15,1987,4,15,0.0
Dong Thap,1987-04-16,1987,4,16,0.0
Dong Thap,1987-04-17,1987,4,17,2.955163934149924
Dong Thap,1987-04-18,1987,4,18,0.0
Dong Thap,1987-04-19,1987,4,19,0.0
Dong Thap,1987-04-20,1987,4,20,0.0
Dong Thap,1987-04-21,1987,4,21,1.0843895831588497
Dong Thap,1987-04-22,1987,4,22,0.6651776583050825
Dong Thap,1987-04-23,1987,4,23,0.0
Dong Thap,1987-04-24,1987,4,24,0.8978823351770778
Dong Thap,1987-04-25,1987,4,25,1.7533357802542635
Dong Thap,1987-04-26,1987,4,26,0.0
Dong Thap,1987-04-27,1987,4,27,2.468149529276776
Dong Thap,1987-04-28,1987,4,28,0.0
Dong Thap,1987-04-29,1987,4,29,0.0
Dong Thap,1987-04-30,1987,4,30,0.0
Dong Thap,1987-05-01,1987,5,1,0.225442362712142
Dong Thap,1987-05-02,1987,5,2,0.886124908004403
Dong Thap,1987-05-03,1987,5,3,4.956571432666114
Dong Thap,1987-05-04,1987,5,4,2.430963630551973
Dong Thap,1987-05-05,1987,5,5,0.0
Dong Thap,1987-05-06,1987,5,6,0.9015515948034396
Dong Thap,1987-05-07,1987,5,7,4.720944645759438
Dong Thap,1987-05-08,1987,5,8,1.8195992863067345
Dong Thap,1987-05-09,1987,5,9,3.5128161411369776
Dong Thap,1987-05-10,1987,5,10,0.6822272791988538
Dong Thap,1987-05-11,1987,5,11,2.420146972164156
Dong Thap,1987-05-12,1987,5,12,1.0301543108109632
Dong Thap,1987-05-13,1987,5,13,5.130356271622103
Dong Thap,1987-05-14,1987,5,14,2.776926981965267
Dong Thap,1987-05-15,1987,5,15,1.174228795483076
Dong Thap,1987-05-16,1987,5,16,0.8780216135377105
Dong Thap,1987-05-17,1987,5,17,0.5128809109698732
Dong Thap,1987-05-18,1987,5,18,2.85203746949528
Dong Thap,1987-05-19,1987,5,19,3.487514774623385
Dong Thap,1987-05-20,1987,5,20,0.9455078248435848
Dong Thap,1987-05-21,1987,5,21,2.5882633120727707
Dong Thap,1987-05-22,1987,5,22,0.0179088248507571
Dong Thap,1987-05-23,1987,5,23,0.7980824385319324
Dong Thap,1987-05-24,1987,5,24,0.0
Dong Thap,1987-05-25,1987,5,25,0.0
Dong Thap,1987-05-26,1987,5,26,0.0652983915360844
Dong Thap,1987-05-27,1987,5,27,0.0
Dong Thap,1987-05-28,1987,5,28,1.3750092395720142
Dong Thap,1987-05-29,1987,5,29,0.8548939671610012
Dong Thap,1987-05-30,1987,5,30,1.9566939738884457
Dong Thap,1987-05-31,1987,5,31,0.7682133368726811
Dong Thap,1987-06-01,1987,6,1,7.351755854681501
Dong Thap,1987-06-02,1987,6,2,4.2017028387344295
Dong Thap,1987-06-03,1987,6,3,2.603051894500137
Dong Thap,1987-06-04,1987,6,4,1.5934384644085615
Dong Thap,1987-06-05,1987,6,5,3.780541639392109
Dong Thap,1987-06-06,1987,6,6,9.62819355477382
Dong Thap,1987-06-07,1987,6,7,11.723074066793126
Dong Thap,1987-06-08,1987,6,8,4.816864499881851
Dong Thap,1987-06-09,1987,6,9,11.396639415458775
Dong Thap,1987-06-10,1987,6,10,12.465332338781286
Dong Thap,1987-06-11,1987,6,11,12.878798269308524
Dong Thap,1987-06-12,1987,6,12,5.861044906084841
Dong Thap,1987-06-13,1987,6,13,4.820136357035417
Dong Thap,1987-06-14,1987,6,14,10.66477081416982
Dong Thap,1987-06-15,1987,6,15,17.986750057962492
Dong Thap,1987-06-16,1987,6,16,2.9458225613173794
Dong Thap,1987-06-17,1987,6,17,16.833426609733404
Dong Thap,1987-06-18,1987,6,18,1.9081936706646183
Dong Thap,1987-06-19,1987,6,19,4.815347595606525
Dong Thap,1987-06-20,1987,6,20,12.724587923224774
Dong Thap,1987-06-21,1987,6,21,6.210690433229208
Dong Thap,1987-06-22,1987,6,22,0.0
Dong Thap,1987-06-23,1987,6,23,2.449620700961801
Dong Thap,1987-06-24,1987,6,24,0.6102208614227638
Dong Thap,1987-06-25,1987,6,25,5.594359701206439
Dong Thap,1987-06-26,1987,6,26,1.8118884347553337
Dong Thap,1987-06-27,1987,6,27,2.621244482445843
Dong Thap,1987-06-28,1987,6,28,2.615603854766041
Dong Thap,1987-06-29,1987,6,29,2.2586157613866904
Dong Thap,1987-06-30,1987,6,30,1.31700902847336
Dong Thap,1987-07-01,1987,7,1,0.0
Dong Thap,1987-07-02,1987,7,2,14.451333032989
Dong Thap,1987-07-03,1987,7,3,9.79479675139324
Dong Thap,1987-07-04,1987,7,4,24.39121616289732
Dong Thap,1987-07-05,1987,7,5,6.645506297876589
Dong Thap,1987-07-06,1987,7,6,0.9458332636985533
Dong Thap,1987-07-07,1987,7,7,1.9802867398731063
Dong Thap,1987-07-08,1987,7,8,0.0
Dong Thap,1987-07-09,1987,7,9,5.611041049953757
Dong Thap,1987-07-10,1987,7,10,2.236436283775053
Dong Thap,1987-07-11,1987,7,11,5.148241870428175
Dong Thap,1987-07-12,1987,7,12,4.118607850505673
Dong Thap,1987-07-13,1987,7,13,2.7992692567308333
Dong Thap,1987-07-14,1987,7,14,2.5136325520832896
Dong Thap,1987-07-15,1987,7,15,0.0
Dong Thap,1987-07-16,1987,7,16,8.743470775924195
Dong Thap,1987-07-17,1987,7,17,11.394330124817706
Dong Thap,1987-07-18,1987,7,18,9.335031456462588
Dong Thap,1987-07-19,1987,7,19,7.801662267194409
Dong Thap,1987-07-20,1987,7,20,10.507406264956042
Dong Thap,1987-07-21,1987,7,21,5.1357308124803405
Dong Thap,1987-07-22,1987,7,22,3.635957304693442
Dong Thap,1987-07-23,1987,7,23,0.0
Dong Thap,1987-07-24,1987,7,24,0.0402427959704523
Dong Thap,1987-07-25,1987,7,25,0.700714844504478
Dong Thap,1987-07-26,1987,7,26,8.1522260648284
Dong Thap,1987-07-27,1987,7,27,5.551333881841915
Dong Thap,1987-07-28,1987,7,28,5.935897086222261
Dong Thap,1987-07-29,1987,7,29,9.514807497005163
Dong Thap,1987-07-30,1987,7,30,9.464963344089128
Dong Thap,1987-07-31,1987,7,31,4.890634020467124
Dong Thap,1987-08-01,1987,8,1,7.203937310229249
Dong Thap,1987-08-02,1987,8,2,5.900119337461851
Dong Thap,1987-08-03,1987,8,3,4.722299550371912
Dong Thap,1987-08-04,1987,8,4,0.2110416723441882
Dong Thap,1987-08-05,1987,8,5,0.4719254566660427
Dong Thap,1987-08-06,1987,8,6,0.0015105861356422
Dong Thap,1987-08-07,1987,8,7,0.0
Dong Thap,1987-08-08,1987,8,8,3.995339967609669
Dong Thap,1987-08-09,1987,8,9,4.60101222866837
Dong Thap,1987-08-10,1987,8,10,3.859741322572793
Dong Thap,1987-08-11,1987,8,11,9.310443788273195
Dong Thap,1987-08-12,1987,8,12,9.802968249194928
Dong Thap,1987-08-13,1987,8,13,13.58279546458947
Dong Thap,1987-08-14,1987,8,14,21.960818744744465
Dong Thap,1987-08-15,1987,8,15,28.454145088173068
Dong Thap,1987-08-16,1987,8,16,7.180516590140478
Dong Thap,1987-08-17,1987,8,17,5.880301901237584
Dong Thap,1987-08-18,1987,8,18,1.9945735662925368
Dong Thap,1987-08-19,1987,8,19,0.4757602476927599
Dong Thap,1987-08-20,1987,8,20,6.845981590252003
Dong Thap,1987-08-21,1987,8,21,24.753162343268865
Dong Thap,1987-08-22,1987,8,22,16.541975751502285
Dong Thap,1987-08-23,1987,8,23,18.33891572237068
Dong Thap,1987-08-24,1987,8,24,0.2604336266834664
Dong Thap,1987-08-25,1987,8,25,5.365763123780117
Dong Thap,1987-08-26,1987,8,26,2.6071653424313945
Dong Thap,1987-08-27,1987,8,27,6.76549454018835
Dong Thap,1987-08-28,1987,8,28,0.0
Dong Thap,1987-08-29,1987,8,29,1.6827446695815302
Dong Thap,1987-08-30,1987,8,30,0.0
Dong Thap,1987-08-31,1987,8,31,0.0
Dong Thap,1987-09-01,1987,9,1,7.169081733141296
Dong Thap,1987-09-02,1987,9,2,3.047664702939478
Dong Thap,1987-09-03,1987,9,3,6.567501463761855
Dong Thap,1987-09-04,1987,9,4,15.882522265981969
Dong Thap,1987-09-05,1987,9,5,14.113976705336691
Dong Thap,1987-09-06,1987,9,6,0.036584387770688
Dong Thap,1987-09-07,1987,9,7,0.5604834996412366
Dong Thap,1987-09-08,1987,9,8,0.932689912334872
Dong Thap,1987-09-09,1987,9,9,7.633495491852637
Dong Thap,1987-09-10,1987,9,10,9.922697891203322
Dong Thap,1987-09-11,1987,9,11,6.72127885326983
Dong Thap,1987-09-12,1987,9,12,1.80503528084862
Dong Thap,1987-09-13,1987,9,13,0.0914627852855367
Dong Thap,1987-09-14,1987,9,14,15.078037103747516
Dong Thap,1987-09-15,1987,9,15,13.685040022040914
Dong Thap,1987-09-16,1987,9,16,13.417855701480072
Dong Thap,1987-09-17,1987,9,17,4.048433188221365
Dong Thap,1987-09-18,1987,9,18,2.753091841002886
Dong Thap,1987-09-19,1987,9,19,1.3170026126282806
Dong Thap,1987-09-20,1987,9,20,5.055266637521614
Dong Thap,1987-09-21,1987,9,21,4.600949747081728
Dong Thap,1987-09-22,1987,9,22,3.97426807158843
Dong Thap,1987-09-23,1987,9,23,1.8833297067166503
Dong Thap,1987-09-24,1987,9,24,4.985770853581625
Dong Thap,1987-09-25,1987,9,25,0.9192230054951858
Dong Thap,1987-09-26,1987,9,26,3.2551007983715365
Dong Thap,1987-09-27,1987,9,27,11.721941475319646
Dong Thap,1987-09-28,1987,9,28,5.50474980326772
Dong Thap,1987-09-29,1987,9,29,9.790946877865608
Dong Thap,1987-09-30,1987,9,30,3.974349718692216
Dong Thap,1987-10-01,1987,10,1,16.134601666593536
Dong Thap,1987-10-02,1987,10,2,16.348950253002
Dong Thap,1987-10-03,1987,10,3,1.9569915795991653
Dong Thap,1987-10-04,1987,10,4,18.658462539683768
Dong Thap,1987-10-05,1987,10,5,3.531735980675716
Dong Thap,1987-10-06,1987,10,6,5.077951136179348
Dong Thap,1987-10-07,1987,10,7,10.646621571739212
Dong Thap,1987-10-08,1987,10,8,2.63909626938952
Dong Thap,1987-10-09,1987,10,9,2.794221953588844
Dong Thap,1987-10-10,1987,10,10,11.997054507084814
Dong Thap,1987-10-11,1987,10,11,15.597072302483632
Dong Thap,1987-10-12,1987,10,12,9.29755640135402
Dong Thap,1987-10-13,1987,10,13,6.885751901636972
Dong Thap,1987-10-14,1987,10,14,22.583586251773543
Dong Thap,1987-10-15,1987,10,15,4.702146887738659
Dong Thap,1987-10-16,1987,10,16,3.854237114501317
Dong Thap,1987-10-17,1987,10,17,4.931774895356738
Dong Thap,1987-10-18,1987,10,18,0.7606255661502617
Dong Thap,1987-10-19,1987,10,19,0.7849165478652366
Dong Thap,1987-10-20,1987,10,20,1.700461910510512
Dong Thap,1987-10-21,1987,10,21,0.0
Dong Thap,1987-10-22,1987,10,22,3.821647105220765
Dong Thap,1987-10-23,1987,10,23,1.2143595437560455
Dong Thap,1987-10-24,1987,10,24,5.314161199093243
Dong Thap,1987-10-25,1987,10,25,4.478369137699542
Dong Thap,1987-10-26,1987,10,26,9.879553180488024
Dong Thap,1987-10-27,1987,10,27,0.006383196604828
Dong Thap,1987-10-28,1987,10,28,1.4979784012327717
Dong Thap,1987-10-29,1987,10,29,16.388967509737135
Dong Thap,1987-10-30,1987,10,30,12.304499866431163
Dong Thap,1987-10-31,1987,10,31,19.350112459206212
Dong Thap,1987-11-01,1987,11,1,1.2700876056918051
Dong Thap,1987-11-02,1987,11,2,6.255174138147272
Dong Thap,1987-11-03,1987,11,3,14.129071569899889
Dong Thap,1987-11-04,1987,11,4,0.4357399092608901
Dong Thap,1987-11-05,1987,11,5,10.008083634198533
Dong Thap,1987-11-06,1987,11,6,4.234203106398914
Dong Thap,1987-11-07,1987,11,7,17.2120051590634
Dong Thap,1987-11-08,1987,11,8,6.58739181985816
Dong Thap,1987-11-09,1987,11,9,13.13364657814442
Dong Thap,1987-11-10,1987,11,10,12.664112241340646
Dong Thap,1987-11-11,1987,11,11,5.896891360437622
Dong Thap,1987-11-12,1987,11,12,5.690016330992629
Dong Thap,1987-11-13,1987,11,13,9.808751578649636
Dong Thap,1987-11-14,1987,11,14,0.710766466872503
Dong Thap,1987-11-15,1987,11,15,0.2527041965286179
Dong Thap,1987-11-16,1987,11,16,4.551908722425875
Dong Thap,1987-11-17,1987,11,17,0.1552739496509152
Dong Thap,1987-11-18,1987,11,18,11.471077283385767
Dong Thap,1987-11-19,1987,11,19,0.8448991768750196
Dong Thap,1987-11-20,1987,11,20,0.0
Dong Thap,1987-11-21,1987,11,21,0.0
Dong Thap,1987-11-22,1987,11,22,0.0152879998016876
Dong Thap,1987-11-23,1987,11,23,8.076405933432385
Dong Thap,1987-11-24,1987,11,24,7.595899513283363
Dong Thap,1987-11-25,1987,11,25,9.87923939423629
Dong Thap,1987-11-26,1987,11,26,6.420694151722923
Dong Thap,1987-11-27,1987,11,27,6.759838305283543
Dong Thap,1987-11-28,1987,11,28,11.508709189598047
Dong Thap,1987-11-29,1987,11,29,13.617864787578576
Dong Thap,1987-11-30,1987,11,30,0.0
Dong Thap,1987-12-01,1987,12,1,0.0
Dong Thap,1987-12-02,1987,12,2,0.0
Dong Thap,1987-12-03,1987,12,3,2.9870217829733057
Dong Thap,1987-12-04,1987,12,4,0.911866615148312
Dong Thap,1987-12-05,1987,12,5,0.055354632959632
Dong Thap,1987-12-06,1987,12,6,0.7115171515254547
Dong Thap,1987-12-07,1987,12,7,0.5366080568332857
Dong Thap,1987-12-08,1987,12,8,0.0
Dong Thap,1987-12-09,1987,12,9,0.0
Dong Thap,1987-12-10,1987,12,10,0.0
Dong Thap,1987-12-11,1987,12,11,0.0
Dong Thap,1987-12-12,1987,12,12,0.0
Dong Thap,1987-12-13,1987,12,13,4.100117830745156
Dong Thap,1987-12-14,1987,12,14,0.0
Dong Thap,1987-12-15,1987,12,15,0.0382893657045946
Dong Thap,1987-12-16,1987,12,16,0.0
Dong Thap,1987-12-17,1987,12,17,0.3074667812719186
Dong Thap,1987-12-18,1987,12,18,0.0
Dong Thap,1987-12-19,1987,12,19,0.0
Dong Thap,1987-12-20,1987,12,20,0.0
Dong Thap,1987-12-21,1987,12,21,0.0
Dong Thap,1987-12-22,1987,12,22,0.0
Dong Thap,1987-12-23,1987,12,23,0.0
Dong Thap,1987-12-24,1987,12,24,0.0
Dong Thap,1987-12-25,1987,12,25,0.0
Dong Thap,1987-12-26,1987,12,26,0.0563531455699889
Dong Thap,1987-12-27,1987,12,27,0.0
Dong Thap,1987-12-28,1987,12,28,0.0
Dong Thap,1987-12-29,1987,12,29,0.0121241078940491
Dong Thap,1987-12-30,1987,12,30,0.0
Dong Thap,1987-12-31,1987,12,31,0.0
Dong Thap,1988-01-01,1988,1,1,0.0
Dong Thap,1988-01-02,1988,1,2,0.0
Dong Thap,1988-01-03,1988,1,3,0.0
Dong Thap,1988-01-04,1988,1,4,0.0
Dong Thap,1988-01-05,1988,1,5,0.0
Dong Thap,1988-01-06,1988,1,6,0.0
Dong Thap,1988-01-07,1988,1,7,0.0
Dong Thap,1988-01-08,1988,1,8,0.0
Dong Thap,1988-01-09,1988,1,9,0.0
Dong Thap,1988-01-10,1988,1,10,0.0
Dong Thap,1988-01-11,1988,1,11,0.0
Dong Thap,1988-01-12,1988,1,12,0.0
Dong Thap,1988-01-13,1988,1,13,0.0
Dong Thap,1988-01-14,1988,1,14,2.805232018279682
Dong Thap,1988-01-15,1988,1,15,0.0
Dong Thap,1988-01-16,1988,1,16,0.0
Dong Thap,1988-01-17,1988,1,17,0.0
Dong Thap,1988-01-18,1988,1,18,0.0
Dong Thap,1988-01-19,1988,1,19,0.0
Dong Thap,1988-01-20,1988,1,20,0.0
Dong Thap,1988-01-21,1988,1,21,0.0
Dong Thap,1988-01-22,1988,1,22,0.0
Dong Thap,1988-01-23,1988,1,23,0.0
Dong Thap,1988-01-24,1988,1,24,0.0
Dong Thap,1988-01-25,1988,1,25,0.0
Dong Thap,1988-01-26,1988,1,26,1.1403477518790317
Dong Thap,1988-01-27,1988,1,27,4.859726334513516
Dong Thap,1988-01-28,1988,1,28,0.2197993859117847
Dong Thap,1988-01-29,1988,1,29,0.0
Dong Thap,1988-01-30,1988,1,30,0.0
Dong Thap,1988-01-31,1988,1,31,0.0063617906590451
Dong Thap,1988-02-01,1988,2,1,6.125585822574073
Dong Thap,1988-02-02,1988,2,2,0.0
Dong Thap,1988-02-03,1988,2,3,0.0
Dong Thap,1988-02-04,1988,2,4,0.0
Dong Thap,1988-02-05,1988,2,5,0.0
Dong Thap,1988-02-06,1988,2,6,0.0
Dong Thap,1988-02-07,1988,2,7,0.0
Dong Thap,1988-02-08,1988,2,8,0.0
Dong Thap,1988-02-09,1988,2,9,0.0
Dong Thap,1988-02-10,1988,2,10,0.0
Dong Thap,1988-02-11,1988,2,11,0.0045637051372644
Dong Thap,1988-02-12,1988,2,12,0.0
Dong Thap,1988-02-13,1988,2,13,0.0
Dong Thap,1988-02-14,1988,2,14,0.0
Dong Thap,1988-02-15,1988,2,15,0.0
Dong Thap,1988-02-16,1988,2,16,0.0
Dong Thap,1988-02-17,1988,2,17,0.2219311563855588
Dong Thap,1988-02-18,1988,2,18,1.1001618335732313
Dong Thap,1988-02-19,1988,2,19,0.0
Dong Thap,1988-02-20,1988,2,20,0.0
Dong Thap,1988-02-21,1988,2,21,0.0
Dong Thap,1988-02-22,1988,2,22,1.6772058114446635
Dong Thap,1988-02-23,1988,2,23,3.1702014682229085
Dong Thap,1988-02-24,1988,2,24,0.0
Dong Thap,1988-02-25,1988,2,25,0.0
Dong Thap,1988-02-26,1988,2,26,0.0
Dong Thap,1988-02-27,1988,2,27,0.0
Dong Thap,1988-02-28,1988,2,28,0.0
Dong Thap,1988-02-29,1988,2,29,0.0
Dong Thap,1988-03-01,1988,3,1,0.0341108325511277
Dong Thap,1988-03-02,1988,3,2,0.0
Dong Thap,1988-03-03,1988,3,3,0.0
Dong Thap,1988-03-04,1988,3,4,0.0
Dong Thap,1988-03-05,1988,3,5,0.5715867506658405
Dong Thap,1988-03-06,1988,3,6,0.1238208474865677
Dong Thap,1988-03-07,1988,3,7,0.0
Dong Thap,1988-03-08,1988,3,8,0.0
Dong Thap,1988-03-09,1988,3,9,0.0488665979520409
Dong Thap,1988-03-10,1988,3,10,0.0
Dong Thap,1988-03-11,1988,3,11,0.0
Dong Thap,1988-03-12,1988,3,12,0.0
Dong Thap,1988-03-13,1988,3,13,0.0
Dong Thap,1988-03-14,1988,3,14,0.0
Dong Thap,1988-03-15,1988,3,15,0.0972441991109384
Dong Thap,1988-03-16,1988,3,16,0.1592084050883517
Dong Thap,1988-03-17,1988,3,17,0.0
Dong Thap,1988-03-18,1988,3,18,0.0
Dong Thap,1988-03-19,1988,3,19,0.0
Dong Thap,1988-03-20,1988,3,20,0.3345298516471719
Dong Thap,1988-03-21,1988,3,21,0.0
Dong Thap,1988-03-22,1988,3,22,0.0
Dong Thap,1988-03-23,1988,3,23,0.0
Dong Thap,1988-03-24,1988,3,24,0.2382679441083659
Dong Thap,1988-03-25,1988,3,25,2.543387431892267
Dong Thap,1988-03-26,1988,3,26,4.51492454374299
Dong Thap,1988-03-27,1988,3,27,0.0
Dong Thap,1988-03-28,1988,3,28,0.0017452879350472
Dong Thap,1988-03-29,1988,3,29,0.0
Dong Thap,1988-03-30,1988,3,30,5.323952979157779
Dong Thap,1988-03-31,1988,3,31,0.9459654517372038
Dong Thap,1988-04-01,1988,4,1,0.0
Dong Thap,1988-04-02,1988,4,2,0.0
Dong Thap,1988-04-03,1988,4,3,0.0746862344766707
Dong Thap,1988-04-04,1988,4,4,0.0
Dong Thap,1988-04-05,1988,4,5,0.1113500331287781
Dong Thap,1988-04-06,1988,4,6,1.7140951417817636
Dong Thap,1988-04-07,1988,4,7,3.7955034536645327
Dong Thap,1988-04-08,1988,4,8,3.681397306505232
Dong Thap,1988-04-09,1988,4,9,0.0704109661022443
Dong Thap,1988-04-10,1988,4,10,0.0
Dong Thap,1988-04-11,1988,4,11,0.0
Dong Thap,1988-04-12,1988,4,12,0.0
Dong Thap,1988-04-13,1988,4,13,0.7743949148865654
Dong Thap,1988-04-14,1988,4,14,0.4632702414102771
Dong Thap,1988-04-15,1988,4,15,0.0006592729774926938
Dong Thap,1988-04-16,1988,4,16,0.1061340249501741
Dong Thap,1988-04-17,1988,4,17,0.0
Dong Thap,1988-04-18,1988,4,18,0.7485989785421614
Dong Thap,1988-04-19,1988,4,19,0.0
Dong Thap,1988-04-20,1988,4,20,0.4366106387571814
Dong Thap,1988-04-21,1988,4,21,0.2295221292177294
Dong Thap,1988-04-22,1988,4,22,5.189942875091305
Dong Thap,1988-04-23,1988,4,23,7.583772809300694
Dong Thap,1988-04-24,1988,4,24,0.4534221400688746
Dong Thap,1988-04-25,1988,4,25,0.0
Dong Thap,1988-04-26,1988,4,26,3.9553198236131
Dong Thap,1988-04-27,1988,4,27,0.0
Dong Thap,1988-04-28,1988,4,28,1.3023321566693709
Dong Thap,1988-04-29,1988,4,29,9.326395622052
Dong Thap,1988-04-30,1988,4,30,8.346400926862142
Dong Thap,1988-05-01,1988,5,1,6.357201787222801
Dong Thap,1988-05-02,1988,5,2,4.376263002419324
Dong Thap,1988-05-03,1988,5,3,4.628435294198589
Dong Thap,1988-05-04,1988,5,4,3.0436274100789023
Dong Thap,1988-05-05,1988,5,5,12.557041420007682
Dong Thap,1988-05-06,1988,5,6,4.78130589461743
Dong Thap,1988-05-07,1988,5,7,4.061903302033038
Dong Thap,1988-05-08,1988,5,8,1.0695556461378264
Dong Thap,1988-05-09,1988,5,9,4.788985142598
Dong Thap,1988-05-10,1988,5,10,10.236553668705328
Dong Thap,1988-05-11,1988,5,11,8.849899611723023
Dong Thap,1988-05-12,1988,5,12,15.63515737200367
Dong Thap,1988-05-13,1988,5,13,15.220693410267923
Dong Thap,1988-05-14,1988,5,14,5.670506438518936
Dong Thap,1988-05-15,1988,5,15,14.676885093424302
Dong Thap,1988-05-16,1988,5,16,9.030542117223357
Dong Thap,1988-05-17,1988,5,17,5.209830950846713
Dong Thap,1988-05-18,1988,5,18,3.840116900802063
Dong Thap,1988-05-19,1988,5,19,8.851019297932071
Dong Thap,1988-05-20,1988,5,20,7.826409020336245
Dong Thap,1988-05-21,1988,5,21,3.738989761580624
Dong Thap,1988-05-22,1988,5,22,13.994894148434042
Dong Thap,1988-05-23,1988,5,23,11.452641240479805
Dong Thap,1988-05-24,1988,5,24,11.300089503919716
Dong Thap,1988-05-25,1988,5,25,19.905517060280054
Dong Thap,1988-05-26,1988,5,26,6.450527504766124
Dong Thap,1988-05-27,1988,5,27,0.6949728998516809
Dong Thap,1988-05-28,1988,5,28,9.26586144704085
Dong Thap,1988-05-29,1988,5,29,3.8835755116495374
Dong Thap,1988-05-30,1988,5,30,1.953829187978441
Dong Thap,1988-05-31,1988,5,31,0.4739083055739014
Dong Thap,1988-06-01,1988,6,1,0.3110396474860192
Dong Thap,1988-06-02,1988,6,2,0.3017715034093043
Dong Thap,1988-06-03,1988,6,3,0.0
Dong Thap,1988-06-04,1988,6,4,2.6451746907253395
Dong Thap,1988-06-05,1988,6,5,3.263614907289324
Dong Thap,1988-06-06,1988,6,6,3.73325341950746
Dong Thap,1988-06-07,1988,6,7,1.4501391642990902
Dong Thap,1988-06-08,1988,6,8,0.00098576334657814
Dong Thap,1988-06-09,1988,6,9,2.0200211368154597
Dong Thap,1988-06-10,1988,6,10,3.803955635804422
Dong Thap,1988-06-11,1988,6,11,8.955750627124933
Dong Thap,1988-06-12,1988,6,12,8.018954252822073
Dong Thap,1988-06-13,1988,6,13,0.0
Dong Thap,1988-06-14,1988,6,14,1.2051476251045694
Dong Thap,1988-06-15,1988,6,15,3.7940743787707376
Dong Thap,1988-06-16,1988,6,16,0.095736641975279
Dong Thap,1988-06-17,1988,6,17,0.0
Dong Thap,1988-06-18,1988,6,18,7.980875336991322
Dong Thap,1988-06-19,1988,6,19,4.531342332017429
Dong Thap,1988-06-20,1988,6,20,2.9945656455087897
Dong Thap,1988-06-21,1988,6,21,0.0003086286511366021
Dong Thap,1988-06-22,1988,6,22,0.0
Dong Thap,1988-06-23,1988,6,23,0.9292530377509776
Dong Thap,1988-06-24,1988,6,24,0.02990932670991
Dong Thap,1988-06-25,1988,6,25,1.7335620668704257
Dong Thap,1988-06-26,1988,6,26,0.298340370695567
Dong Thap,1988-06-27,1988,6,27,0.6951054992665229
Dong Thap,1988-06-28,1988,6,28,1.6966479315403658
Dong Thap,1988-06-29,1988,6,29,2.263706088380557
Dong Thap,1988-06-30,1988,6,30,2.0212212959086773
Dong Thap,1988-07-01,1988,7,1,0.9125185512565878
Dong Thap,1988-07-02,1988,7,2,5.979196148926853
Dong Thap,1988-07-03,1988,7,3,12.958291738380074
Dong Thap,1988-07-04,1988,7,4,1.3827417197413037
Dong Thap,1988-07-05,1988,7,5,4.1921001967927705
Dong Thap,1988-07-06,1988,7,6,3.9635871510292495
Dong Thap,1988-07-07,1988,7,7,6.74317948304798
Dong Thap,1988-07-08,1988,7,8,5.027083681044675
Dong Thap,1988-07-09,1988,7,9,8.504677649038783
Dong Thap,1988-07-10,1988,7,10,7.455402163291207
Dong Thap,1988-07-11,1988,7,11,11.332825232098529
Dong Thap,1988-07-12,1988,7,12,20.342580069699245
Dong Thap,1988-07-13,1988,7,13,2.1983553300727263
Dong Thap,1988-07-14,1988,7,14,8.203007294202784
Dong Thap,1988-07-15,1988,7,15,10.1679748093457
Dong Thap,1988-07-16,1988,7,16,2.1777799371583453
Dong Thap,1988-07-17,1988,7,17,0.7660296578674539
Dong Thap,1988-07-18,1988,7,18,3.916980692087615
Dong Thap,1988-07-19,1988,7,19,8.368418713728532
Dong Thap,1988-07-20,1988,7,20,9.39264165768148
Dong Thap,1988-07-21,1988,7,21,2.035047828880653
Dong Thap,1988-07-22,1988,7,22,0.5386675436236512
Dong Thap,1988-07-23,1988,7,23,7.45914505877569
Dong Thap,1988-07-24,1988,7,24,10.507707795846311
Dong Thap,1988-07-25,1988,7,25,4.483823314427462
Dong Thap,1988-07-26,1988,7,26,11.491036665704693
Dong Thap,1988-07-27,1988,7,27,1.6197915321065093
Dong Thap,1988-07-28,1988,7,28,0.0
Dong Thap,1988-07-29,1988,7,29,2.756730178031678
Dong Thap,1988-07-30,1988,7,30,2.628239848187971
Dong Thap,1988-07-31,1988,7,31,21.61747839644514
Dong Thap,1988-08-01,1988,8,1,4.0462205034786525
Dong Thap,1988-08-02,1988,8,2,4.38533141109471
Dong Thap,1988-08-03,1988,8,3,3.096047559359566
Dong Thap,1988-08-04,1988,8,4,0.3820851549509567
Dong Thap,1988-08-05,1988,8,5,0.7313853757828306
Dong Thap,1988-08-06,1988,8,6,0.7179485016536462
Dong Thap,1988-08-07,1988,8,7,0.5607493926783875
Dong Thap,1988-08-08,1988,8,8,0.1502531389172232
Dong Thap,1988-08-09,1988,8,9,1.7696375659440196
Dong Thap,1988-08-10,1988,8,10,1.914760556781213
Dong Thap,1988-08-11,1988,8,11,0.2272903566014774
Dong Thap,1988-08-12,1988,8,12,0.2057154916306322
Dong Thap,1988-08-13,1988,8,13,3.454671690239234
Dong Thap,1988-08-14,1988,8,14,2.146633325015737
Dong Thap,1988-08-15,1988,8,15,0.163372987896941
Dong Thap,1988-08-16,1988,8,16,2.264330028645678
Dong Thap,1988-08-17,1988,8,17,1.5086927112840267
Dong Thap,1988-08-18,1988,8,18,1.2771738452288683
Dong Thap,1988-08-19,1988,8,19,0.7865678777236473
Dong Thap,1988-08-20,1988,8,20,5.714311132185956
Dong Thap,1988-08-21,1988,8,21,2.2470088461027244
Dong Thap,1988-08-22,1988,8,22,1.35409273167627
Dong Thap,1988-08-23,1988,8,23,0.0052365864556691
Dong Thap,1988-08-24,1988,8,24,3.6823545801300073
Dong Thap,1988-08-25,1988,8,25,4.146721418594486
Dong Thap,1988-08-26,1988,8,26,2.261038875042892
Dong Thap,1988-08-27,1988,8,27,2.90872066762338
Dong Thap,1988-08-28,1988,8,28,4.983383126653237
Dong Thap,1988-08-29,1988,8,29,6.597398451208011
Dong Thap,1988-08-30,1988,8,30,1.8563646461847605
Dong Thap,1988-08-31,1988,8,31,1.4962890938833933
Dong Thap,1988-09-01,1988,9,1,1.368460836856441
Dong Thap,1988-09-02,1988,9,2,3.0678945487356244
Dong Thap,1988-09-03,1988,9,3,3.97134123814601
Dong Thap,1988-09-04,1988,9,4,5.432533241414497
Dong Thap,1988-09-05,1988,9,5,2.809448664573035
Dong Thap,1988-09-06,1988,9,6,0.740269925586485
Dong Thap,1988-09-07,1988,9,7,1.217118785846982
Dong Thap,1988-09-08,1988,9,8,5.092898649580492
Dong Thap,1988-09-09,1988,9,9,3.55271602996642
Dong Thap,1988-09-10,1988,9,10,6.210509284823583
Dong Thap,1988-09-11,1988,9,11,4.637300783297032
Dong Thap,1988-09-12,1988,9,12,10.937506803206796
Dong Thap,1988-09-13,1988,9,13,1.666559927474892
Dong Thap,1988-09-14,1988,9,14,7.610670831581079
Dong Thap,1988-09-15,1988,9,15,3.38534501864441
Dong Thap,1988-09-16,1988,9,16,10.141886765585747
Dong Thap,1988-09-17,1988,9,17,5.604536961773394
Dong Thap,1988-09-18,1988,9,18,5.236077537646441
Dong Thap,1988-09-19,1988,9,19,15.460241060692994
Dong Thap,1988-09-20,1988,9,20,16.555168023111047
Dong Thap,1988-09-21,1988,9,21,22.52280215625187
Dong Thap,1988-09-22,1988,9,22,11.521515057244914
Dong Thap,1988-09-23,1988,9,23,9.664336829586365
Dong Thap,1988-09-24,1988,9,24,17.103618337882462
Dong Thap,1988-09-25,1988,9,25,7.50012735241742
Dong Thap,1988-09-26,1988,9,26,12.174979332098214
Dong Thap,1988-09-27,1988,9,27,15.246938485527942
Dong Thap,1988-09-28,1988,9,28,14.578239659211352
Dong Thap,1988-09-29,1988,9,29,11.75947406856224
Dong Thap,1988-09-30,1988,9,30,3.689933684182215
Dong Thap,1988-10-01,1988,10,1,15.35463655872736
Dong Thap,1988-10-02,1988,10,2,7.9882853018850675
Dong Thap,1988-10-03,1988,10,3,15.633097921392666
Dong Thap,1988-10-04,1988,10,4,1.2498615848685375
Dong Thap,1988-10-05,1988,10,5,0.2494452191178208
Dong Thap,1988-10-06,1988,10,6,4.687725500263051
Dong Thap,1988-10-07,1988,10,7,4.311762997311259
Dong Thap,1988-10-08,1988,10,8,4.584970274634552
Dong Thap,1988-10-09,1988,10,9,16.432088207625082
Dong Thap,1988-10-10,1988,10,10,0.4793061809202209
Dong Thap,1988-10-11,1988,10,11,1.3697807215389164
Dong Thap,1988-10-12,1988,10,12,13.259371159418595
Dong Thap,1988-10-13,1988,10,13,2.0027238177636426
Dong Thap,1988-10-14,1988,10,14,17.007630463222096
Dong Thap,1988-10-15,1988,10,15,19.466833413796863
Dong Thap,1988-10-16,1988,10,16,12.772697834016936
Dong Thap,1988-10-17,1988,10,17,1.1285264617276345
Dong Thap,1988-10-18,1988,10,18,8.694903156899091
Dong Thap,1988-10-19,1988,10,19,11.348104822343505
Dong Thap,1988-10-20,1988,10,20,2.7998225157943084
Dong Thap,1988-10-21,1988,10,21,20.34761148493711
Dong Thap,1988-10-22,1988,10,22,18.899456600361678
Dong Thap,1988-10-23,1988,10,23,10.316893239518476
Dong Thap,1988-10-24,1988,10,24,4.589291037062221
Dong Thap,1988-10-25,1988,10,25,8.42085950985121
Dong Thap,1988-10-26,1988,10,26,6.698346182321888
Dong Thap,1988-10-27,1988,10,27,11.70772687262733
Dong Thap,1988-10-28,1988,10,28,0.0
Dong Thap,1988-10-29,1988,10,29,0.1547977993459638
Dong Thap,1988-10-30,1988,10,30,0.1717532763736491
Dong Thap,1988-10-31,1988,10,31,1.288523898201516
Dong Thap,1988-11-01,1988,11,1,9.466353017901891
Dong Thap,1988-11-02,1988,11,2,8.1686849460895
Dong Thap,1988-11-03,1988,11,3,0.7185616695558991
Dong Thap,1988-11-04,1988,11,4,0.3832732361137176
Dong Thap,1988-11-05,1988,11,5,0.4981055876579525
Dong Thap,1988-11-06,1988,11,6,38.638640163219065
Dong Thap,1988-11-07,1988,11,7,0.7140311140145251
Dong Thap,1988-11-08,1988,11,8,0.0
Dong Thap,1988-11-09,1988,11,9,0.0
Dong Thap,1988-11-10,1988,11,10,0.22080606602205
Dong Thap,1988-11-11,1988,11,11,0.0
Dong Thap,1988-11-12,1988,11,12,0.0
Dong Thap,1988-11-13,1988,11,13,0.0
Dong Thap,1988-11-14,1988,11,14,0.0
Dong Thap,1988-11-15,1988,11,15,0.0
Dong Thap,1988-11-16,1988,11,16,7.35921938451261
Dong Thap,1988-11-17,1988,11,17,0.0
Dong Thap,1988-11-18,1988,11,18,0.0
Dong Thap,1988-11-19,1988,11,19,0.6077932342261393
Dong Thap,1988-11-20,1988,11,20,7.353293719220275
Dong Thap,1988-11-21,1988,11,21,0.4836819003925101
Dong Thap,1988-11-22,1988,11,22,1.4239444850198204
Dong Thap,1988-11-23,1988,11,23,0.7254466192641706
Dong Thap,1988-11-24,1988,11,24,0.2727907787165674
Dong Thap,1988-11-25,1988,11,25,0.0
Dong Thap,1988-11-26,1988,11,26,0.450194716588802
Dong Thap,1988-11-27,1988,11,27,0.3154378491435862
Dong Thap,1988-11-28,1988,11,28,5.420126109158934
Dong Thap,1988-11-29,1988,11,29,0.3796697322516746
Dong Thap,1988-11-30,1988,11,30,16.241968226738464
Dong Thap,1988-12-01,1988,12,1,0.0
Dong Thap,1988-12-02,1988,12,2,0.0
Dong Thap,1988-12-03,1988,12,3,0.0
Dong Thap,1988-12-04,1988,12,4,0.0
Dong Thap,1988-12-05,1988,12,5,0.0
Dong Thap,1988-12-06,1988,12,6,0.0
Dong Thap,1988-12-07,1988,12,7,0.0
Dong Thap,1988-12-08,1988,12,8,0.3930523900832072
Dong Thap,1988-12-09,1988,12,9,0.378983560226822
Dong Thap,1988-12-10,1988,12,10,1.0095289477908151
Dong Thap,1988-12-11,1988,12,11,0.0
Dong Thap,1988-12-12,1988,12,12,0.0
Dong Thap,1988-12-13,1988,12,13,0.0
Dong Thap,1988-12-14,1988,12,14,0.0
Dong Thap,1988-12-15,1988,12,15,0.0
Dong Thap,1988-12-16,1988,12,16,0.0
Dong Thap,1988-12-17,1988,12,17,0.0
Dong Thap,1988-12-18,1988,12,18,1.2005362803294377
Dong Thap,1988-12-19,1988,12,19,0.0
Dong Thap,1988-12-20,1988,12,20,0.0
Dong Thap,1988-12-21,1988,12,21,0.0
Dong Thap,1988-12-22,1988,12,22,0.8492309349631947
Dong Thap,1988-12-23,1988,12,23,0.0
Dong Thap,1988-12-24,1988,12,24,0.0
Dong Thap,1988-12-25,1988,12,25,0.0
Dong Thap,1988-12-26,1988,12,26,0.0
Dong Thap,1988-12-27,1988,12,27,0.0
Dong Thap,1988-12-28,1988,12,28,0.0
Dong Thap,1988-12-29,1988,12,29,0.0
Dong Thap,1988-12-30,1988,12,30,0.0043793909483305
Dong Thap,1988-12-31,1988,12,31,0.9230698685858936
Dong Thap,1989-01-01,1989,1,1,1.889574137037238
Dong Thap,1989-01-02,1989,1,2,0.0
Dong Thap,1989-01-03,1989,1,3,0.0
Dong Thap,1989-01-04,1989,1,4,0.0068767701981693
Dong Thap,1989-01-05,1989,1,5,0.0
Dong Thap,1989-01-06,1989,1,6,0.0
Dong Thap,1989-01-07,1989,1,7,0.0
Dong Thap,1989-01-08,1989,1,8,0.0
Dong Thap,1989-01-09,1989,1,9,0.0
Dong Thap,1989-01-10,1989,1,10,0.0
Dong Thap,1989-01-11,1989,1,11,0.0
Dong Thap,1989-01-12,1989,1,12,0.0
Dong Thap,1989-01-13,1989,1,13,0.0
Dong Thap,1989-01-14,1989,1,14,0.0
Dong Thap,1989-01-15,1989,1,15,0.0
Dong Thap,1989-01-16,1989,1,16,0.0
Dong Thap,1989-01-17,1989,1,17,0.0
Dong Thap,1989-01-18,1989,1,18,0.0
Dong Thap,1989-01-19,1989,1,19,0.0
Dong Thap,1989-01-20,1989,1,20,0.0
Dong Thap,1989-01-21,1989,1,21,0.0
Dong Thap,1989-01-22,1989,1,22,2.99806934543713
Dong Thap,1989-01-23,1989,1,23,0.0
Dong Thap,1989-01-24,1989,1,24,0.0
Dong Thap,1989-01-25,1989,1,25,0.0
Dong Thap,1989-01-26,1989,1,26,0.0
Dong Thap,1989-01-27,1989,1,27,1.3823381582436058
Dong Thap,1989-01-28,1989,1,28,0.373133615704115
Dong Thap,1989-01-29,1989,1,29,0.0
Dong Thap,1989-01-30,1989,1,30,0.5940668885064604
Dong Thap,1989-01-31,1989,1,31,0.0
Dong Thap,1989-02-01,1989,2,1,0.0
Dong Thap,1989-02-02,1989,2,2,0.0
Dong Thap,1989-02-03,1989,2,3,0.0
Dong Thap,1989-02-04,1989,2,4,0.0
Dong Thap,1989-02-05,1989,2,5,0.0
Dong Thap,1989-02-06,1989,2,6,0.0
Dong Thap,1989-02-07,1989,2,7,0.0
Dong Thap,1989-02-08,1989,2,8,0.0
Dong Thap,1989-02-09,1989,2,9,0.0
Dong Thap,1989-02-10,1989,2,10,0.0
Dong Thap,1989-02-11,1989,2,11,0.0
Dong Thap,1989-02-12,1989,2,12,0.0
Dong Thap,1989-02-13,1989,2,13,0.0
Dong Thap,1989-02-14,1989,2,14,0.0
Dong Thap,1989-02-15,1989,2,15,0.0
Dong Thap,1989-02-16,1989,2,16,0.0
Dong Thap,1989-02-17,1989,2,17,0.0
Dong Thap,1989-02-18,1989,2,18,0.0
Dong Thap,1989-02-19,1989,2,19,0.0
Dong Thap,1989-02-20,1989,2,20,0.0
Dong Thap,1989-02-21,1989,2,21,0.0018247284801579
Dong Thap,1989-02-22,1989,2,22,2.416590382743373
Dong Thap,1989-02-23,1989,2,23,1.0148042252281773
Dong Thap,1989-02-24,1989,2,24,0.0
Dong Thap,1989-02-25,1989,2,25,0.0
Dong Thap,1989-02-26,1989,2,26,0.0
Dong Thap,1989-02-27,1989,2,27,0.0
Dong Thap,1989-02-28,1989,2,28,0.0
Dong Thap,1989-03-01,1989,3,1,0.5189026637306714
Dong Thap,1989-03-02,1989,3,2,0.0
Dong Thap,1989-03-03,1989,3,3,0.0
Dong Thap,1989-03-04,1989,3,4,0.0
Dong Thap,1989-03-05,1989,3,5,0.0
Dong Thap,1989-03-06,1989,3,6,0.0
Dong Thap,1989-03-07,1989,3,7,0.0
Dong Thap,1989-03-08,1989,3,8,0.0
Dong Thap,1989-03-09,1989,3,9,0.0
Dong Thap,1989-03-10,1989,3,10,0.0
Dong Thap,1989-03-11,1989,3,11,0.0
Dong Thap,1989-03-12,1989,3,12,0.0
Dong Thap,1989-03-13,1989,3,13,2.736785758412665
Dong Thap,1989-03-14,1989,3,14,0.0
Dong Thap,1989-03-15,1989,3,15,0.0
Dong Thap,1989-03-16,1989,3,16,0.0
Dong Thap,1989-03-17,1989,3,17,0.2059671924934923
Dong Thap,1989-03-18,1989,3,18,10.212568920121752
Dong Thap,1989-03-19,1989,3,19,7.015319970126375
Dong Thap,1989-03-20,1989,3,20,2.0222627977976484
Dong Thap,1989-03-21,1989,3,21,0.0
Dong Thap,1989-03-22,1989,3,22,6.5913603804686005
Dong Thap,1989-03-23,1989,3,23,0.0
Dong Thap,1989-03-24,1989,3,24,0.0
Dong Thap,1989-03-25,1989,3,25,0.0
Dong Thap,1989-03-26,1989,3,26,0.0457009383007488
Dong Thap,1989-03-27,1989,3,27,0.0
Dong Thap,1989-03-28,1989,3,28,1.0760371619296607
Dong Thap,1989-03-29,1989,3,29,0.0
Dong Thap,1989-03-30,1989,3,30,1.726472307643247
Dong Thap,1989-03-31,1989,3,31,0.0
Dong Thap,1989-04-01,1989,4,1,1.9634916944712872
Dong Thap,1989-04-02,1989,4,2,3.8814161935711686
Dong Thap,1989-04-03,1989,4,3,0.0
Dong Thap,1989-04-04,1989,4,4,0.0
Dong Thap,1989-04-05,1989,4,5,0.0
Dong Thap,1989-04-06,1989,4,6,0.0658169627622435
Dong Thap,1989-04-07,1989,4,7,0.0
Dong Thap,1989-04-08,1989,4,8,0.0
Dong Thap,1989-04-09,1989,4,9,0.0
Dong Thap,1989-04-10,1989,4,10,0.0665703026147988
Dong Thap,1989-04-11,1989,4,11,0.7883937398213929
Dong Thap,1989-04-12,1989,4,12,2.746450707684954
Dong Thap,1989-04-13,1989,4,13,2.8799444378125627
Dong Thap,1989-04-14,1989,4,14,0.0
Dong Thap,1989-04-15,1989,4,15,0.0
Dong Thap,1989-04-16,1989,4,16,1.546927496702973
Dong Thap,1989-04-17,1989,4,17,0.0
Dong Thap,1989-04-18,1989,4,18,0.0
Dong Thap,1989-04-19,1989,4,19,0.0
Dong Thap,1989-04-20,1989,4,20,0.0
Dong Thap,1989-04-21,1989,4,21,0.0
Dong Thap,1989-04-22,1989,4,22,0.0
Dong Thap,1989-04-23,1989,4,23,0.0
Dong Thap,1989-04-24,1989,4,24,0.5777543382273256
Dong Thap,1989-04-25,1989,4,25,0.6001478168519142
Dong Thap,1989-04-26,1989,4,26,7.745800958791231
Dong Thap,1989-04-27,1989,4,27,6.615420714368996
Dong Thap,1989-04-28,1989,4,28,2.2917505233823934
Dong Thap,1989-04-29,1989,4,29,0.0060952566352755
Dong Thap,1989-04-30,1989,4,30,0.0
Dong Thap,1989-05-01,1989,5,1,0.9233077634062544
Dong Thap,1989-05-02,1989,5,2,0.0
Dong Thap,1989-05-03,1989,5,3,1.7055045559897504
Dong Thap,1989-05-04,1989,5,4,3.098169418387004
Dong Thap,1989-05-05,1989,5,5,6.26282016672946
Dong Thap,1989-05-06,1989,5,6,8.373309784041577
Dong Thap,1989-05-07,1989,5,7,6.112799848711132
Dong Thap,1989-05-08,1989,5,8,7.748822389315496
Dong Thap,1989-05-09,1989,5,9,3.8120287951628895
Dong Thap,1989-05-10,1989,5,10,2.970893170507905
Dong Thap,1989-05-11,1989,5,11,1.7094066439233233
Dong Thap,1989-05-12,1989,5,12,11.2205997265221
Dong Thap,1989-05-13,1989,5,13,4.438149614225364
Dong Thap,1989-05-14,1989,5,14,4.647557215474753
Dong Thap,1989-05-15,1989,5,15,1.0607895609781746
Dong Thap,1989-05-16,1989,5,16,2.059855616658026
Dong Thap,1989-05-17,1989,5,17,1.2061375542673791
Dong Thap,1989-05-18,1989,5,18,7.0129460212674175
Dong Thap,1989-05-19,1989,5,19,9.582988480740395
Dong Thap,1989-05-20,1989,5,20,8.32664940038424
Dong Thap,1989-05-21,1989,5,21,9.789966304096094
Dong Thap,1989-05-22,1989,5,22,2.069133015048998
Dong Thap,1989-05-23,1989,5,23,10.22052552670558
Dong Thap,1989-05-24,1989,5,24,12.052780776059569
Dong Thap,1989-05-25,1989,5,25,15.450649307080882
Dong Thap,1989-05-26,1989,5,26,17.22132768537929
Dong Thap,1989-05-27,1989,5,27,7.906440355365497
Dong Thap,1989-05-28,1989,5,28,10.259506342536548
Dong Thap,1989-05-29,1989,5,29,6.829155536446679
Dong Thap,1989-05-30,1989,5,30,11.544379508086871
Dong Thap,1989-05-31,1989,5,31,22.12596119651183
Dong Thap,1989-06-01,1989,6,1,2.7576808333667406
Dong Thap,1989-06-02,1989,6,2,5.0950228346768265
Dong Thap,1989-06-03,1989,6,3,0.0891267620356736
Dong Thap,1989-06-04,1989,6,4,5.944161251542354
Dong Thap,1989-06-05,1989,6,5,4.862185599881286
Dong Thap,1989-06-06,1989,6,6,7.393275639023235
Dong Thap,1989-06-07,1989,6,7,4.435415988650645
Dong Thap,1989-06-08,1989,6,8,11.447104566237108
Dong Thap,1989-06-09,1989,6,9,0.5019337577643456
Dong Thap,1989-06-10,1989,6,10,2.9385945535528424
Dong Thap,1989-06-11,1989,6,11,3.54207754076298
Dong Thap,1989-06-12,1989,6,12,0.1014291836624651
Dong Thap,1989-06-13,1989,6,13,6.5358171947477945
Dong Thap,1989-06-14,1989,6,14,5.021309220286382
Dong Thap,1989-06-15,1989,6,15,6.58616009040135
Dong Thap,1989-06-16,1989,6,16,5.385813563764568
Dong Thap,1989-06-17,1989,6,17,6.091638776296818
Dong Thap,1989-06-18,1989,6,18,1.9723234201656972
Dong Thap,1989-06-19,1989,6,19,2.1852157383460638
Dong Thap,1989-06-20,1989,6,20,1.70378310397176
Dong Thap,1989-06-21,1989,6,21,3.612286105971772
Dong Thap,1989-06-22,1989,6,22,7.784900016915315
Dong Thap,1989-06-23,1989,6,23,13.01388947769495
Dong Thap,1989-06-24,1989,6,24,3.693833786234282
Dong Thap,1989-06-25,1989,6,25,5.321684358177851
Dong Thap,1989-06-26,1989,6,26,11.20213534715956
Dong Thap,1989-06-27,1989,6,27,1.4366183894100384
Dong Thap,1989-06-28,1989,6,28,0.0
Dong Thap,1989-06-29,1989,6,29,0.844498726578832
Dong Thap,1989-06-30,1989,6,30,10.29479671426714
Dong Thap,1989-07-01,1989,7,1,10.89194082342796
Dong Thap,1989-07-02,1989,7,2,11.09210767784788
Dong Thap,1989-07-03,1989,7,3,9.483811005845151
Dong Thap,1989-07-04,1989,7,4,5.560822342592812
Dong Thap,1989-07-05,1989,7,5,4.77644810102168
Dong Thap,1989-07-06,1989,7,6,5.829550138109794
Dong Thap,1989-07-07,1989,7,7,10.86851191530158
Dong Thap,1989-07-08,1989,7,8,5.9422964156485465
Dong Thap,1989-07-09,1989,7,9,13.852725416956115
Dong Thap,1989-07-10,1989,7,10,24.32704163368581
Dong Thap,1989-07-11,1989,7,11,11.334268613023392
Dong Thap,1989-07-12,1989,7,12,11.197798582183166
Dong Thap,1989-07-13,1989,7,13,7.895240841172624
Dong Thap,1989-07-14,1989,7,14,1.266598686153233
Dong Thap,1989-07-15,1989,7,15,6.992709135911833
Dong Thap,1989-07-16,1989,7,16,12.94529583500387
Dong Thap,1989-07-17,1989,7,17,4.033082311869423
Dong Thap,1989-07-18,1989,7,18,6.92246460633968
Dong Thap,1989-07-19,1989,7,19,12.79564091497628
Dong Thap,1989-07-20,1989,7,20,2.309547204941017
Dong Thap,1989-07-21,1989,7,21,4.355642519030733
Dong Thap,1989-07-22,1989,7,22,9.802320030573032
Dong Thap,1989-07-23,1989,7,23,0.933930497328278
Dong Thap,1989-07-24,1989,7,24,5.4992431698539
Dong Thap,1989-07-25,1989,7,25,5.881663938505404
Dong Thap,1989-07-26,1989,7,26,0.4923792762607032
Dong Thap,1989-07-27,1989,7,27,2.914550312203236
Dong Thap,1989-07-28,1989,7,28,0.0346937000426895
Dong Thap,1989-07-29,1989,7,29,4.0961944324198765
Dong Thap,1989-07-30,1989,7,30,2.412576670816541
Dong Thap,1989-07-31,1989,7,31,1.6543742234552146
Dong Thap,1989-08-01,1989,8,1,1.5478951365519786
Dong Thap,1989-08-02,1989,8,2,10.186368405507858
Dong Thap,1989-08-03,1989,8,3,4.679755103596218
Dong Thap,1989-08-04,1989,8,4,4.131554587414291
Dong Thap,1989-08-05,1989,8,5,3.529512425804721
Dong Thap,1989-08-06,1989,8,6,6.874194125489957
Dong Thap,1989-08-07,1989,8,7,2.3116517308444307
Dong Thap,1989-08-08,1989,8,8,0.5263709460955939
Dong Thap,1989-08-09,1989,8,9,14.17721417767405
Dong Thap,1989-08-10,1989,8,10,13.991007178257664
Dong Thap,1989-08-11,1989,8,11,1.9153872657206312
Dong Thap,1989-08-12,1989,8,12,0.3593838024104238
Dong Thap,1989-08-13,1989,8,13,0.0
Dong Thap,1989-08-14,1989,8,14,1.9628435333475165
Dong Thap,1989-08-15,1989,8,15,4.364396729144968
Dong Thap,1989-08-16,1989,8,16,7.0591352528148334
Dong Thap,1989-08-17,1989,8,17,12.525584667143375
Dong Thap,1989-08-18,1989,8,18,5.359843981429672
Dong Thap,1989-08-19,1989,8,19,5.5846948033156005
Dong Thap,1989-08-20,1989,8,20,3.8599138687074586
Dong Thap,1989-08-21,1989,8,21,7.084488635623647
Dong Thap,1989-08-22,1989,8,22,11.485778250146778
Dong Thap,1989-08-23,1989,8,23,5.633830194830866
Dong Thap,1989-08-24,1989,8,24,1.2050361353062922
Dong Thap,1989-08-25,1989,8,25,0.8333612087499478
Dong Thap,1989-08-26,1989,8,26,0.0
Dong Thap,1989-08-27,1989,8,27,1.279883903178439
Dong Thap,1989-08-28,1989,8,28,6.202716458782413
Dong Thap,1989-08-29,1989,8,29,1.8871030463419285
Dong Thap,1989-08-30,1989,8,30,0.0
Dong Thap,1989-08-31,1989,8,31,7.66380098591268
Dong Thap,1989-09-01,1989,9,1,1.219031728481202
Dong Thap,1989-09-02,1989,9,2,5.373210242959358
Dong Thap,1989-09-03,1989,9,3,7.251051011629483
Dong Thap,1989-09-04,1989,9,4,0.0
Dong Thap,1989-09-05,1989,9,5,3.1889868356187736
Dong Thap,1989-09-06,1989,9,6,8.123343299366809
Dong Thap,1989-09-07,1989,9,7,4.195416752148408
Dong Thap,1989-09-08,1989,9,8,0.3919220902372277
Dong Thap,1989-09-09,1989,9,9,1.0415549734592544
Dong Thap,1989-09-10,1989,9,10,4.552964551211591
Dong Thap,1989-09-11,1989,9,11,8.98397952989031
Dong Thap,1989-09-12,1989,9,12,23.46993332066609
Dong Thap,1989-09-13,1989,9,13,20.37047611687873
Dong Thap,1989-09-14,1989,9,14,8.4634807532083
Dong Thap,1989-09-15,1989,9,15,15.370170033286415
Dong Thap,1989-09-16,1989,9,16,7.047410966500904
Dong Thap,1989-09-17,1989,9,17,10.15486822214585
Dong Thap,1989-09-18,1989,9,18,9.633818352157515
Dong Thap,1989-09-19,1989,9,19,3.2993682184091138
Dong Thap,1989-09-20,1989,9,20,4.200648293213586
Dong Thap,1989-09-21,1989,9,21,4.409051844368776
Dong Thap,1989-09-22,1989,9,22,2.492878020830859
Dong Thap,1989-09-23,1989,9,23,1.8100330977786647
Dong Thap,1989-09-24,1989,9,24,1.9448334084147896
Dong Thap,1989-09-25,1989,9,25,1.902474533856956
Dong Thap,1989-09-26,1989,9,26,8.51052385432016
Dong Thap,1989-09-27,1989,9,27,11.568973890961985
Dong Thap,1989-09-28,1989,9,28,9.916542700826373
Dong Thap,1989-09-29,1989,9,29,6.157127740758059
Dong Thap,1989-09-30,1989,9,30,9.324130333386933
Dong Thap,1989-10-01,1989,10,1,11.26799583844189
Dong Thap,1989-10-02,1989,10,2,8.921790308318817
Dong Thap,1989-10-03,1989,10,3,11.594342778877031
Dong Thap,1989-10-04,1989,10,4,8.38507096859936
Dong Thap,1989-10-05,1989,10,5,11.579242474426342
Dong Thap,1989-10-06,1989,10,6,15.645455805831189
Dong Thap,1989-10-07,1989,10,7,7.887818838067948
Dong Thap,1989-10-08,1989,10,8,5.304827227008458
Dong Thap,1989-10-09,1989,10,9,1.3072901482156862
Dong Thap,1989-10-10,1989,10,10,2.814608020930703
Dong Thap,1989-10-11,1989,10,11,23.14679684343049
Dong Thap,1989-10-12,1989,10,12,29.236314409818405
Dong Thap,1989-10-13,1989,10,13,11.508921497582788
Dong Thap,1989-10-14,1989,10,14,7.5630277842655165
Dong Thap,1989-10-15,1989,10,15,2.153752779944402
Dong Thap,1989-10-16,1989,10,16,6.9413417834853615
Dong Thap,1989-10-17,1989,10,17,34.661505776141965
Dong Thap,1989-10-18,1989,10,18,15.543714805690229
Dong Thap,1989-10-19,1989,10,19,15.26999814036429
Dong Thap,1989-10-20,1989,10,20,0.0
Dong Thap,1989-10-21,1989,10,21,0.0
Dong Thap,1989-10-22,1989,10,22,0.7738149012192755
Dong Thap,1989-10-23,1989,10,23,0.4536188240762141
Dong Thap,1989-10-24,1989,10,24,1.499233141328462
Dong Thap,1989-10-25,1989,10,25,6.927647952079121
Dong Thap,1989-10-26,1989,10,26,3.796073115951272
Dong Thap,1989-10-27,1989,10,27,7.531644866205217
Dong Thap,1989-10-28,1989,10,28,1.1115423215877336
Dong Thap,1989-10-29,1989,10,29,1.945059251604043
Dong Thap,1989-10-30,1989,10,30,4.777892476216124
Dong Thap,1989-10-31,1989,10,31,0.0
Dong Thap,1989-11-01,1989,11,1,12.281237870867292
Dong Thap,1989-11-02,1989,11,2,0.667822833163467
Dong Thap,1989-11-03,1989,11,3,1.8907826241787955
Dong Thap,1989-11-04,1989,11,4,0.8434658903152675
Dong Thap,1989-11-05,1989,11,5,1.1261545287012806
Dong Thap,1989-11-06,1989,11,6,1.705353351807361
Dong Thap,1989-11-07,1989,11,7,9.963351070921462
Dong Thap,1989-11-08,1989,11,8,7.6433491949757
Dong Thap,1989-11-09,1989,11,9,0.2187358517210743
Dong Thap,1989-11-10,1989,11,10,1.947355967206913
Dong Thap,1989-11-11,1989,11,11,7.238846165565287
Dong Thap,1989-11-12,1989,11,12,2.18918897093546
Dong Thap,1989-11-13,1989,11,13,2.3691833961678106
Dong Thap,1989-11-14,1989,11,14,0.8278305890380534
Dong Thap,1989-11-15,1989,11,15,1.030186952337105
Dong Thap,1989-11-16,1989,11,16,0.0
Dong Thap,1989-11-17,1989,11,17,0.0
Dong Thap,1989-11-18,1989,11,18,2.9551483728135275
Dong Thap,1989-11-19,1989,11,19,0.0587737174945161
Dong Thap,1989-11-20,1989,11,20,0.0
Dong Thap,1989-11-21,1989,11,21,0.0
Dong Thap,1989-11-22,1989,11,22,0.0
Dong Thap,1989-11-23,1989,11,23,0.0714101208725131
Dong Thap,1989-11-24,1989,11,24,0.0
Dong Thap,1989-11-25,1989,11,25,0.0
Dong Thap,1989-11-26,1989,11,26,0.1103050855652177
Dong Thap,1989-11-27,1989,11,27,3.041580920184796
Dong Thap,1989-11-28,1989,11,28,0.0035415261625459
Dong Thap,1989-11-29,1989,11,29,0.0
Dong Thap,1989-11-30,1989,11,30,0.0
Dong Thap,1989-12-01,1989,12,1,0.0
Dong Thap,1989-12-02,1989,12,2,0.0
Dong Thap,1989-12-03,1989,12,3,0.0
Dong Thap,1989-12-04,1989,12,4,0.0
Dong Thap,1989-12-05,1989,12,5,0.0
Dong Thap,1989-12-06,1989,12,6,0.0
Dong Thap,1989-12-07,1989,12,7,0.0
Dong Thap,1989-12-08,1989,12,8,0.0
Dong Thap,1989-12-09,1989,12,9,0.0
Dong Thap,1989-12-10,1989,12,10,0.0
Dong Thap,1989-12-11,1989,12,11,0.0
Dong Thap,1989-12-12,1989,12,12,0.0
Dong Thap,1989-12-13,1989,12,13,0.0
Dong Thap,1989-12-14,1989,12,14,0.0
Dong Thap,1989-12-15,1989,12,15,0.0
Dong Thap,1989-12-16,1989,12,16,0.0
Dong Thap,1989-12-17,1989,12,17,0.0
Dong Thap,1989-12-18,1989,12,18,0.0
Dong Thap,1989-12-19,1989,12,19,0.0
Dong Thap,1989-12-20,1989,12,20,0.0
Dong Thap,1989-12-21,1989,12,21,0.0
Dong Thap,1989-12-22,1989,12,22,2.2025137528665533
Dong Thap,1989-12-23,1989,12,23,1.9353937282634204
Dong Thap,1989-12-24,1989,12,24,0.8199378140042473
Dong Thap,1989-12-25,1989,12,25,0.0
Dong Thap,1989-12-26,1989,12,26,0.0
Dong Thap,1989-12-27,1989,12,27,0.0
Dong Thap,1989-12-28,1989,12,28,0.0
Dong Thap,1989-12-29,1989,12,29,0.0
Dong Thap,1989-12-30,1989,12,30,0.0
Dong Thap,1989-12-31,1989,12,31,0.0
Dong Thap,1990-01-01,1990,1,1,0.9605587552214304
Dong Thap,1990-01-02,1990,1,2,0.0
Dong Thap,1990-01-03,1990,1,3,0.0
Dong Thap,1990-01-04,1990,1,4,0.0
Dong Thap,1990-01-05,1990,1,5,0.0
Dong Thap,1990-01-06,1990,1,6,0.0
Dong Thap,1990-01-07,1990,1,7,0.0
Dong Thap,1990-01-08,1990,1,8,0.0
Dong Thap,1990-01-09,1990,1,9,2.847367542473561
Dong Thap,1990-01-10,1990,1,10,0.0
Dong Thap,1990-01-11,1990,1,11,2.1814173778114543
Dong Thap,1990-01-12,1990,1,12,0.0
Dong Thap,1990-01-13,1990,1,13,0.0
Dong Thap,1990-01-14,1990,1,14,0.0
Dong Thap,1990-01-15,1990,1,15,0.0
Dong Thap,1990-01-16,1990,1,16,0.0395776753201624
Dong Thap,1990-01-17,1990,1,17,0.0
Dong Thap,1990-01-18,1990,1,18,0.4462507680846308
Dong Thap,1990-01-19,1990,1,19,0.1970810297667803
Dong Thap,1990-01-20,1990,1,20,1.2985222466494557
Dong Thap,1990-01-21,1990,1,21,0.0
Dong Thap,1990-01-22,1990,1,22,0.0
Dong Thap,1990-01-23,1990,1,23,0.0
Dong Thap,1990-01-24,1990,1,24,0.0
Dong Thap,1990-01-25,1990,1,25,0.0
Dong Thap,1990-01-26,1990,1,26,0.0
Dong Thap,1990-01-27,1990,1,27,0.0
Dong Thap,1990-01-28,1990,1,28,0.0
Dong Thap,1990-01-29,1990,1,29,0.0
Dong Thap,1990-01-30,1990,1,30,0.0
Dong Thap,1990-01-31,1990,1,31,0.1923549737631665
Dong Thap,1990-02-01,1990,2,1,0.0
Dong Thap,1990-02-02,1990,2,2,0.0
Dong Thap,1990-02-03,1990,2,3,0.0
Dong Thap,1990-02-04,1990,2,4,0.0825671189248439
Dong Thap,1990-02-05,1990,2,5,0.0
Dong Thap,1990-02-06,1990,2,6,0.0408063371462266
Dong Thap,1990-02-07,1990,2,7,0.0
Dong Thap,1990-02-08,1990,2,8,0.0
Dong Thap,1990-02-09,1990,2,9,0.0
Dong Thap,1990-02-10,1990,2,10,0.0
Dong Thap,1990-02-11,1990,2,11,0.0
Dong Thap,1990-02-12,1990,2,12,0.0
Dong Thap,1990-02-13,1990,2,13,0.0
Dong Thap,1990-02-14,1990,2,14,0.0
Dong Thap,1990-02-15,1990,2,15,0.0
Dong Thap,1990-02-16,1990,2,16,0.0
Dong Thap,1990-02-17,1990,2,17,0.0
Dong Thap,1990-02-18,1990,2,18,0.0
Dong Thap,1990-02-19,1990,2,19,0.0
Dong Thap,1990-02-20,1990,2,20,0.0298212000743883
Dong Thap,1990-02-21,1990,2,21,0.0
Dong Thap,1990-02-22,1990,2,22,0.0
Dong Thap,1990-02-23,1990,2,23,0.0
Dong Thap,1990-02-24,1990,2,24,0.0
Dong Thap,1990-02-25,1990,2,25,0.2239112648965009
Dong Thap,1990-02-26,1990,2,26,0.0
Dong Thap,1990-02-27,1990,2,27,0.0
Dong Thap,1990-02-28,1990,2,28,0.0049755760576953
Dong Thap,1990-03-01,1990,3,1,0.0
Dong Thap,1990-03-02,1990,3,2,0.0
Dong Thap,1990-03-03,1990,3,3,0.0
Dong Thap,1990-03-04,1990,3,4,0.0
Dong Thap,1990-03-05,1990,3,5,0.0
Dong Thap,1990-03-06,1990,3,6,0.0
Dong Thap,1990-03-07,1990,3,7,0.0
Dong Thap,1990-03-08,1990,3,8,3.5572821157222583
Dong Thap,1990-03-09,1990,3,9,0.0
Dong Thap,1990-03-10,1990,3,10,0.0
Dong Thap,1990-03-11,1990,3,11,0.5450447302861955
Dong Thap,1990-03-12,1990,3,12,0.5774566641139528
Dong Thap,1990-03-13,1990,3,13,0.0
Dong Thap,1990-03-14,1990,3,14,0.0
Dong Thap,1990-03-15,1990,3,15,0.0
Dong Thap,1990-03-16,1990,3,16,0.0
Dong Thap,1990-03-17,1990,3,17,0.0
Dong Thap,1990-03-18,1990,3,18,0.0
Dong Thap,1990-03-19,1990,3,19,0.0
Dong Thap,1990-03-20,1990,3,20,0.0
Dong Thap,1990-03-21,1990,3,21,0.0
Dong Thap,1990-03-22,1990,3,22,0.4344980081842143
Dong Thap,1990-03-23,1990,3,23,0.0
Dong Thap,1990-03-24,1990,3,24,0.5912310307951557
Dong Thap,1990-03-25,1990,3,25,2.348480939973311
Dong Thap,1990-03-26,1990,3,26,4.315222830655542
Dong Thap,1990-03-27,1990,3,27,2.789074338013984
Dong Thap,1990-03-28,1990,3,28,0.0
Dong Thap,1990-03-29,1990,3,29,0.0
Dong Thap,1990-03-30,1990,3,30,0.0
Dong Thap,1990-03-31,1990,3,31,0.0
Dong Thap,1990-04-01,1990,4,1,0.0
Dong Thap,1990-04-02,1990,4,2,0.19987743154983
Dong Thap,1990-04-03,1990,4,3,0.0
Dong Thap,1990-04-04,1990,4,4,0.0
Dong Thap,1990-04-05,1990,4,5,0.0
Dong Thap,1990-04-06,1990,4,6,0.0
Dong Thap,1990-04-07,1990,4,7,8.759287434301058
Dong Thap,1990-04-08,1990,4,8,0.0
Dong Thap,1990-04-09,1990,4,9,0.0
Dong Thap,1990-04-10,1990,4,10,0.0
Dong Thap,1990-04-11,1990,4,11,0.0
Dong Thap,1990-04-12,1990,4,12,0.0
Dong Thap,1990-04-13,1990,4,13,0.487056012756299
Dong Thap,1990-04-14,1990,4,14,0.4536473434853774
Dong Thap,1990-04-15,1990,4,15,0.3302089841100182
Dong Thap,1990-04-16,1990,4,16,0.0
Dong Thap,1990-04-17,1990,4,17,3.1924827858410034
Dong Thap,1990-04-18,1990,4,18,3.4062618606480592
Dong Thap,1990-04-19,1990,4,19,0.723608577308239
Dong Thap,1990-04-20,1990,4,20,3.723778556700138
Dong Thap,1990-04-21,1990,4,21,0.0768870859695773
Dong Thap,1990-04-22,1990,4,22,0.0
Dong Thap,1990-04-23,1990,4,23,0.0
Dong Thap,1990-04-24,1990,4,24,1.94944976067662
Dong Thap,1990-04-25,1990,4,25,0.0
Dong Thap,1990-04-26,1990,4,26,4.916698472770886
Dong Thap,1990-04-27,1990,4,27,0.1193833549005903
Dong Thap,1990-04-28,1990,4,28,3.2036817037439773
Dong Thap,1990-04-29,1990,4,29,1.1521530723744893
Dong Thap,1990-04-30,1990,4,30,4.948031441868364
Dong Thap,1990-05-01,1990,5,1,1.3792396404993674
Dong Thap,1990-05-02,1990,5,2,0.7774031249362915
Dong Thap,1990-05-03,1990,5,3,0.7487041807604774
Dong Thap,1990-05-04,1990,5,4,2.756633374475691
Dong Thap,1990-05-05,1990,5,5,2.27449671482185
Dong Thap,1990-05-06,1990,5,6,0.5956640687623421
Dong Thap,1990-05-07,1990,5,7,3.650686942823679
Dong Thap,1990-05-08,1990,5,8,1.6886339048044134
Dong Thap,1990-05-09,1990,5,9,6.388904022080351
Dong Thap,1990-05-10,1990,5,10,0.0950807671658381
Dong Thap,1990-05-11,1990,5,11,0.0
Dong Thap,1990-05-12,1990,5,12,1.1298002770746645
Dong Thap,1990-05-13,1990,5,13,0.0016935528853
Dong Thap,1990-05-14,1990,5,14,2.1907824299991163
Dong Thap,1990-05-15,1990,5,15,0.0
Dong Thap,1990-05-16,1990,5,16,1.0870051193472636
Dong Thap,1990-05-17,1990,5,17,0.0124154077897354
Dong Thap,1990-05-18,1990,5,18,2.978727702627058
Dong Thap,1990-05-19,1990,5,19,0.6557732735303405
Dong Thap,1990-05-20,1990,5,20,5.842196753418901
Dong Thap,1990-05-21,1990,5,21,2.6245120493955065
Dong Thap,1990-05-22,1990,5,22,3.5549832416048703
Dong Thap,1990-05-23,1990,5,23,5.020433441964249
Dong Thap,1990-05-24,1990,5,24,0.0
Dong Thap,1990-05-25,1990,5,25,2.908179401309953
Dong Thap,1990-05-26,1990,5,26,4.345623487913069
Dong Thap,1990-05-27,1990,5,27,3.5947084149042694
Dong Thap,1990-05-28,1990,5,28,2.67907371397851
Dong Thap,1990-05-29,1990,5,29,3.0678835960643083
Dong Thap,1990-05-30,1990,5,30,1.5611906453328028
Dong Thap,1990-05-31,1990,5,31,0.4646053842359965
Dong Thap,1990-06-01,1990,6,1,2.735110220189317
Dong Thap,1990-06-02,1990,6,2,7.08004926027747
Dong Thap,1990-06-03,1990,6,3,5.881812235375554
Dong Thap,1990-06-04,1990,6,4,3.7531102116020834
Dong Thap,1990-06-05,1990,6,5,4.528535617657033
Dong Thap,1990-06-06,1990,6,6,8.577580729187115
Dong Thap,1990-06-07,1990,6,7,3.674038130300559
Dong Thap,1990-06-08,1990,6,8,13.050331742781909
Dong Thap,1990-06-09,1990,6,9,3.456072517092708
Dong Thap,1990-06-10,1990,6,10,11.513263287053563
Dong Thap,1990-06-11,1990,6,11,3.1848795891267936
Dong Thap,1990-06-12,1990,6,12,6.004510374385155
Dong Thap,1990-06-13,1990,6,13,0.0
Dong Thap,1990-06-14,1990,6,14,7.685467128624359
Dong Thap,1990-06-15,1990,6,15,26.47409199916344
Dong Thap,1990-06-16,1990,6,16,8.416841456212229
Dong Thap,1990-06-17,1990,6,17,7.94837801703823
Dong Thap,1990-06-18,1990,6,18,0.0815943371879018
Dong Thap,1990-06-19,1990,6,19,3.160702187105564
Dong Thap,1990-06-20,1990,6,20,5.760121382646123
Dong Thap,1990-06-21,1990,6,21,11.438607186816132
Dong Thap,1990-06-22,1990,6,22,13.859673619770742
Dong Thap,1990-06-23,1990,6,23,2.81413993056139
Dong Thap,1990-06-24,1990,6,24,11.713330400255169
Dong Thap,1990-06-25,1990,6,25,18.45834208887289
Dong Thap,1990-06-26,1990,6,26,6.61769639457708
Dong Thap,1990-06-27,1990,6,27,6.014926486249842
Dong Thap,1990-06-28,1990,6,28,3.854546343411936
Dong Thap,1990-06-29,1990,6,29,0.1421731454743963
Dong Thap,1990-06-30,1990,6,30,0.5279595091387828
Dong Thap,1990-07-01,1990,7,1,1.3438966922784892
Dong Thap,1990-07-02,1990,7,2,0.2316559717677903
Dong Thap,1990-07-03,1990,7,3,0.0
Dong Thap,1990-07-04,1990,7,4,2.5469675972831194
Dong Thap,1990-07-05,1990,7,5,11.545779686734768
Dong Thap,1990-07-06,1990,7,6,3.926763891544854
Dong Thap,1990-07-07,1990,7,7,8.0135690767072
Dong Thap,1990-07-08,1990,7,8,0.0005150857306078551
Dong Thap,1990-07-09,1990,7,9,5.123586087384297
Dong Thap,1990-07-10,1990,7,10,0.0
Dong Thap,1990-07-11,1990,7,11,9.715909228983284
Dong Thap,1990-07-12,1990,7,12,7.353724164651149
Dong Thap,1990-07-13,1990,7,13,7.684385631518319
Dong Thap,1990-07-14,1990,7,14,1.8633403296721665
Dong Thap,1990-07-15,1990,7,15,0.8263952730733681
Dong Thap,1990-07-16,1990,7,16,11.68423271497036
Dong Thap,1990-07-17,1990,7,17,1.8285570452820283
Dong Thap,1990-07-18,1990,7,18,10.9280491055397
Dong Thap,1990-07-19,1990,7,19,10.650275160584933
Dong Thap,1990-07-20,1990,7,20,11.18039493058202
Dong Thap,1990-07-21,1990,7,21,4.596727273294869
Dong Thap,1990-07-22,1990,7,22,0.0
Dong Thap,1990-07-23,1990,7,23,5.661240213604937
Dong Thap,1990-07-24,1990,7,24,8.446929680251575
Dong Thap,1990-07-25,1990,7,25,1.764611207832953
Dong Thap,1990-07-26,1990,7,26,7.71782443007834
Dong Thap,1990-07-27,1990,7,27,6.9076100794236215
Dong Thap,1990-07-28,1990,7,28,10.246275739142863
Dong Thap,1990-07-29,1990,7,29,13.236550564327176
Dong Thap,1990-07-30,1990,7,30,14.662555638708325
Dong Thap,1990-07-31,1990,7,31,20.7790182115595
Dong Thap,1990-08-01,1990,8,1,11.849292604025727
Dong Thap,1990-08-02,1990,8,2,0.2661484130824101
Dong Thap,1990-08-03,1990,8,3,6.896198967456925
Dong Thap,1990-08-04,1990,8,4,8.352286539868699
Dong Thap,1990-08-05,1990,8,5,11.012430186603838
Dong Thap,1990-08-06,1990,8,6,4.374391576749871
Dong Thap,1990-08-07,1990,8,7,6.093862286352746
Dong Thap,1990-08-08,1990,8,8,5.219777965014119
Dong Thap,1990-08-09,1990,8,9,7.470855693468732
Dong Thap,1990-08-10,1990,8,10,0.0
Dong Thap,1990-08-11,1990,8,11,9.46812431788482
Dong Thap,1990-08-12,1990,8,12,12.604471596834037
Dong Thap,1990-08-13,1990,8,13,6.673461201322409
Dong Thap,1990-08-14,1990,8,14,6.791434635319671
Dong Thap,1990-08-15,1990,8,15,11.878992573633898
Dong Thap,1990-08-16,1990,8,16,11.802432311170891
Dong Thap,1990-08-17,1990,8,17,1.8106568332483413
Dong Thap,1990-08-18,1990,8,18,0.1154939216741878
Dong Thap,1990-08-19,1990,8,19,15.353247598209212
Dong Thap,1990-08-20,1990,8,20,6.317451889603645
Dong Thap,1990-08-21,1990,8,21,0.1478532876777951
Dong Thap,1990-08-22,1990,8,22,0.0
Dong Thap,1990-08-23,1990,8,23,3.0782403164313488
Dong Thap,1990-08-24,1990,8,24,3.185587408951357
Dong Thap,1990-08-25,1990,8,25,3.91068316721202
Dong Thap,1990-08-26,1990,8,26,0.4700463248713906
Dong Thap,1990-08-27,1990,8,27,7.007055755818756
Dong Thap,1990-08-28,1990,8,28,4.592819320667294
Dong Thap,1990-08-29,1990,8,29,9.169589966055426
Dong Thap,1990-08-30,1990,8,30,3.331333673579204
Dong Thap,1990-08-31,1990,8,31,4.646678252544212
Dong Thap,1990-09-01,1990,9,1,0.0
Dong Thap,1990-09-02,1990,9,2,15.632089834703391
Dong Thap,1990-09-03,1990,9,3,16.05859039105442
Dong Thap,1990-09-04,1990,9,4,8.007686991566615
Dong Thap,1990-09-05,1990,9,5,1.2897396071281235
Dong Thap,1990-09-06,1990,9,6,0.0599662120282203
Dong Thap,1990-09-07,1990,9,7,0.003989451010535
Dong Thap,1990-09-08,1990,9,8,1.2590616648838795
Dong Thap,1990-09-09,1990,9,9,3.61235907769863
Dong Thap,1990-09-10,1990,9,10,2.364027014348358
Dong Thap,1990-09-11,1990,9,11,0.3386537024486299
Dong Thap,1990-09-12,1990,9,12,0.4451097414854406
Dong Thap,1990-09-13,1990,9,13,0.0
Dong Thap,1990-09-14,1990,9,14,5.368686043468223
Dong Thap,1990-09-15,1990,9,15,7.981378850873051
Dong Thap,1990-09-16,1990,9,16,3.248742447720109
Dong Thap,1990-09-17,1990,9,17,4.423158843324706
Dong Thap,1990-09-18,1990,9,18,5.469816765893146
Dong Thap,1990-09-19,1990,9,19,2.062840705532483
Dong Thap,1990-09-20,1990,9,20,0.0
Dong Thap,1990-09-21,1990,9,21,5.957048684906356
Dong Thap,1990-09-22,1990,9,22,10.86523544170268
Dong Thap,1990-09-23,1990,9,23,4.031123473330746
Dong Thap,1990-09-24,1990,9,24,7.930896636118062
Dong Thap,1990-09-25,1990,9,25,7.64396394427087
Dong Thap,1990-09-26,1990,9,26,10.078543735856991
Dong Thap,1990-09-27,1990,9,27,5.324382395586891
Dong Thap,1990-09-28,1990,9,28,18.66519972094338
Dong Thap,1990-09-29,1990,9,29,7.614734890565377
Dong Thap,1990-09-30,1990,9,30,17.137588269942626
Dong Thap,1990-10-01,1990,10,1,19.92651200018584
Dong Thap,1990-10-02,1990,10,2,21.49182330862799
Dong Thap,1990-10-03,1990,10,3,16.261533686910212
Dong Thap,1990-10-04,1990,10,4,8.139978164484473
Dong Thap,1990-10-05,1990,10,5,0.5609524626972074
Dong Thap,1990-10-06,1990,10,6,0.0
Dong Thap,1990-10-07,1990,10,7,3.1051558836168622
Dong Thap,1990-10-08,1990,10,8,10.744036742185338
Dong Thap,1990-10-09,1990,10,9,1.998692825223573
Dong Thap,1990-10-10,1990,10,10,0.4179124674384273
Dong Thap,1990-10-11,1990,10,11,1.87117271562512
Dong Thap,1990-10-12,1990,10,12,2.902619499122308
Dong Thap,1990-10-13,1990,10,13,0.8756905715090089
Dong Thap,1990-10-14,1990,10,14,0.0739017201505985
Dong Thap,1990-10-15,1990,10,15,2.478689920315267
Dong Thap,1990-10-16,1990,10,16,1.1794680161813715
Dong Thap,1990-10-17,1990,10,17,7.403905751518794
Dong Thap,1990-10-18,1990,10,18,16.85285680836929
Dong Thap,1990-10-19,1990,10,19,1.721084690300926
Dong Thap,1990-10-20,1990,10,20,0.0
Dong Thap,1990-10-21,1990,10,21,10.145212484347402
Dong Thap,1990-10-22,1990,10,22,28.12029742742845
Dong Thap,1990-10-23,1990,10,23,0.3900816836594073
Dong Thap,1990-10-24,1990,10,24,12.697796986436847
Dong Thap,1990-10-25,1990,10,25,14.450999917209291
Dong Thap,1990-10-26,1990,10,26,18.237772353306248
Dong Thap,1990-10-27,1990,10,27,10.829332452608064
Dong Thap,1990-10-28,1990,10,28,13.58039826596976
Dong Thap,1990-10-29,1990,10,29,14.422161583081376
Dong Thap,1990-10-30,1990,10,30,14.685422627285323
Dong Thap,1990-10-31,1990,10,31,7.887172480113167
Dong Thap,1990-11-01,1990,11,1,0.1567536055000292
Dong Thap,1990-11-02,1990,11,2,1.0616079908340237
Dong Thap,1990-11-03,1990,11,3,12.046515912378837
Dong Thap,1990-11-04,1990,11,4,0.1071311378657533
Dong Thap,1990-11-05,1990,11,5,0.4719141119863266
Dong Thap,1990-11-06,1990,11,6,18.65986320713844
Dong Thap,1990-11-07,1990,11,7,15.060574463199853
Dong Thap,1990-11-08,1990,11,8,14.989087741175332
Dong Thap,1990-11-09,1990,11,9,7.938894306474564
Dong Thap,1990-11-10,1990,11,10,4.873790913464557
Dong Thap,1990-11-11,1990,11,11,9.937895151853072
Dong Thap,1990-11-12,1990,11,12,8.101405235383144
Dong Thap,1990-11-13,1990,11,13,9.564257772311832
Dong Thap,1990-11-14,1990,11,14,0.792732808604542
Dong Thap,1990-11-15,1990,11,15,1.077974519235681
Dong Thap,1990-11-16,1990,11,16,0.0
Dong Thap,1990-11-17,1990,11,17,3.7824896889017454
Dong Thap,1990-11-18,1990,11,18,2.752534007847592
Dong Thap,1990-11-19,1990,11,19,0.6447392056689986
Dong Thap,1990-11-20,1990,11,20,6.255806218017003
Dong Thap,1990-11-21,1990,11,21,0.5696265972442356
Dong Thap,1990-11-22,1990,11,22,0.0
Dong Thap,1990-11-23,1990,11,23,0.0
Dong Thap,1990-11-24,1990,11,24,0.0
Dong Thap,1990-11-25,1990,11,25,0.0
Dong Thap,1990-11-26,1990,11,26,0.1501364153422058
Dong Thap,1990-11-27,1990,11,27,0.0
Dong Thap,1990-11-28,1990,11,28,0.0
Dong Thap,1990-11-29,1990,11,29,0.0
Dong Thap,1990-11-30,1990,11,30,0.0
Dong Thap,1990-12-01,1990,12,1,0.0
Dong Thap,1990-12-02,1990,12,2,0.0
Dong Thap,1990-12-03,1990,12,3,0.0
Dong Thap,1990-12-04,1990,12,4,0.0
Dong Thap,1990-12-05,1990,12,5,0.0
Dong Thap,1990-12-06,1990,12,6,0.0
Dong Thap,1990-12-07,1990,12,7,0.0
Dong Thap,1990-12-08,1990,12,8,0.0
Dong Thap,1990-12-09,1990,12,9,2.675796122515257
Dong Thap,1990-12-10,1990,12,10,0.7304092073740804
Dong Thap,1990-12-11,1990,12,11,0.0
Dong Thap,1990-12-12,1990,12,12,0.0
Dong Thap,1990-12-13,1990,12,13,0.0
Dong Thap,1990-12-14,1990,12,14,0.0
Dong Thap,1990-12-15,1990,12,15,0.0
Dong Thap,1990-12-16,1990,12,16,0.0
Dong Thap,1990-12-17,1990,12,17,0.362761013032304
Dong Thap,1990-12-18,1990,12,18,1.003432470436996
Dong Thap,1990-12-19,1990,12,19,0.0
Dong Thap,1990-12-20,1990,12,20,0.0
Dong Thap,1990-12-21,1990,12,21,0.0
Dong Thap,1990-12-22,1990,12,22,0.0
Dong Thap,1990-12-23,1990,12,23,0.0
Dong Thap,1990-12-24,1990,12,24,0.0
Dong Thap,1990-12-25,1990,12,25,0.0
Dong Thap,1990-12-26,1990,12,26,0.359999538292981
Dong Thap,1990-12-27,1990,12,27,0.1741295494012397
Dong Thap,1990-12-28,1990,12,28,0.0049086283238966
Dong Thap,1990-12-29,1990,12,29,0.0
Dong Thap,1990-12-30,1990,12,30,0.0
Dong Thap,1990-12-31,1990,12,31,0.0
Dong Thap,1991-01-01,1991,1,1,0.2631498429952144
Dong Thap,1991-01-02,1991,1,2,0.0
Dong Thap,1991-01-03,1991,1,3,0.0
Dong Thap,1991-01-04,1991,1,4,0.0
Dong Thap,1991-01-05,1991,1,5,1.4271710746164408
Dong Thap,1991-01-06,1991,1,6,0.0
Dong Thap,1991-01-07,1991,1,7,0.0
Dong Thap,1991-01-08,1991,1,8,0.0
Dong Thap,1991-01-09,1991,1,9,0.0
Dong Thap,1991-01-10,1991,1,10,0.0
Dong Thap,1991-01-11,1991,1,11,0.0
Dong Thap,1991-01-12,1991,1,12,0.0
Dong Thap,1991-01-13,1991,1,13,0.0
Dong Thap,1991-01-14,1991,1,14,0.0
Dong Thap,1991-01-15,1991,1,15,0.0
Dong Thap,1991-01-16,1991,1,16,0.0
Dong Thap,1991-01-17,1991,1,17,0.0
Dong Thap,1991-01-18,1991,1,18,0.0
Dong Thap,1991-01-19,1991,1,19,0.0
Dong Thap,1991-01-20,1991,1,20,0.0
Dong Thap,1991-01-21,1991,1,21,2.658908388796971
Dong Thap,1991-01-22,1991,1,22,0.8275721105475365
Dong Thap,1991-01-23,1991,1,23,0.0
Dong Thap,1991-01-24,1991,1,24,0.0
Dong Thap,1991-01-25,1991,1,25,0.0486298430958707
Dong Thap,1991-01-26,1991,1,26,0.9514399027037244
Dong Thap,1991-01-27,1991,1,27,0.0
Dong Thap,1991-01-28,1991,1,28,0.0
Dong Thap,1991-01-29,1991,1,29,0.0
Dong Thap,1991-01-30,1991,1,30,0.0
Dong Thap,1991-01-31,1991,1,31,0.0
Dong Thap,1991-02-01,1991,2,1,0.0
Dong Thap,1991-02-02,1991,2,2,0.0
Dong Thap,1991-02-03,1991,2,3,0.0
Dong Thap,1991-02-04,1991,2,4,0.0
Dong Thap,1991-02-05,1991,2,5,0.0925848233285933
Dong Thap,1991-02-06,1991,2,6,0.0
Dong Thap,1991-02-07,1991,2,7,0.0
Dong Thap,1991-02-08,1991,2,8,0.0
Dong Thap,1991-02-09,1991,2,9,0.0
Dong Thap,1991-02-10,1991,2,10,0.0
Dong Thap,1991-02-11,1991,2,11,0.0
Dong Thap,1991-02-12,1991,2,12,0.0
Dong Thap,1991-02-13,1991,2,13,0.0
Dong Thap,1991-02-14,1991,2,14,0.0
Dong Thap,1991-02-15,1991,2,15,0.128467116113528
Dong Thap,1991-02-16,1991,2,16,0.0
Dong Thap,1991-02-17,1991,2,17,0.0
Dong Thap,1991-02-18,1991,2,18,0.0
Dong Thap,1991-02-19,1991,2,19,0.1587151782513205
Dong Thap,1991-02-20,1991,2,20,0.0
Dong Thap,1991-02-21,1991,2,21,0.0
Dong Thap,1991-02-22,1991,2,22,0.0
Dong Thap,1991-02-23,1991,2,23,0.0
Dong Thap,1991-02-24,1991,2,24,0.0
Dong Thap,1991-02-25,1991,2,25,0.0
Dong Thap,1991-02-26,1991,2,26,0.0
Dong Thap,1991-02-27,1991,2,27,0.0
Dong Thap,1991-02-28,1991,2,28,0.0
Dong Thap,1991-03-01,1991,3,1,0.0
Dong Thap,1991-03-02,1991,3,2,0.0
Dong Thap,1991-03-03,1991,3,3,0.0
Dong Thap,1991-03-04,1991,3,4,0.0
Dong Thap,1991-03-05,1991,3,5,0.0
Dong Thap,1991-03-06,1991,3,6,0.0
Dong Thap,1991-03-07,1991,3,7,0.0
Dong Thap,1991-03-08,1991,3,8,0.0
Dong Thap,1991-03-09,1991,3,9,0.0
Dong Thap,1991-03-10,1991,3,10,0.0
Dong Thap,1991-03-11,1991,3,11,0.0
Dong Thap,1991-03-12,1991,3,12,0.0
Dong Thap,1991-03-13,1991,3,13,0.0
Dong Thap,1991-03-14,1991,3,14,0.0
Dong Thap,1991-03-15,1991,3,15,0.0
Dong Thap,1991-03-16,1991,3,16,7.420880185271542
Dong Thap,1991-03-17,1991,3,17,4.803305677222586
Dong Thap,1991-03-18,1991,3,18,0.0
Dong Thap,1991-03-19,1991,3,19,0.0
Dong Thap,1991-03-20,1991,3,20,0.0
Dong Thap,1991-03-21,1991,3,21,0.0
Dong Thap,1991-03-22,1991,3,22,0.0
Dong Thap,1991-03-23,1991,3,23,0.0
Dong Thap,1991-03-24,1991,3,24,0.0
Dong Thap,1991-03-25,1991,3,25,0.0
Dong Thap,1991-03-26,1991,3,26,0.0
Dong Thap,1991-03-27,1991,3,27,0.0
Dong Thap,1991-03-28,1991,3,28,0.0
Dong Thap,1991-03-29,1991,3,29,0.0
Dong Thap,1991-03-30,1991,3,30,0.0
Dong Thap,1991-03-31,1991,3,31,3.6055770166909737
Dong Thap,1991-04-01,1991,4,1,2.078753538377327
Dong Thap,1991-04-02,1991,4,2,0.0
Dong Thap,1991-04-03,1991,4,3,0.0
Dong Thap,1991-04-04,1991,4,4,0.0
Dong Thap,1991-04-05,1991,4,5,0.0
Dong Thap,1991-04-06,1991,4,6,0.0
Dong Thap,1991-04-07,1991,4,7,0.0
Dong Thap,1991-04-08,1991,4,8,0.2436098393694407
Dong Thap,1991-04-09,1991,4,9,0.0
Dong Thap,1991-04-10,1991,4,10,0.0
Dong Thap,1991-04-11,1991,4,11,0.0
Dong Thap,1991-04-12,1991,4,12,0.0
Dong Thap,1991-04-13,1991,4,13,0.0
Dong Thap,1991-04-14,1991,4,14,0.0
Dong Thap,1991-04-15,1991,4,15,0.0
Dong Thap,1991-04-16,1991,4,16,0.4273400555493908
Dong Thap,1991-04-17,1991,4,17,0.0
Dong Thap,1991-04-18,1991,4,18,0.0
Dong Thap,1991-04-19,1991,4,19,0.0
Dong Thap,1991-04-20,1991,4,20,3.210441892896889
Dong Thap,1991-04-21,1991,4,21,13.210503464521988
Dong Thap,1991-04-22,1991,4,22,1.4999306785741138
Dong Thap,1991-04-23,1991,4,23,6.588611296245992
Dong Thap,1991-04-24,1991,4,24,0.2391647658489824
Dong Thap,1991-04-25,1991,4,25,0.0
Dong Thap,1991-04-26,1991,4,26,0.0
Dong Thap,1991-04-27,1991,4,27,2.056779134454764
Dong Thap,1991-04-28,1991,4,28,0.0
Dong Thap,1991-04-29,1991,4,29,0.0
Dong Thap,1991-04-30,1991,4,30,1.0057956529956622
Dong Thap,1991-05-01,1991,5,1,0.7391935228111249
Dong Thap,1991-05-02,1991,5,2,6.8969891829665935
Dong Thap,1991-05-03,1991,5,3,5.407196459936287
Dong Thap,1991-05-04,1991,5,4,0.0146853967618585
Dong Thap,1991-05-05,1991,5,5,0.0
Dong Thap,1991-05-06,1991,5,6,0.0
Dong Thap,1991-05-07,1991,5,7,0.4259271015649157
Dong Thap,1991-05-08,1991,5,8,0.0
Dong Thap,1991-05-09,1991,5,9,0.0805417895587577
Dong Thap,1991-05-10,1991,5,10,1.255960984655537
Dong Thap,1991-05-11,1991,5,11,2.3029678391915254
Dong Thap,1991-05-12,1991,5,12,0.0054638889916824
Dong Thap,1991-05-13,1991,5,13,6.082692039014259
Dong Thap,1991-05-14,1991,5,14,0.0
Dong Thap,1991-05-15,1991,5,15,0.0
Dong Thap,1991-05-16,1991,5,16,0.4471992649051749
Dong Thap,1991-05-17,1991,5,17,6.384655272599543
Dong Thap,1991-05-18,1991,5,18,5.2266836358098585
Dong Thap,1991-05-19,1991,5,19,0.9030450542402664
Dong Thap,1991-05-20,1991,5,20,8.66996014122928
Dong Thap,1991-05-21,1991,5,21,1.5381765071161482
Dong Thap,1991-05-22,1991,5,22,0.0
Dong Thap,1991-05-23,1991,5,23,4.378269377981747
Dong Thap,1991-05-24,1991,5,24,11.18967993853988
Dong Thap,1991-05-25,1991,5,25,7.123175956344341
Dong Thap,1991-05-26,1991,5,26,4.287843152971961
Dong Thap,1991-05-27,1991,5,27,4.578429308315239
Dong Thap,1991-05-28,1991,5,28,9.784445891054084
Dong Thap,1991-05-29,1991,5,29,7.799137588136449
Dong Thap,1991-05-30,1991,5,30,11.121823888220485
Dong Thap,1991-05-31,1991,5,31,1.6978430773074698
Dong Thap,1991-06-01,1991,6,1,10.067353648151531
Dong Thap,1991-06-02,1991,6,2,10.715216076046746
Dong Thap,1991-06-03,1991,6,3,7.844603896168098
Dong Thap,1991-06-04,1991,6,4,14.365429089633082
Dong Thap,1991-06-05,1991,6,5,7.910992425945245
Dong Thap,1991-06-06,1991,6,6,2.7287669825410523
Dong Thap,1991-06-07,1991,6,7,2.288957884570273
Dong Thap,1991-06-08,1991,6,8,3.515297985168873
Dong Thap,1991-06-09,1991,6,9,0.0
Dong Thap,1991-06-10,1991,6,10,8.173868566650041
Dong Thap,1991-06-11,1991,6,11,12.01064664916654
Dong Thap,1991-06-12,1991,6,12,2.6270657529602617
Dong Thap,1991-06-13,1991,6,13,5.35864275257036
Dong Thap,1991-06-14,1991,6,14,2.4982780486460245
Dong Thap,1991-06-15,1991,6,15,4.550076258569339
Dong Thap,1991-06-16,1991,6,16,23.366575497360436
Dong Thap,1991-06-17,1991,6,17,6.513000534834277
Dong Thap,1991-06-18,1991,6,18,0.0
Dong Thap,1991-06-19,1991,6,19,0.2637302968435501
Dong Thap,1991-06-20,1991,6,20,2.7401602766073987
Dong Thap,1991-06-21,1991,6,21,21.179529517584697
Dong Thap,1991-06-22,1991,6,22,13.119619479776103
Dong Thap,1991-06-23,1991,6,23,9.670549089943222
Dong Thap,1991-06-24,1991,6,24,0.0
Dong Thap,1991-06-25,1991,6,25,6.999254032641492
Dong Thap,1991-06-26,1991,6,26,0.0
Dong Thap,1991-06-27,1991,6,27,0.0
Dong Thap,1991-06-28,1991,6,28,4.356055687970115
Dong Thap,1991-06-29,1991,6,29,2.3489292100027943
Dong Thap,1991-06-30,1991,6,30,6.560836623545157
Dong Thap,1991-07-01,1991,7,1,19.73691306759068
Dong Thap,1991-07-02,1991,7,2,2.422289555741459
Dong Thap,1991-07-03,1991,7,3,2.821513713163557
Dong Thap,1991-07-04,1991,7,4,2.705641143455076
Dong Thap,1991-07-05,1991,7,5,8.642305406240311
Dong Thap,1991-07-06,1991,7,6,0.2855128904900529
Dong Thap,1991-07-07,1991,7,7,5.436185890215713
Dong Thap,1991-07-08,1991,7,8,0.8924734107972486
Dong Thap,1991-07-09,1991,7,9,0.1733023632890057
Dong Thap,1991-07-10,1991,7,10,5.948094363274258
Dong Thap,1991-07-11,1991,7,11,10.405082595451145
Dong Thap,1991-07-12,1991,7,12,0.0
Dong Thap,1991-07-13,1991,7,13,2.386901340180036
Dong Thap,1991-07-14,1991,7,14,10.61382489248227
Dong Thap,1991-07-15,1991,7,15,5.770409350008924
Dong Thap,1991-07-16,1991,7,16,0.211010694584934
Dong Thap,1991-07-17,1991,7,17,0.0
Dong Thap,1991-07-18,1991,7,18,2.648597026063331
Dong Thap,1991-07-19,1991,7,19,5.821650487361698
Dong Thap,1991-07-20,1991,7,20,2.990563347736181
Dong Thap,1991-07-21,1991,7,21,3.59145780581586
Dong Thap,1991-07-22,1991,7,22,0.5975961339549463
Dong Thap,1991-07-23,1991,7,23,1.028078226963895
Dong Thap,1991-07-24,1991,7,24,9.16181209769978
Dong Thap,1991-07-25,1991,7,25,3.174306468639563
Dong Thap,1991-07-26,1991,7,26,10.7276812430166
Dong Thap,1991-07-27,1991,7,27,10.160995110717248
Dong Thap,1991-07-28,1991,7,28,7.167673611224357
Dong Thap,1991-07-29,1991,7,29,0.0
Dong Thap,1991-07-30,1991,7,30,0.0
Dong Thap,1991-07-31,1991,7,31,8.678663960316294
Dong Thap,1991-08-01,1991,8,1,4.621429610420089
Dong Thap,1991-08-02,1991,8,2,0.0
Dong Thap,1991-08-03,1991,8,3,15.639248480460306
Dong Thap,1991-08-04,1991,8,4,0.7315961304423972
Dong Thap,1991-08-05,1991,8,5,8.54672589852124
Dong Thap,1991-08-06,1991,8,6,2.0375557954427137
Dong Thap,1991-08-07,1991,8,7,1.1059695550622866
Dong Thap,1991-08-08,1991,8,8,0.0
Dong Thap,1991-08-09,1991,8,9,0.0
Dong Thap,1991-08-10,1991,8,10,0.5148692825415626
Dong Thap,1991-08-11,1991,8,11,0.508662644395867
Dong Thap,1991-08-12,1991,8,12,2.2387101689731006
Dong Thap,1991-08-13,1991,8,13,0.0
Dong Thap,1991-08-14,1991,8,14,12.29667557803362
Dong Thap,1991-08-15,1991,8,15,4.387760361874212
Dong Thap,1991-08-16,1991,8,16,0.5713143139462202
Dong Thap,1991-08-17,1991,8,17,11.289717371268472
Dong Thap,1991-08-18,1991,8,18,36.625923933018775
Dong Thap,1991-08-19,1991,8,19,18.54796300101826
Dong Thap,1991-08-20,1991,8,20,15.924994417239883
Dong Thap,1991-08-21,1991,8,21,2.4037860742915305
Dong Thap,1991-08-22,1991,8,22,0.4771451096578548
Dong Thap,1991-08-23,1991,8,23,0.0
Dong Thap,1991-08-24,1991,8,24,0.0
Dong Thap,1991-08-25,1991,8,25,1.2000528173244316
Dong Thap,1991-08-26,1991,8,26,0.3545852652449766
Dong Thap,1991-08-27,1991,8,27,12.273641259864474
Dong Thap,1991-08-28,1991,8,28,10.128362006696952
Dong Thap,1991-08-29,1991,8,29,0.420777457504822
Dong Thap,1991-08-30,1991,8,30,1.3254811678217844
Dong Thap,1991-08-31,1991,8,31,3.876038469835719
Dong Thap,1991-09-01,1991,9,1,2.0288620816963387
Dong Thap,1991-09-02,1991,9,2,7.5666322706642095
Dong Thap,1991-09-03,1991,9,3,11.429530650390792
Dong Thap,1991-09-04,1991,9,4,8.754301218454167
Dong Thap,1991-09-05,1991,9,5,6.435524568323486
Dong Thap,1991-09-06,1991,9,6,8.080197463784595
Dong Thap,1991-09-07,1991,9,7,6.370031502536561
Dong Thap,1991-09-08,1991,9,8,0.2558134942401528
Dong Thap,1991-09-09,1991,9,9,2.477066031058466
Dong Thap,1991-09-10,1991,9,10,0.9340585241965322
Dong Thap,1991-09-11,1991,9,11,11.845801849646008
Dong Thap,1991-09-12,1991,9,12,3.583906900755585
Dong Thap,1991-09-13,1991,9,13,9.963525275511076
Dong Thap,1991-09-14,1991,9,14,10.91238153321634
Dong Thap,1991-09-15,1991,9,15,4.884573728664406
Dong Thap,1991-09-16,1991,9,16,1.466915974311069
Dong Thap,1991-09-17,1991,9,17,6.188461073894251
Dong Thap,1991-09-18,1991,9,18,9.973208384162746
Dong Thap,1991-09-19,1991,9,19,14.204523489863142
Dong Thap,1991-09-20,1991,9,20,12.15769983092646
Dong Thap,1991-09-21,1991,9,21,17.791464258949848
Dong Thap,1991-09-22,1991,9,22,6.472026983125963
Dong Thap,1991-09-23,1991,9,23,5.186005352169362
Dong Thap,1991-09-24,1991,9,24,0.6137854387788834
Dong Thap,1991-09-25,1991,9,25,3.956313944455309
Dong Thap,1991-09-26,1991,9,26,13.461417834586172
Dong Thap,1991-09-27,1991,9,27,0.6943648739388014
Dong Thap,1991-09-28,1991,9,28,0.0
Dong Thap,1991-09-29,1991,9,29,13.518592629514902
Dong Thap,1991-09-30,1991,9,30,0.0
Dong Thap,1991-10-01,1991,10,1,0.838927433351175
Dong Thap,1991-10-02,1991,10,2,0.0
Dong Thap,1991-10-03,1991,10,3,8.020229182418898
Dong Thap,1991-10-04,1991,10,4,21.181197577792005
Dong Thap,1991-10-05,1991,10,5,14.064959762654714
Dong Thap,1991-10-06,1991,10,6,21.51562243622935
Dong Thap,1991-10-07,1991,10,7,5.907865707704422
Dong Thap,1991-10-08,1991,10,8,1.4225355302608549
Dong Thap,1991-10-09,1991,10,9,12.489320213071926
Dong Thap,1991-10-10,1991,10,10,1.5016884567490336
Dong Thap,1991-10-11,1991,10,11,0.0
Dong Thap,1991-10-12,1991,10,12,8.730303431371452
Dong Thap,1991-10-13,1991,10,13,0.0
Dong Thap,1991-10-14,1991,10,14,2.4378604418111
Dong Thap,1991-10-15,1991,10,15,5.178668628886952
Dong Thap,1991-10-16,1991,10,16,6.622035581088535
Dong Thap,1991-10-17,1991,10,17,6.602839826577259
Dong Thap,1991-10-18,1991,10,18,4.250019880238643
Dong Thap,1991-10-19,1991,10,19,18.84501961087974
Dong Thap,1991-10-20,1991,10,20,17.458228757653554
Dong Thap,1991-10-21,1991,10,21,6.335582251894464
Dong Thap,1991-10-22,1991,10,22,8.792562970383134
Dong Thap,1991-10-23,1991,10,23,11.728923681779374
Dong Thap,1991-10-24,1991,10,24,5.471819393253932
Dong Thap,1991-10-25,1991,10,25,14.814226169258328
Dong Thap,1991-10-26,1991,10,26,4.066916898072157
Dong Thap,1991-10-27,1991,10,27,0.0
Dong Thap,1991-10-28,1991,10,28,0.0
Dong Thap,1991-10-29,1991,10,29,0.0
Dong Thap,1991-10-30,1991,10,30,0.0
Dong Thap,1991-10-31,1991,10,31,0.0
Dong Thap,1991-11-01,1991,11,1,0.0
Dong Thap,1991-11-02,1991,11,2,0.3600988702923362
Dong Thap,1991-11-03,1991,11,3,0.0
Dong Thap,1991-11-04,1991,11,4,0.0
Dong Thap,1991-11-05,1991,11,5,0.0
Dong Thap,1991-11-06,1991,11,6,4.829742560479708
Dong Thap,1991-11-07,1991,11,7,19.05848393169476
Dong Thap,1991-11-08,1991,11,8,6.101239801021236
Dong Thap,1991-11-09,1991,11,9,24.58627859900157
Dong Thap,1991-11-10,1991,11,10,0.0
Dong Thap,1991-11-11,1991,11,11,0.0879389466356468
Dong Thap,1991-11-12,1991,11,12,0.0
Dong Thap,1991-11-13,1991,11,13,0.0
Dong Thap,1991-11-14,1991,11,14,0.0
Dong Thap,1991-11-15,1991,11,15,0.0
Dong Thap,1991-11-16,1991,11,16,0.0
Dong Thap,1991-11-17,1991,11,17,0.0
Dong Thap,1991-11-18,1991,11,18,0.0
Dong Thap,1991-11-19,1991,11,19,0.0
Dong Thap,1991-11-20,1991,11,20,0.0
Dong Thap,1991-11-21,1991,11,21,0.0
Dong Thap,1991-11-22,1991,11,22,4.323628311339001
Dong Thap,1991-11-23,1991,11,23,0.8421198843232566
Dong Thap,1991-11-24,1991,11,24,0.0
Dong Thap,1991-11-25,1991,11,25,0.0
Dong Thap,1991-11-26,1991,11,26,0.1645354099870944
Dong Thap,1991-11-27,1991,11,27,0.2460968409207825
Dong Thap,1991-11-28,1991,11,28,0.0
Dong Thap,1991-11-29,1991,11,29,0.0
Dong Thap,1991-11-30,1991,11,30,0.332344869840218
Dong Thap,1991-12-01,1991,12,1,0.0
Dong Thap,1991-12-02,1991,12,2,0.0
Dong Thap,1991-12-03,1991,12,3,0.0
Dong Thap,1991-12-04,1991,12,4,0.0
Dong Thap,1991-12-05,1991,12,5,0.0
Dong Thap,1991-12-06,1991,12,6,0.0
Dong Thap,1991-12-07,1991,12,7,0.0
Dong Thap,1991-12-08,1991,12,8,0.0
Dong Thap,1991-12-09,1991,12,9,0.0
Dong Thap,1991-12-10,1991,12,10,0.205829775134587
Dong Thap,1991-12-11,1991,12,11,0.1082396476223324
Dong Thap,1991-12-12,1991,12,12,0.0115285321566315
Dong Thap,1991-12-13,1991,12,13,0.0
Dong Thap,1991-12-14,1991,12,14,0.0
Dong Thap,1991-12-15,1991,12,15,0.0
Dong Thap,1991-12-16,1991,12,16,0.0
Dong Thap,1991-12-17,1991,12,17,0.0
Dong Thap,1991-12-18,1991,12,18,0.0
Dong Thap,1991-12-19,1991,12,19,0.0
Dong Thap,1991-12-20,1991,12,20,0.0
Dong Thap,1991-12-21,1991,12,21,0.0
Dong Thap,1991-12-22,1991,12,22,0.0
Dong Thap,1991-12-23,1991,12,23,0.0
Dong Thap,1991-12-24,1991,12,24,0.1987587065485185
Dong Thap,1991-12-25,1991,12,25,0.0189612129255571
Dong Thap,1991-12-26,1991,12,26,1.698128059252822
Dong Thap,1991-12-27,1991,12,27,0.0677057950708204
Dong Thap,1991-12-28,1991,12,28,0.0
Dong Thap,1991-12-29,1991,12,29,5.595872735832454
Dong Thap,1991-12-30,1991,12,30,1.4349499012110911
Dong Thap,1991-12-31,1991,12,31,0.0
Dong Thap,1992-01-01,1992,1,1,1.9282262510308767
Dong Thap,1992-01-02,1992,1,2,0.0
Dong Thap,1992-01-03,1992,1,3,0.0
Dong Thap,1992-01-04,1992,1,4,0.0
Dong Thap,1992-01-05,1992,1,5,5.712379014962703
Dong Thap,1992-01-06,1992,1,6,2.786847263733518
Dong Thap,1992-01-07,1992,1,7,0.0
Dong Thap,1992-01-08,1992,1,8,0.0
Dong Thap,1992-01-09,1992,1,9,0.0
Dong Thap,1992-01-10,1992,1,10,0.0
Dong Thap,1992-01-11,1992,1,11,0.0
Dong Thap,1992-01-12,1992,1,12,0.0
Dong Thap,1992-01-13,1992,1,13,0.0
Dong Thap,1992-01-14,1992,1,14,0.0
Dong Thap,1992-01-15,1992,1,15,0.0
Dong Thap,1992-01-16,1992,1,16,0.0
Dong Thap,1992-01-17,1992,1,17,0.0
Dong Thap,1992-01-18,1992,1,18,0.0
Dong Thap,1992-01-19,1992,1,19,0.0
Dong Thap,1992-01-20,1992,1,20,0.0
Dong Thap,1992-01-21,1992,1,21,0.0
Dong Thap,1992-01-22,1992,1,22,0.0
Dong Thap,1992-01-23,1992,1,23,0.0
Dong Thap,1992-01-24,1992,1,24,0.0
Dong Thap,1992-01-25,1992,1,25,0.0
Dong Thap,1992-01-26,1992,1,26,0.0
Dong Thap,1992-01-27,1992,1,27,0.0
Dong Thap,1992-01-28,1992,1,28,0.0
Dong Thap,1992-01-29,1992,1,29,0.0
Dong Thap,1992-01-30,1992,1,30,0.0
Dong Thap,1992-01-31,1992,1,31,0.0
Dong Thap,1992-02-01,1992,2,1,0.0
Dong Thap,1992-02-02,1992,2,2,0.0
Dong Thap,1992-02-03,1992,2,3,0.0049886855241633
Dong Thap,1992-02-04,1992,2,4,0.0
Dong Thap,1992-02-05,1992,2,5,0.0
Dong Thap,1992-02-06,1992,2,6,0.0
Dong Thap,1992-02-07,1992,2,7,0.0
Dong Thap,1992-02-08,1992,2,8,0.0
Dong Thap,1992-02-09,1992,2,9,0.0
Dong Thap,1992-02-10,1992,2,10,0.0
Dong Thap,1992-02-11,1992,2,11,0.0
Dong Thap,1992-02-12,1992,2,12,0.0
Dong Thap,1992-02-13,1992,2,13,0.0
Dong Thap,1992-02-14,1992,2,14,0.0
Dong Thap,1992-02-15,1992,2,15,0.0
Dong Thap,1992-02-16,1992,2,16,0.0
Dong Thap,1992-02-17,1992,2,17,0.105073867091414
Dong Thap,1992-02-18,1992,2,18,0.0
Dong Thap,1992-02-19,1992,2,19,0.0
Dong Thap,1992-02-20,1992,2,20,0.6449153632135218
Dong Thap,1992-02-21,1992,2,21,3.10457197459939
Dong Thap,1992-02-22,1992,2,22,0.2467220877408169
Dong Thap,1992-02-23,1992,2,23,0.0
Dong Thap,1992-02-24,1992,2,24,0.0
Dong Thap,1992-02-25,1992,2,25,0.0
Dong Thap,1992-02-26,1992,2,26,0.0
Dong Thap,1992-02-27,1992,2,27,0.1802873841206015
Dong Thap,1992-02-28,1992,2,28,0.0
Dong Thap,1992-02-29,1992,2,29,0.0
Dong Thap,1992-03-01,1992,3,1,0.0
Dong Thap,1992-03-02,1992,3,2,0.4197080701975045
Dong Thap,1992-03-03,1992,3,3,0.0
Dong Thap,1992-03-04,1992,3,4,0.0
Dong Thap,1992-03-05,1992,3,5,0.0
Dong Thap,1992-03-06,1992,3,6,0.0
Dong Thap,1992-03-07,1992,3,7,0.6644452746584755
Dong Thap,1992-03-08,1992,3,8,0.8498171950674173
Dong Thap,1992-03-09,1992,3,9,0.0
Dong Thap,1992-03-10,1992,3,10,0.0
Dong Thap,1992-03-11,1992,3,11,0.1939770286183846
Dong Thap,1992-03-12,1992,3,12,0.0
Dong Thap,1992-03-13,1992,3,13,0.0
Dong Thap,1992-03-14,1992,3,14,0.0
Dong Thap,1992-03-15,1992,3,15,0.0
Dong Thap,1992-03-16,1992,3,16,0.0
Dong Thap,1992-03-17,1992,3,17,1.4955056426420696
Dong Thap,1992-03-18,1992,3,18,0.0
Dong Thap,1992-03-19,1992,3,19,0.0
Dong Thap,1992-03-20,1992,3,20,0.0
Dong Thap,1992-03-21,1992,3,21,0.5554828971577035
Dong Thap,1992-03-22,1992,3,22,0.0
Dong Thap,1992-03-23,1992,3,23,0.0
Dong Thap,1992-03-24,1992,3,24,0.0
Dong Thap,1992-03-25,1992,3,25,1.2849975650830412
Dong Thap,1992-03-26,1992,3,26,1.0219537882083176
Dong Thap,1992-03-27,1992,3,27,0.0
Dong Thap,1992-03-28,1992,3,28,0.0
Dong Thap,1992-03-29,1992,3,29,0.0
Dong Thap,1992-03-30,1992,3,30,0.0
Dong Thap,1992-03-31,1992,3,31,0.0
Dong Thap,1992-04-01,1992,4,1,0.0
Dong Thap,1992-04-02,1992,4,2,0.0
Dong Thap,1992-04-03,1992,4,3,0.0
Dong Thap,1992-04-04,1992,4,4,0.0
Dong Thap,1992-04-05,1992,4,5,0.0
Dong Thap,1992-04-06,1992,4,6,0.2526832178982309
Dong Thap,1992-04-07,1992,4,7,0.0
Dong Thap,1992-04-08,1992,4,8,0.0
Dong Thap,1992-04-09,1992,4,9,0.0
Dong Thap,1992-04-10,1992,4,10,0.1324433465717545
Dong Thap,1992-04-11,1992,4,11,0.7060419362108532
Dong Thap,1992-04-12,1992,4,12,0.6850252582530787
Dong Thap,1992-04-13,1992,4,13,6.55073793073184
Dong Thap,1992-04-14,1992,4,14,2.784968494550694
Dong Thap,1992-04-15,1992,4,15,7.533495561847181
Dong Thap,1992-04-16,1992,4,16,3.257217778250936
Dong Thap,1992-04-17,1992,4,17,3.876350258500066
Dong Thap,1992-04-18,1992,4,18,1.8046598867450887
Dong Thap,1992-04-19,1992,4,19,0.0
Dong Thap,1992-04-20,1992,4,20,0.0
Dong Thap,1992-04-21,1992,4,21,0.0
Dong Thap,1992-04-22,1992,4,22,0.0812435883471612
Dong Thap,1992-04-23,1992,4,23,5.186795749306164
Dong Thap,1992-04-24,1992,4,24,0.0218810142100952
Dong Thap,1992-04-25,1992,4,25,0.0
Dong Thap,1992-04-26,1992,4,26,0.0
Dong Thap,1992-04-27,1992,4,27,0.1968380264449286
Dong Thap,1992-04-28,1992,4,28,9.505153668016048
Dong Thap,1992-04-29,1992,4,29,0.2243879676703722
Dong Thap,1992-04-30,1992,4,30,0.0
Dong Thap,1992-05-01,1992,5,1,2.552456084254216
Dong Thap,1992-05-02,1992,5,2,12.887917841470829
Dong Thap,1992-05-03,1992,5,3,9.391174452075452
Dong Thap,1992-05-04,1992,5,4,1.06304416849631
Dong Thap,1992-05-05,1992,5,5,3.0850071071469367
Dong Thap,1992-05-06,1992,5,6,0.0
Dong Thap,1992-05-07,1992,5,7,0.6463197496490787
Dong Thap,1992-05-08,1992,5,8,1.9098344511230532
Dong Thap,1992-05-09,1992,5,9,2.5318071005943272
Dong Thap,1992-05-10,1992,5,10,6.984235515454091
Dong Thap,1992-05-11,1992,5,11,0.7029262290591685
Dong Thap,1992-05-12,1992,5,12,0.0
Dong Thap,1992-05-13,1992,5,13,1.175917136992406
Dong Thap,1992-05-14,1992,5,14,5.617222119282505
Dong Thap,1992-05-15,1992,5,15,10.45827932907714
Dong Thap,1992-05-16,1992,5,16,3.2997870565015264
Dong Thap,1992-05-17,1992,5,17,2.079082507948661
Dong Thap,1992-05-18,1992,5,18,2.022705652964257
Dong Thap,1992-05-19,1992,5,19,9.121799463408314
Dong Thap,1992-05-20,1992,5,20,6.181219481464301
Dong Thap,1992-05-21,1992,5,21,4.759480339465888
Dong Thap,1992-05-22,1992,5,22,3.597129518404984
Dong Thap,1992-05-23,1992,5,23,1.4445478081879006
Dong Thap,1992-05-24,1992,5,24,4.072292041117192
Dong Thap,1992-05-25,1992,5,25,8.455740576283256
Dong Thap,1992-05-26,1992,5,26,4.331633768913181
Dong Thap,1992-05-27,1992,5,27,0.5487616823891919
Dong Thap,1992-05-28,1992,5,28,0.8192238672360663
Dong Thap,1992-05-29,1992,5,29,0.1753685208088636
Dong Thap,1992-05-30,1992,5,30,2.486337582878928
Dong Thap,1992-05-31,1992,5,31,1.7134932479080431
Dong Thap,1992-06-01,1992,6,1,2.301767038837808
Dong Thap,1992-06-02,1992,6,2,2.0207399070357583
Dong Thap,1992-06-03,1992,6,3,4.0825575415052615
Dong Thap,1992-06-04,1992,6,4,4.792216763336531
Dong Thap,1992-06-05,1992,6,5,4.473771714517688
Dong Thap,1992-06-06,1992,6,6,3.84798905532025
Dong Thap,1992-06-07,1992,6,7,4.514628767460035
Dong Thap,1992-06-08,1992,6,8,10.275951719795298
Dong Thap,1992-06-09,1992,6,9,13.475161279941162
Dong Thap,1992-06-10,1992,6,10,3.158083110980119
Dong Thap,1992-06-11,1992,6,11,9.541776168541162
Dong Thap,1992-06-12,1992,6,12,2.951440632701704
Dong Thap,1992-06-13,1992,6,13,6.711676862962338
Dong Thap,1992-06-14,1992,6,14,9.164412683326963
Dong Thap,1992-06-15,1992,6,15,14.746832233993324
Dong Thap,1992-06-16,1992,6,16,15.86125621012286
Dong Thap,1992-06-17,1992,6,17,10.36222124999143
Dong Thap,1992-06-18,1992,6,18,5.490331332510983
Dong Thap,1992-06-19,1992,6,19,14.106542401108744
Dong Thap,1992-06-20,1992,6,20,4.381196329673184
Dong Thap,1992-06-21,1992,6,21,0.0
Dong Thap,1992-06-22,1992,6,22,0.8200083678072206
Dong Thap,1992-06-23,1992,6,23,0.0
Dong Thap,1992-06-24,1992,6,24,11.091459708430742
Dong Thap,1992-06-25,1992,6,25,17.592414211301755
Dong Thap,1992-06-26,1992,6,26,22.16994263267257
Dong Thap,1992-06-27,1992,6,27,5.176465882616892
Dong Thap,1992-06-28,1992,6,28,1.9060868505301427
Dong Thap,1992-06-29,1992,6,29,0.0
Dong Thap,1992-06-30,1992,6,30,0.0
Dong Thap,1992-07-01,1992,7,1,6.308811003188844
Dong Thap,1992-07-02,1992,7,2,0.1739725216002536
Dong Thap,1992-07-03,1992,7,3,2.023820904889343
Dong Thap,1992-07-04,1992,7,4,9.183349194759568
Dong Thap,1992-07-05,1992,7,5,4.198483881277915
Dong Thap,1992-07-06,1992,7,6,0.867693008439514
Dong Thap,1992-07-07,1992,7,7,12.361625925764784
Dong Thap,1992-07-08,1992,7,8,13.145839422623366
Dong Thap,1992-07-09,1992,7,9,12.979804967559865
Dong Thap,1992-07-10,1992,7,10,0.4041017480169208
Dong Thap,1992-07-11,1992,7,11,0.8778436816966744
Dong Thap,1992-07-12,1992,7,12,6.630557501724525
Dong Thap,1992-07-13,1992,7,13,12.300971688463052
Dong Thap,1992-07-14,1992,7,14,11.58995967831556
Dong Thap,1992-07-15,1992,7,15,4.396464921995601
Dong Thap,1992-07-16,1992,7,16,3.1670337624227423
Dong Thap,1992-07-17,1992,7,17,19.326378305036243
Dong Thap,1992-07-18,1992,7,18,0.2692336244717838
Dong Thap,1992-07-19,1992,7,19,4.475164639847008
Dong Thap,1992-07-20,1992,7,20,4.2137968721561805
Dong Thap,1992-07-21,1992,7,21,5.917215320990689
Dong Thap,1992-07-22,1992,7,22,10.587027690390055
Dong Thap,1992-07-23,1992,7,23,6.982135127123339
Dong Thap,1992-07-24,1992,7,24,4.884504449165999
Dong Thap,1992-07-25,1992,7,25,9.823871597164146
Dong Thap,1992-07-26,1992,7,26,0.3207410251388263
Dong Thap,1992-07-27,1992,7,27,7.36180324153562
Dong Thap,1992-07-28,1992,7,28,18.64889601878576
Dong Thap,1992-07-29,1992,7,29,14.808204485197733
Dong Thap,1992-07-30,1992,7,30,11.30515677738357
Dong Thap,1992-07-31,1992,7,31,11.886433410589072
Dong Thap,1992-08-01,1992,8,1,14.806091725163531
Dong Thap,1992-08-02,1992,8,2,5.8623291186959605
Dong Thap,1992-08-03,1992,8,3,5.002632140883353
Dong Thap,1992-08-04,1992,8,4,7.0318478370486455
Dong Thap,1992-08-05,1992,8,5,0.9406847604175308
Dong Thap,1992-08-06,1992,8,6,16.915091330566334
Dong Thap,1992-08-07,1992,8,7,0.0
Dong Thap,1992-08-08,1992,8,8,6.118315301894706
Dong Thap,1992-08-09,1992,8,9,10.956565905975218
Dong Thap,1992-08-10,1992,8,10,22.91596257880021
Dong Thap,1992-08-11,1992,8,11,1.6625646539412844
Dong Thap,1992-08-12,1992,8,12,0.1548409722466465
Dong Thap,1992-08-13,1992,8,13,0.5560317235331645
Dong Thap,1992-08-14,1992,8,14,3.643469584368241
Dong Thap,1992-08-15,1992,8,15,4.024845609298118
Dong Thap,1992-08-16,1992,8,16,6.435401383855859
Dong Thap,1992-08-17,1992,8,17,2.73635909354197
Dong Thap,1992-08-18,1992,8,18,7.74636182900402
Dong Thap,1992-08-19,1992,8,19,5.62803918202366
Dong Thap,1992-08-20,1992,8,20,10.301439280727154
Dong Thap,1992-08-21,1992,8,21,8.878889202503542
Dong Thap,1992-08-22,1992,8,22,8.081979407598999
Dong Thap,1992-08-23,1992,8,23,0.0
Dong Thap,1992-08-24,1992,8,24,5.9645665387244895
Dong Thap,1992-08-25,1992,8,25,6.817053969495547
Dong Thap,1992-08-26,1992,8,26,11.068503452599762
Dong Thap,1992-08-27,1992,8,27,11.67538340925656
Dong Thap,1992-08-28,1992,8,28,10.040726191708902
Dong Thap,1992-08-29,1992,8,29,7.557871352762001
Dong Thap,1992-08-30,1992,8,30,7.806126865827764
Dong Thap,1992-08-31,1992,8,31,0.0647703249870527
Dong Thap,1992-09-01,1992,9,1,0.0396203110216425
Dong Thap,1992-09-02,1992,9,2,3.626099885497364
Dong Thap,1992-09-03,1992,9,3,0.0
Dong Thap,1992-09-04,1992,9,4,0.7195867257970837
Dong Thap,1992-09-05,1992,9,5,2.757524081421514
Dong Thap,1992-09-06,1992,9,6,5.791437286407678
Dong Thap,1992-09-07,1992,9,7,3.776839162220292
Dong Thap,1992-09-08,1992,9,8,0.6447000106987237
Dong Thap,1992-09-09,1992,9,9,8.022616739537616
Dong Thap,1992-09-10,1992,9,10,0.0
Dong Thap,1992-09-11,1992,9,11,5.877434727912697
Dong Thap,1992-09-12,1992,9,12,7.184914314769846
Dong Thap,1992-09-13,1992,9,13,4.216748027850743
Dong Thap,1992-09-14,1992,9,14,0.7281629805976578
Dong Thap,1992-09-15,1992,9,15,0.0
Dong Thap,1992-09-16,1992,9,16,9.21749645224065
Dong Thap,1992-09-17,1992,9,17,12.655604548483494
Dong Thap,1992-09-18,1992,9,18,7.212053662461431
Dong Thap,1992-09-19,1992,9,19,7.87756641582753
Dong Thap,1992-09-20,1992,9,20,6.3164016750358165
Dong Thap,1992-09-21,1992,9,21,14.665140945299528
Dong Thap,1992-09-22,1992,9,22,12.468175750241835
Dong Thap,1992-09-23,1992,9,23,8.52469179698986
Dong Thap,1992-09-24,1992,9,24,2.429420260187987
Dong Thap,1992-09-25,1992,9,25,4.06727736497212
Dong Thap,1992-09-26,1992,9,26,6.815453745710459
Dong Thap,1992-09-27,1992,9,27,3.0624748223934786
Dong Thap,1992-09-28,1992,9,28,8.355979707307599
Dong Thap,1992-09-29,1992,9,29,5.1777094120621685
Dong Thap,1992-09-30,1992,9,30,2.962148451530556
Dong Thap,1992-10-01,1992,10,1,3.844620561515877
Dong Thap,1992-10-02,1992,10,2,8.324732542403138
Dong Thap,1992-10-03,1992,10,3,7.195288474891954
Dong Thap,1992-10-04,1992,10,4,5.471531992329742
Dong Thap,1992-10-05,1992,10,5,7.430135059179508
Dong Thap,1992-10-06,1992,10,6,9.939735919811946
Dong Thap,1992-10-07,1992,10,7,5.519874577812253
Dong Thap,1992-10-08,1992,10,8,6.020285121175146
Dong Thap,1992-10-09,1992,10,9,27.268806804192145
Dong Thap,1992-10-10,1992,10,10,14.817199613844044
Dong Thap,1992-10-11,1992,10,11,11.800737357488527
Dong Thap,1992-10-12,1992,10,12,9.499957556366944
Dong Thap,1992-10-13,1992,10,13,3.270387684390038
Dong Thap,1992-10-14,1992,10,14,3.5865599617331574
Dong Thap,1992-10-15,1992,10,15,0.1586307726102213
Dong Thap,1992-10-16,1992,10,16,13.034014038415288
Dong Thap,1992-10-17,1992,10,17,18.35672534523784
Dong Thap,1992-10-18,1992,10,18,9.562136007918774
Dong Thap,1992-10-19,1992,10,19,5.752120792554676
Dong Thap,1992-10-20,1992,10,20,0.2918214705192179
Dong Thap,1992-10-21,1992,10,21,0.0
Dong Thap,1992-10-22,1992,10,22,11.290224677084906
Dong Thap,1992-10-23,1992,10,23,1.0416479873392137
Dong Thap,1992-10-24,1992,10,24,4.968203493343449
Dong Thap,1992-10-25,1992,10,25,8.442608188116711
Dong Thap,1992-10-26,1992,10,26,11.989331385297842
Dong Thap,1992-10-27,1992,10,27,0.0
Dong Thap,1992-10-28,1992,10,28,1.4016010280853226
Dong Thap,1992-10-29,1992,10,29,2.90924101493135
Dong Thap,1992-10-30,1992,10,30,1.6645646477627432
Dong Thap,1992-10-31,1992,10,31,0.0847237604746938
Dong Thap,1992-11-01,1992,11,1,5.296822425876582
Dong Thap,1992-11-02,1992,11,2,2.6726117081887755
Dong Thap,1992-11-03,1992,11,3,0.2988200113498518
Dong Thap,1992-11-04,1992,11,4,0.1165146180391581
Dong Thap,1992-11-05,1992,11,5,0.0
Dong Thap,1992-11-06,1992,11,6,0.1332266555977754
Dong Thap,1992-11-07,1992,11,7,0.8464567966882617
Dong Thap,1992-11-08,1992,11,8,0.0
Dong Thap,1992-11-09,1992,11,9,0.0
Dong Thap,1992-11-10,1992,11,10,0.0
Dong Thap,1992-11-11,1992,11,11,0.0
Dong Thap,1992-11-12,1992,11,12,0.0
Dong Thap,1992-11-13,1992,11,13,6.811455612080364
Dong Thap,1992-11-14,1992,11,14,3.6117942694135854
Dong Thap,1992-11-15,1992,11,15,0.0
Dong Thap,1992-11-16,1992,11,16,0.0
Dong Thap,1992-11-17,1992,11,17,0.0144111981921004
Dong Thap,1992-11-18,1992,11,18,1.5509585439212088
Dong Thap,1992-11-19,1992,11,19,0.6271005147353356
Dong Thap,1992-11-20,1992,11,20,0.0
Dong Thap,1992-11-21,1992,11,21,0.0
Dong Thap,1992-11-22,1992,11,22,1.3216780690222276
Dong Thap,1992-11-23,1992,11,23,0.0008515459570939884
Dong Thap,1992-11-24,1992,11,24,0.0
Dong Thap,1992-11-25,1992,11,25,0.0114882392679884
Dong Thap,1992-11-26,1992,11,26,0.0
Dong Thap,1992-11-27,1992,11,27,0.0
Dong Thap,1992-11-28,1992,11,28,0.0
Dong Thap,1992-11-29,1992,11,29,0.0
Dong Thap,1992-11-30,1992,11,30,0.0
Dong Thap,1992-12-01,1992,12,1,0.0
Dong Thap,1992-12-02,1992,12,2,0.0
Dong Thap,1992-12-03,1992,12,3,0.0
Dong Thap,1992-12-04,1992,12,4,1.0638206196610331
Dong Thap,1992-12-05,1992,12,5,0.7699605067598052
Dong Thap,1992-12-06,1992,12,6,0.6613330269498241
Dong Thap,1992-12-07,1992,12,7,0.0067036622217622
Dong Thap,1992-12-08,1992,12,8,0.2275669623427523
Dong Thap,1992-12-09,1992,12,9,0.1643626161624656
Dong Thap,1992-12-10,1992,12,10,0.1841069967237653
Dong Thap,1992-12-11,1992,12,11,0.0
Dong Thap,1992-12-12,1992,12,12,0.0
Dong Thap,1992-12-13,1992,12,13,0.0
Dong Thap,1992-12-14,1992,12,14,0.0
Dong Thap,1992-12-15,1992,12,15,0.0
Dong Thap,1992-12-16,1992,12,16,0.0
Dong Thap,1992-12-17,1992,12,17,0.0
Dong Thap,1992-12-18,1992,12,18,0.0
Dong Thap,1992-12-19,1992,12,19,0.0
Dong Thap,1992-12-20,1992,12,20,0.0
Dong Thap,1992-12-21,1992,12,21,0.1321723569418692
Dong Thap,1992-12-22,1992,12,22,18.218050818554733
Dong Thap,1992-12-23,1992,12,23,0.0
Dong Thap,1992-12-24,1992,12,24,0.0
Dong Thap,1992-12-25,1992,12,25,0.0
Dong Thap,1992-12-26,1992,12,26,0.0
Dong Thap,1992-12-27,1992,12,27,0.0
Dong Thap,1992-12-28,1992,12,28,0.0
Dong Thap,1992-12-29,1992,12,29,0.0
Dong Thap,1992-12-30,1992,12,30,0.0
Dong Thap,1992-12-31,1992,12,31,0.0
Dong Thap,1993-01-01,1993,1,1,0.0
Dong Thap,1993-01-02,1993,1,2,0.0
Dong Thap,1993-01-03,1993,1,3,0.0
Dong Thap,1993-01-04,1993,1,4,0.0
Dong Thap,1993-01-05,1993,1,5,0.0
Dong Thap,1993-01-06,1993,1,6,0.0
Dong Thap,1993-01-07,1993,1,7,0.0
Dong Thap,1993-01-08,1993,1,8,0.0
Dong Thap,1993-01-09,1993,1,9,0.0
Dong Thap,1993-01-10,1993,1,10,0.0
Dong Thap,1993-01-11,1993,1,11,0.0
Dong Thap,1993-01-12,1993,1,12,0.0
Dong Thap,1993-01-13,1993,1,13,0.0
Dong Thap,1993-01-14,1993,1,14,0.0
Dong Thap,1993-01-15,1993,1,15,0.0
Dong Thap,1993-01-16,1993,1,16,1.2010038817499613
Dong Thap,1993-01-17,1993,1,17,0.0
Dong Thap,1993-01-18,1993,1,18,0.0
Dong Thap,1993-01-19,1993,1,19,0.0
Dong Thap,1993-01-20,1993,1,20,0.002503168915631
Dong Thap,1993-01-21,1993,1,21,0.2889336492094507
Dong Thap,1993-01-22,1993,1,22,0.0
Dong Thap,1993-01-23,1993,1,23,0.0674517371499243
Dong Thap,1993-01-24,1993,1,24,1.6745806894173605
Dong Thap,1993-01-25,1993,1,25,1.3896743351771548
Dong Thap,1993-01-26,1993,1,26,2.122491551474808
Dong Thap,1993-01-27,1993,1,27,0.0072736094902506
Dong Thap,1993-01-28,1993,1,28,0.0
Dong Thap,1993-01-29,1993,1,29,0.0
Dong Thap,1993-01-30,1993,1,30,0.0
Dong Thap,1993-01-31,1993,1,31,0.0
Dong Thap,1993-02-01,1993,2,1,0.2059888762426343
Dong Thap,1993-02-02,1993,2,2,0.0
Dong Thap,1993-02-03,1993,2,3,0.0
Dong Thap,1993-02-04,1993,2,4,0.0
Dong Thap,1993-02-05,1993,2,5,0.0
Dong Thap,1993-02-06,1993,2,6,0.0
Dong Thap,1993-02-07,1993,2,7,0.0
Dong Thap,1993-02-08,1993,2,8,0.0
Dong Thap,1993-02-09,1993,2,9,0.0
Dong Thap,1993-02-10,1993,2,10,0.0
Dong Thap,1993-02-11,1993,2,11,0.0
Dong Thap,1993-02-12,1993,2,12,0.0
Dong Thap,1993-02-13,1993,2,13,0.0
Dong Thap,1993-02-14,1993,2,14,0.0
Dong Thap,1993-02-15,1993,2,15,0.0
Dong Thap,1993-02-16,1993,2,16,0.0
Dong Thap,1993-02-17,1993,2,17,0.0
Dong Thap,1993-02-18,1993,2,18,0.0
Dong Thap,1993-02-19,1993,2,19,0.0
Dong Thap,1993-02-20,1993,2,20,0.0
Dong Thap,1993-02-21,1993,2,21,0.2273150480994567
Dong Thap,1993-02-22,1993,2,22,0.0
Dong Thap,1993-02-23,1993,2,23,0.0
Dong Thap,1993-02-24,1993,2,24,0.0
Dong Thap,1993-02-25,1993,2,25,0.0
Dong Thap,1993-02-26,1993,2,26,0.0
Dong Thap,1993-02-27,1993,2,27,0.0
Dong Thap,1993-02-28,1993,2,28,0.0
Dong Thap,1993-03-01,1993,3,1,0.0
Dong Thap,1993-03-02,1993,3,2,0.0
Dong Thap,1993-03-03,1993,3,3,0.0
Dong Thap,1993-03-04,1993,3,4,0.0
Dong Thap,1993-03-05,1993,3,5,0.0
Dong Thap,1993-03-06,1993,3,6,0.0
Dong Thap,1993-03-07,1993,3,7,0.0
Dong Thap,1993-03-08,1993,3,8,0.0
Dong Thap,1993-03-09,1993,3,9,0.0
Dong Thap,1993-03-10,1993,3,10,0.0
Dong Thap,1993-03-11,1993,3,11,0.0
Dong Thap,1993-03-12,1993,3,12,0.0
Dong Thap,1993-03-13,1993,3,13,0.0
Dong Thap,1993-03-14,1993,3,14,0.0
Dong Thap,1993-03-15,1993,3,15,0.7660251016015768
Dong Thap,1993-03-16,1993,3,16,2.414200636946021
Dong Thap,1993-03-17,1993,3,17,0.0806918924144803
Dong Thap,1993-03-18,1993,3,18,1.2851355256073616
Dong Thap,1993-03-19,1993,3,19,13.633157851462297
Dong Thap,1993-03-20,1993,3,20,5.915395332408621
Dong Thap,1993-03-21,1993,3,21,0.0
Dong Thap,1993-03-22,1993,3,22,0.0
Dong Thap,1993-03-23,1993,3,23,0.0
Dong Thap,1993-03-24,1993,3,24,0.0
Dong Thap,1993-03-25,1993,3,25,0.0
Dong Thap,1993-03-26,1993,3,26,1.21297132106008
Dong Thap,1993-03-27,1993,3,27,0.67983682376878
Dong Thap,1993-03-28,1993,3,28,0.0
Dong Thap,1993-03-29,1993,3,29,0.5022930157057464
Dong Thap,1993-03-30,1993,3,30,0.0
Dong Thap,1993-03-31,1993,3,31,0.0
Dong Thap,1993-04-01,1993,4,1,0.0
Dong Thap,1993-04-02,1993,4,2,0.0
Dong Thap,1993-04-03,1993,4,3,0.0
Dong Thap,1993-04-04,1993,4,4,0.0
Dong Thap,1993-04-05,1993,4,5,0.0
Dong Thap,1993-04-06,1993,4,6,0.0
Dong Thap,1993-04-07,1993,4,7,0.0
Dong Thap,1993-04-08,1993,4,8,0.0
Dong Thap,1993-04-09,1993,4,9,3.0610859914549025
Dong Thap,1993-04-10,1993,4,10,0.076599063801879
Dong Thap,1993-04-11,1993,4,11,2.0141628041190565
Dong Thap,1993-04-12,1993,4,12,6.1796491655236
Dong Thap,1993-04-13,1993,4,13,0.0
Dong Thap,1993-04-14,1993,4,14,0.0
Dong Thap,1993-04-15,1993,4,15,1.2043065725134046
Dong Thap,1993-04-16,1993,4,16,3.8477116549518167
Dong Thap,1993-04-17,1993,4,17,0.1201631165880287
Dong Thap,1993-04-18,1993,4,18,0.3061373566983372
Dong Thap,1993-04-19,1993,4,19,5.397458800118282
Dong Thap,1993-04-20,1993,4,20,7.213398864433177
Dong Thap,1993-04-21,1993,4,21,0.0
Dong Thap,1993-04-22,1993,4,22,0.0
Dong Thap,1993-04-23,1993,4,23,0.7300119089422943
Dong Thap,1993-04-24,1993,4,24,0.0
Dong Thap,1993-04-25,1993,4,25,0.0
Dong Thap,1993-04-26,1993,4,26,0.0
Dong Thap,1993-04-27,1993,4,27,0.0
Dong Thap,1993-04-28,1993,4,28,0.0
Dong Thap,1993-04-29,1993,4,29,0.0
Dong Thap,1993-04-30,1993,4,30,0.0008206781560340811
Dong Thap,1993-05-01,1993,5,1,0.0
Dong Thap,1993-05-02,1993,5,2,0.0
Dong Thap,1993-05-03,1993,5,3,0.0
Dong Thap,1993-05-04,1993,5,4,0.0
Dong Thap,1993-05-05,1993,5,5,0.6274130348177865
Dong Thap,1993-05-06,1993,5,6,0.0
Dong Thap,1993-05-07,1993,5,7,0.0
Dong Thap,1993-05-08,1993,5,8,0.0
Dong Thap,1993-05-09,1993,5,9,1.1586937495226863
Dong Thap,1993-05-10,1993,5,10,4.654149561910799
Dong Thap,1993-05-11,1993,5,11,2.040354337298953
Dong Thap,1993-05-12,1993,5,12,3.5266942017833625
Dong Thap,1993-05-13,1993,5,13,2.775603813313019
Dong Thap,1993-05-14,1993,5,14,2.8962480077836568
Dong Thap,1993-05-15,1993,5,15,2.753343707415044
Dong Thap,1993-05-16,1993,5,16,8.078372098405746
Dong Thap,1993-05-17,1993,5,17,6.341458737829897
Dong Thap,1993-05-18,1993,5,18,5.051540002541283
Dong Thap,1993-05-19,1993,5,19,8.974168990051659
Dong Thap,1993-05-20,1993,5,20,9.231296972944971
Dong Thap,1993-05-21,1993,5,21,6.215551868152098
Dong Thap,1993-05-22,1993,5,22,2.639176888647927
Dong Thap,1993-05-23,1993,5,23,1.942340061109109
Dong Thap,1993-05-24,1993,5,24,5.45849230337067
Dong Thap,1993-05-25,1993,5,25,2.1301195046610637
Dong Thap,1993-05-26,1993,5,26,3.302333683553184
Dong Thap,1993-05-27,1993,5,27,0.3007814017301354
Dong Thap,1993-05-28,1993,5,28,2.2406327036846125
Dong Thap,1993-05-29,1993,5,29,1.6296991483611205
Dong Thap,1993-05-30,1993,5,30,0.7175748864958444
Dong Thap,1993-05-31,1993,5,31,0.1634461872291477
Dong Thap,1993-06-01,1993,6,1,1.0586391192648934
Dong Thap,1993-06-02,1993,6,2,3.323744749790257
Dong Thap,1993-06-03,1993,6,3,0.0
Dong Thap,1993-06-04,1993,6,4,2.4920643860719784
Dong Thap,1993-06-05,1993,6,5,0.2465758036871952
Dong Thap,1993-06-06,1993,6,6,4.788674152983486
Dong Thap,1993-06-07,1993,6,7,2.931007867311711
Dong Thap,1993-06-08,1993,6,8,3.1525061064183584
Dong Thap,1993-06-09,1993,6,9,1.0483206430408236
Dong Thap,1993-06-10,1993,6,10,5.616131772766693
Dong Thap,1993-06-11,1993,6,11,3.1243923336220125
Dong Thap,1993-06-12,1993,6,12,1.146896544459295
Dong Thap,1993-06-13,1993,6,13,3.908690956178802
Dong Thap,1993-06-14,1993,6,14,2.9782920921771248
Dong Thap,1993-06-15,1993,6,15,6.9301711263936845
Dong Thap,1993-06-16,1993,6,16,1.2390346741741247
Dong Thap,1993-06-17,1993,6,17,12.202743966508564
Dong Thap,1993-06-18,1993,6,18,2.889263830813578
Dong Thap,1993-06-19,1993,6,19,14.42705480590384
Dong Thap,1993-06-20,1993,6,20,10.548520362996609
Dong Thap,1993-06-21,1993,6,21,12.8374623309492
Dong Thap,1993-06-22,1993,6,22,13.876582176974225
Dong Thap,1993-06-23,1993,6,23,8.977008395977291
Dong Thap,1993-06-24,1993,6,24,1.022813763725587
Dong Thap,1993-06-25,1993,6,25,0.0769428207080651
Dong Thap,1993-06-26,1993,6,26,5.386172412811612
Dong Thap,1993-06-27,1993,6,27,16.343975716946964
Dong Thap,1993-06-28,1993,6,28,16.98204788218719
Dong Thap,1993-06-29,1993,6,29,12.013383293844331
Dong Thap,1993-06-30,1993,6,30,3.6891119500420544
Dong Thap,1993-07-01,1993,7,1,3.623817058696425
Dong Thap,1993-07-02,1993,7,2,1.495305821992708
Dong Thap,1993-07-03,1993,7,3,4.9149935828982105
Dong Thap,1993-07-04,1993,7,4,7.214830435854737
Dong Thap,1993-07-05,1993,7,5,6.766122715203211
Dong Thap,1993-07-06,1993,7,6,0.1448763555103022
Dong Thap,1993-07-07,1993,7,7,0.0
Dong Thap,1993-07-08,1993,7,8,2.1333338695100457
Dong Thap,1993-07-09,1993,7,9,10.711025897935045
Dong Thap,1993-07-10,1993,7,10,12.31370506028023
Dong Thap,1993-07-11,1993,7,11,1.8073726910527173
Dong Thap,1993-07-12,1993,7,12,7.385402260499933
Dong Thap,1993-07-13,1993,7,13,3.906396752992182
Dong Thap,1993-07-14,1993,7,14,1.950114133489464
Dong Thap,1993-07-15,1993,7,15,10.122042643596505
Dong Thap,1993-07-16,1993,7,16,3.9838246772057713
Dong Thap,1993-07-17,1993,7,17,0.0382100422825433
Dong Thap,1993-07-18,1993,7,18,0.0091266799384243
Dong Thap,1993-07-19,1993,7,19,4.690892666929941
Dong Thap,1993-07-20,1993,7,20,7.009587885382928
Dong Thap,1993-07-21,1993,7,21,3.6212570257222856
Dong Thap,1993-07-22,1993,7,22,4.196021105714576
Dong Thap,1993-07-23,1993,7,23,2.0351698886098464
Dong Thap,1993-07-24,1993,7,24,4.756055015439154
Dong Thap,1993-07-25,1993,7,25,5.680622004065513
Dong Thap,1993-07-26,1993,7,26,31.34429377429685
Dong Thap,1993-07-27,1993,7,27,27.44933795112044
Dong Thap,1993-07-28,1993,7,28,2.623263803433473
Dong Thap,1993-07-29,1993,7,29,12.195125456202016
Dong Thap,1993-07-30,1993,7,30,22.186614535267125
Dong Thap,1993-07-31,1993,7,31,15.780072234373174
Dong Thap,1993-08-01,1993,8,1,15.696629459412424
Dong Thap,1993-08-02,1993,8,2,1.599557189760712
Dong Thap,1993-08-03,1993,8,3,9.519682492505453
Dong Thap,1993-08-04,1993,8,4,13.607795920682
Dong Thap,1993-08-05,1993,8,5,13.890621256322468
Dong Thap,1993-08-06,1993,8,6,4.744047574284721
Dong Thap,1993-08-07,1993,8,7,3.8834729164007
Dong Thap,1993-08-08,1993,8,8,12.532412753060258
Dong Thap,1993-08-09,1993,8,9,2.0390331967836706
Dong Thap,1993-08-10,1993,8,10,0.7526007736922118
Dong Thap,1993-08-11,1993,8,11,4.881600099144701
Dong Thap,1993-08-12,1993,8,12,16.039735072914738
Dong Thap,1993-08-13,1993,8,13,4.814632704381311
Dong Thap,1993-08-14,1993,8,14,6.183937269481692
Dong Thap,1993-08-15,1993,8,15,3.471711135685565
Dong Thap,1993-08-16,1993,8,16,1.4736765259270332
Dong Thap,1993-08-17,1993,8,17,0.0092880592098413
Dong Thap,1993-08-18,1993,8,18,0.0
Dong Thap,1993-08-19,1993,8,19,2.2237584455932424
Dong Thap,1993-08-20,1993,8,20,2.679738572626013
Dong Thap,1993-08-21,1993,8,21,1.2881645535108095
Dong Thap,1993-08-22,1993,8,22,0.6579139869493611
Dong Thap,1993-08-23,1993,8,23,0.5204467329411973
Dong Thap,1993-08-24,1993,8,24,7.107836313594731
Dong Thap,1993-08-25,1993,8,25,0.0
Dong Thap,1993-08-26,1993,8,26,0.0352133455489102
Dong Thap,1993-08-27,1993,8,27,8.857657143838122
Dong Thap,1993-08-28,1993,8,28,5.551689391013631
Dong Thap,1993-08-29,1993,8,29,6.404426988686781
Dong Thap,1993-08-30,1993,8,30,4.336317435221415
Dong Thap,1993-08-31,1993,8,31,1.2471810787314317
Dong Thap,1993-09-01,1993,9,1,8.485413405882786
Dong Thap,1993-09-02,1993,9,2,13.543130541120982
Dong Thap,1993-09-03,1993,9,3,5.184973412058318
Dong Thap,1993-09-04,1993,9,4,1.9124085242809927
Dong Thap,1993-09-05,1993,9,5,0.5194332416849609
Dong Thap,1993-09-06,1993,9,6,4.180075255724099
Dong Thap,1993-09-07,1993,9,7,14.557699390568906
Dong Thap,1993-09-08,1993,9,8,23.768544382320812
Dong Thap,1993-09-09,1993,9,9,0.10215591150859
Dong Thap,1993-09-10,1993,9,10,1.6062296758115704
Dong Thap,1993-09-11,1993,9,11,8.185215160571882
Dong Thap,1993-09-12,1993,9,12,6.977640565084927
Dong Thap,1993-09-13,1993,9,13,6.98351400492817
Dong Thap,1993-09-14,1993,9,14,5.553752707825081
Dong Thap,1993-09-15,1993,9,15,2.909641743341972
Dong Thap,1993-09-16,1993,9,16,3.598489444718924
Dong Thap,1993-09-17,1993,9,17,3.88202534322163
Dong Thap,1993-09-18,1993,9,18,6.264327104349428
Dong Thap,1993-09-19,1993,9,19,5.024175024624985
Dong Thap,1993-09-20,1993,9,20,2.151895850436984
Dong Thap,1993-09-21,1993,9,21,15.049864979917722
Dong Thap,1993-09-22,1993,9,22,9.151368377915793
Dong Thap,1993-09-23,1993,9,23,7.375480669884279
Dong Thap,1993-09-24,1993,9,24,23.12601277177393
Dong Thap,1993-09-25,1993,9,25,12.290936248681692
Dong Thap,1993-09-26,1993,9,26,7.734107621894933
Dong Thap,1993-09-27,1993,9,27,2.8742493111069622
Dong Thap,1993-09-28,1993,9,28,2.2467473241810567
Dong Thap,1993-09-29,1993,9,29,3.7860126714669073
Dong Thap,1993-09-30,1993,9,30,7.480138217595417
Dong Thap,1993-10-01,1993,10,1,9.267310528155216
Dong Thap,1993-10-02,1993,10,2,11.451145396579925
Dong Thap,1993-10-03,1993,10,3,20.371111858762088
Dong Thap,1993-10-04,1993,10,4,6.5276384601280295
Dong Thap,1993-10-05,1993,10,5,1.505004631802152
Dong Thap,1993-10-06,1993,10,6,23.28748547338373
Dong Thap,1993-10-07,1993,10,7,28.981252058769044
Dong Thap,1993-10-08,1993,10,8,12.103174664007442
Dong Thap,1993-10-09,1993,10,9,4.090285443572572
Dong Thap,1993-10-10,1993,10,10,2.906043214919157
Dong Thap,1993-10-11,1993,10,11,0.0
Dong Thap,1993-10-12,1993,10,12,0.2688969058976411
Dong Thap,1993-10-13,1993,10,13,18.4424438876226
Dong Thap,1993-10-14,1993,10,14,16.94654264265051
Dong Thap,1993-10-15,1993,10,15,12.651672446730451
Dong Thap,1993-10-16,1993,10,16,10.502232548917044
Dong Thap,1993-10-17,1993,10,17,11.895012993579384
Dong Thap,1993-10-18,1993,10,18,4.952635027537519
Dong Thap,1993-10-19,1993,10,19,2.207370923487593
Dong Thap,1993-10-20,1993,10,20,15.90833409063286
Dong Thap,1993-10-21,1993,10,21,6.52334967992028
Dong Thap,1993-10-22,1993,10,22,7.210629904002374
Dong Thap,1993-10-23,1993,10,23,12.45104532653522
Dong Thap,1993-10-24,1993,10,24,19.552857485546767
Dong Thap,1993-10-25,1993,10,25,5.246753753408272
Dong Thap,1993-10-26,1993,10,26,7.327478565987418
Dong Thap,1993-10-27,1993,10,27,0.6279961342967931
Dong Thap,1993-10-28,1993,10,28,1.6944701316366393
Dong Thap,1993-10-29,1993,10,29,0.0
Dong Thap,1993-10-30,1993,10,30,0.0
Dong Thap,1993-10-31,1993,10,31,0.0
Dong Thap,1993-11-01,1993,11,1,0.0
Dong Thap,1993-11-02,1993,11,2,0.0
Dong Thap,1993-11-03,1993,11,3,0.0
Dong Thap,1993-11-04,1993,11,4,0.0
Dong Thap,1993-11-05,1993,11,5,0.0
Dong Thap,1993-11-06,1993,11,6,0.0
Dong Thap,1993-11-07,1993,11,7,0.7048252610925482
Dong Thap,1993-11-08,1993,11,8,0.0
Dong Thap,1993-11-09,1993,11,9,5.278217241908516
Dong Thap,1993-11-10,1993,11,10,8.894652012567386
Dong Thap,1993-11-11,1993,11,11,9.170904234339108
Dong Thap,1993-11-12,1993,11,12,0.0
Dong Thap,1993-11-13,1993,11,13,0.3081199092499274
Dong Thap,1993-11-14,1993,11,14,0.0
Dong Thap,1993-11-15,1993,11,15,0.9918428757360034
Dong Thap,1993-11-16,1993,11,16,0.0889242993803394
Dong Thap,1993-11-17,1993,11,17,7.738621923532346
Dong Thap,1993-11-18,1993,11,18,0.2197900560131033
Dong Thap,1993-11-19,1993,11,19,12.060264720677624
Dong Thap,1993-11-20,1993,11,20,0.8043918558494664
Dong Thap,1993-11-21,1993,11,21,4.731837497348278
Dong Thap,1993-11-22,1993,11,22,0.0
Dong Thap,1993-11-23,1993,11,23,4.728747504042041
Dong Thap,1993-11-24,1993,11,24,0.0
Dong Thap,1993-11-25,1993,11,25,0.0
Dong Thap,1993-11-26,1993,11,26,5.984941770585722
Dong Thap,1993-11-27,1993,11,27,26.46781326733344
Dong Thap,1993-11-28,1993,11,28,10.978447421597382
Dong Thap,1993-11-29,1993,11,29,4.567040087625176
Dong Thap,1993-11-30,1993,11,30,0.0
Dong Thap,1993-12-01,1993,12,1,0.0860669946951851
Dong Thap,1993-12-02,1993,12,2,5.1755198595852185
Dong Thap,1993-12-03,1993,12,3,7.442201359230885
Dong Thap,1993-12-04,1993,12,4,9.224741117156816
Dong Thap,1993-12-05,1993,12,5,14.97340513814839
Dong Thap,1993-12-06,1993,12,6,0.880914992300972
Dong Thap,1993-12-07,1993,12,7,3.076250782514985
Dong Thap,1993-12-08,1993,12,8,1.403383647703058
Dong Thap,1993-12-09,1993,12,9,0.0
Dong Thap,1993-12-10,1993,12,10,0.0
Dong Thap,1993-12-11,1993,12,11,0.0
Dong Thap,1993-12-12,1993,12,12,0.0
Dong Thap,1993-12-13,1993,12,13,0.0
Dong Thap,1993-12-14,1993,12,14,6.75327383299276
Dong Thap,1993-12-15,1993,12,15,1.9655259440403443
Dong Thap,1993-12-16,1993,12,16,0.0085523253209958
Dong Thap,1993-12-17,1993,12,17,0.0
Dong Thap,1993-12-18,1993,12,18,0.0
Dong Thap,1993-12-19,1993,12,19,0.0
Dong Thap,1993-12-20,1993,12,20,0.0
Dong Thap,1993-12-21,1993,12,21,0.0
Dong Thap,1993-12-22,1993,12,22,0.0
Dong Thap,1993-12-23,1993,12,23,0.4971614939192131
Dong Thap,1993-12-24,1993,12,24,0.0
Dong Thap,1993-12-25,1993,12,25,0.0
Dong Thap,1993-12-26,1993,12,26,0.0
Dong Thap,1993-12-27,1993,12,27,0.0
Dong Thap,1993-12-28,1993,12,28,0.0
Dong Thap,1993-12-29,1993,12,29,0.0
Dong Thap,1993-12-30,1993,12,30,0.0
Dong Thap,1993-12-31,1993,12,31,0.0
Dong Thap,1994-01-01,1994,1,1,0.1093880333596409
Dong Thap,1994-01-02,1994,1,2,0.0
Dong Thap,1994-01-03,1994,1,3,0.0
Dong Thap,1994-01-04,1994,1,4,0.0
Dong Thap,1994-01-05,1994,1,5,0.0
Dong Thap,1994-01-06,1994,1,6,0.0
Dong Thap,1994-01-07,1994,1,7,0.0
Dong Thap,1994-01-08,1994,1,8,0.0
Dong Thap,1994-01-09,1994,1,9,0.0067867058690021
Dong Thap,1994-01-10,1994,1,10,2.897838350316956
Dong Thap,1994-01-11,1994,1,11,3.672863545075872
Dong Thap,1994-01-12,1994,1,12,0.0
Dong Thap,1994-01-13,1994,1,13,0.0
Dong Thap,1994-01-14,1994,1,14,0.0
Dong Thap,1994-01-15,1994,1,15,0.0
Dong Thap,1994-01-16,1994,1,16,0.0
Dong Thap,1994-01-17,1994,1,17,0.0
Dong Thap,1994-01-18,1994,1,18,0.0
Dong Thap,1994-01-19,1994,1,19,0.0
Dong Thap,1994-01-20,1994,1,20,0.0
Dong Thap,1994-01-21,1994,1,21,0.0
Dong Thap,1994-01-22,1994,1,22,0.0
Dong Thap,1994-01-23,1994,1,23,0.6705412727000626
Dong Thap,1994-01-24,1994,1,24,0.0914043818495022
Dong Thap,1994-01-25,1994,1,25,0.0
Dong Thap,1994-01-26,1994,1,26,1.943184319377242
Dong Thap,1994-01-27,1994,1,27,0.2856930168085636
Dong Thap,1994-01-28,1994,1,28,0.0
Dong Thap,1994-01-29,1994,1,29,0.0
Dong Thap,1994-01-30,1994,1,30,0.0
Dong Thap,1994-01-31,1994,1,31,0.0
Dong Thap,1994-02-01,1994,2,1,0.0
Dong Thap,1994-02-02,1994,2,2,0.0
Dong Thap,1994-02-03,1994,2,3,0.0
Dong Thap,1994-02-04,1994,2,4,0.0
Dong Thap,1994-02-05,1994,2,5,0.0
Dong Thap,1994-02-06,1994,2,6,0.0
Dong Thap,1994-02-07,1994,2,7,0.0
Dong Thap,1994-02-08,1994,2,8,0.0
Dong Thap,1994-02-09,1994,2,9,0.0
Dong Thap,1994-02-10,1994,2,10,0.0
Dong Thap,1994-02-11,1994,2,11,0.0
Dong Thap,1994-02-12,1994,2,12,0.0
Dong Thap,1994-02-13,1994,2,13,0.0
Dong Thap,1994-02-14,1994,2,14,0.059689314126806
Dong Thap,1994-02-15,1994,2,15,0.1836381356191926
Dong Thap,1994-02-16,1994,2,16,0.0850744621402583
Dong Thap,1994-02-17,1994,2,17,0.0
Dong Thap,1994-02-18,1994,2,18,0.0
Dong Thap,1994-02-19,1994,2,19,0.0
Dong Thap,1994-02-20,1994,2,20,0.0
Dong Thap,1994-02-21,1994,2,21,0.0
Dong Thap,1994-02-22,1994,2,22,0.0
Dong Thap,1994-02-23,1994,2,23,0.0
Dong Thap,1994-02-24,1994,2,24,0.0
Dong Thap,1994-02-25,1994,2,25,0.0
Dong Thap,1994-02-26,1994,2,26,0.0
Dong Thap,1994-02-27,1994,2,27,0.0
Dong Thap,1994-02-28,1994,2,28,0.0
Dong Thap,1994-03-01,1994,3,1,0.3748519164189908
Dong Thap,1994-03-02,1994,3,2,0.0
Dong Thap,1994-03-03,1994,3,3,0.0
Dong Thap,1994-03-04,1994,3,4,0.0
Dong Thap,1994-03-05,1994,3,5,0.0
Dong Thap,1994-03-06,1994,3,6,3.1319819530081188
Dong Thap,1994-03-07,1994,3,7,0.0
Dong Thap,1994-03-08,1994,3,8,0.0
Dong Thap,1994-03-09,1994,3,9,0.0
Dong Thap,1994-03-10,1994,3,10,0.0
Dong Thap,1994-03-11,1994,3,11,0.0
Dong Thap,1994-03-12,1994,3,12,1.3198029122737789
Dong Thap,1994-03-13,1994,3,13,0.1995507904886522
Dong Thap,1994-03-14,1994,3,14,1.8643031858900163
Dong Thap,1994-03-15,1994,3,15,0.0
Dong Thap,1994-03-16,1994,3,16,5.665644272042693
Dong Thap,1994-03-17,1994,3,17,0.3223898961670088
Dong Thap,1994-03-18,1994,3,18,0.3568479637183215
Dong Thap,1994-03-19,1994,3,19,7.266914520028063
Dong Thap,1994-03-20,1994,3,20,0.1443800763232328
Dong Thap,1994-03-21,1994,3,21,0.0807181089974488
Dong Thap,1994-03-22,1994,3,22,1.9213688945131877
Dong Thap,1994-03-23,1994,3,23,0.2997424026479086
Dong Thap,1994-03-24,1994,3,24,3.3099798028948397
Dong Thap,1994-03-25,1994,3,25,0.0
Dong Thap,1994-03-26,1994,3,26,0.0
Dong Thap,1994-03-27,1994,3,27,0.2750703794279415
Dong Thap,1994-03-28,1994,3,28,0.0
Dong Thap,1994-03-29,1994,3,29,0.0
Dong Thap,1994-03-30,1994,3,30,6.763383033948065
Dong Thap,1994-03-31,1994,3,31,0.0
Dong Thap,1994-04-01,1994,4,1,0.0
Dong Thap,1994-04-02,1994,4,2,0.0
Dong Thap,1994-04-03,1994,4,3,0.0
Dong Thap,1994-04-04,1994,4,4,0.0
Dong Thap,1994-04-05,1994,4,5,0.0
Dong Thap,1994-04-06,1994,4,6,1.073433499325963
Dong Thap,1994-04-07,1994,4,7,1.9734085997655748
Dong Thap,1994-04-08,1994,4,8,0.8153736659843198
Dong Thap,1994-04-09,1994,4,9,3.644973141213297
Dong Thap,1994-04-10,1994,4,10,1.9841055951916169
Dong Thap,1994-04-11,1994,4,11,0.1344543272049918
Dong Thap,1994-04-12,1994,4,12,0.0
Dong Thap,1994-04-13,1994,4,13,0.0
Dong Thap,1994-04-14,1994,4,14,0.0
Dong Thap,1994-04-15,1994,4,15,1.625495306591287
Dong Thap,1994-04-16,1994,4,16,3.232620840207069
Dong Thap,1994-04-17,1994,4,17,0.1313981981485209
Dong Thap,1994-04-18,1994,4,18,5.353778774029061
Dong Thap,1994-04-19,1994,4,19,3.262634749440397
Dong Thap,1994-04-20,1994,4,20,1.1717733510645003
Dong Thap,1994-04-21,1994,4,21,1.098466257849382
Dong Thap,1994-04-22,1994,4,22,1.096935665307197
Dong Thap,1994-04-23,1994,4,23,0.1339234856790172
Dong Thap,1994-04-24,1994,4,24,0.2554167797803769
Dong Thap,1994-04-25,1994,4,25,0.9300156234680506
Dong Thap,1994-04-26,1994,4,26,0.0
Dong Thap,1994-04-27,1994,4,27,0.0
Dong Thap,1994-04-28,1994,4,28,0.0
Dong Thap,1994-04-29,1994,4,29,0.0
Dong Thap,1994-04-30,1994,4,30,0.0
Dong Thap,1994-05-01,1994,5,1,0.0
Dong Thap,1994-05-02,1994,5,2,0.0
Dong Thap,1994-05-03,1994,5,3,0.0
Dong Thap,1994-05-04,1994,5,4,0.3896411306562675
Dong Thap,1994-05-05,1994,5,5,18.706352453721944
Dong Thap,1994-05-06,1994,5,6,11.778417975718078
Dong Thap,1994-05-07,1994,5,7,4.296012941998961
Dong Thap,1994-05-08,1994,5,8,4.402225468998353
Dong Thap,1994-05-09,1994,5,9,8.29506776104012
Dong Thap,1994-05-10,1994,5,10,0.4706156846953269
Dong Thap,1994-05-11,1994,5,11,3.7360236931339466
Dong Thap,1994-05-12,1994,5,12,1.4470594902616898
Dong Thap,1994-05-13,1994,5,13,6.016578245398297
Dong Thap,1994-05-14,1994,5,14,9.22450652310765
Dong Thap,1994-05-15,1994,5,15,7.416338786459139
Dong Thap,1994-05-16,1994,5,16,5.750584001711009
Dong Thap,1994-05-17,1994,5,17,18.50101428461204
Dong Thap,1994-05-18,1994,5,18,15.22453617465341
Dong Thap,1994-05-19,1994,5,19,15.073680261662677
Dong Thap,1994-05-20,1994,5,20,4.106870554325015
Dong Thap,1994-05-21,1994,5,21,2.9016381556792457
Dong Thap,1994-05-22,1994,5,22,0.0
Dong Thap,1994-05-23,1994,5,23,5.495962068827374
Dong Thap,1994-05-24,1994,5,24,14.298053330160029
Dong Thap,1994-05-25,1994,5,25,19.78142236283719
Dong Thap,1994-05-26,1994,5,26,2.6963420426234213
Dong Thap,1994-05-27,1994,5,27,5.43556864480867
Dong Thap,1994-05-28,1994,5,28,4.413824269120751
Dong Thap,1994-05-29,1994,5,29,0.5955472482503176
Dong Thap,1994-05-30,1994,5,30,1.5460445766197946
Dong Thap,1994-05-31,1994,5,31,6.530411920182039
Dong Thap,1994-06-01,1994,6,1,8.086231696922164
Dong Thap,1994-06-02,1994,6,2,16.46651340228834
Dong Thap,1994-06-03,1994,6,3,7.435452174823893
Dong Thap,1994-06-04,1994,6,4,0.0
Dong Thap,1994-06-05,1994,6,5,5.920292719573097
Dong Thap,1994-06-06,1994,6,6,7.167355950778914
Dong Thap,1994-06-07,1994,6,7,7.93308758934474
Dong Thap,1994-06-08,1994,6,8,7.999053414619394
Dong Thap,1994-06-09,1994,6,9,7.132931242433834
Dong Thap,1994-06-10,1994,6,10,5.17815782126045
Dong Thap,1994-06-11,1994,6,11,4.0433579173343945
Dong Thap,1994-06-12,1994,6,12,12.1928315500513
Dong Thap,1994-06-13,1994,6,13,7.057817768578572
Dong Thap,1994-06-14,1994,6,14,5.151848917554395
Dong Thap,1994-06-15,1994,6,15,0.0203581095039371
Dong Thap,1994-06-16,1994,6,16,7.593020873489577
Dong Thap,1994-06-17,1994,6,17,11.788326182724097
Dong Thap,1994-06-18,1994,6,18,6.868472750519092
Dong Thap,1994-06-19,1994,6,19,11.730262171824496
Dong Thap,1994-06-20,1994,6,20,0.213057271471796
Dong Thap,1994-06-21,1994,6,21,0.0
Dong Thap,1994-06-22,1994,6,22,4.008306353236099
Dong Thap,1994-06-23,1994,6,23,4.727762145670951
Dong Thap,1994-06-24,1994,6,24,4.060730732377218
Dong Thap,1994-06-25,1994,6,25,7.061898656353429
Dong Thap,1994-06-26,1994,6,26,0.0032365741928824
Dong Thap,1994-06-27,1994,6,27,6.954126493491791
Dong Thap,1994-06-28,1994,6,28,18.495983716877287
Dong Thap,1994-06-29,1994,6,29,14.49565316361041
Dong Thap,1994-06-30,1994,6,30,6.836075751952417
Dong Thap,1994-07-01,1994,7,1,0.0
Dong Thap,1994-07-02,1994,7,2,18.57648000274625
Dong Thap,1994-07-03,1994,7,3,0.7946480564013987
Dong Thap,1994-07-04,1994,7,4,2.5858938399155385
Dong Thap,1994-07-05,1994,7,5,7.117377875923485
Dong Thap,1994-07-06,1994,7,6,3.1133548189026428
Dong Thap,1994-07-07,1994,7,7,2.071256354522185
Dong Thap,1994-07-08,1994,7,8,2.6572267408405583
Dong Thap,1994-07-09,1994,7,9,4.084747088328763
Dong Thap,1994-07-10,1994,7,10,3.723510865366373
Dong Thap,1994-07-11,1994,7,11,8.437105361805877
Dong Thap,1994-07-12,1994,7,12,7.155513005304529
Dong Thap,1994-07-13,1994,7,13,4.405288464261042
Dong Thap,1994-07-14,1994,7,14,1.3225919645214552
Dong Thap,1994-07-15,1994,7,15,2.6453260680580706
Dong Thap,1994-07-16,1994,7,16,1.4927652495124315
Dong Thap,1994-07-17,1994,7,17,0.0
Dong Thap,1994-07-18,1994,7,18,6.048222394555718
Dong Thap,1994-07-19,1994,7,19,23.38341401011218
Dong Thap,1994-07-20,1994,7,20,1.3682016239351276
Dong Thap,1994-07-21,1994,7,21,0.0
Dong Thap,1994-07-22,1994,7,22,0.0
Dong Thap,1994-07-23,1994,7,23,0.0
Dong Thap,1994-07-24,1994,7,24,0.5906899072549388
Dong Thap,1994-07-25,1994,7,25,1.825829199173565
Dong Thap,1994-07-26,1994,7,26,0.0
Dong Thap,1994-07-27,1994,7,27,0.0
Dong Thap,1994-07-28,1994,7,28,10.779113084192792
Dong Thap,1994-07-29,1994,7,29,13.67700546161642
Dong Thap,1994-07-30,1994,7,30,0.7028080205650102
Dong Thap,1994-07-31,1994,7,31,1.889156853852424
Dong Thap,1994-08-01,1994,8,1,3.0762132640419986
Dong Thap,1994-08-02,1994,8,2,2.6170598531130453
Dong Thap,1994-08-03,1994,8,3,2.3469138851857165
Dong Thap,1994-08-04,1994,8,4,2.525666387231408
Dong Thap,1994-08-05,1994,8,5,1.4123505569583623
Dong Thap,1994-08-06,1994,8,6,1.3640256691694472
Dong Thap,1994-08-07,1994,8,7,0.0
Dong Thap,1994-08-08,1994,8,8,0.0
Dong Thap,1994-08-09,1994,8,9,0.0
Dong Thap,1994-08-10,1994,8,10,0.0
Dong Thap,1994-08-11,1994,8,11,0.0
Dong Thap,1994-08-12,1994,8,12,0.0
Dong Thap,1994-08-13,1994,8,13,0.0
Dong Thap,1994-08-14,1994,8,14,0.0
Dong Thap,1994-08-15,1994,8,15,0.8931490394677979
Dong Thap,1994-08-16,1994,8,16,3.1042091946956747
Dong Thap,1994-08-17,1994,8,17,9.518010167786668
Dong Thap,1994-08-18,1994,8,18,5.625775691499671
Dong Thap,1994-08-19,1994,8,19,0.0081540198520329
Dong Thap,1994-08-20,1994,8,20,0.0
Dong Thap,1994-08-21,1994,8,21,3.1105755998930307
Dong Thap,1994-08-22,1994,8,22,17.684871368108485
Dong Thap,1994-08-23,1994,8,23,15.650782670256824
Dong Thap,1994-08-24,1994,8,24,15.66101478987982
Dong Thap,1994-08-25,1994,8,25,0.4892400943126594
Dong Thap,1994-08-26,1994,8,26,0.0230002473859741
Dong Thap,1994-08-27,1994,8,27,3.883555387122467
Dong Thap,1994-08-28,1994,8,28,6.759108999796888
Dong Thap,1994-08-29,1994,8,29,8.410660536557819
Dong Thap,1994-08-30,1994,8,30,17.496258059569378
Dong Thap,1994-08-31,1994,8,31,6.6526706760327805
Dong Thap,1994-09-01,1994,9,1,0.0008382464526379649
Dong Thap,1994-09-02,1994,9,2,2.721880769402308
Dong Thap,1994-09-03,1994,9,3,11.81014229375163
Dong Thap,1994-09-04,1994,9,4,10.7218175750891
Dong Thap,1994-09-05,1994,9,5,10.168721882615843
Dong Thap,1994-09-06,1994,9,6,9.47154886382546
Dong Thap,1994-09-07,1994,9,7,0.0
Dong Thap,1994-09-08,1994,9,8,0.010838749107385
Dong Thap,1994-09-09,1994,9,9,1.009271306422986
Dong Thap,1994-09-10,1994,9,10,16.858911764088845
Dong Thap,1994-09-11,1994,9,11,0.0
Dong Thap,1994-09-12,1994,9,12,10.348681680626516
Dong Thap,1994-09-13,1994,9,13,0.1320202715385519
Dong Thap,1994-09-14,1994,9,14,3.073639749067289
Dong Thap,1994-09-15,1994,9,15,17.62605265503111
Dong Thap,1994-09-16,1994,9,16,19.94606777281076
Dong Thap,1994-09-17,1994,9,17,0.0083487174233422
Dong Thap,1994-09-18,1994,9,18,3.272258800377725
Dong Thap,1994-09-19,1994,9,19,1.3921078631659871
Dong Thap,1994-09-20,1994,9,20,0.3970865386669018
Dong Thap,1994-09-21,1994,9,21,0.0
Dong Thap,1994-09-22,1994,9,22,0.4468624079263963
Dong Thap,1994-09-23,1994,9,23,7.928893084161697
Dong Thap,1994-09-24,1994,9,24,1.1276657113499828
Dong Thap,1994-09-25,1994,9,25,0.9024937179946344
Dong Thap,1994-09-26,1994,9,26,4.808781203118369
Dong Thap,1994-09-27,1994,9,27,7.317542293322227
Dong Thap,1994-09-28,1994,9,28,7.475047133043018
Dong Thap,1994-09-29,1994,9,29,3.2395624606442164
Dong Thap,1994-09-30,1994,9,30,6.324256124972807
Dong Thap,1994-10-01,1994,10,1,3.5362871839111825
Dong Thap,1994-10-02,1994,10,2,9.237817467895525
Dong Thap,1994-10-03,1994,10,3,11.365801897940516
Dong Thap,1994-10-04,1994,10,4,2.2795971386660403
Dong Thap,1994-10-05,1994,10,5,2.7381931954577627
Dong Thap,1994-10-06,1994,10,6,0.2611018260211827
Dong Thap,1994-10-07,1994,10,7,12.87212587552517
Dong Thap,1994-10-08,1994,10,8,2.397550196747188
Dong Thap,1994-10-09,1994,10,9,1.6494803660062525
Dong Thap,1994-10-10,1994,10,10,2.275808095715606
Dong Thap,1994-10-11,1994,10,11,13.595688136548496
Dong Thap,1994-10-12,1994,10,12,14.34139991549101
Dong Thap,1994-10-13,1994,10,13,0.0
Dong Thap,1994-10-14,1994,10,14,2.4342135442799115
Dong Thap,1994-10-15,1994,10,15,10.637133378695273
Dong Thap,1994-10-16,1994,10,16,11.745020670105813
Dong Thap,1994-10-17,1994,10,17,10.485738835895791
Dong Thap,1994-10-18,1994,10,18,16.13067874680956
Dong Thap,1994-10-19,1994,10,19,12.542203628938427
Dong Thap,1994-10-20,1994,10,20,5.530691056097879
Dong Thap,1994-10-21,1994,10,21,2.420299087734971
Dong Thap,1994-10-22,1994,10,22,0.528436636029389
Dong Thap,1994-10-23,1994,10,23,1.1345909106398695
Dong Thap,1994-10-24,1994,10,24,0.9936357895370944
Dong Thap,1994-10-25,1994,10,25,17.508955264838065
Dong Thap,1994-10-26,1994,10,26,23.08307294562097
Dong Thap,1994-10-27,1994,10,27,0.0
Dong Thap,1994-10-28,1994,10,28,2.3434293805430317
Dong Thap,1994-10-29,1994,10,29,16.11261245008496
Dong Thap,1994-10-30,1994,10,30,1.6085052201475765
Dong Thap,1994-10-31,1994,10,31,0.0
Dong Thap,1994-11-01,1994,11,1,0.0
Dong Thap,1994-11-02,1994,11,2,0.0
Dong Thap,1994-11-03,1994,11,3,0.0
Dong Thap,1994-11-04,1994,11,4,0.0
Dong Thap,1994-11-05,1994,11,5,3.664188971926842
Dong Thap,1994-11-06,1994,11,6,6.078707190254579
Dong Thap,1994-11-07,1994,11,7,0.0
Dong Thap,1994-11-08,1994,11,8,0.0
Dong Thap,1994-11-09,1994,11,9,0.0
Dong Thap,1994-11-10,1994,11,10,0.0
Dong Thap,1994-11-11,1994,11,11,0.0
Dong Thap,1994-11-12,1994,11,12,0.0
Dong Thap,1994-11-13,1994,11,13,2.530444101949708
Dong Thap,1994-11-14,1994,11,14,0.0
Dong Thap,1994-11-15,1994,11,15,0.0
Dong Thap,1994-11-16,1994,11,16,0.0
Dong Thap,1994-11-17,1994,11,17,0.0
Dong Thap,1994-11-18,1994,11,18,0.0
Dong Thap,1994-11-19,1994,11,19,0.0
Dong Thap,1994-11-20,1994,11,20,0.0
Dong Thap,1994-11-21,1994,11,21,3.967964014661859
Dong Thap,1994-11-22,1994,11,22,0.0
Dong Thap,1994-11-23,1994,11,23,3.574156621889053
Dong Thap,1994-11-24,1994,11,24,1.9039510724927005
Dong Thap,1994-11-25,1994,11,25,0.0
Dong Thap,1994-11-26,1994,11,26,0.0
Dong Thap,1994-11-27,1994,11,27,1.3674211491390444
Dong Thap,1994-11-28,1994,11,28,9.440395719493246
Dong Thap,1994-11-29,1994,11,29,0.605011530235724
Dong Thap,1994-11-30,1994,11,30,2.1508022299260805
Dong Thap,1994-12-01,1994,12,1,0.0652430793217636
Dong Thap,1994-12-02,1994,12,2,1.181033538533144
Dong Thap,1994-12-03,1994,12,3,0.0
Dong Thap,1994-12-04,1994,12,4,6.704917772633974
Dong Thap,1994-12-05,1994,12,5,11.818141909502566
Dong Thap,1994-12-06,1994,12,6,5.229204296105459
Dong Thap,1994-12-07,1994,12,7,0.4429683146467005
Dong Thap,1994-12-08,1994,12,8,0.6709515131301609
Dong Thap,1994-12-09,1994,12,9,3.83030580742602
Dong Thap,1994-12-10,1994,12,10,3.2450417048378744
Dong Thap,1994-12-11,1994,12,11,1.9309147345605877
Dong Thap,1994-12-12,1994,12,12,0.0
Dong Thap,1994-12-13,1994,12,13,0.0
Dong Thap,1994-12-14,1994,12,14,0.0
Dong Thap,1994-12-15,1994,12,15,0.0
Dong Thap,1994-12-16,1994,12,16,0.015424493058674
Dong Thap,1994-12-17,1994,12,17,0.0
Dong Thap,1994-12-18,1994,12,18,0.0
Dong Thap,1994-12-19,1994,12,19,0.5052821311194362
Dong Thap,1994-12-20,1994,12,20,0.0
Dong Thap,1994-12-21,1994,12,21,0.0
Dong Thap,1994-12-22,1994,12,22,0.0
Dong Thap,1994-12-23,1994,12,23,0.0
Dong Thap,1994-12-24,1994,12,24,0.0
Dong Thap,1994-12-25,1994,12,25,0.0
Dong Thap,1994-12-26,1994,12,26,0.0
Dong Thap,1994-12-27,1994,12,27,0.0
Dong Thap,1994-12-28,1994,12,28,0.0
Dong Thap,1994-12-29,1994,12,29,0.0
Dong Thap,1994-12-30,1994,12,30,0.0
Dong Thap,1994-12-31,1994,12,31,0.0
Dong Thap,1995-01-01,1995,1,1,0.0
Dong Thap,1995-01-02,1995,1,2,0.0
Dong Thap,1995-01-03,1995,1,3,0.0
Dong Thap,1995-01-04,1995,1,4,4.03221221311795
Dong Thap,1995-01-05,1995,1,5,0.0
Dong Thap,1995-01-06,1995,1,6,0.0
Dong Thap,1995-01-07,1995,1,7,0.0
Dong Thap,1995-01-08,1995,1,8,0.0
Dong Thap,1995-01-09,1995,1,9,0.0
Dong Thap,1995-01-10,1995,1,10,0.0
Dong Thap,1995-01-11,1995,1,11,0.7790389831222477
Dong Thap,1995-01-12,1995,1,12,0.4211764982093182
Dong Thap,1995-01-13,1995,1,13,0.6389303792488662
Dong Thap,1995-01-14,1995,1,14,0.1856920366955906
Dong Thap,1995-01-15,1995,1,15,1.424699794165477
Dong Thap,1995-01-16,1995,1,16,3.070707936202529
Dong Thap,1995-01-17,1995,1,17,0.0
Dong Thap,1995-01-18,1995,1,18,0.0
Dong Thap,1995-01-19,1995,1,19,0.0
Dong Thap,1995-01-20,1995,1,20,0.0
Dong Thap,1995-01-21,1995,1,21,0.0
Dong Thap,1995-01-22,1995,1,22,0.0
Dong Thap,1995-01-23,1995,1,23,0.0
Dong Thap,1995-01-24,1995,1,24,0.2514608405887173
Dong Thap,1995-01-25,1995,1,25,0.0
Dong Thap,1995-01-26,1995,1,26,0.6115028313195214
Dong Thap,1995-01-27,1995,1,27,0.0
Dong Thap,1995-01-28,1995,1,28,0.0
Dong Thap,1995-01-29,1995,1,29,0.0
Dong Thap,1995-01-30,1995,1,30,0.0
Dong Thap,1995-01-31,1995,1,31,0.0
Dong Thap,1995-02-01,1995,2,1,0.0
Dong Thap,1995-02-02,1995,2,2,0.0
Dong Thap,1995-02-03,1995,2,3,0.0
Dong Thap,1995-02-04,1995,2,4,0.0
Dong Thap,1995-02-05,1995,2,5,0.0013569264298857
Dong Thap,1995-02-06,1995,2,6,0.0
Dong Thap,1995-02-07,1995,2,7,0.0
Dong Thap,1995-02-08,1995,2,8,0.0
Dong Thap,1995-02-09,1995,2,9,0.0
Dong Thap,1995-02-10,1995,2,10,0.0
Dong Thap,1995-02-11,1995,2,11,0.0
Dong Thap,1995-02-12,1995,2,12,0.0
Dong Thap,1995-02-13,1995,2,13,0.0474928125708666
Dong Thap,1995-02-14,1995,2,14,1.14722005491736
Dong Thap,1995-02-15,1995,2,15,0.1323545155934744
Dong Thap,1995-02-16,1995,2,16,0.0
Dong Thap,1995-02-17,1995,2,17,0.0
Dong Thap,1995-02-18,1995,2,18,0.0
Dong Thap,1995-02-19,1995,2,19,2.000518850750573
Dong Thap,1995-02-20,1995,2,20,0.0
Dong Thap,1995-02-21,1995,2,21,0.1240412717453064
Dong Thap,1995-02-22,1995,2,22,0.0
Dong Thap,1995-02-23,1995,2,23,0.020955932635365
Dong Thap,1995-02-24,1995,2,24,0.0
Dong Thap,1995-02-25,1995,2,25,1.7724591129209435
Dong Thap,1995-02-26,1995,2,26,2.444378390857522
Dong Thap,1995-02-27,1995,2,27,0.0
Dong Thap,1995-02-28,1995,2,28,0.0
Dong Thap,1995-03-01,1995,3,1,0.0
Dong Thap,1995-03-02,1995,3,2,0.2482794976935029
Dong Thap,1995-03-03,1995,3,3,0.0
Dong Thap,1995-03-04,1995,3,4,2.793631472134768
Dong Thap,1995-03-05,1995,3,5,0.0
Dong Thap,1995-03-06,1995,3,6,0.0
Dong Thap,1995-03-07,1995,3,7,0.0
Dong Thap,1995-03-08,1995,3,8,0.0
Dong Thap,1995-03-09,1995,3,9,0.0
Dong Thap,1995-03-10,1995,3,10,0.0
Dong Thap,1995-03-11,1995,3,11,0.0
Dong Thap,1995-03-12,1995,3,12,0.0
Dong Thap,1995-03-13,1995,3,13,0.0
Dong Thap,1995-03-14,1995,3,14,0.0
Dong Thap,1995-03-15,1995,3,15,0.0
Dong Thap,1995-03-16,1995,3,16,0.0
Dong Thap,1995-03-17,1995,3,17,0.0
Dong Thap,1995-03-18,1995,3,18,0.0
Dong Thap,1995-03-19,1995,3,19,0.0248491381852297
Dong Thap,1995-03-20,1995,3,20,0.0
Dong Thap,1995-03-21,1995,3,21,0.406064851269961
Dong Thap,1995-03-22,1995,3,22,3.038648123965123
Dong Thap,1995-03-23,1995,3,23,0.0
Dong Thap,1995-03-24,1995,3,24,0.0
Dong Thap,1995-03-25,1995,3,25,0.0
Dong Thap,1995-03-26,1995,3,26,20.96488028348831
Dong Thap,1995-03-27,1995,3,27,0.0
Dong Thap,1995-03-28,1995,3,28,0.0
Dong Thap,1995-03-29,1995,3,29,0.0
Dong Thap,1995-03-30,1995,3,30,0.0
Dong Thap,1995-03-31,1995,3,31,0.0
Dong Thap,1995-04-01,1995,4,1,0.0
Dong Thap,1995-04-02,1995,4,2,0.0
Dong Thap,1995-04-03,1995,4,3,0.2183259821192379
Dong Thap,1995-04-04,1995,4,4,0.0
Dong Thap,1995-04-05,1995,4,5,0.0028745165643763
Dong Thap,1995-04-06,1995,4,6,0.0479212971347136
Dong Thap,1995-04-07,1995,4,7,0.0
Dong Thap,1995-04-08,1995,4,8,0.0
Dong Thap,1995-04-09,1995,4,9,0.0
Dong Thap,1995-04-10,1995,4,10,0.0
Dong Thap,1995-04-11,1995,4,11,0.0
Dong Thap,1995-04-12,1995,4,12,0.0
Dong Thap,1995-04-13,1995,4,13,0.0
Dong Thap,1995-04-14,1995,4,14,0.0
Dong Thap,1995-04-15,1995,4,15,0.1956450332447273
Dong Thap,1995-04-16,1995,4,16,0.0
Dong Thap,1995-04-17,1995,4,17,0.0
Dong Thap,1995-04-18,1995,4,18,0.0
Dong Thap,1995-04-19,1995,4,19,0.0
Dong Thap,1995-04-20,1995,4,20,2.826402020374609
Dong Thap,1995-04-21,1995,4,21,0.1566082933794648
Dong Thap,1995-04-22,1995,4,22,0.0
Dong Thap,1995-04-23,1995,4,23,0.0
Dong Thap,1995-04-24,1995,4,24,0.0
Dong Thap,1995-04-25,1995,4,25,10.16859668621758
Dong Thap,1995-04-26,1995,4,26,2.9953128555977657
Dong Thap,1995-04-27,1995,4,27,1.8686694953550893
Dong Thap,1995-04-28,1995,4,28,2.516790332871552
Dong Thap,1995-04-29,1995,4,29,0.0
Dong Thap,1995-04-30,1995,4,30,0.00064759732428824
Dong Thap,1995-05-01,1995,5,1,0.5001131994858982
Dong Thap,1995-05-02,1995,5,2,0.0
Dong Thap,1995-05-03,1995,5,3,2.761420120856429
Dong Thap,1995-05-04,1995,5,4,0.0
Dong Thap,1995-05-05,1995,5,5,0.0623777637628841
Dong Thap,1995-05-06,1995,5,6,0.0
Dong Thap,1995-05-07,1995,5,7,0.0
Dong Thap,1995-05-08,1995,5,8,2.013969285217087
Dong Thap,1995-05-09,1995,5,9,0.922609330116282
Dong Thap,1995-05-10,1995,5,10,3.4364734866436786
Dong Thap,1995-05-11,1995,5,11,7.915285451026196
Dong Thap,1995-05-12,1995,5,12,1.4932583942011903
Dong Thap,1995-05-13,1995,5,13,6.6864270643904415
Dong Thap,1995-05-14,1995,5,14,1.6688543153317676
Dong Thap,1995-05-15,1995,5,15,2.387553903476056
Dong Thap,1995-05-16,1995,5,16,10.622149747395042
Dong Thap,1995-05-17,1995,5,17,10.409184987904233
Dong Thap,1995-05-18,1995,5,18,5.905804513153747
Dong Thap,1995-05-19,1995,5,19,5.262890831545579
Dong Thap,1995-05-20,1995,5,20,0.0
Dong Thap,1995-05-21,1995,5,21,0.0
Dong Thap,1995-05-22,1995,5,22,1.6392009790343487
Dong Thap,1995-05-23,1995,5,23,3.6148368791033128
Dong Thap,1995-05-24,1995,5,24,4.004296745651022
Dong Thap,1995-05-25,1995,5,25,18.27639672043157
Dong Thap,1995-05-26,1995,5,26,4.223733918843204
Dong Thap,1995-05-27,1995,5,27,10.845136572775282
Dong Thap,1995-05-28,1995,5,28,6.067064078061897
Dong Thap,1995-05-29,1995,5,29,1.3036591004075602
Dong Thap,1995-05-30,1995,5,30,13.754714246371815
Dong Thap,1995-05-31,1995,5,31,17.133161560921597
Dong Thap,1995-06-01,1995,6,1,1.3237993262348078
Dong Thap,1995-06-02,1995,6,2,5.532451558537781
Dong Thap,1995-06-03,1995,6,3,2.056607573186428
Dong Thap,1995-06-04,1995,6,4,2.726870076014445
Dong Thap,1995-06-05,1995,6,5,1.6214976692675778
Dong Thap,1995-06-06,1995,6,6,3.2510683700993463
Dong Thap,1995-06-07,1995,6,7,1.5723970405282357
Dong Thap,1995-06-08,1995,6,8,1.2850303337069249
Dong Thap,1995-06-09,1995,6,9,4.74913472754089
Dong Thap,1995-06-10,1995,6,10,5.089674778351957
Dong Thap,1995-06-11,1995,6,11,4.413205763826785
Dong Thap,1995-06-12,1995,6,12,7.888947893803906
Dong Thap,1995-06-13,1995,6,13,0.4300126630161146
Dong Thap,1995-06-14,1995,6,14,7.2091993611227325
Dong Thap,1995-06-15,1995,6,15,0.0690885455342736
Dong Thap,1995-06-16,1995,6,16,2.926156628570075
Dong Thap,1995-06-17,1995,6,17,11.439304638847563
Dong Thap,1995-06-18,1995,6,18,16.16227960374205
Dong Thap,1995-06-19,1995,6,19,5.54872672722024
Dong Thap,1995-06-20,1995,6,20,3.838955794125692
Dong Thap,1995-06-21,1995,6,21,3.8864345456944154
Dong Thap,1995-06-22,1995,6,22,9.57083996085588
Dong Thap,1995-06-23,1995,6,23,13.595895727448434
Dong Thap,1995-06-24,1995,6,24,4.289575735227519
Dong Thap,1995-06-25,1995,6,25,0.0
Dong Thap,1995-06-26,1995,6,26,8.054575355774638
Dong Thap,1995-06-27,1995,6,27,11.31742683521657
Dong Thap,1995-06-28,1995,6,28,12.150790288729915
Dong Thap,1995-06-29,1995,6,29,13.063104473735722
Dong Thap,1995-06-30,1995,6,30,8.89750691362457
Dong Thap,1995-07-01,1995,7,1,9.784564340523046
Dong Thap,1995-07-02,1995,7,2,2.761278860073174
Dong Thap,1995-07-03,1995,7,3,12.22930867364408
Dong Thap,1995-07-04,1995,7,4,10.898771062516987
Dong Thap,1995-07-05,1995,7,5,1.363903562741834
Dong Thap,1995-07-06,1995,7,6,4.420338582912756
Dong Thap,1995-07-07,1995,7,7,11.911240714279892
Dong Thap,1995-07-08,1995,7,8,7.332249777750384
Dong Thap,1995-07-09,1995,7,9,5.137743223199015
Dong Thap,1995-07-10,1995,7,10,4.388288466580631
Dong Thap,1995-07-11,1995,7,11,7.180778636111674
Dong Thap,1995-07-12,1995,7,12,7.447192980517109
Dong Thap,1995-07-13,1995,7,13,6.420711792838091
Dong Thap,1995-07-14,1995,7,14,0.3766089155610683
Dong Thap,1995-07-15,1995,7,15,5.178197992200992
Dong Thap,1995-07-16,1995,7,16,1.4816397871726594
Dong Thap,1995-07-17,1995,7,17,4.309370767023384
Dong Thap,1995-07-18,1995,7,18,0.0
Dong Thap,1995-07-19,1995,7,19,0.387532535738379
Dong Thap,1995-07-20,1995,7,20,4.435610518221251
Dong Thap,1995-07-21,1995,7,21,8.182811199408254
Dong Thap,1995-07-22,1995,7,22,8.752972036796223
Dong Thap,1995-07-23,1995,7,23,5.90381032200067
Dong Thap,1995-07-24,1995,7,24,7.08753579876605
Dong Thap,1995-07-25,1995,7,25,0.6754717956547943
Dong Thap,1995-07-26,1995,7,26,6.34051534819554
Dong Thap,1995-07-27,1995,7,27,7.02330232334023
Dong Thap,1995-07-28,1995,7,28,3.0302603595890303
Dong Thap,1995-07-29,1995,7,29,14.499858948008823
Dong Thap,1995-07-30,1995,7,30,16.55642993977098
Dong Thap,1995-07-31,1995,7,31,4.511906116598988
Dong Thap,1995-08-01,1995,8,1,5.717211394027864
Dong Thap,1995-08-02,1995,8,2,2.132343050747575
Dong Thap,1995-08-03,1995,8,3,3.5209870864088786
Dong Thap,1995-08-04,1995,8,4,0.169525442059575
Dong Thap,1995-08-05,1995,8,5,14.042456803704315
Dong Thap,1995-08-06,1995,8,6,4.869089327013786
Dong Thap,1995-08-07,1995,8,7,0.9470231399423602
Dong Thap,1995-08-08,1995,8,8,3.633871224933073
Dong Thap,1995-08-09,1995,8,9,5.027811979676741
Dong Thap,1995-08-10,1995,8,10,1.2568540377007713
Dong Thap,1995-08-11,1995,8,11,2.8934027538471048
Dong Thap,1995-08-12,1995,8,12,0.2651379900452552
Dong Thap,1995-08-13,1995,8,13,2.45183425261938
Dong Thap,1995-08-14,1995,8,14,3.686409200281952
Dong Thap,1995-08-15,1995,8,15,5.892836216303774
Dong Thap,1995-08-16,1995,8,16,5.146091335101653
Dong Thap,1995-08-17,1995,8,17,5.8964123339211545
Dong Thap,1995-08-18,1995,8,18,5.342175425654341
Dong Thap,1995-08-19,1995,8,19,2.347241583400933
Dong Thap,1995-08-20,1995,8,20,4.969822986165979
Dong Thap,1995-08-21,1995,8,21,9.26510830388903
Dong Thap,1995-08-22,1995,8,22,9.508237835722277
Dong Thap,1995-08-23,1995,8,23,11.261907009316154
Dong Thap,1995-08-24,1995,8,24,9.223595931628996
Dong Thap,1995-08-25,1995,8,25,9.99625639832152
Dong Thap,1995-08-26,1995,8,26,6.936423363607432
Dong Thap,1995-08-27,1995,8,27,21.372215655241146
Dong Thap,1995-08-28,1995,8,28,10.903495346976426
Dong Thap,1995-08-29,1995,8,29,5.671471373683772
Dong Thap,1995-08-30,1995,8,30,0.2250892455166148
Dong Thap,1995-08-31,1995,8,31,9.032845522247255
Dong Thap,1995-09-01,1995,9,1,5.233182627733922
Dong Thap,1995-09-02,1995,9,2,7.088176028627586
Dong Thap,1995-09-03,1995,9,3,9.197998281039965
Dong Thap,1995-09-04,1995,9,4,0.3093189291093037
Dong Thap,1995-09-05,1995,9,5,7.075630576960319
Dong Thap,1995-09-06,1995,9,6,11.0833724353869
Dong Thap,1995-09-07,1995,9,7,11.461846834073562
Dong Thap,1995-09-08,1995,9,8,0.0
Dong Thap,1995-09-09,1995,9,9,12.26537274492011
Dong Thap,1995-09-10,1995,9,10,13.708136007538018
Dong Thap,1995-09-11,1995,9,11,4.118845049015431
Dong Thap,1995-09-12,1995,9,12,0.0938538066824736
Dong Thap,1995-09-13,1995,9,13,2.2288048574652337
Dong Thap,1995-09-14,1995,9,14,15.803246852882
Dong Thap,1995-09-15,1995,9,15,13.609761141380917
Dong Thap,1995-09-16,1995,9,16,13.056242062833425
Dong Thap,1995-09-17,1995,9,17,2.1623106737147118
Dong Thap,1995-09-18,1995,9,18,7.457639227209377
Dong Thap,1995-09-19,1995,9,19,21.06476214277194
Dong Thap,1995-09-20,1995,9,20,5.677466573981921
Dong Thap,1995-09-21,1995,9,21,3.3353678314207564
Dong Thap,1995-09-22,1995,9,22,5.7177675310272935
Dong Thap,1995-09-23,1995,9,23,9.279885068065813
Dong Thap,1995-09-24,1995,9,24,7.520499434348318
Dong Thap,1995-09-25,1995,9,25,0.2049493204243522
Dong Thap,1995-09-26,1995,9,26,2.33295225834722
Dong Thap,1995-09-27,1995,9,27,4.29066264358864
Dong Thap,1995-09-28,1995,9,28,12.917980655523984
Dong Thap,1995-09-29,1995,9,29,5.354505058126922
Dong Thap,1995-09-30,1995,9,30,4.792822180771896
Dong Thap,1995-10-01,1995,10,1,2.5343593815056287
Dong Thap,1995-10-02,1995,10,2,11.836511957934848
Dong Thap,1995-10-03,1995,10,3,19.142400992952663
Dong Thap,1995-10-04,1995,10,4,14.364745556483168
Dong Thap,1995-10-05,1995,10,5,1.4297883569017564
Dong Thap,1995-10-06,1995,10,6,8.13595239698738
Dong Thap,1995-10-07,1995,10,7,10.099171212803132
Dong Thap,1995-10-08,1995,10,8,0.0031256100096506
Dong Thap,1995-10-09,1995,10,9,15.72441706083679
Dong Thap,1995-10-10,1995,10,10,19.91178142983869
Dong Thap,1995-10-11,1995,10,11,17.724141856264517
Dong Thap,1995-10-12,1995,10,12,10.590966117904111
Dong Thap,1995-10-13,1995,10,13,9.40875313243872
Dong Thap,1995-10-14,1995,10,14,2.169159939398915
Dong Thap,1995-10-15,1995,10,15,13.190881196376491
Dong Thap,1995-10-16,1995,10,16,3.3088058954954733
Dong Thap,1995-10-17,1995,10,17,2.944068597684188
Dong Thap,1995-10-18,1995,10,18,8.295426899014833
Dong Thap,1995-10-19,1995,10,19,3.4244568118749883
Dong Thap,1995-10-20,1995,10,20,1.545898735110711
Dong Thap,1995-10-21,1995,10,21,1.5229766426076683
Dong Thap,1995-10-22,1995,10,22,6.681929417862382
Dong Thap,1995-10-23,1995,10,23,6.557680430922454
Dong Thap,1995-10-24,1995,10,24,6.5703825084346725
Dong Thap,1995-10-25,1995,10,25,8.305641389032433
Dong Thap,1995-10-26,1995,10,26,21.113204857863227
Dong Thap,1995-10-27,1995,10,27,0.0
Dong Thap,1995-10-28,1995,10,28,2.831258388368456
Dong Thap,1995-10-29,1995,10,29,8.828804574668444
Dong Thap,1995-10-30,1995,10,30,12.278730515641683
Dong Thap,1995-10-31,1995,10,31,0.6390982313520759
Dong Thap,1995-11-01,1995,11,1,3.7104248440614582
Dong Thap,1995-11-02,1995,11,2,0.7387836246850781
Dong Thap,1995-11-03,1995,11,3,14.919875392736362
Dong Thap,1995-11-04,1995,11,4,2.2383226962324327
Dong Thap,1995-11-05,1995,11,5,0.0
Dong Thap,1995-11-06,1995,11,6,0.0
Dong Thap,1995-11-07,1995,11,7,0.2440235726087304
Dong Thap,1995-11-08,1995,11,8,0.6520663883941956
Dong Thap,1995-11-09,1995,11,9,5.906728255348406
Dong Thap,1995-11-10,1995,11,10,5.5815070798831465
Dong Thap,1995-11-11,1995,11,11,0.0
Dong Thap,1995-11-12,1995,11,12,4.790506635497749
Dong Thap,1995-11-13,1995,11,13,6.426921634182302
Dong Thap,1995-11-14,1995,11,14,34.04478854036989
Dong Thap,1995-11-15,1995,11,15,3.5725275339765385
Dong Thap,1995-11-16,1995,11,16,1.789919085558888
Dong Thap,1995-11-17,1995,11,17,0.0
Dong Thap,1995-11-18,1995,11,18,5.930577029811567
Dong Thap,1995-11-19,1995,11,19,4.653767261939007
Dong Thap,1995-11-20,1995,11,20,9.037616982166796
Dong Thap,1995-11-21,1995,11,21,0.0
Dong Thap,1995-11-22,1995,11,22,6.437040450542129
Dong Thap,1995-11-23,1995,11,23,0.0
Dong Thap,1995-11-24,1995,11,24,0.0
Dong Thap,1995-11-25,1995,11,25,7.13398683428196
Dong Thap,1995-11-26,1995,11,26,8.027240003801294
Dong Thap,1995-11-27,1995,11,27,5.317289184957287
Dong Thap,1995-11-28,1995,11,28,0.0
Dong Thap,1995-11-29,1995,11,29,0.0
Dong Thap,1995-11-30,1995,11,30,8.139746172846863
Dong Thap,1995-12-01,1995,12,1,9.36242782803168
Dong Thap,1995-12-02,1995,12,2,2.7695397459949405
Dong Thap,1995-12-03,1995,12,3,1.6374691903036624
Dong Thap,1995-12-04,1995,12,4,1.2528082112863483
Dong Thap,1995-12-05,1995,12,5,0.0
Dong Thap,1995-12-06,1995,12,6,1.970240324451616
Dong Thap,1995-12-07,1995,12,7,1.2238378150070337
Dong Thap,1995-12-08,1995,12,8,0.0
Dong Thap,1995-12-09,1995,12,9,0.0
Dong Thap,1995-12-10,1995,12,10,0.9719840416920164
Dong Thap,1995-12-11,1995,12,11,0.5622312124012979
Dong Thap,1995-12-12,1995,12,12,0.2122504337455562
Dong Thap,1995-12-13,1995,12,13,0.0
Dong Thap,1995-12-14,1995,12,14,0.0
Dong Thap,1995-12-15,1995,12,15,0.0
Dong Thap,1995-12-16,1995,12,16,0.0948400550183996
Dong Thap,1995-12-17,1995,12,17,2.218411515650089
Dong Thap,1995-12-18,1995,12,18,7.980861004393792
Dong Thap,1995-12-19,1995,12,19,3.6028776972748817
Dong Thap,1995-12-20,1995,12,20,0.2911013742139178
Dong Thap,1995-12-21,1995,12,21,0.0
Dong Thap,1995-12-22,1995,12,22,0.0
Dong Thap,1995-12-23,1995,12,23,0.0
Dong Thap,1995-12-24,1995,12,24,0.0
Dong Thap,1995-12-25,1995,12,25,0.0
Dong Thap,1995-12-26,1995,12,26,0.0
Dong Thap,1995-12-27,1995,12,27,0.0
Dong Thap,1995-12-28,1995,12,28,0.0
Dong Thap,1995-12-29,1995,12,29,0.0
Dong Thap,1995-12-30,1995,12,30,0.0
Dong Thap,1995-12-31,1995,12,31,0.0
Dong Thap,1996-01-01,1996,1,1,0.0
Dong Thap,1996-01-02,1996,1,2,1.0308711861628153
Dong Thap,1996-01-03,1996,1,3,0.0
Dong Thap,1996-01-04,1996,1,4,0.0
Dong Thap,1996-01-05,1996,1,5,0.0
Dong Thap,1996-01-06,1996,1,6,0.0
Dong Thap,1996-01-07,1996,1,7,0.0
Dong Thap,1996-01-08,1996,1,8,0.0
Dong Thap,1996-01-09,1996,1,9,0.0
Dong Thap,1996-01-10,1996,1,10,0.0
Dong Thap,1996-01-11,1996,1,11,0.0
Dong Thap,1996-01-12,1996,1,12,0.0
Dong Thap,1996-01-13,1996,1,13,0.0
Dong Thap,1996-01-14,1996,1,14,0.0
Dong Thap,1996-01-15,1996,1,15,0.0
Dong Thap,1996-01-16,1996,1,16,0.0
Dong Thap,1996-01-17,1996,1,17,0.0
Dong Thap,1996-01-18,1996,1,18,0.0
Dong Thap,1996-01-19,1996,1,19,0.0022549761756358
Dong Thap,1996-01-20,1996,1,20,0.0
Dong Thap,1996-01-21,1996,1,21,0.0
Dong Thap,1996-01-22,1996,1,22,0.1616025557722502
Dong Thap,1996-01-23,1996,1,23,1.6298658232759768
Dong Thap,1996-01-24,1996,1,24,0.0
Dong Thap,1996-01-25,1996,1,25,0.0
Dong Thap,1996-01-26,1996,1,26,0.0
Dong Thap,1996-01-27,1996,1,27,0.0
Dong Thap,1996-01-28,1996,1,28,2.099782417315946
Dong Thap,1996-01-29,1996,1,29,1.884906692910091
Dong Thap,1996-01-30,1996,1,30,0.0
Dong Thap,1996-01-31,1996,1,31,0.8251979020594303
Dong Thap,1996-02-01,1996,2,1,1.0859497435406162
Dong Thap,1996-02-02,1996,2,2,0.07587385756482
Dong Thap,1996-02-03,1996,2,3,0.1134875126644573
Dong Thap,1996-02-04,1996,2,4,0.0053394316801928
Dong Thap,1996-02-05,1996,2,5,0.0
Dong Thap,1996-02-06,1996,2,6,0.0
Dong Thap,1996-02-07,1996,2,7,0.0
Dong Thap,1996-02-08,1996,2,8,0.0
Dong Thap,1996-02-09,1996,2,9,0.2089940119160257
Dong Thap,1996-02-10,1996,2,10,0.0
Dong Thap,1996-02-11,1996,2,11,0.0045991250385035
Dong Thap,1996-02-12,1996,2,12,0.0
Dong Thap,1996-02-13,1996,2,13,0.0
Dong Thap,1996-02-14,1996,2,14,0.0
Dong Thap,1996-02-15,1996,2,15,0.2898702757183266
Dong Thap,1996-02-16,1996,2,16,0.0
Dong Thap,1996-02-17,1996,2,17,0.0
Dong Thap,1996-02-18,1996,2,18,0.0
Dong Thap,1996-02-19,1996,2,19,0.1779449186493864
Dong Thap,1996-02-20,1996,2,20,0.0
Dong Thap,1996-02-21,1996,2,21,1.20276319099468
Dong Thap,1996-02-22,1996,2,22,0.0
Dong Thap,1996-02-23,1996,2,23,0.0
Dong Thap,1996-02-24,1996,2,24,0.0
Dong Thap,1996-02-25,1996,2,25,0.0
Dong Thap,1996-02-26,1996,2,26,0.879789647106305
Dong Thap,1996-02-27,1996,2,27,0.1738010846096992
Dong Thap,1996-02-28,1996,2,28,0.0
Dong Thap,1996-02-29,1996,2,29,0.0
Dong Thap,1996-03-01,1996,3,1,0.0
Dong Thap,1996-03-02,1996,3,2,0.0
Dong Thap,1996-03-03,1996,3,3,0.0
Dong Thap,1996-03-04,1996,3,4,0.0
Dong Thap,1996-03-05,1996,3,5,0.0
Dong Thap,1996-03-06,1996,3,6,0.0
Dong Thap,1996-03-07,1996,3,7,0.0
Dong Thap,1996-03-08,1996,3,8,0.0
Dong Thap,1996-03-09,1996,3,9,2.5786967897985904
Dong Thap,1996-03-10,1996,3,10,0.0
Dong Thap,1996-03-11,1996,3,11,0.0
Dong Thap,1996-03-12,1996,3,12,2.8650665863290072
Dong Thap,1996-03-13,1996,3,13,0.0
Dong Thap,1996-03-14,1996,3,14,0.0
Dong Thap,1996-03-15,1996,3,15,0.0
Dong Thap,1996-03-16,1996,3,16,0.0
Dong Thap,1996-03-17,1996,3,17,0.0
Dong Thap,1996-03-18,1996,3,18,0.0
Dong Thap,1996-03-19,1996,3,19,0.0
Dong Thap,1996-03-20,1996,3,20,0.0
Dong Thap,1996-03-21,1996,3,21,0.0
Dong Thap,1996-03-22,1996,3,22,0.0028199479169847
Dong Thap,1996-03-23,1996,3,23,0.0
Dong Thap,1996-03-24,1996,3,24,0.0
Dong Thap,1996-03-25,1996,3,25,0.0
Dong Thap,1996-03-26,1996,3,26,0.0
Dong Thap,1996-03-27,1996,3,27,0.0
Dong Thap,1996-03-28,1996,3,28,0.0
Dong Thap,1996-03-29,1996,3,29,1.3682883980459757
Dong Thap,1996-03-30,1996,3,30,0.0
Dong Thap,1996-03-31,1996,3,31,0.0
Dong Thap,1996-04-01,1996,4,1,0.0
Dong Thap,1996-04-02,1996,4,2,0.0
Dong Thap,1996-04-03,1996,4,3,0.0
Dong Thap,1996-04-04,1996,4,4,0.0
Dong Thap,1996-04-05,1996,4,5,0.0
Dong Thap,1996-04-06,1996,4,6,2.47861898779896
Dong Thap,1996-04-07,1996,4,7,3.4747387673921364
Dong Thap,1996-04-08,1996,4,8,0.2579680821347566
Dong Thap,1996-04-09,1996,4,9,5.56950236458288
Dong Thap,1996-04-10,1996,4,10,0.7388166419794856
Dong Thap,1996-04-11,1996,4,11,0.0
Dong Thap,1996-04-12,1996,4,12,0.0
Dong Thap,1996-04-13,1996,4,13,4.02288173163102
Dong Thap,1996-04-14,1996,4,14,3.8660205975529913
Dong Thap,1996-04-15,1996,4,15,0.0
Dong Thap,1996-04-16,1996,4,16,8.6108441762381
Dong Thap,1996-04-17,1996,4,17,0.9239125064989862
Dong Thap,1996-04-18,1996,4,18,0.4443160079357058
Dong Thap,1996-04-19,1996,4,19,0.7328421609158792
Dong Thap,1996-04-20,1996,4,20,12.279021005451147
Dong Thap,1996-04-21,1996,4,21,9.25177689433936
Dong Thap,1996-04-22,1996,4,22,12.320270794358196
Dong Thap,1996-04-23,1996,4,23,0.0
Dong Thap,1996-04-24,1996,4,24,0.0
Dong Thap,1996-04-25,1996,4,25,0.2158006303484054
Dong Thap,1996-04-26,1996,4,26,0.0
Dong Thap,1996-04-27,1996,4,27,0.0
Dong Thap,1996-04-28,1996,4,28,0.5298303333382661
Dong Thap,1996-04-29,1996,4,29,3.0988381391132056
Dong Thap,1996-04-30,1996,4,30,7.548404093675394
Dong Thap,1996-05-01,1996,5,1,5.044815214469584
Dong Thap,1996-05-02,1996,5,2,7.524003631218721
Dong Thap,1996-05-03,1996,5,3,2.593011215433988
Dong Thap,1996-05-04,1996,5,4,1.65978131139795
Dong Thap,1996-05-05,1996,5,5,0.5727098235771285
Dong Thap,1996-05-06,1996,5,6,1.2616174314293642
Dong Thap,1996-05-07,1996,5,7,3.269141330195846
Dong Thap,1996-05-08,1996,5,8,2.3626577347882183
Dong Thap,1996-05-09,1996,5,9,5.535569351263694
Dong Thap,1996-05-10,1996,5,10,1.164669272954133
Dong Thap,1996-05-11,1996,5,11,5.902145865446643
Dong Thap,1996-05-12,1996,5,12,0.6651663672553454
Dong Thap,1996-05-13,1996,5,13,8.055806902468214
Dong Thap,1996-05-14,1996,5,14,6.294793607657365
Dong Thap,1996-05-15,1996,5,15,9.124427051981858
Dong Thap,1996-05-16,1996,5,16,12.122695277330685
Dong Thap,1996-05-17,1996,5,17,2.0007912864051
Dong Thap,1996-05-18,1996,5,18,20.37109445062168
Dong Thap,1996-05-19,1996,5,19,12.828274874858147
Dong Thap,1996-05-20,1996,5,20,10.045935528427664
Dong Thap,1996-05-21,1996,5,21,6.174315952324179
Dong Thap,1996-05-22,1996,5,22,3.3833072728071443
Dong Thap,1996-05-23,1996,5,23,2.76180684006563
Dong Thap,1996-05-24,1996,5,24,4.94580517273412
Dong Thap,1996-05-25,1996,5,25,0.0
Dong Thap,1996-05-26,1996,5,26,11.07133208198668
Dong Thap,1996-05-27,1996,5,27,4.089504755054548
Dong Thap,1996-05-28,1996,5,28,6.4324295251229335
Dong Thap,1996-05-29,1996,5,29,5.21245025107453
Dong Thap,1996-05-30,1996,5,30,2.686251673144982
Dong Thap,1996-05-31,1996,5,31,3.780224301510989
Dong Thap,1996-06-01,1996,6,1,9.55102431568559
Dong Thap,1996-06-02,1996,6,2,15.287694066539755
Dong Thap,1996-06-03,1996,6,3,1.10997317917011
Dong Thap,1996-06-04,1996,6,4,4.865959869305886
Dong Thap,1996-06-05,1996,6,5,0.7698155579476065
Dong Thap,1996-06-06,1996,6,6,7.009250864153251
Dong Thap,1996-06-07,1996,6,7,14.692977503040137
Dong Thap,1996-06-08,1996,6,8,16.119858190183976
Dong Thap,1996-06-09,1996,6,9,6.710805365807726
Dong Thap,1996-06-10,1996,6,10,8.274743547630546
Dong Thap,1996-06-11,1996,6,11,5.652523348999312
Dong Thap,1996-06-12,1996,6,12,11.3543085849607
Dong Thap,1996-06-13,1996,6,13,7.93581399378361
Dong Thap,1996-06-14,1996,6,14,12.00285110348932
Dong Thap,1996-06-15,1996,6,15,8.325420492369487
Dong Thap,1996-06-16,1996,6,16,7.409469788459141
Dong Thap,1996-06-17,1996,6,17,0.1599878962547946
Dong Thap,1996-06-18,1996,6,18,11.503673788801672
Dong Thap,1996-06-19,1996,6,19,0.0141803154010525
Dong Thap,1996-06-20,1996,6,20,0.0008290446965040356
Dong Thap,1996-06-21,1996,6,21,5.08695009473854
Dong Thap,1996-06-22,1996,6,22,2.856149473014752
Dong Thap,1996-06-23,1996,6,23,4.353939943243809
Dong Thap,1996-06-24,1996,6,24,6.453200599206989
Dong Thap,1996-06-25,1996,6,25,0.0689490970257109
Dong Thap,1996-06-26,1996,6,26,0.0
Dong Thap,1996-06-27,1996,6,27,0.8504938876071642
Dong Thap,1996-06-28,1996,6,28,4.846882514606561
Dong Thap,1996-06-29,1996,6,29,1.403400149351078
Dong Thap,1996-06-30,1996,6,30,2.0561492632569864
Dong Thap,1996-07-01,1996,7,1,6.936303593564902
Dong Thap,1996-07-02,1996,7,2,12.499681156861527
Dong Thap,1996-07-03,1996,7,3,6.602880276159712
Dong Thap,1996-07-04,1996,7,4,3.720101202017112
Dong Thap,1996-07-05,1996,7,5,4.2877549126909935
Dong Thap,1996-07-06,1996,7,6,6.757325188032157
Dong Thap,1996-07-07,1996,7,7,4.681801185245168
Dong Thap,1996-07-08,1996,7,8,1.4136867309227958
Dong Thap,1996-07-09,1996,7,9,5.894686439132269
Dong Thap,1996-07-10,1996,7,10,4.778891052853798
Dong Thap,1996-07-11,1996,7,11,4.640094868539544
Dong Thap,1996-07-12,1996,7,12,9.413487406836792
Dong Thap,1996-07-13,1996,7,13,5.9252578842821135
Dong Thap,1996-07-14,1996,7,14,5.166488143404729
Dong Thap,1996-07-15,1996,7,15,13.807433032640551
Dong Thap,1996-07-16,1996,7,16,6.849902313259251
Dong Thap,1996-07-17,1996,7,17,6.403471100369571
Dong Thap,1996-07-18,1996,7,18,7.225590834778288
Dong Thap,1996-07-19,1996,7,19,2.1113206639848703
Dong Thap,1996-07-20,1996,7,20,8.835994949876675
Dong Thap,1996-07-21,1996,7,21,0.0
Dong Thap,1996-07-22,1996,7,22,5.416747186387883
Dong Thap,1996-07-23,1996,7,23,15.919045436279491
Dong Thap,1996-07-24,1996,7,24,2.5447772634199786
Dong Thap,1996-07-25,1996,7,25,6.618311084003871
Dong Thap,1996-07-26,1996,7,26,9.382877508677506
Dong Thap,1996-07-27,1996,7,27,5.39630751721248
Dong Thap,1996-07-28,1996,7,28,2.969718874312321
Dong Thap,1996-07-29,1996,7,29,11.860951489525258
Dong Thap,1996-07-30,1996,7,30,7.5883111710555955
Dong Thap,1996-07-31,1996,7,31,0.0
Dong Thap,1996-08-01,1996,8,1,0.0
Dong Thap,1996-08-02,1996,8,2,0.0
Dong Thap,1996-08-03,1996,8,3,13.30542613627122
Dong Thap,1996-08-04,1996,8,4,12.92721732088246
Dong Thap,1996-08-05,1996,8,5,0.4473759759465175
Dong Thap,1996-08-06,1996,8,6,0.1159570246481802
Dong Thap,1996-08-07,1996,8,7,8.324421184185223
Dong Thap,1996-08-08,1996,8,8,0.2444706478707503
Dong Thap,1996-08-09,1996,8,9,4.498350586795416
Dong Thap,1996-08-10,1996,8,10,2.416843902051705
Dong Thap,1996-08-11,1996,8,11,3.322755783803072
Dong Thap,1996-08-12,1996,8,12,1.1513581076378665
Dong Thap,1996-08-13,1996,8,13,4.055932058413228
Dong Thap,1996-08-14,1996,8,14,9.161952531017192
Dong Thap,1996-08-15,1996,8,15,1.6444998930202248
Dong Thap,1996-08-16,1996,8,16,2.57468305902468
Dong Thap,1996-08-17,1996,8,17,4.545765563064564
Dong Thap,1996-08-18,1996,8,18,3.4107012785911994
Dong Thap,1996-08-19,1996,8,19,10.433178955528884
Dong Thap,1996-08-20,1996,8,20,8.36916198264803
Dong Thap,1996-08-21,1996,8,21,10.738137520912256
Dong Thap,1996-08-22,1996,8,22,10.6920076694271
Dong Thap,1996-08-23,1996,8,23,6.984835625411643
Dong Thap,1996-08-24,1996,8,24,0.0847510877165741
Dong Thap,1996-08-25,1996,8,25,0.081777526957934
Dong Thap,1996-08-26,1996,8,26,1.6975573129006891
Dong Thap,1996-08-27,1996,8,27,5.284095414268583
Dong Thap,1996-08-28,1996,8,28,2.579262375709878
Dong Thap,1996-08-29,1996,8,29,4.638489514961246
Dong Thap,1996-08-30,1996,8,30,4.233039857431255
Dong Thap,1996-08-31,1996,8,31,1.6168866943469082
Dong Thap,1996-09-01,1996,9,1,7.083237814908666
Dong Thap,1996-09-02,1996,9,2,3.646239861842587
Dong Thap,1996-09-03,1996,9,3,2.347872927720675
Dong Thap,1996-09-04,1996,9,4,5.69393816866895
Dong Thap,1996-09-05,1996,9,5,3.480615472959934
Dong Thap,1996-09-06,1996,9,6,5.591596427446917
Dong Thap,1996-09-07,1996,9,7,5.310630120352222
Dong Thap,1996-09-08,1996,9,8,13.55489572936076
Dong Thap,1996-09-09,1996,9,9,14.135805186593457
Dong Thap,1996-09-10,1996,9,10,4.743758112151578
Dong Thap,1996-09-11,1996,9,11,5.2183627302424265
Dong Thap,1996-09-12,1996,9,12,5.170503361576235
Dong Thap,1996-09-13,1996,9,13,0.3558871531421589
Dong Thap,1996-09-14,1996,9,14,7.192363938899543
Dong Thap,1996-09-15,1996,9,15,0.0
Dong Thap,1996-09-16,1996,9,16,0.5949459478025778
Dong Thap,1996-09-17,1996,9,17,7.497406424025111
Dong Thap,1996-09-18,1996,9,18,5.030267235438567
Dong Thap,1996-09-19,1996,9,19,1.7811393812789047
Dong Thap,1996-09-20,1996,9,20,7.783943677127074
Dong Thap,1996-09-21,1996,9,21,1.6147194726480112
Dong Thap,1996-09-22,1996,9,22,0.0
Dong Thap,1996-09-23,1996,9,23,0.0
Dong Thap,1996-09-24,1996,9,24,5.519628839053774
Dong Thap,1996-09-25,1996,9,25,3.8198945593517424
Dong Thap,1996-09-26,1996,9,26,12.964431300465138
Dong Thap,1996-09-27,1996,9,27,19.03307299929625
Dong Thap,1996-09-28,1996,9,28,0.1296074639947499
Dong Thap,1996-09-29,1996,9,29,18.08389144781524
Dong Thap,1996-09-30,1996,9,30,15.023976880905703
Dong Thap,1996-10-01,1996,10,1,4.282617723560397
Dong Thap,1996-10-02,1996,10,2,0.3951189535151594
Dong Thap,1996-10-03,1996,10,3,7.709719065361235
Dong Thap,1996-10-04,1996,10,4,1.6123202876869385
Dong Thap,1996-10-05,1996,10,5,5.573793239960842
Dong Thap,1996-10-06,1996,10,6,7.052940635933257
Dong Thap,1996-10-07,1996,10,7,3.6806577531515616
Dong Thap,1996-10-08,1996,10,8,4.551871215489706
Dong Thap,1996-10-09,1996,10,9,19.001481927926232
Dong Thap,1996-10-10,1996,10,10,6.641206223866766
Dong Thap,1996-10-11,1996,10,11,5.163994707919474
Dong Thap,1996-10-12,1996,10,12,7.421303885741
Dong Thap,1996-10-13,1996,10,13,16.143055035882934
Dong Thap,1996-10-14,1996,10,14,5.6857136407081335
Dong Thap,1996-10-15,1996,10,15,1.180272987215108
Dong Thap,1996-10-16,1996,10,16,15.51781542871391
Dong Thap,1996-10-17,1996,10,17,21.900187737362323
Dong Thap,1996-10-18,1996,10,18,6.535843997294325
Dong Thap,1996-10-19,1996,10,19,9.858006856907831
Dong Thap,1996-10-20,1996,10,20,0.0044078913193753
Dong Thap,1996-10-21,1996,10,21,0.3887978313946793
Dong Thap,1996-10-22,1996,10,22,13.14854002307271
Dong Thap,1996-10-23,1996,10,23,7.11168533548736
Dong Thap,1996-10-24,1996,10,24,0.846016945781041
Dong Thap,1996-10-25,1996,10,25,31.02285783632233
Dong Thap,1996-10-26,1996,10,26,4.224623091412369
Dong Thap,1996-10-27,1996,10,27,6.093123125940701
Dong Thap,1996-10-28,1996,10,28,2.9582051409597367
Dong Thap,1996-10-29,1996,10,29,15.10837600455415
Dong Thap,1996-10-30,1996,10,30,24.74227614569939
Dong Thap,1996-10-31,1996,10,31,9.040996112871092
Dong Thap,1996-11-01,1996,11,1,8.195415548356394
Dong Thap,1996-11-02,1996,11,2,25.025468921158232
Dong Thap,1996-11-03,1996,11,3,5.442528547601198
Dong Thap,1996-11-04,1996,11,4,9.3454514388219
Dong Thap,1996-11-05,1996,11,5,7.682929593958978
Dong Thap,1996-11-06,1996,11,6,3.9834825213409366
Dong Thap,1996-11-07,1996,11,7,9.215421271386372
Dong Thap,1996-11-08,1996,11,8,9.504790890154606
Dong Thap,1996-11-09,1996,11,9,0.5852688087718078
Dong Thap,1996-11-10,1996,11,10,0.4447613605599242
Dong Thap,1996-11-11,1996,11,11,1.5396541263717949
Dong Thap,1996-11-12,1996,11,12,15.331121357628245
Dong Thap,1996-11-13,1996,11,13,8.554605581226438
Dong Thap,1996-11-14,1996,11,14,6.451887846398789
Dong Thap,1996-11-15,1996,11,15,0.6186105701586324
Dong Thap,1996-11-16,1996,11,16,30.53140424161856
Dong Thap,1996-11-17,1996,11,17,0.5205701385762702
Dong Thap,1996-11-18,1996,11,18,8.700056353853162
Dong Thap,1996-11-19,1996,11,19,4.535915504744567
Dong Thap,1996-11-20,1996,11,20,3.0693326232410048
Dong Thap,1996-11-21,1996,11,21,3.500430417461191
Dong Thap,1996-11-22,1996,11,22,10.415362076813976
Dong Thap,1996-11-23,1996,11,23,3.484396416569663
Dong Thap,1996-11-24,1996,11,24,3.199562074742079
Dong Thap,1996-11-25,1996,11,25,2.923826930783679
Dong Thap,1996-11-26,1996,11,26,8.998067053775813
Dong Thap,1996-11-27,1996,11,27,27.740521410086643
Dong Thap,1996-11-28,1996,11,28,5.217024017143118
Dong Thap,1996-11-29,1996,11,29,10.97399538932594
Dong Thap,1996-11-30,1996,11,30,14.408970670010833
Dong Thap,1996-12-01,1996,12,1,0.2587147354335775
Dong Thap,1996-12-02,1996,12,2,0.4504217549546493
Dong Thap,1996-12-03,1996,12,3,8.261002509819017
Dong Thap,1996-12-04,1996,12,4,0.0106451025024303
Dong Thap,1996-12-05,1996,12,5,1.420275597800763
Dong Thap,1996-12-06,1996,12,6,1.3594308647559372
Dong Thap,1996-12-07,1996,12,7,6.061417955124975
Dong Thap,1996-12-08,1996,12,8,1.3206102252665872
Dong Thap,1996-12-09,1996,12,9,0.1635040889217492
Dong Thap,1996-12-10,1996,12,10,0.0
Dong Thap,1996-12-11,1996,12,11,0.8755731377433639
Dong Thap,1996-12-12,1996,12,12,0.0036641766938704
Dong Thap,1996-12-13,1996,12,13,0.0
Dong Thap,1996-12-14,1996,12,14,0.0325997226432199
Dong Thap,1996-12-15,1996,12,15,3.0102608646425706
Dong Thap,1996-12-16,1996,12,16,2.878329156960303
Dong Thap,1996-12-17,1996,12,17,4.73832158988123
Dong Thap,1996-12-18,1996,12,18,3.004763120246468
Dong Thap,1996-12-19,1996,12,19,0.0
Dong Thap,1996-12-20,1996,12,20,1.5754024926830856
Dong Thap,1996-12-21,1996,12,21,0.4653573194098141
Dong Thap,1996-12-22,1996,12,22,0.0
Dong Thap,1996-12-23,1996,12,23,0.0842637386632014
Dong Thap,1996-12-24,1996,12,24,0.0
Dong Thap,1996-12-25,1996,12,25,0.0
Dong Thap,1996-12-26,1996,12,26,0.0
Dong Thap,1996-12-27,1996,12,27,0.0
Dong Thap,1996-12-28,1996,12,28,0.0
Dong Thap,1996-12-29,1996,12,29,0.0
Dong Thap,1996-12-30,1996,12,30,0.0
Dong Thap,1996-12-31,1996,12,31,0.0
Dong Thap,1997-01-01,1997,1,1,0.0
Dong Thap,1997-01-02,1997,1,2,0.0
Dong Thap,1997-01-03,1997,1,3,2.265686285368622
Dong Thap,1997-01-04,1997,1,4,0.0
Dong Thap,1997-01-05,1997,1,5,0.0
Dong Thap,1997-01-06,1997,1,6,0.0
Dong Thap,1997-01-07,1997,1,7,0.0
Dong Thap,1997-01-08,1997,1,8,0.0
Dong Thap,1997-01-09,1997,1,9,0.0
Dong Thap,1997-01-10,1997,1,10,0.0
Dong Thap,1997-01-11,1997,1,11,0.0
Dong Thap,1997-01-12,1997,1,12,0.0
Dong Thap,1997-01-13,1997,1,13,0.0
Dong Thap,1997-01-14,1997,1,14,0.0
Dong Thap,1997-01-15,1997,1,15,0.0
Dong Thap,1997-01-16,1997,1,16,0.0
Dong Thap,1997-01-17,1997,1,17,0.0
Dong Thap,1997-01-18,1997,1,18,0.0
Dong Thap,1997-01-19,1997,1,19,0.0
Dong Thap,1997-01-20,1997,1,20,0.0
Dong Thap,1997-01-21,1997,1,21,0.0
Dong Thap,1997-01-22,1997,1,22,0.0
Dong Thap,1997-01-23,1997,1,23,0.0
Dong Thap,1997-01-24,1997,1,24,0.0
Dong Thap,1997-01-25,1997,1,25,2.05507824151511
Dong Thap,1997-01-26,1997,1,26,0.328565483295325
Dong Thap,1997-01-27,1997,1,27,0.907553491677344
Dong Thap,1997-01-28,1997,1,28,0.0
Dong Thap,1997-01-29,1997,1,29,0.0
Dong Thap,1997-01-30,1997,1,30,0.0
Dong Thap,1997-01-31,1997,1,31,0.2085815174443828
Dong Thap,1997-02-01,1997,2,1,0.0
Dong Thap,1997-02-02,1997,2,2,0.0
Dong Thap,1997-02-03,1997,2,3,0.0
Dong Thap,1997-02-04,1997,2,4,0.0
Dong Thap,1997-02-05,1997,2,5,0.0
Dong Thap,1997-02-06,1997,2,6,0.0
Dong Thap,1997-02-07,1997,2,7,0.0
Dong Thap,1997-02-08,1997,2,8,0.0
Dong Thap,1997-02-09,1997,2,9,0.0
Dong Thap,1997-02-10,1997,2,10,1.47725526264581
Dong Thap,1997-02-11,1997,2,11,0.6764116653268476
Dong Thap,1997-02-12,1997,2,12,0.0
Dong Thap,1997-02-13,1997,2,13,0.7824036363543551
Dong Thap,1997-02-14,1997,2,14,0.0
Dong Thap,1997-02-15,1997,2,15,0.0
Dong Thap,1997-02-16,1997,2,16,0.0
Dong Thap,1997-02-17,1997,2,17,0.0093457116165316
Dong Thap,1997-02-18,1997,2,18,0.8910696150133581
Dong Thap,1997-02-19,1997,2,19,0.909642425534174
Dong Thap,1997-02-20,1997,2,20,0.0
Dong Thap,1997-02-21,1997,2,21,4.7967026986981365
Dong Thap,1997-02-22,1997,2,22,0.000917026447227327
Dong Thap,1997-02-23,1997,2,23,0.0
Dong Thap,1997-02-24,1997,2,24,0.0
Dong Thap,1997-02-25,1997,2,25,0.0
Dong Thap,1997-02-26,1997,2,26,0.0
Dong Thap,1997-02-27,1997,2,27,0.0
Dong Thap,1997-02-28,1997,2,28,0.0
Dong Thap,1997-03-01,1997,3,1,0.4043798502953055
Dong Thap,1997-03-02,1997,3,2,0.0
Dong Thap,1997-03-03,1997,3,3,0.0632616153934901
Dong Thap,1997-03-04,1997,3,4,0.0
Dong Thap,1997-03-05,1997,3,5,0.0
Dong Thap,1997-03-06,1997,3,6,0.005073605865639
Dong Thap,1997-03-07,1997,3,7,1.6009520276187357
Dong Thap,1997-03-08,1997,3,8,0.0
Dong Thap,1997-03-09,1997,3,9,0.0
Dong Thap,1997-03-10,1997,3,10,0.0
Dong Thap,1997-03-11,1997,3,11,0.0
Dong Thap,1997-03-12,1997,3,12,0.018261318266838
Dong Thap,1997-03-13,1997,3,13,0.0
Dong Thap,1997-03-14,1997,3,14,0.0
Dong Thap,1997-03-15,1997,3,15,0.0
Dong Thap,1997-03-16,1997,3,16,0.0
Dong Thap,1997-03-17,1997,3,17,0.003516017376281
Dong Thap,1997-03-18,1997,3,18,10.494304257467643
Dong Thap,1997-03-19,1997,3,19,0.0
Dong Thap,1997-03-20,1997,3,20,0.0
Dong Thap,1997-03-21,1997,3,21,0.0
Dong Thap,1997-03-22,1997,3,22,0.0
Dong Thap,1997-03-23,1997,3,23,0.0
Dong Thap,1997-03-24,1997,3,24,0.0
Dong Thap,1997-03-25,1997,3,25,0.0
Dong Thap,1997-03-26,1997,3,26,0.0
Dong Thap,1997-03-27,1997,3,27,0.0
Dong Thap,1997-03-28,1997,3,28,0.0
Dong Thap,1997-03-29,1997,3,29,0.0
Dong Thap,1997-03-30,1997,3,30,0.0
Dong Thap,1997-03-31,1997,3,31,0.0
Dong Thap,1997-04-01,1997,4,1,1.858922902353501
Dong Thap,1997-04-02,1997,4,2,0.9889933818425882
Dong Thap,1997-04-03,1997,4,3,0.0
Dong Thap,1997-04-04,1997,4,4,0.0
Dong Thap,1997-04-05,1997,4,5,0.0
Dong Thap,1997-04-06,1997,4,6,0.0
Dong Thap,1997-04-07,1997,4,7,4.225288945725912
Dong Thap,1997-04-08,1997,4,8,0.3111337651491218
Dong Thap,1997-04-09,1997,4,9,4.851586719915281
Dong Thap,1997-04-10,1997,4,10,6.090140904026665
Dong Thap,1997-04-11,1997,4,11,0.0
Dong Thap,1997-04-12,1997,4,12,3.6708495161999695
Dong Thap,1997-04-13,1997,4,13,4.667352676080525
Dong Thap,1997-04-14,1997,4,14,2.9793170536588263
Dong Thap,1997-04-15,1997,4,15,0.3809599751399058
Dong Thap,1997-04-16,1997,4,16,0.0
Dong Thap,1997-04-17,1997,4,17,0.0
Dong Thap,1997-04-18,1997,4,18,0.0
Dong Thap,1997-04-19,1997,4,19,0.0
Dong Thap,1997-04-20,1997,4,20,1.023657638225421
Dong Thap,1997-04-21,1997,4,21,0.0057631427600104
Dong Thap,1997-04-22,1997,4,22,6.15936824187741
Dong Thap,1997-04-23,1997,4,23,5.146134106337089
Dong Thap,1997-04-24,1997,4,24,3.998214007472137
Dong Thap,1997-04-25,1997,4,25,4.124212047992606
Dong Thap,1997-04-26,1997,4,26,1.1832641053827324
Dong Thap,1997-04-27,1997,4,27,2.799593787013956
Dong Thap,1997-04-28,1997,4,28,2.919843047478584
Dong Thap,1997-04-29,1997,4,29,2.6231079319585384
Dong Thap,1997-04-30,1997,4,30,5.887776849287178
Dong Thap,1997-05-01,1997,5,1,2.142206480349167
Dong Thap,1997-05-02,1997,5,2,0.2700971759837149
Dong Thap,1997-05-03,1997,5,3,2.058048537340406
Dong Thap,1997-05-04,1997,5,4,0.5633916163663624
Dong Thap,1997-05-05,1997,5,5,0.2036323253465179
Dong Thap,1997-05-06,1997,5,6,0.0
Dong Thap,1997-05-07,1997,5,7,0.0
Dong Thap,1997-05-08,1997,5,8,0.0
Dong Thap,1997-05-09,1997,5,9,1.7315616696559026
Dong Thap,1997-05-10,1997,5,10,0.0
Dong Thap,1997-05-11,1997,5,11,0.0
Dong Thap,1997-05-12,1997,5,12,0.546527570674404
Dong Thap,1997-05-13,1997,5,13,0.8025562329704266
Dong Thap,1997-05-14,1997,5,14,1.514857061714481
Dong Thap,1997-05-15,1997,5,15,1.8581260487433855
Dong Thap,1997-05-16,1997,5,16,4.5647688483485895
Dong Thap,1997-05-17,1997,5,17,6.608079359161897
Dong Thap,1997-05-18,1997,5,18,6.15661069028551
Dong Thap,1997-05-19,1997,5,19,0.8764833835400985
Dong Thap,1997-05-20,1997,5,20,0.0
Dong Thap,1997-05-21,1997,5,21,1.5910688348001216
Dong Thap,1997-05-22,1997,5,22,1.8629654497449184
Dong Thap,1997-05-23,1997,5,23,2.1071031523218813
Dong Thap,1997-05-24,1997,5,24,1.2812741652793802
Dong Thap,1997-05-25,1997,5,25,0.7226430115152409
Dong Thap,1997-05-26,1997,5,26,0.922758590297307
Dong Thap,1997-05-27,1997,5,27,2.6853697024385528
Dong Thap,1997-05-28,1997,5,28,1.7385941213670972
Dong Thap,1997-05-29,1997,5,29,4.946010579699312
Dong Thap,1997-05-30,1997,5,30,8.809388106477103
Dong Thap,1997-05-31,1997,5,31,0.4164336628557629
Dong Thap,1997-06-01,1997,6,1,1.1772572087009443
Dong Thap,1997-06-02,1997,6,2,3.1584434393232894
Dong Thap,1997-06-03,1997,6,3,1.504033021336378
Dong Thap,1997-06-04,1997,6,4,0.4091619959670397
Dong Thap,1997-06-05,1997,6,5,0.0414572663728628
Dong Thap,1997-06-06,1997,6,6,2.712831002110009
Dong Thap,1997-06-07,1997,6,7,2.5753574272267303
Dong Thap,1997-06-08,1997,6,8,0.2071296838789481
Dong Thap,1997-06-09,1997,6,9,0.0032857613773715
Dong Thap,1997-06-10,1997,6,10,0.000367903539672957
Dong Thap,1997-06-11,1997,6,11,0.0
Dong Thap,1997-06-12,1997,6,12,0.0
Dong Thap,1997-06-13,1997,6,13,0.0
Dong Thap,1997-06-14,1997,6,14,0.0
Dong Thap,1997-06-15,1997,6,15,0.0
Dong Thap,1997-06-16,1997,6,16,0.2154973880798875
Dong Thap,1997-06-17,1997,6,17,0.2021561187764048
Dong Thap,1997-06-18,1997,6,18,0.0
Dong Thap,1997-06-19,1997,6,19,0.0
Dong Thap,1997-06-20,1997,6,20,3.8495522202386687
Dong Thap,1997-06-21,1997,6,21,4.128255195991775
Dong Thap,1997-06-22,1997,6,22,0.1086873709986424
Dong Thap,1997-06-23,1997,6,23,2.488937587651612
Dong Thap,1997-06-24,1997,6,24,4.314726206391797
Dong Thap,1997-06-25,1997,6,25,0.1117080777058504
Dong Thap,1997-06-26,1997,6,26,0.6383291617397657
Dong Thap,1997-06-27,1997,6,27,1.87338435693828
Dong Thap,1997-06-28,1997,6,28,2.884276252945777
Dong Thap,1997-06-29,1997,6,29,0.4466635303105629
Dong Thap,1997-06-30,1997,6,30,0.9909109711268332
Dong Thap,1997-07-01,1997,7,1,0.0
Dong Thap,1997-07-02,1997,7,2,1.4075099256592103
Dong Thap,1997-07-03,1997,7,3,6.160542067267981
Dong Thap,1997-07-04,1997,7,4,3.3350571217668383
Dong Thap,1997-07-05,1997,7,5,2.8887819643461
Dong Thap,1997-07-06,1997,7,6,7.734622769110156
Dong Thap,1997-07-07,1997,7,7,6.51174619212317
Dong Thap,1997-07-08,1997,7,8,13.093427452230657
Dong Thap,1997-07-09,1997,7,9,3.511439880911984
Dong Thap,1997-07-10,1997,7,10,6.220793892317733
Dong Thap,1997-07-11,1997,7,11,0.0
Dong Thap,1997-07-12,1997,7,12,0.0
Dong Thap,1997-07-13,1997,7,13,0.2534862858504699
Dong Thap,1997-07-14,1997,7,14,14.17549779554708
Dong Thap,1997-07-15,1997,7,15,14.090430066033448
Dong Thap,1997-07-16,1997,7,16,6.276602304425398
Dong Thap,1997-07-17,1997,7,17,2.2412043470007657
Dong Thap,1997-07-18,1997,7,18,0.3097631857593717
Dong Thap,1997-07-19,1997,7,19,0.0
Dong Thap,1997-07-20,1997,7,20,4.063768254458186
Dong Thap,1997-07-21,1997,7,21,14.61470378368977
Dong Thap,1997-07-22,1997,7,22,13.558497727728762
Dong Thap,1997-07-23,1997,7,23,5.092908403839358
Dong Thap,1997-07-24,1997,7,24,0.0
Dong Thap,1997-07-25,1997,7,25,0.2811575907954342
Dong Thap,1997-07-26,1997,7,26,0.1489239001263288
Dong Thap,1997-07-27,1997,7,27,8.177352661816794
Dong Thap,1997-07-28,1997,7,28,9.106066108094822
Dong Thap,1997-07-29,1997,7,29,2.5503059276072158
Dong Thap,1997-07-30,1997,7,30,9.282849767451816
Dong Thap,1997-07-31,1997,7,31,3.5036745797568
Dong Thap,1997-08-01,1997,8,1,5.153395576206007
Dong Thap,1997-08-02,1997,8,2,9.794950783841047
Dong Thap,1997-08-03,1997,8,3,15.904128565413894
Dong Thap,1997-08-04,1997,8,4,1.0259705575004248
Dong Thap,1997-08-05,1997,8,5,0.0
Dong Thap,1997-08-06,1997,8,6,0.0
Dong Thap,1997-08-07,1997,8,7,2.49712806285469
Dong Thap,1997-08-08,1997,8,8,0.0038474229747052
Dong Thap,1997-08-09,1997,8,9,0.0
Dong Thap,1997-08-10,1997,8,10,0.0
Dong Thap,1997-08-11,1997,8,11,0.0
Dong Thap,1997-08-12,1997,8,12,0.0
Dong Thap,1997-08-13,1997,8,13,0.2390307600411097
Dong Thap,1997-08-14,1997,8,14,4.267202309133082
Dong Thap,1997-08-15,1997,8,15,0.9454241453897984
Dong Thap,1997-08-16,1997,8,16,3.2126718123862053
Dong Thap,1997-08-17,1997,8,17,2.213282527115059
Dong Thap,1997-08-18,1997,8,18,4.850296473540981
Dong Thap,1997-08-19,1997,8,19,2.979944958265117
Dong Thap,1997-08-20,1997,8,20,3.9825981199430287
Dong Thap,1997-08-21,1997,8,21,11.980245807590409
Dong Thap,1997-08-22,1997,8,22,1.023425025871775
Dong Thap,1997-08-23,1997,8,23,1.9457513525125132
Dong Thap,1997-08-24,1997,8,24,8.228685326186168
Dong Thap,1997-08-25,1997,8,25,3.056141364478405
Dong Thap,1997-08-26,1997,8,26,7.736796607195128
Dong Thap,1997-08-27,1997,8,27,0.0
Dong Thap,1997-08-28,1997,8,28,11.620767566157976
Dong Thap,1997-08-29,1997,8,29,4.126838284567259
Dong Thap,1997-08-30,1997,8,30,10.00632336016872
Dong Thap,1997-08-31,1997,8,31,0.0
Dong Thap,1997-09-01,1997,9,1,0.388786750144636
Dong Thap,1997-09-02,1997,9,2,2.31581907441266
Dong Thap,1997-09-03,1997,9,3,4.452000815574343
Dong Thap,1997-09-04,1997,9,4,0.1369330715721957
Dong Thap,1997-09-05,1997,9,5,0.0
Dong Thap,1997-09-06,1997,9,6,2.1361741486836205
Dong Thap,1997-09-07,1997,9,7,1.5799697152010723
Dong Thap,1997-09-08,1997,9,8,2.2693739348131965
Dong Thap,1997-09-09,1997,9,9,5.543505930227025
Dong Thap,1997-09-10,1997,9,10,2.680111551598569
Dong Thap,1997-09-11,1997,9,11,2.200192868161802
Dong Thap,1997-09-12,1997,9,12,4.641201675296611
Dong Thap,1997-09-13,1997,9,13,4.571675755254312
Dong Thap,1997-09-14,1997,9,14,7.702658197980958
Dong Thap,1997-09-15,1997,9,15,15.857368907813228
Dong Thap,1997-09-16,1997,9,16,11.826413100475026
Dong Thap,1997-09-17,1997,9,17,6.331788418716059
Dong Thap,1997-09-18,1997,9,18,18.050539874411065
Dong Thap,1997-09-19,1997,9,19,4.880186265968046
Dong Thap,1997-09-20,1997,9,20,19.62806707778862
Dong Thap,1997-09-21,1997,9,21,8.218168723818554
Dong Thap,1997-09-22,1997,9,22,9.543402853569582
Dong Thap,1997-09-23,1997,9,23,7.018211435968705
Dong Thap,1997-09-24,1997,9,24,2.1401310641802915
Dong Thap,1997-09-25,1997,9,25,3.557527102112417
Dong Thap,1997-09-26,1997,9,26,5.81113040474285
Dong Thap,1997-09-27,1997,9,27,0.0
Dong Thap,1997-09-28,1997,9,28,0.101177836292207
Dong Thap,1997-09-29,1997,9,29,0.0
Dong Thap,1997-09-30,1997,9,30,3.885814652235728
Dong Thap,1997-10-01,1997,10,1,1.515004712852431
Dong Thap,1997-10-02,1997,10,2,4.070598833315327
Dong Thap,1997-10-03,1997,10,3,6.913073739180195
Dong Thap,1997-10-04,1997,10,4,5.025142426785761
Dong Thap,1997-10-05,1997,10,5,2.2235042835231367
Dong Thap,1997-10-06,1997,10,6,4.4535624866336
Dong Thap,1997-10-07,1997,10,7,0.6999794365037235
Dong Thap,1997-10-08,1997,10,8,1.808418411829992
Dong Thap,1997-10-09,1997,10,9,3.839292798905596
Dong Thap,1997-10-10,1997,10,10,0.3530406046135504
Dong Thap,1997-10-11,1997,10,11,1.205695448703227
Dong Thap,1997-10-12,1997,10,12,3.925849993381203
Dong Thap,1997-10-13,1997,10,13,0.9703511372225498
Dong Thap,1997-10-14,1997,10,14,2.9023162094960275
Dong Thap,1997-10-15,1997,10,15,8.020343654126515
Dong Thap,1997-10-16,1997,10,16,4.355814746678861
Dong Thap,1997-10-17,1997,10,17,2.795875581025752
Dong Thap,1997-10-18,1997,10,18,0.4446167810611883
Dong Thap,1997-10-19,1997,10,19,0.6514882512182665
Dong Thap,1997-10-20,1997,10,20,5.3203106650371295
Dong Thap,1997-10-21,1997,10,21,5.536563100993618
Dong Thap,1997-10-22,1997,10,22,1.0879037602129822
Dong Thap,1997-10-23,1997,10,23,0.2125816917998302
Dong Thap,1997-10-24,1997,10,24,4.112672966649018
Dong Thap,1997-10-25,1997,10,25,0.0
Dong Thap,1997-10-26,1997,10,26,0.810502145406419
Dong Thap,1997-10-27,1997,10,27,7.230308467240349
Dong Thap,1997-10-28,1997,10,28,8.88558051069226
Dong Thap,1997-10-29,1997,10,29,5.80158290279163
Dong Thap,1997-10-30,1997,10,30,4.208623109111067
Dong Thap,1997-10-31,1997,10,31,0.1485115685158909
Dong Thap,1997-11-01,1997,11,1,5.745796074415782
Dong Thap,1997-11-02,1997,11,2,14.26280123770358
Dong Thap,1997-11-03,1997,11,3,5.443249675450964
Dong Thap,1997-11-04,1997,11,4,2.9269547778474827
Dong Thap,1997-11-05,1997,11,5,0.0
Dong Thap,1997-11-06,1997,11,6,0.1076080946592833
Dong Thap,1997-11-07,1997,11,7,2.640805095934613
Dong Thap,1997-11-08,1997,11,8,0.0062576802660879
Dong Thap,1997-11-09,1997,11,9,1.3627191606308016
Dong Thap,1997-11-10,1997,11,10,1.4741469216043774
Dong Thap,1997-11-11,1997,11,11,0.0
Dong Thap,1997-11-12,1997,11,12,2.0475976473489306
Dong Thap,1997-11-13,1997,11,13,1.303502938131748
Dong Thap,1997-11-14,1997,11,14,0.3181244398505069
Dong Thap,1997-11-15,1997,11,15,0.0
Dong Thap,1997-11-16,1997,11,16,0.0015764081724273
Dong Thap,1997-11-17,1997,11,17,0.0759916730362026
Dong Thap,1997-11-18,1997,11,18,0.0
Dong Thap,1997-11-19,1997,11,19,0.0
Dong Thap,1997-11-20,1997,11,20,0.0
Dong Thap,1997-11-21,1997,11,21,0.0
Dong Thap,1997-11-22,1997,11,22,3.586196770642602
Dong Thap,1997-11-23,1997,11,23,0.0
Dong Thap,1997-11-24,1997,11,24,0.0
Dong Thap,1997-11-25,1997,11,25,1.444622266500856
Dong Thap,1997-11-26,1997,11,26,0.0
Dong Thap,1997-11-27,1997,11,27,0.0
Dong Thap,1997-11-28,1997,11,28,0.0
Dong Thap,1997-11-29,1997,11,29,0.0
Dong Thap,1997-11-30,1997,11,30,0.7821119764926671
Dong Thap,1997-12-01,1997,12,1,0.0
Dong Thap,1997-12-02,1997,12,2,0.0
Dong Thap,1997-12-03,1997,12,3,0.1631999391261914
Dong Thap,1997-12-04,1997,12,4,0.0
Dong Thap,1997-12-05,1997,12,5,2.1413593007197087
Dong Thap,1997-12-06,1997,12,6,0.3221790534969302
Dong Thap,1997-12-07,1997,12,7,0.1253562062025232
Dong Thap,1997-12-08,1997,12,8,2.3747312310590254
Dong Thap,1997-12-09,1997,12,9,0.0130924188227834
Dong Thap,1997-12-10,1997,12,10,0.0
Dong Thap,1997-12-11,1997,12,11,0.0
Dong Thap,1997-12-12,1997,12,12,0.0
Dong Thap,1997-12-13,1997,12,13,0.0
Dong Thap,1997-12-14,1997,12,14,0.0
Dong Thap,1997-12-15,1997,12,15,0.0
Dong Thap,1997-12-16,1997,12,16,0.0
Dong Thap,1997-12-17,1997,12,17,0.0
Dong Thap,1997-12-18,1997,12,18,0.0
Dong Thap,1997-12-19,1997,12,19,0.0
Dong Thap,1997-12-20,1997,12,20,0.0
Dong Thap,1997-12-21,1997,12,21,0.0
Dong Thap,1997-12-22,1997,12,22,0.0
Dong Thap,1997-12-23,1997,12,23,0.4045062015217285
Dong Thap,1997-12-24,1997,12,24,0.2032922148461078
Dong Thap,1997-12-25,1997,12,25,0.2703162716418023
Dong Thap,1997-12-26,1997,12,26,0.0
Dong Thap,1997-12-27,1997,12,27,0.0
Dong Thap,1997-12-28,1997,12,28,0.0
Dong Thap,1997-12-29,1997,12,29,0.0
Dong Thap,1997-12-30,1997,12,30,0.0
Dong Thap,1997-12-31,1997,12,31,0.0
Dong Thap,1998-01-01,1998,1,1,0.0
Dong Thap,1998-01-02,1998,1,2,0.0
Dong Thap,1998-01-03,1998,1,3,0.0
Dong Thap,1998-01-04,1998,1,4,1.2729439153567388
Dong Thap,1998-01-05,1998,1,5,6.045522632344875
Dong Thap,1998-01-06,1998,1,6,0.0
Dong Thap,1998-01-07,1998,1,7,0.0
Dong Thap,1998-01-08,1998,1,8,0.0
Dong Thap,1998-01-09,1998,1,9,0.0
Dong Thap,1998-01-10,1998,1,10,0.4284076292633278
Dong Thap,1998-01-11,1998,1,11,0.0
Dong Thap,1998-01-12,1998,1,12,0.0
Dong Thap,1998-01-13,1998,1,13,0.0
Dong Thap,1998-01-14,1998,1,14,0.0
Dong Thap,1998-01-15,1998,1,15,0.0
Dong Thap,1998-01-16,1998,1,16,0.0
Dong Thap,1998-01-17,1998,1,17,0.0
Dong Thap,1998-01-18,1998,1,18,0.0
Dong Thap,1998-01-19,1998,1,19,0.0
Dong Thap,1998-01-20,1998,1,20,0.0
Dong Thap,1998-01-21,1998,1,21,0.0
Dong Thap,1998-01-22,1998,1,22,0.0
Dong Thap,1998-01-23,1998,1,23,0.0
Dong Thap,1998-01-24,1998,1,24,0.0
Dong Thap,1998-01-25,1998,1,25,0.0
Dong Thap,1998-01-26,1998,1,26,0.0
Dong Thap,1998-01-27,1998,1,27,0.0
Dong Thap,1998-01-28,1998,1,28,0.0
Dong Thap,1998-01-29,1998,1,29,0.0
Dong Thap,1998-01-30,1998,1,30,0.0
Dong Thap,1998-01-31,1998,1,31,0.0
Dong Thap,1998-02-01,1998,2,1,0.0
Dong Thap,1998-02-02,1998,2,2,0.0
Dong Thap,1998-02-03,1998,2,3,0.0
Dong Thap,1998-02-04,1998,2,4,0.0
Dong Thap,1998-02-05,1998,2,5,0.0
Dong Thap,1998-02-06,1998,2,6,0.2340119159056644
Dong Thap,1998-02-07,1998,2,7,0.0
Dong Thap,1998-02-08,1998,2,8,0.0
Dong Thap,1998-02-09,1998,2,9,0.0
Dong Thap,1998-02-10,1998,2,10,0.0
Dong Thap,1998-02-11,1998,2,11,0.0
Dong Thap,1998-02-12,1998,2,12,0.0
Dong Thap,1998-02-13,1998,2,13,0.0
Dong Thap,1998-02-14,1998,2,14,0.0
Dong Thap,1998-02-15,1998,2,15,0.0
Dong Thap,1998-02-16,1998,2,16,0.0
Dong Thap,1998-02-17,1998,2,17,0.0
Dong Thap,1998-02-18,1998,2,18,0.0
Dong Thap,1998-02-19,1998,2,19,0.0
Dong Thap,1998-02-20,1998,2,20,0.0
Dong Thap,1998-02-21,1998,2,21,0.202201632508513
Dong Thap,1998-02-22,1998,2,22,0.0
Dong Thap,1998-02-23,1998,2,23,0.0
Dong Thap,1998-02-24,1998,2,24,0.0
Dong Thap,1998-02-25,1998,2,25,0.0
Dong Thap,1998-02-26,1998,2,26,0.0
Dong Thap,1998-02-27,1998,2,27,0.0
Dong Thap,1998-02-28,1998,2,28,0.0
Dong Thap,1998-03-01,1998,3,1,0.0
Dong Thap,1998-03-02,1998,3,2,0.0
Dong Thap,1998-03-03,1998,3,3,0.0
Dong Thap,1998-03-04,1998,3,4,0.0
Dong Thap,1998-03-05,1998,3,5,4.705915189665786
Dong Thap,1998-03-06,1998,3,6,0.0
Dong Thap,1998-03-07,1998,3,7,0.0
Dong Thap,1998-03-08,1998,3,8,3.652441153132457
Dong Thap,1998-03-09,1998,3,9,0.0
Dong Thap,1998-03-10,1998,3,10,0.3185520266084029
Dong Thap,1998-03-11,1998,3,11,0.0
Dong Thap,1998-03-12,1998,3,12,0.0
Dong Thap,1998-03-13,1998,3,13,0.0
Dong Thap,1998-03-14,1998,3,14,0.0
Dong Thap,1998-03-15,1998,3,15,0.0
Dong Thap,1998-03-16,1998,3,16,0.0
Dong Thap,1998-03-17,1998,3,17,0.0
Dong Thap,1998-03-18,1998,3,18,0.0
Dong Thap,1998-03-19,1998,3,19,0.0
Dong Thap,1998-03-20,1998,3,20,0.0
Dong Thap,1998-03-21,1998,3,21,0.0
Dong Thap,1998-03-22,1998,3,22,0.0
Dong Thap,1998-03-23,1998,3,23,0.0
Dong Thap,1998-03-24,1998,3,24,0.0
Dong Thap,1998-03-25,1998,3,25,0.0
Dong Thap,1998-03-26,1998,3,26,0.0
Dong Thap,1998-03-27,1998,3,27,0.0
Dong Thap,1998-03-28,1998,3,28,0.0
Dong Thap,1998-03-29,1998,3,29,0.0
Dong Thap,1998-03-30,1998,3,30,0.0
Dong Thap,1998-03-31,1998,3,31,0.0
Dong Thap,1998-04-01,1998,4,1,0.0
Dong Thap,1998-04-02,1998,4,2,0.0
Dong Thap,1998-04-03,1998,4,3,0.0
Dong Thap,1998-04-04,1998,4,4,0.0
Dong Thap,1998-04-05,1998,4,5,3.735575889686296
Dong Thap,1998-04-06,1998,4,6,0.0
Dong Thap,1998-04-07,1998,4,7,0.0
Dong Thap,1998-04-08,1998,4,8,0.0
Dong Thap,1998-04-09,1998,4,9,0.0
Dong Thap,1998-04-10,1998,4,10,0.0
Dong Thap,1998-04-11,1998,4,11,0.1924804708220289
Dong Thap,1998-04-12,1998,4,12,0.0
Dong Thap,1998-04-13,1998,4,13,0.0
Dong Thap,1998-04-14,1998,4,14,0.0
Dong Thap,1998-04-15,1998,4,15,0.0
Dong Thap,1998-04-16,1998,4,16,0.0
Dong Thap,1998-04-17,1998,4,17,13.805024681541417
Dong Thap,1998-04-18,1998,4,18,5.970536086371026
Dong Thap,1998-04-19,1998,4,19,10.22933225568011
Dong Thap,1998-04-20,1998,4,20,1.987559933780893
Dong Thap,1998-04-21,1998,4,21,1.2864941193561363
Dong Thap,1998-04-22,1998,4,22,0.2172509712753096
Dong Thap,1998-04-23,1998,4,23,2.111225538806144
Dong Thap,1998-04-24,1998,4,24,0.1856091186143871
Dong Thap,1998-04-25,1998,4,25,1.0442232214960887
Dong Thap,1998-04-26,1998,4,26,0.0027598010755218
Dong Thap,1998-04-27,1998,4,27,0.0
Dong Thap,1998-04-28,1998,4,28,0.0
Dong Thap,1998-04-29,1998,4,29,0.0453897841208803
Dong Thap,1998-04-30,1998,4,30,0.0
Dong Thap,1998-05-01,1998,5,1,0.4087451809059065
Dong Thap,1998-05-02,1998,5,2,0.0
Dong Thap,1998-05-03,1998,5,3,0.4669276921825394
Dong Thap,1998-05-04,1998,5,4,4.472878938362878
Dong Thap,1998-05-05,1998,5,5,0.0
Dong Thap,1998-05-06,1998,5,6,0.0232619109379885
Dong Thap,1998-05-07,1998,5,7,0.0
Dong Thap,1998-05-08,1998,5,8,0.0
Dong Thap,1998-05-09,1998,5,9,0.0
Dong Thap,1998-05-10,1998,5,10,0.8964512581075427
Dong Thap,1998-05-11,1998,5,11,0.1934413476841828
Dong Thap,1998-05-12,1998,5,12,2.04007895557632
Dong Thap,1998-05-13,1998,5,13,1.177574586308351
Dong Thap,1998-05-14,1998,5,14,9.30856331634445
Dong Thap,1998-05-15,1998,5,15,5.452277660369872
Dong Thap,1998-05-16,1998,5,16,1.1374999511828894
Dong Thap,1998-05-17,1998,5,17,6.55292774888699
Dong Thap,1998-05-18,1998,5,18,1.3512983922112247
Dong Thap,1998-05-19,1998,5,19,3.6209344190482176
Dong Thap,1998-05-20,1998,5,20,10.02713117273264
Dong Thap,1998-05-21,1998,5,21,11.554237839422017
Dong Thap,1998-05-22,1998,5,22,0.0564200415047545
Dong Thap,1998-05-23,1998,5,23,0.0
Dong Thap,1998-05-24,1998,5,24,0.0
Dong Thap,1998-05-25,1998,5,25,25.581691245684297
Dong Thap,1998-05-26,1998,5,26,9.47830853685111
Dong Thap,1998-05-27,1998,5,27,2.1120544731488478
Dong Thap,1998-05-28,1998,5,28,6.123963932378884
Dong Thap,1998-05-29,1998,5,29,9.910471225578767
Dong Thap,1998-05-30,1998,5,30,0.5841068735611201
Dong Thap,1998-05-31,1998,5,31,0.9305568133923152
Dong Thap,1998-06-01,1998,6,1,0.583489095627761
Dong Thap,1998-06-02,1998,6,2,0.0778861874513731
Dong Thap,1998-06-03,1998,6,3,0.3918927748348804
Dong Thap,1998-06-04,1998,6,4,0.0
Dong Thap,1998-06-05,1998,6,5,2.5465845522870816
Dong Thap,1998-06-06,1998,6,6,14.810183512399004
Dong Thap,1998-06-07,1998,6,7,0.0
Dong Thap,1998-06-08,1998,6,8,5.059008988618364
Dong Thap,1998-06-09,1998,6,9,5.2312901419578335
Dong Thap,1998-06-10,1998,6,10,11.904517921415184
Dong Thap,1998-06-11,1998,6,11,16.05272224983012
Dong Thap,1998-06-12,1998,6,12,5.473965521684597
Dong Thap,1998-06-13,1998,6,13,7.744604927478583
Dong Thap,1998-06-14,1998,6,14,8.134675226015164
Dong Thap,1998-06-15,1998,6,15,3.4132764856777995
Dong Thap,1998-06-16,1998,6,16,5.903361884650117
Dong Thap,1998-06-17,1998,6,17,10.463606977046194
Dong Thap,1998-06-18,1998,6,18,0.3359595553415659
Dong Thap,1998-06-19,1998,6,19,8.516138837698337
Dong Thap,1998-06-20,1998,6,20,4.453690340047197
Dong Thap,1998-06-21,1998,6,21,3.749112597135612
Dong Thap,1998-06-22,1998,6,22,9.441919782669167
Dong Thap,1998-06-23,1998,6,23,0.5141968386687737
Dong Thap,1998-06-24,1998,6,24,15.580768224344729
Dong Thap,1998-06-25,1998,6,25,14.125035526735155
Dong Thap,1998-06-26,1998,6,26,21.963016172114852
Dong Thap,1998-06-27,1998,6,27,8.665405638301237
Dong Thap,1998-06-28,1998,6,28,15.587464197655232
Dong Thap,1998-06-29,1998,6,29,28.567744245057412
Dong Thap,1998-06-30,1998,6,30,12.810557058075531
Dong Thap,1998-07-01,1998,7,1,4.273017223321689
Dong Thap,1998-07-02,1998,7,2,6.320880761378094
Dong Thap,1998-07-03,1998,7,3,3.5827575537496767
Dong Thap,1998-07-04,1998,7,4,8.08432236534277
Dong Thap,1998-07-05,1998,7,5,9.83018474405602
Dong Thap,1998-07-06,1998,7,6,3.07021161936526
Dong Thap,1998-07-07,1998,7,7,10.501149598733075
Dong Thap,1998-07-08,1998,7,8,2.672189311988504
Dong Thap,1998-07-09,1998,7,9,1.147717637136081
Dong Thap,1998-07-10,1998,7,10,0.4997951538080742
Dong Thap,1998-07-11,1998,7,11,2.1714040055543027
Dong Thap,1998-07-12,1998,7,12,3.4995480773195733
Dong Thap,1998-07-13,1998,7,13,5.543455629993084
Dong Thap,1998-07-14,1998,7,14,2.9242152913589976
Dong Thap,1998-07-15,1998,7,15,0.4496430461304457
Dong Thap,1998-07-16,1998,7,16,0.8770242952315854
Dong Thap,1998-07-17,1998,7,17,0.0
Dong Thap,1998-07-18,1998,7,18,0.0649868865145126
Dong Thap,1998-07-19,1998,7,19,1.5397701501940986
Dong Thap,1998-07-20,1998,7,20,2.085234178696355
Dong Thap,1998-07-21,1998,7,21,0.8791089200949163
Dong Thap,1998-07-22,1998,7,22,2.933763977795304
Dong Thap,1998-07-23,1998,7,23,6.8333041581784
Dong Thap,1998-07-24,1998,7,24,1.7588257815579798
Dong Thap,1998-07-25,1998,7,25,0.2079879348040546
Dong Thap,1998-07-26,1998,7,26,6.080522792806476
Dong Thap,1998-07-27,1998,7,27,11.791618688342677
Dong Thap,1998-07-28,1998,7,28,8.158495321183452
Dong Thap,1998-07-29,1998,7,29,8.44181257656758
Dong Thap,1998-07-30,1998,7,30,5.054446840099609
Dong Thap,1998-07-31,1998,7,31,7.51438180011823
Dong Thap,1998-08-01,1998,8,1,13.47704750619996
Dong Thap,1998-08-02,1998,8,2,5.411636803550246
Dong Thap,1998-08-03,1998,8,3,10.678637521078125
Dong Thap,1998-08-04,1998,8,4,12.480494713198985
Dong Thap,1998-08-05,1998,8,5,2.8973096278159014
Dong Thap,1998-08-06,1998,8,6,9.113997043315203
Dong Thap,1998-08-07,1998,8,7,4.172778436297429
Dong Thap,1998-08-08,1998,8,8,2.3281283850758574
Dong Thap,1998-08-09,1998,8,9,3.120269863113729
Dong Thap,1998-08-10,1998,8,10,5.056733539079032
Dong Thap,1998-08-11,1998,8,11,12.118286835057187
Dong Thap,1998-08-12,1998,8,12,7.715252133658174
Dong Thap,1998-08-13,1998,8,13,2.157916479081503
Dong Thap,1998-08-14,1998,8,14,8.489913983635272
Dong Thap,1998-08-15,1998,8,15,6.309595334034861
Dong Thap,1998-08-16,1998,8,16,13.850019300250416
Dong Thap,1998-08-17,1998,8,17,9.064744226321736
Dong Thap,1998-08-18,1998,8,18,6.414057969303121
Dong Thap,1998-08-19,1998,8,19,10.188067956416544
Dong Thap,1998-08-20,1998,8,20,1.675482128107117
Dong Thap,1998-08-21,1998,8,21,10.20248526397653
Dong Thap,1998-08-22,1998,8,22,3.9073346513170257
Dong Thap,1998-08-23,1998,8,23,0.7244812911036116
Dong Thap,1998-08-24,1998,8,24,6.447105831804527
Dong Thap,1998-08-25,1998,8,25,7.20213697371581
Dong Thap,1998-08-26,1998,8,26,0.529557947279889
Dong Thap,1998-08-27,1998,8,27,4.013118500101719
Dong Thap,1998-08-28,1998,8,28,10.707534025613208
Dong Thap,1998-08-29,1998,8,29,5.791513629313467
Dong Thap,1998-08-30,1998,8,30,6.282924983928552
Dong Thap,1998-08-31,1998,8,31,3.2785434542071217
Dong Thap,1998-09-01,1998,9,1,4.745065114673691
Dong Thap,1998-09-02,1998,9,2,0.0841056169134325
Dong Thap,1998-09-03,1998,9,3,0.3435355591373645
Dong Thap,1998-09-04,1998,9,4,4.959139887413415
Dong Thap,1998-09-05,1998,9,5,3.0173957970560554
Dong Thap,1998-09-06,1998,9,6,5.355771932278408
Dong Thap,1998-09-07,1998,9,7,0.2400534609791262
Dong Thap,1998-09-08,1998,9,8,2.1683149075180808
Dong Thap,1998-09-09,1998,9,9,0.8256641240963349
Dong Thap,1998-09-10,1998,9,10,5.709851850998328
Dong Thap,1998-09-11,1998,9,11,6.755019912440838
Dong Thap,1998-09-12,1998,9,12,5.380829317163441
Dong Thap,1998-09-13,1998,9,13,6.930878581239544
Dong Thap,1998-09-14,1998,9,14,4.113823175626409
Dong Thap,1998-09-15,1998,9,15,8.05778385043171
Dong Thap,1998-09-16,1998,9,16,11.78481303172666
Dong Thap,1998-09-17,1998,9,17,14.77291452411299
Dong Thap,1998-09-18,1998,9,18,2.518336248013716
Dong Thap,1998-09-19,1998,9,19,16.29943118531984
Dong Thap,1998-09-20,1998,9,20,8.732328046131002
Dong Thap,1998-09-21,1998,9,21,6.73528372433306
Dong Thap,1998-09-22,1998,9,22,5.14212287722706
Dong Thap,1998-09-23,1998,9,23,7.690597051864904
Dong Thap,1998-09-24,1998,9,24,8.399735612016645
Dong Thap,1998-09-25,1998,9,25,10.157184429150574
Dong Thap,1998-09-26,1998,9,26,11.913536701798565
Dong Thap,1998-09-27,1998,9,27,6.376294956757469
Dong Thap,1998-09-28,1998,9,28,11.056775229085938
Dong Thap,1998-09-29,1998,9,29,7.379948801347285
Dong Thap,1998-09-30,1998,9,30,4.288130326689789
Dong Thap,1998-10-01,1998,10,1,9.709447030229091
Dong Thap,1998-10-02,1998,10,2,0.0
Dong Thap,1998-10-03,1998,10,3,3.5817174217058243
Dong Thap,1998-10-04,1998,10,4,2.4593112634738765
Dong Thap,1998-10-05,1998,10,5,4.2788331487740345
Dong Thap,1998-10-06,1998,10,6,3.1995275438792152
Dong Thap,1998-10-07,1998,10,7,6.821100322316227
Dong Thap,1998-10-08,1998,10,8,10.254703066057967
Dong Thap,1998-10-09,1998,10,9,2.946917363074135
Dong Thap,1998-10-10,1998,10,10,6.408141376873735
Dong Thap,1998-10-11,1998,10,11,1.8418526468138745
Dong Thap,1998-10-12,1998,10,12,1.0677569736347243
Dong Thap,1998-10-13,1998,10,13,2.237868315086955
Dong Thap,1998-10-14,1998,10,14,2.868438022086509
Dong Thap,1998-10-15,1998,10,15,1.9410574317404483
Dong Thap,1998-10-16,1998,10,16,0.2053244792268149
Dong Thap,1998-10-17,1998,10,17,2.985766136642212
Dong Thap,1998-10-18,1998,10,18,7.529788596237328
Dong Thap,1998-10-19,1998,10,19,5.251526778399442
Dong Thap,1998-10-20,1998,10,20,0.5023342879864804
Dong Thap,1998-10-21,1998,10,21,9.418532090525735
Dong Thap,1998-10-22,1998,10,22,7.958863808423284
Dong Thap,1998-10-23,1998,10,23,4.795369810235181
Dong Thap,1998-10-24,1998,10,24,2.8260393598932017
Dong Thap,1998-10-25,1998,10,25,1.6314769787855472
Dong Thap,1998-10-26,1998,10,26,4.677380331369492
Dong Thap,1998-10-27,1998,10,27,3.686101447340308
Dong Thap,1998-10-28,1998,10,28,1.0625572794076668
Dong Thap,1998-10-29,1998,10,29,2.211106574897839
Dong Thap,1998-10-30,1998,10,30,6.772543626826232
Dong Thap,1998-10-31,1998,10,31,7.291226637472983
Dong Thap,1998-11-01,1998,11,1,0.5863409669241828
Dong Thap,1998-11-02,1998,11,2,15.781234028890118
Dong Thap,1998-11-03,1998,11,3,14.266288814075084
Dong Thap,1998-11-04,1998,11,4,6.728483814337854
Dong Thap,1998-11-05,1998,11,5,7.566808536543929
Dong Thap,1998-11-06,1998,11,6,7.583432563097261
Dong Thap,1998-11-07,1998,11,7,29.11696699024301
Dong Thap,1998-11-08,1998,11,8,26.979564128832013
Dong Thap,1998-11-09,1998,11,9,13.67555631443246
Dong Thap,1998-11-10,1998,11,10,0.0
Dong Thap,1998-11-11,1998,11,11,0.4607258465573011
Dong Thap,1998-11-12,1998,11,12,15.134729702185416
Dong Thap,1998-11-13,1998,11,13,42.60287826078019
Dong Thap,1998-11-14,1998,11,14,18.862538189581787
Dong Thap,1998-11-15,1998,11,15,0.0
Dong Thap,1998-11-16,1998,11,16,0.0
Dong Thap,1998-11-17,1998,11,17,0.5711619322441156
Dong Thap,1998-11-18,1998,11,18,1.3661809840899133
Dong Thap,1998-11-19,1998,11,19,30.361216703482643
Dong Thap,1998-11-20,1998,11,20,14.145007941385824
Dong Thap,1998-11-21,1998,11,21,0.0
Dong Thap,1998-11-22,1998,11,22,0.5963964261434123
Dong Thap,1998-11-23,1998,11,23,2.009745282794928
Dong Thap,1998-11-24,1998,11,24,0.1260098586662409
Dong Thap,1998-11-25,1998,11,25,8.081877561195219
Dong Thap,1998-11-26,1998,11,26,4.797156792082479
Dong Thap,1998-11-27,1998,11,27,0.8783288008776654
Dong Thap,1998-11-28,1998,11,28,5.9183420741236175
Dong Thap,1998-11-29,1998,11,29,0.0
Dong Thap,1998-11-30,1998,11,30,10.017788469994285
Dong Thap,1998-12-01,1998,12,1,2.550763332244621
Dong Thap,1998-12-02,1998,12,2,1.3572684677111897
Dong Thap,1998-12-03,1998,12,3,0.260542742372073
Dong Thap,1998-12-04,1998,12,4,2.0283725301316453
Dong Thap,1998-12-05,1998,12,5,0.0
Dong Thap,1998-12-06,1998,12,6,0.858296069819315
Dong Thap,1998-12-07,1998,12,7,1.7608125023298686
Dong Thap,1998-12-08,1998,12,8,1.4622381018664468
Dong Thap,1998-12-09,1998,12,9,7.808218383419826
Dong Thap,1998-12-10,1998,12,10,7.120010552633258
Dong Thap,1998-12-11,1998,12,11,0.3770726615673346
Dong Thap,1998-12-12,1998,12,12,1.8911438457869003
Dong Thap,1998-12-13,1998,12,13,15.059821742825791
Dong Thap,1998-12-14,1998,12,14,4.351572147857743
Dong Thap,1998-12-15,1998,12,15,0.0903598416925477
Dong Thap,1998-12-16,1998,12,16,0.0
Dong Thap,1998-12-17,1998,12,17,2.2182347586237703
Dong Thap,1998-12-18,1998,12,18,0.0
Dong Thap,1998-12-19,1998,12,19,0.0
Dong Thap,1998-12-20,1998,12,20,0.0
Dong Thap,1998-12-21,1998,12,21,0.1755951647318109
Dong Thap,1998-12-22,1998,12,22,0.611396151759442
Dong Thap,1998-12-23,1998,12,23,0.2735666038093583
Dong Thap,1998-12-24,1998,12,24,0.561452615665475
Dong Thap,1998-12-25,1998,12,25,8.137749638299374
Dong Thap,1998-12-26,1998,12,26,1.017420608628924
Dong Thap,1998-12-27,1998,12,27,0.3516998749918641
Dong Thap,1998-12-28,1998,12,28,0.0149826652505431
Dong Thap,1998-12-29,1998,12,29,0.1394192873552485
Dong Thap,1998-12-30,1998,12,30,0.2123294575078594
Dong Thap,1998-12-31,1998,12,31,0.0
Dong Thap,1999-01-01,1999,1,1,3.2893182671689534
Dong Thap,1999-01-02,1999,1,2,0.0454164425721372
Dong Thap,1999-01-03,1999,1,3,0.0
Dong Thap,1999-01-04,1999,1,4,0.0
Dong Thap,1999-01-05,1999,1,5,3.847443259611728
Dong Thap,1999-01-06,1999,1,6,0.5138771261234576
Dong Thap,1999-01-07,1999,1,7,0.0
Dong Thap,1999-01-08,1999,1,8,0.0
Dong Thap,1999-01-09,1999,1,9,0.0
Dong Thap,1999-01-10,1999,1,10,0.0
Dong Thap,1999-01-11,1999,1,11,0.3427573555020861
Dong Thap,1999-01-12,1999,1,12,0.0
Dong Thap,1999-01-13,1999,1,13,0.0
Dong Thap,1999-01-14,1999,1,14,0.0
Dong Thap,1999-01-15,1999,1,15,3.7653312726148735
Dong Thap,1999-01-16,1999,1,16,0.0
Dong Thap,1999-01-17,1999,1,17,0.0
Dong Thap,1999-01-18,1999,1,18,0.1009215396535837
Dong Thap,1999-01-19,1999,1,19,2.225561344666845
Dong Thap,1999-01-20,1999,1,20,0.0
Dong Thap,1999-01-21,1999,1,21,0.2663044350330374
Dong Thap,1999-01-22,1999,1,22,0.0
Dong Thap,1999-01-23,1999,1,23,0.0
Dong Thap,1999-01-24,1999,1,24,0.0
Dong Thap,1999-01-25,1999,1,25,0.8026432849590214
Dong Thap,1999-01-26,1999,1,26,0.5359562448945907
Dong Thap,1999-01-27,1999,1,27,2.69635748328983
Dong Thap,1999-01-28,1999,1,28,1.0978074050731388
Dong Thap,1999-01-29,1999,1,29,0.4074027357335151
Dong Thap,1999-01-30,1999,1,30,0.0
Dong Thap,1999-01-31,1999,1,31,0.0
Dong Thap,1999-02-01,1999,2,1,0.0
Dong Thap,1999-02-02,1999,2,2,0.0644209209025676
Dong Thap,1999-02-03,1999,2,3,0.0
Dong Thap,1999-02-04,1999,2,4,0.0
Dong Thap,1999-02-05,1999,2,5,0.0
Dong Thap,1999-02-06,1999,2,6,4.350498702031346
Dong Thap,1999-02-07,1999,2,7,0.0
Dong Thap,1999-02-08,1999,2,8,0.0
Dong Thap,1999-02-09,1999,2,9,0.0566279397195824
Dong Thap,1999-02-10,1999,2,10,2.244486014954433
Dong Thap,1999-02-11,1999,2,11,1.0486660892524653
Dong Thap,1999-02-12,1999,2,12,0.0
Dong Thap,1999-02-13,1999,2,13,0.0
Dong Thap,1999-02-14,1999,2,14,0.0
Dong Thap,1999-02-15,1999,2,15,0.0
Dong Thap,1999-02-16,1999,2,16,0.0
Dong Thap,1999-02-17,1999,2,17,0.0
Dong Thap,1999-02-18,1999,2,18,0.0
Dong Thap,1999-02-19,1999,2,19,0.0
Dong Thap,1999-02-20,1999,2,20,0.0
Dong Thap,1999-02-21,1999,2,21,0.0
Dong Thap,1999-02-22,1999,2,22,0.0
Dong Thap,1999-02-23,1999,2,23,0.0
Dong Thap,1999-02-24,1999,2,24,0.0
Dong Thap,1999-02-25,1999,2,25,0.0
Dong Thap,1999-02-26,1999,2,26,0.0
Dong Thap,1999-02-27,1999,2,27,0.0
Dong Thap,1999-02-28,1999,2,28,0.2484917048967584
Dong Thap,1999-03-01,1999,3,1,0.0
Dong Thap,1999-03-02,1999,3,2,1.3151514234660782
Dong Thap,1999-03-03,1999,3,3,0.0
Dong Thap,1999-03-04,1999,3,4,0.0
Dong Thap,1999-03-05,1999,3,5,0.0460446315177422
Dong Thap,1999-03-06,1999,3,6,0.0
Dong Thap,1999-03-07,1999,3,7,0.0
Dong Thap,1999-03-08,1999,3,8,0.1283610475720638
Dong Thap,1999-03-09,1999,3,9,0.5566088518899991
Dong Thap,1999-03-10,1999,3,10,0.0
Dong Thap,1999-03-11,1999,3,11,0.0
Dong Thap,1999-03-12,1999,3,12,0.7005209234909374
Dong Thap,1999-03-13,1999,3,13,0.0
Dong Thap,1999-03-14,1999,3,14,0.0
Dong Thap,1999-03-15,1999,3,15,0.0
Dong Thap,1999-03-16,1999,3,16,0.0
Dong Thap,1999-03-17,1999,3,17,0.0
Dong Thap,1999-03-18,1999,3,18,0.0
Dong Thap,1999-03-19,1999,3,19,0.0
Dong Thap,1999-03-20,1999,3,20,0.2991376669465859
Dong Thap,1999-03-21,1999,3,21,0.0
Dong Thap,1999-03-22,1999,3,22,1.705855078807568
Dong Thap,1999-03-23,1999,3,23,0.0
Dong Thap,1999-03-24,1999,3,24,0.0
Dong Thap,1999-03-25,1999,3,25,1.1924664825978717
Dong Thap,1999-03-26,1999,3,26,0.0
Dong Thap,1999-03-27,1999,3,27,0.0
Dong Thap,1999-03-28,1999,3,28,0.6120711768974595
Dong Thap,1999-03-29,1999,3,29,10.639951226606856
Dong Thap,1999-03-30,1999,3,30,8.687709017840808
Dong Thap,1999-03-31,1999,3,31,8.874155462045149
Dong Thap,1999-04-01,1999,4,1,0.7265013854858524
Dong Thap,1999-04-02,1999,4,2,2.7711404906816157
Dong Thap,1999-04-03,1999,4,3,2.9988637044163604
Dong Thap,1999-04-04,1999,4,4,11.081097487448991
Dong Thap,1999-04-05,1999,4,5,3.015894277233884
Dong Thap,1999-04-06,1999,4,6,5.864943368339688
Dong Thap,1999-04-07,1999,4,7,4.290675864377636
Dong Thap,1999-04-08,1999,4,8,2.4738447725813435
Dong Thap,1999-04-09,1999,4,9,10.027712941386136
Dong Thap,1999-04-10,1999,4,10,7.583425838105499
Dong Thap,1999-04-11,1999,4,11,6.749840082563939
Dong Thap,1999-04-12,1999,4,12,14.003291477326876
Dong Thap,1999-04-13,1999,4,13,9.488417994693368
Dong Thap,1999-04-14,1999,4,14,4.174867801167051
Dong Thap,1999-04-15,1999,4,15,10.3463947071675
Dong Thap,1999-04-16,1999,4,16,12.200588891768303
Dong Thap,1999-04-17,1999,4,17,3.1986112021212385
Dong Thap,1999-04-18,1999,4,18,0.324789506468828
Dong Thap,1999-04-19,1999,4,19,3.0569135603286357
Dong Thap,1999-04-20,1999,4,20,0.3586036940402173
Dong Thap,1999-04-21,1999,4,21,7.433102344030256
Dong Thap,1999-04-22,1999,4,22,7.1861790565168135
Dong Thap,1999-04-23,1999,4,23,1.6484079921437629
Dong Thap,1999-04-24,1999,4,24,1.3252258358803466
Dong Thap,1999-04-25,1999,4,25,3.4356679877429848
Dong Thap,1999-04-26,1999,4,26,6.045724101312203
Dong Thap,1999-04-27,1999,4,27,12.48626509551588
Dong Thap,1999-04-28,1999,4,28,13.92261467416566
Dong Thap,1999-04-29,1999,4,29,14.403100381071711
Dong Thap,1999-04-30,1999,4,30,2.51789730464706
Dong Thap,1999-05-01,1999,5,1,12.604922724792626
Dong Thap,1999-05-02,1999,5,2,24.00313777225152
Dong Thap,1999-05-03,1999,5,3,2.9679889530044896
Dong Thap,1999-05-04,1999,5,4,4.549346361918758
Dong Thap,1999-05-05,1999,5,5,7.033142092886873
Dong Thap,1999-05-06,1999,5,6,7.979851813787822
Dong Thap,1999-05-07,1999,5,7,3.517723620120483
Dong Thap,1999-05-08,1999,5,8,1.8733118122563168
Dong Thap,1999-05-09,1999,5,9,1.411538495927109
Dong Thap,1999-05-10,1999,5,10,3.670239586732216
Dong Thap,1999-05-11,1999,5,11,8.955877272685635
Dong Thap,1999-05-12,1999,5,12,5.9584885858099055
Dong Thap,1999-05-13,1999,5,13,5.136844615466147
Dong Thap,1999-05-14,1999,5,14,6.047445220500397
Dong Thap,1999-05-15,1999,5,15,7.531261855359786
Dong Thap,1999-05-16,1999,5,16,3.639727264825301
Dong Thap,1999-05-17,1999,5,17,5.266781084427142
Dong Thap,1999-05-18,1999,5,18,15.670427097981
Dong Thap,1999-05-19,1999,5,19,17.032486197844037
Dong Thap,1999-05-20,1999,5,20,7.678789278398923
Dong Thap,1999-05-21,1999,5,21,0.7053360362320168
Dong Thap,1999-05-22,1999,5,22,6.47961044633418
Dong Thap,1999-05-23,1999,5,23,10.015164208082158
Dong Thap,1999-05-24,1999,5,24,3.2822853810856976
Dong Thap,1999-05-25,1999,5,25,9.363654650215224
Dong Thap,1999-05-26,1999,5,26,5.839533740994825
Dong Thap,1999-05-27,1999,5,27,2.465870542863828
Dong Thap,1999-05-28,1999,5,28,22.055723077996067
Dong Thap,1999-05-29,1999,5,29,18.056114396771417
Dong Thap,1999-05-30,1999,5,30,0.0
Dong Thap,1999-05-31,1999,5,31,0.0
Dong Thap,1999-06-01,1999,6,1,6.491469143955564
Dong Thap,1999-06-02,1999,6,2,8.88305050022401
Dong Thap,1999-06-03,1999,6,3,5.871839229322652
Dong Thap,1999-06-04,1999,6,4,4.473300861256014
Dong Thap,1999-06-05,1999,6,5,10.316910728051434
Dong Thap,1999-06-06,1999,6,6,0.671971109426289
Dong Thap,1999-06-07,1999,6,7,0.1646509218545951
Dong Thap,1999-06-08,1999,6,8,20.205336593786328
Dong Thap,1999-06-09,1999,6,9,4.733202989034594
Dong Thap,1999-06-10,1999,6,10,6.132597528700654
Dong Thap,1999-06-11,1999,6,11,0.1698705975853019
Dong Thap,1999-06-12,1999,6,12,0.7834331818941038
Dong Thap,1999-06-13,1999,6,13,5.057459773817432
Dong Thap,1999-06-14,1999,6,14,4.842817369078409
Dong Thap,1999-06-15,1999,6,15,11.034962845316596
Dong Thap,1999-06-16,1999,6,16,1.9481317529757864
Dong Thap,1999-06-17,1999,6,17,3.938247075136594
Dong Thap,1999-06-18,1999,6,18,7.194405320275252
Dong Thap,1999-06-19,1999,6,19,6.385470270332845
Dong Thap,1999-06-20,1999,6,20,0.4566229073022642
Dong Thap,1999-06-21,1999,6,21,0.0
Dong Thap,1999-06-22,1999,6,22,0.0
Dong Thap,1999-06-23,1999,6,23,0.0
Dong Thap,1999-06-24,1999,6,24,0.0
Dong Thap,1999-06-25,1999,6,25,8.432815578429096
Dong Thap,1999-06-26,1999,6,26,6.682380921355931
Dong Thap,1999-06-27,1999,6,27,6.702754124326177
Dong Thap,1999-06-28,1999,6,28,3.7195322213325457
Dong Thap,1999-06-29,1999,6,29,10.536196090262408
Dong Thap,1999-06-30,1999,6,30,0.2655556230810674
Dong Thap,1999-07-01,1999,7,1,0.9549162492801846
Dong Thap,1999-07-02,1999,7,2,5.633344034746114
Dong Thap,1999-07-03,1999,7,3,6.92762967129264
Dong Thap,1999-07-04,1999,7,4,0.6682996577840015
Dong Thap,1999-07-05,1999,7,5,0.0126567708815688
Dong Thap,1999-07-06,1999,7,6,1.237145770669984
Dong Thap,1999-07-07,1999,7,7,0.0
Dong Thap,1999-07-08,1999,7,8,0.6550163041173882
Dong Thap,1999-07-09,1999,7,9,4.557844927332853
Dong Thap,1999-07-10,1999,7,10,8.991359480349198
Dong Thap,1999-07-11,1999,7,11,2.73656805349581
Dong Thap,1999-07-12,1999,7,12,5.546093948444108
Dong Thap,1999-07-13,1999,7,13,0.5934763110114083
Dong Thap,1999-07-14,1999,7,14,5.475471649691714
Dong Thap,1999-07-15,1999,7,15,3.230254008179216
Dong Thap,1999-07-16,1999,7,16,5.033226068865988
Dong Thap,1999-07-17,1999,7,17,4.3559358298291615
Dong Thap,1999-07-18,1999,7,18,4.426974472462358
Dong Thap,1999-07-19,1999,7,19,0.0
Dong Thap,1999-07-20,1999,7,20,2.4575906617113423
Dong Thap,1999-07-21,1999,7,21,1.6300133147665985
Dong Thap,1999-07-22,1999,7,22,2.7803421702843703
Dong Thap,1999-07-23,1999,7,23,8.931625358041838
Dong Thap,1999-07-24,1999,7,24,8.978138314337313
Dong Thap,1999-07-25,1999,7,25,10.55670980496122
Dong Thap,1999-07-26,1999,7,26,5.630717689444043
Dong Thap,1999-07-27,1999,7,27,1.8875615001671533
Dong Thap,1999-07-28,1999,7,28,13.211885402958378
Dong Thap,1999-07-29,1999,7,29,25.874327917447392
Dong Thap,1999-07-30,1999,7,30,0.685612536109654
Dong Thap,1999-07-31,1999,7,31,8.72326343798545
Dong Thap,1999-08-01,1999,8,1,0.0154798105511233
Dong Thap,1999-08-02,1999,8,2,0.4795330652093464
Dong Thap,1999-08-03,1999,8,3,0.6494691713694297
Dong Thap,1999-08-04,1999,8,4,0.9869319571100555
Dong Thap,1999-08-05,1999,8,5,0.5731469313317151
Dong Thap,1999-08-06,1999,8,6,0.6912007367013123
Dong Thap,1999-08-07,1999,8,7,0.0
Dong Thap,1999-08-08,1999,8,8,0.0
Dong Thap,1999-08-09,1999,8,9,0.0
Dong Thap,1999-08-10,1999,8,10,0.0
Dong Thap,1999-08-11,1999,8,11,0.0
Dong Thap,1999-08-12,1999,8,12,0.0
Dong Thap,1999-08-13,1999,8,13,0.2429001050956236
Dong Thap,1999-08-14,1999,8,14,0.0
Dong Thap,1999-08-15,1999,8,15,0.0
Dong Thap,1999-08-16,1999,8,16,9.318092719562364
Dong Thap,1999-08-17,1999,8,17,8.295372800780227
Dong Thap,1999-08-18,1999,8,18,5.51975992656035
Dong Thap,1999-08-19,1999,8,19,7.355414907347187
Dong Thap,1999-08-20,1999,8,20,16.027216159475074
Dong Thap,1999-08-21,1999,8,21,7.914966791611232
Dong Thap,1999-08-22,1999,8,22,7.1793265959249215
Dong Thap,1999-08-23,1999,8,23,5.86988370076907
Dong Thap,1999-08-24,1999,8,24,4.404481329735591
Dong Thap,1999-08-25,1999,8,25,8.364590150146272
Dong Thap,1999-08-26,1999,8,26,9.262062961575875
Dong Thap,1999-08-27,1999,8,27,9.882236044166683
Dong Thap,1999-08-28,1999,8,28,8.711598079816428
Dong Thap,1999-08-29,1999,8,29,11.47914649200244
Dong Thap,1999-08-30,1999,8,30,7.857592606601297
Dong Thap,1999-08-31,1999,8,31,15.405204600289151
Dong Thap,1999-09-01,1999,9,1,5.074188370620254
Dong Thap,1999-09-02,1999,9,2,0.8673362314552302
Dong Thap,1999-09-03,1999,9,3,4.160585817942847
Dong Thap,1999-09-04,1999,9,4,7.088424579570262
Dong Thap,1999-09-05,1999,9,5,10.746610826420245
Dong Thap,1999-09-06,1999,9,6,8.672700835891881
Dong Thap,1999-09-07,1999,9,7,0.620317455360022
Dong Thap,1999-09-08,1999,9,8,0.4225288750310047
Dong Thap,1999-09-09,1999,9,9,0.7363858711754675
Dong Thap,1999-09-10,1999,9,10,6.096527405179543
Dong Thap,1999-09-11,1999,9,11,1.0849260490904158
Dong Thap,1999-09-12,1999,9,12,3.3748830134483963
Dong Thap,1999-09-13,1999,9,13,9.156813702954976
Dong Thap,1999-09-14,1999,9,14,3.867809931301924
Dong Thap,1999-09-15,1999,9,15,9.74198114594716
Dong Thap,1999-09-16,1999,9,16,0.638645231432998
Dong Thap,1999-09-17,1999,9,17,0.1380854584082254
Dong Thap,1999-09-18,1999,9,18,0.0
Dong Thap,1999-09-19,1999,9,19,0.5857735465369256
Dong Thap,1999-09-20,1999,9,20,1.3955017033687975
Dong Thap,1999-09-21,1999,9,21,3.3646391394161586
Dong Thap,1999-09-22,1999,9,22,1.65128033699999
Dong Thap,1999-09-23,1999,9,23,12.772171453037087
Dong Thap,1999-09-24,1999,9,24,6.579816895410913
Dong Thap,1999-09-25,1999,9,25,4.848142507072474
Dong Thap,1999-09-26,1999,9,26,3.872900047701503
Dong Thap,1999-09-27,1999,9,27,2.40058194665187
Dong Thap,1999-09-28,1999,9,28,6.525757765402077
Dong Thap,1999-09-29,1999,9,29,6.469036546178431
Dong Thap,1999-09-30,1999,9,30,5.259852406441394
Dong Thap,1999-10-01,1999,10,1,6.762132896285816
Dong Thap,1999-10-02,1999,10,2,9.3803298242216
Dong Thap,1999-10-03,1999,10,3,10.971688772900617
Dong Thap,1999-10-04,1999,10,4,0.9919924060043788
Dong Thap,1999-10-05,1999,10,5,1.514295707856388
Dong Thap,1999-10-06,1999,10,6,4.877448442181356
Dong Thap,1999-10-07,1999,10,7,12.45788211025346
Dong Thap,1999-10-08,1999,10,8,2.830412067576062
Dong Thap,1999-10-09,1999,10,9,8.641927935150923
Dong Thap,1999-10-10,1999,10,10,2.9151519204527703
Dong Thap,1999-10-11,1999,10,11,5.594082357149314
Dong Thap,1999-10-12,1999,10,12,6.380243880126056
Dong Thap,1999-10-13,1999,10,13,8.245029708872256
Dong Thap,1999-10-14,1999,10,14,7.911367014811259
Dong Thap,1999-10-15,1999,10,15,2.2482946611787
Dong Thap,1999-10-16,1999,10,16,13.715793296596695
Dong Thap,1999-10-17,1999,10,17,11.18527103660597
Dong Thap,1999-10-18,1999,10,18,6.903950215542371
Dong Thap,1999-10-19,1999,10,19,1.0634185465550186
Dong Thap,1999-10-20,1999,10,20,0.1750982077126603
Dong Thap,1999-10-21,1999,10,21,3.5286050072759343
Dong Thap,1999-10-22,1999,10,22,6.671253174739491
Dong Thap,1999-10-23,1999,10,23,25.925595866327296
Dong Thap,1999-10-24,1999,10,24,21.90420315458792
Dong Thap,1999-10-25,1999,10,25,10.420098383274643
Dong Thap,1999-10-26,1999,10,26,0.9160936777354204
Dong Thap,1999-10-27,1999,10,27,22.824191333418767
Dong Thap,1999-10-28,1999,10,28,13.476745238129933
Dong Thap,1999-10-29,1999,10,29,7.303815693968351
Dong Thap,1999-10-30,1999,10,30,0.4528058822500695
Dong Thap,1999-10-31,1999,10,31,1.540705776563544
Dong Thap,1999-11-01,1999,11,1,19.71308507504364
Dong Thap,1999-11-02,1999,11,2,16.209999281558854
Dong Thap,1999-11-03,1999,11,3,13.468307308634582
Dong Thap,1999-11-04,1999,11,4,27.17155978299333
Dong Thap,1999-11-05,1999,11,5,8.545781898666242
Dong Thap,1999-11-06,1999,11,6,0.1182898278406262
Dong Thap,1999-11-07,1999,11,7,0.868158480830005
Dong Thap,1999-11-08,1999,11,8,2.555031751068859
Dong Thap,1999-11-09,1999,11,9,1.0880069039239617
Dong Thap,1999-11-10,1999,11,10,1.9986645668264893
Dong Thap,1999-11-11,1999,11,11,4.786012458130429
Dong Thap,1999-11-12,1999,11,12,14.058407886081843
Dong Thap,1999-11-13,1999,11,13,5.937142545427082
Dong Thap,1999-11-14,1999,11,14,21.536159247261384
Dong Thap,1999-11-15,1999,11,15,14.778505673964652
Dong Thap,1999-11-16,1999,11,16,4.921175829212436
Dong Thap,1999-11-17,1999,11,17,0.0
Dong Thap,1999-11-18,1999,11,18,0.2712820600646407
Dong Thap,1999-11-19,1999,11,19,0.8868973484947101
Dong Thap,1999-11-20,1999,11,20,5.056635550693071
Dong Thap,1999-11-21,1999,11,21,7.0701425277662
Dong Thap,1999-11-22,1999,11,22,0.2238500593185748
Dong Thap,1999-11-23,1999,11,23,0.0
Dong Thap,1999-11-24,1999,11,24,0.0
Dong Thap,1999-11-25,1999,11,25,2.8218109085902285
Dong Thap,1999-11-26,1999,11,26,5.733886748207433
Dong Thap,1999-11-27,1999,11,27,1.0879004740082052
Dong Thap,1999-11-28,1999,11,28,11.260947967944348
Dong Thap,1999-11-29,1999,11,29,2.7629676235758147
Dong Thap,1999-11-30,1999,11,30,0.039013920334534
Dong Thap,1999-12-01,1999,12,1,0.0
Dong Thap,1999-12-02,1999,12,2,9.504366113569066
Dong Thap,1999-12-03,1999,12,3,8.093061456164723
Dong Thap,1999-12-04,1999,12,4,0.9110694384531606
Dong Thap,1999-12-05,1999,12,5,2.284842842556273
Dong Thap,1999-12-06,1999,12,6,2.454990111766473
Dong Thap,1999-12-07,1999,12,7,0.0644412885785832
Dong Thap,1999-12-08,1999,12,8,1.7285700446763537
Dong Thap,1999-12-09,1999,12,9,0.0
Dong Thap,1999-12-10,1999,12,10,10.316286246306449
Dong Thap,1999-12-11,1999,12,11,9.546261275317732
Dong Thap,1999-12-12,1999,12,12,0.0
Dong Thap,1999-12-13,1999,12,13,0.0
Dong Thap,1999-12-14,1999,12,14,2.090386483731225
Dong Thap,1999-12-15,1999,12,15,0.0
Dong Thap,1999-12-16,1999,12,16,0.0
Dong Thap,1999-12-17,1999,12,17,0.0
Dong Thap,1999-12-18,1999,12,18,1.3224094038056162
Dong Thap,1999-12-19,1999,12,19,0.0
Dong Thap,1999-12-20,1999,12,20,0.0
Dong Thap,1999-12-21,1999,12,21,0.0
Dong Thap,1999-12-22,1999,12,22,0.0
Dong Thap,1999-12-23,1999,12,23,0.0
Dong Thap,1999-12-24,1999,12,24,0.0
Dong Thap,1999-12-25,1999,12,25,0.1893391547112175
Dong Thap,1999-12-26,1999,12,26,3.801491785744624
Dong Thap,1999-12-27,1999,12,27,0.6703019401019245
Dong Thap,1999-12-28,1999,12,28,0.0
Dong Thap,1999-12-29,1999,12,29,0.0
Dong Thap,1999-12-30,1999,12,30,0.0
Dong Thap,1999-12-31,1999,12,31,0.0
Dong Thap,2000-01-01,2000,1,1,1.725183049837748
Dong Thap,2000-01-02,2000,1,2,1.121298523589762
Dong Thap,2000-01-03,2000,1,3,0.2395041590243313
Dong Thap,2000-01-04,2000,1,4,2.1542118760174507
Dong Thap,2000-01-05,2000,1,5,0.0018378728258926
Dong Thap,2000-01-06,2000,1,6,1.4809364030657095
Dong Thap,2000-01-07,2000,1,7,0.0
Dong Thap,2000-01-08,2000,1,8,0.0
Dong Thap,2000-01-09,2000,1,9,0.0
Dong Thap,2000-01-10,2000,1,10,0.0
Dong Thap,2000-01-11,2000,1,11,0.1666950403710787
Dong Thap,2000-01-12,2000,1,12,0.0
Dong Thap,2000-01-13,2000,1,13,0.0
Dong Thap,2000-01-14,2000,1,14,0.0
Dong Thap,2000-01-15,2000,1,15,0.0
Dong Thap,2000-01-16,2000,1,16,0.0
Dong Thap,2000-01-17,2000,1,17,0.0
Dong Thap,2000-01-18,2000,1,18,1.477728203963551
Dong Thap,2000-01-19,2000,1,19,0.0
Dong Thap,2000-01-20,2000,1,20,0.0
Dong Thap,2000-01-21,2000,1,21,0.0
Dong Thap,2000-01-22,2000,1,22,3.293759135153657
Dong Thap,2000-01-23,2000,1,23,3.217753714665225
Dong Thap,2000-01-24,2000,1,24,1.2318870014470258
Dong Thap,2000-01-25,2000,1,25,0.0
Dong Thap,2000-01-26,2000,1,26,0.0
Dong Thap,2000-01-27,2000,1,27,0.0945843992953887
Dong Thap,2000-01-28,2000,1,28,0.0
Dong Thap,2000-01-29,2000,1,29,2.851164871869456
Dong Thap,2000-01-30,2000,1,30,0.0113565822239497
Dong Thap,2000-01-31,2000,1,31,0.0
Dong Thap,2000-02-01,2000,2,1,0.0
Dong Thap,2000-02-02,2000,2,2,0.0
Dong Thap,2000-02-03,2000,2,3,0.0030396638785951
Dong Thap,2000-02-04,2000,2,4,0.0
Dong Thap,2000-02-05,2000,2,5,0.0
Dong Thap,2000-02-06,2000,2,6,0.5897284698900191
Dong Thap,2000-02-07,2000,2,7,1.1532860193186014
Dong Thap,2000-02-08,2000,2,8,0.0
Dong Thap,2000-02-09,2000,2,9,0.0
Dong Thap,2000-02-10,2000,2,10,0.0
Dong Thap,2000-02-11,2000,2,11,0.0
Dong Thap,2000-02-12,2000,2,12,0.0
Dong Thap,2000-02-13,2000,2,13,0.0
Dong Thap,2000-02-14,2000,2,14,0.0
Dong Thap,2000-02-15,2000,2,15,0.0
Dong Thap,2000-02-16,2000,2,16,0.0
Dong Thap,2000-02-17,2000,2,17,1.76005922837108
Dong Thap,2000-02-18,2000,2,18,0.0
Dong Thap,2000-02-19,2000,2,19,0.0189864551342071
Dong Thap,2000-02-20,2000,2,20,0.0148290916922304
Dong Thap,2000-02-21,2000,2,21,0.7749684343458112
Dong Thap,2000-02-22,2000,2,22,0.0
Dong Thap,2000-02-23,2000,2,23,0.0385042866774364
Dong Thap,2000-02-24,2000,2,24,0.0
Dong Thap,2000-02-25,2000,2,25,0.0
Dong Thap,2000-02-26,2000,2,26,0.0
Dong Thap,2000-02-27,2000,2,27,0.0
Dong Thap,2000-02-28,2000,2,28,2.2917380848553317
Dong Thap,2000-02-29,2000,2,29,0.0591881334010721
Dong Thap,2000-03-01,2000,3,1,0.0
Dong Thap,2000-03-02,2000,3,2,0.0008075488703792423
Dong Thap,2000-03-03,2000,3,3,0.0
Dong Thap,2000-03-04,2000,3,4,0.0
Dong Thap,2000-03-05,2000,3,5,0.0722854706011365
Dong Thap,2000-03-06,2000,3,6,0.0
Dong Thap,2000-03-07,2000,3,7,6.154805236482717
Dong Thap,2000-03-08,2000,3,8,2.9651255832255106
Dong Thap,2000-03-09,2000,3,9,0.0
Dong Thap,2000-03-10,2000,3,10,2.0488257776021896
Dong Thap,2000-03-11,2000,3,11,0.0
Dong Thap,2000-03-12,2000,3,12,5.247122819539447
Dong Thap,2000-03-13,2000,3,13,5.630353485919839
Dong Thap,2000-03-14,2000,3,14,0.0
Dong Thap,2000-03-15,2000,3,15,18.68217758719061
Dong Thap,2000-03-16,2000,3,16,2.443818907850868
Dong Thap,2000-03-17,2000,3,17,0.0
Dong Thap,2000-03-18,2000,3,18,0.6790762581666605
Dong Thap,2000-03-19,2000,3,19,0.0015770670323245
Dong Thap,2000-03-20,2000,3,20,0.0
Dong Thap,2000-03-21,2000,3,21,0.0
Dong Thap,2000-03-22,2000,3,22,4.628353748914332
Dong Thap,2000-03-23,2000,3,23,0.0
Dong Thap,2000-03-24,2000,3,24,0.1194881354231452
Dong Thap,2000-03-25,2000,3,25,0.0
Dong Thap,2000-03-26,2000,3,26,20.619628400144745
Dong Thap,2000-03-27,2000,3,27,6.6031395904677535
Dong Thap,2000-03-28,2000,3,28,0.0
Dong Thap,2000-03-29,2000,3,29,0.0
Dong Thap,2000-03-30,2000,3,30,0.0
Dong Thap,2000-03-31,2000,3,31,0.0
Dong Thap,2000-04-01,2000,4,1,0.0
Dong Thap,2000-04-02,2000,4,2,0.6589120676289182
Dong Thap,2000-04-03,2000,4,3,0.0
Dong Thap,2000-04-04,2000,4,4,6.810250081644321
Dong Thap,2000-04-05,2000,4,5,0.0090493435272154
Dong Thap,2000-04-06,2000,4,6,0.0
Dong Thap,2000-04-07,2000,4,7,0.0253033583900515
Dong Thap,2000-04-08,2000,4,8,11.947434957481327
Dong Thap,2000-04-09,2000,4,9,0.0
Dong Thap,2000-04-10,2000,4,10,0.0
Dong Thap,2000-04-11,2000,4,11,4.360637764541745
Dong Thap,2000-04-12,2000,4,12,0.6174817843477228
Dong Thap,2000-04-13,2000,4,13,4.969409207888464
Dong Thap,2000-04-14,2000,4,14,8.740706331366876
Dong Thap,2000-04-15,2000,4,15,0.8830144935409469
Dong Thap,2000-04-16,2000,4,16,9.082477424145823
Dong Thap,2000-04-17,2000,4,17,7.067631188408976
Dong Thap,2000-04-18,2000,4,18,8.045377582068179
Dong Thap,2000-04-19,2000,4,19,2.0327328766943613
Dong Thap,2000-04-20,2000,4,20,5.969630748527184
Dong Thap,2000-04-21,2000,4,21,0.0309548516486652
Dong Thap,2000-04-22,2000,4,22,6.073363446407584
Dong Thap,2000-04-23,2000,4,23,6.139196786901861
Dong Thap,2000-04-24,2000,4,24,0.4112394801851352
Dong Thap,2000-04-25,2000,4,25,6.678324987301618
Dong Thap,2000-04-26,2000,4,26,5.717701414267382
Dong Thap,2000-04-27,2000,4,27,0.6492200100302883
Dong Thap,2000-04-28,2000,4,28,6.463031514873841
Dong Thap,2000-04-29,2000,4,29,0.0
Dong Thap,2000-04-30,2000,4,30,6.676783312785804
Dong Thap,2000-05-01,2000,5,1,1.1427722239212998
Dong Thap,2000-05-02,2000,5,2,13.257492707839804
Dong Thap,2000-05-03,2000,5,3,11.780376631398845
Dong Thap,2000-05-04,2000,5,4,5.524362009034718
Dong Thap,2000-05-05,2000,5,5,1.5296410802461833
Dong Thap,2000-05-06,2000,5,6,4.725511877477803
Dong Thap,2000-05-07,2000,5,7,4.111344921323807
Dong Thap,2000-05-08,2000,5,8,3.898417723640065
Dong Thap,2000-05-09,2000,5,9,4.470999973774335
Dong Thap,2000-05-10,2000,5,10,9.354707703207362
Dong Thap,2000-05-11,2000,5,11,8.298249568059001
Dong Thap,2000-05-12,2000,5,12,12.338091871961325
Dong Thap,2000-05-13,2000,5,13,5.999656430847767
Dong Thap,2000-05-14,2000,5,14,7.063376578595972
Dong Thap,2000-05-15,2000,5,15,13.051149216589806
Dong Thap,2000-05-16,2000,5,16,8.167259173643998
Dong Thap,2000-05-17,2000,5,17,8.178357357918767
Dong Thap,2000-05-18,2000,5,18,9.070003393051
Dong Thap,2000-05-19,2000,5,19,7.039770465779522
Dong Thap,2000-05-20,2000,5,20,6.651093920815792
Dong Thap,2000-05-21,2000,5,21,0.3094937929713268
Dong Thap,2000-05-22,2000,5,22,1.720318618554064
Dong Thap,2000-05-23,2000,5,23,0.0027124674203365
Dong Thap,2000-05-24,2000,5,24,6.300267023356668
Dong Thap,2000-05-25,2000,5,25,4.762746004018756
Dong Thap,2000-05-26,2000,5,26,10.63421314590935
Dong Thap,2000-05-27,2000,5,27,0.6392958061560389
Dong Thap,2000-05-28,2000,5,28,1.5983461194469022
Dong Thap,2000-05-29,2000,5,29,10.450471617966135
Dong Thap,2000-05-30,2000,5,30,18.03160647088663
Dong Thap,2000-05-31,2000,5,31,19.87709781892017
Dong Thap,2000-06-01,2000,6,1,21.31298548754093
Dong Thap,2000-06-02,2000,6,2,3.612715620328596
Dong Thap,2000-06-03,2000,6,3,2.252446614860108
Dong Thap,2000-06-04,2000,6,4,0.5028700431323195
Dong Thap,2000-06-05,2000,6,5,0.0
Dong Thap,2000-06-06,2000,6,6,3.740023606335301
Dong Thap,2000-06-07,2000,6,7,12.688249723059748
Dong Thap,2000-06-08,2000,6,8,6.033679205583609
Dong Thap,2000-06-09,2000,6,9,6.700666720212004
Dong Thap,2000-06-10,2000,6,10,0.0
Dong Thap,2000-06-11,2000,6,11,0.9412764086930528
Dong Thap,2000-06-12,2000,6,12,0.3245564586239279
Dong Thap,2000-06-13,2000,6,13,0.0
Dong Thap,2000-06-14,2000,6,14,6.427222174373589
Dong Thap,2000-06-15,2000,6,15,8.783587550099861
Dong Thap,2000-06-16,2000,6,16,17.02499369705835
Dong Thap,2000-06-17,2000,6,17,19.33188873567304
Dong Thap,2000-06-18,2000,6,18,4.027195850737596
Dong Thap,2000-06-19,2000,6,19,2.902941839560267
Dong Thap,2000-06-20,2000,6,20,0.4965799853783873
Dong Thap,2000-06-21,2000,6,21,7.701680814973724
Dong Thap,2000-06-22,2000,6,22,3.828503277544156
Dong Thap,2000-06-23,2000,6,23,7.547093207255387
Dong Thap,2000-06-24,2000,6,24,6.779156449716432
Dong Thap,2000-06-25,2000,6,25,1.9380109153665968
Dong Thap,2000-06-26,2000,6,26,10.161552617331868
Dong Thap,2000-06-27,2000,6,27,2.8616352048162588
Dong Thap,2000-06-28,2000,6,28,1.667548621832877
Dong Thap,2000-06-29,2000,6,29,10.221306204931086
Dong Thap,2000-06-30,2000,6,30,6.350533646055702
Dong Thap,2000-07-01,2000,7,1,0.6913900426355433
Dong Thap,2000-07-02,2000,7,2,2.57769240731416
Dong Thap,2000-07-03,2000,7,3,10.831377804117023
Dong Thap,2000-07-04,2000,7,4,17.07957736386012
Dong Thap,2000-07-05,2000,7,5,10.397702340260636
Dong Thap,2000-07-06,2000,7,6,0.419251759874055
Dong Thap,2000-07-07,2000,7,7,8.621483844060162
Dong Thap,2000-07-08,2000,7,8,0.0925782393889819
Dong Thap,2000-07-09,2000,7,9,0.0
Dong Thap,2000-07-10,2000,7,10,16.17089483110115
Dong Thap,2000-07-11,2000,7,11,6.455227987171703
Dong Thap,2000-07-12,2000,7,12,0.6939953018241061
Dong Thap,2000-07-13,2000,7,13,6.549749418859825
Dong Thap,2000-07-14,2000,7,14,1.0805556649844716
Dong Thap,2000-07-15,2000,7,15,1.2856109821528618
Dong Thap,2000-07-16,2000,7,16,10.617529537548194
Dong Thap,2000-07-17,2000,7,17,15.683393042023171
Dong Thap,2000-07-18,2000,7,18,1.285845478436615
Dong Thap,2000-07-19,2000,7,19,0.0
Dong Thap,2000-07-20,2000,7,20,0.0469028110917474
Dong Thap,2000-07-21,2000,7,21,0.0
Dong Thap,2000-07-22,2000,7,22,0.0
Dong Thap,2000-07-23,2000,7,23,7.685332831420511
Dong Thap,2000-07-24,2000,7,24,12.82801417435327
Dong Thap,2000-07-25,2000,7,25,16.039800094562718
Dong Thap,2000-07-26,2000,7,26,19.682976034457425
Dong Thap,2000-07-27,2000,7,27,0.0
Dong Thap,2000-07-28,2000,7,28,3.920838863137683
Dong Thap,2000-07-29,2000,7,29,2.326706401704524
Dong Thap,2000-07-30,2000,7,30,0.0
Dong Thap,2000-07-31,2000,7,31,0.0
Dong Thap,2000-08-01,2000,8,1,7.492731442791221
Dong Thap,2000-08-02,2000,8,2,2.918829288812945
Dong Thap,2000-08-03,2000,8,3,5.832329582114428
Dong Thap,2000-08-04,2000,8,4,0.0
Dong Thap,2000-08-05,2000,8,5,1.1429998236487502
Dong Thap,2000-08-06,2000,8,6,10.585209353889278
Dong Thap,2000-08-07,2000,8,7,9.263587699851833
Dong Thap,2000-08-08,2000,8,8,6.9434348018782845
Dong Thap,2000-08-09,2000,8,9,0.3330669383025368
Dong Thap,2000-08-10,2000,8,10,4.960342867265679
Dong Thap,2000-08-11,2000,8,11,2.420874372290351
Dong Thap,2000-08-12,2000,8,12,6.787011305220629
Dong Thap,2000-08-13,2000,8,13,8.41628311073696
Dong Thap,2000-08-14,2000,8,14,6.890350044050911
Dong Thap,2000-08-15,2000,8,15,4.387778370950342
Dong Thap,2000-08-16,2000,8,16,4.996316246659623
Dong Thap,2000-08-17,2000,8,17,7.640805348324508
Dong Thap,2000-08-18,2000,8,18,3.4379710069225013
Dong Thap,2000-08-19,2000,8,19,3.235902895063451
Dong Thap,2000-08-20,2000,8,20,9.093087396614669
Dong Thap,2000-08-21,2000,8,21,11.194687935705211
Dong Thap,2000-08-22,2000,8,22,19.7508838474818
Dong Thap,2000-08-23,2000,8,23,11.133136030671164
Dong Thap,2000-08-24,2000,8,24,20.11142274128057
Dong Thap,2000-08-25,2000,8,25,7.935689989863702
Dong Thap,2000-08-26,2000,8,26,0.0
Dong Thap,2000-08-27,2000,8,27,0.8486667744205031
Dong Thap,2000-08-28,2000,8,28,7.169304337344904
Dong Thap,2000-08-29,2000,8,29,4.19322093330545
Dong Thap,2000-08-30,2000,8,30,0.0
Dong Thap,2000-08-31,2000,8,31,7.073721582741592
Dong Thap,2000-09-01,2000,9,1,0.6723339423243081
Dong Thap,2000-09-02,2000,9,2,4.160130086553346
Dong Thap,2000-09-03,2000,9,3,0.1935146108070197
Dong Thap,2000-09-04,2000,9,4,2.588122329995668
Dong Thap,2000-09-05,2000,9,5,3.2657685254655875
Dong Thap,2000-09-06,2000,9,6,1.4030602403933532
Dong Thap,2000-09-07,2000,9,7,0.0
Dong Thap,2000-09-08,2000,9,8,2.173110016077479
Dong Thap,2000-09-09,2000,9,9,6.5452109978857385
Dong Thap,2000-09-10,2000,9,10,10.318701020587124
Dong Thap,2000-09-11,2000,9,11,5.259664165032323
Dong Thap,2000-09-12,2000,9,12,0.3288430416965418
Dong Thap,2000-09-13,2000,9,13,2.1227010451045896
Dong Thap,2000-09-14,2000,9,14,2.441394175278348
Dong Thap,2000-09-15,2000,9,15,19.915339501152392
Dong Thap,2000-09-16,2000,9,16,10.390558881556226
Dong Thap,2000-09-17,2000,9,17,0.0062684740153521
Dong Thap,2000-09-18,2000,9,18,7.095983001240151
Dong Thap,2000-09-19,2000,9,19,9.288803501121842
Dong Thap,2000-09-20,2000,9,20,8.758208565520455
Dong Thap,2000-09-21,2000,9,21,5.6388409001664375
Dong Thap,2000-09-22,2000,9,22,4.09257016565785
Dong Thap,2000-09-23,2000,9,23,0.8972233521686755
Dong Thap,2000-09-24,2000,9,24,6.713173795874381
Dong Thap,2000-09-25,2000,9,25,6.454222101255798
Dong Thap,2000-09-26,2000,9,26,7.606997877284998
Dong Thap,2000-09-27,2000,9,27,9.211412867424242
Dong Thap,2000-09-28,2000,9,28,7.887007337877584
Dong Thap,2000-09-29,2000,9,29,6.81424813529437
Dong Thap,2000-09-30,2000,9,30,11.160532606562324
Dong Thap,2000-10-01,2000,10,1,11.282404934451067
Dong Thap,2000-10-02,2000,10,2,23.03123068915003
Dong Thap,2000-10-03,2000,10,3,7.932305377006313
Dong Thap,2000-10-04,2000,10,4,12.504275339380634
Dong Thap,2000-10-05,2000,10,5,16.28635191035589
Dong Thap,2000-10-06,2000,10,6,42.01434957226414
Dong Thap,2000-10-07,2000,10,7,6.128524044520571
Dong Thap,2000-10-08,2000,10,8,30.091764969324764
Dong Thap,2000-10-09,2000,10,9,62.72209595075828
Dong Thap,2000-10-10,2000,10,10,31.03797721906071
Dong Thap,2000-10-11,2000,10,11,7.84337745992023
Dong Thap,2000-10-12,2000,10,12,2.284743900130821
Dong Thap,2000-10-13,2000,10,13,21.072092917491865
Dong Thap,2000-10-14,2000,10,14,10.132278262141986
Dong Thap,2000-10-15,2000,10,15,2.8583115732721214
Dong Thap,2000-10-16,2000,10,16,3.1236472503652566
Dong Thap,2000-10-17,2000,10,17,16.089816866939174
Dong Thap,2000-10-18,2000,10,18,25.094895426935416
Dong Thap,2000-10-19,2000,10,19,2.404847016768956
Dong Thap,2000-10-20,2000,10,20,8.812953121691352
Dong Thap,2000-10-21,2000,10,21,7.301739371340914
Dong Thap,2000-10-22,2000,10,22,16.041679066650868
Dong Thap,2000-10-23,2000,10,23,7.138616822360726
Dong Thap,2000-10-24,2000,10,24,2.493397923920574
Dong Thap,2000-10-25,2000,10,25,9.880743277060729
Dong Thap,2000-10-26,2000,10,26,9.572182941902025
Dong Thap,2000-10-27,2000,10,27,20.19358657843837
Dong Thap,2000-10-28,2000,10,28,11.658064725016526
Dong Thap,2000-10-29,2000,10,29,28.00184035084808
Dong Thap,2000-10-30,2000,10,30,9.6920982093897
Dong Thap,2000-10-31,2000,10,31,23.343568232883403
Dong Thap,2000-11-01,2000,11,1,19.711782228765443
Dong Thap,2000-11-02,2000,11,2,0.0198870460435812
Dong Thap,2000-11-03,2000,11,3,0.0
Dong Thap,2000-11-04,2000,11,4,0.0
Dong Thap,2000-11-05,2000,11,5,0.0
Dong Thap,2000-11-06,2000,11,6,0.0
Dong Thap,2000-11-07,2000,11,7,0.0
Dong Thap,2000-11-08,2000,11,8,0.0
Dong Thap,2000-11-09,2000,11,9,0.0
Dong Thap,2000-11-10,2000,11,10,0.0
Dong Thap,2000-11-11,2000,11,11,4.911985191245021
Dong Thap,2000-11-12,2000,11,12,24.991682409915565
Dong Thap,2000-11-13,2000,11,13,17.568157171429426
Dong Thap,2000-11-14,2000,11,14,2.3454368489384234
Dong Thap,2000-11-15,2000,11,15,2.795863797118502
Dong Thap,2000-11-16,2000,11,16,10.174116091147177
Dong Thap,2000-11-17,2000,11,17,14.199585330764908
Dong Thap,2000-11-18,2000,11,18,4.708748882066263
Dong Thap,2000-11-19,2000,11,19,3.3919173201817827
Dong Thap,2000-11-20,2000,11,20,15.270543863315112
Dong Thap,2000-11-21,2000,11,21,0.018618546566618
Dong Thap,2000-11-22,2000,11,22,10.889897965616663
Dong Thap,2000-11-23,2000,11,23,10.455903601850649
Dong Thap,2000-11-24,2000,11,24,1.7955165696990765
Dong Thap,2000-11-25,2000,11,25,0.6973799989219149
Dong Thap,2000-11-26,2000,11,26,1.0429186518700286
Dong Thap,2000-11-27,2000,11,27,4.693648331920548
Dong Thap,2000-11-28,2000,11,28,6.326620041350263
Dong Thap,2000-11-29,2000,11,29,10.479937927899291
Dong Thap,2000-11-30,2000,11,30,6.980164776184888
Dong Thap,2000-12-01,2000,12,1,0.0
Dong Thap,2000-12-02,2000,12,2,0.0
Dong Thap,2000-12-03,2000,12,3,0.0039170379132296
Dong Thap,2000-12-04,2000,12,4,0.0
Dong Thap,2000-12-05,2000,12,5,0.0196976152398512
Dong Thap,2000-12-06,2000,12,6,34.876129352021216
Dong Thap,2000-12-07,2000,12,7,16.66768552072469
Dong Thap,2000-12-08,2000,12,8,0.4410775871078847
Dong Thap,2000-12-09,2000,12,9,0.0
Dong Thap,2000-12-10,2000,12,10,0.0
Dong Thap,2000-12-11,2000,12,11,16.687481335752906
Dong Thap,2000-12-12,2000,12,12,0.0390156180728231
Dong Thap,2000-12-13,2000,12,13,0.0
Dong Thap,2000-12-14,2000,12,14,14.027782096542516
Dong Thap,2000-12-15,2000,12,15,3.873367346006642
Dong Thap,2000-12-16,2000,12,16,0.0
Dong Thap,2000-12-17,2000,12,17,5.132577334952671
Dong Thap,2000-12-18,2000,12,18,6.274483958095655
Dong Thap,2000-12-19,2000,12,19,6.132766590357528
Dong Thap,2000-12-20,2000,12,20,6.2000943941000966
Dong Thap,2000-12-21,2000,12,21,0.1448894827874955
Dong Thap,2000-12-22,2000,12,22,0.0
Dong Thap,2000-12-23,2000,12,23,0.0
Dong Thap,2000-12-24,2000,12,24,1.7972053979188094
Dong Thap,2000-12-25,2000,12,25,13.06470103359341
Dong Thap,2000-12-26,2000,12,26,14.419134348475364
Dong Thap,2000-12-27,2000,12,27,7.075650907547422
Dong Thap,2000-12-28,2000,12,28,4.421007503883243
Dong Thap,2000-12-29,2000,12,29,0.4460469483314847
Dong Thap,2000-12-30,2000,12,30,0.0
Dong Thap,2000-12-31,2000,12,31,0.0
Dong Thap,2001-01-01,2001,1,1,0.0
Dong Thap,2001-01-02,2001,1,2,0.0
Dong Thap,2001-01-03,2001,1,3,0.0
Dong Thap,2001-01-04,2001,1,4,0.0
Dong Thap,2001-01-05,2001,1,5,0.0
Dong Thap,2001-01-06,2001,1,6,0.0
Dong Thap,2001-01-07,2001,1,7,0.0
Dong Thap,2001-01-08,2001,1,8,0.4869312977463526
Dong Thap,2001-01-09,2001,1,9,0.0
Dong Thap,2001-01-10,2001,1,10,1.4175663079118843
Dong Thap,2001-01-11,2001,1,11,3.501545755824508
Dong Thap,2001-01-12,2001,1,12,0.1693781808454864
Dong Thap,2001-01-13,2001,1,13,0.7709556056585118
Dong Thap,2001-01-14,2001,1,14,0.4837463533855332
Dong Thap,2001-01-15,2001,1,15,0.0939572643660243
Dong Thap,2001-01-16,2001,1,16,0.0184066899988097
Dong Thap,2001-01-17,2001,1,17,9.488403118485786
Dong Thap,2001-01-18,2001,1,18,0.0
Dong Thap,2001-01-19,2001,1,19,0.0
Dong Thap,2001-01-20,2001,1,20,0.0
Dong Thap,2001-01-21,2001,1,21,0.0
Dong Thap,2001-01-22,2001,1,22,0.0
Dong Thap,2001-01-23,2001,1,23,0.0
Dong Thap,2001-01-24,2001,1,24,0.0
Dong Thap,2001-01-25,2001,1,25,0.0
Dong Thap,2001-01-26,2001,1,26,0.0
Dong Thap,2001-01-27,2001,1,27,0.0
Dong Thap,2001-01-28,2001,1,28,0.0176137546333077
Dong Thap,2001-01-29,2001,1,29,0.0
Dong Thap,2001-01-30,2001,1,30,0.0
Dong Thap,2001-01-31,2001,1,31,3.0228737634556984
Dong Thap,2001-02-01,2001,2,1,2.3484104222820705
Dong Thap,2001-02-02,2001,2,2,0.0
Dong Thap,2001-02-03,2001,2,3,0.0
Dong Thap,2001-02-04,2001,2,4,0.0
Dong Thap,2001-02-05,2001,2,5,0.0
Dong Thap,2001-02-06,2001,2,6,0.0
Dong Thap,2001-02-07,2001,2,7,0.0
Dong Thap,2001-02-08,2001,2,8,0.0
Dong Thap,2001-02-09,2001,2,9,4.073845541930965
Dong Thap,2001-02-10,2001,2,10,1.7230356387491388
Dong Thap,2001-02-11,2001,2,11,1.0171348402153635
Dong Thap,2001-02-12,2001,2,12,0.0
Dong Thap,2001-02-13,2001,2,13,4.053058041617636
Dong Thap,2001-02-14,2001,2,14,0.0
Dong Thap,2001-02-15,2001,2,15,0.0
Dong Thap,2001-02-16,2001,2,16,0.0
Dong Thap,2001-02-17,2001,2,17,0.0
Dong Thap,2001-02-18,2001,2,18,0.0
Dong Thap,2001-02-19,2001,2,19,0.0
Dong Thap,2001-02-20,2001,2,20,0.0
Dong Thap,2001-02-21,2001,2,21,0.0
Dong Thap,2001-02-22,2001,2,22,0.0
Dong Thap,2001-02-23,2001,2,23,0.0
Dong Thap,2001-02-24,2001,2,24,0.0
Dong Thap,2001-02-25,2001,2,25,0.0
Dong Thap,2001-02-26,2001,2,26,0.0057997827441183
Dong Thap,2001-02-27,2001,2,27,0.0
Dong Thap,2001-02-28,2001,2,28,0.0
Dong Thap,2001-03-01,2001,3,1,0.0
Dong Thap,2001-03-02,2001,3,2,0.0
Dong Thap,2001-03-03,2001,3,3,0.0
Dong Thap,2001-03-04,2001,3,4,0.0
Dong Thap,2001-03-05,2001,3,5,0.0
Dong Thap,2001-03-06,2001,3,6,3.0578883941248742
Dong Thap,2001-03-07,2001,3,7,0.0
Dong Thap,2001-03-08,2001,3,8,0.0
Dong Thap,2001-03-09,2001,3,9,0.0
Dong Thap,2001-03-10,2001,3,10,0.0
Dong Thap,2001-03-11,2001,3,11,1.91285362293289
Dong Thap,2001-03-12,2001,3,12,3.6774521403729783
Dong Thap,2001-03-13,2001,3,13,0.0
Dong Thap,2001-03-14,2001,3,14,0.1055348007849941
Dong Thap,2001-03-15,2001,3,15,0.0
Dong Thap,2001-03-16,2001,3,16,0.0
Dong Thap,2001-03-17,2001,3,17,23.27568722972259
Dong Thap,2001-03-18,2001,3,18,10.534624096850616
Dong Thap,2001-03-19,2001,3,19,7.019170078021854
Dong Thap,2001-03-20,2001,3,20,0.0
Dong Thap,2001-03-21,2001,3,21,0.0
Dong Thap,2001-03-22,2001,3,22,6.761197545204079
Dong Thap,2001-03-23,2001,3,23,0.0
Dong Thap,2001-03-24,2001,3,24,0.0257155146996721
Dong Thap,2001-03-25,2001,3,25,1.578564912824639
Dong Thap,2001-03-26,2001,3,26,11.13338921456643
Dong Thap,2001-03-27,2001,3,27,4.777930543445419
Dong Thap,2001-03-28,2001,3,28,15.420799021375185
Dong Thap,2001-03-29,2001,3,29,9.16448020327786
Dong Thap,2001-03-30,2001,3,30,5.63360855155097
Dong Thap,2001-03-31,2001,3,31,3.4129649822149832
Dong Thap,2001-04-01,2001,4,1,7.09065651019901
Dong Thap,2001-04-02,2001,4,2,1.3203689937340524
Dong Thap,2001-04-03,2001,4,3,11.904591425391096
Dong Thap,2001-04-04,2001,4,4,0.0688951411619461
Dong Thap,2001-04-05,2001,4,5,0.0
Dong Thap,2001-04-06,2001,4,6,0.0
Dong Thap,2001-04-07,2001,4,7,0.0
Dong Thap,2001-04-08,2001,4,8,0.0
Dong Thap,2001-04-09,2001,4,9,0.0
Dong Thap,2001-04-10,2001,4,10,0.0429339061755562
Dong Thap,2001-04-11,2001,4,11,5.61353588757505
Dong Thap,2001-04-12,2001,4,12,0.271496021912594
Dong Thap,2001-04-13,2001,4,13,0.0177775837002575
Dong Thap,2001-04-14,2001,4,14,7.47106625131936
Dong Thap,2001-04-15,2001,4,15,0.8749185967383155
Dong Thap,2001-04-16,2001,4,16,3.229386767160737
Dong Thap,2001-04-17,2001,4,17,1.3925320173719176
Dong Thap,2001-04-18,2001,4,18,0.0
Dong Thap,2001-04-19,2001,4,19,5.209629777265237
Dong Thap,2001-04-20,2001,4,20,0.0
Dong Thap,2001-04-21,2001,4,21,0.2168335117922094
Dong Thap,2001-04-22,2001,4,22,0.0
Dong Thap,2001-04-23,2001,4,23,1.3279160873667295
Dong Thap,2001-04-24,2001,4,24,6.879619041551177
Dong Thap,2001-04-25,2001,4,25,0.0910061240831902
Dong Thap,2001-04-26,2001,4,26,0.0
Dong Thap,2001-04-27,2001,4,27,7.872026068602446
Dong Thap,2001-04-28,2001,4,28,12.208026756024664
Dong Thap,2001-04-29,2001,4,29,7.938902156948636
Dong Thap,2001-04-30,2001,4,30,0.2675746324410209
Dong Thap,2001-05-01,2001,5,1,0.1168050802001504
Dong Thap,2001-05-02,2001,5,2,0.0
Dong Thap,2001-05-03,2001,5,3,0.074383398607992
Dong Thap,2001-05-04,2001,5,4,0.78877539433571
Dong Thap,2001-05-05,2001,5,5,0.0003062975982811436
Dong Thap,2001-05-06,2001,5,6,0.1376347038848399
Dong Thap,2001-05-07,2001,5,7,2.265640925992189
Dong Thap,2001-05-08,2001,5,8,0.0
Dong Thap,2001-05-09,2001,5,9,0.0
Dong Thap,2001-05-10,2001,5,10,0.4546314012424079
Dong Thap,2001-05-11,2001,5,11,7.6143677589815955
Dong Thap,2001-05-12,2001,5,12,16.689200018616468
Dong Thap,2001-05-13,2001,5,13,10.2162989247324
Dong Thap,2001-05-14,2001,5,14,15.59123939712598
Dong Thap,2001-05-15,2001,5,15,15.873823533367606
Dong Thap,2001-05-16,2001,5,16,15.884250344482432
Dong Thap,2001-05-17,2001,5,17,0.0
Dong Thap,2001-05-18,2001,5,18,2.391937139206308
Dong Thap,2001-05-19,2001,5,19,3.929684422374284
Dong Thap,2001-05-20,2001,5,20,0.0856133223066855
Dong Thap,2001-05-21,2001,5,21,0.0821002710696004
Dong Thap,2001-05-22,2001,5,22,3.016327161055343
Dong Thap,2001-05-23,2001,5,23,3.577943469171813
Dong Thap,2001-05-24,2001,5,24,0.3838131377046166
Dong Thap,2001-05-25,2001,5,25,6.281879555991046
Dong Thap,2001-05-26,2001,5,26,8.170833564978594
Dong Thap,2001-05-27,2001,5,27,14.334222971378658
Dong Thap,2001-05-28,2001,5,28,9.66322494150966
Dong Thap,2001-05-29,2001,5,29,0.7697936882703837
Dong Thap,2001-05-30,2001,5,30,0.5107967160795992
Dong Thap,2001-05-31,2001,5,31,0.0
Dong Thap,2001-06-01,2001,6,1,4.16273055519272
Dong Thap,2001-06-02,2001,6,2,3.0026433837367787
Dong Thap,2001-06-03,2001,6,3,9.675999763508566
Dong Thap,2001-06-04,2001,6,4,7.567132375801339
Dong Thap,2001-06-05,2001,6,5,7.709356681861543
Dong Thap,2001-06-06,2001,6,6,12.09884382714374
Dong Thap,2001-06-07,2001,6,7,9.371859231962482
Dong Thap,2001-06-08,2001,6,8,6.363477966697245
Dong Thap,2001-06-09,2001,6,9,0.7505716331250708
Dong Thap,2001-06-10,2001,6,10,6.495295594785118
Dong Thap,2001-06-11,2001,6,11,6.857472314865968
Dong Thap,2001-06-12,2001,6,12,1.1272619076602333
Dong Thap,2001-06-13,2001,6,13,2.358372933393382
Dong Thap,2001-06-14,2001,6,14,13.083761741156366
Dong Thap,2001-06-15,2001,6,15,1.7135934180376986
Dong Thap,2001-06-16,2001,6,16,8.442567389663823
Dong Thap,2001-06-17,2001,6,17,3.778052871118251
Dong Thap,2001-06-18,2001,6,18,12.339650534341898
Dong Thap,2001-06-19,2001,6,19,2.3217220048745357
Dong Thap,2001-06-20,2001,6,20,6.03923900244537
Dong Thap,2001-06-21,2001,6,21,9.660139538092432
Dong Thap,2001-06-22,2001,6,22,5.984088639722596
Dong Thap,2001-06-23,2001,6,23,8.879050366585554
Dong Thap,2001-06-24,2001,6,24,9.847241652473071
Dong Thap,2001-06-25,2001,6,25,3.6495702626728415
Dong Thap,2001-06-26,2001,6,26,2.577399472909528
Dong Thap,2001-06-27,2001,6,27,9.046522697786743
Dong Thap,2001-06-28,2001,6,28,10.139284502724168
Dong Thap,2001-06-29,2001,6,29,0.9298161536164364
Dong Thap,2001-06-30,2001,6,30,4.216741652196026
Dong Thap,2001-07-01,2001,7,1,11.791845481750611
Dong Thap,2001-07-02,2001,7,2,12.639654796133511
Dong Thap,2001-07-03,2001,7,3,3.3212196183956637
Dong Thap,2001-07-04,2001,7,4,6.156147401112937
Dong Thap,2001-07-05,2001,7,5,0.4345778784217383
Dong Thap,2001-07-06,2001,7,6,4.495011372640067
Dong Thap,2001-07-07,2001,7,7,2.7714560413430918
Dong Thap,2001-07-08,2001,7,8,12.291604437659268
Dong Thap,2001-07-09,2001,7,9,0.0
Dong Thap,2001-07-10,2001,7,10,0.1886080675366407
Dong Thap,2001-07-11,2001,7,11,1.9775728056266888
Dong Thap,2001-07-12,2001,7,12,0.4878895776542859
Dong Thap,2001-07-13,2001,7,13,0.0
Dong Thap,2001-07-14,2001,7,14,2.8478643652571543
Dong Thap,2001-07-15,2001,7,15,0.921040832952412
Dong Thap,2001-07-16,2001,7,16,0.3270966237009802
Dong Thap,2001-07-17,2001,7,17,0.8732639079850517
Dong Thap,2001-07-18,2001,7,18,0.0
Dong Thap,2001-07-19,2001,7,19,0.0226344781679876
Dong Thap,2001-07-20,2001,7,20,3.745515398584797
Dong Thap,2001-07-21,2001,7,21,7.593448017706315
Dong Thap,2001-07-22,2001,7,22,0.6971179044534753
Dong Thap,2001-07-23,2001,7,23,0.0
Dong Thap,2001-07-24,2001,7,24,0.2124939248868605
Dong Thap,2001-07-25,2001,7,25,0.0086525740038112
Dong Thap,2001-07-26,2001,7,26,4.86202427934215
Dong Thap,2001-07-27,2001,7,27,0.0
Dong Thap,2001-07-28,2001,7,28,2.718217395643325
Dong Thap,2001-07-29,2001,7,29,7.470162273616454
Dong Thap,2001-07-30,2001,7,30,0.4322205561073506
Dong Thap,2001-07-31,2001,7,31,2.801634300348843
Dong Thap,2001-08-01,2001,8,1,1.2786327410182468
Dong Thap,2001-08-02,2001,8,2,1.6110739055365848
Dong Thap,2001-08-03,2001,8,3,7.150379877046363
Dong Thap,2001-08-04,2001,8,4,11.847406697754742
Dong Thap,2001-08-05,2001,8,5,8.718978390026608
Dong Thap,2001-08-06,2001,8,6,5.9828558227887125
Dong Thap,2001-08-07,2001,8,7,5.535126376742403
Dong Thap,2001-08-08,2001,8,8,0.8140765074019205
Dong Thap,2001-08-09,2001,8,9,11.221866690993492
Dong Thap,2001-08-10,2001,8,10,2.7922229377697825
Dong Thap,2001-08-11,2001,8,11,0.2344673010316704
Dong Thap,2001-08-12,2001,8,12,4.747121820651083
Dong Thap,2001-08-13,2001,8,13,6.854531855040297
Dong Thap,2001-08-14,2001,8,14,9.057972472650489
Dong Thap,2001-08-15,2001,8,15,8.067428080462694
Dong Thap,2001-08-16,2001,8,16,6.202825849515279
Dong Thap,2001-08-17,2001,8,17,0.5883059473245461
Dong Thap,2001-08-18,2001,8,18,1.634997407622366
Dong Thap,2001-08-19,2001,8,19,1.1307438978004376
Dong Thap,2001-08-20,2001,8,20,10.590203227823974
Dong Thap,2001-08-21,2001,8,21,3.981289657614304
Dong Thap,2001-08-22,2001,8,22,12.591182517293952
Dong Thap,2001-08-23,2001,8,23,0.8989276445071548
Dong Thap,2001-08-24,2001,8,24,15.838062610030036
Dong Thap,2001-08-25,2001,8,25,4.714311633503351
Dong Thap,2001-08-26,2001,8,26,10.762366218633977
Dong Thap,2001-08-27,2001,8,27,8.832840236495997
Dong Thap,2001-08-28,2001,8,28,7.646411707402896
Dong Thap,2001-08-29,2001,8,29,5.682756722419741
Dong Thap,2001-08-30,2001,8,30,11.00015205422144
Dong Thap,2001-08-31,2001,8,31,0.0065180696487859
Dong Thap,2001-09-01,2001,9,1,0.0
Dong Thap,2001-09-02,2001,9,2,0.0
Dong Thap,2001-09-03,2001,9,3,11.865205058617086
Dong Thap,2001-09-04,2001,9,4,8.428233225653438
Dong Thap,2001-09-05,2001,9,5,3.44889244159279
Dong Thap,2001-09-06,2001,9,6,1.4765263108005318
Dong Thap,2001-09-07,2001,9,7,0.636986368914188
Dong Thap,2001-09-08,2001,9,8,4.435267381851893
Dong Thap,2001-09-09,2001,9,9,9.431919306962971
Dong Thap,2001-09-10,2001,9,10,6.8974552331583165
Dong Thap,2001-09-11,2001,9,11,4.46972474566062
Dong Thap,2001-09-12,2001,9,12,1.76709446265012
Dong Thap,2001-09-13,2001,9,13,0.1715551396738462
Dong Thap,2001-09-14,2001,9,14,0.5001902532247504
Dong Thap,2001-09-15,2001,9,15,10.15827393688689
Dong Thap,2001-09-16,2001,9,16,6.508038033588635
Dong Thap,2001-09-17,2001,9,17,3.590737928351712
Dong Thap,2001-09-18,2001,9,18,0.0
Dong Thap,2001-09-19,2001,9,19,0.3384160546994625
Dong Thap,2001-09-20,2001,9,20,2.54543378498783
Dong Thap,2001-09-21,2001,9,21,12.131410603136974
Dong Thap,2001-09-22,2001,9,22,9.588818337808044
Dong Thap,2001-09-23,2001,9,23,6.238222086283526
Dong Thap,2001-09-24,2001,9,24,9.309686056226454
Dong Thap,2001-09-25,2001,9,25,7.381066902765264
Dong Thap,2001-09-26,2001,9,26,3.4694306681709044
Dong Thap,2001-09-27,2001,9,27,14.95278205121215
Dong Thap,2001-09-28,2001,9,28,12.07839282720246
Dong Thap,2001-09-29,2001,9,29,5.56601591851534
Dong Thap,2001-09-30,2001,9,30,21.47731367330418
Dong Thap,2001-10-01,2001,10,1,19.9463939659174
Dong Thap,2001-10-02,2001,10,2,4.70995618070581
Dong Thap,2001-10-03,2001,10,3,5.231358866748932
Dong Thap,2001-10-04,2001,10,4,12.229255908466609
Dong Thap,2001-10-05,2001,10,5,7.150752841608035
Dong Thap,2001-10-06,2001,10,6,1.4255061197137513
Dong Thap,2001-10-07,2001,10,7,4.678525864401721
Dong Thap,2001-10-08,2001,10,8,13.75250378142199
Dong Thap,2001-10-09,2001,10,9,1.6024364761235568
Dong Thap,2001-10-10,2001,10,10,11.084395919834533
Dong Thap,2001-10-11,2001,10,11,6.4696919458751525
Dong Thap,2001-10-12,2001,10,12,4.267369934672368
Dong Thap,2001-10-13,2001,10,13,10.029735845261104
Dong Thap,2001-10-14,2001,10,14,4.786919142698412
Dong Thap,2001-10-15,2001,10,15,14.666430171314534
Dong Thap,2001-10-16,2001,10,16,2.8863988285679265
Dong Thap,2001-10-17,2001,10,17,7.891330490780163
Dong Thap,2001-10-18,2001,10,18,9.96261710460721
Dong Thap,2001-10-19,2001,10,19,4.820371379069466
Dong Thap,2001-10-20,2001,10,20,8.66523055345773
Dong Thap,2001-10-21,2001,10,21,15.50954773159883
Dong Thap,2001-10-22,2001,10,22,11.8863071266123
Dong Thap,2001-10-23,2001,10,23,0.3584760883267244
Dong Thap,2001-10-24,2001,10,24,13.441185172315022
Dong Thap,2001-10-25,2001,10,25,6.362194236340043
Dong Thap,2001-10-26,2001,10,26,7.0435546478068485
Dong Thap,2001-10-27,2001,10,27,6.025611099659624
Dong Thap,2001-10-28,2001,10,28,6.59257120946272
Dong Thap,2001-10-29,2001,10,29,10.40971830289786
Dong Thap,2001-10-30,2001,10,30,7.073955381162748
Dong Thap,2001-10-31,2001,10,31,2.337711000269384
Dong Thap,2001-11-01,2001,11,1,10.159985009913056
Dong Thap,2001-11-02,2001,11,2,1.7452302966727558
Dong Thap,2001-11-03,2001,11,3,3.452506922264879
Dong Thap,2001-11-04,2001,11,4,6.534319184664723
Dong Thap,2001-11-05,2001,11,5,1.1347838639604384
Dong Thap,2001-11-06,2001,11,6,1.6753487502410072
Dong Thap,2001-11-07,2001,11,7,0.0
Dong Thap,2001-11-08,2001,11,8,2.8002430137651757
Dong Thap,2001-11-09,2001,11,9,0.5272134101719494
Dong Thap,2001-11-10,2001,11,10,8.38495885534624
Dong Thap,2001-11-11,2001,11,11,23.26636136503264
Dong Thap,2001-11-12,2001,11,12,4.855254296613219
Dong Thap,2001-11-13,2001,11,13,0.0
Dong Thap,2001-11-14,2001,11,14,0.0149752706498928
Dong Thap,2001-11-15,2001,11,15,0.0
Dong Thap,2001-11-16,2001,11,16,0.0
Dong Thap,2001-11-17,2001,11,17,2.4225553952754275
Dong Thap,2001-11-18,2001,11,18,0.9288507955081609
Dong Thap,2001-11-19,2001,11,19,1.3046162185135108
Dong Thap,2001-11-20,2001,11,20,0.5019348230114024
Dong Thap,2001-11-21,2001,11,21,0.269762513945642
Dong Thap,2001-11-22,2001,11,22,0.0
Dong Thap,2001-11-23,2001,11,23,0.0
Dong Thap,2001-11-24,2001,11,24,7.659653255572681
Dong Thap,2001-11-25,2001,11,25,0.0
Dong Thap,2001-11-26,2001,11,26,0.0
Dong Thap,2001-11-27,2001,11,27,0.0
Dong Thap,2001-11-28,2001,11,28,0.0
Dong Thap,2001-11-29,2001,11,29,0.0
Dong Thap,2001-11-30,2001,11,30,0.2977628124518974
Dong Thap,2001-12-01,2001,12,1,0.0506562810447823
Dong Thap,2001-12-02,2001,12,2,0.0
Dong Thap,2001-12-03,2001,12,3,0.0
Dong Thap,2001-12-04,2001,12,4,0.0
Dong Thap,2001-12-05,2001,12,5,9.01440626143435
Dong Thap,2001-12-06,2001,12,6,0.0005818663512819174
Dong Thap,2001-12-07,2001,12,7,0.0
Dong Thap,2001-12-08,2001,12,8,0.0
Dong Thap,2001-12-09,2001,12,9,0.0
Dong Thap,2001-12-10,2001,12,10,0.0
Dong Thap,2001-12-11,2001,12,11,0.0
Dong Thap,2001-12-12,2001,12,12,4.525998260108201
Dong Thap,2001-12-13,2001,12,13,1.0934179123496963
Dong Thap,2001-12-14,2001,12,14,0.0
Dong Thap,2001-12-15,2001,12,15,1.208854159760805
Dong Thap,2001-12-16,2001,12,16,0.0
Dong Thap,2001-12-17,2001,12,17,0.109052287530055
Dong Thap,2001-12-18,2001,12,18,0.0
Dong Thap,2001-12-19,2001,12,19,0.0
Dong Thap,2001-12-20,2001,12,20,0.2916655712571845
Dong Thap,2001-12-21,2001,12,21,0.0
Dong Thap,2001-12-22,2001,12,22,0.0
Dong Thap,2001-12-23,2001,12,23,0.0
Dong Thap,2001-12-24,2001,12,24,0.0
Dong Thap,2001-12-25,2001,12,25,0.0
Dong Thap,2001-12-26,2001,12,26,0.0
Dong Thap,2001-12-27,2001,12,27,0.0
Dong Thap,2001-12-28,2001,12,28,0.0
Dong Thap,2001-12-29,2001,12,29,0.0
Dong Thap,2001-12-30,2001,12,30,0.0
Dong Thap,2001-12-31,2001,12,31,0.0
Dong Thap,2002-01-01,2002,1,1,0.0
Dong Thap,2002-01-02,2002,1,2,0.0
Dong Thap,2002-01-03,2002,1,3,0.0
Dong Thap,2002-01-04,2002,1,4,0.0
Dong Thap,2002-01-05,2002,1,5,0.0
Dong Thap,2002-01-06,2002,1,6,0.0
Dong Thap,2002-01-07,2002,1,7,0.0
Dong Thap,2002-01-08,2002,1,8,0.0
Dong Thap,2002-01-09,2002,1,9,0.0
Dong Thap,2002-01-10,2002,1,10,0.0
Dong Thap,2002-01-11,2002,1,11,0.0
Dong Thap,2002-01-12,2002,1,12,0.0
Dong Thap,2002-01-13,2002,1,13,0.0
Dong Thap,2002-01-14,2002,1,14,0.0
Dong Thap,2002-01-15,2002,1,15,0.0
Dong Thap,2002-01-16,2002,1,16,0.0097029150776617
Dong Thap,2002-01-17,2002,1,17,0.0
Dong Thap,2002-01-18,2002,1,18,0.0145543718354242
Dong Thap,2002-01-19,2002,1,19,0.0
Dong Thap,2002-01-20,2002,1,20,2.551546215909609
Dong Thap,2002-01-21,2002,1,21,0.0
Dong Thap,2002-01-22,2002,1,22,0.0
Dong Thap,2002-01-23,2002,1,23,0.0
Dong Thap,2002-01-24,2002,1,24,0.0
Dong Thap,2002-01-25,2002,1,25,0.1883688138264064
Dong Thap,2002-01-26,2002,1,26,0.0
Dong Thap,2002-01-27,2002,1,27,0.0
Dong Thap,2002-01-28,2002,1,28,0.0
Dong Thap,2002-01-29,2002,1,29,0.0
Dong Thap,2002-01-30,2002,1,30,3.546729106392642
Dong Thap,2002-01-31,2002,1,31,0.0
Dong Thap,2002-02-01,2002,2,1,0.0
Dong Thap,2002-02-02,2002,2,2,0.0
Dong Thap,2002-02-03,2002,2,3,0.0
Dong Thap,2002-02-04,2002,2,4,0.0185804787219341
Dong Thap,2002-02-05,2002,2,5,0.0185804787219341
Dong Thap,2002-02-06,2002,2,6,0.0
Dong Thap,2002-02-07,2002,2,7,1.436652323631356
Dong Thap,2002-02-08,2002,2,8,0.0
Dong Thap,2002-02-09,2002,2,9,0.2833520864409763
Dong Thap,2002-02-10,2002,2,10,0.0574456658429885
Dong Thap,2002-02-11,2002,2,11,0.0
Dong Thap,2002-02-12,2002,2,12,0.0
Dong Thap,2002-02-13,2002,2,13,0.0
Dong Thap,2002-02-14,2002,2,14,0.0
Dong Thap,2002-02-15,2002,2,15,0.0
Dong Thap,2002-02-16,2002,2,16,0.0
Dong Thap,2002-02-17,2002,2,17,0.0
Dong Thap,2002-02-18,2002,2,18,0.0
Dong Thap,2002-02-19,2002,2,19,0.0
Dong Thap,2002-02-20,2002,2,20,0.0
Dong Thap,2002-02-21,2002,2,21,0.0345431871260811
Dong Thap,2002-02-22,2002,2,22,0.0690863742521622
Dong Thap,2002-02-23,2002,2,23,0.0
Dong Thap,2002-02-24,2002,2,24,0.0
Dong Thap,2002-02-25,2002,2,25,0.0
Dong Thap,2002-02-26,2002,2,26,0.0
Dong Thap,2002-02-27,2002,2,27,0.0
Dong Thap,2002-02-28,2002,2,28,0.0
Dong Thap,2002-03-01,2002,3,1,0.0
Dong Thap,2002-03-02,2002,3,2,0.0
Dong Thap,2002-03-03,2002,3,3,0.0
Dong Thap,2002-03-04,2002,3,4,0.0
Dong Thap,2002-03-05,2002,3,5,0.0
Dong Thap,2002-03-06,2002,3,6,0.0
Dong Thap,2002-03-07,2002,3,7,0.0
Dong Thap,2002-03-08,2002,3,8,0.0
Dong Thap,2002-03-09,2002,3,9,0.0
Dong Thap,2002-03-10,2002,3,10,0.0
Dong Thap,2002-03-11,2002,3,11,0.0
Dong Thap,2002-03-12,2002,3,12,0.0
Dong Thap,2002-03-13,2002,3,13,0.0
Dong Thap,2002-03-14,2002,3,14,0.0
Dong Thap,2002-03-15,2002,3,15,0.0
Dong Thap,2002-03-16,2002,3,16,0.0
Dong Thap,2002-03-17,2002,3,17,0.0
Dong Thap,2002-03-18,2002,3,18,0.0
Dong Thap,2002-03-19,2002,3,19,0.0
Dong Thap,2002-03-20,2002,3,20,0.0
Dong Thap,2002-03-21,2002,3,21,1.499242596343474
Dong Thap,2002-03-22,2002,3,22,0.7575140375959266
Dong Thap,2002-03-23,2002,3,23,0.0
Dong Thap,2002-03-24,2002,3,24,3.084072623997824
Dong Thap,2002-03-25,2002,3,25,1.2435893352363876
Dong Thap,2002-03-26,2002,3,26,0.0
Dong Thap,2002-03-27,2002,3,27,0.0
Dong Thap,2002-03-28,2002,3,28,0.0
Dong Thap,2002-03-29,2002,3,29,0.4383380654020077
Dong Thap,2002-03-30,2002,3,30,0.0
Dong Thap,2002-03-31,2002,3,31,0.0
Dong Thap,2002-04-01,2002,4,1,0.0
Dong Thap,2002-04-02,2002,4,2,0.0
Dong Thap,2002-04-03,2002,4,3,0.0
Dong Thap,2002-04-04,2002,4,4,0.0
Dong Thap,2002-04-05,2002,4,5,0.0
Dong Thap,2002-04-06,2002,4,6,0.0
Dong Thap,2002-04-07,2002,4,7,0.038127637085986
Dong Thap,2002-04-08,2002,4,8,0.0
Dong Thap,2002-04-09,2002,4,9,4.014797895200024
Dong Thap,2002-04-10,2002,4,10,4.502319015449262
Dong Thap,2002-04-11,2002,4,11,0.0
Dong Thap,2002-04-12,2002,4,12,0.0
Dong Thap,2002-04-13,2002,4,13,0.0
Dong Thap,2002-04-14,2002,4,14,1.8213179687442536
Dong Thap,2002-04-15,2002,4,15,1.8955243852759576
Dong Thap,2002-04-16,2002,4,16,0.1127388810513645
Dong Thap,2002-04-17,2002,4,17,1.8541599836091425
Dong Thap,2002-04-18,2002,4,18,0.932406468176168
Dong Thap,2002-04-19,2002,4,19,0.0
Dong Thap,2002-04-20,2002,4,20,0.6496065395176476
Dong Thap,2002-04-21,2002,4,21,10.075202346449942
Dong Thap,2002-04-22,2002,4,22,0.6890979829439369
Dong Thap,2002-04-23,2002,4,23,5.592334876883885
Dong Thap,2002-04-24,2002,4,24,10.160288298376186
Dong Thap,2002-04-25,2002,4,25,3.628928251282168
Dong Thap,2002-04-26,2002,4,26,0.9759440493131942
Dong Thap,2002-04-27,2002,4,27,2.7697853124483864
Dong Thap,2002-04-28,2002,4,28,0.1367207143125226
Dong Thap,2002-04-29,2002,4,29,0.9669642589288092
Dong Thap,2002-04-30,2002,4,30,0.0
Dong Thap,2002-05-01,2002,5,1,2.1458010594503167
Dong Thap,2002-05-02,2002,5,2,0.0
Dong Thap,2002-05-03,2002,5,3,0.3338510574587406
Dong Thap,2002-05-04,2002,5,4,0.0
Dong Thap,2002-05-05,2002,5,5,1.5060388269860212
Dong Thap,2002-05-06,2002,5,6,1.9705333409191443
Dong Thap,2002-05-07,2002,5,7,0.124551055191703
Dong Thap,2002-05-08,2002,5,8,0.0
Dong Thap,2002-05-09,2002,5,9,0.0
Dong Thap,2002-05-10,2002,5,10,14.218138187765286
Dong Thap,2002-05-11,2002,5,11,1.7947037526477565
Dong Thap,2002-05-12,2002,5,12,3.890259472690037
Dong Thap,2002-05-13,2002,5,13,0.0919081650003165
Dong Thap,2002-05-14,2002,5,14,0.2395284037782621
Dong Thap,2002-05-15,2002,5,15,0.0845419710824514
Dong Thap,2002-05-16,2002,5,16,0.1214224797495373
Dong Thap,2002-05-17,2002,5,17,0.989235845143586
Dong Thap,2002-05-18,2002,5,18,0.9536442353641844
Dong Thap,2002-05-19,2002,5,19,1.0219546652720006
Dong Thap,2002-05-20,2002,5,20,4.818507619361055
Dong Thap,2002-05-21,2002,5,21,4.429922644056536
Dong Thap,2002-05-22,2002,5,22,2.1555528744280883
Dong Thap,2002-05-23,2002,5,23,5.285244513665679
Dong Thap,2002-05-24,2002,5,24,12.655961201632945
Dong Thap,2002-05-25,2002,5,25,13.351933772064315
Dong Thap,2002-05-26,2002,5,26,12.179689992372206
Dong Thap,2002-05-27,2002,5,27,5.884096872625312
Dong Thap,2002-05-28,2002,5,28,7.961992796556948
Dong Thap,2002-05-29,2002,5,29,0.7300073473949076
Dong Thap,2002-05-30,2002,5,30,1.972918344762608
Dong Thap,2002-05-31,2002,5,31,0.0557273213747598
Dong Thap,2002-06-01,2002,6,1,4.477908502221915
Dong Thap,2002-06-02,2002,6,2,4.182076633463431
Dong Thap,2002-06-03,2002,6,3,6.946701886000911
Dong Thap,2002-06-04,2002,6,4,7.696472457998698
Dong Thap,2002-06-05,2002,6,5,4.6657213272219575
Dong Thap,2002-06-06,2002,6,6,2.58300668654432
Dong Thap,2002-06-07,2002,6,7,4.606034539624731
Dong Thap,2002-06-08,2002,6,8,5.963831072562884
Dong Thap,2002-06-09,2002,6,9,8.82663533871261
Dong Thap,2002-06-10,2002,6,10,2.334880424446601
Dong Thap,2002-06-11,2002,6,11,3.224442469889759
Dong Thap,2002-06-12,2002,6,12,4.396606716705011
Dong Thap,2002-06-13,2002,6,13,4.522531230165784
Dong Thap,2002-06-14,2002,6,14,5.933795039105204
Dong Thap,2002-06-15,2002,6,15,7.757465642184819
Dong Thap,2002-06-16,2002,6,16,8.617599674747566
Dong Thap,2002-06-17,2002,6,17,14.569734263276732
Dong Thap,2002-06-18,2002,6,18,1.195978111262653
Dong Thap,2002-06-19,2002,6,19,16.096503441502016
Dong Thap,2002-06-20,2002,6,20,10.229981591486723
Dong Thap,2002-06-21,2002,6,21,17.026202092912964
Dong Thap,2002-06-22,2002,6,22,15.616676256449438
Dong Thap,2002-06-23,2002,6,23,0.0
Dong Thap,2002-06-24,2002,6,24,6.451066499228971
Dong Thap,2002-06-25,2002,6,25,2.9458809912218253
Dong Thap,2002-06-26,2002,6,26,0.3524336993410279
Dong Thap,2002-06-27,2002,6,27,3.703902610939646
Dong Thap,2002-06-28,2002,6,28,0.0
Dong Thap,2002-06-29,2002,6,29,2.5229641671979506
Dong Thap,2002-06-30,2002,6,30,1.306653765724417
Dong Thap,2002-07-01,2002,7,1,0.0
Dong Thap,2002-07-02,2002,7,2,0.0
Dong Thap,2002-07-03,2002,7,3,2.7970206163619027
Dong Thap,2002-07-04,2002,7,4,5.229324214686224
Dong Thap,2002-07-05,2002,7,5,1.0628151321846633
Dong Thap,2002-07-06,2002,7,6,6.260107763593418
Dong Thap,2002-07-07,2002,7,7,3.830103595378664
Dong Thap,2002-07-08,2002,7,8,3.789280348778824
Dong Thap,2002-07-09,2002,7,9,2.015143983950278
Dong Thap,2002-07-10,2002,7,10,3.255669930137038
Dong Thap,2002-07-11,2002,7,11,1.4847829969549542
Dong Thap,2002-07-12,2002,7,12,0.0021418564330971
Dong Thap,2002-07-13,2002,7,13,0.9408990712576448
Dong Thap,2002-07-14,2002,7,14,2.8645340596801803
Dong Thap,2002-07-15,2002,7,15,2.0674154110707628
Dong Thap,2002-07-16,2002,7,16,7.59310080538078
Dong Thap,2002-07-17,2002,7,17,0.0239795535660828
Dong Thap,2002-07-18,2002,7,18,2.743524856995584
Dong Thap,2002-07-19,2002,7,19,0.0
Dong Thap,2002-07-20,2002,7,20,0.7078349755306427
Dong Thap,2002-07-21,2002,7,21,0.8425766674567976
Dong Thap,2002-07-22,2002,7,22,0.0
Dong Thap,2002-07-23,2002,7,23,0.0
Dong Thap,2002-07-24,2002,7,24,1.738340203600633
Dong Thap,2002-07-25,2002,7,25,0.0016144670703282
Dong Thap,2002-07-26,2002,7,26,0.0
Dong Thap,2002-07-27,2002,7,27,9.393408435040756
Dong Thap,2002-07-28,2002,7,28,11.023562109088962
Dong Thap,2002-07-29,2002,7,29,5.648417419253331
Dong Thap,2002-07-30,2002,7,30,6.749106205474064
Dong Thap,2002-07-31,2002,7,31,0.0
Dong Thap,2002-08-01,2002,8,1,0.0
Dong Thap,2002-08-02,2002,8,2,4.53843939372653
Dong Thap,2002-08-03,2002,8,3,5.430694831913495
Dong Thap,2002-08-04,2002,8,4,8.220788993457019
Dong Thap,2002-08-05,2002,8,5,1.6979901215231874
Dong Thap,2002-08-06,2002,8,6,2.3541877814092027
Dong Thap,2002-08-07,2002,8,7,0.0
Dong Thap,2002-08-08,2002,8,8,0.4047900913847473
Dong Thap,2002-08-09,2002,8,9,1.9473274972586496
Dong Thap,2002-08-10,2002,8,10,0.0
Dong Thap,2002-08-11,2002,8,11,8.601114213108225
Dong Thap,2002-08-12,2002,8,12,12.572152874577682
Dong Thap,2002-08-13,2002,8,13,0.0028352198050031
Dong Thap,2002-08-14,2002,8,14,0.1589381397920101
Dong Thap,2002-08-15,2002,8,15,8.100290833984014
Dong Thap,2002-08-16,2002,8,16,4.360281784636026
Dong Thap,2002-08-17,2002,8,17,14.43791804804346
Dong Thap,2002-08-18,2002,8,18,14.074860739659254
Dong Thap,2002-08-19,2002,8,19,13.788444275538987
Dong Thap,2002-08-20,2002,8,20,1.2835874646760064
Dong Thap,2002-08-21,2002,8,21,0.0199516358520537
Dong Thap,2002-08-22,2002,8,22,0.0
Dong Thap,2002-08-23,2002,8,23,1.4091672175340917
Dong Thap,2002-08-24,2002,8,24,1.6961325069714863
Dong Thap,2002-08-25,2002,8,25,2.4400006227105653
Dong Thap,2002-08-26,2002,8,26,4.929562423040948
Dong Thap,2002-08-27,2002,8,27,2.5631450217260308
Dong Thap,2002-08-28,2002,8,28,3.1789159275505146
Dong Thap,2002-08-29,2002,8,29,17.632569845501237
Dong Thap,2002-08-30,2002,8,30,13.6464214069464
Dong Thap,2002-08-31,2002,8,31,9.168005522150338
Dong Thap,2002-09-01,2002,9,1,1.441448635651407
Dong Thap,2002-09-02,2002,9,2,2.027450200416264
Dong Thap,2002-09-03,2002,9,3,6.94921950719674
Dong Thap,2002-09-04,2002,9,4,1.6296019355827962
Dong Thap,2002-09-05,2002,9,5,0.245294028320414
Dong Thap,2002-09-06,2002,9,6,2.4400411003878086
Dong Thap,2002-09-07,2002,9,7,11.12695672735487
Dong Thap,2002-09-08,2002,9,8,11.087357511643727
Dong Thap,2002-09-09,2002,9,9,19.515594939079733
Dong Thap,2002-09-10,2002,9,10,10.022090039469363
Dong Thap,2002-09-11,2002,9,11,12.4076724841883
Dong Thap,2002-09-12,2002,9,12,2.9345799649900544
Dong Thap,2002-09-13,2002,9,13,0.6524157323668486
Dong Thap,2002-09-14,2002,9,14,0.8487211168556221
Dong Thap,2002-09-15,2002,9,15,0.0
Dong Thap,2002-09-16,2002,9,16,10.068603295059413
Dong Thap,2002-09-17,2002,9,17,3.623751469255709
Dong Thap,2002-09-18,2002,9,18,8.311333683617994
Dong Thap,2002-09-19,2002,9,19,1.481854560479626
Dong Thap,2002-09-20,2002,9,20,3.480036360878831
Dong Thap,2002-09-21,2002,9,21,7.223634106618679
Dong Thap,2002-09-22,2002,9,22,12.000972496805904
Dong Thap,2002-09-23,2002,9,23,3.088598421155824
Dong Thap,2002-09-24,2002,9,24,5.087567809287018
Dong Thap,2002-09-25,2002,9,25,0.0
Dong Thap,2002-09-26,2002,9,26,0.3399187905639104
Dong Thap,2002-09-27,2002,9,27,3.442677318498692
Dong Thap,2002-09-28,2002,9,28,5.612207884302425
Dong Thap,2002-09-29,2002,9,29,2.483012736239264
Dong Thap,2002-09-30,2002,9,30,0.8551625246251818
Dong Thap,2002-10-01,2002,10,1,19.331209938028973
Dong Thap,2002-10-02,2002,10,2,12.48986341120408
Dong Thap,2002-10-03,2002,10,3,16.635698389338877
Dong Thap,2002-10-04,2002,10,4,1.3318692654580897
Dong Thap,2002-10-05,2002,10,5,2.371816719933542
Dong Thap,2002-10-06,2002,10,6,13.89759271908217
Dong Thap,2002-10-07,2002,10,7,9.898490718920698
Dong Thap,2002-10-08,2002,10,8,7.866852774441794
Dong Thap,2002-10-09,2002,10,9,7.385920519755219
Dong Thap,2002-10-10,2002,10,10,4.720911021273989
Dong Thap,2002-10-11,2002,10,11,23.669726243331795
Dong Thap,2002-10-12,2002,10,12,6.743326026429817
Dong Thap,2002-10-13,2002,10,13,0.0
Dong Thap,2002-10-14,2002,10,14,0.0
Dong Thap,2002-10-15,2002,10,15,0.5020557128168542
Dong Thap,2002-10-16,2002,10,16,2.2581278983091906
Dong Thap,2002-10-17,2002,10,17,2.131519697922709
Dong Thap,2002-10-18,2002,10,18,8.615051249257279
Dong Thap,2002-10-19,2002,10,19,15.744596247908907
Dong Thap,2002-10-20,2002,10,20,10.064229929896198
Dong Thap,2002-10-21,2002,10,21,7.578163620726112
Dong Thap,2002-10-22,2002,10,22,8.653170614075384
Dong Thap,2002-10-23,2002,10,23,9.0269789626627
Dong Thap,2002-10-24,2002,10,24,10.510154466699897
Dong Thap,2002-10-25,2002,10,25,7.957322462754154
Dong Thap,2002-10-26,2002,10,26,1.0474857549183705
Dong Thap,2002-10-27,2002,10,27,0.3107656188527282
Dong Thap,2002-10-28,2002,10,28,13.371267230447952
Dong Thap,2002-10-29,2002,10,29,8.423521819164996
Dong Thap,2002-10-30,2002,10,30,5.3471846986052265
Dong Thap,2002-10-31,2002,10,31,13.257585219171595
Dong Thap,2002-11-01,2002,11,1,0.0
Dong Thap,2002-11-02,2002,11,2,9.66526684152828
Dong Thap,2002-11-03,2002,11,3,5.399684516127643
Dong Thap,2002-11-04,2002,11,4,0.0
Dong Thap,2002-11-05,2002,11,5,4.3944137040411535
Dong Thap,2002-11-06,2002,11,6,5.248914589044968
Dong Thap,2002-11-07,2002,11,7,6.060102481162544
Dong Thap,2002-11-08,2002,11,8,14.103270233772983
Dong Thap,2002-11-09,2002,11,9,7.630456256209138
Dong Thap,2002-11-10,2002,11,10,6.458033535900855
Dong Thap,2002-11-11,2002,11,11,10.876483716281976
Dong Thap,2002-11-12,2002,11,12,13.290322793390244
Dong Thap,2002-11-13,2002,11,13,0.648520542795165
Dong Thap,2002-11-14,2002,11,14,22.51904991172407
Dong Thap,2002-11-15,2002,11,15,4.620285268960042
Dong Thap,2002-11-16,2002,11,16,18.54794337053214
Dong Thap,2002-11-17,2002,11,17,4.413653803583118
Dong Thap,2002-11-18,2002,11,18,7.267651885700571
Dong Thap,2002-11-19,2002,11,19,15.912683716471127
Dong Thap,2002-11-20,2002,11,20,16.689051749851252
Dong Thap,2002-11-21,2002,11,21,44.05838970437946
Dong Thap,2002-11-22,2002,11,22,5.965906163557113
Dong Thap,2002-11-23,2002,11,23,21.590340616645136
Dong Thap,2002-11-24,2002,11,24,0.1122075382857628
Dong Thap,2002-11-25,2002,11,25,0.0
Dong Thap,2002-11-26,2002,11,26,0.016502711030126
Dong Thap,2002-11-27,2002,11,27,0.0
Dong Thap,2002-11-28,2002,11,28,2.0511542035793804
Dong Thap,2002-11-29,2002,11,29,27.04427367859966
Dong Thap,2002-11-30,2002,11,30,10.834442285512722
Dong Thap,2002-12-01,2002,12,1,4.034386595347204
Dong Thap,2002-12-02,2002,12,2,0.0
Dong Thap,2002-12-03,2002,12,3,0.4850675161122353
Dong Thap,2002-12-04,2002,12,4,17.6075976708862
Dong Thap,2002-12-05,2002,12,5,12.13488193664092
Dong Thap,2002-12-06,2002,12,6,1.933306168423323
Dong Thap,2002-12-07,2002,12,7,1.9929956279201368
Dong Thap,2002-12-08,2002,12,8,0.991321529770434
Dong Thap,2002-12-09,2002,12,9,0.0
Dong Thap,2002-12-10,2002,12,10,0.0
Dong Thap,2002-12-11,2002,12,11,0.0
Dong Thap,2002-12-12,2002,12,12,4.193404187850055
Dong Thap,2002-12-13,2002,12,13,0.0
Dong Thap,2002-12-14,2002,12,14,0.0
Dong Thap,2002-12-15,2002,12,15,0.0
Dong Thap,2002-12-16,2002,12,16,0.3474399974273395
Dong Thap,2002-12-17,2002,12,17,0.0
Dong Thap,2002-12-18,2002,12,18,0.0
Dong Thap,2002-12-19,2002,12,19,0.0
Dong Thap,2002-12-20,2002,12,20,0.0
Dong Thap,2002-12-21,2002,12,21,0.0
Dong Thap,2002-12-22,2002,12,22,0.0
Dong Thap,2002-12-23,2002,12,23,0.0038425567227478
Dong Thap,2002-12-24,2002,12,24,6.846248325622346
Dong Thap,2002-12-25,2002,12,25,0.1830802187374288
Dong Thap,2002-12-26,2002,12,26,6.076342795856524
Dong Thap,2002-12-27,2002,12,27,3.0709242575261118
Dong Thap,2002-12-28,2002,12,28,1.5060334179253698
Dong Thap,2002-12-29,2002,12,29,7.26949281628396
Dong Thap,2002-12-30,2002,12,30,0.3345018942826236
Dong Thap,2002-12-31,2002,12,31,2.5093792781338595
Dong Thap,2003-01-01,2003,1,1,5.846564314723526
Dong Thap,2003-01-02,2003,1,2,0.153154839077909
Dong Thap,2003-01-03,2003,1,3,0.2268301753911782
Dong Thap,2003-01-04,2003,1,4,0.0629991299039737
Dong Thap,2003-01-05,2003,1,5,0.0
Dong Thap,2003-01-06,2003,1,6,0.0
Dong Thap,2003-01-07,2003,1,7,0.0
Dong Thap,2003-01-08,2003,1,8,0.0
Dong Thap,2003-01-09,2003,1,9,0.0
Dong Thap,2003-01-10,2003,1,10,0.0014035010515725
Dong Thap,2003-01-11,2003,1,11,0.0
Dong Thap,2003-01-12,2003,1,12,0.0
Dong Thap,2003-01-13,2003,1,13,0.0
Dong Thap,2003-01-14,2003,1,14,0.0
Dong Thap,2003-01-15,2003,1,15,0.0802048337241135
Dong Thap,2003-01-16,2003,1,16,0.0
Dong Thap,2003-01-17,2003,1,17,0.0
Dong Thap,2003-01-18,2003,1,18,0.0
Dong Thap,2003-01-19,2003,1,19,0.0
Dong Thap,2003-01-20,2003,1,20,0.0
Dong Thap,2003-01-21,2003,1,21,0.0
Dong Thap,2003-01-22,2003,1,22,0.0
Dong Thap,2003-01-23,2003,1,23,0.0
Dong Thap,2003-01-24,2003,1,24,0.0
Dong Thap,2003-01-25,2003,1,25,0.0
Dong Thap,2003-01-26,2003,1,26,0.0
Dong Thap,2003-01-27,2003,1,27,0.0
Dong Thap,2003-01-28,2003,1,28,0.0
Dong Thap,2003-01-29,2003,1,29,0.0
Dong Thap,2003-01-30,2003,1,30,0.0
Dong Thap,2003-01-31,2003,1,31,0.0219313698804497
Dong Thap,2003-02-01,2003,2,1,0.0
Dong Thap,2003-02-02,2003,2,2,0.0
Dong Thap,2003-02-03,2003,2,3,0.0
Dong Thap,2003-02-04,2003,2,4,0.0
Dong Thap,2003-02-05,2003,2,5,0.3767587543345372
Dong Thap,2003-02-06,2003,2,6,0.0
Dong Thap,2003-02-07,2003,2,7,0.0
Dong Thap,2003-02-08,2003,2,8,0.0
Dong Thap,2003-02-09,2003,2,9,0.0
Dong Thap,2003-02-10,2003,2,10,0.0
Dong Thap,2003-02-11,2003,2,11,0.0
Dong Thap,2003-02-12,2003,2,12,0.0
Dong Thap,2003-02-13,2003,2,13,0.0
Dong Thap,2003-02-14,2003,2,14,0.0
Dong Thap,2003-02-15,2003,2,15,0.0
Dong Thap,2003-02-16,2003,2,16,0.0
Dong Thap,2003-02-17,2003,2,17,0.0
Dong Thap,2003-02-18,2003,2,18,0.0
Dong Thap,2003-02-19,2003,2,19,0.0
Dong Thap,2003-02-20,2003,2,20,0.0283422057850982
Dong Thap,2003-02-21,2003,2,21,0.0
Dong Thap,2003-02-22,2003,2,22,0.0
Dong Thap,2003-02-23,2003,2,23,0.0
Dong Thap,2003-02-24,2003,2,24,0.0
Dong Thap,2003-02-25,2003,2,25,0.0
Dong Thap,2003-02-26,2003,2,26,0.0
Dong Thap,2003-02-27,2003,2,27,0.0
Dong Thap,2003-02-28,2003,2,28,0.0
Dong Thap,2003-03-01,2003,3,1,0.0
Dong Thap,2003-03-02,2003,3,2,0.0
Dong Thap,2003-03-03,2003,3,3,0.0
Dong Thap,2003-03-04,2003,3,4,0.0
Dong Thap,2003-03-05,2003,3,5,0.0
Dong Thap,2003-03-06,2003,3,6,0.0
Dong Thap,2003-03-07,2003,3,7,0.0
Dong Thap,2003-03-08,2003,3,8,1.0489484196093877
Dong Thap,2003-03-09,2003,3,9,0.0
Dong Thap,2003-03-10,2003,3,10,0.0
Dong Thap,2003-03-11,2003,3,11,0.0691629816391907
Dong Thap,2003-03-12,2003,3,12,0.0
Dong Thap,2003-03-13,2003,3,13,0.0
Dong Thap,2003-03-14,2003,3,14,2.3980331314456733
Dong Thap,2003-03-15,2003,3,15,0.0
Dong Thap,2003-03-16,2003,3,16,0.0
Dong Thap,2003-03-17,2003,3,17,0.0
Dong Thap,2003-03-18,2003,3,18,2.5722270891905525
Dong Thap,2003-03-19,2003,3,19,0.0
Dong Thap,2003-03-20,2003,3,20,0.1070756554968751
Dong Thap,2003-03-21,2003,3,21,0.2980484139061795
Dong Thap,2003-03-22,2003,3,22,0.4053353325753138
Dong Thap,2003-03-23,2003,3,23,0.0
Dong Thap,2003-03-24,2003,3,24,0.8812766054576285
Dong Thap,2003-03-25,2003,3,25,0.1812207414797164
Dong Thap,2003-03-26,2003,3,26,0.0973511344793569
Dong Thap,2003-03-27,2003,3,27,0.0152561398950433
Dong Thap,2003-03-28,2003,3,28,0.0006311894518084228
Dong Thap,2003-03-29,2003,3,29,0.0233968007461754
Dong Thap,2003-03-30,2003,3,30,0.3983654580826062
Dong Thap,2003-03-31,2003,3,31,1.2413149217182955
Dong Thap,2003-04-01,2003,4,1,9.168243689178093
Dong Thap,2003-04-02,2003,4,2,7.001413276318872
Dong Thap,2003-04-03,2003,4,3,0.9574325223926076
Dong Thap,2003-04-04,2003,4,4,0.0
Dong Thap,2003-04-05,2003,4,5,0.0
Dong Thap,2003-04-06,2003,4,6,0.0
Dong Thap,2003-04-07,2003,4,7,0.0
Dong Thap,2003-04-08,2003,4,8,0.0
Dong Thap,2003-04-09,2003,4,9,0.0
Dong Thap,2003-04-10,2003,4,10,0.0
Dong Thap,2003-04-11,2003,4,11,0.0
Dong Thap,2003-04-12,2003,4,12,0.0
Dong Thap,2003-04-13,2003,4,13,0.0
Dong Thap,2003-04-14,2003,4,14,0.0
Dong Thap,2003-04-15,2003,4,15,0.8861627819497132
Dong Thap,2003-04-16,2003,4,16,0.0
Dong Thap,2003-04-17,2003,4,17,0.0
Dong Thap,2003-04-18,2003,4,18,0.0631308768215919
Dong Thap,2003-04-19,2003,4,19,0.0
Dong Thap,2003-04-20,2003,4,20,0.0886109581617424
Dong Thap,2003-04-21,2003,4,21,2.464080482302052
Dong Thap,2003-04-22,2003,4,22,0.0
Dong Thap,2003-04-23,2003,4,23,0.0
Dong Thap,2003-04-24,2003,4,24,0.2368697737393693
Dong Thap,2003-04-25,2003,4,25,0.0
Dong Thap,2003-04-26,2003,4,26,0.0
Dong Thap,2003-04-27,2003,4,27,3.2948624198469725
Dong Thap,2003-04-28,2003,4,28,8.495308477347848
Dong Thap,2003-04-29,2003,4,29,5.400354000447907
Dong Thap,2003-04-30,2003,4,30,6.603048893412357
Dong Thap,2003-05-01,2003,5,1,2.178135831346039
Dong Thap,2003-05-02,2003,5,2,11.299156763709428
Dong Thap,2003-05-03,2003,5,3,12.585703741267931
Dong Thap,2003-05-04,2003,5,4,11.565011286332483
Dong Thap,2003-05-05,2003,5,5,3.6134151061200095
Dong Thap,2003-05-06,2003,5,6,0.1739483908687774
Dong Thap,2003-05-07,2003,5,7,8.07145190987561
Dong Thap,2003-05-08,2003,5,8,0.0
Dong Thap,2003-05-09,2003,5,9,14.477365536296986
Dong Thap,2003-05-10,2003,5,10,8.937267906086388
Dong Thap,2003-05-11,2003,5,11,7.099940918323429
Dong Thap,2003-05-12,2003,5,12,7.667876302830775
Dong Thap,2003-05-13,2003,5,13,18.26392195369208
Dong Thap,2003-05-14,2003,5,14,7.757408376789048
Dong Thap,2003-05-15,2003,5,15,11.01240745689259
Dong Thap,2003-05-16,2003,5,16,7.0487505668871
Dong Thap,2003-05-17,2003,5,17,0.0
Dong Thap,2003-05-18,2003,5,18,4.827007488312296
Dong Thap,2003-05-19,2003,5,19,1.1255814299775218
Dong Thap,2003-05-20,2003,5,20,7.20551906660324
Dong Thap,2003-05-21,2003,5,21,0.9224664003962094
Dong Thap,2003-05-22,2003,5,22,6.332583276240061
Dong Thap,2003-05-23,2003,5,23,7.834797711559829
Dong Thap,2003-05-24,2003,5,24,10.95549388106431
Dong Thap,2003-05-25,2003,5,25,14.715321117013328
Dong Thap,2003-05-26,2003,5,26,6.61304048801296
Dong Thap,2003-05-27,2003,5,27,3.4059957884757552
Dong Thap,2003-05-28,2003,5,28,7.627138885397851
Dong Thap,2003-05-29,2003,5,29,1.6459284682906286
Dong Thap,2003-05-30,2003,5,30,9.284065983721204
Dong Thap,2003-05-31,2003,5,31,11.01748821786506
Dong Thap,2003-06-01,2003,6,1,0.9415815427091238
Dong Thap,2003-06-02,2003,6,2,13.265568603375396
Dong Thap,2003-06-03,2003,6,3,9.846180318961045
Dong Thap,2003-06-04,2003,6,4,0.8268600446392895
Dong Thap,2003-06-05,2003,6,5,0.1132851710037116
Dong Thap,2003-06-06,2003,6,6,0.6239943010299307
Dong Thap,2003-06-07,2003,6,7,0.0
Dong Thap,2003-06-08,2003,6,8,0.2110208089061677
Dong Thap,2003-06-09,2003,6,9,0.0
Dong Thap,2003-06-10,2003,6,10,0.0
Dong Thap,2003-06-11,2003,6,11,0.0
Dong Thap,2003-06-12,2003,6,12,0.0
Dong Thap,2003-06-13,2003,6,13,0.0104652992419058
Dong Thap,2003-06-14,2003,6,14,0.0
Dong Thap,2003-06-15,2003,6,15,0.1937814337956491
Dong Thap,2003-06-16,2003,6,16,7.22061610805466
Dong Thap,2003-06-17,2003,6,17,4.371879881279576
Dong Thap,2003-06-18,2003,6,18,2.923082092498364
Dong Thap,2003-06-19,2003,6,19,14.33144032318142
Dong Thap,2003-06-20,2003,6,20,4.095252425087154
Dong Thap,2003-06-21,2003,6,21,12.274772002944768
Dong Thap,2003-06-22,2003,6,22,3.746396377902465
Dong Thap,2003-06-23,2003,6,23,0.0
Dong Thap,2003-06-24,2003,6,24,11.53808343341514
Dong Thap,2003-06-25,2003,6,25,11.744785574752775
Dong Thap,2003-06-26,2003,6,26,7.485128480221692
Dong Thap,2003-06-27,2003,6,27,0.0106193421174805
Dong Thap,2003-06-28,2003,6,28,0.9136591995887696
Dong Thap,2003-06-29,2003,6,29,11.942290478737844
Dong Thap,2003-06-30,2003,6,30,12.06758898587245
Dong Thap,2003-07-01,2003,7,1,9.265783769583413
Dong Thap,2003-07-02,2003,7,2,5.31126800189625
Dong Thap,2003-07-03,2003,7,3,4.5854162488945045
Dong Thap,2003-07-04,2003,7,4,12.482458803749468
Dong Thap,2003-07-05,2003,7,5,6.724958766458904
Dong Thap,2003-07-06,2003,7,6,1.0588237778255123
Dong Thap,2003-07-07,2003,7,7,2.4285607629043318
Dong Thap,2003-07-08,2003,7,8,1.0564914329612711
Dong Thap,2003-07-09,2003,7,9,6.849807522952594
Dong Thap,2003-07-10,2003,7,10,9.558807762350275
Dong Thap,2003-07-11,2003,7,11,15.144721040899908
Dong Thap,2003-07-12,2003,7,12,1.282902250768431
Dong Thap,2003-07-13,2003,7,13,3.1087686530594807
Dong Thap,2003-07-14,2003,7,14,3.782429698693229
Dong Thap,2003-07-15,2003,7,15,1.720754235259307
Dong Thap,2003-07-16,2003,7,16,6.775023168011643
Dong Thap,2003-07-17,2003,7,17,10.049824050340028
Dong Thap,2003-07-18,2003,7,18,10.42166432613874
Dong Thap,2003-07-19,2003,7,19,15.83087967365594
Dong Thap,2003-07-20,2003,7,20,12.39702501251282
Dong Thap,2003-07-21,2003,7,21,7.349727042859605
Dong Thap,2003-07-22,2003,7,22,12.323151773799973
Dong Thap,2003-07-23,2003,7,23,1.758120020616073
Dong Thap,2003-07-24,2003,7,24,9.696410601631914
Dong Thap,2003-07-25,2003,7,25,7.790536712587133
Dong Thap,2003-07-26,2003,7,26,0.2940909569972708
Dong Thap,2003-07-27,2003,7,27,5.863934038608879
Dong Thap,2003-07-28,2003,7,28,12.445440985027387
Dong Thap,2003-07-29,2003,7,29,4.228776230079287
Dong Thap,2003-07-30,2003,7,30,0.6004671500414601
Dong Thap,2003-07-31,2003,7,31,0.0
Dong Thap,2003-08-01,2003,8,1,6.064018030109276
Dong Thap,2003-08-02,2003,8,2,14.254502096399577
Dong Thap,2003-08-03,2003,8,3,10.226373917537938
Dong Thap,2003-08-04,2003,8,4,8.252511945560942
Dong Thap,2003-08-05,2003,8,5,0.3212769631222853
Dong Thap,2003-08-06,2003,8,6,3.4840607682485154
Dong Thap,2003-08-07,2003,8,7,4.3462667856082255
Dong Thap,2003-08-08,2003,8,8,0.0
Dong Thap,2003-08-09,2003,8,9,0.0
Dong Thap,2003-08-10,2003,8,10,0.7203849741924042
Dong Thap,2003-08-11,2003,8,11,1.085063217829516
Dong Thap,2003-08-12,2003,8,12,1.977738570380513
Dong Thap,2003-08-13,2003,8,13,2.8646132218538827
Dong Thap,2003-08-14,2003,8,14,0.0
Dong Thap,2003-08-15,2003,8,15,6.166831401739091
Dong Thap,2003-08-16,2003,8,16,8.715937248765673
Dong Thap,2003-08-17,2003,8,17,13.100345589357463
Dong Thap,2003-08-18,2003,8,18,14.828080274632978
Dong Thap,2003-08-19,2003,8,19,13.70355986316025
Dong Thap,2003-08-20,2003,8,20,5.72699656030313
Dong Thap,2003-08-21,2003,8,21,0.7748888856751429
Dong Thap,2003-08-22,2003,8,22,1.221515231160774
Dong Thap,2003-08-23,2003,8,23,2.032278107912436
Dong Thap,2003-08-24,2003,8,24,3.5341158391417933
Dong Thap,2003-08-25,2003,8,25,4.094625471926934
Dong Thap,2003-08-26,2003,8,26,0.0
Dong Thap,2003-08-27,2003,8,27,0.0
Dong Thap,2003-08-28,2003,8,28,9.30892417525282
Dong Thap,2003-08-29,2003,8,29,12.408162309167492
Dong Thap,2003-08-30,2003,8,30,0.0
Dong Thap,2003-08-31,2003,8,31,0.1166758842281075
Dong Thap,2003-09-01,2003,9,1,3.427885559195829
Dong Thap,2003-09-02,2003,9,2,0.0
Dong Thap,2003-09-03,2003,9,3,10.09420043131324
Dong Thap,2003-09-04,2003,9,4,0.0
Dong Thap,2003-09-05,2003,9,5,0.1292917964367577
Dong Thap,2003-09-06,2003,9,6,8.724692158710393
Dong Thap,2003-09-07,2003,9,7,5.4795494265761375
Dong Thap,2003-09-08,2003,9,8,3.677755050095728
Dong Thap,2003-09-09,2003,9,9,2.660242877215897
Dong Thap,2003-09-10,2003,9,10,0.00046000665673761633
Dong Thap,2003-09-11,2003,9,11,4.797590936193233
Dong Thap,2003-09-12,2003,9,12,12.354238401756062
Dong Thap,2003-09-13,2003,9,13,11.235886778384073
Dong Thap,2003-09-14,2003,9,14,7.503478747736115
Dong Thap,2003-09-15,2003,9,15,0.1616507756661361
Dong Thap,2003-09-16,2003,9,16,0.0247472361463901
Dong Thap,2003-09-17,2003,9,17,11.133764826199188
Dong Thap,2003-09-18,2003,9,18,4.502616360590844
Dong Thap,2003-09-19,2003,9,19,2.8623240292748533
Dong Thap,2003-09-20,2003,9,20,2.242417474682432
Dong Thap,2003-09-21,2003,9,21,6.522102096879025
Dong Thap,2003-09-22,2003,9,22,7.589489950191306
Dong Thap,2003-09-23,2003,9,23,0.8273067980808598
Dong Thap,2003-09-24,2003,9,24,7.138090286864587
Dong Thap,2003-09-25,2003,9,25,11.5335415223842
Dong Thap,2003-09-26,2003,9,26,6.89310017961857
Dong Thap,2003-09-27,2003,9,27,7.8789892238176975
Dong Thap,2003-09-28,2003,9,28,6.987156064379962
Dong Thap,2003-09-29,2003,9,29,24.03466772099917
Dong Thap,2003-09-30,2003,9,30,17.855911460597955
Dong Thap,2003-10-01,2003,10,1,6.588441628581517
Dong Thap,2003-10-02,2003,10,2,10.458949692210885
Dong Thap,2003-10-03,2003,10,3,5.284655059630943
Dong Thap,2003-10-04,2003,10,4,17.887382789915414
Dong Thap,2003-10-05,2003,10,5,3.6943308888094095
Dong Thap,2003-10-06,2003,10,6,8.185769847942256
Dong Thap,2003-10-07,2003,10,7,20.751007092007164
Dong Thap,2003-10-08,2003,10,8,9.807699586938286
Dong Thap,2003-10-09,2003,10,9,12.062763962638549
Dong Thap,2003-10-10,2003,10,10,0.0101171729784853
Dong Thap,2003-10-11,2003,10,11,3.670767521990759
Dong Thap,2003-10-12,2003,10,12,25.278911739026487
Dong Thap,2003-10-13,2003,10,13,13.571037461272384
Dong Thap,2003-10-14,2003,10,14,5.449630792567808
Dong Thap,2003-10-15,2003,10,15,14.033506319518526
Dong Thap,2003-10-16,2003,10,16,9.216179365023802
Dong Thap,2003-10-17,2003,10,17,14.77526088049819
Dong Thap,2003-10-18,2003,10,18,14.847453304421258
Dong Thap,2003-10-19,2003,10,19,16.153962972741937
Dong Thap,2003-10-20,2003,10,20,12.769414883961552
Dong Thap,2003-10-21,2003,10,21,4.758098426551159
Dong Thap,2003-10-22,2003,10,22,23.190740140273725
Dong Thap,2003-10-23,2003,10,23,9.05771226038434
Dong Thap,2003-10-24,2003,10,24,0.0
Dong Thap,2003-10-25,2003,10,25,0.0
Dong Thap,2003-10-26,2003,10,26,0.0
Dong Thap,2003-10-27,2003,10,27,0.0
Dong Thap,2003-10-28,2003,10,28,0.0
Dong Thap,2003-10-29,2003,10,29,1.020110735918676
Dong Thap,2003-10-30,2003,10,30,6.59891713723212
Dong Thap,2003-10-31,2003,10,31,8.492897200941469
Dong Thap,2003-11-01,2003,11,1,5.778966332715411
Dong Thap,2003-11-02,2003,11,2,1.8323591069377727
Dong Thap,2003-11-03,2003,11,3,0.0
Dong Thap,2003-11-04,2003,11,4,0.0
Dong Thap,2003-11-05,2003,11,5,0.0
Dong Thap,2003-11-06,2003,11,6,0.0
Dong Thap,2003-11-07,2003,11,7,0.0
Dong Thap,2003-11-08,2003,11,8,1.5289272833822638
Dong Thap,2003-11-09,2003,11,9,1.2698941275947395
Dong Thap,2003-11-10,2003,11,10,13.485073418513911
Dong Thap,2003-11-11,2003,11,11,4.160147270229578
Dong Thap,2003-11-12,2003,11,12,4.631868678627571
Dong Thap,2003-11-13,2003,11,13,20.12763883445655
Dong Thap,2003-11-14,2003,11,14,0.6490647846375133
Dong Thap,2003-11-15,2003,11,15,1.4498651511333194
Dong Thap,2003-11-16,2003,11,16,1.695556462575227
Dong Thap,2003-11-17,2003,11,17,0.924312851675546
Dong Thap,2003-11-18,2003,11,18,0.0
Dong Thap,2003-11-19,2003,11,19,0.0
Dong Thap,2003-11-20,2003,11,20,0.0
Dong Thap,2003-11-21,2003,11,21,16.214317831169154
Dong Thap,2003-11-22,2003,11,22,15.336434467676844
Dong Thap,2003-11-23,2003,11,23,13.667571617141176
Dong Thap,2003-11-24,2003,11,24,13.549354782931134
Dong Thap,2003-11-25,2003,11,25,0.102275092612055
Dong Thap,2003-11-26,2003,11,26,5.66142286962464
Dong Thap,2003-11-27,2003,11,27,0.0
Dong Thap,2003-11-28,2003,11,28,0.0
Dong Thap,2003-11-29,2003,11,29,0.0
Dong Thap,2003-11-30,2003,11,30,0.0
Dong Thap,2003-12-01,2003,12,1,0.0
Dong Thap,2003-12-02,2003,12,2,0.0
Dong Thap,2003-12-03,2003,12,3,0.0
Dong Thap,2003-12-04,2003,12,4,0.0
Dong Thap,2003-12-05,2003,12,5,0.0
Dong Thap,2003-12-06,2003,12,6,4.188929007109908
Dong Thap,2003-12-07,2003,12,7,0.0
Dong Thap,2003-12-08,2003,12,8,0.0
Dong Thap,2003-12-09,2003,12,9,0.8131930955094165
Dong Thap,2003-12-10,2003,12,10,0.0
Dong Thap,2003-12-11,2003,12,11,5.116157385756264
Dong Thap,2003-12-12,2003,12,12,2.4032928072184903
Dong Thap,2003-12-13,2003,12,13,0.0
Dong Thap,2003-12-14,2003,12,14,4.583269508376746
Dong Thap,2003-12-15,2003,12,15,0.0
Dong Thap,2003-12-16,2003,12,16,2.44113413385991
Dong Thap,2003-12-17,2003,12,17,0.2267648780226896
Dong Thap,2003-12-18,2003,12,18,1.566512589697289
Dong Thap,2003-12-19,2003,12,19,5.112017038087874
Dong Thap,2003-12-20,2003,12,20,0.0
Dong Thap,2003-12-21,2003,12,21,0.0
Dong Thap,2003-12-22,2003,12,22,0.9819143333009288
Dong Thap,2003-12-23,2003,12,23,0.0
Dong Thap,2003-12-24,2003,12,24,0.0
Dong Thap,2003-12-25,2003,12,25,0.0
Dong Thap,2003-12-26,2003,12,26,0.0
Dong Thap,2003-12-27,2003,12,27,0.0
Dong Thap,2003-12-28,2003,12,28,0.0
Dong Thap,2003-12-29,2003,12,29,0.0
Dong Thap,2003-12-30,2003,12,30,0.0
Dong Thap,2003-12-31,2003,12,31,0.0
Dong Thap,2004-01-01,2004,1,1,0.0
Dong Thap,2004-01-02,2004,1,2,0.0
Dong Thap,2004-01-03,2004,1,3,0.0
Dong Thap,2004-01-04,2004,1,4,0.0
Dong Thap,2004-01-05,2004,1,5,1.6836359235862763
Dong Thap,2004-01-06,2004,1,6,0.0
Dong Thap,2004-01-07,2004,1,7,0.0
Dong Thap,2004-01-08,2004,1,8,0.0052902505920943
Dong Thap,2004-01-09,2004,1,9,0.5661166535332435
Dong Thap,2004-01-10,2004,1,10,0.335200484929129
Dong Thap,2004-01-11,2004,1,11,0.0
Dong Thap,2004-01-12,2004,1,12,0.0
Dong Thap,2004-01-13,2004,1,13,0.0
Dong Thap,2004-01-14,2004,1,14,0.0
Dong Thap,2004-01-15,2004,1,15,0.0
Dong Thap,2004-01-16,2004,1,16,0.0
Dong Thap,2004-01-17,2004,1,17,0.0
Dong Thap,2004-01-18,2004,1,18,0.0
Dong Thap,2004-01-19,2004,1,19,0.0
Dong Thap,2004-01-20,2004,1,20,0.0
Dong Thap,2004-01-21,2004,1,21,0.0
Dong Thap,2004-01-22,2004,1,22,0.0
Dong Thap,2004-01-23,2004,1,23,0.0
Dong Thap,2004-01-24,2004,1,24,0.0
Dong Thap,2004-01-25,2004,1,25,0.0
Dong Thap,2004-01-26,2004,1,26,0.0
Dong Thap,2004-01-27,2004,1,27,0.0
Dong Thap,2004-01-28,2004,1,28,0.3980507256020648
Dong Thap,2004-01-29,2004,1,29,0.00032603331561096123
Dong Thap,2004-01-30,2004,1,30,0.0
Dong Thap,2004-01-31,2004,1,31,1.0448356910251773
Dong Thap,2004-02-01,2004,2,1,0.0
Dong Thap,2004-02-02,2004,2,2,0.0
Dong Thap,2004-02-03,2004,2,3,0.0
Dong Thap,2004-02-04,2004,2,4,3.1539031272238
Dong Thap,2004-02-05,2004,2,5,0.4282864881280003
Dong Thap,2004-02-06,2004,2,6,0.0
Dong Thap,2004-02-07,2004,2,7,0.0
Dong Thap,2004-02-08,2004,2,8,0.0421631014739977
Dong Thap,2004-02-09,2004,2,9,0.0
Dong Thap,2004-02-10,2004,2,10,0.0
Dong Thap,2004-02-11,2004,2,11,0.0
Dong Thap,2004-02-12,2004,2,12,0.0
Dong Thap,2004-02-13,2004,2,13,0.0
Dong Thap,2004-02-14,2004,2,14,0.0
Dong Thap,2004-02-15,2004,2,15,0.0
Dong Thap,2004-02-16,2004,2,16,0.0
Dong Thap,2004-02-17,2004,2,17,0.0
Dong Thap,2004-02-18,2004,2,18,0.5192519136369971
Dong Thap,2004-02-19,2004,2,19,0.0
Dong Thap,2004-02-20,2004,2,20,0.0
Dong Thap,2004-02-21,2004,2,21,0.0
Dong Thap,2004-02-22,2004,2,22,0.0
Dong Thap,2004-02-23,2004,2,23,0.0
Dong Thap,2004-02-24,2004,2,24,0.0
Dong Thap,2004-02-25,2004,2,25,0.0
Dong Thap,2004-02-26,2004,2,26,0.0
Dong Thap,2004-02-27,2004,2,27,0.0
Dong Thap,2004-02-28,2004,2,28,0.0
Dong Thap,2004-02-29,2004,2,29,0.0
Dong Thap,2004-03-01,2004,3,1,0.0
Dong Thap,2004-03-02,2004,3,2,0.0
Dong Thap,2004-03-03,2004,3,3,0.0
Dong Thap,2004-03-04,2004,3,4,0.1109113080115552
Dong Thap,2004-03-05,2004,3,5,0.0
Dong Thap,2004-03-06,2004,3,6,0.0831362533006696
Dong Thap,2004-03-07,2004,3,7,2.5248203094188977
Dong Thap,2004-03-08,2004,3,8,0.0908758291412108
Dong Thap,2004-03-09,2004,3,9,0.016181043061589
Dong Thap,2004-03-10,2004,3,10,0.0
Dong Thap,2004-03-11,2004,3,11,0.0
Dong Thap,2004-03-12,2004,3,12,0.0
Dong Thap,2004-03-13,2004,3,13,0.0
Dong Thap,2004-03-14,2004,3,14,0.0
Dong Thap,2004-03-15,2004,3,15,0.0
Dong Thap,2004-03-16,2004,3,16,0.0
Dong Thap,2004-03-17,2004,3,17,0.0
Dong Thap,2004-03-18,2004,3,18,0.0
Dong Thap,2004-03-19,2004,3,19,0.0
Dong Thap,2004-03-20,2004,3,20,0.0
Dong Thap,2004-03-21,2004,3,21,0.0
Dong Thap,2004-03-22,2004,3,22,0.0
Dong Thap,2004-03-23,2004,3,23,2.615205152845717
Dong Thap,2004-03-24,2004,3,24,0.0
Dong Thap,2004-03-25,2004,3,25,0.0
Dong Thap,2004-03-26,2004,3,26,1.3847818186974503
Dong Thap,2004-03-27,2004,3,27,1.878119119264004
Dong Thap,2004-03-28,2004,3,28,0.0
Dong Thap,2004-03-29,2004,3,29,0.0
Dong Thap,2004-03-30,2004,3,30,0.0
Dong Thap,2004-03-31,2004,3,31,0.0
Dong Thap,2004-04-01,2004,4,1,0.0
Dong Thap,2004-04-02,2004,4,2,0.0
Dong Thap,2004-04-03,2004,4,3,0.0
Dong Thap,2004-04-04,2004,4,4,1.930417208335338
Dong Thap,2004-04-05,2004,4,5,0.3126344319770252
Dong Thap,2004-04-06,2004,4,6,0.0
Dong Thap,2004-04-07,2004,4,7,0.0311365593431865
Dong Thap,2004-04-08,2004,4,8,0.0
Dong Thap,2004-04-09,2004,4,9,0.0088184943998755
Dong Thap,2004-04-10,2004,4,10,0.0
Dong Thap,2004-04-11,2004,4,11,0.0
Dong Thap,2004-04-12,2004,4,12,0.0
Dong Thap,2004-04-13,2004,4,13,0.0
Dong Thap,2004-04-14,2004,4,14,1.1041199730750189
Dong Thap,2004-04-15,2004,4,15,6.374251784584757
Dong Thap,2004-04-16,2004,4,16,4.811225130501478
Dong Thap,2004-04-17,2004,4,17,0.0
Dong Thap,2004-04-18,2004,4,18,0.0
Dong Thap,2004-04-19,2004,4,19,0.6228940597204277
Dong Thap,2004-04-20,2004,4,20,0.0
Dong Thap,2004-04-21,2004,4,21,0.060867388238435
Dong Thap,2004-04-22,2004,4,22,0.0542792002711675
Dong Thap,2004-04-23,2004,4,23,1.1279884738894528
Dong Thap,2004-04-24,2004,4,24,8.54853033789545
Dong Thap,2004-04-25,2004,4,25,0.0340305198840281
Dong Thap,2004-04-26,2004,4,26,2.002688317442794
Dong Thap,2004-04-27,2004,4,27,4.85386980630141
Dong Thap,2004-04-28,2004,4,28,1.64887717326996
Dong Thap,2004-04-29,2004,4,29,0.0
Dong Thap,2004-04-30,2004,4,30,1.302810839346701
Dong Thap,2004-05-01,2004,5,1,10.270603523858687
Dong Thap,2004-05-02,2004,5,2,16.448895367170525
Dong Thap,2004-05-03,2004,5,3,13.20186054962195
Dong Thap,2004-05-04,2004,5,4,2.269853259995325
Dong Thap,2004-05-05,2004,5,5,0.0
Dong Thap,2004-05-06,2004,5,6,1.2304725792298703
Dong Thap,2004-05-07,2004,5,7,9.372233865488022
Dong Thap,2004-05-08,2004,5,8,13.615427431171367
Dong Thap,2004-05-09,2004,5,9,0.0
Dong Thap,2004-05-10,2004,5,10,6.483608446952733
Dong Thap,2004-05-11,2004,5,11,7.290509671507056
Dong Thap,2004-05-12,2004,5,12,0.0101513154846972
Dong Thap,2004-05-13,2004,5,13,2.096478873081479
Dong Thap,2004-05-14,2004,5,14,4.184793345114526
Dong Thap,2004-05-15,2004,5,15,15.070752405297975
Dong Thap,2004-05-16,2004,5,16,22.714366302350648
Dong Thap,2004-05-17,2004,5,17,17.21418883192152
Dong Thap,2004-05-18,2004,5,18,2.731318101351132
Dong Thap,2004-05-19,2004,5,19,0.0
Dong Thap,2004-05-20,2004,5,20,0.0
Dong Thap,2004-05-21,2004,5,21,13.256170745119904
Dong Thap,2004-05-22,2004,5,22,5.443837731028454
Dong Thap,2004-05-23,2004,5,23,4.433605365859208
Dong Thap,2004-05-24,2004,5,24,8.607834206691583
Dong Thap,2004-05-25,2004,5,25,4.537530088109549
Dong Thap,2004-05-26,2004,5,26,0.0
Dong Thap,2004-05-27,2004,5,27,0.0
Dong Thap,2004-05-28,2004,5,28,0.0399925999490479
Dong Thap,2004-05-29,2004,5,29,0.0
Dong Thap,2004-05-30,2004,5,30,6.006786388288635
Dong Thap,2004-05-31,2004,5,31,11.193719313451425
Dong Thap,2004-06-01,2004,6,1,4.787042263814966
Dong Thap,2004-06-02,2004,6,2,9.232900436540728
Dong Thap,2004-06-03,2004,6,3,5.6391028356384405
Dong Thap,2004-06-04,2004,6,4,11.20667673389414
Dong Thap,2004-06-05,2004,6,5,13.228676605419365
Dong Thap,2004-06-06,2004,6,6,4.673287105771292
Dong Thap,2004-06-07,2004,6,7,7.119011439533492
Dong Thap,2004-06-08,2004,6,8,7.824873691361746
Dong Thap,2004-06-09,2004,6,9,1.8080934406456173
Dong Thap,2004-06-10,2004,6,10,4.728982417176226
Dong Thap,2004-06-11,2004,6,11,5.97208457590096
Dong Thap,2004-06-12,2004,6,12,20.66196785555801
Dong Thap,2004-06-13,2004,6,13,4.6092147180721375
Dong Thap,2004-06-14,2004,6,14,1.7275895766317095
Dong Thap,2004-06-15,2004,6,15,2.5808960916789325
Dong Thap,2004-06-16,2004,6,16,14.728512941614312
Dong Thap,2004-06-17,2004,6,17,2.0713212067763864
Dong Thap,2004-06-18,2004,6,18,0.0466992396169004
Dong Thap,2004-06-19,2004,6,19,0.4417446247027901
Dong Thap,2004-06-20,2004,6,20,0.0
Dong Thap,2004-06-21,2004,6,21,3.2274798963693128
Dong Thap,2004-06-22,2004,6,22,0.1448941889542528
Dong Thap,2004-06-23,2004,6,23,3.1762638183300904
Dong Thap,2004-06-24,2004,6,24,0.0
Dong Thap,2004-06-25,2004,6,25,0.0
Dong Thap,2004-06-26,2004,6,26,0.0527548627204734
Dong Thap,2004-06-27,2004,6,27,1.107238679448033
Dong Thap,2004-06-28,2004,6,28,3.1312766035370787
Dong Thap,2004-06-29,2004,6,29,0.1577310572480408
Dong Thap,2004-06-30,2004,6,30,2.351792190894264
Dong Thap,2004-07-01,2004,7,1,11.952398265776836
Dong Thap,2004-07-02,2004,7,2,13.708989226847832
Dong Thap,2004-07-03,2004,7,3,5.930339751998013
Dong Thap,2004-07-04,2004,7,4,5.575182737617336
Dong Thap,2004-07-05,2004,7,5,0.0
Dong Thap,2004-07-06,2004,7,6,1.406021358225928
Dong Thap,2004-07-07,2004,7,7,7.638097556528109
Dong Thap,2004-07-08,2004,7,8,16.02604947716085
Dong Thap,2004-07-09,2004,7,9,16.279645060584034
Dong Thap,2004-07-10,2004,7,10,16.87532266170388
Dong Thap,2004-07-11,2004,7,11,4.5170704461845474
Dong Thap,2004-07-12,2004,7,12,11.84531647238786
Dong Thap,2004-07-13,2004,7,13,5.717997972890039
Dong Thap,2004-07-14,2004,7,14,10.434078559519506
Dong Thap,2004-07-15,2004,7,15,4.67467267840715
Dong Thap,2004-07-16,2004,7,16,3.903150926946591
Dong Thap,2004-07-17,2004,7,17,5.516344430199386
Dong Thap,2004-07-18,2004,7,18,3.2097746566874585
Dong Thap,2004-07-19,2004,7,19,6.828577266194958
Dong Thap,2004-07-20,2004,7,20,7.290387501535647
Dong Thap,2004-07-21,2004,7,21,10.28621384135606
Dong Thap,2004-07-22,2004,7,22,1.1094781727998573
Dong Thap,2004-07-23,2004,7,23,1.832451147126426
Dong Thap,2004-07-24,2004,7,24,6.40770526422728
Dong Thap,2004-07-25,2004,7,25,9.556630138829362
Dong Thap,2004-07-26,2004,7,26,1.062643172764199
Dong Thap,2004-07-27,2004,7,27,0.0959454180568368
Dong Thap,2004-07-28,2004,7,28,2.971158506068507
Dong Thap,2004-07-29,2004,7,29,10.176710970796153
Dong Thap,2004-07-30,2004,7,30,15.015576605572836
Dong Thap,2004-07-31,2004,7,31,16.65517195475623
Dong Thap,2004-08-01,2004,8,1,7.090624281175014
Dong Thap,2004-08-02,2004,8,2,0.4098586564313425
Dong Thap,2004-08-03,2004,8,3,5.833976283774288
Dong Thap,2004-08-04,2004,8,4,0.0
Dong Thap,2004-08-05,2004,8,5,1.0587656497481943
Dong Thap,2004-08-06,2004,8,6,6.292074749742011
Dong Thap,2004-08-07,2004,8,7,0.0
Dong Thap,2004-08-08,2004,8,8,3.1836716523814514
Dong Thap,2004-08-09,2004,8,9,0.0079675842932841
Dong Thap,2004-08-10,2004,8,10,1.6159595166856473
Dong Thap,2004-08-11,2004,8,11,0.0
Dong Thap,2004-08-12,2004,8,12,0.0
Dong Thap,2004-08-13,2004,8,13,5.1664572641885735
Dong Thap,2004-08-14,2004,8,14,0.0
Dong Thap,2004-08-15,2004,8,15,0.0
Dong Thap,2004-08-16,2004,8,16,8.70935508328174
Dong Thap,2004-08-17,2004,8,17,19.791842861323765
Dong Thap,2004-08-18,2004,8,18,17.322937044097575
Dong Thap,2004-08-19,2004,8,19,6.702548785966511
Dong Thap,2004-08-20,2004,8,20,2.087184871219576
Dong Thap,2004-08-21,2004,8,21,0.0
Dong Thap,2004-08-22,2004,8,22,0.3115961466188301
Dong Thap,2004-08-23,2004,8,23,0.0520770048267424
Dong Thap,2004-08-24,2004,8,24,0.0
Dong Thap,2004-08-25,2004,8,25,6.129747765517863
Dong Thap,2004-08-26,2004,8,26,2.28747258544144
Dong Thap,2004-08-27,2004,8,27,2.025527899808857
Dong Thap,2004-08-28,2004,8,28,6.757702818675889
Dong Thap,2004-08-29,2004,8,29,11.49861562936409
Dong Thap,2004-08-30,2004,8,30,3.961651505415931
Dong Thap,2004-08-31,2004,8,31,1.1868940789074156
Dong Thap,2004-09-01,2004,9,1,6.417868330767018
Dong Thap,2004-09-02,2004,9,2,10.898104718747463
Dong Thap,2004-09-03,2004,9,3,2.8138733350259524
Dong Thap,2004-09-04,2004,9,4,6.566825179068278
Dong Thap,2004-09-05,2004,9,5,0.8982502697058913
Dong Thap,2004-09-06,2004,9,6,6.485360163246014
Dong Thap,2004-09-07,2004,9,7,7.342023125947509
Dong Thap,2004-09-08,2004,9,8,2.007573204413004
Dong Thap,2004-09-09,2004,9,9,1.945998576720988
Dong Thap,2004-09-10,2004,9,10,0.8445282763422601
Dong Thap,2004-09-11,2004,9,11,4.128519083438126
Dong Thap,2004-09-12,2004,9,12,8.60686001403412
Dong Thap,2004-09-13,2004,9,13,12.066910000055149
Dong Thap,2004-09-14,2004,9,14,0.1440523113148375
Dong Thap,2004-09-15,2004,9,15,9.326972995427612
Dong Thap,2004-09-16,2004,9,16,4.417282803551744
Dong Thap,2004-09-17,2004,9,17,12.958067504191629
Dong Thap,2004-09-18,2004,9,18,15.771216018469875
Dong Thap,2004-09-19,2004,9,19,19.34259436283085
Dong Thap,2004-09-20,2004,9,20,14.694203713190692
Dong Thap,2004-09-21,2004,9,21,7.657622759429294
Dong Thap,2004-09-22,2004,9,22,10.281253636600152
Dong Thap,2004-09-23,2004,9,23,2.8990860944814565
Dong Thap,2004-09-24,2004,9,24,4.199687040032024
Dong Thap,2004-09-25,2004,9,25,11.866453751032385
Dong Thap,2004-09-26,2004,9,26,7.860628355204016
Dong Thap,2004-09-27,2004,9,27,14.992920472883217
Dong Thap,2004-09-28,2004,9,28,5.0985059577888
Dong Thap,2004-09-29,2004,9,29,24.254151812913268
Dong Thap,2004-09-30,2004,9,30,15.720561014569904
Dong Thap,2004-10-01,2004,10,1,33.35282275707564
Dong Thap,2004-10-02,2004,10,2,23.40864303887281
Dong Thap,2004-10-03,2004,10,3,26.488139397572677
Dong Thap,2004-10-04,2004,10,4,31.34543724246161
Dong Thap,2004-10-05,2004,10,5,21.795716653720625
Dong Thap,2004-10-06,2004,10,6,8.329122532778698
Dong Thap,2004-10-07,2004,10,7,2.383396599510236
Dong Thap,2004-10-08,2004,10,8,0.0
Dong Thap,2004-10-09,2004,10,9,0.4180154284504174
Dong Thap,2004-10-10,2004,10,10,2.1793937013483053
Dong Thap,2004-10-11,2004,10,11,21.066020036544383
Dong Thap,2004-10-12,2004,10,12,6.135106492047949
Dong Thap,2004-10-13,2004,10,13,0.3524446939161527
Dong Thap,2004-10-14,2004,10,14,0.0
Dong Thap,2004-10-15,2004,10,15,0.0
Dong Thap,2004-10-16,2004,10,16,2.026195398447111
Dong Thap,2004-10-17,2004,10,17,0.0
Dong Thap,2004-10-18,2004,10,18,0.0
Dong Thap,2004-10-19,2004,10,19,0.0
Dong Thap,2004-10-20,2004,10,20,0.0
Dong Thap,2004-10-21,2004,10,21,0.0
Dong Thap,2004-10-22,2004,10,22,0.0
Dong Thap,2004-10-23,2004,10,23,0.1457428511292154
Dong Thap,2004-10-24,2004,10,24,24.04586677895344
Dong Thap,2004-10-25,2004,10,25,0.0
Dong Thap,2004-10-26,2004,10,26,0.0
Dong Thap,2004-10-27,2004,10,27,0.0
Dong Thap,2004-10-28,2004,10,28,0.0
Dong Thap,2004-10-29,2004,10,29,15.419646676635695
Dong Thap,2004-10-30,2004,10,30,11.678678564685038
Dong Thap,2004-10-31,2004,10,31,2.274770441998259
Dong Thap,2004-11-01,2004,11,1,4.104137066083076
Dong Thap,2004-11-02,2004,11,2,0.9726108198591116
Dong Thap,2004-11-03,2004,11,3,0.3695529976452669
Dong Thap,2004-11-04,2004,11,4,1.5166056054179993
Dong Thap,2004-11-05,2004,11,5,17.064930064285427
Dong Thap,2004-11-06,2004,11,6,2.94002892878663
Dong Thap,2004-11-07,2004,11,7,3.5552153397382766
Dong Thap,2004-11-08,2004,11,8,0.0
Dong Thap,2004-11-09,2004,11,9,8.50182857040323
Dong Thap,2004-11-10,2004,11,10,4.1499725584813945
Dong Thap,2004-11-11,2004,11,11,0.0
Dong Thap,2004-11-12,2004,11,12,4.9334266351982645
Dong Thap,2004-11-13,2004,11,13,3.8770386600659377
Dong Thap,2004-11-14,2004,11,14,3.872152533530106
Dong Thap,2004-11-15,2004,11,15,0.8670180300641603
Dong Thap,2004-11-16,2004,11,16,0.0319980803546598
Dong Thap,2004-11-17,2004,11,17,0.0
Dong Thap,2004-11-18,2004,11,18,0.0
Dong Thap,2004-11-19,2004,11,19,0.0
Dong Thap,2004-11-20,2004,11,20,0.0
Dong Thap,2004-11-21,2004,11,21,0.0
Dong Thap,2004-11-22,2004,11,22,0.0
Dong Thap,2004-11-23,2004,11,23,0.0
Dong Thap,2004-11-24,2004,11,24,8.98806936236866
Dong Thap,2004-11-25,2004,11,25,4.002454673335047
Dong Thap,2004-11-26,2004,11,26,5.708711110750292
Dong Thap,2004-11-27,2004,11,27,1.3088173110089605
Dong Thap,2004-11-28,2004,11,28,0.9013696355372836
Dong Thap,2004-11-29,2004,11,29,0.3488142228678345
Dong Thap,2004-11-30,2004,11,30,0.0
Dong Thap,2004-12-01,2004,12,1,0.0
Dong Thap,2004-12-02,2004,12,2,11.29463769468775
Dong Thap,2004-12-03,2004,12,3,0.8001391347341316
Dong Thap,2004-12-04,2004,12,4,0.0
Dong Thap,2004-12-05,2004,12,5,0.0
Dong Thap,2004-12-06,2004,12,6,0.0
Dong Thap,2004-12-07,2004,12,7,0.1311478638678741
Dong Thap,2004-12-08,2004,12,8,0.0
Dong Thap,2004-12-09,2004,12,9,0.0
Dong Thap,2004-12-10,2004,12,10,0.0
Dong Thap,2004-12-11,2004,12,11,0.0
Dong Thap,2004-12-12,2004,12,12,0.0
Dong Thap,2004-12-13,2004,12,13,0.0
Dong Thap,2004-12-14,2004,12,14,0.0
Dong Thap,2004-12-15,2004,12,15,0.0
Dong Thap,2004-12-16,2004,12,16,0.0
Dong Thap,2004-12-17,2004,12,17,0.0
Dong Thap,2004-12-18,2004,12,18,0.0
Dong Thap,2004-12-19,2004,12,19,0.0
Dong Thap,2004-12-20,2004,12,20,0.0
Dong Thap,2004-12-21,2004,12,21,0.0053431127099512
Dong Thap,2004-12-22,2004,12,22,0.0
Dong Thap,2004-12-23,2004,12,23,0.0
Dong Thap,2004-12-24,2004,12,24,0.0
Dong Thap,2004-12-25,2004,12,25,0.3006429498445048
Dong Thap,2004-12-26,2004,12,26,0.0
Dong Thap,2004-12-27,2004,12,27,3.7320027266949616
Dong Thap,2004-12-28,2004,12,28,0.0
Dong Thap,2004-12-29,2004,12,29,0.0
Dong Thap,2004-12-30,2004,12,30,0.0
Dong Thap,2004-12-31,2004,12,31,0.0
Dong Thap,2005-01-01,2005,1,1,0.0
Dong Thap,2005-01-02,2005,1,2,0.0
Dong Thap,2005-01-03,2005,1,3,0.0
Dong Thap,2005-01-04,2005,1,4,0.2747158417767721
Dong Thap,2005-01-05,2005,1,5,1.7667015940086186
Dong Thap,2005-01-06,2005,1,6,1.3445495650297337
Dong Thap,2005-01-07,2005,1,7,0.0
Dong Thap,2005-01-08,2005,1,8,0.0
Dong Thap,2005-01-09,2005,1,9,0.9108204969763076
Dong Thap,2005-01-10,2005,1,10,0.0
Dong Thap,2005-01-11,2005,1,11,0.0
Dong Thap,2005-01-12,2005,1,12,0.0
Dong Thap,2005-01-13,2005,1,13,0.0
Dong Thap,2005-01-14,2005,1,14,0.0
Dong Thap,2005-01-15,2005,1,15,0.0
Dong Thap,2005-01-16,2005,1,16,0.0
Dong Thap,2005-01-17,2005,1,17,0.0
Dong Thap,2005-01-18,2005,1,18,0.0
Dong Thap,2005-01-19,2005,1,19,0.0
Dong Thap,2005-01-20,2005,1,20,0.0
Dong Thap,2005-01-21,2005,1,21,0.0
Dong Thap,2005-01-22,2005,1,22,0.0
Dong Thap,2005-01-23,2005,1,23,0.0
Dong Thap,2005-01-24,2005,1,24,0.0
Dong Thap,2005-01-25,2005,1,25,0.0
Dong Thap,2005-01-26,2005,1,26,0.0
Dong Thap,2005-01-27,2005,1,27,0.0
Dong Thap,2005-01-28,2005,1,28,0.2436816348208843
Dong Thap,2005-01-29,2005,1,29,0.0
Dong Thap,2005-01-30,2005,1,30,0.0207896778473703
Dong Thap,2005-01-31,2005,1,31,0.0
Dong Thap,2005-02-01,2005,2,1,0.0
Dong Thap,2005-02-02,2005,2,2,0.0
Dong Thap,2005-02-03,2005,2,3,0.0
Dong Thap,2005-02-04,2005,2,4,0.0
Dong Thap,2005-02-05,2005,2,5,0.0
Dong Thap,2005-02-06,2005,2,6,0.0
Dong Thap,2005-02-07,2005,2,7,0.0
Dong Thap,2005-02-08,2005,2,8,0.0
Dong Thap,2005-02-09,2005,2,9,0.0
Dong Thap,2005-02-10,2005,2,10,0.0
Dong Thap,2005-02-11,2005,2,11,0.0
Dong Thap,2005-02-12,2005,2,12,0.0
Dong Thap,2005-02-13,2005,2,13,0.0
Dong Thap,2005-02-14,2005,2,14,0.0
Dong Thap,2005-02-15,2005,2,15,0.0
Dong Thap,2005-02-16,2005,2,16,0.0
Dong Thap,2005-02-17,2005,2,17,0.0
Dong Thap,2005-02-18,2005,2,18,0.0
Dong Thap,2005-02-19,2005,2,19,0.0
Dong Thap,2005-02-20,2005,2,20,0.0
Dong Thap,2005-02-21,2005,2,21,0.0
Dong Thap,2005-02-22,2005,2,22,0.0
Dong Thap,2005-02-23,2005,2,23,0.0
Dong Thap,2005-02-24,2005,2,24,0.0
Dong Thap,2005-02-25,2005,2,25,0.0
Dong Thap,2005-02-26,2005,2,26,0.0
Dong Thap,2005-02-27,2005,2,27,0.0
Dong Thap,2005-02-28,2005,2,28,0.0
Dong Thap,2005-03-01,2005,3,1,0.0
Dong Thap,2005-03-02,2005,3,2,0.0
Dong Thap,2005-03-03,2005,3,3,2.786359569451314
Dong Thap,2005-03-04,2005,3,4,0.0
Dong Thap,2005-03-05,2005,3,5,0.0
Dong Thap,2005-03-06,2005,3,6,0.0
Dong Thap,2005-03-07,2005,3,7,0.0
Dong Thap,2005-03-08,2005,3,8,0.0
Dong Thap,2005-03-09,2005,3,9,0.0
Dong Thap,2005-03-10,2005,3,10,0.0
Dong Thap,2005-03-11,2005,3,11,0.0
Dong Thap,2005-03-12,2005,3,12,0.0
Dong Thap,2005-03-13,2005,3,13,0.0
Dong Thap,2005-03-14,2005,3,14,0.0
Dong Thap,2005-03-15,2005,3,15,0.0
Dong Thap,2005-03-16,2005,3,16,0.0
Dong Thap,2005-03-17,2005,3,17,0.0
Dong Thap,2005-03-18,2005,3,18,0.0
Dong Thap,2005-03-19,2005,3,19,4.294827269891071
Dong Thap,2005-03-20,2005,3,20,0.0
Dong Thap,2005-03-21,2005,3,21,0.0
Dong Thap,2005-03-22,2005,3,22,0.0
Dong Thap,2005-03-23,2005,3,23,0.0
Dong Thap,2005-03-24,2005,3,24,0.0
Dong Thap,2005-03-25,2005,3,25,0.0
Dong Thap,2005-03-26,2005,3,26,0.0
Dong Thap,2005-03-27,2005,3,27,0.0
Dong Thap,2005-03-28,2005,3,28,0.0
Dong Thap,2005-03-29,2005,3,29,0.6266220657495999
Dong Thap,2005-03-30,2005,3,30,4.6301839247579215
Dong Thap,2005-03-31,2005,3,31,1.61263415763133
Dong Thap,2005-04-01,2005,4,1,0.0
Dong Thap,2005-04-02,2005,4,2,0.8836729644660588
Dong Thap,2005-04-03,2005,4,3,0.5982281348184306
Dong Thap,2005-04-04,2005,4,4,0.0
Dong Thap,2005-04-05,2005,4,5,0.0
Dong Thap,2005-04-06,2005,4,6,0.0
Dong Thap,2005-04-07,2005,4,7,0.0
Dong Thap,2005-04-08,2005,4,8,0.0
Dong Thap,2005-04-09,2005,4,9,0.0
Dong Thap,2005-04-10,2005,4,10,0.0
Dong Thap,2005-04-11,2005,4,11,0.0
Dong Thap,2005-04-12,2005,4,12,0.0
Dong Thap,2005-04-13,2005,4,13,0.0
Dong Thap,2005-04-14,2005,4,14,0.0
Dong Thap,2005-04-15,2005,4,15,0.0
Dong Thap,2005-04-16,2005,4,16,0.0
Dong Thap,2005-04-17,2005,4,17,0.0
Dong Thap,2005-04-18,2005,4,18,0.0
Dong Thap,2005-04-19,2005,4,19,0.0
Dong Thap,2005-04-20,2005,4,20,0.0
Dong Thap,2005-04-21,2005,4,21,0.0
Dong Thap,2005-04-22,2005,4,22,0.0037052990060991
Dong Thap,2005-04-23,2005,4,23,0.3309473652592964
Dong Thap,2005-04-24,2005,4,24,0.0265198817985085
Dong Thap,2005-04-25,2005,4,25,0.0137516156004647
Dong Thap,2005-04-26,2005,4,26,3.4200004028954782
Dong Thap,2005-04-27,2005,4,27,0.1423673454138705
Dong Thap,2005-04-28,2005,4,28,12.773242520635453
Dong Thap,2005-04-29,2005,4,29,0.0853661351364054
Dong Thap,2005-04-30,2005,4,30,0.0
Dong Thap,2005-05-01,2005,5,1,0.0005501866956024393
Dong Thap,2005-05-02,2005,5,2,0.0
Dong Thap,2005-05-03,2005,5,3,0.0022373732313807
Dong Thap,2005-05-04,2005,5,4,0.0
Dong Thap,2005-05-05,2005,5,5,0.0
Dong Thap,2005-05-06,2005,5,6,0.01782791554211
Dong Thap,2005-05-07,2005,5,7,4.583269136263609
Dong Thap,2005-05-08,2005,5,8,13.793511449763203
Dong Thap,2005-05-09,2005,5,9,10.752335395473777
Dong Thap,2005-05-10,2005,5,10,12.072013457832568
Dong Thap,2005-05-11,2005,5,11,2.436910819663789
Dong Thap,2005-05-12,2005,5,12,3.1927807286520338
Dong Thap,2005-05-13,2005,5,13,0.9942036245262535
Dong Thap,2005-05-14,2005,5,14,3.424183140577088
Dong Thap,2005-05-15,2005,5,15,7.421910211616342
Dong Thap,2005-05-16,2005,5,16,5.126551366708487
Dong Thap,2005-05-17,2005,5,17,1.9236389173316064
Dong Thap,2005-05-18,2005,5,18,9.60865415701364
Dong Thap,2005-05-19,2005,5,19,6.098552598565348
Dong Thap,2005-05-20,2005,5,20,0.1808901991816044
Dong Thap,2005-05-21,2005,5,21,9.652348850755049
Dong Thap,2005-05-22,2005,5,22,2.627540616598804
Dong Thap,2005-05-23,2005,5,23,4.449689917819201
Dong Thap,2005-05-24,2005,5,24,0.169394559747431
Dong Thap,2005-05-25,2005,5,25,3.926550320981715
Dong Thap,2005-05-26,2005,5,26,11.23230718144868
Dong Thap,2005-05-27,2005,5,27,8.412492905191638
Dong Thap,2005-05-28,2005,5,28,8.89099132067929
Dong Thap,2005-05-29,2005,5,29,4.062956439622382
Dong Thap,2005-05-30,2005,5,30,4.496383324634035
Dong Thap,2005-05-31,2005,5,31,6.509132619669085
Dong Thap,2005-06-01,2005,6,1,12.157185449929145
Dong Thap,2005-06-02,2005,6,2,1.6666767156959952
Dong Thap,2005-06-03,2005,6,3,11.359457501741332
Dong Thap,2005-06-04,2005,6,4,4.137784669147425
Dong Thap,2005-06-05,2005,6,5,2.384371888192569
Dong Thap,2005-06-06,2005,6,6,3.359910501613079
Dong Thap,2005-06-07,2005,6,7,11.27086387736634
Dong Thap,2005-06-08,2005,6,8,14.08613325796458
Dong Thap,2005-06-09,2005,6,9,9.576570597383636
Dong Thap,2005-06-10,2005,6,10,5.084914618882023
Dong Thap,2005-06-11,2005,6,11,0.0
Dong Thap,2005-06-12,2005,6,12,0.0
Dong Thap,2005-06-13,2005,6,13,0.0632102926903526
Dong Thap,2005-06-14,2005,6,14,0.5817932028070661
Dong Thap,2005-06-15,2005,6,15,4.607171775178489
Dong Thap,2005-06-16,2005,6,16,6.19608586826426
Dong Thap,2005-06-17,2005,6,17,7.826730749424228
Dong Thap,2005-06-18,2005,6,18,11.001660719638991
Dong Thap,2005-06-19,2005,6,19,0.0290598601393616
Dong Thap,2005-06-20,2005,6,20,10.500471103122392
Dong Thap,2005-06-21,2005,6,21,1.7297949519643223
Dong Thap,2005-06-22,2005,6,22,6.071290750993954
Dong Thap,2005-06-23,2005,6,23,5.733906371904009
Dong Thap,2005-06-24,2005,6,24,9.080832730237384
Dong Thap,2005-06-25,2005,6,25,9.119256890615365
Dong Thap,2005-06-26,2005,6,26,1.8324097496718803
Dong Thap,2005-06-27,2005,6,27,4.473086044709643
Dong Thap,2005-06-28,2005,6,28,3.367556196148226
Dong Thap,2005-06-29,2005,6,29,4.297612585061419
Dong Thap,2005-06-30,2005,6,30,5.539481283295902
Dong Thap,2005-07-01,2005,7,1,6.738827356654876
Dong Thap,2005-07-02,2005,7,2,8.99390459540806
Dong Thap,2005-07-03,2005,7,3,8.330041732246002
Dong Thap,2005-07-04,2005,7,4,5.000036342177283
Dong Thap,2005-07-05,2005,7,5,1.0446470050428194
Dong Thap,2005-07-06,2005,7,6,4.265709651802736
Dong Thap,2005-07-07,2005,7,7,13.437984391624266
Dong Thap,2005-07-08,2005,7,8,12.22735251895094
Dong Thap,2005-07-09,2005,7,9,2.43894634439963
Dong Thap,2005-07-10,2005,7,10,2.5150795045125114
Dong Thap,2005-07-11,2005,7,11,14.36594641759115
Dong Thap,2005-07-12,2005,7,12,10.517675564825764
Dong Thap,2005-07-13,2005,7,13,7.000265930295122
Dong Thap,2005-07-14,2005,7,14,9.05710124227636
Dong Thap,2005-07-15,2005,7,15,4.774310633658495
Dong Thap,2005-07-16,2005,7,16,11.359135593420149
Dong Thap,2005-07-17,2005,7,17,0.3519451883554944
Dong Thap,2005-07-18,2005,7,18,10.414207226664184
Dong Thap,2005-07-19,2005,7,19,2.9852589050103715
Dong Thap,2005-07-20,2005,7,20,9.63871067874632
Dong Thap,2005-07-21,2005,7,21,1.7253240598879185
Dong Thap,2005-07-22,2005,7,22,8.795087669005001
Dong Thap,2005-07-23,2005,7,23,6.41563187013793
Dong Thap,2005-07-24,2005,7,24,0.0017509078368162
Dong Thap,2005-07-25,2005,7,25,18.140345736347356
Dong Thap,2005-07-26,2005,7,26,14.726560060578134
Dong Thap,2005-07-27,2005,7,27,6.58517741847936
Dong Thap,2005-07-28,2005,7,28,0.3944302140002836
Dong Thap,2005-07-29,2005,7,29,12.738852520756687
Dong Thap,2005-07-30,2005,7,30,10.603748220339195
Dong Thap,2005-07-31,2005,7,31,14.483518872397372
Dong Thap,2005-08-01,2005,8,1,0.0
Dong Thap,2005-08-02,2005,8,2,0.2793340082406077
Dong Thap,2005-08-03,2005,8,3,4.413283116386837
Dong Thap,2005-08-04,2005,8,4,0.0
Dong Thap,2005-08-05,2005,8,5,3.923699450724135
Dong Thap,2005-08-06,2005,8,6,7.354448966051354
Dong Thap,2005-08-07,2005,8,7,0.0
Dong Thap,2005-08-08,2005,8,8,3.4956377702781
Dong Thap,2005-08-09,2005,8,9,3.790894772244576
Dong Thap,2005-08-10,2005,8,10,0.3667791237907125
Dong Thap,2005-08-11,2005,8,11,0.0
Dong Thap,2005-08-12,2005,8,12,9.683987119664724
Dong Thap,2005-08-13,2005,8,13,7.802798683292499
Dong Thap,2005-08-14,2005,8,14,0.0
Dong Thap,2005-08-15,2005,8,15,0.0
Dong Thap,2005-08-16,2005,8,16,8.621286883209736
Dong Thap,2005-08-17,2005,8,17,6.98279326419076
Dong Thap,2005-08-18,2005,8,18,3.698468298683611
Dong Thap,2005-08-19,2005,8,19,4.318927038488863
Dong Thap,2005-08-20,2005,8,20,4.125035690347001
Dong Thap,2005-08-21,2005,8,21,1.776164281782796
Dong Thap,2005-08-22,2005,8,22,0.0095987296345175
Dong Thap,2005-08-23,2005,8,23,2.502034741114644
Dong Thap,2005-08-24,2005,8,24,4.892702470425982
Dong Thap,2005-08-25,2005,8,25,0.705097407366322
Dong Thap,2005-08-26,2005,8,26,1.949520558977656
Dong Thap,2005-08-27,2005,8,27,8.314451401361346
Dong Thap,2005-08-28,2005,8,28,7.955262092916985
Dong Thap,2005-08-29,2005,8,29,4.460443398282725
Dong Thap,2005-08-30,2005,8,30,5.466073305429121
Dong Thap,2005-08-31,2005,8,31,2.053870078226133
Dong Thap,2005-09-01,2005,9,1,1.7181747247971502
Dong Thap,2005-09-02,2005,9,2,3.665039999667061
Dong Thap,2005-09-03,2005,9,3,11.057792331697932
Dong Thap,2005-09-04,2005,9,4,5.642362689150954
Dong Thap,2005-09-05,2005,9,5,5.411402805175588
Dong Thap,2005-09-06,2005,9,6,8.026458041357403
Dong Thap,2005-09-07,2005,9,7,1.1119412639621489
Dong Thap,2005-09-08,2005,9,8,13.954917485329302
Dong Thap,2005-09-09,2005,9,9,11.30915677351342
Dong Thap,2005-09-10,2005,9,10,1.2628902014431995
Dong Thap,2005-09-11,2005,9,11,3.501637972886257
Dong Thap,2005-09-12,2005,9,12,25.41638628831113
Dong Thap,2005-09-13,2005,9,13,26.88391731129986
Dong Thap,2005-09-14,2005,9,14,0.0
Dong Thap,2005-09-15,2005,9,15,0.3320611623008693
Dong Thap,2005-09-16,2005,9,16,8.16994935600076
Dong Thap,2005-09-17,2005,9,17,12.975280380259838
Dong Thap,2005-09-18,2005,9,18,8.294747678545667
Dong Thap,2005-09-19,2005,9,19,9.231818193734188
Dong Thap,2005-09-20,2005,9,20,0.0
Dong Thap,2005-09-21,2005,9,21,0.8675543011817255
Dong Thap,2005-09-22,2005,9,22,2.031561801580714
Dong Thap,2005-09-23,2005,9,23,0.6233510571135288
Dong Thap,2005-09-24,2005,9,24,0.0
Dong Thap,2005-09-25,2005,9,25,10.263804119704986
Dong Thap,2005-09-26,2005,9,26,6.225986507803449
Dong Thap,2005-09-27,2005,9,27,5.893181659208556
Dong Thap,2005-09-28,2005,9,28,1.8103523945521676
Dong Thap,2005-09-29,2005,9,29,9.374900871024312
Dong Thap,2005-09-30,2005,9,30,9.487317737941703
Dong Thap,2005-10-01,2005,10,1,0.002000509461822
Dong Thap,2005-10-02,2005,10,2,2.6337930957882025
Dong Thap,2005-10-03,2005,10,3,16.880999725422722
Dong Thap,2005-10-04,2005,10,4,27.807991120640523
Dong Thap,2005-10-05,2005,10,5,5.111776423935773
Dong Thap,2005-10-06,2005,10,6,5.779893277303847
Dong Thap,2005-10-07,2005,10,7,6.134782116673336
Dong Thap,2005-10-08,2005,10,8,12.431236508727366
Dong Thap,2005-10-09,2005,10,9,10.655342803375772
Dong Thap,2005-10-10,2005,10,10,23.937057737836703
Dong Thap,2005-10-11,2005,10,11,11.270712608351898
Dong Thap,2005-10-12,2005,10,12,8.751795891679976
Dong Thap,2005-10-13,2005,10,13,20.29804886189452
Dong Thap,2005-10-14,2005,10,14,15.341389732266704
Dong Thap,2005-10-15,2005,10,15,12.10760461097946
Dong Thap,2005-10-16,2005,10,16,11.336761303396482
Dong Thap,2005-10-17,2005,10,17,11.526081411008631
Dong Thap,2005-10-18,2005,10,18,9.762228753362784
Dong Thap,2005-10-19,2005,10,19,11.38404579259436
Dong Thap,2005-10-20,2005,10,20,9.982145689662849
Dong Thap,2005-10-21,2005,10,21,17.929959438408147
Dong Thap,2005-10-22,2005,10,22,18.654359851736636
Dong Thap,2005-10-23,2005,10,23,13.108373018681984
Dong Thap,2005-10-24,2005,10,24,7.728227321039069
Dong Thap,2005-10-25,2005,10,25,15.110242081237583
Dong Thap,2005-10-26,2005,10,26,3.26884448472161
Dong Thap,2005-10-27,2005,10,27,6.297818383095022
Dong Thap,2005-10-28,2005,10,28,1.376881257298043
Dong Thap,2005-10-29,2005,10,29,10.283943574066626
Dong Thap,2005-10-30,2005,10,30,15.002460332070449
Dong Thap,2005-10-31,2005,10,31,3.860813827573616
Dong Thap,2005-11-01,2005,11,1,6.771047423019518
Dong Thap,2005-11-02,2005,11,2,0.0
Dong Thap,2005-11-03,2005,11,3,0.5331013478171345
Dong Thap,2005-11-04,2005,11,4,12.37850375395392
Dong Thap,2005-11-05,2005,11,5,23.2450190651625
Dong Thap,2005-11-06,2005,11,6,14.384690627357656
Dong Thap,2005-11-07,2005,11,7,1.6279570707826887
Dong Thap,2005-11-08,2005,11,8,9.82206293301488
Dong Thap,2005-11-09,2005,11,9,1.4357613338711632
Dong Thap,2005-11-10,2005,11,10,0.0
Dong Thap,2005-11-11,2005,11,11,1.928139471286869
Dong Thap,2005-11-12,2005,11,12,0.0
Dong Thap,2005-11-13,2005,11,13,0.6690018055206092
Dong Thap,2005-11-14,2005,11,14,0.4401664970202159
Dong Thap,2005-11-15,2005,11,15,0.0
Dong Thap,2005-11-16,2005,11,16,1.571419081626794
Dong Thap,2005-11-17,2005,11,17,28.26621508847186
Dong Thap,2005-11-18,2005,11,18,13.276149862960049
Dong Thap,2005-11-19,2005,11,19,0.0
Dong Thap,2005-11-20,2005,11,20,0.0
Dong Thap,2005-11-21,2005,11,21,0.0817212237369345
Dong Thap,2005-11-22,2005,11,22,0.9835365554129744
Dong Thap,2005-11-23,2005,11,23,0.0
Dong Thap,2005-11-24,2005,11,24,10.52624589180443
Dong Thap,2005-11-25,2005,11,25,1.2868720092063646
Dong Thap,2005-11-26,2005,11,26,24.17075355222821
Dong Thap,2005-11-27,2005,11,27,23.351748220742568
Dong Thap,2005-11-28,2005,11,28,5.675734391471059
Dong Thap,2005-11-29,2005,11,29,8.987255324791528
Dong Thap,2005-11-30,2005,11,30,21.52475417988462
Dong Thap,2005-12-01,2005,12,1,5.811393973722948
Dong Thap,2005-12-02,2005,12,2,7.966894586110075
Dong Thap,2005-12-03,2005,12,3,4.697871184116428
Dong Thap,2005-12-04,2005,12,4,28.704677306147744
Dong Thap,2005-12-05,2005,12,5,9.828840574670163
Dong Thap,2005-12-06,2005,12,6,11.72157769142864
Dong Thap,2005-12-07,2005,12,7,0.2650551557919592
Dong Thap,2005-12-08,2005,12,8,0.0
Dong Thap,2005-12-09,2005,12,9,1.548027116072429
Dong Thap,2005-12-10,2005,12,10,0.9165005735632022
Dong Thap,2005-12-11,2005,12,11,21.5228637272954
Dong Thap,2005-12-12,2005,12,12,12.190488704821949
Dong Thap,2005-12-13,2005,12,13,6.127614089818884
Dong Thap,2005-12-14,2005,12,14,0.0
Dong Thap,2005-12-15,2005,12,15,1.6838170388455236
Dong Thap,2005-12-16,2005,12,16,0.0
Dong Thap,2005-12-17,2005,12,17,0.0
Dong Thap,2005-12-18,2005,12,18,3.428075331333193
Dong Thap,2005-12-19,2005,12,19,10.443183912592785
Dong Thap,2005-12-20,2005,12,20,2.490690878859338
Dong Thap,2005-12-21,2005,12,21,0.0
Dong Thap,2005-12-22,2005,12,22,0.0
Dong Thap,2005-12-23,2005,12,23,0.0
Dong Thap,2005-12-24,2005,12,24,0.0
Dong Thap,2005-12-25,2005,12,25,0.0
Dong Thap,2005-12-26,2005,12,26,0.0
Dong Thap,2005-12-27,2005,12,27,0.0
Dong Thap,2005-12-28,2005,12,28,0.0
Dong Thap,2005-12-29,2005,12,29,0.0
Dong Thap,2005-12-30,2005,12,30,0.0
Dong Thap,2005-12-31,2005,12,31,0.133712762488728
Dong Thap,2006-01-01,2006,1,1,0.0288897639422398
Dong Thap,2006-01-02,2006,1,2,2.994953149052631
Dong Thap,2006-01-03,2006,1,3,5.753082727477044
Dong Thap,2006-01-04,2006,1,4,0.0
Dong Thap,2006-01-05,2006,1,5,0.0494592819241999
Dong Thap,2006-01-06,2006,1,6,0.0
Dong Thap,2006-01-07,2006,1,7,0.1307438059691157
Dong Thap,2006-01-08,2006,1,8,0.0
Dong Thap,2006-01-09,2006,1,9,0.0
Dong Thap,2006-01-10,2006,1,10,0.0
Dong Thap,2006-01-11,2006,1,11,0.0
Dong Thap,2006-01-12,2006,1,12,0.0
Dong Thap,2006-01-13,2006,1,13,0.0
Dong Thap,2006-01-14,2006,1,14,0.0
Dong Thap,2006-01-15,2006,1,15,0.0870630942236032
Dong Thap,2006-01-16,2006,1,16,0.272356280142795
Dong Thap,2006-01-17,2006,1,17,0.3015277216987379
Dong Thap,2006-01-18,2006,1,18,1.1964197235229683
Dong Thap,2006-01-19,2006,1,19,0.0
Dong Thap,2006-01-20,2006,1,20,0.0
Dong Thap,2006-01-21,2006,1,21,0.0
Dong Thap,2006-01-22,2006,1,22,0.0
Dong Thap,2006-01-23,2006,1,23,0.3978044183610759
Dong Thap,2006-01-24,2006,1,24,0.0
Dong Thap,2006-01-25,2006,1,25,0.0
Dong Thap,2006-01-26,2006,1,26,0.0
Dong Thap,2006-01-27,2006,1,27,0.0
Dong Thap,2006-01-28,2006,1,28,0.0
Dong Thap,2006-01-29,2006,1,29,0.0
Dong Thap,2006-01-30,2006,1,30,1.321369475191186
Dong Thap,2006-01-31,2006,1,31,2.140382284699639
Dong Thap,2006-02-01,2006,2,1,0.0
Dong Thap,2006-02-02,2006,2,2,0.0
Dong Thap,2006-02-03,2006,2,3,0.0
Dong Thap,2006-02-04,2006,2,4,0.0
Dong Thap,2006-02-05,2006,2,5,0.0
Dong Thap,2006-02-06,2006,2,6,0.0
Dong Thap,2006-02-07,2006,2,7,0.0
Dong Thap,2006-02-08,2006,2,8,0.0
Dong Thap,2006-02-09,2006,2,9,0.0
Dong Thap,2006-02-10,2006,2,10,0.0
Dong Thap,2006-02-11,2006,2,11,0.0
Dong Thap,2006-02-12,2006,2,12,0.0
Dong Thap,2006-02-13,2006,2,13,0.0
Dong Thap,2006-02-14,2006,2,14,0.0
Dong Thap,2006-02-15,2006,2,15,0.0
Dong Thap,2006-02-16,2006,2,16,0.0
Dong Thap,2006-02-17,2006,2,17,0.0
Dong Thap,2006-02-18,2006,2,18,0.0
Dong Thap,2006-02-19,2006,2,19,0.0
Dong Thap,2006-02-20,2006,2,20,0.0
Dong Thap,2006-02-21,2006,2,21,0.0
Dong Thap,2006-02-22,2006,2,22,0.0
Dong Thap,2006-02-23,2006,2,23,0.0
Dong Thap,2006-02-24,2006,2,24,0.0
Dong Thap,2006-02-25,2006,2,25,0.0
Dong Thap,2006-02-26,2006,2,26,0.0
Dong Thap,2006-02-27,2006,2,27,0.0
Dong Thap,2006-02-28,2006,2,28,0.0
Dong Thap,2006-03-01,2006,3,1,0.0
Dong Thap,2006-03-02,2006,3,2,0.0
Dong Thap,2006-03-03,2006,3,3,0.0
Dong Thap,2006-03-04,2006,3,4,0.0
Dong Thap,2006-03-05,2006,3,5,0.0
Dong Thap,2006-03-06,2006,3,6,0.0
Dong Thap,2006-03-07,2006,3,7,0.0
Dong Thap,2006-03-08,2006,3,8,0.0
Dong Thap,2006-03-09,2006,3,9,0.0
Dong Thap,2006-03-10,2006,3,10,0.0
Dong Thap,2006-03-11,2006,3,11,0.0
Dong Thap,2006-03-12,2006,3,12,0.0
Dong Thap,2006-03-13,2006,3,13,0.0
Dong Thap,2006-03-14,2006,3,14,8.15191373126913
Dong Thap,2006-03-15,2006,3,15,6.4191236587079405
Dong Thap,2006-03-16,2006,3,16,0.0
Dong Thap,2006-03-17,2006,3,17,0.0
Dong Thap,2006-03-18,2006,3,18,0.0
Dong Thap,2006-03-19,2006,3,19,0.0
Dong Thap,2006-03-20,2006,3,20,0.0
Dong Thap,2006-03-21,2006,3,21,0.0
Dong Thap,2006-03-22,2006,3,22,0.0
Dong Thap,2006-03-23,2006,3,23,1.0833132482823364
Dong Thap,2006-03-24,2006,3,24,1.6469408785448818
Dong Thap,2006-03-25,2006,3,25,1.7875881842239276
Dong Thap,2006-03-26,2006,3,26,0.0
Dong Thap,2006-03-27,2006,3,27,0.0
Dong Thap,2006-03-28,2006,3,28,0.5596749001730587
Dong Thap,2006-03-29,2006,3,29,0.0
Dong Thap,2006-03-30,2006,3,30,3.276430763180817
Dong Thap,2006-03-31,2006,3,31,4.80088988019207
Dong Thap,2006-04-01,2006,4,1,7.965014499319038
Dong Thap,2006-04-02,2006,4,2,6.25314230279287
Dong Thap,2006-04-03,2006,4,3,4.914251849504994
Dong Thap,2006-04-04,2006,4,4,1.543095308980461
Dong Thap,2006-04-05,2006,4,5,0.0
Dong Thap,2006-04-06,2006,4,6,4.741115804564689
Dong Thap,2006-04-07,2006,4,7,1.593197587148007
Dong Thap,2006-04-08,2006,4,8,7.884876239602731
Dong Thap,2006-04-09,2006,4,9,7.481384603275795
Dong Thap,2006-04-10,2006,4,10,5.692936506317615
Dong Thap,2006-04-11,2006,4,11,0.0408140467439672
Dong Thap,2006-04-12,2006,4,12,0.2983686370740867
Dong Thap,2006-04-13,2006,4,13,0.7149491957155298
Dong Thap,2006-04-14,2006,4,14,0.232767755762909
Dong Thap,2006-04-15,2006,4,15,1.2963955132888774
Dong Thap,2006-04-16,2006,4,16,1.0839864465555742
Dong Thap,2006-04-17,2006,4,17,4.726636576367147
Dong Thap,2006-04-18,2006,4,18,5.028753765662806
Dong Thap,2006-04-19,2006,4,19,0.0388649732909127
Dong Thap,2006-04-20,2006,4,20,0.0
Dong Thap,2006-04-21,2006,4,21,0.0
Dong Thap,2006-04-22,2006,4,22,4.701878405885953
Dong Thap,2006-04-23,2006,4,23,2.616802530634123
Dong Thap,2006-04-24,2006,4,24,0.0
Dong Thap,2006-04-25,2006,4,25,0.0
Dong Thap,2006-04-26,2006,4,26,6.218005820145161
Dong Thap,2006-04-27,2006,4,27,2.6375005591448546
Dong Thap,2006-04-28,2006,4,28,20.130001875259776
Dong Thap,2006-04-29,2006,4,29,32.19482225562429
Dong Thap,2006-04-30,2006,4,30,3.3455675700799867
Dong Thap,2006-05-01,2006,5,1,1.509882432954068
Dong Thap,2006-05-02,2006,5,2,0.2598355531367903
Dong Thap,2006-05-03,2006,5,3,10.535922754864478
Dong Thap,2006-05-04,2006,5,4,0.7866799668617086
Dong Thap,2006-05-05,2006,5,5,3.5100347940576078
Dong Thap,2006-05-06,2006,5,6,6.210228811066138
Dong Thap,2006-05-07,2006,5,7,7.744598663905481
Dong Thap,2006-05-08,2006,5,8,5.151790558676451
Dong Thap,2006-05-09,2006,5,9,8.455629436342734
Dong Thap,2006-05-10,2006,5,10,0.7561259922227648
Dong Thap,2006-05-11,2006,5,11,5.475100681425788
Dong Thap,2006-05-12,2006,5,12,4.963791112213249
Dong Thap,2006-05-13,2006,5,13,7.313303255496554
Dong Thap,2006-05-14,2006,5,14,6.267470542180013
Dong Thap,2006-05-15,2006,5,15,4.626579441503789
Dong Thap,2006-05-16,2006,5,16,0.1633142294298366
Dong Thap,2006-05-17,2006,5,17,1.2054342166052558
Dong Thap,2006-05-18,2006,5,18,7.320453535740893
Dong Thap,2006-05-19,2006,5,19,6.482402704951983
Dong Thap,2006-05-20,2006,5,20,9.13286887457886
Dong Thap,2006-05-21,2006,5,21,3.634756702981298
Dong Thap,2006-05-22,2006,5,22,0.0137296449929807
Dong Thap,2006-05-23,2006,5,23,4.851749930944142
Dong Thap,2006-05-24,2006,5,24,11.73950799413081
Dong Thap,2006-05-25,2006,5,25,3.84475175833821
Dong Thap,2006-05-26,2006,5,26,10.31886238611715
Dong Thap,2006-05-27,2006,5,27,17.414452844204902
Dong Thap,2006-05-28,2006,5,28,0.0
Dong Thap,2006-05-29,2006,5,29,8.087195352223656
Dong Thap,2006-05-30,2006,5,30,11.597258822012298
Dong Thap,2006-05-31,2006,5,31,5.657279536435733
Dong Thap,2006-06-01,2006,6,1,0.0014335649379235
Dong Thap,2006-06-02,2006,6,2,9.268554024220808
Dong Thap,2006-06-03,2006,6,3,4.030044833379507
Dong Thap,2006-06-04,2006,6,4,7.073180718171184
Dong Thap,2006-06-05,2006,6,5,9.548398336079051
Dong Thap,2006-06-06,2006,6,6,3.3378104595220197
Dong Thap,2006-06-07,2006,6,7,3.392872850526235
Dong Thap,2006-06-08,2006,6,8,0.0
Dong Thap,2006-06-09,2006,6,9,0.1579965550274109
Dong Thap,2006-06-10,2006,6,10,3.530021727872944
Dong Thap,2006-06-11,2006,6,11,7.145536851045737
Dong Thap,2006-06-12,2006,6,12,4.3635561884815575
Dong Thap,2006-06-13,2006,6,13,17.71111237149349
Dong Thap,2006-06-14,2006,6,14,5.787592575518703
Dong Thap,2006-06-15,2006,6,15,0.0
Dong Thap,2006-06-16,2006,6,16,7.16507466016022
Dong Thap,2006-06-17,2006,6,17,17.163751542662876
Dong Thap,2006-06-18,2006,6,18,16.796530727764516
Dong Thap,2006-06-19,2006,6,19,3.3595834051112816
Dong Thap,2006-06-20,2006,6,20,7.589591020314579
Dong Thap,2006-06-21,2006,6,21,5.613941256464919
Dong Thap,2006-06-22,2006,6,22,3.1624290721200605
Dong Thap,2006-06-23,2006,6,23,7.27835480581748
Dong Thap,2006-06-24,2006,6,24,7.785011240163029
Dong Thap,2006-06-25,2006,6,25,0.5528358981463003
Dong Thap,2006-06-26,2006,6,26,1.7641310988774714
Dong Thap,2006-06-27,2006,6,27,7.205429921561094
Dong Thap,2006-06-28,2006,6,28,11.273986531853916
Dong Thap,2006-06-29,2006,6,29,3.173319005225016
Dong Thap,2006-06-30,2006,6,30,7.286923497110528
Dong Thap,2006-07-01,2006,7,1,1.1804610181820476
Dong Thap,2006-07-02,2006,7,2,1.8173997929226324
Dong Thap,2006-07-03,2006,7,3,0.962968650469034
Dong Thap,2006-07-04,2006,7,4,0.2827855800085118
Dong Thap,2006-07-05,2006,7,5,4.043159738801789
Dong Thap,2006-07-06,2006,7,6,6.822107983448348
Dong Thap,2006-07-07,2006,7,7,1.895857578465964
Dong Thap,2006-07-08,2006,7,8,3.4080422112385573
Dong Thap,2006-07-09,2006,7,9,0.9769834446371451
Dong Thap,2006-07-10,2006,7,10,2.325506789102179
Dong Thap,2006-07-11,2006,7,11,0.9123998343511748
Dong Thap,2006-07-12,2006,7,12,1.863096778831542
Dong Thap,2006-07-13,2006,7,13,8.55549354259865
Dong Thap,2006-07-14,2006,7,14,5.50730694293137
Dong Thap,2006-07-15,2006,7,15,6.4143435056785165
Dong Thap,2006-07-16,2006,7,16,6.389673541469693
Dong Thap,2006-07-17,2006,7,17,7.976709070675274
Dong Thap,2006-07-18,2006,7,18,4.6073656738115485
Dong Thap,2006-07-19,2006,7,19,0.3507422539742592
Dong Thap,2006-07-20,2006,7,20,11.801464597269169
Dong Thap,2006-07-21,2006,7,21,11.038329070864656
Dong Thap,2006-07-22,2006,7,22,0.0
Dong Thap,2006-07-23,2006,7,23,2.9162514072671497
Dong Thap,2006-07-24,2006,7,24,13.636665766015192
Dong Thap,2006-07-25,2006,7,25,1.5164690660543116
Dong Thap,2006-07-26,2006,7,26,1.1946059052219775
Dong Thap,2006-07-27,2006,7,27,10.004455845318654
Dong Thap,2006-07-28,2006,7,28,10.459330141030389
Dong Thap,2006-07-29,2006,7,29,1.4882658949670855
Dong Thap,2006-07-30,2006,7,30,16.15890282646771
Dong Thap,2006-07-31,2006,7,31,0.1268074731586577
Dong Thap,2006-08-01,2006,8,1,1.253998049328812
Dong Thap,2006-08-02,2006,8,2,1.080060744027932
Dong Thap,2006-08-03,2006,8,3,5.544865888865702
Dong Thap,2006-08-04,2006,8,4,8.914407686470907
Dong Thap,2006-08-05,2006,8,5,1.160706280627325
Dong Thap,2006-08-06,2006,8,6,3.818281923457286
Dong Thap,2006-08-07,2006,8,7,5.285670265660198
Dong Thap,2006-08-08,2006,8,8,1.8111718681452624
Dong Thap,2006-08-09,2006,8,9,5.272772017529093
Dong Thap,2006-08-10,2006,8,10,0.9071884703035658
Dong Thap,2006-08-11,2006,8,11,4.027412993268331
Dong Thap,2006-08-12,2006,8,12,12.659090380090303
Dong Thap,2006-08-13,2006,8,13,3.988286101249358
Dong Thap,2006-08-14,2006,8,14,4.668078431817768
Dong Thap,2006-08-15,2006,8,15,4.612610294961836
Dong Thap,2006-08-16,2006,8,16,2.1263627470188835
Dong Thap,2006-08-17,2006,8,17,0.5422080218392973
Dong Thap,2006-08-18,2006,8,18,0.0780181744376195
Dong Thap,2006-08-19,2006,8,19,0.0330720791774513
Dong Thap,2006-08-20,2006,8,20,1.778940341932205
Dong Thap,2006-08-21,2006,8,21,0.0393882395426161
Dong Thap,2006-08-22,2006,8,22,10.170850685902234
Dong Thap,2006-08-23,2006,8,23,7.358671901547666
Dong Thap,2006-08-24,2006,8,24,0.0873265471186852
Dong Thap,2006-08-25,2006,8,25,4.172479956151948
Dong Thap,2006-08-26,2006,8,26,1.5102085362547557
Dong Thap,2006-08-27,2006,8,27,7.429935097065482
Dong Thap,2006-08-28,2006,8,28,15.45440546111614
Dong Thap,2006-08-29,2006,8,29,13.56148926450845
Dong Thap,2006-08-30,2006,8,30,13.53665863561446
Dong Thap,2006-08-31,2006,8,31,9.541427794540445
Dong Thap,2006-09-01,2006,9,1,1.090964729617668
Dong Thap,2006-09-02,2006,9,2,4.195092273050623
Dong Thap,2006-09-03,2006,9,3,10.150990121795228
Dong Thap,2006-09-04,2006,9,4,8.110101128837703
Dong Thap,2006-09-05,2006,9,5,6.318673366223004
Dong Thap,2006-09-06,2006,9,6,1.5080835478211678
Dong Thap,2006-09-07,2006,9,7,0.0074293097522974
Dong Thap,2006-09-08,2006,9,8,3.538768294350829
Dong Thap,2006-09-09,2006,9,9,4.294756852775059
Dong Thap,2006-09-10,2006,9,10,2.437998067759211
Dong Thap,2006-09-11,2006,9,11,14.81316937863596
Dong Thap,2006-09-12,2006,9,12,14.28679488594904
Dong Thap,2006-09-13,2006,9,13,0.0602452883394174
Dong Thap,2006-09-14,2006,9,14,0.0
Dong Thap,2006-09-15,2006,9,15,0.908942208069372
Dong Thap,2006-09-16,2006,9,16,3.880162308985396
Dong Thap,2006-09-17,2006,9,17,8.387743517063303
Dong Thap,2006-09-18,2006,9,18,12.118590690501565
Dong Thap,2006-09-19,2006,9,19,4.430838998926991
Dong Thap,2006-09-20,2006,9,20,2.195016254693952
Dong Thap,2006-09-21,2006,9,21,12.983050800110975
Dong Thap,2006-09-22,2006,9,22,22.154962052746036
Dong Thap,2006-09-23,2006,9,23,6.953264860540714
Dong Thap,2006-09-24,2006,9,24,10.661011726428296
Dong Thap,2006-09-25,2006,9,25,12.37475681387434
Dong Thap,2006-09-26,2006,9,26,28.518239609530266
Dong Thap,2006-09-27,2006,9,27,6.042353165320102
Dong Thap,2006-09-28,2006,9,28,7.004026125300785
Dong Thap,2006-09-29,2006,9,29,0.0228550379471576
Dong Thap,2006-09-30,2006,9,30,11.419714943984475
Dong Thap,2006-10-01,2006,10,1,14.61981485199436
Dong Thap,2006-10-02,2006,10,2,2.121649252805737
Dong Thap,2006-10-03,2006,10,3,9.593922473092936
Dong Thap,2006-10-04,2006,10,4,16.82615885058037
Dong Thap,2006-10-05,2006,10,5,3.345423706689062
Dong Thap,2006-10-06,2006,10,6,1.378966349361974
Dong Thap,2006-10-07,2006,10,7,4.020563500428485
Dong Thap,2006-10-08,2006,10,8,1.9840783498199008
Dong Thap,2006-10-09,2006,10,9,15.402316446474194
Dong Thap,2006-10-10,2006,10,10,12.784740221860154
Dong Thap,2006-10-11,2006,10,11,0.0
Dong Thap,2006-10-12,2006,10,12,0.0
Dong Thap,2006-10-13,2006,10,13,10.13264021928656
Dong Thap,2006-10-14,2006,10,14,8.565152973186837
Dong Thap,2006-10-15,2006,10,15,9.633676062818822
Dong Thap,2006-10-16,2006,10,16,13.453578152068486
Dong Thap,2006-10-17,2006,10,17,13.82681158641473
Dong Thap,2006-10-18,2006,10,18,12.593391161103456
Dong Thap,2006-10-19,2006,10,19,1.7048803284943488
Dong Thap,2006-10-20,2006,10,20,0.0071180445119478
Dong Thap,2006-10-21,2006,10,21,0.0908366205039304
Dong Thap,2006-10-22,2006,10,22,9.019106134079143
Dong Thap,2006-10-23,2006,10,23,7.150748066196695
Dong Thap,2006-10-24,2006,10,24,8.096919517993708
Dong Thap,2006-10-25,2006,10,25,3.305603758274954
Dong Thap,2006-10-26,2006,10,26,6.888657198664767
Dong Thap,2006-10-27,2006,10,27,4.461803502578811
Dong Thap,2006-10-28,2006,10,28,2.9900045792667505
Dong Thap,2006-10-29,2006,10,29,4.82873088898425
Dong Thap,2006-10-30,2006,10,30,10.193519841205887
Dong Thap,2006-10-31,2006,10,31,5.434407881525114
Dong Thap,2006-11-01,2006,11,1,0.0
Dong Thap,2006-11-02,2006,11,2,0.0
Dong Thap,2006-11-03,2006,11,3,7.409654913168794
Dong Thap,2006-11-04,2006,11,4,0.0
Dong Thap,2006-11-05,2006,11,5,0.0
Dong Thap,2006-11-06,2006,11,6,0.0
Dong Thap,2006-11-07,2006,11,7,0.0
Dong Thap,2006-11-08,2006,11,8,5.277963307835979
Dong Thap,2006-11-09,2006,11,9,5.535848019025424
Dong Thap,2006-11-10,2006,11,10,0.013537882003677
Dong Thap,2006-11-11,2006,11,11,2.0188219401539915
Dong Thap,2006-11-12,2006,11,12,0.0
Dong Thap,2006-11-13,2006,11,13,0.0010726494883257
Dong Thap,2006-11-14,2006,11,14,5.475616291581242
Dong Thap,2006-11-15,2006,11,15,9.775445658900392
Dong Thap,2006-11-16,2006,11,16,2.0872669586667074
Dong Thap,2006-11-17,2006,11,17,1.3635890511582431
Dong Thap,2006-11-18,2006,11,18,1.8153701572697365
Dong Thap,2006-11-19,2006,11,19,0.5925216407178884
Dong Thap,2006-11-20,2006,11,20,0.000641758665898935
Dong Thap,2006-11-21,2006,11,21,0.0
Dong Thap,2006-11-22,2006,11,22,0.0
Dong Thap,2006-11-23,2006,11,23,0.1846344020527885
Dong Thap,2006-11-24,2006,11,24,1.2222169507299117
Dong Thap,2006-11-25,2006,11,25,0.1471199728556979
Dong Thap,2006-11-26,2006,11,26,0.0
Dong Thap,2006-11-27,2006,11,27,0.0
Dong Thap,2006-11-28,2006,11,28,0.0
Dong Thap,2006-11-29,2006,11,29,0.0
Dong Thap,2006-11-30,2006,11,30,0.0
Dong Thap,2006-12-01,2006,12,1,0.0
Dong Thap,2006-12-02,2006,12,2,0.0
Dong Thap,2006-12-03,2006,12,3,0.0
Dong Thap,2006-12-04,2006,12,4,0.930625524648279
Dong Thap,2006-12-05,2006,12,5,3.605785053800719
Dong Thap,2006-12-06,2006,12,6,0.0
Dong Thap,2006-12-07,2006,12,7,2.366384259299785
Dong Thap,2006-12-08,2006,12,8,0.0
Dong Thap,2006-12-09,2006,12,9,0.0
Dong Thap,2006-12-10,2006,12,10,5.126632418671999
Dong Thap,2006-12-11,2006,12,11,0.0
Dong Thap,2006-12-12,2006,12,12,0.0
Dong Thap,2006-12-13,2006,12,13,0.0180632438902035
Dong Thap,2006-12-14,2006,12,14,0.0
Dong Thap,2006-12-15,2006,12,15,0.0
Dong Thap,2006-12-16,2006,12,16,0.0
Dong Thap,2006-12-17,2006,12,17,0.0
Dong Thap,2006-12-18,2006,12,18,0.0
Dong Thap,2006-12-19,2006,12,19,0.0
Dong Thap,2006-12-20,2006,12,20,0.0
Dong Thap,2006-12-21,2006,12,21,0.0
Dong Thap,2006-12-22,2006,12,22,0.0
Dong Thap,2006-12-23,2006,12,23,0.0
Dong Thap,2006-12-24,2006,12,24,0.0
Dong Thap,2006-12-25,2006,12,25,0.0
Dong Thap,2006-12-26,2006,12,26,0.0
Dong Thap,2006-12-27,2006,12,27,0.0
Dong Thap,2006-12-28,2006,12,28,0.0
Dong Thap,2006-12-29,2006,12,29,1.0043388898204395
Dong Thap,2006-12-30,2006,12,30,1.06236986340864
Dong Thap,2006-12-31,2006,12,31,6.598261268907915
Dong Thap,2007-01-01,2007,1,1,1.089467131431502
Dong Thap,2007-01-02,2007,1,2,2.6922347587044064
Dong Thap,2007-01-03,2007,1,3,0.5904441621769086
Dong Thap,2007-01-04,2007,1,4,2.023663496380088
Dong Thap,2007-01-05,2007,1,5,7.223316903547928
Dong Thap,2007-01-06,2007,1,6,2.6144842947789906
Dong Thap,2007-01-07,2007,1,7,1.519755809836466
Dong Thap,2007-01-08,2007,1,8,0.1338495373022591
Dong Thap,2007-01-09,2007,1,9,0.0
Dong Thap,2007-01-10,2007,1,10,0.0
Dong Thap,2007-01-11,2007,1,11,0.0
Dong Thap,2007-01-12,2007,1,12,0.0
Dong Thap,2007-01-13,2007,1,13,0.0
Dong Thap,2007-01-14,2007,1,14,0.0
Dong Thap,2007-01-15,2007,1,15,0.0
Dong Thap,2007-01-16,2007,1,16,0.4213803007569824
Dong Thap,2007-01-17,2007,1,17,0.0
Dong Thap,2007-01-18,2007,1,18,0.0
Dong Thap,2007-01-19,2007,1,19,0.0
Dong Thap,2007-01-20,2007,1,20,0.0
Dong Thap,2007-01-21,2007,1,21,0.0
Dong Thap,2007-01-22,2007,1,22,0.0
Dong Thap,2007-01-23,2007,1,23,0.0
Dong Thap,2007-01-24,2007,1,24,0.0
Dong Thap,2007-01-25,2007,1,25,0.0048202825412204
Dong Thap,2007-01-26,2007,1,26,0.0
Dong Thap,2007-01-27,2007,1,27,0.0
Dong Thap,2007-01-28,2007,1,28,0.0
Dong Thap,2007-01-29,2007,1,29,0.0
Dong Thap,2007-01-30,2007,1,30,0.0
Dong Thap,2007-01-31,2007,1,31,0.0
Dong Thap,2007-02-01,2007,2,1,0.0
Dong Thap,2007-02-02,2007,2,2,0.0
Dong Thap,2007-02-03,2007,2,3,0.0
Dong Thap,2007-02-04,2007,2,4,0.0
Dong Thap,2007-02-05,2007,2,5,0.0
Dong Thap,2007-02-06,2007,2,6,0.0
Dong Thap,2007-02-07,2007,2,7,0.0
Dong Thap,2007-02-08,2007,2,8,0.0
Dong Thap,2007-02-09,2007,2,9,0.0
Dong Thap,2007-02-10,2007,2,10,0.0
Dong Thap,2007-02-11,2007,2,11,0.0
Dong Thap,2007-02-12,2007,2,12,0.0
Dong Thap,2007-02-13,2007,2,13,0.0
Dong Thap,2007-02-14,2007,2,14,0.0
Dong Thap,2007-02-15,2007,2,15,0.0814550487138203
Dong Thap,2007-02-16,2007,2,16,0.0
Dong Thap,2007-02-17,2007,2,17,0.0
Dong Thap,2007-02-18,2007,2,18,0.0
Dong Thap,2007-02-19,2007,2,19,0.0
Dong Thap,2007-02-20,2007,2,20,0.0
Dong Thap,2007-02-21,2007,2,21,0.5090027162418467
Dong Thap,2007-02-22,2007,2,22,0.0
Dong Thap,2007-02-23,2007,2,23,0.0
Dong Thap,2007-02-24,2007,2,24,0.0
Dong Thap,2007-02-25,2007,2,25,0.0046338327677038
Dong Thap,2007-02-26,2007,2,26,0.8237808169503315
Dong Thap,2007-02-27,2007,2,27,0.5058557477861891
Dong Thap,2007-02-28,2007,2,28,0.1249158552357309
Dong Thap,2007-03-01,2007,3,1,0.0
Dong Thap,2007-03-02,2007,3,2,0.0
Dong Thap,2007-03-03,2007,3,3,0.0
Dong Thap,2007-03-04,2007,3,4,0.0
Dong Thap,2007-03-05,2007,3,5,0.0
Dong Thap,2007-03-06,2007,3,6,0.0
Dong Thap,2007-03-07,2007,3,7,0.0
Dong Thap,2007-03-08,2007,3,8,0.0
Dong Thap,2007-03-09,2007,3,9,0.0
Dong Thap,2007-03-10,2007,3,10,0.0
Dong Thap,2007-03-11,2007,3,11,0.0
Dong Thap,2007-03-12,2007,3,12,0.0
Dong Thap,2007-03-13,2007,3,13,0.0
Dong Thap,2007-03-14,2007,3,14,0.0
Dong Thap,2007-03-15,2007,3,15,0.0
Dong Thap,2007-03-16,2007,3,16,0.0
Dong Thap,2007-03-17,2007,3,17,11.13252019728017
Dong Thap,2007-03-18,2007,3,18,0.6703638491654628
Dong Thap,2007-03-19,2007,3,19,0.2672984935486968
Dong Thap,2007-03-20,2007,3,20,6.917270215404445
Dong Thap,2007-03-21,2007,3,21,0.1726160575154959
Dong Thap,2007-03-22,2007,3,22,0.6766253998010693
Dong Thap,2007-03-23,2007,3,23,1.97519367230988
Dong Thap,2007-03-24,2007,3,24,1.3659299552264814
Dong Thap,2007-03-25,2007,3,25,2.174047351238513
Dong Thap,2007-03-26,2007,3,26,0.6212747826283007
Dong Thap,2007-03-27,2007,3,27,0.0671816858232007
Dong Thap,2007-03-28,2007,3,28,0.0
Dong Thap,2007-03-29,2007,3,29,0.0
Dong Thap,2007-03-30,2007,3,30,0.0
Dong Thap,2007-03-31,2007,3,31,0.0
Dong Thap,2007-04-01,2007,4,1,0.0
Dong Thap,2007-04-02,2007,4,2,0.0
Dong Thap,2007-04-03,2007,4,3,0.0771375611062652
Dong Thap,2007-04-04,2007,4,4,0.0
Dong Thap,2007-04-05,2007,4,5,0.0
Dong Thap,2007-04-06,2007,4,6,0.9873729540643325
Dong Thap,2007-04-07,2007,4,7,1.0112228938206156
Dong Thap,2007-04-08,2007,4,8,0.2375601864007153
Dong Thap,2007-04-09,2007,4,9,0.0
Dong Thap,2007-04-10,2007,4,10,1.385806930992969
Dong Thap,2007-04-11,2007,4,11,5.049570601322778
Dong Thap,2007-04-12,2007,4,12,0.0
Dong Thap,2007-04-13,2007,4,13,0.0
Dong Thap,2007-04-14,2007,4,14,0.0
Dong Thap,2007-04-15,2007,4,15,0.1079267503312041
Dong Thap,2007-04-16,2007,4,16,2.417781334034785
Dong Thap,2007-04-17,2007,4,17,1.0037608292399278
Dong Thap,2007-04-18,2007,4,18,8.336911799559006
Dong Thap,2007-04-19,2007,4,19,4.943563969038713
Dong Thap,2007-04-20,2007,4,20,1.499673767724977
Dong Thap,2007-04-21,2007,4,21,0.0
Dong Thap,2007-04-22,2007,4,22,0.6868855779251327
Dong Thap,2007-04-23,2007,4,23,0.3332936926638156
Dong Thap,2007-04-24,2007,4,24,0.0
Dong Thap,2007-04-25,2007,4,25,0.3335401032289896
Dong Thap,2007-04-26,2007,4,26,10.293824646987964
Dong Thap,2007-04-27,2007,4,27,2.2946487528032957
Dong Thap,2007-04-28,2007,4,28,8.74302242257737
Dong Thap,2007-04-29,2007,4,29,12.20824416040265
Dong Thap,2007-04-30,2007,4,30,10.875950283343649
Dong Thap,2007-05-01,2007,5,1,8.441593590685102
Dong Thap,2007-05-02,2007,5,2,0.0
Dong Thap,2007-05-03,2007,5,3,0.5061477880941
Dong Thap,2007-05-04,2007,5,4,4.639491263493837
Dong Thap,2007-05-05,2007,5,5,0.0
Dong Thap,2007-05-06,2007,5,6,8.697795950199213
Dong Thap,2007-05-07,2007,5,7,2.7050882384759207
Dong Thap,2007-05-08,2007,5,8,2.3698568810119847
Dong Thap,2007-05-09,2007,5,9,10.789313137098477
Dong Thap,2007-05-10,2007,5,10,8.185709182789244
Dong Thap,2007-05-11,2007,5,11,13.254959493381838
Dong Thap,2007-05-12,2007,5,12,17.102527628551947
Dong Thap,2007-05-13,2007,5,13,11.47369617376572
Dong Thap,2007-05-14,2007,5,14,10.462042840674856
Dong Thap,2007-05-15,2007,5,15,0.2782169954155154
Dong Thap,2007-05-16,2007,5,16,1.9450066166722584
Dong Thap,2007-05-17,2007,5,17,1.5504026959779331
Dong Thap,2007-05-18,2007,5,18,2.5978482226097896
Dong Thap,2007-05-19,2007,5,19,1.913385190199853
Dong Thap,2007-05-20,2007,5,20,6.664600197483626
Dong Thap,2007-05-21,2007,5,21,5.809147339965955
Dong Thap,2007-05-22,2007,5,22,3.5758381431365667
Dong Thap,2007-05-23,2007,5,23,0.0
Dong Thap,2007-05-24,2007,5,24,0.5555944045181849
Dong Thap,2007-05-25,2007,5,25,6.981816134743335
Dong Thap,2007-05-26,2007,5,26,8.993586459687592
Dong Thap,2007-05-27,2007,5,27,12.093331351433312
Dong Thap,2007-05-28,2007,5,28,11.61766955863058
Dong Thap,2007-05-29,2007,5,29,11.918952245817229
Dong Thap,2007-05-30,2007,5,30,4.921745254301228
Dong Thap,2007-05-31,2007,5,31,3.107549453453869
Dong Thap,2007-06-01,2007,6,1,6.107037225405536
Dong Thap,2007-06-02,2007,6,2,11.98857090900294
Dong Thap,2007-06-03,2007,6,3,5.485432472965033
Dong Thap,2007-06-04,2007,6,4,0.4971480810888395
Dong Thap,2007-06-05,2007,6,5,5.792197760599444
Dong Thap,2007-06-06,2007,6,6,4.900027915534446
Dong Thap,2007-06-07,2007,6,7,0.7374466748661752
Dong Thap,2007-06-08,2007,6,8,0.1908089278072679
Dong Thap,2007-06-09,2007,6,9,0.3754067422176721
Dong Thap,2007-06-10,2007,6,10,0.0
Dong Thap,2007-06-11,2007,6,11,0.0
Dong Thap,2007-06-12,2007,6,12,3.836518600559405
Dong Thap,2007-06-13,2007,6,13,2.704809296068918
Dong Thap,2007-06-14,2007,6,14,14.499747485605422
Dong Thap,2007-06-15,2007,6,15,15.64814596766378
Dong Thap,2007-06-16,2007,6,16,3.7570160507195536
Dong Thap,2007-06-17,2007,6,17,8.265302455706578
Dong Thap,2007-06-18,2007,6,18,6.593626621110597
Dong Thap,2007-06-19,2007,6,19,4.119258748205549
Dong Thap,2007-06-20,2007,6,20,12.32421992513255
Dong Thap,2007-06-21,2007,6,21,6.877032346274539
Dong Thap,2007-06-22,2007,6,22,13.548918026332707
Dong Thap,2007-06-23,2007,6,23,10.509391572163272
Dong Thap,2007-06-24,2007,6,24,6.52369384341481
Dong Thap,2007-06-25,2007,6,25,5.601867215478395
Dong Thap,2007-06-26,2007,6,26,4.645652518443894
Dong Thap,2007-06-27,2007,6,27,8.171439508732304
Dong Thap,2007-06-28,2007,6,28,9.784177360362625
Dong Thap,2007-06-29,2007,6,29,0.7537280533869355
Dong Thap,2007-06-30,2007,6,30,7.226070962445597
Dong Thap,2007-07-01,2007,7,1,6.129789674440312
Dong Thap,2007-07-02,2007,7,2,0.0003573921956468498
Dong Thap,2007-07-03,2007,7,3,7.671659500975708
Dong Thap,2007-07-04,2007,7,4,14.557938172943272
Dong Thap,2007-07-05,2007,7,5,6.266838111411098
Dong Thap,2007-07-06,2007,7,6,18.79379349184165
Dong Thap,2007-07-07,2007,7,7,0.077877326342479
Dong Thap,2007-07-08,2007,7,8,6.683105519739221
Dong Thap,2007-07-09,2007,7,9,1.050810624810879
Dong Thap,2007-07-10,2007,7,10,4.51214047619916
Dong Thap,2007-07-11,2007,7,11,11.286229697909242
Dong Thap,2007-07-12,2007,7,12,1.010966236071438
Dong Thap,2007-07-13,2007,7,13,5.30691729051498
Dong Thap,2007-07-14,2007,7,14,7.6503858628025725
Dong Thap,2007-07-15,2007,7,15,17.795161468468198
Dong Thap,2007-07-16,2007,7,16,1.909156190894589
Dong Thap,2007-07-17,2007,7,17,1.0144855245349351
Dong Thap,2007-07-18,2007,7,18,4.827918588587665
Dong Thap,2007-07-19,2007,7,19,12.292730968921449
Dong Thap,2007-07-20,2007,7,20,20.173187149647596
Dong Thap,2007-07-21,2007,7,21,4.699997207942343
Dong Thap,2007-07-22,2007,7,22,4.443545768570407
Dong Thap,2007-07-23,2007,7,23,3.656986353370725
Dong Thap,2007-07-24,2007,7,24,4.979108005667424
Dong Thap,2007-07-25,2007,7,25,3.1417535319434067
Dong Thap,2007-07-26,2007,7,26,15.433840492373829
Dong Thap,2007-07-27,2007,7,27,14.922025058595176
Dong Thap,2007-07-28,2007,7,28,14.762295952047753
Dong Thap,2007-07-29,2007,7,29,15.311353028618557
Dong Thap,2007-07-30,2007,7,30,8.735228235986133
Dong Thap,2007-07-31,2007,7,31,0.1610661604817231
Dong Thap,2007-08-01,2007,8,1,3.4441052869330844
Dong Thap,2007-08-02,2007,8,2,14.853858770738794
Dong Thap,2007-08-03,2007,8,3,10.375053516646377
Dong Thap,2007-08-04,2007,8,4,10.427095196632289
Dong Thap,2007-08-05,2007,8,5,3.91703089562462
Dong Thap,2007-08-06,2007,8,6,8.317915065896624
Dong Thap,2007-08-07,2007,8,7,0.6588579305234827
Dong Thap,2007-08-08,2007,8,8,9.30362323807674
Dong Thap,2007-08-09,2007,8,9,16.38056939288497
Dong Thap,2007-08-10,2007,8,10,7.784042489009292
Dong Thap,2007-08-11,2007,8,11,1.4516417735053588
Dong Thap,2007-08-12,2007,8,12,0.6874632162959335
Dong Thap,2007-08-13,2007,8,13,0.0
Dong Thap,2007-08-14,2007,8,14,0.1593008584951309
Dong Thap,2007-08-15,2007,8,15,9.767809122665572
Dong Thap,2007-08-16,2007,8,16,9.299692954907805
Dong Thap,2007-08-17,2007,8,17,4.570851557519744
Dong Thap,2007-08-18,2007,8,18,1.8625306816180325
Dong Thap,2007-08-19,2007,8,19,8.206834903143687
Dong Thap,2007-08-20,2007,8,20,7.705983350640494
Dong Thap,2007-08-21,2007,8,21,6.863837945054168
Dong Thap,2007-08-22,2007,8,22,0.1969812744723335
Dong Thap,2007-08-23,2007,8,23,2.581975623194338
Dong Thap,2007-08-24,2007,8,24,5.182293320955912
Dong Thap,2007-08-25,2007,8,25,8.630104314193504
Dong Thap,2007-08-26,2007,8,26,7.172396237370859
Dong Thap,2007-08-27,2007,8,27,10.15697317327505
Dong Thap,2007-08-28,2007,8,28,4.924796766094101
Dong Thap,2007-08-29,2007,8,29,8.528844246943843
Dong Thap,2007-08-30,2007,8,30,10.35854685547294
Dong Thap,2007-08-31,2007,8,31,8.16226212210684
Dong Thap,2007-09-01,2007,9,1,12.05233471633518
Dong Thap,2007-09-02,2007,9,2,19.922401203383163
Dong Thap,2007-09-03,2007,9,3,0.7419372059900201
Dong Thap,2007-09-04,2007,9,4,3.9700341407731177
Dong Thap,2007-09-05,2007,9,5,0.0
Dong Thap,2007-09-06,2007,9,6,1.6040130375341568
Dong Thap,2007-09-07,2007,9,7,6.500059110854035
Dong Thap,2007-09-08,2007,9,8,6.535327681296528
Dong Thap,2007-09-09,2007,9,9,1.6285507799155157
Dong Thap,2007-09-10,2007,9,10,6.176288530260951
Dong Thap,2007-09-11,2007,9,11,3.3258983830029334
Dong Thap,2007-09-12,2007,9,12,6.380693900509432
Dong Thap,2007-09-13,2007,9,13,5.536218320570053
Dong Thap,2007-09-14,2007,9,14,6.786205773812613
Dong Thap,2007-09-15,2007,9,15,8.030673051315937
Dong Thap,2007-09-16,2007,9,16,5.49955885947792
Dong Thap,2007-09-17,2007,9,17,5.8929021234330525
Dong Thap,2007-09-18,2007,9,18,7.811619971408197
Dong Thap,2007-09-19,2007,9,19,6.317999301433886
Dong Thap,2007-09-20,2007,9,20,6.330977764791279
Dong Thap,2007-09-21,2007,9,21,0.0433177474082287
Dong Thap,2007-09-22,2007,9,22,0.0
Dong Thap,2007-09-23,2007,9,23,3.8462367756636673
Dong Thap,2007-09-24,2007,9,24,0.0
Dong Thap,2007-09-25,2007,9,25,15.435749158381546
Dong Thap,2007-09-26,2007,9,26,6.431780670001334
Dong Thap,2007-09-27,2007,9,27,15.492094146101708
Dong Thap,2007-09-28,2007,9,28,11.927009711967235
Dong Thap,2007-09-29,2007,9,29,7.790442206758417
Dong Thap,2007-09-30,2007,9,30,5.097938119851192
Dong Thap,2007-10-01,2007,10,1,7.291105199332188
Dong Thap,2007-10-02,2007,10,2,14.677432635337928
Dong Thap,2007-10-03,2007,10,3,11.36135248425652
Dong Thap,2007-10-04,2007,10,4,2.3323348415311767
Dong Thap,2007-10-05,2007,10,5,3.609466408382122
Dong Thap,2007-10-06,2007,10,6,6.897052942739472
Dong Thap,2007-10-07,2007,10,7,2.3963632223244717
Dong Thap,2007-10-08,2007,10,8,0.1670964070599392
Dong Thap,2007-10-09,2007,10,9,11.52936426701122
Dong Thap,2007-10-10,2007,10,10,17.747164126234523
Dong Thap,2007-10-11,2007,10,11,16.75368077180973
Dong Thap,2007-10-12,2007,10,12,19.713956896588453
Dong Thap,2007-10-13,2007,10,13,16.951176077039538
Dong Thap,2007-10-14,2007,10,14,10.51087940809054
Dong Thap,2007-10-15,2007,10,15,14.950801045493735
Dong Thap,2007-10-16,2007,10,16,3.4569628839255286
Dong Thap,2007-10-17,2007,10,17,11.50156507750122
Dong Thap,2007-10-18,2007,10,18,14.693894369155332
Dong Thap,2007-10-19,2007,10,19,3.744072345600448
Dong Thap,2007-10-20,2007,10,20,10.17751426923456
Dong Thap,2007-10-21,2007,10,21,5.882837337601716
Dong Thap,2007-10-22,2007,10,22,9.607013733635306
Dong Thap,2007-10-23,2007,10,23,6.194422140937287
Dong Thap,2007-10-24,2007,10,24,8.258385364751518
Dong Thap,2007-10-25,2007,10,25,15.528641573339188
Dong Thap,2007-10-26,2007,10,26,14.697765994591316
Dong Thap,2007-10-27,2007,10,27,5.279537089792865
Dong Thap,2007-10-28,2007,10,28,7.24549541229668
Dong Thap,2007-10-29,2007,10,29,0.6789056299250493
Dong Thap,2007-10-30,2007,10,30,3.3395643402098085
Dong Thap,2007-10-31,2007,10,31,0.0
Dong Thap,2007-11-01,2007,11,1,4.181897720120404
Dong Thap,2007-11-02,2007,11,2,34.95237523340328
Dong Thap,2007-11-03,2007,11,3,0.2324266382861845
Dong Thap,2007-11-04,2007,11,4,30.588917138329258
Dong Thap,2007-11-05,2007,11,5,11.897462175172116
Dong Thap,2007-11-06,2007,11,6,0.0
Dong Thap,2007-11-07,2007,11,7,4.268471501536019
Dong Thap,2007-11-08,2007,11,8,0.0
Dong Thap,2007-11-09,2007,11,9,0.0
Dong Thap,2007-11-10,2007,11,10,1.6026157935189902
Dong Thap,2007-11-11,2007,11,11,25.03434150053147
Dong Thap,2007-11-12,2007,11,12,2.3521089579530488
Dong Thap,2007-11-13,2007,11,13,0.0
Dong Thap,2007-11-14,2007,11,14,2.854562831798701
Dong Thap,2007-11-15,2007,11,15,2.8690336167825867
Dong Thap,2007-11-16,2007,11,16,0.0
Dong Thap,2007-11-17,2007,11,17,2.1375734780566176
Dong Thap,2007-11-18,2007,11,18,0.0607675910266532
Dong Thap,2007-11-19,2007,11,19,0.2101887715750062
Dong Thap,2007-11-20,2007,11,20,1.8497301468590572
Dong Thap,2007-11-21,2007,11,21,8.378710842894025
Dong Thap,2007-11-22,2007,11,22,11.114175618898576
Dong Thap,2007-11-23,2007,11,23,11.782101520543632
Dong Thap,2007-11-24,2007,11,24,0.2022362777860574
Dong Thap,2007-11-25,2007,11,25,0.0379770229348039
Dong Thap,2007-11-26,2007,11,26,0.0
Dong Thap,2007-11-27,2007,11,27,0.0
Dong Thap,2007-11-28,2007,11,28,0.0
Dong Thap,2007-11-29,2007,11,29,0.0
Dong Thap,2007-11-30,2007,11,30,0.0
Dong Thap,2007-12-01,2007,12,1,0.0
Dong Thap,2007-12-02,2007,12,2,0.0
Dong Thap,2007-12-03,2007,12,3,0.0
Dong Thap,2007-12-04,2007,12,4,0.0
Dong Thap,2007-12-05,2007,12,5,0.0
Dong Thap,2007-12-06,2007,12,6,0.601858260871224
Dong Thap,2007-12-07,2007,12,7,0.0
Dong Thap,2007-12-08,2007,12,8,0.0
Dong Thap,2007-12-09,2007,12,9,0.0
Dong Thap,2007-12-10,2007,12,10,0.0
Dong Thap,2007-12-11,2007,12,11,0.1228864493521806
Dong Thap,2007-12-12,2007,12,12,0.0
Dong Thap,2007-12-13,2007,12,13,0.4405582527475125
Dong Thap,2007-12-14,2007,12,14,0.0
Dong Thap,2007-12-15,2007,12,15,0.0
Dong Thap,2007-12-16,2007,12,16,0.0
Dong Thap,2007-12-17,2007,12,17,0.107117142784425
Dong Thap,2007-12-18,2007,12,18,3.245187627862092
Dong Thap,2007-12-19,2007,12,19,0.0
Dong Thap,2007-12-20,2007,12,20,0.1116399562105938
Dong Thap,2007-12-21,2007,12,21,0.2983931122939007
Dong Thap,2007-12-22,2007,12,22,0.6419474477160128
Dong Thap,2007-12-23,2007,12,23,0.0418289177185666
Dong Thap,2007-12-24,2007,12,24,0.0
Dong Thap,2007-12-25,2007,12,25,0.0
Dong Thap,2007-12-26,2007,12,26,0.2170144300531685
Dong Thap,2007-12-27,2007,12,27,2.2676677400829943
Dong Thap,2007-12-28,2007,12,28,7.966566859695245
Dong Thap,2007-12-29,2007,12,29,3.0464767642659014
Dong Thap,2007-12-30,2007,12,30,0.0
Dong Thap,2007-12-31,2007,12,31,0.0
Dong Thap,2008-01-01,2008,1,1,0.0833507644256442
Dong Thap,2008-01-02,2008,1,2,0.0
Dong Thap,2008-01-03,2008,1,3,14.809784543414162
Dong Thap,2008-01-04,2008,1,4,2.898439064544156
Dong Thap,2008-01-05,2008,1,5,0.0
Dong Thap,2008-01-06,2008,1,6,0.0
Dong Thap,2008-01-07,2008,1,7,0.0
Dong Thap,2008-01-08,2008,1,8,0.0
Dong Thap,2008-01-09,2008,1,9,0.0
Dong Thap,2008-01-10,2008,1,10,0.0
Dong Thap,2008-01-11,2008,1,11,0.0
Dong Thap,2008-01-12,2008,1,12,0.0
Dong Thap,2008-01-13,2008,1,13,0.0
Dong Thap,2008-01-14,2008,1,14,0.0
Dong Thap,2008-01-15,2008,1,15,0.0
Dong Thap,2008-01-16,2008,1,16,1.0132193673839094
Dong Thap,2008-01-17,2008,1,17,0.0
Dong Thap,2008-01-18,2008,1,18,0.0
Dong Thap,2008-01-19,2008,1,19,0.0
Dong Thap,2008-01-20,2008,1,20,0.0
Dong Thap,2008-01-21,2008,1,21,0.0
Dong Thap,2008-01-22,2008,1,22,0.0
Dong Thap,2008-01-23,2008,1,23,0.0
Dong Thap,2008-01-24,2008,1,24,0.1540534754026117
Dong Thap,2008-01-25,2008,1,25,0.2337170911533155
Dong Thap,2008-01-26,2008,1,26,0.0
Dong Thap,2008-01-27,2008,1,27,0.0088195783739758
Dong Thap,2008-01-28,2008,1,28,0.0
Dong Thap,2008-01-29,2008,1,29,0.0
Dong Thap,2008-01-30,2008,1,30,0.0
Dong Thap,2008-01-31,2008,1,31,0.0
Dong Thap,2008-02-01,2008,2,1,0.0054213791385729
Dong Thap,2008-02-02,2008,2,2,0.1147934177990589
Dong Thap,2008-02-03,2008,2,3,0.1838462637791915
Dong Thap,2008-02-04,2008,2,4,0.0
Dong Thap,2008-02-05,2008,2,5,0.0
Dong Thap,2008-02-06,2008,2,6,0.0
Dong Thap,2008-02-07,2008,2,7,0.0
Dong Thap,2008-02-08,2008,2,8,0.0
Dong Thap,2008-02-09,2008,2,9,0.0
Dong Thap,2008-02-10,2008,2,10,0.0
Dong Thap,2008-02-11,2008,2,11,0.5582952189312272
Dong Thap,2008-02-12,2008,2,12,0.0
Dong Thap,2008-02-13,2008,2,13,0.0
Dong Thap,2008-02-14,2008,2,14,0.0
Dong Thap,2008-02-15,2008,2,15,0.0
Dong Thap,2008-02-16,2008,2,16,2.776769725025538
Dong Thap,2008-02-17,2008,2,17,0.0205317477953252
Dong Thap,2008-02-18,2008,2,18,1.0709390496014737
Dong Thap,2008-02-19,2008,2,19,0.1685462922571276
Dong Thap,2008-02-20,2008,2,20,0.0
Dong Thap,2008-02-21,2008,2,21,0.0
Dong Thap,2008-02-22,2008,2,22,0.0723086451291226
Dong Thap,2008-02-23,2008,2,23,0.0
Dong Thap,2008-02-24,2008,2,24,0.0
Dong Thap,2008-02-25,2008,2,25,0.00043161299619811
Dong Thap,2008-02-26,2008,2,26,0.059200949190911
Dong Thap,2008-02-27,2008,2,27,1.9916201016026904
Dong Thap,2008-02-28,2008,2,28,0.0660791146155384
Dong Thap,2008-02-29,2008,2,29,0.0
Dong Thap,2008-03-01,2008,3,1,0.0
Dong Thap,2008-03-02,2008,3,2,0.0
Dong Thap,2008-03-03,2008,3,3,0.0
Dong Thap,2008-03-04,2008,3,4,1.2285890034876463
Dong Thap,2008-03-05,2008,3,5,0.0
Dong Thap,2008-03-06,2008,3,6,0.0
Dong Thap,2008-03-07,2008,3,7,4.3681717486724505
Dong Thap,2008-03-08,2008,3,8,3.945965228814885
Dong Thap,2008-03-09,2008,3,9,0.0
Dong Thap,2008-03-10,2008,3,10,0.0
Dong Thap,2008-03-11,2008,3,11,0.0
Dong Thap,2008-03-12,2008,3,12,0.0
Dong Thap,2008-03-13,2008,3,13,0.0
Dong Thap,2008-03-14,2008,3,14,0.0
Dong Thap,2008-03-15,2008,3,15,0.0
Dong Thap,2008-03-16,2008,3,16,0.0
Dong Thap,2008-03-17,2008,3,17,0.0
Dong Thap,2008-03-18,2008,3,18,0.0
Dong Thap,2008-03-19,2008,3,19,0.0
Dong Thap,2008-03-20,2008,3,20,0.3380039721889669
Dong Thap,2008-03-21,2008,3,21,0.0362206333607861
Dong Thap,2008-03-22,2008,3,22,0.0
Dong Thap,2008-03-23,2008,3,23,0.4690293495194397
Dong Thap,2008-03-24,2008,3,24,0.0
Dong Thap,2008-03-25,2008,3,25,0.0
Dong Thap,2008-03-26,2008,3,26,0.4302421703187412
Dong Thap,2008-03-27,2008,3,27,0.0
Dong Thap,2008-03-28,2008,3,28,0.0
Dong Thap,2008-03-29,2008,3,29,0.0
Dong Thap,2008-03-30,2008,3,30,0.0
Dong Thap,2008-03-31,2008,3,31,0.3061604530045252
Dong Thap,2008-04-01,2008,4,1,0.4059511995792983
Dong Thap,2008-04-02,2008,4,2,0.5925008486377317
Dong Thap,2008-04-03,2008,4,3,0.0
Dong Thap,2008-04-04,2008,4,4,1.0048691547218565
Dong Thap,2008-04-05,2008,4,5,0.700458238069124
Dong Thap,2008-04-06,2008,4,6,4.46798676545181
Dong Thap,2008-04-07,2008,4,7,0.0
Dong Thap,2008-04-08,2008,4,8,0.0
Dong Thap,2008-04-09,2008,4,9,0.0
Dong Thap,2008-04-10,2008,4,10,0.0
Dong Thap,2008-04-11,2008,4,11,0.0
Dong Thap,2008-04-12,2008,4,12,0.0
Dong Thap,2008-04-13,2008,4,13,0.0
Dong Thap,2008-04-14,2008,4,14,1.7340105657596985
Dong Thap,2008-04-15,2008,4,15,6.580535603920048
Dong Thap,2008-04-16,2008,4,16,0.6527079534430553
Dong Thap,2008-04-17,2008,4,17,8.649717959909038
Dong Thap,2008-04-18,2008,4,18,5.852203601601444
Dong Thap,2008-04-19,2008,4,19,1.2727775683553408
Dong Thap,2008-04-20,2008,4,20,0.0
Dong Thap,2008-04-21,2008,4,21,0.0
Dong Thap,2008-04-22,2008,4,22,0.0
Dong Thap,2008-04-23,2008,4,23,0.6929892907343888
Dong Thap,2008-04-24,2008,4,24,0.1972045048763618
Dong Thap,2008-04-25,2008,4,25,10.95778932199744
Dong Thap,2008-04-26,2008,4,26,11.86840102784563
Dong Thap,2008-04-27,2008,4,27,0.0
Dong Thap,2008-04-28,2008,4,28,16.918242674201743
Dong Thap,2008-04-29,2008,4,29,10.6385124708239
Dong Thap,2008-04-30,2008,4,30,17.242260608755327
Dong Thap,2008-05-01,2008,5,1,14.549454952884968
Dong Thap,2008-05-02,2008,5,2,10.349989880671808
Dong Thap,2008-05-03,2008,5,3,11.343839995669535
Dong Thap,2008-05-04,2008,5,4,0.780730135645865
Dong Thap,2008-05-05,2008,5,5,2.6273052926936704
Dong Thap,2008-05-06,2008,5,6,9.865943559814204
Dong Thap,2008-05-07,2008,5,7,6.889519544342408
Dong Thap,2008-05-08,2008,5,8,5.991999281488741
Dong Thap,2008-05-09,2008,5,9,6.297561758407691
Dong Thap,2008-05-10,2008,5,10,10.957940021826072
Dong Thap,2008-05-11,2008,5,11,14.444520556429008
Dong Thap,2008-05-12,2008,5,12,9.572718795814126
Dong Thap,2008-05-13,2008,5,13,2.6144104171345663
Dong Thap,2008-05-14,2008,5,14,4.674866054417567
Dong Thap,2008-05-15,2008,5,15,18.2685019160875
Dong Thap,2008-05-16,2008,5,16,8.047343912986442
Dong Thap,2008-05-17,2008,5,17,7.152069122282208
Dong Thap,2008-05-18,2008,5,18,9.276464278184823
Dong Thap,2008-05-19,2008,5,19,0.4424094583730131
Dong Thap,2008-05-20,2008,5,20,7.838742329456483
Dong Thap,2008-05-21,2008,5,21,3.431746704821307
Dong Thap,2008-05-22,2008,5,22,4.389605713987499
Dong Thap,2008-05-23,2008,5,23,2.795114703985305
Dong Thap,2008-05-24,2008,5,24,6.109092161069521
Dong Thap,2008-05-25,2008,5,25,5.251103456650077
Dong Thap,2008-05-26,2008,5,26,2.3837091133711903
Dong Thap,2008-05-27,2008,5,27,0.4997560759439525
Dong Thap,2008-05-28,2008,5,28,2.095665798176165
Dong Thap,2008-05-29,2008,5,29,2.0311064650161965
Dong Thap,2008-05-30,2008,5,30,5.787801911555261
Dong Thap,2008-05-31,2008,5,31,8.489677749139691
Dong Thap,2008-06-01,2008,6,1,6.103524742786212
Dong Thap,2008-06-02,2008,6,2,6.367881653664304
Dong Thap,2008-06-03,2008,6,3,2.083098118223244
Dong Thap,2008-06-04,2008,6,4,3.163690294251302
Dong Thap,2008-06-05,2008,6,5,0.0326092203363475
Dong Thap,2008-06-06,2008,6,6,1.6113163918993867
Dong Thap,2008-06-07,2008,6,7,4.911199245710935
Dong Thap,2008-06-08,2008,6,8,11.95963162746401
Dong Thap,2008-06-09,2008,6,9,9.27436753178984
Dong Thap,2008-06-10,2008,6,10,5.479152463834679
Dong Thap,2008-06-11,2008,6,11,16.816288732984635
Dong Thap,2008-06-12,2008,6,12,4.934509502365821
Dong Thap,2008-06-13,2008,6,13,5.248672305759937
Dong Thap,2008-06-14,2008,6,14,2.2809181572467465
Dong Thap,2008-06-15,2008,6,15,0.0
Dong Thap,2008-06-16,2008,6,16,0.8078919078098931
Dong Thap,2008-06-17,2008,6,17,3.233519833537491
Dong Thap,2008-06-18,2008,6,18,3.345400190661761
Dong Thap,2008-06-19,2008,6,19,0.4100447782237755
Dong Thap,2008-06-20,2008,6,20,0.0
Dong Thap,2008-06-21,2008,6,21,0.1143745670032955
Dong Thap,2008-06-22,2008,6,22,0.1659398613967185
Dong Thap,2008-06-23,2008,6,23,7.187528440355578
Dong Thap,2008-06-24,2008,6,24,10.370590836783508
Dong Thap,2008-06-25,2008,6,25,14.082456096949317
Dong Thap,2008-06-26,2008,6,26,3.175107668905211
Dong Thap,2008-06-27,2008,6,27,0.0
Dong Thap,2008-06-28,2008,6,28,0.342037506017767
Dong Thap,2008-06-29,2008,6,29,1.0250354961172798
Dong Thap,2008-06-30,2008,6,30,11.779429063359864
Dong Thap,2008-07-01,2008,7,1,10.763445616011882
Dong Thap,2008-07-02,2008,7,2,1.592539235587722
Dong Thap,2008-07-03,2008,7,3,0.3751712109270564
Dong Thap,2008-07-04,2008,7,4,4.804301227575421
Dong Thap,2008-07-05,2008,7,5,9.79124471874553
Dong Thap,2008-07-06,2008,7,6,5.461159820807661
Dong Thap,2008-07-07,2008,7,7,8.786094371703626
Dong Thap,2008-07-08,2008,7,8,12.321952051482878
Dong Thap,2008-07-09,2008,7,9,0.0441322237395201
Dong Thap,2008-07-10,2008,7,10,0.0834617715710167
Dong Thap,2008-07-11,2008,7,11,0.3495263419834047
Dong Thap,2008-07-12,2008,7,12,0.0
Dong Thap,2008-07-13,2008,7,13,0.0
Dong Thap,2008-07-14,2008,7,14,2.275965186989385
Dong Thap,2008-07-15,2008,7,15,2.0013556415622986
Dong Thap,2008-07-16,2008,7,16,1.1052679653668955
Dong Thap,2008-07-17,2008,7,17,3.5656718374285954
Dong Thap,2008-07-18,2008,7,18,5.080054865183405
Dong Thap,2008-07-19,2008,7,19,4.223147161435127
Dong Thap,2008-07-20,2008,7,20,6.361124626593927
Dong Thap,2008-07-21,2008,7,21,12.629756811459307
Dong Thap,2008-07-22,2008,7,22,13.06972013383813
Dong Thap,2008-07-23,2008,7,23,15.15588900985862
Dong Thap,2008-07-24,2008,7,24,16.915878495297406
Dong Thap,2008-07-25,2008,7,25,9.601450797122215
Dong Thap,2008-07-26,2008,7,26,0.9488720248717688
Dong Thap,2008-07-27,2008,7,27,0.0
Dong Thap,2008-07-28,2008,7,28,0.0
Dong Thap,2008-07-29,2008,7,29,11.11000244415128
Dong Thap,2008-07-30,2008,7,30,13.75165008868331
Dong Thap,2008-07-31,2008,7,31,12.238655596464318
Dong Thap,2008-08-01,2008,8,1,8.687252946030611
Dong Thap,2008-08-02,2008,8,2,3.348799246122216
Dong Thap,2008-08-03,2008,8,3,7.902097422059008
Dong Thap,2008-08-04,2008,8,4,3.85255557864681
Dong Thap,2008-08-05,2008,8,5,11.97286216113636
Dong Thap,2008-08-06,2008,8,6,7.335855004148792
Dong Thap,2008-08-07,2008,8,7,1.4624034843600084
Dong Thap,2008-08-08,2008,8,8,5.190656330077209
Dong Thap,2008-08-09,2008,8,9,0.0
Dong Thap,2008-08-10,2008,8,10,8.240329899659683
Dong Thap,2008-08-11,2008,8,11,7.226444594032887
Dong Thap,2008-08-12,2008,8,12,9.992393338852027
Dong Thap,2008-08-13,2008,8,13,0.4740060896039791
Dong Thap,2008-08-14,2008,8,14,5.440037405400253
Dong Thap,2008-08-15,2008,8,15,2.988118402306552
Dong Thap,2008-08-16,2008,8,16,3.946583663481335
Dong Thap,2008-08-17,2008,8,17,5.964482984062437
Dong Thap,2008-08-18,2008,8,18,7.30714276203066
Dong Thap,2008-08-19,2008,8,19,4.21293588894239
Dong Thap,2008-08-20,2008,8,20,3.263716709966801
Dong Thap,2008-08-21,2008,8,21,2.6925810025018
Dong Thap,2008-08-22,2008,8,22,2.318925347557029
Dong Thap,2008-08-23,2008,8,23,1.7510863640883456
Dong Thap,2008-08-24,2008,8,24,11.28995496203684
Dong Thap,2008-08-25,2008,8,25,6.7155667494112645
Dong Thap,2008-08-26,2008,8,26,8.261520319861942
Dong Thap,2008-08-27,2008,8,27,2.2325677805905
Dong Thap,2008-08-28,2008,8,28,2.1143436995606475
Dong Thap,2008-08-29,2008,8,29,3.1747880636333785
Dong Thap,2008-08-30,2008,8,30,10.855707236799164
Dong Thap,2008-08-31,2008,8,31,6.5020968713388685
Dong Thap,2008-09-01,2008,9,1,4.408812008742331
Dong Thap,2008-09-02,2008,9,2,4.272067666006433
Dong Thap,2008-09-03,2008,9,3,8.098145162231502
Dong Thap,2008-09-04,2008,9,4,5.50290562924896
Dong Thap,2008-09-05,2008,9,5,13.167742435261856
Dong Thap,2008-09-06,2008,9,6,8.095858571337057
Dong Thap,2008-09-07,2008,9,7,14.68795768649826
Dong Thap,2008-09-08,2008,9,8,6.935773182772764
Dong Thap,2008-09-09,2008,9,9,7.279625005230544
Dong Thap,2008-09-10,2008,9,10,7.138065390293898
Dong Thap,2008-09-11,2008,9,11,8.899945993643374
Dong Thap,2008-09-12,2008,9,12,1.5735579434505846
Dong Thap,2008-09-13,2008,9,13,5.6712070797978535
Dong Thap,2008-09-14,2008,9,14,12.186397765021972
Dong Thap,2008-09-15,2008,9,15,9.850902062148656
Dong Thap,2008-09-16,2008,9,16,3.176913616059181
Dong Thap,2008-09-17,2008,9,17,0.0665758646532659
Dong Thap,2008-09-18,2008,9,18,1.585640342382446
Dong Thap,2008-09-19,2008,9,19,1.4082673118583513
Dong Thap,2008-09-20,2008,9,20,4.628143638595582
Dong Thap,2008-09-21,2008,9,21,0.0015646428485183
Dong Thap,2008-09-22,2008,9,22,0.512881387025963
Dong Thap,2008-09-23,2008,9,23,1.2345244720821638
Dong Thap,2008-09-24,2008,9,24,5.130781075636327
Dong Thap,2008-09-25,2008,9,25,0.0471960072388095
Dong Thap,2008-09-26,2008,9,26,4.65355115800264
Dong Thap,2008-09-27,2008,9,27,9.613304439682738
Dong Thap,2008-09-28,2008,9,28,10.393516775896034
Dong Thap,2008-09-29,2008,9,29,11.805698753945109
Dong Thap,2008-09-30,2008,9,30,2.2910014043150224
Dong Thap,2008-10-01,2008,10,1,0.0798360209414172
Dong Thap,2008-10-02,2008,10,2,10.699233651174715
Dong Thap,2008-10-03,2008,10,3,1.975399877936059
Dong Thap,2008-10-04,2008,10,4,2.079348918516293
Dong Thap,2008-10-05,2008,10,5,0.5405927784309814
Dong Thap,2008-10-06,2008,10,6,13.54580646530148
Dong Thap,2008-10-07,2008,10,7,9.003066289579076
Dong Thap,2008-10-08,2008,10,8,6.309796560465245
Dong Thap,2008-10-09,2008,10,9,4.793110600412093
Dong Thap,2008-10-10,2008,10,10,8.89143102097219
Dong Thap,2008-10-11,2008,10,11,5.139327445402418
Dong Thap,2008-10-12,2008,10,12,8.965721575857316
Dong Thap,2008-10-13,2008,10,13,5.687345608612399
Dong Thap,2008-10-14,2008,10,14,4.293814957405612
Dong Thap,2008-10-15,2008,10,15,11.256890265794734
Dong Thap,2008-10-16,2008,10,16,13.119026489828023
Dong Thap,2008-10-17,2008,10,17,8.788478581657044
Dong Thap,2008-10-18,2008,10,18,7.046096756963034
Dong Thap,2008-10-19,2008,10,19,10.372846103306928
Dong Thap,2008-10-20,2008,10,20,10.52287379012022
Dong Thap,2008-10-21,2008,10,21,17.621061623394006
Dong Thap,2008-10-22,2008,10,22,11.164134297142065
Dong Thap,2008-10-23,2008,10,23,15.91246231889302
Dong Thap,2008-10-24,2008,10,24,30.890216586972286
Dong Thap,2008-10-25,2008,10,25,4.772606382293982
Dong Thap,2008-10-26,2008,10,26,6.4205697552874295
Dong Thap,2008-10-27,2008,10,27,4.041699481728613
Dong Thap,2008-10-28,2008,10,28,10.478827933781483
Dong Thap,2008-10-29,2008,10,29,4.698453834673862
Dong Thap,2008-10-30,2008,10,30,9.078471219043273
Dong Thap,2008-10-31,2008,10,31,7.148916299729381
Dong Thap,2008-11-01,2008,11,1,3.2907593449768293
Dong Thap,2008-11-02,2008,11,2,6.91693613771032
Dong Thap,2008-11-03,2008,11,3,5.3628106721950966
Dong Thap,2008-11-04,2008,11,4,3.290590158781821
Dong Thap,2008-11-05,2008,11,5,12.211851667716758
Dong Thap,2008-11-06,2008,11,6,3.0982402860306806
Dong Thap,2008-11-07,2008,11,7,1.294072968222155
Dong Thap,2008-11-08,2008,11,8,0.0995710545490191
Dong Thap,2008-11-09,2008,11,9,10.904165101837132
Dong Thap,2008-11-10,2008,11,10,11.124923693557594
Dong Thap,2008-11-11,2008,11,11,0.1852317319074292
Dong Thap,2008-11-12,2008,11,12,0.0012574015100283
Dong Thap,2008-11-13,2008,11,13,1.0415181561827735
Dong Thap,2008-11-14,2008,11,14,0.0385227053850341
Dong Thap,2008-11-15,2008,11,15,5.263854947887039
Dong Thap,2008-11-16,2008,11,16,7.967339684450898
Dong Thap,2008-11-17,2008,11,17,12.108880930587166
Dong Thap,2008-11-18,2008,11,18,0.0174449901611106
Dong Thap,2008-11-19,2008,11,19,2.2278443347956007
Dong Thap,2008-11-20,2008,11,20,0.6561115651288105
Dong Thap,2008-11-21,2008,11,21,9.292969868219378
Dong Thap,2008-11-22,2008,11,22,6.455762903084958
Dong Thap,2008-11-23,2008,11,23,13.826440136084242
Dong Thap,2008-11-24,2008,11,24,7.574941102524367
Dong Thap,2008-11-25,2008,11,25,4.34779472184852
Dong Thap,2008-11-26,2008,11,26,2.671465689825691
Dong Thap,2008-11-27,2008,11,27,0.0
Dong Thap,2008-11-28,2008,11,28,2.111641998609664
Dong Thap,2008-11-29,2008,11,29,0.0
Dong Thap,2008-11-30,2008,11,30,0.0
Dong Thap,2008-12-01,2008,12,1,0.0
Dong Thap,2008-12-02,2008,12,2,0.0380315464831058
Dong Thap,2008-12-03,2008,12,3,6.0759002709431975
Dong Thap,2008-12-04,2008,12,4,0.0
Dong Thap,2008-12-05,2008,12,5,0.3796166886081222
Dong Thap,2008-12-06,2008,12,6,0.0
Dong Thap,2008-12-07,2008,12,7,0.0
Dong Thap,2008-12-08,2008,12,8,0.0246694420291259
Dong Thap,2008-12-09,2008,12,9,3.682242028251212
Dong Thap,2008-12-10,2008,12,10,0.0498496518401242
Dong Thap,2008-12-11,2008,12,11,8.012543641495707
Dong Thap,2008-12-12,2008,12,12,0.0241809125143518
Dong Thap,2008-12-13,2008,12,13,0.0020933991552941
Dong Thap,2008-12-14,2008,12,14,0.0202127427018254
Dong Thap,2008-12-15,2008,12,15,0.0738374671482677
Dong Thap,2008-12-16,2008,12,16,0.1468923900750642
Dong Thap,2008-12-17,2008,12,17,0.0
Dong Thap,2008-12-18,2008,12,18,0.0
Dong Thap,2008-12-19,2008,12,19,0.0
Dong Thap,2008-12-20,2008,12,20,0.0
Dong Thap,2008-12-21,2008,12,21,0.0
Dong Thap,2008-12-22,2008,12,22,0.0
Dong Thap,2008-12-23,2008,12,23,0.0
Dong Thap,2008-12-24,2008,12,24,0.0096270204374842
Dong Thap,2008-12-25,2008,12,25,1.9787849919823572
Dong Thap,2008-12-26,2008,12,26,2.828448094720063
Dong Thap,2008-12-27,2008,12,27,6.3651279704841786
Dong Thap,2008-12-28,2008,12,28,5.977440286060022
Dong Thap,2008-12-29,2008,12,29,8.551300930441272
Dong Thap,2008-12-30,2008,12,30,2.704703832980534
Dong Thap,2008-12-31,2008,12,31,7.351584083515413
Dong Thap,2009-01-01,2009,1,1,0.3052880307369986
Dong Thap,2009-01-02,2009,1,2,0.6378477572015224
Dong Thap,2009-01-03,2009,1,3,0.4981391628008459
Dong Thap,2009-01-04,2009,1,4,1.9249675276194504
Dong Thap,2009-01-05,2009,1,5,0.0
Dong Thap,2009-01-06,2009,1,6,0.0
Dong Thap,2009-01-07,2009,1,7,0.0
Dong Thap,2009-01-08,2009,1,8,1.0394969929710436
Dong Thap,2009-01-09,2009,1,9,5.290998228508002
Dong Thap,2009-01-10,2009,1,10,0.3115974517975746
Dong Thap,2009-01-11,2009,1,11,0.0
Dong Thap,2009-01-12,2009,1,12,0.0
Dong Thap,2009-01-13,2009,1,13,0.0
Dong Thap,2009-01-14,2009,1,14,0.0
Dong Thap,2009-01-15,2009,1,15,0.0
Dong Thap,2009-01-16,2009,1,16,0.0
Dong Thap,2009-01-17,2009,1,17,0.0
Dong Thap,2009-01-18,2009,1,18,0.0
Dong Thap,2009-01-19,2009,1,19,0.0
Dong Thap,2009-01-20,2009,1,20,0.0
Dong Thap,2009-01-21,2009,1,21,0.0
Dong Thap,2009-01-22,2009,1,22,0.0
Dong Thap,2009-01-23,2009,1,23,0.0
Dong Thap,2009-01-24,2009,1,24,0.0
Dong Thap,2009-01-25,2009,1,25,0.0
Dong Thap,2009-01-26,2009,1,26,0.0
Dong Thap,2009-01-27,2009,1,27,0.0
Dong Thap,2009-01-28,2009,1,28,0.0
Dong Thap,2009-01-29,2009,1,29,0.0
Dong Thap,2009-01-30,2009,1,30,0.601697680169502
Dong Thap,2009-01-31,2009,1,31,0.1292194089710049
Dong Thap,2009-02-01,2009,2,1,3.6954682444245295
Dong Thap,2009-02-02,2009,2,2,2.716687830334514
Dong Thap,2009-02-03,2009,2,3,0.0
Dong Thap,2009-02-04,2009,2,4,0.0
Dong Thap,2009-02-05,2009,2,5,0.0
Dong Thap,2009-02-06,2009,2,6,0.0
Dong Thap,2009-02-07,2009,2,7,0.0
Dong Thap,2009-02-08,2009,2,8,0.0
Dong Thap,2009-02-09,2009,2,9,0.0
Dong Thap,2009-02-10,2009,2,10,0.3571578399993568
Dong Thap,2009-02-11,2009,2,11,0.9510501053244284
Dong Thap,2009-02-12,2009,2,12,0.0
Dong Thap,2009-02-13,2009,2,13,0.0
Dong Thap,2009-02-14,2009,2,14,0.0
Dong Thap,2009-02-15,2009,2,15,0.0
Dong Thap,2009-02-16,2009,2,16,0.0
Dong Thap,2009-02-17,2009,2,17,0.0
Dong Thap,2009-02-18,2009,2,18,0.0
Dong Thap,2009-02-19,2009,2,19,0.0
Dong Thap,2009-02-20,2009,2,20,0.0
Dong Thap,2009-02-21,2009,2,21,0.0563876726238776
Dong Thap,2009-02-22,2009,2,22,0.0
Dong Thap,2009-02-23,2009,2,23,0.0193185502824286
Dong Thap,2009-02-24,2009,2,24,0.0
Dong Thap,2009-02-25,2009,2,25,0.0
Dong Thap,2009-02-26,2009,2,26,0.1840057792558349
Dong Thap,2009-02-27,2009,2,27,1.7946141561565545
Dong Thap,2009-02-28,2009,2,28,2.9370555327573347
Dong Thap,2009-03-01,2009,3,1,0.3915582478912015
Dong Thap,2009-03-02,2009,3,2,0.0
Dong Thap,2009-03-03,2009,3,3,0.0
Dong Thap,2009-03-04,2009,3,4,4.67991706763931
Dong Thap,2009-03-05,2009,3,5,1.5965467651353715
Dong Thap,2009-03-06,2009,3,6,0.0
Dong Thap,2009-03-07,2009,3,7,5.014152655613402
Dong Thap,2009-03-08,2009,3,8,0.0
Dong Thap,2009-03-09,2009,3,9,0.9734120199421726
Dong Thap,2009-03-10,2009,3,10,0.0
Dong Thap,2009-03-11,2009,3,11,0.0
Dong Thap,2009-03-12,2009,3,12,0.0
Dong Thap,2009-03-13,2009,3,13,0.0
Dong Thap,2009-03-14,2009,3,14,0.0838926023188052
Dong Thap,2009-03-15,2009,3,15,0.0
Dong Thap,2009-03-16,2009,3,16,0.0
Dong Thap,2009-03-17,2009,3,17,0.0
Dong Thap,2009-03-18,2009,3,18,0.0
Dong Thap,2009-03-19,2009,3,19,0.0
Dong Thap,2009-03-20,2009,3,20,0.0
Dong Thap,2009-03-21,2009,3,21,0.1182624903560996
Dong Thap,2009-03-22,2009,3,22,0.5063205548501456
Dong Thap,2009-03-23,2009,3,23,0.0
Dong Thap,2009-03-24,2009,3,24,0.017043233644754
Dong Thap,2009-03-25,2009,3,25,0.3101642471029153
Dong Thap,2009-03-26,2009,3,26,0.1444762459086917
Dong Thap,2009-03-27,2009,3,27,0.0
Dong Thap,2009-03-28,2009,3,28,0.9103239598608566
Dong Thap,2009-03-29,2009,3,29,0.9215081226522752
Dong Thap,2009-03-30,2009,3,30,2.739234716423735
Dong Thap,2009-03-31,2009,3,31,12.64408868100871
Dong Thap,2009-04-01,2009,4,1,0.0199369717704646
Dong Thap,2009-04-02,2009,4,2,4.086225460493728
Dong Thap,2009-04-03,2009,4,3,1.3526699771030646
Dong Thap,2009-04-04,2009,4,4,1.0815980729668322
Dong Thap,2009-04-05,2009,4,5,21.026890583432717
Dong Thap,2009-04-06,2009,4,6,6.955267009191132
Dong Thap,2009-04-07,2009,4,7,5.1402473836859945
Dong Thap,2009-04-08,2009,4,8,15.794503432094354
Dong Thap,2009-04-09,2009,4,9,0.4400646046010278
Dong Thap,2009-04-10,2009,4,10,0.0
Dong Thap,2009-04-11,2009,4,11,10.77008403532354
Dong Thap,2009-04-12,2009,4,12,0.3268475134694064
Dong Thap,2009-04-13,2009,4,13,0.2873545027736743
Dong Thap,2009-04-14,2009,4,14,2.6644585214222203
Dong Thap,2009-04-15,2009,4,15,6.939276233278271
Dong Thap,2009-04-16,2009,4,16,4.518747380958112
Dong Thap,2009-04-17,2009,4,17,0.5419712032094032
Dong Thap,2009-04-18,2009,4,18,0.9334410216489396
Dong Thap,2009-04-19,2009,4,19,5.725880812856109
Dong Thap,2009-04-20,2009,4,20,5.005518584090996
Dong Thap,2009-04-21,2009,4,21,21.382262798510137
Dong Thap,2009-04-22,2009,4,22,3.81520781749388
Dong Thap,2009-04-23,2009,4,23,2.4408253250491017
Dong Thap,2009-04-24,2009,4,24,7.93001705410801
Dong Thap,2009-04-25,2009,4,25,11.919479629215475
Dong Thap,2009-04-26,2009,4,26,14.99553260087479
Dong Thap,2009-04-27,2009,4,27,6.145700137496723
Dong Thap,2009-04-28,2009,4,28,8.262213844478817
Dong Thap,2009-04-29,2009,4,29,15.932323413693712
Dong Thap,2009-04-30,2009,4,30,5.741139096848027
Dong Thap,2009-05-01,2009,5,1,10.463610719344173
Dong Thap,2009-05-02,2009,5,2,5.501885918896564
Dong Thap,2009-05-03,2009,5,3,2.11149181354227
Dong Thap,2009-05-04,2009,5,4,3.174160735364237
Dong Thap,2009-05-05,2009,5,5,1.8907850252437777
Dong Thap,2009-05-06,2009,5,6,5.452663964781057
Dong Thap,2009-05-07,2009,5,7,12.473134669244269
Dong Thap,2009-05-08,2009,5,8,9.39430764634673
Dong Thap,2009-05-09,2009,5,9,16.058418457351728
Dong Thap,2009-05-10,2009,5,10,7.71503168620407
Dong Thap,2009-05-11,2009,5,11,1.2369367513076115
Dong Thap,2009-05-12,2009,5,12,5.729936177900434
Dong Thap,2009-05-13,2009,5,13,2.4294373930880115
Dong Thap,2009-05-14,2009,5,14,0.4545548061597418
Dong Thap,2009-05-15,2009,5,15,12.09804412535266
Dong Thap,2009-05-16,2009,5,16,4.20099014391062
Dong Thap,2009-05-17,2009,5,17,7.621403272889871
Dong Thap,2009-05-18,2009,5,18,3.969408091072296
Dong Thap,2009-05-19,2009,5,19,0.2794007206547413
Dong Thap,2009-05-20,2009,5,20,4.18392684712874
Dong Thap,2009-05-21,2009,5,21,9.46079034098076
Dong Thap,2009-05-22,2009,5,22,14.5039526249428
Dong Thap,2009-05-23,2009,5,23,6.79267682424878
Dong Thap,2009-05-24,2009,5,24,2.9758048542765265
Dong Thap,2009-05-25,2009,5,25,11.434689933233368
Dong Thap,2009-05-26,2009,5,26,20.445323256859844
Dong Thap,2009-05-27,2009,5,27,4.1012486632188905
Dong Thap,2009-05-28,2009,5,28,10.651790385130498
Dong Thap,2009-05-29,2009,5,29,3.471115112453462
Dong Thap,2009-05-30,2009,5,30,8.280819969962234
Dong Thap,2009-05-31,2009,5,31,6.26751975660722
Dong Thap,2009-06-01,2009,6,1,12.752861912393342
Dong Thap,2009-06-02,2009,6,2,8.04895768775295
Dong Thap,2009-06-03,2009,6,3,5.545767695496132
Dong Thap,2009-06-04,2009,6,4,3.7685366174870114
Dong Thap,2009-06-05,2009,6,5,0.5392115862969505
Dong Thap,2009-06-06,2009,6,6,0.0158231907625817
Dong Thap,2009-06-07,2009,6,7,0.0
Dong Thap,2009-06-08,2009,6,8,0.0530607322696279
Dong Thap,2009-06-09,2009,6,9,3.61341719310422
Dong Thap,2009-06-10,2009,6,10,4.622750966036863
Dong Thap,2009-06-11,2009,6,11,2.2644430193158267
Dong Thap,2009-06-12,2009,6,12,0.0
Dong Thap,2009-06-13,2009,6,13,0.0
Dong Thap,2009-06-14,2009,6,14,1.1943828163164278
Dong Thap,2009-06-15,2009,6,15,8.328020105833687
Dong Thap,2009-06-16,2009,6,16,9.877692961749611
Dong Thap,2009-06-17,2009,6,17,7.525109177892751
Dong Thap,2009-06-18,2009,6,18,5.079585128910339
Dong Thap,2009-06-19,2009,6,19,2.93531726652028
Dong Thap,2009-06-20,2009,6,20,5.270553996016817
Dong Thap,2009-06-21,2009,6,21,3.4611681836084727
Dong Thap,2009-06-22,2009,6,22,6.096364510885732
Dong Thap,2009-06-23,2009,6,23,0.0
Dong Thap,2009-06-24,2009,6,24,1.819562371085634
Dong Thap,2009-06-25,2009,6,25,0.0
Dong Thap,2009-06-26,2009,6,26,4.308210234097511
Dong Thap,2009-06-27,2009,6,27,2.469202486753788
Dong Thap,2009-06-28,2009,6,28,2.010476174117459
Dong Thap,2009-06-29,2009,6,29,0.9925469809009124
Dong Thap,2009-06-30,2009,6,30,0.2501540725358846
Dong Thap,2009-07-01,2009,7,1,13.415386955538438
Dong Thap,2009-07-02,2009,7,2,1.5091012285048924
Dong Thap,2009-07-03,2009,7,3,6.778334996179303
Dong Thap,2009-07-04,2009,7,4,11.631810648440773
Dong Thap,2009-07-05,2009,7,5,8.356797159137383
Dong Thap,2009-07-06,2009,7,6,5.804764052448506
Dong Thap,2009-07-07,2009,7,7,0.0
Dong Thap,2009-07-08,2009,7,8,3.533246975327013
Dong Thap,2009-07-09,2009,7,9,0.0
Dong Thap,2009-07-10,2009,7,10,7.655818307050802
Dong Thap,2009-07-11,2009,7,11,9.459344120760852
Dong Thap,2009-07-12,2009,7,12,12.091426480045005
Dong Thap,2009-07-13,2009,7,13,3.3442818555927643
Dong Thap,2009-07-14,2009,7,14,7.735039469929055
Dong Thap,2009-07-15,2009,7,15,4.86661789402795
Dong Thap,2009-07-16,2009,7,16,0.0369839458501282
Dong Thap,2009-07-17,2009,7,17,0.3753386762898497
Dong Thap,2009-07-18,2009,7,18,7.884248220700102
Dong Thap,2009-07-19,2009,7,19,4.058188398198959
Dong Thap,2009-07-20,2009,7,20,16.832018385567523
Dong Thap,2009-07-21,2009,7,21,10.386667902855908
Dong Thap,2009-07-22,2009,7,22,7.78658031219659
Dong Thap,2009-07-23,2009,7,23,9.318723556776014
Dong Thap,2009-07-24,2009,7,24,0.0
Dong Thap,2009-07-25,2009,7,25,0.0
Dong Thap,2009-07-26,2009,7,26,3.1260481202733565
Dong Thap,2009-07-27,2009,7,27,4.66035478268455
Dong Thap,2009-07-28,2009,7,28,2.1792340617527994
Dong Thap,2009-07-29,2009,7,29,0.9077963298218356
Dong Thap,2009-07-30,2009,7,30,5.525655599713783
Dong Thap,2009-07-31,2009,7,31,0.3847008660783943
Dong Thap,2009-08-01,2009,8,1,3.200374663592953
Dong Thap,2009-08-02,2009,8,2,0.0
Dong Thap,2009-08-03,2009,8,3,6.643441579135359
Dong Thap,2009-08-04,2009,8,4,7.771375815722847
Dong Thap,2009-08-05,2009,8,5,0.0062739015680498
Dong Thap,2009-08-06,2009,8,6,0.0
Dong Thap,2009-08-07,2009,8,7,3.073155254487389
Dong Thap,2009-08-08,2009,8,8,0.0
Dong Thap,2009-08-09,2009,8,9,1.038535295872156
Dong Thap,2009-08-10,2009,8,10,0.5965442444688746
Dong Thap,2009-08-11,2009,8,11,1.1520389584063233
Dong Thap,2009-08-12,2009,8,12,2.579937904768853
Dong Thap,2009-08-13,2009,8,13,4.602286102754445
Dong Thap,2009-08-14,2009,8,14,0.9932131155993974
Dong Thap,2009-08-15,2009,8,15,1.8514757792553929
Dong Thap,2009-08-16,2009,8,16,8.848050111676926
Dong Thap,2009-08-17,2009,8,17,0.5632248916795308
Dong Thap,2009-08-18,2009,8,18,6.40247526081181
Dong Thap,2009-08-19,2009,8,19,3.410975613212243
Dong Thap,2009-08-20,2009,8,20,14.951551147293875
Dong Thap,2009-08-21,2009,8,21,12.1003298095248
Dong Thap,2009-08-22,2009,8,22,3.1452570652877863
Dong Thap,2009-08-23,2009,8,23,5.438966453697556
Dong Thap,2009-08-24,2009,8,24,6.232836333713155
Dong Thap,2009-08-25,2009,8,25,8.386167763886005
Dong Thap,2009-08-26,2009,8,26,8.338164406499542
Dong Thap,2009-08-27,2009,8,27,3.6697356199931455
Dong Thap,2009-08-28,2009,8,28,5.434396402308911
Dong Thap,2009-08-29,2009,8,29,8.942444266816073
Dong Thap,2009-08-30,2009,8,30,14.708492273859134
Dong Thap,2009-08-31,2009,8,31,13.478787309557555
Dong Thap,2009-09-01,2009,9,1,17.546087392501228
Dong Thap,2009-09-02,2009,9,2,16.278425806621474
Dong Thap,2009-09-03,2009,9,3,12.29934034064591
Dong Thap,2009-09-04,2009,9,4,2.2834046123139786
Dong Thap,2009-09-05,2009,9,5,3.665481863864186
Dong Thap,2009-09-06,2009,9,6,10.545754758792857
Dong Thap,2009-09-07,2009,9,7,18.12303202058117
Dong Thap,2009-09-08,2009,9,8,0.0543618103747522
Dong Thap,2009-09-09,2009,9,9,2.1855775575424663
Dong Thap,2009-09-10,2009,9,10,3.584151970851926
Dong Thap,2009-09-11,2009,9,11,1.4387749701041816
Dong Thap,2009-09-12,2009,9,12,11.52086190628794
Dong Thap,2009-09-13,2009,9,13,15.087707523940391
Dong Thap,2009-09-14,2009,9,14,11.330863891638996
Dong Thap,2009-09-15,2009,9,15,8.172416854018334
Dong Thap,2009-09-16,2009,9,16,11.359532421439148
Dong Thap,2009-09-17,2009,9,17,0.2114940863402759
Dong Thap,2009-09-18,2009,9,18,2.9575677012975223
Dong Thap,2009-09-19,2009,9,19,2.623759629242484
Dong Thap,2009-09-20,2009,9,20,7.237669258193955
Dong Thap,2009-09-21,2009,9,21,5.361488655943268
Dong Thap,2009-09-22,2009,9,22,7.492753176501688
Dong Thap,2009-09-23,2009,9,23,9.631096678592188
Dong Thap,2009-09-24,2009,9,24,2.784620328699619
Dong Thap,2009-09-25,2009,9,25,2.219043430132824
Dong Thap,2009-09-26,2009,9,26,1.0878533339430094
Dong Thap,2009-09-27,2009,9,27,5.032984534682992
Dong Thap,2009-09-28,2009,9,28,12.416220271089646
Dong Thap,2009-09-29,2009,9,29,18.192531104906895
Dong Thap,2009-09-30,2009,9,30,6.623995354630273
Dong Thap,2009-10-01,2009,10,1,0.63327896017484
Dong Thap,2009-10-02,2009,10,2,0.0
Dong Thap,2009-10-03,2009,10,3,18.689823316802823
Dong Thap,2009-10-04,2009,10,4,2.0120716870899558
Dong Thap,2009-10-05,2009,10,5,12.348943896404
Dong Thap,2009-10-06,2009,10,6,13.29567195282032
Dong Thap,2009-10-07,2009,10,7,4.253875813071407
Dong Thap,2009-10-08,2009,10,8,4.128441645582705
Dong Thap,2009-10-09,2009,10,9,6.940489621059082
Dong Thap,2009-10-10,2009,10,10,5.253127572891904
Dong Thap,2009-10-11,2009,10,11,2.4590978533171564
Dong Thap,2009-10-12,2009,10,12,1.3538839993548275
Dong Thap,2009-10-13,2009,10,13,0.0
Dong Thap,2009-10-14,2009,10,14,17.854350925384523
Dong Thap,2009-10-15,2009,10,15,17.204118077490417
Dong Thap,2009-10-16,2009,10,16,11.27851697064755
Dong Thap,2009-10-17,2009,10,17,15.90251043604592
Dong Thap,2009-10-18,2009,10,18,9.687733380762602
Dong Thap,2009-10-19,2009,10,19,0.1602624162460146
Dong Thap,2009-10-20,2009,10,20,1.5613207730179546
Dong Thap,2009-10-21,2009,10,21,0.0
Dong Thap,2009-10-22,2009,10,22,3.2962812995164046
Dong Thap,2009-10-23,2009,10,23,24.68499166786413
Dong Thap,2009-10-24,2009,10,24,17.48066540039773
Dong Thap,2009-10-25,2009,10,25,11.452309702647522
Dong Thap,2009-10-26,2009,10,26,3.220261821883833
Dong Thap,2009-10-27,2009,10,27,0.0
Dong Thap,2009-10-28,2009,10,28,0.0
Dong Thap,2009-10-29,2009,10,29,0.0
Dong Thap,2009-10-30,2009,10,30,0.0
Dong Thap,2009-10-31,2009,10,31,0.0
Dong Thap,2009-11-01,2009,11,1,0.0
Dong Thap,2009-11-02,2009,11,2,0.0157438649702753
Dong Thap,2009-11-03,2009,11,3,0.0
Dong Thap,2009-11-04,2009,11,4,0.0
Dong Thap,2009-11-05,2009,11,5,0.1753505772697781
Dong Thap,2009-11-06,2009,11,6,2.3922940690703527
Dong Thap,2009-11-07,2009,11,7,9.076059667139544
Dong Thap,2009-11-08,2009,11,8,0.6882421888338347
Dong Thap,2009-11-09,2009,11,9,0.0065242477946468
Dong Thap,2009-11-10,2009,11,10,0.0135422939747835
Dong Thap,2009-11-11,2009,11,11,0.0146733309261269
Dong Thap,2009-11-12,2009,11,12,0.0
Dong Thap,2009-11-13,2009,11,13,0.0
Dong Thap,2009-11-14,2009,11,14,0.3520256640934364
Dong Thap,2009-11-15,2009,11,15,10.970227900913626
Dong Thap,2009-11-16,2009,11,16,2.520667400291399
Dong Thap,2009-11-17,2009,11,17,4.816859174395513
Dong Thap,2009-11-18,2009,11,18,0.0
Dong Thap,2009-11-19,2009,11,19,0.0648601411934582
Dong Thap,2009-11-20,2009,11,20,0.3085494110961335
Dong Thap,2009-11-21,2009,11,21,1.7502492124839026
Dong Thap,2009-11-22,2009,11,22,8.996670809399653
Dong Thap,2009-11-23,2009,11,23,3.5210712313219226
Dong Thap,2009-11-24,2009,11,24,0.0
Dong Thap,2009-11-25,2009,11,25,2.353818449082492
Dong Thap,2009-11-26,2009,11,26,16.370043200512757
Dong Thap,2009-11-27,2009,11,27,5.05261661851111
Dong Thap,2009-11-28,2009,11,28,0.6353374581394319
Dong Thap,2009-11-29,2009,11,29,3.724141263491121
Dong Thap,2009-11-30,2009,11,30,0.902189242858748
Dong Thap,2009-12-01,2009,12,1,0.0
Dong Thap,2009-12-02,2009,12,2,0.1992450122906827
Dong Thap,2009-12-03,2009,12,3,0.0
Dong Thap,2009-12-04,2009,12,4,0.0
Dong Thap,2009-12-05,2009,12,5,0.0
Dong Thap,2009-12-06,2009,12,6,0.0
Dong Thap,2009-12-07,2009,12,7,0.0
Dong Thap,2009-12-08,2009,12,8,0.0
Dong Thap,2009-12-09,2009,12,9,0.0
Dong Thap,2009-12-10,2009,12,10,0.0
Dong Thap,2009-12-11,2009,12,11,0.0
Dong Thap,2009-12-12,2009,12,12,0.0
Dong Thap,2009-12-13,2009,12,13,0.0
Dong Thap,2009-12-14,2009,12,14,0.1104415942778899
Dong Thap,2009-12-15,2009,12,15,0.0692324072447173
Dong Thap,2009-12-16,2009,12,16,4.47610786929811
Dong Thap,2009-12-17,2009,12,17,0.0
Dong Thap,2009-12-18,2009,12,18,11.61142968645922
Dong Thap,2009-12-19,2009,12,19,7.666744240346827
Dong Thap,2009-12-20,2009,12,20,0.0202906924038482
Dong Thap,2009-12-21,2009,12,21,0.0
Dong Thap,2009-12-22,2009,12,22,0.0
Dong Thap,2009-12-23,2009,12,23,0.0
Dong Thap,2009-12-24,2009,12,24,0.0
Dong Thap,2009-12-25,2009,12,25,0.0370815409360517
Dong Thap,2009-12-26,2009,12,26,0.0
Dong Thap,2009-12-27,2009,12,27,0.0
Dong Thap,2009-12-28,2009,12,28,0.0
Dong Thap,2009-12-29,2009,12,29,0.0207026764118187
Dong Thap,2009-12-30,2009,12,30,0.0170800664377829
Dong Thap,2009-12-31,2009,12,31,0.0
Dong Thap,2010-01-01,2010,1,1,0.0032324936415891
Dong Thap,2010-01-02,2010,1,2,0.0
Dong Thap,2010-01-03,2010,1,3,0.0
Dong Thap,2010-01-04,2010,1,4,0.0
Dong Thap,2010-01-05,2010,1,5,0.0
Dong Thap,2010-01-06,2010,1,6,0.0
Dong Thap,2010-01-07,2010,1,7,0.0
Dong Thap,2010-01-08,2010,1,8,0.0
Dong Thap,2010-01-09,2010,1,9,0.0
Dong Thap,2010-01-10,2010,1,10,0.0
Dong Thap,2010-01-11,2010,1,11,0.0
Dong Thap,2010-01-12,2010,1,12,0.0
Dong Thap,2010-01-13,2010,1,13,0.0
Dong Thap,2010-01-14,2010,1,14,0.0456321573268266
Dong Thap,2010-01-15,2010,1,15,1.7727991682427626
Dong Thap,2010-01-16,2010,1,16,1.4431452458478813
Dong Thap,2010-01-17,2010,1,17,0.0
Dong Thap,2010-01-18,2010,1,18,0.8694803350355065
Dong Thap,2010-01-19,2010,1,19,6.042877068582073
Dong Thap,2010-01-20,2010,1,20,6.730427581486392
Dong Thap,2010-01-21,2010,1,21,0.0
Dong Thap,2010-01-22,2010,1,22,0.0
Dong Thap,2010-01-23,2010,1,23,0.0
Dong Thap,2010-01-24,2010,1,24,0.0
Dong Thap,2010-01-25,2010,1,25,0.4371899603404287
Dong Thap,2010-01-26,2010,1,26,0.0
Dong Thap,2010-01-27,2010,1,27,0.0
Dong Thap,2010-01-28,2010,1,28,0.0
Dong Thap,2010-01-29,2010,1,29,0.0
Dong Thap,2010-01-30,2010,1,30,0.0
Dong Thap,2010-01-31,2010,1,31,0.0
Dong Thap,2010-02-01,2010,2,1,0.0
Dong Thap,2010-02-02,2010,2,2,0.0
Dong Thap,2010-02-03,2010,2,3,0.0
Dong Thap,2010-02-04,2010,2,4,0.0
Dong Thap,2010-02-05,2010,2,5,0.0
Dong Thap,2010-02-06,2010,2,6,0.0
Dong Thap,2010-02-07,2010,2,7,0.0
Dong Thap,2010-02-08,2010,2,8,0.0
Dong Thap,2010-02-09,2010,2,9,0.0
Dong Thap,2010-02-10,2010,2,10,0.0
Dong Thap,2010-02-11,2010,2,11,0.0
Dong Thap,2010-02-12,2010,2,12,0.0
Dong Thap,2010-02-13,2010,2,13,0.0
Dong Thap,2010-02-14,2010,2,14,0.0
Dong Thap,2010-02-15,2010,2,15,0.0
Dong Thap,2010-02-16,2010,2,16,0.0
Dong Thap,2010-02-17,2010,2,17,0.0
Dong Thap,2010-02-18,2010,2,18,0.0
Dong Thap,2010-02-19,2010,2,19,0.0
Dong Thap,2010-02-20,2010,2,20,0.0
Dong Thap,2010-02-21,2010,2,21,0.0
Dong Thap,2010-02-22,2010,2,22,0.0
Dong Thap,2010-02-23,2010,2,23,0.0
Dong Thap,2010-02-24,2010,2,24,0.0
Dong Thap,2010-02-25,2010,2,25,0.0
Dong Thap,2010-02-26,2010,2,26,0.0
Dong Thap,2010-02-27,2010,2,27,0.0
Dong Thap,2010-02-28,2010,2,28,0.0
Dong Thap,2010-03-01,2010,3,1,0.0
Dong Thap,2010-03-02,2010,3,2,0.0
Dong Thap,2010-03-03,2010,3,3,0.0
Dong Thap,2010-03-04,2010,3,4,0.0
Dong Thap,2010-03-05,2010,3,5,0.0
Dong Thap,2010-03-06,2010,3,6,0.0
Dong Thap,2010-03-07,2010,3,7,0.0
Dong Thap,2010-03-08,2010,3,8,0.0
Dong Thap,2010-03-09,2010,3,9,0.0420842340589245
Dong Thap,2010-03-10,2010,3,10,0.0
Dong Thap,2010-03-11,2010,3,11,0.0
Dong Thap,2010-03-12,2010,3,12,0.0
Dong Thap,2010-03-13,2010,3,13,0.0
Dong Thap,2010-03-14,2010,3,14,0.0
Dong Thap,2010-03-15,2010,3,15,0.0
Dong Thap,2010-03-16,2010,3,16,0.0
Dong Thap,2010-03-17,2010,3,17,0.0
Dong Thap,2010-03-18,2010,3,18,0.0
Dong Thap,2010-03-19,2010,3,19,0.0
Dong Thap,2010-03-20,2010,3,20,0.0
Dong Thap,2010-03-21,2010,3,21,0.0
Dong Thap,2010-03-22,2010,3,22,0.0
Dong Thap,2010-03-23,2010,3,23,0.0
Dong Thap,2010-03-24,2010,3,24,0.0
Dong Thap,2010-03-25,2010,3,25,4.428792183283424
Dong Thap,2010-03-26,2010,3,26,4.870655557980524
Dong Thap,2010-03-27,2010,3,27,0.2192067366920957
Dong Thap,2010-03-28,2010,3,28,1.9569679057216705
Dong Thap,2010-03-29,2010,3,29,0.009865917706668
Dong Thap,2010-03-30,2010,3,30,0.0010990392926438
Dong Thap,2010-03-31,2010,3,31,3.917219524747907
Dong Thap,2010-04-01,2010,4,1,0.0
Dong Thap,2010-04-02,2010,4,2,0.0
Dong Thap,2010-04-03,2010,4,3,0.0
Dong Thap,2010-04-04,2010,4,4,0.0048449121251624
Dong Thap,2010-04-05,2010,4,5,0.0
Dong Thap,2010-04-06,2010,4,6,0.0
Dong Thap,2010-04-07,2010,4,7,0.0
Dong Thap,2010-04-08,2010,4,8,0.0
Dong Thap,2010-04-09,2010,4,9,0.0
Dong Thap,2010-04-10,2010,4,10,0.0
Dong Thap,2010-04-11,2010,4,11,0.0
Dong Thap,2010-04-12,2010,4,12,0.0
Dong Thap,2010-04-13,2010,4,13,0.0
Dong Thap,2010-04-14,2010,4,14,0.0
Dong Thap,2010-04-15,2010,4,15,0.0
Dong Thap,2010-04-16,2010,4,16,0.621340573178902
Dong Thap,2010-04-17,2010,4,17,2.120757311447315
Dong Thap,2010-04-18,2010,4,18,0.493863542725879
Dong Thap,2010-04-19,2010,4,19,6.114483829870874
Dong Thap,2010-04-20,2010,4,20,8.125453828548068
Dong Thap,2010-04-21,2010,4,21,0.0
Dong Thap,2010-04-22,2010,4,22,0.3905169345676856
Dong Thap,2010-04-23,2010,4,23,0.2262767127190746
Dong Thap,2010-04-24,2010,4,24,0.0
Dong Thap,2010-04-25,2010,4,25,0.0
Dong Thap,2010-04-26,2010,4,26,0.0
Dong Thap,2010-04-27,2010,4,27,0.0
Dong Thap,2010-04-28,2010,4,28,0.0008054546469161911
Dong Thap,2010-04-29,2010,4,29,1.4346388685735734
Dong Thap,2010-04-30,2010,4,30,6.094346773504045
Dong Thap,2010-05-01,2010,5,1,5.996199197176227
Dong Thap,2010-05-02,2010,5,2,12.611540447950146
Dong Thap,2010-05-03,2010,5,3,3.0847616479162565
Dong Thap,2010-05-04,2010,5,4,1.666100073474752
Dong Thap,2010-05-05,2010,5,5,0.0
Dong Thap,2010-05-06,2010,5,6,0.0374365239043827
Dong Thap,2010-05-07,2010,5,7,0.0
Dong Thap,2010-05-08,2010,5,8,0.0
Dong Thap,2010-05-09,2010,5,9,0.0
Dong Thap,2010-05-10,2010,5,10,5.274789302219117
Dong Thap,2010-05-11,2010,5,11,0.0
Dong Thap,2010-05-12,2010,5,12,0.2250861250403409
Dong Thap,2010-05-13,2010,5,13,0.5370196018605536
Dong Thap,2010-05-14,2010,5,14,1.7556122216996832
Dong Thap,2010-05-15,2010,5,15,2.31803303116407
Dong Thap,2010-05-16,2010,5,16,2.723621216441379
Dong Thap,2010-05-17,2010,5,17,1.3532535468528453
Dong Thap,2010-05-18,2010,5,18,4.397699161907536
Dong Thap,2010-05-19,2010,5,19,2.113214089218818
Dong Thap,2010-05-20,2010,5,20,2.4616824555774373
Dong Thap,2010-05-21,2010,5,21,8.663059049678381
Dong Thap,2010-05-22,2010,5,22,1.2653057030608164
Dong Thap,2010-05-23,2010,5,23,1.0789232168922296
Dong Thap,2010-05-24,2010,5,24,1.6003091198051758
Dong Thap,2010-05-25,2010,5,25,4.489518654909102
Dong Thap,2010-05-26,2010,5,26,4.140481590480795
Dong Thap,2010-05-27,2010,5,27,5.8207667164583965
Dong Thap,2010-05-28,2010,5,28,7.227542985458072
Dong Thap,2010-05-29,2010,5,29,5.880293105136569
Dong Thap,2010-05-30,2010,5,30,5.3216859081894015
Dong Thap,2010-05-31,2010,5,31,7.874199803369992
Dong Thap,2010-06-01,2010,6,1,5.208251197929957
Dong Thap,2010-06-02,2010,6,2,3.074115011307665
Dong Thap,2010-06-03,2010,6,3,5.939731103710663
Dong Thap,2010-06-04,2010,6,4,4.543328580535508
Dong Thap,2010-06-05,2010,6,5,5.749091975132244
Dong Thap,2010-06-06,2010,6,6,3.3462296190149843
Dong Thap,2010-06-07,2010,6,7,8.87287498386046
Dong Thap,2010-06-08,2010,6,8,10.900121567658832
Dong Thap,2010-06-09,2010,6,9,10.72134834741664
Dong Thap,2010-06-10,2010,6,10,5.11856570206912
Dong Thap,2010-06-11,2010,6,11,4.69643065405725
Dong Thap,2010-06-12,2010,6,12,0.0876800785171273
Dong Thap,2010-06-13,2010,6,13,4.2431916764176325
Dong Thap,2010-06-14,2010,6,14,10.701545884529692
Dong Thap,2010-06-15,2010,6,15,7.703609539006119
Dong Thap,2010-06-16,2010,6,16,1.47813961740278
Dong Thap,2010-06-17,2010,6,17,12.515815492725322
Dong Thap,2010-06-18,2010,6,18,7.001606325538408
Dong Thap,2010-06-19,2010,6,19,11.034016594030373
Dong Thap,2010-06-20,2010,6,20,3.958350154211765
Dong Thap,2010-06-21,2010,6,21,24.246370994885105
Dong Thap,2010-06-22,2010,6,22,10.855356683813849
Dong Thap,2010-06-23,2010,6,23,9.559206604362478
Dong Thap,2010-06-24,2010,6,24,0.0
Dong Thap,2010-06-25,2010,6,25,12.692521239208856
Dong Thap,2010-06-26,2010,6,26,5.463076245251873
Dong Thap,2010-06-27,2010,6,27,5.841624538222081
Dong Thap,2010-06-28,2010,6,28,3.5543950072810677
Dong Thap,2010-06-29,2010,6,29,0.4067032979930206
Dong Thap,2010-06-30,2010,6,30,7.5033777639225825
Dong Thap,2010-07-01,2010,7,1,11.335318421827893
Dong Thap,2010-07-02,2010,7,2,12.62448952380345
Dong Thap,2010-07-03,2010,7,3,11.181203406374271
Dong Thap,2010-07-04,2010,7,4,7.134581041087196
Dong Thap,2010-07-05,2010,7,5,4.248393380610828
Dong Thap,2010-07-06,2010,7,6,4.713524206684968
Dong Thap,2010-07-07,2010,7,7,4.754710301300387
Dong Thap,2010-07-08,2010,7,8,2.116220983296855
Dong Thap,2010-07-09,2010,7,9,4.847385217583798
Dong Thap,2010-07-10,2010,7,10,4.926271085190561
Dong Thap,2010-07-11,2010,7,11,0.5906274900066898
Dong Thap,2010-07-12,2010,7,12,7.214813486015493
Dong Thap,2010-07-13,2010,7,13,6.581323598392536
Dong Thap,2010-07-14,2010,7,14,4.146967489722905
Dong Thap,2010-07-15,2010,7,15,8.236380962171005
Dong Thap,2010-07-16,2010,7,16,9.182094796582463
Dong Thap,2010-07-17,2010,7,17,9.90166617011926
Dong Thap,2010-07-18,2010,7,18,3.0911212756178226
Dong Thap,2010-07-19,2010,7,19,1.1718336538728034
Dong Thap,2010-07-20,2010,7,20,8.217874940111976
Dong Thap,2010-07-21,2010,7,21,9.863786441454248
Dong Thap,2010-07-22,2010,7,22,11.900074515397886
Dong Thap,2010-07-23,2010,7,23,2.20072067637332
Dong Thap,2010-07-24,2010,7,24,6.433994222456885
Dong Thap,2010-07-25,2010,7,25,26.03611273751497
Dong Thap,2010-07-26,2010,7,26,12.07980955113676
Dong Thap,2010-07-27,2010,7,27,7.377347878596123
Dong Thap,2010-07-28,2010,7,28,4.769426908322896
Dong Thap,2010-07-29,2010,7,29,0.7330641364778063
Dong Thap,2010-07-30,2010,7,30,3.1130368085723883
Dong Thap,2010-07-31,2010,7,31,13.455598537062253
Dong Thap,2010-08-01,2010,8,1,8.277303198892184
Dong Thap,2010-08-02,2010,8,2,0.6489788526130256
Dong Thap,2010-08-03,2010,8,3,3.0789887147011155
Dong Thap,2010-08-04,2010,8,4,0.0
Dong Thap,2010-08-05,2010,8,5,2.494224369153971
Dong Thap,2010-08-06,2010,8,6,9.30140006716678
Dong Thap,2010-08-07,2010,8,7,4.514211818339168
Dong Thap,2010-08-08,2010,8,8,9.761744483324817
Dong Thap,2010-08-09,2010,8,9,5.307292731746348
Dong Thap,2010-08-10,2010,8,10,1.1977593058600615
Dong Thap,2010-08-11,2010,8,11,4.8055557683059495
Dong Thap,2010-08-12,2010,8,12,4.946574200905852
Dong Thap,2010-08-13,2010,8,13,7.08275657218006
Dong Thap,2010-08-14,2010,8,14,8.832864355710939
Dong Thap,2010-08-15,2010,8,15,5.263146122824123
Dong Thap,2010-08-16,2010,8,16,6.233207483640026
Dong Thap,2010-08-17,2010,8,17,10.883726162003745
Dong Thap,2010-08-18,2010,8,18,1.6748829944038537
Dong Thap,2010-08-19,2010,8,19,9.18723468867618
Dong Thap,2010-08-20,2010,8,20,6.077649757925385
Dong Thap,2010-08-21,2010,8,21,0.6662608853625632
Dong Thap,2010-08-22,2010,8,22,9.939402545583144
Dong Thap,2010-08-23,2010,8,23,7.989858515021316
Dong Thap,2010-08-24,2010,8,24,5.294939974490709
Dong Thap,2010-08-25,2010,8,25,1.464347241232934
Dong Thap,2010-08-26,2010,8,26,2.88570037319502
Dong Thap,2010-08-27,2010,8,27,9.175028940028328
Dong Thap,2010-08-28,2010,8,28,7.138378044300831
Dong Thap,2010-08-29,2010,8,29,6.995556280412501
Dong Thap,2010-08-30,2010,8,30,1.104432155735941
Dong Thap,2010-08-31,2010,8,31,2.362543837801517
Dong Thap,2010-09-01,2010,9,1,2.8100096861778368
Dong Thap,2010-09-02,2010,9,2,7.083527585912079
Dong Thap,2010-09-03,2010,9,3,10.653011276117653
Dong Thap,2010-09-04,2010,9,4,0.8898033438246615
Dong Thap,2010-09-05,2010,9,5,5.171606614127405
Dong Thap,2010-09-06,2010,9,6,0.00027393540044152217
Dong Thap,2010-09-07,2010,9,7,4.2675308154598754
Dong Thap,2010-09-08,2010,9,8,2.833860521694416
Dong Thap,2010-09-09,2010,9,9,6.891540893539701
Dong Thap,2010-09-10,2010,9,10,13.702463024850596
Dong Thap,2010-09-11,2010,9,11,2.137267616504116
Dong Thap,2010-09-12,2010,9,12,14.362855088015598
Dong Thap,2010-09-13,2010,9,13,9.128329135100527
Dong Thap,2010-09-14,2010,9,14,8.119448201582491
Dong Thap,2010-09-15,2010,9,15,8.145089225979218
Dong Thap,2010-09-16,2010,9,16,11.217611005902963
Dong Thap,2010-09-17,2010,9,17,10.157861731735132
Dong Thap,2010-09-18,2010,9,18,9.037113069162524
Dong Thap,2010-09-19,2010,9,19,5.559681026166544
Dong Thap,2010-09-20,2010,9,20,3.89341646179959
Dong Thap,2010-09-21,2010,9,21,0.7781673944913422
Dong Thap,2010-09-22,2010,9,22,4.11155636404711
Dong Thap,2010-09-23,2010,9,23,1.6398592695597205
Dong Thap,2010-09-24,2010,9,24,4.653625942125917
Dong Thap,2010-09-25,2010,9,25,5.851656556724553
Dong Thap,2010-09-26,2010,9,26,6.781608379817691
Dong Thap,2010-09-27,2010,9,27,6.826274591087886
Dong Thap,2010-09-28,2010,9,28,3.807637206991971
Dong Thap,2010-09-29,2010,9,29,7.773660210158398
Dong Thap,2010-09-30,2010,9,30,8.861261804790376
Dong Thap,2010-10-01,2010,10,1,13.845922876708164
Dong Thap,2010-10-02,2010,10,2,11.64501460199862
Dong Thap,2010-10-03,2010,10,3,15.322309497616198
Dong Thap,2010-10-04,2010,10,4,15.060247166480822
Dong Thap,2010-10-05,2010,10,5,13.941298713699226
Dong Thap,2010-10-06,2010,10,6,5.975941070115617
Dong Thap,2010-10-07,2010,10,7,8.931986354026009
Dong Thap,2010-10-08,2010,10,8,15.067460533021007
Dong Thap,2010-10-09,2010,10,9,19.083192621387536
Dong Thap,2010-10-10,2010,10,10,16.030729768009504
Dong Thap,2010-10-11,2010,10,11,34.364066497739095
Dong Thap,2010-10-12,2010,10,12,15.46680603486922
Dong Thap,2010-10-13,2010,10,13,25.14748621630727
Dong Thap,2010-10-14,2010,10,14,10.88826174040297
Dong Thap,2010-10-15,2010,10,15,2.0440729781562617
Dong Thap,2010-10-16,2010,10,16,1.6623621792351813
Dong Thap,2010-10-17,2010,10,17,10.270126145890105
Dong Thap,2010-10-18,2010,10,18,1.3376850742776558
Dong Thap,2010-10-19,2010,10,19,26.020626250567386
Dong Thap,2010-10-20,2010,10,20,21.64699850389144
Dong Thap,2010-10-21,2010,10,21,16.41680935552013
Dong Thap,2010-10-22,2010,10,22,0.0
Dong Thap,2010-10-23,2010,10,23,0.0
Dong Thap,2010-10-24,2010,10,24,6.232044362551177
Dong Thap,2010-10-25,2010,10,25,6.406540308723325
Dong Thap,2010-10-26,2010,10,26,1.3236299430279872
Dong Thap,2010-10-27,2010,10,27,7.8558512349328335
Dong Thap,2010-10-28,2010,10,28,7.875015581488634
Dong Thap,2010-10-29,2010,10,29,4.479274927602754
Dong Thap,2010-10-30,2010,10,30,8.018707820982081
Dong Thap,2010-10-31,2010,10,31,1.5124694557992786
Dong Thap,2010-11-01,2010,11,1,0.8309514133573684
Dong Thap,2010-11-02,2010,11,2,4.852726795396376
Dong Thap,2010-11-03,2010,11,3,8.856238655568463
Dong Thap,2010-11-04,2010,11,4,13.944865276571676
Dong Thap,2010-11-05,2010,11,5,0.0
Dong Thap,2010-11-06,2010,11,6,3.554286935377044
Dong Thap,2010-11-07,2010,11,7,15.51653086095
Dong Thap,2010-11-08,2010,11,8,16.8252519018828
Dong Thap,2010-11-09,2010,11,9,15.364124458055793
Dong Thap,2010-11-10,2010,11,10,4.882323514841731
Dong Thap,2010-11-11,2010,11,11,3.4636522329716484
Dong Thap,2010-11-12,2010,11,12,8.651331065070037
Dong Thap,2010-11-13,2010,11,13,5.438365969658979
Dong Thap,2010-11-14,2010,11,14,8.998508818016477
Dong Thap,2010-11-15,2010,11,15,10.210450486677528
Dong Thap,2010-11-16,2010,11,16,11.413330526370318
Dong Thap,2010-11-17,2010,11,17,27.60796955599111
Dong Thap,2010-11-18,2010,11,18,35.3684054160567
Dong Thap,2010-11-19,2010,11,19,17.30082497711432
Dong Thap,2010-11-20,2010,11,20,18.03722743271753
Dong Thap,2010-11-21,2010,11,21,14.217856917842212
Dong Thap,2010-11-22,2010,11,22,10.326926110308534
Dong Thap,2010-11-23,2010,11,23,4.360708505517098
Dong Thap,2010-11-24,2010,11,24,0.0
Dong Thap,2010-11-25,2010,11,25,2.265603617283392
Dong Thap,2010-11-26,2010,11,26,0.7066161181344068
Dong Thap,2010-11-27,2010,11,27,6.460180555432457
Dong Thap,2010-11-28,2010,11,28,9.99025084453292
Dong Thap,2010-11-29,2010,11,29,8.58002643998258
Dong Thap,2010-11-30,2010,11,30,0.0
Dong Thap,2010-12-01,2010,12,1,0.0
Dong Thap,2010-12-02,2010,12,2,0.6575503410428712
Dong Thap,2010-12-03,2010,12,3,0.4074975605542652
Dong Thap,2010-12-04,2010,12,4,0.0939663973137556
Dong Thap,2010-12-05,2010,12,5,0.0352272279391503
Dong Thap,2010-12-06,2010,12,6,3.064502893612954
Dong Thap,2010-12-07,2010,12,7,0.0
Dong Thap,2010-12-08,2010,12,8,0.2085523085488208
Dong Thap,2010-12-09,2010,12,9,0.0
Dong Thap,2010-12-10,2010,12,10,0.0
Dong Thap,2010-12-11,2010,12,11,0.0
Dong Thap,2010-12-12,2010,12,12,0.0
Dong Thap,2010-12-13,2010,12,13,9.893391218130237
Dong Thap,2010-12-14,2010,12,14,17.663246710905817
Dong Thap,2010-12-15,2010,12,15,0.0
Dong Thap,2010-12-16,2010,12,16,0.0184497972829882
Dong Thap,2010-12-17,2010,12,17,1.3558652844015415
Dong Thap,2010-12-18,2010,12,18,2.9733803853822014
Dong Thap,2010-12-19,2010,12,19,0.1819280046324678
Dong Thap,2010-12-20,2010,12,20,1.6783644733737046
Dong Thap,2010-12-21,2010,12,21,1.7869772568416071
Dong Thap,2010-12-22,2010,12,22,0.1549498591870441
Dong Thap,2010-12-23,2010,12,23,0.5606176131672265
Dong Thap,2010-12-24,2010,12,24,1.8568088706690131
Dong Thap,2010-12-25,2010,12,25,0.0
Dong Thap,2010-12-26,2010,12,26,0.0
Dong Thap,2010-12-27,2010,12,27,0.0
Dong Thap,2010-12-28,2010,12,28,0.1276867292603316
Dong Thap,2010-12-29,2010,12,29,0.000575128689979733
Dong Thap,2010-12-30,2010,12,30,0.0
Dong Thap,2010-12-31,2010,12,31,0.0
Dong Thap,2011-01-01,2011,1,1,0.0
Dong Thap,2011-01-02,2011,1,2,0.0
Dong Thap,2011-01-03,2011,1,3,0.9123592841393934
Dong Thap,2011-01-04,2011,1,4,0.8798096293673535
Dong Thap,2011-01-05,2011,1,5,0.0
Dong Thap,2011-01-06,2011,1,6,0.0
Dong Thap,2011-01-07,2011,1,7,0.0
Dong Thap,2011-01-08,2011,1,8,0.0
Dong Thap,2011-01-09,2011,1,9,0.0
Dong Thap,2011-01-10,2011,1,10,0.5539597011739117
Dong Thap,2011-01-11,2011,1,11,0.0959626486343619
Dong Thap,2011-01-12,2011,1,12,3.051131514869148
Dong Thap,2011-01-13,2011,1,13,2.6201621093327607
Dong Thap,2011-01-14,2011,1,14,1.6917542625773991
Dong Thap,2011-01-15,2011,1,15,0.013618800142454
Dong Thap,2011-01-16,2011,1,16,0.0
Dong Thap,2011-01-17,2011,1,17,0.0
Dong Thap,2011-01-18,2011,1,18,2.7834579606113814
Dong Thap,2011-01-19,2011,1,19,0.7637346806015207
Dong Thap,2011-01-20,2011,1,20,0.0
Dong Thap,2011-01-21,2011,1,21,0.0
Dong Thap,2011-01-22,2011,1,22,0.0
Dong Thap,2011-01-23,2011,1,23,0.0032571406288159
Dong Thap,2011-01-24,2011,1,24,0.0498276328368335
Dong Thap,2011-01-25,2011,1,25,0.0
Dong Thap,2011-01-26,2011,1,26,0.0
Dong Thap,2011-01-27,2011,1,27,0.0
Dong Thap,2011-01-28,2011,1,28,0.0
Dong Thap,2011-01-29,2011,1,29,0.0
Dong Thap,2011-01-30,2011,1,30,0.6662239354261875
Dong Thap,2011-01-31,2011,1,31,0.0
Dong Thap,2011-02-01,2011,2,1,0.0
Dong Thap,2011-02-02,2011,2,2,0.0
Dong Thap,2011-02-03,2011,2,3,0.0
Dong Thap,2011-02-04,2011,2,4,0.0
Dong Thap,2011-02-05,2011,2,5,0.0
Dong Thap,2011-02-06,2011,2,6,0.0
Dong Thap,2011-02-07,2011,2,7,0.0
Dong Thap,2011-02-08,2011,2,8,0.0
Dong Thap,2011-02-09,2011,2,9,0.0
Dong Thap,2011-02-10,2011,2,10,0.0
Dong Thap,2011-02-11,2011,2,11,0.0
Dong Thap,2011-02-12,2011,2,12,0.0
Dong Thap,2011-02-13,2011,2,13,0.0
Dong Thap,2011-02-14,2011,2,14,0.0
Dong Thap,2011-02-15,2011,2,15,0.0
Dong Thap,2011-02-16,2011,2,16,0.0
Dong Thap,2011-02-17,2011,2,17,0.0
Dong Thap,2011-02-18,2011,2,18,0.0
Dong Thap,2011-02-19,2011,2,19,0.0
Dong Thap,2011-02-20,2011,2,20,0.0
Dong Thap,2011-02-21,2011,2,21,0.0
Dong Thap,2011-02-22,2011,2,22,0.0
Dong Thap,2011-02-23,2011,2,23,0.0
Dong Thap,2011-02-24,2011,2,24,0.0
Dong Thap,2011-02-25,2011,2,25,0.0
Dong Thap,2011-02-26,2011,2,26,0.0
Dong Thap,2011-02-27,2011,2,27,0.0
Dong Thap,2011-02-28,2011,2,28,0.1522384756224642
Dong Thap,2011-03-01,2011,3,1,3.562329105605119
Dong Thap,2011-03-02,2011,3,2,1.4533883746868088
Dong Thap,2011-03-03,2011,3,3,0.0
Dong Thap,2011-03-04,2011,3,4,1.096599199562514
Dong Thap,2011-03-05,2011,3,5,8.782404142035249
Dong Thap,2011-03-06,2011,3,6,0.0
Dong Thap,2011-03-07,2011,3,7,0.0
Dong Thap,2011-03-08,2011,3,8,0.0
Dong Thap,2011-03-09,2011,3,9,0.0
Dong Thap,2011-03-10,2011,3,10,0.0
Dong Thap,2011-03-11,2011,3,11,0.0
Dong Thap,2011-03-12,2011,3,12,11.523424535881558
Dong Thap,2011-03-13,2011,3,13,0.0
Dong Thap,2011-03-14,2011,3,14,0.0
Dong Thap,2011-03-15,2011,3,15,0.0
Dong Thap,2011-03-16,2011,3,16,0.0
Dong Thap,2011-03-17,2011,3,17,0.5728479867582555
Dong Thap,2011-03-18,2011,3,18,0.0
Dong Thap,2011-03-19,2011,3,19,0.0
Dong Thap,2011-03-20,2011,3,20,0.0
Dong Thap,2011-03-21,2011,3,21,9.54248400049088
Dong Thap,2011-03-22,2011,3,22,4.766371499364111
Dong Thap,2011-03-23,2011,3,23,27.10490390809181
Dong Thap,2011-03-24,2011,3,24,4.367391701780102
Dong Thap,2011-03-25,2011,3,25,3.575969477453982
Dong Thap,2011-03-26,2011,3,26,0.0
Dong Thap,2011-03-27,2011,3,27,0.0
Dong Thap,2011-03-28,2011,3,28,0.0
Dong Thap,2011-03-29,2011,3,29,0.0
Dong Thap,2011-03-30,2011,3,30,0.0
Dong Thap,2011-03-31,2011,3,31,0.0
Dong Thap,2011-04-01,2011,4,1,0.326690770180176
Dong Thap,2011-04-02,2011,4,2,11.936353370151682
Dong Thap,2011-04-03,2011,4,3,20.724704406423463
Dong Thap,2011-04-04,2011,4,4,0.0384670086450146
Dong Thap,2011-04-05,2011,4,5,0.0
Dong Thap,2011-04-06,2011,4,6,0.0
Dong Thap,2011-04-07,2011,4,7,0.0
Dong Thap,2011-04-08,2011,4,8,0.0
Dong Thap,2011-04-09,2011,4,9,0.0
Dong Thap,2011-04-10,2011,4,10,0.0
Dong Thap,2011-04-11,2011,4,11,0.0
Dong Thap,2011-04-12,2011,4,12,0.0
Dong Thap,2011-04-13,2011,4,13,0.0
Dong Thap,2011-04-14,2011,4,14,0.0
Dong Thap,2011-04-15,2011,4,15,0.0
Dong Thap,2011-04-16,2011,4,16,0.0
Dong Thap,2011-04-17,2011,4,17,0.0
Dong Thap,2011-04-18,2011,4,18,5.257883911351781
Dong Thap,2011-04-19,2011,4,19,9.200647887274442
Dong Thap,2011-04-20,2011,4,20,4.61195260635952
Dong Thap,2011-04-21,2011,4,21,0.0
Dong Thap,2011-04-22,2011,4,22,0.0
Dong Thap,2011-04-23,2011,4,23,0.4419739848873039
Dong Thap,2011-04-24,2011,4,24,0.0
Dong Thap,2011-04-25,2011,4,25,0.2191365325440076
Dong Thap,2011-04-26,2011,4,26,0.0
Dong Thap,2011-04-27,2011,4,27,0.2296815527075132
Dong Thap,2011-04-28,2011,4,28,0.371095942509588
Dong Thap,2011-04-29,2011,4,29,0.5671227271287165
Dong Thap,2011-04-30,2011,4,30,0.0
Dong Thap,2011-05-01,2011,5,1,3.5800934305314382
Dong Thap,2011-05-02,2011,5,2,15.456544939625523
Dong Thap,2011-05-03,2011,5,3,3.4072397480969627
Dong Thap,2011-05-04,2011,5,4,4.260815297993288
Dong Thap,2011-05-05,2011,5,5,2.462316340097148
Dong Thap,2011-05-06,2011,5,6,1.8738580858839968
Dong Thap,2011-05-07,2011,5,7,5.1029410601433165
Dong Thap,2011-05-08,2011,5,8,0.0
Dong Thap,2011-05-09,2011,5,9,3.456416163121
Dong Thap,2011-05-10,2011,5,10,2.8724279507017463
Dong Thap,2011-05-11,2011,5,11,4.261121015639863
Dong Thap,2011-05-12,2011,5,12,9.273845218438147
Dong Thap,2011-05-13,2011,5,13,6.03643645899675
Dong Thap,2011-05-14,2011,5,14,6.280110671375783
Dong Thap,2011-05-15,2011,5,15,2.869534393239513
Dong Thap,2011-05-16,2011,5,16,1.2536509798948303
Dong Thap,2011-05-17,2011,5,17,6.287727952280739
Dong Thap,2011-05-18,2011,5,18,6.356961426508784
Dong Thap,2011-05-19,2011,5,19,2.7426803551051293
Dong Thap,2011-05-20,2011,5,20,7.864476320260444
Dong Thap,2011-05-21,2011,5,21,0.3483036887031685
Dong Thap,2011-05-22,2011,5,22,0.8962380154375745
Dong Thap,2011-05-23,2011,5,23,1.3237988125082312
Dong Thap,2011-05-24,2011,5,24,3.18142703168106
Dong Thap,2011-05-25,2011,5,25,12.289627743857446
Dong Thap,2011-05-26,2011,5,26,3.999122410370212
Dong Thap,2011-05-27,2011,5,27,5.505248992221814
Dong Thap,2011-05-28,2011,5,28,14.505263992872855
Dong Thap,2011-05-29,2011,5,29,16.119722861780552
Dong Thap,2011-05-30,2011,5,30,2.6747000812131696
Dong Thap,2011-05-31,2011,5,31,4.199887617438564
Dong Thap,2011-06-01,2011,6,1,9.049808322720605
Dong Thap,2011-06-02,2011,6,2,7.108354097892831
Dong Thap,2011-06-03,2011,6,3,5.888870641274705
Dong Thap,2011-06-04,2011,6,4,11.352976472044515
Dong Thap,2011-06-05,2011,6,5,16.180367435975107
Dong Thap,2011-06-06,2011,6,6,17.04103469910847
Dong Thap,2011-06-07,2011,6,7,5.17926116994051
Dong Thap,2011-06-08,2011,6,8,12.112735389445897
Dong Thap,2011-06-09,2011,6,9,9.233146994636526
Dong Thap,2011-06-10,2011,6,10,5.60794343966217
Dong Thap,2011-06-11,2011,6,11,1.780378100443026
Dong Thap,2011-06-12,2011,6,12,0.3164720499572337
Dong Thap,2011-06-13,2011,6,13,19.21139138789573
Dong Thap,2011-06-14,2011,6,14,0.2858234365456547
Dong Thap,2011-06-15,2011,6,15,8.144858263505673
Dong Thap,2011-06-16,2011,6,16,3.658997142561065
Dong Thap,2011-06-17,2011,6,17,27.421777954333105
Dong Thap,2011-06-18,2011,6,18,6.885871099470853
Dong Thap,2011-06-19,2011,6,19,0.0
Dong Thap,2011-06-20,2011,6,20,0.0
Dong Thap,2011-06-21,2011,6,21,5.656662334430397
Dong Thap,2011-06-22,2011,6,22,6.440609469850881
Dong Thap,2011-06-23,2011,6,23,5.637949331705601
Dong Thap,2011-06-24,2011,6,24,0.0
Dong Thap,2011-06-25,2011,6,25,0.0
Dong Thap,2011-06-26,2011,6,26,2.543137373974567
Dong Thap,2011-06-27,2011,6,27,4.731664786053159
Dong Thap,2011-06-28,2011,6,28,8.458196812099898
Dong Thap,2011-06-29,2011,6,29,9.592442599112736
Dong Thap,2011-06-30,2011,6,30,15.289149039019414
Dong Thap,2011-07-01,2011,7,1,7.288822035414032
Dong Thap,2011-07-02,2011,7,2,0.2672178760823516
Dong Thap,2011-07-03,2011,7,3,4.61945636146783
Dong Thap,2011-07-04,2011,7,4,8.057277223772811
Dong Thap,2011-07-05,2011,7,5,9.583064209090784
Dong Thap,2011-07-06,2011,7,6,6.993369757547543
Dong Thap,2011-07-07,2011,7,7,8.993731398457482
Dong Thap,2011-07-08,2011,7,8,1.8764167445261024
Dong Thap,2011-07-09,2011,7,9,2.594316255885347
Dong Thap,2011-07-10,2011,7,10,12.40911028804166
Dong Thap,2011-07-11,2011,7,11,3.322717709662503
Dong Thap,2011-07-12,2011,7,12,10.851094629100745
Dong Thap,2011-07-13,2011,7,13,5.826110362763139
Dong Thap,2011-07-14,2011,7,14,13.16150716225089
Dong Thap,2011-07-15,2011,7,15,3.331631398786619
Dong Thap,2011-07-16,2011,7,16,0.0
Dong Thap,2011-07-17,2011,7,17,1.745834667679401
Dong Thap,2011-07-18,2011,7,18,0.0
Dong Thap,2011-07-19,2011,7,19,0.0
Dong Thap,2011-07-20,2011,7,20,2.505799788742452
Dong Thap,2011-07-21,2011,7,21,7.520140376455094
Dong Thap,2011-07-22,2011,7,22,0.8184531521697092
Dong Thap,2011-07-23,2011,7,23,3.836302958941116
Dong Thap,2011-07-24,2011,7,24,12.658623342398258
Dong Thap,2011-07-25,2011,7,25,0.0
Dong Thap,2011-07-26,2011,7,26,15.252693397085327
Dong Thap,2011-07-27,2011,7,27,8.900621910497714
Dong Thap,2011-07-28,2011,7,28,8.519979180176833
Dong Thap,2011-07-29,2011,7,29,8.484717400917422
Dong Thap,2011-07-30,2011,7,30,11.9804712778956
Dong Thap,2011-07-31,2011,7,31,8.803227898740213
Dong Thap,2011-08-01,2011,8,1,2.6487413191601927
Dong Thap,2011-08-02,2011,8,2,1.2182586532308446
Dong Thap,2011-08-03,2011,8,3,0.0501056943035515
Dong Thap,2011-08-04,2011,8,4,0.0
Dong Thap,2011-08-05,2011,8,5,0.0
Dong Thap,2011-08-06,2011,8,6,3.3627293518483827
Dong Thap,2011-08-07,2011,8,7,1.9675921050665564
Dong Thap,2011-08-08,2011,8,8,5.5501618318839565
Dong Thap,2011-08-09,2011,8,9,0.4523128821705375
Dong Thap,2011-08-10,2011,8,10,0.1840785580452861
Dong Thap,2011-08-11,2011,8,11,0.1228642825883397
Dong Thap,2011-08-12,2011,8,12,0.0288473874878282
Dong Thap,2011-08-13,2011,8,13,5.700953450803721
Dong Thap,2011-08-14,2011,8,14,8.344024250600404
Dong Thap,2011-08-15,2011,8,15,6.268057499737703
Dong Thap,2011-08-16,2011,8,16,1.8546003441922048
Dong Thap,2011-08-17,2011,8,17,3.037813229428441
Dong Thap,2011-08-18,2011,8,18,0.7017944958682282
Dong Thap,2011-08-19,2011,8,19,4.9854088950406
Dong Thap,2011-08-20,2011,8,20,7.844755697647997
Dong Thap,2011-08-21,2011,8,21,9.597795935709888
Dong Thap,2011-08-22,2011,8,22,11.574012633175537
Dong Thap,2011-08-23,2011,8,23,9.66861428457348
Dong Thap,2011-08-24,2011,8,24,3.98207604538185
Dong Thap,2011-08-25,2011,8,25,12.408891975555065
Dong Thap,2011-08-26,2011,8,26,13.392337937662868
Dong Thap,2011-08-27,2011,8,27,7.834281392884082
Dong Thap,2011-08-28,2011,8,28,0.1752112501733881
Dong Thap,2011-08-29,2011,8,29,5.688560453954671
Dong Thap,2011-08-30,2011,8,30,0.0
Dong Thap,2011-08-31,2011,8,31,1.1627194646915824
Dong Thap,2011-09-01,2011,9,1,5.899539796094084
Dong Thap,2011-09-02,2011,9,2,0.7570958139777639
Dong Thap,2011-09-03,2011,9,3,0.0
Dong Thap,2011-09-04,2011,9,4,0.0025522839544256
Dong Thap,2011-09-05,2011,9,5,0.2621562440182471
Dong Thap,2011-09-06,2011,9,6,10.801685654470534
Dong Thap,2011-09-07,2011,9,7,11.357501804936842
Dong Thap,2011-09-08,2011,9,8,10.706059663101524
Dong Thap,2011-09-09,2011,9,9,9.079538389692123
Dong Thap,2011-09-10,2011,9,10,2.984471534685885
Dong Thap,2011-09-11,2011,9,11,1.4820944336852648
Dong Thap,2011-09-12,2011,9,12,3.831852016263411
Dong Thap,2011-09-13,2011,9,13,0.0367646543163276
Dong Thap,2011-09-14,2011,9,14,4.366558611961023
Dong Thap,2011-09-15,2011,9,15,1.6951012671372494
Dong Thap,2011-09-16,2011,9,16,6.770834837792706
Dong Thap,2011-09-17,2011,9,17,0.1990261189123927
Dong Thap,2011-09-18,2011,9,18,5.940460160114284
Dong Thap,2011-09-19,2011,9,19,9.347141156181442
Dong Thap,2011-09-20,2011,9,20,8.230947742981247
Dong Thap,2011-09-21,2011,9,21,12.290542252904462
Dong Thap,2011-09-22,2011,9,22,4.808240832940556
Dong Thap,2011-09-23,2011,9,23,11.152856442780616
Dong Thap,2011-09-24,2011,9,24,6.9578190552815
Dong Thap,2011-09-25,2011,9,25,5.501719363860484
Dong Thap,2011-09-26,2011,9,26,5.934561711699883
Dong Thap,2011-09-27,2011,9,27,11.294865185437564
Dong Thap,2011-09-28,2011,9,28,7.902139246490825
Dong Thap,2011-09-29,2011,9,29,0.809028603550742
Dong Thap,2011-09-30,2011,9,30,9.94503508923084
Dong Thap,2011-10-01,2011,10,1,1.432436802786495
Dong Thap,2011-10-02,2011,10,2,12.803812192158274
Dong Thap,2011-10-03,2011,10,3,20.430593282694375
Dong Thap,2011-10-04,2011,10,4,13.83633749243459
Dong Thap,2011-10-05,2011,10,5,16.71565127836648
Dong Thap,2011-10-06,2011,10,6,0.4840793830279401
Dong Thap,2011-10-07,2011,10,7,6.562390386537544
Dong Thap,2011-10-08,2011,10,8,11.798091915545342
Dong Thap,2011-10-09,2011,10,9,9.2371263614257
Dong Thap,2011-10-10,2011,10,10,7.824484897134575
Dong Thap,2011-10-11,2011,10,11,12.296148204954946
Dong Thap,2011-10-12,2011,10,12,8.270686364347005
Dong Thap,2011-10-13,2011,10,13,6.113887404743603
Dong Thap,2011-10-14,2011,10,14,11.359775264449253
Dong Thap,2011-10-15,2011,10,15,9.099798287613904
Dong Thap,2011-10-16,2011,10,16,0.0072816366683552
Dong Thap,2011-10-17,2011,10,17,6.622270574902684
Dong Thap,2011-10-18,2011,10,18,4.601220246227737
Dong Thap,2011-10-19,2011,10,19,8.988836448412242
Dong Thap,2011-10-20,2011,10,20,3.093486736549496
Dong Thap,2011-10-21,2011,10,21,4.77108269288801
Dong Thap,2011-10-22,2011,10,22,2.669398287309928
Dong Thap,2011-10-23,2011,10,23,12.172975495866774
Dong Thap,2011-10-24,2011,10,24,9.80215366546166
Dong Thap,2011-10-25,2011,10,25,18.07002723169672
Dong Thap,2011-10-26,2011,10,26,13.073156494779976
Dong Thap,2011-10-27,2011,10,27,0.5270280425635652
Dong Thap,2011-10-28,2011,10,28,5.266936800885366
Dong Thap,2011-10-29,2011,10,29,4.186170029375106
Dong Thap,2011-10-30,2011,10,30,0.0924744668368284
Dong Thap,2011-10-31,2011,10,31,1.183566847395567
Dong Thap,2011-11-01,2011,11,1,0.0
Dong Thap,2011-11-02,2011,11,2,5.912136938922496
Dong Thap,2011-11-03,2011,11,3,0.3102403866857904
Dong Thap,2011-11-04,2011,11,4,7.831450805159306
Dong Thap,2011-11-05,2011,11,5,37.581064112148006
Dong Thap,2011-11-06,2011,11,6,30.89672744888173
Dong Thap,2011-11-07,2011,11,7,29.73337960045759
Dong Thap,2011-11-08,2011,11,8,2.361273857817942
Dong Thap,2011-11-09,2011,11,9,1.8459104217448572
Dong Thap,2011-11-10,2011,11,10,4.460132943236801
Dong Thap,2011-11-11,2011,11,11,0.8843658314977665
Dong Thap,2011-11-12,2011,11,12,0.0
Dong Thap,2011-11-13,2011,11,13,0.8120999636835645
Dong Thap,2011-11-14,2011,11,14,4.218410564863358
Dong Thap,2011-11-15,2011,11,15,3.712141706873452
Dong Thap,2011-11-16,2011,11,16,9.757035104073928
Dong Thap,2011-11-17,2011,11,17,23.80911965600913
Dong Thap,2011-11-18,2011,11,18,7.504170276151912
Dong Thap,2011-11-19,2011,11,19,8.662780320168295
Dong Thap,2011-11-20,2011,11,20,1.2198776518619596
Dong Thap,2011-11-21,2011,11,21,1.7218926502228968
Dong Thap,2011-11-22,2011,11,22,0.0
Dong Thap,2011-11-23,2011,11,23,0.5692011615080114
Dong Thap,2011-11-24,2011,11,24,0.0
Dong Thap,2011-11-25,2011,11,25,0.0123523052571337
Dong Thap,2011-11-26,2011,11,26,4.14640343570644
Dong Thap,2011-11-27,2011,11,27,0.0
Dong Thap,2011-11-28,2011,11,28,0.0
Dong Thap,2011-11-29,2011,11,29,0.0177209729479639
Dong Thap,2011-11-30,2011,11,30,0.0
Dong Thap,2011-12-01,2011,12,1,0.0
Dong Thap,2011-12-02,2011,12,2,0.0
Dong Thap,2011-12-03,2011,12,3,5.134617451112611
Dong Thap,2011-12-04,2011,12,4,0.577757106090122
Dong Thap,2011-12-05,2011,12,5,0.0
Dong Thap,2011-12-06,2011,12,6,0.0663417223862084
Dong Thap,2011-12-07,2011,12,7,4.422244988826495
Dong Thap,2011-12-08,2011,12,8,6.296676474585129
Dong Thap,2011-12-09,2011,12,9,0.0770437866483168
Dong Thap,2011-12-10,2011,12,10,0.0302594233416688
Dong Thap,2011-12-11,2011,12,11,0.0
Dong Thap,2011-12-12,2011,12,12,11.77848666800861
Dong Thap,2011-12-13,2011,12,13,0.120474865181202
Dong Thap,2011-12-14,2011,12,14,2.23079904896996
Dong Thap,2011-12-15,2011,12,15,1.2737955780412862
Dong Thap,2011-12-16,2011,12,16,1.7697488060202051
Dong Thap,2011-12-17,2011,12,17,0.0
Dong Thap,2011-12-18,2011,12,18,0.0
Dong Thap,2011-12-19,2011,12,19,0.1528981484511635
Dong Thap,2011-12-20,2011,12,20,0.0
Dong Thap,2011-12-21,2011,12,21,0.0414834140798037
Dong Thap,2011-12-22,2011,12,22,0.2559503881953485
Dong Thap,2011-12-23,2011,12,23,0.0
Dong Thap,2011-12-24,2011,12,24,0.0
Dong Thap,2011-12-25,2011,12,25,0.0
Dong Thap,2011-12-26,2011,12,26,0.0
Dong Thap,2011-12-27,2011,12,27,0.1540292479944845
Dong Thap,2011-12-28,2011,12,28,0.0
Dong Thap,2011-12-29,2011,12,29,0.0
Dong Thap,2011-12-30,2011,12,30,3.8408684982872328
Dong Thap,2011-12-31,2011,12,31,0.0
Dong Thap,2012-01-01,2012,1,1,0.0
Dong Thap,2012-01-02,2012,1,2,0.0
Dong Thap,2012-01-03,2012,1,3,0.0
Dong Thap,2012-01-04,2012,1,4,0.0
Dong Thap,2012-01-05,2012,1,5,0.0
Dong Thap,2012-01-06,2012,1,6,0.0
Dong Thap,2012-01-07,2012,1,7,0.0
Dong Thap,2012-01-08,2012,1,8,0.0
Dong Thap,2012-01-09,2012,1,9,0.0
Dong Thap,2012-01-10,2012,1,10,0.0
Dong Thap,2012-01-11,2012,1,11,0.0021283150882387
Dong Thap,2012-01-12,2012,1,12,0.3010141361941818
Dong Thap,2012-01-13,2012,1,13,0.0
Dong Thap,2012-01-14,2012,1,14,1.5709606006839574
Dong Thap,2012-01-15,2012,1,15,0.7838748764472397
Dong Thap,2012-01-16,2012,1,16,0.0
Dong Thap,2012-01-17,2012,1,17,0.043911852424367
Dong Thap,2012-01-18,2012,1,18,0.0
Dong Thap,2012-01-19,2012,1,19,0.0
Dong Thap,2012-01-20,2012,1,20,0.0
Dong Thap,2012-01-21,2012,1,21,0.0
Dong Thap,2012-01-22,2012,1,22,0.0
Dong Thap,2012-01-23,2012,1,23,0.5874230928477283
Dong Thap,2012-01-24,2012,1,24,0.0
Dong Thap,2012-01-25,2012,1,25,0.910361139154066
Dong Thap,2012-01-26,2012,1,26,1.4733131649084628
Dong Thap,2012-01-27,2012,1,27,0.0
Dong Thap,2012-01-28,2012,1,28,6.769873746660847
Dong Thap,2012-01-29,2012,1,29,4.438692981365831
Dong Thap,2012-01-30,2012,1,30,0.0
Dong Thap,2012-01-31,2012,1,31,0.0493594834004937
Dong Thap,2012-02-01,2012,2,1,5.667253012468624
Dong Thap,2012-02-02,2012,2,2,0.1710544827102343
Dong Thap,2012-02-03,2012,2,3,0.0
Dong Thap,2012-02-04,2012,2,4,0.0414832224644634
Dong Thap,2012-02-05,2012,2,5,0.0
Dong Thap,2012-02-06,2012,2,6,0.0
Dong Thap,2012-02-07,2012,2,7,0.0
Dong Thap,2012-02-08,2012,2,8,0.0
Dong Thap,2012-02-09,2012,2,9,0.0
Dong Thap,2012-02-10,2012,2,10,0.0
Dong Thap,2012-02-11,2012,2,11,0.0
Dong Thap,2012-02-12,2012,2,12,0.0
Dong Thap,2012-02-13,2012,2,13,0.0
Dong Thap,2012-02-14,2012,2,14,0.0
Dong Thap,2012-02-15,2012,2,15,0.0
Dong Thap,2012-02-16,2012,2,16,0.000280196018329358
Dong Thap,2012-02-17,2012,2,17,6.281054299347573
Dong Thap,2012-02-18,2012,2,18,0.0
Dong Thap,2012-02-19,2012,2,19,0.0
Dong Thap,2012-02-20,2012,2,20,0.0
Dong Thap,2012-02-21,2012,2,21,0.2659881667929061
Dong Thap,2012-02-22,2012,2,22,7.230846251047246
Dong Thap,2012-02-23,2012,2,23,0.0
Dong Thap,2012-02-24,2012,2,24,0.0
Dong Thap,2012-02-25,2012,2,25,0.0
Dong Thap,2012-02-26,2012,2,26,0.0
Dong Thap,2012-02-27,2012,2,27,0.0
Dong Thap,2012-02-28,2012,2,28,0.0
Dong Thap,2012-02-29,2012,2,29,0.0
Dong Thap,2012-03-01,2012,3,1,2.250977956020617
Dong Thap,2012-03-02,2012,3,2,0.1796375913957578
Dong Thap,2012-03-03,2012,3,3,5.057409073534479
Dong Thap,2012-03-04,2012,3,4,4.921250227376366
Dong Thap,2012-03-05,2012,3,5,0.0
Dong Thap,2012-03-06,2012,3,6,0.026359254985013
Dong Thap,2012-03-07,2012,3,7,0.0
Dong Thap,2012-03-08,2012,3,8,1.9900935748070032
Dong Thap,2012-03-09,2012,3,9,0.0
Dong Thap,2012-03-10,2012,3,10,0.0
Dong Thap,2012-03-11,2012,3,11,0.0
Dong Thap,2012-03-12,2012,3,12,0.0
Dong Thap,2012-03-13,2012,3,13,0.0
Dong Thap,2012-03-14,2012,3,14,0.0
Dong Thap,2012-03-15,2012,3,15,11.01973680056004
Dong Thap,2012-03-16,2012,3,16,0.0
Dong Thap,2012-03-17,2012,3,17,0.0
Dong Thap,2012-03-18,2012,3,18,0.0011168233805133
Dong Thap,2012-03-19,2012,3,19,0.7542136681067689
Dong Thap,2012-03-20,2012,3,20,1.800772223466914
Dong Thap,2012-03-21,2012,3,21,2.372235259826907
Dong Thap,2012-03-22,2012,3,22,0.0
Dong Thap,2012-03-23,2012,3,23,4.7532007531200575
Dong Thap,2012-03-24,2012,3,24,6.452152156568798
Dong Thap,2012-03-25,2012,3,25,0.0
Dong Thap,2012-03-26,2012,3,26,0.0
Dong Thap,2012-03-27,2012,3,27,0.0
Dong Thap,2012-03-28,2012,3,28,0.0
Dong Thap,2012-03-29,2012,3,29,0.0
Dong Thap,2012-03-30,2012,3,30,8.440887567892561
Dong Thap,2012-03-31,2012,3,31,28.53884235195542
Dong Thap,2012-04-01,2012,4,1,2.529820823415163
Dong Thap,2012-04-02,2012,4,2,0.4137428265216263
Dong Thap,2012-04-03,2012,4,3,7.9644979919764
Dong Thap,2012-04-04,2012,4,4,0.0
Dong Thap,2012-04-05,2012,4,5,0.0
Dong Thap,2012-04-06,2012,4,6,0.0
Dong Thap,2012-04-07,2012,4,7,0.0
Dong Thap,2012-04-08,2012,4,8,0.0
Dong Thap,2012-04-09,2012,4,9,0.0
Dong Thap,2012-04-10,2012,4,10,11.410590417799774
Dong Thap,2012-04-11,2012,4,11,1.9933528465115076
Dong Thap,2012-04-12,2012,4,12,8.814583381943507
Dong Thap,2012-04-13,2012,4,13,4.250378234825464
Dong Thap,2012-04-14,2012,4,14,1.5660757503867655
Dong Thap,2012-04-15,2012,4,15,0.7446419780611963
Dong Thap,2012-04-16,2012,4,16,1.0849011497741543
Dong Thap,2012-04-17,2012,4,17,0.765901679966437
Dong Thap,2012-04-18,2012,4,18,3.3539879942139117
Dong Thap,2012-04-19,2012,4,19,1.4034250363190206
Dong Thap,2012-04-20,2012,4,20,0.0
Dong Thap,2012-04-21,2012,4,21,12.69518969709272
Dong Thap,2012-04-22,2012,4,22,14.124236465291636
Dong Thap,2012-04-23,2012,4,23,0.1217493838887379
Dong Thap,2012-04-24,2012,4,24,0.0187212786207616
Dong Thap,2012-04-25,2012,4,25,9.944567250007127
Dong Thap,2012-04-26,2012,4,26,32.25337919383895
Dong Thap,2012-04-27,2012,4,27,8.214972732084416
Dong Thap,2012-04-28,2012,4,28,19.292943401944743
Dong Thap,2012-04-29,2012,4,29,15.525552207579109
Dong Thap,2012-04-30,2012,4,30,1.8122084108452845
Dong Thap,2012-05-01,2012,5,1,0.0
Dong Thap,2012-05-02,2012,5,2,4.541522428193868
Dong Thap,2012-05-03,2012,5,3,6.52916446639914
Dong Thap,2012-05-04,2012,5,4,3.5275179031270136
Dong Thap,2012-05-05,2012,5,5,0.3860065124325397
Dong Thap,2012-05-06,2012,5,6,2.4369241193643565
Dong Thap,2012-05-07,2012,5,7,14.937689481245188
Dong Thap,2012-05-08,2012,5,8,8.708413250732505
Dong Thap,2012-05-09,2012,5,9,0.7187744818200104
Dong Thap,2012-05-10,2012,5,10,1.2300858907291663
Dong Thap,2012-05-11,2012,5,11,6.5571496440002575
Dong Thap,2012-05-12,2012,5,12,2.777988211284127
Dong Thap,2012-05-13,2012,5,13,16.801719592005472
Dong Thap,2012-05-14,2012,5,14,17.75476628448623
Dong Thap,2012-05-15,2012,5,15,8.513748975467701
Dong Thap,2012-05-16,2012,5,16,11.30196907837049
Dong Thap,2012-05-17,2012,5,17,0.4705436113390868
Dong Thap,2012-05-18,2012,5,18,1.160790456472028
Dong Thap,2012-05-19,2012,5,19,0.0
Dong Thap,2012-05-20,2012,5,20,0.0023442459317435
Dong Thap,2012-05-21,2012,5,21,0.195600709962228
Dong Thap,2012-05-22,2012,5,22,1.8704367821952883
Dong Thap,2012-05-23,2012,5,23,15.26131272313274
Dong Thap,2012-05-24,2012,5,24,14.22263778933111
Dong Thap,2012-05-25,2012,5,25,8.075167133596063
Dong Thap,2012-05-26,2012,5,26,24.71220662265453
Dong Thap,2012-05-27,2012,5,27,11.19083845365174
Dong Thap,2012-05-28,2012,5,28,0.1475931980021826
Dong Thap,2012-05-29,2012,5,29,0.4836070167929074
Dong Thap,2012-05-30,2012,5,30,10.379532895081155
Dong Thap,2012-05-31,2012,5,31,26.92060287923316
Dong Thap,2012-06-01,2012,6,1,17.7878824090211
Dong Thap,2012-06-02,2012,6,2,4.255599797353577
Dong Thap,2012-06-03,2012,6,3,15.86106067433334
Dong Thap,2012-06-04,2012,6,4,0.5266876604812928
Dong Thap,2012-06-05,2012,6,5,25.24004754729083
Dong Thap,2012-06-06,2012,6,6,12.47048600075167
Dong Thap,2012-06-07,2012,6,7,3.5109547130815923
Dong Thap,2012-06-08,2012,6,8,10.219592223760896
Dong Thap,2012-06-09,2012,6,9,4.105767762671799
Dong Thap,2012-06-10,2012,6,10,1.6718934218453956
Dong Thap,2012-06-11,2012,6,11,1.601240089387614
Dong Thap,2012-06-12,2012,6,12,0.0745026239373393
Dong Thap,2012-06-13,2012,6,13,0.0
Dong Thap,2012-06-14,2012,6,14,1.08280934884025
Dong Thap,2012-06-15,2012,6,15,1.0625459882091546
Dong Thap,2012-06-16,2012,6,16,1.0397397502935577
Dong Thap,2012-06-17,2012,6,17,4.82025180549437
Dong Thap,2012-06-18,2012,6,18,4.599836444909511
Dong Thap,2012-06-19,2012,6,19,0.0
Dong Thap,2012-06-20,2012,6,20,0.4356799234649017
Dong Thap,2012-06-21,2012,6,21,1.5922124674118965
Dong Thap,2012-06-22,2012,6,22,5.355961728439541
Dong Thap,2012-06-23,2012,6,23,0.2924864859382987
Dong Thap,2012-06-24,2012,6,24,0.7175398570273448
Dong Thap,2012-06-25,2012,6,25,0.0
Dong Thap,2012-06-26,2012,6,26,0.3527586118742697
Dong Thap,2012-06-27,2012,6,27,1.1108234215342647
Dong Thap,2012-06-28,2012,6,28,4.338360944105594
Dong Thap,2012-06-29,2012,6,29,5.896806110451488
Dong Thap,2012-06-30,2012,6,30,8.133327865143439
Dong Thap,2012-07-01,2012,7,1,8.051251700426516
Dong Thap,2012-07-02,2012,7,2,15.113369247284174
Dong Thap,2012-07-03,2012,7,3,15.883132125234717
Dong Thap,2012-07-04,2012,7,4,7.042627171848481
Dong Thap,2012-07-05,2012,7,5,6.315467382643208
Dong Thap,2012-07-06,2012,7,6,3.825436974730868
Dong Thap,2012-07-07,2012,7,7,10.93894593517391
Dong Thap,2012-07-08,2012,7,8,3.3662631365144917
Dong Thap,2012-07-09,2012,7,9,7.172932347000008
Dong Thap,2012-07-10,2012,7,10,12.888360798751131
Dong Thap,2012-07-11,2012,7,11,13.297665761256669
Dong Thap,2012-07-12,2012,7,12,11.880078400901738
Dong Thap,2012-07-13,2012,7,13,8.54614300804395
Dong Thap,2012-07-14,2012,7,14,5.094568444131475
Dong Thap,2012-07-15,2012,7,15,0.0
Dong Thap,2012-07-16,2012,7,16,16.365262104752432
Dong Thap,2012-07-17,2012,7,17,11.415983600899931
Dong Thap,2012-07-18,2012,7,18,10.014693296223443
Dong Thap,2012-07-19,2012,7,19,4.282541731391492
Dong Thap,2012-07-20,2012,7,20,2.4803173712640487
Dong Thap,2012-07-21,2012,7,21,4.778762672252872
Dong Thap,2012-07-22,2012,7,22,8.126120106275048
Dong Thap,2012-07-23,2012,7,23,0.122681470449641
Dong Thap,2012-07-24,2012,7,24,1.7544756278527516
Dong Thap,2012-07-25,2012,7,25,0.0
Dong Thap,2012-07-26,2012,7,26,0.0
Dong Thap,2012-07-27,2012,7,27,10.42441028773122
Dong Thap,2012-07-28,2012,7,28,9.730742330220592
Dong Thap,2012-07-29,2012,7,29,0.0
Dong Thap,2012-07-30,2012,7,30,3.5349056505009995
Dong Thap,2012-07-31,2012,7,31,4.242803107063759
Dong Thap,2012-08-01,2012,8,1,11.16010448454945
Dong Thap,2012-08-02,2012,8,2,4.579124470078434
Dong Thap,2012-08-03,2012,8,3,1.513710840626966
Dong Thap,2012-08-04,2012,8,4,0.5482359754273698
Dong Thap,2012-08-05,2012,8,5,0.0
Dong Thap,2012-08-06,2012,8,6,0.0166879197739407
Dong Thap,2012-08-07,2012,8,7,0.0
Dong Thap,2012-08-08,2012,8,8,0.0
Dong Thap,2012-08-09,2012,8,9,0.0989154503949786
Dong Thap,2012-08-10,2012,8,10,0.0
Dong Thap,2012-08-11,2012,8,11,0.0
Dong Thap,2012-08-12,2012,8,12,0.0
Dong Thap,2012-08-13,2012,8,13,0.0
Dong Thap,2012-08-14,2012,8,14,0.1356567101113942
Dong Thap,2012-08-15,2012,8,15,6.391763878928333
Dong Thap,2012-08-16,2012,8,16,9.206181433700175
Dong Thap,2012-08-17,2012,8,17,9.469386222426351
Dong Thap,2012-08-18,2012,8,18,6.4886067913710335
Dong Thap,2012-08-19,2012,8,19,0.0
Dong Thap,2012-08-20,2012,8,20,4.426810821019143
Dong Thap,2012-08-21,2012,8,21,5.967696472829988
Dong Thap,2012-08-22,2012,8,22,8.125135546013805
Dong Thap,2012-08-23,2012,8,23,2.243204748610913
Dong Thap,2012-08-24,2012,8,24,4.8831381559683
Dong Thap,2012-08-25,2012,8,25,3.6100965987460696
Dong Thap,2012-08-26,2012,8,26,12.577170652247132
Dong Thap,2012-08-27,2012,8,27,3.0691798947580757
Dong Thap,2012-08-28,2012,8,28,0.8456624722248142
Dong Thap,2012-08-29,2012,8,29,1.5129967551937924
Dong Thap,2012-08-30,2012,8,30,1.284076228605962
Dong Thap,2012-08-31,2012,8,31,10.682209846355054
Dong Thap,2012-09-01,2012,9,1,6.239493331766894
Dong Thap,2012-09-02,2012,9,2,2.420265089006198
Dong Thap,2012-09-03,2012,9,3,1.0876377565346254
Dong Thap,2012-09-04,2012,9,4,16.216472432135664
Dong Thap,2012-09-05,2012,9,5,12.759155199848012
Dong Thap,2012-09-06,2012,9,6,6.705449552703179
Dong Thap,2012-09-07,2012,9,7,0.2121066443092946
Dong Thap,2012-09-08,2012,9,8,6.79469153021965
Dong Thap,2012-09-09,2012,9,9,14.18621404904856
Dong Thap,2012-09-10,2012,9,10,11.356581604559183
Dong Thap,2012-09-11,2012,9,11,8.126196127914909
Dong Thap,2012-09-12,2012,9,12,12.219847600760842
Dong Thap,2012-09-13,2012,9,13,0.6296580924599894
Dong Thap,2012-09-14,2012,9,14,16.151071361127226
Dong Thap,2012-09-15,2012,9,15,17.39627093830047
Dong Thap,2012-09-16,2012,9,16,4.716100986674172
Dong Thap,2012-09-17,2012,9,17,0.0
Dong Thap,2012-09-18,2012,9,18,7.696375790991042
Dong Thap,2012-09-19,2012,9,19,10.813452748043725
Dong Thap,2012-09-20,2012,9,20,8.00114742187191
Dong Thap,2012-09-21,2012,9,21,3.711892816886247
Dong Thap,2012-09-22,2012,9,22,6.044366844622271
Dong Thap,2012-09-23,2012,9,23,7.240577961782059
Dong Thap,2012-09-24,2012,9,24,11.2509789747231
Dong Thap,2012-09-25,2012,9,25,4.637277789875468
Dong Thap,2012-09-26,2012,9,26,8.626285746453537
Dong Thap,2012-09-27,2012,9,27,21.43565776977296
Dong Thap,2012-09-28,2012,9,28,11.50704894954178
Dong Thap,2012-09-29,2012,9,29,10.73548581926412
Dong Thap,2012-09-30,2012,9,30,3.0394326692701923
Dong Thap,2012-10-01,2012,10,1,43.79911910575994
Dong Thap,2012-10-02,2012,10,2,26.02162717847778
Dong Thap,2012-10-03,2012,10,3,4.28750420654066
Dong Thap,2012-10-04,2012,10,4,9.396042766350854
Dong Thap,2012-10-05,2012,10,5,22.764577119075064
Dong Thap,2012-10-06,2012,10,6,33.95916806923874
Dong Thap,2012-10-07,2012,10,7,11.015121115979785
Dong Thap,2012-10-08,2012,10,8,5.832053727307827
Dong Thap,2012-10-09,2012,10,9,2.5644933767456126
Dong Thap,2012-10-10,2012,10,10,5.172972809911339
Dong Thap,2012-10-11,2012,10,11,12.266719821834608
Dong Thap,2012-10-12,2012,10,12,16.396350510893473
Dong Thap,2012-10-13,2012,10,13,1.7518508564947082
Dong Thap,2012-10-14,2012,10,14,0.2988697284469534
Dong Thap,2012-10-15,2012,10,15,2.615812810013184
Dong Thap,2012-10-16,2012,10,16,1.815149218601408
Dong Thap,2012-10-17,2012,10,17,8.200404910360138
Dong Thap,2012-10-18,2012,10,18,2.629819638169972
Dong Thap,2012-10-19,2012,10,19,0.3256027951637091
Dong Thap,2012-10-20,2012,10,20,3.143664712886407
Dong Thap,2012-10-21,2012,10,21,10.922237403597828
Dong Thap,2012-10-22,2012,10,22,9.753203788622178
Dong Thap,2012-10-23,2012,10,23,1.1310224070796784
Dong Thap,2012-10-24,2012,10,24,8.199378869026077
Dong Thap,2012-10-25,2012,10,25,0.0
Dong Thap,2012-10-26,2012,10,26,0.0
Dong Thap,2012-10-27,2012,10,27,2.172221236564903
Dong Thap,2012-10-28,2012,10,28,0.0
Dong Thap,2012-10-29,2012,10,29,2.136740616843736
Dong Thap,2012-10-30,2012,10,30,4.285560113733955
Dong Thap,2012-10-31,2012,10,31,12.658050987424016
Dong Thap,2012-11-01,2012,11,1,0.0
Dong Thap,2012-11-02,2012,11,2,2.404608096446421
Dong Thap,2012-11-03,2012,11,3,1.883402590318036
Dong Thap,2012-11-04,2012,11,4,7.102591901740327
Dong Thap,2012-11-05,2012,11,5,11.658543718525248
Dong Thap,2012-11-06,2012,11,6,5.634562691701952
Dong Thap,2012-11-07,2012,11,7,0.0213765346303342
Dong Thap,2012-11-08,2012,11,8,0.0
Dong Thap,2012-11-09,2012,11,9,0.0
Dong Thap,2012-11-10,2012,11,10,7.323484423170289
Dong Thap,2012-11-11,2012,11,11,4.269374426581946
Dong Thap,2012-11-12,2012,11,12,2.35471158705792
Dong Thap,2012-11-13,2012,11,13,2.2783284169058144
Dong Thap,2012-11-14,2012,11,14,22.25503987305175
Dong Thap,2012-11-15,2012,11,15,10.58934366916728
Dong Thap,2012-11-16,2012,11,16,0.7366757009314493
Dong Thap,2012-11-17,2012,11,17,0.4457436742251329
Dong Thap,2012-11-18,2012,11,18,0.2897035021995074
Dong Thap,2012-11-19,2012,11,19,3.8371552304802807
Dong Thap,2012-11-20,2012,11,20,0.2178608697234893
Dong Thap,2012-11-21,2012,11,21,0.1032081254896783
Dong Thap,2012-11-22,2012,11,22,0.0305573212361968
Dong Thap,2012-11-23,2012,11,23,4.082261059981828
Dong Thap,2012-11-24,2012,11,24,6.94399956570668
Dong Thap,2012-11-25,2012,11,25,0.0
Dong Thap,2012-11-26,2012,11,26,0.0
Dong Thap,2012-11-27,2012,11,27,1.099173341765543
Dong Thap,2012-11-28,2012,11,28,3.4565683428408573
Dong Thap,2012-11-29,2012,11,29,0.0
Dong Thap,2012-11-30,2012,11,30,1.3266411082582834
Dong Thap,2012-12-01,2012,12,1,0.0
Dong Thap,2012-12-02,2012,12,2,0.0
Dong Thap,2012-12-03,2012,12,3,1.2020197633002137
Dong Thap,2012-12-04,2012,12,4,1.187244591897635
Dong Thap,2012-12-05,2012,12,5,0.0
Dong Thap,2012-12-06,2012,12,6,0.0
Dong Thap,2012-12-07,2012,12,7,0.4087866144485149
Dong Thap,2012-12-08,2012,12,8,0.0
Dong Thap,2012-12-09,2012,12,9,0.0
Dong Thap,2012-12-10,2012,12,10,0.0
Dong Thap,2012-12-11,2012,12,11,0.33637341533371
Dong Thap,2012-12-12,2012,12,12,0.0
Dong Thap,2012-12-13,2012,12,13,0.0528796110965779
Dong Thap,2012-12-14,2012,12,14,3.1195262137260285
Dong Thap,2012-12-15,2012,12,15,0.0
Dong Thap,2012-12-16,2012,12,16,0.0
Dong Thap,2012-12-17,2012,12,17,0.0
Dong Thap,2012-12-18,2012,12,18,0.0
Dong Thap,2012-12-19,2012,12,19,1.26327298074751
Dong Thap,2012-12-20,2012,12,20,5.388000835663935
Dong Thap,2012-12-21,2012,12,21,0.0540037574899529
Dong Thap,2012-12-22,2012,12,22,0.858493063214254
Dong Thap,2012-12-23,2012,12,23,0.0
Dong Thap,2012-12-24,2012,12,24,0.0
Dong Thap,2012-12-25,2012,12,25,0.0
Dong Thap,2012-12-26,2012,12,26,0.0
Dong Thap,2012-12-27,2012,12,27,0.0
Dong Thap,2012-12-28,2012,12,28,0.0
Dong Thap,2012-12-29,2012,12,29,0.2600234524987845
Dong Thap,2012-12-30,2012,12,30,0.0197506725909841
Dong Thap,2012-12-31,2012,12,31,0.0
Dong Thap,2013-01-01,2013,1,1,0.6645480844035611
Dong Thap,2013-01-02,2013,1,2,0.0
Dong Thap,2013-01-03,2013,1,3,0.796676386807926
Dong Thap,2013-01-04,2013,1,4,0.4483799985207367
Dong Thap,2013-01-05,2013,1,5,6.428945832987449
Dong Thap,2013-01-06,2013,1,6,7.481643625376363
Dong Thap,2013-01-07,2013,1,7,6.406190024094161
Dong Thap,2013-01-08,2013,1,8,0.672762178466153
Dong Thap,2013-01-09,2013,1,9,1.862372298543418
Dong Thap,2013-01-10,2013,1,10,0.343217946534893
Dong Thap,2013-01-11,2013,1,11,0.0
Dong Thap,2013-01-12,2013,1,12,0.0
Dong Thap,2013-01-13,2013,1,13,0.0
Dong Thap,2013-01-14,2013,1,14,0.0
Dong Thap,2013-01-15,2013,1,15,0.0
Dong Thap,2013-01-16,2013,1,16,0.0
Dong Thap,2013-01-17,2013,1,17,0.0
Dong Thap,2013-01-18,2013,1,18,0.0
Dong Thap,2013-01-19,2013,1,19,0.0
Dong Thap,2013-01-20,2013,1,20,0.0
Dong Thap,2013-01-21,2013,1,21,0.0
Dong Thap,2013-01-22,2013,1,22,0.0
Dong Thap,2013-01-23,2013,1,23,0.0
Dong Thap,2013-01-24,2013,1,24,0.0
Dong Thap,2013-01-25,2013,1,25,0.0
Dong Thap,2013-01-26,2013,1,26,0.0
Dong Thap,2013-01-27,2013,1,27,0.0
Dong Thap,2013-01-28,2013,1,28,0.0
Dong Thap,2013-01-29,2013,1,29,0.0
Dong Thap,2013-01-30,2013,1,30,0.0
Dong Thap,2013-01-31,2013,1,31,0.0
Dong Thap,2013-02-01,2013,2,1,0.0
Dong Thap,2013-02-02,2013,2,2,0.0
Dong Thap,2013-02-03,2013,2,3,0.0
Dong Thap,2013-02-04,2013,2,4,0.0
Dong Thap,2013-02-05,2013,2,5,0.0
Dong Thap,2013-02-06,2013,2,6,0.0
Dong Thap,2013-02-07,2013,2,7,0.0
Dong Thap,2013-02-08,2013,2,8,0.0
Dong Thap,2013-02-09,2013,2,9,0.0
Dong Thap,2013-02-10,2013,2,10,0.0
Dong Thap,2013-02-11,2013,2,11,0.0712464861571788
Dong Thap,2013-02-12,2013,2,12,0.0
Dong Thap,2013-02-13,2013,2,13,0.0
Dong Thap,2013-02-14,2013,2,14,0.0530101670912125
Dong Thap,2013-02-15,2013,2,15,0.2131442670349647
Dong Thap,2013-02-16,2013,2,16,0.0
Dong Thap,2013-02-17,2013,2,17,0.0723825817053242
Dong Thap,2013-02-18,2013,2,18,0.0
Dong Thap,2013-02-19,2013,2,19,0.0
Dong Thap,2013-02-20,2013,2,20,0.1359953401018113
Dong Thap,2013-02-21,2013,2,21,3.966241934462039
Dong Thap,2013-02-22,2013,2,22,4.075113432462019
Dong Thap,2013-02-23,2013,2,23,0.0
Dong Thap,2013-02-24,2013,2,24,0.1252636121113012
Dong Thap,2013-02-25,2013,2,25,0.0
Dong Thap,2013-02-26,2013,2,26,0.0167154306717029
Dong Thap,2013-02-27,2013,2,27,0.0
Dong Thap,2013-02-28,2013,2,28,0.0
Dong Thap,2013-03-01,2013,3,1,0.0
Dong Thap,2013-03-02,2013,3,2,0.0
Dong Thap,2013-03-03,2013,3,3,0.0
Dong Thap,2013-03-04,2013,3,4,0.0
Dong Thap,2013-03-05,2013,3,5,0.0
Dong Thap,2013-03-06,2013,3,6,0.0
Dong Thap,2013-03-07,2013,3,7,0.0
Dong Thap,2013-03-08,2013,3,8,0.0
Dong Thap,2013-03-09,2013,3,9,0.0
Dong Thap,2013-03-10,2013,3,10,0.0
Dong Thap,2013-03-11,2013,3,11,0.0
Dong Thap,2013-03-12,2013,3,12,0.0
Dong Thap,2013-03-13,2013,3,13,0.0
Dong Thap,2013-03-14,2013,3,14,0.0
Dong Thap,2013-03-15,2013,3,15,3.730330134198214
Dong Thap,2013-03-16,2013,3,16,0.0
Dong Thap,2013-03-17,2013,3,17,0.0
Dong Thap,2013-03-18,2013,3,18,0.0
Dong Thap,2013-03-19,2013,3,19,0.0
Dong Thap,2013-03-20,2013,3,20,0.0
Dong Thap,2013-03-21,2013,3,21,0.0
Dong Thap,2013-03-22,2013,3,22,0.0
Dong Thap,2013-03-23,2013,3,23,0.0017403782644806
Dong Thap,2013-03-24,2013,3,24,0.0
Dong Thap,2013-03-25,2013,3,25,10.76415805272134
Dong Thap,2013-03-26,2013,3,26,0.0188845308129414
Dong Thap,2013-03-27,2013,3,27,7.048114109220538
Dong Thap,2013-03-28,2013,3,28,0.0
Dong Thap,2013-03-29,2013,3,29,0.0
Dong Thap,2013-03-30,2013,3,30,0.0
Dong Thap,2013-03-31,2013,3,31,0.0
Dong Thap,2013-04-01,2013,4,1,0.7029183722148277
Dong Thap,2013-04-02,2013,4,2,0.2126660683080942
Dong Thap,2013-04-03,2013,4,3,0.0
Dong Thap,2013-04-04,2013,4,4,0.7174098837232272
Dong Thap,2013-04-05,2013,4,5,0.007275688234359
Dong Thap,2013-04-06,2013,4,6,0.0
Dong Thap,2013-04-07,2013,4,7,7.360161173318636
Dong Thap,2013-04-08,2013,4,8,7.94451363860465
Dong Thap,2013-04-09,2013,4,9,5.604938915169696
Dong Thap,2013-04-10,2013,4,10,9.72472805308868
Dong Thap,2013-04-11,2013,4,11,16.93759496592869
Dong Thap,2013-04-12,2013,4,12,0.2981478161949241
Dong Thap,2013-04-13,2013,4,13,24.484350504641466
Dong Thap,2013-04-14,2013,4,14,0.0
Dong Thap,2013-04-15,2013,4,15,0.0
Dong Thap,2013-04-16,2013,4,16,0.0
Dong Thap,2013-04-17,2013,4,17,8.821350900330778
Dong Thap,2013-04-18,2013,4,18,2.204179712608608
Dong Thap,2013-04-19,2013,4,19,0.0
Dong Thap,2013-04-20,2013,4,20,1.5296462690692272
Dong Thap,2013-04-21,2013,4,21,0.0
Dong Thap,2013-04-22,2013,4,22,7.203908744368498
Dong Thap,2013-04-23,2013,4,23,13.643130958364312
Dong Thap,2013-04-24,2013,4,24,0.6845099607616533
Dong Thap,2013-04-25,2013,4,25,1.2859781812534106
Dong Thap,2013-04-26,2013,4,26,0.0
Dong Thap,2013-04-27,2013,4,27,11.998355459606996
Dong Thap,2013-04-28,2013,4,28,8.889995174097422
Dong Thap,2013-04-29,2013,4,29,0.3128370094764575
Dong Thap,2013-04-30,2013,4,30,2.2370157288076755
Dong Thap,2013-05-01,2013,5,1,6.050226451021376
Dong Thap,2013-05-02,2013,5,2,1.979079392327184
Dong Thap,2013-05-03,2013,5,3,2.066163148534035
Dong Thap,2013-05-04,2013,5,4,10.475206793747654
Dong Thap,2013-05-05,2013,5,5,9.774574443883894
Dong Thap,2013-05-06,2013,5,6,6.289135223556758
Dong Thap,2013-05-07,2013,5,7,10.385972895412884
Dong Thap,2013-05-08,2013,5,8,6.3322227591759
Dong Thap,2013-05-09,2013,5,9,8.36082907274301
Dong Thap,2013-05-10,2013,5,10,1.5802867243707592
Dong Thap,2013-05-11,2013,5,11,4.452792175839431
Dong Thap,2013-05-12,2013,5,12,8.628768698723368
Dong Thap,2013-05-13,2013,5,13,1.8058208419009616
Dong Thap,2013-05-14,2013,5,14,0.0
Dong Thap,2013-05-15,2013,5,15,12.71733544345937
Dong Thap,2013-05-16,2013,5,16,13.517496261868256
Dong Thap,2013-05-17,2013,5,17,14.896334238730775
Dong Thap,2013-05-18,2013,5,18,11.636070620872978
Dong Thap,2013-05-19,2013,5,19,5.490853567931665
Dong Thap,2013-05-20,2013,5,20,1.126186565487785
Dong Thap,2013-05-21,2013,5,21,1.434686654660067
Dong Thap,2013-05-22,2013,5,22,0.0240851581461823
Dong Thap,2013-05-23,2013,5,23,5.346990693330979
Dong Thap,2013-05-24,2013,5,24,7.192786726012694
Dong Thap,2013-05-25,2013,5,25,3.0510314785963497
Dong Thap,2013-05-26,2013,5,26,0.0958297928431311
Dong Thap,2013-05-27,2013,5,27,0.0
Dong Thap,2013-05-28,2013,5,28,4.029098072782621
Dong Thap,2013-05-29,2013,5,29,7.565614531741865
Dong Thap,2013-05-30,2013,5,30,7.552130854668081
Dong Thap,2013-05-31,2013,5,31,6.774582342993838
Dong Thap,2013-06-01,2013,6,1,4.519849093979599
Dong Thap,2013-06-02,2013,6,2,9.180190361381957
Dong Thap,2013-06-03,2013,6,3,8.356103458019348
Dong Thap,2013-06-04,2013,6,4,7.0945337580896055
Dong Thap,2013-06-05,2013,6,5,4.481681070259862
Dong Thap,2013-06-06,2013,6,6,6.840696059050728
Dong Thap,2013-06-07,2013,6,7,0.0
Dong Thap,2013-06-08,2013,6,8,2.5886846960727
Dong Thap,2013-06-09,2013,6,9,6.198620218010155
Dong Thap,2013-06-10,2013,6,10,5.792989208601161
Dong Thap,2013-06-11,2013,6,11,12.428332440621023
Dong Thap,2013-06-12,2013,6,12,8.293101039452429
Dong Thap,2013-06-13,2013,6,13,9.41870285353883
Dong Thap,2013-06-14,2013,6,14,10.808347972796724
Dong Thap,2013-06-15,2013,6,15,20.3079456202914
Dong Thap,2013-06-16,2013,6,16,17.43269998171931
Dong Thap,2013-06-17,2013,6,17,12.710806349304647
Dong Thap,2013-06-18,2013,6,18,0.0743971060456833
Dong Thap,2013-06-19,2013,6,19,0.0005075253541166071
Dong Thap,2013-06-20,2013,6,20,8.250673280461239
Dong Thap,2013-06-21,2013,6,21,9.358274192841971
Dong Thap,2013-06-22,2013,6,22,12.866267078069429
Dong Thap,2013-06-23,2013,6,23,4.134402190466329
Dong Thap,2013-06-24,2013,6,24,4.277556322739861
Dong Thap,2013-06-25,2013,6,25,1.0430088218158673
Dong Thap,2013-06-26,2013,6,26,4.113854864536566
Dong Thap,2013-06-27,2013,6,27,1.345114520612097
Dong Thap,2013-06-28,2013,6,28,4.29447629990993
Dong Thap,2013-06-29,2013,6,29,5.540266606842599
Dong Thap,2013-06-30,2013,6,30,4.150126679727541
Dong Thap,2013-07-01,2013,7,1,4.664329832282387
Dong Thap,2013-07-02,2013,7,2,10.277953925710534
Dong Thap,2013-07-03,2013,7,3,8.455278936443017
Dong Thap,2013-07-04,2013,7,4,4.822139469165771
Dong Thap,2013-07-05,2013,7,5,4.058128442661762
Dong Thap,2013-07-06,2013,7,6,7.892796429743534
Dong Thap,2013-07-07,2013,7,7,13.6024196826197
Dong Thap,2013-07-08,2013,7,8,10.259073550871012
Dong Thap,2013-07-09,2013,7,9,7.602425136627293
Dong Thap,2013-07-10,2013,7,10,0.4426330599434281
Dong Thap,2013-07-11,2013,7,11,1.4001443651235366
Dong Thap,2013-07-12,2013,7,12,0.0
Dong Thap,2013-07-13,2013,7,13,2.3904527858160014
Dong Thap,2013-07-14,2013,7,14,6.099920480199104
Dong Thap,2013-07-15,2013,7,15,13.800708656749782
Dong Thap,2013-07-16,2013,7,16,6.97727340336746
Dong Thap,2013-07-17,2013,7,17,1.5453344335936348
Dong Thap,2013-07-18,2013,7,18,14.23674629403805
Dong Thap,2013-07-19,2013,7,19,9.728587395835952
Dong Thap,2013-07-20,2013,7,20,3.465972724572475
Dong Thap,2013-07-21,2013,7,21,2.0869161656567203
Dong Thap,2013-07-22,2013,7,22,11.299847313774558
Dong Thap,2013-07-23,2013,7,23,12.314536366348824
Dong Thap,2013-07-24,2013,7,24,9.878274803059368
Dong Thap,2013-07-25,2013,7,25,0.2428240767000265
Dong Thap,2013-07-26,2013,7,26,2.1133959910984284
Dong Thap,2013-07-27,2013,7,27,9.800464827929972
Dong Thap,2013-07-28,2013,7,28,13.253107908160503
Dong Thap,2013-07-29,2013,7,29,4.1319903288673085
Dong Thap,2013-07-30,2013,7,30,7.423447011136293
Dong Thap,2013-07-31,2013,7,31,6.400879500396186
Dong Thap,2013-08-01,2013,8,1,4.585891388693118
Dong Thap,2013-08-02,2013,8,2,9.87324889337283
Dong Thap,2013-08-03,2013,8,3,9.517654386539425
Dong Thap,2013-08-04,2013,8,4,0.0
Dong Thap,2013-08-05,2013,8,5,7.707640171260659
Dong Thap,2013-08-06,2013,8,6,10.449590026750728
Dong Thap,2013-08-07,2013,8,7,14.352628851994536
Dong Thap,2013-08-08,2013,8,8,7.137369196147692
Dong Thap,2013-08-09,2013,8,9,9.058058567279206
Dong Thap,2013-08-10,2013,8,10,9.66441792005553
Dong Thap,2013-08-11,2013,8,11,10.413327771072243
Dong Thap,2013-08-12,2013,8,12,3.6216642789243423
Dong Thap,2013-08-13,2013,8,13,6.199377520131176
Dong Thap,2013-08-14,2013,8,14,2.436813100276416
Dong Thap,2013-08-15,2013,8,15,2.971076419050795
Dong Thap,2013-08-16,2013,8,16,0.2556854720718334
Dong Thap,2013-08-17,2013,8,17,1.3672124966894492
Dong Thap,2013-08-18,2013,8,18,0.0
Dong Thap,2013-08-19,2013,8,19,0.0
Dong Thap,2013-08-20,2013,8,20,0.0
Dong Thap,2013-08-21,2013,8,21,0.0
Dong Thap,2013-08-22,2013,8,22,1.4814968702134172
Dong Thap,2013-08-23,2013,8,23,2.218883595006493
Dong Thap,2013-08-24,2013,8,24,4.129046720058055
Dong Thap,2013-08-25,2013,8,25,6.32070371434887
Dong Thap,2013-08-26,2013,8,26,2.4971418568667074
Dong Thap,2013-08-27,2013,8,27,6.876554205029732
Dong Thap,2013-08-28,2013,8,28,5.6026776661563416
Dong Thap,2013-08-29,2013,8,29,9.19734991995255
Dong Thap,2013-08-30,2013,8,30,8.436357312227337
Dong Thap,2013-08-31,2013,8,31,0.0143589204283347
Dong Thap,2013-09-01,2013,9,1,5.850073111085682
Dong Thap,2013-09-02,2013,9,2,0.1455194596966188
Dong Thap,2013-09-03,2013,9,3,9.86850750876414
Dong Thap,2013-09-04,2013,9,4,10.652988778603488
Dong Thap,2013-09-05,2013,9,5,10.084902584606862
Dong Thap,2013-09-06,2013,9,6,9.316521746787128
Dong Thap,2013-09-07,2013,9,7,14.377682293059191
Dong Thap,2013-09-08,2013,9,8,4.6803834931648085
Dong Thap,2013-09-09,2013,9,9,13.09165558740344
Dong Thap,2013-09-10,2013,9,10,5.027363184096456
Dong Thap,2013-09-11,2013,9,11,7.10547119532552
Dong Thap,2013-09-12,2013,9,12,10.704139886636536
Dong Thap,2013-09-13,2013,9,13,15.751517879170349
Dong Thap,2013-09-14,2013,9,14,11.60224077898763
Dong Thap,2013-09-15,2013,9,15,2.3761174411345745
Dong Thap,2013-09-16,2013,9,16,7.452718824141415
Dong Thap,2013-09-17,2013,9,17,9.500361729877346
Dong Thap,2013-09-18,2013,9,18,19.54338888678929
Dong Thap,2013-09-19,2013,9,19,0.0
Dong Thap,2013-09-20,2013,9,20,17.337309828739407
Dong Thap,2013-09-21,2013,9,21,6.018087574439926
Dong Thap,2013-09-22,2013,9,22,11.446746516476578
Dong Thap,2013-09-23,2013,9,23,3.7268744956305535
Dong Thap,2013-09-24,2013,9,24,1.2725383181582235
Dong Thap,2013-09-25,2013,9,25,1.558881404774784
Dong Thap,2013-09-26,2013,9,26,10.300413036660212
Dong Thap,2013-09-27,2013,9,27,4.299514563940591
Dong Thap,2013-09-28,2013,9,28,2.891246666044286
Dong Thap,2013-09-29,2013,9,29,8.850239485211452
Dong Thap,2013-09-30,2013,9,30,2.4528866507364877
Dong Thap,2013-10-01,2013,10,1,4.479530849287993
Dong Thap,2013-10-02,2013,10,2,22.906835604612045
Dong Thap,2013-10-03,2013,10,3,9.65846541838389
Dong Thap,2013-10-04,2013,10,4,4.4773547211038505
Dong Thap,2013-10-05,2013,10,5,23.75166142611701
Dong Thap,2013-10-06,2013,10,6,23.60654024951225
Dong Thap,2013-10-07,2013,10,7,5.90454085029548
Dong Thap,2013-10-08,2013,10,8,0.0258280505445881
Dong Thap,2013-10-09,2013,10,9,17.400063308209873
Dong Thap,2013-10-10,2013,10,10,8.240282967135505
Dong Thap,2013-10-11,2013,10,11,6.282288075954106
Dong Thap,2013-10-12,2013,10,12,1.2477643191205792
Dong Thap,2013-10-13,2013,10,13,0.0480018812213756
Dong Thap,2013-10-14,2013,10,14,0.8030259191841121
Dong Thap,2013-10-15,2013,10,15,13.502075708247862
Dong Thap,2013-10-16,2013,10,16,7.421007481621102
Dong Thap,2013-10-17,2013,10,17,2.6916453238109184
Dong Thap,2013-10-18,2013,10,18,16.918894821320198
Dong Thap,2013-10-19,2013,10,19,13.580186956629936
Dong Thap,2013-10-20,2013,10,20,17.338193868140873
Dong Thap,2013-10-21,2013,10,21,2.636874430055706
Dong Thap,2013-10-22,2013,10,22,14.660288674722644
Dong Thap,2013-10-23,2013,10,23,2.3938430016046746
Dong Thap,2013-10-24,2013,10,24,4.622174725284752
Dong Thap,2013-10-25,2013,10,25,10.854711919448148
Dong Thap,2013-10-26,2013,10,26,0.7206866269428657
Dong Thap,2013-10-27,2013,10,27,0.0
Dong Thap,2013-10-28,2013,10,28,0.0
Dong Thap,2013-10-29,2013,10,29,0.140272563727015
Dong Thap,2013-10-30,2013,10,30,21.63869735005492
Dong Thap,2013-10-31,2013,10,31,2.521786777373205
Dong Thap,2013-11-01,2013,11,1,0.8866548379559835
Dong Thap,2013-11-02,2013,11,2,0.0
Dong Thap,2013-11-03,2013,11,3,0.0
Dong Thap,2013-11-04,2013,11,4,1.7152662044388918
Dong Thap,2013-11-05,2013,11,5,5.038276841648856
Dong Thap,2013-11-06,2013,11,6,23.28015858796493
Dong Thap,2013-11-07,2013,11,7,13.044982615744194
Dong Thap,2013-11-08,2013,11,8,0.0
Dong Thap,2013-11-09,2013,11,9,2.061540788943625
Dong Thap,2013-11-10,2013,11,10,0.0
Dong Thap,2013-11-11,2013,11,11,8.89253203001102
Dong Thap,2013-11-12,2013,11,12,0.0381046005704112
Dong Thap,2013-11-13,2013,11,13,2.47210651724036
Dong Thap,2013-11-14,2013,11,14,0.0
Dong Thap,2013-11-15,2013,11,15,6.346330569624657
Dong Thap,2013-11-16,2013,11,16,0.081067089594111
Dong Thap,2013-11-17,2013,11,17,0.8463285479154449
Dong Thap,2013-11-18,2013,11,18,9.247411591884411
Dong Thap,2013-11-19,2013,11,19,2.391710519195549
Dong Thap,2013-11-20,2013,11,20,0.4471543617250696
Dong Thap,2013-11-21,2013,11,21,0.0
Dong Thap,2013-11-22,2013,11,22,5.96514254568357
Dong Thap,2013-11-23,2013,11,23,0.0285477431109358
Dong Thap,2013-11-24,2013,11,24,0.3281754707976319
Dong Thap,2013-11-25,2013,11,25,0.7178386750508251
Dong Thap,2013-11-26,2013,11,26,1.9613366697227863
Dong Thap,2013-11-27,2013,11,27,4.410153866930018
Dong Thap,2013-11-28,2013,11,28,7.2576991374094435
Dong Thap,2013-11-29,2013,11,29,0.0
Dong Thap,2013-11-30,2013,11,30,1.5700691387256795
Dong Thap,2013-12-01,2013,12,1,0.0
Dong Thap,2013-12-02,2013,12,2,0.0
Dong Thap,2013-12-03,2013,12,3,0.0
Dong Thap,2013-12-04,2013,12,4,0.6408578266368744
Dong Thap,2013-12-05,2013,12,5,0.0
Dong Thap,2013-12-06,2013,12,6,0.0
Dong Thap,2013-12-07,2013,12,7,0.0
Dong Thap,2013-12-08,2013,12,8,0.9392211532272228
Dong Thap,2013-12-09,2013,12,9,0.6305508770746844
Dong Thap,2013-12-10,2013,12,10,0.0
Dong Thap,2013-12-11,2013,12,11,0.0
Dong Thap,2013-12-12,2013,12,12,0.3547849043889301
Dong Thap,2013-12-13,2013,12,13,0.1387323546644941
Dong Thap,2013-12-14,2013,12,14,2.7459458276774837
Dong Thap,2013-12-15,2013,12,15,0.0
Dong Thap,2013-12-16,2013,12,16,2.306832797414514
Dong Thap,2013-12-17,2013,12,17,3.0274095916547865
Dong Thap,2013-12-18,2013,12,18,0.0
Dong Thap,2013-12-19,2013,12,19,0.0
Dong Thap,2013-12-20,2013,12,20,0.0
Dong Thap,2013-12-21,2013,12,21,0.1332295733377834
Dong Thap,2013-12-22,2013,12,22,0.0590773571611451
Dong Thap,2013-12-23,2013,12,23,0.0
Dong Thap,2013-12-24,2013,12,24,0.0022511190504667
Dong Thap,2013-12-25,2013,12,25,1.50594448813349
Dong Thap,2013-12-26,2013,12,26,0.258849428818289
Dong Thap,2013-12-27,2013,12,27,1.04604915102945
Dong Thap,2013-12-28,2013,12,28,0.0
Dong Thap,2013-12-29,2013,12,29,0.0
Dong Thap,2013-12-30,2013,12,30,0.0
Dong Thap,2013-12-31,2013,12,31,0.3570058040873706
Dong Thap,2014-01-01,2014,1,1,0.0
Dong Thap,2014-01-02,2014,1,2,0.0577277336662686
Dong Thap,2014-01-03,2014,1,3,0.142827053607822
Dong Thap,2014-01-04,2014,1,4,0.254678432257613
Dong Thap,2014-01-05,2014,1,5,0.1791904805291934
Dong Thap,2014-01-06,2014,1,6,0.0684624657978242
Dong Thap,2014-01-07,2014,1,7,0.0
Dong Thap,2014-01-08,2014,1,8,1.5460587877628882
Dong Thap,2014-01-09,2014,1,9,0.0
Dong Thap,2014-01-10,2014,1,10,0.0
Dong Thap,2014-01-11,2014,1,11,0.0
Dong Thap,2014-01-12,2014,1,12,0.0041483626063783
Dong Thap,2014-01-13,2014,1,13,0.0
Dong Thap,2014-01-14,2014,1,14,0.0
Dong Thap,2014-01-15,2014,1,15,0.0
Dong Thap,2014-01-16,2014,1,16,0.0
Dong Thap,2014-01-17,2014,1,17,0.4824966131112512
Dong Thap,2014-01-18,2014,1,18,0.6072427815716904
Dong Thap,2014-01-19,2014,1,19,0.0
Dong Thap,2014-01-20,2014,1,20,0.0
Dong Thap,2014-01-21,2014,1,21,0.1638879945570577
Dong Thap,2014-01-22,2014,1,22,0.0
Dong Thap,2014-01-23,2014,1,23,0.0
Dong Thap,2014-01-24,2014,1,24,0.0
Dong Thap,2014-01-25,2014,1,25,0.0749047600833471
Dong Thap,2014-01-26,2014,1,26,0.0
Dong Thap,2014-01-27,2014,1,27,0.5909212915256824
Dong Thap,2014-01-28,2014,1,28,0.0
Dong Thap,2014-01-29,2014,1,29,0.0
Dong Thap,2014-01-30,2014,1,30,0.0
Dong Thap,2014-01-31,2014,1,31,0.0
Dong Thap,2014-02-01,2014,2,1,0.0
Dong Thap,2014-02-02,2014,2,2,0.0
Dong Thap,2014-02-03,2014,2,3,0.0
Dong Thap,2014-02-04,2014,2,4,0.0
Dong Thap,2014-02-05,2014,2,5,0.0
Dong Thap,2014-02-06,2014,2,6,0.0
Dong Thap,2014-02-07,2014,2,7,0.0
Dong Thap,2014-02-08,2014,2,8,0.0
Dong Thap,2014-02-09,2014,2,9,0.0
Dong Thap,2014-02-10,2014,2,10,0.0
Dong Thap,2014-02-11,2014,2,11,0.0
Dong Thap,2014-02-12,2014,2,12,0.0
Dong Thap,2014-02-13,2014,2,13,0.0
Dong Thap,2014-02-14,2014,2,14,0.0
Dong Thap,2014-02-15,2014,2,15,0.0
Dong Thap,2014-02-16,2014,2,16,0.0
Dong Thap,2014-02-17,2014,2,17,0.0
Dong Thap,2014-02-18,2014,2,18,0.0
Dong Thap,2014-02-19,2014,2,19,0.0
Dong Thap,2014-02-20,2014,2,20,0.0
Dong Thap,2014-02-21,2014,2,21,0.0
Dong Thap,2014-02-22,2014,2,22,0.0
Dong Thap,2014-02-23,2014,2,23,0.0
Dong Thap,2014-02-24,2014,2,24,0.0
Dong Thap,2014-02-25,2014,2,25,0.0
Dong Thap,2014-02-26,2014,2,26,0.0
Dong Thap,2014-02-27,2014,2,27,0.0
Dong Thap,2014-02-28,2014,2,28,0.0
Dong Thap,2014-03-01,2014,3,1,0.0
Dong Thap,2014-03-02,2014,3,2,2.8831912497084287
Dong Thap,2014-03-03,2014,3,3,0.0
Dong Thap,2014-03-04,2014,3,4,0.0
Dong Thap,2014-03-05,2014,3,5,0.0
Dong Thap,2014-03-06,2014,3,6,0.0
Dong Thap,2014-03-07,2014,3,7,3.394243165502369
Dong Thap,2014-03-08,2014,3,8,0.0
Dong Thap,2014-03-09,2014,3,9,0.0
Dong Thap,2014-03-10,2014,3,10,0.0
Dong Thap,2014-03-11,2014,3,11,0.0
Dong Thap,2014-03-12,2014,3,12,0.0
Dong Thap,2014-03-13,2014,3,13,0.0
Dong Thap,2014-03-14,2014,3,14,0.0
Dong Thap,2014-03-15,2014,3,15,0.0
Dong Thap,2014-03-16,2014,3,16,0.0
Dong Thap,2014-03-17,2014,3,17,0.0
Dong Thap,2014-03-18,2014,3,18,0.0
Dong Thap,2014-03-19,2014,3,19,0.0
Dong Thap,2014-03-20,2014,3,20,0.0
Dong Thap,2014-03-21,2014,3,21,0.0
Dong Thap,2014-03-22,2014,3,22,0.0
Dong Thap,2014-03-23,2014,3,23,0.0
Dong Thap,2014-03-24,2014,3,24,0.0
Dong Thap,2014-03-25,2014,3,25,0.0
Dong Thap,2014-03-26,2014,3,26,0.0
Dong Thap,2014-03-27,2014,3,27,0.0
Dong Thap,2014-03-28,2014,3,28,0.0
Dong Thap,2014-03-29,2014,3,29,0.0
Dong Thap,2014-03-30,2014,3,30,0.3857909388449663
Dong Thap,2014-03-31,2014,3,31,0.3371927751376565
Dong Thap,2014-04-01,2014,4,1,5.51534318614904
Dong Thap,2014-04-02,2014,4,2,0.0
Dong Thap,2014-04-03,2014,4,3,0.0
Dong Thap,2014-04-04,2014,4,4,3.623294917842495
Dong Thap,2014-04-05,2014,4,5,8.65497693161805
Dong Thap,2014-04-06,2014,4,6,0.037041751102766
Dong Thap,2014-04-07,2014,4,7,5.03421435923243
Dong Thap,2014-04-08,2014,4,8,3.117138379382145
Dong Thap,2014-04-09,2014,4,9,0.0
Dong Thap,2014-04-10,2014,4,10,1.41323703016882
Dong Thap,2014-04-11,2014,4,11,0.5613296118917609
Dong Thap,2014-04-12,2014,4,12,0.006838031764038
Dong Thap,2014-04-13,2014,4,13,0.0281233872473577
Dong Thap,2014-04-14,2014,4,14,0.001075831797487
Dong Thap,2014-04-15,2014,4,15,5.036465768393999
Dong Thap,2014-04-16,2014,4,16,0.0
Dong Thap,2014-04-17,2014,4,17,1.624724227699233
Dong Thap,2014-04-18,2014,4,18,0.0
Dong Thap,2014-04-19,2014,4,19,0.0
Dong Thap,2014-04-20,2014,4,20,0.0
Dong Thap,2014-04-21,2014,4,21,1.3124935078139417
Dong Thap,2014-04-22,2014,4,22,5.072399107578296
Dong Thap,2014-04-23,2014,4,23,0.0
Dong Thap,2014-04-24,2014,4,24,0.0
Dong Thap,2014-04-25,2014,4,25,0.4036100485615916
Dong Thap,2014-04-26,2014,4,26,0.2962734450118892
Dong Thap,2014-04-27,2014,4,27,3.3471506145066985
Dong Thap,2014-04-28,2014,4,28,17.12240731031791
Dong Thap,2014-04-29,2014,4,29,0.0251416945663038
Dong Thap,2014-04-30,2014,4,30,11.138805154448113
Dong Thap,2014-05-01,2014,5,1,0.5486206734615954
Dong Thap,2014-05-02,2014,5,2,3.323710956624476
Dong Thap,2014-05-03,2014,5,3,2.77196250889397
Dong Thap,2014-05-04,2014,5,4,1.1854632299132208
Dong Thap,2014-05-05,2014,5,5,0.0283051800107046
Dong Thap,2014-05-06,2014,5,6,1.3276191377365212
Dong Thap,2014-05-07,2014,5,7,4.050380041103007
Dong Thap,2014-05-08,2014,5,8,1.4750701285736378
Dong Thap,2014-05-09,2014,5,9,0.0109314315168122
Dong Thap,2014-05-10,2014,5,10,1.090383865261276
Dong Thap,2014-05-11,2014,5,11,0.6555496752194487
Dong Thap,2014-05-12,2014,5,12,15.58336058133904
Dong Thap,2014-05-13,2014,5,13,0.0190275098721889
Dong Thap,2014-05-14,2014,5,14,2.0111213863937385
Dong Thap,2014-05-15,2014,5,15,1.3979059328074246
Dong Thap,2014-05-16,2014,5,16,4.220345449232584
Dong Thap,2014-05-17,2014,5,17,8.125117669746341
Dong Thap,2014-05-18,2014,5,18,7.177211278044013
Dong Thap,2014-05-19,2014,5,19,8.304216104785086
Dong Thap,2014-05-20,2014,5,20,4.441434603105845
Dong Thap,2014-05-21,2014,5,21,2.3685030751767164
Dong Thap,2014-05-22,2014,5,22,7.442919144480033
Dong Thap,2014-05-23,2014,5,23,0.585753114038999
Dong Thap,2014-05-24,2014,5,24,7.642863364440934
Dong Thap,2014-05-25,2014,5,25,4.804713094514431
Dong Thap,2014-05-26,2014,5,26,3.716096987387801
Dong Thap,2014-05-27,2014,5,27,1.9887235813977249
Dong Thap,2014-05-28,2014,5,28,0.6013041369655868
Dong Thap,2014-05-29,2014,5,29,1.8717060301183213
Dong Thap,2014-05-30,2014,5,30,6.789778074108876
Dong Thap,2014-05-31,2014,5,31,3.4362282397012893
Dong Thap,2014-06-01,2014,6,1,4.279880489382257
Dong Thap,2014-06-02,2014,6,2,7.53829588538696
Dong Thap,2014-06-03,2014,6,3,6.008350537359944
Dong Thap,2014-06-04,2014,6,4,3.722746913898874
Dong Thap,2014-06-05,2014,6,5,4.668495532266399
Dong Thap,2014-06-06,2014,6,6,0.1654372862982917
Dong Thap,2014-06-07,2014,6,7,6.574913012445823
Dong Thap,2014-06-08,2014,6,8,3.756177271727074
Dong Thap,2014-06-09,2014,6,9,2.874795967701586
Dong Thap,2014-06-10,2014,6,10,14.324906288590157
Dong Thap,2014-06-11,2014,6,11,7.517039605467284
Dong Thap,2014-06-12,2014,6,12,1.6644944632664695
Dong Thap,2014-06-13,2014,6,13,8.052418584621543
Dong Thap,2014-06-14,2014,6,14,11.472858011343863
Dong Thap,2014-06-15,2014,6,15,5.665437639625212
Dong Thap,2014-06-16,2014,6,16,9.944184251537068
Dong Thap,2014-06-17,2014,6,17,3.7769750394747033
Dong Thap,2014-06-18,2014,6,18,12.312472354920777
Dong Thap,2014-06-19,2014,6,19,3.147654947562094
Dong Thap,2014-06-20,2014,6,20,9.107442401178789
Dong Thap,2014-06-21,2014,6,21,12.222927319332662
Dong Thap,2014-06-22,2014,6,22,3.931041334440627
Dong Thap,2014-06-23,2014,6,23,2.5994401860999923
Dong Thap,2014-06-24,2014,6,24,7.714273330560471
Dong Thap,2014-06-25,2014,6,25,6.749432301734993
Dong Thap,2014-06-26,2014,6,26,0.0
Dong Thap,2014-06-27,2014,6,27,5.378952215777953
Dong Thap,2014-06-28,2014,6,28,10.289239165326864
Dong Thap,2014-06-29,2014,6,29,11.299410218348
Dong Thap,2014-06-30,2014,6,30,4.5459637297830895
Dong Thap,2014-07-01,2014,7,1,0.0
Dong Thap,2014-07-02,2014,7,2,4.798365379620063
Dong Thap,2014-07-03,2014,7,3,5.8520794137213406
Dong Thap,2014-07-04,2014,7,4,9.830619155129847
Dong Thap,2014-07-05,2014,7,5,7.707854237947594
Dong Thap,2014-07-06,2014,7,6,6.413753438839866
Dong Thap,2014-07-07,2014,7,7,0.3203202339089157
Dong Thap,2014-07-08,2014,7,8,7.837050278190314
Dong Thap,2014-07-09,2014,7,9,3.284548744014907
Dong Thap,2014-07-10,2014,7,10,0.1994135841399275
Dong Thap,2014-07-11,2014,7,11,0.0
Dong Thap,2014-07-12,2014,7,12,7.221713901242349
Dong Thap,2014-07-13,2014,7,13,13.790807158667832
Dong Thap,2014-07-14,2014,7,14,0.8506597499133829
Dong Thap,2014-07-15,2014,7,15,0.0591897290053755
Dong Thap,2014-07-16,2014,7,16,2.7756832376450444
Dong Thap,2014-07-17,2014,7,17,11.804254247592043
Dong Thap,2014-07-18,2014,7,18,3.290618018901668
Dong Thap,2014-07-19,2014,7,19,18.58017938854419
Dong Thap,2014-07-20,2014,7,20,5.683529862747295
Dong Thap,2014-07-21,2014,7,21,19.39012217345842
Dong Thap,2014-07-22,2014,7,22,9.876302474760154
Dong Thap,2014-07-23,2014,7,23,0.0
Dong Thap,2014-07-24,2014,7,24,1.9985614248839032
Dong Thap,2014-07-25,2014,7,25,0.8851653262414924
Dong Thap,2014-07-26,2014,7,26,8.263214365597992
Dong Thap,2014-07-27,2014,7,27,4.493627929609054
Dong Thap,2014-07-28,2014,7,28,9.632895153370034
Dong Thap,2014-07-29,2014,7,29,5.976386865778033
Dong Thap,2014-07-30,2014,7,30,12.589635370457712
Dong Thap,2014-07-31,2014,7,31,13.940776893685182
Dong Thap,2014-08-01,2014,8,1,3.8029605324695175
Dong Thap,2014-08-02,2014,8,2,0.025788243247155
Dong Thap,2014-08-03,2014,8,3,1.5137366867806592
Dong Thap,2014-08-04,2014,8,4,6.1269570426698
Dong Thap,2014-08-05,2014,8,5,4.381321200683782
Dong Thap,2014-08-06,2014,8,6,0.0
Dong Thap,2014-08-07,2014,8,7,0.0283245436859044
Dong Thap,2014-08-08,2014,8,8,9.47344381950706
Dong Thap,2014-08-09,2014,8,9,0.2633255078918624
Dong Thap,2014-08-10,2014,8,10,0.0
Dong Thap,2014-08-11,2014,8,11,0.0
Dong Thap,2014-08-12,2014,8,12,0.0
Dong Thap,2014-08-13,2014,8,13,0.0
Dong Thap,2014-08-14,2014,8,14,2.521485416252027
Dong Thap,2014-08-15,2014,8,15,6.66746752215995
Dong Thap,2014-08-16,2014,8,16,3.453701115578298
Dong Thap,2014-08-17,2014,8,17,6.665825701663352
Dong Thap,2014-08-18,2014,8,18,4.0498391647768415
Dong Thap,2014-08-19,2014,8,19,4.340874438734721
Dong Thap,2014-08-20,2014,8,20,0.8642411921228276
Dong Thap,2014-08-21,2014,8,21,2.8285945513830275
Dong Thap,2014-08-22,2014,8,22,5.541247153731195
Dong Thap,2014-08-23,2014,8,23,9.234573653503311
Dong Thap,2014-08-24,2014,8,24,5.624581809024405
Dong Thap,2014-08-25,2014,8,25,12.1969096653581
Dong Thap,2014-08-26,2014,8,26,16.23599244228479
Dong Thap,2014-08-27,2014,8,27,10.198117759219905
Dong Thap,2014-08-28,2014,8,28,3.147840976214662
Dong Thap,2014-08-29,2014,8,29,13.058978159390582
Dong Thap,2014-08-30,2014,8,30,2.510903693872539
Dong Thap,2014-08-31,2014,8,31,8.634855443600324
Dong Thap,2014-09-01,2014,9,1,5.217002540826796
Dong Thap,2014-09-02,2014,9,2,0.0
Dong Thap,2014-09-03,2014,9,3,0.0868459457384909
Dong Thap,2014-09-04,2014,9,4,8.844601840328567
Dong Thap,2014-09-05,2014,9,5,3.1213614866999717
Dong Thap,2014-09-06,2014,9,6,10.619263204596114
Dong Thap,2014-09-07,2014,9,7,0.0
Dong Thap,2014-09-08,2014,9,8,0.0
Dong Thap,2014-09-09,2014,9,9,5.114102372337095
Dong Thap,2014-09-10,2014,9,10,21.995990571641364
Dong Thap,2014-09-11,2014,9,11,7.566282360183695
Dong Thap,2014-09-12,2014,9,12,10.314388167649836
Dong Thap,2014-09-13,2014,9,13,10.508178601330952
Dong Thap,2014-09-14,2014,9,14,1.1627505210580968
Dong Thap,2014-09-15,2014,9,15,2.6680188344223894
Dong Thap,2014-09-16,2014,9,16,6.038842927579139
Dong Thap,2014-09-17,2014,9,17,2.213094577129016
Dong Thap,2014-09-18,2014,9,18,0.0
Dong Thap,2014-09-19,2014,9,19,6.406372919668542
Dong Thap,2014-09-20,2014,9,20,6.6149154721689705
Dong Thap,2014-09-21,2014,9,21,0.1379640213359042
Dong Thap,2014-09-22,2014,9,22,1.919730764304208
Dong Thap,2014-09-23,2014,9,23,0.0
Dong Thap,2014-09-24,2014,9,24,2.9220685015358767
Dong Thap,2014-09-25,2014,9,25,4.470743794688189
Dong Thap,2014-09-26,2014,9,26,10.191512826134453
Dong Thap,2014-09-27,2014,9,27,5.854912003036902
Dong Thap,2014-09-28,2014,9,28,10.425169220486271
Dong Thap,2014-09-29,2014,9,29,8.726304944001926
Dong Thap,2014-09-30,2014,9,30,9.220008022949647
Dong Thap,2014-10-01,2014,10,1,10.002387703898702
Dong Thap,2014-10-02,2014,10,2,9.665947096037272
Dong Thap,2014-10-03,2014,10,3,1.4121021709124024
Dong Thap,2014-10-04,2014,10,4,12.33238323322629
Dong Thap,2014-10-05,2014,10,5,18.544400321698816
Dong Thap,2014-10-06,2014,10,6,4.744163509775293
Dong Thap,2014-10-07,2014,10,7,4.190190424528523
Dong Thap,2014-10-08,2014,10,8,8.509163273646765
Dong Thap,2014-10-09,2014,10,9,9.446490361153849
Dong Thap,2014-10-10,2014,10,10,11.40719568013928
Dong Thap,2014-10-11,2014,10,11,6.835949587840891
Dong Thap,2014-10-12,2014,10,12,0.0187022789876585
Dong Thap,2014-10-13,2014,10,13,6.516077419176156
Dong Thap,2014-10-14,2014,10,14,0.447558666454953
Dong Thap,2014-10-15,2014,10,15,1.8073352694863056
Dong Thap,2014-10-16,2014,10,16,10.154699151075585
Dong Thap,2014-10-17,2014,10,17,8.200555408855722
Dong Thap,2014-10-18,2014,10,18,3.8888747831550816
Dong Thap,2014-10-19,2014,10,19,14.734166812499089
Dong Thap,2014-10-20,2014,10,20,11.237398781107208
Dong Thap,2014-10-21,2014,10,21,4.022297362013144
Dong Thap,2014-10-22,2014,10,22,7.824054256423083
Dong Thap,2014-10-23,2014,10,23,9.931312624575572
Dong Thap,2014-10-24,2014,10,24,24.831949894623538
Dong Thap,2014-10-25,2014,10,25,16.59299206168358
Dong Thap,2014-10-26,2014,10,26,4.967052544653751
Dong Thap,2014-10-27,2014,10,27,18.48260522851712
Dong Thap,2014-10-28,2014,10,28,5.42386558039918
Dong Thap,2014-10-29,2014,10,29,14.404582218448128
Dong Thap,2014-10-30,2014,10,30,13.184219212915606
Dong Thap,2014-10-31,2014,10,31,17.72267880220923
Dong Thap,2014-11-01,2014,11,1,5.289120956278182
Dong Thap,2014-11-02,2014,11,2,6.257546152756383
Dong Thap,2014-11-03,2014,11,3,26.45532052936752
Dong Thap,2014-11-04,2014,11,4,18.75054320512457
Dong Thap,2014-11-05,2014,11,5,4.244918832777307
Dong Thap,2014-11-06,2014,11,6,13.469695102216322
Dong Thap,2014-11-07,2014,11,7,0.0
Dong Thap,2014-11-08,2014,11,8,0.0
Dong Thap,2014-11-09,2014,11,9,2.2888199170619843
Dong Thap,2014-11-10,2014,11,10,0.0
Dong Thap,2014-11-11,2014,11,11,0.0633351911566872
Dong Thap,2014-11-12,2014,11,12,7.725216320942173
Dong Thap,2014-11-13,2014,11,13,7.061381873560783
Dong Thap,2014-11-14,2014,11,14,0.0
Dong Thap,2014-11-15,2014,11,15,1.945920518663482
Dong Thap,2014-11-16,2014,11,16,0.1265089129655031
Dong Thap,2014-11-17,2014,11,17,0.088303490793567
Dong Thap,2014-11-18,2014,11,18,0.0
Dong Thap,2014-11-19,2014,11,19,0.804296990857796
Dong Thap,2014-11-20,2014,11,20,1.4828079023381755
Dong Thap,2014-11-21,2014,11,21,0.0015122098448813
Dong Thap,2014-11-22,2014,11,22,10.962042818757604
Dong Thap,2014-11-23,2014,11,23,0.6565174719279439
Dong Thap,2014-11-24,2014,11,24,3.108335897985812
Dong Thap,2014-11-25,2014,11,25,24.33042632527217
Dong Thap,2014-11-26,2014,11,26,9.377672925277007
Dong Thap,2014-11-27,2014,11,27,6.36174803392698
Dong Thap,2014-11-28,2014,11,28,1.2084743488273133
Dong Thap,2014-11-29,2014,11,29,4.2419092306980914
Dong Thap,2014-11-30,2014,11,30,0.2832597557489958
Dong Thap,2014-12-01,2014,12,1,10.255648334050136
Dong Thap,2014-12-02,2014,12,2,7.8315090779168575
Dong Thap,2014-12-03,2014,12,3,1.7520784905418283
Dong Thap,2014-12-04,2014,12,4,7.996793012162412
Dong Thap,2014-12-05,2014,12,5,20.871856867333832
Dong Thap,2014-12-06,2014,12,6,0.92758604370536
Dong Thap,2014-12-07,2014,12,7,0.3874504584383741
Dong Thap,2014-12-08,2014,12,8,0.0
Dong Thap,2014-12-09,2014,12,9,0.0
Dong Thap,2014-12-10,2014,12,10,0.0
Dong Thap,2014-12-11,2014,12,11,0.0
Dong Thap,2014-12-12,2014,12,12,0.0
Dong Thap,2014-12-13,2014,12,13,0.0368196243753718
Dong Thap,2014-12-14,2014,12,14,0.0
Dong Thap,2014-12-15,2014,12,15,0.2033869500688502
Dong Thap,2014-12-16,2014,12,16,9.478816873177342
Dong Thap,2014-12-17,2014,12,17,0.0
Dong Thap,2014-12-18,2014,12,18,2.145995527120412
Dong Thap,2014-12-19,2014,12,19,2.0341396443233046
Dong Thap,2014-12-20,2014,12,20,0.0
Dong Thap,2014-12-21,2014,12,21,0.0
Dong Thap,2014-12-22,2014,12,22,0.0
Dong Thap,2014-12-23,2014,12,23,0.0
Dong Thap,2014-12-24,2014,12,24,0.249169693888248
Dong Thap,2014-12-25,2014,12,25,0.0221135638618728
Dong Thap,2014-12-26,2014,12,26,0.0
Dong Thap,2014-12-27,2014,12,27,0.0
Dong Thap,2014-12-28,2014,12,28,0.4068510985905981
Dong Thap,2014-12-29,2014,12,29,0.0
Dong Thap,2014-12-30,2014,12,30,0.0
Dong Thap,2014-12-31,2014,12,31,0.0
Dong Thap,2015-01-01,2015,1,1,0.0
Dong Thap,2015-01-02,2015,1,2,9.647128263960514
Dong Thap,2015-01-03,2015,1,3,0.4827665338879785
Dong Thap,2015-01-04,2015,1,4,0.684448919066069
Dong Thap,2015-01-05,2015,1,5,1.4019937198909196
Dong Thap,2015-01-06,2015,1,6,0.1273432628608544
Dong Thap,2015-01-07,2015,1,7,0.1089023024567352
Dong Thap,2015-01-08,2015,1,8,0.0
Dong Thap,2015-01-09,2015,1,9,0.0
Dong Thap,2015-01-10,2015,1,10,0.0
Dong Thap,2015-01-11,2015,1,11,0.0
Dong Thap,2015-01-12,2015,1,12,0.0
Dong Thap,2015-01-13,2015,1,13,0.0
Dong Thap,2015-01-14,2015,1,14,0.0
Dong Thap,2015-01-15,2015,1,15,0.0
Dong Thap,2015-01-16,2015,1,16,0.0
Dong Thap,2015-01-17,2015,1,17,0.0
Dong Thap,2015-01-18,2015,1,18,0.0
Dong Thap,2015-01-19,2015,1,19,0.0
Dong Thap,2015-01-20,2015,1,20,0.0
Dong Thap,2015-01-21,2015,1,21,0.0826698024648372
Dong Thap,2015-01-22,2015,1,22,0.0
Dong Thap,2015-01-23,2015,1,23,0.0
Dong Thap,2015-01-24,2015,1,24,0.0
Dong Thap,2015-01-25,2015,1,25,0.0
Dong Thap,2015-01-26,2015,1,26,0.202362865926404
Dong Thap,2015-01-27,2015,1,27,0.0
Dong Thap,2015-01-28,2015,1,28,0.0
Dong Thap,2015-01-29,2015,1,29,0.0
Dong Thap,2015-01-30,2015,1,30,0.0
Dong Thap,2015-01-31,2015,1,31,0.0070521318644711
Dong Thap,2015-02-01,2015,2,1,0.0
Dong Thap,2015-02-02,2015,2,2,0.0
Dong Thap,2015-02-03,2015,2,3,0.0139045820015478
Dong Thap,2015-02-04,2015,2,4,0.0
Dong Thap,2015-02-05,2015,2,5,0.0
Dong Thap,2015-02-06,2015,2,6,0.0
Dong Thap,2015-02-07,2015,2,7,0.0164620293046926
Dong Thap,2015-02-08,2015,2,8,0.0
Dong Thap,2015-02-09,2015,2,9,0.0
Dong Thap,2015-02-10,2015,2,10,0.0
Dong Thap,2015-02-11,2015,2,11,0.0
Dong Thap,2015-02-12,2015,2,12,0.0
Dong Thap,2015-02-13,2015,2,13,0.0
Dong Thap,2015-02-14,2015,2,14,0.0
Dong Thap,2015-02-15,2015,2,15,0.0
Dong Thap,2015-02-16,2015,2,16,0.0
Dong Thap,2015-02-17,2015,2,17,0.0
Dong Thap,2015-02-18,2015,2,18,0.0
Dong Thap,2015-02-19,2015,2,19,3.018154195658413
Dong Thap,2015-02-20,2015,2,20,0.0
Dong Thap,2015-02-21,2015,2,21,0.4778603889354103
Dong Thap,2015-02-22,2015,2,22,0.0
Dong Thap,2015-02-23,2015,2,23,0.0
Dong Thap,2015-02-24,2015,2,24,0.0
Dong Thap,2015-02-25,2015,2,25,0.0
Dong Thap,2015-02-26,2015,2,26,0.0
Dong Thap,2015-02-27,2015,2,27,0.0
Dong Thap,2015-02-28,2015,2,28,0.453775957226753
Dong Thap,2015-03-01,2015,3,1,0.0
Dong Thap,2015-03-02,2015,3,2,0.0
Dong Thap,2015-03-03,2015,3,3,0.0
Dong Thap,2015-03-04,2015,3,4,0.55556956605763
Dong Thap,2015-03-05,2015,3,5,0.0
Dong Thap,2015-03-06,2015,3,6,0.0
Dong Thap,2015-03-07,2015,3,7,2.5129462757401644
Dong Thap,2015-03-08,2015,3,8,0.0
Dong Thap,2015-03-09,2015,3,9,0.0
Dong Thap,2015-03-10,2015,3,10,0.0
Dong Thap,2015-03-11,2015,3,11,0.0
Dong Thap,2015-03-12,2015,3,12,0.0
Dong Thap,2015-03-13,2015,3,13,0.0
Dong Thap,2015-03-14,2015,3,14,0.1352062124851097
Dong Thap,2015-03-15,2015,3,15,0.0
Dong Thap,2015-03-16,2015,3,16,0.0
Dong Thap,2015-03-17,2015,3,17,0.0
Dong Thap,2015-03-18,2015,3,18,0.0
Dong Thap,2015-03-19,2015,3,19,0.0
Dong Thap,2015-03-20,2015,3,20,1.2585880994079923
Dong Thap,2015-03-21,2015,3,21,0.0
Dong Thap,2015-03-22,2015,3,22,0.0
Dong Thap,2015-03-23,2015,3,23,0.0
Dong Thap,2015-03-24,2015,3,24,0.0
Dong Thap,2015-03-25,2015,3,25,0.0
Dong Thap,2015-03-26,2015,3,26,0.0
Dong Thap,2015-03-27,2015,3,27,0.0
Dong Thap,2015-03-28,2015,3,28,0.0
Dong Thap,2015-03-29,2015,3,29,0.0
Dong Thap,2015-03-30,2015,3,30,0.2716223226130237
Dong Thap,2015-03-31,2015,3,31,0.0
Dong Thap,2015-04-01,2015,4,1,0.0
Dong Thap,2015-04-02,2015,4,2,0.0
Dong Thap,2015-04-03,2015,4,3,0.5461692028381614
Dong Thap,2015-04-04,2015,4,4,0.0
Dong Thap,2015-04-05,2015,4,5,0.0
Dong Thap,2015-04-06,2015,4,6,0.0
Dong Thap,2015-04-07,2015,4,7,0.0
Dong Thap,2015-04-08,2015,4,8,0.0
Dong Thap,2015-04-09,2015,4,9,0.0
Dong Thap,2015-04-10,2015,4,10,0.0
Dong Thap,2015-04-11,2015,4,11,1.827951198448419
Dong Thap,2015-04-12,2015,4,12,13.985690556593369
Dong Thap,2015-04-13,2015,4,13,7.903398967543939
Dong Thap,2015-04-14,2015,4,14,0.0
Dong Thap,2015-04-15,2015,4,15,0.0
Dong Thap,2015-04-16,2015,4,16,0.0
Dong Thap,2015-04-17,2015,4,17,0.0
Dong Thap,2015-04-18,2015,4,18,0.0
Dong Thap,2015-04-19,2015,4,19,0.0
Dong Thap,2015-04-20,2015,4,20,0.0
Dong Thap,2015-04-21,2015,4,21,3.801323725133354
Dong Thap,2015-04-22,2015,4,22,0.0
Dong Thap,2015-04-23,2015,4,23,4.861384660414697
Dong Thap,2015-04-24,2015,4,24,1.7639368209630308
Dong Thap,2015-04-25,2015,4,25,1.151422368180381
Dong Thap,2015-04-26,2015,4,26,0.2144580840428777
Dong Thap,2015-04-27,2015,4,27,3.8295221953894334
Dong Thap,2015-04-28,2015,4,28,0.0
Dong Thap,2015-04-29,2015,4,29,0.0
Dong Thap,2015-04-30,2015,4,30,0.1155153533225294
Dong Thap,2015-05-01,2015,5,1,0.402597566236031
Dong Thap,2015-05-02,2015,5,2,0.4823705636680003
Dong Thap,2015-05-03,2015,5,3,8.66885145822092
Dong Thap,2015-05-04,2015,5,4,0.0
Dong Thap,2015-05-05,2015,5,5,0.0240322832742569
Dong Thap,2015-05-06,2015,5,6,0.0
Dong Thap,2015-05-07,2015,5,7,3.360329934047792
Dong Thap,2015-05-08,2015,5,8,1.4887172843029304
Dong Thap,2015-05-09,2015,5,9,5.389020329028103
Dong Thap,2015-05-10,2015,5,10,0.0
Dong Thap,2015-05-11,2015,5,11,1.4699570332047938
Dong Thap,2015-05-12,2015,5,12,10.87596796770498
Dong Thap,2015-05-13,2015,5,13,0.6415576410450466
Dong Thap,2015-05-14,2015,5,14,0.0
Dong Thap,2015-05-15,2015,5,15,0.1461592198689561
Dong Thap,2015-05-16,2015,5,16,0.0
Dong Thap,2015-05-17,2015,5,17,0.0
Dong Thap,2015-05-18,2015,5,18,0.0
Dong Thap,2015-05-19,2015,5,19,0.0
Dong Thap,2015-05-20,2015,5,20,6.660189917339387
Dong Thap,2015-05-21,2015,5,21,1.7433198536432373
Dong Thap,2015-05-22,2015,5,22,11.461214108804684
Dong Thap,2015-05-23,2015,5,23,0.0
Dong Thap,2015-05-24,2015,5,24,3.6661789985925175
Dong Thap,2015-05-25,2015,5,25,5.145821441699511
Dong Thap,2015-05-26,2015,5,26,1.939256963381995
Dong Thap,2015-05-27,2015,5,27,0.0
Dong Thap,2015-05-28,2015,5,28,3.619617834785288
Dong Thap,2015-05-29,2015,5,29,7.102068439589243
Dong Thap,2015-05-30,2015,5,30,15.928844259727668
Dong Thap,2015-05-31,2015,5,31,0.0488809217312775
Dong Thap,2015-06-01,2015,6,1,4.16727423273654
Dong Thap,2015-06-02,2015,6,2,10.104410878095
Dong Thap,2015-06-03,2015,6,3,0.2101109278210171
Dong Thap,2015-06-04,2015,6,4,0.0
Dong Thap,2015-06-05,2015,6,5,0.1529953930149117
Dong Thap,2015-06-06,2015,6,6,10.97129273090688
Dong Thap,2015-06-07,2015,6,7,2.7460328239431058
Dong Thap,2015-06-08,2015,6,8,3.7651427077048742
Dong Thap,2015-06-09,2015,6,9,3.5102519562029624
Dong Thap,2015-06-10,2015,6,10,3.8512925363152304
Dong Thap,2015-06-11,2015,6,11,1.359619664021947
Dong Thap,2015-06-12,2015,6,12,5.824223812655143
Dong Thap,2015-06-13,2015,6,13,9.609235242675268
Dong Thap,2015-06-14,2015,6,14,1.251059239775463
Dong Thap,2015-06-15,2015,6,15,6.4481598978035
Dong Thap,2015-06-16,2015,6,16,11.845456378365787
Dong Thap,2015-06-17,2015,6,17,1.3101656238102763
Dong Thap,2015-06-18,2015,6,18,0.0
Dong Thap,2015-06-19,2015,6,19,14.096772971582268
Dong Thap,2015-06-20,2015,6,20,10.075182178541455
Dong Thap,2015-06-21,2015,6,21,13.265228535492236
Dong Thap,2015-06-22,2015,6,22,14.2533705902527
Dong Thap,2015-06-23,2015,6,23,10.26826964323824
Dong Thap,2015-06-24,2015,6,24,0.4245624246985726
Dong Thap,2015-06-25,2015,6,25,0.0
Dong Thap,2015-06-26,2015,6,26,0.0317328590126245
Dong Thap,2015-06-27,2015,6,27,4.815148457245732
Dong Thap,2015-06-28,2015,6,28,0.0
Dong Thap,2015-06-29,2015,6,29,0.0
Dong Thap,2015-06-30,2015,6,30,8.93702238017749
Dong Thap,2015-07-01,2015,7,1,0.0
Dong Thap,2015-07-02,2015,7,2,0.0
Dong Thap,2015-07-03,2015,7,3,8.007359060741805
Dong Thap,2015-07-04,2015,7,4,4.387383136195823
Dong Thap,2015-07-05,2015,7,5,3.7501965884059247
Dong Thap,2015-07-06,2015,7,6,0.0585465660597262
Dong Thap,2015-07-07,2015,7,7,7.705544198806357
Dong Thap,2015-07-08,2015,7,8,14.39020448121078
Dong Thap,2015-07-09,2015,7,9,11.210469282374024
Dong Thap,2015-07-10,2015,7,10,1.6524858512263294
Dong Thap,2015-07-11,2015,7,11,4.034862682368714
Dong Thap,2015-07-12,2015,7,12,5.263110616356165
Dong Thap,2015-07-13,2015,7,13,4.869110485303419
Dong Thap,2015-07-14,2015,7,14,0.3560510424426658
Dong Thap,2015-07-15,2015,7,15,13.323043855959138
Dong Thap,2015-07-16,2015,7,16,3.943470156893372
Dong Thap,2015-07-17,2015,7,17,4.105553408321782
Dong Thap,2015-07-18,2015,7,18,7.922747706349861
Dong Thap,2015-07-19,2015,7,19,11.851667527549788
Dong Thap,2015-07-20,2015,7,20,4.885654534453946
Dong Thap,2015-07-21,2015,7,21,1.726042591097919
Dong Thap,2015-07-22,2015,7,22,0.011734650522937
Dong Thap,2015-07-23,2015,7,23,2.275075557748828
Dong Thap,2015-07-24,2015,7,24,0.0152728193020479
Dong Thap,2015-07-25,2015,7,25,10.990019778796052
Dong Thap,2015-07-26,2015,7,26,0.285484135813634
Dong Thap,2015-07-27,2015,7,27,1.8334013553928397
Dong Thap,2015-07-28,2015,7,28,7.564198184999337
Dong Thap,2015-07-29,2015,7,29,9.898148112930564
Dong Thap,2015-07-30,2015,7,30,11.28918445733147
Dong Thap,2015-07-31,2015,7,31,0.0
Dong Thap,2015-08-01,2015,8,1,8.200559693424774
Dong Thap,2015-08-02,2015,8,2,0.4300000711528248
Dong Thap,2015-08-03,2015,8,3,0.0
Dong Thap,2015-08-04,2015,8,4,4.338518646418275
Dong Thap,2015-08-05,2015,8,5,10.81806074366538
Dong Thap,2015-08-06,2015,8,6,0.0212072547274109
Dong Thap,2015-08-07,2015,8,7,2.572764701960388
Dong Thap,2015-08-08,2015,8,8,5.881478317563754
Dong Thap,2015-08-09,2015,8,9,5.957150209915726
Dong Thap,2015-08-10,2015,8,10,7.516693559848234
Dong Thap,2015-08-11,2015,8,11,4.501118647780362
Dong Thap,2015-08-12,2015,8,12,5.693893645906327
Dong Thap,2015-08-13,2015,8,13,7.651802791342971
Dong Thap,2015-08-14,2015,8,14,6.5606823951810656
Dong Thap,2015-08-15,2015,8,15,5.97723067641285
Dong Thap,2015-08-16,2015,8,16,4.35564116892196
Dong Thap,2015-08-17,2015,8,17,6.4909891349159725
Dong Thap,2015-08-18,2015,8,18,0.3375144120967655
Dong Thap,2015-08-19,2015,8,19,3.20097324098958
Dong Thap,2015-08-20,2015,8,20,3.096587449204009
Dong Thap,2015-08-21,2015,8,21,2.431899431978787
Dong Thap,2015-08-22,2015,8,22,3.611194497804021
Dong Thap,2015-08-23,2015,8,23,3.8168149385656207
Dong Thap,2015-08-24,2015,8,24,8.601692046468855
Dong Thap,2015-08-25,2015,8,25,4.4332432645111615
Dong Thap,2015-08-26,2015,8,26,0.0
Dong Thap,2015-08-27,2015,8,27,0.0
Dong Thap,2015-08-28,2015,8,28,2.252677452457392
Dong Thap,2015-08-29,2015,8,29,0.0
Dong Thap,2015-08-30,2015,8,30,8.53286251404103
Dong Thap,2015-08-31,2015,8,31,1.7791986284760186
Dong Thap,2015-09-01,2015,9,1,6.1554149400560325
Dong Thap,2015-09-02,2015,9,2,1.517464369062071
Dong Thap,2015-09-03,2015,9,3,2.9525491536028774
Dong Thap,2015-09-04,2015,9,4,3.900848548949806
Dong Thap,2015-09-05,2015,9,5,1.968407460661033
Dong Thap,2015-09-06,2015,9,6,0.0
Dong Thap,2015-09-07,2015,9,7,10.953769541433235
Dong Thap,2015-09-08,2015,9,8,21.6766873913772
Dong Thap,2015-09-09,2015,9,9,16.49182225958895
Dong Thap,2015-09-10,2015,9,10,0.0
Dong Thap,2015-09-11,2015,9,11,1.2544989730864384
Dong Thap,2015-09-12,2015,9,12,17.679111214784466
Dong Thap,2015-09-13,2015,9,13,16.604351680025037
Dong Thap,2015-09-14,2015,9,14,16.86958367888933
Dong Thap,2015-09-15,2015,9,15,13.19548660380136
Dong Thap,2015-09-16,2015,9,16,15.95582017377576
Dong Thap,2015-09-17,2015,9,17,2.7059728396988403
Dong Thap,2015-09-18,2015,9,18,2.8654629978120307
Dong Thap,2015-09-19,2015,9,19,8.09204144336643
Dong Thap,2015-09-20,2015,9,20,10.677605392022924
Dong Thap,2015-09-21,2015,9,21,6.5707723107201605
Dong Thap,2015-09-22,2015,9,22,12.690191636922435
Dong Thap,2015-09-23,2015,9,23,0.0
Dong Thap,2015-09-24,2015,9,24,0.0
Dong Thap,2015-09-25,2015,9,25,0.0
Dong Thap,2015-09-26,2015,9,26,7.0766003147420165
Dong Thap,2015-09-27,2015,9,27,13.66425111668705
Dong Thap,2015-09-28,2015,9,28,1.6146135291924462
Dong Thap,2015-09-29,2015,9,29,1.8966663983610983
Dong Thap,2015-09-30,2015,9,30,2.5980007383242896
Dong Thap,2015-10-01,2015,10,1,12.45360788049031
Dong Thap,2015-10-02,2015,10,2,4.255047296771716
Dong Thap,2015-10-03,2015,10,3,7.08234205967124
Dong Thap,2015-10-04,2015,10,4,8.639502651666549
Dong Thap,2015-10-05,2015,10,5,4.276058859678522
Dong Thap,2015-10-06,2015,10,6,9.983564919832476
Dong Thap,2015-10-07,2015,10,7,11.664389031096215
Dong Thap,2015-10-08,2015,10,8,15.270147166569693
Dong Thap,2015-10-09,2015,10,9,10.564122525978062
Dong Thap,2015-10-10,2015,10,10,0.6161878151581998
Dong Thap,2015-10-11,2015,10,11,10.752912649849732
Dong Thap,2015-10-12,2015,10,12,9.908256024007272
Dong Thap,2015-10-13,2015,10,13,1.769913533849999
Dong Thap,2015-10-14,2015,10,14,5.797907482760817
Dong Thap,2015-10-15,2015,10,15,12.362156748893392
Dong Thap,2015-10-16,2015,10,16,4.998549060558336
Dong Thap,2015-10-17,2015,10,17,3.205897583046115
Dong Thap,2015-10-18,2015,10,18,8.937751552754042
Dong Thap,2015-10-19,2015,10,19,3.863380070896625
Dong Thap,2015-10-20,2015,10,20,13.357086745389385
Dong Thap,2015-10-21,2015,10,21,20.6692220765175
Dong Thap,2015-10-22,2015,10,22,7.848483520122726
Dong Thap,2015-10-23,2015,10,23,0.0
Dong Thap,2015-10-24,2015,10,24,0.0
Dong Thap,2015-10-25,2015,10,25,2.9118144500950764
Dong Thap,2015-10-26,2015,10,26,5.841656973823439
Dong Thap,2015-10-27,2015,10,27,0.3609307504901274
Dong Thap,2015-10-28,2015,10,28,0.2723202418382945
Dong Thap,2015-10-29,2015,10,29,0.5731291499894194
Dong Thap,2015-10-30,2015,10,30,1.7834876688099617
Dong Thap,2015-10-31,2015,10,31,5.223703480237514
Dong Thap,2015-11-01,2015,11,1,9.403269544233666
Dong Thap,2015-11-02,2015,11,2,20.516191405586724
Dong Thap,2015-11-03,2015,11,3,20.58262334399842
Dong Thap,2015-11-04,2015,11,4,13.11249619831918
Dong Thap,2015-11-05,2015,11,5,15.69541134949522
Dong Thap,2015-11-06,2015,11,6,16.705845985007922
Dong Thap,2015-11-07,2015,11,7,1.2358533780889116
Dong Thap,2015-11-08,2015,11,8,13.565181644400525
Dong Thap,2015-11-09,2015,11,9,9.45852355784452
Dong Thap,2015-11-10,2015,11,10,0.0
Dong Thap,2015-11-11,2015,11,11,0.1706839880489939
Dong Thap,2015-11-12,2015,11,12,1.0258970666099407
Dong Thap,2015-11-13,2015,11,13,0.4046167644048888
Dong Thap,2015-11-14,2015,11,14,0.0
Dong Thap,2015-11-15,2015,11,15,0.1480892459456817
Dong Thap,2015-11-16,2015,11,16,0.0
Dong Thap,2015-11-17,2015,11,17,0.0140005867477715
Dong Thap,2015-11-18,2015,11,18,0.1521398310477916
Dong Thap,2015-11-19,2015,11,19,0.7895101145305462
Dong Thap,2015-11-20,2015,11,20,0.0
Dong Thap,2015-11-21,2015,11,21,1.1220181027669494
Dong Thap,2015-11-22,2015,11,22,3.3857310228954223
Dong Thap,2015-11-23,2015,11,23,0.230277147772146
Dong Thap,2015-11-24,2015,11,24,8.882994990494073
Dong Thap,2015-11-25,2015,11,25,0.0390904205900918
Dong Thap,2015-11-26,2015,11,26,1.1744973556995928
Dong Thap,2015-11-27,2015,11,27,2.233762735726206
Dong Thap,2015-11-28,2015,11,28,0.0
Dong Thap,2015-11-29,2015,11,29,4.705605599347063
Dong Thap,2015-11-30,2015,11,30,1.5760951536243288
Dong Thap,2015-12-01,2015,12,1,2.31528542556134
Dong Thap,2015-12-02,2015,12,2,3.802364334196953
Dong Thap,2015-12-03,2015,12,3,0.7632965888056267
Dong Thap,2015-12-04,2015,12,4,0.0
Dong Thap,2015-12-05,2015,12,5,0.0
Dong Thap,2015-12-06,2015,12,6,0.0675139956823789
Dong Thap,2015-12-07,2015,12,7,0.6946334228551869
Dong Thap,2015-12-08,2015,12,8,0.0
Dong Thap,2015-12-09,2015,12,9,0.0
Dong Thap,2015-12-10,2015,12,10,0.0
Dong Thap,2015-12-11,2015,12,11,0.3007961197865909
Dong Thap,2015-12-12,2015,12,12,0.5709908107815075
Dong Thap,2015-12-13,2015,12,13,0.0
Dong Thap,2015-12-14,2015,12,14,0.0
Dong Thap,2015-12-15,2015,12,15,0.0
Dong Thap,2015-12-16,2015,12,16,2.3757169377663137
Dong Thap,2015-12-17,2015,12,17,0.0547171522625887
Dong Thap,2015-12-18,2015,12,18,9.640230226292203
Dong Thap,2015-12-19,2015,12,19,9.754978232198972
Dong Thap,2015-12-20,2015,12,20,17.84788072252587
Dong Thap,2015-12-21,2015,12,21,9.72114381192086
Dong Thap,2015-12-22,2015,12,22,6.692931498641568
Dong Thap,2015-12-23,2015,12,23,0.0
Dong Thap,2015-12-24,2015,12,24,0.0
Dong Thap,2015-12-25,2015,12,25,0.0
Dong Thap,2015-12-26,2015,12,26,0.0
Dong Thap,2015-12-27,2015,12,27,0.0
Dong Thap,2015-12-28,2015,12,28,0.0
Dong Thap,2015-12-29,2015,12,29,0.0
Dong Thap,2015-12-30,2015,12,30,0.0
Dong Thap,2015-12-31,2015,12,31,0.0
Dong Thap,2016-01-01,2016,1,1,0.0
Dong Thap,2016-01-02,2016,1,2,0.0
Dong Thap,2016-01-03,2016,1,3,0.2960983527769759
Dong Thap,2016-01-04,2016,1,4,0.1711431726295984
Dong Thap,2016-01-05,2016,1,5,0.0
Dong Thap,2016-01-06,2016,1,6,1.274648114352478
Dong Thap,2016-01-07,2016,1,7,0.0
Dong Thap,2016-01-08,2016,1,8,0.0
Dong Thap,2016-01-09,2016,1,9,0.0
Dong Thap,2016-01-10,2016,1,10,0.0
Dong Thap,2016-01-11,2016,1,11,0.0
Dong Thap,2016-01-12,2016,1,12,0.0
Dong Thap,2016-01-13,2016,1,13,0.0
Dong Thap,2016-01-14,2016,1,14,0.0
Dong Thap,2016-01-15,2016,1,15,0.0
Dong Thap,2016-01-16,2016,1,16,0.0
Dong Thap,2016-01-17,2016,1,17,0.0
Dong Thap,2016-01-18,2016,1,18,0.0
Dong Thap,2016-01-19,2016,1,19,0.0
Dong Thap,2016-01-20,2016,1,20,0.0
Dong Thap,2016-01-21,2016,1,21,0.0
Dong Thap,2016-01-22,2016,1,22,0.0
Dong Thap,2016-01-23,2016,1,23,0.0
Dong Thap,2016-01-24,2016,1,24,3.790000312569623
Dong Thap,2016-01-25,2016,1,25,0.0
Dong Thap,2016-01-26,2016,1,26,0.0
Dong Thap,2016-01-27,2016,1,27,0.0
Dong Thap,2016-01-28,2016,1,28,0.0
Dong Thap,2016-01-29,2016,1,29,1.4468373220091857
Dong Thap,2016-01-30,2016,1,30,0.0287075633902059
Dong Thap,2016-01-31,2016,1,31,0.0
Dong Thap,2016-02-01,2016,2,1,0.0
Dong Thap,2016-02-02,2016,2,2,0.1525777110034087
Dong Thap,2016-02-03,2016,2,3,0.0
Dong Thap,2016-02-04,2016,2,4,0.0170694185758572
Dong Thap,2016-02-05,2016,2,5,0.0
Dong Thap,2016-02-06,2016,2,6,0.7045797936792461
Dong Thap,2016-02-07,2016,2,7,0.0
Dong Thap,2016-02-08,2016,2,8,0.0
Dong Thap,2016-02-09,2016,2,9,0.5452276238521153
Dong Thap,2016-02-10,2016,2,10,1.4222182606775682
Dong Thap,2016-02-11,2016,2,11,0.0575499148755785
Dong Thap,2016-02-12,2016,2,12,0.0
Dong Thap,2016-02-13,2016,2,13,0.0417889694196987
Dong Thap,2016-02-14,2016,2,14,0.0
Dong Thap,2016-02-15,2016,2,15,0.2096874371106753
Dong Thap,2016-02-16,2016,2,16,0.0693860335978407
Dong Thap,2016-02-17,2016,2,17,0.0
Dong Thap,2016-02-18,2016,2,18,0.0
Dong Thap,2016-02-19,2016,2,19,0.0
Dong Thap,2016-02-20,2016,2,20,0.0
Dong Thap,2016-02-21,2016,2,21,0.0
Dong Thap,2016-02-22,2016,2,22,0.0
Dong Thap,2016-02-23,2016,2,23,0.1439189614387009
Dong Thap,2016-02-24,2016,2,24,0.0270827569359956
Dong Thap,2016-02-25,2016,2,25,0.29118822155246
Dong Thap,2016-02-26,2016,2,26,0.0
Dong Thap,2016-02-27,2016,2,27,0.0
Dong Thap,2016-02-28,2016,2,28,0.0
Dong Thap,2016-02-29,2016,2,29,0.0
Dong Thap,2016-03-01,2016,3,1,0.0
Dong Thap,2016-03-02,2016,3,2,0.0226368278853336
Dong Thap,2016-03-03,2016,3,3,0.1407450451882268
Dong Thap,2016-03-04,2016,3,4,0.0
Dong Thap,2016-03-05,2016,3,5,1.811330804917881
Dong Thap,2016-03-06,2016,3,6,0.0
Dong Thap,2016-03-07,2016,3,7,0.0
Dong Thap,2016-03-08,2016,3,8,0.0
Dong Thap,2016-03-09,2016,3,9,1.19214800873229
Dong Thap,2016-03-10,2016,3,10,0.177414167947122
Dong Thap,2016-03-11,2016,3,11,0.0
Dong Thap,2016-03-12,2016,3,12,0.0
Dong Thap,2016-03-13,2016,3,13,0.0
Dong Thap,2016-03-14,2016,3,14,0.0
Dong Thap,2016-03-15,2016,3,15,0.0
Dong Thap,2016-03-16,2016,3,16,0.0
Dong Thap,2016-03-17,2016,3,17,0.1871029086155714
Dong Thap,2016-03-18,2016,3,18,0.0
Dong Thap,2016-03-19,2016,3,19,0.0
Dong Thap,2016-03-20,2016,3,20,0.0
Dong Thap,2016-03-21,2016,3,21,0.0
Dong Thap,2016-03-22,2016,3,22,1.358062426553498
Dong Thap,2016-03-23,2016,3,23,0.0
Dong Thap,2016-03-24,2016,3,24,0.0
Dong Thap,2016-03-25,2016,3,25,0.0
Dong Thap,2016-03-26,2016,3,26,0.0
Dong Thap,2016-03-27,2016,3,27,1.4381693576722283
Dong Thap,2016-03-28,2016,3,28,0.0
Dong Thap,2016-03-29,2016,3,29,0.0
Dong Thap,2016-03-30,2016,3,30,0.0
Dong Thap,2016-03-31,2016,3,31,0.0
Dong Thap,2016-04-01,2016,4,1,0.0
Dong Thap,2016-04-02,2016,4,2,0.0
Dong Thap,2016-04-03,2016,4,3,0.0
Dong Thap,2016-04-04,2016,4,4,0.0
Dong Thap,2016-04-05,2016,4,5,2.3891886303233854
Dong Thap,2016-04-06,2016,4,6,0.0
Dong Thap,2016-04-07,2016,4,7,0.0
Dong Thap,2016-04-08,2016,4,8,0.0
Dong Thap,2016-04-09,2016,4,9,0.0
Dong Thap,2016-04-10,2016,4,10,0.0
Dong Thap,2016-04-11,2016,4,11,0.0
Dong Thap,2016-04-12,2016,4,12,0.0
Dong Thap,2016-04-13,2016,4,13,0.0
Dong Thap,2016-04-14,2016,4,14,0.0
Dong Thap,2016-04-15,2016,4,15,0.0
Dong Thap,2016-04-16,2016,4,16,0.0
Dong Thap,2016-04-17,2016,4,17,0.0
Dong Thap,2016-04-18,2016,4,18,1.1718967638644384
Dong Thap,2016-04-19,2016,4,19,0.0
Dong Thap,2016-04-20,2016,4,20,0.0
Dong Thap,2016-04-21,2016,4,21,0.0
Dong Thap,2016-04-22,2016,4,22,0.0
Dong Thap,2016-04-23,2016,4,23,0.0
Dong Thap,2016-04-24,2016,4,24,0.0
Dong Thap,2016-04-25,2016,4,25,0.0
Dong Thap,2016-04-26,2016,4,26,0.0
Dong Thap,2016-04-27,2016,4,27,0.0
Dong Thap,2016-04-28,2016,4,28,0.4843338884435219
Dong Thap,2016-04-29,2016,4,29,2.4666233728579545
Dong Thap,2016-04-30,2016,4,30,0.4636859822724987
Dong Thap,2016-05-01,2016,5,1,1.387068136373506
Dong Thap,2016-05-02,2016,5,2,0.0
Dong Thap,2016-05-03,2016,5,3,0.6582516568072775
Dong Thap,2016-05-04,2016,5,4,0.0
Dong Thap,2016-05-05,2016,5,5,7.196816378286805
Dong Thap,2016-05-06,2016,5,6,9.480701714896115
Dong Thap,2016-05-07,2016,5,7,0.0
Dong Thap,2016-05-08,2016,5,8,1.8972459593096735
Dong Thap,2016-05-09,2016,5,9,0.0042876019982596
Dong Thap,2016-05-10,2016,5,10,0.0
Dong Thap,2016-05-11,2016,5,11,0.1397580077027636
Dong Thap,2016-05-12,2016,5,12,0.8195426816271629
Dong Thap,2016-05-13,2016,5,13,0.0
Dong Thap,2016-05-14,2016,5,14,0.1049527653712979
Dong Thap,2016-05-15,2016,5,15,17.412053815978222
Dong Thap,2016-05-16,2016,5,16,3.370110486596246
Dong Thap,2016-05-17,2016,5,17,7.922263412910275
Dong Thap,2016-05-18,2016,5,18,3.4305364305412565
Dong Thap,2016-05-19,2016,5,19,1.52138154078482
Dong Thap,2016-05-20,2016,5,20,6.598620162844411
Dong Thap,2016-05-21,2016,5,21,9.495738433992235
Dong Thap,2016-05-22,2016,5,22,16.839754230748337
Dong Thap,2016-05-23,2016,5,23,1.5079724819502751
Dong Thap,2016-05-24,2016,5,24,16.253454677522218
Dong Thap,2016-05-25,2016,5,25,3.4564507148867416
Dong Thap,2016-05-26,2016,5,26,10.737233469971509
Dong Thap,2016-05-27,2016,5,27,13.138912549791405
Dong Thap,2016-05-28,2016,5,28,6.740806705392565
Dong Thap,2016-05-29,2016,5,29,6.111076882745986
Dong Thap,2016-05-30,2016,5,30,11.261600114738204
Dong Thap,2016-05-31,2016,5,31,9.604384635402036
Dong Thap,2016-06-01,2016,6,1,3.030058776464
Dong Thap,2016-06-02,2016,6,2,2.403092603365498
Dong Thap,2016-06-03,2016,6,3,3.215514584821259
Dong Thap,2016-06-04,2016,6,4,2.681474287875228
Dong Thap,2016-06-05,2016,6,5,1.8310310421162832
Dong Thap,2016-06-06,2016,6,6,9.455746764197542
Dong Thap,2016-06-07,2016,6,7,10.682052049583817
Dong Thap,2016-06-08,2016,6,8,5.152108479958152
Dong Thap,2016-06-09,2016,6,9,0.010501357793321
Dong Thap,2016-06-10,2016,6,10,1.6904739711136938
Dong Thap,2016-06-11,2016,6,11,9.913774088447743
Dong Thap,2016-06-12,2016,6,12,10.283364495439598
Dong Thap,2016-06-13,2016,6,13,9.32332682238973
Dong Thap,2016-06-14,2016,6,14,5.133181061189084
Dong Thap,2016-06-15,2016,6,15,7.615534988260064
Dong Thap,2016-06-16,2016,6,16,15.492383693469357
Dong Thap,2016-06-17,2016,6,17,1.6748293616656995
Dong Thap,2016-06-18,2016,6,18,5.47859442523474
Dong Thap,2016-06-19,2016,6,19,12.484874860213024
Dong Thap,2016-06-20,2016,6,20,9.21664251609267
Dong Thap,2016-06-21,2016,6,21,2.4381564464770875
Dong Thap,2016-06-22,2016,6,22,15.053248094787444
Dong Thap,2016-06-23,2016,6,23,4.255383040728091
Dong Thap,2016-06-24,2016,6,24,5.305316508790112
Dong Thap,2016-06-25,2016,6,25,3.5926040068475023
Dong Thap,2016-06-26,2016,6,26,13.292101477072682
Dong Thap,2016-06-27,2016,6,27,9.931710523888986
Dong Thap,2016-06-28,2016,6,28,0.6758160982065413
Dong Thap,2016-06-29,2016,6,29,0.0
Dong Thap,2016-06-30,2016,6,30,0.0449329799390688
Dong Thap,2016-07-01,2016,7,1,0.0
Dong Thap,2016-07-02,2016,7,2,2.9448483167104174
Dong Thap,2016-07-03,2016,7,3,0.0
Dong Thap,2016-07-04,2016,7,4,4.474561969080775
Dong Thap,2016-07-05,2016,7,5,7.779200623574805
Dong Thap,2016-07-06,2016,7,6,0.0804494129629504
Dong Thap,2016-07-07,2016,7,7,0.0189514435592735
Dong Thap,2016-07-08,2016,7,8,0.0322175218671093
Dong Thap,2016-07-09,2016,7,9,4.271637139540559
Dong Thap,2016-07-10,2016,7,10,0.0
Dong Thap,2016-07-11,2016,7,11,3.3880402532420733
Dong Thap,2016-07-12,2016,7,12,5.397507046791655
Dong Thap,2016-07-13,2016,7,13,7.135602168209675
Dong Thap,2016-07-14,2016,7,14,6.743803716257689
Dong Thap,2016-07-15,2016,7,15,13.903262968192648
Dong Thap,2016-07-16,2016,7,16,10.094282782724278
Dong Thap,2016-07-17,2016,7,17,12.38592925272156
Dong Thap,2016-07-18,2016,7,18,11.779817099686996
Dong Thap,2016-07-19,2016,7,19,7.250249439433283
Dong Thap,2016-07-20,2016,7,20,7.0262123767429365
Dong Thap,2016-07-21,2016,7,21,4.772998820979334
Dong Thap,2016-07-22,2016,7,22,9.68485726923636
Dong Thap,2016-07-23,2016,7,23,5.796375162502194
Dong Thap,2016-07-24,2016,7,24,8.012054705920061
Dong Thap,2016-07-25,2016,7,25,7.219426926799389
Dong Thap,2016-07-26,2016,7,26,21.477272979575325
Dong Thap,2016-07-27,2016,7,27,15.739907895055293
Dong Thap,2016-07-28,2016,7,28,15.501867239711125
Dong Thap,2016-07-29,2016,7,29,2.534443546848175
Dong Thap,2016-07-30,2016,7,30,26.72154469891201
Dong Thap,2016-07-31,2016,7,31,0.0
Dong Thap,2016-08-01,2016,8,1,8.511571625415387
Dong Thap,2016-08-02,2016,8,2,19.377144287685866
Dong Thap,2016-08-03,2016,8,3,5.532883632039708
Dong Thap,2016-08-04,2016,8,4,4.095285015539541
Dong Thap,2016-08-05,2016,8,5,1.866890177472204
Dong Thap,2016-08-06,2016,8,6,8.94974302316377
Dong Thap,2016-08-07,2016,8,7,0.0
Dong Thap,2016-08-08,2016,8,8,0.4168493716738946
Dong Thap,2016-08-09,2016,8,9,1.0050168322521404
Dong Thap,2016-08-10,2016,8,10,9.342632257061965
Dong Thap,2016-08-11,2016,8,11,5.96822153955921
Dong Thap,2016-08-12,2016,8,12,3.6894694857581647
Dong Thap,2016-08-13,2016,8,13,1.838914674420407
Dong Thap,2016-08-14,2016,8,14,1.2237136051251498
Dong Thap,2016-08-15,2016,8,15,2.032107560528306
Dong Thap,2016-08-16,2016,8,16,6.054884123712919
Dong Thap,2016-08-17,2016,8,17,4.103701857978019
Dong Thap,2016-08-18,2016,8,18,5.518236939392311
Dong Thap,2016-08-19,2016,8,19,1.878786940074356
Dong Thap,2016-08-20,2016,8,20,3.603990945208496
Dong Thap,2016-08-21,2016,8,21,4.999919712813986
Dong Thap,2016-08-22,2016,8,22,7.290342321924972
Dong Thap,2016-08-23,2016,8,23,7.643903604096392
Dong Thap,2016-08-24,2016,8,24,4.910848635995038
Dong Thap,2016-08-25,2016,8,25,2.880317394320104
Dong Thap,2016-08-26,2016,8,26,4.7173902596073765
Dong Thap,2016-08-27,2016,8,27,10.969569134879928
Dong Thap,2016-08-28,2016,8,28,3.669098053304196
Dong Thap,2016-08-29,2016,8,29,2.6964436101959426
Dong Thap,2016-08-30,2016,8,30,5.395801461335343
Dong Thap,2016-08-31,2016,8,31,3.703247197562397
Dong Thap,2016-09-01,2016,9,1,0.0
Dong Thap,2016-09-02,2016,9,2,1.4218389964344444
Dong Thap,2016-09-03,2016,9,3,0.6852774505567083
Dong Thap,2016-09-04,2016,9,4,2.738175407758721
Dong Thap,2016-09-05,2016,9,5,6.450773387714552
Dong Thap,2016-09-06,2016,9,6,7.255933094050352
Dong Thap,2016-09-07,2016,9,7,6.091159795535402
Dong Thap,2016-09-08,2016,9,8,0.0
Dong Thap,2016-09-09,2016,9,9,1.810366304114964
Dong Thap,2016-09-10,2016,9,10,10.626881032708768
Dong Thap,2016-09-11,2016,9,11,8.824974713809421
Dong Thap,2016-09-12,2016,9,12,8.943081675377563
Dong Thap,2016-09-13,2016,9,13,0.0
Dong Thap,2016-09-14,2016,9,14,6.5681752236976285
Dong Thap,2016-09-15,2016,9,15,5.246220262028447
Dong Thap,2016-09-16,2016,9,16,8.662115957167837
Dong Thap,2016-09-17,2016,9,17,8.08066639382606
Dong Thap,2016-09-18,2016,9,18,10.572156114848204
Dong Thap,2016-09-19,2016,9,19,8.427824662518601
Dong Thap,2016-09-20,2016,9,20,24.27742635765556
Dong Thap,2016-09-21,2016,9,21,18.345488407862327
Dong Thap,2016-09-22,2016,9,22,7.898044457971464
Dong Thap,2016-09-23,2016,9,23,8.871305948540494
Dong Thap,2016-09-24,2016,9,24,2.2974441496523044
Dong Thap,2016-09-25,2016,9,25,12.810186548854634
Dong Thap,2016-09-26,2016,9,26,12.06007178056421
Dong Thap,2016-09-27,2016,9,27,16.035385060369872
Dong Thap,2016-09-28,2016,9,28,6.399374752770158
Dong Thap,2016-09-29,2016,9,29,5.003929076408186
Dong Thap,2016-09-30,2016,9,30,12.308990398001338
Dong Thap,2016-10-01,2016,10,1,12.306378648980068
Dong Thap,2016-10-02,2016,10,2,12.665658886223818
Dong Thap,2016-10-03,2016,10,3,19.69947225565484
Dong Thap,2016-10-04,2016,10,4,7.222989464376903
Dong Thap,2016-10-05,2016,10,5,11.823247528141088
Dong Thap,2016-10-06,2016,10,6,22.886337811183505
Dong Thap,2016-10-07,2016,10,7,15.553022694068344
Dong Thap,2016-10-08,2016,10,8,5.716973829694092
Dong Thap,2016-10-09,2016,10,9,11.066461309381475
Dong Thap,2016-10-10,2016,10,10,12.098238613252764
Dong Thap,2016-10-11,2016,10,11,21.8145572455367
Dong Thap,2016-10-12,2016,10,12,16.329170154665015
Dong Thap,2016-10-13,2016,10,13,14.534201963150174
Dong Thap,2016-10-14,2016,10,14,12.196699116258134
Dong Thap,2016-10-15,2016,10,15,24.243424628363563
Dong Thap,2016-10-16,2016,10,16,30.40127257757617
Dong Thap,2016-10-17,2016,10,17,16.711559743047538
Dong Thap,2016-10-18,2016,10,18,1.24596772507418
Dong Thap,2016-10-19,2016,10,19,6.098179276105303
Dong Thap,2016-10-20,2016,10,20,2.0286130665758986
Dong Thap,2016-10-21,2016,10,21,3.075598540329353
Dong Thap,2016-10-22,2016,10,22,7.269659718567477
Dong Thap,2016-10-23,2016,10,23,19.61995985017278
Dong Thap,2016-10-24,2016,10,24,10.907326285290502
Dong Thap,2016-10-25,2016,10,25,28.825371823073883
Dong Thap,2016-10-26,2016,10,26,2.877343852760192
Dong Thap,2016-10-27,2016,10,27,13.061181870898825
Dong Thap,2016-10-28,2016,10,28,19.19779817540547
Dong Thap,2016-10-29,2016,10,29,18.563477726095726
Dong Thap,2016-10-30,2016,10,30,9.61449083559416
Dong Thap,2016-10-31,2016,10,31,24.96357037596673
Dong Thap,2016-11-01,2016,11,1,14.23627857553842
Dong Thap,2016-11-02,2016,11,2,8.446820745737012
Dong Thap,2016-11-03,2016,11,3,14.084538602250104
Dong Thap,2016-11-04,2016,11,4,33.55631793245913
Dong Thap,2016-11-05,2016,11,5,35.567773534620265
Dong Thap,2016-11-06,2016,11,6,3.9458051649978256
Dong Thap,2016-11-07,2016,11,7,5.522523138341595
Dong Thap,2016-11-08,2016,11,8,0.0
Dong Thap,2016-11-09,2016,11,9,0.2680417257951775
Dong Thap,2016-11-10,2016,11,10,0.517820027894597
Dong Thap,2016-11-11,2016,11,11,2.835465242248936
Dong Thap,2016-11-12,2016,11,12,0.0
Dong Thap,2016-11-13,2016,11,13,3.7918475652318526
Dong Thap,2016-11-14,2016,11,14,0.0
Dong Thap,2016-11-15,2016,11,15,0.1842462960516537
Dong Thap,2016-11-16,2016,11,16,1.1333808084044945
Dong Thap,2016-11-17,2016,11,17,10.556591861313477
Dong Thap,2016-11-18,2016,11,18,3.460804652688938
Dong Thap,2016-11-19,2016,11,19,0.2527813969054458
Dong Thap,2016-11-20,2016,11,20,30.055127300208767
Dong Thap,2016-11-21,2016,11,21,12.662343817433984
Dong Thap,2016-11-22,2016,11,22,17.81443616936529
Dong Thap,2016-11-23,2016,11,23,14.796915152363958
Dong Thap,2016-11-24,2016,11,24,4.716096793926298
Dong Thap,2016-11-25,2016,11,25,0.2842969603486576
Dong Thap,2016-11-26,2016,11,26,0.0
Dong Thap,2016-11-27,2016,11,27,0.5364070972239642
Dong Thap,2016-11-28,2016,11,28,0.0
Dong Thap,2016-11-29,2016,11,29,0.0
Dong Thap,2016-11-30,2016,11,30,18.227106975162
Dong Thap,2016-12-01,2016,12,1,7.964643597271478
Dong Thap,2016-12-02,2016,12,2,11.266924356376872
Dong Thap,2016-12-03,2016,12,3,0.0423452498584424
Dong Thap,2016-12-04,2016,12,4,1.264886455205067
Dong Thap,2016-12-05,2016,12,5,0.0812232195316649
Dong Thap,2016-12-06,2016,12,6,0.6103342095280491
Dong Thap,2016-12-07,2016,12,7,8.23177484832222
Dong Thap,2016-12-08,2016,12,8,0.0
Dong Thap,2016-12-09,2016,12,9,1.6218630981967372
Dong Thap,2016-12-10,2016,12,10,3.6875690690833247
Dong Thap,2016-12-11,2016,12,11,3.74370882380352
Dong Thap,2016-12-12,2016,12,12,15.151722195063527
Dong Thap,2016-12-13,2016,12,13,6.676190038380071
Dong Thap,2016-12-14,2016,12,14,1.2637879358199222
Dong Thap,2016-12-15,2016,12,15,0.1614418608418174
Dong Thap,2016-12-16,2016,12,16,15.596328599087252
Dong Thap,2016-12-17,2016,12,17,0.0113635465404682
Dong Thap,2016-12-18,2016,12,18,3.695116332065822
Dong Thap,2016-12-19,2016,12,19,2.8563756365637563
Dong Thap,2016-12-20,2016,12,20,2.4115057170783296
Dong Thap,2016-12-21,2016,12,21,0.1717820589859414
Dong Thap,2016-12-22,2016,12,22,0.0
Dong Thap,2016-12-23,2016,12,23,0.0
Dong Thap,2016-12-24,2016,12,24,0.1951791431787794
Dong Thap,2016-12-25,2016,12,25,3.076497828710881
Dong Thap,2016-12-26,2016,12,26,0.0058845002580343
Dong Thap,2016-12-27,2016,12,27,0.0007944681293060373
Dong Thap,2016-12-28,2016,12,28,0.8158043284118779
Dong Thap,2016-12-29,2016,12,29,0.0
Dong Thap,2016-12-30,2016,12,30,0.0
Dong Thap,2016-12-31,2016,12,31,0.2033048762988686
Dong Thap,2017-01-01,2017,1,1,0.0
Dong Thap,2017-01-02,2017,1,2,0.0158613343303209
Dong Thap,2017-01-03,2017,1,3,0.0
Dong Thap,2017-01-04,2017,1,4,0.0
Dong Thap,2017-01-05,2017,1,5,0.0068791626747811
Dong Thap,2017-01-06,2017,1,6,0.0
Dong Thap,2017-01-07,2017,1,7,0.0
Dong Thap,2017-01-08,2017,1,8,0.0
Dong Thap,2017-01-09,2017,1,9,0.0
Dong Thap,2017-01-10,2017,1,10,0.0
Dong Thap,2017-01-11,2017,1,11,0.1609052144564114
Dong Thap,2017-01-12,2017,1,12,0.211802253511884
Dong Thap,2017-01-13,2017,1,13,0.0
Dong Thap,2017-01-14,2017,1,14,5.268110007250526
Dong Thap,2017-01-15,2017,1,15,5.781696433609293
Dong Thap,2017-01-16,2017,1,16,0.0
Dong Thap,2017-01-17,2017,1,17,0.0404745425284246
Dong Thap,2017-01-18,2017,1,18,0.6632041168951353
Dong Thap,2017-01-19,2017,1,19,0.0
Dong Thap,2017-01-20,2017,1,20,3.077547561657085
Dong Thap,2017-01-21,2017,1,21,1.1666926392317083
Dong Thap,2017-01-22,2017,1,22,0.0
Dong Thap,2017-01-23,2017,1,23,0.0
Dong Thap,2017-01-24,2017,1,24,0.0
Dong Thap,2017-01-25,2017,1,25,4.692563055816463
Dong Thap,2017-01-26,2017,1,26,0.0
Dong Thap,2017-01-27,2017,1,27,0.0
Dong Thap,2017-01-28,2017,1,28,0.0395069958936716
Dong Thap,2017-01-29,2017,1,29,0.3600343472939486
Dong Thap,2017-01-30,2017,1,30,0.0
Dong Thap,2017-01-31,2017,1,31,0.0
Dong Thap,2017-02-01,2017,2,1,0.9834947570505824
Dong Thap,2017-02-02,2017,2,2,5.530098264919863
Dong Thap,2017-02-03,2017,2,3,0.0
Dong Thap,2017-02-04,2017,2,4,0.0
Dong Thap,2017-02-05,2017,2,5,0.0089663772767488
Dong Thap,2017-02-06,2017,2,6,0.0
Dong Thap,2017-02-07,2017,2,7,0.702272285507167
Dong Thap,2017-02-08,2017,2,8,0.0
Dong Thap,2017-02-09,2017,2,9,0.0
Dong Thap,2017-02-10,2017,2,10,0.0
Dong Thap,2017-02-11,2017,2,11,0.0
Dong Thap,2017-02-12,2017,2,12,0.0
Dong Thap,2017-02-13,2017,2,13,0.0
Dong Thap,2017-02-14,2017,2,14,0.0
Dong Thap,2017-02-15,2017,2,15,0.0
Dong Thap,2017-02-16,2017,2,16,0.0
Dong Thap,2017-02-17,2017,2,17,0.0
Dong Thap,2017-02-18,2017,2,18,0.0
Dong Thap,2017-02-19,2017,2,19,0.0
Dong Thap,2017-02-20,2017,2,20,0.0
Dong Thap,2017-02-21,2017,2,21,0.9245444120552252
Dong Thap,2017-02-22,2017,2,22,0.0
Dong Thap,2017-02-23,2017,2,23,0.0
Dong Thap,2017-02-24,2017,2,24,6.925104618153658
Dong Thap,2017-02-25,2017,2,25,0.5900205615049913
Dong Thap,2017-02-26,2017,2,26,5.493238163284832
Dong Thap,2017-02-27,2017,2,27,0.0
Dong Thap,2017-02-28,2017,2,28,0.0
Dong Thap,2017-03-01,2017,3,1,0.0141811878949789
Dong Thap,2017-03-02,2017,3,2,0.0
Dong Thap,2017-03-03,2017,3,3,0.0
Dong Thap,2017-03-04,2017,3,4,0.0
Dong Thap,2017-03-05,2017,3,5,0.0
Dong Thap,2017-03-06,2017,3,6,0.0
Dong Thap,2017-03-07,2017,3,7,0.0
Dong Thap,2017-03-08,2017,3,8,0.0
Dong Thap,2017-03-09,2017,3,9,0.0
Dong Thap,2017-03-10,2017,3,10,0.0
Dong Thap,2017-03-11,2017,3,11,0.0
Dong Thap,2017-03-12,2017,3,12,0.2495067805518415
Dong Thap,2017-03-13,2017,3,13,0.0
Dong Thap,2017-03-14,2017,3,14,0.0638657854762184
Dong Thap,2017-03-15,2017,3,15,0.0
Dong Thap,2017-03-16,2017,3,16,0.0
Dong Thap,2017-03-17,2017,3,17,1.0364896477533352
Dong Thap,2017-03-18,2017,3,18,0.0
Dong Thap,2017-03-19,2017,3,19,2.2782220588348223
Dong Thap,2017-03-20,2017,3,20,0.0
Dong Thap,2017-03-21,2017,3,21,0.0
Dong Thap,2017-03-22,2017,3,22,0.0
Dong Thap,2017-03-23,2017,3,23,0.0
Dong Thap,2017-03-24,2017,3,24,0.0021386607578613
Dong Thap,2017-03-25,2017,3,25,0.0
Dong Thap,2017-03-26,2017,3,26,0.0
Dong Thap,2017-03-27,2017,3,27,0.006097346902678
Dong Thap,2017-03-28,2017,3,28,0.0
Dong Thap,2017-03-29,2017,3,29,3.410900606667072
Dong Thap,2017-03-30,2017,3,30,1.5036038259597544
Dong Thap,2017-03-31,2017,3,31,15.509762235136286
Dong Thap,2017-04-01,2017,4,1,19.292134988137526
Dong Thap,2017-04-02,2017,4,2,5.4815468023443845
Dong Thap,2017-04-03,2017,4,3,2.4370076610762323
Dong Thap,2017-04-04,2017,4,4,0.4460969954789941
Dong Thap,2017-04-05,2017,4,5,1.278121930051071
Dong Thap,2017-04-06,2017,4,6,0.1256494754995107
Dong Thap,2017-04-07,2017,4,7,0.0
Dong Thap,2017-04-08,2017,4,8,0.0056383432864818
Dong Thap,2017-04-09,2017,4,9,0.0
Dong Thap,2017-04-10,2017,4,10,0.0
Dong Thap,2017-04-11,2017,4,11,0.0
Dong Thap,2017-04-12,2017,4,12,0.0
Dong Thap,2017-04-13,2017,4,13,0.0617301514190909
Dong Thap,2017-04-14,2017,4,14,1.049757396671705
Dong Thap,2017-04-15,2017,4,15,0.0
Dong Thap,2017-04-16,2017,4,16,0.0
Dong Thap,2017-04-17,2017,4,17,0.0034205758141529
Dong Thap,2017-04-18,2017,4,18,0.0
Dong Thap,2017-04-19,2017,4,19,0.0
Dong Thap,2017-04-20,2017,4,20,0.0
Dong Thap,2017-04-21,2017,4,21,0.0
Dong Thap,2017-04-22,2017,4,22,0.0
Dong Thap,2017-04-23,2017,4,23,3.992158251810104
Dong Thap,2017-04-24,2017,4,24,5.107449375260353
Dong Thap,2017-04-25,2017,4,25,2.3795946252191853
Dong Thap,2017-04-26,2017,4,26,5.864864659669151
Dong Thap,2017-04-27,2017,4,27,7.869944206421839
Dong Thap,2017-04-28,2017,4,28,15.236983865573878
Dong Thap,2017-04-29,2017,4,29,1.1870261296301925
Dong Thap,2017-04-30,2017,4,30,7.257955856338929
Dong Thap,2017-05-01,2017,5,1,1.685055021258311
Dong Thap,2017-05-02,2017,5,2,4.09998025194855
Dong Thap,2017-05-03,2017,5,3,0.5633383631327537
Dong Thap,2017-05-04,2017,5,4,8.283976143075138
Dong Thap,2017-05-05,2017,5,5,6.631171536487543
Dong Thap,2017-05-06,2017,5,6,2.823579429376414
Dong Thap,2017-05-07,2017,5,7,2.547441879353717
Dong Thap,2017-05-08,2017,5,8,3.2426947628542866
Dong Thap,2017-05-09,2017,5,9,7.704315335437607
Dong Thap,2017-05-10,2017,5,10,4.894078324495433
Dong Thap,2017-05-11,2017,5,11,4.130891985408512
Dong Thap,2017-05-12,2017,5,12,1.976256440576848
Dong Thap,2017-05-13,2017,5,13,3.925209041406757
Dong Thap,2017-05-14,2017,5,14,3.941336044448692
Dong Thap,2017-05-15,2017,5,15,5.7500315729942
Dong Thap,2017-05-16,2017,5,16,13.861346576850591
Dong Thap,2017-05-17,2017,5,17,6.417986249014824
Dong Thap,2017-05-18,2017,5,18,12.746019668689463
Dong Thap,2017-05-19,2017,5,19,16.16570590227835
Dong Thap,2017-05-20,2017,5,20,13.460788831219585
Dong Thap,2017-05-21,2017,5,21,13.481186384513093
Dong Thap,2017-05-22,2017,5,22,3.4725736232065727
Dong Thap,2017-05-23,2017,5,23,8.33808963632053
Dong Thap,2017-05-24,2017,5,24,10.1461668397757
Dong Thap,2017-05-25,2017,5,25,8.003009667276439
Dong Thap,2017-05-26,2017,5,26,15.687912908140312
Dong Thap,2017-05-27,2017,5,27,6.472903132952608
Dong Thap,2017-05-28,2017,5,28,19.391753474479085
Dong Thap,2017-05-29,2017,5,29,17.41022894605368
Dong Thap,2017-05-30,2017,5,30,15.807513174825118
Dong Thap,2017-05-31,2017,5,31,2.814399647461141
Dong Thap,2017-06-01,2017,6,1,0.0
Dong Thap,2017-06-02,2017,6,2,6.578882754958076
Dong Thap,2017-06-03,2017,6,3,10.53986937072722
Dong Thap,2017-06-04,2017,6,4,7.862307064226753
Dong Thap,2017-06-05,2017,6,5,5.739689072852287
Dong Thap,2017-06-06,2017,6,6,7.815359172425842
Dong Thap,2017-06-07,2017,6,7,0.0
Dong Thap,2017-06-08,2017,6,8,6.675417045447894
Dong Thap,2017-06-09,2017,6,9,0.0973056859512406
Dong Thap,2017-06-10,2017,6,10,8.6186376502245
Dong Thap,2017-06-11,2017,6,11,1.236749566552155
Dong Thap,2017-06-12,2017,6,12,0.0208926343893501
Dong Thap,2017-06-13,2017,6,13,6.095150667211216
Dong Thap,2017-06-14,2017,6,14,3.431060278675359
Dong Thap,2017-06-15,2017,6,15,0.6081919997545061
Dong Thap,2017-06-16,2017,6,16,0.0
Dong Thap,2017-06-17,2017,6,17,1.412864314000407
Dong Thap,2017-06-18,2017,6,18,1.9259912486056865
Dong Thap,2017-06-19,2017,6,19,0.598483530530211
Dong Thap,2017-06-20,2017,6,20,1.497709000407499
Dong Thap,2017-06-21,2017,6,21,11.474843438639503
Dong Thap,2017-06-22,2017,6,22,9.943673900527855
Dong Thap,2017-06-23,2017,6,23,12.36454085867394
Dong Thap,2017-06-24,2017,6,24,13.172377597563436
Dong Thap,2017-06-25,2017,6,25,0.0
Dong Thap,2017-06-26,2017,6,26,3.7946934126687726
Dong Thap,2017-06-27,2017,6,27,6.811426026746203
Dong Thap,2017-06-28,2017,6,28,2.9121766938004368
Dong Thap,2017-06-29,2017,6,29,7.263177163616607
Dong Thap,2017-06-30,2017,6,30,3.8464264540018234
Dong Thap,2017-07-01,2017,7,1,8.679347412634087
Dong Thap,2017-07-02,2017,7,2,5.938904041189817
Dong Thap,2017-07-03,2017,7,3,5.195545627926382
Dong Thap,2017-07-04,2017,7,4,8.354037813691827
Dong Thap,2017-07-05,2017,7,5,7.812168613248649
Dong Thap,2017-07-06,2017,7,6,8.955196657492127
Dong Thap,2017-07-07,2017,7,7,3.6604961571791854
Dong Thap,2017-07-08,2017,7,8,0.0452148783482849
Dong Thap,2017-07-09,2017,7,9,4.494960806937558
Dong Thap,2017-07-10,2017,7,10,7.660581116310339
Dong Thap,2017-07-11,2017,7,11,3.320944903428141
Dong Thap,2017-07-12,2017,7,12,4.622404689208054
Dong Thap,2017-07-13,2017,7,13,8.00809577275139
Dong Thap,2017-07-14,2017,7,14,1.2628394981847475
Dong Thap,2017-07-15,2017,7,15,5.395224186259383
Dong Thap,2017-07-16,2017,7,16,2.0371045253432087
Dong Thap,2017-07-17,2017,7,17,11.263412498456695
Dong Thap,2017-07-18,2017,7,18,8.61368667795351
Dong Thap,2017-07-19,2017,7,19,3.6171904297231503
Dong Thap,2017-07-20,2017,7,20,12.912656496029356
Dong Thap,2017-07-21,2017,7,21,0.0
Dong Thap,2017-07-22,2017,7,22,3.487496063319468
Dong Thap,2017-07-23,2017,7,23,0.0772877325134155
Dong Thap,2017-07-24,2017,7,24,10.50849931770802
Dong Thap,2017-07-25,2017,7,25,6.803747211152903
Dong Thap,2017-07-26,2017,7,26,19.77087496863164
Dong Thap,2017-07-27,2017,7,27,1.335694104291047
Dong Thap,2017-07-28,2017,7,28,1.703731537027534
Dong Thap,2017-07-29,2017,7,29,0.0009850818661299586
Dong Thap,2017-07-30,2017,7,30,1.233824283046897
Dong Thap,2017-07-31,2017,7,31,8.21022486570391
Dong Thap,2017-08-01,2017,8,1,0.6483036091816187
Dong Thap,2017-08-02,2017,8,2,2.861379960726414
Dong Thap,2017-08-03,2017,8,3,8.424494155023488
Dong Thap,2017-08-04,2017,8,4,10.687299708978426
Dong Thap,2017-08-05,2017,8,5,3.6020607464784704
Dong Thap,2017-08-06,2017,8,6,4.349641769701778
Dong Thap,2017-08-07,2017,8,7,0.1174156517770951
Dong Thap,2017-08-08,2017,8,8,4.634662399773887
Dong Thap,2017-08-09,2017,8,9,6.536085638419443
Dong Thap,2017-08-10,2017,8,10,3.089007690707814
Dong Thap,2017-08-11,2017,8,11,5.6008364486503615
Dong Thap,2017-08-12,2017,8,12,2.2781315999545555
Dong Thap,2017-08-13,2017,8,13,8.193657054634947
Dong Thap,2017-08-14,2017,8,14,6.699317567630338
Dong Thap,2017-08-15,2017,8,15,5.3630144270181335
Dong Thap,2017-08-16,2017,8,16,8.75481209456447
Dong Thap,2017-08-17,2017,8,17,11.34094191391451
Dong Thap,2017-08-18,2017,8,18,1.905020512561016
Dong Thap,2017-08-19,2017,8,19,4.162935707171215
Dong Thap,2017-08-20,2017,8,20,1.2515565405864135
Dong Thap,2017-08-21,2017,8,21,0.2644646708010977
Dong Thap,2017-08-22,2017,8,22,9.073138568983993
Dong Thap,2017-08-23,2017,8,23,4.81508810907122
Dong Thap,2017-08-24,2017,8,24,1.4840914813709924
Dong Thap,2017-08-25,2017,8,25,10.681897295719644
Dong Thap,2017-08-26,2017,8,26,15.68161071561376
Dong Thap,2017-08-27,2017,8,27,0.0052451411152686
Dong Thap,2017-08-28,2017,8,28,9.61956111849071
Dong Thap,2017-08-29,2017,8,29,0.5933953118156567
Dong Thap,2017-08-30,2017,8,30,5.63450806419379
Dong Thap,2017-08-31,2017,8,31,9.1970532960177
Dong Thap,2017-09-01,2017,9,1,6.786723481248181
Dong Thap,2017-09-02,2017,9,2,2.025783793189667
Dong Thap,2017-09-03,2017,9,3,1.5355741043554183
Dong Thap,2017-09-04,2017,9,4,1.1196720696054183
Dong Thap,2017-09-05,2017,9,5,1.6880185957807834
Dong Thap,2017-09-06,2017,9,6,1.454500276728067
Dong Thap,2017-09-07,2017,9,7,4.840197754928739
Dong Thap,2017-09-08,2017,9,8,3.0135932794457405
Dong Thap,2017-09-09,2017,9,9,7.551191589669733
Dong Thap,2017-09-10,2017,9,10,5.825391913700568
Dong Thap,2017-09-11,2017,9,11,6.039504491399683
Dong Thap,2017-09-12,2017,9,12,0.0
Dong Thap,2017-09-13,2017,9,13,16.249803743206613
Dong Thap,2017-09-14,2017,9,14,16.925899874090142
Dong Thap,2017-09-15,2017,9,15,10.798748965981
Dong Thap,2017-09-16,2017,9,16,4.775195610653061
Dong Thap,2017-09-17,2017,9,17,5.393785428921055
Dong Thap,2017-09-18,2017,9,18,8.263836508763463
Dong Thap,2017-09-19,2017,9,19,11.500922337164264
Dong Thap,2017-09-20,2017,9,20,7.630995923925857
Dong Thap,2017-09-21,2017,9,21,10.748089775710191
Dong Thap,2017-09-22,2017,9,22,6.557570186410868
Dong Thap,2017-09-23,2017,9,23,2.421962598222492
Dong Thap,2017-09-24,2017,9,24,7.2875808032767555
Dong Thap,2017-09-25,2017,9,25,0.0984813596200369
Dong Thap,2017-09-26,2017,9,26,4.4063078758666245
Dong Thap,2017-09-27,2017,9,27,7.106352254136335
Dong Thap,2017-09-28,2017,9,28,9.812142710702496
Dong Thap,2017-09-29,2017,9,29,2.6957777610016103
Dong Thap,2017-09-30,2017,9,30,8.73876940930866
Dong Thap,2017-10-01,2017,10,1,17.76489415470639
Dong Thap,2017-10-02,2017,10,2,13.100046958678805
Dong Thap,2017-10-03,2017,10,3,0.9973959039878972
Dong Thap,2017-10-04,2017,10,4,7.709227874148098
Dong Thap,2017-10-05,2017,10,5,15.214398758276692
Dong Thap,2017-10-06,2017,10,6,14.81973857619417
Dong Thap,2017-10-07,2017,10,7,1.2426699418477354
Dong Thap,2017-10-08,2017,10,8,3.647190788800087
Dong Thap,2017-10-09,2017,10,9,4.981234464619417
Dong Thap,2017-10-10,2017,10,10,2.3890638480806983
Dong Thap,2017-10-11,2017,10,11,13.157622297192365
Dong Thap,2017-10-12,2017,10,12,17.903238114232447
Dong Thap,2017-10-13,2017,10,13,17.598944635328476
Dong Thap,2017-10-14,2017,10,14,14.438822226619566
Dong Thap,2017-10-15,2017,10,15,4.545914030133229
Dong Thap,2017-10-16,2017,10,16,1.7387387167915125
Dong Thap,2017-10-17,2017,10,17,12.58639322154668
Dong Thap,2017-10-18,2017,10,18,8.51031224220984
Dong Thap,2017-10-19,2017,10,19,10.318598472574328
Dong Thap,2017-10-20,2017,10,20,12.673416936373204
Dong Thap,2017-10-21,2017,10,21,19.23719666581427
Dong Thap,2017-10-22,2017,10,22,0.7708022137036633
Dong Thap,2017-10-23,2017,10,23,5.736899310481609
Dong Thap,2017-10-24,2017,10,24,14.171567555833947
Dong Thap,2017-10-25,2017,10,25,14.972887415476924
Dong Thap,2017-10-26,2017,10,26,0.1795672428480805
Dong Thap,2017-10-27,2017,10,27,2.210500006045996
Dong Thap,2017-10-28,2017,10,28,4.751100692966504
Dong Thap,2017-10-29,2017,10,29,0.0793285640643409
Dong Thap,2017-10-30,2017,10,30,0.1378667030795404
Dong Thap,2017-10-31,2017,10,31,3.132181513693588
Dong Thap,2017-11-01,2017,11,1,12.43810232386368
Dong Thap,2017-11-02,2017,11,2,1.622717581295442
Dong Thap,2017-11-03,2017,11,3,8.04591585738009
Dong Thap,2017-11-04,2017,11,4,3.803383127940276
Dong Thap,2017-11-05,2017,11,5,2.302155999679373
Dong Thap,2017-11-06,2017,11,6,5.648161343038282
Dong Thap,2017-11-07,2017,11,7,6.735080599642836
Dong Thap,2017-11-08,2017,11,8,7.703329427390511
Dong Thap,2017-11-09,2017,11,9,5.5839709986465325
Dong Thap,2017-11-10,2017,11,10,5.812007878328196
Dong Thap,2017-11-11,2017,11,11,7.580656706042532
Dong Thap,2017-11-12,2017,11,12,3.0904448770032262
Dong Thap,2017-11-13,2017,11,13,6.149490279285225
Dong Thap,2017-11-14,2017,11,14,11.640110228211531
Dong Thap,2017-11-15,2017,11,15,0.0
Dong Thap,2017-11-16,2017,11,16,0.0
Dong Thap,2017-11-17,2017,11,17,12.11327002439094
Dong Thap,2017-11-18,2017,11,18,28.31157313443809
Dong Thap,2017-11-19,2017,11,19,10.920924395302508
Dong Thap,2017-11-20,2017,11,20,0.0055380931159171
Dong Thap,2017-11-21,2017,11,21,0.3430519162296626
Dong Thap,2017-11-22,2017,11,22,4.938218767691122
Dong Thap,2017-11-23,2017,11,23,0.3865783059166919
Dong Thap,2017-11-24,2017,11,24,15.28028250067905
Dong Thap,2017-11-25,2017,11,25,1.744230433388959
Dong Thap,2017-11-26,2017,11,26,4.2135294700172
Dong Thap,2017-11-27,2017,11,27,1.1710774646828923
Dong Thap,2017-11-28,2017,11,28,21.458231449587043
Dong Thap,2017-11-29,2017,11,29,9.225688741162218
Dong Thap,2017-11-30,2017,11,30,4.281602694174316
Dong Thap,2017-12-01,2017,12,1,3.5704729103273825
Dong Thap,2017-12-02,2017,12,2,5.242884982016342
Dong Thap,2017-12-03,2017,12,3,6.401470664990902
Dong Thap,2017-12-04,2017,12,4,16.355821272684164
Dong Thap,2017-12-05,2017,12,5,0.8249991543038184
Dong Thap,2017-12-06,2017,12,6,0.0
Dong Thap,2017-12-07,2017,12,7,0.2418839422136795
Dong Thap,2017-12-08,2017,12,8,0.0107278131034765
Dong Thap,2017-12-09,2017,12,9,0.0
Dong Thap,2017-12-10,2017,12,10,0.0
Dong Thap,2017-12-11,2017,12,11,0.0
Dong Thap,2017-12-12,2017,12,12,0.0
Dong Thap,2017-12-13,2017,12,13,0.0245235993230805
Dong Thap,2017-12-14,2017,12,14,0.0
Dong Thap,2017-12-15,2017,12,15,0.0
Dong Thap,2017-12-16,2017,12,16,0.0
Dong Thap,2017-12-17,2017,12,17,0.0072797100770384
Dong Thap,2017-12-18,2017,12,18,0.0
Dong Thap,2017-12-19,2017,12,19,0.0
Dong Thap,2017-12-20,2017,12,20,0.0
Dong Thap,2017-12-21,2017,12,21,2.2385613974703658
Dong Thap,2017-12-22,2017,12,22,0.0
Dong Thap,2017-12-23,2017,12,23,0.0197953013625035
Dong Thap,2017-12-24,2017,12,24,3.581344856428996
Dong Thap,2017-12-25,2017,12,25,15.025819845769792
Dong Thap,2017-12-26,2017,12,26,0.0
Dong Thap,2017-12-27,2017,12,27,2.3178782227130217
Dong Thap,2017-12-28,2017,12,28,5.008445893038365
Dong Thap,2017-12-29,2017,12,29,1.4951812226079284
Dong Thap,2017-12-30,2017,12,30,0.0
Dong Thap,2017-12-31,2017,12,31,0.3837499601150655
Dong Thap,2018-01-01,2018,1,1,0.0
Dong Thap,2018-01-02,2018,1,2,0.3409110550805232
Dong Thap,2018-01-03,2018,1,3,0.0
Dong Thap,2018-01-04,2018,1,4,0.0
Dong Thap,2018-01-05,2018,1,5,0.0
Dong Thap,2018-01-06,2018,1,6,0.0
Dong Thap,2018-01-07,2018,1,7,0.3847474948413684
Dong Thap,2018-01-08,2018,1,8,0.0
Dong Thap,2018-01-09,2018,1,9,1.4604234140909844
Dong Thap,2018-01-10,2018,1,10,0.0
Dong Thap,2018-01-11,2018,1,11,0.0399671469601422
Dong Thap,2018-01-12,2018,1,12,0.0764752487990762
Dong Thap,2018-01-13,2018,1,13,0.3591716033864079
Dong Thap,2018-01-14,2018,1,14,0.343249551344951
Dong Thap,2018-01-15,2018,1,15,0.3058730836087866
Dong Thap,2018-01-16,2018,1,16,0.0041038404929548
Dong Thap,2018-01-17,2018,1,17,0.0
Dong Thap,2018-01-18,2018,1,18,0.0564957104804214
Dong Thap,2018-01-19,2018,1,19,2.6432875999658854
Dong Thap,2018-01-20,2018,1,20,0.0
Dong Thap,2018-01-21,2018,1,21,1.707455222132472
Dong Thap,2018-01-22,2018,1,22,2.4975967523270994
Dong Thap,2018-01-23,2018,1,23,2.092708819207892
Dong Thap,2018-01-24,2018,1,24,0.0128766579884424
Dong Thap,2018-01-25,2018,1,25,0.0327364421902477
Dong Thap,2018-01-26,2018,1,26,1.0339696087316774
Dong Thap,2018-01-27,2018,1,27,3.3368355311826954
Dong Thap,2018-01-28,2018,1,28,4.287226477596043
Dong Thap,2018-01-29,2018,1,29,0.5416333152102536
Dong Thap,2018-01-30,2018,1,30,0.0
Dong Thap,2018-01-31,2018,1,31,1.0343492899063842
Dong Thap,2018-02-01,2018,2,1,0.0
Dong Thap,2018-02-02,2018,2,2,0.0
Dong Thap,2018-02-03,2018,2,3,0.0
Dong Thap,2018-02-04,2018,2,4,0.0
Dong Thap,2018-02-05,2018,2,5,0.0
Dong Thap,2018-02-06,2018,2,6,0.0
Dong Thap,2018-02-07,2018,2,7,0.0
Dong Thap,2018-02-08,2018,2,8,0.0
Dong Thap,2018-02-09,2018,2,9,0.0
Dong Thap,2018-02-10,2018,2,10,0.0
Dong Thap,2018-02-11,2018,2,11,0.0
Dong Thap,2018-02-12,2018,2,12,0.0
Dong Thap,2018-02-13,2018,2,13,0.0
Dong Thap,2018-02-14,2018,2,14,0.0
Dong Thap,2018-02-15,2018,2,15,0.0264024303793663
Dong Thap,2018-02-16,2018,2,16,0.0
Dong Thap,2018-02-17,2018,2,17,0.0
Dong Thap,2018-02-18,2018,2,18,4.420624989479446
Dong Thap,2018-02-19,2018,2,19,0.0
Dong Thap,2018-02-20,2018,2,20,0.0
Dong Thap,2018-02-21,2018,2,21,0.0
Dong Thap,2018-02-22,2018,2,22,2.5187132451535343
Dong Thap,2018-02-23,2018,2,23,0.0
Dong Thap,2018-02-24,2018,2,24,0.0
Dong Thap,2018-02-25,2018,2,25,0.2636073834844151
Dong Thap,2018-02-26,2018,2,26,0.0
Dong Thap,2018-02-27,2018,2,27,0.0
Dong Thap,2018-02-28,2018,2,28,0.0103972810370218
Dong Thap,2018-03-01,2018,3,1,0.0
Dong Thap,2018-03-02,2018,3,2,0.0
Dong Thap,2018-03-03,2018,3,3,0.0
Dong Thap,2018-03-04,2018,3,4,0.0
Dong Thap,2018-03-05,2018,3,5,0.0
Dong Thap,2018-03-06,2018,3,6,0.0
Dong Thap,2018-03-07,2018,3,7,0.0
Dong Thap,2018-03-08,2018,3,8,0.0
Dong Thap,2018-03-09,2018,3,9,0.0
Dong Thap,2018-03-10,2018,3,10,0.0
Dong Thap,2018-03-11,2018,3,11,0.0
Dong Thap,2018-03-12,2018,3,12,0.0271961954896726
Dong Thap,2018-03-13,2018,3,13,0.0
Dong Thap,2018-03-14,2018,3,14,0.0
Dong Thap,2018-03-15,2018,3,15,0.0616235050155322
Dong Thap,2018-03-16,2018,3,16,0.0
Dong Thap,2018-03-17,2018,3,17,0.0
Dong Thap,2018-03-18,2018,3,18,0.0
Dong Thap,2018-03-19,2018,3,19,0.0
Dong Thap,2018-03-20,2018,3,20,0.0
Dong Thap,2018-03-21,2018,3,21,6.633407123976884
Dong Thap,2018-03-22,2018,3,22,6.8865812551969805
Dong Thap,2018-03-23,2018,3,23,0.0
Dong Thap,2018-03-24,2018,3,24,0.0
Dong Thap,2018-03-25,2018,3,25,0.0
Dong Thap,2018-03-26,2018,3,26,0.0
Dong Thap,2018-03-27,2018,3,27,0.0
Dong Thap,2018-03-28,2018,3,28,0.0
Dong Thap,2018-03-29,2018,3,29,0.0
Dong Thap,2018-03-30,2018,3,30,0.0
Dong Thap,2018-03-31,2018,3,31,0.0
Dong Thap,2018-04-01,2018,4,1,0.5480166146456044
Dong Thap,2018-04-02,2018,4,2,0.0
Dong Thap,2018-04-03,2018,4,3,0.0
Dong Thap,2018-04-04,2018,4,4,0.0
Dong Thap,2018-04-05,2018,4,5,0.0
Dong Thap,2018-04-06,2018,4,6,0.1339848750379313
Dong Thap,2018-04-07,2018,4,7,0.0
Dong Thap,2018-04-08,2018,4,8,0.0
Dong Thap,2018-04-09,2018,4,9,0.0
Dong Thap,2018-04-10,2018,4,10,0.0
Dong Thap,2018-04-11,2018,4,11,0.0
Dong Thap,2018-04-12,2018,4,12,0.0740641105302153
Dong Thap,2018-04-13,2018,4,13,0.0
Dong Thap,2018-04-14,2018,4,14,0.0
Dong Thap,2018-04-15,2018,4,15,0.0
Dong Thap,2018-04-16,2018,4,16,0.8132826995560171
Dong Thap,2018-04-17,2018,4,17,1.1833686650353867
Dong Thap,2018-04-18,2018,4,18,6.464866022776116
Dong Thap,2018-04-19,2018,4,19,0.0
Dong Thap,2018-04-20,2018,4,20,0.0
Dong Thap,2018-04-21,2018,4,21,0.0
Dong Thap,2018-04-22,2018,4,22,0.0
Dong Thap,2018-04-23,2018,4,23,10.78329869847138
Dong Thap,2018-04-24,2018,4,24,0.8786980376604435
Dong Thap,2018-04-25,2018,4,25,3.327766711043208
Dong Thap,2018-04-26,2018,4,26,5.782135144778868
Dong Thap,2018-04-27,2018,4,27,5.092292636105443
Dong Thap,2018-04-28,2018,4,28,0.1550265387907735
Dong Thap,2018-04-29,2018,4,29,1.951829829033686
Dong Thap,2018-04-30,2018,4,30,0.5581437008963004
Dong Thap,2018-05-01,2018,5,1,5.844860983991772
Dong Thap,2018-05-02,2018,5,2,0.4727243952789569
Dong Thap,2018-05-03,2018,5,3,3.301439198136789
Dong Thap,2018-05-04,2018,5,4,9.9347965946429
Dong Thap,2018-05-05,2018,5,5,1.950245223207378
Dong Thap,2018-05-06,2018,5,6,6.099176439759895
Dong Thap,2018-05-07,2018,5,7,6.857950377036902
Dong Thap,2018-05-08,2018,5,8,10.631964005984656
Dong Thap,2018-05-09,2018,5,9,5.6783232349764585
Dong Thap,2018-05-10,2018,5,10,7.474999542771373
Dong Thap,2018-05-11,2018,5,11,1.7773497759524937
Dong Thap,2018-05-12,2018,5,12,0.4499554418641096
Dong Thap,2018-05-13,2018,5,13,0.0
Dong Thap,2018-05-14,2018,5,14,3.1528876506473447
Dong Thap,2018-05-15,2018,5,15,5.969697627846496
Dong Thap,2018-05-16,2018,5,16,4.012429762514154
Dong Thap,2018-05-17,2018,5,17,5.258707147973285
Dong Thap,2018-05-18,2018,5,18,6.232916490964561
Dong Thap,2018-05-19,2018,5,19,6.318866609012236
Dong Thap,2018-05-20,2018,5,20,6.307738508960676
Dong Thap,2018-05-21,2018,5,21,5.907332809382022
Dong Thap,2018-05-22,2018,5,22,7.339625746654171
Dong Thap,2018-05-23,2018,5,23,1.0879595414740657
Dong Thap,2018-05-24,2018,5,24,13.687796295811747
Dong Thap,2018-05-25,2018,5,25,0.3630945301797076
Dong Thap,2018-05-26,2018,5,26,9.575235496999344
Dong Thap,2018-05-27,2018,5,27,4.592976737785207
Dong Thap,2018-05-28,2018,5,28,5.413167245586305
Dong Thap,2018-05-29,2018,5,29,9.223338199893927
Dong Thap,2018-05-30,2018,5,30,6.817855489363548
Dong Thap,2018-05-31,2018,5,31,9.544264954032338
Dong Thap,2018-06-01,2018,6,1,17.396238268814788
Dong Thap,2018-06-02,2018,6,2,8.07056971079967
Dong Thap,2018-06-03,2018,6,3,0.8381646069331802
Dong Thap,2018-06-04,2018,6,4,1.2675404096977867
Dong Thap,2018-06-05,2018,6,5,5.538633297204915
Dong Thap,2018-06-06,2018,6,6,6.757981932255206
Dong Thap,2018-06-07,2018,6,7,3.296599521986177
Dong Thap,2018-06-08,2018,6,8,6.088098470967777
Dong Thap,2018-06-09,2018,6,9,0.0
Dong Thap,2018-06-10,2018,6,10,0.0737204260774174
Dong Thap,2018-06-11,2018,6,11,0.0332493868062413
Dong Thap,2018-06-12,2018,6,12,0.2151137970595881
Dong Thap,2018-06-13,2018,6,13,2.631292601561692
Dong Thap,2018-06-14,2018,6,14,0.7095689544581434
Dong Thap,2018-06-15,2018,6,15,10.437338957433283
Dong Thap,2018-06-16,2018,6,16,2.243293541891654
Dong Thap,2018-06-17,2018,6,17,6.0887801224935965
Dong Thap,2018-06-18,2018,6,18,10.54504121980998
Dong Thap,2018-06-19,2018,6,19,6.901697909220668
Dong Thap,2018-06-20,2018,6,20,4.2578394617762765
Dong Thap,2018-06-21,2018,6,21,1.708020894975654
Dong Thap,2018-06-22,2018,6,22,3.3243650679202026
Dong Thap,2018-06-23,2018,6,23,4.820455452323715
Dong Thap,2018-06-24,2018,6,24,1.6690428658376495
Dong Thap,2018-06-25,2018,6,25,5.820147481714216
Dong Thap,2018-06-26,2018,6,26,10.019307518035124
Dong Thap,2018-06-27,2018,6,27,8.471627050113424
Dong Thap,2018-06-28,2018,6,28,0.4806826968149232
Dong Thap,2018-06-29,2018,6,29,1.1460674480229294
Dong Thap,2018-06-30,2018,6,30,0.0
Dong Thap,2018-07-01,2018,7,1,1.2288830959123358
Dong Thap,2018-07-02,2018,7,2,4.457958783723609
Dong Thap,2018-07-03,2018,7,3,6.722647186381382
Dong Thap,2018-07-04,2018,7,4,0.0
Dong Thap,2018-07-05,2018,7,5,2.623271449511083
Dong Thap,2018-07-06,2018,7,6,3.0630355122166733
Dong Thap,2018-07-07,2018,7,7,5.40698224348034
Dong Thap,2018-07-08,2018,7,8,13.775169331929511
Dong Thap,2018-07-09,2018,7,9,11.80628918729078
Dong Thap,2018-07-10,2018,7,10,7.608042714247931
Dong Thap,2018-07-11,2018,7,11,0.007880504368816
Dong Thap,2018-07-12,2018,7,12,0.0
Dong Thap,2018-07-13,2018,7,13,0.5087533765621457
Dong Thap,2018-07-14,2018,7,14,9.447926616611891
Dong Thap,2018-07-15,2018,7,15,0.1212219711683059
Dong Thap,2018-07-16,2018,7,16,5.2909065874520405
Dong Thap,2018-07-17,2018,7,17,0.0
Dong Thap,2018-07-18,2018,7,18,14.682080771313354
Dong Thap,2018-07-19,2018,7,19,0.4669024614025086
Dong Thap,2018-07-20,2018,7,20,0.0072583666944925
Dong Thap,2018-07-21,2018,7,21,4.566350591353122
Dong Thap,2018-07-22,2018,7,22,0.1554379664041948
Dong Thap,2018-07-23,2018,7,23,3.460369236890706
Dong Thap,2018-07-24,2018,7,24,0.9424045539805748
Dong Thap,2018-07-25,2018,7,25,6.902264494419312
Dong Thap,2018-07-26,2018,7,26,4.34925616814053
Dong Thap,2018-07-27,2018,7,27,1.6727960680735898
Dong Thap,2018-07-28,2018,7,28,13.633556778492602
Dong Thap,2018-07-29,2018,7,29,14.994644332566384
Dong Thap,2018-07-30,2018,7,30,10.20092034637454
Dong Thap,2018-07-31,2018,7,31,0.2996743202669321
Dong Thap,2018-08-01,2018,8,1,0.1096114393857051
Dong Thap,2018-08-02,2018,8,2,2.0766114966585865
Dong Thap,2018-08-03,2018,8,3,0.0
Dong Thap,2018-08-04,2018,8,4,5.454470393789957
Dong Thap,2018-08-05,2018,8,5,13.043290082251154
Dong Thap,2018-08-06,2018,8,6,1.930151257333447
Dong Thap,2018-08-07,2018,8,7,5.6616768698614415
Dong Thap,2018-08-08,2018,8,8,14.61992039054544
Dong Thap,2018-08-09,2018,8,9,0.1028993605133733
Dong Thap,2018-08-10,2018,8,10,5.908297151989856
Dong Thap,2018-08-11,2018,8,11,2.9354729198641247
Dong Thap,2018-08-12,2018,8,12,0.3597358491500811
Dong Thap,2018-08-13,2018,8,13,0.9054458108731668
Dong Thap,2018-08-14,2018,8,14,12.392303837523697
Dong Thap,2018-08-15,2018,8,15,0.0697600933289295
Dong Thap,2018-08-16,2018,8,16,0.9664324042177034
Dong Thap,2018-08-17,2018,8,17,3.838749488992758
Dong Thap,2018-08-18,2018,8,18,5.881548658848512
Dong Thap,2018-08-19,2018,8,19,2.633311669555872
Dong Thap,2018-08-20,2018,8,20,0.3757171748818446
Dong Thap,2018-08-21,2018,8,21,5.605700947528579
Dong Thap,2018-08-22,2018,8,22,2.659959447872132
Dong Thap,2018-08-23,2018,8,23,2.5913840924527647
Dong Thap,2018-08-24,2018,8,24,2.3506881571868274
Dong Thap,2018-08-25,2018,8,25,5.717611867918402
Dong Thap,2018-08-26,2018,8,26,6.594097516292991
Dong Thap,2018-08-27,2018,8,27,0.4922671379592916
Dong Thap,2018-08-28,2018,8,28,0.8337454724154935
Dong Thap,2018-08-29,2018,8,29,0.6929426062923993
Dong Thap,2018-08-30,2018,8,30,0.0
Dong Thap,2018-08-31,2018,8,31,0.0
Dong Thap,2018-09-01,2018,9,1,13.125458192589976
Dong Thap,2018-09-02,2018,9,2,15.45949987662414
Dong Thap,2018-09-03,2018,9,3,21.62053749992485
Dong Thap,2018-09-04,2018,9,4,0.1526015940128011
Dong Thap,2018-09-05,2018,9,5,3.356000914361596
Dong Thap,2018-09-06,2018,9,6,5.359487218004196
Dong Thap,2018-09-07,2018,9,7,13.079636925008522
Dong Thap,2018-09-08,2018,9,8,8.67342569441489
Dong Thap,2018-09-09,2018,9,9,5.797256509605004
Dong Thap,2018-09-10,2018,9,10,1.1760500968043592
Dong Thap,2018-09-11,2018,9,11,4.265720307414482
Dong Thap,2018-09-12,2018,9,12,13.230474351943954
Dong Thap,2018-09-13,2018,9,13,6.120718102323133
Dong Thap,2018-09-14,2018,9,14,8.421625472302605
Dong Thap,2018-09-15,2018,9,15,3.1283543307764434
Dong Thap,2018-09-16,2018,9,16,10.607708395163106
Dong Thap,2018-09-17,2018,9,17,9.190166988271631
Dong Thap,2018-09-18,2018,9,18,5.787780981594562
Dong Thap,2018-09-19,2018,9,19,5.879424011576112
Dong Thap,2018-09-20,2018,9,20,6.507330303725562
Dong Thap,2018-09-21,2018,9,21,9.230809451339733
Dong Thap,2018-09-22,2018,9,22,10.881439197880354
Dong Thap,2018-09-23,2018,9,23,2.549879349776613
Dong Thap,2018-09-24,2018,9,24,0.0679334638433605
Dong Thap,2018-09-25,2018,9,25,0.3666685043764621
Dong Thap,2018-09-26,2018,9,26,0.3707396863660276
Dong Thap,2018-09-27,2018,9,27,0.0430561532394291
Dong Thap,2018-09-28,2018,9,28,9.955928101070564
Dong Thap,2018-09-29,2018,9,29,9.98188509783129
Dong Thap,2018-09-30,2018,9,30,1.6489879959411886
Dong Thap,2018-10-01,2018,10,1,8.214319674233497
Dong Thap,2018-10-02,2018,10,2,18.707277498873875
Dong Thap,2018-10-03,2018,10,3,12.995789467787992
Dong Thap,2018-10-04,2018,10,4,10.600293882030568
Dong Thap,2018-10-05,2018,10,5,8.09948245680248
Dong Thap,2018-10-06,2018,10,6,1.4923712481223237
Dong Thap,2018-10-07,2018,10,7,9.6610365115429
Dong Thap,2018-10-08,2018,10,8,1.6315779733041094
Dong Thap,2018-10-09,2018,10,9,0.4357809343250369
Dong Thap,2018-10-10,2018,10,10,0.0
Dong Thap,2018-10-11,2018,10,11,1.3996879109820723
Dong Thap,2018-10-12,2018,10,12,5.741677762200454
Dong Thap,2018-10-13,2018,10,13,1.813824397509455
Dong Thap,2018-10-14,2018,10,14,8.243528802161695
Dong Thap,2018-10-15,2018,10,15,0.4442421991808331
Dong Thap,2018-10-16,2018,10,16,2.7930274280204443
Dong Thap,2018-10-17,2018,10,17,6.136560173742836
Dong Thap,2018-10-18,2018,10,18,33.91764110271314
Dong Thap,2018-10-19,2018,10,19,14.719451983093482
Dong Thap,2018-10-20,2018,10,20,0.0
Dong Thap,2018-10-21,2018,10,21,5.885972997296658
Dong Thap,2018-10-22,2018,10,22,16.47695399347767
Dong Thap,2018-10-23,2018,10,23,6.31225572754689
Dong Thap,2018-10-24,2018,10,24,19.81805322163224
Dong Thap,2018-10-25,2018,10,25,0.0
Dong Thap,2018-10-26,2018,10,26,1.4729971727776854
Dong Thap,2018-10-27,2018,10,27,4.660836185190664
Dong Thap,2018-10-28,2018,10,28,0.2407577074261135
Dong Thap,2018-10-29,2018,10,29,0.0303610327402317
Dong Thap,2018-10-30,2018,10,30,0.0
Dong Thap,2018-10-31,2018,10,31,0.0
Dong Thap,2018-11-01,2018,11,1,0.0
Dong Thap,2018-11-02,2018,11,2,0.0
Dong Thap,2018-11-03,2018,11,3,9.522579899714971
Dong Thap,2018-11-04,2018,11,4,11.55559002276529
Dong Thap,2018-11-05,2018,11,5,0.273289737407653
Dong Thap,2018-11-06,2018,11,6,7.280283638563776
Dong Thap,2018-11-07,2018,11,7,1.768810431358628
Dong Thap,2018-11-08,2018,11,8,7.550956268902397
Dong Thap,2018-11-09,2018,11,9,0.0
Dong Thap,2018-11-10,2018,11,10,0.0
Dong Thap,2018-11-11,2018,11,11,0.4141494390684269
Dong Thap,2018-11-12,2018,11,12,4.33392958500257
Dong Thap,2018-11-13,2018,11,13,2.2977500464238894
Dong Thap,2018-11-14,2018,11,14,0.0
Dong Thap,2018-11-15,2018,11,15,3.823068918028412
Dong Thap,2018-11-16,2018,11,16,1.5655775499067954
Dong Thap,2018-11-17,2018,11,17,12.390175696062556
Dong Thap,2018-11-18,2018,11,18,0.5180879857417322
Dong Thap,2018-11-19,2018,11,19,0.0
Dong Thap,2018-11-20,2018,11,20,0.0
Dong Thap,2018-11-21,2018,11,21,0.0
Dong Thap,2018-11-22,2018,11,22,0.0
Dong Thap,2018-11-23,2018,11,23,0.9944374203844244
Dong Thap,2018-11-24,2018,11,24,21.877853802388167
Dong Thap,2018-11-25,2018,11,25,25.79990350253353
Dong Thap,2018-11-26,2018,11,26,0.0
Dong Thap,2018-11-27,2018,11,27,0.0669023445303379
Dong Thap,2018-11-28,2018,11,28,0.0
Dong Thap,2018-11-29,2018,11,29,0.0265402177956089
Dong Thap,2018-11-30,2018,11,30,0.0042492457094283
Dong Thap,2018-12-01,2018,12,1,1.1749729167544056
Dong Thap,2018-12-02,2018,12,2,0.0
Dong Thap,2018-12-03,2018,12,3,0.0
Dong Thap,2018-12-04,2018,12,4,0.535740921238747
Dong Thap,2018-12-05,2018,12,5,0.0
Dong Thap,2018-12-06,2018,12,6,0.4021841065870651
Dong Thap,2018-12-07,2018,12,7,4.126689757075686
Dong Thap,2018-12-08,2018,12,8,0.0
Dong Thap,2018-12-09,2018,12,9,6.908128418476369
Dong Thap,2018-12-10,2018,12,10,2.6339785595897207
Dong Thap,2018-12-11,2018,12,11,5.278727373329315
Dong Thap,2018-12-12,2018,12,12,0.0
Dong Thap,2018-12-13,2018,12,13,0.0
Dong Thap,2018-12-14,2018,12,14,0.0
Dong Thap,2018-12-15,2018,12,15,3.252372513228271
Dong Thap,2018-12-16,2018,12,16,4.047614900100681
Dong Thap,2018-12-17,2018,12,17,0.0
Dong Thap,2018-12-18,2018,12,18,0.1256495359291801
Dong Thap,2018-12-19,2018,12,19,0.9445777862168554
Dong Thap,2018-12-20,2018,12,20,0.0
Dong Thap,2018-12-21,2018,12,21,1.8304632866777528
Dong Thap,2018-12-22,2018,12,22,1.580747694013771
Dong Thap,2018-12-23,2018,12,23,8.371235551465142
Dong Thap,2018-12-24,2018,12,24,3.737860811380184
Dong Thap,2018-12-25,2018,12,25,3.3417317759112906
Dong Thap,2018-12-26,2018,12,26,4.346163256965798
Dong Thap,2018-12-27,2018,12,27,11.03440171449071
Dong Thap,2018-12-28,2018,12,28,5.894624107632474
Dong Thap,2018-12-29,2018,12,29,4.6587850237706885
Dong Thap,2018-12-30,2018,12,30,0.0
Dong Thap,2018-12-31,2018,12,31,1.5211500526827044
Dong Thap,2019-01-01,2019,1,1,2.154282280490975
Dong Thap,2019-01-02,2019,1,2,12.358768586469171
Dong Thap,2019-01-03,2019,1,3,0.0
Dong Thap,2019-01-04,2019,1,4,0.2901449500635309
Dong Thap,2019-01-05,2019,1,5,0.0
Dong Thap,2019-01-06,2019,1,6,0.0
Dong Thap,2019-01-07,2019,1,7,0.0
Dong Thap,2019-01-08,2019,1,8,0.0
Dong Thap,2019-01-09,2019,1,9,0.0
Dong Thap,2019-01-10,2019,1,10,0.0
Dong Thap,2019-01-11,2019,1,11,0.0
Dong Thap,2019-01-12,2019,1,12,0.0
Dong Thap,2019-01-13,2019,1,13,0.0
Dong Thap,2019-01-14,2019,1,14,0.0
Dong Thap,2019-01-15,2019,1,15,0.6870201479416193
Dong Thap,2019-01-16,2019,1,16,0.0004041325770080129
Dong Thap,2019-01-17,2019,1,17,0.0
Dong Thap,2019-01-18,2019,1,18,0.0
Dong Thap,2019-01-19,2019,1,19,0.0
Dong Thap,2019-01-20,2019,1,20,0.0
Dong Thap,2019-01-21,2019,1,21,0.0
Dong Thap,2019-01-22,2019,1,22,0.0
Dong Thap,2019-01-23,2019,1,23,1.8273614606931408
Dong Thap,2019-01-24,2019,1,24,0.0
Dong Thap,2019-01-25,2019,1,25,0.0
Dong Thap,2019-01-26,2019,1,26,0.0
Dong Thap,2019-01-27,2019,1,27,0.0
Dong Thap,2019-01-28,2019,1,28,0.0
Dong Thap,2019-01-29,2019,1,29,0.0
Dong Thap,2019-01-30,2019,1,30,0.0
Dong Thap,2019-01-31,2019,1,31,0.0
Dong Thap,2019-02-01,2019,2,1,0.0
Dong Thap,2019-02-02,2019,2,2,0.0
Dong Thap,2019-02-03,2019,2,3,0.0
Dong Thap,2019-02-04,2019,2,4,0.0
Dong Thap,2019-02-05,2019,2,5,0.0
Dong Thap,2019-02-06,2019,2,6,0.0
Dong Thap,2019-02-07,2019,2,7,0.0
Dong Thap,2019-02-08,2019,2,8,0.0
Dong Thap,2019-02-09,2019,2,9,0.0
Dong Thap,2019-02-10,2019,2,10,0.0
Dong Thap,2019-02-11,2019,2,11,0.0
Dong Thap,2019-02-12,2019,2,12,0.0
Dong Thap,2019-02-13,2019,2,13,0.0
Dong Thap,2019-02-14,2019,2,14,0.0
Dong Thap,2019-02-15,2019,2,15,0.0
Dong Thap,2019-02-16,2019,2,16,0.0
Dong Thap,2019-02-17,2019,2,17,0.0
Dong Thap,2019-02-18,2019,2,18,0.0
Dong Thap,2019-02-19,2019,2,19,0.0
Dong Thap,2019-02-20,2019,2,20,0.0
Dong Thap,2019-02-21,2019,2,21,0.0
Dong Thap,2019-02-22,2019,2,22,0.0
Dong Thap,2019-02-23,2019,2,23,0.0
Dong Thap,2019-02-24,2019,2,24,0.0
Dong Thap,2019-02-25,2019,2,25,0.0
Dong Thap,2019-02-26,2019,2,26,0.0
Dong Thap,2019-02-27,2019,2,27,0.0
Dong Thap,2019-02-28,2019,2,28,0.0
Dong Thap,2019-03-01,2019,3,1,0.0
Dong Thap,2019-03-02,2019,3,2,0.0
Dong Thap,2019-03-03,2019,3,3,0.0
Dong Thap,2019-03-04,2019,3,4,0.0
Dong Thap,2019-03-05,2019,3,5,0.0
Dong Thap,2019-03-06,2019,3,6,0.0
Dong Thap,2019-03-07,2019,3,7,0.0
Dong Thap,2019-03-08,2019,3,8,0.0
Dong Thap,2019-03-09,2019,3,9,1.3710154335542626
Dong Thap,2019-03-10,2019,3,10,0.0
Dong Thap,2019-03-11,2019,3,11,0.0
Dong Thap,2019-03-12,2019,3,12,0.0
Dong Thap,2019-03-13,2019,3,13,0.0
Dong Thap,2019-03-14,2019,3,14,0.0
Dong Thap,2019-03-15,2019,3,15,1.3609222982553006
Dong Thap,2019-03-16,2019,3,16,0.0
Dong Thap,2019-03-17,2019,3,17,4.2161308264540285
Dong Thap,2019-03-18,2019,3,18,0.0
Dong Thap,2019-03-19,2019,3,19,0.0
Dong Thap,2019-03-20,2019,3,20,0.0
Dong Thap,2019-03-21,2019,3,21,0.2309394001703778
Dong Thap,2019-03-22,2019,3,22,0.0
Dong Thap,2019-03-23,2019,3,23,0.0
Dong Thap,2019-03-24,2019,3,24,0.0
Dong Thap,2019-03-25,2019,3,25,0.0
Dong Thap,2019-03-26,2019,3,26,0.0
Dong Thap,2019-03-27,2019,3,27,0.0
Dong Thap,2019-03-28,2019,3,28,0.0
Dong Thap,2019-03-29,2019,3,29,0.4457817602305013
Dong Thap,2019-03-30,2019,3,30,0.0
Dong Thap,2019-03-31,2019,3,31,1.1757285138201166
Dong Thap,2019-04-01,2019,4,1,1.3635426721579365
Dong Thap,2019-04-02,2019,4,2,0.0
Dong Thap,2019-04-03,2019,4,3,7.283582183064747
Dong Thap,2019-04-04,2019,4,4,4.103424173006535
Dong Thap,2019-04-05,2019,4,5,0.0
Dong Thap,2019-04-06,2019,4,6,0.0
Dong Thap,2019-04-07,2019,4,7,0.347596187730319
Dong Thap,2019-04-08,2019,4,8,0.0
Dong Thap,2019-04-09,2019,4,9,0.0
Dong Thap,2019-04-10,2019,4,10,0.0
Dong Thap,2019-04-11,2019,4,11,0.0
Dong Thap,2019-04-12,2019,4,12,0.0231400094579779
Dong Thap,2019-04-13,2019,4,13,0.0
Dong Thap,2019-04-14,2019,4,14,0.7152516190795255
Dong Thap,2019-04-15,2019,4,15,0.0
Dong Thap,2019-04-16,2019,4,16,0.0439039275628356
Dong Thap,2019-04-17,2019,4,17,2.9394919202154326
Dong Thap,2019-04-18,2019,4,18,5.760099271601873
Dong Thap,2019-04-19,2019,4,19,0.0
Dong Thap,2019-04-20,2019,4,20,1.1072195735287709
Dong Thap,2019-04-21,2019,4,21,0.2672903235682465
Dong Thap,2019-04-22,2019,4,22,0.0048527243386138
Dong Thap,2019-04-23,2019,4,23,0.845304354640674
Dong Thap,2019-04-24,2019,4,24,0.031134705108856
Dong Thap,2019-04-25,2019,4,25,0.5820857220738684
Dong Thap,2019-04-26,2019,4,26,0.0
Dong Thap,2019-04-27,2019,4,27,1.653099819202934
Dong Thap,2019-04-28,2019,4,28,9.864211244095689
Dong Thap,2019-04-29,2019,4,29,0.0584060544596525
Dong Thap,2019-04-30,2019,4,30,0.1051498168527011
Dong Thap,2019-05-01,2019,5,1,0.0
Dong Thap,2019-05-02,2019,5,2,9.424403696826232
Dong Thap,2019-05-03,2019,5,3,6.7084145296829085
Dong Thap,2019-05-04,2019,5,4,4.132586763090141
Dong Thap,2019-05-05,2019,5,5,0.0
Dong Thap,2019-05-06,2019,5,6,2.171875443430424
Dong Thap,2019-05-07,2019,5,7,2.0748958744942145
Dong Thap,2019-05-08,2019,5,8,3.994388685066573
Dong Thap,2019-05-09,2019,5,9,8.998556592241552
Dong Thap,2019-05-10,2019,5,10,7.424218823289229
Dong Thap,2019-05-11,2019,5,11,10.31449438687325
Dong Thap,2019-05-12,2019,5,12,6.82509937820208
Dong Thap,2019-05-13,2019,5,13,4.374429183669552
Dong Thap,2019-05-14,2019,5,14,1.843584039414418
Dong Thap,2019-05-15,2019,5,15,6.642750161465587
Dong Thap,2019-05-16,2019,5,16,6.21996642834804
Dong Thap,2019-05-17,2019,5,17,0.2567897552883432
Dong Thap,2019-05-18,2019,5,18,1.5143605110892524
Dong Thap,2019-05-19,2019,5,19,2.641121773255068
Dong Thap,2019-05-20,2019,5,20,6.014022566095781
Dong Thap,2019-05-21,2019,5,21,11.21730718555595
Dong Thap,2019-05-22,2019,5,22,13.289053743675987
Dong Thap,2019-05-23,2019,5,23,1.4159421181364986
Dong Thap,2019-05-24,2019,5,24,4.45436511277503
Dong Thap,2019-05-25,2019,5,25,10.824451325335732
Dong Thap,2019-05-26,2019,5,26,4.113197533288236
Dong Thap,2019-05-27,2019,5,27,5.461639336658383
Dong Thap,2019-05-28,2019,5,28,11.103492047461026
Dong Thap,2019-05-29,2019,5,29,10.204617052966023
Dong Thap,2019-05-30,2019,5,30,3.770186774552693
Dong Thap,2019-05-31,2019,5,31,4.138087630745285
Dong Thap,2019-06-01,2019,6,1,0.1929955966880538
Dong Thap,2019-06-02,2019,6,2,10.714545532638368
Dong Thap,2019-06-03,2019,6,3,11.0684212397117
Dong Thap,2019-06-04,2019,6,4,8.724696520682981
Dong Thap,2019-06-05,2019,6,5,7.281141596321128
Dong Thap,2019-06-06,2019,6,6,6.303038979045975
Dong Thap,2019-06-07,2019,6,7,3.638611130577002
Dong Thap,2019-06-08,2019,6,8,1.95113140204636
Dong Thap,2019-06-09,2019,6,9,9.045557600085305
Dong Thap,2019-06-10,2019,6,10,10.792868221255146
Dong Thap,2019-06-11,2019,6,11,3.1495735193829906
Dong Thap,2019-06-12,2019,6,12,5.724098349945708
Dong Thap,2019-06-13,2019,6,13,4.88375093943953
Dong Thap,2019-06-14,2019,6,14,1.7141110235827288
Dong Thap,2019-06-15,2019,6,15,10.885624599086205
Dong Thap,2019-06-16,2019,6,16,15.889851400823533
Dong Thap,2019-06-17,2019,6,17,2.5621199782456774
Dong Thap,2019-06-18,2019,6,18,0.0
Dong Thap,2019-06-19,2019,6,19,0.0
Dong Thap,2019-06-20,2019,6,20,6.727904262579509
Dong Thap,2019-06-21,2019,6,21,18.47625986475345
Dong Thap,2019-06-22,2019,6,22,11.26625779024294
Dong Thap,2019-06-23,2019,6,23,0.7543170946118292
Dong Thap,2019-06-24,2019,6,24,3.315212234844553
Dong Thap,2019-06-25,2019,6,25,5.383610596239146
Dong Thap,2019-06-26,2019,6,26,0.0
Dong Thap,2019-06-27,2019,6,27,0.0
Dong Thap,2019-06-28,2019,6,28,10.1914815763132
Dong Thap,2019-06-29,2019,6,29,1.8157341524008472
Dong Thap,2019-06-30,2019,6,30,8.141473846936508
Dong Thap,2019-07-01,2019,7,1,13.710246619221731
Dong Thap,2019-07-02,2019,7,2,16.005598740321265
Dong Thap,2019-07-03,2019,7,3,1.751479921709903
Dong Thap,2019-07-04,2019,7,4,4.784920225682808
Dong Thap,2019-07-05,2019,7,5,0.6093966588293419
Dong Thap,2019-07-06,2019,7,6,0.0774911735870412
Dong Thap,2019-07-07,2019,7,7,2.7891758027999387
Dong Thap,2019-07-08,2019,7,8,1.039211543683078
Dong Thap,2019-07-09,2019,7,9,0.0
Dong Thap,2019-07-10,2019,7,10,0.0316177317080163
Dong Thap,2019-07-11,2019,7,11,0.0
Dong Thap,2019-07-12,2019,7,12,3.054354283141256
Dong Thap,2019-07-13,2019,7,13,1.925439127284922
Dong Thap,2019-07-14,2019,7,14,6.5516828699720016
Dong Thap,2019-07-15,2019,7,15,9.500517423890845
Dong Thap,2019-07-16,2019,7,16,9.38533875794537
Dong Thap,2019-07-17,2019,7,17,10.075936237125672
Dong Thap,2019-07-18,2019,7,18,1.8368318445062537
Dong Thap,2019-07-19,2019,7,19,2.034742434806013
Dong Thap,2019-07-20,2019,7,20,2.512021105772841
Dong Thap,2019-07-21,2019,7,21,0.0
Dong Thap,2019-07-22,2019,7,22,10.265908965616504
Dong Thap,2019-07-23,2019,7,23,5.298703410497239
Dong Thap,2019-07-24,2019,7,24,6.014235431256139
Dong Thap,2019-07-25,2019,7,25,1.4840839739380869
Dong Thap,2019-07-26,2019,7,26,3.1319783983085587
Dong Thap,2019-07-27,2019,7,27,10.642517374815352
Dong Thap,2019-07-28,2019,7,28,10.730187384062994
Dong Thap,2019-07-29,2019,7,29,8.419027725003431
Dong Thap,2019-07-30,2019,7,30,1.3826245648170612
Dong Thap,2019-07-31,2019,7,31,7.846898432569975
Dong Thap,2019-08-01,2019,8,1,6.528367590635087
Dong Thap,2019-08-02,2019,8,2,4.742527186600074
Dong Thap,2019-08-03,2019,8,3,2.353190795834815
Dong Thap,2019-08-04,2019,8,4,0.0133859942715157
Dong Thap,2019-08-05,2019,8,5,2.164419601651744
Dong Thap,2019-08-06,2019,8,6,15.961627946098508
Dong Thap,2019-08-07,2019,8,7,2.003400748322981
Dong Thap,2019-08-08,2019,8,8,13.470044423358784
Dong Thap,2019-08-09,2019,8,9,1.425724031799689
Dong Thap,2019-08-10,2019,8,10,1.7628997639244253
Dong Thap,2019-08-11,2019,8,11,4.246491173565022
Dong Thap,2019-08-12,2019,8,12,0.0784483710694859
Dong Thap,2019-08-13,2019,8,13,0.839540135503383
Dong Thap,2019-08-14,2019,8,14,0.4249078271230493
Dong Thap,2019-08-15,2019,8,15,0.0
Dong Thap,2019-08-16,2019,8,16,1.5781534981275858
Dong Thap,2019-08-17,2019,8,17,2.51701141992596
Dong Thap,2019-08-18,2019,8,18,0.0
Dong Thap,2019-08-19,2019,8,19,0.1175279930007411
Dong Thap,2019-08-20,2019,8,20,8.726229863735398
Dong Thap,2019-08-21,2019,8,21,3.001131512348089
Dong Thap,2019-08-22,2019,8,22,1.3255452970298525
Dong Thap,2019-08-23,2019,8,23,3.346337447854594
Dong Thap,2019-08-24,2019,8,24,15.25298266742731
Dong Thap,2019-08-25,2019,8,25,18.99844566642873
Dong Thap,2019-08-26,2019,8,26,4.685409796536846
Dong Thap,2019-08-27,2019,8,27,0.0
Dong Thap,2019-08-28,2019,8,28,14.436989486515044
Dong Thap,2019-08-29,2019,8,29,19.20894960167457
Dong Thap,2019-08-30,2019,8,30,12.635349910282772
Dong Thap,2019-08-31,2019,8,31,0.0316714031344128
Dong Thap,2019-09-01,2019,9,1,8.00878246949188
Dong Thap,2019-09-02,2019,9,2,5.809861397929867
Dong Thap,2019-09-03,2019,9,3,1.510231543809939
Dong Thap,2019-09-04,2019,9,4,3.3935069543029908
Dong Thap,2019-09-05,2019,9,5,0.4541977702800393
Dong Thap,2019-09-06,2019,9,6,0.0
Dong Thap,2019-09-07,2019,9,7,1.9286460332692483
Dong Thap,2019-09-08,2019,9,8,6.972373930605085
Dong Thap,2019-09-09,2019,9,9,1.0692639382133844
Dong Thap,2019-09-10,2019,9,10,0.0907795276329688
Dong Thap,2019-09-11,2019,9,11,0.0257154014988607
Dong Thap,2019-09-12,2019,9,12,0.0904496966886336
Dong Thap,2019-09-13,2019,9,13,26.698328230098056
Dong Thap,2019-09-14,2019,9,14,9.063631404330726
Dong Thap,2019-09-15,2019,9,15,0.7690590782476059
Dong Thap,2019-09-16,2019,9,16,4.589879519813096
Dong Thap,2019-09-17,2019,9,17,9.614703777704964
Dong Thap,2019-09-18,2019,9,18,13.783842988422128
Dong Thap,2019-09-19,2019,9,19,0.0
Dong Thap,2019-09-20,2019,9,20,2.300632481722975
Dong Thap,2019-09-21,2019,9,21,3.8357790766225945
Dong Thap,2019-09-22,2019,9,22,3.5606824770275614
Dong Thap,2019-09-23,2019,9,23,0.5244905313978611
Dong Thap,2019-09-24,2019,9,24,0.0
Dong Thap,2019-09-25,2019,9,25,9.675668319823762
Dong Thap,2019-09-26,2019,9,26,11.444955648344228
Dong Thap,2019-09-27,2019,9,27,3.640292565704121
Dong Thap,2019-09-28,2019,9,28,7.655625098398651
Dong Thap,2019-09-29,2019,9,29,1.875398780804846
Dong Thap,2019-09-30,2019,9,30,7.203755658406475
Dong Thap,2019-10-01,2019,10,1,4.1506294340591765
Dong Thap,2019-10-02,2019,10,2,12.43716624501559
Dong Thap,2019-10-03,2019,10,3,18.45008540372608
Dong Thap,2019-10-04,2019,10,4,8.78106935242825
Dong Thap,2019-10-05,2019,10,5,7.2248507924487795
Dong Thap,2019-10-06,2019,10,6,11.132180175125017
Dong Thap,2019-10-07,2019,10,7,2.792058757468905
Dong Thap,2019-10-08,2019,10,8,1.1865398948671917
Dong Thap,2019-10-09,2019,10,9,9.953583322977677
Dong Thap,2019-10-10,2019,10,10,1.1952214295330672
Dong Thap,2019-10-11,2019,10,11,1.440319384553682
Dong Thap,2019-10-12,2019,10,12,8.76458889686901
Dong Thap,2019-10-13,2019,10,13,7.3282224153861
Dong Thap,2019-10-14,2019,10,14,0.0242676659590104
Dong Thap,2019-10-15,2019,10,15,5.879981680578564
Dong Thap,2019-10-16,2019,10,16,10.56820101844282
Dong Thap,2019-10-17,2019,10,17,10.579675409145732
Dong Thap,2019-10-18,2019,10,18,14.431113473514808
Dong Thap,2019-10-19,2019,10,19,12.510593002051316
Dong Thap,2019-10-20,2019,10,20,10.578434795269704
Dong Thap,2019-10-21,2019,10,21,2.974547017843294
Dong Thap,2019-10-22,2019,10,22,2.369385386435709
Dong Thap,2019-10-23,2019,10,23,0.5780060125338615
Dong Thap,2019-10-24,2019,10,24,0.0
Dong Thap,2019-10-25,2019,10,25,1.835490959286284
Dong Thap,2019-10-26,2019,10,26,1.9765353652390591
Dong Thap,2019-10-27,2019,10,27,8.475613549098094
Dong Thap,2019-10-28,2019,10,28,15.62800070117979
Dong Thap,2019-10-29,2019,10,29,0.852169594947026
Dong Thap,2019-10-30,2019,10,30,11.21462565307474
Dong Thap,2019-10-31,2019,10,31,8.020263677366142
Dong Thap,2019-11-01,2019,11,1,7.706192064196012
Dong Thap,2019-11-02,2019,11,2,6.4447741263411
Dong Thap,2019-11-03,2019,11,3,9.951457623575775
Dong Thap,2019-11-04,2019,11,4,0.2214321506410221
Dong Thap,2019-11-05,2019,11,5,11.310301556158748
Dong Thap,2019-11-06,2019,11,6,6.590730599611015
Dong Thap,2019-11-07,2019,11,7,8.502861762441741
Dong Thap,2019-11-08,2019,11,8,3.5791474453765075
Dong Thap,2019-11-09,2019,11,9,3.35752988129428
Dong Thap,2019-11-10,2019,11,10,42.386061971193534
Dong Thap,2019-11-11,2019,11,11,0.4066354177718072
Dong Thap,2019-11-12,2019,11,12,0.1385734686588887
Dong Thap,2019-11-13,2019,11,13,1.01538304734019
Dong Thap,2019-11-14,2019,11,14,1.7028282891298754
Dong Thap,2019-11-15,2019,11,15,0.0208436657201513
Dong Thap,2019-11-16,2019,11,16,0.0
Dong Thap,2019-11-17,2019,11,17,0.0
Dong Thap,2019-11-18,2019,11,18,0.2358767188593511
Dong Thap,2019-11-19,2019,11,19,0.0
Dong Thap,2019-11-20,2019,11,20,0.0326956136442512
Dong Thap,2019-11-21,2019,11,21,0.0
Dong Thap,2019-11-22,2019,11,22,0.0
Dong Thap,2019-11-23,2019,11,23,0.0
Dong Thap,2019-11-24,2019,11,24,4.975824033751463
Dong Thap,2019-11-25,2019,11,25,1.8260465861110688
Dong Thap,2019-11-26,2019,11,26,4.276367715870762
Dong Thap,2019-11-27,2019,11,27,0.0006150841604751712
Dong Thap,2019-11-28,2019,11,28,0.0
Dong Thap,2019-11-29,2019,11,29,0.0473497929704521
Dong Thap,2019-11-30,2019,11,30,0.0
Dong Thap,2019-12-01,2019,12,1,0.2959185839172715
Dong Thap,2019-12-02,2019,12,2,0.0
Dong Thap,2019-12-03,2019,12,3,0.145719832037213
Dong Thap,2019-12-04,2019,12,4,0.0
Dong Thap,2019-12-05,2019,12,5,0.0
Dong Thap,2019-12-06,2019,12,6,0.0
Dong Thap,2019-12-07,2019,12,7,0.0841068194138102
Dong Thap,2019-12-08,2019,12,8,0.0
Dong Thap,2019-12-09,2019,12,9,0.0
Dong Thap,2019-12-10,2019,12,10,0.0
Dong Thap,2019-12-11,2019,12,11,0.0
Dong Thap,2019-12-12,2019,12,12,0.0196028408656348
Dong Thap,2019-12-13,2019,12,13,0.2112861285816656
Dong Thap,2019-12-14,2019,12,14,0.1318307528832289
Dong Thap,2019-12-15,2019,12,15,0.0
Dong Thap,2019-12-16,2019,12,16,0.8876726639928093
Dong Thap,2019-12-17,2019,12,17,0.0
Dong Thap,2019-12-18,2019,12,18,3.6614126439656633
Dong Thap,2019-12-19,2019,12,19,0.0
Dong Thap,2019-12-20,2019,12,20,0.0
Dong Thap,2019-12-21,2019,12,21,0.0
Dong Thap,2019-12-22,2019,12,22,0.0
Dong Thap,2019-12-23,2019,12,23,0.0
Dong Thap,2019-12-24,2019,12,24,0.0
Dong Thap,2019-12-25,2019,12,25,0.0
Dong Thap,2019-12-26,2019,12,26,0.0
Dong Thap,2019-12-27,2019,12,27,0.0
Dong Thap,2019-12-28,2019,12,28,0.0
Dong Thap,2019-12-29,2019,12,29,0.0
Dong Thap,2019-12-30,2019,12,30,0.0
Dong Thap,2019-12-31,2019,12,31,1.099283032198733
Dong Thap,2020-01-01,2020,1,1,0.0436175602930106
Dong Thap,2020-01-02,2020,1,2,1.73155909980915
Dong Thap,2020-01-03,2020,1,3,0.0
Dong Thap,2020-01-04,2020,1,4,0.0
Dong Thap,2020-01-05,2020,1,5,0.0
Dong Thap,2020-01-06,2020,1,6,0.0
Dong Thap,2020-01-07,2020,1,7,0.0
Dong Thap,2020-01-08,2020,1,8,0.0
Dong Thap,2020-01-09,2020,1,9,0.0
Dong Thap,2020-01-10,2020,1,10,0.0
Dong Thap,2020-01-11,2020,1,11,0.1521015267456527
Dong Thap,2020-01-12,2020,1,12,4.312457015482183
Dong Thap,2020-01-13,2020,1,13,0.0
Dong Thap,2020-01-14,2020,1,14,0.0
Dong Thap,2020-01-15,2020,1,15,0.0
Dong Thap,2020-01-16,2020,1,16,0.0
Dong Thap,2020-01-17,2020,1,17,0.0
Dong Thap,2020-01-18,2020,1,18,0.0
Dong Thap,2020-01-19,2020,1,19,0.0
Dong Thap,2020-01-20,2020,1,20,0.7038797835204667
Dong Thap,2020-01-21,2020,1,21,0.0
Dong Thap,2020-01-22,2020,1,22,0.0
Dong Thap,2020-01-23,2020,1,23,0.0
Dong Thap,2020-01-24,2020,1,24,0.0
Dong Thap,2020-01-25,2020,1,25,0.0
Dong Thap,2020-01-26,2020,1,26,0.0
Dong Thap,2020-01-27,2020,1,27,0.0
Dong Thap,2020-01-28,2020,1,28,0.0
Dong Thap,2020-01-29,2020,1,29,0.0
Dong Thap,2020-01-30,2020,1,30,0.0
Dong Thap,2020-01-31,2020,1,31,0.1756630386182556
Dong Thap,2020-02-01,2020,2,1,0.0
Dong Thap,2020-02-02,2020,2,2,0.0
Dong Thap,2020-02-03,2020,2,3,0.0
Dong Thap,2020-02-04,2020,2,4,0.0
Dong Thap,2020-02-05,2020,2,5,0.0
Dong Thap,2020-02-06,2020,2,6,0.0
Dong Thap,2020-02-07,2020,2,7,0.0
Dong Thap,2020-02-08,2020,2,8,0.0
Dong Thap,2020-02-09,2020,2,9,0.0
Dong Thap,2020-02-10,2020,2,10,0.0
Dong Thap,2020-02-11,2020,2,11,0.0
Dong Thap,2020-02-12,2020,2,12,0.0
Dong Thap,2020-02-13,2020,2,13,0.0
Dong Thap,2020-02-14,2020,2,14,0.0
Dong Thap,2020-02-15,2020,2,15,0.0
Dong Thap,2020-02-16,2020,2,16,0.0
Dong Thap,2020-02-17,2020,2,17,0.2041309964150994
Dong Thap,2020-02-18,2020,2,18,0.0
Dong Thap,2020-02-19,2020,2,19,0.0
Dong Thap,2020-02-20,2020,2,20,0.0
Dong Thap,2020-02-21,2020,2,21,0.0411114796559935
Dong Thap,2020-02-22,2020,2,22,0.0
Dong Thap,2020-02-23,2020,2,23,0.0
Dong Thap,2020-02-24,2020,2,24,0.0
Dong Thap,2020-02-25,2020,2,25,0.0
Dong Thap,2020-02-26,2020,2,26,0.0
Dong Thap,2020-02-27,2020,2,27,0.0
Dong Thap,2020-02-28,2020,2,28,0.0
Dong Thap,2020-02-29,2020,2,29,0.0
Dong Thap,2020-03-01,2020,3,1,0.0
Dong Thap,2020-03-02,2020,3,2,0.0
Dong Thap,2020-03-03,2020,3,3,0.0
Dong Thap,2020-03-04,2020,3,4,0.0
Dong Thap,2020-03-05,2020,3,5,1.7224632706167686
Dong Thap,2020-03-06,2020,3,6,0.0
Dong Thap,2020-03-07,2020,3,7,0.0
Dong Thap,2020-03-08,2020,3,8,0.0
Dong Thap,2020-03-09,2020,3,9,0.0
Dong Thap,2020-03-10,2020,3,10,0.0
Dong Thap,2020-03-11,2020,3,11,5.030338630895103
Dong Thap,2020-03-12,2020,3,12,0.0
Dong Thap,2020-03-13,2020,3,13,0.0
Dong Thap,2020-03-14,2020,3,14,0.0
Dong Thap,2020-03-15,2020,3,15,0.0
Dong Thap,2020-03-16,2020,3,16,0.0
Dong Thap,2020-03-17,2020,3,17,0.0
Dong Thap,2020-03-18,2020,3,18,0.4915882833614785
Dong Thap,2020-03-19,2020,3,19,0.0
Dong Thap,2020-03-20,2020,3,20,0.0
Dong Thap,2020-03-21,2020,3,21,0.0
Dong Thap,2020-03-22,2020,3,22,1.1947295201968948
Dong Thap,2020-03-23,2020,3,23,0.0
Dong Thap,2020-03-24,2020,3,24,0.0
Dong Thap,2020-03-25,2020,3,25,0.0
Dong Thap,2020-03-26,2020,3,26,0.0
Dong Thap,2020-03-27,2020,3,27,0.0
Dong Thap,2020-03-28,2020,3,28,2.219207864460123
Dong Thap,2020-03-29,2020,3,29,0.0
Dong Thap,2020-03-30,2020,3,30,0.0036213217421077
Dong Thap,2020-03-31,2020,3,31,0.0
Dong Thap,2020-04-01,2020,4,1,0.0
Dong Thap,2020-04-02,2020,4,2,0.0
Dong Thap,2020-04-03,2020,4,3,0.0
Dong Thap,2020-04-04,2020,4,4,0.0
Dong Thap,2020-04-05,2020,4,5,0.0
Dong Thap,2020-04-06,2020,4,6,0.0
Dong Thap,2020-04-07,2020,4,7,0.049323847721514
Dong Thap,2020-04-08,2020,4,8,5.0053100618093165
Dong Thap,2020-04-09,2020,4,9,2.0896696083557043
Dong Thap,2020-04-10,2020,4,10,0.0
Dong Thap,2020-04-11,2020,4,11,0.0
Dong Thap,2020-04-12,2020,4,12,13.89755460425843
Dong Thap,2020-04-13,2020,4,13,19.980699757126303
Dong Thap,2020-04-14,2020,4,14,0.6385840530673579
Dong Thap,2020-04-15,2020,4,15,3.449722319327434
Dong Thap,2020-04-16,2020,4,16,5.818268539184935
Dong Thap,2020-04-17,2020,4,17,6.233881344959148
Dong Thap,2020-04-18,2020,4,18,0.0
Dong Thap,2020-04-19,2020,4,19,0.0
Dong Thap,2020-04-20,2020,4,20,0.0
Dong Thap,2020-04-21,2020,4,21,0.0
Dong Thap,2020-04-22,2020,4,22,0.0
Dong Thap,2020-04-23,2020,4,23,1.3581498742360545
Dong Thap,2020-04-24,2020,4,24,3.2134344459606217
Dong Thap,2020-04-25,2020,4,25,3.4727873591769973
Dong Thap,2020-04-26,2020,4,26,9.691679403067496
Dong Thap,2020-04-27,2020,4,27,0.8381717743105644
Dong Thap,2020-04-28,2020,4,28,0.1906340799994118
Dong Thap,2020-04-29,2020,4,29,0.0
Dong Thap,2020-04-30,2020,4,30,0.4480982204332408
Dong Thap,2020-05-01,2020,5,1,0.0
Dong Thap,2020-05-02,2020,5,2,0.0
Dong Thap,2020-05-03,2020,5,3,0.0
Dong Thap,2020-05-04,2020,5,4,0.2352892352200051
Dong Thap,2020-05-05,2020,5,5,0.4308104084507525
Dong Thap,2020-05-06,2020,5,6,0.0493948279742835
Dong Thap,2020-05-07,2020,5,7,0.0
Dong Thap,2020-05-08,2020,5,8,0.0
Dong Thap,2020-05-09,2020,5,9,0.0
Dong Thap,2020-05-10,2020,5,10,0.0
Dong Thap,2020-05-11,2020,5,11,0.4306002134756892
Dong Thap,2020-05-12,2020,5,12,0.0
Dong Thap,2020-05-13,2020,5,13,0.0
Dong Thap,2020-05-14,2020,5,14,2.580898005685244
Dong Thap,2020-05-15,2020,5,15,0.4924853661141752
Dong Thap,2020-05-16,2020,5,16,0.7490000084181176
Dong Thap,2020-05-17,2020,5,17,2.502670752175789
Dong Thap,2020-05-18,2020,5,18,0.0311703146153197
Dong Thap,2020-05-19,2020,5,19,3.703707175471761
Dong Thap,2020-05-20,2020,5,20,8.67418943723232
Dong Thap,2020-05-21,2020,5,21,4.427723510001072
Dong Thap,2020-05-22,2020,5,22,5.1812579382134025
Dong Thap,2020-05-23,2020,5,23,15.649366555528784
Dong Thap,2020-05-24,2020,5,24,10.820222163541205
Dong Thap,2020-05-25,2020,5,25,3.828530454401637
Dong Thap,2020-05-26,2020,5,26,0.0
Dong Thap,2020-05-27,2020,5,27,7.115634887308278
Dong Thap,2020-05-28,2020,5,28,6.295051183300491
Dong Thap,2020-05-29,2020,5,29,8.166214845308724
Dong Thap,2020-05-30,2020,5,30,4.313257224859497
Dong Thap,2020-05-31,2020,5,31,4.988616097972916
Dong Thap,2020-06-01,2020,6,1,13.251469820298272
Dong Thap,2020-06-02,2020,6,2,3.7604119405505423
Dong Thap,2020-06-03,2020,6,3,1.6605487365317035
Dong Thap,2020-06-04,2020,6,4,3.42499913625201
Dong Thap,2020-06-05,2020,6,5,5.305789276852693
Dong Thap,2020-06-06,2020,6,6,0.152627368003894
Dong Thap,2020-06-07,2020,6,7,1.119443550310303
Dong Thap,2020-06-08,2020,6,8,0.9058083495248164
Dong Thap,2020-06-09,2020,6,9,3.804709679426614
Dong Thap,2020-06-10,2020,6,10,11.97823729120416
Dong Thap,2020-06-11,2020,6,11,3.8869741428782936
Dong Thap,2020-06-12,2020,6,12,2.8614678136448157
Dong Thap,2020-06-13,2020,6,13,24.55752840419732
Dong Thap,2020-06-14,2020,6,14,18.06045050674591
Dong Thap,2020-06-15,2020,6,15,10.22137980734866
Dong Thap,2020-06-16,2020,6,16,6.375339069785998
Dong Thap,2020-06-17,2020,6,17,9.37695802478041
Dong Thap,2020-06-18,2020,6,18,5.046088327808608
Dong Thap,2020-06-19,2020,6,19,7.694781421120538
Dong Thap,2020-06-20,2020,6,20,15.456058641869864
Dong Thap,2020-06-21,2020,6,21,5.989477596837211
Dong Thap,2020-06-22,2020,6,22,3.263628715965815
Dong Thap,2020-06-23,2020,6,23,1.430057565469251
Dong Thap,2020-06-24,2020,6,24,6.925406541214631
Dong Thap,2020-06-25,2020,6,25,4.315897171807607
Dong Thap,2020-06-26,2020,6,26,4.144199054805712
Dong Thap,2020-06-27,2020,6,27,6.225578022998609
Dong Thap,2020-06-28,2020,6,28,9.345842135542227
Dong Thap,2020-06-29,2020,6,29,8.665588601223323
Dong Thap,2020-06-30,2020,6,30,6.877973613012446
Dong Thap,2020-07-01,2020,7,1,0.959682912615007
Dong Thap,2020-07-02,2020,7,2,12.002744262183848
Dong Thap,2020-07-03,2020,7,3,0.4602789052265257
Dong Thap,2020-07-04,2020,7,4,0.0185670045354292
Dong Thap,2020-07-05,2020,7,5,8.14193742665975
Dong Thap,2020-07-06,2020,7,6,5.01749904832116
Dong Thap,2020-07-07,2020,7,7,0.0
Dong Thap,2020-07-08,2020,7,8,4.873419600568283
Dong Thap,2020-07-09,2020,7,9,0.0
Dong Thap,2020-07-10,2020,7,10,6.330723185684772
Dong Thap,2020-07-11,2020,7,11,4.95948996799777
Dong Thap,2020-07-12,2020,7,12,8.841302581403646
Dong Thap,2020-07-13,2020,7,13,5.457515125618731
Dong Thap,2020-07-14,2020,7,14,11.96268811335714
Dong Thap,2020-07-15,2020,7,15,0.2606167146103003
Dong Thap,2020-07-16,2020,7,16,3.8723949131468993
Dong Thap,2020-07-17,2020,7,17,3.2931316120637515
Dong Thap,2020-07-18,2020,7,18,2.810267329895634
Dong Thap,2020-07-19,2020,7,19,2.497898718262302
Dong Thap,2020-07-20,2020,7,20,3.3425905892326613
Dong Thap,2020-07-21,2020,7,21,1.0397891742803893
Dong Thap,2020-07-22,2020,7,22,2.0082822665622877
Dong Thap,2020-07-23,2020,7,23,9.199485479987391
Dong Thap,2020-07-24,2020,7,24,5.579300922934416
Dong Thap,2020-07-25,2020,7,25,1.9757246609607293
Dong Thap,2020-07-26,2020,7,26,4.777798387640208
Dong Thap,2020-07-27,2020,7,27,3.736305803053768
Dong Thap,2020-07-28,2020,7,28,4.328508344446147
Dong Thap,2020-07-29,2020,7,29,8.617134744235921
Dong Thap,2020-07-30,2020,7,30,11.628253259868716
Dong Thap,2020-07-31,2020,7,31,10.9019809056294
Dong Thap,2020-08-01,2020,8,1,3.9859093389179465
Dong Thap,2020-08-02,2020,8,2,15.381361955616615
Dong Thap,2020-08-03,2020,8,3,3.8813791243443534
Dong Thap,2020-08-04,2020,8,4,0.0106356814655825
Dong Thap,2020-08-05,2020,8,5,11.089584445260886
Dong Thap,2020-08-06,2020,8,6,16.002612116752307
Dong Thap,2020-08-07,2020,8,7,1.4992692348588907
Dong Thap,2020-08-08,2020,8,8,1.000411295741357
Dong Thap,2020-08-09,2020,8,9,5.931572069014337
Dong Thap,2020-08-10,2020,8,10,4.713161756337999
Dong Thap,2020-08-11,2020,8,11,1.8703370319456636
Dong Thap,2020-08-12,2020,8,12,5.37751680742404
Dong Thap,2020-08-13,2020,8,13,4.6801873309753725
Dong Thap,2020-08-14,2020,8,14,7.127814369391548
Dong Thap,2020-08-15,2020,8,15,0.0
Dong Thap,2020-08-16,2020,8,16,6.81068279833406
Dong Thap,2020-08-17,2020,8,17,2.9108709004769557
Dong Thap,2020-08-18,2020,8,18,5.534653504878882
Dong Thap,2020-08-19,2020,8,19,3.726101605755444
Dong Thap,2020-08-20,2020,8,20,0.9156279600725598
Dong Thap,2020-08-21,2020,8,21,0.018959184764923
Dong Thap,2020-08-22,2020,8,22,2.200296104772576
Dong Thap,2020-08-23,2020,8,23,0.1169199704758725
Dong Thap,2020-08-24,2020,8,24,4.06098952788681
Dong Thap,2020-08-25,2020,8,25,1.4687949167321477
Dong Thap,2020-08-26,2020,8,26,0.4325275411742705
Dong Thap,2020-08-27,2020,8,27,4.085397194735392
Dong Thap,2020-08-28,2020,8,28,4.277244660598446
Dong Thap,2020-08-29,2020,8,29,0.2873057507592207
Dong Thap,2020-08-30,2020,8,30,6.9742173921136805
Dong Thap,2020-08-31,2020,8,31,6.834527411657258
Dong Thap,2020-09-01,2020,9,1,9.75298564342622
Dong Thap,2020-09-02,2020,9,2,14.393416114234316
Dong Thap,2020-09-03,2020,9,3,0.0049710124967751
Dong Thap,2020-09-04,2020,9,4,6.594785363516731
Dong Thap,2020-09-05,2020,9,5,2.915037928983849
Dong Thap,2020-09-06,2020,9,6,10.79487035117345
Dong Thap,2020-09-07,2020,9,7,0.0099846191192014
Dong Thap,2020-09-08,2020,9,8,0.9257908882076624
Dong Thap,2020-09-09,2020,9,9,11.637901036288152
Dong Thap,2020-09-10,2020,9,10,8.869036490877438
Dong Thap,2020-09-11,2020,9,11,5.724268329821124
Dong Thap,2020-09-12,2020,9,12,11.825698545494664
Dong Thap,2020-09-13,2020,9,13,8.54771686279235
Dong Thap,2020-09-14,2020,9,14,13.164861049191169
Dong Thap,2020-09-15,2020,9,15,1.936599595424456
Dong Thap,2020-09-16,2020,9,16,16.328148675365238
Dong Thap,2020-09-17,2020,9,17,17.70810537341502
Dong Thap,2020-09-18,2020,9,18,18.624137838573333
Dong Thap,2020-09-19,2020,9,19,8.561104431048468
Dong Thap,2020-09-20,2020,9,20,3.3237122215055006
Dong Thap,2020-09-21,2020,9,21,0.9926099119027884
Dong Thap,2020-09-22,2020,9,22,15.57185927139595
Dong Thap,2020-09-23,2020,9,23,6.999203675900126
Dong Thap,2020-09-24,2020,9,24,6.725510363077557
Dong Thap,2020-09-25,2020,9,25,11.548363343466152
Dong Thap,2020-09-26,2020,9,26,9.55772267046336
Dong Thap,2020-09-27,2020,9,27,15.257906227742616
Dong Thap,2020-09-28,2020,9,28,0.0486166624084794
Dong Thap,2020-09-29,2020,9,29,13.814200288264256
Dong Thap,2020-09-30,2020,9,30,4.497603438610334
Dong Thap,2020-10-01,2020,10,1,9.973364813922345
Dong Thap,2020-10-02,2020,10,2,11.59811606749618
Dong Thap,2020-10-03,2020,10,3,1.5075892864616376
Dong Thap,2020-10-04,2020,10,4,15.518551679189876
Dong Thap,2020-10-05,2020,10,5,11.874688580189265
Dong Thap,2020-10-06,2020,10,6,1.8153536591720272
Dong Thap,2020-10-07,2020,10,7,5.026230061225996
Dong Thap,2020-10-08,2020,10,8,19.318134390066227
Dong Thap,2020-10-09,2020,10,9,14.3431786820546
Dong Thap,2020-10-10,2020,10,10,16.012489422827795
Dong Thap,2020-10-11,2020,10,11,25.7921559544196
Dong Thap,2020-10-12,2020,10,12,10.256051275663587
Dong Thap,2020-10-13,2020,10,13,14.93834663005488
Dong Thap,2020-10-14,2020,10,14,27.39882885349399
Dong Thap,2020-10-15,2020,10,15,23.426488056335955
Dong Thap,2020-10-16,2020,10,16,6.266685145794465
Dong Thap,2020-10-17,2020,10,17,20.49867467924069
Dong Thap,2020-10-18,2020,10,18,5.633633760413749
Dong Thap,2020-10-19,2020,10,19,9.80476081390242
Dong Thap,2020-10-20,2020,10,20,5.482797585175857
Dong Thap,2020-10-21,2020,10,21,16.10466563883879
Dong Thap,2020-10-22,2020,10,22,0.0553568132696764
Dong Thap,2020-10-23,2020,10,23,0.154513749888026
Dong Thap,2020-10-24,2020,10,24,0.0132940062081865
Dong Thap,2020-10-25,2020,10,25,1.4754152883876328
Dong Thap,2020-10-26,2020,10,26,4.582465616948538
Dong Thap,2020-10-27,2020,10,27,1.6473261503752503
Dong Thap,2020-10-28,2020,10,28,9.775754477787318
Dong Thap,2020-10-29,2020,10,29,3.4253860550224835
Dong Thap,2020-10-30,2020,10,30,18.881139546260822
Dong Thap,2020-10-31,2020,10,31,26.498004399245072
Dong Thap,2020-11-01,2020,11,1,16.686758572089033
Dong Thap,2020-11-02,2020,11,2,1.2855734756697808
Dong Thap,2020-11-03,2020,11,3,0.9061529900661418
Dong Thap,2020-11-04,2020,11,4,0.6752239234706614
Dong Thap,2020-11-05,2020,11,5,0.4574464705624979
Dong Thap,2020-11-06,2020,11,6,8.44966545360873
Dong Thap,2020-11-07,2020,11,7,5.2067680115301584
Dong Thap,2020-11-08,2020,11,8,0.0
Dong Thap,2020-11-09,2020,11,9,5.878997227949214
Dong Thap,2020-11-10,2020,11,10,0.5323197740206836
Dong Thap,2020-11-11,2020,11,11,0.0
Dong Thap,2020-11-12,2020,11,12,4.251432079009478
Dong Thap,2020-11-13,2020,11,13,0.0
Dong Thap,2020-11-14,2020,11,14,0.0
Dong Thap,2020-11-15,2020,11,15,0.0
Dong Thap,2020-11-16,2020,11,16,2.3101380552216555
Dong Thap,2020-11-17,2020,11,17,0.0
Dong Thap,2020-11-18,2020,11,18,3.862872915931209
Dong Thap,2020-11-19,2020,11,19,2.3167106559115886
Dong Thap,2020-11-20,2020,11,20,9.499020850588083
Dong Thap,2020-11-21,2020,11,21,7.289414794328179
Dong Thap,2020-11-22,2020,11,22,0.0104861303822426
Dong Thap,2020-11-23,2020,11,23,10.855851770542843
Dong Thap,2020-11-24,2020,11,24,0.0
Dong Thap,2020-11-25,2020,11,25,5.291857434679704
Dong Thap,2020-11-26,2020,11,26,6.165716571063443
Dong Thap,2020-11-27,2020,11,27,0.7911573336025415
Dong Thap,2020-11-28,2020,11,28,7.154621877406817
Dong Thap,2020-11-29,2020,11,29,8.397342195012058
Dong Thap,2020-11-30,2020,11,30,4.163084506204074
Dong Thap,2020-12-01,2020,12,1,2.0949548752515623
Dong Thap,2020-12-02,2020,12,2,0.0837516605123684
Dong Thap,2020-12-03,2020,12,3,0.0
Dong Thap,2020-12-04,2020,12,4,0.0
Dong Thap,2020-12-05,2020,12,5,0.0
Dong Thap,2020-12-06,2020,12,6,0.0
Dong Thap,2020-12-07,2020,12,7,0.6599323694850543
Dong Thap,2020-12-08,2020,12,8,0.0044835037504271
Dong Thap,2020-12-09,2020,12,9,0.0
Dong Thap,2020-12-10,2020,12,10,1.8696858989295024
Dong Thap,2020-12-11,2020,12,11,0.1856980321492254
Dong Thap,2020-12-12,2020,12,12,5.143444679689318
Dong Thap,2020-12-13,2020,12,13,2.165722138072347
Dong Thap,2020-12-14,2020,12,14,3.2101281001666835
Dong Thap,2020-12-15,2020,12,15,5.418129541935063
Dong Thap,2020-12-16,2020,12,16,1.711423301212582
Dong Thap,2020-12-17,2020,12,17,0.0
Dong Thap,2020-12-18,2020,12,18,2.2107954140974866
Dong Thap,2020-12-19,2020,12,19,15.027674700928726
Dong Thap,2020-12-20,2020,12,20,4.025411799046249
Dong Thap,2020-12-21,2020,12,21,0.0026471985287208
Dong Thap,2020-12-22,2020,12,22,15.812568367812426
Dong Thap,2020-12-23,2020,12,23,8.062432248805527
Dong Thap,2020-12-24,2020,12,24,0.0
Dong Thap,2020-12-25,2020,12,25,0.0432597172281924
Dong Thap,2020-12-26,2020,12,26,0.0
Dong Thap,2020-12-27,2020,12,27,0.0260733699792497
Dong Thap,2020-12-28,2020,12,28,0.0230822832521625
Dong Thap,2020-12-29,2020,12,29,0.0
Dong Thap,2020-12-30,2020,12,30,3.3670901112158664
Dong Thap,2020-12-31,2020,12,31,1.0712573007391588
Dong Thap,2021-01-01,2021,1,1,0.4088473461411127
Dong Thap,2021-01-02,2021,1,2,0.0
Dong Thap,2021-01-03,2021,1,3,1.3062677749476788
Dong Thap,2021-01-04,2021,1,4,0.0765444277526841
Dong Thap,2021-01-05,2021,1,5,0.5022667808369873
Dong Thap,2021-01-06,2021,1,6,0.4019520069591468
Dong Thap,2021-01-07,2021,1,7,0.809208472238421
Dong Thap,2021-01-08,2021,1,8,2.4115450100253453
Dong Thap,2021-01-09,2021,1,9,0.0
Dong Thap,2021-01-10,2021,1,10,0.0
Dong Thap,2021-01-11,2021,1,11,0.0048439604221137
Dong Thap,2021-01-12,2021,1,12,0.1092819234790351
Dong Thap,2021-01-13,2021,1,13,0.2635098119049296
Dong Thap,2021-01-14,2021,1,14,0.011132071956583
Dong Thap,2021-01-15,2021,1,15,0.0
Dong Thap,2021-01-16,2021,1,16,0.0889420008744569
Dong Thap,2021-01-17,2021,1,17,0.0701494218812444
Dong Thap,2021-01-18,2021,1,18,0.1280876943346645
Dong Thap,2021-01-19,2021,1,19,0.3731253031655613
Dong Thap,2021-01-20,2021,1,20,0.4176497022351466
Dong Thap,2021-01-21,2021,1,21,0.0536754393465318
Dong Thap,2021-01-22,2021,1,22,0.0
Dong Thap,2021-01-23,2021,1,23,0.0
Dong Thap,2021-01-24,2021,1,24,0.0
Dong Thap,2021-01-25,2021,1,25,0.2528162315937566
Dong Thap,2021-01-26,2021,1,26,0.0
Dong Thap,2021-01-27,2021,1,27,0.0
Dong Thap,2021-01-28,2021,1,28,0.1766123562368211
Dong Thap,2021-01-29,2021,1,29,0.0
Dong Thap,2021-01-30,2021,1,30,0.0
Dong Thap,2021-01-31,2021,1,31,0.0
Dong Thap,2021-02-01,2021,2,1,0.532222116286992
Dong Thap,2021-02-02,2021,2,2,0.0
Dong Thap,2021-02-03,2021,2,3,0.0
Dong Thap,2021-02-04,2021,2,4,0.0
Dong Thap,2021-02-05,2021,2,5,0.0
Dong Thap,2021-02-06,2021,2,6,0.0
Dong Thap,2021-02-07,2021,2,7,0.0
Dong Thap,2021-02-08,2021,2,8,0.0
Dong Thap,2021-02-09,2021,2,9,0.0
Dong Thap,2021-02-10,2021,2,10,0.0
Dong Thap,2021-02-11,2021,2,11,0.3692459320234877
Dong Thap,2021-02-12,2021,2,12,0.0
Dong Thap,2021-02-13,2021,2,13,0.0
Dong Thap,2021-02-14,2021,2,14,0.0
Dong Thap,2021-02-15,2021,2,15,0.0
Dong Thap,2021-02-16,2021,2,16,0.0886805140501467
Dong Thap,2021-02-17,2021,2,17,0.0
Dong Thap,2021-02-18,2021,2,18,0.1430142903195396
Dong Thap,2021-02-19,2021,2,19,0.1082991198709499
Dong Thap,2021-02-20,2021,2,20,0.035792210514864
Dong Thap,2021-02-21,2021,2,21,0.0
Dong Thap,2021-02-22,2021,2,22,0.1945516169003572
Dong Thap,2021-02-23,2021,2,23,0.0
Dong Thap,2021-02-24,2021,2,24,0.1668726858947724
Dong Thap,2021-02-25,2021,2,25,3.2946388997105416
Dong Thap,2021-02-26,2021,2,26,0.0
Dong Thap,2021-02-27,2021,2,27,0.0
Dong Thap,2021-02-28,2021,2,28,2.714815554487372
Dong Thap,2021-03-01,2021,3,1,0.0
Dong Thap,2021-03-02,2021,3,2,0.0
Dong Thap,2021-03-03,2021,3,3,0.0
Dong Thap,2021-03-04,2021,3,4,0.0
Dong Thap,2021-03-05,2021,3,5,0.0
Dong Thap,2021-03-06,2021,3,6,0.0
Dong Thap,2021-03-07,2021,3,7,0.0
Dong Thap,2021-03-08,2021,3,8,0.0
Dong Thap,2021-03-09,2021,3,9,3.157599032604832
Dong Thap,2021-03-10,2021,3,10,0.0
Dong Thap,2021-03-11,2021,3,11,0.0914750208328823
Dong Thap,2021-03-12,2021,3,12,0.0
Dong Thap,2021-03-13,2021,3,13,0.0
Dong Thap,2021-03-14,2021,3,14,0.6511565229980372
Dong Thap,2021-03-15,2021,3,15,0.0
Dong Thap,2021-03-16,2021,3,16,0.0
Dong Thap,2021-03-17,2021,3,17,0.0
Dong Thap,2021-03-18,2021,3,18,0.0
Dong Thap,2021-03-19,2021,3,19,0.0
Dong Thap,2021-03-20,2021,3,20,0.0
Dong Thap,2021-03-21,2021,3,21,0.0
Dong Thap,2021-03-22,2021,3,22,0.0
Dong Thap,2021-03-23,2021,3,23,0.0
Dong Thap,2021-03-24,2021,3,24,0.0
Dong Thap,2021-03-25,2021,3,25,0.0
Dong Thap,2021-03-26,2021,3,26,0.3640845992653337
Dong Thap,2021-03-27,2021,3,27,2.551001365577819
Dong Thap,2021-03-28,2021,3,28,0.0
Dong Thap,2021-03-29,2021,3,29,0.0
Dong Thap,2021-03-30,2021,3,30,0.0
Dong Thap,2021-03-31,2021,3,31,0.0
Dong Thap,2021-04-01,2021,4,1,0.0
Dong Thap,2021-04-02,2021,4,2,11.074534550373423
Dong Thap,2021-04-03,2021,4,3,2.796893553051353
Dong Thap,2021-04-04,2021,4,4,1.2767118458266913
Dong Thap,2021-04-05,2021,4,5,0.0
Dong Thap,2021-04-06,2021,4,6,0.0
Dong Thap,2021-04-07,2021,4,7,0.0
Dong Thap,2021-04-08,2021,4,8,0.0092496393433984
Dong Thap,2021-04-09,2021,4,9,5.8297163154486045
Dong Thap,2021-04-10,2021,4,10,0.0640280029252729
Dong Thap,2021-04-11,2021,4,11,0.0
Dong Thap,2021-04-12,2021,4,12,0.0
Dong Thap,2021-04-13,2021,4,13,0.0
Dong Thap,2021-04-14,2021,4,14,12.616697689600748
Dong Thap,2021-04-15,2021,4,15,11.785995960032716
Dong Thap,2021-04-16,2021,4,16,13.04105908150626
Dong Thap,2021-04-17,2021,4,17,9.62921420972526
Dong Thap,2021-04-18,2021,4,18,9.677870849105592
Dong Thap,2021-04-19,2021,4,19,13.602137823399154
Dong Thap,2021-04-20,2021,4,20,3.236150492784898
Dong Thap,2021-04-21,2021,4,21,15.27449660941481
Dong Thap,2021-04-22,2021,4,22,35.04253661748852
Dong Thap,2021-04-23,2021,4,23,8.361490516684773
Dong Thap,2021-04-24,2021,4,24,5.035950081862909
Dong Thap,2021-04-25,2021,4,25,5.645775351119685
Dong Thap,2021-04-26,2021,4,26,5.6028882347661
Dong Thap,2021-04-27,2021,4,27,6.58637531916246
Dong Thap,2021-04-28,2021,4,28,2.565564665518191
Dong Thap,2021-04-29,2021,4,29,1.0504512645393802
Dong Thap,2021-04-30,2021,4,30,0.0
Dong Thap,2021-05-01,2021,5,1,2.6249162171544027
Dong Thap,2021-05-02,2021,5,2,0.0
Dong Thap,2021-05-03,2021,5,3,0.0
Dong Thap,2021-05-04,2021,5,4,1.1632893040881067
Dong Thap,2021-05-05,2021,5,5,1.133113845893726
Dong Thap,2021-05-06,2021,5,6,6.068797519242431
Dong Thap,2021-05-07,2021,5,7,9.292323224420633
Dong Thap,2021-05-08,2021,5,8,5.9247940895723445
Dong Thap,2021-05-09,2021,5,9,2.1140171070406697
Dong Thap,2021-05-10,2021,5,10,0.0
Dong Thap,2021-05-11,2021,5,11,0.4478720296584262
Dong Thap,2021-05-12,2021,5,12,2.0152525515114874
Dong Thap,2021-05-13,2021,5,13,1.3980850381039152
Dong Thap,2021-05-14,2021,5,14,2.674809165564366
Dong Thap,2021-05-15,2021,5,15,7.552419855822122
Dong Thap,2021-05-16,2021,5,16,3.1189285393796693
Dong Thap,2021-05-17,2021,5,17,28.8847347354575
Dong Thap,2021-05-18,2021,5,18,12.84942701593504
Dong Thap,2021-05-19,2021,5,19,8.196679085148196
Dong Thap,2021-05-20,2021,5,20,5.348527178408363
Dong Thap,2021-05-21,2021,5,21,17.981107358776136
Dong Thap,2021-05-22,2021,5,22,9.943182533212546
Dong Thap,2021-05-23,2021,5,23,16.128341368220134
Dong Thap,2021-05-24,2021,5,24,21.785065199800265
Dong Thap,2021-05-25,2021,5,25,19.489741607915512
Dong Thap,2021-05-26,2021,5,26,9.89890614976979
Dong Thap,2021-05-27,2021,5,27,8.616264688243714
Dong Thap,2021-05-28,2021,5,28,0.428622159093368
Dong Thap,2021-05-29,2021,5,29,7.818740403676532
Dong Thap,2021-05-30,2021,5,30,0.0
Dong Thap,2021-05-31,2021,5,31,0.0
Dong Thap,2021-06-01,2021,6,1,3.991151456182872
Dong Thap,2021-06-02,2021,6,2,8.152989228951947
Dong Thap,2021-06-03,2021,6,3,1.5075268712894752
Dong Thap,2021-06-04,2021,6,4,0.0
Dong Thap,2021-06-05,2021,6,5,9.67495995164864
Dong Thap,2021-06-06,2021,6,6,16.247268841952074
Dong Thap,2021-06-07,2021,6,7,4.2290429101121205
Dong Thap,2021-06-08,2021,6,8,9.804228770454262
Dong Thap,2021-06-09,2021,6,9,3.6970977249845
Dong Thap,2021-06-10,2021,6,10,0.0
Dong Thap,2021-06-11,2021,6,11,13.598943845982824
Dong Thap,2021-06-12,2021,6,12,2.026504267342701
Dong Thap,2021-06-13,2021,6,13,1.4570453554655596
Dong Thap,2021-06-14,2021,6,14,2.7480790420592376
Dong Thap,2021-06-15,2021,6,15,11.290386312607597
Dong Thap,2021-06-16,2021,6,16,0.0123377609123089
Dong Thap,2021-06-17,2021,6,17,6.5538050139913295
Dong Thap,2021-06-18,2021,6,18,0.0506856719301161
Dong Thap,2021-06-19,2021,6,19,3.088882379671708
Dong Thap,2021-06-20,2021,6,20,4.742073438546
Dong Thap,2021-06-21,2021,6,21,0.3938030982628845
Dong Thap,2021-06-22,2021,6,22,3.9792009660560335
Dong Thap,2021-06-23,2021,6,23,3.100663080084531
Dong Thap,2021-06-24,2021,6,24,0.618416342445585
Dong Thap,2021-06-25,2021,6,25,2.850096479000784
Dong Thap,2021-06-26,2021,6,26,0.0884465581372072
Dong Thap,2021-06-27,2021,6,27,0.0670998320778075
Dong Thap,2021-06-28,2021,6,28,0.2750322477689588
Dong Thap,2021-06-29,2021,6,29,3.34977963575233
Dong Thap,2021-06-30,2021,6,30,4.267846326557367
Dong Thap,2021-07-01,2021,7,1,2.6726461927014893
Dong Thap,2021-07-02,2021,7,2,1.188654047799862
Dong Thap,2021-07-03,2021,7,3,5.500505958077907
Dong Thap,2021-07-04,2021,7,4,10.616249803231362
Dong Thap,2021-07-05,2021,7,5,9.881421473390365
Dong Thap,2021-07-06,2021,7,6,14.077464797923096
Dong Thap,2021-07-07,2021,7,7,10.94223231825126
Dong Thap,2021-07-08,2021,7,8,3.5356807722129964
Dong Thap,2021-07-09,2021,7,9,3.1298784491884373
Dong Thap,2021-07-10,2021,7,10,7.627093118078884
Dong Thap,2021-07-11,2021,7,11,0.9723793334070449
Dong Thap,2021-07-12,2021,7,12,9.731384099422462
Dong Thap,2021-07-13,2021,7,13,18.762883170759533
Dong Thap,2021-07-14,2021,7,14,11.908023500864484
Dong Thap,2021-07-15,2021,7,15,16.561807526694363
Dong Thap,2021-07-16,2021,7,16,0.9650913740005084
Dong Thap,2021-07-17,2021,7,17,4.007717902647655
Dong Thap,2021-07-18,2021,7,18,10.300632400431002
Dong Thap,2021-07-19,2021,7,19,0.6513370486554951
Dong Thap,2021-07-20,2021,7,20,1.0997923257090156
Dong Thap,2021-07-21,2021,7,21,2.2127257942855825
Dong Thap,2021-07-22,2021,7,22,7.863055182437869
Dong Thap,2021-07-23,2021,7,23,9.470901364192196
Dong Thap,2021-07-24,2021,7,24,2.528992490464661
Dong Thap,2021-07-25,2021,7,25,0.0
Dong Thap,2021-07-26,2021,7,26,0.0
Dong Thap,2021-07-27,2021,7,27,2.8732148288111574
Dong Thap,2021-07-28,2021,7,28,1.198272621371942
Dong Thap,2021-07-29,2021,7,29,12.55078256151858
Dong Thap,2021-07-30,2021,7,30,0.0664061339014588
Dong Thap,2021-07-31,2021,7,31,2.605712295538825
Dong Thap,2021-08-01,2021,8,1,2.380481108167638
Dong Thap,2021-08-02,2021,8,2,0.0
Dong Thap,2021-08-03,2021,8,3,4.534015623767655
Dong Thap,2021-08-04,2021,8,4,3.2988844939118898
Dong Thap,2021-08-05,2021,8,5,0.7682579863306774
Dong Thap,2021-08-06,2021,8,6,0.0
Dong Thap,2021-08-07,2021,8,7,2.1153446559580584
Dong Thap,2021-08-08,2021,8,8,0.5165351942259354
Dong Thap,2021-08-09,2021,8,9,4.048395627621404
Dong Thap,2021-08-10,2021,8,10,5.6807582242866985
Dong Thap,2021-08-11,2021,8,11,3.822088925049152
Dong Thap,2021-08-12,2021,8,12,0.421740280613489
Dong Thap,2021-08-13,2021,8,13,4.673963463033219
Dong Thap,2021-08-14,2021,8,14,7.494458874276307
Dong Thap,2021-08-15,2021,8,15,17.15536663080252
Dong Thap,2021-08-16,2021,8,16,5.175966222817212
Dong Thap,2021-08-17,2021,8,17,5.768050274666079
Dong Thap,2021-08-18,2021,8,18,4.7608633789347765
Dong Thap,2021-08-19,2021,8,19,3.177036655937864
Dong Thap,2021-08-20,2021,8,20,3.590117006445785
Dong Thap,2021-08-21,2021,8,21,2.943978639708804
Dong Thap,2021-08-22,2021,8,22,9.67623062401719
Dong Thap,2021-08-23,2021,8,23,13.509121251736524
Dong Thap,2021-08-24,2021,8,24,12.543734533894428
Dong Thap,2021-08-25,2021,8,25,6.1649378585604415
Dong Thap,2021-08-26,2021,8,26,2.995614717938283
Dong Thap,2021-08-27,2021,8,27,3.8911187232947255
Dong Thap,2021-08-28,2021,8,28,8.98244448886968
Dong Thap,2021-08-29,2021,8,29,6.910290176591985
Dong Thap,2021-08-30,2021,8,30,11.224603868650687
Dong Thap,2021-08-31,2021,8,31,8.89260668346934
Dong Thap,2021-09-01,2021,9,1,9.623503436773357
Dong Thap,2021-09-02,2021,9,2,12.892431970610488
Dong Thap,2021-09-03,2021,9,3,15.31160970316578
Dong Thap,2021-09-04,2021,9,4,2.32698444964963
Dong Thap,2021-09-05,2021,9,5,12.96660931414153
Dong Thap,2021-09-06,2021,9,6,2.334028448198613
Dong Thap,2021-09-07,2021,9,7,13.02265781887756
Dong Thap,2021-09-08,2021,9,8,5.054124140005034
Dong Thap,2021-09-09,2021,9,9,2.400383670719026
Dong Thap,2021-09-10,2021,9,10,12.068939230597309
Dong Thap,2021-09-11,2021,9,11,5.652014986596896
Dong Thap,2021-09-12,2021,9,12,2.183766005678676
Dong Thap,2021-09-13,2021,9,13,10.348600071669972
Dong Thap,2021-09-14,2021,9,14,12.86390883125413
Dong Thap,2021-09-15,2021,9,15,0.7932458088488324
Dong Thap,2021-09-16,2021,9,16,9.174456008551257
Dong Thap,2021-09-17,2021,9,17,6.407234472152674
Dong Thap,2021-09-18,2021,9,18,12.742747402553627
Dong Thap,2021-09-19,2021,9,19,5.2837189974997445
Dong Thap,2021-09-20,2021,9,20,0.0059186939157702
Dong Thap,2021-09-21,2021,9,21,2.3000033570912946
Dong Thap,2021-09-22,2021,9,22,6.018291007506757
Dong Thap,2021-09-23,2021,9,23,5.991389143999831
Dong Thap,2021-09-24,2021,9,24,13.957179167629336
Dong Thap,2021-09-25,2021,9,25,11.466020576667692
Dong Thap,2021-09-26,2021,9,26,7.443749586511202
Dong Thap,2021-09-27,2021,9,27,2.487035697574162
Dong Thap,2021-09-28,2021,9,28,6.295660460004736
Dong Thap,2021-09-29,2021,9,29,7.806058419590661
Dong Thap,2021-09-30,2021,9,30,10.9311247215483
Dong Thap,2021-10-01,2021,10,1,13.880249158552177
Dong Thap,2021-10-02,2021,10,2,9.789801927794397
Dong Thap,2021-10-03,2021,10,3,5.2825398893077145
Dong Thap,2021-10-04,2021,10,4,16.27042852176785
Dong Thap,2021-10-05,2021,10,5,13.370162236817654
Dong Thap,2021-10-06,2021,10,6,18.205524588945845
Dong Thap,2021-10-07,2021,10,7,18.91309493262128
Dong Thap,2021-10-08,2021,10,8,2.6857782867535285
Dong Thap,2021-10-09,2021,10,9,13.193948051354385
Dong Thap,2021-10-10,2021,10,10,8.923123682075433
Dong Thap,2021-10-11,2021,10,11,20.46256835722506
Dong Thap,2021-10-12,2021,10,12,0.0
Dong Thap,2021-10-13,2021,10,13,13.2225457003578
Dong Thap,2021-10-14,2021,10,14,7.629498520012691
Dong Thap,2021-10-15,2021,10,15,12.864207288508563
Dong Thap,2021-10-16,2021,10,16,6.427127060346221
Dong Thap,2021-10-17,2021,10,17,0.0248596826891577
Dong Thap,2021-10-18,2021,10,18,1.3578921048947403
Dong Thap,2021-10-19,2021,10,19,1.202524243229934
Dong Thap,2021-10-20,2021,10,20,17.65522829323689
Dong Thap,2021-10-21,2021,10,21,9.26553788500522
Dong Thap,2021-10-22,2021,10,22,12.380616716484315
Dong Thap,2021-10-23,2021,10,23,7.639131839742781
Dong Thap,2021-10-24,2021,10,24,8.254852181514803
Dong Thap,2021-10-25,2021,10,25,3.953416833186164
Dong Thap,2021-10-26,2021,10,26,9.092046205949314
Dong Thap,2021-10-27,2021,10,27,1.239143227094529
Dong Thap,2021-10-28,2021,10,28,0.6119510999390237
Dong Thap,2021-10-29,2021,10,29,10.175642122453048
Dong Thap,2021-10-30,2021,10,30,7.592588203454301
Dong Thap,2021-10-31,2021,10,31,4.655168970764046
Dong Thap,2021-11-01,2021,11,1,8.209710448053865
Dong Thap,2021-11-02,2021,11,2,0.3407535504694289
Dong Thap,2021-11-03,2021,11,3,13.039757509816653
Dong Thap,2021-11-04,2021,11,4,0.1389124806313549
Dong Thap,2021-11-05,2021,11,5,3.4731101407427496
Dong Thap,2021-11-06,2021,11,6,3.5250024681381267
Dong Thap,2021-11-07,2021,11,7,7.1673973388809245
Dong Thap,2021-11-08,2021,11,8,2.6166125397469027
Dong Thap,2021-11-09,2021,11,9,7.681143210957802
Dong Thap,2021-11-10,2021,11,10,9.814654201735754
Dong Thap,2021-11-11,2021,11,11,19.79277648483784
Dong Thap,2021-11-12,2021,11,12,4.94620239665672
Dong Thap,2021-11-13,2021,11,13,8.423461490162161
Dong Thap,2021-11-14,2021,11,14,6.30113391664419
Dong Thap,2021-11-15,2021,11,15,13.346150558079232
Dong Thap,2021-11-16,2021,11,16,10.772482165490684
Dong Thap,2021-11-17,2021,11,17,9.847351669534843
Dong Thap,2021-11-18,2021,11,18,3.135058038171683
Dong Thap,2021-11-19,2021,11,19,0.0764449003915654
Dong Thap,2021-11-20,2021,11,20,11.970663707489482
Dong Thap,2021-11-21,2021,11,21,1.2978781652350475
Dong Thap,2021-11-22,2021,11,22,4.9696362191569845
Dong Thap,2021-11-23,2021,11,23,3.435448939131586
Dong Thap,2021-11-24,2021,11,24,13.771548990945517
Dong Thap,2021-11-25,2021,11,25,1.5398089696564632
Dong Thap,2021-11-26,2021,11,26,1.406025030795803
Dong Thap,2021-11-27,2021,11,27,7.796212905965912
Dong Thap,2021-11-28,2021,11,28,12.468061318858991
Dong Thap,2021-11-29,2021,11,29,11.189711202542092
Dong Thap,2021-11-30,2021,11,30,14.559373517790585
Dong Thap,2021-12-01,2021,12,1,0.7237287633457444
Dong Thap,2021-12-02,2021,12,2,7.343173209700367
Dong Thap,2021-12-03,2021,12,3,0.0296905194114388
Dong Thap,2021-12-04,2021,12,4,2.3419687499501185
Dong Thap,2021-12-05,2021,12,5,0.0395351790343116
Dong Thap,2021-12-06,2021,12,6,0.0
Dong Thap,2021-12-07,2021,12,7,1.6785614339671542
Dong Thap,2021-12-08,2021,12,8,0.0
Dong Thap,2021-12-09,2021,12,9,0.0
Dong Thap,2021-12-10,2021,12,10,0.0
Dong Thap,2021-12-11,2021,12,11,0.0
Dong Thap,2021-12-12,2021,12,12,0.0
Dong Thap,2021-12-13,2021,12,13,0.1075295382463555
Dong Thap,2021-12-14,2021,12,14,0.0
Dong Thap,2021-12-15,2021,12,15,0.0
Dong Thap,2021-12-16,2021,12,16,0.0
Dong Thap,2021-12-17,2021,12,17,0.2030480758948257
Dong Thap,2021-12-18,2021,12,18,0.0
Dong Thap,2021-12-19,2021,12,19,0.1797109400438888
Dong Thap,2021-12-20,2021,12,20,0.0
Dong Thap,2021-12-21,2021,12,21,0.0
Dong Thap,2021-12-22,2021,12,22,1.2728843247914812
Dong Thap,2021-12-23,2021,12,23,2.0169017223752426
Dong Thap,2021-12-24,2021,12,24,0.0285155100429682
Dong Thap,2021-12-25,2021,12,25,0.0
Dong Thap,2021-12-26,2021,12,26,0.0
Dong Thap,2021-12-27,2021,12,27,0.0
Dong Thap,2021-12-28,2021,12,28,0.6675356351412257
Dong Thap,2021-12-29,2021,12,29,0.0
Dong Thap,2021-12-30,2021,12,30,1.4548070945449223
Dong Thap,2021-12-31,2021,12,31,0.0
Dong Thap,2022-01-01,2022,1,1,0.0
Dong Thap,2022-01-02,2022,1,2,0.0
Dong Thap,2022-01-03,2022,1,3,0.0007656010432878479
Dong Thap,2022-01-04,2022,1,4,0.0
Dong Thap,2022-01-05,2022,1,5,0.0
Dong Thap,2022-01-06,2022,1,6,0.0
Dong Thap,2022-01-07,2022,1,7,0.0187384095258498
Dong Thap,2022-01-08,2022,1,8,0.0
Dong Thap,2022-01-09,2022,1,9,0.0
Dong Thap,2022-01-10,2022,1,10,0.0
Dong Thap,2022-01-11,2022,1,11,0.0320960545934785
Dong Thap,2022-01-12,2022,1,12,0.0398204284431659
Dong Thap,2022-01-13,2022,1,13,0.0497264283698027
Dong Thap,2022-01-14,2022,1,14,0.0
Dong Thap,2022-01-15,2022,1,15,0.6101584025817796
Dong Thap,2022-01-16,2022,1,16,0.0
Dong Thap,2022-01-17,2022,1,17,0.0
Dong Thap,2022-01-18,2022,1,18,0.0
Dong Thap,2022-01-19,2022,1,19,0.0
Dong Thap,2022-01-20,2022,1,20,0.0169061781639465
Dong Thap,2022-01-21,2022,1,21,0.0
Dong Thap,2022-01-22,2022,1,22,0.0
Dong Thap,2022-01-23,2022,1,23,0.0
Dong Thap,2022-01-24,2022,1,24,0.0
Dong Thap,2022-01-25,2022,1,25,0.0
Dong Thap,2022-01-26,2022,1,26,0.0
Dong Thap,2022-01-27,2022,1,27,0.0
Dong Thap,2022-01-28,2022,1,28,0.0
Dong Thap,2022-01-29,2022,1,29,0.0
Dong Thap,2022-01-30,2022,1,30,1.0245209794507588
Dong Thap,2022-01-31,2022,1,31,0.0
Dong Thap,2022-02-01,2022,2,1,0.0
Dong Thap,2022-02-02,2022,2,2,0.0
Dong Thap,2022-02-03,2022,2,3,0.0
Dong Thap,2022-02-04,2022,2,4,0.0067843767975581
Dong Thap,2022-02-05,2022,2,5,0.0
Dong Thap,2022-02-06,2022,2,6,0.0
Dong Thap,2022-02-07,2022,2,7,0.0
Dong Thap,2022-02-08,2022,2,8,0.0333238257615507
Dong Thap,2022-02-09,2022,2,9,0.0
Dong Thap,2022-02-10,2022,2,10,0.1105325238989246
Dong Thap,2022-02-11,2022,2,11,0.0
Dong Thap,2022-02-12,2022,2,12,0.0424401223514121
Dong Thap,2022-02-13,2022,2,13,0.0934908801779769
Dong Thap,2022-02-14,2022,2,14,8.539454802272266e-05
Dong Thap,2022-02-15,2022,2,15,0.0
Dong Thap,2022-02-16,2022,2,16,0.0
Dong Thap,2022-02-17,2022,2,17,0.0
Dong Thap,2022-02-18,2022,2,18,0.0
Dong Thap,2022-02-19,2022,2,19,0.0
Dong Thap,2022-02-20,2022,2,20,0.3101303298098173
Dong Thap,2022-02-21,2022,2,21,0.0
Dong Thap,2022-02-22,2022,2,22,4.583901635759779
Dong Thap,2022-02-23,2022,2,23,4.902012883653193
Dong Thap,2022-02-24,2022,2,24,1.5937250635711568
Dong Thap,2022-02-25,2022,2,25,0.1658074673724222
Dong Thap,2022-02-26,2022,2,26,0.0561672696010688
Dong Thap,2022-02-27,2022,2,27,0.0
Dong Thap,2022-02-28,2022,2,28,0.0
Dong Thap,2022-03-01,2022,3,1,0.0
Dong Thap,2022-03-02,2022,3,2,1.347829937417544
Dong Thap,2022-03-03,2022,3,3,0.0
Dong Thap,2022-03-04,2022,3,4,0.0
Dong Thap,2022-03-05,2022,3,5,0.625113530701991
Dong Thap,2022-03-06,2022,3,6,0.0
Dong Thap,2022-03-07,2022,3,7,1.483098488641699
Dong Thap,2022-03-08,2022,3,8,0.0
Dong Thap,2022-03-09,2022,3,9,0.0
Dong Thap,2022-03-10,2022,3,10,0.0
Dong Thap,2022-03-11,2022,3,11,0.0
Dong Thap,2022-03-12,2022,3,12,0.027325902811275
Dong Thap,2022-03-13,2022,3,13,0.0
Dong Thap,2022-03-14,2022,3,14,0.0
Dong Thap,2022-03-15,2022,3,15,0.0
Dong Thap,2022-03-16,2022,3,16,0.0
Dong Thap,2022-03-17,2022,3,17,0.0
Dong Thap,2022-03-18,2022,3,18,8.725632516024385
Dong Thap,2022-03-19,2022,3,19,5.950074602037646
Dong Thap,2022-03-20,2022,3,20,0.916612702525606
Dong Thap,2022-03-21,2022,3,21,1.4286885195736547
Dong Thap,2022-03-22,2022,3,22,9.820107881927369
Dong Thap,2022-03-23,2022,3,23,1.242326690992693
Dong Thap,2022-03-24,2022,3,24,0.0
Dong Thap,2022-03-25,2022,3,25,0.0
Dong Thap,2022-03-26,2022,3,26,0.0
Dong Thap,2022-03-27,2022,3,27,1.8057610260972303
Dong Thap,2022-03-28,2022,3,28,12.34336338468303
Dong Thap,2022-03-29,2022,3,29,4.14413054155903
Dong Thap,2022-03-30,2022,3,30,16.175087892281535
Dong Thap,2022-03-31,2022,3,31,23.84999737829909
Dong Thap,2022-04-01,2022,4,1,12.815577672172733
Dong Thap,2022-04-02,2022,4,2,4.415264502062881
Dong Thap,2022-04-03,2022,4,3,5.069240353634656
Dong Thap,2022-04-04,2022,4,4,5.432112680430687
Dong Thap,2022-04-05,2022,4,5,6.844996958463834
Dong Thap,2022-04-06,2022,4,6,7.82294142631032
Dong Thap,2022-04-07,2022,4,7,1.3582109110491165
Dong Thap,2022-04-08,2022,4,8,0.0
Dong Thap,2022-04-09,2022,4,9,0.0
Dong Thap,2022-04-10,2022,4,10,0.0310017723925724
Dong Thap,2022-04-11,2022,4,11,6.762604195216301
Dong Thap,2022-04-12,2022,4,12,0.0
Dong Thap,2022-04-13,2022,4,13,0.0
Dong Thap,2022-04-14,2022,4,14,0.7146496436129032
Dong Thap,2022-04-15,2022,4,15,10.856781573023197
Dong Thap,2022-04-16,2022,4,16,22.926020711572463
Dong Thap,2022-04-17,2022,4,17,0.0
Dong Thap,2022-04-18,2022,4,18,0.0209936565462358
Dong Thap,2022-04-19,2022,4,19,4.323416774143619
Dong Thap,2022-04-20,2022,4,20,0.6087028158476541
Dong Thap,2022-04-21,2022,4,21,0.068438222673655
Dong Thap,2022-04-22,2022,4,22,0.0
Dong Thap,2022-04-23,2022,4,23,2.3479407003793087
Dong Thap,2022-04-24,2022,4,24,5.099279806609592
Dong Thap,2022-04-25,2022,4,25,0.3323150907334811
Dong Thap,2022-04-26,2022,4,26,4.911897254809787
Dong Thap,2022-04-27,2022,4,27,3.26799464047239
Dong Thap,2022-04-28,2022,4,28,2.951792446554504
Dong Thap,2022-04-29,2022,4,29,14.392119738907931
Dong Thap,2022-04-30,2022,4,30,6.836906738925847
Dong Thap,2022-05-01,2022,5,1,4.571798545475147
Dong Thap,2022-05-02,2022,5,2,9.614849706145945
Dong Thap,2022-05-03,2022,5,3,15.333071757937216
Dong Thap,2022-05-04,2022,5,4,6.286912498532009
Dong Thap,2022-05-05,2022,5,5,0.7711416134589214
Dong Thap,2022-05-06,2022,5,6,0.9475196995701622
Dong Thap,2022-05-07,2022,5,7,0.2627095559407773
Dong Thap,2022-05-08,2022,5,8,4.492050479768704
Dong Thap,2022-05-09,2022,5,9,7.90502642710814
Dong Thap,2022-05-10,2022,5,10,5.97144828761465
Dong Thap,2022-05-11,2022,5,11,2.29965159962419
Dong Thap,2022-05-12,2022,5,12,3.4273868457433
Dong Thap,2022-05-13,2022,5,13,5.082641766750001
Dong Thap,2022-05-14,2022,5,14,1.3059465807326018
Dong Thap,2022-05-15,2022,5,15,5.646012384489274
Dong Thap,2022-05-16,2022,5,16,13.851888111558988
Dong Thap,2022-05-17,2022,5,17,6.019340417154905
Dong Thap,2022-05-18,2022,5,18,6.048760786973782
Dong Thap,2022-05-19,2022,5,19,6.15434126221514
Dong Thap,2022-05-20,2022,5,20,1.5485314993271893
Dong Thap,2022-05-21,2022,5,21,9.376259368875814
Dong Thap,2022-05-22,2022,5,22,8.32294695141203
Dong Thap,2022-05-23,2022,5,23,0.4547456124485119
Dong Thap,2022-05-24,2022,5,24,0.0
Dong Thap,2022-05-25,2022,5,25,0.000466580898928918
Dong Thap,2022-05-26,2022,5,26,10.099048357513556
Dong Thap,2022-05-27,2022,5,27,9.561636611328984
Dong Thap,2022-05-28,2022,5,28,4.307173278885197
Dong Thap,2022-05-29,2022,5,29,6.007244883351565
Dong Thap,2022-05-30,2022,5,30,10.072906441217324
Dong Thap,2022-05-31,2022,5,31,1.787863960260973
Dong Thap,2022-06-01,2022,6,1,4.183305681313086
Dong Thap,2022-06-02,2022,6,2,9.562133871997757
Dong Thap,2022-06-03,2022,6,3,8.925948471764139
Dong Thap,2022-06-04,2022,6,4,3.168659159547216
Dong Thap,2022-06-05,2022,6,5,0.4676010241199029
Dong Thap,2022-06-06,2022,6,6,4.541916862011819
Dong Thap,2022-06-07,2022,6,7,1.7097076034232117
Dong Thap,2022-06-08,2022,6,8,0.9178028575668586
Dong Thap,2022-06-09,2022,6,9,6.333337501425143
Dong Thap,2022-06-10,2022,6,10,6.002297889409975
Dong Thap,2022-06-11,2022,6,11,6.762132575946351
Dong Thap,2022-06-12,2022,6,12,8.618305349055127
Dong Thap,2022-06-13,2022,6,13,0.6032349687734913
Dong Thap,2022-06-14,2022,6,14,0.0
Dong Thap,2022-06-15,2022,6,15,2.983369796034536
Dong Thap,2022-06-16,2022,6,16,4.631078455442469
Dong Thap,2022-06-17,2022,6,17,4.877060214347083
Dong Thap,2022-06-18,2022,6,18,4.081286254642174
Dong Thap,2022-06-19,2022,6,19,5.041884545826005
Dong Thap,2022-06-20,2022,6,20,5.043435939057005
Dong Thap,2022-06-21,2022,6,21,7.819156868754803
Dong Thap,2022-06-22,2022,6,22,8.743247341056078
Dong Thap,2022-06-23,2022,6,23,8.670754679069784
Dong Thap,2022-06-24,2022,6,24,6.380909098954271
Dong Thap,2022-06-25,2022,6,25,4.479525534134753
Dong Thap,2022-06-26,2022,6,26,9.137612898366802
Dong Thap,2022-06-27,2022,6,27,5.564690693026094
Dong Thap,2022-06-28,2022,6,28,6.227451570232302
Dong Thap,2022-06-29,2022,6,29,8.298027093296339
Dong Thap,2022-06-30,2022,6,30,10.412569967965188
Dong Thap,2022-07-01,2022,7,1,6.548165123202184
Dong Thap,2022-07-02,2022,7,2,9.131472968320768
Dong Thap,2022-07-03,2022,7,3,10.20892046720283
Dong Thap,2022-07-04,2022,7,4,1.982849870283695
Dong Thap,2022-07-05,2022,7,5,0.1552709644888165
Dong Thap,2022-07-06,2022,7,6,3.577843241459499
Dong Thap,2022-07-07,2022,7,7,15.49405273413046
Dong Thap,2022-07-08,2022,7,8,16.04965329910044
Dong Thap,2022-07-09,2022,7,9,6.728468014481442
Dong Thap,2022-07-10,2022,7,10,0.0
Dong Thap,2022-07-11,2022,7,11,0.0
Dong Thap,2022-07-12,2022,7,12,10.651159721266689
Dong Thap,2022-07-13,2022,7,13,0.062529736631496
Dong Thap,2022-07-14,2022,7,14,1.756635364326782
Dong Thap,2022-07-15,2022,7,15,5.783207314576262
Dong Thap,2022-07-16,2022,7,16,4.339427513953965
Dong Thap,2022-07-17,2022,7,17,3.4991728768127954
Dong Thap,2022-07-18,2022,7,18,9.668712634225534
Dong Thap,2022-07-19,2022,7,19,9.89414927370834
Dong Thap,2022-07-20,2022,7,20,16.358640815574937
Dong Thap,2022-07-21,2022,7,21,12.762910226419551
Dong Thap,2022-07-22,2022,7,22,5.312472230659904
Dong Thap,2022-07-23,2022,7,23,7.252313698077921
Dong Thap,2022-07-24,2022,7,24,0.0
Dong Thap,2022-07-25,2022,7,25,4.596170374811275
Dong Thap,2022-07-26,2022,7,26,11.417525041230494
Dong Thap,2022-07-27,2022,7,27,6.128666219147039
Dong Thap,2022-07-28,2022,7,28,5.242010022416144
Dong Thap,2022-07-29,2022,7,29,0.4405127984340806
Dong Thap,2022-07-30,2022,7,30,11.28219476422675
Dong Thap,2022-07-31,2022,7,31,17.787710087894983
Dong Thap,2022-08-01,2022,8,1,10.83644543641923
Dong Thap,2022-08-02,2022,8,2,8.54705552816634
Dong Thap,2022-08-03,2022,8,3,8.807356052822554
Dong Thap,2022-08-04,2022,8,4,4.922506481382022
Dong Thap,2022-08-05,2022,8,5,3.040374952790036
Dong Thap,2022-08-06,2022,8,6,15.929159336818268
Dong Thap,2022-08-07,2022,8,7,7.592924691691047
Dong Thap,2022-08-08,2022,8,8,1.5884845105866492
Dong Thap,2022-08-09,2022,8,9,0.2224223360010141
Dong Thap,2022-08-10,2022,8,10,6.865911393938404
Dong Thap,2022-08-11,2022,8,11,6.167701945679238
Dong Thap,2022-08-12,2022,8,12,3.187121121273279
Dong Thap,2022-08-13,2022,8,13,0.0
Dong Thap,2022-08-14,2022,8,14,2.02563161279356
Dong Thap,2022-08-15,2022,8,15,5.775119486757488
Dong Thap,2022-08-16,2022,8,16,8.551164772725844
Dong Thap,2022-08-17,2022,8,17,3.205282067982738
Dong Thap,2022-08-18,2022,8,18,3.3247249536478294
Dong Thap,2022-08-19,2022,8,19,5.855495666663661
Dong Thap,2022-08-20,2022,8,20,5.920365462213622
Dong Thap,2022-08-21,2022,8,21,4.312855685422661
Dong Thap,2022-08-22,2022,8,22,3.927136392266889
Dong Thap,2022-08-23,2022,8,23,6.094258798231795
Dong Thap,2022-08-24,2022,8,24,7.467527452468302
Dong Thap,2022-08-25,2022,8,25,6.075953080956024
Dong Thap,2022-08-26,2022,8,26,10.629218458060857
Dong Thap,2022-08-27,2022,8,27,4.379813849574344
Dong Thap,2022-08-28,2022,8,28,3.782649285038068
Dong Thap,2022-08-29,2022,8,29,0.8130621813357699
Dong Thap,2022-08-30,2022,8,30,4.643988753997578
Dong Thap,2022-08-31,2022,8,31,1.9743493036642776
Dong Thap,2022-09-01,2022,9,1,2.9840187493408235
Dong Thap,2022-09-02,2022,9,2,14.43193535837749
Dong Thap,2022-09-03,2022,9,3,7.767747841794012
Dong Thap,2022-09-04,2022,9,4,16.183802847435388
Dong Thap,2022-09-05,2022,9,5,6.306970917863423
Dong Thap,2022-09-06,2022,9,6,18.12865217085838
Dong Thap,2022-09-07,2022,9,7,7.573522185667966
Dong Thap,2022-09-08,2022,9,8,0.0
Dong Thap,2022-09-09,2022,9,9,1.1628332318755428
Dong Thap,2022-09-10,2022,9,10,3.618889284568062
Dong Thap,2022-09-11,2022,9,11,14.62854951303616
Dong Thap,2022-09-12,2022,9,12,8.296204925381407
Dong Thap,2022-09-13,2022,9,13,4.116812398935732
Dong Thap,2022-09-14,2022,9,14,4.768022824874236
Dong Thap,2022-09-15,2022,9,15,2.599577111886259
Dong Thap,2022-09-16,2022,9,16,8.300394471497226
Dong Thap,2022-09-17,2022,9,17,5.919295794810463
Dong Thap,2022-09-18,2022,9,18,6.169926573264779
Dong Thap,2022-09-19,2022,9,19,2.932589208143812
Dong Thap,2022-09-20,2022,9,20,3.3263484263652723
Dong Thap,2022-09-21,2022,9,21,9.177688123039951
Dong Thap,2022-09-22,2022,9,22,6.876681907548365
Dong Thap,2022-09-23,2022,9,23,7.779655233630792
Dong Thap,2022-09-24,2022,9,24,3.5274034897459305
Dong Thap,2022-09-25,2022,9,25,9.449299403226426
Dong Thap,2022-09-26,2022,9,26,7.629430779367714
Dong Thap,2022-09-27,2022,9,27,3.1111737925678464
Dong Thap,2022-09-28,2022,9,28,8.087537276899024
Dong Thap,2022-09-29,2022,9,29,5.672659696710603
Dong Thap,2022-09-30,2022,9,30,13.687109663071524
Dong Thap,2022-10-01,2022,10,1,7.510529234670635
Dong Thap,2022-10-02,2022,10,2,9.207727493627392
Dong Thap,2022-10-03,2022,10,3,11.931684946503957
Dong Thap,2022-10-04,2022,10,4,8.833217213436239
Dong Thap,2022-10-05,2022,10,5,16.058920131847916
Dong Thap,2022-10-06,2022,10,6,7.0092286281718765
Dong Thap,2022-10-07,2022,10,7,6.678997253205785
Dong Thap,2022-10-08,2022,10,8,16.488400258037643
Dong Thap,2022-10-09,2022,10,9,14.756194693960513
Dong Thap,2022-10-10,2022,10,10,8.024598083671647
Dong Thap,2022-10-11,2022,10,11,7.935446211187805
Dong Thap,2022-10-12,2022,10,12,13.938790363953824
Dong Thap,2022-10-13,2022,10,13,8.342075818908274
Dong Thap,2022-10-14,2022,10,14,12.5570418811288
Dong Thap,2022-10-15,2022,10,15,0.0
Dong Thap,2022-10-16,2022,10,16,0.0
Dong Thap,2022-10-17,2022,10,17,0.0
Dong Thap,2022-10-18,2022,10,18,0.0190515880117292
Dong Thap,2022-10-19,2022,10,19,8.631058379808247
Dong Thap,2022-10-20,2022,10,20,8.791782642110064
Dong Thap,2022-10-21,2022,10,21,0.8009736222801006
Dong Thap,2022-10-22,2022,10,22,6.697736744318575
Dong Thap,2022-10-23,2022,10,23,14.969271585747624
Dong Thap,2022-10-24,2022,10,24,21.274344018616304
Dong Thap,2022-10-25,2022,10,25,8.241509608963272
Dong Thap,2022-10-26,2022,10,26,1.6955848167833618
Dong Thap,2022-10-27,2022,10,27,23.536134747818316
Dong Thap,2022-10-28,2022,10,28,5.452997545333627
Dong Thap,2022-10-29,2022,10,29,4.374601247171601
Dong Thap,2022-10-30,2022,10,30,0.0607463634281924
Dong Thap,2022-10-31,2022,10,31,0.0
Dong Thap,2022-11-01,2022,11,1,3.0070850753529905
Dong Thap,2022-11-02,2022,11,2,0.0
Dong Thap,2022-11-03,2022,11,3,8.280436315489428
Dong Thap,2022-11-04,2022,11,4,4.042698121203405
Dong Thap,2022-11-05,2022,11,5,0.2561793155564129
Dong Thap,2022-11-06,2022,11,6,7.339141538726353
Dong Thap,2022-11-07,2022,11,7,6.005061587130693
Dong Thap,2022-11-08,2022,11,8,0.5190009232927454
Dong Thap,2022-11-09,2022,11,9,0.0
Dong Thap,2022-11-10,2022,11,10,6.49707593915412
Dong Thap,2022-11-11,2022,11,11,0.0206995567673318
Dong Thap,2022-11-12,2022,11,12,9.279325633172627
Dong Thap,2022-11-13,2022,11,13,4.971643197298427
Dong Thap,2022-11-14,2022,11,14,0.1680097592263797
Dong Thap,2022-11-15,2022,11,15,7.392662703077997
Dong Thap,2022-11-16,2022,11,16,5.5725042550558905
Dong Thap,2022-11-17,2022,11,17,2.2736196347664666
Dong Thap,2022-11-18,2022,11,18,15.7141681546415
Dong Thap,2022-11-19,2022,11,19,27.9611274988061
Dong Thap,2022-11-20,2022,11,20,30.30780776466185
Dong Thap,2022-11-21,2022,11,21,7.703876150311702
Dong Thap,2022-11-22,2022,11,22,31.613043517733143
Dong Thap,2022-11-23,2022,11,23,9.803919243263444
Dong Thap,2022-11-24,2022,11,24,7.921826234474076
Dong Thap,2022-11-25,2022,11,25,1.5900098113535424
Dong Thap,2022-11-26,2022,11,26,8.079043163368294
Dong Thap,2022-11-27,2022,11,27,3.6096890205688577
Dong Thap,2022-11-28,2022,11,28,0.140342619120466
Dong Thap,2022-11-29,2022,11,29,0.0
Dong Thap,2022-11-30,2022,11,30,1.101587362355836
Dong Thap,2022-12-01,2022,12,1,5.950280515628792
Dong Thap,2022-12-02,2022,12,2,5.449645701046023
Dong Thap,2022-12-03,2022,12,3,26.86972337151049
Dong Thap,2022-12-04,2022,12,4,1.473651790026501
Dong Thap,2022-12-05,2022,12,5,6.066056774618511
Dong Thap,2022-12-06,2022,12,6,1.4194011727252025
Dong Thap,2022-12-07,2022,12,7,3.96526222850342
Dong Thap,2022-12-08,2022,12,8,0.1376369219194714
Dong Thap,2022-12-09,2022,12,9,0.0823450034468628
Dong Thap,2022-12-10,2022,12,10,0.0226226981085986
Dong Thap,2022-12-11,2022,12,11,0.0
Dong Thap,2022-12-12,2022,12,12,0.0
Dong Thap,2022-12-13,2022,12,13,0.0
Dong Thap,2022-12-14,2022,12,14,0.0
Dong Thap,2022-12-15,2022,12,15,0.0
Dong Thap,2022-12-16,2022,12,16,0.1801483942268046
Dong Thap,2022-12-17,2022,12,17,0.2876244531101194
Dong Thap,2022-12-18,2022,12,18,0.0
Dong Thap,2022-12-19,2022,12,19,0.0
Dong Thap,2022-12-20,2022,12,20,0.0
Dong Thap,2022-12-21,2022,12,21,0.0391840186398641
Dong Thap,2022-12-22,2022,12,22,0.0
Dong Thap,2022-12-23,2022,12,23,0.0
Dong Thap,2022-12-24,2022,12,24,0.0276427813768657
Dong Thap,2022-12-25,2022,12,25,0.0
Dong Thap,2022-12-26,2022,12,26,0.0
Dong Thap,2022-12-27,2022,12,27,0.0
Dong Thap,2022-12-28,2022,12,28,0.0
Dong Thap,2022-12-29,2022,12,29,0.0
Dong Thap,2022-12-30,2022,12,30,0.0
Dong Thap,2022-12-31,2022,12,31,2.2473836993874263
Dong Thap,2023-01-01,2023,1,1,0.0
Dong Thap,2023-01-02,2023,1,2,0.1854541342200836
Dong Thap,2023-01-03,2023,1,3,0.0
Dong Thap,2023-01-04,2023,1,4,3.366185068874528
Dong Thap,2023-01-05,2023,1,5,2.7289286832373127
Dong Thap,2023-01-06,2023,1,6,0.0768776555058094
Dong Thap,2023-01-07,2023,1,7,2.7789605062092284
Dong Thap,2023-01-08,2023,1,8,0.0
Dong Thap,2023-01-09,2023,1,9,3.4266975553351675
Dong Thap,2023-01-10,2023,1,10,6.67202414080267
Dong Thap,2023-01-11,2023,1,11,0.0
Dong Thap,2023-01-12,2023,1,12,1.6944872572635987
Dong Thap,2023-01-13,2023,1,13,0.0
Dong Thap,2023-01-14,2023,1,14,0.0
Dong Thap,2023-01-15,2023,1,15,0.0
Dong Thap,2023-01-16,2023,1,16,0.0
Dong Thap,2023-01-17,2023,1,17,0.0
Dong Thap,2023-01-18,2023,1,18,0.1428533704481834
Dong Thap,2023-01-19,2023,1,19,0.0097141758043641
Dong Thap,2023-01-20,2023,1,20,0.2084077150610154
Dong Thap,2023-01-21,2023,1,21,0.0
Dong Thap,2023-01-22,2023,1,22,2.217453917919142
Dong Thap,2023-01-23,2023,1,23,0.0
Dong Thap,2023-01-24,2023,1,24,0.3346389531480607
Dong Thap,2023-01-25,2023,1,25,0.9821529067834676
Dong Thap,2023-01-26,2023,1,26,0.0
Dong Thap,2023-01-27,2023,1,27,0.0
Dong Thap,2023-01-28,2023,1,28,0.850535456800382
Dong Thap,2023-01-29,2023,1,29,0.0
Dong Thap,2023-01-30,2023,1,30,0.404652012880221
Dong Thap,2023-01-31,2023,1,31,0.0
Dong Thap,2023-02-01,2023,2,1,0.0
Dong Thap,2023-02-02,2023,2,2,0.0672914312557755
Dong Thap,2023-02-03,2023,2,3,0.1346855699299196
Dong Thap,2023-02-04,2023,2,4,0.0099639415822116
Dong Thap,2023-02-05,2023,2,5,0.0
Dong Thap,2023-02-06,2023,2,6,0.0
Dong Thap,2023-02-07,2023,2,7,0.2384367381360542
Dong Thap,2023-02-08,2023,2,8,0.1897399315007397
Dong Thap,2023-02-09,2023,2,9,0.0
Dong Thap,2023-02-10,2023,2,10,0.0
Dong Thap,2023-02-11,2023,2,11,0.0
Dong Thap,2023-02-12,2023,2,12,0.6745817287995587
Dong Thap,2023-02-13,2023,2,13,4.68850574610805
Dong Thap,2023-02-14,2023,2,14,2.555712334715321
Dong Thap,2023-02-15,2023,2,15,0.0
Dong Thap,2023-02-16,2023,2,16,0.0
Dong Thap,2023-02-17,2023,2,17,0.0
Dong Thap,2023-02-18,2023,2,18,0.0
Dong Thap,2023-02-19,2023,2,19,1.6472817298936977
Dong Thap,2023-02-20,2023,2,20,0.3863353862333978
Dong Thap,2023-02-21,2023,2,21,0.0
Dong Thap,2023-02-22,2023,2,22,0.0
Dong Thap,2023-02-23,2023,2,23,0.0221202608230894
Dong Thap,2023-02-24,2023,2,24,0.0
Dong Thap,2023-02-25,2023,2,25,0.0
Dong Thap,2023-02-26,2023,2,26,0.0
Dong Thap,2023-02-27,2023,2,27,0.1241057855297925
Dong Thap,2023-02-28,2023,2,28,1.3645968015958907
Dong Thap,2023-03-01,2023,3,1,0.35732744757567
Dong Thap,2023-03-02,2023,3,2,0.5970540828030746
Dong Thap,2023-03-03,2023,3,3,0.057310047497521
Dong Thap,2023-03-04,2023,3,4,1.6710644068700635
Dong Thap,2023-03-05,2023,3,5,0.0
Dong Thap,2023-03-06,2023,3,6,0.4575737029253177
Dong Thap,2023-03-07,2023,3,7,0.0
Dong Thap,2023-03-08,2023,3,8,1.3336602747305082
Dong Thap,2023-03-09,2023,3,9,0.0
Dong Thap,2023-03-10,2023,3,10,0.0
Dong Thap,2023-03-11,2023,3,11,0.0
Dong Thap,2023-03-12,2023,3,12,0.0087294251856036
Dong Thap,2023-03-13,2023,3,13,0.0
Dong Thap,2023-03-14,2023,3,14,0.2900124656550867
Dong Thap,2023-03-15,2023,3,15,0.0
Dong Thap,2023-03-16,2023,3,16,0.0
Dong Thap,2023-03-17,2023,3,17,0.0
Dong Thap,2023-03-18,2023,3,18,0.0
Dong Thap,2023-03-19,2023,3,19,0.0
Dong Thap,2023-03-20,2023,3,20,0.0
Dong Thap,2023-03-21,2023,3,21,0.0
Dong Thap,2023-03-22,2023,3,22,0.0
Dong Thap,2023-03-23,2023,3,23,0.0
Dong Thap,2023-03-24,2023,3,24,0.0
Dong Thap,2023-03-25,2023,3,25,0.0
Dong Thap,2023-03-26,2023,3,26,0.0
Dong Thap,2023-03-27,2023,3,27,0.0
Dong Thap,2023-03-28,2023,3,28,0.3810193617854606
Dong Thap,2023-03-29,2023,3,29,0.0
Dong Thap,2023-03-30,2023,3,30,0.0
Dong Thap,2023-03-31,2023,3,31,0.0
Dong Thap,2023-04-01,2023,4,1,0.0
Dong Thap,2023-04-02,2023,4,2,2.045816729821151
Dong Thap,2023-04-03,2023,4,3,3.75127384284334
Dong Thap,2023-04-04,2023,4,4,0.781498666594892
Dong Thap,2023-04-05,2023,4,5,0.0
Dong Thap,2023-04-06,2023,4,6,0.0
Dong Thap,2023-04-07,2023,4,7,0.0
Dong Thap,2023-04-08,2023,4,8,0.0
Dong Thap,2023-04-09,2023,4,9,0.4651610399891194
Dong Thap,2023-04-10,2023,4,10,0.0
Dong Thap,2023-04-11,2023,4,11,0.0
Dong Thap,2023-04-12,2023,4,12,0.5254447608273234
Dong Thap,2023-04-13,2023,4,13,0.391334531824957
Dong Thap,2023-04-14,2023,4,14,0.0
Dong Thap,2023-04-15,2023,4,15,14.258652736547171
Dong Thap,2023-04-16,2023,4,16,16.025845009452333
Dong Thap,2023-04-17,2023,4,17,5.469215693612038
Dong Thap,2023-04-18,2023,4,18,0.0
Dong Thap,2023-04-19,2023,4,19,0.0032836486145241
Dong Thap,2023-04-20,2023,4,20,0.0
Dong Thap,2023-04-21,2023,4,21,0.0284707694332805
Dong Thap,2023-04-22,2023,4,22,0.0
Dong Thap,2023-04-23,2023,4,23,0.0
Dong Thap,2023-04-24,2023,4,24,1.099433252857146
Dong Thap,2023-04-25,2023,4,25,4.848826556221167
Dong Thap,2023-04-26,2023,4,26,0.0
Dong Thap,2023-04-27,2023,4,27,1.2784508429121095
Dong Thap,2023-04-28,2023,4,28,0.4861107944955298
Dong Thap,2023-04-29,2023,4,29,1.2274045029315706
Dong Thap,2023-04-30,2023,4,30,8.960645764437231
Dong Thap,2023-05-01,2023,5,1,0.1500976901355177
Dong Thap,2023-05-02,2023,5,2,0.5568514841198513
Dong Thap,2023-05-03,2023,5,3,0.0888514124754742
Dong Thap,2023-05-04,2023,5,4,0.0434534859503102
Dong Thap,2023-05-05,2023,5,5,0.0674357697594211
Dong Thap,2023-05-06,2023,5,6,0.0
Dong Thap,2023-05-07,2023,5,7,0.0054904431517172
Dong Thap,2023-05-08,2023,5,8,10.257830058281344
Dong Thap,2023-05-09,2023,5,9,5.657793805446108
Dong Thap,2023-05-10,2023,5,10,4.01573455394572
Dong Thap,2023-05-11,2023,5,11,12.493045827605057
Dong Thap,2023-05-12,2023,5,12,9.182715075902449
Dong Thap,2023-05-13,2023,5,13,3.1786021193003795
Dong Thap,2023-05-14,2023,5,14,4.819829227562147
Dong Thap,2023-05-15,2023,5,15,6.782176776932619
Dong Thap,2023-05-16,2023,5,16,3.81933415819924
Dong Thap,2023-05-17,2023,5,17,6.730592868774148
Dong Thap,2023-05-18,2023,5,18,4.624681822751041
Dong Thap,2023-05-19,2023,5,19,2.1649480549445723
Dong Thap,2023-05-20,2023,5,20,5.279275380769823
Dong Thap,2023-05-21,2023,5,21,8.332349423718934
Dong Thap,2023-05-22,2023,5,22,6.404371913061785
Dong Thap,2023-05-23,2023,5,23,2.415641852570196
Dong Thap,2023-05-24,2023,5,24,4.644370734299393
Dong Thap,2023-05-25,2023,5,25,3.775913867843321
Dong Thap,2023-05-26,2023,5,26,10.675968214325115
Dong Thap,2023-05-27,2023,5,27,7.959201469074063
Dong Thap,2023-05-28,2023,5,28,0.014936302385553
Dong Thap,2023-05-29,2023,5,29,2.282849462395599
Dong Thap,2023-05-30,2023,5,30,2.403047149714792
Dong Thap,2023-05-31,2023,5,31,8.711841627904716
Dong Thap,2023-06-01,2023,6,1,4.392898530254888
Dong Thap,2023-06-02,2023,6,2,5.0896336266127244
Dong Thap,2023-06-03,2023,6,3,3.581228646610986
Dong Thap,2023-06-04,2023,6,4,8.42569346681646
Dong Thap,2023-06-05,2023,6,5,9.065517428154196
Dong Thap,2023-06-06,2023,6,6,3.740877665459282
Dong Thap,2023-06-07,2023,6,7,3.486489265906936
Dong Thap,2023-06-08,2023,6,8,2.29904656532483
Dong Thap,2023-06-09,2023,6,9,0.3801439963881324
Dong Thap,2023-06-10,2023,6,10,2.776464316048046
Dong Thap,2023-06-11,2023,6,11,0.0
Dong Thap,2023-06-12,2023,6,12,7.089495277219492
Dong Thap,2023-06-13,2023,6,13,2.099474390455998
Dong Thap,2023-06-14,2023,6,14,0.0
Dong Thap,2023-06-15,2023,6,15,2.6263643445302103
Dong Thap,2023-06-16,2023,6,16,4.892296750210892
Dong Thap,2023-06-17,2023,6,17,9.657739080517418
Dong Thap,2023-06-18,2023,6,18,4.868017883968374
Dong Thap,2023-06-19,2023,6,19,0.046113203226208
Dong Thap,2023-06-20,2023,6,20,10.137244811796776
Dong Thap,2023-06-21,2023,6,21,2.379776499088534
Dong Thap,2023-06-22,2023,6,22,5.462110409944647
Dong Thap,2023-06-23,2023,6,23,0.3637654599362768
Dong Thap,2023-06-24,2023,6,24,2.3769086205164043
Dong Thap,2023-06-25,2023,6,25,9.337867537593256
Dong Thap,2023-06-26,2023,6,26,3.9492371447683583
Dong Thap,2023-06-27,2023,6,27,12.783462899854344
Dong Thap,2023-06-28,2023,6,28,7.297629784051321
Dong Thap,2023-06-29,2023,6,29,9.002270084350371
Dong Thap,2023-06-30,2023,6,30,10.75691097644767
Dong Thap,2023-07-01,2023,7,1,17.079032240336993
Dong Thap,2023-07-02,2023,7,2,7.261728605466386
Dong Thap,2023-07-03,2023,7,3,12.4855333472464
Dong Thap,2023-07-04,2023,7,4,0.3952035668257657
Dong Thap,2023-07-05,2023,7,5,10.435472396311638
Dong Thap,2023-07-06,2023,7,6,7.750397590848897
Dong Thap,2023-07-07,2023,7,7,6.022440471899651
Dong Thap,2023-07-08,2023,7,8,5.586469812953935
Dong Thap,2023-07-09,2023,7,9,6.349237514037188
Dong Thap,2023-07-10,2023,7,10,1.7324331592872395
Dong Thap,2023-07-11,2023,7,11,5.931078727726279
Dong Thap,2023-07-12,2023,7,12,3.3347666704292216
Dong Thap,2023-07-13,2023,7,13,9.596893992571705
Dong Thap,2023-07-14,2023,7,14,10.514706096452782
Dong Thap,2023-07-15,2023,7,15,3.14687378962537
Dong Thap,2023-07-16,2023,7,16,16.014237491863234
Dong Thap,2023-07-17,2023,7,17,12.340131999218515
Dong Thap,2023-07-18,2023,7,18,1.159908720552718
Dong Thap,2023-07-19,2023,7,19,8.390538525582711
Dong Thap,2023-07-20,2023,7,20,6.471729580942722
Dong Thap,2023-07-21,2023,7,21,6.222542267187072
Dong Thap,2023-07-22,2023,7,22,5.125366903430673
Dong Thap,2023-07-23,2023,7,23,20.726414574620826
Dong Thap,2023-07-24,2023,7,24,16.712024858608135
Dong Thap,2023-07-25,2023,7,25,1.7234341621209568
Dong Thap,2023-07-26,2023,7,26,13.840884464896664
Dong Thap,2023-07-27,2023,7,27,12.073465326312771
Dong Thap,2023-07-28,2023,7,28,14.18252432455896
Dong Thap,2023-07-29,2023,7,29,5.952007153007427
Dong Thap,2023-07-30,2023,7,30,7.665402458595638
Dong Thap,2023-07-31,2023,7,31,6.985546432670506
Dong Thap,2023-08-01,2023,8,1,3.4982020542319723
Dong Thap,2023-08-02,2023,8,2,1.4804022987636272
Dong Thap,2023-08-03,2023,8,3,6.383777646472562
Dong Thap,2023-08-04,2023,8,4,3.9816531328548215
Dong Thap,2023-08-05,2023,8,5,0.2284369566609914
Dong Thap,2023-08-06,2023,8,6,0.0075467269464444
Dong Thap,2023-08-07,2023,8,7,1.039270199431241
Dong Thap,2023-08-08,2023,8,8,0.2880904408899162
Dong Thap,2023-08-09,2023,8,9,0.0
Dong Thap,2023-08-10,2023,8,10,2.848496188307554
Dong Thap,2023-08-11,2023,8,11,0.0
Dong Thap,2023-08-12,2023,8,12,2.2508356646666963
Dong Thap,2023-08-13,2023,8,13,7.628032756847183
Dong Thap,2023-08-14,2023,8,14,11.06152975176477
Dong Thap,2023-08-15,2023,8,15,0.3914764431062835
Dong Thap,2023-08-16,2023,8,16,4.100993993920967
Dong Thap,2023-08-17,2023,8,17,10.694430431406426
Dong Thap,2023-08-18,2023,8,18,9.858814135001088
Dong Thap,2023-08-19,2023,8,19,18.616031431992194
Dong Thap,2023-08-20,2023,8,20,4.807486115134651
Dong Thap,2023-08-21,2023,8,21,6.055412234978959
Dong Thap,2023-08-22,2023,8,22,6.574987995061901
Dong Thap,2023-08-23,2023,8,23,0.566314209906022
Dong Thap,2023-08-24,2023,8,24,0.9439201306696242
Dong Thap,2023-08-25,2023,8,25,2.021310880012676
Dong Thap,2023-08-26,2023,8,26,4.811690219049281
Dong Thap,2023-08-27,2023,8,27,6.3603985204308735
Dong Thap,2023-08-28,2023,8,28,7.829973407287512
Dong Thap,2023-08-29,2023,8,29,6.331951047581879
Dong Thap,2023-08-30,2023,8,30,4.855057665414216
Dong Thap,2023-08-31,2023,8,31,7.892948449746748
Dong Thap,2023-09-01,2023,9,1,8.44033425054989
Dong Thap,2023-09-02,2023,9,2,0.320659513717772
Dong Thap,2023-09-03,2023,9,3,9.695877226215382
Dong Thap,2023-09-04,2023,9,4,2.9323057085579944
Dong Thap,2023-09-05,2023,9,5,4.993789631864069
Dong Thap,2023-09-06,2023,9,6,4.340067031941014
Dong Thap,2023-09-07,2023,9,7,1.304151187245743
Dong Thap,2023-09-08,2023,9,8,13.910288547993456
Dong Thap,2023-09-09,2023,9,9,14.41337338933902
Dong Thap,2023-09-10,2023,9,10,0.4290414709054289
Dong Thap,2023-09-11,2023,9,11,0.0
Dong Thap,2023-09-12,2023,9,12,1.5145852243735287
Dong Thap,2023-09-13,2023,9,13,5.9824109633871805
Dong Thap,2023-09-14,2023,9,14,6.652175663900881
Dong Thap,2023-09-15,2023,9,15,0.1571842048859038
Dong Thap,2023-09-16,2023,9,16,5.445776851959768
Dong Thap,2023-09-17,2023,9,17,4.895697439612243
Dong Thap,2023-09-18,2023,9,18,2.7870757043740357
Dong Thap,2023-09-19,2023,9,19,10.445660151549683
Dong Thap,2023-09-20,2023,9,20,8.076200752652415
Dong Thap,2023-09-21,2023,9,21,9.285555168928834
Dong Thap,2023-09-22,2023,9,22,5.726060552927866
Dong Thap,2023-09-23,2023,9,23,8.86519676331952
Dong Thap,2023-09-24,2023,9,24,12.99363253044654
Dong Thap,2023-09-25,2023,9,25,6.092793693963376
Dong Thap,2023-09-26,2023,9,26,12.41244000211334
Dong Thap,2023-09-27,2023,9,27,9.883990162221483
Dong Thap,2023-09-28,2023,9,28,0.3490554021617736
Dong Thap,2023-09-29,2023,9,29,11.476268964970709
Dong Thap,2023-09-30,2023,9,30,4.181209166039948
Dong Thap,2023-10-01,2023,10,1,24.935563056464083
Dong Thap,2023-10-02,2023,10,2,27.89376627092379
Dong Thap,2023-10-03,2023,10,3,0.0
Dong Thap,2023-10-04,2023,10,4,0.0
Dong Thap,2023-10-05,2023,10,5,6.420831840785416
Dong Thap,2023-10-06,2023,10,6,2.3264605882880844
Dong Thap,2023-10-07,2023,10,7,1.758684581579711
Dong Thap,2023-10-08,2023,10,8,3.331774206220468
Dong Thap,2023-10-09,2023,10,9,0.2491982334259823
Dong Thap,2023-10-10,2023,10,10,7.04449444653524
Dong Thap,2023-10-11,2023,10,11,5.294739183145826
Dong Thap,2023-10-12,2023,10,12,9.38175823823351
Dong Thap,2023-10-13,2023,10,13,6.680169046709588
Dong Thap,2023-10-14,2023,10,14,11.49471331255382
Dong Thap,2023-10-15,2023,10,15,15.265651454643132
Dong Thap,2023-10-16,2023,10,16,6.714613224390493
Dong Thap,2023-10-17,2023,10,17,14.422134980096114
Dong Thap,2023-10-18,2023,10,18,7.38050357232917
Dong Thap,2023-10-19,2023,10,19,5.301876646281641
Dong Thap,2023-10-20,2023,10,20,1.4053678793487343
Dong Thap,2023-10-21,2023,10,21,0.627035672712791
Dong Thap,2023-10-22,2023,10,22,14.064235975202958
Dong Thap,2023-10-23,2023,10,23,8.657917351795207
Dong Thap,2023-10-24,2023,10,24,2.1175072822598926
Dong Thap,2023-10-25,2023,10,25,11.026490142306471
Dong Thap,2023-10-26,2023,10,26,6.268093244259062
Dong Thap,2023-10-27,2023,10,27,12.445522954370905
Dong Thap,2023-10-28,2023,10,28,9.873504348249694
Dong Thap,2023-10-29,2023,10,29,16.642643525455977
Dong Thap,2023-10-30,2023,10,30,5.591707045295649
Dong Thap,2023-10-31,2023,10,31,9.940416419319424
Dong Thap,2023-11-01,2023,11,1,7.50402838575994
Dong Thap,2023-11-02,2023,11,2,15.480034603846963
Dong Thap,2023-11-03,2023,11,3,13.210374235362996
Dong Thap,2023-11-04,2023,11,4,5.424771320124668
Dong Thap,2023-11-05,2023,11,5,16.155053512982988
Dong Thap,2023-11-06,2023,11,6,1.7650615474196925
Dong Thap,2023-11-07,2023,11,7,12.45394465515936
Dong Thap,2023-11-08,2023,11,8,4.483177303821558
Dong Thap,2023-11-09,2023,11,9,20.488355963062958
Dong Thap,2023-11-10,2023,11,10,4.750590712298656
Dong Thap,2023-11-11,2023,11,11,0.0276989047425064
Dong Thap,2023-11-12,2023,11,12,3.8089016127916366
Dong Thap,2023-11-13,2023,11,13,15.567384887720843
Dong Thap,2023-11-14,2023,11,14,13.82966945943362
Dong Thap,2023-11-15,2023,11,15,2.7054635998422056
Dong Thap,2023-11-16,2023,11,16,0.2523623520496996
Dong Thap,2023-11-17,2023,11,17,0.3606504296293489
Dong Thap,2023-11-18,2023,11,18,3.1463567633152207
Dong Thap,2023-11-19,2023,11,19,0.0520740405810455
Dong Thap,2023-11-20,2023,11,20,1.978720351786523
Dong Thap,2023-11-21,2023,11,21,0.0
Dong Thap,2023-11-22,2023,11,22,0.0847455514296939
Dong Thap,2023-11-23,2023,11,23,6.285284943420491
Dong Thap,2023-11-24,2023,11,24,0.3574203071489824
Dong Thap,2023-11-25,2023,11,25,1.3409341593326445
Dong Thap,2023-11-26,2023,11,26,4.499225013991019
Dong Thap,2023-11-27,2023,11,27,0.0
Dong Thap,2023-11-28,2023,11,28,1.7101056758835922
Dong Thap,2023-11-29,2023,11,29,1.3227208559005088
Dong Thap,2023-11-30,2023,11,30,1.8714395885852175
Dong Thap,2023-12-01,2023,12,1,2.633598699810717
Dong Thap,2023-12-02,2023,12,2,11.98430174506654
Dong Thap,2023-12-03,2023,12,3,0.0
Dong Thap,2023-12-04,2023,12,4,0.0946985563643264
Dong Thap,2023-12-05,2023,12,5,0.0251746140141483
Dong Thap,2023-12-06,2023,12,6,2.5056887668683614
Dong Thap,2023-12-07,2023,12,7,0.2475229109026066
Dong Thap,2023-12-08,2023,12,8,0.3877401521971685
Dong Thap,2023-12-09,2023,12,9,0.0
Dong Thap,2023-12-10,2023,12,10,0.0
Dong Thap,2023-12-11,2023,12,11,0.0005357707908750255
Dong Thap,2023-12-12,2023,12,12,0.0
Dong Thap,2023-12-13,2023,12,13,0.1010081268963641
Dong Thap,2023-12-14,2023,12,14,0.0546927561301721
Dong Thap,2023-12-15,2023,12,15,0.0779123369148725
Dong Thap,2023-12-16,2023,12,16,0.0
Dong Thap,2023-12-17,2023,12,17,0.0
Dong Thap,2023-12-18,2023,12,18,0.0
Dong Thap,2023-12-19,2023,12,19,0.0
Dong Thap,2023-12-20,2023,12,20,0.0
Dong Thap,2023-12-21,2023,12,21,0.0
Dong Thap,2023-12-22,2023,12,22,0.3639416666678188
Dong Thap,2023-12-23,2023,12,23,0.0
Dong Thap,2023-12-24,2023,12,24,0.0
Dong Thap,2023-12-25,2023,12,25,0.0
Dong Thap,2023-12-26,2023,12,26,0.0
Dong Thap,2023-12-27,2023,12,27,0.0
Dong Thap,2023-12-28,2023,12,28,0.0465719283357455
Dong Thap,2023-12-29,2023,12,29,0.0182152614961115
Dong Thap,2023-12-30,2023,12,30,0.0
Dong Thap,2023-12-31,2023,12,31,0.0
Dong Thap,2024-01-01,2024,1,1,0.0
Dong Thap,2024-01-02,2024,1,2,0.0
Dong Thap,2024-01-03,2024,1,3,0.5608069468970088
Dong Thap,2024-01-04,2024,1,4,0.0
Dong Thap,2024-01-05,2024,1,5,0.3176348524682505
Dong Thap,2024-01-06,2024,1,6,0.1169230388302041
Dong Thap,2024-01-07,2024,1,7,0.0
Dong Thap,2024-01-08,2024,1,8,0.7196298289933332
Dong Thap,2024-01-09,2024,1,9,0.0
Dong Thap,2024-01-10,2024,1,10,0.0
Dong Thap,2024-01-11,2024,1,11,0.0
Dong Thap,2024-01-12,2024,1,12,0.0096132591052311
Dong Thap,2024-01-13,2024,1,13,0.0512341484816295
Dong Thap,2024-01-14,2024,1,14,0.1198806120325763
Dong Thap,2024-01-15,2024,1,15,1.3486521164995482
Dong Thap,2024-01-16,2024,1,16,0.1090749899411055
Dong Thap,2024-01-17,2024,1,17,0.1983503057676998
Dong Thap,2024-01-18,2024,1,18,0.0
Dong Thap,2024-01-19,2024,1,19,0.0
Dong Thap,2024-01-20,2024,1,20,5.0891648988713465
Dong Thap,2024-01-21,2024,1,21,0.7719043776281355
Dong Thap,2024-01-22,2024,1,22,0.2073546462868356
Dong Thap,2024-01-23,2024,1,23,0.0
Dong Thap,2024-01-24,2024,1,24,0.0
Dong Thap,2024-01-25,2024,1,25,0.0
Dong Thap,2024-01-26,2024,1,26,0.0
Dong Thap,2024-01-27,2024,1,27,0.5084540489473551
Dong Thap,2024-01-28,2024,1,28,0.02232048756037
Dong Thap,2024-01-29,2024,1,29,0.0
Dong Thap,2024-01-30,2024,1,30,0.0
Dong Thap,2024-01-31,2024,1,31,0.0
Dong Thap,2024-02-01,2024,2,1,0.0
Dong Thap,2024-02-02,2024,2,2,0.0
Dong Thap,2024-02-03,2024,2,3,0.0
Dong Thap,2024-02-04,2024,2,4,0.0
Dong Thap,2024-02-05,2024,2,5,0.0
Dong Thap,2024-02-06,2024,2,6,0.0
Dong Thap,2024-02-07,2024,2,7,0.0
Dong Thap,2024-02-08,2024,2,8,0.0
Dong Thap,2024-02-09,2024,2,9,0.0
Dong Thap,2024-02-10,2024,2,10,0.0
Dong Thap,2024-02-11,2024,2,11,0.0
Dong Thap,2024-02-12,2024,2,12,0.0
Dong Thap,2024-02-13,2024,2,13,0.0
Dong Thap,2024-02-14,2024,2,14,0.0
Dong Thap,2024-02-15,2024,2,15,0.0
Dong Thap,2024-02-16,2024,2,16,0.0
Dong Thap,2024-02-17,2024,2,17,0.0
Dong Thap,2024-02-18,2024,2,18,0.0
Dong Thap,2024-02-19,2024,2,19,0.0
Dong Thap,2024-02-20,2024,2,20,0.0
Dong Thap,2024-02-21,2024,2,21,0.0
Dong Thap,2024-02-22,2024,2,22,0.0
Dong Thap,2024-02-23,2024,2,23,0.0
Dong Thap,2024-02-24,2024,2,24,0.0
Dong Thap,2024-02-25,2024,2,25,0.0
Dong Thap,2024-02-26,2024,2,26,0.0
Dong Thap,2024-02-27,2024,2,27,0.1511007915123103
Dong Thap,2024-02-28,2024,2,28,0.0
Dong Thap,2024-02-29,2024,2,29,0.0
Dong Thap,2024-03-01,2024,3,1,0.0
Dong Thap,2024-03-02,2024,3,2,0.6109486979869638
Dong Thap,2024-03-03,2024,3,3,0.0
Dong Thap,2024-03-04,2024,3,4,0.0
Dong Thap,2024-03-05,2024,3,5,0.0
Dong Thap,2024-03-06,2024,3,6,0.0
Dong Thap,2024-03-07,2024,3,7,0.7459447759740171
Dong Thap,2024-03-08,2024,3,8,0.0
Dong Thap,2024-03-09,2024,3,9,0.3124119314086768
Dong Thap,2024-03-10,2024,3,10,0.0242883415348761
Dong Thap,2024-03-11,2024,3,11,0.0
Dong Thap,2024-03-12,2024,3,12,0.613720236227359
Dong Thap,2024-03-13,2024,3,13,0.0
Dong Thap,2024-03-14,2024,3,14,0.0
Dong Thap,2024-03-15,2024,3,15,0.0294109689579384
Dong Thap,2024-03-16,2024,3,16,0.0041723504936394
Dong Thap,2024-03-17,2024,3,17,0.0
Dong Thap,2024-03-18,2024,3,18,0.0
Dong Thap,2024-03-19,2024,3,19,0.0
Dong Thap,2024-03-20,2024,3,20,0.0080706631891143
Dong Thap,2024-03-21,2024,3,21,0.0
Dong Thap,2024-03-22,2024,3,22,0.0
Dong Thap,2024-03-23,2024,3,23,0.0
Dong Thap,2024-03-24,2024,3,24,0.0947710026722525
Dong Thap,2024-03-25,2024,3,25,0.0
Dong Thap,2024-03-26,2024,3,26,3.2325343770831507
Dong Thap,2024-03-27,2024,3,27,0.0
Dong Thap,2024-03-28,2024,3,28,3.460274345613213
Dong Thap,2024-03-29,2024,3,29,2.8851825346988917
Dong Thap,2024-03-30,2024,3,30,0.7447361453390454
Dong Thap,2024-03-31,2024,3,31,0.1306222744517675
Dong Thap,2024-04-01,2024,4,1,0.0258762472262045
Dong Thap,2024-04-02,2024,4,2,3.799801350914622
Dong Thap,2024-04-03,2024,4,3,0.0
Dong Thap,2024-04-04,2024,4,4,0.0
Dong Thap,2024-04-05,2024,4,5,0.0
Dong Thap,2024-04-06,2024,4,6,0.0
Dong Thap,2024-04-07,2024,4,7,0.0
Dong Thap,2024-04-08,2024,4,8,1.3436086528427558
Dong Thap,2024-04-09,2024,4,9,0.0
Dong Thap,2024-04-10,2024,4,10,0.0
Dong Thap,2024-04-11,2024,4,11,0.1042391983824181
Dong Thap,2024-04-12,2024,4,12,0.0144993807562424
Dong Thap,2024-04-13,2024,4,13,1.2725789984846652
Dong Thap,2024-04-14,2024,4,14,0.04515759665603
Dong Thap,2024-04-15,2024,4,15,0.0008567249818514743
Dong Thap,2024-04-16,2024,4,16,0.0
Dong Thap,2024-04-17,2024,4,17,0.0
Dong Thap,2024-04-18,2024,4,18,0.009634260204013
Dong Thap,2024-04-19,2024,4,19,0.0
Dong Thap,2024-04-20,2024,4,20,0.0
Dong Thap,2024-04-21,2024,4,21,0.0
Dong Thap,2024-04-22,2024,4,22,0.0
Dong Thap,2024-04-23,2024,4,23,0.0
Dong Thap,2024-04-24,2024,4,24,0.0
Dong Thap,2024-04-25,2024,4,25,0.0
Dong Thap,2024-04-26,2024,4,26,0.0370377978081331
Dong Thap,2024-04-27,2024,4,27,0.0
Dong Thap,2024-04-28,2024,4,28,0.0
Dong Thap,2024-04-29,2024,4,29,0.0
Dong Thap,2024-04-30,2024,4,30,0.0060533099662616
Dong Thap,2024-05-01,2024,5,1,0.0
Dong Thap,2024-05-02,2024,5,2,0.0
Dong Thap,2024-05-03,2024,5,3,1.4025116837603553
Dong Thap,2024-05-04,2024,5,4,3.105593273685393
Dong Thap,2024-05-05,2024,5,5,7.93746525077612
Dong Thap,2024-05-06,2024,5,6,0.0
Dong Thap,2024-05-07,2024,5,7,11.547339048844384
Dong Thap,2024-05-08,2024,5,8,2.931644189775679
Dong Thap,2024-05-09,2024,5,9,7.866614942543082
Dong Thap,2024-05-10,2024,5,10,1.486949742929124
Dong Thap,2024-05-11,2024,5,11,3.600250887308148
Dong Thap,2024-05-12,2024,5,12,5.3449881998338125
Dong Thap,2024-05-13,2024,5,13,7.574309945769228
Dong Thap,2024-05-14,2024,5,14,1.9184187618220545
Dong Thap,2024-05-15,2024,5,15,12.814454407304591
Dong Thap,2024-05-16,2024,5,16,7.117995018614964
Dong Thap,2024-05-17,2024,5,17,13.388324578062104
Dong Thap,2024-05-18,2024,5,18,1.717591488095254
Dong Thap,2024-05-19,2024,5,19,3.0172976842841126
Dong Thap,2024-05-20,2024,5,20,11.094482816858896
Dong Thap,2024-05-21,2024,5,21,4.2998502461283215
Dong Thap,2024-05-22,2024,5,22,0.6642665092856372
Dong Thap,2024-05-23,2024,5,23,6.210932644885872
Dong Thap,2024-05-24,2024,5,24,0.6679991896606393
Dong Thap,2024-05-25,2024,5,25,5.497921874720897
Dong Thap,2024-05-26,2024,5,26,1.8387015868685848
Dong Thap,2024-05-27,2024,5,27,7.026157327735128
Dong Thap,2024-05-28,2024,5,28,6.308263744752312
Dong Thap,2024-05-29,2024,5,29,11.722305394271231
Dong Thap,2024-05-30,2024,5,30,7.878411026357493
Dong Thap,2024-05-31,2024,5,31,9.673776829056058
Dong Thap,2024-06-01,2024,6,1,4.601843408176841
Dong Thap,2024-06-02,2024,6,2,0.8205725935978603
Dong Thap,2024-06-03,2024,6,3,0.2145555708071312
Dong Thap,2024-06-04,2024,6,4,0.6575951576503406
Dong Thap,2024-06-05,2024,6,5,2.0304669409090894
Dong Thap,2024-06-06,2024,6,6,2.6955932359090053
Dong Thap,2024-06-07,2024,6,7,5.764712222571378
Dong Thap,2024-06-08,2024,6,8,13.53048933976519
Dong Thap,2024-06-09,2024,6,9,5.345367663655117
Dong Thap,2024-06-10,2024,6,10,0.1382200625415071
Dong Thap,2024-06-11,2024,6,11,4.09388002074303
Dong Thap,2024-06-12,2024,6,12,2.518841949901208
Dong Thap,2024-06-13,2024,6,13,1.1484019784922497
Dong Thap,2024-06-14,2024,6,14,2.4319976144923565
Dong Thap,2024-06-15,2024,6,15,7.014507109233786
Dong Thap,2024-06-16,2024,6,16,0.4405014316376195
Dong Thap,2024-06-17,2024,6,17,8.131362504528468
Dong Thap,2024-06-18,2024,6,18,5.414250928797848
Dong Thap,2024-06-19,2024,6,19,16.099755747452967
Dong Thap,2024-06-20,2024,6,20,19.58108831680034
Dong Thap,2024-06-21,2024,6,21,17.14873421189463
Dong Thap,2024-06-22,2024,6,22,1.4387836581810758
Dong Thap,2024-06-23,2024,6,23,3.90425265077455
Dong Thap,2024-06-24,2024,6,24,5.229603988291969
Dong Thap,2024-06-25,2024,6,25,5.9397680298768645
Dong Thap,2024-06-26,2024,6,26,4.953469535053141
Dong Thap,2024-06-27,2024,6,27,7.305766366887093
Dong Thap,2024-06-28,2024,6,28,2.165145027189804
Dong Thap,2024-06-29,2024,6,29,0.6636295877253354
Dong Thap,2024-06-30,2024,6,30,1.760882316518592
Dong Thap,2024-07-01,2024,7,1,0.610198621255404
Dong Thap,2024-07-02,2024,7,2,15.743317125307229
Dong Thap,2024-07-03,2024,7,3,9.039870469044576
Dong Thap,2024-07-04,2024,7,4,12.200048985937316
Dong Thap,2024-07-05,2024,7,5,1.737977810990169
Dong Thap,2024-07-06,2024,7,6,6.525059783664289
Dong Thap,2024-07-07,2024,7,7,16.81833997255878
Dong Thap,2024-07-08,2024,7,8,6.981630487170974
Dong Thap,2024-07-09,2024,7,9,16.477936734776115
Dong Thap,2024-07-10,2024,7,10,1.9694570723049531
Dong Thap,2024-07-11,2024,7,11,9.18459496332832
Dong Thap,2024-07-12,2024,7,12,8.232187636590526
Dong Thap,2024-07-13,2024,7,13,2.238864762904233
Dong Thap,2024-07-14,2024,7,14,1.8126190313547408
Dong Thap,2024-07-15,2024,7,15,11.552643396550351
Dong Thap,2024-07-16,2024,7,16,4.722280977290045
Dong Thap,2024-07-17,2024,7,17,11.985926467111272
Dong Thap,2024-07-18,2024,7,18,13.066618597437143
Dong Thap,2024-07-19,2024,7,19,10.069044144902335
Dong Thap,2024-07-20,2024,7,20,4.600266700364954
Dong Thap,2024-07-21,2024,7,21,5.144130261977132
Dong Thap,2024-07-22,2024,7,22,13.165734587950247
Dong Thap,2024-07-23,2024,7,23,0.1534493761536537
Dong Thap,2024-07-24,2024,7,24,2.080028696898189
Dong Thap,2024-07-25,2024,7,25,4.459902569533258
Dong Thap,2024-07-26,2024,7,26,5.84867291265749
Dong Thap,2024-07-27,2024,7,27,9.15030998329686
Dong Thap,2024-07-28,2024,7,28,1.457512874951675
Dong Thap,2024-07-29,2024,7,29,6.969845151587462
Dong Thap,2024-07-30,2024,7,30,0.753775977293109
Dong Thap,2024-07-31,2024,7,31,12.375986678058766
Dong Thap,2024-08-01,2024,8,1,2.2933717164791485
Dong Thap,2024-08-02,2024,8,2,10.912269272899202
Dong Thap,2024-08-03,2024,8,3,12.513263063160826
Dong Thap,2024-08-04,2024,8,4,10.713410610470444
Dong Thap,2024-08-05,2024,8,5,4.574333651092335
Dong Thap,2024-08-06,2024,8,6,6.46609261211338
Dong Thap,2024-08-07,2024,8,7,2.1499997120353127
Dong Thap,2024-08-08,2024,8,8,0.0164430515956034
Dong Thap,2024-08-09,2024,8,9,5.266564326641885
Dong Thap,2024-08-10,2024,8,10,0.4693505958902716
Dong Thap,2024-08-11,2024,8,11,0.0187060365824031
Dong Thap,2024-08-12,2024,8,12,3.2827293637227863
Dong Thap,2024-08-13,2024,8,13,4.001531832216005
Dong Thap,2024-08-14,2024,8,14,0.8268805797040014
Dong Thap,2024-08-15,2024,8,15,5.990043947924985
Dong Thap,2024-08-16,2024,8,16,4.151778604476013
Dong Thap,2024-08-17,2024,8,17,3.4425868407882514
Dong Thap,2024-08-18,2024,8,18,0.0
Dong Thap,2024-08-19,2024,8,19,0.5275148099881328
Dong Thap,2024-08-20,2024,8,20,3.816327511300595
Dong Thap,2024-08-21,2024,8,21,2.8528752205544703
Dong Thap,2024-08-22,2024,8,22,3.052092627478694
Dong Thap,2024-08-23,2024,8,23,5.619772747622233
Dong Thap,2024-08-24,2024,8,24,3.5641372365923942
Dong Thap,2024-08-25,2024,8,25,5.202133392378777
Dong Thap,2024-08-26,2024,8,26,6.810238929503029
Dong Thap,2024-08-27,2024,8,27,8.522472208269008
Dong Thap,2024-08-28,2024,8,28,16.65268393143899
Dong Thap,2024-08-29,2024,8,29,12.511483355420006
Dong Thap,2024-08-30,2024,8,30,7.77935416317186
Dong Thap,2024-08-31,2024,8,31,7.445020844829794
Dong Thap,2024-09-01,2024,9,1,14.752088515618391
Dong Thap,2024-09-02,2024,9,2,0.1395065110842062
Dong Thap,2024-09-03,2024,9,3,2.1949217405777968
Dong Thap,2024-09-04,2024,9,4,5.337714154399221
Dong Thap,2024-09-05,2024,9,5,8.692789751695669
Dong Thap,2024-09-06,2024,9,6,8.025271696543408
Dong Thap,2024-09-07,2024,9,7,2.0392781716234856
Dong Thap,2024-09-08,2024,9,8,0.0109587905221388
Dong Thap,2024-09-09,2024,9,9,2.029808672182625
Dong Thap,2024-09-10,2024,9,10,18.70080802297007
Dong Thap,2024-09-11,2024,9,11,6.9204493034635215
Dong Thap,2024-09-12,2024,9,12,18.97895494260997
Dong Thap,2024-09-13,2024,9,13,17.18338682490842
Dong Thap,2024-09-14,2024,9,14,6.992997568427822
Dong Thap,2024-09-15,2024,9,15,7.671314385057927
Dong Thap,2024-09-16,2024,9,16,9.643160193759568
Dong Thap,2024-09-17,2024,9,17,10.108689019563434
Dong Thap,2024-09-18,2024,9,18,11.352823071227418
Dong Thap,2024-09-19,2024,9,19,2.246789166905426
Dong Thap,2024-09-20,2024,9,20,11.803995021703638
Dong Thap,2024-09-21,2024,9,21,20.159125601295877
Dong Thap,2024-09-22,2024,9,22,0.9411610748888494
Dong Thap,2024-09-23,2024,9,23,13.229100408266264
Dong Thap,2024-09-24,2024,9,24,2.1359469233279813
Dong Thap,2024-09-25,2024,9,25,4.502281526508097
Dong Thap,2024-09-26,2024,9,26,4.3886344501673005
Dong Thap,2024-09-27,2024,9,27,2.5313887090295624
Dong Thap,2024-09-28,2024,9,28,0.2923276387045164
Dong Thap,2024-09-29,2024,9,29,0.0
Dong Thap,2024-09-30,2024,9,30,0.3880292286076511
Dong Thap,2024-10-01,2024,10,1,11.31263844851114
Dong Thap,2024-10-02,2024,10,2,7.141919089223834
Dong Thap,2024-10-03,2024,10,3,17.70918322978226
Dong Thap,2024-10-04,2024,10,4,9.221432460214588
Dong Thap,2024-10-05,2024,10,5,14.780304029303284
Dong Thap,2024-10-06,2024,10,6,11.00590104581494
Dong Thap,2024-10-07,2024,10,7,12.974006685319058
Dong Thap,2024-10-08,2024,10,8,21.022317063600145
Dong Thap,2024-10-09,2024,10,9,14.258122706970497
Dong Thap,2024-10-10,2024,10,10,12.496098506970007
Dong Thap,2024-10-11,2024,10,11,14.173618604218788
Dong Thap,2024-10-12,2024,10,12,14.025359453474929
Dong Thap,2024-10-13,2024,10,13,4.099463923125681
Dong Thap,2024-10-14,2024,10,14,5.768061943448585
Dong Thap,2024-10-15,2024,10,15,19.20914821421069
Dong Thap,2024-10-16,2024,10,16,21.92278153801115
Dong Thap,2024-10-17,2024,10,17,18.57689352816725
Dong Thap,2024-10-18,2024,10,18,3.970223126077099
Dong Thap,2024-10-19,2024,10,19,7.138365930065913
Dong Thap,2024-10-20,2024,10,20,15.14200609599161
Dong Thap,2024-10-21,2024,10,21,19.63872772434928
Dong Thap,2024-10-22,2024,10,22,16.340602462730462
Dong Thap,2024-10-23,2024,10,23,0.0
Dong Thap,2024-10-24,2024,10,24,2.7453323873717244
Dong Thap,2024-10-25,2024,10,25,0.0
Dong Thap,2024-10-26,2024,10,26,2.83622630534595
Dong Thap,2024-10-27,2024,10,27,18.661435739588832
Dong Thap,2024-10-28,2024,10,28,3.366385475413068
Dong Thap,2024-10-29,2024,10,29,0.0
Dong Thap,2024-10-30,2024,10,30,0.0
Dong Thap,2024-10-31,2024,10,31,0.0
Dong Thap,2024-11-01,2024,11,1,11.773087013598222
Dong Thap,2024-11-02,2024,11,2,17.283422245550828
Dong Thap,2024-11-03,2024,11,3,17.01499234520985
Dong Thap,2024-11-04,2024,11,4,10.500789996296575
Dong Thap,2024-11-05,2024,11,5,8.047391844317836
Dong Thap,2024-11-06,2024,11,6,4.009124525136515
Dong Thap,2024-11-07,2024,11,7,0.9473619780655156
Dong Thap,2024-11-08,2024,11,8,3.831526826068821
Dong Thap,2024-11-09,2024,11,9,3.924912695836554
Dong Thap,2024-11-10,2024,11,10,0.5666329724625824
Dong Thap,2024-11-11,2024,11,11,0.0
Dong Thap,2024-11-12,2024,11,12,0.0
Dong Thap,2024-11-13,2024,11,13,1.91481800158264
Dong Thap,2024-11-14,2024,11,14,0.0
Dong Thap,2024-11-15,2024,11,15,0.0303888620163324
Dong Thap,2024-11-16,2024,11,16,0.0
Dong Thap,2024-11-17,2024,11,17,0.0
Dong Thap,2024-11-18,2024,11,18,0.0
Dong Thap,2024-11-19,2024,11,19,0.1836790353979467
Dong Thap,2024-11-20,2024,11,20,1.0324804685047917
Dong Thap,2024-11-21,2024,11,21,4.788816213371098
Dong Thap,2024-11-22,2024,11,22,0.6236422833250522
Dong Thap,2024-11-23,2024,11,23,0.92387947672101
Dong Thap,2024-11-24,2024,11,24,2.042789834033125
Dong Thap,2024-11-25,2024,11,25,4.378127251774754
Dong Thap,2024-11-26,2024,11,26,6.052707888573129
Dong Thap,2024-11-27,2024,11,27,1.1419752055429562
Dong Thap,2024-11-28,2024,11,28,1.217986736420414
Dong Thap,2024-11-29,2024,11,29,4.367547012644069
Dong Thap,2024-11-30,2024,11,30,0.0
Dong Thap,2024-12-01,2024,12,1,0.0
Dong Thap,2024-12-02,2024,12,2,2.2459251603383383
Dong Thap,2024-12-03,2024,12,3,23.92673092143237
Dong Thap,2024-12-04,2024,12,4,8.10752728380582
Dong Thap,2024-12-05,2024,12,5,2.8829034474909307
Dong Thap,2024-12-06,2024,12,6,0.229081396524912
Dong Thap,2024-12-07,2024,12,7,0.0
Dong Thap,2024-12-08,2024,12,8,1.024141690081578
Dong Thap,2024-12-09,2024,12,9,0.3214363578782211
Dong Thap,2024-12-10,2024,12,10,6.172340488961986
Dong Thap,2024-12-11,2024,12,11,3.6254260822444206
Dong Thap,2024-12-12,2024,12,12,5.0109458491595
Dong Thap,2024-12-13,2024,12,13,9.215552829522132
Dong Thap,2024-12-14,2024,12,14,5.882525593542796
Dong Thap,2024-12-15,2024,12,15,0.0
Dong Thap,2024-12-16,2024,12,16,0.0
Dong Thap,2024-12-17,2024,12,17,0.0
Dong Thap,2024-12-18,2024,12,18,0.0
Dong Thap,2024-12-19,2024,12,19,0.0
Dong Thap,2024-12-20,2024,12,20,0.0
Dong Thap,2024-12-21,2024,12,21,5.992649135667773
Dong Thap,2024-12-22,2024,12,22,0.1655132209183489
Dong Thap,2024-12-23,2024,12,23,0.0
Dong Thap,2024-12-24,2024,12,24,0.0
Dong Thap,2024-12-25,2024,12,25,0.0
Dong Thap,2024-12-26,2024,12,26,0.0
Dong Thap,2024-12-27,2024,12,27,5.644890352884115
Dong Thap,2024-12-28,2024,12,28,1.3595926192360228
Dong Thap,2024-12-29,2024,12,29,0.0
Dong Thap,2024-12-30,2024,12,30,0.0
Dong Thap,2024-12-31,2024,12,31,4.37878867155412
Dong Thap,2025-01-01,2025,1,1,0.0
Dong Thap,2025-01-02,2025,1,2,0.5641207287330217
Dong Thap,2025-01-03,2025,1,3,0.6592842187501687
Dong Thap,2025-01-04,2025,1,4,0.1420291629079952
Dong Thap,2025-01-05,2025,1,5,0.0
Dong Thap,2025-01-06,2025,1,6,0.0
Dong Thap,2025-01-07,2025,1,7,0.0
Dong Thap,2025-01-08,2025,1,8,0.0
Dong Thap,2025-01-09,2025,1,9,0.4264915646126757
Dong Thap,2025-01-10,2025,1,10,0.0270285303103212
Dong Thap,2025-01-11,2025,1,11,0.0
Dong Thap,2025-01-12,2025,1,12,0.0062287831528943
Dong Thap,2025-01-13,2025,1,13,0.0
Dong Thap,2025-01-14,2025,1,14,0.0
Dong Thap,2025-01-15,2025,1,15,0.0433899839435111
Dong Thap,2025-01-16,2025,1,16,0.0
Dong Thap,2025-01-17,2025,1,17,0.1554579293447906
Dong Thap,2025-01-18,2025,1,18,0.0
Dong Thap,2025-01-19,2025,1,19,0.0047818205139927
Dong Thap,2025-01-20,2025,1,20,0.0006793378043978127
Dong Thap,2025-01-21,2025,1,21,1.00810480393757e-05
Dong Thap,2025-01-22,2025,1,22,0.8046244801459451
Dong Thap,2025-01-23,2025,1,23,3.4331658915689465
Dong Thap,2025-01-24,2025,1,24,0.4539040584609145
Dong Thap,2025-01-25,2025,1,25,0.0193634812673033
Dong Thap,2025-01-26,2025,1,26,0.0
Dong Thap,2025-01-27,2025,1,27,0.0
Dong Thap,2025-01-28,2025,1,28,0.0
Dong Thap,2025-01-29,2025,1,29,1.3877018331663116
Dong Thap,2025-01-30,2025,1,30,0.341435300555255
Dong Thap,2025-01-31,2025,1,31,0.1992465558711
Dong Thap,2025-02-01,2025,2,1,0.0
Dong Thap,2025-02-02,2025,2,2,0.0
Dong Thap,2025-02-03,2025,2,3,0.0
Dong Thap,2025-02-04,2025,2,4,0.0
Dong Thap,2025-02-05,2025,2,5,0.0
Dong Thap,2025-02-06,2025,2,6,2.5461413088355827e-06
Dong Thap,2025-02-07,2025,2,7,1.0357281369278269e-06
Dong Thap,2025-02-08,2025,2,8,1.3280838760242096e-05
Dong Thap,2025-02-09,2025,2,9,1.2036098174166626e-06
Dong Thap,2025-02-10,2025,2,10,0.8796253780780907
Dong Thap,2025-02-11,2025,2,11,0.0276052419266139
Dong Thap,2025-02-12,2025,2,12,0.0
Dong Thap,2025-02-13,2025,2,13,0.0
Dong Thap,2025-02-14,2025,2,14,0.0
Dong Thap,2025-02-15,2025,2,15,0.0
Dong Thap,2025-02-16,2025,2,16,0.0109180814965068
Dong Thap,2025-02-17,2025,2,17,0.036674003227311
Dong Thap,2025-02-18,2025,2,18,0.2288544723877755
Dong Thap,2025-02-19,2025,2,19,0.3036299976519181
Dong Thap,2025-02-20,2025,2,20,0.0
Dong Thap,2025-02-21,2025,2,21,0.4343009891357446
Dong Thap,2025-02-22,2025,2,22,1.4310259745049043
Dong Thap,2025-02-23,2025,2,23,3.9237569941599553
Dong Thap,2025-02-24,2025,2,24,0.0
Dong Thap,2025-02-25,2025,2,25,0.0
Dong Thap,2025-02-26,2025,2,26,0.913504030224124
Dong Thap,2025-02-27,2025,2,27,0.1099898464636538
Dong Thap,2025-02-28,2025,2,28,0.1705862737054396
Dong Thap,2025-03-01,2025,3,1,0.0
Dong Thap,2025-03-02,2025,3,2,0.0
Dong Thap,2025-03-03,2025,3,3,0.0
Dong Thap,2025-03-04,2025,3,4,0.0
Dong Thap,2025-03-05,2025,3,5,0.7614775197844613
Dong Thap,2025-03-06,2025,3,6,0.0
Dong Thap,2025-03-07,2025,3,7,0.3925793903983582
Dong Thap,2025-03-08,2025,3,8,0.2434434277862005
Dong Thap,2025-03-09,2025,3,9,0.0
Dong Thap,2025-03-10,2025,3,10,3.4675123951914943
Dong Thap,2025-03-11,2025,3,11,0.5209648101703632
Dong Thap,2025-03-12,2025,3,12,0.6167060007360857
Dong Thap,2025-03-13,2025,3,13,0.0
Dong Thap,2025-03-14,2025,3,14,0.0
Dong Thap,2025-03-15,2025,3,15,0.0
Dong Thap,2025-03-16,2025,3,16,1.1253637035593085
Dong Thap,2025-03-17,2025,3,17,2.4971790656308768
Dong Thap,2025-03-18,2025,3,18,0.0
Dong Thap,2025-03-19,2025,3,19,0.0
Dong Thap,2025-03-20,2025,3,20,11.397459833400704
Dong Thap,2025-03-21,2025,3,21,0.7323910510807802
Dong Thap,2025-03-22,2025,3,22,0.0
Dong Thap,2025-03-23,2025,3,23,0.0
Dong Thap,2025-03-24,2025,3,24,0.0
Dong Thap,2025-03-25,2025,3,25,0.1139912505876944
Dong Thap,2025-03-26,2025,3,26,0.0
Dong Thap,2025-03-27,2025,3,27,0.0
Dong Thap,2025-03-28,2025,3,28,0.0
Dong Thap,2025-03-29,2025,3,29,0.0
Dong Thap,2025-03-30,2025,3,30,0.0
Dong Thap,2025-03-31,2025,3,31,1.620466135947753
Dong Thap,2025-04-01,2025,4,1,4.491402350039824
Dong Thap,2025-04-02,2025,4,2,0.012645279438771
Dong Thap,2025-04-03,2025,4,3,0.0
Dong Thap,2025-04-04,2025,4,4,0.0
Dong Thap,2025-04-05,2025,4,5,0.0
Dong Thap,2025-04-06,2025,4,6,0.0
Dong Thap,2025-04-07,2025,4,7,0.0
Dong Thap,2025-04-08,2025,4,8,0.0
Dong Thap,2025-04-09,2025,4,9,0.0
Dong Thap,2025-04-10,2025,4,10,15.088580445215928
Dong Thap,2025-04-11,2025,4,11,3.221046879062555
Dong Thap,2025-04-12,2025,4,12,0.0
Dong Thap,2025-04-13,2025,4,13,0.0555515037471268
Dong Thap,2025-04-14,2025,4,14,0.1789747670830472
Dong Thap,2025-04-15,2025,4,15,6.587837886598633
Dong Thap,2025-04-16,2025,4,16,2.6383555469624915
Dong Thap,2025-04-17,2025,4,17,6.465381685584369
Dong Thap,2025-04-18,2025,4,18,3.854423388490498
Dong Thap,2025-04-19,2025,4,19,0.0
Dong Thap,2025-04-20,2025,4,20,0.0
Dong Thap,2025-04-21,2025,4,21,1.389168452007418
Dong Thap,2025-04-22,2025,4,22,3.8402855860583753
Dong Thap,2025-04-23,2025,4,23,6.640259755443545
Dong Thap,2025-04-24,2025,4,24,7.543351420313152
Dong Thap,2025-04-25,2025,4,25,2.9713507838427184
Dong Thap,2025-04-26,2025,4,26,10.950253763172068
Dong Thap,2025-04-27,2025,4,27,0.0395308317295785
Dong Thap,2025-04-28,2025,4,28,0.3788204736955207
Dong Thap,2025-04-29,2025,4,29,0.8835301389222459
Dong Thap,2025-04-30,2025,4,30,0.0
Dong Thap,2025-05-01,2025,5,1,3.6376484269075497
Dong Thap,2025-05-02,2025,5,2,0.0551799023965602
Dong Thap,2025-05-03,2025,5,3,14.471740800316754
Dong Thap,2025-05-04,2025,5,4,7.72600238956722
Dong Thap,2025-05-05,2025,5,5,7.599281098814487
Dong Thap,2025-05-06,2025,5,6,5.851648814950854
Dong Thap,2025-05-07,2025,5,7,1.3936298797703772
Dong Thap,2025-05-08,2025,5,8,1.4980726379918925
Dong Thap,2025-05-09,2025,5,9,17.073681755457596
Dong Thap,2025-05-10,2025,5,10,10.13999861098753
Dong Thap,2025-05-11,2025,5,11,7.722045425596974
Dong Thap,2025-05-12,2025,5,12,3.0081792761097685
Dong Thap,2025-05-13,2025,5,13,6.444691776316369
Dong Thap,2025-05-14,2025,5,14,11.68930931074537
Dong Thap,2025-05-15,2025,5,15,9.19886339781964
Dong Thap,2025-05-16,2025,5,16,1.798162924139738
Dong Thap,2025-05-17,2025,5,17,4.479210112941272
Dong Thap,2025-05-18,2025,5,18,1.7083114285959469
Dong Thap,2025-05-19,2025,5,19,9.52799310987434
Dong Thap,2025-05-20,2025,5,20,4.629161348013154
Dong Thap,2025-05-21,2025,5,21,17.199926371068017
Dong Thap,2025-05-22,2025,5,22,17.01066902718739
Dong Thap,2025-05-23,2025,5,23,6.943677455220652
Dong Thap,2025-05-24,2025,5,24,8.210713831061591
Dong Thap,2025-05-25,2025,5,25,12.039648106938342
Dong Thap,2025-05-26,2025,5,26,0.0
Dong Thap,2025-05-27,2025,5,27,17.87197561912696
Dong Thap,2025-05-28,2025,5,28,14.814531575897687
Dong Thap,2025-05-29,2025,5,29,20.044908217326668
Dong Thap,2025-05-30,2025,5,30,0.1665849794207015
Dong Thap,2025-05-31,2025,5,31,2.624038051904288
Dong Thap,2025-06-01,2025,6,1,10.37593296475899
Dong Thap,2025-06-02,2025,6,2,8.461055005221562
Dong Thap,2025-06-03,2025,6,3,9.214857279970335
Dong Thap,2025-06-04,2025,6,4,12.13633290141489
Dong Thap,2025-06-05,2025,6,5,0.8492272407837617
Dong Thap,2025-06-06,2025,6,6,18.97621650324674
Dong Thap,2025-06-07,2025,6,7,5.212311278185877
Dong Thap,2025-06-08,2025,6,8,6.182063901981636
Dong Thap,2025-06-09,2025,6,9,13.28098231548621
Dong Thap,2025-06-10,2025,6,10,15.51240744582914
Dong Thap,2025-06-11,2025,6,11,3.095186725170913
Dong Thap,2025-06-12,2025,6,12,4.193586901753347
Dong Thap,2025-06-13,2025,6,13,4.964615699727977
Dong Thap,2025-06-14,2025,6,14,6.314041443116706
Dong Thap,2025-06-15,2025,6,15,5.7313158434482
Dong Thap,2025-06-16,2025,6,16,12.678626531777743
Dong Thap,2025-06-17,2025,6,17,11.061951101678332
Dong Thap,2025-06-18,2025,6,18,7.570543524411249
Dong Thap,2025-06-19,2025,6,19,5.400582486779234
Dong Thap,2025-06-20,2025,6,20,14.283888543872076
Dong Thap,2025-06-21,2025,6,21,15.81716971224821
Dong Thap,2025-06-22,2025,6,22,7.2779353993101825
Dong Thap,2025-06-23,2025,6,23,0.0
Dong Thap,2025-06-24,2025,6,24,6.6887196165338105
Dong Thap,2025-06-25,2025,6,25,12.791984053623224
Dong Thap,2025-06-26,2025,6,26,17.358829982269363
Dong Thap,2025-06-27,2025,6,27,4.63255896859356
Dong Thap,2025-06-28,2025,6,28,1.3506905835029723
Dong Thap,2025-06-29,2025,6,29,0.0227277315620502
Dong Thap,2025-06-30,2025,6,30,0.0
Dong Thap,2025-07-01,2025,7,1,3.9256314363627296
Dong Thap,2025-07-02,2025,7,2,2.9884386486664405
Dong Thap,2025-07-03,2025,7,3,2.1390196365518355
Dong Thap,2025-07-04,2025,7,4,2.1337294820091715
Dong Thap,2025-07-05,2025,7,5,2.625687288083617
Dong Thap,2025-07-06,2025,7,6,1.0091468036878068
Dong Thap,2025-07-07,2025,7,7,12.911386363801698
Dong Thap,2025-07-08,2025,7,8,0.0
Dong Thap,2025-07-09,2025,7,9,0.5134196010054115
Dong Thap,2025-07-10,2025,7,10,6.250375970910672
Dong Thap,2025-07-11,2025,7,11,0.0387304220335916
Dong Thap,2025-07-12,2025,7,12,7.820377538364867
Dong Thap,2025-07-13,2025,7,13,11.45964809686168
Dong Thap,2025-07-14,2025,7,14,7.17338320322796
Dong Thap,2025-07-15,2025,7,15,9.649160687456003
Dong Thap,2025-07-16,2025,7,16,1.8539323255281095
Dong Thap,2025-07-17,2025,7,17,5.8046958657763055
Dong Thap,2025-07-18,2025,7,18,1.0964900116639689
Dong Thap,2025-07-19,2025,7,19,6.699338248764978
Dong Thap,2025-07-20,2025,7,20,9.824670704376242
Dong Thap,2025-07-21,2025,7,21,13.061042894926471
Dong Thap,2025-07-22,2025,7,22,0.0
Dong Thap,2025-07-23,2025,7,23,0.1328769338382515
Dong Thap,2025-07-24,2025,7,24,1.416541195947728
Dong Thap,2025-07-25,2025,7,25,6.098475437884374
Dong Thap,2025-07-26,2025,7,26,0.0755158406565025
Dong Thap,2025-07-27,2025,7,27,11.2438244001379
Dong Thap,2025-07-28,2025,7,28,0.8566809047748095
Dong Thap,2025-07-29,2025,7,29,0.3362076597363059
Dong Thap,2025-07-30,2025,7,30,0.2206551750582146
Dong Thap,2025-07-31,2025,7,31,0.081420827390711
Dong Thap,2025-08-01,2025,8,1,0.0
Dong Thap,2025-08-02,2025,8,2,1.3596124687796955
Dong Thap,2025-08-03,2025,8,3,0.2168463175059283
Dong Thap,2025-08-04,2025,8,4,0.0
Dong Thap,2025-08-05,2025,8,5,6.541385792112953
Dong Thap,2025-08-06,2025,8,6,4.726843082197456
Dong Thap,2025-08-07,2025,8,7,2.464774424550428
Dong Thap,2025-08-08,2025,8,8,6.622721785532794
Dong Thap,2025-08-09,2025,8,9,8.955340700190646
Dong Thap,2025-08-10,2025,8,10,7.526007535433535
Dong Thap,2025-08-11,2025,8,11,9.489804842384432
Dong Thap,2025-08-12,2025,8,12,3.9568766747265935
Dong Thap,2025-08-13,2025,8,13,1.4285792419367798
Dong Thap,2025-08-14,2025,8,14,11.323719888161389
Dong Thap,2025-08-15,2025,8,15,17.148973881454452
Dong Thap,2025-08-16,2025,8,16,8.236565080404763
Dong Thap,2025-08-17,2025,8,17,9.98441547448872
Dong Thap,2025-08-18,2025,8,18,0.3861329024655492
Dong Thap,2025-08-19,2025,8,19,1.397996827618508
Dong Thap,2025-08-20,2025,8,20,17.401660218865295
Dong Thap,2025-08-21,2025,8,21,1.945801338391804
Dong Thap,2025-08-22,2025,8,22,0.3999632615769344
Dong Thap,2025-08-23,2025,8,23,1.0418572140870677
Dong Thap,2025-08-24,2025,8,24,5.828541756440429
Dong Thap,2025-08-25,2025,8,25,13.030431011906815
Dong Thap,2025-08-26,2025,8,26,6.4247845485011865
Dong Thap,2025-08-27,2025,8,27,4.248670351236131
Dong Thap,2025-08-28,2025,8,28,14.771902552761668
Dong Thap,2025-08-29,2025,8,29,15.721287198204116
Dong Thap,2025-08-30,2025,8,30,4.551560598143866
Dong Thap,2025-08-31,2025,8,31,7.996776459788908
Dong Thap,2025-09-01,2025,9,1,9.3007544265303
Dong Thap,2025-09-02,2025,9,2,10.543139842285814
Dong Thap,2025-09-03,2025,9,3,3.7716542154936006
Dong Thap,2025-09-04,2025,9,4,7.223447582491514
Dong Thap,2025-09-05,2025,9,5,13.610440393640577
Dong Thap,2025-09-06,2025,9,6,16.56008491778227
Dong Thap,2025-09-07,2025,9,7,8.617923877340392
Dong Thap,2025-09-08,2025,9,8,6.8313632461051945
Dong Thap,2025-09-09,2025,9,9,7.690894051469962
Dong Thap,2025-09-10,2025,9,10,1.4310486109478004
Dong Thap,2025-09-11,2025,9,11,12.10990684445493
Dong Thap,2025-09-12,2025,9,12,1.8643088317766785
Dong Thap,2025-09-13,2025,9,13,8.753982437665915
Dong Thap,2025-09-14,2025,9,14,6.07922676839957
Dong Thap,2025-09-15,2025,9,15,8.395597404691943
Dong Thap,2025-09-16,2025,9,16,10.064308530177447
Dong Thap,2025-09-17,2025,9,17,10.478555561302194
Dong Thap,2025-09-18,2025,9,18,17.91224535392854
Dong Thap,2025-09-19,2025,9,19,2.0047404670055307
Dong Thap,2025-09-20,2025,9,20,2.112727345375076
Dong Thap,2025-09-21,2025,9,21,11.1385166607721
Dong Thap,2025-09-22,2025,9,22,6.984154402945948
Dong Thap,2025-09-23,2025,9,23,6.067157549127201
Dong Thap,2025-09-24,2025,9,24,0.0257037084187026
Dong Thap,2025-09-25,2025,9,25,1.8236254231781537
Dong Thap,2025-09-26,2025,9,26,1.022845590117298
Dong Thap,2025-09-27,2025,9,27,11.623714470771366
Dong Thap,2025-09-28,2025,9,28,9.041449591006876
Dong Thap,2025-09-29,2025,9,29,17.7171239208845
Dong Thap,2025-09-30,2025,9,30,6.276817264350221
Dong Thap,2025-10-01,2025,10,1,9.290751539973783
Dong Thap,2025-10-02,2025,10,2,0.4112855581934823
Dong Thap,2025-10-03,2025,10,3,7.597357865611466
Dong Thap,2025-10-04,2025,10,4,6.829025175644744
Dong Thap,2025-10-05,2025,10,5,4.103399762544389
Dong Thap,2025-10-06,2025,10,6,6.065156154684501
Dong Thap,2025-10-07,2025,10,7,4.69881460710342
Dong Thap,2025-10-08,2025,10,8,25.453879149505973
Dong Thap,2025-10-09,2025,10,9,5.366076330959268
Dong Thap,2025-10-10,2025,10,10,1.0437582629429103
Dong Thap,2025-10-11,2025,10,11,4.579496193782849
Dong Thap,2025-10-12,2025,10,12,4.118439936606769
Dong Thap,2025-10-13,2025,10,13,13.514094602292095
Dong Thap,2025-10-14,2025,10,14,10.648787528066803
Dong Thap,2025-10-15,2025,10,15,10.916292777549982
Dong Thap,2025-10-16,2025,10,16,11.452359823972856
Dong Thap,2025-10-17,2025,10,17,14.204049420391913
Dong Thap,2025-10-18,2025,10,18,6.224416326105068
Dong Thap,2025-10-19,2025,10,19,6.426812326323829
Dong Thap,2025-10-20,2025,10,20,22.66904259223041
Dong Thap,2025-10-21,2025,10,21,18.247345800569647
Dong Thap,2025-10-22,2025,10,22,14.96255171317915
Dong Thap,2025-10-23,2025,10,23,5.911486798155622
Dong Thap,2025-10-24,2025,10,24,13.342142955614968
Dong Thap,2025-10-25,2025,10,25,22.35831613870117
Dong Thap,2025-10-26,2025,10,26,19.021160014584023
Dong Thap,2025-10-27,2025,10,27,16.522024016031903
Dong Thap,2025-10-28,2025,10,28,29.42950287383512
Dong Thap,2025-10-29,2025,10,29,8.96637967006403
Dong Thap,2025-10-30,2025,10,30,19.386010971906792
Dong Thap,2025-10-31,2025,10,31,8.713022022567046
Dong Thap,2025-11-01,2025,11,1,15.871223928505303
Dong Thap,2025-11-02,2025,11,2,14.70611741194141
Dong Thap,2025-11-03,2025,11,3,2.4283388451110315
Dong Thap,2025-11-04,2025,11,4,14.40552017150185
Dong Thap,2025-11-05,2025,11,5,7.96744239830716
Dong Thap,2025-11-06,2025,11,6,35.784119138810695
Dong Thap,2025-11-07,2025,11,7,15.914644181660735
Dong Thap,2025-11-08,2025,11,8,8.380660348964271
Dong Thap,2025-11-09,2025,11,9,9.579815299596971
Dong Thap,2025-11-10,2025,11,10,3.424241301543808
Dong Thap,2025-11-11,2025,11,11,1.9998352943579565
Dong Thap,2025-11-12,2025,11,12,10.079345057353912
Dong Thap,2025-11-13,2025,11,13,0.865651573815907
Dong Thap,2025-11-14,2025,11,14,0.0
Dong Thap,2025-11-15,2025,11,15,0.0
Dong Thap,2025-11-16,2025,11,16,5.500078108174366
Dong Thap,2025-11-17,2025,11,17,13.94894397453518
Dong Thap,2025-11-18,2025,11,18,6.079387840552205
Dong Thap,2025-11-19,2025,11,19,5.422057366354923
Dong Thap,2025-11-20,2025,11,20,0.1317899892301496
Dong Thap,2025-11-21,2025,11,21,0.4243937266040833
Dong Thap,2025-11-22,2025,11,22,7.182489671037935
Dong Thap,2025-11-23,2025,11,23,3.186942561263936
Dong Thap,2025-11-24,2025,11,24,0.2448834232668558
Dong Thap,2025-11-25,2025,11,25,0.905064511374704
Dong Thap,2025-11-26,2025,11,26,0.7881113332105595
Dong Thap,2025-11-27,2025,11,27,0.4364329550471753
Dong Thap,2025-11-28,2025,11,28,0.6052894046230067
Dong Thap,2025-11-29,2025,11,29,0.2372133462342816
Dong Thap,2025-11-30,2025,11,30,0.168608958485509
Dong Thap,2025-12-01,2025,12,1,0.0
Dong Thap,2025-12-02,2025,12,2,0.4624760753447867
Dong Thap,2025-12-03,2025,12,3,13.850017255954468
Dong Thap,2025-12-04,2025,12,4,0.0
Dong Thap,2025-12-05,2025,12,5,0.0
Dong Thap,2025-12-06,2025,12,6,0.0
Dong Thap,2025-12-07,2025,12,7,0.0
Dong Thap,2025-12-08,2025,12,8,0.0
Dong Thap,2025-12-09,2025,12,9,0.0
Dong Thap,2025-12-10,2025,12,10,0.4541237346636942
Dong Thap,2025-12-11,2025,12,11,0.2733452304612759
Dong Thap,2025-12-12,2025,12,12,0.1091616347259692
Dong Thap,2025-12-13,2025,12,13,4.111591891664778
Dong Thap,2025-12-14,2025,12,14,1.390678566005837
Dong Thap,2025-12-15,2025,12,15,2.024904302385406
Dong Thap,2025-12-16,2025,12,16,0.0381579803878118
Dong Thap,2025-12-17,2025,12,17,0.0012158163606998
Dong Thap,2025-12-18,2025,12,18,0.0
Dong Thap,2025-12-19,2025,12,19,0.0
Dong Thap,2025-12-20,2025,12,20,0.0
Dong Thap,2025-12-21,2025,12,21,0.0
Dong Thap,2025-12-22,2025,12,22,0.0
Dong Thap,2025-12-23,2025,12,23,0.0
Dong Thap,2025-12-24,2025,12,24,2.787345259631061
Dong Thap,2025-12-25,2025,12,25,3.954331347034554
Dong Thap,2025-12-26,2025,12,26,0.185734908939057
Dong Thap,2025-12-27,2025,12,27,0.0
Dong Thap,2025-12-28,2025,12,28,0.0
Dong Thap,2025-12-29,2025,12,29,0.0
Dong Thap,2025-12-30,2025,12,30,0.0
Dong Thap,2025-12-31,2025,12,31,0.0
