province_name,date,year,month,day,rainfall_mm
Tra Vinh,1981-01-01,1981,1,1,0.0
Tra Vinh,1981-01-02,1981,1,2,0.0035768033236096
Tra Vinh,1981-01-03,1981,1,3,0.0
Tra Vinh,1981-01-04,1981,1,4,0.0
Tra Vinh,1981-01-05,1981,1,5,0.0
Tra Vinh,1981-01-06,1981,1,6,0.0
Tra Vinh,1981-01-07,1981,1,7,0.0
Tra Vinh,1981-01-08,1981,1,8,0.0
Tra Vinh,1981-01-09,1981,1,9,0.7704059755025365
Tra Vinh,1981-01-10,1981,1,10,0.0
Tra Vinh,1981-01-11,1981,1,11,0.0
Tra Vinh,1981-01-12,1981,1,12,0.0
Tra Vinh,1981-01-13,1981,1,13,0.0
Tra Vinh,1981-01-14,1981,1,14,0.0
Tra Vinh,1981-01-15,1981,1,15,0.0
Tra Vinh,1981-01-16,1981,1,16,0.0
Tra Vinh,1981-01-17,1981,1,17,0.0
Tra Vinh,1981-01-18,1981,1,18,0.0
Tra Vinh,1981-01-19,1981,1,19,0.0
Tra Vinh,1981-01-20,1981,1,20,0.0
Tra Vinh,1981-01-21,1981,1,21,0.0
Tra Vinh,1981-01-22,1981,1,22,0.0
Tra Vinh,1981-01-23,1981,1,23,0.0
Tra Vinh,1981-01-24,1981,1,24,0.0
Tra Vinh,1981-01-25,1981,1,25,0.0
Tra Vinh,1981-01-26,1981,1,26,0.0
Tra Vinh,1981-01-27,1981,1,27,0.0
Tra Vinh,1981-01-28,1981,1,28,4.019228973010676
Tra Vinh,1981-01-29,1981,1,29,3.956483908528972
Tra Vinh,1981-01-30,1981,1,30,0.0
Tra Vinh,1981-01-31,1981,1,31,0.0
Tra Vinh,1981-02-01,1981,2,1,0.0
Tra Vinh,1981-02-02,1981,2,2,0.0
Tra Vinh,1981-02-03,1981,2,3,0.0
Tra Vinh,1981-02-04,1981,2,4,0.0
Tra Vinh,1981-02-05,1981,2,5,0.0
Tra Vinh,1981-02-06,1981,2,6,0.0
Tra Vinh,1981-02-07,1981,2,7,0.0
Tra Vinh,1981-02-08,1981,2,8,0.0
Tra Vinh,1981-02-09,1981,2,9,0.0
Tra Vinh,1981-02-10,1981,2,10,1.2925558029606292
Tra Vinh,1981-02-11,1981,2,11,3.92667745336908
Tra Vinh,1981-02-12,1981,2,12,0.0
Tra Vinh,1981-02-13,1981,2,13,0.5124635000157114
Tra Vinh,1981-02-14,1981,2,14,0.0
Tra Vinh,1981-02-15,1981,2,15,0.0
Tra Vinh,1981-02-16,1981,2,16,0.0
Tra Vinh,1981-02-17,1981,2,17,0.0
Tra Vinh,1981-02-18,1981,2,18,0.0
Tra Vinh,1981-02-19,1981,2,19,0.0
Tra Vinh,1981-02-20,1981,2,20,0.0
Tra Vinh,1981-02-21,1981,2,21,0.0
Tra Vinh,1981-02-22,1981,2,22,0.0
Tra Vinh,1981-02-23,1981,2,23,0.0
Tra Vinh,1981-02-24,1981,2,24,0.0
Tra Vinh,1981-02-25,1981,2,25,0.0
Tra Vinh,1981-02-26,1981,2,26,0.0
Tra Vinh,1981-02-27,1981,2,27,0.0
Tra Vinh,1981-02-28,1981,2,28,0.0
Tra Vinh,1981-03-01,1981,3,1,0.0
Tra Vinh,1981-03-02,1981,3,2,0.0
Tra Vinh,1981-03-03,1981,3,3,0.0
Tra Vinh,1981-03-04,1981,3,4,0.0
Tra Vinh,1981-03-05,1981,3,5,0.0
Tra Vinh,1981-03-06,1981,3,6,0.0
Tra Vinh,1981-03-07,1981,3,7,0.0
Tra Vinh,1981-03-08,1981,3,8,0.0
Tra Vinh,1981-03-09,1981,3,9,0.0
Tra Vinh,1981-03-10,1981,3,10,0.0
Tra Vinh,1981-03-11,1981,3,11,0.0
Tra Vinh,1981-03-12,1981,3,12,0.0
Tra Vinh,1981-03-13,1981,3,13,0.0
Tra Vinh,1981-03-14,1981,3,14,0.0
Tra Vinh,1981-03-15,1981,3,15,0.0
Tra Vinh,1981-03-16,1981,3,16,0.0
Tra Vinh,1981-03-17,1981,3,17,0.0
Tra Vinh,1981-03-18,1981,3,18,0.0
Tra Vinh,1981-03-19,1981,3,19,0.0
Tra Vinh,1981-03-20,1981,3,20,0.0
Tra Vinh,1981-03-21,1981,3,21,0.0
Tra Vinh,1981-03-22,1981,3,22,0.0
Tra Vinh,1981-03-23,1981,3,23,0.0
Tra Vinh,1981-03-24,1981,3,24,0.0
Tra Vinh,1981-03-25,1981,3,25,0.0
Tra Vinh,1981-03-26,1981,3,26,0.0
Tra Vinh,1981-03-27,1981,3,27,0.0
Tra Vinh,1981-03-28,1981,3,28,0.0
Tra Vinh,1981-03-29,1981,3,29,0.0
Tra Vinh,1981-03-30,1981,3,30,1.8027942676727269
Tra Vinh,1981-03-31,1981,3,31,2.1823018857489607
Tra Vinh,1981-04-01,1981,4,1,0.3869145063073976
Tra Vinh,1981-04-02,1981,4,2,0.6643950507154376
Tra Vinh,1981-04-03,1981,4,3,0.0
Tra Vinh,1981-04-04,1981,4,4,0.0
Tra Vinh,1981-04-05,1981,4,5,0.0
Tra Vinh,1981-04-06,1981,4,6,0.0
Tra Vinh,1981-04-07,1981,4,7,0.0
Tra Vinh,1981-04-08,1981,4,8,0.0
Tra Vinh,1981-04-09,1981,4,9,0.0
Tra Vinh,1981-04-10,1981,4,10,0.0
Tra Vinh,1981-04-11,1981,4,11,0.0067604820157842
Tra Vinh,1981-04-12,1981,4,12,0.7215638608428497
Tra Vinh,1981-04-13,1981,4,13,1.6429900477253427
Tra Vinh,1981-04-14,1981,4,14,0.2225500436568842
Tra Vinh,1981-04-15,1981,4,15,2.3699845990931574
Tra Vinh,1981-04-16,1981,4,16,0.0
Tra Vinh,1981-04-17,1981,4,17,1.9538585876978127
Tra Vinh,1981-04-18,1981,4,18,2.1604374376692195
Tra Vinh,1981-04-19,1981,4,19,0.0
Tra Vinh,1981-04-20,1981,4,20,0.0
Tra Vinh,1981-04-21,1981,4,21,3.0659485740785573
Tra Vinh,1981-04-22,1981,4,22,0.8351118212503019
Tra Vinh,1981-04-23,1981,4,23,0.0
Tra Vinh,1981-04-24,1981,4,24,0.0
Tra Vinh,1981-04-25,1981,4,25,0.0
Tra Vinh,1981-04-26,1981,4,26,0.0
Tra Vinh,1981-04-27,1981,4,27,0.0
Tra Vinh,1981-04-28,1981,4,28,0.0
Tra Vinh,1981-04-29,1981,4,29,0.0169968535619983
Tra Vinh,1981-04-30,1981,4,30,2.946651684028869
Tra Vinh,1981-05-01,1981,5,1,3.453534497284207
Tra Vinh,1981-05-02,1981,5,2,0.8854719927642452
Tra Vinh,1981-05-03,1981,5,3,3.955050032383888
Tra Vinh,1981-05-04,1981,5,4,7.819448042511222
Tra Vinh,1981-05-05,1981,5,5,5.971816325077587
Tra Vinh,1981-05-06,1981,5,6,1.4715210064794535
Tra Vinh,1981-05-07,1981,5,7,22.802379477507277
Tra Vinh,1981-05-08,1981,5,8,2.7686252943854126
Tra Vinh,1981-05-09,1981,5,9,2.6552528075954123
Tra Vinh,1981-05-10,1981,5,10,0.1268102562445869
Tra Vinh,1981-05-11,1981,5,11,10.160542444365644
Tra Vinh,1981-05-12,1981,5,12,3.510490380190611
Tra Vinh,1981-05-13,1981,5,13,1.1703869207141455
Tra Vinh,1981-05-14,1981,5,14,0.0625122000829814
Tra Vinh,1981-05-15,1981,5,15,0.0
Tra Vinh,1981-05-16,1981,5,16,8.16266641538123
Tra Vinh,1981-05-17,1981,5,17,5.251816875306238
Tra Vinh,1981-05-18,1981,5,18,2.607462822340972
Tra Vinh,1981-05-19,1981,5,19,0.4055991037617345
Tra Vinh,1981-05-20,1981,5,20,0.0
Tra Vinh,1981-05-21,1981,5,21,7.765229971710181
Tra Vinh,1981-05-22,1981,5,22,7.402328665366185
Tra Vinh,1981-05-23,1981,5,23,6.638493908721805
Tra Vinh,1981-05-24,1981,5,24,0.0478651044877223
Tra Vinh,1981-05-25,1981,5,25,21.692488120053586
Tra Vinh,1981-05-26,1981,5,26,3.033992491482832
Tra Vinh,1981-05-27,1981,5,27,1.878176456356488
Tra Vinh,1981-05-28,1981,5,28,0.0353422581446115
Tra Vinh,1981-05-29,1981,5,29,15.291270877309016
Tra Vinh,1981-05-30,1981,5,30,3.650671994867579
Tra Vinh,1981-05-31,1981,5,31,0.8575794894776423
Tra Vinh,1981-06-01,1981,6,1,1.5378484866834
Tra Vinh,1981-06-02,1981,6,2,12.135095962912112
Tra Vinh,1981-06-03,1981,6,3,8.86220513167739
Tra Vinh,1981-06-04,1981,6,4,17.66455603025092
Tra Vinh,1981-06-05,1981,6,5,14.631112813358325
Tra Vinh,1981-06-06,1981,6,6,11.276524847647009
Tra Vinh,1981-06-07,1981,6,7,22.28428155822959
Tra Vinh,1981-06-08,1981,6,8,4.108195558090952
Tra Vinh,1981-06-09,1981,6,9,17.826426509223023
Tra Vinh,1981-06-10,1981,6,10,5.152898824049789
Tra Vinh,1981-06-11,1981,6,11,11.039433430703824
Tra Vinh,1981-06-12,1981,6,12,9.033085979354343
Tra Vinh,1981-06-13,1981,6,13,6.04205363183546
Tra Vinh,1981-06-14,1981,6,14,14.72588268581447
Tra Vinh,1981-06-15,1981,6,15,17.528602046519634
Tra Vinh,1981-06-16,1981,6,16,2.7045461963502198
Tra Vinh,1981-06-17,1981,6,17,4.634716950075348
Tra Vinh,1981-06-18,1981,6,18,5.326903209576997
Tra Vinh,1981-06-19,1981,6,19,9.270462006305
Tra Vinh,1981-06-20,1981,6,20,9.941410316938985
Tra Vinh,1981-06-21,1981,6,21,17.817097902746507
Tra Vinh,1981-06-22,1981,6,22,11.975439800734144
Tra Vinh,1981-06-23,1981,6,23,0.0
Tra Vinh,1981-06-24,1981,6,24,0.0
Tra Vinh,1981-06-25,1981,6,25,0.2475994712209138
Tra Vinh,1981-06-26,1981,6,26,3.5984442417124534
Tra Vinh,1981-06-27,1981,6,27,0.0191752997467369
Tra Vinh,1981-06-28,1981,6,28,0.2412418263864166
Tra Vinh,1981-06-29,1981,6,29,0.0
Tra Vinh,1981-06-30,1981,6,30,0.0
Tra Vinh,1981-07-01,1981,7,1,0.9815344340132098
Tra Vinh,1981-07-02,1981,7,2,17.963182166353818
Tra Vinh,1981-07-03,1981,7,3,18.627559544286992
Tra Vinh,1981-07-04,1981,7,4,9.238766341468745
Tra Vinh,1981-07-05,1981,7,5,4.652511204860954
Tra Vinh,1981-07-06,1981,7,6,0.0
Tra Vinh,1981-07-07,1981,7,7,0.0
Tra Vinh,1981-07-08,1981,7,8,11.5571655930057
Tra Vinh,1981-07-09,1981,7,9,24.462580788414837
Tra Vinh,1981-07-10,1981,7,10,7.856772550644373
Tra Vinh,1981-07-11,1981,7,11,4.005756212296149
Tra Vinh,1981-07-12,1981,7,12,10.94580789733304
Tra Vinh,1981-07-13,1981,7,13,15.135796246089052
Tra Vinh,1981-07-14,1981,7,14,9.81926190245553
Tra Vinh,1981-07-15,1981,7,15,9.732986407115227
Tra Vinh,1981-07-16,1981,7,16,2.6097005403039795
Tra Vinh,1981-07-17,1981,7,17,3.4806831461742664
Tra Vinh,1981-07-18,1981,7,18,16.441702503994506
Tra Vinh,1981-07-19,1981,7,19,6.214142520580205
Tra Vinh,1981-07-20,1981,7,20,4.834431474374382
Tra Vinh,1981-07-21,1981,7,21,15.7117127570124
Tra Vinh,1981-07-22,1981,7,22,5.655172153050946
Tra Vinh,1981-07-23,1981,7,23,0.0
Tra Vinh,1981-07-24,1981,7,24,3.450966821198832
Tra Vinh,1981-07-25,1981,7,25,0.0
Tra Vinh,1981-07-26,1981,7,26,5.521097602142071
Tra Vinh,1981-07-27,1981,7,27,5.782594485814619
Tra Vinh,1981-07-28,1981,7,28,16.010145305323157
Tra Vinh,1981-07-29,1981,7,29,11.60775237881018
Tra Vinh,1981-07-30,1981,7,30,13.058117453310247
Tra Vinh,1981-07-31,1981,7,31,6.125691330532792
Tra Vinh,1981-08-01,1981,8,1,2.287460780926641
Tra Vinh,1981-08-02,1981,8,2,1.597063002799216
Tra Vinh,1981-08-03,1981,8,3,21.744736408889644
Tra Vinh,1981-08-04,1981,8,4,17.985224518874617
Tra Vinh,1981-08-05,1981,8,5,0.0
Tra Vinh,1981-08-06,1981,8,6,10.796033040384806
Tra Vinh,1981-08-07,1981,8,7,16.998265203459965
Tra Vinh,1981-08-08,1981,8,8,21.142026208253192
Tra Vinh,1981-08-09,1981,8,9,20.47884990468847
Tra Vinh,1981-08-10,1981,8,10,8.659984322639737
Tra Vinh,1981-08-11,1981,8,11,10.373477817009874
Tra Vinh,1981-08-12,1981,8,12,3.4446416724456026
Tra Vinh,1981-08-13,1981,8,13,16.989511656806016
Tra Vinh,1981-08-14,1981,8,14,21.980346871213413
Tra Vinh,1981-08-15,1981,8,15,14.663194868897744
Tra Vinh,1981-08-16,1981,8,16,14.055890341732296
Tra Vinh,1981-08-17,1981,8,17,7.026196262337763
Tra Vinh,1981-08-18,1981,8,18,1.9939092220924883
Tra Vinh,1981-08-19,1981,8,19,0.0
Tra Vinh,1981-08-20,1981,8,20,8.571198755560804
Tra Vinh,1981-08-21,1981,8,21,0.0
Tra Vinh,1981-08-22,1981,8,22,0.1732280589544571
Tra Vinh,1981-08-23,1981,8,23,0.091748692672518
Tra Vinh,1981-08-24,1981,8,24,8.574722262718991
Tra Vinh,1981-08-25,1981,8,25,2.868292292101843
Tra Vinh,1981-08-26,1981,8,26,2.3234946123143225
Tra Vinh,1981-08-27,1981,8,27,1.6338392250840017
Tra Vinh,1981-08-28,1981,8,28,1.1911387315810955
Tra Vinh,1981-08-29,1981,8,29,1.221023808233917
Tra Vinh,1981-08-30,1981,8,30,0.414993692997971
Tra Vinh,1981-08-31,1981,8,31,2.012516890027614
Tra Vinh,1981-09-01,1981,9,1,3.0167316122709087
Tra Vinh,1981-09-02,1981,9,2,3.433631261903361
Tra Vinh,1981-09-03,1981,9,3,17.378032019714492
Tra Vinh,1981-09-04,1981,9,4,2.9325941342950284
Tra Vinh,1981-09-05,1981,9,5,4.575401701070065
Tra Vinh,1981-09-06,1981,9,6,0.3424342864595845
Tra Vinh,1981-09-07,1981,9,7,0.0
Tra Vinh,1981-09-08,1981,9,8,3.751399795346857
Tra Vinh,1981-09-09,1981,9,9,5.679624057874243
Tra Vinh,1981-09-10,1981,9,10,6.50499280793291
Tra Vinh,1981-09-11,1981,9,11,17.889523173247067
Tra Vinh,1981-09-12,1981,9,12,24.355674986311644
Tra Vinh,1981-09-13,1981,9,13,37.3174033852465
Tra Vinh,1981-09-14,1981,9,14,5.838348889179629
Tra Vinh,1981-09-15,1981,9,15,16.83925906238096
Tra Vinh,1981-09-16,1981,9,16,0.0621750993322506
Tra Vinh,1981-09-17,1981,9,17,10.03015514339201
Tra Vinh,1981-09-18,1981,9,18,10.988995069700646
Tra Vinh,1981-09-19,1981,9,19,13.027742158271762
Tra Vinh,1981-09-20,1981,9,20,20.80975762587113
Tra Vinh,1981-09-21,1981,9,21,13.826688582181152
Tra Vinh,1981-09-22,1981,9,22,10.50993169053346
Tra Vinh,1981-09-23,1981,9,23,11.66860918497578
Tra Vinh,1981-09-24,1981,9,24,8.604431667836767
Tra Vinh,1981-09-25,1981,9,25,21.558240706296328
Tra Vinh,1981-09-26,1981,9,26,28.6129570218545
Tra Vinh,1981-09-27,1981,9,27,24.294191938680477
Tra Vinh,1981-09-28,1981,9,28,0.0
Tra Vinh,1981-09-29,1981,9,29,0.0
Tra Vinh,1981-09-30,1981,9,30,0.226092233379743
Tra Vinh,1981-10-01,1981,10,1,7.286955897494503
Tra Vinh,1981-10-02,1981,10,2,5.589173268411471
Tra Vinh,1981-10-03,1981,10,3,4.742702536997231
Tra Vinh,1981-10-04,1981,10,4,9.576620684396673
Tra Vinh,1981-10-05,1981,10,5,1.6058607437844272
Tra Vinh,1981-10-06,1981,10,6,0.0
Tra Vinh,1981-10-07,1981,10,7,0.0
Tra Vinh,1981-10-08,1981,10,8,4.0386877892179225
Tra Vinh,1981-10-09,1981,10,9,18.40747138828788
Tra Vinh,1981-10-10,1981,10,10,12.218121743047258
Tra Vinh,1981-10-11,1981,10,11,12.14779547073504
Tra Vinh,1981-10-12,1981,10,12,11.101763645237032
Tra Vinh,1981-10-13,1981,10,13,3.563688623552467
Tra Vinh,1981-10-14,1981,10,14,6.980759833355284
Tra Vinh,1981-10-15,1981,10,15,11.270197733235143
Tra Vinh,1981-10-16,1981,10,16,20.771969288133928
Tra Vinh,1981-10-17,1981,10,17,4.136617458455883
Tra Vinh,1981-10-18,1981,10,18,0.0
Tra Vinh,1981-10-19,1981,10,19,0.0
Tra Vinh,1981-10-20,1981,10,20,1.9508299191874356
Tra Vinh,1981-10-21,1981,10,21,12.004058485828704
Tra Vinh,1981-10-22,1981,10,22,13.384235146393502
Tra Vinh,1981-10-23,1981,10,23,6.517801137832526
Tra Vinh,1981-10-24,1981,10,24,0.0
Tra Vinh,1981-10-25,1981,10,25,16.040879091564886
Tra Vinh,1981-10-26,1981,10,26,28.894537726161364
Tra Vinh,1981-10-27,1981,10,27,16.00174468450919
Tra Vinh,1981-10-28,1981,10,28,9.129729514817647
Tra Vinh,1981-10-29,1981,10,29,6.6046888134674
Tra Vinh,1981-10-30,1981,10,30,32.16171407507937
Tra Vinh,1981-10-31,1981,10,31,3.616520435132794
Tra Vinh,1981-11-01,1981,11,1,3.3590481418798315
Tra Vinh,1981-11-02,1981,11,2,0.1197900579630951
Tra Vinh,1981-11-03,1981,11,3,0.0
Tra Vinh,1981-11-04,1981,11,4,6.830356221444096
Tra Vinh,1981-11-05,1981,11,5,18.536270499168264
Tra Vinh,1981-11-06,1981,11,6,11.91367427575317
Tra Vinh,1981-11-07,1981,11,7,6.323749820044735
Tra Vinh,1981-11-08,1981,11,8,7.459357117595313
Tra Vinh,1981-11-09,1981,11,9,14.952337374417253
Tra Vinh,1981-11-10,1981,11,10,30.15067114095228
Tra Vinh,1981-11-11,1981,11,11,0.0
Tra Vinh,1981-11-12,1981,11,12,0.2083936680967794
Tra Vinh,1981-11-13,1981,11,13,3.678653662189349
Tra Vinh,1981-11-14,1981,11,14,6.058896248139171
Tra Vinh,1981-11-15,1981,11,15,4.4218468646249205
Tra Vinh,1981-11-16,1981,11,16,16.847994279735037
Tra Vinh,1981-11-17,1981,11,17,0.2957177750775196
Tra Vinh,1981-11-18,1981,11,18,0.2117978640452437
Tra Vinh,1981-11-19,1981,11,19,16.569491898950314
Tra Vinh,1981-11-20,1981,11,20,2.190733053347014
Tra Vinh,1981-11-21,1981,11,21,0.0
Tra Vinh,1981-11-22,1981,11,22,2.445759627560947
Tra Vinh,1981-11-23,1981,11,23,5.992749786415691
Tra Vinh,1981-11-24,1981,11,24,0.0587278550275068
Tra Vinh,1981-11-25,1981,11,25,0.0
Tra Vinh,1981-11-26,1981,11,26,0.0
Tra Vinh,1981-11-27,1981,11,27,0.0
Tra Vinh,1981-11-28,1981,11,28,3.487977031359045
Tra Vinh,1981-11-29,1981,11,29,27.578085843897348
Tra Vinh,1981-11-30,1981,11,30,29.398220360656246
Tra Vinh,1981-12-01,1981,12,1,6.216836837676724
Tra Vinh,1981-12-02,1981,12,2,10.891806848032443
Tra Vinh,1981-12-03,1981,12,3,5.027680596042049
Tra Vinh,1981-12-04,1981,12,4,0.671593285221635
Tra Vinh,1981-12-05,1981,12,5,0.6981638620781329
Tra Vinh,1981-12-06,1981,12,6,3.8165314122512015
Tra Vinh,1981-12-07,1981,12,7,10.338223628025696
Tra Vinh,1981-12-08,1981,12,8,6.43933981393002
Tra Vinh,1981-12-09,1981,12,9,5.128348203893601
Tra Vinh,1981-12-10,1981,12,10,0.0977762827857734
Tra Vinh,1981-12-11,1981,12,11,0.0
Tra Vinh,1981-12-12,1981,12,12,0.0
Tra Vinh,1981-12-13,1981,12,13,0.0
Tra Vinh,1981-12-14,1981,12,14,0.0
Tra Vinh,1981-12-15,1981,12,15,0.0
Tra Vinh,1981-12-16,1981,12,16,0.0
Tra Vinh,1981-12-17,1981,12,17,0.0
Tra Vinh,1981-12-18,1981,12,18,0.0
Tra Vinh,1981-12-19,1981,12,19,0.0
Tra Vinh,1981-12-20,1981,12,20,0.0
Tra Vinh,1981-12-21,1981,12,21,0.0
Tra Vinh,1981-12-22,1981,12,22,0.0
Tra Vinh,1981-12-23,1981,12,23,0.0
Tra Vinh,1981-12-24,1981,12,24,0.0
Tra Vinh,1981-12-25,1981,12,25,0.0
Tra Vinh,1981-12-26,1981,12,26,0.0
Tra Vinh,1981-12-27,1981,12,27,0.0
Tra Vinh,1981-12-28,1981,12,28,0.0
Tra Vinh,1981-12-29,1981,12,29,0.0
Tra Vinh,1981-12-30,1981,12,30,0.0
Tra Vinh,1981-12-31,1981,12,31,0.0
Tra Vinh,1982-01-01,1982,1,1,0.0
Tra Vinh,1982-01-02,1982,1,2,0.0
Tra Vinh,1982-01-03,1982,1,3,0.0
Tra Vinh,1982-01-04,1982,1,4,0.0
Tra Vinh,1982-01-05,1982,1,5,0.0
Tra Vinh,1982-01-06,1982,1,6,0.3830341604075227
Tra Vinh,1982-01-07,1982,1,7,2.443619130971554
Tra Vinh,1982-01-08,1982,1,8,0.0
Tra Vinh,1982-01-09,1982,1,9,0.0
Tra Vinh,1982-01-10,1982,1,10,0.0
Tra Vinh,1982-01-11,1982,1,11,0.0
Tra Vinh,1982-01-12,1982,1,12,0.0
Tra Vinh,1982-01-13,1982,1,13,0.0
Tra Vinh,1982-01-14,1982,1,14,0.0
Tra Vinh,1982-01-15,1982,1,15,0.0
Tra Vinh,1982-01-16,1982,1,16,0.0638918594298086
Tra Vinh,1982-01-17,1982,1,17,0.0
Tra Vinh,1982-01-18,1982,1,18,0.0
Tra Vinh,1982-01-19,1982,1,19,0.0
Tra Vinh,1982-01-20,1982,1,20,0.0
Tra Vinh,1982-01-21,1982,1,21,0.0
Tra Vinh,1982-01-22,1982,1,22,0.0
Tra Vinh,1982-01-23,1982,1,23,0.0
Tra Vinh,1982-01-24,1982,1,24,0.0
Tra Vinh,1982-01-25,1982,1,25,0.0
Tra Vinh,1982-01-26,1982,1,26,0.0
Tra Vinh,1982-01-27,1982,1,27,0.0
Tra Vinh,1982-01-28,1982,1,28,0.0
Tra Vinh,1982-01-29,1982,1,29,2.0103114349797826
Tra Vinh,1982-01-30,1982,1,30,0.0
Tra Vinh,1982-01-31,1982,1,31,0.0034144014956014
Tra Vinh,1982-02-01,1982,2,1,0.0
Tra Vinh,1982-02-02,1982,2,2,0.018131419605978
Tra Vinh,1982-02-03,1982,2,3,0.0
Tra Vinh,1982-02-04,1982,2,4,0.0
Tra Vinh,1982-02-05,1982,2,5,0.0
Tra Vinh,1982-02-06,1982,2,6,0.0
Tra Vinh,1982-02-07,1982,2,7,0.0
Tra Vinh,1982-02-08,1982,2,8,0.0
Tra Vinh,1982-02-09,1982,2,9,0.0
Tra Vinh,1982-02-10,1982,2,10,0.0
Tra Vinh,1982-02-11,1982,2,11,0.0
Tra Vinh,1982-02-12,1982,2,12,0.0051619932348552
Tra Vinh,1982-02-13,1982,2,13,0.274912390858572
Tra Vinh,1982-02-14,1982,2,14,3.138190600410044
Tra Vinh,1982-02-15,1982,2,15,0.0
Tra Vinh,1982-02-16,1982,2,16,0.0
Tra Vinh,1982-02-17,1982,2,17,0.0
Tra Vinh,1982-02-18,1982,2,18,0.0
Tra Vinh,1982-02-19,1982,2,19,0.0
Tra Vinh,1982-02-20,1982,2,20,1.0016271796683396
Tra Vinh,1982-02-21,1982,2,21,0.0
Tra Vinh,1982-02-22,1982,2,22,0.0
Tra Vinh,1982-02-23,1982,2,23,0.0
Tra Vinh,1982-02-24,1982,2,24,0.0
Tra Vinh,1982-02-25,1982,2,25,0.0024934561513154
Tra Vinh,1982-02-26,1982,2,26,0.0
Tra Vinh,1982-02-27,1982,2,27,0.0
Tra Vinh,1982-02-28,1982,2,28,0.0
Tra Vinh,1982-03-01,1982,3,1,0.0
Tra Vinh,1982-03-02,1982,3,2,0.0
Tra Vinh,1982-03-03,1982,3,3,0.0
Tra Vinh,1982-03-04,1982,3,4,0.0
Tra Vinh,1982-03-05,1982,3,5,0.0
Tra Vinh,1982-03-06,1982,3,6,0.0
Tra Vinh,1982-03-07,1982,3,7,0.0
Tra Vinh,1982-03-08,1982,3,8,0.0
Tra Vinh,1982-03-09,1982,3,9,0.0
Tra Vinh,1982-03-10,1982,3,10,0.0
Tra Vinh,1982-03-11,1982,3,11,0.0
Tra Vinh,1982-03-12,1982,3,12,0.0
Tra Vinh,1982-03-13,1982,3,13,0.0
Tra Vinh,1982-03-14,1982,3,14,0.0
Tra Vinh,1982-03-15,1982,3,15,0.0
Tra Vinh,1982-03-16,1982,3,16,0.0
Tra Vinh,1982-03-17,1982,3,17,0.0
Tra Vinh,1982-03-18,1982,3,18,0.0
Tra Vinh,1982-03-19,1982,3,19,0.0
Tra Vinh,1982-03-20,1982,3,20,0.0
Tra Vinh,1982-03-21,1982,3,21,0.0
Tra Vinh,1982-03-22,1982,3,22,0.0
Tra Vinh,1982-03-23,1982,3,23,0.0
Tra Vinh,1982-03-24,1982,3,24,4.054150433464501
Tra Vinh,1982-03-25,1982,3,25,7.732004952171793
Tra Vinh,1982-03-26,1982,3,26,2.12964673857414
Tra Vinh,1982-03-27,1982,3,27,0.0
Tra Vinh,1982-03-28,1982,3,28,0.0
Tra Vinh,1982-03-29,1982,3,29,0.0
Tra Vinh,1982-03-30,1982,3,30,0.0
Tra Vinh,1982-03-31,1982,3,31,0.0
Tra Vinh,1982-04-01,1982,4,1,0.0
Tra Vinh,1982-04-02,1982,4,2,5.8444587830521
Tra Vinh,1982-04-03,1982,4,3,3.529138200146857
Tra Vinh,1982-04-04,1982,4,4,2.669873900977855
Tra Vinh,1982-04-05,1982,4,5,0.0
Tra Vinh,1982-04-06,1982,4,6,0.0
Tra Vinh,1982-04-07,1982,4,7,0.0
Tra Vinh,1982-04-08,1982,4,8,0.0
Tra Vinh,1982-04-09,1982,4,9,0.0
Tra Vinh,1982-04-10,1982,4,10,0.0
Tra Vinh,1982-04-11,1982,4,11,6.987924381996272
Tra Vinh,1982-04-12,1982,4,12,0.0
Tra Vinh,1982-04-13,1982,4,13,0.0
Tra Vinh,1982-04-14,1982,4,14,0.0652294302060091
Tra Vinh,1982-04-15,1982,4,15,0.907991860633388
Tra Vinh,1982-04-16,1982,4,16,0.0
Tra Vinh,1982-04-17,1982,4,17,0.0
Tra Vinh,1982-04-18,1982,4,18,0.0
Tra Vinh,1982-04-19,1982,4,19,0.0
Tra Vinh,1982-04-20,1982,4,20,7.845569074775734
Tra Vinh,1982-04-21,1982,4,21,1.3865874348205436
Tra Vinh,1982-04-22,1982,4,22,0.0084374511427444
Tra Vinh,1982-04-23,1982,4,23,0.6281164470688589
Tra Vinh,1982-04-24,1982,4,24,0.2830458998129634
Tra Vinh,1982-04-25,1982,4,25,0.1587866379579804
Tra Vinh,1982-04-26,1982,4,26,0.2256341009480903
Tra Vinh,1982-04-27,1982,4,27,0.4585193254325008
Tra Vinh,1982-04-28,1982,4,28,0.0
Tra Vinh,1982-04-29,1982,4,29,0.0
Tra Vinh,1982-04-30,1982,4,30,0.0
Tra Vinh,1982-05-01,1982,5,1,0.0
Tra Vinh,1982-05-02,1982,5,2,2.288467315000938
Tra Vinh,1982-05-03,1982,5,3,1.7492516192999257
Tra Vinh,1982-05-04,1982,5,4,4.797508289809102
Tra Vinh,1982-05-05,1982,5,5,0.6736947023218178
Tra Vinh,1982-05-06,1982,5,6,1.042599188295443
Tra Vinh,1982-05-07,1982,5,7,0.8242022398294128
Tra Vinh,1982-05-08,1982,5,8,0.3854316576107333
Tra Vinh,1982-05-09,1982,5,9,2.0719940422492407
Tra Vinh,1982-05-10,1982,5,10,0.1014833338883609
Tra Vinh,1982-05-11,1982,5,11,0.0
Tra Vinh,1982-05-12,1982,5,12,0.0
Tra Vinh,1982-05-13,1982,5,13,10.161118302892492
Tra Vinh,1982-05-14,1982,5,14,0.0
Tra Vinh,1982-05-15,1982,5,15,25.94652677177668
Tra Vinh,1982-05-16,1982,5,16,9.825024809412447
Tra Vinh,1982-05-17,1982,5,17,4.132540103857876
Tra Vinh,1982-05-18,1982,5,18,0.0
Tra Vinh,1982-05-19,1982,5,19,2.498012468940032
Tra Vinh,1982-05-20,1982,5,20,15.00524576609004
Tra Vinh,1982-05-21,1982,5,21,17.83332806096762
Tra Vinh,1982-05-22,1982,5,22,18.76750778882793
Tra Vinh,1982-05-23,1982,5,23,0.9822429374321636
Tra Vinh,1982-05-24,1982,5,24,1.485102127612462
Tra Vinh,1982-05-25,1982,5,25,2.413398205041273
Tra Vinh,1982-05-26,1982,5,26,0.6966979502612184
Tra Vinh,1982-05-27,1982,5,27,1.3545423702886208
Tra Vinh,1982-05-28,1982,5,28,4.013969600516667
Tra Vinh,1982-05-29,1982,5,29,0.0069441026309544
Tra Vinh,1982-05-30,1982,5,30,2.569017667963665
Tra Vinh,1982-05-31,1982,5,31,0.0290444095827523
Tra Vinh,1982-06-01,1982,6,1,7.882212902432488
Tra Vinh,1982-06-02,1982,6,2,5.184876156960344
Tra Vinh,1982-06-03,1982,6,3,4.473684631281679
Tra Vinh,1982-06-04,1982,6,4,4.890061926032327
Tra Vinh,1982-06-05,1982,6,5,1.86845209259283
Tra Vinh,1982-06-06,1982,6,6,3.5600898496224263
Tra Vinh,1982-06-07,1982,6,7,9.677825276680796
Tra Vinh,1982-06-08,1982,6,8,12.511260876252708
Tra Vinh,1982-06-09,1982,6,9,3.662616544714212
Tra Vinh,1982-06-10,1982,6,10,2.348526613476216
Tra Vinh,1982-06-11,1982,6,11,1.5813615399995615
Tra Vinh,1982-06-12,1982,6,12,24.26242428888555
Tra Vinh,1982-06-13,1982,6,13,22.2322264138462
Tra Vinh,1982-06-14,1982,6,14,31.248913076977168
Tra Vinh,1982-06-15,1982,6,15,2.9467291825038244
Tra Vinh,1982-06-16,1982,6,16,11.433652925638128
Tra Vinh,1982-06-17,1982,6,17,12.758243019935184
Tra Vinh,1982-06-18,1982,6,18,10.124070485494103
Tra Vinh,1982-06-19,1982,6,19,13.018608685026663
Tra Vinh,1982-06-20,1982,6,20,0.903135955466232
Tra Vinh,1982-06-21,1982,6,21,4.073101521588316
Tra Vinh,1982-06-22,1982,6,22,3.182365185458659
Tra Vinh,1982-06-23,1982,6,23,0.5742422866427799
Tra Vinh,1982-06-24,1982,6,24,1.9970063244060956
Tra Vinh,1982-06-25,1982,6,25,0.0
Tra Vinh,1982-06-26,1982,6,26,9.377865985232129
Tra Vinh,1982-06-27,1982,6,27,19.409227393601963
Tra Vinh,1982-06-28,1982,6,28,20.346695426918405
Tra Vinh,1982-06-29,1982,6,29,16.040745330545988
Tra Vinh,1982-06-30,1982,6,30,1.087785417490868
Tra Vinh,1982-07-01,1982,7,1,6.262317172519075
Tra Vinh,1982-07-02,1982,7,2,6.087228780529202
Tra Vinh,1982-07-03,1982,7,3,10.99160574678072
Tra Vinh,1982-07-04,1982,7,4,4.599307808607728
Tra Vinh,1982-07-05,1982,7,5,7.742636571669346
Tra Vinh,1982-07-06,1982,7,6,0.8887730078226642
Tra Vinh,1982-07-07,1982,7,7,3.421724055890691
Tra Vinh,1982-07-08,1982,7,8,1.7584341649563058
Tra Vinh,1982-07-09,1982,7,9,2.9774200476518704
Tra Vinh,1982-07-10,1982,7,10,1.2277814560677016
Tra Vinh,1982-07-11,1982,7,11,4.756314213059386
Tra Vinh,1982-07-12,1982,7,12,15.371583393542853
Tra Vinh,1982-07-13,1982,7,13,1.4793019182604152
Tra Vinh,1982-07-14,1982,7,14,0.0
Tra Vinh,1982-07-15,1982,7,15,0.4440628656550758
Tra Vinh,1982-07-16,1982,7,16,0.5432443981682803
Tra Vinh,1982-07-17,1982,7,17,1.9226878461051595
Tra Vinh,1982-07-18,1982,7,18,7.942741246025275
Tra Vinh,1982-07-19,1982,7,19,0.1103253430008826
Tra Vinh,1982-07-20,1982,7,20,2.3092028813340093
Tra Vinh,1982-07-21,1982,7,21,3.508797087383123
Tra Vinh,1982-07-22,1982,7,22,0.0
Tra Vinh,1982-07-23,1982,7,23,1.1746841670713686
Tra Vinh,1982-07-24,1982,7,24,0.6003258061527246
Tra Vinh,1982-07-25,1982,7,25,9.95016721085195
Tra Vinh,1982-07-26,1982,7,26,0.0
Tra Vinh,1982-07-27,1982,7,27,0.0
Tra Vinh,1982-07-28,1982,7,28,17.940610788042605
Tra Vinh,1982-07-29,1982,7,29,2.2823627596943723
Tra Vinh,1982-07-30,1982,7,30,4.298039614389711
Tra Vinh,1982-07-31,1982,7,31,1.942569256420112
Tra Vinh,1982-08-01,1982,8,1,0.0622855867099125
Tra Vinh,1982-08-02,1982,8,2,6.5728126836063625
Tra Vinh,1982-08-03,1982,8,3,8.169599466167266
Tra Vinh,1982-08-04,1982,8,4,2.7051449285443256
Tra Vinh,1982-08-05,1982,8,5,2.2716265110270637
Tra Vinh,1982-08-06,1982,8,6,3.572173432405124
Tra Vinh,1982-08-07,1982,8,7,4.342021338487456
Tra Vinh,1982-08-08,1982,8,8,5.250629617940753
Tra Vinh,1982-08-09,1982,8,9,28.88604998303128
Tra Vinh,1982-08-10,1982,8,10,17.248137278578838
Tra Vinh,1982-08-11,1982,8,11,17.25524361047538
Tra Vinh,1982-08-12,1982,8,12,0.0
Tra Vinh,1982-08-13,1982,8,13,0.0
Tra Vinh,1982-08-14,1982,8,14,3.894282904979365
Tra Vinh,1982-08-15,1982,8,15,1.5100507244037034
Tra Vinh,1982-08-16,1982,8,16,4.637456448787252
Tra Vinh,1982-08-17,1982,8,17,0.0
Tra Vinh,1982-08-18,1982,8,18,0.0050108194636629
Tra Vinh,1982-08-19,1982,8,19,16.227026855005697
Tra Vinh,1982-08-20,1982,8,20,11.444963816436758
Tra Vinh,1982-08-21,1982,8,21,3.4156217535112523
Tra Vinh,1982-08-22,1982,8,22,0.0
Tra Vinh,1982-08-23,1982,8,23,21.109842105830893
Tra Vinh,1982-08-24,1982,8,24,4.201229719294427
Tra Vinh,1982-08-25,1982,8,25,0.0
Tra Vinh,1982-08-26,1982,8,26,13.415733436040025
Tra Vinh,1982-08-27,1982,8,27,31.47054273286638
Tra Vinh,1982-08-28,1982,8,28,8.035321903775158
Tra Vinh,1982-08-29,1982,8,29,5.80927521282941
Tra Vinh,1982-08-30,1982,8,30,0.0
Tra Vinh,1982-08-31,1982,8,31,0.0
Tra Vinh,1982-09-01,1982,9,1,9.86333922585891
Tra Vinh,1982-09-02,1982,9,2,2.3281808944161937
Tra Vinh,1982-09-03,1982,9,3,1.3001599970364617
Tra Vinh,1982-09-04,1982,9,4,19.31894388355025
Tra Vinh,1982-09-05,1982,9,5,16.98433617290032
Tra Vinh,1982-09-06,1982,9,6,13.72406322535682
Tra Vinh,1982-09-07,1982,9,7,0.2843612233695767
Tra Vinh,1982-09-08,1982,9,8,18.34799007593066
Tra Vinh,1982-09-09,1982,9,9,15.122148929752196
Tra Vinh,1982-09-10,1982,9,10,5.7493412582328265
Tra Vinh,1982-09-11,1982,9,11,3.204679620149748
Tra Vinh,1982-09-12,1982,9,12,2.8383583772461773
Tra Vinh,1982-09-13,1982,9,13,4.932770992795359
Tra Vinh,1982-09-14,1982,9,14,6.960700544594125
Tra Vinh,1982-09-15,1982,9,15,2.8892658761327685
Tra Vinh,1982-09-16,1982,9,16,7.408309621853318
Tra Vinh,1982-09-17,1982,9,17,0.46500071978516
Tra Vinh,1982-09-18,1982,9,18,1.1451294170152593
Tra Vinh,1982-09-19,1982,9,19,0.0
Tra Vinh,1982-09-20,1982,9,20,0.3347035188317726
Tra Vinh,1982-09-21,1982,9,21,4.9714297446630455
Tra Vinh,1982-09-22,1982,9,22,6.446114952368105
Tra Vinh,1982-09-23,1982,9,23,4.998212755552127
Tra Vinh,1982-09-24,1982,9,24,7.990643936608698
Tra Vinh,1982-09-25,1982,9,25,4.492688109105276
Tra Vinh,1982-09-26,1982,9,26,4.270545617727126
Tra Vinh,1982-09-27,1982,9,27,0.1153862815199294
Tra Vinh,1982-09-28,1982,9,28,9.716812285762048
Tra Vinh,1982-09-29,1982,9,29,5.427948043716245
Tra Vinh,1982-09-30,1982,9,30,3.085657186562817
Tra Vinh,1982-10-01,1982,10,1,8.993672847747797
Tra Vinh,1982-10-02,1982,10,2,1.8551612046716237
Tra Vinh,1982-10-03,1982,10,3,12.51842734025485
Tra Vinh,1982-10-04,1982,10,4,3.9647584130912015
Tra Vinh,1982-10-05,1982,10,5,5.465475347157479
Tra Vinh,1982-10-06,1982,10,6,12.994294987369932
Tra Vinh,1982-10-07,1982,10,7,0.0
Tra Vinh,1982-10-08,1982,10,8,17.930462803741953
Tra Vinh,1982-10-09,1982,10,9,1.476807534500984
Tra Vinh,1982-10-10,1982,10,10,23.89495917864695
Tra Vinh,1982-10-11,1982,10,11,4.300030322651464
Tra Vinh,1982-10-12,1982,10,12,10.4855828026696
Tra Vinh,1982-10-13,1982,10,13,16.16940958067272
Tra Vinh,1982-10-14,1982,10,14,0.0
Tra Vinh,1982-10-15,1982,10,15,0.0
Tra Vinh,1982-10-16,1982,10,16,19.208540088685528
Tra Vinh,1982-10-17,1982,10,17,4.640477542736925
Tra Vinh,1982-10-18,1982,10,18,4.942322063796718
Tra Vinh,1982-10-19,1982,10,19,13.508495071718418
Tra Vinh,1982-10-20,1982,10,20,14.634924295520666
Tra Vinh,1982-10-21,1982,10,21,3.291920407156423
Tra Vinh,1982-10-22,1982,10,22,1.1199984816133166
Tra Vinh,1982-10-23,1982,10,23,0.7329836019557091
Tra Vinh,1982-10-24,1982,10,24,0.0
Tra Vinh,1982-10-25,1982,10,25,0.6018218175150174
Tra Vinh,1982-10-26,1982,10,26,0.0
Tra Vinh,1982-10-27,1982,10,27,0.0
Tra Vinh,1982-10-28,1982,10,28,0.0
Tra Vinh,1982-10-29,1982,10,29,18.39962757312683
Tra Vinh,1982-10-30,1982,10,30,15.87921715989691
Tra Vinh,1982-10-31,1982,10,31,12.00686151234741
Tra Vinh,1982-11-01,1982,11,1,0.0
Tra Vinh,1982-11-02,1982,11,2,0.0
Tra Vinh,1982-11-03,1982,11,3,0.0
Tra Vinh,1982-11-04,1982,11,4,0.0
Tra Vinh,1982-11-05,1982,11,5,0.0
Tra Vinh,1982-11-06,1982,11,6,0.6789511645453921
Tra Vinh,1982-11-07,1982,11,7,0.0
Tra Vinh,1982-11-08,1982,11,8,14.46630179969718
Tra Vinh,1982-11-09,1982,11,9,15.233697424266031
Tra Vinh,1982-11-10,1982,11,10,12.313350162323422
Tra Vinh,1982-11-11,1982,11,11,10.054363508978438
Tra Vinh,1982-11-12,1982,11,12,6.126545997059034
Tra Vinh,1982-11-13,1982,11,13,3.645971070910714
Tra Vinh,1982-11-14,1982,11,14,0.4625653150205185
Tra Vinh,1982-11-15,1982,11,15,7.991415955907405
Tra Vinh,1982-11-16,1982,11,16,0.0
Tra Vinh,1982-11-17,1982,11,17,8.464554483103143
Tra Vinh,1982-11-18,1982,11,18,0.0
Tra Vinh,1982-11-19,1982,11,19,0.0
Tra Vinh,1982-11-20,1982,11,20,0.0
Tra Vinh,1982-11-21,1982,11,21,0.0
Tra Vinh,1982-11-22,1982,11,22,0.0
Tra Vinh,1982-11-23,1982,11,23,3.755194954205846
Tra Vinh,1982-11-24,1982,11,24,2.920560308413686
Tra Vinh,1982-11-25,1982,11,25,0.0
Tra Vinh,1982-11-26,1982,11,26,3.820528190646065
Tra Vinh,1982-11-27,1982,11,27,0.0
Tra Vinh,1982-11-28,1982,11,28,0.0
Tra Vinh,1982-11-29,1982,11,29,0.0
Tra Vinh,1982-11-30,1982,11,30,0.0
Tra Vinh,1982-12-01,1982,12,1,0.0
Tra Vinh,1982-12-02,1982,12,2,0.0
Tra Vinh,1982-12-03,1982,12,3,0.0
Tra Vinh,1982-12-04,1982,12,4,0.0
Tra Vinh,1982-12-05,1982,12,5,0.8542820845421754
Tra Vinh,1982-12-06,1982,12,6,1.90215934915218
Tra Vinh,1982-12-07,1982,12,7,1.5705951270189409
Tra Vinh,1982-12-08,1982,12,8,2.1728437319767453
Tra Vinh,1982-12-09,1982,12,9,0.0
Tra Vinh,1982-12-10,1982,12,10,0.0
Tra Vinh,1982-12-11,1982,12,11,0.0
Tra Vinh,1982-12-12,1982,12,12,0.0
Tra Vinh,1982-12-13,1982,12,13,0.0
Tra Vinh,1982-12-14,1982,12,14,0.0
Tra Vinh,1982-12-15,1982,12,15,0.0025990835026388
Tra Vinh,1982-12-16,1982,12,16,0.0
Tra Vinh,1982-12-17,1982,12,17,0.0
Tra Vinh,1982-12-18,1982,12,18,0.0
Tra Vinh,1982-12-19,1982,12,19,0.0
Tra Vinh,1982-12-20,1982,12,20,0.0
Tra Vinh,1982-12-21,1982,12,21,0.0
Tra Vinh,1982-12-22,1982,12,22,0.0
Tra Vinh,1982-12-23,1982,12,23,0.0
Tra Vinh,1982-12-24,1982,12,24,0.0
Tra Vinh,1982-12-25,1982,12,25,0.0
Tra Vinh,1982-12-26,1982,12,26,0.8183623060765011
Tra Vinh,1982-12-27,1982,12,27,0.0
Tra Vinh,1982-12-28,1982,12,28,0.0
Tra Vinh,1982-12-29,1982,12,29,0.0
Tra Vinh,1982-12-30,1982,12,30,10.99277325350952
Tra Vinh,1982-12-31,1982,12,31,0.0
Tra Vinh,1983-01-01,1983,1,1,0.9153158919860588
Tra Vinh,1983-01-02,1983,1,2,0.0
Tra Vinh,1983-01-03,1983,1,3,0.0
Tra Vinh,1983-01-04,1983,1,4,0.0
Tra Vinh,1983-01-05,1983,1,5,0.001341395305633
Tra Vinh,1983-01-06,1983,1,6,0.0
Tra Vinh,1983-01-07,1983,1,7,0.0437229089254147
Tra Vinh,1983-01-08,1983,1,8,0.0
Tra Vinh,1983-01-09,1983,1,9,0.6806113996402979
Tra Vinh,1983-01-10,1983,1,10,0.0
Tra Vinh,1983-01-11,1983,1,11,0.0
Tra Vinh,1983-01-12,1983,1,12,0.0
Tra Vinh,1983-01-13,1983,1,13,0.0
Tra Vinh,1983-01-14,1983,1,14,0.0
Tra Vinh,1983-01-15,1983,1,15,0.0
Tra Vinh,1983-01-16,1983,1,16,0.0
Tra Vinh,1983-01-17,1983,1,17,0.0
Tra Vinh,1983-01-18,1983,1,18,0.0
Tra Vinh,1983-01-19,1983,1,19,0.0
Tra Vinh,1983-01-20,1983,1,20,0.0
Tra Vinh,1983-01-21,1983,1,21,0.0
Tra Vinh,1983-01-22,1983,1,22,0.0
Tra Vinh,1983-01-23,1983,1,23,0.0
Tra Vinh,1983-01-24,1983,1,24,0.0
Tra Vinh,1983-01-25,1983,1,25,0.3774124481687386
Tra Vinh,1983-01-26,1983,1,26,0.0
Tra Vinh,1983-01-27,1983,1,27,0.0
Tra Vinh,1983-01-28,1983,1,28,0.0
Tra Vinh,1983-01-29,1983,1,29,0.0
Tra Vinh,1983-01-30,1983,1,30,0.0551979700500014
Tra Vinh,1983-01-31,1983,1,31,0.0551979700500014
Tra Vinh,1983-02-01,1983,2,1,0.0
Tra Vinh,1983-02-02,1983,2,2,0.0
Tra Vinh,1983-02-03,1983,2,3,0.0
Tra Vinh,1983-02-04,1983,2,4,0.0
Tra Vinh,1983-02-05,1983,2,5,0.0
Tra Vinh,1983-02-06,1983,2,6,0.0
Tra Vinh,1983-02-07,1983,2,7,1.673030653794198
Tra Vinh,1983-02-08,1983,2,8,0.0
Tra Vinh,1983-02-09,1983,2,9,0.1354216813674151
Tra Vinh,1983-02-10,1983,2,10,0.1354216813674151
Tra Vinh,1983-02-11,1983,2,11,0.0
Tra Vinh,1983-02-12,1983,2,12,0.0
Tra Vinh,1983-02-13,1983,2,13,0.0
Tra Vinh,1983-02-14,1983,2,14,0.0365827212338572
Tra Vinh,1983-02-15,1983,2,15,0.0908744381914306
Tra Vinh,1983-02-16,1983,2,16,0.0
Tra Vinh,1983-02-17,1983,2,17,0.0
Tra Vinh,1983-02-18,1983,2,18,0.2487244202741214
Tra Vinh,1983-02-19,1983,2,19,1.5574341458154577
Tra Vinh,1983-02-20,1983,2,20,0.9243890251719034
Tra Vinh,1983-02-21,1983,2,21,0.0
Tra Vinh,1983-02-22,1983,2,22,0.0
Tra Vinh,1983-02-23,1983,2,23,0.0
Tra Vinh,1983-02-24,1983,2,24,0.0018166347876846
Tra Vinh,1983-02-25,1983,2,25,0.3201196654593819
Tra Vinh,1983-02-26,1983,2,26,0.0
Tra Vinh,1983-02-27,1983,2,27,0.0
Tra Vinh,1983-02-28,1983,2,28,0.0
Tra Vinh,1983-03-01,1983,3,1,0.0
Tra Vinh,1983-03-02,1983,3,2,1.1740589956962408
Tra Vinh,1983-03-03,1983,3,3,1.390742643472372
Tra Vinh,1983-03-04,1983,3,4,0.8558187319903323
Tra Vinh,1983-03-05,1983,3,5,0.9414006450532212
Tra Vinh,1983-03-06,1983,3,6,0.0
Tra Vinh,1983-03-07,1983,3,7,0.0
Tra Vinh,1983-03-08,1983,3,8,0.0
Tra Vinh,1983-03-09,1983,3,9,0.0
Tra Vinh,1983-03-10,1983,3,10,0.0
Tra Vinh,1983-03-11,1983,3,11,0.0
Tra Vinh,1983-03-12,1983,3,12,0.0
Tra Vinh,1983-03-13,1983,3,13,0.0
Tra Vinh,1983-03-14,1983,3,14,0.0
Tra Vinh,1983-03-15,1983,3,15,0.0
Tra Vinh,1983-03-16,1983,3,16,0.0
Tra Vinh,1983-03-17,1983,3,17,0.0
Tra Vinh,1983-03-18,1983,3,18,0.0
Tra Vinh,1983-03-19,1983,3,19,0.0
Tra Vinh,1983-03-20,1983,3,20,0.0
Tra Vinh,1983-03-21,1983,3,21,0.0
Tra Vinh,1983-03-22,1983,3,22,0.0
Tra Vinh,1983-03-23,1983,3,23,0.0
Tra Vinh,1983-03-24,1983,3,24,0.0
Tra Vinh,1983-03-25,1983,3,25,0.0
Tra Vinh,1983-03-26,1983,3,26,0.0
Tra Vinh,1983-03-27,1983,3,27,0.0
Tra Vinh,1983-03-28,1983,3,28,0.0
Tra Vinh,1983-03-29,1983,3,29,0.0
Tra Vinh,1983-03-30,1983,3,30,0.0
Tra Vinh,1983-03-31,1983,3,31,0.0
Tra Vinh,1983-04-01,1983,4,1,0.0
Tra Vinh,1983-04-02,1983,4,2,0.0
Tra Vinh,1983-04-03,1983,4,3,0.0
Tra Vinh,1983-04-04,1983,4,4,0.0914462288057618
Tra Vinh,1983-04-05,1983,4,5,0.0
Tra Vinh,1983-04-06,1983,4,6,0.0
Tra Vinh,1983-04-07,1983,4,7,0.0
Tra Vinh,1983-04-08,1983,4,8,0.0
Tra Vinh,1983-04-09,1983,4,9,0.0
Tra Vinh,1983-04-10,1983,4,10,0.0
Tra Vinh,1983-04-11,1983,4,11,0.0
Tra Vinh,1983-04-12,1983,4,12,0.3435882807736194
Tra Vinh,1983-04-13,1983,4,13,0.0
Tra Vinh,1983-04-14,1983,4,14,0.0
Tra Vinh,1983-04-15,1983,4,15,0.0
Tra Vinh,1983-04-16,1983,4,16,0.0
Tra Vinh,1983-04-17,1983,4,17,0.0
Tra Vinh,1983-04-18,1983,4,18,0.0
Tra Vinh,1983-04-19,1983,4,19,0.0
Tra Vinh,1983-04-20,1983,4,20,0.0
Tra Vinh,1983-04-21,1983,4,21,0.0
Tra Vinh,1983-04-22,1983,4,22,0.0
Tra Vinh,1983-04-23,1983,4,23,4.218024076081266
Tra Vinh,1983-04-24,1983,4,24,0.0038557165154681
Tra Vinh,1983-04-25,1983,4,25,0.448793085707708
Tra Vinh,1983-04-26,1983,4,26,0.014496067221886
Tra Vinh,1983-04-27,1983,4,27,0.0
Tra Vinh,1983-04-28,1983,4,28,0.0
Tra Vinh,1983-04-29,1983,4,29,1.811395508398536
Tra Vinh,1983-04-30,1983,4,30,3.947678740098575
Tra Vinh,1983-05-01,1983,5,1,2.870295270168823
Tra Vinh,1983-05-02,1983,5,2,1.9579771071779477
Tra Vinh,1983-05-03,1983,5,3,0.0223774557054929
Tra Vinh,1983-05-04,1983,5,4,0.5233868907073713
Tra Vinh,1983-05-05,1983,5,5,1.238026195241586
Tra Vinh,1983-05-06,1983,5,6,0.0
Tra Vinh,1983-05-07,1983,5,7,7.00721258819052
Tra Vinh,1983-05-08,1983,5,8,0.0
Tra Vinh,1983-05-09,1983,5,9,0.0
Tra Vinh,1983-05-10,1983,5,10,0.0
Tra Vinh,1983-05-11,1983,5,11,0.0
Tra Vinh,1983-05-12,1983,5,12,0.0
Tra Vinh,1983-05-13,1983,5,13,0.0
Tra Vinh,1983-05-14,1983,5,14,0.0
Tra Vinh,1983-05-15,1983,5,15,0.0
Tra Vinh,1983-05-16,1983,5,16,0.2455794421631962
Tra Vinh,1983-05-17,1983,5,17,0.0
Tra Vinh,1983-05-18,1983,5,18,0.0
Tra Vinh,1983-05-19,1983,5,19,0.0
Tra Vinh,1983-05-20,1983,5,20,7.87517965495413
Tra Vinh,1983-05-21,1983,5,21,0.0
Tra Vinh,1983-05-22,1983,5,22,0.0057772085343301
Tra Vinh,1983-05-23,1983,5,23,7.863999182798318
Tra Vinh,1983-05-24,1983,5,24,6.693761885665676
Tra Vinh,1983-05-25,1983,5,25,8.615781807718017
Tra Vinh,1983-05-26,1983,5,26,29.553522266647583
Tra Vinh,1983-05-27,1983,5,27,16.198939219160483
Tra Vinh,1983-05-28,1983,5,28,17.738341397498637
Tra Vinh,1983-05-29,1983,5,29,14.732497168745317
Tra Vinh,1983-05-30,1983,5,30,9.06932694381458
Tra Vinh,1983-05-31,1983,5,31,8.689350536506927
Tra Vinh,1983-06-01,1983,6,1,0.0
Tra Vinh,1983-06-02,1983,6,2,1.9358965163967308
Tra Vinh,1983-06-03,1983,6,3,6.181509551501219
Tra Vinh,1983-06-04,1983,6,4,6.5524540682297285
Tra Vinh,1983-06-05,1983,6,5,16.402906878230624
Tra Vinh,1983-06-06,1983,6,6,22.275995759122363
Tra Vinh,1983-06-07,1983,6,7,9.391200776627802
Tra Vinh,1983-06-08,1983,6,8,19.76939950332654
Tra Vinh,1983-06-09,1983,6,9,7.810680115224968
Tra Vinh,1983-06-10,1983,6,10,28.202376027096623
Tra Vinh,1983-06-11,1983,6,11,1.6631376920693215
Tra Vinh,1983-06-12,1983,6,12,0.0
Tra Vinh,1983-06-13,1983,6,13,0.0582485626921075
Tra Vinh,1983-06-14,1983,6,14,0.0528731930045892
Tra Vinh,1983-06-15,1983,6,15,2.531521663474938
Tra Vinh,1983-06-16,1983,6,16,0.0
Tra Vinh,1983-06-17,1983,6,17,0.0649572440410487
Tra Vinh,1983-06-18,1983,6,18,0.7372054898761287
Tra Vinh,1983-06-19,1983,6,19,6.045208166190776
Tra Vinh,1983-06-20,1983,6,20,14.910540258433846
Tra Vinh,1983-06-21,1983,6,21,9.557079253185291
Tra Vinh,1983-06-22,1983,6,22,5.395982974112205
Tra Vinh,1983-06-23,1983,6,23,12.661030289860529
Tra Vinh,1983-06-24,1983,6,24,11.66183011925728
Tra Vinh,1983-06-25,1983,6,25,0.0018534392643447
Tra Vinh,1983-06-26,1983,6,26,0.8108764196514613
Tra Vinh,1983-06-27,1983,6,27,7.826531561986387
Tra Vinh,1983-06-28,1983,6,28,6.742404295783664
Tra Vinh,1983-06-29,1983,6,29,0.0
Tra Vinh,1983-06-30,1983,6,30,0.0096923183208248
Tra Vinh,1983-07-01,1983,7,1,0.0838745452918536
Tra Vinh,1983-07-02,1983,7,2,0.8227886346765965
Tra Vinh,1983-07-03,1983,7,3,0.2155905132500028
Tra Vinh,1983-07-04,1983,7,4,2.750148720714359
Tra Vinh,1983-07-05,1983,7,5,1.825820387704404
Tra Vinh,1983-07-06,1983,7,6,0.0
Tra Vinh,1983-07-07,1983,7,7,3.355922828765329
Tra Vinh,1983-07-08,1983,7,8,12.334568145745262
Tra Vinh,1983-07-09,1983,7,9,13.957284835254669
Tra Vinh,1983-07-10,1983,7,10,0.4590468012371163
Tra Vinh,1983-07-11,1983,7,11,14.69234793565814
Tra Vinh,1983-07-12,1983,7,12,6.4028342039702935
Tra Vinh,1983-07-13,1983,7,13,0.6063397830829713
Tra Vinh,1983-07-14,1983,7,14,6.704270253349455
Tra Vinh,1983-07-15,1983,7,15,8.984934446545404
Tra Vinh,1983-07-16,1983,7,16,12.59239585566402
Tra Vinh,1983-07-17,1983,7,17,17.73130609052536
Tra Vinh,1983-07-18,1983,7,18,16.661732229102633
Tra Vinh,1983-07-19,1983,7,19,3.380298225843378
Tra Vinh,1983-07-20,1983,7,20,1.1866831984992143
Tra Vinh,1983-07-21,1983,7,21,8.05626251272652
Tra Vinh,1983-07-22,1983,7,22,4.904595906436392
Tra Vinh,1983-07-23,1983,7,23,4.90757609818437
Tra Vinh,1983-07-24,1983,7,24,0.0028447331333437
Tra Vinh,1983-07-25,1983,7,25,4.199808215878855
Tra Vinh,1983-07-26,1983,7,26,0.5073443338649586
Tra Vinh,1983-07-27,1983,7,27,2.0389903422928635
Tra Vinh,1983-07-28,1983,7,28,15.52818304784526
Tra Vinh,1983-07-29,1983,7,29,9.620511229045984
Tra Vinh,1983-07-30,1983,7,30,3.0382239436703653
Tra Vinh,1983-07-31,1983,7,31,0.085060471813149
Tra Vinh,1983-08-01,1983,8,1,5.305054115763844
Tra Vinh,1983-08-02,1983,8,2,5.803933256117322
Tra Vinh,1983-08-03,1983,8,3,6.727722294558534
Tra Vinh,1983-08-04,1983,8,4,9.838102957520174
Tra Vinh,1983-08-05,1983,8,5,15.36264829782822
Tra Vinh,1983-08-06,1983,8,6,14.748516384976645
Tra Vinh,1983-08-07,1983,8,7,4.566489612381336
Tra Vinh,1983-08-08,1983,8,8,0.0
Tra Vinh,1983-08-09,1983,8,9,6.412333635136429
Tra Vinh,1983-08-10,1983,8,10,26.16726212805715
Tra Vinh,1983-08-11,1983,8,11,12.625652961676314
Tra Vinh,1983-08-12,1983,8,12,2.720735611967781
Tra Vinh,1983-08-13,1983,8,13,5.497498180900084
Tra Vinh,1983-08-14,1983,8,14,13.68688165813261
Tra Vinh,1983-08-15,1983,8,15,8.704453408565195
Tra Vinh,1983-08-16,1983,8,16,3.208111673496677
Tra Vinh,1983-08-17,1983,8,17,18.930669528777024
Tra Vinh,1983-08-18,1983,8,18,19.87314478429909
Tra Vinh,1983-08-19,1983,8,19,8.808320189146212
Tra Vinh,1983-08-20,1983,8,20,10.042150554482454
Tra Vinh,1983-08-21,1983,8,21,2.330712903844651
Tra Vinh,1983-08-22,1983,8,22,0.2014623690165269
Tra Vinh,1983-08-23,1983,8,23,1.3025743967450656
Tra Vinh,1983-08-24,1983,8,24,0.0
Tra Vinh,1983-08-25,1983,8,25,1.072487441927057
Tra Vinh,1983-08-26,1983,8,26,1.2066602241652464
Tra Vinh,1983-08-27,1983,8,27,8.24210568016281
Tra Vinh,1983-08-28,1983,8,28,0.0
Tra Vinh,1983-08-29,1983,8,29,30.42924378854872
Tra Vinh,1983-08-30,1983,8,30,15.157555373159044
Tra Vinh,1983-08-31,1983,8,31,0.0
Tra Vinh,1983-09-01,1983,9,1,1.4670643013665787
Tra Vinh,1983-09-02,1983,9,2,0.8047009939023605
Tra Vinh,1983-09-03,1983,9,3,11.914481886150444
Tra Vinh,1983-09-04,1983,9,4,0.0
Tra Vinh,1983-09-05,1983,9,5,2.050389582241868
Tra Vinh,1983-09-06,1983,9,6,12.787505230496675
Tra Vinh,1983-09-07,1983,9,7,23.719870439732965
Tra Vinh,1983-09-08,1983,9,8,4.067858474202005
Tra Vinh,1983-09-09,1983,9,9,1.6992610825704506
Tra Vinh,1983-09-10,1983,9,10,1.3619891235272614
Tra Vinh,1983-09-11,1983,9,11,4.628856162403471
Tra Vinh,1983-09-12,1983,9,12,17.256191295620837
Tra Vinh,1983-09-13,1983,9,13,12.55753819989774
Tra Vinh,1983-09-14,1983,9,14,12.90247391926563
Tra Vinh,1983-09-15,1983,9,15,0.674164738617576
Tra Vinh,1983-09-16,1983,9,16,4.120716095633316
Tra Vinh,1983-09-17,1983,9,17,5.178601356802056
Tra Vinh,1983-09-18,1983,9,18,0.5592656714071752
Tra Vinh,1983-09-19,1983,9,19,5.885753774339161
Tra Vinh,1983-09-20,1983,9,20,9.249352931323896
Tra Vinh,1983-09-21,1983,9,21,5.344642690619748
Tra Vinh,1983-09-22,1983,9,22,9.434733493380692
Tra Vinh,1983-09-23,1983,9,23,13.949480051502563
Tra Vinh,1983-09-24,1983,9,24,5.681892117516939
Tra Vinh,1983-09-25,1983,9,25,4.724882309184391
Tra Vinh,1983-09-26,1983,9,26,18.600035219900377
Tra Vinh,1983-09-27,1983,9,27,17.400071921706576
Tra Vinh,1983-09-28,1983,9,28,16.088491319692576
Tra Vinh,1983-09-29,1983,9,29,9.861786151678512
Tra Vinh,1983-09-30,1983,9,30,20.96165251368964
Tra Vinh,1983-10-01,1983,10,1,11.10873006993488
Tra Vinh,1983-10-02,1983,10,2,14.860760645151176
Tra Vinh,1983-10-03,1983,10,3,2.006780606203452
Tra Vinh,1983-10-04,1983,10,4,6.705801450576213
Tra Vinh,1983-10-05,1983,10,5,0.0432046256514722
Tra Vinh,1983-10-06,1983,10,6,17.994968810325318
Tra Vinh,1983-10-07,1983,10,7,40.33052410401704
Tra Vinh,1983-10-08,1983,10,8,19.998087393762468
Tra Vinh,1983-10-09,1983,10,9,55.905840374372616
Tra Vinh,1983-10-10,1983,10,10,0.0
Tra Vinh,1983-10-11,1983,10,11,3.790888840548294
Tra Vinh,1983-10-12,1983,10,12,34.78142809407086
Tra Vinh,1983-10-13,1983,10,13,0.0
Tra Vinh,1983-10-14,1983,10,14,11.784160388684256
Tra Vinh,1983-10-15,1983,10,15,14.964318352192514
Tra Vinh,1983-10-16,1983,10,16,12.161326705033254
Tra Vinh,1983-10-17,1983,10,17,38.54032539053208
Tra Vinh,1983-10-18,1983,10,18,69.8949313542976
Tra Vinh,1983-10-19,1983,10,19,4.103814286208669
Tra Vinh,1983-10-20,1983,10,20,0.0
Tra Vinh,1983-10-21,1983,10,21,5.972078278734679
Tra Vinh,1983-10-22,1983,10,22,1.196929599905658
Tra Vinh,1983-10-23,1983,10,23,1.183623645271789
Tra Vinh,1983-10-24,1983,10,24,10.866851092954768
Tra Vinh,1983-10-25,1983,10,25,14.187450288727238
Tra Vinh,1983-10-26,1983,10,26,8.13918136367843
Tra Vinh,1983-10-27,1983,10,27,2.689049354206297
Tra Vinh,1983-10-28,1983,10,28,2.077723750869126
Tra Vinh,1983-10-29,1983,10,29,9.533504570980076
Tra Vinh,1983-10-30,1983,10,30,1.180654575972755
Tra Vinh,1983-10-31,1983,10,31,0.5933746235256868
Tra Vinh,1983-11-01,1983,11,1,9.046386560375144
Tra Vinh,1983-11-02,1983,11,2,22.462174212971316
Tra Vinh,1983-11-03,1983,11,3,8.818985201383992
Tra Vinh,1983-11-04,1983,11,4,4.065186341970581
Tra Vinh,1983-11-05,1983,11,5,14.382014703359152
Tra Vinh,1983-11-06,1983,11,6,22.04378402471664
Tra Vinh,1983-11-07,1983,11,7,0.0
Tra Vinh,1983-11-08,1983,11,8,0.3597304308865036
Tra Vinh,1983-11-09,1983,11,9,0.0
Tra Vinh,1983-11-10,1983,11,10,0.0
Tra Vinh,1983-11-11,1983,11,11,0.0
Tra Vinh,1983-11-12,1983,11,12,3.493984309265465
Tra Vinh,1983-11-13,1983,11,13,0.3961497832103041
Tra Vinh,1983-11-14,1983,11,14,0.0
Tra Vinh,1983-11-15,1983,11,15,5.720069637150972
Tra Vinh,1983-11-16,1983,11,16,14.863197808594334
Tra Vinh,1983-11-17,1983,11,17,2.53878705237938
Tra Vinh,1983-11-18,1983,11,18,1.3947524272806318
Tra Vinh,1983-11-19,1983,11,19,2.8420628501305885
Tra Vinh,1983-11-20,1983,11,20,9.487451797237508
Tra Vinh,1983-11-21,1983,11,21,52.70346114336576
Tra Vinh,1983-11-22,1983,11,22,25.150598444693173
Tra Vinh,1983-11-23,1983,11,23,0.0
Tra Vinh,1983-11-24,1983,11,24,0.0
Tra Vinh,1983-11-25,1983,11,25,0.0
Tra Vinh,1983-11-26,1983,11,26,0.0
Tra Vinh,1983-11-27,1983,11,27,0.0
Tra Vinh,1983-11-28,1983,11,28,0.0
Tra Vinh,1983-11-29,1983,11,29,0.0
Tra Vinh,1983-11-30,1983,11,30,0.1278069934743845
Tra Vinh,1983-12-01,1983,12,1,2.486326170901425
Tra Vinh,1983-12-02,1983,12,2,1.3528870891175022
Tra Vinh,1983-12-03,1983,12,3,1.937657357159284
Tra Vinh,1983-12-04,1983,12,4,4.448555747443678
Tra Vinh,1983-12-05,1983,12,5,0.0
Tra Vinh,1983-12-06,1983,12,6,0.0
Tra Vinh,1983-12-07,1983,12,7,0.0
Tra Vinh,1983-12-08,1983,12,8,0.0
Tra Vinh,1983-12-09,1983,12,9,0.0
Tra Vinh,1983-12-10,1983,12,10,0.0
Tra Vinh,1983-12-11,1983,12,11,0.5563734349928003
Tra Vinh,1983-12-12,1983,12,12,0.0
Tra Vinh,1983-12-13,1983,12,13,0.3678261418311599
Tra Vinh,1983-12-14,1983,12,14,0.0
Tra Vinh,1983-12-15,1983,12,15,0.0
Tra Vinh,1983-12-16,1983,12,16,0.0
Tra Vinh,1983-12-17,1983,12,17,0.0
Tra Vinh,1983-12-18,1983,12,18,0.0
Tra Vinh,1983-12-19,1983,12,19,0.0
Tra Vinh,1983-12-20,1983,12,20,0.0
Tra Vinh,1983-12-21,1983,12,21,0.0
Tra Vinh,1983-12-22,1983,12,22,0.0
Tra Vinh,1983-12-23,1983,12,23,0.0
Tra Vinh,1983-12-24,1983,12,24,0.0435341273044059
Tra Vinh,1983-12-25,1983,12,25,0.5354512459970404
Tra Vinh,1983-12-26,1983,12,26,0.0
Tra Vinh,1983-12-27,1983,12,27,0.0
Tra Vinh,1983-12-28,1983,12,28,0.0
Tra Vinh,1983-12-29,1983,12,29,11.64351791794817
Tra Vinh,1983-12-30,1983,12,30,0.0
Tra Vinh,1983-12-31,1983,12,31,2.3847108023052885
Tra Vinh,1984-01-01,1984,1,1,0.0
Tra Vinh,1984-01-02,1984,1,2,0.1067914393634414
Tra Vinh,1984-01-03,1984,1,3,5.367787024608648
Tra Vinh,1984-01-04,1984,1,4,1.0222933810552772
Tra Vinh,1984-01-05,1984,1,5,0.0
Tra Vinh,1984-01-06,1984,1,6,0.0
Tra Vinh,1984-01-07,1984,1,7,0.0
Tra Vinh,1984-01-08,1984,1,8,0.0
Tra Vinh,1984-01-09,1984,1,9,0.0
Tra Vinh,1984-01-10,1984,1,10,0.0
Tra Vinh,1984-01-11,1984,1,11,0.0
Tra Vinh,1984-01-12,1984,1,12,0.0
Tra Vinh,1984-01-13,1984,1,13,0.0
Tra Vinh,1984-01-14,1984,1,14,0.0
Tra Vinh,1984-01-15,1984,1,15,0.0
Tra Vinh,1984-01-16,1984,1,16,0.0
Tra Vinh,1984-01-17,1984,1,17,0.0
Tra Vinh,1984-01-18,1984,1,18,0.0
Tra Vinh,1984-01-19,1984,1,19,0.0
Tra Vinh,1984-01-20,1984,1,20,0.0064530301618029
Tra Vinh,1984-01-21,1984,1,21,1.6927466077011055
Tra Vinh,1984-01-22,1984,1,22,0.0
Tra Vinh,1984-01-23,1984,1,23,0.0
Tra Vinh,1984-01-24,1984,1,24,0.9432808455644924
Tra Vinh,1984-01-25,1984,1,25,0.0
Tra Vinh,1984-01-26,1984,1,26,0.0
Tra Vinh,1984-01-27,1984,1,27,0.0620660830587938
Tra Vinh,1984-01-28,1984,1,28,0.2732700241902596
Tra Vinh,1984-01-29,1984,1,29,1.6921678498267552
Tra Vinh,1984-01-30,1984,1,30,0.0239037587762143
Tra Vinh,1984-01-31,1984,1,31,0.0
Tra Vinh,1984-02-01,1984,2,1,0.0
Tra Vinh,1984-02-02,1984,2,2,0.0
Tra Vinh,1984-02-03,1984,2,3,0.4255909426805196
Tra Vinh,1984-02-04,1984,2,4,0.262252093814103
Tra Vinh,1984-02-05,1984,2,5,0.0
Tra Vinh,1984-02-06,1984,2,6,0.2160862828291887
Tra Vinh,1984-02-07,1984,2,7,0.501111275888374
Tra Vinh,1984-02-08,1984,2,8,0.0
Tra Vinh,1984-02-09,1984,2,9,0.0
Tra Vinh,1984-02-10,1984,2,10,0.0
Tra Vinh,1984-02-11,1984,2,11,0.0
Tra Vinh,1984-02-12,1984,2,12,0.0203869083569113
Tra Vinh,1984-02-13,1984,2,13,1.1689359769824017
Tra Vinh,1984-02-14,1984,2,14,0.0418959410604053
Tra Vinh,1984-02-15,1984,2,15,0.0
Tra Vinh,1984-02-16,1984,2,16,0.0
Tra Vinh,1984-02-17,1984,2,17,0.0
Tra Vinh,1984-02-18,1984,2,18,1.149430058528281
Tra Vinh,1984-02-19,1984,2,19,0.0641798651970735
Tra Vinh,1984-02-20,1984,2,20,0.0979328513328939
Tra Vinh,1984-02-21,1984,2,21,0.1064394854043556
Tra Vinh,1984-02-22,1984,2,22,0.0
Tra Vinh,1984-02-23,1984,2,23,0.0
Tra Vinh,1984-02-24,1984,2,24,1.1171219430510886
Tra Vinh,1984-02-25,1984,2,25,1.1254264560850005
Tra Vinh,1984-02-26,1984,2,26,0.0
Tra Vinh,1984-02-27,1984,2,27,0.0
Tra Vinh,1984-02-28,1984,2,28,0.0
Tra Vinh,1984-02-29,1984,2,29,0.0692641086225246
Tra Vinh,1984-03-01,1984,3,1,0.0
Tra Vinh,1984-03-02,1984,3,2,0.0
Tra Vinh,1984-03-03,1984,3,3,0.0
Tra Vinh,1984-03-04,1984,3,4,0.0
Tra Vinh,1984-03-05,1984,3,5,0.0
Tra Vinh,1984-03-06,1984,3,6,0.0
Tra Vinh,1984-03-07,1984,3,7,0.0
Tra Vinh,1984-03-08,1984,3,8,0.0
Tra Vinh,1984-03-09,1984,3,9,0.0
Tra Vinh,1984-03-10,1984,3,10,3.0593199032544063
Tra Vinh,1984-03-11,1984,3,11,0.0
Tra Vinh,1984-03-12,1984,3,12,0.0
Tra Vinh,1984-03-13,1984,3,13,0.0
Tra Vinh,1984-03-14,1984,3,14,0.0
Tra Vinh,1984-03-15,1984,3,15,0.0
Tra Vinh,1984-03-16,1984,3,16,0.0
Tra Vinh,1984-03-17,1984,3,17,0.0
Tra Vinh,1984-03-18,1984,3,18,0.0
Tra Vinh,1984-03-19,1984,3,19,0.0
Tra Vinh,1984-03-20,1984,3,20,0.0
Tra Vinh,1984-03-21,1984,3,21,2.6396849346717475
Tra Vinh,1984-03-22,1984,3,22,0.0
Tra Vinh,1984-03-23,1984,3,23,0.0
Tra Vinh,1984-03-24,1984,3,24,0.0
Tra Vinh,1984-03-25,1984,3,25,0.0
Tra Vinh,1984-03-26,1984,3,26,0.0
Tra Vinh,1984-03-27,1984,3,27,0.0
Tra Vinh,1984-03-28,1984,3,28,6.44986184783648
Tra Vinh,1984-03-29,1984,3,29,0.2750255097604029
Tra Vinh,1984-03-30,1984,3,30,0.0
Tra Vinh,1984-03-31,1984,3,31,0.1203137433322979
Tra Vinh,1984-04-01,1984,4,1,0.0
Tra Vinh,1984-04-02,1984,4,2,0.0
Tra Vinh,1984-04-03,1984,4,3,0.0
Tra Vinh,1984-04-04,1984,4,4,0.0
Tra Vinh,1984-04-05,1984,4,5,0.0
Tra Vinh,1984-04-06,1984,4,6,0.0
Tra Vinh,1984-04-07,1984,4,7,0.0
Tra Vinh,1984-04-08,1984,4,8,0.0
Tra Vinh,1984-04-09,1984,4,9,0.0
Tra Vinh,1984-04-10,1984,4,10,0.0
Tra Vinh,1984-04-11,1984,4,11,0.0
Tra Vinh,1984-04-12,1984,4,12,0.0
Tra Vinh,1984-04-13,1984,4,13,0.1891923411821776
Tra Vinh,1984-04-14,1984,4,14,0.0
Tra Vinh,1984-04-15,1984,4,15,0.0
Tra Vinh,1984-04-16,1984,4,16,0.0
Tra Vinh,1984-04-17,1984,4,17,0.0
Tra Vinh,1984-04-18,1984,4,18,1.0770303759592013
Tra Vinh,1984-04-19,1984,4,19,2.4432282163451746
Tra Vinh,1984-04-20,1984,4,20,1.4877314861205693
Tra Vinh,1984-04-21,1984,4,21,0.0
Tra Vinh,1984-04-22,1984,4,22,0.7980935600082423
Tra Vinh,1984-04-23,1984,4,23,0.0
Tra Vinh,1984-04-24,1984,4,24,8.08515329228031
Tra Vinh,1984-04-25,1984,4,25,0.0086610661789313
Tra Vinh,1984-04-26,1984,4,26,20.225123251261245
Tra Vinh,1984-04-27,1984,4,27,0.0
Tra Vinh,1984-04-28,1984,4,28,7.760534439246755
Tra Vinh,1984-04-29,1984,4,29,2.207537294657429
Tra Vinh,1984-04-30,1984,4,30,2.162061127756769
Tra Vinh,1984-05-01,1984,5,1,3.5488784725041747
Tra Vinh,1984-05-02,1984,5,2,0.1806960499386552
Tra Vinh,1984-05-03,1984,5,3,2.9424089439428616
Tra Vinh,1984-05-04,1984,5,4,17.210799068635556
Tra Vinh,1984-05-05,1984,5,5,8.678992205814394
Tra Vinh,1984-05-06,1984,5,6,22.750653330639967
Tra Vinh,1984-05-07,1984,5,7,11.166631724277028
Tra Vinh,1984-05-08,1984,5,8,10.410063272850197
Tra Vinh,1984-05-09,1984,5,9,0.8081561216375082
Tra Vinh,1984-05-10,1984,5,10,3.541544788359208
Tra Vinh,1984-05-11,1984,5,11,6.318032794861541
Tra Vinh,1984-05-12,1984,5,12,2.272532940012829
Tra Vinh,1984-05-13,1984,5,13,0.0
Tra Vinh,1984-05-14,1984,5,14,0.0
Tra Vinh,1984-05-15,1984,5,15,0.0
Tra Vinh,1984-05-16,1984,5,16,0.5705944852215704
Tra Vinh,1984-05-17,1984,5,17,7.173974692056949
Tra Vinh,1984-05-18,1984,5,18,0.0
Tra Vinh,1984-05-19,1984,5,19,0.0385369494855556
Tra Vinh,1984-05-20,1984,5,20,22.69227907721641
Tra Vinh,1984-05-21,1984,5,21,12.101607673735376
Tra Vinh,1984-05-22,1984,5,22,0.0
Tra Vinh,1984-05-23,1984,5,23,17.883426401132752
Tra Vinh,1984-05-24,1984,5,24,0.4487008871289221
Tra Vinh,1984-05-25,1984,5,25,8.746914665230483
Tra Vinh,1984-05-26,1984,5,26,15.338163807124214
Tra Vinh,1984-05-27,1984,5,27,12.224707685781778
Tra Vinh,1984-05-28,1984,5,28,16.56164118789782
Tra Vinh,1984-05-29,1984,5,29,16.06210494632698
Tra Vinh,1984-05-30,1984,5,30,0.0641707421286974
Tra Vinh,1984-05-31,1984,5,31,17.96669183683452
Tra Vinh,1984-06-01,1984,6,1,4.624229014297009
Tra Vinh,1984-06-02,1984,6,2,3.990870212313861
Tra Vinh,1984-06-03,1984,6,3,4.257546464214776
Tra Vinh,1984-06-04,1984,6,4,3.990870212313861
Tra Vinh,1984-06-05,1984,6,5,3.963843782253502
Tra Vinh,1984-06-06,1984,6,6,2.4966347677515603
Tra Vinh,1984-06-07,1984,6,7,3.11084878267295
Tra Vinh,1984-06-08,1984,6,8,2.771066705915934
Tra Vinh,1984-06-09,1984,6,9,2.479041130517881
Tra Vinh,1984-06-10,1984,6,10,6.430935362036949
Tra Vinh,1984-06-11,1984,6,11,5.5565433947983305
Tra Vinh,1984-06-12,1984,6,12,5.518631936985138
Tra Vinh,1984-06-13,1984,6,13,4.56974496692801
Tra Vinh,1984-06-14,1984,6,14,6.421447877927133
Tra Vinh,1984-06-15,1984,6,15,2.9068323032599506
Tra Vinh,1984-06-16,1984,6,16,1.5284252681955628
Tra Vinh,1984-06-17,1984,6,17,1.4833394884655404
Tra Vinh,1984-06-18,1984,6,18,1.4363058590778877
Tra Vinh,1984-06-19,1984,6,19,1.396999538892841
Tra Vinh,1984-06-20,1984,6,20,1.0025778673175092
Tra Vinh,1984-06-21,1984,6,21,2.7649661704823965
Tra Vinh,1984-06-22,1984,6,22,2.059436527627012
Tra Vinh,1984-06-23,1984,6,23,2.857282967878973
Tra Vinh,1984-06-24,1984,6,24,3.444337050527797
Tra Vinh,1984-06-25,1984,6,25,3.991504768296064
Tra Vinh,1984-06-26,1984,6,26,14.252228289827311
Tra Vinh,1984-06-27,1984,6,27,8.698840933843455
Tra Vinh,1984-06-28,1984,6,28,20.00330503561444
Tra Vinh,1984-06-29,1984,6,29,10.927172121439751
Tra Vinh,1984-06-30,1984,6,30,20.3568696968776
Tra Vinh,1984-07-01,1984,7,1,5.332937469457138
Tra Vinh,1984-07-02,1984,7,2,7.146773700573839
Tra Vinh,1984-07-03,1984,7,3,4.708468414523241
Tra Vinh,1984-07-04,1984,7,4,7.731246454911043
Tra Vinh,1984-07-05,1984,7,5,5.785767392254248
Tra Vinh,1984-07-06,1984,7,6,3.224862718339534
Tra Vinh,1984-07-07,1984,7,7,0.165561881863767
Tra Vinh,1984-07-08,1984,7,8,4.641288711114562
Tra Vinh,1984-07-09,1984,7,9,0.0699547365605983
Tra Vinh,1984-07-10,1984,7,10,0.0
Tra Vinh,1984-07-11,1984,7,11,0.0
Tra Vinh,1984-07-12,1984,7,12,6.103270310121698
Tra Vinh,1984-07-13,1984,7,13,0.0
Tra Vinh,1984-07-14,1984,7,14,9.121226861942969
Tra Vinh,1984-07-15,1984,7,15,9.481171172460735
Tra Vinh,1984-07-16,1984,7,16,0.2903665919395232
Tra Vinh,1984-07-17,1984,7,17,0.0
Tra Vinh,1984-07-18,1984,7,18,4.469455526112409
Tra Vinh,1984-07-19,1984,7,19,3.550509401237901
Tra Vinh,1984-07-20,1984,7,20,4.743227382929115
Tra Vinh,1984-07-21,1984,7,21,13.132120868049354
Tra Vinh,1984-07-22,1984,7,22,0.9401808407483228
Tra Vinh,1984-07-23,1984,7,23,5.101725344721507
Tra Vinh,1984-07-24,1984,7,24,15.307902821969304
Tra Vinh,1984-07-25,1984,7,25,11.319082775033596
Tra Vinh,1984-07-26,1984,7,26,4.809789287110198
Tra Vinh,1984-07-27,1984,7,27,0.8543346277644371
Tra Vinh,1984-07-28,1984,7,28,17.087749354468663
Tra Vinh,1984-07-29,1984,7,29,3.2336660703675677
Tra Vinh,1984-07-30,1984,7,30,5.327366426130919
Tra Vinh,1984-07-31,1984,7,31,4.358503193422648
Tra Vinh,1984-08-01,1984,8,1,12.569044292085245
Tra Vinh,1984-08-02,1984,8,2,2.5948804812653967
Tra Vinh,1984-08-03,1984,8,3,0.0303647816436034
Tra Vinh,1984-08-04,1984,8,4,0.9217603278604554
Tra Vinh,1984-08-05,1984,8,5,3.0273514938737778
Tra Vinh,1984-08-06,1984,8,6,1.424981494815977
Tra Vinh,1984-08-07,1984,8,7,12.609621923398372
Tra Vinh,1984-08-08,1984,8,8,12.982595184959669
Tra Vinh,1984-08-09,1984,8,9,0.8536632005548972
Tra Vinh,1984-08-10,1984,8,10,5.585155975824748
Tra Vinh,1984-08-11,1984,8,11,2.333793838156254
Tra Vinh,1984-08-12,1984,8,12,0.0232918137298683
Tra Vinh,1984-08-13,1984,8,13,3.5821200427447124
Tra Vinh,1984-08-14,1984,8,14,2.840997640915726
Tra Vinh,1984-08-15,1984,8,15,5.784528547185942
Tra Vinh,1984-08-16,1984,8,16,4.780132782669255
Tra Vinh,1984-08-17,1984,8,17,0.0081114353472215
Tra Vinh,1984-08-18,1984,8,18,8.558348882151435
Tra Vinh,1984-08-19,1984,8,19,10.99502646209481
Tra Vinh,1984-08-20,1984,8,20,0.1380248909549507
Tra Vinh,1984-08-21,1984,8,21,0.8596720623423628
Tra Vinh,1984-08-22,1984,8,22,0.0072389962388976
Tra Vinh,1984-08-23,1984,8,23,0.3463696830187451
Tra Vinh,1984-08-24,1984,8,24,2.51271406581142
Tra Vinh,1984-08-25,1984,8,25,6.896512384310283
Tra Vinh,1984-08-26,1984,8,26,7.151822572307379
Tra Vinh,1984-08-27,1984,8,27,11.291624620121029
Tra Vinh,1984-08-28,1984,8,28,13.540745064440353
Tra Vinh,1984-08-29,1984,8,29,1.3249114863542644
Tra Vinh,1984-08-30,1984,8,30,18.693052154698893
Tra Vinh,1984-08-31,1984,8,31,22.137008441295787
Tra Vinh,1984-09-01,1984,9,1,8.897730023530233
Tra Vinh,1984-09-02,1984,9,2,0.0
Tra Vinh,1984-09-03,1984,9,3,12.97260590910157
Tra Vinh,1984-09-04,1984,9,4,6.730851153257421
Tra Vinh,1984-09-05,1984,9,5,1.6061166950590853
Tra Vinh,1984-09-06,1984,9,6,2.9361143950643718
Tra Vinh,1984-09-07,1984,9,7,7.272518881859277
Tra Vinh,1984-09-08,1984,9,8,11.56028498550429
Tra Vinh,1984-09-09,1984,9,9,2.160408689402016
Tra Vinh,1984-09-10,1984,9,10,4.549015714079574
Tra Vinh,1984-09-11,1984,9,11,6.626512977207176
Tra Vinh,1984-09-12,1984,9,12,9.909863256849508
Tra Vinh,1984-09-13,1984,9,13,9.33219856228689
Tra Vinh,1984-09-14,1984,9,14,7.2056546805658055
Tra Vinh,1984-09-15,1984,9,15,4.190865212370026
Tra Vinh,1984-09-16,1984,9,16,0.2529553850430677
Tra Vinh,1984-09-17,1984,9,17,1.0136164097943343
Tra Vinh,1984-09-18,1984,9,18,3.3805276446512087
Tra Vinh,1984-09-19,1984,9,19,4.5490690657618265
Tra Vinh,1984-09-20,1984,9,20,4.58178565925016
Tra Vinh,1984-09-21,1984,9,21,4.904027108730608
Tra Vinh,1984-09-22,1984,9,22,0.0180363870592673
Tra Vinh,1984-09-23,1984,9,23,6.8673521664808455
Tra Vinh,1984-09-24,1984,9,24,5.101716075592699
Tra Vinh,1984-09-25,1984,9,25,5.860509781301661
Tra Vinh,1984-09-26,1984,9,26,4.917194858114391
Tra Vinh,1984-09-27,1984,9,27,52.86668508636332
Tra Vinh,1984-09-28,1984,9,28,32.659237063153284
Tra Vinh,1984-09-29,1984,9,29,11.935216089874649
Tra Vinh,1984-09-30,1984,9,30,17.81389974599742
Tra Vinh,1984-10-01,1984,10,1,0.0
Tra Vinh,1984-10-02,1984,10,2,0.0559857282268301
Tra Vinh,1984-10-03,1984,10,3,16.9849850267391
Tra Vinh,1984-10-04,1984,10,4,23.656283563480454
Tra Vinh,1984-10-05,1984,10,5,20.466336039981407
Tra Vinh,1984-10-06,1984,10,6,4.654124344294347
Tra Vinh,1984-10-07,1984,10,7,18.329050541617267
Tra Vinh,1984-10-08,1984,10,8,2.3693745967280417
Tra Vinh,1984-10-09,1984,10,9,10.576157889428124
Tra Vinh,1984-10-10,1984,10,10,8.998534568950049
Tra Vinh,1984-10-11,1984,10,11,21.307773300535924
Tra Vinh,1984-10-12,1984,10,12,58.07867476706508
Tra Vinh,1984-10-13,1984,10,13,25.093628473886973
Tra Vinh,1984-10-14,1984,10,14,18.96520693844069
Tra Vinh,1984-10-15,1984,10,15,20.96012872056877
Tra Vinh,1984-10-16,1984,10,16,7.454665115802372
Tra Vinh,1984-10-17,1984,10,17,1.34701497988638
Tra Vinh,1984-10-18,1984,10,18,2.1590187507999308
Tra Vinh,1984-10-19,1984,10,19,0.0
Tra Vinh,1984-10-20,1984,10,20,10.632432193741424
Tra Vinh,1984-10-21,1984,10,21,0.839370186316247
Tra Vinh,1984-10-22,1984,10,22,6.01593364316703
Tra Vinh,1984-10-23,1984,10,23,0.0
Tra Vinh,1984-10-24,1984,10,24,0.0
Tra Vinh,1984-10-25,1984,10,25,4.816017596196042
Tra Vinh,1984-10-26,1984,10,26,14.0027348658601
Tra Vinh,1984-10-27,1984,10,27,5.023121489802854
Tra Vinh,1984-10-28,1984,10,28,0.0
Tra Vinh,1984-10-29,1984,10,29,0.2239140331877669
Tra Vinh,1984-10-30,1984,10,30,2.9287587448697177
Tra Vinh,1984-10-31,1984,10,31,0.9302288918632184
Tra Vinh,1984-11-01,1984,11,1,14.493842742821077
Tra Vinh,1984-11-02,1984,11,2,30.897064781604872
Tra Vinh,1984-11-03,1984,11,3,1.2868010706222217
Tra Vinh,1984-11-04,1984,11,4,0.0
Tra Vinh,1984-11-05,1984,11,5,2.3111517966374664
Tra Vinh,1984-11-06,1984,11,6,0.0
Tra Vinh,1984-11-07,1984,11,7,0.0
Tra Vinh,1984-11-08,1984,11,8,1.715133963598437
Tra Vinh,1984-11-09,1984,11,9,0.0
Tra Vinh,1984-11-10,1984,11,10,0.0
Tra Vinh,1984-11-11,1984,11,11,0.3441996182338465
Tra Vinh,1984-11-12,1984,11,12,0.0
Tra Vinh,1984-11-13,1984,11,13,18.42150552965584
Tra Vinh,1984-11-14,1984,11,14,0.0
Tra Vinh,1984-11-15,1984,11,15,0.0
Tra Vinh,1984-11-16,1984,11,16,0.0
Tra Vinh,1984-11-17,1984,11,17,0.0
Tra Vinh,1984-11-18,1984,11,18,0.0
Tra Vinh,1984-11-19,1984,11,19,0.0
Tra Vinh,1984-11-20,1984,11,20,0.0
Tra Vinh,1984-11-21,1984,11,21,0.0
Tra Vinh,1984-11-22,1984,11,22,0.4143541207247478
Tra Vinh,1984-11-23,1984,11,23,0.0
Tra Vinh,1984-11-24,1984,11,24,0.0
Tra Vinh,1984-11-25,1984,11,25,0.0
Tra Vinh,1984-11-26,1984,11,26,0.0
Tra Vinh,1984-11-27,1984,11,27,0.6862063810767035
Tra Vinh,1984-11-28,1984,11,28,10.958155384262705
Tra Vinh,1984-11-29,1984,11,29,1.0258463650294525
Tra Vinh,1984-11-30,1984,11,30,0.4263251572770909
Tra Vinh,1984-12-01,1984,12,1,0.0
Tra Vinh,1984-12-02,1984,12,2,0.0
Tra Vinh,1984-12-03,1984,12,3,0.0016191468516924
Tra Vinh,1984-12-04,1984,12,4,0.0
Tra Vinh,1984-12-05,1984,12,5,0.0
Tra Vinh,1984-12-06,1984,12,6,0.0
Tra Vinh,1984-12-07,1984,12,7,6.602321766626534
Tra Vinh,1984-12-08,1984,12,8,2.7861765791804274
Tra Vinh,1984-12-09,1984,12,9,0.8827776931505312
Tra Vinh,1984-12-10,1984,12,10,2.955989462474645
Tra Vinh,1984-12-11,1984,12,11,1.1768374295240387
Tra Vinh,1984-12-12,1984,12,12,0.0
Tra Vinh,1984-12-13,1984,12,13,0.0
Tra Vinh,1984-12-14,1984,12,14,0.4053143671033156
Tra Vinh,1984-12-15,1984,12,15,1.9375892450447787
Tra Vinh,1984-12-16,1984,12,16,0.0
Tra Vinh,1984-12-17,1984,12,17,6.243231495619023
Tra Vinh,1984-12-18,1984,12,18,6.215805064455469
Tra Vinh,1984-12-19,1984,12,19,0.5392468272569302
Tra Vinh,1984-12-20,1984,12,20,0.1397763997729219
Tra Vinh,1984-12-21,1984,12,21,5.994672352337562
Tra Vinh,1984-12-22,1984,12,22,0.0919984234323333
Tra Vinh,1984-12-23,1984,12,23,0.0
Tra Vinh,1984-12-24,1984,12,24,0.0
Tra Vinh,1984-12-25,1984,12,25,0.0
Tra Vinh,1984-12-26,1984,12,26,0.0
Tra Vinh,1984-12-27,1984,12,27,0.0
Tra Vinh,1984-12-28,1984,12,28,0.0
Tra Vinh,1984-12-29,1984,12,29,0.0
Tra Vinh,1984-12-30,1984,12,30,0.0
Tra Vinh,1984-12-31,1984,12,31,4.286360301114318
Tra Vinh,1985-01-01,1985,1,1,0.0
Tra Vinh,1985-01-02,1985,1,2,0.0
Tra Vinh,1985-01-03,1985,1,3,0.7636715052412044
Tra Vinh,1985-01-04,1985,1,4,0.6161176708390085
Tra Vinh,1985-01-05,1985,1,5,0.0
Tra Vinh,1985-01-06,1985,1,6,0.0
Tra Vinh,1985-01-07,1985,1,7,0.0
Tra Vinh,1985-01-08,1985,1,8,0.0
Tra Vinh,1985-01-09,1985,1,9,0.0
Tra Vinh,1985-01-10,1985,1,10,0.0
Tra Vinh,1985-01-11,1985,1,11,0.0
Tra Vinh,1985-01-12,1985,1,12,0.0
Tra Vinh,1985-01-13,1985,1,13,0.0
Tra Vinh,1985-01-14,1985,1,14,0.0
Tra Vinh,1985-01-15,1985,1,15,0.0
Tra Vinh,1985-01-16,1985,1,16,0.0
Tra Vinh,1985-01-17,1985,1,17,0.0
Tra Vinh,1985-01-18,1985,1,18,0.0
Tra Vinh,1985-01-19,1985,1,19,0.0
Tra Vinh,1985-01-20,1985,1,20,0.0
Tra Vinh,1985-01-21,1985,1,21,0.0
Tra Vinh,1985-01-22,1985,1,22,0.0
Tra Vinh,1985-01-23,1985,1,23,0.0
Tra Vinh,1985-01-24,1985,1,24,0.0
Tra Vinh,1985-01-25,1985,1,25,0.0
Tra Vinh,1985-01-26,1985,1,26,0.0
Tra Vinh,1985-01-27,1985,1,27,0.0
Tra Vinh,1985-01-28,1985,1,28,0.0
Tra Vinh,1985-01-29,1985,1,29,0.0
Tra Vinh,1985-01-30,1985,1,30,1.415657454542529
Tra Vinh,1985-01-31,1985,1,31,0.0
Tra Vinh,1985-02-01,1985,2,1,0.0
Tra Vinh,1985-02-02,1985,2,2,0.7581694844810086
Tra Vinh,1985-02-03,1985,2,3,0.0045646273704477
Tra Vinh,1985-02-04,1985,2,4,0.0
Tra Vinh,1985-02-05,1985,2,5,0.0
Tra Vinh,1985-02-06,1985,2,6,0.0
Tra Vinh,1985-02-07,1985,2,7,0.0
Tra Vinh,1985-02-08,1985,2,8,0.0
Tra Vinh,1985-02-09,1985,2,9,0.0
Tra Vinh,1985-02-10,1985,2,10,0.0
Tra Vinh,1985-02-11,1985,2,11,0.0
Tra Vinh,1985-02-12,1985,2,12,0.0354467759341159
Tra Vinh,1985-02-13,1985,2,13,0.0
Tra Vinh,1985-02-14,1985,2,14,1.8810928848098845
Tra Vinh,1985-02-15,1985,2,15,0.0367179931953296
Tra Vinh,1985-02-16,1985,2,16,0.0
Tra Vinh,1985-02-17,1985,2,17,0.2682001795425401
Tra Vinh,1985-02-18,1985,2,18,0.0
Tra Vinh,1985-02-19,1985,2,19,0.035496123676649
Tra Vinh,1985-02-20,1985,2,20,0.0
Tra Vinh,1985-02-21,1985,2,21,0.0204117484881324
Tra Vinh,1985-02-22,1985,2,22,0.0
Tra Vinh,1985-02-23,1985,2,23,0.1119501950629902
Tra Vinh,1985-02-24,1985,2,24,0.053259959399486
Tra Vinh,1985-02-25,1985,2,25,0.0
Tra Vinh,1985-02-26,1985,2,26,0.0157309097266715
Tra Vinh,1985-02-27,1985,2,27,0.1215859521540368
Tra Vinh,1985-02-28,1985,2,28,0.0143705415984636
Tra Vinh,1985-03-01,1985,3,1,0.0
Tra Vinh,1985-03-02,1985,3,2,0.0
Tra Vinh,1985-03-03,1985,3,3,0.9275127245966684
Tra Vinh,1985-03-04,1985,3,4,3.176878469465266
Tra Vinh,1985-03-05,1985,3,5,0.0
Tra Vinh,1985-03-06,1985,3,6,0.0
Tra Vinh,1985-03-07,1985,3,7,0.8750935323894459
Tra Vinh,1985-03-08,1985,3,8,0.105859171045485
Tra Vinh,1985-03-09,1985,3,9,0.0
Tra Vinh,1985-03-10,1985,3,10,0.0
Tra Vinh,1985-03-11,1985,3,11,0.0
Tra Vinh,1985-03-12,1985,3,12,0.0
Tra Vinh,1985-03-13,1985,3,13,0.0
Tra Vinh,1985-03-14,1985,3,14,0.0
Tra Vinh,1985-03-15,1985,3,15,0.0
Tra Vinh,1985-03-16,1985,3,16,0.0
Tra Vinh,1985-03-17,1985,3,17,0.0
Tra Vinh,1985-03-18,1985,3,18,0.0
Tra Vinh,1985-03-19,1985,3,19,0.0
Tra Vinh,1985-03-20,1985,3,20,0.0
Tra Vinh,1985-03-21,1985,3,21,0.0
Tra Vinh,1985-03-22,1985,3,22,0.0
Tra Vinh,1985-03-23,1985,3,23,0.0
Tra Vinh,1985-03-24,1985,3,24,0.0
Tra Vinh,1985-03-25,1985,3,25,0.9181849392424366
Tra Vinh,1985-03-26,1985,3,26,0.0
Tra Vinh,1985-03-27,1985,3,27,0.0
Tra Vinh,1985-03-28,1985,3,28,1.3629494465802168
Tra Vinh,1985-03-29,1985,3,29,0.0
Tra Vinh,1985-03-30,1985,3,30,0.0
Tra Vinh,1985-03-31,1985,3,31,0.0
Tra Vinh,1985-04-01,1985,4,1,0.0
Tra Vinh,1985-04-02,1985,4,2,0.0
Tra Vinh,1985-04-03,1985,4,3,0.0
Tra Vinh,1985-04-04,1985,4,4,0.0
Tra Vinh,1985-04-05,1985,4,5,0.0
Tra Vinh,1985-04-06,1985,4,6,0.0
Tra Vinh,1985-04-07,1985,4,7,0.0
Tra Vinh,1985-04-08,1985,4,8,0.0
Tra Vinh,1985-04-09,1985,4,9,0.0
Tra Vinh,1985-04-10,1985,4,10,0.0
Tra Vinh,1985-04-11,1985,4,11,0.0
Tra Vinh,1985-04-12,1985,4,12,5.084230754045985
Tra Vinh,1985-04-13,1985,4,13,0.0435889098549247
Tra Vinh,1985-04-14,1985,4,14,0.5391704722492229
Tra Vinh,1985-04-15,1985,4,15,0.0
Tra Vinh,1985-04-16,1985,4,16,0.0
Tra Vinh,1985-04-17,1985,4,17,2.061612737470352
Tra Vinh,1985-04-18,1985,4,18,3.343614413021812
Tra Vinh,1985-04-19,1985,4,19,2.000459802442276
Tra Vinh,1985-04-20,1985,4,20,0.0
Tra Vinh,1985-04-21,1985,4,21,0.0692400527913814
Tra Vinh,1985-04-22,1985,4,22,0.5615763126203335
Tra Vinh,1985-04-23,1985,4,23,4.445646844369765
Tra Vinh,1985-04-24,1985,4,24,3.908972588781416
Tra Vinh,1985-04-25,1985,4,25,11.789708472713146
Tra Vinh,1985-04-26,1985,4,26,7.175972567759391
Tra Vinh,1985-04-27,1985,4,27,16.337930704765647
Tra Vinh,1985-04-28,1985,4,28,25.65763909763325
Tra Vinh,1985-04-29,1985,4,29,13.064232622678
Tra Vinh,1985-04-30,1985,4,30,14.173191781021169
Tra Vinh,1985-05-01,1985,5,1,14.833992098302168
Tra Vinh,1985-05-02,1985,5,2,8.536718910874432
Tra Vinh,1985-05-03,1985,5,3,3.9263120490413495
Tra Vinh,1985-05-04,1985,5,4,3.537998095870894
Tra Vinh,1985-05-05,1985,5,5,4.822188100846216
Tra Vinh,1985-05-06,1985,5,6,0.0
Tra Vinh,1985-05-07,1985,5,7,6.904725539535461
Tra Vinh,1985-05-08,1985,5,8,17.179397549489746
Tra Vinh,1985-05-09,1985,5,9,7.946267309159482
Tra Vinh,1985-05-10,1985,5,10,14.54009085336016
Tra Vinh,1985-05-11,1985,5,11,1.0187750218341505
Tra Vinh,1985-05-12,1985,5,12,0.9721850459649456
Tra Vinh,1985-05-13,1985,5,13,1.7348467755953796
Tra Vinh,1985-05-14,1985,5,14,4.034985168613855
Tra Vinh,1985-05-15,1985,5,15,5.773684212432388
Tra Vinh,1985-05-16,1985,5,16,10.73309939328026
Tra Vinh,1985-05-17,1985,5,17,20.43177744358324
Tra Vinh,1985-05-18,1985,5,18,4.290166082821769
Tra Vinh,1985-05-19,1985,5,19,2.672193632740352
Tra Vinh,1985-05-20,1985,5,20,4.535232325456112
Tra Vinh,1985-05-21,1985,5,21,0.4330135512111409
Tra Vinh,1985-05-22,1985,5,22,0.2144508085761372
Tra Vinh,1985-05-23,1985,5,23,4.805535598118854
Tra Vinh,1985-05-24,1985,5,24,1.814315388543964
Tra Vinh,1985-05-25,1985,5,25,9.040365224763717
Tra Vinh,1985-05-26,1985,5,26,11.4150283157224
Tra Vinh,1985-05-27,1985,5,27,6.5030315466287565
Tra Vinh,1985-05-28,1985,5,28,23.180587492540425
Tra Vinh,1985-05-29,1985,5,29,0.0102624832839665
Tra Vinh,1985-05-30,1985,5,30,0.0
Tra Vinh,1985-05-31,1985,5,31,18.530527137131983
Tra Vinh,1985-06-01,1985,6,1,1.2455294316745074
Tra Vinh,1985-06-02,1985,6,2,4.5480753495914605
Tra Vinh,1985-06-03,1985,6,3,11.781341883511097
Tra Vinh,1985-06-04,1985,6,4,3.344378783312621
Tra Vinh,1985-06-05,1985,6,5,33.555354462865466
Tra Vinh,1985-06-06,1985,6,6,3.4346760563999634
Tra Vinh,1985-06-07,1985,6,7,4.931510979871942
Tra Vinh,1985-06-08,1985,6,8,15.003994735750716
Tra Vinh,1985-06-09,1985,6,9,49.05828400695547
Tra Vinh,1985-06-10,1985,6,10,2.9455785192912383
Tra Vinh,1985-06-11,1985,6,11,9.167373901618856
Tra Vinh,1985-06-12,1985,6,12,21.93267196672725
Tra Vinh,1985-06-13,1985,6,13,0.0
Tra Vinh,1985-06-14,1985,6,14,11.683677951413296
Tra Vinh,1985-06-15,1985,6,15,0.7827613435689457
Tra Vinh,1985-06-16,1985,6,16,2.20843140826544
Tra Vinh,1985-06-17,1985,6,17,10.636848340304422
Tra Vinh,1985-06-18,1985,6,18,6.762626127277618
Tra Vinh,1985-06-19,1985,6,19,3.8644281478341616
Tra Vinh,1985-06-20,1985,6,20,0.0
Tra Vinh,1985-06-21,1985,6,21,1.6063665445694573
Tra Vinh,1985-06-22,1985,6,22,6.715093054984681
Tra Vinh,1985-06-23,1985,6,23,2.0521219568067437
Tra Vinh,1985-06-24,1985,6,24,0.3995321033468648
Tra Vinh,1985-06-25,1985,6,25,0.0
Tra Vinh,1985-06-26,1985,6,26,4.852874352388835
Tra Vinh,1985-06-27,1985,6,27,3.6864299140609336
Tra Vinh,1985-06-28,1985,6,28,0.0
Tra Vinh,1985-06-29,1985,6,29,2.092564644498744
Tra Vinh,1985-06-30,1985,6,30,0.5197341722750511
Tra Vinh,1985-07-01,1985,7,1,5.4531167368206255
Tra Vinh,1985-07-02,1985,7,2,1.576327951051892
Tra Vinh,1985-07-03,1985,7,3,0.3081278397279741
Tra Vinh,1985-07-04,1985,7,4,0.9029578263074162
Tra Vinh,1985-07-05,1985,7,5,11.876170840694776
Tra Vinh,1985-07-06,1985,7,6,17.721370248870393
Tra Vinh,1985-07-07,1985,7,7,37.95469303613892
Tra Vinh,1985-07-08,1985,7,8,1.4759054163367966
Tra Vinh,1985-07-09,1985,7,9,1.5275620540553982
Tra Vinh,1985-07-10,1985,7,10,25.98639890551057
Tra Vinh,1985-07-11,1985,7,11,12.972630109464037
Tra Vinh,1985-07-12,1985,7,12,5.096256744521121
Tra Vinh,1985-07-13,1985,7,13,1.636521380345638
Tra Vinh,1985-07-14,1985,7,14,1.7222506198206982
Tra Vinh,1985-07-15,1985,7,15,4.38071397063629
Tra Vinh,1985-07-16,1985,7,16,6.757576787004882
Tra Vinh,1985-07-17,1985,7,17,3.816338811151915
Tra Vinh,1985-07-18,1985,7,18,3.188647110604497
Tra Vinh,1985-07-19,1985,7,19,0.447455310487168
Tra Vinh,1985-07-20,1985,7,20,2.594686544540908
Tra Vinh,1985-07-21,1985,7,21,2.3018458722411235
Tra Vinh,1985-07-22,1985,7,22,1.608854119708767
Tra Vinh,1985-07-23,1985,7,23,4.006356550594345
Tra Vinh,1985-07-24,1985,7,24,0.0
Tra Vinh,1985-07-25,1985,7,25,0.0
Tra Vinh,1985-07-26,1985,7,26,15.332570901951945
Tra Vinh,1985-07-27,1985,7,27,3.492020100594708
Tra Vinh,1985-07-28,1985,7,28,7.775363440878147
Tra Vinh,1985-07-29,1985,7,29,3.170945872888617
Tra Vinh,1985-07-30,1985,7,30,9.080361124387412
Tra Vinh,1985-07-31,1985,7,31,22.18909230553555
Tra Vinh,1985-08-01,1985,8,1,5.181531680451919
Tra Vinh,1985-08-02,1985,8,2,14.92271134941847
Tra Vinh,1985-08-03,1985,8,3,5.710630196780448
Tra Vinh,1985-08-04,1985,8,4,2.7959087584514943
Tra Vinh,1985-08-05,1985,8,5,9.669597302947832
Tra Vinh,1985-08-06,1985,8,6,7.02237757091871
Tra Vinh,1985-08-07,1985,8,7,15.006874038212027
Tra Vinh,1985-08-08,1985,8,8,10.154391191648743
Tra Vinh,1985-08-09,1985,8,9,11.444167703242304
Tra Vinh,1985-08-10,1985,8,10,10.842282877613462
Tra Vinh,1985-08-11,1985,8,11,21.803372595398685
Tra Vinh,1985-08-12,1985,8,12,11.42078994919708
Tra Vinh,1985-08-13,1985,8,13,2.281803192308627
Tra Vinh,1985-08-14,1985,8,14,9.372296545818273
Tra Vinh,1985-08-15,1985,8,15,0.0
Tra Vinh,1985-08-16,1985,8,16,0.8494600900446467
Tra Vinh,1985-08-17,1985,8,17,0.9906339069829344
Tra Vinh,1985-08-18,1985,8,18,6.250404016939375
Tra Vinh,1985-08-19,1985,8,19,2.779198432979938
Tra Vinh,1985-08-20,1985,8,20,1.0337705019296324
Tra Vinh,1985-08-21,1985,8,21,2.2356199264444805
Tra Vinh,1985-08-22,1985,8,22,0.4460384221857421
Tra Vinh,1985-08-23,1985,8,23,5.263970390555999
Tra Vinh,1985-08-24,1985,8,24,1.6376437655632077
Tra Vinh,1985-08-25,1985,8,25,0.0
Tra Vinh,1985-08-26,1985,8,26,0.2016642407839249
Tra Vinh,1985-08-27,1985,8,27,2.112353684556816
Tra Vinh,1985-08-28,1985,8,28,0.0
Tra Vinh,1985-08-29,1985,8,29,0.0
Tra Vinh,1985-08-30,1985,8,30,0.0
Tra Vinh,1985-08-31,1985,8,31,1.1534732898647235
Tra Vinh,1985-09-01,1985,9,1,0.0
Tra Vinh,1985-09-02,1985,9,2,6.543359735449582
Tra Vinh,1985-09-03,1985,9,3,16.72748682273439
Tra Vinh,1985-09-04,1985,9,4,17.66656174738427
Tra Vinh,1985-09-05,1985,9,5,23.729944499023794
Tra Vinh,1985-09-06,1985,9,6,7.828499692381803
Tra Vinh,1985-09-07,1985,9,7,7.211995046832366
Tra Vinh,1985-09-08,1985,9,8,9.231675213191044
Tra Vinh,1985-09-09,1985,9,9,17.072305046678178
Tra Vinh,1985-09-10,1985,9,10,1.4512830512002115
Tra Vinh,1985-09-11,1985,9,11,0.0
Tra Vinh,1985-09-12,1985,9,12,21.66039426232557
Tra Vinh,1985-09-13,1985,9,13,28.000537193512645
Tra Vinh,1985-09-14,1985,9,14,16.963004750595427
Tra Vinh,1985-09-15,1985,9,15,15.767535530279206
Tra Vinh,1985-09-16,1985,9,16,2.995977182010717
Tra Vinh,1985-09-17,1985,9,17,7.65899240839108
Tra Vinh,1985-09-18,1985,9,18,6.420883346025975
Tra Vinh,1985-09-19,1985,9,19,3.723352836638978
Tra Vinh,1985-09-20,1985,9,20,4.7697176394838525
Tra Vinh,1985-09-21,1985,9,21,10.469732115773104
Tra Vinh,1985-09-22,1985,9,22,7.262034429614105
Tra Vinh,1985-09-23,1985,9,23,3.384309570626639
Tra Vinh,1985-09-24,1985,9,24,0.2420627855736719
Tra Vinh,1985-09-25,1985,9,25,15.803307147194875
Tra Vinh,1985-09-26,1985,9,26,12.45143073594364
Tra Vinh,1985-09-27,1985,9,27,2.1709852032076693
Tra Vinh,1985-09-28,1985,9,28,0.8208840220060555
Tra Vinh,1985-09-29,1985,9,29,2.6265116180337054
Tra Vinh,1985-09-30,1985,9,30,1.9371312642089316
Tra Vinh,1985-10-01,1985,10,1,1.2656406595377871
Tra Vinh,1985-10-02,1985,10,2,10.73585416250439
Tra Vinh,1985-10-03,1985,10,3,26.00850661281685
Tra Vinh,1985-10-04,1985,10,4,22.82408572018033
Tra Vinh,1985-10-05,1985,10,5,3.90424318235716
Tra Vinh,1985-10-06,1985,10,6,16.37307291767302
Tra Vinh,1985-10-07,1985,10,7,0.0
Tra Vinh,1985-10-08,1985,10,8,0.05830694325504
Tra Vinh,1985-10-09,1985,10,9,4.341841976255641
Tra Vinh,1985-10-10,1985,10,10,19.36956320072781
Tra Vinh,1985-10-11,1985,10,11,36.98227190388273
Tra Vinh,1985-10-12,1985,10,12,13.520749828867237
Tra Vinh,1985-10-13,1985,10,13,2.503455653259116
Tra Vinh,1985-10-14,1985,10,14,2.8649481455036483
Tra Vinh,1985-10-15,1985,10,15,7.925172123559132
Tra Vinh,1985-10-16,1985,10,16,15.984131296740768
Tra Vinh,1985-10-17,1985,10,17,2.403535866851539
Tra Vinh,1985-10-18,1985,10,18,15.469522909423274
Tra Vinh,1985-10-19,1985,10,19,5.71849058768026
Tra Vinh,1985-10-20,1985,10,20,9.048439239648255
Tra Vinh,1985-10-21,1985,10,21,12.334046612239316
Tra Vinh,1985-10-22,1985,10,22,2.965098845198232
Tra Vinh,1985-10-23,1985,10,23,0.0
Tra Vinh,1985-10-24,1985,10,24,0.0
Tra Vinh,1985-10-25,1985,10,25,0.0
Tra Vinh,1985-10-26,1985,10,26,0.0
Tra Vinh,1985-10-27,1985,10,27,0.372009400487945
Tra Vinh,1985-10-28,1985,10,28,1.7567242152144071
Tra Vinh,1985-10-29,1985,10,29,0.0
Tra Vinh,1985-10-30,1985,10,30,0.0
Tra Vinh,1985-10-31,1985,10,31,0.0
Tra Vinh,1985-11-01,1985,11,1,0.0323285879141982
Tra Vinh,1985-11-02,1985,11,2,1.4096024193599808
Tra Vinh,1985-11-03,1985,11,3,14.591133247894644
Tra Vinh,1985-11-04,1985,11,4,0.0
Tra Vinh,1985-11-05,1985,11,5,0.0888817048957658
Tra Vinh,1985-11-06,1985,11,6,1.9526097026669669
Tra Vinh,1985-11-07,1985,11,7,13.151666135569396
Tra Vinh,1985-11-08,1985,11,8,0.0
Tra Vinh,1985-11-09,1985,11,9,0.0
Tra Vinh,1985-11-10,1985,11,10,0.0
Tra Vinh,1985-11-11,1985,11,11,0.0
Tra Vinh,1985-11-12,1985,11,12,0.0
Tra Vinh,1985-11-13,1985,11,13,0.0
Tra Vinh,1985-11-14,1985,11,14,24.867353942142664
Tra Vinh,1985-11-15,1985,11,15,1.7147450255842025
Tra Vinh,1985-11-16,1985,11,16,2.985645728721278
Tra Vinh,1985-11-17,1985,11,17,0.0
Tra Vinh,1985-11-18,1985,11,18,0.4775118150934512
Tra Vinh,1985-11-19,1985,11,19,2.6008229867115733
Tra Vinh,1985-11-20,1985,11,20,16.081948351244325
Tra Vinh,1985-11-21,1985,11,21,6.06514174216055
Tra Vinh,1985-11-22,1985,11,22,5.7784304682446335
Tra Vinh,1985-11-23,1985,11,23,8.667132042627445
Tra Vinh,1985-11-24,1985,11,24,8.630652407264835
Tra Vinh,1985-11-25,1985,11,25,7.618409423883579
Tra Vinh,1985-11-26,1985,11,26,0.0
Tra Vinh,1985-11-27,1985,11,27,0.0
Tra Vinh,1985-11-28,1985,11,28,0.0
Tra Vinh,1985-11-29,1985,11,29,0.0044773350378499
Tra Vinh,1985-11-30,1985,11,30,0.2862364987705595
Tra Vinh,1985-12-01,1985,12,1,0.0
Tra Vinh,1985-12-02,1985,12,2,0.0
Tra Vinh,1985-12-03,1985,12,3,0.0
Tra Vinh,1985-12-04,1985,12,4,1.7374812758374618
Tra Vinh,1985-12-05,1985,12,5,0.5795440508990239
Tra Vinh,1985-12-06,1985,12,6,0.0
Tra Vinh,1985-12-07,1985,12,7,0.0
Tra Vinh,1985-12-08,1985,12,8,0.0
Tra Vinh,1985-12-09,1985,12,9,0.0
Tra Vinh,1985-12-10,1985,12,10,0.0
Tra Vinh,1985-12-11,1985,12,11,0.0
Tra Vinh,1985-12-12,1985,12,12,0.0
Tra Vinh,1985-12-13,1985,12,13,0.0
Tra Vinh,1985-12-14,1985,12,14,0.0
Tra Vinh,1985-12-15,1985,12,15,0.0
Tra Vinh,1985-12-16,1985,12,16,0.0
Tra Vinh,1985-12-17,1985,12,17,0.9904908837417014
Tra Vinh,1985-12-18,1985,12,18,0.6474392157916392
Tra Vinh,1985-12-19,1985,12,19,0.0
Tra Vinh,1985-12-20,1985,12,20,6.9086534926294725
Tra Vinh,1985-12-21,1985,12,21,4.448988228990457
Tra Vinh,1985-12-22,1985,12,22,0.0
Tra Vinh,1985-12-23,1985,12,23,0.0
Tra Vinh,1985-12-24,1985,12,24,0.0
Tra Vinh,1985-12-25,1985,12,25,0.0
Tra Vinh,1985-12-26,1985,12,26,0.0
Tra Vinh,1985-12-27,1985,12,27,0.0
Tra Vinh,1985-12-28,1985,12,28,0.0
Tra Vinh,1985-12-29,1985,12,29,0.0
Tra Vinh,1985-12-30,1985,12,30,0.0
Tra Vinh,1985-12-31,1985,12,31,0.0
Tra Vinh,1986-01-01,1986,1,1,0.0
Tra Vinh,1986-01-02,1986,1,2,0.0
Tra Vinh,1986-01-03,1986,1,3,0.0
Tra Vinh,1986-01-04,1986,1,4,0.0
Tra Vinh,1986-01-05,1986,1,5,0.0
Tra Vinh,1986-01-06,1986,1,6,0.0
Tra Vinh,1986-01-07,1986,1,7,0.0
Tra Vinh,1986-01-08,1986,1,8,0.0
Tra Vinh,1986-01-09,1986,1,9,0.300159750564579
Tra Vinh,1986-01-10,1986,1,10,0.0
Tra Vinh,1986-01-11,1986,1,11,0.0
Tra Vinh,1986-01-12,1986,1,12,0.0
Tra Vinh,1986-01-13,1986,1,13,2.052140009715166
Tra Vinh,1986-01-14,1986,1,14,0.537720899602705
Tra Vinh,1986-01-15,1986,1,15,0.0
Tra Vinh,1986-01-16,1986,1,16,0.7063424593621037
Tra Vinh,1986-01-17,1986,1,17,0.0914485545898066
Tra Vinh,1986-01-18,1986,1,18,0.0
Tra Vinh,1986-01-19,1986,1,19,0.0
Tra Vinh,1986-01-20,1986,1,20,0.0
Tra Vinh,1986-01-21,1986,1,21,0.0
Tra Vinh,1986-01-22,1986,1,22,0.0
Tra Vinh,1986-01-23,1986,1,23,0.0
Tra Vinh,1986-01-24,1986,1,24,0.0
Tra Vinh,1986-01-25,1986,1,25,0.0
Tra Vinh,1986-01-26,1986,1,26,0.0
Tra Vinh,1986-01-27,1986,1,27,0.0
Tra Vinh,1986-01-28,1986,1,28,0.0
Tra Vinh,1986-01-29,1986,1,29,0.0
Tra Vinh,1986-01-30,1986,1,30,0.0
Tra Vinh,1986-01-31,1986,1,31,0.0
Tra Vinh,1986-02-01,1986,2,1,0.0
Tra Vinh,1986-02-02,1986,2,2,0.0
Tra Vinh,1986-02-03,1986,2,3,0.0
Tra Vinh,1986-02-04,1986,2,4,0.0
Tra Vinh,1986-02-05,1986,2,5,0.0
Tra Vinh,1986-02-06,1986,2,6,0.0
Tra Vinh,1986-02-07,1986,2,7,0.0
Tra Vinh,1986-02-08,1986,2,8,0.0
Tra Vinh,1986-02-09,1986,2,9,0.0
Tra Vinh,1986-02-10,1986,2,10,0.0
Tra Vinh,1986-02-11,1986,2,11,0.0
Tra Vinh,1986-02-12,1986,2,12,0.0
Tra Vinh,1986-02-13,1986,2,13,0.1373712351093011
Tra Vinh,1986-02-14,1986,2,14,0.0277637606485085
Tra Vinh,1986-02-15,1986,2,15,0.0
Tra Vinh,1986-02-16,1986,2,16,0.0
Tra Vinh,1986-02-17,1986,2,17,0.0
Tra Vinh,1986-02-18,1986,2,18,0.0
Tra Vinh,1986-02-19,1986,2,19,0.0165817744307422
Tra Vinh,1986-02-20,1986,2,20,0.0146091214373353
Tra Vinh,1986-02-21,1986,2,21,0.0
Tra Vinh,1986-02-22,1986,2,22,0.4132126154238205
Tra Vinh,1986-02-23,1986,2,23,0.0
Tra Vinh,1986-02-24,1986,2,24,0.0
Tra Vinh,1986-02-25,1986,2,25,0.0
Tra Vinh,1986-02-26,1986,2,26,0.0481303503355532
Tra Vinh,1986-02-27,1986,2,27,0.0
Tra Vinh,1986-02-28,1986,2,28,0.0
Tra Vinh,1986-03-01,1986,3,1,0.0
Tra Vinh,1986-03-02,1986,3,2,0.0
Tra Vinh,1986-03-03,1986,3,3,0.0
Tra Vinh,1986-03-04,1986,3,4,0.0
Tra Vinh,1986-03-05,1986,3,5,0.0
Tra Vinh,1986-03-06,1986,3,6,0.0990913401857815
Tra Vinh,1986-03-07,1986,3,7,0.0
Tra Vinh,1986-03-08,1986,3,8,0.0
Tra Vinh,1986-03-09,1986,3,9,0.0
Tra Vinh,1986-03-10,1986,3,10,0.0
Tra Vinh,1986-03-11,1986,3,11,0.0
Tra Vinh,1986-03-12,1986,3,12,0.0
Tra Vinh,1986-03-13,1986,3,13,0.0
Tra Vinh,1986-03-14,1986,3,14,0.0
Tra Vinh,1986-03-15,1986,3,15,0.0
Tra Vinh,1986-03-16,1986,3,16,0.0
Tra Vinh,1986-03-17,1986,3,17,0.0
Tra Vinh,1986-03-18,1986,3,18,0.0
Tra Vinh,1986-03-19,1986,3,19,0.0
Tra Vinh,1986-03-20,1986,3,20,0.055167772881247
Tra Vinh,1986-03-21,1986,3,21,0.0
Tra Vinh,1986-03-22,1986,3,22,0.0
Tra Vinh,1986-03-23,1986,3,23,0.0
Tra Vinh,1986-03-24,1986,3,24,0.0
Tra Vinh,1986-03-25,1986,3,25,0.0
Tra Vinh,1986-03-26,1986,3,26,0.0
Tra Vinh,1986-03-27,1986,3,27,0.0
Tra Vinh,1986-03-28,1986,3,28,0.0936066158433153
Tra Vinh,1986-03-29,1986,3,29,0.0
Tra Vinh,1986-03-30,1986,3,30,0.1139321286331308
Tra Vinh,1986-03-31,1986,3,31,0.066218719281395
Tra Vinh,1986-04-01,1986,4,1,0.0
Tra Vinh,1986-04-02,1986,4,2,0.0
Tra Vinh,1986-04-03,1986,4,3,0.0
Tra Vinh,1986-04-04,1986,4,4,4.903024537238744
Tra Vinh,1986-04-05,1986,4,5,0.0
Tra Vinh,1986-04-06,1986,4,6,0.0
Tra Vinh,1986-04-07,1986,4,7,0.0
Tra Vinh,1986-04-08,1986,4,8,0.0
Tra Vinh,1986-04-09,1986,4,9,1.0351887136412332
Tra Vinh,1986-04-10,1986,4,10,3.1018565079993365
Tra Vinh,1986-04-11,1986,4,11,0.0080677212783163
Tra Vinh,1986-04-12,1986,4,12,0.0
Tra Vinh,1986-04-13,1986,4,13,0.0
Tra Vinh,1986-04-14,1986,4,14,0.0
Tra Vinh,1986-04-15,1986,4,15,0.0
Tra Vinh,1986-04-16,1986,4,16,0.0
Tra Vinh,1986-04-17,1986,4,17,0.0
Tra Vinh,1986-04-18,1986,4,18,0.0
Tra Vinh,1986-04-19,1986,4,19,0.0453115839906812
Tra Vinh,1986-04-20,1986,4,20,0.0400531367397683
Tra Vinh,1986-04-21,1986,4,21,0.0
Tra Vinh,1986-04-22,1986,4,22,0.1767636333262999
Tra Vinh,1986-04-23,1986,4,23,0.7278757705145334
Tra Vinh,1986-04-24,1986,4,24,0.0
Tra Vinh,1986-04-25,1986,4,25,0.0
Tra Vinh,1986-04-26,1986,4,26,1.1590626981903878
Tra Vinh,1986-04-27,1986,4,27,0.0
Tra Vinh,1986-04-28,1986,4,28,0.0
Tra Vinh,1986-04-29,1986,4,29,0.0
Tra Vinh,1986-04-30,1986,4,30,0.0
Tra Vinh,1986-05-01,1986,5,1,0.0
Tra Vinh,1986-05-02,1986,5,2,0.0
Tra Vinh,1986-05-03,1986,5,3,0.0
Tra Vinh,1986-05-04,1986,5,4,2.666902514080604
Tra Vinh,1986-05-05,1986,5,5,0.0
Tra Vinh,1986-05-06,1986,5,6,0.0
Tra Vinh,1986-05-07,1986,5,7,0.0
Tra Vinh,1986-05-08,1986,5,8,12.394940714765164
Tra Vinh,1986-05-09,1986,5,9,0.0
Tra Vinh,1986-05-10,1986,5,10,14.813609784864978
Tra Vinh,1986-05-11,1986,5,11,4.2108984183139695
Tra Vinh,1986-05-12,1986,5,12,2.939666972825807
Tra Vinh,1986-05-13,1986,5,13,3.345042078907272
Tra Vinh,1986-05-14,1986,5,14,3.696496287757399
Tra Vinh,1986-05-15,1986,5,15,13.797208747946131
Tra Vinh,1986-05-16,1986,5,16,13.095078649002197
Tra Vinh,1986-05-17,1986,5,17,15.468996569827736
Tra Vinh,1986-05-18,1986,5,18,18.87205499536016
Tra Vinh,1986-05-19,1986,5,19,5.859189701341289
Tra Vinh,1986-05-20,1986,5,20,17.762567541997655
Tra Vinh,1986-05-21,1986,5,21,24.0792177157747
Tra Vinh,1986-05-22,1986,5,22,18.78681597314941
Tra Vinh,1986-05-23,1986,5,23,10.66186529653835
Tra Vinh,1986-05-24,1986,5,24,6.903891823445504
Tra Vinh,1986-05-25,1986,5,25,14.258215850227728
Tra Vinh,1986-05-26,1986,5,26,26.64745685355732
Tra Vinh,1986-05-27,1986,5,27,2.282952499956437
Tra Vinh,1986-05-28,1986,5,28,3.137063091282805
Tra Vinh,1986-05-29,1986,5,29,3.4224357575621576
Tra Vinh,1986-05-30,1986,5,30,5.45083126158149
Tra Vinh,1986-05-31,1986,5,31,1.564338192524656
Tra Vinh,1986-06-01,1986,6,1,15.722048589627478
Tra Vinh,1986-06-02,1986,6,2,7.525688032135911
Tra Vinh,1986-06-03,1986,6,3,7.107028455169093
Tra Vinh,1986-06-04,1986,6,4,4.309988152681099
Tra Vinh,1986-06-05,1986,6,5,7.3768269559838355
Tra Vinh,1986-06-06,1986,6,6,11.02906011939762
Tra Vinh,1986-06-07,1986,6,7,1.474344581543981
Tra Vinh,1986-06-08,1986,6,8,0.2755212698183406
Tra Vinh,1986-06-09,1986,6,9,2.0256303235447577
Tra Vinh,1986-06-10,1986,6,10,10.506894738893944
Tra Vinh,1986-06-11,1986,6,11,4.80771894936727
Tra Vinh,1986-06-12,1986,6,12,0.0
Tra Vinh,1986-06-13,1986,6,13,2.8823619602438884
Tra Vinh,1986-06-14,1986,6,14,0.0780949907586658
Tra Vinh,1986-06-15,1986,6,15,3.571607092649319
Tra Vinh,1986-06-16,1986,6,16,0.0
Tra Vinh,1986-06-17,1986,6,17,10.81707447723423
Tra Vinh,1986-06-18,1986,6,18,27.034590118090783
Tra Vinh,1986-06-19,1986,6,19,13.669501226274948
Tra Vinh,1986-06-20,1986,6,20,0.4663199342498008
Tra Vinh,1986-06-21,1986,6,21,4.998718215763944
Tra Vinh,1986-06-22,1986,6,22,7.78081823651232
Tra Vinh,1986-06-23,1986,6,23,12.916745317640796
Tra Vinh,1986-06-24,1986,6,24,10.501162165593987
Tra Vinh,1986-06-25,1986,6,25,4.351793896138656
Tra Vinh,1986-06-26,1986,6,26,4.412252173885353
Tra Vinh,1986-06-27,1986,6,27,8.63976141331806
Tra Vinh,1986-06-28,1986,6,28,4.227812818284522
Tra Vinh,1986-06-29,1986,6,29,1.7390133324639088
Tra Vinh,1986-06-30,1986,6,30,0.0
Tra Vinh,1986-07-01,1986,7,1,5.893751392756768
Tra Vinh,1986-07-02,1986,7,2,8.745521555604208
Tra Vinh,1986-07-03,1986,7,3,8.3772680433424
Tra Vinh,1986-07-04,1986,7,4,3.147630736259837
Tra Vinh,1986-07-05,1986,7,5,0.6640585135125042
Tra Vinh,1986-07-06,1986,7,6,0.0
Tra Vinh,1986-07-07,1986,7,7,1.1310329398314565
Tra Vinh,1986-07-08,1986,7,8,1.7773622513653289
Tra Vinh,1986-07-09,1986,7,9,9.103096012979853
Tra Vinh,1986-07-10,1986,7,10,6.244780708953664
Tra Vinh,1986-07-11,1986,7,11,5.568218148405048
Tra Vinh,1986-07-12,1986,7,12,9.972031455906878
Tra Vinh,1986-07-13,1986,7,13,5.682071023809413
Tra Vinh,1986-07-14,1986,7,14,1.1547075740818444
Tra Vinh,1986-07-15,1986,7,15,21.713068036069124
Tra Vinh,1986-07-16,1986,7,16,0.0
Tra Vinh,1986-07-17,1986,7,17,15.330238292823594
Tra Vinh,1986-07-18,1986,7,18,16.745643957916723
Tra Vinh,1986-07-19,1986,7,19,3.411777859776371
Tra Vinh,1986-07-20,1986,7,20,19.64611728003397
Tra Vinh,1986-07-21,1986,7,21,0.1645871978428336
Tra Vinh,1986-07-22,1986,7,22,3.792542708109682
Tra Vinh,1986-07-23,1986,7,23,8.165507299707995
Tra Vinh,1986-07-24,1986,7,24,0.0
Tra Vinh,1986-07-25,1986,7,25,3.686487019928536
Tra Vinh,1986-07-26,1986,7,26,4.149886517804442
Tra Vinh,1986-07-27,1986,7,27,1.8384835824041617
Tra Vinh,1986-07-28,1986,7,28,14.017069708246924
Tra Vinh,1986-07-29,1986,7,29,1.809994885039488
Tra Vinh,1986-07-30,1986,7,30,7.6701387343945715
Tra Vinh,1986-07-31,1986,7,31,10.95808241877858
Tra Vinh,1986-08-01,1986,8,1,4.391999218552381
Tra Vinh,1986-08-02,1986,8,2,7.730032945160415
Tra Vinh,1986-08-03,1986,8,3,13.855411137029083
Tra Vinh,1986-08-04,1986,8,4,13.27468538021295
Tra Vinh,1986-08-05,1986,8,5,0.0
Tra Vinh,1986-08-06,1986,8,6,4.850210067878038
Tra Vinh,1986-08-07,1986,8,7,8.159773124534487
Tra Vinh,1986-08-08,1986,8,8,11.034950307195608
Tra Vinh,1986-08-09,1986,8,9,2.9479553927840247
Tra Vinh,1986-08-10,1986,8,10,9.827318540001922
Tra Vinh,1986-08-11,1986,8,11,16.069937520421057
Tra Vinh,1986-08-12,1986,8,12,0.0
Tra Vinh,1986-08-13,1986,8,13,7.663574354453272
Tra Vinh,1986-08-14,1986,8,14,12.483183001277176
Tra Vinh,1986-08-15,1986,8,15,17.262803862436172
Tra Vinh,1986-08-16,1986,8,16,19.90126554472988
Tra Vinh,1986-08-17,1986,8,17,2.908531905586583
Tra Vinh,1986-08-18,1986,8,18,12.270571904303129
Tra Vinh,1986-08-19,1986,8,19,27.592457947699195
Tra Vinh,1986-08-20,1986,8,20,17.6447128130877
Tra Vinh,1986-08-21,1986,8,21,12.947814637969982
Tra Vinh,1986-08-22,1986,8,22,16.61200025971779
Tra Vinh,1986-08-23,1986,8,23,0.0424982379680416
Tra Vinh,1986-08-24,1986,8,24,0.0
Tra Vinh,1986-08-25,1986,8,25,9.56583327459681
Tra Vinh,1986-08-26,1986,8,26,2.6923871114556954
Tra Vinh,1986-08-27,1986,8,27,5.301264328764546
Tra Vinh,1986-08-28,1986,8,28,2.667044038668195
Tra Vinh,1986-08-29,1986,8,29,4.421809910647334
Tra Vinh,1986-08-30,1986,8,30,2.5596693568868223
Tra Vinh,1986-08-31,1986,8,31,2.547277503448285
Tra Vinh,1986-09-01,1986,9,1,3.1732662470295456
Tra Vinh,1986-09-02,1986,9,2,5.101190320035015
Tra Vinh,1986-09-03,1986,9,3,13.14011469237189
Tra Vinh,1986-09-04,1986,9,4,24.30733434346999
Tra Vinh,1986-09-05,1986,9,5,23.0560255772806
Tra Vinh,1986-09-06,1986,9,6,20.84736745728984
Tra Vinh,1986-09-07,1986,9,7,12.870330806367305
Tra Vinh,1986-09-08,1986,9,8,27.062351803627088
Tra Vinh,1986-09-09,1986,9,9,28.702197798464216
Tra Vinh,1986-09-10,1986,9,10,2.904746493560056
Tra Vinh,1986-09-11,1986,9,11,0.0
Tra Vinh,1986-09-12,1986,9,12,8.107579195746114
Tra Vinh,1986-09-13,1986,9,13,20.188025937725453
Tra Vinh,1986-09-14,1986,9,14,0.0
Tra Vinh,1986-09-15,1986,9,15,0.8104176217722283
Tra Vinh,1986-09-16,1986,9,16,3.1508904032387512
Tra Vinh,1986-09-17,1986,9,17,6.559408419077589
Tra Vinh,1986-09-18,1986,9,18,8.577973655223516
Tra Vinh,1986-09-19,1986,9,19,3.702939833395088
Tra Vinh,1986-09-20,1986,9,20,10.716930066211946
Tra Vinh,1986-09-21,1986,9,21,21.60013537462376
Tra Vinh,1986-09-22,1986,9,22,33.52348496817269
Tra Vinh,1986-09-23,1986,9,23,5.381091209666553
Tra Vinh,1986-09-24,1986,9,24,15.971460657118117
Tra Vinh,1986-09-25,1986,9,25,11.270779022054011
Tra Vinh,1986-09-26,1986,9,26,5.522618874823391
Tra Vinh,1986-09-27,1986,9,27,2.196444607482356
Tra Vinh,1986-09-28,1986,9,28,17.076895711400347
Tra Vinh,1986-09-29,1986,9,29,10.47635302903286
Tra Vinh,1986-09-30,1986,9,30,12.57091917990822
Tra Vinh,1986-10-01,1986,10,1,15.449207461816092
Tra Vinh,1986-10-02,1986,10,2,10.107719562533614
Tra Vinh,1986-10-03,1986,10,3,23.23886319933252
Tra Vinh,1986-10-04,1986,10,4,14.625565080840866
Tra Vinh,1986-10-05,1986,10,5,20.573273844325023
Tra Vinh,1986-10-06,1986,10,6,3.19338044081261
Tra Vinh,1986-10-07,1986,10,7,0.0
Tra Vinh,1986-10-08,1986,10,8,10.508745153928505
Tra Vinh,1986-10-09,1986,10,9,0.7892936909934769
Tra Vinh,1986-10-10,1986,10,10,2.167521105845075
Tra Vinh,1986-10-11,1986,10,11,0.1390458696292611
Tra Vinh,1986-10-12,1986,10,12,0.0082958981341248
Tra Vinh,1986-10-13,1986,10,13,1.9602245259676416
Tra Vinh,1986-10-14,1986,10,14,8.140584883647879
Tra Vinh,1986-10-15,1986,10,15,4.316371692109764
Tra Vinh,1986-10-16,1986,10,16,19.994632992516905
Tra Vinh,1986-10-17,1986,10,17,34.722416181614896
Tra Vinh,1986-10-18,1986,10,18,10.3323710834509
Tra Vinh,1986-10-19,1986,10,19,0.0019694676210844
Tra Vinh,1986-10-20,1986,10,20,5.890261423818183
Tra Vinh,1986-10-21,1986,10,21,1.538670503667058
Tra Vinh,1986-10-22,1986,10,22,17.284741449645583
Tra Vinh,1986-10-23,1986,10,23,8.112755203116587
Tra Vinh,1986-10-24,1986,10,24,14.314655415376103
Tra Vinh,1986-10-25,1986,10,25,0.0
Tra Vinh,1986-10-26,1986,10,26,15.01191313427412
Tra Vinh,1986-10-27,1986,10,27,16.33903686270788
Tra Vinh,1986-10-28,1986,10,28,7.758836985266432
Tra Vinh,1986-10-29,1986,10,29,0.9759398486362634
Tra Vinh,1986-10-30,1986,10,30,5.463869788187148
Tra Vinh,1986-10-31,1986,10,31,10.37641342191466
Tra Vinh,1986-11-01,1986,11,1,3.4054963952948216
Tra Vinh,1986-11-02,1986,11,2,3.1478783013638374
Tra Vinh,1986-11-03,1986,11,3,0.0
Tra Vinh,1986-11-04,1986,11,4,0.0
Tra Vinh,1986-11-05,1986,11,5,3.191319053297839
Tra Vinh,1986-11-06,1986,11,6,0.8996089955099588
Tra Vinh,1986-11-07,1986,11,7,0.0
Tra Vinh,1986-11-08,1986,11,8,0.0
Tra Vinh,1986-11-09,1986,11,9,2.5417231454265323
Tra Vinh,1986-11-10,1986,11,10,0.1789348367260768
Tra Vinh,1986-11-11,1986,11,11,5.351233988526296
Tra Vinh,1986-11-12,1986,11,12,0.0
Tra Vinh,1986-11-13,1986,11,13,1.7794891841415252
Tra Vinh,1986-11-14,1986,11,14,7.62657868867249
Tra Vinh,1986-11-15,1986,11,15,6.114498078782312
Tra Vinh,1986-11-16,1986,11,16,5.525626309594474
Tra Vinh,1986-11-17,1986,11,17,5.388501543692486
Tra Vinh,1986-11-18,1986,11,18,0.0
Tra Vinh,1986-11-19,1986,11,19,0.0
Tra Vinh,1986-11-20,1986,11,20,0.2006777482744728
Tra Vinh,1986-11-21,1986,11,21,0.1661383637367445
Tra Vinh,1986-11-22,1986,11,22,1.2557724285109415
Tra Vinh,1986-11-23,1986,11,23,0.5472881565934798
Tra Vinh,1986-11-24,1986,11,24,6.150441659043257
Tra Vinh,1986-11-25,1986,11,25,0.0
Tra Vinh,1986-11-26,1986,11,26,1.98342608195738
Tra Vinh,1986-11-27,1986,11,27,2.09537226517516
Tra Vinh,1986-11-28,1986,11,28,1.3289629835995398
Tra Vinh,1986-11-29,1986,11,29,0.0
Tra Vinh,1986-11-30,1986,11,30,0.0
Tra Vinh,1986-12-01,1986,12,1,0.4585360381589783
Tra Vinh,1986-12-02,1986,12,2,0.0083508127384436
Tra Vinh,1986-12-03,1986,12,3,0.0
Tra Vinh,1986-12-04,1986,12,4,1.907984342670081
Tra Vinh,1986-12-05,1986,12,5,0.0
Tra Vinh,1986-12-06,1986,12,6,0.0
Tra Vinh,1986-12-07,1986,12,7,0.0
Tra Vinh,1986-12-08,1986,12,8,1.174769037551139
Tra Vinh,1986-12-09,1986,12,9,0.5158104474103732
Tra Vinh,1986-12-10,1986,12,10,0.0
Tra Vinh,1986-12-11,1986,12,11,0.0
Tra Vinh,1986-12-12,1986,12,12,0.0
Tra Vinh,1986-12-13,1986,12,13,0.0
Tra Vinh,1986-12-14,1986,12,14,0.0
Tra Vinh,1986-12-15,1986,12,15,0.0
Tra Vinh,1986-12-16,1986,12,16,2.4227251338514275
Tra Vinh,1986-12-17,1986,12,17,0.0
Tra Vinh,1986-12-18,1986,12,18,0.0
Tra Vinh,1986-12-19,1986,12,19,0.0
Tra Vinh,1986-12-20,1986,12,20,0.0
Tra Vinh,1986-12-21,1986,12,21,0.0
Tra Vinh,1986-12-22,1986,12,22,0.0
Tra Vinh,1986-12-23,1986,12,23,0.0
Tra Vinh,1986-12-24,1986,12,24,0.0
Tra Vinh,1986-12-25,1986,12,25,0.5709272157601539
Tra Vinh,1986-12-26,1986,12,26,5.313880167742232
Tra Vinh,1986-12-27,1986,12,27,0.0
Tra Vinh,1986-12-28,1986,12,28,0.0
Tra Vinh,1986-12-29,1986,12,29,0.0
Tra Vinh,1986-12-30,1986,12,30,0.0
Tra Vinh,1986-12-31,1986,12,31,1.5471349252234643
Tra Vinh,1987-01-01,1987,1,1,0.0
Tra Vinh,1987-01-02,1987,1,2,0.0
Tra Vinh,1987-01-03,1987,1,3,0.0
Tra Vinh,1987-01-04,1987,1,4,0.0
Tra Vinh,1987-01-05,1987,1,5,0.0
Tra Vinh,1987-01-06,1987,1,6,0.0
Tra Vinh,1987-01-07,1987,1,7,0.0
Tra Vinh,1987-01-08,1987,1,8,0.0
Tra Vinh,1987-01-09,1987,1,9,0.0
Tra Vinh,1987-01-10,1987,1,10,0.0
Tra Vinh,1987-01-11,1987,1,11,0.0
Tra Vinh,1987-01-12,1987,1,12,0.0
Tra Vinh,1987-01-13,1987,1,13,0.0
Tra Vinh,1987-01-14,1987,1,14,0.0
Tra Vinh,1987-01-15,1987,1,15,0.0
Tra Vinh,1987-01-16,1987,1,16,1.5818571091839972
Tra Vinh,1987-01-17,1987,1,17,0.0
Tra Vinh,1987-01-18,1987,1,18,0.1630040133164563
Tra Vinh,1987-01-19,1987,1,19,0.0
Tra Vinh,1987-01-20,1987,1,20,0.0
Tra Vinh,1987-01-21,1987,1,21,0.0
Tra Vinh,1987-01-22,1987,1,22,0.0
Tra Vinh,1987-01-23,1987,1,23,0.0
Tra Vinh,1987-01-24,1987,1,24,0.0
Tra Vinh,1987-01-25,1987,1,25,0.1317535203523017
Tra Vinh,1987-01-26,1987,1,26,0.0
Tra Vinh,1987-01-27,1987,1,27,0.0
Tra Vinh,1987-01-28,1987,1,28,0.0
Tra Vinh,1987-01-29,1987,1,29,0.0
Tra Vinh,1987-01-30,1987,1,30,0.0
Tra Vinh,1987-01-31,1987,1,31,0.0
Tra Vinh,1987-02-01,1987,2,1,0.0
Tra Vinh,1987-02-02,1987,2,2,0.0
Tra Vinh,1987-02-03,1987,2,3,0.0
Tra Vinh,1987-02-04,1987,2,4,0.0
Tra Vinh,1987-02-05,1987,2,5,0.0
Tra Vinh,1987-02-06,1987,2,6,0.0
Tra Vinh,1987-02-07,1987,2,7,0.0
Tra Vinh,1987-02-08,1987,2,8,0.0
Tra Vinh,1987-02-09,1987,2,9,0.0
Tra Vinh,1987-02-10,1987,2,10,0.0
Tra Vinh,1987-02-11,1987,2,11,0.0
Tra Vinh,1987-02-12,1987,2,12,0.0617498415585193
Tra Vinh,1987-02-13,1987,2,13,0.0005522415294226405
Tra Vinh,1987-02-14,1987,2,14,0.0
Tra Vinh,1987-02-15,1987,2,15,0.0
Tra Vinh,1987-02-16,1987,2,16,0.1856355688521774
Tra Vinh,1987-02-17,1987,2,17,0.0
Tra Vinh,1987-02-18,1987,2,18,0.0
Tra Vinh,1987-02-19,1987,2,19,0.0
Tra Vinh,1987-02-20,1987,2,20,0.0
Tra Vinh,1987-02-21,1987,2,21,0.0
Tra Vinh,1987-02-22,1987,2,22,0.0
Tra Vinh,1987-02-23,1987,2,23,0.0
Tra Vinh,1987-02-24,1987,2,24,0.0
Tra Vinh,1987-02-25,1987,2,25,0.1745862243969418
Tra Vinh,1987-02-26,1987,2,26,0.0
Tra Vinh,1987-02-27,1987,2,27,0.0234710028768095
Tra Vinh,1987-02-28,1987,2,28,0.0560055736172641
Tra Vinh,1987-03-01,1987,3,1,0.0
Tra Vinh,1987-03-02,1987,3,2,0.0
Tra Vinh,1987-03-03,1987,3,3,0.0
Tra Vinh,1987-03-04,1987,3,4,0.0
Tra Vinh,1987-03-05,1987,3,5,0.0
Tra Vinh,1987-03-06,1987,3,6,0.0
Tra Vinh,1987-03-07,1987,3,7,0.0
Tra Vinh,1987-03-08,1987,3,8,0.0
Tra Vinh,1987-03-09,1987,3,9,0.0
Tra Vinh,1987-03-10,1987,3,10,0.0
Tra Vinh,1987-03-11,1987,3,11,0.0
Tra Vinh,1987-03-12,1987,3,12,0.0
Tra Vinh,1987-03-13,1987,3,13,0.0
Tra Vinh,1987-03-14,1987,3,14,0.0
Tra Vinh,1987-03-15,1987,3,15,0.0
Tra Vinh,1987-03-16,1987,3,16,0.8434007474963063
Tra Vinh,1987-03-17,1987,3,17,0.0
Tra Vinh,1987-03-18,1987,3,18,0.0241202641006451
Tra Vinh,1987-03-19,1987,3,19,4.127716757842612
Tra Vinh,1987-03-20,1987,3,20,0.5369153489755811
Tra Vinh,1987-03-21,1987,3,21,0.0
Tra Vinh,1987-03-22,1987,3,22,0.0
Tra Vinh,1987-03-23,1987,3,23,0.0
Tra Vinh,1987-03-24,1987,3,24,0.0
Tra Vinh,1987-03-25,1987,3,25,0.0
Tra Vinh,1987-03-26,1987,3,26,0.0
Tra Vinh,1987-03-27,1987,3,27,0.0
Tra Vinh,1987-03-28,1987,3,28,0.0
Tra Vinh,1987-03-29,1987,3,29,0.0
Tra Vinh,1987-03-30,1987,3,30,0.0
Tra Vinh,1987-03-31,1987,3,31,0.0
Tra Vinh,1987-04-01,1987,4,1,0.0
Tra Vinh,1987-04-02,1987,4,2,0.0
Tra Vinh,1987-04-03,1987,4,3,0.0273909222596483
Tra Vinh,1987-04-04,1987,4,4,0.0
Tra Vinh,1987-04-05,1987,4,5,0.0
Tra Vinh,1987-04-06,1987,4,6,0.247971696197752
Tra Vinh,1987-04-07,1987,4,7,1.19691649449367
Tra Vinh,1987-04-08,1987,4,8,0.4062650265990514
Tra Vinh,1987-04-09,1987,4,9,0.3722011397511647
Tra Vinh,1987-04-10,1987,4,10,0.23276900664056
Tra Vinh,1987-04-11,1987,4,11,0.270473258565058
Tra Vinh,1987-04-12,1987,4,12,0.0
Tra Vinh,1987-04-13,1987,4,13,1.3400451572752412
Tra Vinh,1987-04-14,1987,4,14,0.0
Tra Vinh,1987-04-15,1987,4,15,0.0
Tra Vinh,1987-04-16,1987,4,16,0.0
Tra Vinh,1987-04-17,1987,4,17,0.0
Tra Vinh,1987-04-18,1987,4,18,0.0
Tra Vinh,1987-04-19,1987,4,19,0.0
Tra Vinh,1987-04-20,1987,4,20,0.0
Tra Vinh,1987-04-21,1987,4,21,0.0
Tra Vinh,1987-04-22,1987,4,22,0.0
Tra Vinh,1987-04-23,1987,4,23,0.0
Tra Vinh,1987-04-24,1987,4,24,0.0
Tra Vinh,1987-04-25,1987,4,25,0.3653994672203013
Tra Vinh,1987-04-26,1987,4,26,0.0
Tra Vinh,1987-04-27,1987,4,27,1.8977057174350205
Tra Vinh,1987-04-28,1987,4,28,0.0
Tra Vinh,1987-04-29,1987,4,29,0.0
Tra Vinh,1987-04-30,1987,4,30,0.0
Tra Vinh,1987-05-01,1987,5,1,0.0
Tra Vinh,1987-05-02,1987,5,2,0.1091204870352688
Tra Vinh,1987-05-03,1987,5,3,6.220467090086789
Tra Vinh,1987-05-04,1987,5,4,0.5884873569572358
Tra Vinh,1987-05-05,1987,5,5,0.2853332898423918
Tra Vinh,1987-05-06,1987,5,6,0.0
Tra Vinh,1987-05-07,1987,5,7,5.493598121770613
Tra Vinh,1987-05-08,1987,5,8,1.230611077675314
Tra Vinh,1987-05-09,1987,5,9,0.8607596533307053
Tra Vinh,1987-05-10,1987,5,10,0.0
Tra Vinh,1987-05-11,1987,5,11,0.9540773678563976
Tra Vinh,1987-05-12,1987,5,12,0.0
Tra Vinh,1987-05-13,1987,5,13,0.6179561737522785
Tra Vinh,1987-05-14,1987,5,14,0.6533294450284598
Tra Vinh,1987-05-15,1987,5,15,0.0
Tra Vinh,1987-05-16,1987,5,16,0.0
Tra Vinh,1987-05-17,1987,5,17,3.5325941781682078
Tra Vinh,1987-05-18,1987,5,18,0.9768559838056928
Tra Vinh,1987-05-19,1987,5,19,1.1541133113186317
Tra Vinh,1987-05-20,1987,5,20,0.1577151189742178
Tra Vinh,1987-05-21,1987,5,21,2.3323149327561445
Tra Vinh,1987-05-22,1987,5,22,0.0
Tra Vinh,1987-05-23,1987,5,23,0.0
Tra Vinh,1987-05-24,1987,5,24,0.0413203774628851
Tra Vinh,1987-05-25,1987,5,25,0.0
Tra Vinh,1987-05-26,1987,5,26,0.0003787532961019923
Tra Vinh,1987-05-27,1987,5,27,0.0
Tra Vinh,1987-05-28,1987,5,28,1.787148828539702
Tra Vinh,1987-05-29,1987,5,29,2.946610387357989
Tra Vinh,1987-05-30,1987,5,30,2.565367974015979
Tra Vinh,1987-05-31,1987,5,31,0.0
Tra Vinh,1987-06-01,1987,6,1,0.9081588952138072
Tra Vinh,1987-06-02,1987,6,2,0.0827608001075158
Tra Vinh,1987-06-03,1987,6,3,2.291949983639697
Tra Vinh,1987-06-04,1987,6,4,3.697215325999141
Tra Vinh,1987-06-05,1987,6,5,2.915973974850232
Tra Vinh,1987-06-06,1987,6,6,5.377334918591716
Tra Vinh,1987-06-07,1987,6,7,10.262149524358424
Tra Vinh,1987-06-08,1987,6,8,10.983430364814112
Tra Vinh,1987-06-09,1987,6,9,18.944633820902204
Tra Vinh,1987-06-10,1987,6,10,16.718121930536338
Tra Vinh,1987-06-11,1987,6,11,15.578601940974464
Tra Vinh,1987-06-12,1987,6,12,9.62866348730553
Tra Vinh,1987-06-13,1987,6,13,10.561866915407435
Tra Vinh,1987-06-14,1987,6,14,15.605064435801951
Tra Vinh,1987-06-15,1987,6,15,31.756293586896003
Tra Vinh,1987-06-16,1987,6,16,1.903929055848243
Tra Vinh,1987-06-17,1987,6,17,12.378706254122374
Tra Vinh,1987-06-18,1987,6,18,5.528763302477155
Tra Vinh,1987-06-19,1987,6,19,1.8090262960037933
Tra Vinh,1987-06-20,1987,6,20,28.63507452252909
Tra Vinh,1987-06-21,1987,6,21,6.307304193489525
Tra Vinh,1987-06-22,1987,6,22,0.0
Tra Vinh,1987-06-23,1987,6,23,0.0
Tra Vinh,1987-06-24,1987,6,24,0.8128653741380343
Tra Vinh,1987-06-25,1987,6,25,2.276190296174808
Tra Vinh,1987-06-26,1987,6,26,0.1142838644980364
Tra Vinh,1987-06-27,1987,6,27,5.208295893665049
Tra Vinh,1987-06-28,1987,6,28,4.0021110687609385
Tra Vinh,1987-06-29,1987,6,29,2.8492645203751192
Tra Vinh,1987-06-30,1987,6,30,1.3997505828623524
Tra Vinh,1987-07-01,1987,7,1,10.712993555197816
Tra Vinh,1987-07-02,1987,7,2,30.14856764987653
Tra Vinh,1987-07-03,1987,7,3,23.418709606681485
Tra Vinh,1987-07-04,1987,7,4,19.58336001945516
Tra Vinh,1987-07-05,1987,7,5,10.63080414588867
Tra Vinh,1987-07-06,1987,7,6,0.0495072034295448
Tra Vinh,1987-07-07,1987,7,7,0.0
Tra Vinh,1987-07-08,1987,7,8,1.5941349925068438
Tra Vinh,1987-07-09,1987,7,9,6.723485849669026
Tra Vinh,1987-07-10,1987,7,10,1.2510875042165384
Tra Vinh,1987-07-11,1987,7,11,5.995044189772075
Tra Vinh,1987-07-12,1987,7,12,3.3067253215080106
Tra Vinh,1987-07-13,1987,7,13,5.283630637698891
Tra Vinh,1987-07-14,1987,7,14,5.477767847971526
Tra Vinh,1987-07-15,1987,7,15,0.0
Tra Vinh,1987-07-16,1987,7,16,12.14795942817852
Tra Vinh,1987-07-17,1987,7,17,14.508564508611654
Tra Vinh,1987-07-18,1987,7,18,10.594115716953937
Tra Vinh,1987-07-19,1987,7,19,21.79095308091959
Tra Vinh,1987-07-20,1987,7,20,14.644177383554473
Tra Vinh,1987-07-21,1987,7,21,2.125827190864589
Tra Vinh,1987-07-22,1987,7,22,5.472145819329636
Tra Vinh,1987-07-23,1987,7,23,0.3101104592816205
Tra Vinh,1987-07-24,1987,7,24,0.0060096227227673
Tra Vinh,1987-07-25,1987,7,25,0.0060588966093655
Tra Vinh,1987-07-26,1987,7,26,0.0
Tra Vinh,1987-07-27,1987,7,27,0.1330875560159619
Tra Vinh,1987-07-28,1987,7,28,3.0681146005289923
Tra Vinh,1987-07-29,1987,7,29,6.204176055808055
Tra Vinh,1987-07-30,1987,7,30,0.5763266440719869
Tra Vinh,1987-07-31,1987,7,31,5.305022889596895
Tra Vinh,1987-08-01,1987,8,1,5.509707437481902
Tra Vinh,1987-08-02,1987,8,2,5.214807413940206
Tra Vinh,1987-08-03,1987,8,3,9.835147743451811
Tra Vinh,1987-08-04,1987,8,4,0.2828550926432437
Tra Vinh,1987-08-05,1987,8,5,0.0522133001959872
Tra Vinh,1987-08-06,1987,8,6,0.0
Tra Vinh,1987-08-07,1987,8,7,0.4499437894416665
Tra Vinh,1987-08-08,1987,8,8,2.156773502192212
Tra Vinh,1987-08-09,1987,8,9,5.821115200185602
Tra Vinh,1987-08-10,1987,8,10,8.344536536113408
Tra Vinh,1987-08-11,1987,8,11,12.228494606426644
Tra Vinh,1987-08-12,1987,8,12,7.993542707881823
Tra Vinh,1987-08-13,1987,8,13,1.0956079985762286
Tra Vinh,1987-08-14,1987,8,14,35.4514269547848
Tra Vinh,1987-08-15,1987,8,15,31.682165923231945
Tra Vinh,1987-08-16,1987,8,16,9.131306532572246
Tra Vinh,1987-08-17,1987,8,17,12.68753889627654
Tra Vinh,1987-08-18,1987,8,18,0.0
Tra Vinh,1987-08-19,1987,8,19,2.298726023976488
Tra Vinh,1987-08-20,1987,8,20,16.574163662137504
Tra Vinh,1987-08-21,1987,8,21,41.50569286496491
Tra Vinh,1987-08-22,1987,8,22,29.400090934436346
Tra Vinh,1987-08-23,1987,8,23,54.93318323341212
Tra Vinh,1987-08-24,1987,8,24,1.225095863686436
Tra Vinh,1987-08-25,1987,8,25,7.940105548022399
Tra Vinh,1987-08-26,1987,8,26,9.080380613363069
Tra Vinh,1987-08-27,1987,8,27,8.502071401329552
Tra Vinh,1987-08-28,1987,8,28,0.8031319327205186
Tra Vinh,1987-08-29,1987,8,29,1.3713604674617386
Tra Vinh,1987-08-30,1987,8,30,5.551695456663031
Tra Vinh,1987-08-31,1987,8,31,0.0
Tra Vinh,1987-09-01,1987,9,1,15.235961716032763
Tra Vinh,1987-09-02,1987,9,2,14.330782501396197
Tra Vinh,1987-09-03,1987,9,3,4.692074712839252
Tra Vinh,1987-09-04,1987,9,4,24.468719448822263
Tra Vinh,1987-09-05,1987,9,5,34.881961737369
Tra Vinh,1987-09-06,1987,9,6,12.41494147062342
Tra Vinh,1987-09-07,1987,9,7,0.5191018210530626
Tra Vinh,1987-09-08,1987,9,8,4.71866654101979
Tra Vinh,1987-09-09,1987,9,9,13.84110704678561
Tra Vinh,1987-09-10,1987,9,10,19.230092901071966
Tra Vinh,1987-09-11,1987,9,11,17.378436030007354
Tra Vinh,1987-09-12,1987,9,12,0.0
Tra Vinh,1987-09-13,1987,9,13,0.0
Tra Vinh,1987-09-14,1987,9,14,3.304254065604623
Tra Vinh,1987-09-15,1987,9,15,22.985551403305635
Tra Vinh,1987-09-16,1987,9,16,12.105534402839297
Tra Vinh,1987-09-17,1987,9,17,2.3756941248356465
Tra Vinh,1987-09-18,1987,9,18,0.0
Tra Vinh,1987-09-19,1987,9,19,0.0443210164277761
Tra Vinh,1987-09-20,1987,9,20,4.9750750019894046
Tra Vinh,1987-09-21,1987,9,21,0.0
Tra Vinh,1987-09-22,1987,9,22,0.0965596755304885
Tra Vinh,1987-09-23,1987,9,23,3.6512853712511193
Tra Vinh,1987-09-24,1987,9,24,6.258691604981077
Tra Vinh,1987-09-25,1987,9,25,0.8613002537172307
Tra Vinh,1987-09-26,1987,9,26,6.812366302143474
Tra Vinh,1987-09-27,1987,9,27,31.549383792710834
Tra Vinh,1987-09-28,1987,9,28,10.467737937842102
Tra Vinh,1987-09-29,1987,9,29,4.0838575297713335
Tra Vinh,1987-09-30,1987,9,30,2.0571634856089163
Tra Vinh,1987-10-01,1987,10,1,9.168756455667245
Tra Vinh,1987-10-02,1987,10,2,10.580491380567564
Tra Vinh,1987-10-03,1987,10,3,1.091537504394339
Tra Vinh,1987-10-04,1987,10,4,15.55029994751911
Tra Vinh,1987-10-05,1987,10,5,18.393310745985293
Tra Vinh,1987-10-06,1987,10,6,2.26417103498965
Tra Vinh,1987-10-07,1987,10,7,2.0592569941860277
Tra Vinh,1987-10-08,1987,10,8,1.1069303832442323
Tra Vinh,1987-10-09,1987,10,9,7.7934405993391795
Tra Vinh,1987-10-10,1987,10,10,13.761980549135586
Tra Vinh,1987-10-11,1987,10,11,16.3497279796597
Tra Vinh,1987-10-12,1987,10,12,0.3956875387207755
Tra Vinh,1987-10-13,1987,10,13,3.600056039383824
Tra Vinh,1987-10-14,1987,10,14,11.62306609691178
Tra Vinh,1987-10-15,1987,10,15,0.0
Tra Vinh,1987-10-16,1987,10,16,0.1117593390790339
Tra Vinh,1987-10-17,1987,10,17,0.1921187010976785
Tra Vinh,1987-10-18,1987,10,18,0.3350841154884186
Tra Vinh,1987-10-19,1987,10,19,0.0
Tra Vinh,1987-10-20,1987,10,20,0.0
Tra Vinh,1987-10-21,1987,10,21,0.0
Tra Vinh,1987-10-22,1987,10,22,0.0
Tra Vinh,1987-10-23,1987,10,23,0.0
Tra Vinh,1987-10-24,1987,10,24,0.0
Tra Vinh,1987-10-25,1987,10,25,3.523429819084709
Tra Vinh,1987-10-26,1987,10,26,21.11706416835657
Tra Vinh,1987-10-27,1987,10,27,6.576598907018574
Tra Vinh,1987-10-28,1987,10,28,21.733700748669985
Tra Vinh,1987-10-29,1987,10,29,21.251324104084315
Tra Vinh,1987-10-30,1987,10,30,2.34352896408034
Tra Vinh,1987-10-31,1987,10,31,24.370412959753995
Tra Vinh,1987-11-01,1987,11,1,0.2884920151677725
Tra Vinh,1987-11-02,1987,11,2,7.534899241051264
Tra Vinh,1987-11-03,1987,11,3,16.056861315341163
Tra Vinh,1987-11-04,1987,11,4,2.8786641733858827
Tra Vinh,1987-11-05,1987,11,5,28.54790514013349
Tra Vinh,1987-11-06,1987,11,6,4.779781292682428
Tra Vinh,1987-11-07,1987,11,7,19.166701064714093
Tra Vinh,1987-11-08,1987,11,8,8.100732957417682
Tra Vinh,1987-11-09,1987,11,9,1.6303829986335103
Tra Vinh,1987-11-10,1987,11,10,5.171254699793312
Tra Vinh,1987-11-11,1987,11,11,11.502574052732376
Tra Vinh,1987-11-12,1987,11,12,2.4854173457824364
Tra Vinh,1987-11-13,1987,11,13,4.320846246616929
Tra Vinh,1987-11-14,1987,11,14,0.0
Tra Vinh,1987-11-15,1987,11,15,0.0
Tra Vinh,1987-11-16,1987,11,16,0.5895404207088689
Tra Vinh,1987-11-17,1987,11,17,0.0
Tra Vinh,1987-11-18,1987,11,18,19.38560922561353
Tra Vinh,1987-11-19,1987,11,19,0.0
Tra Vinh,1987-11-20,1987,11,20,0.0
Tra Vinh,1987-11-21,1987,11,21,0.0
Tra Vinh,1987-11-22,1987,11,22,0.0
Tra Vinh,1987-11-23,1987,11,23,10.188018168040331
Tra Vinh,1987-11-24,1987,11,24,5.721060179514174
Tra Vinh,1987-11-25,1987,11,25,10.002091305142123
Tra Vinh,1987-11-26,1987,11,26,7.144720406731681
Tra Vinh,1987-11-27,1987,11,27,10.83711813139226
Tra Vinh,1987-11-28,1987,11,28,4.749433086237294
Tra Vinh,1987-11-29,1987,11,29,11.51487336988344
Tra Vinh,1987-11-30,1987,11,30,0.0
Tra Vinh,1987-12-01,1987,12,1,0.0
Tra Vinh,1987-12-02,1987,12,2,0.0
Tra Vinh,1987-12-03,1987,12,3,2.6315701321921874
Tra Vinh,1987-12-04,1987,12,4,3.2210478802226388
Tra Vinh,1987-12-05,1987,12,5,0.0
Tra Vinh,1987-12-06,1987,12,6,0.0
Tra Vinh,1987-12-07,1987,12,7,4.51289492375589
Tra Vinh,1987-12-08,1987,12,8,0.0
Tra Vinh,1987-12-09,1987,12,9,0.1354480730543304
Tra Vinh,1987-12-10,1987,12,10,0.0
Tra Vinh,1987-12-11,1987,12,11,0.0
Tra Vinh,1987-12-12,1987,12,12,0.0
Tra Vinh,1987-12-13,1987,12,13,3.6070385064317434
Tra Vinh,1987-12-14,1987,12,14,0.0
Tra Vinh,1987-12-15,1987,12,15,1.6140070059920486
Tra Vinh,1987-12-16,1987,12,16,0.3284100406553595
Tra Vinh,1987-12-17,1987,12,17,0.3715110569198416
Tra Vinh,1987-12-18,1987,12,18,0.0
Tra Vinh,1987-12-19,1987,12,19,0.0
Tra Vinh,1987-12-20,1987,12,20,0.0
Tra Vinh,1987-12-21,1987,12,21,0.0
Tra Vinh,1987-12-22,1987,12,22,0.0
Tra Vinh,1987-12-23,1987,12,23,0.0
Tra Vinh,1987-12-24,1987,12,24,0.3152065213488699
Tra Vinh,1987-12-25,1987,12,25,0.0
Tra Vinh,1987-12-26,1987,12,26,0.0
Tra Vinh,1987-12-27,1987,12,27,0.0
Tra Vinh,1987-12-28,1987,12,28,0.0
Tra Vinh,1987-12-29,1987,12,29,0.0106682698706673
Tra Vinh,1987-12-30,1987,12,30,0.0
Tra Vinh,1987-12-31,1987,12,31,0.0
Tra Vinh,1988-01-01,1988,1,1,0.0
Tra Vinh,1988-01-02,1988,1,2,0.0
Tra Vinh,1988-01-03,1988,1,3,0.0
Tra Vinh,1988-01-04,1988,1,4,0.0
Tra Vinh,1988-01-05,1988,1,5,0.0
Tra Vinh,1988-01-06,1988,1,6,0.0
Tra Vinh,1988-01-07,1988,1,7,0.0
Tra Vinh,1988-01-08,1988,1,8,0.0
Tra Vinh,1988-01-09,1988,1,9,0.0
Tra Vinh,1988-01-10,1988,1,10,0.0
Tra Vinh,1988-01-11,1988,1,11,0.0
Tra Vinh,1988-01-12,1988,1,12,0.0
Tra Vinh,1988-01-13,1988,1,13,0.0
Tra Vinh,1988-01-14,1988,1,14,0.5897829596692932
Tra Vinh,1988-01-15,1988,1,15,0.0
Tra Vinh,1988-01-16,1988,1,16,0.0
Tra Vinh,1988-01-17,1988,1,17,0.0
Tra Vinh,1988-01-18,1988,1,18,0.0
Tra Vinh,1988-01-19,1988,1,19,0.0
Tra Vinh,1988-01-20,1988,1,20,0.0
Tra Vinh,1988-01-21,1988,1,21,0.0
Tra Vinh,1988-01-22,1988,1,22,0.0
Tra Vinh,1988-01-23,1988,1,23,0.0
Tra Vinh,1988-01-24,1988,1,24,0.0
Tra Vinh,1988-01-25,1988,1,25,0.0
Tra Vinh,1988-01-26,1988,1,26,0.8979540190646559
Tra Vinh,1988-01-27,1988,1,27,1.4661269903448026
Tra Vinh,1988-01-28,1988,1,28,0.2246233362029795
Tra Vinh,1988-01-29,1988,1,29,0.0
Tra Vinh,1988-01-30,1988,1,30,0.0
Tra Vinh,1988-01-31,1988,1,31,0.0341730376854296
Tra Vinh,1988-02-01,1988,2,1,2.025018017817424
Tra Vinh,1988-02-02,1988,2,2,0.0
Tra Vinh,1988-02-03,1988,2,3,0.0
Tra Vinh,1988-02-04,1988,2,4,0.0
Tra Vinh,1988-02-05,1988,2,5,0.0
Tra Vinh,1988-02-06,1988,2,6,0.0
Tra Vinh,1988-02-07,1988,2,7,0.0
Tra Vinh,1988-02-08,1988,2,8,0.0
Tra Vinh,1988-02-09,1988,2,9,0.0
Tra Vinh,1988-02-10,1988,2,10,0.0
Tra Vinh,1988-02-11,1988,2,11,0.0902219487496557
Tra Vinh,1988-02-12,1988,2,12,0.0
Tra Vinh,1988-02-13,1988,2,13,1.2080742770511916
Tra Vinh,1988-02-14,1988,2,14,0.0
Tra Vinh,1988-02-15,1988,2,15,0.0
Tra Vinh,1988-02-16,1988,2,16,0.0
Tra Vinh,1988-02-17,1988,2,17,0.0
Tra Vinh,1988-02-18,1988,2,18,0.0
Tra Vinh,1988-02-19,1988,2,19,0.0
Tra Vinh,1988-02-20,1988,2,20,0.0
Tra Vinh,1988-02-21,1988,2,21,0.0107700335117044
Tra Vinh,1988-02-22,1988,2,22,0.7224239759798309
Tra Vinh,1988-02-23,1988,2,23,1.7994155953669315
Tra Vinh,1988-02-24,1988,2,24,0.0
Tra Vinh,1988-02-25,1988,2,25,0.0
Tra Vinh,1988-02-26,1988,2,26,0.0
Tra Vinh,1988-02-27,1988,2,27,0.0
Tra Vinh,1988-02-28,1988,2,28,0.0
Tra Vinh,1988-02-29,1988,2,29,0.0
Tra Vinh,1988-03-01,1988,3,1,0.0
Tra Vinh,1988-03-02,1988,3,2,0.0
Tra Vinh,1988-03-03,1988,3,3,0.0
Tra Vinh,1988-03-04,1988,3,4,0.0
Tra Vinh,1988-03-05,1988,3,5,0.0
Tra Vinh,1988-03-06,1988,3,6,0.0
Tra Vinh,1988-03-07,1988,3,7,0.0
Tra Vinh,1988-03-08,1988,3,8,0.0
Tra Vinh,1988-03-09,1988,3,9,0.0
Tra Vinh,1988-03-10,1988,3,10,0.0
Tra Vinh,1988-03-11,1988,3,11,0.0
Tra Vinh,1988-03-12,1988,3,12,0.0
Tra Vinh,1988-03-13,1988,3,13,0.0
Tra Vinh,1988-03-14,1988,3,14,0.0
Tra Vinh,1988-03-15,1988,3,15,0.0
Tra Vinh,1988-03-16,1988,3,16,0.0
Tra Vinh,1988-03-17,1988,3,17,0.0
Tra Vinh,1988-03-18,1988,3,18,0.0
Tra Vinh,1988-03-19,1988,3,19,0.0
Tra Vinh,1988-03-20,1988,3,20,0.0
Tra Vinh,1988-03-21,1988,3,21,0.0
Tra Vinh,1988-03-22,1988,3,22,0.0
Tra Vinh,1988-03-23,1988,3,23,0.0446356349018306
Tra Vinh,1988-03-24,1988,3,24,0.0
Tra Vinh,1988-03-25,1988,3,25,0.0
Tra Vinh,1988-03-26,1988,3,26,0.5326270763947858
Tra Vinh,1988-03-27,1988,3,27,0.0015997205287019
Tra Vinh,1988-03-28,1988,3,28,0.0193378819101423
Tra Vinh,1988-03-29,1988,3,29,0.0
Tra Vinh,1988-03-30,1988,3,30,0.0209439451651265
Tra Vinh,1988-03-31,1988,3,31,0.0886096254370855
Tra Vinh,1988-04-01,1988,4,1,0.0
Tra Vinh,1988-04-02,1988,4,2,0.0
Tra Vinh,1988-04-03,1988,4,3,0.0
Tra Vinh,1988-04-04,1988,4,4,0.1774742903618887
Tra Vinh,1988-04-05,1988,4,5,0.0
Tra Vinh,1988-04-06,1988,4,6,0.0
Tra Vinh,1988-04-07,1988,4,7,0.0
Tra Vinh,1988-04-08,1988,4,8,1.124148613834291
Tra Vinh,1988-04-09,1988,4,9,0.0
Tra Vinh,1988-04-10,1988,4,10,0.0
Tra Vinh,1988-04-11,1988,4,11,0.0
Tra Vinh,1988-04-12,1988,4,12,0.0
Tra Vinh,1988-04-13,1988,4,13,2.2424685399828337
Tra Vinh,1988-04-14,1988,4,14,0.0
Tra Vinh,1988-04-15,1988,4,15,0.0
Tra Vinh,1988-04-16,1988,4,16,0.0
Tra Vinh,1988-04-17,1988,4,17,0.0
Tra Vinh,1988-04-18,1988,4,18,0.0
Tra Vinh,1988-04-19,1988,4,19,0.0
Tra Vinh,1988-04-20,1988,4,20,0.0
Tra Vinh,1988-04-21,1988,4,21,0.0
Tra Vinh,1988-04-22,1988,4,22,0.0
Tra Vinh,1988-04-23,1988,4,23,5.424506515218637
Tra Vinh,1988-04-24,1988,4,24,0.853110527556962
Tra Vinh,1988-04-25,1988,4,25,0.0
Tra Vinh,1988-04-26,1988,4,26,0.0
Tra Vinh,1988-04-27,1988,4,27,0.0
Tra Vinh,1988-04-28,1988,4,28,0.0692837858314246
Tra Vinh,1988-04-29,1988,4,29,7.444905914270673
Tra Vinh,1988-04-30,1988,4,30,5.460966185645116
Tra Vinh,1988-05-01,1988,5,1,1.048455471663836
Tra Vinh,1988-05-02,1988,5,2,0.3860393985634442
Tra Vinh,1988-05-03,1988,5,3,0.4733532722207934
Tra Vinh,1988-05-04,1988,5,4,1.99277185494622
Tra Vinh,1988-05-05,1988,5,5,12.225350254455018
Tra Vinh,1988-05-06,1988,5,6,8.494965153146603
Tra Vinh,1988-05-07,1988,5,7,5.575321699393716
Tra Vinh,1988-05-08,1988,5,8,5.444541101590655
Tra Vinh,1988-05-09,1988,5,9,6.684944725279236
Tra Vinh,1988-05-10,1988,5,10,0.4584734696536179
Tra Vinh,1988-05-11,1988,5,11,8.725137880852799
Tra Vinh,1988-05-12,1988,5,12,10.391102341498923
Tra Vinh,1988-05-13,1988,5,13,14.156010323413232
Tra Vinh,1988-05-14,1988,5,14,4.119619070270518
Tra Vinh,1988-05-15,1988,5,15,18.49440926544805
Tra Vinh,1988-05-16,1988,5,16,0.5730316694402194
Tra Vinh,1988-05-17,1988,5,17,0.0
Tra Vinh,1988-05-18,1988,5,18,0.5628705682439723
Tra Vinh,1988-05-19,1988,5,19,0.0
Tra Vinh,1988-05-20,1988,5,20,4.259649291983704
Tra Vinh,1988-05-21,1988,5,21,4.035768691690554
Tra Vinh,1988-05-22,1988,5,22,16.45868644935362
Tra Vinh,1988-05-23,1988,5,23,14.856319479194482
Tra Vinh,1988-05-24,1988,5,24,16.465472658047084
Tra Vinh,1988-05-25,1988,5,25,15.69927587600086
Tra Vinh,1988-05-26,1988,5,26,18.62954166154892
Tra Vinh,1988-05-27,1988,5,27,5.690200389379593
Tra Vinh,1988-05-28,1988,5,28,3.6833725811906266
Tra Vinh,1988-05-29,1988,5,29,1.409310043500349
Tra Vinh,1988-05-30,1988,5,30,0.0
Tra Vinh,1988-05-31,1988,5,31,1.4071705471619145
Tra Vinh,1988-06-01,1988,6,1,0.0
Tra Vinh,1988-06-02,1988,6,2,0.4413384698804105
Tra Vinh,1988-06-03,1988,6,3,0.0
Tra Vinh,1988-06-04,1988,6,4,1.959399915320538
Tra Vinh,1988-06-05,1988,6,5,6.305936724115726
Tra Vinh,1988-06-06,1988,6,6,5.7505547802571
Tra Vinh,1988-06-07,1988,6,7,0.9638518481371195
Tra Vinh,1988-06-08,1988,6,8,0.0
Tra Vinh,1988-06-09,1988,6,9,0.0744146515268208
Tra Vinh,1988-06-10,1988,6,10,4.387893871082
Tra Vinh,1988-06-11,1988,6,11,13.71483828053222
Tra Vinh,1988-06-12,1988,6,12,9.642190307230951
Tra Vinh,1988-06-13,1988,6,13,1.1076268162282077
Tra Vinh,1988-06-14,1988,6,14,0.996855891299325
Tra Vinh,1988-06-15,1988,6,15,2.2197813326137696
Tra Vinh,1988-06-16,1988,6,16,0.0
Tra Vinh,1988-06-17,1988,6,17,0.0
Tra Vinh,1988-06-18,1988,6,18,4.413564137399593
Tra Vinh,1988-06-19,1988,6,19,8.114596181472836
Tra Vinh,1988-06-20,1988,6,20,0.6481610470313952
Tra Vinh,1988-06-21,1988,6,21,0.0
Tra Vinh,1988-06-22,1988,6,22,0.0
Tra Vinh,1988-06-23,1988,6,23,4.942456984797235
Tra Vinh,1988-06-24,1988,6,24,0.0256574924061068
Tra Vinh,1988-06-25,1988,6,25,0.0033328926867045
Tra Vinh,1988-06-26,1988,6,26,0.0
Tra Vinh,1988-06-27,1988,6,27,1.7465909026933977
Tra Vinh,1988-06-28,1988,6,28,0.2573288047652132
Tra Vinh,1988-06-29,1988,6,29,1.6455017895714443
Tra Vinh,1988-06-30,1988,6,30,0.4598893110051161
Tra Vinh,1988-07-01,1988,7,1,0.0
Tra Vinh,1988-07-02,1988,7,2,4.056676936084355
Tra Vinh,1988-07-03,1988,7,3,0.530014671524182
Tra Vinh,1988-07-04,1988,7,4,0.0
Tra Vinh,1988-07-05,1988,7,5,1.2268764983492462
Tra Vinh,1988-07-06,1988,7,6,0.0
Tra Vinh,1988-07-07,1988,7,7,1.3998923728623835
Tra Vinh,1988-07-08,1988,7,8,5.449633115730835
Tra Vinh,1988-07-09,1988,7,9,6.314149406153215
Tra Vinh,1988-07-10,1988,7,10,2.9888971914526565
Tra Vinh,1988-07-11,1988,7,11,8.921785130732397
Tra Vinh,1988-07-12,1988,7,12,31.329904689531112
Tra Vinh,1988-07-13,1988,7,13,6.939606375381928
Tra Vinh,1988-07-14,1988,7,14,3.4896087929675232
Tra Vinh,1988-07-15,1988,7,15,8.476178659360304
Tra Vinh,1988-07-16,1988,7,16,1.2911229761559797
Tra Vinh,1988-07-17,1988,7,17,0.9310615775482012
Tra Vinh,1988-07-18,1988,7,18,3.344929816622151
Tra Vinh,1988-07-19,1988,7,19,5.225548553837858
Tra Vinh,1988-07-20,1988,7,20,7.689258791492275
Tra Vinh,1988-07-21,1988,7,21,0.5138113677491483
Tra Vinh,1988-07-22,1988,7,22,1.075415245096602
Tra Vinh,1988-07-23,1988,7,23,10.001595885840889
Tra Vinh,1988-07-24,1988,7,24,18.25670391497538
Tra Vinh,1988-07-25,1988,7,25,4.258750522740174
Tra Vinh,1988-07-26,1988,7,26,4.566509283280114
Tra Vinh,1988-07-27,1988,7,27,1.500420687890611
Tra Vinh,1988-07-28,1988,7,28,0.0
Tra Vinh,1988-07-29,1988,7,29,1.3882979469990877
Tra Vinh,1988-07-30,1988,7,30,0.0
Tra Vinh,1988-07-31,1988,7,31,20.226176046236404
Tra Vinh,1988-08-01,1988,8,1,6.169528668642816
Tra Vinh,1988-08-02,1988,8,2,1.7047427363817311
Tra Vinh,1988-08-03,1988,8,3,1.5142716249584514
Tra Vinh,1988-08-04,1988,8,4,2.26747176952804
Tra Vinh,1988-08-05,1988,8,5,1.628320429984455
Tra Vinh,1988-08-06,1988,8,6,0.0
Tra Vinh,1988-08-07,1988,8,7,2.0220773956175027
Tra Vinh,1988-08-08,1988,8,8,0.0098785340979667
Tra Vinh,1988-08-09,1988,8,9,0.0
Tra Vinh,1988-08-10,1988,8,10,0.6608812114061686
Tra Vinh,1988-08-11,1988,8,11,0.0
Tra Vinh,1988-08-12,1988,8,12,0.316290886295704
Tra Vinh,1988-08-13,1988,8,13,0.0521617697022074
Tra Vinh,1988-08-14,1988,8,14,5.716564666374697
Tra Vinh,1988-08-15,1988,8,15,1.258500263958848
Tra Vinh,1988-08-16,1988,8,16,0.4956233595729342
Tra Vinh,1988-08-17,1988,8,17,1.123538497550601
Tra Vinh,1988-08-18,1988,8,18,0.8801241804284476
Tra Vinh,1988-08-19,1988,8,19,0.0
Tra Vinh,1988-08-20,1988,8,20,7.101238732636024
Tra Vinh,1988-08-21,1988,8,21,1.381404624793475
Tra Vinh,1988-08-22,1988,8,22,0.0
Tra Vinh,1988-08-23,1988,8,23,0.0
Tra Vinh,1988-08-24,1988,8,24,3.5989868783922248
Tra Vinh,1988-08-25,1988,8,25,9.102467337489758
Tra Vinh,1988-08-26,1988,8,26,3.3462793379333937
Tra Vinh,1988-08-27,1988,8,27,0.0086630516955847
Tra Vinh,1988-08-28,1988,8,28,0.3077760578649398
Tra Vinh,1988-08-29,1988,8,29,0.9395368959183198
Tra Vinh,1988-08-30,1988,8,30,1.0287578893315388
Tra Vinh,1988-08-31,1988,8,31,0.0
Tra Vinh,1988-09-01,1988,9,1,2.5991406550830662
Tra Vinh,1988-09-02,1988,9,2,0.5178374091294842
Tra Vinh,1988-09-03,1988,9,3,4.259320584396754
Tra Vinh,1988-09-04,1988,9,4,4.903687858440864
Tra Vinh,1988-09-05,1988,9,5,5.570448054887298
Tra Vinh,1988-09-06,1988,9,6,0.0
Tra Vinh,1988-09-07,1988,9,7,0.0
Tra Vinh,1988-09-08,1988,9,8,9.038289248933134
Tra Vinh,1988-09-09,1988,9,9,0.6954234619007692
Tra Vinh,1988-09-10,1988,9,10,2.8259903734436147
Tra Vinh,1988-09-11,1988,9,11,0.0
Tra Vinh,1988-09-12,1988,9,12,8.041429330818627
Tra Vinh,1988-09-13,1988,9,13,6.982436719502632
Tra Vinh,1988-09-14,1988,9,14,13.454516371152373
Tra Vinh,1988-09-15,1988,9,15,2.846022076192463
Tra Vinh,1988-09-16,1988,9,16,10.407567386242263
Tra Vinh,1988-09-17,1988,9,17,14.049477677641306
Tra Vinh,1988-09-18,1988,9,18,6.579988300463919
Tra Vinh,1988-09-19,1988,9,19,21.328854875399838
Tra Vinh,1988-09-20,1988,9,20,28.183875194426896
Tra Vinh,1988-09-21,1988,9,21,34.38770182429978
Tra Vinh,1988-09-22,1988,9,22,21.34228792940018
Tra Vinh,1988-09-23,1988,9,23,15.75584276643638
Tra Vinh,1988-09-24,1988,9,24,21.39640207310629
Tra Vinh,1988-09-25,1988,9,25,11.61333037327961
Tra Vinh,1988-09-26,1988,9,26,15.34976803691688
Tra Vinh,1988-09-27,1988,9,27,12.58266108731683
Tra Vinh,1988-09-28,1988,9,28,29.8461766030129
Tra Vinh,1988-09-29,1988,9,29,20.988628109520427
Tra Vinh,1988-09-30,1988,9,30,10.252337186340997
Tra Vinh,1988-10-01,1988,10,1,0.9556630589889828
Tra Vinh,1988-10-02,1988,10,2,4.339436000078909
Tra Vinh,1988-10-03,1988,10,3,36.20640539637747
Tra Vinh,1988-10-04,1988,10,4,4.287994078006094
Tra Vinh,1988-10-05,1988,10,5,5.851694420624821
Tra Vinh,1988-10-06,1988,10,6,6.951335945536339
Tra Vinh,1988-10-07,1988,10,7,8.09901428924007
Tra Vinh,1988-10-08,1988,10,8,9.93314430259814
Tra Vinh,1988-10-09,1988,10,9,15.283917632493596
Tra Vinh,1988-10-10,1988,10,10,1.6527720252652438
Tra Vinh,1988-10-11,1988,10,11,7.779867572786053
Tra Vinh,1988-10-12,1988,10,12,36.13227846113988
Tra Vinh,1988-10-13,1988,10,13,11.388603537311424
Tra Vinh,1988-10-14,1988,10,14,26.564373277162137
Tra Vinh,1988-10-15,1988,10,15,16.22970456083717
Tra Vinh,1988-10-16,1988,10,16,8.654135903864407
Tra Vinh,1988-10-17,1988,10,17,2.5482352128982213
Tra Vinh,1988-10-18,1988,10,18,0.6872905188795844
Tra Vinh,1988-10-19,1988,10,19,14.34035767082966
Tra Vinh,1988-10-20,1988,10,20,0.765804777211443
Tra Vinh,1988-10-21,1988,10,21,21.054517069249464
Tra Vinh,1988-10-22,1988,10,22,10.594993021460866
Tra Vinh,1988-10-23,1988,10,23,15.418485106862422
Tra Vinh,1988-10-24,1988,10,24,7.383928812812162
Tra Vinh,1988-10-25,1988,10,25,2.8107254250713827
Tra Vinh,1988-10-26,1988,10,26,6.9508401794027455
Tra Vinh,1988-10-27,1988,10,27,5.442566020765608
Tra Vinh,1988-10-28,1988,10,28,6.190765012018045
Tra Vinh,1988-10-29,1988,10,29,6.4359397815398
Tra Vinh,1988-10-30,1988,10,30,7.235449619082805
Tra Vinh,1988-10-31,1988,10,31,0.0422512986873263
Tra Vinh,1988-11-01,1988,11,1,0.0
Tra Vinh,1988-11-02,1988,11,2,0.0
Tra Vinh,1988-11-03,1988,11,3,0.0
Tra Vinh,1988-11-04,1988,11,4,0.0
Tra Vinh,1988-11-05,1988,11,5,7.78655718599035
Tra Vinh,1988-11-06,1988,11,6,51.31376542779182
Tra Vinh,1988-11-07,1988,11,7,0.0
Tra Vinh,1988-11-08,1988,11,8,1.9678615972040363
Tra Vinh,1988-11-09,1988,11,9,0.0114325483538094
Tra Vinh,1988-11-10,1988,11,10,0.2219823479999002
Tra Vinh,1988-11-11,1988,11,11,5.122369945854615
Tra Vinh,1988-11-12,1988,11,12,2.491132664888439
Tra Vinh,1988-11-13,1988,11,13,0.0
Tra Vinh,1988-11-14,1988,11,14,0.0
Tra Vinh,1988-11-15,1988,11,15,0.0
Tra Vinh,1988-11-16,1988,11,16,0.0
Tra Vinh,1988-11-17,1988,11,17,0.0
Tra Vinh,1988-11-18,1988,11,18,0.0
Tra Vinh,1988-11-19,1988,11,19,10.9363256545888
Tra Vinh,1988-11-20,1988,11,20,21.391227785595383
Tra Vinh,1988-11-21,1988,11,21,0.0300868558378041
Tra Vinh,1988-11-22,1988,11,22,12.778918637258078
Tra Vinh,1988-11-23,1988,11,23,13.86540934016852
Tra Vinh,1988-11-24,1988,11,24,0.0
Tra Vinh,1988-11-25,1988,11,25,0.1533545959050866
Tra Vinh,1988-11-26,1988,11,26,0.912008753817
Tra Vinh,1988-11-27,1988,11,27,5.473526294708086
Tra Vinh,1988-11-28,1988,11,28,17.888315733914006
Tra Vinh,1988-11-29,1988,11,29,7.164901516346597
Tra Vinh,1988-11-30,1988,11,30,22.30590807529153
Tra Vinh,1988-12-01,1988,12,1,0.0068952721755933
Tra Vinh,1988-12-02,1988,12,2,0.0
Tra Vinh,1988-12-03,1988,12,3,0.0
Tra Vinh,1988-12-04,1988,12,4,0.0189817864170681
Tra Vinh,1988-12-05,1988,12,5,0.0
Tra Vinh,1988-12-06,1988,12,6,0.0
Tra Vinh,1988-12-07,1988,12,7,0.0
Tra Vinh,1988-12-08,1988,12,8,0.0
Tra Vinh,1988-12-09,1988,12,9,2.972476565574853
Tra Vinh,1988-12-10,1988,12,10,0.1725242699244622
Tra Vinh,1988-12-11,1988,12,11,0.0
Tra Vinh,1988-12-12,1988,12,12,0.0
Tra Vinh,1988-12-13,1988,12,13,0.0
Tra Vinh,1988-12-14,1988,12,14,0.0
Tra Vinh,1988-12-15,1988,12,15,0.0
Tra Vinh,1988-12-16,1988,12,16,0.0
Tra Vinh,1988-12-17,1988,12,17,0.0
Tra Vinh,1988-12-18,1988,12,18,7.659199384352843
Tra Vinh,1988-12-19,1988,12,19,0.0
Tra Vinh,1988-12-20,1988,12,20,0.0
Tra Vinh,1988-12-21,1988,12,21,0.3397264968121542
Tra Vinh,1988-12-22,1988,12,22,0.0783883938121452
Tra Vinh,1988-12-23,1988,12,23,0.0
Tra Vinh,1988-12-24,1988,12,24,0.0422645911857248
Tra Vinh,1988-12-25,1988,12,25,0.0
Tra Vinh,1988-12-26,1988,12,26,0.0
Tra Vinh,1988-12-27,1988,12,27,0.0
Tra Vinh,1988-12-28,1988,12,28,0.0
Tra Vinh,1988-12-29,1988,12,29,0.5440064714477676
Tra Vinh,1988-12-30,1988,12,30,0.904278458969112
Tra Vinh,1988-12-31,1988,12,31,0.0
Tra Vinh,1989-01-01,1989,1,1,0.0
Tra Vinh,1989-01-02,1989,1,2,0.0
Tra Vinh,1989-01-03,1989,1,3,0.0
Tra Vinh,1989-01-04,1989,1,4,0.0
Tra Vinh,1989-01-05,1989,1,5,0.0
Tra Vinh,1989-01-06,1989,1,6,0.0
Tra Vinh,1989-01-07,1989,1,7,0.0
Tra Vinh,1989-01-08,1989,1,8,0.0
Tra Vinh,1989-01-09,1989,1,9,0.0
Tra Vinh,1989-01-10,1989,1,10,0.0
Tra Vinh,1989-01-11,1989,1,11,0.7102016079256589
Tra Vinh,1989-01-12,1989,1,12,0.0
Tra Vinh,1989-01-13,1989,1,13,0.0
Tra Vinh,1989-01-14,1989,1,14,0.0
Tra Vinh,1989-01-15,1989,1,15,0.0
Tra Vinh,1989-01-16,1989,1,16,0.0
Tra Vinh,1989-01-17,1989,1,17,0.0
Tra Vinh,1989-01-18,1989,1,18,0.0
Tra Vinh,1989-01-19,1989,1,19,0.0
Tra Vinh,1989-01-20,1989,1,20,0.0
Tra Vinh,1989-01-21,1989,1,21,0.0
Tra Vinh,1989-01-22,1989,1,22,0.0
Tra Vinh,1989-01-23,1989,1,23,0.0
Tra Vinh,1989-01-24,1989,1,24,0.0
Tra Vinh,1989-01-25,1989,1,25,0.0
Tra Vinh,1989-01-26,1989,1,26,0.0104986263051366
Tra Vinh,1989-01-27,1989,1,27,0.0
Tra Vinh,1989-01-28,1989,1,28,0.0
Tra Vinh,1989-01-29,1989,1,29,0.0
Tra Vinh,1989-01-30,1989,1,30,0.0
Tra Vinh,1989-01-31,1989,1,31,0.0
Tra Vinh,1989-02-01,1989,2,1,0.0
Tra Vinh,1989-02-02,1989,2,2,0.0
Tra Vinh,1989-02-03,1989,2,3,0.0
Tra Vinh,1989-02-04,1989,2,4,0.0
Tra Vinh,1989-02-05,1989,2,5,0.0
Tra Vinh,1989-02-06,1989,2,6,0.0
Tra Vinh,1989-02-07,1989,2,7,0.0
Tra Vinh,1989-02-08,1989,2,8,0.0
Tra Vinh,1989-02-09,1989,2,9,0.0
Tra Vinh,1989-02-10,1989,2,10,0.1420413857293736
Tra Vinh,1989-02-11,1989,2,11,0.016900890471284
Tra Vinh,1989-02-12,1989,2,12,0.0
Tra Vinh,1989-02-13,1989,2,13,0.0
Tra Vinh,1989-02-14,1989,2,14,0.0
Tra Vinh,1989-02-15,1989,2,15,0.0
Tra Vinh,1989-02-16,1989,2,16,0.0
Tra Vinh,1989-02-17,1989,2,17,0.0
Tra Vinh,1989-02-18,1989,2,18,0.0
Tra Vinh,1989-02-19,1989,2,19,0.0
Tra Vinh,1989-02-20,1989,2,20,0.0
Tra Vinh,1989-02-21,1989,2,21,0.0051092532418294
Tra Vinh,1989-02-22,1989,2,22,1.606778944809864
Tra Vinh,1989-02-23,1989,2,23,1.3218174416355863
Tra Vinh,1989-02-24,1989,2,24,0.0
Tra Vinh,1989-02-25,1989,2,25,0.0
Tra Vinh,1989-02-26,1989,2,26,0.0
Tra Vinh,1989-02-27,1989,2,27,0.0
Tra Vinh,1989-02-28,1989,2,28,0.0
Tra Vinh,1989-03-01,1989,3,1,0.6206733520996962
Tra Vinh,1989-03-02,1989,3,2,0.0
Tra Vinh,1989-03-03,1989,3,3,0.0
Tra Vinh,1989-03-04,1989,3,4,0.0
Tra Vinh,1989-03-05,1989,3,5,0.0
Tra Vinh,1989-03-06,1989,3,6,0.0
Tra Vinh,1989-03-07,1989,3,7,0.0
Tra Vinh,1989-03-08,1989,3,8,0.0
Tra Vinh,1989-03-09,1989,3,9,0.0
Tra Vinh,1989-03-10,1989,3,10,0.0
Tra Vinh,1989-03-11,1989,3,11,0.0
Tra Vinh,1989-03-12,1989,3,12,0.0
Tra Vinh,1989-03-13,1989,3,13,0.4902833703951853
Tra Vinh,1989-03-14,1989,3,14,0.0
Tra Vinh,1989-03-15,1989,3,15,0.0
Tra Vinh,1989-03-16,1989,3,16,0.0
Tra Vinh,1989-03-17,1989,3,17,0.4522290642860506
Tra Vinh,1989-03-18,1989,3,18,0.4537389319697789
Tra Vinh,1989-03-19,1989,3,19,0.0
Tra Vinh,1989-03-20,1989,3,20,0.0
Tra Vinh,1989-03-21,1989,3,21,0.0914054700242406
Tra Vinh,1989-03-22,1989,3,22,0.0
Tra Vinh,1989-03-23,1989,3,23,0.0
Tra Vinh,1989-03-24,1989,3,24,0.0
Tra Vinh,1989-03-25,1989,3,25,0.0
Tra Vinh,1989-03-26,1989,3,26,0.0
Tra Vinh,1989-03-27,1989,3,27,0.0
Tra Vinh,1989-03-28,1989,3,28,0.0
Tra Vinh,1989-03-29,1989,3,29,0.0
Tra Vinh,1989-03-30,1989,3,30,0.0527893771304826
Tra Vinh,1989-03-31,1989,3,31,0.5195251151763903
Tra Vinh,1989-04-01,1989,4,1,0.0
Tra Vinh,1989-04-02,1989,4,2,1.994193714170022
Tra Vinh,1989-04-03,1989,4,3,0.1000920051241483
Tra Vinh,1989-04-04,1989,4,4,0.0
Tra Vinh,1989-04-05,1989,4,5,0.0
Tra Vinh,1989-04-06,1989,4,6,0.0
Tra Vinh,1989-04-07,1989,4,7,0.0
Tra Vinh,1989-04-08,1989,4,8,0.0
Tra Vinh,1989-04-09,1989,4,9,0.0
Tra Vinh,1989-04-10,1989,4,10,0.7836708226315235
Tra Vinh,1989-04-11,1989,4,11,0.077265510176601
Tra Vinh,1989-04-12,1989,4,12,6.252541030005794
Tra Vinh,1989-04-13,1989,4,13,0.0
Tra Vinh,1989-04-14,1989,4,14,0.0
Tra Vinh,1989-04-15,1989,4,15,0.0
Tra Vinh,1989-04-16,1989,4,16,0.0
Tra Vinh,1989-04-17,1989,4,17,0.0
Tra Vinh,1989-04-18,1989,4,18,0.0
Tra Vinh,1989-04-19,1989,4,19,0.0
Tra Vinh,1989-04-20,1989,4,20,0.0
Tra Vinh,1989-04-21,1989,4,21,0.002972486611613
Tra Vinh,1989-04-22,1989,4,22,0.0244636591100195
Tra Vinh,1989-04-23,1989,4,23,0.0
Tra Vinh,1989-04-24,1989,4,24,0.7659729703667021
Tra Vinh,1989-04-25,1989,4,25,0.6669979561633158
Tra Vinh,1989-04-26,1989,4,26,0.9915903126640928
Tra Vinh,1989-04-27,1989,4,27,1.5832553560741538
Tra Vinh,1989-04-28,1989,4,28,0.0804522462496293
Tra Vinh,1989-04-29,1989,4,29,0.0
Tra Vinh,1989-04-30,1989,4,30,0.9818602754292128
Tra Vinh,1989-05-01,1989,5,1,0.4069130019446773
Tra Vinh,1989-05-02,1989,5,2,0.0
Tra Vinh,1989-05-03,1989,5,3,1.3257935180997609
Tra Vinh,1989-05-04,1989,5,4,5.867689204599298
Tra Vinh,1989-05-05,1989,5,5,2.1045939206098394
Tra Vinh,1989-05-06,1989,5,6,14.7132849364438
Tra Vinh,1989-05-07,1989,5,7,8.423513804253538
Tra Vinh,1989-05-08,1989,5,8,9.956765526132498
Tra Vinh,1989-05-09,1989,5,9,5.295576654296869
Tra Vinh,1989-05-10,1989,5,10,1.6202736624656868
Tra Vinh,1989-05-11,1989,5,11,1.287834157184472
Tra Vinh,1989-05-12,1989,5,12,5.842067047043783
Tra Vinh,1989-05-13,1989,5,13,2.941412334648465
Tra Vinh,1989-05-14,1989,5,14,0.5352109438622324
Tra Vinh,1989-05-15,1989,5,15,0.9938201478083398
Tra Vinh,1989-05-16,1989,5,16,0.0055245463412216
Tra Vinh,1989-05-17,1989,5,17,2.8693995844793854
Tra Vinh,1989-05-18,1989,5,18,11.11920425833566
Tra Vinh,1989-05-19,1989,5,19,6.332125989967111
Tra Vinh,1989-05-20,1989,5,20,18.10804664850112
Tra Vinh,1989-05-21,1989,5,21,18.49064717460783
Tra Vinh,1989-05-22,1989,5,22,10.236199521398634
Tra Vinh,1989-05-23,1989,5,23,4.977930086931651
Tra Vinh,1989-05-24,1989,5,24,8.448885909019015
Tra Vinh,1989-05-25,1989,5,25,17.94865153262772
Tra Vinh,1989-05-26,1989,5,26,19.83099191870182
Tra Vinh,1989-05-27,1989,5,27,6.926114384182419
Tra Vinh,1989-05-28,1989,5,28,13.113648397526577
Tra Vinh,1989-05-29,1989,5,29,2.285622642552809
Tra Vinh,1989-05-30,1989,5,30,12.178439716487864
Tra Vinh,1989-05-31,1989,5,31,24.88387034451918
Tra Vinh,1989-06-01,1989,6,1,0.0946576102321853
Tra Vinh,1989-06-02,1989,6,2,0.552782776988998
Tra Vinh,1989-06-03,1989,6,3,0.4164896249485683
Tra Vinh,1989-06-04,1989,6,4,6.82978180389802
Tra Vinh,1989-06-05,1989,6,5,5.293759869146859
Tra Vinh,1989-06-06,1989,6,6,5.901576824038989
Tra Vinh,1989-06-07,1989,6,7,4.167025184965711
Tra Vinh,1989-06-08,1989,6,8,7.728512182018782
Tra Vinh,1989-06-09,1989,6,9,8.226392133798234
Tra Vinh,1989-06-10,1989,6,10,6.677079288484864
Tra Vinh,1989-06-11,1989,6,11,7.193219275174434
Tra Vinh,1989-06-12,1989,6,12,2.9182024917909173
Tra Vinh,1989-06-13,1989,6,13,13.806993349976306
Tra Vinh,1989-06-14,1989,6,14,13.798602701925672
Tra Vinh,1989-06-15,1989,6,15,10.313110312702756
Tra Vinh,1989-06-16,1989,6,16,2.939789688299715
Tra Vinh,1989-06-17,1989,6,17,0.0
Tra Vinh,1989-06-18,1989,6,18,9.421525875808884
Tra Vinh,1989-06-19,1989,6,19,1.1416469302894272
Tra Vinh,1989-06-20,1989,6,20,0.0028515264929635
Tra Vinh,1989-06-21,1989,6,21,0.0105725101717561
Tra Vinh,1989-06-22,1989,6,22,12.308367417738214
Tra Vinh,1989-06-23,1989,6,23,21.674639200091825
Tra Vinh,1989-06-24,1989,6,24,8.088518235608818
Tra Vinh,1989-06-25,1989,6,25,17.255815525757903
Tra Vinh,1989-06-26,1989,6,26,17.392265979155358
Tra Vinh,1989-06-27,1989,6,27,7.623598660304641
Tra Vinh,1989-06-28,1989,6,28,0.0
Tra Vinh,1989-06-29,1989,6,29,0.0
Tra Vinh,1989-06-30,1989,6,30,0.3103153977370452
Tra Vinh,1989-07-01,1989,7,1,5.204328608070456
Tra Vinh,1989-07-02,1989,7,2,7.189670853091236
Tra Vinh,1989-07-03,1989,7,3,15.048203916534998
Tra Vinh,1989-07-04,1989,7,4,6.0043461539611975
Tra Vinh,1989-07-05,1989,7,5,7.887720973935719
Tra Vinh,1989-07-06,1989,7,6,2.13329418418712
Tra Vinh,1989-07-07,1989,7,7,10.308098508126308
Tra Vinh,1989-07-08,1989,7,8,5.631023503724011
Tra Vinh,1989-07-09,1989,7,9,2.180764405813424
Tra Vinh,1989-07-10,1989,7,10,36.84467066474014
Tra Vinh,1989-07-11,1989,7,11,19.413463386242377
Tra Vinh,1989-07-12,1989,7,12,14.200637379772374
Tra Vinh,1989-07-13,1989,7,13,13.658705728653866
Tra Vinh,1989-07-14,1989,7,14,0.0308655568304399
Tra Vinh,1989-07-15,1989,7,15,6.525470293177808
Tra Vinh,1989-07-16,1989,7,16,28.796985448028597
Tra Vinh,1989-07-17,1989,7,17,5.106733708742929
Tra Vinh,1989-07-18,1989,7,18,1.355448943540665
Tra Vinh,1989-07-19,1989,7,19,24.44775297149585
Tra Vinh,1989-07-20,1989,7,20,18.29704609038749
Tra Vinh,1989-07-21,1989,7,21,11.194094903452362
Tra Vinh,1989-07-22,1989,7,22,10.10242049054282
Tra Vinh,1989-07-23,1989,7,23,6.651759729592112
Tra Vinh,1989-07-24,1989,7,24,1.4861009729424357
Tra Vinh,1989-07-25,1989,7,25,1.828403812596914
Tra Vinh,1989-07-26,1989,7,26,0.0
Tra Vinh,1989-07-27,1989,7,27,1.3334916171934614
Tra Vinh,1989-07-28,1989,7,28,0.0
Tra Vinh,1989-07-29,1989,7,29,0.0
Tra Vinh,1989-07-30,1989,7,30,4.229292436870972
Tra Vinh,1989-07-31,1989,7,31,0.432061265223206
Tra Vinh,1989-08-01,1989,8,1,8.981623383002217
Tra Vinh,1989-08-02,1989,8,2,12.98705731533889
Tra Vinh,1989-08-03,1989,8,3,6.354827413645404
Tra Vinh,1989-08-04,1989,8,4,1.137491314741858
Tra Vinh,1989-08-05,1989,8,5,0.034823588189741
Tra Vinh,1989-08-06,1989,8,6,5.632618362422027
Tra Vinh,1989-08-07,1989,8,7,4.457179659877206
Tra Vinh,1989-08-08,1989,8,8,0.0
Tra Vinh,1989-08-09,1989,8,9,26.2294721408483
Tra Vinh,1989-08-10,1989,8,10,20.17649207128221
Tra Vinh,1989-08-11,1989,8,11,13.397420581944353
Tra Vinh,1989-08-12,1989,8,12,0.0
Tra Vinh,1989-08-13,1989,8,13,1.0507112695597085
Tra Vinh,1989-08-14,1989,8,14,0.0
Tra Vinh,1989-08-15,1989,8,15,16.49217999134386
Tra Vinh,1989-08-16,1989,8,16,15.845832496071049
Tra Vinh,1989-08-17,1989,8,17,4.071885724892998
Tra Vinh,1989-08-18,1989,8,18,2.9505521462720865
Tra Vinh,1989-08-19,1989,8,19,14.495524515203671
Tra Vinh,1989-08-20,1989,8,20,0.7351701819266704
Tra Vinh,1989-08-21,1989,8,21,13.628470175609184
Tra Vinh,1989-08-22,1989,8,22,16.296949926820478
Tra Vinh,1989-08-23,1989,8,23,6.333651208543197
Tra Vinh,1989-08-24,1989,8,24,0.0
Tra Vinh,1989-08-25,1989,8,25,0.0711499935177547
Tra Vinh,1989-08-26,1989,8,26,0.7501814278533604
Tra Vinh,1989-08-27,1989,8,27,0.0
Tra Vinh,1989-08-28,1989,8,28,1.2521543175374537
Tra Vinh,1989-08-29,1989,8,29,0.0101122212283566
Tra Vinh,1989-08-30,1989,8,30,4.4726210748392905
Tra Vinh,1989-08-31,1989,8,31,18.785465639881615
Tra Vinh,1989-09-01,1989,9,1,2.580254352192644
Tra Vinh,1989-09-02,1989,9,2,7.185434230295066
Tra Vinh,1989-09-03,1989,9,3,18.588216834869957
Tra Vinh,1989-09-04,1989,9,4,1.4804006405359496
Tra Vinh,1989-09-05,1989,9,5,0.7576313643898333
Tra Vinh,1989-09-06,1989,9,6,10.465364835426216
Tra Vinh,1989-09-07,1989,9,7,9.70081049675857
Tra Vinh,1989-09-08,1989,9,8,0.1447801210135297
Tra Vinh,1989-09-09,1989,9,9,0.8301603926314803
Tra Vinh,1989-09-10,1989,9,10,0.117861689523446
Tra Vinh,1989-09-11,1989,9,11,26.71299743619721
Tra Vinh,1989-09-12,1989,9,12,24.70862153911051
Tra Vinh,1989-09-13,1989,9,13,26.491202300769636
Tra Vinh,1989-09-14,1989,9,14,3.428906341383594
Tra Vinh,1989-09-15,1989,9,15,10.89926703846391
Tra Vinh,1989-09-16,1989,9,16,13.73500343116915
Tra Vinh,1989-09-17,1989,9,17,3.145251117854397
Tra Vinh,1989-09-18,1989,9,18,7.761477596967344
Tra Vinh,1989-09-19,1989,9,19,0.2326125976915784
Tra Vinh,1989-09-20,1989,9,20,7.509212467595817
Tra Vinh,1989-09-21,1989,9,21,7.4164837078496015
Tra Vinh,1989-09-22,1989,9,22,2.96112889513228
Tra Vinh,1989-09-23,1989,9,23,0.0033738258375517
Tra Vinh,1989-09-24,1989,9,24,5.75736093565972
Tra Vinh,1989-09-25,1989,9,25,0.1976418465819341
Tra Vinh,1989-09-26,1989,9,26,5.09288264656344
Tra Vinh,1989-09-27,1989,9,27,11.889429177242151
Tra Vinh,1989-09-28,1989,9,28,7.4398998793361715
Tra Vinh,1989-09-29,1989,9,29,11.974391561074809
Tra Vinh,1989-09-30,1989,9,30,6.97575111847485
Tra Vinh,1989-10-01,1989,10,1,3.14303002236989
Tra Vinh,1989-10-02,1989,10,2,7.637814239648662
Tra Vinh,1989-10-03,1989,10,3,13.858357719382568
Tra Vinh,1989-10-04,1989,10,4,4.803563888610803
Tra Vinh,1989-10-05,1989,10,5,11.526244479141535
Tra Vinh,1989-10-06,1989,10,6,22.765977637307422
Tra Vinh,1989-10-07,1989,10,7,12.561976382237775
Tra Vinh,1989-10-08,1989,10,8,8.502402175424933
Tra Vinh,1989-10-09,1989,10,9,5.016765439186174
Tra Vinh,1989-10-10,1989,10,10,5.186847310831185
Tra Vinh,1989-10-11,1989,10,11,34.30931798706752
Tra Vinh,1989-10-12,1989,10,12,19.99385317916928
Tra Vinh,1989-10-13,1989,10,13,21.50916288888656
Tra Vinh,1989-10-14,1989,10,14,11.16416418277159
Tra Vinh,1989-10-15,1989,10,15,2.908113597824529
Tra Vinh,1989-10-16,1989,10,16,14.376988668451554
Tra Vinh,1989-10-17,1989,10,17,46.21554468855279
Tra Vinh,1989-10-18,1989,10,18,42.62682801017153
Tra Vinh,1989-10-19,1989,10,19,0.6797957813431914
Tra Vinh,1989-10-20,1989,10,20,0.0030791335418241
Tra Vinh,1989-10-21,1989,10,21,0.4841881987578402
Tra Vinh,1989-10-22,1989,10,22,0.3021531533803493
Tra Vinh,1989-10-23,1989,10,23,0.0
Tra Vinh,1989-10-24,1989,10,24,0.0
Tra Vinh,1989-10-25,1989,10,25,0.4907935153363564
Tra Vinh,1989-10-26,1989,10,26,0.0161094738109021
Tra Vinh,1989-10-27,1989,10,27,0.0
Tra Vinh,1989-10-28,1989,10,28,0.2605693594133504
Tra Vinh,1989-10-29,1989,10,29,0.9863934582556456
Tra Vinh,1989-10-30,1989,10,30,12.032840652039296
Tra Vinh,1989-10-31,1989,10,31,0.0391565153328438
Tra Vinh,1989-11-01,1989,11,1,16.2647928108165
Tra Vinh,1989-11-02,1989,11,2,2.726220559264444
Tra Vinh,1989-11-03,1989,11,3,0.910056198634142
Tra Vinh,1989-11-04,1989,11,4,0.0
Tra Vinh,1989-11-05,1989,11,5,0.0
Tra Vinh,1989-11-06,1989,11,6,0.0
Tra Vinh,1989-11-07,1989,11,7,4.905868848837683
Tra Vinh,1989-11-08,1989,11,8,0.3961830328769594
Tra Vinh,1989-11-09,1989,11,9,0.0
Tra Vinh,1989-11-10,1989,11,10,0.0
Tra Vinh,1989-11-11,1989,11,11,3.1094678601220416
Tra Vinh,1989-11-12,1989,11,12,0.0
Tra Vinh,1989-11-13,1989,11,13,0.0
Tra Vinh,1989-11-14,1989,11,14,2.9882234644844963
Tra Vinh,1989-11-15,1989,11,15,0.0
Tra Vinh,1989-11-16,1989,11,16,0.500509357154726
Tra Vinh,1989-11-17,1989,11,17,0.0
Tra Vinh,1989-11-18,1989,11,18,3.035424567948901
Tra Vinh,1989-11-19,1989,11,19,0.0
Tra Vinh,1989-11-20,1989,11,20,0.0
Tra Vinh,1989-11-21,1989,11,21,0.0565159433985319
Tra Vinh,1989-11-22,1989,11,22,0.0
Tra Vinh,1989-11-23,1989,11,23,0.0
Tra Vinh,1989-11-24,1989,11,24,0.0
Tra Vinh,1989-11-25,1989,11,25,0.0
Tra Vinh,1989-11-26,1989,11,26,0.0
Tra Vinh,1989-11-27,1989,11,27,0.0
Tra Vinh,1989-11-28,1989,11,28,0.0
Tra Vinh,1989-11-29,1989,11,29,0.0
Tra Vinh,1989-11-30,1989,11,30,0.0
Tra Vinh,1989-12-01,1989,12,1,0.3605917595646738
Tra Vinh,1989-12-02,1989,12,2,0.1603918254569144
Tra Vinh,1989-12-03,1989,12,3,0.0
Tra Vinh,1989-12-04,1989,12,4,0.0
Tra Vinh,1989-12-05,1989,12,5,0.0
Tra Vinh,1989-12-06,1989,12,6,0.0
Tra Vinh,1989-12-07,1989,12,7,0.0
Tra Vinh,1989-12-08,1989,12,8,0.0
Tra Vinh,1989-12-09,1989,12,9,0.0
Tra Vinh,1989-12-10,1989,12,10,0.0
Tra Vinh,1989-12-11,1989,12,11,1.011852266157674
Tra Vinh,1989-12-12,1989,12,12,0.0
Tra Vinh,1989-12-13,1989,12,13,0.0
Tra Vinh,1989-12-14,1989,12,14,0.0
Tra Vinh,1989-12-15,1989,12,15,0.0
Tra Vinh,1989-12-16,1989,12,16,0.0
Tra Vinh,1989-12-17,1989,12,17,0.8375629316706398
Tra Vinh,1989-12-18,1989,12,18,0.0
Tra Vinh,1989-12-19,1989,12,19,0.0
Tra Vinh,1989-12-20,1989,12,20,0.0
Tra Vinh,1989-12-21,1989,12,21,1.1238557301934442
Tra Vinh,1989-12-22,1989,12,22,6.636374867735141
Tra Vinh,1989-12-23,1989,12,23,0.1728109827770704
Tra Vinh,1989-12-24,1989,12,24,0.0
Tra Vinh,1989-12-25,1989,12,25,0.0
Tra Vinh,1989-12-26,1989,12,26,0.0
Tra Vinh,1989-12-27,1989,12,27,0.0
Tra Vinh,1989-12-28,1989,12,28,0.0
Tra Vinh,1989-12-29,1989,12,29,0.0
Tra Vinh,1989-12-30,1989,12,30,1.8282513832340528
Tra Vinh,1989-12-31,1989,12,31,0.0
Tra Vinh,1990-01-01,1990,1,1,0.0
Tra Vinh,1990-01-02,1990,1,2,0.0
Tra Vinh,1990-01-03,1990,1,3,0.0
Tra Vinh,1990-01-04,1990,1,4,0.0
Tra Vinh,1990-01-05,1990,1,5,0.0
Tra Vinh,1990-01-06,1990,1,6,0.0
Tra Vinh,1990-01-07,1990,1,7,0.0
Tra Vinh,1990-01-08,1990,1,8,0.0
Tra Vinh,1990-01-09,1990,1,9,0.2291476108160551
Tra Vinh,1990-01-10,1990,1,10,0.0
Tra Vinh,1990-01-11,1990,1,11,0.0
Tra Vinh,1990-01-12,1990,1,12,0.0
Tra Vinh,1990-01-13,1990,1,13,0.0
Tra Vinh,1990-01-14,1990,1,14,0.0
Tra Vinh,1990-01-15,1990,1,15,0.0
Tra Vinh,1990-01-16,1990,1,16,0.5211090819181612
Tra Vinh,1990-01-17,1990,1,17,0.0
Tra Vinh,1990-01-18,1990,1,18,0.0
Tra Vinh,1990-01-19,1990,1,19,0.0
Tra Vinh,1990-01-20,1990,1,20,1.4446267866111722
Tra Vinh,1990-01-21,1990,1,21,0.0
Tra Vinh,1990-01-22,1990,1,22,0.0
Tra Vinh,1990-01-23,1990,1,23,0.0
Tra Vinh,1990-01-24,1990,1,24,0.0
Tra Vinh,1990-01-25,1990,1,25,0.0
Tra Vinh,1990-01-26,1990,1,26,0.0
Tra Vinh,1990-01-27,1990,1,27,0.0
Tra Vinh,1990-01-28,1990,1,28,0.0
Tra Vinh,1990-01-29,1990,1,29,0.0
Tra Vinh,1990-01-30,1990,1,30,0.0
Tra Vinh,1990-01-31,1990,1,31,0.0
Tra Vinh,1990-02-01,1990,2,1,0.0
Tra Vinh,1990-02-02,1990,2,2,0.0
Tra Vinh,1990-02-03,1990,2,3,0.0
Tra Vinh,1990-02-04,1990,2,4,0.5655385330637968
Tra Vinh,1990-02-05,1990,2,5,0.1860510877957807
Tra Vinh,1990-02-06,1990,2,6,0.2572688230372135
Tra Vinh,1990-02-07,1990,2,7,0.0
Tra Vinh,1990-02-08,1990,2,8,0.0
Tra Vinh,1990-02-09,1990,2,9,0.0
Tra Vinh,1990-02-10,1990,2,10,0.0
Tra Vinh,1990-02-11,1990,2,11,0.0
Tra Vinh,1990-02-12,1990,2,12,0.0
Tra Vinh,1990-02-13,1990,2,13,0.0
Tra Vinh,1990-02-14,1990,2,14,0.0
Tra Vinh,1990-02-15,1990,2,15,0.0121500940634406
Tra Vinh,1990-02-16,1990,2,16,0.0
Tra Vinh,1990-02-17,1990,2,17,0.0
Tra Vinh,1990-02-18,1990,2,18,0.0
Tra Vinh,1990-02-19,1990,2,19,0.0008267910231356538
Tra Vinh,1990-02-20,1990,2,20,0.0
Tra Vinh,1990-02-21,1990,2,21,0.0
Tra Vinh,1990-02-22,1990,2,22,0.0
Tra Vinh,1990-02-23,1990,2,23,0.0
Tra Vinh,1990-02-24,1990,2,24,0.0
Tra Vinh,1990-02-25,1990,2,25,0.0001665113806948817
Tra Vinh,1990-02-26,1990,2,26,0.0202323294142606
Tra Vinh,1990-02-27,1990,2,27,0.0
Tra Vinh,1990-02-28,1990,2,28,0.0
Tra Vinh,1990-03-01,1990,3,1,0.0
Tra Vinh,1990-03-02,1990,3,2,0.0
Tra Vinh,1990-03-03,1990,3,3,0.0
Tra Vinh,1990-03-04,1990,3,4,0.0
Tra Vinh,1990-03-05,1990,3,5,0.0
Tra Vinh,1990-03-06,1990,3,6,0.0
Tra Vinh,1990-03-07,1990,3,7,0.0
Tra Vinh,1990-03-08,1990,3,8,0.1321222631772685
Tra Vinh,1990-03-09,1990,3,9,0.0077874598104321
Tra Vinh,1990-03-10,1990,3,10,0.0
Tra Vinh,1990-03-11,1990,3,11,0.0
Tra Vinh,1990-03-12,1990,3,12,0.0
Tra Vinh,1990-03-13,1990,3,13,0.0
Tra Vinh,1990-03-14,1990,3,14,0.0
Tra Vinh,1990-03-15,1990,3,15,0.0
Tra Vinh,1990-03-16,1990,3,16,0.0
Tra Vinh,1990-03-17,1990,3,17,0.0
Tra Vinh,1990-03-18,1990,3,18,0.0
Tra Vinh,1990-03-19,1990,3,19,0.7267234885062602
Tra Vinh,1990-03-20,1990,3,20,0.0
Tra Vinh,1990-03-21,1990,3,21,0.0
Tra Vinh,1990-03-22,1990,3,22,0.7976762072661194
Tra Vinh,1990-03-23,1990,3,23,2.797241336089923
Tra Vinh,1990-03-24,1990,3,24,0.0
Tra Vinh,1990-03-25,1990,3,25,0.0
Tra Vinh,1990-03-26,1990,3,26,0.0
Tra Vinh,1990-03-27,1990,3,27,0.0828816814312103
Tra Vinh,1990-03-28,1990,3,28,0.0
Tra Vinh,1990-03-29,1990,3,29,0.0
Tra Vinh,1990-03-30,1990,3,30,0.0
Tra Vinh,1990-03-31,1990,3,31,0.0
Tra Vinh,1990-04-01,1990,4,1,0.0
Tra Vinh,1990-04-02,1990,4,2,0.0
Tra Vinh,1990-04-03,1990,4,3,0.0
Tra Vinh,1990-04-04,1990,4,4,0.0
Tra Vinh,1990-04-05,1990,4,5,0.0
Tra Vinh,1990-04-06,1990,4,6,0.0
Tra Vinh,1990-04-07,1990,4,7,3.400911641422653
Tra Vinh,1990-04-08,1990,4,8,0.0
Tra Vinh,1990-04-09,1990,4,9,0.0
Tra Vinh,1990-04-10,1990,4,10,0.0
Tra Vinh,1990-04-11,1990,4,11,0.0420887564132615
Tra Vinh,1990-04-12,1990,4,12,0.82539095014349
Tra Vinh,1990-04-13,1990,4,13,0.0
Tra Vinh,1990-04-14,1990,4,14,0.0
Tra Vinh,1990-04-15,1990,4,15,2.052614888421934
Tra Vinh,1990-04-16,1990,4,16,0.942879898386652
Tra Vinh,1990-04-17,1990,4,17,0.0318747511149798
Tra Vinh,1990-04-18,1990,4,18,0.0
Tra Vinh,1990-04-19,1990,4,19,0.1884287132225179
Tra Vinh,1990-04-20,1990,4,20,1.32117975348384
Tra Vinh,1990-04-21,1990,4,21,0.8786146383479615
Tra Vinh,1990-04-22,1990,4,22,0.0008708683266402388
Tra Vinh,1990-04-23,1990,4,23,0.0
Tra Vinh,1990-04-24,1990,4,24,0.0
Tra Vinh,1990-04-25,1990,4,25,0.0
Tra Vinh,1990-04-26,1990,4,26,0.5480563518571632
Tra Vinh,1990-04-27,1990,4,27,0.603447265689834
Tra Vinh,1990-04-28,1990,4,28,1.0872103490033511
Tra Vinh,1990-04-29,1990,4,29,0.0
Tra Vinh,1990-04-30,1990,4,30,1.0306149366800244
Tra Vinh,1990-05-01,1990,5,1,3.6988229254320864
Tra Vinh,1990-05-02,1990,5,2,0.0
Tra Vinh,1990-05-03,1990,5,3,0.0
Tra Vinh,1990-05-04,1990,5,4,0.0
Tra Vinh,1990-05-05,1990,5,5,0.6970944646812817
Tra Vinh,1990-05-06,1990,5,6,0.0
Tra Vinh,1990-05-07,1990,5,7,0.0
Tra Vinh,1990-05-08,1990,5,8,0.041909541312254
Tra Vinh,1990-05-09,1990,5,9,3.0839960551963244
Tra Vinh,1990-05-10,1990,5,10,0.0860194788746534
Tra Vinh,1990-05-11,1990,5,11,0.0
Tra Vinh,1990-05-12,1990,5,12,4.707786306196018
Tra Vinh,1990-05-13,1990,5,13,1.0485402637207344
Tra Vinh,1990-05-14,1990,5,14,0.1846842191678877
Tra Vinh,1990-05-15,1990,5,15,0.0
Tra Vinh,1990-05-16,1990,5,16,3.657328095429163
Tra Vinh,1990-05-17,1990,5,17,2.624080919599622
Tra Vinh,1990-05-18,1990,5,18,0.0078173914342247
Tra Vinh,1990-05-19,1990,5,19,5.265405725776302
Tra Vinh,1990-05-20,1990,5,20,3.513622421545106
Tra Vinh,1990-05-21,1990,5,21,0.7483126958435531
Tra Vinh,1990-05-22,1990,5,22,3.622325240943865
Tra Vinh,1990-05-23,1990,5,23,8.985924692281968
Tra Vinh,1990-05-24,1990,5,24,0.489669256369762
Tra Vinh,1990-05-25,1990,5,25,6.294341678902368
Tra Vinh,1990-05-26,1990,5,26,1.215527268751311
Tra Vinh,1990-05-27,1990,5,27,3.1253968432548205
Tra Vinh,1990-05-28,1990,5,28,4.282116043806196
Tra Vinh,1990-05-29,1990,5,29,3.3204112183809147
Tra Vinh,1990-05-30,1990,5,30,3.460850269056005
Tra Vinh,1990-05-31,1990,5,31,0.5763306704895993
Tra Vinh,1990-06-01,1990,6,1,4.721391770173813
Tra Vinh,1990-06-02,1990,6,2,5.70166942372737
Tra Vinh,1990-06-03,1990,6,3,10.081983567262805
Tra Vinh,1990-06-04,1990,6,4,4.529033082131343
Tra Vinh,1990-06-05,1990,6,5,2.7356357976822263
Tra Vinh,1990-06-06,1990,6,6,1.961377832264457
Tra Vinh,1990-06-07,1990,6,7,6.540498595758034
Tra Vinh,1990-06-08,1990,6,8,5.777283949914783
Tra Vinh,1990-06-09,1990,6,9,0.850562671932457
Tra Vinh,1990-06-10,1990,6,10,16.985151679654066
Tra Vinh,1990-06-11,1990,6,11,6.285323562429606
Tra Vinh,1990-06-12,1990,6,12,18.70694161491025
Tra Vinh,1990-06-13,1990,6,13,0.0033687931544886
Tra Vinh,1990-06-14,1990,6,14,20.88232395513171
Tra Vinh,1990-06-15,1990,6,15,41.958917525154256
Tra Vinh,1990-06-16,1990,6,16,13.33977337278666
Tra Vinh,1990-06-17,1990,6,17,6.408446333031988
Tra Vinh,1990-06-18,1990,6,18,0.0
Tra Vinh,1990-06-19,1990,6,19,0.0
Tra Vinh,1990-06-20,1990,6,20,18.448093118026595
Tra Vinh,1990-06-21,1990,6,21,10.152577376985455
Tra Vinh,1990-06-22,1990,6,22,10.160629977971157
Tra Vinh,1990-06-23,1990,6,23,4.787299549312536
Tra Vinh,1990-06-24,1990,6,24,4.883937343728221
Tra Vinh,1990-06-25,1990,6,25,9.386104497294635
Tra Vinh,1990-06-26,1990,6,26,0.7628525832136899
Tra Vinh,1990-06-27,1990,6,27,7.45181860439753
Tra Vinh,1990-06-28,1990,6,28,10.070947734845156
Tra Vinh,1990-06-29,1990,6,29,2.79954191873639
Tra Vinh,1990-06-30,1990,6,30,0.0
Tra Vinh,1990-07-01,1990,7,1,0.3149086299137475
Tra Vinh,1990-07-02,1990,7,2,0.0
Tra Vinh,1990-07-03,1990,7,3,0.2015633423837693
Tra Vinh,1990-07-04,1990,7,4,0.0
Tra Vinh,1990-07-05,1990,7,5,9.260564913540916
Tra Vinh,1990-07-06,1990,7,6,4.209838979006097
Tra Vinh,1990-07-07,1990,7,7,6.288233803381607
Tra Vinh,1990-07-08,1990,7,8,0.0
Tra Vinh,1990-07-09,1990,7,9,5.614620029182133
Tra Vinh,1990-07-10,1990,7,10,1.232942621249591
Tra Vinh,1990-07-11,1990,7,11,6.1625650752930206
Tra Vinh,1990-07-12,1990,7,12,16.190517446903847
Tra Vinh,1990-07-13,1990,7,13,10.323099332547336
Tra Vinh,1990-07-14,1990,7,14,1.9876563387567896
Tra Vinh,1990-07-15,1990,7,15,2.914165640399254
Tra Vinh,1990-07-16,1990,7,16,11.943652201151464
Tra Vinh,1990-07-17,1990,7,17,2.800228588230816
Tra Vinh,1990-07-18,1990,7,18,11.182850228082582
Tra Vinh,1990-07-19,1990,7,19,15.339174628685894
Tra Vinh,1990-07-20,1990,7,20,11.39530706065158
Tra Vinh,1990-07-21,1990,7,21,19.19998178790731
Tra Vinh,1990-07-22,1990,7,22,3.148790280044598
Tra Vinh,1990-07-23,1990,7,23,12.50162280150228
Tra Vinh,1990-07-24,1990,7,24,6.003779401244189
Tra Vinh,1990-07-25,1990,7,25,0.0
Tra Vinh,1990-07-26,1990,7,26,8.369167644589785
Tra Vinh,1990-07-27,1990,7,27,1.4211239334822143
Tra Vinh,1990-07-28,1990,7,28,7.382169829223099
Tra Vinh,1990-07-29,1990,7,29,10.00569468354371
Tra Vinh,1990-07-30,1990,7,30,16.731450481477584
Tra Vinh,1990-07-31,1990,7,31,27.87260334916209
Tra Vinh,1990-08-01,1990,8,1,2.105351212127852
Tra Vinh,1990-08-02,1990,8,2,0.0
Tra Vinh,1990-08-03,1990,8,3,3.787930090365826
Tra Vinh,1990-08-04,1990,8,4,9.409167538061086
Tra Vinh,1990-08-05,1990,8,5,13.472305644408683
Tra Vinh,1990-08-06,1990,8,6,5.786547068614151
Tra Vinh,1990-08-07,1990,8,7,4.833090080997973
Tra Vinh,1990-08-08,1990,8,8,1.0301801245172182
Tra Vinh,1990-08-09,1990,8,9,5.512226189408154
Tra Vinh,1990-08-10,1990,8,10,0.0
Tra Vinh,1990-08-11,1990,8,11,3.4957001534653283
Tra Vinh,1990-08-12,1990,8,12,13.062322110523825
Tra Vinh,1990-08-13,1990,8,13,7.510043977692083
Tra Vinh,1990-08-14,1990,8,14,9.05821911147339
Tra Vinh,1990-08-15,1990,8,15,16.3009148271589
Tra Vinh,1990-08-16,1990,8,16,31.17916088241255
Tra Vinh,1990-08-17,1990,8,17,6.416794123497907
Tra Vinh,1990-08-18,1990,8,18,0.9647133691669302
Tra Vinh,1990-08-19,1990,8,19,24.53645929997449
Tra Vinh,1990-08-20,1990,8,20,18.714173047383944
Tra Vinh,1990-08-21,1990,8,21,0.2100487358451439
Tra Vinh,1990-08-22,1990,8,22,0.0
Tra Vinh,1990-08-23,1990,8,23,5.843706473053183
Tra Vinh,1990-08-24,1990,8,24,0.0554474666217707
Tra Vinh,1990-08-25,1990,8,25,0.0
Tra Vinh,1990-08-26,1990,8,26,0.3151288743261314
Tra Vinh,1990-08-27,1990,8,27,5.729110991381896
Tra Vinh,1990-08-28,1990,8,28,5.052402852293933
Tra Vinh,1990-08-29,1990,8,29,14.876845190050815
Tra Vinh,1990-08-30,1990,8,30,8.735555279840051
Tra Vinh,1990-08-31,1990,8,31,1.5810521956853665
Tra Vinh,1990-09-01,1990,9,1,0.0
Tra Vinh,1990-09-02,1990,9,2,18.19586515862941
Tra Vinh,1990-09-03,1990,9,3,28.978700654617175
Tra Vinh,1990-09-04,1990,9,4,4.635772806101217
Tra Vinh,1990-09-05,1990,9,5,0.0
Tra Vinh,1990-09-06,1990,9,6,0.0
Tra Vinh,1990-09-07,1990,9,7,0.0023897692793064
Tra Vinh,1990-09-08,1990,9,8,6.831723407341594
Tra Vinh,1990-09-09,1990,9,9,3.128964948923297
Tra Vinh,1990-09-10,1990,9,10,3.379094002316991
Tra Vinh,1990-09-11,1990,9,11,6.454965929343223
Tra Vinh,1990-09-12,1990,9,12,1.9781622967190755
Tra Vinh,1990-09-13,1990,9,13,0.0
Tra Vinh,1990-09-14,1990,9,14,2.649555459478399
Tra Vinh,1990-09-15,1990,9,15,5.181381303815121
Tra Vinh,1990-09-16,1990,9,16,5.382194183169213
Tra Vinh,1990-09-17,1990,9,17,7.617388852319081
Tra Vinh,1990-09-18,1990,9,18,4.181460378494998
Tra Vinh,1990-09-19,1990,9,19,0.0346090408274306
Tra Vinh,1990-09-20,1990,9,20,1.5103175922685428
Tra Vinh,1990-09-21,1990,9,21,0.1987779048318146
Tra Vinh,1990-09-22,1990,9,22,13.19589228431893
Tra Vinh,1990-09-23,1990,9,23,4.273675315335648
Tra Vinh,1990-09-24,1990,9,24,1.3809709937139838
Tra Vinh,1990-09-25,1990,9,25,12.15465686377122
Tra Vinh,1990-09-26,1990,9,26,22.18055511120345
Tra Vinh,1990-09-27,1990,9,27,3.18473684681732
Tra Vinh,1990-09-28,1990,9,28,15.89598471571568
Tra Vinh,1990-09-29,1990,9,29,26.955050239363985
Tra Vinh,1990-09-30,1990,9,30,41.2561391469493
Tra Vinh,1990-10-01,1990,10,1,9.001543247273624
Tra Vinh,1990-10-02,1990,10,2,33.17636153456163
Tra Vinh,1990-10-03,1990,10,3,22.76314468886967
Tra Vinh,1990-10-04,1990,10,4,5.671704324327084
Tra Vinh,1990-10-05,1990,10,5,0.0218145095406994
Tra Vinh,1990-10-06,1990,10,6,0.0
Tra Vinh,1990-10-07,1990,10,7,6.969063221378694
Tra Vinh,1990-10-08,1990,10,8,12.84618777777774
Tra Vinh,1990-10-09,1990,10,9,1.2147015409427195
Tra Vinh,1990-10-10,1990,10,10,0.5719915878799239
Tra Vinh,1990-10-11,1990,10,11,1.5113239675296433
Tra Vinh,1990-10-12,1990,10,12,0.0
Tra Vinh,1990-10-13,1990,10,13,3.000270168394314
Tra Vinh,1990-10-14,1990,10,14,0.0
Tra Vinh,1990-10-15,1990,10,15,2.5544923856479795
Tra Vinh,1990-10-16,1990,10,16,2.059453007633388
Tra Vinh,1990-10-17,1990,10,17,9.701930328997172
Tra Vinh,1990-10-18,1990,10,18,8.711052516780185
Tra Vinh,1990-10-19,1990,10,19,2.003426780869089
Tra Vinh,1990-10-20,1990,10,20,0.0
Tra Vinh,1990-10-21,1990,10,21,0.0
Tra Vinh,1990-10-22,1990,10,22,17.303539856287145
Tra Vinh,1990-10-23,1990,10,23,0.0
Tra Vinh,1990-10-24,1990,10,24,0.0116115904107182
Tra Vinh,1990-10-25,1990,10,25,0.0052518991398896
Tra Vinh,1990-10-26,1990,10,26,7.653776598930846
Tra Vinh,1990-10-27,1990,10,27,30.657535279859363
Tra Vinh,1990-10-28,1990,10,28,0.5440966480712471
Tra Vinh,1990-10-29,1990,10,29,0.2842621905224249
Tra Vinh,1990-10-30,1990,10,30,0.0
Tra Vinh,1990-10-31,1990,10,31,0.0
Tra Vinh,1990-11-01,1990,11,1,0.0
Tra Vinh,1990-11-02,1990,11,2,0.3530011403371028
Tra Vinh,1990-11-03,1990,11,3,17.142143375754898
Tra Vinh,1990-11-04,1990,11,4,0.4986724524043738
Tra Vinh,1990-11-05,1990,11,5,17.681722741178387
Tra Vinh,1990-11-06,1990,11,6,15.23217167323402
Tra Vinh,1990-11-07,1990,11,7,1.3765143654337082
Tra Vinh,1990-11-08,1990,11,8,11.782332603801343
Tra Vinh,1990-11-09,1990,11,9,8.924937383301216
Tra Vinh,1990-11-10,1990,11,10,4.933595238495263
Tra Vinh,1990-11-11,1990,11,11,0.0273549740632945
Tra Vinh,1990-11-12,1990,11,12,0.0
Tra Vinh,1990-11-13,1990,11,13,2.256374835804912
Tra Vinh,1990-11-14,1990,11,14,3.212144395113194
Tra Vinh,1990-11-15,1990,11,15,3.748115354100515
Tra Vinh,1990-11-16,1990,11,16,0.0
Tra Vinh,1990-11-17,1990,11,17,3.917840484066539
Tra Vinh,1990-11-18,1990,11,18,0.0103002183759887
Tra Vinh,1990-11-19,1990,11,19,1.8725813134870133
Tra Vinh,1990-11-20,1990,11,20,2.0442613169782806
Tra Vinh,1990-11-21,1990,11,21,13.394672083817971
Tra Vinh,1990-11-22,1990,11,22,0.0
Tra Vinh,1990-11-23,1990,11,23,0.0
Tra Vinh,1990-11-24,1990,11,24,0.0
Tra Vinh,1990-11-25,1990,11,25,0.5856140062342916
Tra Vinh,1990-11-26,1990,11,26,2.594411353076525
Tra Vinh,1990-11-27,1990,11,27,0.0
Tra Vinh,1990-11-28,1990,11,28,0.0
Tra Vinh,1990-11-29,1990,11,29,0.0
Tra Vinh,1990-11-30,1990,11,30,0.0
Tra Vinh,1990-12-01,1990,12,1,0.0
Tra Vinh,1990-12-02,1990,12,2,0.0
Tra Vinh,1990-12-03,1990,12,3,0.0
Tra Vinh,1990-12-04,1990,12,4,0.0280307031644191
Tra Vinh,1990-12-05,1990,12,5,0.0
Tra Vinh,1990-12-06,1990,12,6,0.1239598541763759
Tra Vinh,1990-12-07,1990,12,7,0.0
Tra Vinh,1990-12-08,1990,12,8,0.0
Tra Vinh,1990-12-09,1990,12,9,2.3450172117006387
Tra Vinh,1990-12-10,1990,12,10,0.0
Tra Vinh,1990-12-11,1990,12,11,0.6739104209199853
Tra Vinh,1990-12-12,1990,12,12,0.0
Tra Vinh,1990-12-13,1990,12,13,0.3225689341578704
Tra Vinh,1990-12-14,1990,12,14,0.0
Tra Vinh,1990-12-15,1990,12,15,0.0
Tra Vinh,1990-12-16,1990,12,16,0.0
Tra Vinh,1990-12-17,1990,12,17,2.139659786379314
Tra Vinh,1990-12-18,1990,12,18,1.7140764548408691
Tra Vinh,1990-12-19,1990,12,19,0.0
Tra Vinh,1990-12-20,1990,12,20,0.0
Tra Vinh,1990-12-21,1990,12,21,0.0
Tra Vinh,1990-12-22,1990,12,22,0.0
Tra Vinh,1990-12-23,1990,12,23,0.0
Tra Vinh,1990-12-24,1990,12,24,0.0
Tra Vinh,1990-12-25,1990,12,25,0.0
Tra Vinh,1990-12-26,1990,12,26,2.564306955062692
Tra Vinh,1990-12-27,1990,12,27,0.0
Tra Vinh,1990-12-28,1990,12,28,0.0
Tra Vinh,1990-12-29,1990,12,29,0.0
Tra Vinh,1990-12-30,1990,12,30,0.0
Tra Vinh,1990-12-31,1990,12,31,1.3407111489835994
Tra Vinh,1991-01-01,1991,1,1,0.0
Tra Vinh,1991-01-02,1991,1,2,0.0
Tra Vinh,1991-01-03,1991,1,3,0.0
Tra Vinh,1991-01-04,1991,1,4,0.0
Tra Vinh,1991-01-05,1991,1,5,0.0
Tra Vinh,1991-01-06,1991,1,6,0.0
Tra Vinh,1991-01-07,1991,1,7,0.0
Tra Vinh,1991-01-08,1991,1,8,0.0
Tra Vinh,1991-01-09,1991,1,9,0.0
Tra Vinh,1991-01-10,1991,1,10,0.0
Tra Vinh,1991-01-11,1991,1,11,0.0
Tra Vinh,1991-01-12,1991,1,12,0.0
Tra Vinh,1991-01-13,1991,1,13,0.0
Tra Vinh,1991-01-14,1991,1,14,0.0
Tra Vinh,1991-01-15,1991,1,15,0.0
Tra Vinh,1991-01-16,1991,1,16,0.0
Tra Vinh,1991-01-17,1991,1,17,0.0
Tra Vinh,1991-01-18,1991,1,18,0.0
Tra Vinh,1991-01-19,1991,1,19,0.0
Tra Vinh,1991-01-20,1991,1,20,0.0
Tra Vinh,1991-01-21,1991,1,21,1.051185497610471
Tra Vinh,1991-01-22,1991,1,22,0.0
Tra Vinh,1991-01-23,1991,1,23,0.0
Tra Vinh,1991-01-24,1991,1,24,0.2035618484662458
Tra Vinh,1991-01-25,1991,1,25,0.0
Tra Vinh,1991-01-26,1991,1,26,0.0
Tra Vinh,1991-01-27,1991,1,27,0.0
Tra Vinh,1991-01-28,1991,1,28,0.0
Tra Vinh,1991-01-29,1991,1,29,0.0
Tra Vinh,1991-01-30,1991,1,30,0.0
Tra Vinh,1991-01-31,1991,1,31,0.0
Tra Vinh,1991-02-01,1991,2,1,0.0345687357323667
Tra Vinh,1991-02-02,1991,2,2,0.0
Tra Vinh,1991-02-03,1991,2,3,0.0
Tra Vinh,1991-02-04,1991,2,4,0.0
Tra Vinh,1991-02-05,1991,2,5,0.0453476617127091
Tra Vinh,1991-02-06,1991,2,6,0.0
Tra Vinh,1991-02-07,1991,2,7,0.0
Tra Vinh,1991-02-08,1991,2,8,0.0
Tra Vinh,1991-02-09,1991,2,9,0.0
Tra Vinh,1991-02-10,1991,2,10,0.0
Tra Vinh,1991-02-11,1991,2,11,0.0
Tra Vinh,1991-02-12,1991,2,12,0.0
Tra Vinh,1991-02-13,1991,2,13,0.017813741059839
Tra Vinh,1991-02-14,1991,2,14,0.0
Tra Vinh,1991-02-15,1991,2,15,0.2939464952857223
Tra Vinh,1991-02-16,1991,2,16,0.0
Tra Vinh,1991-02-17,1991,2,17,0.0
Tra Vinh,1991-02-18,1991,2,18,0.2372857437738092
Tra Vinh,1991-02-19,1991,2,19,0.000455614071698072
Tra Vinh,1991-02-20,1991,2,20,0.0
Tra Vinh,1991-02-21,1991,2,21,0.0
Tra Vinh,1991-02-22,1991,2,22,0.0
Tra Vinh,1991-02-23,1991,2,23,0.0
Tra Vinh,1991-02-24,1991,2,24,0.0
Tra Vinh,1991-02-25,1991,2,25,0.044547080025217
Tra Vinh,1991-02-26,1991,2,26,0.0246880382212773
Tra Vinh,1991-02-27,1991,2,27,0.0
Tra Vinh,1991-02-28,1991,2,28,0.0
Tra Vinh,1991-03-01,1991,3,1,0.0
Tra Vinh,1991-03-02,1991,3,2,0.0
Tra Vinh,1991-03-03,1991,3,3,0.0
Tra Vinh,1991-03-04,1991,3,4,0.0
Tra Vinh,1991-03-05,1991,3,5,0.0
Tra Vinh,1991-03-06,1991,3,6,0.0
Tra Vinh,1991-03-07,1991,3,7,0.0
Tra Vinh,1991-03-08,1991,3,8,0.0
Tra Vinh,1991-03-09,1991,3,9,0.0
Tra Vinh,1991-03-10,1991,3,10,0.0
Tra Vinh,1991-03-11,1991,3,11,0.0
Tra Vinh,1991-03-12,1991,3,12,0.0
Tra Vinh,1991-03-13,1991,3,13,0.0
Tra Vinh,1991-03-14,1991,3,14,0.0
Tra Vinh,1991-03-15,1991,3,15,0.0
Tra Vinh,1991-03-16,1991,3,16,4.628848654940042
Tra Vinh,1991-03-17,1991,3,17,0.7601356489043245
Tra Vinh,1991-03-18,1991,3,18,0.0
Tra Vinh,1991-03-19,1991,3,19,0.0
Tra Vinh,1991-03-20,1991,3,20,0.0
Tra Vinh,1991-03-21,1991,3,21,0.0
Tra Vinh,1991-03-22,1991,3,22,0.0
Tra Vinh,1991-03-23,1991,3,23,0.0
Tra Vinh,1991-03-24,1991,3,24,0.0
Tra Vinh,1991-03-25,1991,3,25,0.0
Tra Vinh,1991-03-26,1991,3,26,0.0
Tra Vinh,1991-03-27,1991,3,27,0.0
Tra Vinh,1991-03-28,1991,3,28,0.0
Tra Vinh,1991-03-29,1991,3,29,0.0
Tra Vinh,1991-03-30,1991,3,30,0.0
Tra Vinh,1991-03-31,1991,3,31,1.469070363252697
Tra Vinh,1991-04-01,1991,4,1,0.0
Tra Vinh,1991-04-02,1991,4,2,0.0
Tra Vinh,1991-04-03,1991,4,3,0.0
Tra Vinh,1991-04-04,1991,4,4,0.608711864472414
Tra Vinh,1991-04-05,1991,4,5,2.06750328316125
Tra Vinh,1991-04-06,1991,4,6,0.0
Tra Vinh,1991-04-07,1991,4,7,0.0
Tra Vinh,1991-04-08,1991,4,8,0.0
Tra Vinh,1991-04-09,1991,4,9,0.0
Tra Vinh,1991-04-10,1991,4,10,0.0
Tra Vinh,1991-04-11,1991,4,11,0.0
Tra Vinh,1991-04-12,1991,4,12,0.0
Tra Vinh,1991-04-13,1991,4,13,0.0
Tra Vinh,1991-04-14,1991,4,14,0.0
Tra Vinh,1991-04-15,1991,4,15,0.0
Tra Vinh,1991-04-16,1991,4,16,0.0
Tra Vinh,1991-04-17,1991,4,17,0.0
Tra Vinh,1991-04-18,1991,4,18,0.0
Tra Vinh,1991-04-19,1991,4,19,0.0
Tra Vinh,1991-04-20,1991,4,20,0.0
Tra Vinh,1991-04-21,1991,4,21,0.0
Tra Vinh,1991-04-22,1991,4,22,1.788939394267049
Tra Vinh,1991-04-23,1991,4,23,0.2485422751669885
Tra Vinh,1991-04-24,1991,4,24,0.3218145051511389
Tra Vinh,1991-04-25,1991,4,25,0.0
Tra Vinh,1991-04-26,1991,4,26,1.099431443249076
Tra Vinh,1991-04-27,1991,4,27,3.449111409517196
Tra Vinh,1991-04-28,1991,4,28,0.0
Tra Vinh,1991-04-29,1991,4,29,0.0
Tra Vinh,1991-04-30,1991,4,30,0.0
Tra Vinh,1991-05-01,1991,5,1,0.0182683325555969
Tra Vinh,1991-05-02,1991,5,2,0.8869894366805033
Tra Vinh,1991-05-03,1991,5,3,7.830200073024604
Tra Vinh,1991-05-04,1991,5,4,0.0
Tra Vinh,1991-05-05,1991,5,5,0.0
Tra Vinh,1991-05-06,1991,5,6,2.6914530372097683
Tra Vinh,1991-05-07,1991,5,7,0.0
Tra Vinh,1991-05-08,1991,5,8,0.0
Tra Vinh,1991-05-09,1991,5,9,0.0
Tra Vinh,1991-05-10,1991,5,10,0.0
Tra Vinh,1991-05-11,1991,5,11,0.0
Tra Vinh,1991-05-12,1991,5,12,0.1066716851710212
Tra Vinh,1991-05-13,1991,5,13,11.805658546985674
Tra Vinh,1991-05-14,1991,5,14,0.0
Tra Vinh,1991-05-15,1991,5,15,0.0
Tra Vinh,1991-05-16,1991,5,16,1.4921937701293126
Tra Vinh,1991-05-17,1991,5,17,0.0
Tra Vinh,1991-05-18,1991,5,18,1.3951622011907403
Tra Vinh,1991-05-19,1991,5,19,2.4117831844375823
Tra Vinh,1991-05-20,1991,5,20,7.923198399991078
Tra Vinh,1991-05-21,1991,5,21,8.819755545513882
Tra Vinh,1991-05-22,1991,5,22,0.0
Tra Vinh,1991-05-23,1991,5,23,6.629097384959585
Tra Vinh,1991-05-24,1991,5,24,12.587661885106092
Tra Vinh,1991-05-25,1991,5,25,11.989907328463095
Tra Vinh,1991-05-26,1991,5,26,6.031732607931686
Tra Vinh,1991-05-27,1991,5,27,3.091500925858734
Tra Vinh,1991-05-28,1991,5,28,12.500450504770102
Tra Vinh,1991-05-29,1991,5,29,18.834805392191427
Tra Vinh,1991-05-30,1991,5,30,14.58703482915585
Tra Vinh,1991-05-31,1991,5,31,6.022313979072856
Tra Vinh,1991-06-01,1991,6,1,4.215362483749271
Tra Vinh,1991-06-02,1991,6,2,10.5527817107723
Tra Vinh,1991-06-03,1991,6,3,12.26979979064824
Tra Vinh,1991-06-04,1991,6,4,20.984194090697866
Tra Vinh,1991-06-05,1991,6,5,24.28209583616998
Tra Vinh,1991-06-06,1991,6,6,4.299231731852894
Tra Vinh,1991-06-07,1991,6,7,7.819248861342551
Tra Vinh,1991-06-08,1991,6,8,6.545430877707402
Tra Vinh,1991-06-09,1991,6,9,0.0
Tra Vinh,1991-06-10,1991,6,10,12.958946138849742
Tra Vinh,1991-06-11,1991,6,11,11.59540792402088
Tra Vinh,1991-06-12,1991,6,12,0.0
Tra Vinh,1991-06-13,1991,6,13,1.8652145372856892
Tra Vinh,1991-06-14,1991,6,14,5.944277439440378
Tra Vinh,1991-06-15,1991,6,15,0.0
Tra Vinh,1991-06-16,1991,6,16,32.26064405519574
Tra Vinh,1991-06-17,1991,6,17,4.670850842125866
Tra Vinh,1991-06-18,1991,6,18,0.0478325135609584
Tra Vinh,1991-06-19,1991,6,19,0.4383706874433125
Tra Vinh,1991-06-20,1991,6,20,11.504242635433824
Tra Vinh,1991-06-21,1991,6,21,15.985912726315664
Tra Vinh,1991-06-22,1991,6,22,5.431609988579569
Tra Vinh,1991-06-23,1991,6,23,6.4929800268440365
Tra Vinh,1991-06-24,1991,6,24,0.0059356916984452
Tra Vinh,1991-06-25,1991,6,25,12.93355737196108
Tra Vinh,1991-06-26,1991,6,26,0.0
Tra Vinh,1991-06-27,1991,6,27,2.321726870410397
Tra Vinh,1991-06-28,1991,6,28,5.486207309117043
Tra Vinh,1991-06-29,1991,6,29,10.15001102953216
Tra Vinh,1991-06-30,1991,6,30,4.62224825090764
Tra Vinh,1991-07-01,1991,7,1,15.958652784218026
Tra Vinh,1991-07-02,1991,7,2,0.7673909701056533
Tra Vinh,1991-07-03,1991,7,3,11.161572863449283
Tra Vinh,1991-07-04,1991,7,4,2.533298775184168
Tra Vinh,1991-07-05,1991,7,5,12.461121796684951
Tra Vinh,1991-07-06,1991,7,6,6.371657065006121
Tra Vinh,1991-07-07,1991,7,7,21.515284951862277
Tra Vinh,1991-07-08,1991,7,8,11.112540635447717
Tra Vinh,1991-07-09,1991,7,9,5.72576380832105
Tra Vinh,1991-07-10,1991,7,10,0.0
Tra Vinh,1991-07-11,1991,7,11,16.49765865038618
Tra Vinh,1991-07-12,1991,7,12,3.108877061798529
Tra Vinh,1991-07-13,1991,7,13,3.1673334838794758
Tra Vinh,1991-07-14,1991,7,14,7.1267205108551535
Tra Vinh,1991-07-15,1991,7,15,2.651396736316605
Tra Vinh,1991-07-16,1991,7,16,2.8096501256984503
Tra Vinh,1991-07-17,1991,7,17,0.0
Tra Vinh,1991-07-18,1991,7,18,1.12072299471549
Tra Vinh,1991-07-19,1991,7,19,4.788897681994702
Tra Vinh,1991-07-20,1991,7,20,0.3075415512343971
Tra Vinh,1991-07-21,1991,7,21,5.277842818324698
Tra Vinh,1991-07-22,1991,7,22,0.3528571729377047
Tra Vinh,1991-07-23,1991,7,23,2.182593939262352
Tra Vinh,1991-07-24,1991,7,24,5.525170271613157
Tra Vinh,1991-07-25,1991,7,25,3.6443899850957866
Tra Vinh,1991-07-26,1991,7,26,13.182990835837176
Tra Vinh,1991-07-27,1991,7,27,0.0
Tra Vinh,1991-07-28,1991,7,28,2.669762919881679
Tra Vinh,1991-07-29,1991,7,29,0.0
Tra Vinh,1991-07-30,1991,7,30,0.0
Tra Vinh,1991-07-31,1991,7,31,0.3841932536150136
Tra Vinh,1991-08-01,1991,8,1,4.323108850431498
Tra Vinh,1991-08-02,1991,8,2,0.0
Tra Vinh,1991-08-03,1991,8,3,16.94264697086634
Tra Vinh,1991-08-04,1991,8,4,14.065548146405096
Tra Vinh,1991-08-05,1991,8,5,19.484575927736653
Tra Vinh,1991-08-06,1991,8,6,0.8770193412647665
Tra Vinh,1991-08-07,1991,8,7,0.0
Tra Vinh,1991-08-08,1991,8,8,0.110586089804088
Tra Vinh,1991-08-09,1991,8,9,0.0
Tra Vinh,1991-08-10,1991,8,10,3.3488600976613503
Tra Vinh,1991-08-11,1991,8,11,0.0
Tra Vinh,1991-08-12,1991,8,12,0.0
Tra Vinh,1991-08-13,1991,8,13,0.0075462628210102
Tra Vinh,1991-08-14,1991,8,14,16.095503228127043
Tra Vinh,1991-08-15,1991,8,15,10.746723341211936
Tra Vinh,1991-08-16,1991,8,16,4.017391056061931
Tra Vinh,1991-08-17,1991,8,17,27.319145816971293
Tra Vinh,1991-08-18,1991,8,18,20.689764219776297
Tra Vinh,1991-08-19,1991,8,19,24.618349129549745
Tra Vinh,1991-08-20,1991,8,20,11.956742963873255
Tra Vinh,1991-08-21,1991,8,21,12.026234488681332
Tra Vinh,1991-08-22,1991,8,22,3.42356607044214
Tra Vinh,1991-08-23,1991,8,23,0.0
Tra Vinh,1991-08-24,1991,8,24,0.0
Tra Vinh,1991-08-25,1991,8,25,1.001087342141244
Tra Vinh,1991-08-26,1991,8,26,1.9258765212711109
Tra Vinh,1991-08-27,1991,8,27,8.5529731739601
Tra Vinh,1991-08-28,1991,8,28,1.2590205483871253
Tra Vinh,1991-08-29,1991,8,29,4.114268224729069
Tra Vinh,1991-08-30,1991,8,30,3.319379131763801
Tra Vinh,1991-08-31,1991,8,31,0.2164577872442835
Tra Vinh,1991-09-01,1991,9,1,0.0163949314337296
Tra Vinh,1991-09-02,1991,9,2,11.296629527276936
Tra Vinh,1991-09-03,1991,9,3,21.2610634761283
Tra Vinh,1991-09-04,1991,9,4,8.814808355634465
Tra Vinh,1991-09-05,1991,9,5,5.9405695304353525
Tra Vinh,1991-09-06,1991,9,6,3.4652009345903254
Tra Vinh,1991-09-07,1991,9,7,12.751703327102131
Tra Vinh,1991-09-08,1991,9,8,2.043263076318927
Tra Vinh,1991-09-09,1991,9,9,7.116869498516362
Tra Vinh,1991-09-10,1991,9,10,0.0
Tra Vinh,1991-09-11,1991,9,11,18.467901806148763
Tra Vinh,1991-09-12,1991,9,12,0.4529018143170588
Tra Vinh,1991-09-13,1991,9,13,5.302008619466681
Tra Vinh,1991-09-14,1991,9,14,11.735303845103012
Tra Vinh,1991-09-15,1991,9,15,21.99417042634375
Tra Vinh,1991-09-16,1991,9,16,8.416324633267138
Tra Vinh,1991-09-17,1991,9,17,2.267829828095554
Tra Vinh,1991-09-18,1991,9,18,15.249463598769358
Tra Vinh,1991-09-19,1991,9,19,15.571769650826104
Tra Vinh,1991-09-20,1991,9,20,21.357744306300415
Tra Vinh,1991-09-21,1991,9,21,19.932778655269598
Tra Vinh,1991-09-22,1991,9,22,5.949552943242884
Tra Vinh,1991-09-23,1991,9,23,6.698778749919044
Tra Vinh,1991-09-24,1991,9,24,0.1239408343719461
Tra Vinh,1991-09-25,1991,9,25,0.0
Tra Vinh,1991-09-26,1991,9,26,8.20079846728331
Tra Vinh,1991-09-27,1991,9,27,1.267165441767505
Tra Vinh,1991-09-28,1991,9,28,0.0
Tra Vinh,1991-09-29,1991,9,29,0.0
Tra Vinh,1991-09-30,1991,9,30,0.004913488412201
Tra Vinh,1991-10-01,1991,10,1,1.2177870737011869
Tra Vinh,1991-10-02,1991,10,2,2.754245176485751
Tra Vinh,1991-10-03,1991,10,3,12.680695662707247
Tra Vinh,1991-10-04,1991,10,4,21.1882452020813
Tra Vinh,1991-10-05,1991,10,5,6.261674573222895
Tra Vinh,1991-10-06,1991,10,6,11.543769266985818
Tra Vinh,1991-10-07,1991,10,7,7.590657723669678
Tra Vinh,1991-10-08,1991,10,8,1.2501035281811406
Tra Vinh,1991-10-09,1991,10,9,6.341177354618198
Tra Vinh,1991-10-10,1991,10,10,6.853199287176088
Tra Vinh,1991-10-11,1991,10,11,0.8618423107935662
Tra Vinh,1991-10-12,1991,10,12,3.1004683358742264
Tra Vinh,1991-10-13,1991,10,13,0.0010537710560067
Tra Vinh,1991-10-14,1991,10,14,0.0
Tra Vinh,1991-10-15,1991,10,15,0.0
Tra Vinh,1991-10-16,1991,10,16,1.8810577174629204
Tra Vinh,1991-10-17,1991,10,17,7.090115746351636
Tra Vinh,1991-10-18,1991,10,18,1.8504766090437752
Tra Vinh,1991-10-19,1991,10,19,19.04936927998393
Tra Vinh,1991-10-20,1991,10,20,37.29687915179429
Tra Vinh,1991-10-21,1991,10,21,11.112108457428947
Tra Vinh,1991-10-22,1991,10,22,2.2159629964779555
Tra Vinh,1991-10-23,1991,10,23,45.49000760977625
Tra Vinh,1991-10-24,1991,10,24,34.594930511387815
Tra Vinh,1991-10-25,1991,10,25,28.399539201304872
Tra Vinh,1991-10-26,1991,10,26,17.594180558346377
Tra Vinh,1991-10-27,1991,10,27,0.0
Tra Vinh,1991-10-28,1991,10,28,0.0
Tra Vinh,1991-10-29,1991,10,29,0.0
Tra Vinh,1991-10-30,1991,10,30,0.0
Tra Vinh,1991-10-31,1991,10,31,0.0
Tra Vinh,1991-11-01,1991,11,1,0.0
Tra Vinh,1991-11-02,1991,11,2,0.0
Tra Vinh,1991-11-03,1991,11,3,0.0
Tra Vinh,1991-11-04,1991,11,4,0.0
Tra Vinh,1991-11-05,1991,11,5,0.0
Tra Vinh,1991-11-06,1991,11,6,0.0
Tra Vinh,1991-11-07,1991,11,7,13.16046949975894
Tra Vinh,1991-11-08,1991,11,8,19.328346232583375
Tra Vinh,1991-11-09,1991,11,9,40.03411542123578
Tra Vinh,1991-11-10,1991,11,10,0.0
Tra Vinh,1991-11-11,1991,11,11,5.239365624427305
Tra Vinh,1991-11-12,1991,11,12,0.0
Tra Vinh,1991-11-13,1991,11,13,0.3933492653672054
Tra Vinh,1991-11-14,1991,11,14,0.0840660333021779
Tra Vinh,1991-11-15,1991,11,15,0.0
Tra Vinh,1991-11-16,1991,11,16,0.0
Tra Vinh,1991-11-17,1991,11,17,0.0
Tra Vinh,1991-11-18,1991,11,18,0.0
Tra Vinh,1991-11-19,1991,11,19,0.0
Tra Vinh,1991-11-20,1991,11,20,0.0
Tra Vinh,1991-11-21,1991,11,21,0.0
Tra Vinh,1991-11-22,1991,11,22,0.0
Tra Vinh,1991-11-23,1991,11,23,0.0
Tra Vinh,1991-11-24,1991,11,24,0.0
Tra Vinh,1991-11-25,1991,11,25,0.0
Tra Vinh,1991-11-26,1991,11,26,2.662549191343288
Tra Vinh,1991-11-27,1991,11,27,0.0
Tra Vinh,1991-11-28,1991,11,28,0.0
Tra Vinh,1991-11-29,1991,11,29,0.0
Tra Vinh,1991-11-30,1991,11,30,1.8523774421049908
Tra Vinh,1991-12-01,1991,12,1,0.0
Tra Vinh,1991-12-02,1991,12,2,0.0
Tra Vinh,1991-12-03,1991,12,3,0.0
Tra Vinh,1991-12-04,1991,12,4,0.0
Tra Vinh,1991-12-05,1991,12,5,0.0
Tra Vinh,1991-12-06,1991,12,6,0.0
Tra Vinh,1991-12-07,1991,12,7,0.0
Tra Vinh,1991-12-08,1991,12,8,0.119355376590026
Tra Vinh,1991-12-09,1991,12,9,0.0
Tra Vinh,1991-12-10,1991,12,10,3.2544926953800952
Tra Vinh,1991-12-11,1991,12,11,0.0
Tra Vinh,1991-12-12,1991,12,12,2.136452048175942
Tra Vinh,1991-12-13,1991,12,13,0.0
Tra Vinh,1991-12-14,1991,12,14,0.0
Tra Vinh,1991-12-15,1991,12,15,0.0
Tra Vinh,1991-12-16,1991,12,16,0.0
Tra Vinh,1991-12-17,1991,12,17,0.0
Tra Vinh,1991-12-18,1991,12,18,0.0
Tra Vinh,1991-12-19,1991,12,19,0.0
Tra Vinh,1991-12-20,1991,12,20,0.0
Tra Vinh,1991-12-21,1991,12,21,0.0
Tra Vinh,1991-12-22,1991,12,22,0.0
Tra Vinh,1991-12-23,1991,12,23,1.0895952124748145
Tra Vinh,1991-12-24,1991,12,24,0.0136888013327246
Tra Vinh,1991-12-25,1991,12,25,0.0
Tra Vinh,1991-12-26,1991,12,26,2.8528971680621105
Tra Vinh,1991-12-27,1991,12,27,0.0
Tra Vinh,1991-12-28,1991,12,28,0.8447750965020216
Tra Vinh,1991-12-29,1991,12,29,4.44905846255935
Tra Vinh,1991-12-30,1991,12,30,0.0617308597371417
Tra Vinh,1991-12-31,1991,12,31,0.0
Tra Vinh,1992-01-01,1992,1,1,0.0
Tra Vinh,1992-01-02,1992,1,2,0.0
Tra Vinh,1992-01-03,1992,1,3,0.0
Tra Vinh,1992-01-04,1992,1,4,0.0
Tra Vinh,1992-01-05,1992,1,5,2.262947655211396
Tra Vinh,1992-01-06,1992,1,6,1.2409541479885138
Tra Vinh,1992-01-07,1992,1,7,0.0
Tra Vinh,1992-01-08,1992,1,8,0.0
Tra Vinh,1992-01-09,1992,1,9,0.0
Tra Vinh,1992-01-10,1992,1,10,0.0
Tra Vinh,1992-01-11,1992,1,11,0.0
Tra Vinh,1992-01-12,1992,1,12,0.0
Tra Vinh,1992-01-13,1992,1,13,0.0
Tra Vinh,1992-01-14,1992,1,14,0.0
Tra Vinh,1992-01-15,1992,1,15,0.0
Tra Vinh,1992-01-16,1992,1,16,0.0
Tra Vinh,1992-01-17,1992,1,17,0.3483893434390137
Tra Vinh,1992-01-18,1992,1,18,0.0
Tra Vinh,1992-01-19,1992,1,19,0.0
Tra Vinh,1992-01-20,1992,1,20,0.0079202232594079
Tra Vinh,1992-01-21,1992,1,21,0.0
Tra Vinh,1992-01-22,1992,1,22,0.0
Tra Vinh,1992-01-23,1992,1,23,0.0
Tra Vinh,1992-01-24,1992,1,24,0.0
Tra Vinh,1992-01-25,1992,1,25,0.0
Tra Vinh,1992-01-26,1992,1,26,0.0
Tra Vinh,1992-01-27,1992,1,27,0.0
Tra Vinh,1992-01-28,1992,1,28,0.0
Tra Vinh,1992-01-29,1992,1,29,0.0
Tra Vinh,1992-01-30,1992,1,30,0.0
Tra Vinh,1992-01-31,1992,1,31,0.0
Tra Vinh,1992-02-01,1992,2,1,0.0
Tra Vinh,1992-02-02,1992,2,2,0.0
Tra Vinh,1992-02-03,1992,2,3,0.9287222449302834
Tra Vinh,1992-02-04,1992,2,4,0.0
Tra Vinh,1992-02-05,1992,2,5,0.0
Tra Vinh,1992-02-06,1992,2,6,0.0
Tra Vinh,1992-02-07,1992,2,7,0.0
Tra Vinh,1992-02-08,1992,2,8,0.0
Tra Vinh,1992-02-09,1992,2,9,0.0
Tra Vinh,1992-02-10,1992,2,10,0.0
Tra Vinh,1992-02-11,1992,2,11,0.0
Tra Vinh,1992-02-12,1992,2,12,0.0
Tra Vinh,1992-02-13,1992,2,13,0.0
Tra Vinh,1992-02-14,1992,2,14,0.0
Tra Vinh,1992-02-15,1992,2,15,0.0
Tra Vinh,1992-02-16,1992,2,16,0.0
Tra Vinh,1992-02-17,1992,2,17,0.0
Tra Vinh,1992-02-18,1992,2,18,0.0
Tra Vinh,1992-02-19,1992,2,19,0.0
Tra Vinh,1992-02-20,1992,2,20,0.0637660006773824
Tra Vinh,1992-02-21,1992,2,21,2.2946602809433245
Tra Vinh,1992-02-22,1992,2,22,1.3508899734736668
Tra Vinh,1992-02-23,1992,2,23,0.0
Tra Vinh,1992-02-24,1992,2,24,0.0
Tra Vinh,1992-02-25,1992,2,25,0.0
Tra Vinh,1992-02-26,1992,2,26,0.0
Tra Vinh,1992-02-27,1992,2,27,0.0
Tra Vinh,1992-02-28,1992,2,28,0.0
Tra Vinh,1992-02-29,1992,2,29,0.0
Tra Vinh,1992-03-01,1992,3,1,0.0
Tra Vinh,1992-03-02,1992,3,2,0.0
Tra Vinh,1992-03-03,1992,3,3,0.0
Tra Vinh,1992-03-04,1992,3,4,0.0
Tra Vinh,1992-03-05,1992,3,5,0.0303325952169771
Tra Vinh,1992-03-06,1992,3,6,0.0
Tra Vinh,1992-03-07,1992,3,7,0.0252736416029404
Tra Vinh,1992-03-08,1992,3,8,0.0
Tra Vinh,1992-03-09,1992,3,9,0.024595353253503
Tra Vinh,1992-03-10,1992,3,10,0.0
Tra Vinh,1992-03-11,1992,3,11,0.0013359634615691
Tra Vinh,1992-03-12,1992,3,12,0.0
Tra Vinh,1992-03-13,1992,3,13,0.0
Tra Vinh,1992-03-14,1992,3,14,0.0
Tra Vinh,1992-03-15,1992,3,15,0.0
Tra Vinh,1992-03-16,1992,3,16,0.0
Tra Vinh,1992-03-17,1992,3,17,0.0293787887244422
Tra Vinh,1992-03-18,1992,3,18,0.0
Tra Vinh,1992-03-19,1992,3,19,0.0
Tra Vinh,1992-03-20,1992,3,20,0.0
Tra Vinh,1992-03-21,1992,3,21,0.0
Tra Vinh,1992-03-22,1992,3,22,1.2175559877982316
Tra Vinh,1992-03-23,1992,3,23,0.0
Tra Vinh,1992-03-24,1992,3,24,0.0
Tra Vinh,1992-03-25,1992,3,25,0.0
Tra Vinh,1992-03-26,1992,3,26,0.0
Tra Vinh,1992-03-27,1992,3,27,0.0
Tra Vinh,1992-03-28,1992,3,28,0.0
Tra Vinh,1992-03-29,1992,3,29,0.0
Tra Vinh,1992-03-30,1992,3,30,0.0
Tra Vinh,1992-03-31,1992,3,31,0.0
Tra Vinh,1992-04-01,1992,4,1,0.0
Tra Vinh,1992-04-02,1992,4,2,0.0
Tra Vinh,1992-04-03,1992,4,3,0.0
Tra Vinh,1992-04-04,1992,4,4,0.0
Tra Vinh,1992-04-05,1992,4,5,0.0
Tra Vinh,1992-04-06,1992,4,6,0.0
Tra Vinh,1992-04-07,1992,4,7,0.0
Tra Vinh,1992-04-08,1992,4,8,0.0
Tra Vinh,1992-04-09,1992,4,9,0.0
Tra Vinh,1992-04-10,1992,4,10,0.0
Tra Vinh,1992-04-11,1992,4,11,0.0
Tra Vinh,1992-04-12,1992,4,12,1.4327478330930887
Tra Vinh,1992-04-13,1992,4,13,5.599590304245677
Tra Vinh,1992-04-14,1992,4,14,0.7917360273899124
Tra Vinh,1992-04-15,1992,4,15,0.0056853401206264
Tra Vinh,1992-04-16,1992,4,16,1.7291403819153968
Tra Vinh,1992-04-17,1992,4,17,0.192370992828602
Tra Vinh,1992-04-18,1992,4,18,1.2364273182200385
Tra Vinh,1992-04-19,1992,4,19,0.0
Tra Vinh,1992-04-20,1992,4,20,0.0
Tra Vinh,1992-04-21,1992,4,21,3.606307175152522
Tra Vinh,1992-04-22,1992,4,22,6.309099055771869
Tra Vinh,1992-04-23,1992,4,23,1.152177246489116
Tra Vinh,1992-04-24,1992,4,24,0.0
Tra Vinh,1992-04-25,1992,4,25,0.0
Tra Vinh,1992-04-26,1992,4,26,0.0
Tra Vinh,1992-04-27,1992,4,27,2.126046797730524
Tra Vinh,1992-04-28,1992,4,28,6.859367431198935
Tra Vinh,1992-04-29,1992,4,29,0.0
Tra Vinh,1992-04-30,1992,4,30,0.0
Tra Vinh,1992-05-01,1992,5,1,0.6753455446747931
Tra Vinh,1992-05-02,1992,5,2,1.0487062092905513
Tra Vinh,1992-05-03,1992,5,3,18.577255752405915
Tra Vinh,1992-05-04,1992,5,4,3.5512016582268813
Tra Vinh,1992-05-05,1992,5,5,0.0
Tra Vinh,1992-05-06,1992,5,6,0.0
Tra Vinh,1992-05-07,1992,5,7,1.3363304239716385
Tra Vinh,1992-05-08,1992,5,8,2.0888735882661384
Tra Vinh,1992-05-09,1992,5,9,5.514111661128106
Tra Vinh,1992-05-10,1992,5,10,4.300558384757011
Tra Vinh,1992-05-11,1992,5,11,0.5115081843543667
Tra Vinh,1992-05-12,1992,5,12,1.2995690193587288
Tra Vinh,1992-05-13,1992,5,13,0.0
Tra Vinh,1992-05-14,1992,5,14,0.0
Tra Vinh,1992-05-15,1992,5,15,9.742535363227171
Tra Vinh,1992-05-16,1992,5,16,2.1760275718471376
Tra Vinh,1992-05-17,1992,5,17,10.597452042978276
Tra Vinh,1992-05-18,1992,5,18,3.2247875230789824
Tra Vinh,1992-05-19,1992,5,19,25.68825002957841
Tra Vinh,1992-05-20,1992,5,20,4.583217190171134
Tra Vinh,1992-05-21,1992,5,21,2.810459941273898
Tra Vinh,1992-05-22,1992,5,22,3.039953849571309
Tra Vinh,1992-05-23,1992,5,23,7.762423378250546
Tra Vinh,1992-05-24,1992,5,24,5.859479427276481
Tra Vinh,1992-05-25,1992,5,25,5.0592879139298494
Tra Vinh,1992-05-26,1992,5,26,3.094473847878861
Tra Vinh,1992-05-27,1992,5,27,2.5760806004206334
Tra Vinh,1992-05-28,1992,5,28,2.1046441387718344
Tra Vinh,1992-05-29,1992,5,29,3.2712067303666483
Tra Vinh,1992-05-30,1992,5,30,2.4610263903731866
Tra Vinh,1992-05-31,1992,5,31,11.538719935581906
Tra Vinh,1992-06-01,1992,6,1,0.0422222681976861
Tra Vinh,1992-06-02,1992,6,2,1.6065867725796057
Tra Vinh,1992-06-03,1992,6,3,2.039294373709788
Tra Vinh,1992-06-04,1992,6,4,3.067890611880657
Tra Vinh,1992-06-05,1992,6,5,0.158385929152846
Tra Vinh,1992-06-06,1992,6,6,0.0
Tra Vinh,1992-06-07,1992,6,7,1.9394022328070288
Tra Vinh,1992-06-08,1992,6,8,2.999158684506423
Tra Vinh,1992-06-09,1992,6,9,16.504730299025983
Tra Vinh,1992-06-10,1992,6,10,5.759421750604952
Tra Vinh,1992-06-11,1992,6,11,13.923216958422728
Tra Vinh,1992-06-12,1992,6,12,11.25763007891938
Tra Vinh,1992-06-13,1992,6,13,12.752641517809762
Tra Vinh,1992-06-14,1992,6,14,12.7253092370401
Tra Vinh,1992-06-15,1992,6,15,26.339727429787423
Tra Vinh,1992-06-16,1992,6,16,16.13834102854721
Tra Vinh,1992-06-17,1992,6,17,10.968862765239448
Tra Vinh,1992-06-18,1992,6,18,0.0778835381893942
Tra Vinh,1992-06-19,1992,6,19,15.72092972503924
Tra Vinh,1992-06-20,1992,6,20,0.0
Tra Vinh,1992-06-21,1992,6,21,0.0
Tra Vinh,1992-06-22,1992,6,22,13.32436453362336
Tra Vinh,1992-06-23,1992,6,23,0.5198837929716349
Tra Vinh,1992-06-24,1992,6,24,9.702259569060438
Tra Vinh,1992-06-25,1992,6,25,7.576601318055507
Tra Vinh,1992-06-26,1992,6,26,25.090010356103857
Tra Vinh,1992-06-27,1992,6,27,5.609620225904576
Tra Vinh,1992-06-28,1992,6,28,0.1667008514340685
Tra Vinh,1992-06-29,1992,6,29,0.0
Tra Vinh,1992-06-30,1992,6,30,0.0
Tra Vinh,1992-07-01,1992,7,1,4.860744564639658
Tra Vinh,1992-07-02,1992,7,2,2.7599963973439885
Tra Vinh,1992-07-03,1992,7,3,0.0
Tra Vinh,1992-07-04,1992,7,4,1.9246965976419532
Tra Vinh,1992-07-05,1992,7,5,0.5391605262860734
Tra Vinh,1992-07-06,1992,7,6,0.0
Tra Vinh,1992-07-07,1992,7,7,14.344953776669945
Tra Vinh,1992-07-08,1992,7,8,17.643227502833632
Tra Vinh,1992-07-09,1992,7,9,11.746340600408931
Tra Vinh,1992-07-10,1992,7,10,0.6804486272761977
Tra Vinh,1992-07-11,1992,7,11,0.0
Tra Vinh,1992-07-12,1992,7,12,8.90445702307771
Tra Vinh,1992-07-13,1992,7,13,8.246481044630485
Tra Vinh,1992-07-14,1992,7,14,1.6739866755774062
Tra Vinh,1992-07-15,1992,7,15,2.5633824689175824
Tra Vinh,1992-07-16,1992,7,16,19.30302872644727
Tra Vinh,1992-07-17,1992,7,17,23.79204754318072
Tra Vinh,1992-07-18,1992,7,18,7.205915506179258
Tra Vinh,1992-07-19,1992,7,19,0.93359431038764
Tra Vinh,1992-07-20,1992,7,20,7.073342064822739
Tra Vinh,1992-07-21,1992,7,21,9.31860172318376
Tra Vinh,1992-07-22,1992,7,22,14.573064810234357
Tra Vinh,1992-07-23,1992,7,23,3.050424601831087
Tra Vinh,1992-07-24,1992,7,24,12.308074068274886
Tra Vinh,1992-07-25,1992,7,25,4.926890658082483
Tra Vinh,1992-07-26,1992,7,26,7.05336799622805
Tra Vinh,1992-07-27,1992,7,27,5.662237803956798
Tra Vinh,1992-07-28,1992,7,28,19.13351255444271
Tra Vinh,1992-07-29,1992,7,29,15.214005565202925
Tra Vinh,1992-07-30,1992,7,30,0.045585944833196
Tra Vinh,1992-07-31,1992,7,31,10.600654767561467
Tra Vinh,1992-08-01,1992,8,1,7.028947734212962
Tra Vinh,1992-08-02,1992,8,2,16.336498864353143
Tra Vinh,1992-08-03,1992,8,3,11.51066813763337
Tra Vinh,1992-08-04,1992,8,4,0.7184458394243876
Tra Vinh,1992-08-05,1992,8,5,1.2108894992286532
Tra Vinh,1992-08-06,1992,8,6,10.174881078941258
Tra Vinh,1992-08-07,1992,8,7,0.0
Tra Vinh,1992-08-08,1992,8,8,1.7313600749832465
Tra Vinh,1992-08-09,1992,8,9,28.544053589724783
Tra Vinh,1992-08-10,1992,8,10,48.46334824057262
Tra Vinh,1992-08-11,1992,8,11,0.0
Tra Vinh,1992-08-12,1992,8,12,9.880484699081592
Tra Vinh,1992-08-13,1992,8,13,2.965022122980243
Tra Vinh,1992-08-14,1992,8,14,1.1274574444357994
Tra Vinh,1992-08-15,1992,8,15,1.5197083410165524
Tra Vinh,1992-08-16,1992,8,16,4.445511974737095
Tra Vinh,1992-08-17,1992,8,17,9.803281581155124
Tra Vinh,1992-08-18,1992,8,18,9.533750416927912
Tra Vinh,1992-08-19,1992,8,19,13.079038105796744
Tra Vinh,1992-08-20,1992,8,20,10.763562325169657
Tra Vinh,1992-08-21,1992,8,21,13.464006294159471
Tra Vinh,1992-08-22,1992,8,22,15.6471897659698
Tra Vinh,1992-08-23,1992,8,23,3.885445493968384
Tra Vinh,1992-08-24,1992,8,24,5.2244657354312425
Tra Vinh,1992-08-25,1992,8,25,5.424315660371317
Tra Vinh,1992-08-26,1992,8,26,3.674994672896291
Tra Vinh,1992-08-27,1992,8,27,8.146625911800067
Tra Vinh,1992-08-28,1992,8,28,13.067298656450244
Tra Vinh,1992-08-29,1992,8,29,7.322420774432596
Tra Vinh,1992-08-30,1992,8,30,8.724061998196374
Tra Vinh,1992-08-31,1992,8,31,0.4295785505587734
Tra Vinh,1992-09-01,1992,9,1,0.0
Tra Vinh,1992-09-02,1992,9,2,2.7495134799770358
Tra Vinh,1992-09-03,1992,9,3,0.651276444479484
Tra Vinh,1992-09-04,1992,9,4,3.170704352074816
Tra Vinh,1992-09-05,1992,9,5,2.652298037121392
Tra Vinh,1992-09-06,1992,9,6,6.858485519325342
Tra Vinh,1992-09-07,1992,9,7,0.0
Tra Vinh,1992-09-08,1992,9,8,0.0
Tra Vinh,1992-09-09,1992,9,9,6.244760918091233
Tra Vinh,1992-09-10,1992,9,10,0.0
Tra Vinh,1992-09-11,1992,9,11,6.166327277319808
Tra Vinh,1992-09-12,1992,9,12,7.106449583197772
Tra Vinh,1992-09-13,1992,9,13,9.508108489958262
Tra Vinh,1992-09-14,1992,9,14,0.1183291266509685
Tra Vinh,1992-09-15,1992,9,15,0.0
Tra Vinh,1992-09-16,1992,9,16,10.098110325013916
Tra Vinh,1992-09-17,1992,9,17,30.054989416211484
Tra Vinh,1992-09-18,1992,9,18,13.91400654910873
Tra Vinh,1992-09-19,1992,9,19,13.199974205588932
Tra Vinh,1992-09-20,1992,9,20,21.47627740422537
Tra Vinh,1992-09-21,1992,9,21,7.017902581614674
Tra Vinh,1992-09-22,1992,9,22,18.008562736762407
Tra Vinh,1992-09-23,1992,9,23,12.53554523142052
Tra Vinh,1992-09-24,1992,9,24,8.493826606711176
Tra Vinh,1992-09-25,1992,9,25,0.1412505412970278
Tra Vinh,1992-09-26,1992,9,26,3.537250602339115
Tra Vinh,1992-09-27,1992,9,27,1.518336810697872
Tra Vinh,1992-09-28,1992,9,28,4.751360243521164
Tra Vinh,1992-09-29,1992,9,29,2.6530729715530943
Tra Vinh,1992-09-30,1992,9,30,0.2180950327451276
Tra Vinh,1992-10-01,1992,10,1,1.2328852399385988
Tra Vinh,1992-10-02,1992,10,2,11.165376746615769
Tra Vinh,1992-10-03,1992,10,3,7.042376072361503
Tra Vinh,1992-10-04,1992,10,4,13.5161943423436
Tra Vinh,1992-10-05,1992,10,5,23.48713121007237
Tra Vinh,1992-10-06,1992,10,6,3.1131600602908227
Tra Vinh,1992-10-07,1992,10,7,2.448688616890448
Tra Vinh,1992-10-08,1992,10,8,3.235493724929668
Tra Vinh,1992-10-09,1992,10,9,30.348562211731007
Tra Vinh,1992-10-10,1992,10,10,50.89073913501471
Tra Vinh,1992-10-11,1992,10,11,21.513476353110008
Tra Vinh,1992-10-12,1992,10,12,18.643034845575293
Tra Vinh,1992-10-13,1992,10,13,7.375325524747849
Tra Vinh,1992-10-14,1992,10,14,0.6283753844475324
Tra Vinh,1992-10-15,1992,10,15,2.230240925899301
Tra Vinh,1992-10-16,1992,10,16,19.69092401247952
Tra Vinh,1992-10-17,1992,10,17,32.22030073686687
Tra Vinh,1992-10-18,1992,10,18,34.12774518597568
Tra Vinh,1992-10-19,1992,10,19,17.03996219952248
Tra Vinh,1992-10-20,1992,10,20,16.3786406916228
Tra Vinh,1992-10-21,1992,10,21,0.0
Tra Vinh,1992-10-22,1992,10,22,3.0295095554942737
Tra Vinh,1992-10-23,1992,10,23,3.967345967310318
Tra Vinh,1992-10-24,1992,10,24,11.194734235288582
Tra Vinh,1992-10-25,1992,10,25,9.76136961013043
Tra Vinh,1992-10-26,1992,10,26,14.742889161657954
Tra Vinh,1992-10-27,1992,10,27,0.0
Tra Vinh,1992-10-28,1992,10,28,1.0104207647382974
Tra Vinh,1992-10-29,1992,10,29,10.73258426174335
Tra Vinh,1992-10-30,1992,10,30,3.07546458181936
Tra Vinh,1992-10-31,1992,10,31,4.011856574063752
Tra Vinh,1992-11-01,1992,11,1,0.0
Tra Vinh,1992-11-02,1992,11,2,0.1413269515157418
Tra Vinh,1992-11-03,1992,11,3,3.7234491005868646
Tra Vinh,1992-11-04,1992,11,4,0.6798426957747783
Tra Vinh,1992-11-05,1992,11,5,1.107086970742103
Tra Vinh,1992-11-06,1992,11,6,0.0
Tra Vinh,1992-11-07,1992,11,7,0.0
Tra Vinh,1992-11-08,1992,11,8,0.0
Tra Vinh,1992-11-09,1992,11,9,0.0
Tra Vinh,1992-11-10,1992,11,10,0.0
Tra Vinh,1992-11-11,1992,11,11,0.0
Tra Vinh,1992-11-12,1992,11,12,0.6941848385531778
Tra Vinh,1992-11-13,1992,11,13,16.113326817062823
Tra Vinh,1992-11-14,1992,11,14,12.69528768909513
Tra Vinh,1992-11-15,1992,11,15,0.0
Tra Vinh,1992-11-16,1992,11,16,0.0
Tra Vinh,1992-11-17,1992,11,17,0.0
Tra Vinh,1992-11-18,1992,11,18,0.0
Tra Vinh,1992-11-19,1992,11,19,0.0
Tra Vinh,1992-11-20,1992,11,20,0.0
Tra Vinh,1992-11-21,1992,11,21,0.0570485342337939
Tra Vinh,1992-11-22,1992,11,22,0.0
Tra Vinh,1992-11-23,1992,11,23,0.0
Tra Vinh,1992-11-24,1992,11,24,0.0
Tra Vinh,1992-11-25,1992,11,25,0.0
Tra Vinh,1992-11-26,1992,11,26,0.0
Tra Vinh,1992-11-27,1992,11,27,0.0
Tra Vinh,1992-11-28,1992,11,28,0.0
Tra Vinh,1992-11-29,1992,11,29,0.0
Tra Vinh,1992-11-30,1992,11,30,0.0
Tra Vinh,1992-12-01,1992,12,1,0.0
Tra Vinh,1992-12-02,1992,12,2,0.0
Tra Vinh,1992-12-03,1992,12,3,0.0
Tra Vinh,1992-12-04,1992,12,4,0.0
Tra Vinh,1992-12-05,1992,12,5,4.231804167661621
Tra Vinh,1992-12-06,1992,12,6,0.0690675159489086
Tra Vinh,1992-12-07,1992,12,7,2.136698151233156
Tra Vinh,1992-12-08,1992,12,8,0.0
Tra Vinh,1992-12-09,1992,12,9,0.0
Tra Vinh,1992-12-10,1992,12,10,0.0
Tra Vinh,1992-12-11,1992,12,11,0.0
Tra Vinh,1992-12-12,1992,12,12,0.0
Tra Vinh,1992-12-13,1992,12,13,0.0
Tra Vinh,1992-12-14,1992,12,14,0.0
Tra Vinh,1992-12-15,1992,12,15,0.0
Tra Vinh,1992-12-16,1992,12,16,0.0
Tra Vinh,1992-12-17,1992,12,17,0.2603447094562217
Tra Vinh,1992-12-18,1992,12,18,0.0
Tra Vinh,1992-12-19,1992,12,19,0.0
Tra Vinh,1992-12-20,1992,12,20,0.0
Tra Vinh,1992-12-21,1992,12,21,5.0639051456155375
Tra Vinh,1992-12-22,1992,12,22,13.387462252283656
Tra Vinh,1992-12-23,1992,12,23,2.2365039091895573
Tra Vinh,1992-12-24,1992,12,24,0.0
Tra Vinh,1992-12-25,1992,12,25,0.0
Tra Vinh,1992-12-26,1992,12,26,0.0
Tra Vinh,1992-12-27,1992,12,27,0.0
Tra Vinh,1992-12-28,1992,12,28,0.0
Tra Vinh,1992-12-29,1992,12,29,0.0
Tra Vinh,1992-12-30,1992,12,30,0.0
Tra Vinh,1992-12-31,1992,12,31,0.0
Tra Vinh,1993-01-01,1993,1,1,0.0
Tra Vinh,1993-01-02,1993,1,2,0.0
Tra Vinh,1993-01-03,1993,1,3,0.0
Tra Vinh,1993-01-04,1993,1,4,0.0
Tra Vinh,1993-01-05,1993,1,5,0.0
Tra Vinh,1993-01-06,1993,1,6,0.0
Tra Vinh,1993-01-07,1993,1,7,0.0
Tra Vinh,1993-01-08,1993,1,8,0.0
Tra Vinh,1993-01-09,1993,1,9,0.0
Tra Vinh,1993-01-10,1993,1,10,0.0
Tra Vinh,1993-01-11,1993,1,11,0.0
Tra Vinh,1993-01-12,1993,1,12,0.0
Tra Vinh,1993-01-13,1993,1,13,0.0
Tra Vinh,1993-01-14,1993,1,14,0.0
Tra Vinh,1993-01-15,1993,1,15,0.0
Tra Vinh,1993-01-16,1993,1,16,0.0
Tra Vinh,1993-01-17,1993,1,17,0.0193981822482618
Tra Vinh,1993-01-18,1993,1,18,0.0
Tra Vinh,1993-01-19,1993,1,19,0.0
Tra Vinh,1993-01-20,1993,1,20,0.0
Tra Vinh,1993-01-21,1993,1,21,0.0
Tra Vinh,1993-01-22,1993,1,22,0.0
Tra Vinh,1993-01-23,1993,1,23,0.2961689377618035
Tra Vinh,1993-01-24,1993,1,24,1.8633207823754327
Tra Vinh,1993-01-25,1993,1,25,0.2376052821133102
Tra Vinh,1993-01-26,1993,1,26,0.0
Tra Vinh,1993-01-27,1993,1,27,0.0
Tra Vinh,1993-01-28,1993,1,28,0.0
Tra Vinh,1993-01-29,1993,1,29,0.0
Tra Vinh,1993-01-30,1993,1,30,0.0
Tra Vinh,1993-01-31,1993,1,31,0.0
Tra Vinh,1993-02-01,1993,2,1,0.3770057775637053
Tra Vinh,1993-02-02,1993,2,2,0.0
Tra Vinh,1993-02-03,1993,2,3,0.0
Tra Vinh,1993-02-04,1993,2,4,0.0
Tra Vinh,1993-02-05,1993,2,5,0.0
Tra Vinh,1993-02-06,1993,2,6,0.0
Tra Vinh,1993-02-07,1993,2,7,0.0
Tra Vinh,1993-02-08,1993,2,8,0.0
Tra Vinh,1993-02-09,1993,2,9,0.0
Tra Vinh,1993-02-10,1993,2,10,0.0
Tra Vinh,1993-02-11,1993,2,11,0.0
Tra Vinh,1993-02-12,1993,2,12,0.0
Tra Vinh,1993-02-13,1993,2,13,0.0
Tra Vinh,1993-02-14,1993,2,14,0.0
Tra Vinh,1993-02-15,1993,2,15,0.0
Tra Vinh,1993-02-16,1993,2,16,0.0
Tra Vinh,1993-02-17,1993,2,17,0.0
Tra Vinh,1993-02-18,1993,2,18,0.0
Tra Vinh,1993-02-19,1993,2,19,0.0
Tra Vinh,1993-02-20,1993,2,20,0.0012265046386611
Tra Vinh,1993-02-21,1993,2,21,0.0402825241499075
Tra Vinh,1993-02-22,1993,2,22,0.0
Tra Vinh,1993-02-23,1993,2,23,0.0
Tra Vinh,1993-02-24,1993,2,24,0.0142124960702648
Tra Vinh,1993-02-25,1993,2,25,0.1953341264551023
Tra Vinh,1993-02-26,1993,2,26,0.0
Tra Vinh,1993-02-27,1993,2,27,0.0
Tra Vinh,1993-02-28,1993,2,28,0.0
Tra Vinh,1993-03-01,1993,3,1,0.0
Tra Vinh,1993-03-02,1993,3,2,0.0
Tra Vinh,1993-03-03,1993,3,3,0.0
Tra Vinh,1993-03-04,1993,3,4,0.0
Tra Vinh,1993-03-05,1993,3,5,0.0
Tra Vinh,1993-03-06,1993,3,6,0.0
Tra Vinh,1993-03-07,1993,3,7,0.0
Tra Vinh,1993-03-08,1993,3,8,0.0
Tra Vinh,1993-03-09,1993,3,9,0.0
Tra Vinh,1993-03-10,1993,3,10,0.0
Tra Vinh,1993-03-11,1993,3,11,0.0
Tra Vinh,1993-03-12,1993,3,12,0.0
Tra Vinh,1993-03-13,1993,3,13,0.0
Tra Vinh,1993-03-14,1993,3,14,0.0
Tra Vinh,1993-03-15,1993,3,15,0.0
Tra Vinh,1993-03-16,1993,3,16,1.25861410745672
Tra Vinh,1993-03-17,1993,3,17,0.0002411467123382291
Tra Vinh,1993-03-18,1993,3,18,0.0475437090307988
Tra Vinh,1993-03-19,1993,3,19,2.395760944221128
Tra Vinh,1993-03-20,1993,3,20,1.7209153222144715
Tra Vinh,1993-03-21,1993,3,21,0.0
Tra Vinh,1993-03-22,1993,3,22,0.0
Tra Vinh,1993-03-23,1993,3,23,0.0
Tra Vinh,1993-03-24,1993,3,24,0.0
Tra Vinh,1993-03-25,1993,3,25,0.0
Tra Vinh,1993-03-26,1993,3,26,0.0
Tra Vinh,1993-03-27,1993,3,27,0.0
Tra Vinh,1993-03-28,1993,3,28,0.0
Tra Vinh,1993-03-29,1993,3,29,0.0
Tra Vinh,1993-03-30,1993,3,30,0.0
Tra Vinh,1993-03-31,1993,3,31,0.0
Tra Vinh,1993-04-01,1993,4,1,0.0
Tra Vinh,1993-04-02,1993,4,2,0.0
Tra Vinh,1993-04-03,1993,4,3,0.0
Tra Vinh,1993-04-04,1993,4,4,0.0
Tra Vinh,1993-04-05,1993,4,5,0.0
Tra Vinh,1993-04-06,1993,4,6,0.0
Tra Vinh,1993-04-07,1993,4,7,0.0
Tra Vinh,1993-04-08,1993,4,8,0.0
Tra Vinh,1993-04-09,1993,4,9,0.5960469175061953
Tra Vinh,1993-04-10,1993,4,10,0.3546018802917816
Tra Vinh,1993-04-11,1993,4,11,0.0226730468722924
Tra Vinh,1993-04-12,1993,4,12,9.776870310602176
Tra Vinh,1993-04-13,1993,4,13,4.045550385152699
Tra Vinh,1993-04-14,1993,4,14,0.0
Tra Vinh,1993-04-15,1993,4,15,0.1699910786532327
Tra Vinh,1993-04-16,1993,4,16,0.0
Tra Vinh,1993-04-17,1993,4,17,0.1995634136392414
Tra Vinh,1993-04-18,1993,4,18,1.6472413430504251
Tra Vinh,1993-04-19,1993,4,19,0.2598768343512819
Tra Vinh,1993-04-20,1993,4,20,1.6770118661715427
Tra Vinh,1993-04-21,1993,4,21,0.0
Tra Vinh,1993-04-22,1993,4,22,0.0
Tra Vinh,1993-04-23,1993,4,23,0.8674634463444147
Tra Vinh,1993-04-24,1993,4,24,0.0
Tra Vinh,1993-04-25,1993,4,25,0.0
Tra Vinh,1993-04-26,1993,4,26,0.0
Tra Vinh,1993-04-27,1993,4,27,0.0
Tra Vinh,1993-04-28,1993,4,28,0.0
Tra Vinh,1993-04-29,1993,4,29,0.0
Tra Vinh,1993-04-30,1993,4,30,0.0
Tra Vinh,1993-05-01,1993,5,1,0.0
Tra Vinh,1993-05-02,1993,5,2,0.0
Tra Vinh,1993-05-03,1993,5,3,0.0
Tra Vinh,1993-05-04,1993,5,4,0.0
Tra Vinh,1993-05-05,1993,5,5,0.0
Tra Vinh,1993-05-06,1993,5,6,0.0
Tra Vinh,1993-05-07,1993,5,7,0.0
Tra Vinh,1993-05-08,1993,5,8,0.0
Tra Vinh,1993-05-09,1993,5,9,1.2652738525538394
Tra Vinh,1993-05-10,1993,5,10,2.215396390127201
Tra Vinh,1993-05-11,1993,5,11,1.6015968106436038
Tra Vinh,1993-05-12,1993,5,12,1.2677556904988836
Tra Vinh,1993-05-13,1993,5,13,0.0846025500212731
Tra Vinh,1993-05-14,1993,5,14,0.641637094554604
Tra Vinh,1993-05-15,1993,5,15,4.04453209920767
Tra Vinh,1993-05-16,1993,5,16,5.935687792633503
Tra Vinh,1993-05-17,1993,5,17,6.121262896452394
Tra Vinh,1993-05-18,1993,5,18,4.711633049740389
Tra Vinh,1993-05-19,1993,5,19,9.840100793690072
Tra Vinh,1993-05-20,1993,5,20,4.401155560214803
Tra Vinh,1993-05-21,1993,5,21,0.035530015507661
Tra Vinh,1993-05-22,1993,5,22,4.336121014331942
Tra Vinh,1993-05-23,1993,5,23,3.009175380794781
Tra Vinh,1993-05-24,1993,5,24,4.393056897550682
Tra Vinh,1993-05-25,1993,5,25,5.184194368624535
Tra Vinh,1993-05-26,1993,5,26,1.9803063281483169
Tra Vinh,1993-05-27,1993,5,27,1.81891481336496
Tra Vinh,1993-05-28,1993,5,28,0.7489887595849503
Tra Vinh,1993-05-29,1993,5,29,0.0054350427751849
Tra Vinh,1993-05-30,1993,5,30,0.0
Tra Vinh,1993-05-31,1993,5,31,1.014028508418112
Tra Vinh,1993-06-01,1993,6,1,0.0
Tra Vinh,1993-06-02,1993,6,2,0.0069977452617558
Tra Vinh,1993-06-03,1993,6,3,0.0
Tra Vinh,1993-06-04,1993,6,4,0.3374085308487279
Tra Vinh,1993-06-05,1993,6,5,4.213004452144056
Tra Vinh,1993-06-06,1993,6,6,7.034584312912377
Tra Vinh,1993-06-07,1993,6,7,6.13298108447448
Tra Vinh,1993-06-08,1993,6,8,4.304742636600273
Tra Vinh,1993-06-09,1993,6,9,1.3147275563853809
Tra Vinh,1993-06-10,1993,6,10,2.330252627419552
Tra Vinh,1993-06-11,1993,6,11,2.1304702531257727
Tra Vinh,1993-06-12,1993,6,12,1.7425965813565334
Tra Vinh,1993-06-13,1993,6,13,4.4091677109115
Tra Vinh,1993-06-14,1993,6,14,7.358937855345459
Tra Vinh,1993-06-15,1993,6,15,8.374847769247928
Tra Vinh,1993-06-16,1993,6,16,7.964995188694313
Tra Vinh,1993-06-17,1993,6,17,20.797420354302933
Tra Vinh,1993-06-18,1993,6,18,0.207721491134817
Tra Vinh,1993-06-19,1993,6,19,2.679175076126664
Tra Vinh,1993-06-20,1993,6,20,10.958379995339705
Tra Vinh,1993-06-21,1993,6,21,10.103934486972092
Tra Vinh,1993-06-22,1993,6,22,20.058881657009792
Tra Vinh,1993-06-23,1993,6,23,11.054162012688698
Tra Vinh,1993-06-24,1993,6,24,3.4509151415762074
Tra Vinh,1993-06-25,1993,6,25,0.8765897824251692
Tra Vinh,1993-06-26,1993,6,26,10.505787403150888
Tra Vinh,1993-06-27,1993,6,27,22.15372051649548
Tra Vinh,1993-06-28,1993,6,28,25.927238476262115
Tra Vinh,1993-06-29,1993,6,29,15.46850503922242
Tra Vinh,1993-06-30,1993,6,30,12.90085596238647
Tra Vinh,1993-07-01,1993,7,1,2.805915282845843
Tra Vinh,1993-07-02,1993,7,2,0.3063493779791466
Tra Vinh,1993-07-03,1993,7,3,2.003522726201758
Tra Vinh,1993-07-04,1993,7,4,6.193467553689046
Tra Vinh,1993-07-05,1993,7,5,6.653837831148391
Tra Vinh,1993-07-06,1993,7,6,0.8532038437457742
Tra Vinh,1993-07-07,1993,7,7,0.0
Tra Vinh,1993-07-08,1993,7,8,5.882744602959683
Tra Vinh,1993-07-09,1993,7,9,15.919320670665783
Tra Vinh,1993-07-10,1993,7,10,20.70869446412425
Tra Vinh,1993-07-11,1993,7,11,2.0938671522310126
Tra Vinh,1993-07-12,1993,7,12,1.7985176004893717
Tra Vinh,1993-07-13,1993,7,13,6.495716082595117
Tra Vinh,1993-07-14,1993,7,14,9.325126845122645
Tra Vinh,1993-07-15,1993,7,15,3.027833513649218
Tra Vinh,1993-07-16,1993,7,16,3.2179122178477457
Tra Vinh,1993-07-17,1993,7,17,0.0
Tra Vinh,1993-07-18,1993,7,18,3.172787003299405
Tra Vinh,1993-07-19,1993,7,19,4.5066711478341785
Tra Vinh,1993-07-20,1993,7,20,7.10416832576965
Tra Vinh,1993-07-21,1993,7,21,1.2491723224202116
Tra Vinh,1993-07-22,1993,7,22,1.830871611023144
Tra Vinh,1993-07-23,1993,7,23,3.8980549006497154
Tra Vinh,1993-07-24,1993,7,24,4.951319010762938
Tra Vinh,1993-07-25,1993,7,25,5.60136880728043
Tra Vinh,1993-07-26,1993,7,26,38.64636122762431
Tra Vinh,1993-07-27,1993,7,27,22.782972320728216
Tra Vinh,1993-07-28,1993,7,28,6.095991512027503
Tra Vinh,1993-07-29,1993,7,29,37.7340971234111
Tra Vinh,1993-07-30,1993,7,30,11.864487821655796
Tra Vinh,1993-07-31,1993,7,31,3.224824505380754
Tra Vinh,1993-08-01,1993,8,1,31.81323571745016
Tra Vinh,1993-08-02,1993,8,2,0.0
Tra Vinh,1993-08-03,1993,8,3,9.96380101494734
Tra Vinh,1993-08-04,1993,8,4,6.736030133540798
Tra Vinh,1993-08-05,1993,8,5,7.881715867302039
Tra Vinh,1993-08-06,1993,8,6,5.116091338817901
Tra Vinh,1993-08-07,1993,8,7,7.18959606707106
Tra Vinh,1993-08-08,1993,8,8,13.122429298583878
Tra Vinh,1993-08-09,1993,8,9,10.686806474890854
Tra Vinh,1993-08-10,1993,8,10,6.690870778671138
Tra Vinh,1993-08-11,1993,8,11,12.785294545396116
Tra Vinh,1993-08-12,1993,8,12,24.691081540613503
Tra Vinh,1993-08-13,1993,8,13,20.640870442976805
Tra Vinh,1993-08-14,1993,8,14,4.443003213423958
Tra Vinh,1993-08-15,1993,8,15,4.163930788129053
Tra Vinh,1993-08-16,1993,8,16,11.894555575321204
Tra Vinh,1993-08-17,1993,8,17,3.184851334913379
Tra Vinh,1993-08-18,1993,8,18,1.004061273943772
Tra Vinh,1993-08-19,1993,8,19,5.330816973982579
Tra Vinh,1993-08-20,1993,8,20,2.642496504436216
Tra Vinh,1993-08-21,1993,8,21,2.7530342480229857
Tra Vinh,1993-08-22,1993,8,22,10.168574874138487
Tra Vinh,1993-08-23,1993,8,23,2.2987455049498124
Tra Vinh,1993-08-24,1993,8,24,0.0
Tra Vinh,1993-08-25,1993,8,25,0.0
Tra Vinh,1993-08-26,1993,8,26,0.4163590725699263
Tra Vinh,1993-08-27,1993,8,27,15.3117707276805
Tra Vinh,1993-08-28,1993,8,28,13.127404612660586
Tra Vinh,1993-08-29,1993,8,29,2.7290507693749038
Tra Vinh,1993-08-30,1993,8,30,0.2311130363920395
Tra Vinh,1993-08-31,1993,8,31,4.3303742676448325
Tra Vinh,1993-09-01,1993,9,1,9.93580198901646
Tra Vinh,1993-09-02,1993,9,2,19.79077948964475
Tra Vinh,1993-09-03,1993,9,3,5.373512678071332
Tra Vinh,1993-09-04,1993,9,4,2.02255139056079
Tra Vinh,1993-09-05,1993,9,5,0.0
Tra Vinh,1993-09-06,1993,9,6,0.0
Tra Vinh,1993-09-07,1993,9,7,15.16494715003777
Tra Vinh,1993-09-08,1993,9,8,20.740930411720623
Tra Vinh,1993-09-09,1993,9,9,7.419561448822227
Tra Vinh,1993-09-10,1993,9,10,10.165861924081572
Tra Vinh,1993-09-11,1993,9,11,10.18015737211029
Tra Vinh,1993-09-12,1993,9,12,10.015821089800836
Tra Vinh,1993-09-13,1993,9,13,16.327388991693027
Tra Vinh,1993-09-14,1993,9,14,7.305455089430941
Tra Vinh,1993-09-15,1993,9,15,1.7108666432990518
Tra Vinh,1993-09-16,1993,9,16,10.02850817271088
Tra Vinh,1993-09-17,1993,9,17,5.26740144461021
Tra Vinh,1993-09-18,1993,9,18,13.29690830410291
Tra Vinh,1993-09-19,1993,9,19,9.762187054284883
Tra Vinh,1993-09-20,1993,9,20,5.533489806052249
Tra Vinh,1993-09-21,1993,9,21,5.754904993379217
Tra Vinh,1993-09-22,1993,9,22,4.21900287179309
Tra Vinh,1993-09-23,1993,9,23,4.685910974503867
Tra Vinh,1993-09-24,1993,9,24,19.853517311626927
Tra Vinh,1993-09-25,1993,9,25,6.669323614423694
Tra Vinh,1993-09-26,1993,9,26,3.884180449208009
Tra Vinh,1993-09-27,1993,9,27,1.410765195353654
Tra Vinh,1993-09-28,1993,9,28,2.6877208110591733
Tra Vinh,1993-09-29,1993,9,29,4.750111586521154
Tra Vinh,1993-09-30,1993,9,30,4.177245898982367
Tra Vinh,1993-10-01,1993,10,1,5.256257608321379
Tra Vinh,1993-10-02,1993,10,2,3.056944050991944
Tra Vinh,1993-10-03,1993,10,3,12.64682648180692
Tra Vinh,1993-10-04,1993,10,4,0.3155114962460546
Tra Vinh,1993-10-05,1993,10,5,7.145871598006559
Tra Vinh,1993-10-06,1993,10,6,52.82720352878766
Tra Vinh,1993-10-07,1993,10,7,40.05422661409268
Tra Vinh,1993-10-08,1993,10,8,18.724567173851312
Tra Vinh,1993-10-09,1993,10,9,9.077059583825411
Tra Vinh,1993-10-10,1993,10,10,0.0
Tra Vinh,1993-10-11,1993,10,11,0.0
Tra Vinh,1993-10-12,1993,10,12,0.0
Tra Vinh,1993-10-13,1993,10,13,19.05027785084279
Tra Vinh,1993-10-14,1993,10,14,0.2253702800050033
Tra Vinh,1993-10-15,1993,10,15,0.4324145864702317
Tra Vinh,1993-10-16,1993,10,16,4.804013017876566
Tra Vinh,1993-10-17,1993,10,17,5.017700935074746
Tra Vinh,1993-10-18,1993,10,18,0.0424300548213556
Tra Vinh,1993-10-19,1993,10,19,1.2616678746476095
Tra Vinh,1993-10-20,1993,10,20,4.995593577975061
Tra Vinh,1993-10-21,1993,10,21,10.13048119100114
Tra Vinh,1993-10-22,1993,10,22,0.0
Tra Vinh,1993-10-23,1993,10,23,2.456540781778413
Tra Vinh,1993-10-24,1993,10,24,16.993709309337188
Tra Vinh,1993-10-25,1993,10,25,6.627838771323246
Tra Vinh,1993-10-26,1993,10,26,6.141737230582096
Tra Vinh,1993-10-27,1993,10,27,9.692224548701772
Tra Vinh,1993-10-28,1993,10,28,1.2508753222115978
Tra Vinh,1993-10-29,1993,10,29,0.0
Tra Vinh,1993-10-30,1993,10,30,0.0
Tra Vinh,1993-10-31,1993,10,31,0.0
Tra Vinh,1993-11-01,1993,11,1,0.0
Tra Vinh,1993-11-02,1993,11,2,0.0
Tra Vinh,1993-11-03,1993,11,3,0.0
Tra Vinh,1993-11-04,1993,11,4,0.0
Tra Vinh,1993-11-05,1993,11,5,0.0
Tra Vinh,1993-11-06,1993,11,6,0.0
Tra Vinh,1993-11-07,1993,11,7,0.0
Tra Vinh,1993-11-08,1993,11,8,0.0
Tra Vinh,1993-11-09,1993,11,9,5.090517832271783
Tra Vinh,1993-11-10,1993,11,10,0.0
Tra Vinh,1993-11-11,1993,11,11,0.0
Tra Vinh,1993-11-12,1993,11,12,0.0901556657647931
Tra Vinh,1993-11-13,1993,11,13,0.0
Tra Vinh,1993-11-14,1993,11,14,0.0
Tra Vinh,1993-11-15,1993,11,15,0.0
Tra Vinh,1993-11-16,1993,11,16,2.8355356901960524
Tra Vinh,1993-11-17,1993,11,17,5.552343167503491
Tra Vinh,1993-11-18,1993,11,18,0.8374487442380649
Tra Vinh,1993-11-19,1993,11,19,20.956991196494236
Tra Vinh,1993-11-20,1993,11,20,0.7491909301605144
Tra Vinh,1993-11-21,1993,11,21,0.0
Tra Vinh,1993-11-22,1993,11,22,1.7669542747133506
Tra Vinh,1993-11-23,1993,11,23,8.811347000941835
Tra Vinh,1993-11-24,1993,11,24,0.0
Tra Vinh,1993-11-25,1993,11,25,0.0
Tra Vinh,1993-11-26,1993,11,26,37.50837184482909
Tra Vinh,1993-11-27,1993,11,27,14.645554000829373
Tra Vinh,1993-11-28,1993,11,28,6.573434042995844
Tra Vinh,1993-11-29,1993,11,29,4.295317962105628
Tra Vinh,1993-11-30,1993,11,30,0.0
Tra Vinh,1993-12-01,1993,12,1,0.0
Tra Vinh,1993-12-02,1993,12,2,0.9713481746413916
Tra Vinh,1993-12-03,1993,12,3,10.878443259427906
Tra Vinh,1993-12-04,1993,12,4,0.9503359822344528
Tra Vinh,1993-12-05,1993,12,5,15.306261112165176
Tra Vinh,1993-12-06,1993,12,6,1.3287935198444123
Tra Vinh,1993-12-07,1993,12,7,9.597763540644058
Tra Vinh,1993-12-08,1993,12,8,1.052582628261702
Tra Vinh,1993-12-09,1993,12,9,2.037887557217131
Tra Vinh,1993-12-10,1993,12,10,0.0
Tra Vinh,1993-12-11,1993,12,11,0.0
Tra Vinh,1993-12-12,1993,12,12,0.0
Tra Vinh,1993-12-13,1993,12,13,7.916917577164179
Tra Vinh,1993-12-14,1993,12,14,3.553051249928324
Tra Vinh,1993-12-15,1993,12,15,0.0
Tra Vinh,1993-12-16,1993,12,16,0.0
Tra Vinh,1993-12-17,1993,12,17,0.0
Tra Vinh,1993-12-18,1993,12,18,1.535403111826278
Tra Vinh,1993-12-19,1993,12,19,0.0
Tra Vinh,1993-12-20,1993,12,20,0.0
Tra Vinh,1993-12-21,1993,12,21,0.0
Tra Vinh,1993-12-22,1993,12,22,0.0
Tra Vinh,1993-12-23,1993,12,23,1.1451983334407734
Tra Vinh,1993-12-24,1993,12,24,1.0364720714750788
Tra Vinh,1993-12-25,1993,12,25,0.0
Tra Vinh,1993-12-26,1993,12,26,0.0
Tra Vinh,1993-12-27,1993,12,27,0.0
Tra Vinh,1993-12-28,1993,12,28,0.0
Tra Vinh,1993-12-29,1993,12,29,0.0
Tra Vinh,1993-12-30,1993,12,30,0.9680119832601426
Tra Vinh,1993-12-31,1993,12,31,0.0
Tra Vinh,1994-01-01,1994,1,1,0.7903964070656448
Tra Vinh,1994-01-02,1994,1,2,0.0
Tra Vinh,1994-01-03,1994,1,3,0.0
Tra Vinh,1994-01-04,1994,1,4,0.0
Tra Vinh,1994-01-05,1994,1,5,0.0
Tra Vinh,1994-01-06,1994,1,6,0.0
Tra Vinh,1994-01-07,1994,1,7,0.0
Tra Vinh,1994-01-08,1994,1,8,0.0
Tra Vinh,1994-01-09,1994,1,9,1.3229105572670323
Tra Vinh,1994-01-10,1994,1,10,0.0
Tra Vinh,1994-01-11,1994,1,11,0.2479481312256909
Tra Vinh,1994-01-12,1994,1,12,0.0
Tra Vinh,1994-01-13,1994,1,13,0.0
Tra Vinh,1994-01-14,1994,1,14,0.0
Tra Vinh,1994-01-15,1994,1,15,0.0
Tra Vinh,1994-01-16,1994,1,16,0.0
Tra Vinh,1994-01-17,1994,1,17,0.0
Tra Vinh,1994-01-18,1994,1,18,0.0
Tra Vinh,1994-01-19,1994,1,19,0.0
Tra Vinh,1994-01-20,1994,1,20,0.0
Tra Vinh,1994-01-21,1994,1,21,0.0
Tra Vinh,1994-01-22,1994,1,22,0.0
Tra Vinh,1994-01-23,1994,1,23,0.0
Tra Vinh,1994-01-24,1994,1,24,2.678907642858709
Tra Vinh,1994-01-25,1994,1,25,0.0
Tra Vinh,1994-01-26,1994,1,26,0.0
Tra Vinh,1994-01-27,1994,1,27,0.0
Tra Vinh,1994-01-28,1994,1,28,0.0
Tra Vinh,1994-01-29,1994,1,29,0.0
Tra Vinh,1994-01-30,1994,1,30,0.0
Tra Vinh,1994-01-31,1994,1,31,0.0
Tra Vinh,1994-02-01,1994,2,1,0.2623758268229915
Tra Vinh,1994-02-02,1994,2,2,0.0
Tra Vinh,1994-02-03,1994,2,3,0.0
Tra Vinh,1994-02-04,1994,2,4,0.0
Tra Vinh,1994-02-05,1994,2,5,0.0
Tra Vinh,1994-02-06,1994,2,6,0.0
Tra Vinh,1994-02-07,1994,2,7,0.0
Tra Vinh,1994-02-08,1994,2,8,0.0
Tra Vinh,1994-02-09,1994,2,9,0.0417299090908677
Tra Vinh,1994-02-10,1994,2,10,0.0
Tra Vinh,1994-02-11,1994,2,11,0.0
Tra Vinh,1994-02-12,1994,2,12,0.0
Tra Vinh,1994-02-13,1994,2,13,0.0
Tra Vinh,1994-02-14,1994,2,14,0.0
Tra Vinh,1994-02-15,1994,2,15,0.0
Tra Vinh,1994-02-16,1994,2,16,0.0
Tra Vinh,1994-02-17,1994,2,17,0.0
Tra Vinh,1994-02-18,1994,2,18,0.0
Tra Vinh,1994-02-19,1994,2,19,0.0
Tra Vinh,1994-02-20,1994,2,20,0.1530000756332073
Tra Vinh,1994-02-21,1994,2,21,0.0004884317958173494
Tra Vinh,1994-02-22,1994,2,22,0.0
Tra Vinh,1994-02-23,1994,2,23,0.0
Tra Vinh,1994-02-24,1994,2,24,0.0
Tra Vinh,1994-02-25,1994,2,25,0.0
Tra Vinh,1994-02-26,1994,2,26,0.0
Tra Vinh,1994-02-27,1994,2,27,0.0
Tra Vinh,1994-02-28,1994,2,28,0.0
Tra Vinh,1994-03-01,1994,3,1,0.0
Tra Vinh,1994-03-02,1994,3,2,0.0
Tra Vinh,1994-03-03,1994,3,3,0.0
Tra Vinh,1994-03-04,1994,3,4,0.0
Tra Vinh,1994-03-05,1994,3,5,0.0
Tra Vinh,1994-03-06,1994,3,6,3.079716788854928
Tra Vinh,1994-03-07,1994,3,7,0.0
Tra Vinh,1994-03-08,1994,3,8,0.0
Tra Vinh,1994-03-09,1994,3,9,0.0
Tra Vinh,1994-03-10,1994,3,10,0.0
Tra Vinh,1994-03-11,1994,3,11,0.0
Tra Vinh,1994-03-12,1994,3,12,0.0
Tra Vinh,1994-03-13,1994,3,13,0.0
Tra Vinh,1994-03-14,1994,3,14,0.0
Tra Vinh,1994-03-15,1994,3,15,0.0
Tra Vinh,1994-03-16,1994,3,16,4.773363253265765
Tra Vinh,1994-03-17,1994,3,17,0.0
Tra Vinh,1994-03-18,1994,3,18,0.0355670526738408
Tra Vinh,1994-03-19,1994,3,19,0.5158028606269957
Tra Vinh,1994-03-20,1994,3,20,0.0
Tra Vinh,1994-03-21,1994,3,21,0.0
Tra Vinh,1994-03-22,1994,3,22,0.0
Tra Vinh,1994-03-23,1994,3,23,0.0
Tra Vinh,1994-03-24,1994,3,24,0.2491724338616307
Tra Vinh,1994-03-25,1994,3,25,0.0
Tra Vinh,1994-03-26,1994,3,26,0.0
Tra Vinh,1994-03-27,1994,3,27,0.0
Tra Vinh,1994-03-28,1994,3,28,1.6249890917893328
Tra Vinh,1994-03-29,1994,3,29,2.1810320553890503
Tra Vinh,1994-03-30,1994,3,30,0.0
Tra Vinh,1994-03-31,1994,3,31,0.0
Tra Vinh,1994-04-01,1994,4,1,0.0
Tra Vinh,1994-04-02,1994,4,2,0.0
Tra Vinh,1994-04-03,1994,4,3,0.0
Tra Vinh,1994-04-04,1994,4,4,0.0
Tra Vinh,1994-04-05,1994,4,5,0.0
Tra Vinh,1994-04-06,1994,4,6,0.0908335137208221
Tra Vinh,1994-04-07,1994,4,7,0.2531711649482873
Tra Vinh,1994-04-08,1994,4,8,0.0416231069000884
Tra Vinh,1994-04-09,1994,4,9,1.37267671438574
Tra Vinh,1994-04-10,1994,4,10,0.8844940472570709
Tra Vinh,1994-04-11,1994,4,11,0.0
Tra Vinh,1994-04-12,1994,4,12,0.0
Tra Vinh,1994-04-13,1994,4,13,0.0
Tra Vinh,1994-04-14,1994,4,14,0.0
Tra Vinh,1994-04-15,1994,4,15,0.5284563512991325
Tra Vinh,1994-04-16,1994,4,16,1.9922011557024148
Tra Vinh,1994-04-17,1994,4,17,0.7731025524326564
Tra Vinh,1994-04-18,1994,4,18,0.1001988212960753
Tra Vinh,1994-04-19,1994,4,19,1.263942170187981
Tra Vinh,1994-04-20,1994,4,20,0.0040664755627296
Tra Vinh,1994-04-21,1994,4,21,0.0
Tra Vinh,1994-04-22,1994,4,22,0.0
Tra Vinh,1994-04-23,1994,4,23,0.0
Tra Vinh,1994-04-24,1994,4,24,0.0
Tra Vinh,1994-04-25,1994,4,25,0.0
Tra Vinh,1994-04-26,1994,4,26,0.0
Tra Vinh,1994-04-27,1994,4,27,0.0
Tra Vinh,1994-04-28,1994,4,28,0.0
Tra Vinh,1994-04-29,1994,4,29,0.0
Tra Vinh,1994-04-30,1994,4,30,0.0
Tra Vinh,1994-05-01,1994,5,1,0.0
Tra Vinh,1994-05-02,1994,5,2,0.0148436914698087
Tra Vinh,1994-05-03,1994,5,3,1.5964358634412106
Tra Vinh,1994-05-04,1994,5,4,0.1304788299966351
Tra Vinh,1994-05-05,1994,5,5,23.579714863243638
Tra Vinh,1994-05-06,1994,5,6,26.548581700335607
Tra Vinh,1994-05-07,1994,5,7,7.4900573862706015
Tra Vinh,1994-05-08,1994,5,8,10.24471875054216
Tra Vinh,1994-05-09,1994,5,9,11.460287050506036
Tra Vinh,1994-05-10,1994,5,10,3.177096416547763
Tra Vinh,1994-05-11,1994,5,11,0.0
Tra Vinh,1994-05-12,1994,5,12,0.5524419772231477
Tra Vinh,1994-05-13,1994,5,13,6.554614025445112
Tra Vinh,1994-05-14,1994,5,14,4.714039545763
Tra Vinh,1994-05-15,1994,5,15,6.217932627835966
Tra Vinh,1994-05-16,1994,5,16,2.2487126407163323
Tra Vinh,1994-05-17,1994,5,17,21.90546030608409
Tra Vinh,1994-05-18,1994,5,18,29.384589889262784
Tra Vinh,1994-05-19,1994,5,19,11.56925543418435
Tra Vinh,1994-05-20,1994,5,20,3.93831052550989
Tra Vinh,1994-05-21,1994,5,21,0.1909515578379401
Tra Vinh,1994-05-22,1994,5,22,0.0
Tra Vinh,1994-05-23,1994,5,23,3.9441245622628345
Tra Vinh,1994-05-24,1994,5,24,19.528313698188768
Tra Vinh,1994-05-25,1994,5,25,28.194255435937727
Tra Vinh,1994-05-26,1994,5,26,2.895746391594705
Tra Vinh,1994-05-27,1994,5,27,7.791852434160196
Tra Vinh,1994-05-28,1994,5,28,0.0
Tra Vinh,1994-05-29,1994,5,29,0.0064366674635254
Tra Vinh,1994-05-30,1994,5,30,1.753730127724578
Tra Vinh,1994-05-31,1994,5,31,2.055671170448184
Tra Vinh,1994-06-01,1994,6,1,6.5833728611724105
Tra Vinh,1994-06-02,1994,6,2,9.407106892704164
Tra Vinh,1994-06-03,1994,6,3,5.29985937856906
Tra Vinh,1994-06-04,1994,6,4,0.0
Tra Vinh,1994-06-05,1994,6,5,0.0
Tra Vinh,1994-06-06,1994,6,6,7.384989520984362
Tra Vinh,1994-06-07,1994,6,7,8.872735574915401
Tra Vinh,1994-06-08,1994,6,8,7.406483030327367
Tra Vinh,1994-06-09,1994,6,9,11.01404276553924
Tra Vinh,1994-06-10,1994,6,10,3.423886168506667
Tra Vinh,1994-06-11,1994,6,11,4.926250326545783
Tra Vinh,1994-06-12,1994,6,12,1.086035913354375
Tra Vinh,1994-06-13,1994,6,13,7.301631309526564
Tra Vinh,1994-06-14,1994,6,14,7.93977427621244
Tra Vinh,1994-06-15,1994,6,15,0.758642931728255
Tra Vinh,1994-06-16,1994,6,16,12.668205254013074
Tra Vinh,1994-06-17,1994,6,17,18.292308476698263
Tra Vinh,1994-06-18,1994,6,18,1.842522640890477
Tra Vinh,1994-06-19,1994,6,19,14.45696930789898
Tra Vinh,1994-06-20,1994,6,20,0.0
Tra Vinh,1994-06-21,1994,6,21,3.0213620589699746
Tra Vinh,1994-06-22,1994,6,22,3.3625614053880493
Tra Vinh,1994-06-23,1994,6,23,15.212925070062422
Tra Vinh,1994-06-24,1994,6,24,6.112600081717638
Tra Vinh,1994-06-25,1994,6,25,9.50401226438904
Tra Vinh,1994-06-26,1994,6,26,0.3328673710308462
Tra Vinh,1994-06-27,1994,6,27,12.33228623810967
Tra Vinh,1994-06-28,1994,6,28,22.98843844397283
Tra Vinh,1994-06-29,1994,6,29,22.821701661753856
Tra Vinh,1994-06-30,1994,6,30,4.280264033075681
Tra Vinh,1994-07-01,1994,7,1,0.0
Tra Vinh,1994-07-02,1994,7,2,18.192619623027937
Tra Vinh,1994-07-03,1994,7,3,0.1331626011894281
Tra Vinh,1994-07-04,1994,7,4,10.25418770794422
Tra Vinh,1994-07-05,1994,7,5,6.88607174907359
Tra Vinh,1994-07-06,1994,7,6,7.328299586765167
Tra Vinh,1994-07-07,1994,7,7,2.7187176460442584
Tra Vinh,1994-07-08,1994,7,8,0.860082277563345
Tra Vinh,1994-07-09,1994,7,9,0.2735235178105664
Tra Vinh,1994-07-10,1994,7,10,24.82617617265085
Tra Vinh,1994-07-11,1994,7,11,7.682836474527427
Tra Vinh,1994-07-12,1994,7,12,2.6960021567911445
Tra Vinh,1994-07-13,1994,7,13,7.0717520193603445
Tra Vinh,1994-07-14,1994,7,14,3.594518176455649
Tra Vinh,1994-07-15,1994,7,15,2.4641032578477446
Tra Vinh,1994-07-16,1994,7,16,7.714505076530715
Tra Vinh,1994-07-17,1994,7,17,9.64912858685408
Tra Vinh,1994-07-18,1994,7,18,20.545169614901475
Tra Vinh,1994-07-19,1994,7,19,34.510284471210085
Tra Vinh,1994-07-20,1994,7,20,8.227123876749113
Tra Vinh,1994-07-21,1994,7,21,1.058571118105165
Tra Vinh,1994-07-22,1994,7,22,0.0
Tra Vinh,1994-07-23,1994,7,23,0.2774920324107326
Tra Vinh,1994-07-24,1994,7,24,1.7900628588210616
Tra Vinh,1994-07-25,1994,7,25,6.992398816713085
Tra Vinh,1994-07-26,1994,7,26,4.205696416977675
Tra Vinh,1994-07-27,1994,7,27,0.0
Tra Vinh,1994-07-28,1994,7,28,12.99632220609138
Tra Vinh,1994-07-29,1994,7,29,24.81650480446048
Tra Vinh,1994-07-30,1994,7,30,5.841716178303111
Tra Vinh,1994-07-31,1994,7,31,13.815467277041286
Tra Vinh,1994-08-01,1994,8,1,11.837713382948312
Tra Vinh,1994-08-02,1994,8,2,3.041492414113617
Tra Vinh,1994-08-03,1994,8,3,9.537584563432768
Tra Vinh,1994-08-04,1994,8,4,4.411392940238579
Tra Vinh,1994-08-05,1994,8,5,0.914410257015306
Tra Vinh,1994-08-06,1994,8,6,2.484603171636451
Tra Vinh,1994-08-07,1994,8,7,0.4232122505630653
Tra Vinh,1994-08-08,1994,8,8,0.0
Tra Vinh,1994-08-09,1994,8,9,0.3957308629893717
Tra Vinh,1994-08-10,1994,8,10,0.0011355582110511
Tra Vinh,1994-08-11,1994,8,11,0.2795073863317033
Tra Vinh,1994-08-12,1994,8,12,0.0
Tra Vinh,1994-08-13,1994,8,13,0.0
Tra Vinh,1994-08-14,1994,8,14,0.0
Tra Vinh,1994-08-15,1994,8,15,3.825483903265903
Tra Vinh,1994-08-16,1994,8,16,9.747201284832965
Tra Vinh,1994-08-17,1994,8,17,3.3173099129306403
Tra Vinh,1994-08-18,1994,8,18,14.51019113410818
Tra Vinh,1994-08-19,1994,8,19,3.532719849316873
Tra Vinh,1994-08-20,1994,8,20,0.0
Tra Vinh,1994-08-21,1994,8,21,8.817470526275253
Tra Vinh,1994-08-22,1994,8,22,24.337225531479703
Tra Vinh,1994-08-23,1994,8,23,45.82984275762414
Tra Vinh,1994-08-24,1994,8,24,11.736946574271956
Tra Vinh,1994-08-25,1994,8,25,6.998509531614817
Tra Vinh,1994-08-26,1994,8,26,2.6132875526585444
Tra Vinh,1994-08-27,1994,8,27,7.151731259969228
Tra Vinh,1994-08-28,1994,8,28,17.488735432296153
Tra Vinh,1994-08-29,1994,8,29,3.332091077588777
Tra Vinh,1994-08-30,1994,8,30,10.674314962180429
Tra Vinh,1994-08-31,1994,8,31,6.879218016523815
Tra Vinh,1994-09-01,1994,9,1,0.0
Tra Vinh,1994-09-02,1994,9,2,2.6666966208397103
Tra Vinh,1994-09-03,1994,9,3,5.4616829348523845
Tra Vinh,1994-09-04,1994,9,4,24.22594602258465
Tra Vinh,1994-09-05,1994,9,5,22.2494627353736
Tra Vinh,1994-09-06,1994,9,6,9.14009723454148
Tra Vinh,1994-09-07,1994,9,7,0.0
Tra Vinh,1994-09-08,1994,9,8,2.17840797476673
Tra Vinh,1994-09-09,1994,9,9,3.851353249795338
Tra Vinh,1994-09-10,1994,9,10,17.196802646497662
Tra Vinh,1994-09-11,1994,9,11,0.0
Tra Vinh,1994-09-12,1994,9,12,3.4289348440454086
Tra Vinh,1994-09-13,1994,9,13,5.89744977631364
Tra Vinh,1994-09-14,1994,9,14,5.422409841417755
Tra Vinh,1994-09-15,1994,9,15,20.56204329129057
Tra Vinh,1994-09-16,1994,9,16,31.677704480971872
Tra Vinh,1994-09-17,1994,9,17,0.5524731652439404
Tra Vinh,1994-09-18,1994,9,18,1.1422955452407018
Tra Vinh,1994-09-19,1994,9,19,0.2354497903021702
Tra Vinh,1994-09-20,1994,9,20,2.036066152324875
Tra Vinh,1994-09-21,1994,9,21,0.2372460346538346
Tra Vinh,1994-09-22,1994,9,22,0.0
Tra Vinh,1994-09-23,1994,9,23,7.62742282544239
Tra Vinh,1994-09-24,1994,9,24,0.0312132038213013
Tra Vinh,1994-09-25,1994,9,25,0.2174361976819586
Tra Vinh,1994-09-26,1994,9,26,5.952411158178244
Tra Vinh,1994-09-27,1994,9,27,10.5633525574984
Tra Vinh,1994-09-28,1994,9,28,8.243093657171455
Tra Vinh,1994-09-29,1994,9,29,4.875064795661914
Tra Vinh,1994-09-30,1994,9,30,2.8297282526467376
Tra Vinh,1994-10-01,1994,10,1,0.0
Tra Vinh,1994-10-02,1994,10,2,18.07195679917588
Tra Vinh,1994-10-03,1994,10,3,22.299997225243224
Tra Vinh,1994-10-04,1994,10,4,0.0
Tra Vinh,1994-10-05,1994,10,5,10.5115394031612
Tra Vinh,1994-10-06,1994,10,6,0.0
Tra Vinh,1994-10-07,1994,10,7,12.535448547834322
Tra Vinh,1994-10-08,1994,10,8,0.6435623256002547
Tra Vinh,1994-10-09,1994,10,9,0.0126641048250676
Tra Vinh,1994-10-10,1994,10,10,0.0
Tra Vinh,1994-10-11,1994,10,11,11.378954097473132
Tra Vinh,1994-10-12,1994,10,12,10.509604758965123
Tra Vinh,1994-10-13,1994,10,13,7.743351906043597
Tra Vinh,1994-10-14,1994,10,14,1.8314474131768637
Tra Vinh,1994-10-15,1994,10,15,8.381103684193905
Tra Vinh,1994-10-16,1994,10,16,0.0
Tra Vinh,1994-10-17,1994,10,17,4.794309123981012
Tra Vinh,1994-10-18,1994,10,18,8.950844883918757
Tra Vinh,1994-10-19,1994,10,19,11.733064034646931
Tra Vinh,1994-10-20,1994,10,20,8.14509091245551
Tra Vinh,1994-10-21,1994,10,21,5.4764777518794805
Tra Vinh,1994-10-22,1994,10,22,0.0035731800197433
Tra Vinh,1994-10-23,1994,10,23,7.820296961771472
Tra Vinh,1994-10-24,1994,10,24,14.929344931606222
Tra Vinh,1994-10-25,1994,10,25,24.93680229728519
Tra Vinh,1994-10-26,1994,10,26,34.61130593837132
Tra Vinh,1994-10-27,1994,10,27,0.0
Tra Vinh,1994-10-28,1994,10,28,2.7415028893888462
Tra Vinh,1994-10-29,1994,10,29,20.41151760654895
Tra Vinh,1994-10-30,1994,10,30,0.0
Tra Vinh,1994-10-31,1994,10,31,0.0
Tra Vinh,1994-11-01,1994,11,1,0.0
Tra Vinh,1994-11-02,1994,11,2,0.0
Tra Vinh,1994-11-03,1994,11,3,0.0
Tra Vinh,1994-11-04,1994,11,4,0.0
Tra Vinh,1994-11-05,1994,11,5,3.696422289554248
Tra Vinh,1994-11-06,1994,11,6,2.286643122126143
Tra Vinh,1994-11-07,1994,11,7,0.0
Tra Vinh,1994-11-08,1994,11,8,0.0
Tra Vinh,1994-11-09,1994,11,9,0.0
Tra Vinh,1994-11-10,1994,11,10,0.0
Tra Vinh,1994-11-11,1994,11,11,0.0
Tra Vinh,1994-11-12,1994,11,12,0.0
Tra Vinh,1994-11-13,1994,11,13,11.99076061687531
Tra Vinh,1994-11-14,1994,11,14,0.0
Tra Vinh,1994-11-15,1994,11,15,0.0
Tra Vinh,1994-11-16,1994,11,16,0.0
Tra Vinh,1994-11-17,1994,11,17,0.0
Tra Vinh,1994-11-18,1994,11,18,0.0
Tra Vinh,1994-11-19,1994,11,19,0.0
Tra Vinh,1994-11-20,1994,11,20,0.0
Tra Vinh,1994-11-21,1994,11,21,0.0
Tra Vinh,1994-11-22,1994,11,22,0.0
Tra Vinh,1994-11-23,1994,11,23,41.96090444703784
Tra Vinh,1994-11-24,1994,11,24,12.359111202788672
Tra Vinh,1994-11-25,1994,11,25,0.0
Tra Vinh,1994-11-26,1994,11,26,0.0
Tra Vinh,1994-11-27,1994,11,27,0.0
Tra Vinh,1994-11-28,1994,11,28,0.0
Tra Vinh,1994-11-29,1994,11,29,0.7131586885052661
Tra Vinh,1994-11-30,1994,11,30,3.925675155363348
Tra Vinh,1994-12-01,1994,12,1,2.51030080592569
Tra Vinh,1994-12-02,1994,12,2,0.0
Tra Vinh,1994-12-03,1994,12,3,0.0
Tra Vinh,1994-12-04,1994,12,4,3.692883479894888
Tra Vinh,1994-12-05,1994,12,5,11.025578570259883
Tra Vinh,1994-12-06,1994,12,6,7.751625037568437
Tra Vinh,1994-12-07,1994,12,7,8.05975925005948
Tra Vinh,1994-12-08,1994,12,8,0.0
Tra Vinh,1994-12-09,1994,12,9,1.9048436827918125
Tra Vinh,1994-12-10,1994,12,10,0.0
Tra Vinh,1994-12-11,1994,12,11,0.0
Tra Vinh,1994-12-12,1994,12,12,0.0
Tra Vinh,1994-12-13,1994,12,13,0.0
Tra Vinh,1994-12-14,1994,12,14,0.0
Tra Vinh,1994-12-15,1994,12,15,0.0
Tra Vinh,1994-12-16,1994,12,16,0.0
Tra Vinh,1994-12-17,1994,12,17,0.0
Tra Vinh,1994-12-18,1994,12,18,0.0
Tra Vinh,1994-12-19,1994,12,19,1.0273653094291846
Tra Vinh,1994-12-20,1994,12,20,0.0061726656778869
Tra Vinh,1994-12-21,1994,12,21,0.0
Tra Vinh,1994-12-22,1994,12,22,0.0
Tra Vinh,1994-12-23,1994,12,23,0.0
Tra Vinh,1994-12-24,1994,12,24,0.0
Tra Vinh,1994-12-25,1994,12,25,0.0
Tra Vinh,1994-12-26,1994,12,26,0.0
Tra Vinh,1994-12-27,1994,12,27,0.0
Tra Vinh,1994-12-28,1994,12,28,0.0
Tra Vinh,1994-12-29,1994,12,29,0.0
Tra Vinh,1994-12-30,1994,12,30,0.0
Tra Vinh,1994-12-31,1994,12,31,0.0
Tra Vinh,1995-01-01,1995,1,1,0.0
Tra Vinh,1995-01-02,1995,1,2,0.0
Tra Vinh,1995-01-03,1995,1,3,0.0
Tra Vinh,1995-01-04,1995,1,4,0.060659350769039
Tra Vinh,1995-01-05,1995,1,5,0.0
Tra Vinh,1995-01-06,1995,1,6,0.0
Tra Vinh,1995-01-07,1995,1,7,0.0
Tra Vinh,1995-01-08,1995,1,8,0.0
Tra Vinh,1995-01-09,1995,1,9,0.0
Tra Vinh,1995-01-10,1995,1,10,0.0
Tra Vinh,1995-01-11,1995,1,11,0.0
Tra Vinh,1995-01-12,1995,1,12,0.0492260194709611
Tra Vinh,1995-01-13,1995,1,13,0.6712187528406346
Tra Vinh,1995-01-14,1995,1,14,0.0
Tra Vinh,1995-01-15,1995,1,15,0.0688211568781753
Tra Vinh,1995-01-16,1995,1,16,2.3767275781851245
Tra Vinh,1995-01-17,1995,1,17,0.0
Tra Vinh,1995-01-18,1995,1,18,0.0
Tra Vinh,1995-01-19,1995,1,19,1.5734361020829994
Tra Vinh,1995-01-20,1995,1,20,0.0
Tra Vinh,1995-01-21,1995,1,21,0.0
Tra Vinh,1995-01-22,1995,1,22,0.0
Tra Vinh,1995-01-23,1995,1,23,0.0
Tra Vinh,1995-01-24,1995,1,24,0.3181496960435419
Tra Vinh,1995-01-25,1995,1,25,2.960971556577148
Tra Vinh,1995-01-26,1995,1,26,0.0
Tra Vinh,1995-01-27,1995,1,27,0.0
Tra Vinh,1995-01-28,1995,1,28,0.0
Tra Vinh,1995-01-29,1995,1,29,0.0
Tra Vinh,1995-01-30,1995,1,30,0.0
Tra Vinh,1995-01-31,1995,1,31,0.0
Tra Vinh,1995-02-01,1995,2,1,0.0
Tra Vinh,1995-02-02,1995,2,2,0.0
Tra Vinh,1995-02-03,1995,2,3,0.0
Tra Vinh,1995-02-04,1995,2,4,0.0
Tra Vinh,1995-02-05,1995,2,5,0.0089692032722524
Tra Vinh,1995-02-06,1995,2,6,0.0
Tra Vinh,1995-02-07,1995,2,7,0.0
Tra Vinh,1995-02-08,1995,2,8,0.0
Tra Vinh,1995-02-09,1995,2,9,0.0
Tra Vinh,1995-02-10,1995,2,10,0.1548238731774179
Tra Vinh,1995-02-11,1995,2,11,0.0
Tra Vinh,1995-02-12,1995,2,12,0.0
Tra Vinh,1995-02-13,1995,2,13,0.0
Tra Vinh,1995-02-14,1995,2,14,3.78169428632466
Tra Vinh,1995-02-15,1995,2,15,0.0053816161666218
Tra Vinh,1995-02-16,1995,2,16,0.0
Tra Vinh,1995-02-17,1995,2,17,0.0
Tra Vinh,1995-02-18,1995,2,18,0.0
Tra Vinh,1995-02-19,1995,2,19,0.0
Tra Vinh,1995-02-20,1995,2,20,0.0963570218968435
Tra Vinh,1995-02-21,1995,2,21,0.0
Tra Vinh,1995-02-22,1995,2,22,0.0
Tra Vinh,1995-02-23,1995,2,23,0.0
Tra Vinh,1995-02-24,1995,2,24,0.0
Tra Vinh,1995-02-25,1995,2,25,0.5088921929651474
Tra Vinh,1995-02-26,1995,2,26,0.0
Tra Vinh,1995-02-27,1995,2,27,0.0
Tra Vinh,1995-02-28,1995,2,28,0.0
Tra Vinh,1995-03-01,1995,3,1,0.0
Tra Vinh,1995-03-02,1995,3,2,0.0
Tra Vinh,1995-03-03,1995,3,3,0.0
Tra Vinh,1995-03-04,1995,3,4,0.6818899411573681
Tra Vinh,1995-03-05,1995,3,5,0.0
Tra Vinh,1995-03-06,1995,3,6,0.0
Tra Vinh,1995-03-07,1995,3,7,0.0
Tra Vinh,1995-03-08,1995,3,8,0.0
Tra Vinh,1995-03-09,1995,3,9,0.0
Tra Vinh,1995-03-10,1995,3,10,0.0
Tra Vinh,1995-03-11,1995,3,11,0.0
Tra Vinh,1995-03-12,1995,3,12,0.0
Tra Vinh,1995-03-13,1995,3,13,0.0
Tra Vinh,1995-03-14,1995,3,14,0.0
Tra Vinh,1995-03-15,1995,3,15,0.0
Tra Vinh,1995-03-16,1995,3,16,0.0
Tra Vinh,1995-03-17,1995,3,17,0.0
Tra Vinh,1995-03-18,1995,3,18,0.0
Tra Vinh,1995-03-19,1995,3,19,0.0
Tra Vinh,1995-03-20,1995,3,20,1.7735656769954178
Tra Vinh,1995-03-21,1995,3,21,2.454789761612511
Tra Vinh,1995-03-22,1995,3,22,0.9552194245232256
Tra Vinh,1995-03-23,1995,3,23,0.0
Tra Vinh,1995-03-24,1995,3,24,0.0
Tra Vinh,1995-03-25,1995,3,25,0.9559033622145546
Tra Vinh,1995-03-26,1995,3,26,2.3555154126180176
Tra Vinh,1995-03-27,1995,3,27,0.0
Tra Vinh,1995-03-28,1995,3,28,0.0
Tra Vinh,1995-03-29,1995,3,29,0.0
Tra Vinh,1995-03-30,1995,3,30,0.0
Tra Vinh,1995-03-31,1995,3,31,0.0
Tra Vinh,1995-04-01,1995,4,1,0.0
Tra Vinh,1995-04-02,1995,4,2,0.0
Tra Vinh,1995-04-03,1995,4,3,0.011853786030243
Tra Vinh,1995-04-04,1995,4,4,0.0
Tra Vinh,1995-04-05,1995,4,5,1.3341818649544146
Tra Vinh,1995-04-06,1995,4,6,0.0
Tra Vinh,1995-04-07,1995,4,7,0.0
Tra Vinh,1995-04-08,1995,4,8,0.0
Tra Vinh,1995-04-09,1995,4,9,0.0
Tra Vinh,1995-04-10,1995,4,10,0.0
Tra Vinh,1995-04-11,1995,4,11,0.0
Tra Vinh,1995-04-12,1995,4,12,0.0
Tra Vinh,1995-04-13,1995,4,13,1.2503164719674895
Tra Vinh,1995-04-14,1995,4,14,0.0
Tra Vinh,1995-04-15,1995,4,15,0.0273892000758466
Tra Vinh,1995-04-16,1995,4,16,0.0
Tra Vinh,1995-04-17,1995,4,17,0.0
Tra Vinh,1995-04-18,1995,4,18,0.0
Tra Vinh,1995-04-19,1995,4,19,0.0
Tra Vinh,1995-04-20,1995,4,20,0.0
Tra Vinh,1995-04-21,1995,4,21,0.0
Tra Vinh,1995-04-22,1995,4,22,0.5497308682229185
Tra Vinh,1995-04-23,1995,4,23,0.0
Tra Vinh,1995-04-24,1995,4,24,0.0
Tra Vinh,1995-04-25,1995,4,25,1.4446264208433504
Tra Vinh,1995-04-26,1995,4,26,0.0
Tra Vinh,1995-04-27,1995,4,27,0.5478642394099454
Tra Vinh,1995-04-28,1995,4,28,5.137604674009332
Tra Vinh,1995-04-29,1995,4,29,0.0
Tra Vinh,1995-04-30,1995,4,30,1.1177099515928124
Tra Vinh,1995-05-01,1995,5,1,0.0
Tra Vinh,1995-05-02,1995,5,2,0.0
Tra Vinh,1995-05-03,1995,5,3,0.0
Tra Vinh,1995-05-04,1995,5,4,0.0
Tra Vinh,1995-05-05,1995,5,5,0.0
Tra Vinh,1995-05-06,1995,5,6,0.0
Tra Vinh,1995-05-07,1995,5,7,0.0
Tra Vinh,1995-05-08,1995,5,8,0.0
Tra Vinh,1995-05-09,1995,5,9,0.0
Tra Vinh,1995-05-10,1995,5,10,0.6323995444231079
Tra Vinh,1995-05-11,1995,5,11,4.171270759427405
Tra Vinh,1995-05-12,1995,5,12,8.241272359479893
Tra Vinh,1995-05-13,1995,5,13,21.039797660528496
Tra Vinh,1995-05-14,1995,5,14,13.9023616928432
Tra Vinh,1995-05-15,1995,5,15,0.0
Tra Vinh,1995-05-16,1995,5,16,8.66852308051574
Tra Vinh,1995-05-17,1995,5,17,17.31761050448572
Tra Vinh,1995-05-18,1995,5,18,7.263448791237224
Tra Vinh,1995-05-19,1995,5,19,2.224086687282269
Tra Vinh,1995-05-20,1995,5,20,0.0
Tra Vinh,1995-05-21,1995,5,21,3.492454170569081
Tra Vinh,1995-05-22,1995,5,22,2.171900918713304
Tra Vinh,1995-05-23,1995,5,23,0.0
Tra Vinh,1995-05-24,1995,5,24,3.835881370233635
Tra Vinh,1995-05-25,1995,5,25,17.1784666821307
Tra Vinh,1995-05-26,1995,5,26,10.375488567866071
Tra Vinh,1995-05-27,1995,5,27,19.525741262641414
Tra Vinh,1995-05-28,1995,5,28,7.88906223851023
Tra Vinh,1995-05-29,1995,5,29,1.060848793698841
Tra Vinh,1995-05-30,1995,5,30,13.353911633183245
Tra Vinh,1995-05-31,1995,5,31,20.991052144406
Tra Vinh,1995-06-01,1995,6,1,23.82292405588924
Tra Vinh,1995-06-02,1995,6,2,6.939592267624102
Tra Vinh,1995-06-03,1995,6,3,9.098630791385704
Tra Vinh,1995-06-04,1995,6,4,8.774870299183855
Tra Vinh,1995-06-05,1995,6,5,0.0
Tra Vinh,1995-06-06,1995,6,6,4.532668343258246
Tra Vinh,1995-06-07,1995,6,7,2.257575652630732
Tra Vinh,1995-06-08,1995,6,8,3.954453527203619
Tra Vinh,1995-06-09,1995,6,9,8.460312796083498
Tra Vinh,1995-06-10,1995,6,10,7.727850463933895
Tra Vinh,1995-06-11,1995,6,11,0.291297203213695
Tra Vinh,1995-06-12,1995,6,12,0.677226499571685
Tra Vinh,1995-06-13,1995,6,13,0.0108011593181739
Tra Vinh,1995-06-14,1995,6,14,0.2969937932497418
Tra Vinh,1995-06-15,1995,6,15,0.4050730192418665
Tra Vinh,1995-06-16,1995,6,16,10.659369465100658
Tra Vinh,1995-06-17,1995,6,17,10.492532033889296
Tra Vinh,1995-06-18,1995,6,18,9.281819030425885
Tra Vinh,1995-06-19,1995,6,19,0.9506556238907105
Tra Vinh,1995-06-20,1995,6,20,0.0
Tra Vinh,1995-06-21,1995,6,21,0.7148875120829083
Tra Vinh,1995-06-22,1995,6,22,5.329787944287584
Tra Vinh,1995-06-23,1995,6,23,20.08780572074732
Tra Vinh,1995-06-24,1995,6,24,3.7150919464116856
Tra Vinh,1995-06-25,1995,6,25,0.0
Tra Vinh,1995-06-26,1995,6,26,6.7641101296139245
Tra Vinh,1995-06-27,1995,6,27,14.097850996876687
Tra Vinh,1995-06-28,1995,6,28,22.22370516909316
Tra Vinh,1995-06-29,1995,6,29,18.759589204915425
Tra Vinh,1995-06-30,1995,6,30,14.839426931569111
Tra Vinh,1995-07-01,1995,7,1,20.85816230805731
Tra Vinh,1995-07-02,1995,7,2,0.1256138198453584
Tra Vinh,1995-07-03,1995,7,3,2.2736649627621928
Tra Vinh,1995-07-04,1995,7,4,8.47682687770164
Tra Vinh,1995-07-05,1995,7,5,0.0
Tra Vinh,1995-07-06,1995,7,6,12.572304950262794
Tra Vinh,1995-07-07,1995,7,7,11.144751718294236
Tra Vinh,1995-07-08,1995,7,8,10.56407224173747
Tra Vinh,1995-07-09,1995,7,9,6.771918762519211
Tra Vinh,1995-07-10,1995,7,10,16.207776285490045
Tra Vinh,1995-07-11,1995,7,11,7.356439529799466
Tra Vinh,1995-07-12,1995,7,12,1.63033464655461
Tra Vinh,1995-07-13,1995,7,13,2.304083410686808
Tra Vinh,1995-07-14,1995,7,14,1.677045407551301
Tra Vinh,1995-07-15,1995,7,15,5.810829132443638
Tra Vinh,1995-07-16,1995,7,16,5.93033467838453
Tra Vinh,1995-07-17,1995,7,17,0.0
Tra Vinh,1995-07-18,1995,7,18,0.0
Tra Vinh,1995-07-19,1995,7,19,0.0
Tra Vinh,1995-07-20,1995,7,20,8.804560232757805
Tra Vinh,1995-07-21,1995,7,21,4.121059367977616
Tra Vinh,1995-07-22,1995,7,22,9.297941649777671
Tra Vinh,1995-07-23,1995,7,23,2.83082007134452
Tra Vinh,1995-07-24,1995,7,24,6.77724450568735
Tra Vinh,1995-07-25,1995,7,25,0.2823199882902037
Tra Vinh,1995-07-26,1995,7,26,0.4390671829372383
Tra Vinh,1995-07-27,1995,7,27,3.818687631550947
Tra Vinh,1995-07-28,1995,7,28,1.0640707230678026
Tra Vinh,1995-07-29,1995,7,29,11.030490563367191
Tra Vinh,1995-07-30,1995,7,30,21.468466945401573
Tra Vinh,1995-07-31,1995,7,31,0.9214458998521412
Tra Vinh,1995-08-01,1995,8,1,0.0701467518890456
Tra Vinh,1995-08-02,1995,8,2,3.09796138787975
Tra Vinh,1995-08-03,1995,8,3,24.364092562898765
Tra Vinh,1995-08-04,1995,8,4,4.550199657418654
Tra Vinh,1995-08-05,1995,8,5,8.35438506554717
Tra Vinh,1995-08-06,1995,8,6,5.940636622287971
Tra Vinh,1995-08-07,1995,8,7,2.5738680282168365
Tra Vinh,1995-08-08,1995,8,8,10.585780588769495
Tra Vinh,1995-08-09,1995,8,9,0.0
Tra Vinh,1995-08-10,1995,8,10,0.0
Tra Vinh,1995-08-11,1995,8,11,0.7392443196884031
Tra Vinh,1995-08-12,1995,8,12,1.6093440138622896
Tra Vinh,1995-08-13,1995,8,13,4.271738697651902
Tra Vinh,1995-08-14,1995,8,14,4.433650521064224
Tra Vinh,1995-08-15,1995,8,15,3.2863192724247794
Tra Vinh,1995-08-16,1995,8,16,2.674745310916643
Tra Vinh,1995-08-17,1995,8,17,5.084797809689558
Tra Vinh,1995-08-18,1995,8,18,3.897995657730819
Tra Vinh,1995-08-19,1995,8,19,2.9424693046399857
Tra Vinh,1995-08-20,1995,8,20,7.917557698285372
Tra Vinh,1995-08-21,1995,8,21,9.227538976645658
Tra Vinh,1995-08-22,1995,8,22,14.395209035935393
Tra Vinh,1995-08-23,1995,8,23,10.55075726340688
Tra Vinh,1995-08-24,1995,8,24,7.029152541195648
Tra Vinh,1995-08-25,1995,8,25,21.426628755140808
Tra Vinh,1995-08-26,1995,8,26,18.4371456075208
Tra Vinh,1995-08-27,1995,8,27,16.14386191766894
Tra Vinh,1995-08-28,1995,8,28,18.670892759166207
Tra Vinh,1995-08-29,1995,8,29,15.543783833068389
Tra Vinh,1995-08-30,1995,8,30,10.412997335251603
Tra Vinh,1995-08-31,1995,8,31,17.52191239433327
Tra Vinh,1995-09-01,1995,9,1,4.513788422733692
Tra Vinh,1995-09-02,1995,9,2,9.67343270927489
Tra Vinh,1995-09-03,1995,9,3,28.136468770219786
Tra Vinh,1995-09-04,1995,9,4,7.531662705149712
Tra Vinh,1995-09-05,1995,9,5,3.574357235800695
Tra Vinh,1995-09-06,1995,9,6,9.917878649205
Tra Vinh,1995-09-07,1995,9,7,16.56774339012066
Tra Vinh,1995-09-08,1995,9,8,1.565985857410799
Tra Vinh,1995-09-09,1995,9,9,25.73471777451757
Tra Vinh,1995-09-10,1995,9,10,27.16732075097357
Tra Vinh,1995-09-11,1995,9,11,7.827626665107036
Tra Vinh,1995-09-12,1995,9,12,0.0
Tra Vinh,1995-09-13,1995,9,13,9.602825814421326
Tra Vinh,1995-09-14,1995,9,14,29.85422120054337
Tra Vinh,1995-09-15,1995,9,15,14.90261520068421
Tra Vinh,1995-09-16,1995,9,16,12.277440583296098
Tra Vinh,1995-09-17,1995,9,17,5.627872433747228
Tra Vinh,1995-09-18,1995,9,18,13.18094256233308
Tra Vinh,1995-09-19,1995,9,19,26.33272244719453
Tra Vinh,1995-09-20,1995,9,20,19.93723984394233
Tra Vinh,1995-09-21,1995,9,21,6.193318553188629
Tra Vinh,1995-09-22,1995,9,22,8.497968674908948
Tra Vinh,1995-09-23,1995,9,23,8.361044085176657
Tra Vinh,1995-09-24,1995,9,24,14.151266558243302
Tra Vinh,1995-09-25,1995,9,25,3.1629314242580384
Tra Vinh,1995-09-26,1995,9,26,0.4502324921179167
Tra Vinh,1995-09-27,1995,9,27,0.0
Tra Vinh,1995-09-28,1995,9,28,8.336003953439668
Tra Vinh,1995-09-29,1995,9,29,13.418910383383023
Tra Vinh,1995-09-30,1995,9,30,0.0
Tra Vinh,1995-10-01,1995,10,1,3.986464695296817
Tra Vinh,1995-10-02,1995,10,2,16.982936588702945
Tra Vinh,1995-10-03,1995,10,3,19.855559894197384
Tra Vinh,1995-10-04,1995,10,4,21.79297973800973
Tra Vinh,1995-10-05,1995,10,5,0.3475881350311596
Tra Vinh,1995-10-06,1995,10,6,19.73126156596784
Tra Vinh,1995-10-07,1995,10,7,5.077850813353511
Tra Vinh,1995-10-08,1995,10,8,0.0
Tra Vinh,1995-10-09,1995,10,9,14.53504418737566
Tra Vinh,1995-10-10,1995,10,10,15.74347975748674
Tra Vinh,1995-10-11,1995,10,11,26.316108823658475
Tra Vinh,1995-10-12,1995,10,12,1.284105719022716
Tra Vinh,1995-10-13,1995,10,13,0.0
Tra Vinh,1995-10-14,1995,10,14,0.0
Tra Vinh,1995-10-15,1995,10,15,0.1658776815638534
Tra Vinh,1995-10-16,1995,10,16,0.1701763379119166
Tra Vinh,1995-10-17,1995,10,17,0.0
Tra Vinh,1995-10-18,1995,10,18,1.0351635477003405
Tra Vinh,1995-10-19,1995,10,19,1.8064322323295137
Tra Vinh,1995-10-20,1995,10,20,3.0643691101990864
Tra Vinh,1995-10-21,1995,10,21,0.0
Tra Vinh,1995-10-22,1995,10,22,7.709916212568123
Tra Vinh,1995-10-23,1995,10,23,4.898176240435783
Tra Vinh,1995-10-24,1995,10,24,0.0
Tra Vinh,1995-10-25,1995,10,25,0.1693877616824911
Tra Vinh,1995-10-26,1995,10,26,15.844323540704355
Tra Vinh,1995-10-27,1995,10,27,0.5358421504446556
Tra Vinh,1995-10-28,1995,10,28,14.74355745800788
Tra Vinh,1995-10-29,1995,10,29,4.806209001762144
Tra Vinh,1995-10-30,1995,10,30,2.1969526189401525
Tra Vinh,1995-10-31,1995,10,31,0.6195086834674126
Tra Vinh,1995-11-01,1995,11,1,0.3067671838776359
Tra Vinh,1995-11-02,1995,11,2,2.672816463183067
Tra Vinh,1995-11-03,1995,11,3,0.935190575865368
Tra Vinh,1995-11-04,1995,11,4,15.65210573216962
Tra Vinh,1995-11-05,1995,11,5,0.0089688158369643
Tra Vinh,1995-11-06,1995,11,6,0.0
Tra Vinh,1995-11-07,1995,11,7,2.4600623699055784
Tra Vinh,1995-11-08,1995,11,8,0.0
Tra Vinh,1995-11-09,1995,11,9,1.9118946981731797
Tra Vinh,1995-11-10,1995,11,10,0.0210287851086024
Tra Vinh,1995-11-11,1995,11,11,0.0
Tra Vinh,1995-11-12,1995,11,12,0.6152952103527545
Tra Vinh,1995-11-13,1995,11,13,0.0
Tra Vinh,1995-11-14,1995,11,14,4.835001876665339
Tra Vinh,1995-11-15,1995,11,15,2.4339390290340064
Tra Vinh,1995-11-16,1995,11,16,3.0661828883676536
Tra Vinh,1995-11-17,1995,11,17,0.3586615238594196
Tra Vinh,1995-11-18,1995,11,18,12.165249540660245
Tra Vinh,1995-11-19,1995,11,19,20.924326836440997
Tra Vinh,1995-11-20,1995,11,20,2.6870189163243228
Tra Vinh,1995-11-21,1995,11,21,0.0628505280145482
Tra Vinh,1995-11-22,1995,11,22,2.1987180813410467
Tra Vinh,1995-11-23,1995,11,23,0.0404646057378782
Tra Vinh,1995-11-24,1995,11,24,6.953929100563446
Tra Vinh,1995-11-25,1995,11,25,38.42612201119154
Tra Vinh,1995-11-26,1995,11,26,31.54388945731053
Tra Vinh,1995-11-27,1995,11,27,13.358077292669034
Tra Vinh,1995-11-28,1995,11,28,0.0
Tra Vinh,1995-11-29,1995,11,29,0.0
Tra Vinh,1995-11-30,1995,11,30,7.099834393268366
Tra Vinh,1995-12-01,1995,12,1,1.77270450477052
Tra Vinh,1995-12-02,1995,12,2,0.4608926790808946
Tra Vinh,1995-12-03,1995,12,3,0.0
Tra Vinh,1995-12-04,1995,12,4,1.359930939729017
Tra Vinh,1995-12-05,1995,12,5,0.0
Tra Vinh,1995-12-06,1995,12,6,5.221654040468478
Tra Vinh,1995-12-07,1995,12,7,3.077800068780664
Tra Vinh,1995-12-08,1995,12,8,0.0
Tra Vinh,1995-12-09,1995,12,9,0.0
Tra Vinh,1995-12-10,1995,12,10,2.097577753588136
Tra Vinh,1995-12-11,1995,12,11,0.0
Tra Vinh,1995-12-12,1995,12,12,7.262898827793861
Tra Vinh,1995-12-13,1995,12,13,0.0
Tra Vinh,1995-12-14,1995,12,14,0.9337859649178673
Tra Vinh,1995-12-15,1995,12,15,0.0
Tra Vinh,1995-12-16,1995,12,16,0.0
Tra Vinh,1995-12-17,1995,12,17,0.0
Tra Vinh,1995-12-18,1995,12,18,0.0
Tra Vinh,1995-12-19,1995,12,19,0.0
Tra Vinh,1995-12-20,1995,12,20,1.1925009386915004
Tra Vinh,1995-12-21,1995,12,21,0.0
Tra Vinh,1995-12-22,1995,12,22,0.0
Tra Vinh,1995-12-23,1995,12,23,0.0
Tra Vinh,1995-12-24,1995,12,24,0.0
Tra Vinh,1995-12-25,1995,12,25,0.0
Tra Vinh,1995-12-26,1995,12,26,0.163272082530394
Tra Vinh,1995-12-27,1995,12,27,2.548752451342599
Tra Vinh,1995-12-28,1995,12,28,0.0330794310598306
Tra Vinh,1995-12-29,1995,12,29,0.0
Tra Vinh,1995-12-30,1995,12,30,0.0
Tra Vinh,1995-12-31,1995,12,31,0.0
Tra Vinh,1996-01-01,1996,1,1,0.0
Tra Vinh,1996-01-02,1996,1,2,0.991801504999506
Tra Vinh,1996-01-03,1996,1,3,0.0
Tra Vinh,1996-01-04,1996,1,4,0.0
Tra Vinh,1996-01-05,1996,1,5,0.0
Tra Vinh,1996-01-06,1996,1,6,0.0
Tra Vinh,1996-01-07,1996,1,7,0.0
Tra Vinh,1996-01-08,1996,1,8,0.0
Tra Vinh,1996-01-09,1996,1,9,0.0
Tra Vinh,1996-01-10,1996,1,10,0.0
Tra Vinh,1996-01-11,1996,1,11,0.0
Tra Vinh,1996-01-12,1996,1,12,0.0
Tra Vinh,1996-01-13,1996,1,13,0.0
Tra Vinh,1996-01-14,1996,1,14,0.0
Tra Vinh,1996-01-15,1996,1,15,0.0
Tra Vinh,1996-01-16,1996,1,16,0.0
Tra Vinh,1996-01-17,1996,1,17,0.0
Tra Vinh,1996-01-18,1996,1,18,0.0
Tra Vinh,1996-01-19,1996,1,19,0.2430046869788145
Tra Vinh,1996-01-20,1996,1,20,0.0
Tra Vinh,1996-01-21,1996,1,21,0.0
Tra Vinh,1996-01-22,1996,1,22,0.0759536187037537
Tra Vinh,1996-01-23,1996,1,23,0.758102595693987
Tra Vinh,1996-01-24,1996,1,24,0.0
Tra Vinh,1996-01-25,1996,1,25,0.0
Tra Vinh,1996-01-26,1996,1,26,0.0
Tra Vinh,1996-01-27,1996,1,27,0.0380886605056265
Tra Vinh,1996-01-28,1996,1,28,0.9617189541930554
Tra Vinh,1996-01-29,1996,1,29,1.3677805208111895
Tra Vinh,1996-01-30,1996,1,30,0.0
Tra Vinh,1996-01-31,1996,1,31,0.9116860151606906
Tra Vinh,1996-02-01,1996,2,1,2.677488302372043
Tra Vinh,1996-02-02,1996,2,2,0.016026271802453
Tra Vinh,1996-02-03,1996,2,3,0.0021146399680826
Tra Vinh,1996-02-04,1996,2,4,0.001294555899749
Tra Vinh,1996-02-05,1996,2,5,1.2427210809992013
Tra Vinh,1996-02-06,1996,2,6,1.054107312949596
Tra Vinh,1996-02-07,1996,2,7,0.0
Tra Vinh,1996-02-08,1996,2,8,0.0
Tra Vinh,1996-02-09,1996,2,9,0.3241298967739526
Tra Vinh,1996-02-10,1996,2,10,0.1918962329131671
Tra Vinh,1996-02-11,1996,2,11,0.1830117536830722
Tra Vinh,1996-02-12,1996,2,12,0.0
Tra Vinh,1996-02-13,1996,2,13,0.0
Tra Vinh,1996-02-14,1996,2,14,0.0
Tra Vinh,1996-02-15,1996,2,15,0.0
Tra Vinh,1996-02-16,1996,2,16,0.0
Tra Vinh,1996-02-17,1996,2,17,0.0
Tra Vinh,1996-02-18,1996,2,18,0.0
Tra Vinh,1996-02-19,1996,2,19,0.0
Tra Vinh,1996-02-20,1996,2,20,0.0
Tra Vinh,1996-02-21,1996,2,21,0.0
Tra Vinh,1996-02-22,1996,2,22,0.0
Tra Vinh,1996-02-23,1996,2,23,0.0
Tra Vinh,1996-02-24,1996,2,24,0.0
Tra Vinh,1996-02-25,1996,2,25,0.0
Tra Vinh,1996-02-26,1996,2,26,0.0
Tra Vinh,1996-02-27,1996,2,27,0.0
Tra Vinh,1996-02-28,1996,2,28,0.0
Tra Vinh,1996-02-29,1996,2,29,0.0
Tra Vinh,1996-03-01,1996,3,1,0.0
Tra Vinh,1996-03-02,1996,3,2,0.0
Tra Vinh,1996-03-03,1996,3,3,0.0
Tra Vinh,1996-03-04,1996,3,4,0.0
Tra Vinh,1996-03-05,1996,3,5,0.0
Tra Vinh,1996-03-06,1996,3,6,0.0
Tra Vinh,1996-03-07,1996,3,7,0.0
Tra Vinh,1996-03-08,1996,3,8,0.0
Tra Vinh,1996-03-09,1996,3,9,0.2487853897806516
Tra Vinh,1996-03-10,1996,3,10,0.0
Tra Vinh,1996-03-11,1996,3,11,0.0
Tra Vinh,1996-03-12,1996,3,12,0.0
Tra Vinh,1996-03-13,1996,3,13,0.0
Tra Vinh,1996-03-14,1996,3,14,0.0
Tra Vinh,1996-03-15,1996,3,15,0.0
Tra Vinh,1996-03-16,1996,3,16,0.0
Tra Vinh,1996-03-17,1996,3,17,0.0
Tra Vinh,1996-03-18,1996,3,18,0.0
Tra Vinh,1996-03-19,1996,3,19,0.0
Tra Vinh,1996-03-20,1996,3,20,0.0
Tra Vinh,1996-03-21,1996,3,21,0.0
Tra Vinh,1996-03-22,1996,3,22,0.118007182142195
Tra Vinh,1996-03-23,1996,3,23,0.0
Tra Vinh,1996-03-24,1996,3,24,0.0
Tra Vinh,1996-03-25,1996,3,25,0.0010996107053446
Tra Vinh,1996-03-26,1996,3,26,0.0
Tra Vinh,1996-03-27,1996,3,27,0.0
Tra Vinh,1996-03-28,1996,3,28,0.0
Tra Vinh,1996-03-29,1996,3,29,0.06258276842467
Tra Vinh,1996-03-30,1996,3,30,0.0
Tra Vinh,1996-03-31,1996,3,31,0.0
Tra Vinh,1996-04-01,1996,4,1,0.0
Tra Vinh,1996-04-02,1996,4,2,0.0
Tra Vinh,1996-04-03,1996,4,3,0.0
Tra Vinh,1996-04-04,1996,4,4,0.0
Tra Vinh,1996-04-05,1996,4,5,0.0
Tra Vinh,1996-04-06,1996,4,6,0.0
Tra Vinh,1996-04-07,1996,4,7,0.0
Tra Vinh,1996-04-08,1996,4,8,0.0
Tra Vinh,1996-04-09,1996,4,9,0.0444580118778894
Tra Vinh,1996-04-10,1996,4,10,0.3039041560634458
Tra Vinh,1996-04-11,1996,4,11,0.0
Tra Vinh,1996-04-12,1996,4,12,0.0
Tra Vinh,1996-04-13,1996,4,13,0.0
Tra Vinh,1996-04-14,1996,4,14,0.0
Tra Vinh,1996-04-15,1996,4,15,0.0
Tra Vinh,1996-04-16,1996,4,16,0.0
Tra Vinh,1996-04-17,1996,4,17,0.0
Tra Vinh,1996-04-18,1996,4,18,5.488193537631521
Tra Vinh,1996-04-19,1996,4,19,1.8030788406197047
Tra Vinh,1996-04-20,1996,4,20,3.6452234510745822
Tra Vinh,1996-04-21,1996,4,21,5.35123118818856
Tra Vinh,1996-04-22,1996,4,22,3.25924241645776
Tra Vinh,1996-04-23,1996,4,23,2.6749313736402285
Tra Vinh,1996-04-24,1996,4,24,0.0
Tra Vinh,1996-04-25,1996,4,25,0.0
Tra Vinh,1996-04-26,1996,4,26,0.0
Tra Vinh,1996-04-27,1996,4,27,0.0
Tra Vinh,1996-04-28,1996,4,28,0.0
Tra Vinh,1996-04-29,1996,4,29,0.0123641141280162
Tra Vinh,1996-04-30,1996,4,30,6.442910630457906
Tra Vinh,1996-05-01,1996,5,1,3.620780227427729
Tra Vinh,1996-05-02,1996,5,2,1.1857010380557522
Tra Vinh,1996-05-03,1996,5,3,1.9386264090051144
Tra Vinh,1996-05-04,1996,5,4,0.0
Tra Vinh,1996-05-05,1996,5,5,0.0
Tra Vinh,1996-05-06,1996,5,6,0.9720577361421826
Tra Vinh,1996-05-07,1996,5,7,3.504051690715712
Tra Vinh,1996-05-08,1996,5,8,8.226746926883434
Tra Vinh,1996-05-09,1996,5,9,7.797242686863489
Tra Vinh,1996-05-10,1996,5,10,6.498830060979656
Tra Vinh,1996-05-11,1996,5,11,8.008071252723543
Tra Vinh,1996-05-12,1996,5,12,4.950968651378463
Tra Vinh,1996-05-13,1996,5,13,16.922552169093063
Tra Vinh,1996-05-14,1996,5,14,10.151496278356843
Tra Vinh,1996-05-15,1996,5,15,0.4161677678793091
Tra Vinh,1996-05-16,1996,5,16,10.413445682388623
Tra Vinh,1996-05-17,1996,5,17,3.655922841838185
Tra Vinh,1996-05-18,1996,5,18,21.466088627961543
Tra Vinh,1996-05-19,1996,5,19,4.376906949433582
Tra Vinh,1996-05-20,1996,5,20,21.330000157190703
Tra Vinh,1996-05-21,1996,5,21,7.439339933903864
Tra Vinh,1996-05-22,1996,5,22,2.106285207471787
Tra Vinh,1996-05-23,1996,5,23,3.5762649707066734
Tra Vinh,1996-05-24,1996,5,24,6.38437237876367
Tra Vinh,1996-05-25,1996,5,25,0.494711003283955
Tra Vinh,1996-05-26,1996,5,26,23.395288787133588
Tra Vinh,1996-05-27,1996,5,27,15.581829171313656
Tra Vinh,1996-05-28,1996,5,28,18.183081177945866
Tra Vinh,1996-05-29,1996,5,29,3.5733059644699074
Tra Vinh,1996-05-30,1996,5,30,1.8882014623396983
Tra Vinh,1996-05-31,1996,5,31,3.1592139667459107
Tra Vinh,1996-06-01,1996,6,1,0.0332074370652523
Tra Vinh,1996-06-02,1996,6,2,2.222408342916006
Tra Vinh,1996-06-03,1996,6,3,1.6144519045920944
Tra Vinh,1996-06-04,1996,6,4,3.3390260687521907
Tra Vinh,1996-06-05,1996,6,5,0.0
Tra Vinh,1996-06-06,1996,6,6,6.390284960649553
Tra Vinh,1996-06-07,1996,6,7,6.303779228153199
Tra Vinh,1996-06-08,1996,6,8,13.441934564428813
Tra Vinh,1996-06-09,1996,6,9,2.677039408023201
Tra Vinh,1996-06-10,1996,6,10,16.330839052105706
Tra Vinh,1996-06-11,1996,6,11,12.887243649012326
Tra Vinh,1996-06-12,1996,6,12,18.323990322125752
Tra Vinh,1996-06-13,1996,6,13,18.861898967623187
Tra Vinh,1996-06-14,1996,6,14,12.050988026841267
Tra Vinh,1996-06-15,1996,6,15,19.05065541828475
Tra Vinh,1996-06-16,1996,6,16,15.49226674239248
Tra Vinh,1996-06-17,1996,6,17,10.442800299946374
Tra Vinh,1996-06-18,1996,6,18,21.429485053349005
Tra Vinh,1996-06-19,1996,6,19,0.9033697697980516
Tra Vinh,1996-06-20,1996,6,20,0.4239642499185165
Tra Vinh,1996-06-21,1996,6,21,4.414335592793708
Tra Vinh,1996-06-22,1996,6,22,0.5284883458124625
Tra Vinh,1996-06-23,1996,6,23,9.134161217081784
Tra Vinh,1996-06-24,1996,6,24,6.309347530093908
Tra Vinh,1996-06-25,1996,6,25,0.8268106497922308
Tra Vinh,1996-06-26,1996,6,26,0.0
Tra Vinh,1996-06-27,1996,6,27,2.26015408472952
Tra Vinh,1996-06-28,1996,6,28,7.304838393261352
Tra Vinh,1996-06-29,1996,6,29,0.0
Tra Vinh,1996-06-30,1996,6,30,0.9436057372461814
Tra Vinh,1996-07-01,1996,7,1,5.506368239231346
Tra Vinh,1996-07-02,1996,7,2,0.9905938622848344
Tra Vinh,1996-07-03,1996,7,3,1.1407596220496332
Tra Vinh,1996-07-04,1996,7,4,4.295718404224066
Tra Vinh,1996-07-05,1996,7,5,1.3819957592557874
Tra Vinh,1996-07-06,1996,7,6,6.774346200415098
Tra Vinh,1996-07-07,1996,7,7,2.5581254511995146
Tra Vinh,1996-07-08,1996,7,8,6.309063621692335
Tra Vinh,1996-07-09,1996,7,9,1.4714936596095014
Tra Vinh,1996-07-10,1996,7,10,2.529749399915972
Tra Vinh,1996-07-11,1996,7,11,0.9413545222410444
Tra Vinh,1996-07-12,1996,7,12,0.6918338557808177
Tra Vinh,1996-07-13,1996,7,13,2.9835827164472986
Tra Vinh,1996-07-14,1996,7,14,2.117057260273052
Tra Vinh,1996-07-15,1996,7,15,18.111158430301074
Tra Vinh,1996-07-16,1996,7,16,8.820340263766058
Tra Vinh,1996-07-17,1996,7,17,6.44955586523648
Tra Vinh,1996-07-18,1996,7,18,6.452371932847775
Tra Vinh,1996-07-19,1996,7,19,6.258498377283759
Tra Vinh,1996-07-20,1996,7,20,11.811995344996262
Tra Vinh,1996-07-21,1996,7,21,4.938057059056741
Tra Vinh,1996-07-22,1996,7,22,18.044416106948077
Tra Vinh,1996-07-23,1996,7,23,31.51470125999861
Tra Vinh,1996-07-24,1996,7,24,8.51169107750132
Tra Vinh,1996-07-25,1996,7,25,3.790003548264604
Tra Vinh,1996-07-26,1996,7,26,5.669594254028047
Tra Vinh,1996-07-27,1996,7,27,10.045051198444424
Tra Vinh,1996-07-28,1996,7,28,19.998207756856043
Tra Vinh,1996-07-29,1996,7,29,5.90266119020911
Tra Vinh,1996-07-30,1996,7,30,15.86087279073474
Tra Vinh,1996-07-31,1996,7,31,0.0
Tra Vinh,1996-08-01,1996,8,1,0.0299865066729917
Tra Vinh,1996-08-02,1996,8,2,0.0
Tra Vinh,1996-08-03,1996,8,3,22.214154153924643
Tra Vinh,1996-08-04,1996,8,4,12.355106327887247
Tra Vinh,1996-08-05,1996,8,5,0.6833729762714581
Tra Vinh,1996-08-06,1996,8,6,0.0
Tra Vinh,1996-08-07,1996,8,7,21.389505719575823
Tra Vinh,1996-08-08,1996,8,8,8.797658228050523
Tra Vinh,1996-08-09,1996,8,9,9.952546402187616
Tra Vinh,1996-08-10,1996,8,10,0.0191924772202224
Tra Vinh,1996-08-11,1996,8,11,3.908257879965402
Tra Vinh,1996-08-12,1996,8,12,9.309436476860611
Tra Vinh,1996-08-13,1996,8,13,5.493392571233491
Tra Vinh,1996-08-14,1996,8,14,1.7336900648101077
Tra Vinh,1996-08-15,1996,8,15,0.0
Tra Vinh,1996-08-16,1996,8,16,0.0
Tra Vinh,1996-08-17,1996,8,17,0.0
Tra Vinh,1996-08-18,1996,8,18,7.093886632745601
Tra Vinh,1996-08-19,1996,8,19,14.737339045953718
Tra Vinh,1996-08-20,1996,8,20,0.2697844420699394
Tra Vinh,1996-08-21,1996,8,21,8.944297378055452
Tra Vinh,1996-08-22,1996,8,22,12.822022448182205
Tra Vinh,1996-08-23,1996,8,23,12.203601518716278
Tra Vinh,1996-08-24,1996,8,24,1.0555120725926928
Tra Vinh,1996-08-25,1996,8,25,6.038119485913657
Tra Vinh,1996-08-26,1996,8,26,2.942358747025279
Tra Vinh,1996-08-27,1996,8,27,3.137818247635425
Tra Vinh,1996-08-28,1996,8,28,0.0
Tra Vinh,1996-08-29,1996,8,29,0.0
Tra Vinh,1996-08-30,1996,8,30,9.573083356300618
Tra Vinh,1996-08-31,1996,8,31,2.844256851353848
Tra Vinh,1996-09-01,1996,9,1,5.114242140780314
Tra Vinh,1996-09-02,1996,9,2,2.7710025366277837
Tra Vinh,1996-09-03,1996,9,3,2.0932323705728013
Tra Vinh,1996-09-04,1996,9,4,6.676966823307448
Tra Vinh,1996-09-05,1996,9,5,3.328614170977002
Tra Vinh,1996-09-06,1996,9,6,4.955269633102807
Tra Vinh,1996-09-07,1996,9,7,3.4292144148048416
Tra Vinh,1996-09-08,1996,9,8,14.01962569391134
Tra Vinh,1996-09-09,1996,9,9,12.037060611488997
Tra Vinh,1996-09-10,1996,9,10,20.812925974935748
Tra Vinh,1996-09-11,1996,9,11,8.018967725648743
Tra Vinh,1996-09-12,1996,9,12,5.572093259621545
Tra Vinh,1996-09-13,1996,9,13,0.0115491298807978
Tra Vinh,1996-09-14,1996,9,14,8.911375245090545
Tra Vinh,1996-09-15,1996,9,15,0.0
Tra Vinh,1996-09-16,1996,9,16,0.0186091285904228
Tra Vinh,1996-09-17,1996,9,17,17.802357681800252
Tra Vinh,1996-09-18,1996,9,18,11.452514352605997
Tra Vinh,1996-09-19,1996,9,19,5.733229204632592
Tra Vinh,1996-09-20,1996,9,20,3.960621459414373
Tra Vinh,1996-09-21,1996,9,21,1.1123279285100618
Tra Vinh,1996-09-22,1996,9,22,0.0022682921181423
Tra Vinh,1996-09-23,1996,9,23,6.744073950675524
Tra Vinh,1996-09-24,1996,9,24,0.0
Tra Vinh,1996-09-25,1996,9,25,6.678343482021186
Tra Vinh,1996-09-26,1996,9,26,33.76324759790464
Tra Vinh,1996-09-27,1996,9,27,12.443607804631291
Tra Vinh,1996-09-28,1996,9,28,0.0
Tra Vinh,1996-09-29,1996,9,29,35.90763778863492
Tra Vinh,1996-09-30,1996,9,30,41.85405515951641
Tra Vinh,1996-10-01,1996,10,1,12.009191620139882
Tra Vinh,1996-10-02,1996,10,2,0.0
Tra Vinh,1996-10-03,1996,10,3,20.349432068929637
Tra Vinh,1996-10-04,1996,10,4,0.947539791666138
Tra Vinh,1996-10-05,1996,10,5,4.234489747616333
Tra Vinh,1996-10-06,1996,10,6,0.8180353617452035
Tra Vinh,1996-10-07,1996,10,7,0.0005476545712591867
Tra Vinh,1996-10-08,1996,10,8,3.390255699142219
Tra Vinh,1996-10-09,1996,10,9,17.158427992131287
Tra Vinh,1996-10-10,1996,10,10,17.536523733686245
Tra Vinh,1996-10-11,1996,10,11,21.38573657526447
Tra Vinh,1996-10-12,1996,10,12,0.6228667001999888
Tra Vinh,1996-10-13,1996,10,13,0.0
Tra Vinh,1996-10-14,1996,10,14,12.038993617520688
Tra Vinh,1996-10-15,1996,10,15,0.1667014885217853
Tra Vinh,1996-10-16,1996,10,16,8.196359580493246
Tra Vinh,1996-10-17,1996,10,17,26.718859803682705
Tra Vinh,1996-10-18,1996,10,18,15.185286593677766
Tra Vinh,1996-10-19,1996,10,19,18.05666825753797
Tra Vinh,1996-10-20,1996,10,20,4.648722605295866
Tra Vinh,1996-10-21,1996,10,21,8.013014512203155
Tra Vinh,1996-10-22,1996,10,22,22.65555877668828
Tra Vinh,1996-10-23,1996,10,23,22.15981314539889
Tra Vinh,1996-10-24,1996,10,24,3.673360088431408
Tra Vinh,1996-10-25,1996,10,25,13.28020023192547
Tra Vinh,1996-10-26,1996,10,26,22.184678654558983
Tra Vinh,1996-10-27,1996,10,27,0.0012236271064383
Tra Vinh,1996-10-28,1996,10,28,0.3162698984268446
Tra Vinh,1996-10-29,1996,10,29,25.20614855722093
Tra Vinh,1996-10-30,1996,10,30,44.36539888333026
Tra Vinh,1996-10-31,1996,10,31,7.715399810467415
Tra Vinh,1996-11-01,1996,11,1,14.032257945777731
Tra Vinh,1996-11-02,1996,11,2,12.12864453688184
Tra Vinh,1996-11-03,1996,11,3,13.427474787954138
Tra Vinh,1996-11-04,1996,11,4,2.019138423932073
Tra Vinh,1996-11-05,1996,11,5,2.6901134193830445
Tra Vinh,1996-11-06,1996,11,6,2.170132296868668
Tra Vinh,1996-11-07,1996,11,7,0.5987694283642481
Tra Vinh,1996-11-08,1996,11,8,8.590666358728216
Tra Vinh,1996-11-09,1996,11,9,7.101573841743476
Tra Vinh,1996-11-10,1996,11,10,0.6782743947331019
Tra Vinh,1996-11-11,1996,11,11,0.4962800595624558
Tra Vinh,1996-11-12,1996,11,12,8.866395814960706
Tra Vinh,1996-11-13,1996,11,13,13.834701279279242
Tra Vinh,1996-11-14,1996,11,14,1.4495191010977029
Tra Vinh,1996-11-15,1996,11,15,2.4631334223746424
Tra Vinh,1996-11-16,1996,11,16,19.303004025434323
Tra Vinh,1996-11-17,1996,11,17,0.0
Tra Vinh,1996-11-18,1996,11,18,0.4290611016683053
Tra Vinh,1996-11-19,1996,11,19,8.28419570111812
Tra Vinh,1996-11-20,1996,11,20,0.4251691095030201
Tra Vinh,1996-11-21,1996,11,21,1.9121405392074773
Tra Vinh,1996-11-22,1996,11,22,0.1509691218708403
Tra Vinh,1996-11-23,1996,11,23,0.0
Tra Vinh,1996-11-24,1996,11,24,0.9324266687507032
Tra Vinh,1996-11-25,1996,11,25,0.0
Tra Vinh,1996-11-26,1996,11,26,0.0
Tra Vinh,1996-11-27,1996,11,27,33.811782998958755
Tra Vinh,1996-11-28,1996,11,28,0.1093143131134753
Tra Vinh,1996-11-29,1996,11,29,4.987228217605282
Tra Vinh,1996-11-30,1996,11,30,0.0
Tra Vinh,1996-12-01,1996,12,1,0.0
Tra Vinh,1996-12-02,1996,12,2,0.0
Tra Vinh,1996-12-03,1996,12,3,5.746696766633467
Tra Vinh,1996-12-04,1996,12,4,0.0
Tra Vinh,1996-12-05,1996,12,5,2.2463600290994954
Tra Vinh,1996-12-06,1996,12,6,1.2868898335034489
Tra Vinh,1996-12-07,1996,12,7,4.413421953633765
Tra Vinh,1996-12-08,1996,12,8,1.7970842960728148
Tra Vinh,1996-12-09,1996,12,9,0.1892398347814041
Tra Vinh,1996-12-10,1996,12,10,0.0
Tra Vinh,1996-12-11,1996,12,11,0.6597940842779513
Tra Vinh,1996-12-12,1996,12,12,0.3583932163772652
Tra Vinh,1996-12-13,1996,12,13,2.3081156752987027
Tra Vinh,1996-12-14,1996,12,14,0.0035926462881418
Tra Vinh,1996-12-15,1996,12,15,1.334023661206823
Tra Vinh,1996-12-16,1996,12,16,1.1464508436333525
Tra Vinh,1996-12-17,1996,12,17,6.877231045831099
Tra Vinh,1996-12-18,1996,12,18,4.083510562188812
Tra Vinh,1996-12-19,1996,12,19,0.2115649853544559
Tra Vinh,1996-12-20,1996,12,20,0.6687823473051385
Tra Vinh,1996-12-21,1996,12,21,0.1749376216382475
Tra Vinh,1996-12-22,1996,12,22,0.1357826430593287
Tra Vinh,1996-12-23,1996,12,23,0.0703889016862891
Tra Vinh,1996-12-24,1996,12,24,0.0
Tra Vinh,1996-12-25,1996,12,25,0.0
Tra Vinh,1996-12-26,1996,12,26,0.0
Tra Vinh,1996-12-27,1996,12,27,0.0
Tra Vinh,1996-12-28,1996,12,28,0.0
Tra Vinh,1996-12-29,1996,12,29,0.0
Tra Vinh,1996-12-30,1996,12,30,0.0
Tra Vinh,1996-12-31,1996,12,31,0.0
Tra Vinh,1997-01-01,1997,1,1,0.0
Tra Vinh,1997-01-02,1997,1,2,0.0
Tra Vinh,1997-01-03,1997,1,3,0.0
Tra Vinh,1997-01-04,1997,1,4,0.0
Tra Vinh,1997-01-05,1997,1,5,0.0
Tra Vinh,1997-01-06,1997,1,6,0.0
Tra Vinh,1997-01-07,1997,1,7,0.0
Tra Vinh,1997-01-08,1997,1,8,0.0
Tra Vinh,1997-01-09,1997,1,9,0.0
Tra Vinh,1997-01-10,1997,1,10,0.0
Tra Vinh,1997-01-11,1997,1,11,0.0
Tra Vinh,1997-01-12,1997,1,12,0.0
Tra Vinh,1997-01-13,1997,1,13,0.0
Tra Vinh,1997-01-14,1997,1,14,0.0
Tra Vinh,1997-01-15,1997,1,15,0.0
Tra Vinh,1997-01-16,1997,1,16,0.0
Tra Vinh,1997-01-17,1997,1,17,0.0
Tra Vinh,1997-01-18,1997,1,18,0.0
Tra Vinh,1997-01-19,1997,1,19,0.0
Tra Vinh,1997-01-20,1997,1,20,0.0
Tra Vinh,1997-01-21,1997,1,21,0.0680264908573821
Tra Vinh,1997-01-22,1997,1,22,0.0
Tra Vinh,1997-01-23,1997,1,23,0.0
Tra Vinh,1997-01-24,1997,1,24,0.0
Tra Vinh,1997-01-25,1997,1,25,0.0
Tra Vinh,1997-01-26,1997,1,26,0.0
Tra Vinh,1997-01-27,1997,1,27,0.0
Tra Vinh,1997-01-28,1997,1,28,0.0
Tra Vinh,1997-01-29,1997,1,29,0.0
Tra Vinh,1997-01-30,1997,1,30,0.0
Tra Vinh,1997-01-31,1997,1,31,0.0
Tra Vinh,1997-02-01,1997,2,1,0.0
Tra Vinh,1997-02-02,1997,2,2,0.0
Tra Vinh,1997-02-03,1997,2,3,0.0
Tra Vinh,1997-02-04,1997,2,4,0.0
Tra Vinh,1997-02-05,1997,2,5,0.0
Tra Vinh,1997-02-06,1997,2,6,0.0068824571208992
Tra Vinh,1997-02-07,1997,2,7,0.0
Tra Vinh,1997-02-08,1997,2,8,0.0
Tra Vinh,1997-02-09,1997,2,9,0.0
Tra Vinh,1997-02-10,1997,2,10,1.1277532834226458
Tra Vinh,1997-02-11,1997,2,11,0.0
Tra Vinh,1997-02-12,1997,2,12,0.0
Tra Vinh,1997-02-13,1997,2,13,0.0
Tra Vinh,1997-02-14,1997,2,14,0.0
Tra Vinh,1997-02-15,1997,2,15,0.0
Tra Vinh,1997-02-16,1997,2,16,0.2400055365244791
Tra Vinh,1997-02-17,1997,2,17,0.0
Tra Vinh,1997-02-18,1997,2,18,0.3225643561545479
Tra Vinh,1997-02-19,1997,2,19,0.3957210974119526
Tra Vinh,1997-02-20,1997,2,20,0.4666632356796537
Tra Vinh,1997-02-21,1997,2,21,2.385567776408993
Tra Vinh,1997-02-22,1997,2,22,0.1276627943207713
Tra Vinh,1997-02-23,1997,2,23,0.0
Tra Vinh,1997-02-24,1997,2,24,0.0
Tra Vinh,1997-02-25,1997,2,25,0.0
Tra Vinh,1997-02-26,1997,2,26,0.0
Tra Vinh,1997-02-27,1997,2,27,0.0
Tra Vinh,1997-02-28,1997,2,28,0.0
Tra Vinh,1997-03-01,1997,3,1,0.0
Tra Vinh,1997-03-02,1997,3,2,0.0
Tra Vinh,1997-03-03,1997,3,3,0.0
Tra Vinh,1997-03-04,1997,3,4,0.0
Tra Vinh,1997-03-05,1997,3,5,0.0
Tra Vinh,1997-03-06,1997,3,6,0.0422314949650957
Tra Vinh,1997-03-07,1997,3,7,0.0
Tra Vinh,1997-03-08,1997,3,8,0.0
Tra Vinh,1997-03-09,1997,3,9,0.0
Tra Vinh,1997-03-10,1997,3,10,0.0
Tra Vinh,1997-03-11,1997,3,11,0.0
Tra Vinh,1997-03-12,1997,3,12,0.0
Tra Vinh,1997-03-13,1997,3,13,0.0
Tra Vinh,1997-03-14,1997,3,14,0.0
Tra Vinh,1997-03-15,1997,3,15,0.0
Tra Vinh,1997-03-16,1997,3,16,0.4546319156635392
Tra Vinh,1997-03-17,1997,3,17,0.3868478848340062
Tra Vinh,1997-03-18,1997,3,18,0.0700396374594314
Tra Vinh,1997-03-19,1997,3,19,0.0
Tra Vinh,1997-03-20,1997,3,20,0.0
Tra Vinh,1997-03-21,1997,3,21,0.0
Tra Vinh,1997-03-22,1997,3,22,0.0
Tra Vinh,1997-03-23,1997,3,23,0.0
Tra Vinh,1997-03-24,1997,3,24,0.0
Tra Vinh,1997-03-25,1997,3,25,0.0
Tra Vinh,1997-03-26,1997,3,26,0.0
Tra Vinh,1997-03-27,1997,3,27,0.0
Tra Vinh,1997-03-28,1997,3,28,0.0
Tra Vinh,1997-03-29,1997,3,29,0.0
Tra Vinh,1997-03-30,1997,3,30,0.0
Tra Vinh,1997-03-31,1997,3,31,0.0
Tra Vinh,1997-04-01,1997,4,1,0.0
Tra Vinh,1997-04-02,1997,4,2,0.0
Tra Vinh,1997-04-03,1997,4,3,0.0
Tra Vinh,1997-04-04,1997,4,4,0.0
Tra Vinh,1997-04-05,1997,4,5,0.0
Tra Vinh,1997-04-06,1997,4,6,0.0
Tra Vinh,1997-04-07,1997,4,7,2.3118147026509805
Tra Vinh,1997-04-08,1997,4,8,0.3324857289584779
Tra Vinh,1997-04-09,1997,4,9,1.4146566109074594
Tra Vinh,1997-04-10,1997,4,10,1.5175286499999698
Tra Vinh,1997-04-11,1997,4,11,0.0039220446294161
Tra Vinh,1997-04-12,1997,4,12,5.311149794081446
Tra Vinh,1997-04-13,1997,4,13,3.083497745564232
Tra Vinh,1997-04-14,1997,4,14,0.5984087655722472
Tra Vinh,1997-04-15,1997,4,15,0.0562663255837588
Tra Vinh,1997-04-16,1997,4,16,0.5795278747468722
Tra Vinh,1997-04-17,1997,4,17,3.744167331917705
Tra Vinh,1997-04-18,1997,4,18,0.1546196990366244
Tra Vinh,1997-04-19,1997,4,19,0.0
Tra Vinh,1997-04-20,1997,4,20,0.0
Tra Vinh,1997-04-21,1997,4,21,0.0008308916840570407
Tra Vinh,1997-04-22,1997,4,22,0.0
Tra Vinh,1997-04-23,1997,4,23,1.311771119356522
Tra Vinh,1997-04-24,1997,4,24,0.0
Tra Vinh,1997-04-25,1997,4,25,1.8414784416044097
Tra Vinh,1997-04-26,1997,4,26,0.6287214668546961
Tra Vinh,1997-04-27,1997,4,27,0.3089259575631284
Tra Vinh,1997-04-28,1997,4,28,1.2307106095113076
Tra Vinh,1997-04-29,1997,4,29,0.1379285510307665
Tra Vinh,1997-04-30,1997,4,30,0.0
Tra Vinh,1997-05-01,1997,5,1,0.0
Tra Vinh,1997-05-02,1997,5,2,0.5386830961906094
Tra Vinh,1997-05-03,1997,5,3,0.0
Tra Vinh,1997-05-04,1997,5,4,6.493717794380002
Tra Vinh,1997-05-05,1997,5,5,0.0
Tra Vinh,1997-05-06,1997,5,6,0.0
Tra Vinh,1997-05-07,1997,5,7,0.0
Tra Vinh,1997-05-08,1997,5,8,0.0
Tra Vinh,1997-05-09,1997,5,9,0.0
Tra Vinh,1997-05-10,1997,5,10,0.1883881249263874
Tra Vinh,1997-05-11,1997,5,11,0.0
Tra Vinh,1997-05-12,1997,5,12,0.0238788102108208
Tra Vinh,1997-05-13,1997,5,13,0.0
Tra Vinh,1997-05-14,1997,5,14,0.1381926999981838
Tra Vinh,1997-05-15,1997,5,15,0.5972985666960715
Tra Vinh,1997-05-16,1997,5,16,3.2264009043459634
Tra Vinh,1997-05-17,1997,5,17,10.687024124926204
Tra Vinh,1997-05-18,1997,5,18,3.028829873515455
Tra Vinh,1997-05-19,1997,5,19,2.0246531684133195
Tra Vinh,1997-05-20,1997,5,20,0.2135194474374082
Tra Vinh,1997-05-21,1997,5,21,2.9892139919032097
Tra Vinh,1997-05-22,1997,5,22,1.6425701019569028
Tra Vinh,1997-05-23,1997,5,23,1.5671881887420172
Tra Vinh,1997-05-24,1997,5,24,0.0
Tra Vinh,1997-05-25,1997,5,25,0.2223269131696588
Tra Vinh,1997-05-26,1997,5,26,0.0206490812575651
Tra Vinh,1997-05-27,1997,5,27,0.6627321765221792
Tra Vinh,1997-05-28,1997,5,28,2.2499163489128065
Tra Vinh,1997-05-29,1997,5,29,7.472547865401214
Tra Vinh,1997-05-30,1997,5,30,7.699333961782278
Tra Vinh,1997-05-31,1997,5,31,1.592323182127466
Tra Vinh,1997-06-01,1997,6,1,1.1064308280820043
Tra Vinh,1997-06-02,1997,6,2,3.4229730429946192
Tra Vinh,1997-06-03,1997,6,3,0.6422839494511593
Tra Vinh,1997-06-04,1997,6,4,1.2619230433042092
Tra Vinh,1997-06-05,1997,6,5,2.034170644934082
Tra Vinh,1997-06-06,1997,6,6,2.7379259794099275
Tra Vinh,1997-06-07,1997,6,7,2.238851092066421
Tra Vinh,1997-06-08,1997,6,8,0.0
Tra Vinh,1997-06-09,1997,6,9,0.0244680809040894
Tra Vinh,1997-06-10,1997,6,10,0.0
Tra Vinh,1997-06-11,1997,6,11,0.3751696827667725
Tra Vinh,1997-06-12,1997,6,12,0.0
Tra Vinh,1997-06-13,1997,6,13,0.0
Tra Vinh,1997-06-14,1997,6,14,0.0
Tra Vinh,1997-06-15,1997,6,15,0.0
Tra Vinh,1997-06-16,1997,6,16,0.0818707564967053
Tra Vinh,1997-06-17,1997,6,17,0.0474406135822333
Tra Vinh,1997-06-18,1997,6,18,0.90141600943313
Tra Vinh,1997-06-19,1997,6,19,0.0
Tra Vinh,1997-06-20,1997,6,20,2.503660028956783
Tra Vinh,1997-06-21,1997,6,21,2.6128965424475994
Tra Vinh,1997-06-22,1997,6,22,1.2101069170123429
Tra Vinh,1997-06-23,1997,6,23,3.2644577849282346
Tra Vinh,1997-06-24,1997,6,24,4.602772996611973
Tra Vinh,1997-06-25,1997,6,25,3.910980709504933
Tra Vinh,1997-06-26,1997,6,26,0.0
Tra Vinh,1997-06-27,1997,6,27,3.981953184452141
Tra Vinh,1997-06-28,1997,6,28,0.0
Tra Vinh,1997-06-29,1997,6,29,3.416498822188894
Tra Vinh,1997-06-30,1997,6,30,2.5058790262140564
Tra Vinh,1997-07-01,1997,7,1,0.0
Tra Vinh,1997-07-02,1997,7,2,0.0
Tra Vinh,1997-07-03,1997,7,3,3.956593773212925
Tra Vinh,1997-07-04,1997,7,4,1.6790773612078338
Tra Vinh,1997-07-05,1997,7,5,0.1225973813782925
Tra Vinh,1997-07-06,1997,7,6,7.398168213870639
Tra Vinh,1997-07-07,1997,7,7,5.124179428808704
Tra Vinh,1997-07-08,1997,7,8,5.511556846638386
Tra Vinh,1997-07-09,1997,7,9,6.004379408887985
Tra Vinh,1997-07-10,1997,7,10,7.039292841716486
Tra Vinh,1997-07-11,1997,7,11,0.0
Tra Vinh,1997-07-12,1997,7,12,0.0
Tra Vinh,1997-07-13,1997,7,13,10.82107424187582
Tra Vinh,1997-07-14,1997,7,14,10.644459989288226
Tra Vinh,1997-07-15,1997,7,15,13.280596545991552
Tra Vinh,1997-07-16,1997,7,16,5.536907998021491
Tra Vinh,1997-07-17,1997,7,17,0.4050943108732034
Tra Vinh,1997-07-18,1997,7,18,0.0
Tra Vinh,1997-07-19,1997,7,19,0.1797202333479186
Tra Vinh,1997-07-20,1997,7,20,9.265029479534943
Tra Vinh,1997-07-21,1997,7,21,15.304072695775822
Tra Vinh,1997-07-22,1997,7,22,19.70784131571719
Tra Vinh,1997-07-23,1997,7,23,12.24363273209907
Tra Vinh,1997-07-24,1997,7,24,2.361167448676506
Tra Vinh,1997-07-25,1997,7,25,1.432202728626074
Tra Vinh,1997-07-26,1997,7,26,16.239296774874795
Tra Vinh,1997-07-27,1997,7,27,4.383574724788642
Tra Vinh,1997-07-28,1997,7,28,18.94046663122746
Tra Vinh,1997-07-29,1997,7,29,3.4689453225554154
Tra Vinh,1997-07-30,1997,7,30,15.174420884598694
Tra Vinh,1997-07-31,1997,7,31,18.732737514653405
Tra Vinh,1997-08-01,1997,8,1,25.662299829078204
Tra Vinh,1997-08-02,1997,8,2,28.72052779514931
Tra Vinh,1997-08-03,1997,8,3,37.10139108458521
Tra Vinh,1997-08-04,1997,8,4,28.792794857674288
Tra Vinh,1997-08-05,1997,8,5,0.0
Tra Vinh,1997-08-06,1997,8,6,0.0
Tra Vinh,1997-08-07,1997,8,7,6.798786233424406
Tra Vinh,1997-08-08,1997,8,8,0.0
Tra Vinh,1997-08-09,1997,8,9,0.0
Tra Vinh,1997-08-10,1997,8,10,0.0
Tra Vinh,1997-08-11,1997,8,11,0.0
Tra Vinh,1997-08-12,1997,8,12,0.0
Tra Vinh,1997-08-13,1997,8,13,1.980274105644927
Tra Vinh,1997-08-14,1997,8,14,3.218518217781862
Tra Vinh,1997-08-15,1997,8,15,8.067710368495035
Tra Vinh,1997-08-16,1997,8,16,3.1695279153632527
Tra Vinh,1997-08-17,1997,8,17,4.497551634227267
Tra Vinh,1997-08-18,1997,8,18,6.349144249945517
Tra Vinh,1997-08-19,1997,8,19,13.386464444453717
Tra Vinh,1997-08-20,1997,8,20,13.89465215900565
Tra Vinh,1997-08-21,1997,8,21,13.567105268461589
Tra Vinh,1997-08-22,1997,8,22,7.094276011775082
Tra Vinh,1997-08-23,1997,8,23,6.398902415515662
Tra Vinh,1997-08-24,1997,8,24,18.194387588987023
Tra Vinh,1997-08-25,1997,8,25,3.940067036163709
Tra Vinh,1997-08-26,1997,8,26,3.973331794588711
Tra Vinh,1997-08-27,1997,8,27,0.0
Tra Vinh,1997-08-28,1997,8,28,13.43951120905862
Tra Vinh,1997-08-29,1997,8,29,12.141180794708374
Tra Vinh,1997-08-30,1997,8,30,4.763141245032163
Tra Vinh,1997-08-31,1997,8,31,4.913639651785064
Tra Vinh,1997-09-01,1997,9,1,2.610800962744155
Tra Vinh,1997-09-02,1997,9,2,0.0086552206218517
Tra Vinh,1997-09-03,1997,9,3,3.0838502353127017
Tra Vinh,1997-09-04,1997,9,4,0.0583448813107149
Tra Vinh,1997-09-05,1997,9,5,0.0
Tra Vinh,1997-09-06,1997,9,6,0.4597499107466367
Tra Vinh,1997-09-07,1997,9,7,3.466535502546808
Tra Vinh,1997-09-08,1997,9,8,0.6814243488175574
Tra Vinh,1997-09-09,1997,9,9,0.1710943513310462
Tra Vinh,1997-09-10,1997,9,10,1.8944687489996768
Tra Vinh,1997-09-11,1997,9,11,3.7126459405628935
Tra Vinh,1997-09-12,1997,9,12,0.0584568305363792
Tra Vinh,1997-09-13,1997,9,13,0.0
Tra Vinh,1997-09-14,1997,9,14,15.052682104509508
Tra Vinh,1997-09-15,1997,9,15,13.796926294531962
Tra Vinh,1997-09-16,1997,9,16,18.936035270708857
Tra Vinh,1997-09-17,1997,9,17,10.034320702038194
Tra Vinh,1997-09-18,1997,9,18,5.096912215749727
Tra Vinh,1997-09-19,1997,9,19,22.56507663199161
Tra Vinh,1997-09-20,1997,9,20,14.90463793239003
Tra Vinh,1997-09-21,1997,9,21,3.538895806043763
Tra Vinh,1997-09-22,1997,9,22,10.493151747998931
Tra Vinh,1997-09-23,1997,9,23,6.029104768730379
Tra Vinh,1997-09-24,1997,9,24,4.49396242719441
Tra Vinh,1997-09-25,1997,9,25,11.79670952237812
Tra Vinh,1997-09-26,1997,9,26,7.432515455409563
Tra Vinh,1997-09-27,1997,9,27,2.115064568574232
Tra Vinh,1997-09-28,1997,9,28,1.0125694656975557
Tra Vinh,1997-09-29,1997,9,29,0.0
Tra Vinh,1997-09-30,1997,9,30,3.8739710650281727
Tra Vinh,1997-10-01,1997,10,1,1.0771909746243764
Tra Vinh,1997-10-02,1997,10,2,3.768254240690304
Tra Vinh,1997-10-03,1997,10,3,8.242182486277876
Tra Vinh,1997-10-04,1997,10,4,6.023510522856269
Tra Vinh,1997-10-05,1997,10,5,4.09925033207406
Tra Vinh,1997-10-06,1997,10,6,2.6732006070245644
Tra Vinh,1997-10-07,1997,10,7,0.0
Tra Vinh,1997-10-08,1997,10,8,0.0
Tra Vinh,1997-10-09,1997,10,9,2.501254479253477
Tra Vinh,1997-10-10,1997,10,10,0.0
Tra Vinh,1997-10-11,1997,10,11,0.2421335098334452
Tra Vinh,1997-10-12,1997,10,12,0.0
Tra Vinh,1997-10-13,1997,10,13,0.1928000372761392
Tra Vinh,1997-10-14,1997,10,14,1.7137600170234657
Tra Vinh,1997-10-15,1997,10,15,0.0
Tra Vinh,1997-10-16,1997,10,16,6.13824150953534
Tra Vinh,1997-10-17,1997,10,17,3.694999745193048
Tra Vinh,1997-10-18,1997,10,18,0.0
Tra Vinh,1997-10-19,1997,10,19,0.0
Tra Vinh,1997-10-20,1997,10,20,3.055643698935511
Tra Vinh,1997-10-21,1997,10,21,0.81320088236316
Tra Vinh,1997-10-22,1997,10,22,0.220939076311755
Tra Vinh,1997-10-23,1997,10,23,0.0
Tra Vinh,1997-10-24,1997,10,24,0.1947181185881704
Tra Vinh,1997-10-25,1997,10,25,0.0
Tra Vinh,1997-10-26,1997,10,26,2.5478975147656207
Tra Vinh,1997-10-27,1997,10,27,0.1556174881706609
Tra Vinh,1997-10-28,1997,10,28,1.0582771134494773
Tra Vinh,1997-10-29,1997,10,29,0.0677845262147757
Tra Vinh,1997-10-30,1997,10,30,7.7982899430818735
Tra Vinh,1997-10-31,1997,10,31,3.36560546316121
Tra Vinh,1997-11-01,1997,11,1,15.775384656135616
Tra Vinh,1997-11-02,1997,11,2,18.55266367159726
Tra Vinh,1997-11-03,1997,11,3,4.445234350532634
Tra Vinh,1997-11-04,1997,11,4,0.0
Tra Vinh,1997-11-05,1997,11,5,0.0
Tra Vinh,1997-11-06,1997,11,6,0.2476427363435977
Tra Vinh,1997-11-07,1997,11,7,0.2313209551510615
Tra Vinh,1997-11-08,1997,11,8,0.5220359637836359
Tra Vinh,1997-11-09,1997,11,9,0.0
Tra Vinh,1997-11-10,1997,11,10,0.0
Tra Vinh,1997-11-11,1997,11,11,0.0
Tra Vinh,1997-11-12,1997,11,12,0.0
Tra Vinh,1997-11-13,1997,11,13,0.0
Tra Vinh,1997-11-14,1997,11,14,0.0
Tra Vinh,1997-11-15,1997,11,15,0.0
Tra Vinh,1997-11-16,1997,11,16,0.0
Tra Vinh,1997-11-17,1997,11,17,0.0
Tra Vinh,1997-11-18,1997,11,18,0.0
Tra Vinh,1997-11-19,1997,11,19,0.0
Tra Vinh,1997-11-20,1997,11,20,0.0
Tra Vinh,1997-11-21,1997,11,21,0.1456601582104392
Tra Vinh,1997-11-22,1997,11,22,1.0686621831506051
Tra Vinh,1997-11-23,1997,11,23,0.0
Tra Vinh,1997-11-24,1997,11,24,0.0
Tra Vinh,1997-11-25,1997,11,25,0.0
Tra Vinh,1997-11-26,1997,11,26,0.0
Tra Vinh,1997-11-27,1997,11,27,0.0
Tra Vinh,1997-11-28,1997,11,28,0.0
Tra Vinh,1997-11-29,1997,11,29,0.0
Tra Vinh,1997-11-30,1997,11,30,0.0
Tra Vinh,1997-12-01,1997,12,1,0.0
Tra Vinh,1997-12-02,1997,12,2,0.0
Tra Vinh,1997-12-03,1997,12,3,0.0
Tra Vinh,1997-12-04,1997,12,4,0.0309024525235122
Tra Vinh,1997-12-05,1997,12,5,2.0524236454563254
Tra Vinh,1997-12-06,1997,12,6,0.0
Tra Vinh,1997-12-07,1997,12,7,0.007151579355325
Tra Vinh,1997-12-08,1997,12,8,0.0196184005536685
Tra Vinh,1997-12-09,1997,12,9,0.0081265106025018
Tra Vinh,1997-12-10,1997,12,10,0.0
Tra Vinh,1997-12-11,1997,12,11,0.0
Tra Vinh,1997-12-12,1997,12,12,0.0
Tra Vinh,1997-12-13,1997,12,13,0.0
Tra Vinh,1997-12-14,1997,12,14,0.0
Tra Vinh,1997-12-15,1997,12,15,0.0
Tra Vinh,1997-12-16,1997,12,16,0.0
Tra Vinh,1997-12-17,1997,12,17,0.0
Tra Vinh,1997-12-18,1997,12,18,0.0
Tra Vinh,1997-12-19,1997,12,19,1.9266250667580984
Tra Vinh,1997-12-20,1997,12,20,0.0
Tra Vinh,1997-12-21,1997,12,21,0.0
Tra Vinh,1997-12-22,1997,12,22,0.0
Tra Vinh,1997-12-23,1997,12,23,4.025698517537919
Tra Vinh,1997-12-24,1997,12,24,1.2072669513942809
Tra Vinh,1997-12-25,1997,12,25,0.9320586554837342
Tra Vinh,1997-12-26,1997,12,26,0.0
Tra Vinh,1997-12-27,1997,12,27,0.0
Tra Vinh,1997-12-28,1997,12,28,1.3325639356909516
Tra Vinh,1997-12-29,1997,12,29,0.0
Tra Vinh,1997-12-30,1997,12,30,0.0
Tra Vinh,1997-12-31,1997,12,31,0.0
Tra Vinh,1998-01-01,1998,1,1,0.0
Tra Vinh,1998-01-02,1998,1,2,0.0
Tra Vinh,1998-01-03,1998,1,3,0.0
Tra Vinh,1998-01-04,1998,1,4,1.4609220802060183
Tra Vinh,1998-01-05,1998,1,5,0.0
Tra Vinh,1998-01-06,1998,1,6,0.0
Tra Vinh,1998-01-07,1998,1,7,0.0
Tra Vinh,1998-01-08,1998,1,8,0.0
Tra Vinh,1998-01-09,1998,1,9,0.0
Tra Vinh,1998-01-10,1998,1,10,0.0
Tra Vinh,1998-01-11,1998,1,11,0.0
Tra Vinh,1998-01-12,1998,1,12,0.0
Tra Vinh,1998-01-13,1998,1,13,0.0
Tra Vinh,1998-01-14,1998,1,14,0.0
Tra Vinh,1998-01-15,1998,1,15,0.0
Tra Vinh,1998-01-16,1998,1,16,0.0
Tra Vinh,1998-01-17,1998,1,17,0.0
Tra Vinh,1998-01-18,1998,1,18,0.0
Tra Vinh,1998-01-19,1998,1,19,0.0
Tra Vinh,1998-01-20,1998,1,20,0.0
Tra Vinh,1998-01-21,1998,1,21,0.0
Tra Vinh,1998-01-22,1998,1,22,0.0
Tra Vinh,1998-01-23,1998,1,23,0.0
Tra Vinh,1998-01-24,1998,1,24,0.0
Tra Vinh,1998-01-25,1998,1,25,0.0
Tra Vinh,1998-01-26,1998,1,26,0.0
Tra Vinh,1998-01-27,1998,1,27,0.0
Tra Vinh,1998-01-28,1998,1,28,0.0
Tra Vinh,1998-01-29,1998,1,29,0.0
Tra Vinh,1998-01-30,1998,1,30,0.0
Tra Vinh,1998-01-31,1998,1,31,0.0
Tra Vinh,1998-02-01,1998,2,1,0.0
Tra Vinh,1998-02-02,1998,2,2,0.0
Tra Vinh,1998-02-03,1998,2,3,0.0
Tra Vinh,1998-02-04,1998,2,4,0.0
Tra Vinh,1998-02-05,1998,2,5,0.0233825839481252
Tra Vinh,1998-02-06,1998,2,6,0.0005753502308333533
Tra Vinh,1998-02-07,1998,2,7,0.4702734788788958
Tra Vinh,1998-02-08,1998,2,8,0.0
Tra Vinh,1998-02-09,1998,2,9,0.0
Tra Vinh,1998-02-10,1998,2,10,0.0
Tra Vinh,1998-02-11,1998,2,11,0.0
Tra Vinh,1998-02-12,1998,2,12,0.0
Tra Vinh,1998-02-13,1998,2,13,0.0
Tra Vinh,1998-02-14,1998,2,14,0.0
Tra Vinh,1998-02-15,1998,2,15,0.0393813500342989
Tra Vinh,1998-02-16,1998,2,16,0.0
Tra Vinh,1998-02-17,1998,2,17,0.0
Tra Vinh,1998-02-18,1998,2,18,0.0
Tra Vinh,1998-02-19,1998,2,19,0.0
Tra Vinh,1998-02-20,1998,2,20,0.007904045272326
Tra Vinh,1998-02-21,1998,2,21,0.044115061737114
Tra Vinh,1998-02-22,1998,2,22,0.0
Tra Vinh,1998-02-23,1998,2,23,0.0
Tra Vinh,1998-02-24,1998,2,24,0.0
Tra Vinh,1998-02-25,1998,2,25,0.0348541707014535
Tra Vinh,1998-02-26,1998,2,26,0.0027758037766697
Tra Vinh,1998-02-27,1998,2,27,0.0
Tra Vinh,1998-02-28,1998,2,28,0.0
Tra Vinh,1998-03-01,1998,3,1,0.0
Tra Vinh,1998-03-02,1998,3,2,0.0
Tra Vinh,1998-03-03,1998,3,3,0.0
Tra Vinh,1998-03-04,1998,3,4,0.0
Tra Vinh,1998-03-05,1998,3,5,0.2521049178434636
Tra Vinh,1998-03-06,1998,3,6,0.0
Tra Vinh,1998-03-07,1998,3,7,0.0
Tra Vinh,1998-03-08,1998,3,8,0.130284973162962
Tra Vinh,1998-03-09,1998,3,9,0.0
Tra Vinh,1998-03-10,1998,3,10,0.0
Tra Vinh,1998-03-11,1998,3,11,0.0
Tra Vinh,1998-03-12,1998,3,12,0.0
Tra Vinh,1998-03-13,1998,3,13,0.0
Tra Vinh,1998-03-14,1998,3,14,0.0520433186975038
Tra Vinh,1998-03-15,1998,3,15,0.0
Tra Vinh,1998-03-16,1998,3,16,0.0
Tra Vinh,1998-03-17,1998,3,17,0.0
Tra Vinh,1998-03-18,1998,3,18,0.0
Tra Vinh,1998-03-19,1998,3,19,0.0
Tra Vinh,1998-03-20,1998,3,20,0.0
Tra Vinh,1998-03-21,1998,3,21,0.0
Tra Vinh,1998-03-22,1998,3,22,0.0
Tra Vinh,1998-03-23,1998,3,23,0.0
Tra Vinh,1998-03-24,1998,3,24,0.0
Tra Vinh,1998-03-25,1998,3,25,0.0
Tra Vinh,1998-03-26,1998,3,26,0.0
Tra Vinh,1998-03-27,1998,3,27,0.330184970194404
Tra Vinh,1998-03-28,1998,3,28,0.0
Tra Vinh,1998-03-29,1998,3,29,0.0
Tra Vinh,1998-03-30,1998,3,30,0.0041015657865636
Tra Vinh,1998-03-31,1998,3,31,0.0
Tra Vinh,1998-04-01,1998,4,1,0.0
Tra Vinh,1998-04-02,1998,4,2,0.0
Tra Vinh,1998-04-03,1998,4,3,0.0
Tra Vinh,1998-04-04,1998,4,4,0.0
Tra Vinh,1998-04-05,1998,4,5,0.0
Tra Vinh,1998-04-06,1998,4,6,0.0
Tra Vinh,1998-04-07,1998,4,7,0.0
Tra Vinh,1998-04-08,1998,4,8,0.0
Tra Vinh,1998-04-09,1998,4,9,0.0
Tra Vinh,1998-04-10,1998,4,10,0.0
Tra Vinh,1998-04-11,1998,4,11,0.0
Tra Vinh,1998-04-12,1998,4,12,0.0
Tra Vinh,1998-04-13,1998,4,13,0.0
Tra Vinh,1998-04-14,1998,4,14,0.0
Tra Vinh,1998-04-15,1998,4,15,0.0
Tra Vinh,1998-04-16,1998,4,16,0.0
Tra Vinh,1998-04-17,1998,4,17,3.639095066306079
Tra Vinh,1998-04-18,1998,4,18,6.524097515514449
Tra Vinh,1998-04-19,1998,4,19,4.70618599354558
Tra Vinh,1998-04-20,1998,4,20,0.0379548654080008
Tra Vinh,1998-04-21,1998,4,21,0.0
Tra Vinh,1998-04-22,1998,4,22,1.7034271068403368
Tra Vinh,1998-04-23,1998,4,23,0.0
Tra Vinh,1998-04-24,1998,4,24,0.0
Tra Vinh,1998-04-25,1998,4,25,0.0
Tra Vinh,1998-04-26,1998,4,26,0.0
Tra Vinh,1998-04-27,1998,4,27,0.0
Tra Vinh,1998-04-28,1998,4,28,0.0
Tra Vinh,1998-04-29,1998,4,29,0.0
Tra Vinh,1998-04-30,1998,4,30,0.0
Tra Vinh,1998-05-01,1998,5,1,0.9384685210209532
Tra Vinh,1998-05-02,1998,5,2,0.0
Tra Vinh,1998-05-03,1998,5,3,15.861438010969136
Tra Vinh,1998-05-04,1998,5,4,2.8425394849163945
Tra Vinh,1998-05-05,1998,5,5,0.0
Tra Vinh,1998-05-06,1998,5,6,0.0371056325989787
Tra Vinh,1998-05-07,1998,5,7,0.0
Tra Vinh,1998-05-08,1998,5,8,0.0
Tra Vinh,1998-05-09,1998,5,9,0.0
Tra Vinh,1998-05-10,1998,5,10,0.0
Tra Vinh,1998-05-11,1998,5,11,0.0
Tra Vinh,1998-05-12,1998,5,12,0.0
Tra Vinh,1998-05-13,1998,5,13,0.0
Tra Vinh,1998-05-14,1998,5,14,0.1442672583676411
Tra Vinh,1998-05-15,1998,5,15,3.375393739638826
Tra Vinh,1998-05-16,1998,5,16,7.493159790395443
Tra Vinh,1998-05-17,1998,5,17,11.729141077751454
Tra Vinh,1998-05-18,1998,5,18,0.0
Tra Vinh,1998-05-19,1998,5,19,10.973482293024086
Tra Vinh,1998-05-20,1998,5,20,0.9487593548510324
Tra Vinh,1998-05-21,1998,5,21,5.36330196756327
Tra Vinh,1998-05-22,1998,5,22,1.557142927806887
Tra Vinh,1998-05-23,1998,5,23,0.0
Tra Vinh,1998-05-24,1998,5,24,5.741440815825286
Tra Vinh,1998-05-25,1998,5,25,33.146022556255005
Tra Vinh,1998-05-26,1998,5,26,10.66723185393348
Tra Vinh,1998-05-27,1998,5,27,0.0
Tra Vinh,1998-05-28,1998,5,28,6.601754538703416
Tra Vinh,1998-05-29,1998,5,29,5.435084725804503
Tra Vinh,1998-05-30,1998,5,30,4.364195029511702
Tra Vinh,1998-05-31,1998,5,31,0.0
Tra Vinh,1998-06-01,1998,6,1,1.5962820470445227
Tra Vinh,1998-06-02,1998,6,2,0.0
Tra Vinh,1998-06-03,1998,6,3,2.7382079138803905
Tra Vinh,1998-06-04,1998,6,4,0.0
Tra Vinh,1998-06-05,1998,6,5,15.200767950133333
Tra Vinh,1998-06-06,1998,6,6,15.595082801041158
Tra Vinh,1998-06-07,1998,6,7,0.0
Tra Vinh,1998-06-08,1998,6,8,9.663496072911716
Tra Vinh,1998-06-09,1998,6,9,7.685192832013813
Tra Vinh,1998-06-10,1998,6,10,6.883164915403216
Tra Vinh,1998-06-11,1998,6,11,18.722071148216852
Tra Vinh,1998-06-12,1998,6,12,1.964675533806174
Tra Vinh,1998-06-13,1998,6,13,13.539035244886742
Tra Vinh,1998-06-14,1998,6,14,3.6674281135061273
Tra Vinh,1998-06-15,1998,6,15,5.041666776701304
Tra Vinh,1998-06-16,1998,6,16,14.177747140139497
Tra Vinh,1998-06-17,1998,6,17,6.159003540514185
Tra Vinh,1998-06-18,1998,6,18,9.656606297850177
Tra Vinh,1998-06-19,1998,6,19,5.5961660759376
Tra Vinh,1998-06-20,1998,6,20,4.38952585287699
Tra Vinh,1998-06-21,1998,6,21,3.358090093446955
Tra Vinh,1998-06-22,1998,6,22,0.0051483738130843
Tra Vinh,1998-06-23,1998,6,23,6.171933831364472
Tra Vinh,1998-06-24,1998,6,24,21.379885496391022
Tra Vinh,1998-06-25,1998,6,25,25.373946441143456
Tra Vinh,1998-06-26,1998,6,26,30.294354203666025
Tra Vinh,1998-06-27,1998,6,27,32.4974586683113
Tra Vinh,1998-06-28,1998,6,28,30.927373558104453
Tra Vinh,1998-06-29,1998,6,29,19.77645892727491
Tra Vinh,1998-06-30,1998,6,30,9.008788974994223
Tra Vinh,1998-07-01,1998,7,1,2.4953182886375487
Tra Vinh,1998-07-02,1998,7,2,9.961595499660287
Tra Vinh,1998-07-03,1998,7,3,0.105552175441766
Tra Vinh,1998-07-04,1998,7,4,12.193401474269283
Tra Vinh,1998-07-05,1998,7,5,2.805574076367745
Tra Vinh,1998-07-06,1998,7,6,1.3859932536403603
Tra Vinh,1998-07-07,1998,7,7,4.289272209875028
Tra Vinh,1998-07-08,1998,7,8,4.408709586370045
Tra Vinh,1998-07-09,1998,7,9,0.0
Tra Vinh,1998-07-10,1998,7,10,0.0
Tra Vinh,1998-07-11,1998,7,11,4.395682867100976
Tra Vinh,1998-07-12,1998,7,12,4.527040396406238
Tra Vinh,1998-07-13,1998,7,13,6.100199749974566
Tra Vinh,1998-07-14,1998,7,14,0.7897456113101886
Tra Vinh,1998-07-15,1998,7,15,0.0
Tra Vinh,1998-07-16,1998,7,16,0.378287824969506
Tra Vinh,1998-07-17,1998,7,17,0.4238602973180528
Tra Vinh,1998-07-18,1998,7,18,0.6495124346703895
Tra Vinh,1998-07-19,1998,7,19,0.1904800103345609
Tra Vinh,1998-07-20,1998,7,20,2.060980924790141
Tra Vinh,1998-07-21,1998,7,21,0.0016912502652868
Tra Vinh,1998-07-22,1998,7,22,9.686889046193064
Tra Vinh,1998-07-23,1998,7,23,2.8570189354500037
Tra Vinh,1998-07-24,1998,7,24,0.0084224621903413
Tra Vinh,1998-07-25,1998,7,25,0.0
Tra Vinh,1998-07-26,1998,7,26,3.5052911835449123
Tra Vinh,1998-07-27,1998,7,27,21.54282434349164
Tra Vinh,1998-07-28,1998,7,28,10.387553738410068
Tra Vinh,1998-07-29,1998,7,29,19.087804601195327
Tra Vinh,1998-07-30,1998,7,30,1.8383839638881112
Tra Vinh,1998-07-31,1998,7,31,0.4164601190081615
Tra Vinh,1998-08-01,1998,8,1,9.130751939722666
Tra Vinh,1998-08-02,1998,8,2,6.671778626802418
Tra Vinh,1998-08-03,1998,8,3,14.605785429365552
Tra Vinh,1998-08-04,1998,8,4,20.75694078230461
Tra Vinh,1998-08-05,1998,8,5,0.2703395716569474
Tra Vinh,1998-08-06,1998,8,6,24.327839769500727
Tra Vinh,1998-08-07,1998,8,7,0.2526867273874479
Tra Vinh,1998-08-08,1998,8,8,0.0
Tra Vinh,1998-08-09,1998,8,9,5.889698862845985
Tra Vinh,1998-08-10,1998,8,10,0.003738787921653
Tra Vinh,1998-08-11,1998,8,11,32.24908016701324
Tra Vinh,1998-08-12,1998,8,12,3.669877413421363
Tra Vinh,1998-08-13,1998,8,13,0.0524078422842911
Tra Vinh,1998-08-14,1998,8,14,1.1418055686784312
Tra Vinh,1998-08-15,1998,8,15,4.479760028428249
Tra Vinh,1998-08-16,1998,8,16,11.7563943771984
Tra Vinh,1998-08-17,1998,8,17,27.29708277377916
Tra Vinh,1998-08-18,1998,8,18,14.91315778369718
Tra Vinh,1998-08-19,1998,8,19,16.3292291440861
Tra Vinh,1998-08-20,1998,8,20,6.297566544383696
Tra Vinh,1998-08-21,1998,8,21,8.179845533922263
Tra Vinh,1998-08-22,1998,8,22,0.0
Tra Vinh,1998-08-23,1998,8,23,1.264882657330974
Tra Vinh,1998-08-24,1998,8,24,14.30547978789536
Tra Vinh,1998-08-25,1998,8,25,1.313065399405119
Tra Vinh,1998-08-26,1998,8,26,0.5470607810210462
Tra Vinh,1998-08-27,1998,8,27,0.8671662298577327
Tra Vinh,1998-08-28,1998,8,28,6.639221983198958
Tra Vinh,1998-08-29,1998,8,29,2.418107944267192
Tra Vinh,1998-08-30,1998,8,30,6.866040052013028
Tra Vinh,1998-08-31,1998,8,31,18.39913805925236
Tra Vinh,1998-09-01,1998,9,1,12.406851125534155
Tra Vinh,1998-09-02,1998,9,2,0.72375761635878
Tra Vinh,1998-09-03,1998,9,3,0.0
Tra Vinh,1998-09-04,1998,9,4,3.109517797723231
Tra Vinh,1998-09-05,1998,9,5,6.729753834448534
Tra Vinh,1998-09-06,1998,9,6,6.933747679469154
Tra Vinh,1998-09-07,1998,9,7,0.3584831382589338
Tra Vinh,1998-09-08,1998,9,8,0.0
Tra Vinh,1998-09-09,1998,9,9,0.3017728136444939
Tra Vinh,1998-09-10,1998,9,10,10.340249606905294
Tra Vinh,1998-09-11,1998,9,11,5.050674185623199
Tra Vinh,1998-09-12,1998,9,12,14.062971199743355
Tra Vinh,1998-09-13,1998,9,13,6.938905439255316
Tra Vinh,1998-09-14,1998,9,14,10.321457989973878
Tra Vinh,1998-09-15,1998,9,15,11.126302662906186
Tra Vinh,1998-09-16,1998,9,16,20.286194356421184
Tra Vinh,1998-09-17,1998,9,17,8.745683430748672
Tra Vinh,1998-09-18,1998,9,18,4.401451110615573
Tra Vinh,1998-09-19,1998,9,19,11.374402816058709
Tra Vinh,1998-09-20,1998,9,20,7.470563153843807
Tra Vinh,1998-09-21,1998,9,21,6.217401084582662
Tra Vinh,1998-09-22,1998,9,22,2.3516957008759127
Tra Vinh,1998-09-23,1998,9,23,4.521976695318434
Tra Vinh,1998-09-24,1998,9,24,24.870150304440045
Tra Vinh,1998-09-25,1998,9,25,22.22219610585296
Tra Vinh,1998-09-26,1998,9,26,21.164784544937746
Tra Vinh,1998-09-27,1998,9,27,11.513007081144174
Tra Vinh,1998-09-28,1998,9,28,8.498987491689054
Tra Vinh,1998-09-29,1998,9,29,12.443689935631843
Tra Vinh,1998-09-30,1998,9,30,17.00319632408209
Tra Vinh,1998-10-01,1998,10,1,7.891676421896988
Tra Vinh,1998-10-02,1998,10,2,0.0220354431732018
Tra Vinh,1998-10-03,1998,10,3,2.440916935765928
Tra Vinh,1998-10-04,1998,10,4,2.9514936660015816
Tra Vinh,1998-10-05,1998,10,5,6.781517708466686
Tra Vinh,1998-10-06,1998,10,6,7.56877184994754
Tra Vinh,1998-10-07,1998,10,7,5.213148165364865
Tra Vinh,1998-10-08,1998,10,8,13.84666442934296
Tra Vinh,1998-10-09,1998,10,9,0.4164488651374474
Tra Vinh,1998-10-10,1998,10,10,1.100940790465087
Tra Vinh,1998-10-11,1998,10,11,1.0847228381222729
Tra Vinh,1998-10-12,1998,10,12,1.1762573030722
Tra Vinh,1998-10-13,1998,10,13,5.693427507431256
Tra Vinh,1998-10-14,1998,10,14,0.6771552851511223
Tra Vinh,1998-10-15,1998,10,15,1.8888407794302164
Tra Vinh,1998-10-16,1998,10,16,0.8856115488184807
Tra Vinh,1998-10-17,1998,10,17,1.8136225122151168
Tra Vinh,1998-10-18,1998,10,18,8.833584771821778
Tra Vinh,1998-10-19,1998,10,19,5.171964795156811
Tra Vinh,1998-10-20,1998,10,20,4.490655872889902
Tra Vinh,1998-10-21,1998,10,21,26.814050465093345
Tra Vinh,1998-10-22,1998,10,22,12.625120693258651
Tra Vinh,1998-10-23,1998,10,23,6.810559893614697
Tra Vinh,1998-10-24,1998,10,24,0.7399813009670332
Tra Vinh,1998-10-25,1998,10,25,3.3333754266900684
Tra Vinh,1998-10-26,1998,10,26,6.294656628571106
Tra Vinh,1998-10-27,1998,10,27,5.66043762482189
Tra Vinh,1998-10-28,1998,10,28,10.516797084869104
Tra Vinh,1998-10-29,1998,10,29,1.1401639102217636
Tra Vinh,1998-10-30,1998,10,30,12.136272273431455
Tra Vinh,1998-10-31,1998,10,31,3.532232553016554
Tra Vinh,1998-11-01,1998,11,1,0.7030654613515421
Tra Vinh,1998-11-02,1998,11,2,6.2946872876325335
Tra Vinh,1998-11-03,1998,11,3,10.355100014688048
Tra Vinh,1998-11-04,1998,11,4,0.0044389552737334
Tra Vinh,1998-11-05,1998,11,5,0.0
Tra Vinh,1998-11-06,1998,11,6,0.0662021546439674
Tra Vinh,1998-11-07,1998,11,7,0.0
Tra Vinh,1998-11-08,1998,11,8,0.0
Tra Vinh,1998-11-09,1998,11,9,1.1129493897687432
Tra Vinh,1998-11-10,1998,11,10,2.1010632227073467
Tra Vinh,1998-11-11,1998,11,11,1.430934906902936
Tra Vinh,1998-11-12,1998,11,12,20.973037405749636
Tra Vinh,1998-11-13,1998,11,13,51.55401187394038
Tra Vinh,1998-11-14,1998,11,14,23.98118738449595
Tra Vinh,1998-11-15,1998,11,15,1.0377930710004577
Tra Vinh,1998-11-16,1998,11,16,0.0
Tra Vinh,1998-11-17,1998,11,17,0.0
Tra Vinh,1998-11-18,1998,11,18,9.204909497496407
Tra Vinh,1998-11-19,1998,11,19,15.65974435444181
Tra Vinh,1998-11-20,1998,11,20,12.03146305107878
Tra Vinh,1998-11-21,1998,11,21,3.892329956204009
Tra Vinh,1998-11-22,1998,11,22,0.0
Tra Vinh,1998-11-23,1998,11,23,13.836751738837451
Tra Vinh,1998-11-24,1998,11,24,0.0328728257029692
Tra Vinh,1998-11-25,1998,11,25,1.2061851497224114
Tra Vinh,1998-11-26,1998,11,26,6.79485164574319
Tra Vinh,1998-11-27,1998,11,27,9.39366653211426
Tra Vinh,1998-11-28,1998,11,28,1.0654916078672867
Tra Vinh,1998-11-29,1998,11,29,0.0
Tra Vinh,1998-11-30,1998,11,30,0.0
Tra Vinh,1998-12-01,1998,12,1,1.0461771866185283
Tra Vinh,1998-12-02,1998,12,2,0.0
Tra Vinh,1998-12-03,1998,12,3,0.6851471106741432
Tra Vinh,1998-12-04,1998,12,4,0.0
Tra Vinh,1998-12-05,1998,12,5,0.0
Tra Vinh,1998-12-06,1998,12,6,0.501729853794027
Tra Vinh,1998-12-07,1998,12,7,0.7676307198500578
Tra Vinh,1998-12-08,1998,12,8,1.34508973741829
Tra Vinh,1998-12-09,1998,12,9,6.703162454964461
Tra Vinh,1998-12-10,1998,12,10,7.845097948572295
Tra Vinh,1998-12-11,1998,12,11,0.5300353086716457
Tra Vinh,1998-12-12,1998,12,12,2.8436350787737963
Tra Vinh,1998-12-13,1998,12,13,13.699753571926715
Tra Vinh,1998-12-14,1998,12,14,2.169264985992293
Tra Vinh,1998-12-15,1998,12,15,1.0719746136657184
Tra Vinh,1998-12-16,1998,12,16,0.0
Tra Vinh,1998-12-17,1998,12,17,1.5695467333070263
Tra Vinh,1998-12-18,1998,12,18,0.0027169466874977
Tra Vinh,1998-12-19,1998,12,19,0.0
Tra Vinh,1998-12-20,1998,12,20,1.6697367483455945
Tra Vinh,1998-12-21,1998,12,21,0.0
Tra Vinh,1998-12-22,1998,12,22,0.0
Tra Vinh,1998-12-23,1998,12,23,0.0
Tra Vinh,1998-12-24,1998,12,24,0.0
Tra Vinh,1998-12-25,1998,12,25,0.0
Tra Vinh,1998-12-26,1998,12,26,0.0
Tra Vinh,1998-12-27,1998,12,27,0.0
Tra Vinh,1998-12-28,1998,12,28,1.5985869393810277
Tra Vinh,1998-12-29,1998,12,29,0.0
Tra Vinh,1998-12-30,1998,12,30,1.1818135094291962
Tra Vinh,1998-12-31,1998,12,31,0.0
Tra Vinh,1999-01-01,1999,1,1,0.1896014058816242
Tra Vinh,1999-01-02,1999,1,2,0.0969792657149679
Tra Vinh,1999-01-03,1999,1,3,0.0
Tra Vinh,1999-01-04,1999,1,4,2.8624710664802966
Tra Vinh,1999-01-05,1999,1,5,0.9225496567578032
Tra Vinh,1999-01-06,1999,1,6,0.642180911695853
Tra Vinh,1999-01-07,1999,1,7,0.0
Tra Vinh,1999-01-08,1999,1,8,0.0
Tra Vinh,1999-01-09,1999,1,9,0.0
Tra Vinh,1999-01-10,1999,1,10,0.0
Tra Vinh,1999-01-11,1999,1,11,0.2929703363887831
Tra Vinh,1999-01-12,1999,1,12,0.0
Tra Vinh,1999-01-13,1999,1,13,0.0
Tra Vinh,1999-01-14,1999,1,14,0.0
Tra Vinh,1999-01-15,1999,1,15,0.0
Tra Vinh,1999-01-16,1999,1,16,0.0
Tra Vinh,1999-01-17,1999,1,17,0.0
Tra Vinh,1999-01-18,1999,1,18,0.0
Tra Vinh,1999-01-19,1999,1,19,0.0
Tra Vinh,1999-01-20,1999,1,20,0.0
Tra Vinh,1999-01-21,1999,1,21,0.0
Tra Vinh,1999-01-22,1999,1,22,2.9840619651317506
Tra Vinh,1999-01-23,1999,1,23,0.0
Tra Vinh,1999-01-24,1999,1,24,0.0
Tra Vinh,1999-01-25,1999,1,25,0.7913445860723436
Tra Vinh,1999-01-26,1999,1,26,0.016681045130703
Tra Vinh,1999-01-27,1999,1,27,3.798280140559285
Tra Vinh,1999-01-28,1999,1,28,0.0935532861751267
Tra Vinh,1999-01-29,1999,1,29,0.0
Tra Vinh,1999-01-30,1999,1,30,0.0
Tra Vinh,1999-01-31,1999,1,31,0.0
Tra Vinh,1999-02-01,1999,2,1,0.0
Tra Vinh,1999-02-02,1999,2,2,0.0
Tra Vinh,1999-02-03,1999,2,3,0.0
Tra Vinh,1999-02-04,1999,2,4,0.1622934966835992
Tra Vinh,1999-02-05,1999,2,5,0.0
Tra Vinh,1999-02-06,1999,2,6,0.3570549378659921
Tra Vinh,1999-02-07,1999,2,7,0.2834319200539396
Tra Vinh,1999-02-08,1999,2,8,0.2465856968362615
Tra Vinh,1999-02-09,1999,2,9,0.0006227166668582168
Tra Vinh,1999-02-10,1999,2,10,3.5759776085105424
Tra Vinh,1999-02-11,1999,2,11,0.769401186711771
Tra Vinh,1999-02-12,1999,2,12,0.0
Tra Vinh,1999-02-13,1999,2,13,0.0
Tra Vinh,1999-02-14,1999,2,14,0.0
Tra Vinh,1999-02-15,1999,2,15,0.0
Tra Vinh,1999-02-16,1999,2,16,0.0
Tra Vinh,1999-02-17,1999,2,17,0.0
Tra Vinh,1999-02-18,1999,2,18,0.0
Tra Vinh,1999-02-19,1999,2,19,0.0
Tra Vinh,1999-02-20,1999,2,20,0.0
Tra Vinh,1999-02-21,1999,2,21,0.0
Tra Vinh,1999-02-22,1999,2,22,0.0
Tra Vinh,1999-02-23,1999,2,23,0.0
Tra Vinh,1999-02-24,1999,2,24,0.0
Tra Vinh,1999-02-25,1999,2,25,0.0
Tra Vinh,1999-02-26,1999,2,26,0.0
Tra Vinh,1999-02-27,1999,2,27,0.0
Tra Vinh,1999-02-28,1999,2,28,1.0542684011129466
Tra Vinh,1999-03-01,1999,3,1,0.0
Tra Vinh,1999-03-02,1999,3,2,1.2339652616263697
Tra Vinh,1999-03-03,1999,3,3,0.0
Tra Vinh,1999-03-04,1999,3,4,0.0
Tra Vinh,1999-03-05,1999,3,5,0.0
Tra Vinh,1999-03-06,1999,3,6,0.0
Tra Vinh,1999-03-07,1999,3,7,0.0
Tra Vinh,1999-03-08,1999,3,8,0.0
Tra Vinh,1999-03-09,1999,3,9,0.0
Tra Vinh,1999-03-10,1999,3,10,0.0
Tra Vinh,1999-03-11,1999,3,11,0.0
Tra Vinh,1999-03-12,1999,3,12,0.0
Tra Vinh,1999-03-13,1999,3,13,0.0
Tra Vinh,1999-03-14,1999,3,14,0.0
Tra Vinh,1999-03-15,1999,3,15,0.0
Tra Vinh,1999-03-16,1999,3,16,0.0
Tra Vinh,1999-03-17,1999,3,17,0.0
Tra Vinh,1999-03-18,1999,3,18,0.0
Tra Vinh,1999-03-19,1999,3,19,0.0
Tra Vinh,1999-03-20,1999,3,20,0.0
Tra Vinh,1999-03-21,1999,3,21,0.0
Tra Vinh,1999-03-22,1999,3,22,0.735019886974842
Tra Vinh,1999-03-23,1999,3,23,0.0
Tra Vinh,1999-03-24,1999,3,24,0.0
Tra Vinh,1999-03-25,1999,3,25,0.0198492774682838
Tra Vinh,1999-03-26,1999,3,26,0.0
Tra Vinh,1999-03-27,1999,3,27,0.0
Tra Vinh,1999-03-28,1999,3,28,0.0
Tra Vinh,1999-03-29,1999,3,29,1.4373068853190805
Tra Vinh,1999-03-30,1999,3,30,1.7706862054860788
Tra Vinh,1999-03-31,1999,3,31,0.1795241005485518
Tra Vinh,1999-04-01,1999,4,1,0.0
Tra Vinh,1999-04-02,1999,4,2,0.0
Tra Vinh,1999-04-03,1999,4,3,0.7450844129273194
Tra Vinh,1999-04-04,1999,4,4,5.120219353169115
Tra Vinh,1999-04-05,1999,4,5,0.6723741062516856
Tra Vinh,1999-04-06,1999,4,6,0.0
Tra Vinh,1999-04-07,1999,4,7,0.0
Tra Vinh,1999-04-08,1999,4,8,0.5144591067455884
Tra Vinh,1999-04-09,1999,4,9,2.872010163818849
Tra Vinh,1999-04-10,1999,4,10,0.8642567407173517
Tra Vinh,1999-04-11,1999,4,11,0.9187735464606748
Tra Vinh,1999-04-12,1999,4,12,6.075552015660743
Tra Vinh,1999-04-13,1999,4,13,6.250230443606076
Tra Vinh,1999-04-14,1999,4,14,2.003307965635865
Tra Vinh,1999-04-15,1999,4,15,2.828348188032669
Tra Vinh,1999-04-16,1999,4,16,4.330124083351473
Tra Vinh,1999-04-17,1999,4,17,0.4457061331517189
Tra Vinh,1999-04-18,1999,4,18,0.0
Tra Vinh,1999-04-19,1999,4,19,0.0220725928104003
Tra Vinh,1999-04-20,1999,4,20,0.0
Tra Vinh,1999-04-21,1999,4,21,4.285625679153079
Tra Vinh,1999-04-22,1999,4,22,3.235504253151804
Tra Vinh,1999-04-23,1999,4,23,7.1346938271226445
Tra Vinh,1999-04-24,1999,4,24,2.937854489720294
Tra Vinh,1999-04-25,1999,4,25,4.596574666022192
Tra Vinh,1999-04-26,1999,4,26,7.961208580028342
Tra Vinh,1999-04-27,1999,4,27,6.794946122000271
Tra Vinh,1999-04-28,1999,4,28,21.051253828937952
Tra Vinh,1999-04-29,1999,4,29,14.543846300897254
Tra Vinh,1999-04-30,1999,4,30,3.559000952775526
Tra Vinh,1999-05-01,1999,5,1,9.829084246530067
Tra Vinh,1999-05-02,1999,5,2,10.033071332290188
Tra Vinh,1999-05-03,1999,5,3,0.1738081910130262
Tra Vinh,1999-05-04,1999,5,4,0.2188377032957668
Tra Vinh,1999-05-05,1999,5,5,0.5016764904344837
Tra Vinh,1999-05-06,1999,5,6,1.0177630148362922
Tra Vinh,1999-05-07,1999,5,7,5.883426207364145
Tra Vinh,1999-05-08,1999,5,8,5.385410825003716
Tra Vinh,1999-05-09,1999,5,9,1.7174636303756667
Tra Vinh,1999-05-10,1999,5,10,8.080185701791208
Tra Vinh,1999-05-11,1999,5,11,12.734619111429222
Tra Vinh,1999-05-12,1999,5,12,1.3062339844164608
Tra Vinh,1999-05-13,1999,5,13,5.767156806443925
Tra Vinh,1999-05-14,1999,5,14,9.50646938173836
Tra Vinh,1999-05-15,1999,5,15,18.90106696643766
Tra Vinh,1999-05-16,1999,5,16,9.65524523866183
Tra Vinh,1999-05-17,1999,5,17,2.8630749046119512
Tra Vinh,1999-05-18,1999,5,18,17.08127148352832
Tra Vinh,1999-05-19,1999,5,19,20.72537948670541
Tra Vinh,1999-05-20,1999,5,20,2.708998117973727
Tra Vinh,1999-05-21,1999,5,21,6.159031747283333
Tra Vinh,1999-05-22,1999,5,22,0.9673486034625892
Tra Vinh,1999-05-23,1999,5,23,13.457882831947645
Tra Vinh,1999-05-24,1999,5,24,13.211009629714251
Tra Vinh,1999-05-25,1999,5,25,5.71034235162818
Tra Vinh,1999-05-26,1999,5,26,4.585111549415607
Tra Vinh,1999-05-27,1999,5,27,5.244974055656391
Tra Vinh,1999-05-28,1999,5,28,22.47452947684428
Tra Vinh,1999-05-29,1999,5,29,31.810926582622827
Tra Vinh,1999-05-30,1999,5,30,11.442959822200796
Tra Vinh,1999-05-31,1999,5,31,3.4337378869367403
Tra Vinh,1999-06-01,1999,6,1,0.2654307899015141
Tra Vinh,1999-06-02,1999,6,2,18.159927623056237
Tra Vinh,1999-06-03,1999,6,3,12.359499043861325
Tra Vinh,1999-06-04,1999,6,4,10.394135002970016
Tra Vinh,1999-06-05,1999,6,5,13.63897210623599
Tra Vinh,1999-06-06,1999,6,6,3.1464775540552634
Tra Vinh,1999-06-07,1999,6,7,3.589175280779268
Tra Vinh,1999-06-08,1999,6,8,21.61873495809151
Tra Vinh,1999-06-09,1999,6,9,4.738944972175113
Tra Vinh,1999-06-10,1999,6,10,11.386495603115632
Tra Vinh,1999-06-11,1999,6,11,0.2964343961658937
Tra Vinh,1999-06-12,1999,6,12,3.751247307775936
Tra Vinh,1999-06-13,1999,6,13,18.668444183028942
Tra Vinh,1999-06-14,1999,6,14,10.17616946215668
Tra Vinh,1999-06-15,1999,6,15,18.628314985746968
Tra Vinh,1999-06-16,1999,6,16,0.0
Tra Vinh,1999-06-17,1999,6,17,0.3829008928624832
Tra Vinh,1999-06-18,1999,6,18,7.295775491416156
Tra Vinh,1999-06-19,1999,6,19,7.642285154113319
Tra Vinh,1999-06-20,1999,6,20,0.0
Tra Vinh,1999-06-21,1999,6,21,0.0
Tra Vinh,1999-06-22,1999,6,22,0.0
Tra Vinh,1999-06-23,1999,6,23,0.0
Tra Vinh,1999-06-24,1999,6,24,0.0
Tra Vinh,1999-06-25,1999,6,25,4.27521785803691
Tra Vinh,1999-06-26,1999,6,26,11.73005123902574
Tra Vinh,1999-06-27,1999,6,27,0.953727551702966
Tra Vinh,1999-06-28,1999,6,28,1.8402564879745744
Tra Vinh,1999-06-29,1999,6,29,3.365720061964716
Tra Vinh,1999-06-30,1999,6,30,5.15331786631396
Tra Vinh,1999-07-01,1999,7,1,1.2688299997537504
Tra Vinh,1999-07-02,1999,7,2,12.8634416644178
Tra Vinh,1999-07-03,1999,7,3,0.0089913347918538
Tra Vinh,1999-07-04,1999,7,4,0.0
Tra Vinh,1999-07-05,1999,7,5,0.0
Tra Vinh,1999-07-06,1999,7,6,0.0245172249591919
Tra Vinh,1999-07-07,1999,7,7,0.0
Tra Vinh,1999-07-08,1999,7,8,0.0098821131290483
Tra Vinh,1999-07-09,1999,7,9,0.0
Tra Vinh,1999-07-10,1999,7,10,0.0019255012289079
Tra Vinh,1999-07-11,1999,7,11,6.512716430078026
Tra Vinh,1999-07-12,1999,7,12,3.9803585381472817
Tra Vinh,1999-07-13,1999,7,13,1.5030002985242
Tra Vinh,1999-07-14,1999,7,14,7.488631651098551
Tra Vinh,1999-07-15,1999,7,15,0.0
Tra Vinh,1999-07-16,1999,7,16,3.763580717998873
Tra Vinh,1999-07-17,1999,7,17,5.614800829611743
Tra Vinh,1999-07-18,1999,7,18,0.0
Tra Vinh,1999-07-19,1999,7,19,0.0
Tra Vinh,1999-07-20,1999,7,20,0.6896208039466917
Tra Vinh,1999-07-21,1999,7,21,5.371207405058199
Tra Vinh,1999-07-22,1999,7,22,5.652628226444947
Tra Vinh,1999-07-23,1999,7,23,5.905286704554032
Tra Vinh,1999-07-24,1999,7,24,25.87492133189984
Tra Vinh,1999-07-25,1999,7,25,11.03043813146402
Tra Vinh,1999-07-26,1999,7,26,22.794603922315304
Tra Vinh,1999-07-27,1999,7,27,9.654506194585402
Tra Vinh,1999-07-28,1999,7,28,18.08154753338318
Tra Vinh,1999-07-29,1999,7,29,24.37060248539838
Tra Vinh,1999-07-30,1999,7,30,8.543490074323914
Tra Vinh,1999-07-31,1999,7,31,18.908356191583096
Tra Vinh,1999-08-01,1999,8,1,0.6082674018619444
Tra Vinh,1999-08-02,1999,8,2,2.0844695866974425
Tra Vinh,1999-08-03,1999,8,3,6.515414280057136
Tra Vinh,1999-08-04,1999,8,4,0.4070816404374618
Tra Vinh,1999-08-05,1999,8,5,17.570327172488135
Tra Vinh,1999-08-06,1999,8,6,10.055621392220862
Tra Vinh,1999-08-07,1999,8,7,0.0
Tra Vinh,1999-08-08,1999,8,8,0.0
Tra Vinh,1999-08-09,1999,8,9,0.0
Tra Vinh,1999-08-10,1999,8,10,0.0
Tra Vinh,1999-08-11,1999,8,11,4.592475529958268
Tra Vinh,1999-08-12,1999,8,12,0.08664318898284
Tra Vinh,1999-08-13,1999,8,13,0.2754519687303216
Tra Vinh,1999-08-14,1999,8,14,4.881456158926532
Tra Vinh,1999-08-15,1999,8,15,2.391430904442415
Tra Vinh,1999-08-16,1999,8,16,19.3986175578538
Tra Vinh,1999-08-17,1999,8,17,12.052191507068068
Tra Vinh,1999-08-18,1999,8,18,2.649548573679081
Tra Vinh,1999-08-19,1999,8,19,8.429950322007159
Tra Vinh,1999-08-20,1999,8,20,16.926035628535715
Tra Vinh,1999-08-21,1999,8,21,12.613311658134734
Tra Vinh,1999-08-22,1999,8,22,13.51564185660538
Tra Vinh,1999-08-23,1999,8,23,25.07888472473721
Tra Vinh,1999-08-24,1999,8,24,2.4499402931863177
Tra Vinh,1999-08-25,1999,8,25,8.91406102612301
Tra Vinh,1999-08-26,1999,8,26,14.381161797162868
Tra Vinh,1999-08-27,1999,8,27,4.964390590595794
Tra Vinh,1999-08-28,1999,8,28,9.345221292163153
Tra Vinh,1999-08-29,1999,8,29,21.92216325054948
Tra Vinh,1999-08-30,1999,8,30,8.96500573411892
Tra Vinh,1999-08-31,1999,8,31,25.60873427855085
Tra Vinh,1999-09-01,1999,9,1,12.086721508527829
Tra Vinh,1999-09-02,1999,9,2,14.392490492960675
Tra Vinh,1999-09-03,1999,9,3,7.686099206522545
Tra Vinh,1999-09-04,1999,9,4,20.257323718711167
Tra Vinh,1999-09-05,1999,9,5,20.486085728944936
Tra Vinh,1999-09-06,1999,9,6,23.168725260959143
Tra Vinh,1999-09-07,1999,9,7,1.5530350596879876
Tra Vinh,1999-09-08,1999,9,8,5.784828640995869
Tra Vinh,1999-09-09,1999,9,9,5.1169477178843685
Tra Vinh,1999-09-10,1999,9,10,0.7432278458310003
Tra Vinh,1999-09-11,1999,9,11,1.6685969081519498
Tra Vinh,1999-09-12,1999,9,12,0.9367135667955848
Tra Vinh,1999-09-13,1999,9,13,9.22650370792342
Tra Vinh,1999-09-14,1999,9,14,7.89477984607984
Tra Vinh,1999-09-15,1999,9,15,1.0973092429308025
Tra Vinh,1999-09-16,1999,9,16,1.6228997843151765
Tra Vinh,1999-09-17,1999,9,17,0.0
Tra Vinh,1999-09-18,1999,9,18,0.6188741745205846
Tra Vinh,1999-09-19,1999,9,19,1.5702859881557474
Tra Vinh,1999-09-20,1999,9,20,1.2514594458139143
Tra Vinh,1999-09-21,1999,9,21,2.257694121627944
Tra Vinh,1999-09-22,1999,9,22,2.35557884317352
Tra Vinh,1999-09-23,1999,9,23,17.75925988349339
Tra Vinh,1999-09-24,1999,9,24,0.0
Tra Vinh,1999-09-25,1999,9,25,0.1528214381783766
Tra Vinh,1999-09-26,1999,9,26,0.0339882842940266
Tra Vinh,1999-09-27,1999,9,27,0.7379884579782302
Tra Vinh,1999-09-28,1999,9,28,4.141716491203542
Tra Vinh,1999-09-29,1999,9,29,14.973044374222749
Tra Vinh,1999-09-30,1999,9,30,17.46357112626489
Tra Vinh,1999-10-01,1999,10,1,0.8590088160563596
Tra Vinh,1999-10-02,1999,10,2,0.0693884314645839
Tra Vinh,1999-10-03,1999,10,3,4.016016249414465
Tra Vinh,1999-10-04,1999,10,4,0.0
Tra Vinh,1999-10-05,1999,10,5,0.0
Tra Vinh,1999-10-06,1999,10,6,0.847739514212578
Tra Vinh,1999-10-07,1999,10,7,22.009860475144464
Tra Vinh,1999-10-08,1999,10,8,0.8206555583200963
Tra Vinh,1999-10-09,1999,10,9,1.335573583948361
Tra Vinh,1999-10-10,1999,10,10,0.0702892431177928
Tra Vinh,1999-10-11,1999,10,11,1.3680266915416437
Tra Vinh,1999-10-12,1999,10,12,35.03959047519101
Tra Vinh,1999-10-13,1999,10,13,37.89000118461778
Tra Vinh,1999-10-14,1999,10,14,10.005288605814773
Tra Vinh,1999-10-15,1999,10,15,11.541997307444175
Tra Vinh,1999-10-16,1999,10,16,17.569337891904397
Tra Vinh,1999-10-17,1999,10,17,23.35221124990019
Tra Vinh,1999-10-18,1999,10,18,29.588408866906452
Tra Vinh,1999-10-19,1999,10,19,4.742188726813848
Tra Vinh,1999-10-20,1999,10,20,1.7340666821660675
Tra Vinh,1999-10-21,1999,10,21,1.6445473212145398
Tra Vinh,1999-10-22,1999,10,22,11.867321703542858
Tra Vinh,1999-10-23,1999,10,23,22.1598860344072
Tra Vinh,1999-10-24,1999,10,24,56.01935633149986
Tra Vinh,1999-10-25,1999,10,25,12.06570556034527
Tra Vinh,1999-10-26,1999,10,26,3.0954479706762417
Tra Vinh,1999-10-27,1999,10,27,1.6169406027799589
Tra Vinh,1999-10-28,1999,10,28,26.870069471734052
Tra Vinh,1999-10-29,1999,10,29,3.805091193869355
Tra Vinh,1999-10-30,1999,10,30,7.526592287381978
Tra Vinh,1999-10-31,1999,10,31,17.55053381926384
Tra Vinh,1999-11-01,1999,11,1,32.91904478487405
Tra Vinh,1999-11-02,1999,11,2,21.684867464906837
Tra Vinh,1999-11-03,1999,11,3,11.335597485563822
Tra Vinh,1999-11-04,1999,11,4,28.81798217858088
Tra Vinh,1999-11-05,1999,11,5,14.520574724284806
Tra Vinh,1999-11-06,1999,11,6,0.0812456050815389
Tra Vinh,1999-11-07,1999,11,7,0.0
Tra Vinh,1999-11-08,1999,11,8,13.715292172858463
Tra Vinh,1999-11-09,1999,11,9,0.0
Tra Vinh,1999-11-10,1999,11,10,1.924212426533347
Tra Vinh,1999-11-11,1999,11,11,0.0
Tra Vinh,1999-11-12,1999,11,12,6.764117074008676
Tra Vinh,1999-11-13,1999,11,13,0.0
Tra Vinh,1999-11-14,1999,11,14,4.537559035457624
Tra Vinh,1999-11-15,1999,11,15,0.0
Tra Vinh,1999-11-16,1999,11,16,1.7594327784734478
Tra Vinh,1999-11-17,1999,11,17,0.0
Tra Vinh,1999-11-18,1999,11,18,0.1793978294593076
Tra Vinh,1999-11-19,1999,11,19,17.160040044613282
Tra Vinh,1999-11-20,1999,11,20,0.6580507528971498
Tra Vinh,1999-11-21,1999,11,21,16.40633153813464
Tra Vinh,1999-11-22,1999,11,22,0.0
Tra Vinh,1999-11-23,1999,11,23,0.0
Tra Vinh,1999-11-24,1999,11,24,0.0
Tra Vinh,1999-11-25,1999,11,25,0.0
Tra Vinh,1999-11-26,1999,11,26,0.0
Tra Vinh,1999-11-27,1999,11,27,0.0
Tra Vinh,1999-11-28,1999,11,28,1.6457116919051524
Tra Vinh,1999-11-29,1999,11,29,8.765629348784236
Tra Vinh,1999-11-30,1999,11,30,0.3510317437074235
Tra Vinh,1999-12-01,1999,12,1,0.2668456161697032
Tra Vinh,1999-12-02,1999,12,2,10.534526311456188
Tra Vinh,1999-12-03,1999,12,3,2.1893594405764034
Tra Vinh,1999-12-04,1999,12,4,0.4801719858337716
Tra Vinh,1999-12-05,1999,12,5,0.0369864165915451
Tra Vinh,1999-12-06,1999,12,6,0.079607014775745
Tra Vinh,1999-12-07,1999,12,7,0.0
Tra Vinh,1999-12-08,1999,12,8,0.4065913133806135
Tra Vinh,1999-12-09,1999,12,9,0.0211173717498942
Tra Vinh,1999-12-10,1999,12,10,7.793356789744608
Tra Vinh,1999-12-11,1999,12,11,5.991434082365941
Tra Vinh,1999-12-12,1999,12,12,0.1246126819945449
Tra Vinh,1999-12-13,1999,12,13,1.305778110243427
Tra Vinh,1999-12-14,1999,12,14,0.3622180022896915
Tra Vinh,1999-12-15,1999,12,15,0.0192048735031005
Tra Vinh,1999-12-16,1999,12,16,0.0
Tra Vinh,1999-12-17,1999,12,17,0.0
Tra Vinh,1999-12-18,1999,12,18,4.127366454994369
Tra Vinh,1999-12-19,1999,12,19,0.0
Tra Vinh,1999-12-20,1999,12,20,0.0
Tra Vinh,1999-12-21,1999,12,21,0.0
Tra Vinh,1999-12-22,1999,12,22,0.6411339298199032
Tra Vinh,1999-12-23,1999,12,23,0.0
Tra Vinh,1999-12-24,1999,12,24,0.1155074658160619
Tra Vinh,1999-12-25,1999,12,25,0.220148736367944
Tra Vinh,1999-12-26,1999,12,26,4.218099567061186
Tra Vinh,1999-12-27,1999,12,27,0.0012096678454263
Tra Vinh,1999-12-28,1999,12,28,0.0
Tra Vinh,1999-12-29,1999,12,29,0.0
Tra Vinh,1999-12-30,1999,12,30,0.0
Tra Vinh,1999-12-31,1999,12,31,0.0
Tra Vinh,2000-01-01,2000,1,1,0.0
Tra Vinh,2000-01-02,2000,1,2,0.0
Tra Vinh,2000-01-03,2000,1,3,0.0
Tra Vinh,2000-01-04,2000,1,4,0.0
Tra Vinh,2000-01-05,2000,1,5,0.1453439388924303
Tra Vinh,2000-01-06,2000,1,6,1.6569209202183637
Tra Vinh,2000-01-07,2000,1,7,0.0
Tra Vinh,2000-01-08,2000,1,8,0.0
Tra Vinh,2000-01-09,2000,1,9,0.0
Tra Vinh,2000-01-10,2000,1,10,0.0
Tra Vinh,2000-01-11,2000,1,11,0.0
Tra Vinh,2000-01-12,2000,1,12,0.0
Tra Vinh,2000-01-13,2000,1,13,0.0
Tra Vinh,2000-01-14,2000,1,14,0.0
Tra Vinh,2000-01-15,2000,1,15,0.0
Tra Vinh,2000-01-16,2000,1,16,0.2835489280594501
Tra Vinh,2000-01-17,2000,1,17,0.4024943411299279
Tra Vinh,2000-01-18,2000,1,18,0.0898324114880399
Tra Vinh,2000-01-19,2000,1,19,0.0
Tra Vinh,2000-01-20,2000,1,20,0.0
Tra Vinh,2000-01-21,2000,1,21,0.0
Tra Vinh,2000-01-22,2000,1,22,3.932356172256718
Tra Vinh,2000-01-23,2000,1,23,0.141265081721166
Tra Vinh,2000-01-24,2000,1,24,0.0
Tra Vinh,2000-01-25,2000,1,25,0.0
Tra Vinh,2000-01-26,2000,1,26,0.0
Tra Vinh,2000-01-27,2000,1,27,0.0
Tra Vinh,2000-01-28,2000,1,28,0.0
Tra Vinh,2000-01-29,2000,1,29,1.3219721041847865
Tra Vinh,2000-01-30,2000,1,30,0.0
Tra Vinh,2000-01-31,2000,1,31,0.0
Tra Vinh,2000-02-01,2000,2,1,0.0
Tra Vinh,2000-02-02,2000,2,2,0.0
Tra Vinh,2000-02-03,2000,2,3,1.4495267678942252
Tra Vinh,2000-02-04,2000,2,4,0.0036602211402219
Tra Vinh,2000-02-05,2000,2,5,0.0
Tra Vinh,2000-02-06,2000,2,6,1.8480995633147683
Tra Vinh,2000-02-07,2000,2,7,0.1378731804947496
Tra Vinh,2000-02-08,2000,2,8,0.0
Tra Vinh,2000-02-09,2000,2,9,0.1798501125850166
Tra Vinh,2000-02-10,2000,2,10,0.0263706411722278
Tra Vinh,2000-02-11,2000,2,11,0.0
Tra Vinh,2000-02-12,2000,2,12,0.0
Tra Vinh,2000-02-13,2000,2,13,0.0
Tra Vinh,2000-02-14,2000,2,14,0.0
Tra Vinh,2000-02-15,2000,2,15,0.0
Tra Vinh,2000-02-16,2000,2,16,0.0
Tra Vinh,2000-02-17,2000,2,17,0.0
Tra Vinh,2000-02-18,2000,2,18,0.0
Tra Vinh,2000-02-19,2000,2,19,0.0
Tra Vinh,2000-02-20,2000,2,20,0.0571404568977145
Tra Vinh,2000-02-21,2000,2,21,0.0
Tra Vinh,2000-02-22,2000,2,22,0.0
Tra Vinh,2000-02-23,2000,2,23,0.0
Tra Vinh,2000-02-24,2000,2,24,0.0
Tra Vinh,2000-02-25,2000,2,25,0.2904556853502696
Tra Vinh,2000-02-26,2000,2,26,0.0
Tra Vinh,2000-02-27,2000,2,27,0.0
Tra Vinh,2000-02-28,2000,2,28,0.2319150180903911
Tra Vinh,2000-02-29,2000,2,29,0.0
Tra Vinh,2000-03-01,2000,3,1,0.0
Tra Vinh,2000-03-02,2000,3,2,0.0
Tra Vinh,2000-03-03,2000,3,3,0.0
Tra Vinh,2000-03-04,2000,3,4,0.0
Tra Vinh,2000-03-05,2000,3,5,0.0
Tra Vinh,2000-03-06,2000,3,6,0.0
Tra Vinh,2000-03-07,2000,3,7,0.0
Tra Vinh,2000-03-08,2000,3,8,0.0
Tra Vinh,2000-03-09,2000,3,9,0.0
Tra Vinh,2000-03-10,2000,3,10,0.0
Tra Vinh,2000-03-11,2000,3,11,0.0
Tra Vinh,2000-03-12,2000,3,12,0.3113760457235419
Tra Vinh,2000-03-13,2000,3,13,0.0
Tra Vinh,2000-03-14,2000,3,14,1.315538227395031
Tra Vinh,2000-03-15,2000,3,15,12.883555330841968
Tra Vinh,2000-03-16,2000,3,16,0.0033521011882059
Tra Vinh,2000-03-17,2000,3,17,0.0
Tra Vinh,2000-03-18,2000,3,18,0.060466010702641
Tra Vinh,2000-03-19,2000,3,19,0.0142956520525516
Tra Vinh,2000-03-20,2000,3,20,0.0
Tra Vinh,2000-03-21,2000,3,21,0.0
Tra Vinh,2000-03-22,2000,3,22,4.021003644487195
Tra Vinh,2000-03-23,2000,3,23,0.5567747341688418
Tra Vinh,2000-03-24,2000,3,24,0.3767434207266041
Tra Vinh,2000-03-25,2000,3,25,0.0028086905578721
Tra Vinh,2000-03-26,2000,3,26,0.0913243506410212
Tra Vinh,2000-03-27,2000,3,27,0.4794059718431968
Tra Vinh,2000-03-28,2000,3,28,0.0
Tra Vinh,2000-03-29,2000,3,29,0.0
Tra Vinh,2000-03-30,2000,3,30,0.0
Tra Vinh,2000-03-31,2000,3,31,0.0
Tra Vinh,2000-04-01,2000,4,1,0.0
Tra Vinh,2000-04-02,2000,4,2,0.0
Tra Vinh,2000-04-03,2000,4,3,0.0
Tra Vinh,2000-04-04,2000,4,4,0.0
Tra Vinh,2000-04-05,2000,4,5,0.0
Tra Vinh,2000-04-06,2000,4,6,0.0
Tra Vinh,2000-04-07,2000,4,7,2.776922253262024
Tra Vinh,2000-04-08,2000,4,8,3.5337947445974303
Tra Vinh,2000-04-09,2000,4,9,0.0058512189601534
Tra Vinh,2000-04-10,2000,4,10,0.0
Tra Vinh,2000-04-11,2000,4,11,0.1227185214424165
Tra Vinh,2000-04-12,2000,4,12,1.7223501627478248
Tra Vinh,2000-04-13,2000,4,13,2.647272203495425
Tra Vinh,2000-04-14,2000,4,14,0.0055073938227849
Tra Vinh,2000-04-15,2000,4,15,2.022362851884521
Tra Vinh,2000-04-16,2000,4,16,0.5667622509890791
Tra Vinh,2000-04-17,2000,4,17,3.0483029142330493
Tra Vinh,2000-04-18,2000,4,18,0.8490042230788101
Tra Vinh,2000-04-19,2000,4,19,4.0101345236716925
Tra Vinh,2000-04-20,2000,4,20,0.6123708863533193
Tra Vinh,2000-04-21,2000,4,21,0.665459697463073
Tra Vinh,2000-04-22,2000,4,22,0.0540177055112271
Tra Vinh,2000-04-23,2000,4,23,0.5766994304405798
Tra Vinh,2000-04-24,2000,4,24,0.4309766576272595
Tra Vinh,2000-04-25,2000,4,25,8.502657746033156
Tra Vinh,2000-04-26,2000,4,26,2.167948141971856
Tra Vinh,2000-04-27,2000,4,27,0.6135092690110469
Tra Vinh,2000-04-28,2000,4,28,1.0266572709203434
Tra Vinh,2000-04-29,2000,4,29,0.0104311639189781
Tra Vinh,2000-04-30,2000,4,30,0.7150818047022764
Tra Vinh,2000-05-01,2000,5,1,11.021856982238637
Tra Vinh,2000-05-02,2000,5,2,16.89971214713286
Tra Vinh,2000-05-03,2000,5,3,3.1006050271541
Tra Vinh,2000-05-04,2000,5,4,0.0
Tra Vinh,2000-05-05,2000,5,5,2.231428865369454
Tra Vinh,2000-05-06,2000,5,6,3.938874917140837
Tra Vinh,2000-05-07,2000,5,7,3.408876293048462
Tra Vinh,2000-05-08,2000,5,8,3.072199185230557
Tra Vinh,2000-05-09,2000,5,9,3.363105168103232
Tra Vinh,2000-05-10,2000,5,10,6.162628824341412
Tra Vinh,2000-05-11,2000,5,11,16.4213082723094
Tra Vinh,2000-05-12,2000,5,12,23.12357466143788
Tra Vinh,2000-05-13,2000,5,13,13.533690321684004
Tra Vinh,2000-05-14,2000,5,14,9.964070058060605
Tra Vinh,2000-05-15,2000,5,15,14.089848940711317
Tra Vinh,2000-05-16,2000,5,16,16.170896670747776
Tra Vinh,2000-05-17,2000,5,17,10.010415727019367
Tra Vinh,2000-05-18,2000,5,18,7.487007476456938
Tra Vinh,2000-05-19,2000,5,19,5.980820963560912
Tra Vinh,2000-05-20,2000,5,20,10.009448438439383
Tra Vinh,2000-05-21,2000,5,21,1.845834619956728
Tra Vinh,2000-05-22,2000,5,22,1.7900576879371837
Tra Vinh,2000-05-23,2000,5,23,0.231181525131036
Tra Vinh,2000-05-24,2000,5,24,6.302222026858303
Tra Vinh,2000-05-25,2000,5,25,5.208322676885262
Tra Vinh,2000-05-26,2000,5,26,7.581612051501725
Tra Vinh,2000-05-27,2000,5,27,1.1750830052264716
Tra Vinh,2000-05-28,2000,5,28,10.98447775428919
Tra Vinh,2000-05-29,2000,5,29,20.022524661073444
Tra Vinh,2000-05-30,2000,5,30,10.18407644745588
Tra Vinh,2000-05-31,2000,5,31,19.9908519176534
Tra Vinh,2000-06-01,2000,6,1,22.122315904432337
Tra Vinh,2000-06-02,2000,6,2,20.84671526308321
Tra Vinh,2000-06-03,2000,6,3,1.4517924903457295
Tra Vinh,2000-06-04,2000,6,4,0.0
Tra Vinh,2000-06-05,2000,6,5,0.9939053440901358
Tra Vinh,2000-06-06,2000,6,6,0.2260060694985497
Tra Vinh,2000-06-07,2000,6,7,12.618940489280316
Tra Vinh,2000-06-08,2000,6,8,5.2902298679469215
Tra Vinh,2000-06-09,2000,6,9,9.064153248761809
Tra Vinh,2000-06-10,2000,6,10,0.0
Tra Vinh,2000-06-11,2000,6,11,4.702713421079385
Tra Vinh,2000-06-12,2000,6,12,0.0
Tra Vinh,2000-06-13,2000,6,13,0.0227485383007492
Tra Vinh,2000-06-14,2000,6,14,9.773093896909554
Tra Vinh,2000-06-15,2000,6,15,14.258834403458668
Tra Vinh,2000-06-16,2000,6,16,14.049141378102592
Tra Vinh,2000-06-17,2000,6,17,6.115417930740196
Tra Vinh,2000-06-18,2000,6,18,0.0
Tra Vinh,2000-06-19,2000,6,19,0.0022845201376505
Tra Vinh,2000-06-20,2000,6,20,12.050514455715854
Tra Vinh,2000-06-21,2000,6,21,7.402388566892453
Tra Vinh,2000-06-22,2000,6,22,5.226806246655319
Tra Vinh,2000-06-23,2000,6,23,7.120647587754981
Tra Vinh,2000-06-24,2000,6,24,6.950053381934131
Tra Vinh,2000-06-25,2000,6,25,4.083218270241549
Tra Vinh,2000-06-26,2000,6,26,10.95929191541484
Tra Vinh,2000-06-27,2000,6,27,4.843540114950314
Tra Vinh,2000-06-28,2000,6,28,8.855199597667621
Tra Vinh,2000-06-29,2000,6,29,15.645660773207627
Tra Vinh,2000-06-30,2000,6,30,4.25996816709793
Tra Vinh,2000-07-01,2000,7,1,0.0
Tra Vinh,2000-07-02,2000,7,2,3.199029504131492
Tra Vinh,2000-07-03,2000,7,3,8.171749468846302
Tra Vinh,2000-07-04,2000,7,4,20.30324844182893
Tra Vinh,2000-07-05,2000,7,5,2.846916594321
Tra Vinh,2000-07-06,2000,7,6,2.2442662326498923
Tra Vinh,2000-07-07,2000,7,7,3.9944359190100696
Tra Vinh,2000-07-08,2000,7,8,2.643972277773818
Tra Vinh,2000-07-09,2000,7,9,0.0
Tra Vinh,2000-07-10,2000,7,10,14.199764538549324
Tra Vinh,2000-07-11,2000,7,11,17.567709235874265
Tra Vinh,2000-07-12,2000,7,12,4.439586542275332
Tra Vinh,2000-07-13,2000,7,13,10.7276426927848
Tra Vinh,2000-07-14,2000,7,14,0.2053832462838271
Tra Vinh,2000-07-15,2000,7,15,10.727958279367954
Tra Vinh,2000-07-16,2000,7,16,10.892901192796884
Tra Vinh,2000-07-17,2000,7,17,12.49248282065733
Tra Vinh,2000-07-18,2000,7,18,5.144559898151379
Tra Vinh,2000-07-19,2000,7,19,0.0
Tra Vinh,2000-07-20,2000,7,20,0.0
Tra Vinh,2000-07-21,2000,7,21,0.0
Tra Vinh,2000-07-22,2000,7,22,0.0
Tra Vinh,2000-07-23,2000,7,23,6.031292063426985
Tra Vinh,2000-07-24,2000,7,24,14.77500691908495
Tra Vinh,2000-07-25,2000,7,25,12.826170585747557
Tra Vinh,2000-07-26,2000,7,26,14.71572963262146
Tra Vinh,2000-07-27,2000,7,27,2.204902301002653
Tra Vinh,2000-07-28,2000,7,28,0.0
Tra Vinh,2000-07-29,2000,7,29,0.0
Tra Vinh,2000-07-30,2000,7,30,0.043110888432861
Tra Vinh,2000-07-31,2000,7,31,0.0
Tra Vinh,2000-08-01,2000,8,1,3.636261663468285
Tra Vinh,2000-08-02,2000,8,2,1.7387183006449556
Tra Vinh,2000-08-03,2000,8,3,6.68500817584567
Tra Vinh,2000-08-04,2000,8,4,3.464609629795533
Tra Vinh,2000-08-05,2000,8,5,2.004732626787674
Tra Vinh,2000-08-06,2000,8,6,7.77668427862386
Tra Vinh,2000-08-07,2000,8,7,11.743278323941416
Tra Vinh,2000-08-08,2000,8,8,1.8349907069975275
Tra Vinh,2000-08-09,2000,8,9,0.0
Tra Vinh,2000-08-10,2000,8,10,3.2324712970266174
Tra Vinh,2000-08-11,2000,8,11,7.937345373379748
Tra Vinh,2000-08-12,2000,8,12,2.9600433266752075
Tra Vinh,2000-08-13,2000,8,13,2.270486405319039
Tra Vinh,2000-08-14,2000,8,14,12.421969979649752
Tra Vinh,2000-08-15,2000,8,15,7.759063159815975
Tra Vinh,2000-08-16,2000,8,16,7.362934301424294
Tra Vinh,2000-08-17,2000,8,17,9.086690043279686
Tra Vinh,2000-08-18,2000,8,18,10.229470928387698
Tra Vinh,2000-08-19,2000,8,19,6.2031794737114
Tra Vinh,2000-08-20,2000,8,20,18.78333292933881
Tra Vinh,2000-08-21,2000,8,21,8.352608458127689
Tra Vinh,2000-08-22,2000,8,22,12.969250252313318
Tra Vinh,2000-08-23,2000,8,23,2.442950572359148
Tra Vinh,2000-08-24,2000,8,24,29.100190450294164
Tra Vinh,2000-08-25,2000,8,25,23.199537134831104
Tra Vinh,2000-08-26,2000,8,26,0.0234889701347748
Tra Vinh,2000-08-27,2000,8,27,0.7444765183259751
Tra Vinh,2000-08-28,2000,8,28,11.607408185932435
Tra Vinh,2000-08-29,2000,8,29,11.431857689458198
Tra Vinh,2000-08-30,2000,8,30,0.7644510286698812
Tra Vinh,2000-08-31,2000,8,31,22.457667870095023
Tra Vinh,2000-09-01,2000,9,1,6.144597829631887
Tra Vinh,2000-09-02,2000,9,2,0.4532019376591654
Tra Vinh,2000-09-03,2000,9,3,0.0021055357587098
Tra Vinh,2000-09-04,2000,9,4,0.5629839756783611
Tra Vinh,2000-09-05,2000,9,5,1.7637486331112584
Tra Vinh,2000-09-06,2000,9,6,0.0775353357753978
Tra Vinh,2000-09-07,2000,9,7,0.0
Tra Vinh,2000-09-08,2000,9,8,6.355660146192461
Tra Vinh,2000-09-09,2000,9,9,3.998764728366236
Tra Vinh,2000-09-10,2000,9,10,12.799352098086231
Tra Vinh,2000-09-11,2000,9,11,3.7780105913727215
Tra Vinh,2000-09-12,2000,9,12,5.107775554894299
Tra Vinh,2000-09-13,2000,9,13,13.701820158440576
Tra Vinh,2000-09-14,2000,9,14,8.41440688258912
Tra Vinh,2000-09-15,2000,9,15,17.850456141316418
Tra Vinh,2000-09-16,2000,9,16,10.441955948438684
Tra Vinh,2000-09-17,2000,9,17,0.0
Tra Vinh,2000-09-18,2000,9,18,0.8783566083014264
Tra Vinh,2000-09-19,2000,9,19,0.0
Tra Vinh,2000-09-20,2000,9,20,0.5270910155412292
Tra Vinh,2000-09-21,2000,9,21,3.989753590193652
Tra Vinh,2000-09-22,2000,9,22,7.792353164350474
Tra Vinh,2000-09-23,2000,9,23,0.0
Tra Vinh,2000-09-24,2000,9,24,0.3406237034955063
Tra Vinh,2000-09-25,2000,9,25,10.351623695559711
Tra Vinh,2000-09-26,2000,9,26,6.302111949750615
Tra Vinh,2000-09-27,2000,9,27,7.157529713313598
Tra Vinh,2000-09-28,2000,9,28,5.756600820092596
Tra Vinh,2000-09-29,2000,9,29,4.7836659607141865
Tra Vinh,2000-09-30,2000,9,30,13.361566270419177
Tra Vinh,2000-10-01,2000,10,1,17.651397206792666
Tra Vinh,2000-10-02,2000,10,2,22.1657975054774
Tra Vinh,2000-10-03,2000,10,3,0.2638703815668326
Tra Vinh,2000-10-04,2000,10,4,7.0796061270009005
Tra Vinh,2000-10-05,2000,10,5,14.838731115692513
Tra Vinh,2000-10-06,2000,10,6,43.78109523563767
Tra Vinh,2000-10-07,2000,10,7,19.56703482266264
Tra Vinh,2000-10-08,2000,10,8,26.42756349558869
Tra Vinh,2000-10-09,2000,10,9,90.65054929311484
Tra Vinh,2000-10-10,2000,10,10,20.623433796874632
Tra Vinh,2000-10-11,2000,10,11,0.0
Tra Vinh,2000-10-12,2000,10,12,3.4293850095573397
Tra Vinh,2000-10-13,2000,10,13,5.14542161407115
Tra Vinh,2000-10-14,2000,10,14,6.550171859512697
Tra Vinh,2000-10-15,2000,10,15,0.3109746599515441
Tra Vinh,2000-10-16,2000,10,16,15.703625396640756
Tra Vinh,2000-10-17,2000,10,17,17.862174235308533
Tra Vinh,2000-10-18,2000,10,18,13.846603574988482
Tra Vinh,2000-10-19,2000,10,19,6.009588745510104
Tra Vinh,2000-10-20,2000,10,20,7.108810679289096
Tra Vinh,2000-10-21,2000,10,21,5.4275342388623615
Tra Vinh,2000-10-22,2000,10,22,8.233103683652558
Tra Vinh,2000-10-23,2000,10,23,9.517054986552086
Tra Vinh,2000-10-24,2000,10,24,0.0005939227404789329
Tra Vinh,2000-10-25,2000,10,25,2.423115800430942
Tra Vinh,2000-10-26,2000,10,26,0.0143677737746704
Tra Vinh,2000-10-27,2000,10,27,15.649366251032266
Tra Vinh,2000-10-28,2000,10,28,9.46900189848502
Tra Vinh,2000-10-29,2000,10,29,35.870568217467856
Tra Vinh,2000-10-30,2000,10,30,19.897686134755595
Tra Vinh,2000-10-31,2000,10,31,17.472796156505474
Tra Vinh,2000-11-01,2000,11,1,17.609135186303178
Tra Vinh,2000-11-02,2000,11,2,0.0
Tra Vinh,2000-11-03,2000,11,3,0.0
Tra Vinh,2000-11-04,2000,11,4,0.0
Tra Vinh,2000-11-05,2000,11,5,0.0
Tra Vinh,2000-11-06,2000,11,6,0.0
Tra Vinh,2000-11-07,2000,11,7,0.0
Tra Vinh,2000-11-08,2000,11,8,0.0
Tra Vinh,2000-11-09,2000,11,9,0.0
Tra Vinh,2000-11-10,2000,11,10,0.0
Tra Vinh,2000-11-11,2000,11,11,0.0
Tra Vinh,2000-11-12,2000,11,12,0.0
Tra Vinh,2000-11-13,2000,11,13,1.3549862841632558
Tra Vinh,2000-11-14,2000,11,14,4.056830793338819
Tra Vinh,2000-11-15,2000,11,15,6.86313954114465
Tra Vinh,2000-11-16,2000,11,16,19.43186527719981
Tra Vinh,2000-11-17,2000,11,17,0.0
Tra Vinh,2000-11-18,2000,11,18,7.380060990651446
Tra Vinh,2000-11-19,2000,11,19,7.4471474829057716
Tra Vinh,2000-11-20,2000,11,20,6.253640555756425
Tra Vinh,2000-11-21,2000,11,21,2.5699632873448706
Tra Vinh,2000-11-22,2000,11,22,20.705984925620264
Tra Vinh,2000-11-23,2000,11,23,16.451712907594104
Tra Vinh,2000-11-24,2000,11,24,3.247991036406455
Tra Vinh,2000-11-25,2000,11,25,5.5078874163002105
Tra Vinh,2000-11-26,2000,11,26,0.0
Tra Vinh,2000-11-27,2000,11,27,0.0
Tra Vinh,2000-11-28,2000,11,28,0.0
Tra Vinh,2000-11-29,2000,11,29,6.392513528652266
Tra Vinh,2000-11-30,2000,11,30,23.16720578514328
Tra Vinh,2000-12-01,2000,12,1,0.5073762157441652
Tra Vinh,2000-12-02,2000,12,2,0.0
Tra Vinh,2000-12-03,2000,12,3,0.0
Tra Vinh,2000-12-04,2000,12,4,0.0
Tra Vinh,2000-12-05,2000,12,5,1.0461394685047063
Tra Vinh,2000-12-06,2000,12,6,27.38892751174725
Tra Vinh,2000-12-07,2000,12,7,7.899136128008866
Tra Vinh,2000-12-08,2000,12,8,0.0
Tra Vinh,2000-12-09,2000,12,9,0.0
Tra Vinh,2000-12-10,2000,12,10,0.0
Tra Vinh,2000-12-11,2000,12,11,0.0881007617205376
Tra Vinh,2000-12-12,2000,12,12,0.0
Tra Vinh,2000-12-13,2000,12,13,0.0
Tra Vinh,2000-12-14,2000,12,14,0.0
Tra Vinh,2000-12-15,2000,12,15,0.0
Tra Vinh,2000-12-16,2000,12,16,4.858040444235607
Tra Vinh,2000-12-17,2000,12,17,8.709239338980343
Tra Vinh,2000-12-18,2000,12,18,6.701566277619444
Tra Vinh,2000-12-19,2000,12,19,0.0
Tra Vinh,2000-12-20,2000,12,20,0.0
Tra Vinh,2000-12-21,2000,12,21,0.0
Tra Vinh,2000-12-22,2000,12,22,0.0
Tra Vinh,2000-12-23,2000,12,23,0.0
Tra Vinh,2000-12-24,2000,12,24,3.933367293656166
Tra Vinh,2000-12-25,2000,12,25,1.198482503366201
Tra Vinh,2000-12-26,2000,12,26,25.155335375686487
Tra Vinh,2000-12-27,2000,12,27,10.118922657531936
Tra Vinh,2000-12-28,2000,12,28,0.0
Tra Vinh,2000-12-29,2000,12,29,0.0
Tra Vinh,2000-12-30,2000,12,30,0.0
Tra Vinh,2000-12-31,2000,12,31,0.0
Tra Vinh,2001-01-01,2001,1,1,0.0
Tra Vinh,2001-01-02,2001,1,2,0.0
Tra Vinh,2001-01-03,2001,1,3,0.0
Tra Vinh,2001-01-04,2001,1,4,0.0
Tra Vinh,2001-01-05,2001,1,5,0.0
Tra Vinh,2001-01-06,2001,1,6,0.0
Tra Vinh,2001-01-07,2001,1,7,0.0
Tra Vinh,2001-01-08,2001,1,8,0.1734053294857852
Tra Vinh,2001-01-09,2001,1,9,0.5133520875279669
Tra Vinh,2001-01-10,2001,1,10,1.7214810267964928
Tra Vinh,2001-01-11,2001,1,11,2.544238437146167
Tra Vinh,2001-01-12,2001,1,12,2.0125895009216985
Tra Vinh,2001-01-13,2001,1,13,0.0
Tra Vinh,2001-01-14,2001,1,14,0.4406080653071299
Tra Vinh,2001-01-15,2001,1,15,0.0
Tra Vinh,2001-01-16,2001,1,16,0.3535708598098082
Tra Vinh,2001-01-17,2001,1,17,4.575171879484894
Tra Vinh,2001-01-18,2001,1,18,0.0033188142011119
Tra Vinh,2001-01-19,2001,1,19,0.0
Tra Vinh,2001-01-20,2001,1,20,0.0
Tra Vinh,2001-01-21,2001,1,21,0.0
Tra Vinh,2001-01-22,2001,1,22,0.0
Tra Vinh,2001-01-23,2001,1,23,0.0
Tra Vinh,2001-01-24,2001,1,24,0.0
Tra Vinh,2001-01-25,2001,1,25,0.0
Tra Vinh,2001-01-26,2001,1,26,0.0
Tra Vinh,2001-01-27,2001,1,27,0.0
Tra Vinh,2001-01-28,2001,1,28,0.0
Tra Vinh,2001-01-29,2001,1,29,0.0004741285797141648
Tra Vinh,2001-01-30,2001,1,30,0.0
Tra Vinh,2001-01-31,2001,1,31,1.742437268538985
Tra Vinh,2001-02-01,2001,2,1,0.0
Tra Vinh,2001-02-02,2001,2,2,0.0
Tra Vinh,2001-02-03,2001,2,3,0.0
Tra Vinh,2001-02-04,2001,2,4,0.0459400079093143
Tra Vinh,2001-02-05,2001,2,5,0.0
Tra Vinh,2001-02-06,2001,2,6,0.0
Tra Vinh,2001-02-07,2001,2,7,0.0389133981349877
Tra Vinh,2001-02-08,2001,2,8,0.0
Tra Vinh,2001-02-09,2001,2,9,1.8951195998489088
Tra Vinh,2001-02-10,2001,2,10,1.0872929444654753
Tra Vinh,2001-02-11,2001,2,11,1.1028309413624535
Tra Vinh,2001-02-12,2001,2,12,0.0
Tra Vinh,2001-02-13,2001,2,13,1.9565008681707752
Tra Vinh,2001-02-14,2001,2,14,0.0
Tra Vinh,2001-02-15,2001,2,15,0.0
Tra Vinh,2001-02-16,2001,2,16,0.0
Tra Vinh,2001-02-17,2001,2,17,0.0
Tra Vinh,2001-02-18,2001,2,18,0.0
Tra Vinh,2001-02-19,2001,2,19,0.0
Tra Vinh,2001-02-20,2001,2,20,0.0
Tra Vinh,2001-02-21,2001,2,21,0.0
Tra Vinh,2001-02-22,2001,2,22,0.0
Tra Vinh,2001-02-23,2001,2,23,0.0
Tra Vinh,2001-02-24,2001,2,24,0.0
Tra Vinh,2001-02-25,2001,2,25,0.0
Tra Vinh,2001-02-26,2001,2,26,0.0
Tra Vinh,2001-02-27,2001,2,27,0.0
Tra Vinh,2001-02-28,2001,2,28,0.0
Tra Vinh,2001-03-01,2001,3,1,0.0
Tra Vinh,2001-03-02,2001,3,2,0.0
Tra Vinh,2001-03-03,2001,3,3,0.0
Tra Vinh,2001-03-04,2001,3,4,0.009447727567093
Tra Vinh,2001-03-05,2001,3,5,0.0
Tra Vinh,2001-03-06,2001,3,6,0.0558147941142121
Tra Vinh,2001-03-07,2001,3,7,0.0
Tra Vinh,2001-03-08,2001,3,8,0.0
Tra Vinh,2001-03-09,2001,3,9,0.0
Tra Vinh,2001-03-10,2001,3,10,0.0
Tra Vinh,2001-03-11,2001,3,11,0.0
Tra Vinh,2001-03-12,2001,3,12,0.0594732225175716
Tra Vinh,2001-03-13,2001,3,13,0.0038962789492788
Tra Vinh,2001-03-14,2001,3,14,0.0
Tra Vinh,2001-03-15,2001,3,15,0.0
Tra Vinh,2001-03-16,2001,3,16,0.0
Tra Vinh,2001-03-17,2001,3,17,5.977046303480367
Tra Vinh,2001-03-18,2001,3,18,0.011144231237141
Tra Vinh,2001-03-19,2001,3,19,1.641580269084703
Tra Vinh,2001-03-20,2001,3,20,0.0
Tra Vinh,2001-03-21,2001,3,21,0.0
Tra Vinh,2001-03-22,2001,3,22,3.026649960803642
Tra Vinh,2001-03-23,2001,3,23,0.0034456014918612
Tra Vinh,2001-03-24,2001,3,24,1.1783667704539964
Tra Vinh,2001-03-25,2001,3,25,3.702651713390685
Tra Vinh,2001-03-26,2001,3,26,5.176731694268632
Tra Vinh,2001-03-27,2001,3,27,0.4583228567389925
Tra Vinh,2001-03-28,2001,3,28,14.178812858629
Tra Vinh,2001-03-29,2001,3,29,8.221626830361975
Tra Vinh,2001-03-30,2001,3,30,0.0028373353273741
Tra Vinh,2001-03-31,2001,3,31,0.6953898643007924
Tra Vinh,2001-04-01,2001,4,1,4.958545513788777
Tra Vinh,2001-04-02,2001,4,2,0.0006116330776537545
Tra Vinh,2001-04-03,2001,4,3,0.0
Tra Vinh,2001-04-04,2001,4,4,0.4771248903542842
Tra Vinh,2001-04-05,2001,4,5,0.2689071022813821
Tra Vinh,2001-04-06,2001,4,6,0.0017278685271281
Tra Vinh,2001-04-07,2001,4,7,0.0
Tra Vinh,2001-04-08,2001,4,8,0.0
Tra Vinh,2001-04-09,2001,4,9,0.0
Tra Vinh,2001-04-10,2001,4,10,0.0498398064302953
Tra Vinh,2001-04-11,2001,4,11,0.0
Tra Vinh,2001-04-12,2001,4,12,0.0
Tra Vinh,2001-04-13,2001,4,13,0.0
Tra Vinh,2001-04-14,2001,4,14,0.0
Tra Vinh,2001-04-15,2001,4,15,0.0
Tra Vinh,2001-04-16,2001,4,16,0.0
Tra Vinh,2001-04-17,2001,4,17,0.0
Tra Vinh,2001-04-18,2001,4,18,0.0
Tra Vinh,2001-04-19,2001,4,19,0.7231889523174572
Tra Vinh,2001-04-20,2001,4,20,0.0
Tra Vinh,2001-04-21,2001,4,21,0.0
Tra Vinh,2001-04-22,2001,4,22,0.0
Tra Vinh,2001-04-23,2001,4,23,0.0992667326381598
Tra Vinh,2001-04-24,2001,4,24,7.789982035952345
Tra Vinh,2001-04-25,2001,4,25,0.0
Tra Vinh,2001-04-26,2001,4,26,0.0
Tra Vinh,2001-04-27,2001,4,27,17.269291807611474
Tra Vinh,2001-04-28,2001,4,28,13.667349063495864
Tra Vinh,2001-04-29,2001,4,29,8.983566178018785
Tra Vinh,2001-04-30,2001,4,30,0.0
Tra Vinh,2001-05-01,2001,5,1,0.0
Tra Vinh,2001-05-02,2001,5,2,0.5550940068579134
Tra Vinh,2001-05-03,2001,5,3,0.0
Tra Vinh,2001-05-04,2001,5,4,0.0
Tra Vinh,2001-05-05,2001,5,5,0.0
Tra Vinh,2001-05-06,2001,5,6,0.0
Tra Vinh,2001-05-07,2001,5,7,0.7814511322600015
Tra Vinh,2001-05-08,2001,5,8,1.7883460294115696
Tra Vinh,2001-05-09,2001,5,9,0.0
Tra Vinh,2001-05-10,2001,5,10,0.0
Tra Vinh,2001-05-11,2001,5,11,8.42822071915511
Tra Vinh,2001-05-12,2001,5,12,10.774376461949126
Tra Vinh,2001-05-13,2001,5,13,5.629843001959363
Tra Vinh,2001-05-14,2001,5,14,26.500978942771276
Tra Vinh,2001-05-15,2001,5,15,24.36983786172411
Tra Vinh,2001-05-16,2001,5,16,27.6718608583979
Tra Vinh,2001-05-17,2001,5,17,0.0
Tra Vinh,2001-05-18,2001,5,18,7.998965153882537
Tra Vinh,2001-05-19,2001,5,19,4.65159249099805
Tra Vinh,2001-05-20,2001,5,20,6.176710054958824
Tra Vinh,2001-05-21,2001,5,21,5.4192160556249895
Tra Vinh,2001-05-22,2001,5,22,0.0
Tra Vinh,2001-05-23,2001,5,23,3.11696478734164
Tra Vinh,2001-05-24,2001,5,24,0.0
Tra Vinh,2001-05-25,2001,5,25,1.9748184316399275
Tra Vinh,2001-05-26,2001,5,26,8.957794237242856
Tra Vinh,2001-05-27,2001,5,27,11.352934346252855
Tra Vinh,2001-05-28,2001,5,28,15.638859703170953
Tra Vinh,2001-05-29,2001,5,29,0.0
Tra Vinh,2001-05-30,2001,5,30,3.435865090079687
Tra Vinh,2001-05-31,2001,5,31,2.11341602206536
Tra Vinh,2001-06-01,2001,6,1,2.945843618783009
Tra Vinh,2001-06-02,2001,6,2,11.531110514876003
Tra Vinh,2001-06-03,2001,6,3,6.400690424354622
Tra Vinh,2001-06-04,2001,6,4,11.836297541321573
Tra Vinh,2001-06-05,2001,6,5,9.249137355177464
Tra Vinh,2001-06-06,2001,6,6,10.836812887351613
Tra Vinh,2001-06-07,2001,6,7,4.880982915213806
Tra Vinh,2001-06-08,2001,6,8,7.121653185352331
Tra Vinh,2001-06-09,2001,6,9,6.654900928939815
Tra Vinh,2001-06-10,2001,6,10,10.240169379249153
Tra Vinh,2001-06-11,2001,6,11,1.6706823284083272
Tra Vinh,2001-06-12,2001,6,12,0.0079851175386191
Tra Vinh,2001-06-13,2001,6,13,3.699350465846627
Tra Vinh,2001-06-14,2001,6,14,13.1925750119229
Tra Vinh,2001-06-15,2001,6,15,14.598365980732307
Tra Vinh,2001-06-16,2001,6,16,8.578585874388027
Tra Vinh,2001-06-17,2001,6,17,10.243465824373482
Tra Vinh,2001-06-18,2001,6,18,17.66150193110845
Tra Vinh,2001-06-19,2001,6,19,0.9092811977575836
Tra Vinh,2001-06-20,2001,6,20,18.793036488318855
Tra Vinh,2001-06-21,2001,6,21,15.289525638467444
Tra Vinh,2001-06-22,2001,6,22,6.270452415309072
Tra Vinh,2001-06-23,2001,6,23,12.84312345089821
Tra Vinh,2001-06-24,2001,6,24,5.155300889093486
Tra Vinh,2001-06-25,2001,6,25,16.36301321646525
Tra Vinh,2001-06-26,2001,6,26,4.13442271496264
Tra Vinh,2001-06-27,2001,6,27,8.237818241761605
Tra Vinh,2001-06-28,2001,6,28,10.316951734776652
Tra Vinh,2001-06-29,2001,6,29,3.426334662133247
Tra Vinh,2001-06-30,2001,6,30,6.172981907959694
Tra Vinh,2001-07-01,2001,7,1,15.18572580239416
Tra Vinh,2001-07-02,2001,7,2,14.036980994648449
Tra Vinh,2001-07-03,2001,7,3,9.75748082807334
Tra Vinh,2001-07-04,2001,7,4,5.416542463166418
Tra Vinh,2001-07-05,2001,7,5,4.040321912707599
Tra Vinh,2001-07-06,2001,7,6,18.59651365585157
Tra Vinh,2001-07-07,2001,7,7,4.885819412733481
Tra Vinh,2001-07-08,2001,7,8,12.347109052305935
Tra Vinh,2001-07-09,2001,7,9,0.0
Tra Vinh,2001-07-10,2001,7,10,0.7967920956274004
Tra Vinh,2001-07-11,2001,7,11,0.0216085371327681
Tra Vinh,2001-07-12,2001,7,12,4.6970993250848005
Tra Vinh,2001-07-13,2001,7,13,0.2086864128385177
Tra Vinh,2001-07-14,2001,7,14,3.5751186121380663
Tra Vinh,2001-07-15,2001,7,15,0.0
Tra Vinh,2001-07-16,2001,7,16,0.0334020567914859
Tra Vinh,2001-07-17,2001,7,17,0.0
Tra Vinh,2001-07-18,2001,7,18,0.0021613885831563
Tra Vinh,2001-07-19,2001,7,19,0.0076284476767569
Tra Vinh,2001-07-20,2001,7,20,5.934284333858974
Tra Vinh,2001-07-21,2001,7,21,6.941596006050423
Tra Vinh,2001-07-22,2001,7,22,0.0
Tra Vinh,2001-07-23,2001,7,23,0.0
Tra Vinh,2001-07-24,2001,7,24,2.082778493726439
Tra Vinh,2001-07-25,2001,7,25,0.0
Tra Vinh,2001-07-26,2001,7,26,6.184426429058844
Tra Vinh,2001-07-27,2001,7,27,1.0069605429110942
Tra Vinh,2001-07-28,2001,7,28,0.3445084274008841
Tra Vinh,2001-07-29,2001,7,29,4.654660985615386
Tra Vinh,2001-07-30,2001,7,30,0.6684905381738494
Tra Vinh,2001-07-31,2001,7,31,5.198326353295268
Tra Vinh,2001-08-01,2001,8,1,0.0
Tra Vinh,2001-08-02,2001,8,2,6.101189730614702
Tra Vinh,2001-08-03,2001,8,3,12.036436212945636
Tra Vinh,2001-08-04,2001,8,4,17.931035915358105
Tra Vinh,2001-08-05,2001,8,5,9.519930262677336
Tra Vinh,2001-08-06,2001,8,6,4.607255800679257
Tra Vinh,2001-08-07,2001,8,7,3.0203659997060592
Tra Vinh,2001-08-08,2001,8,8,2.455331538005712
Tra Vinh,2001-08-09,2001,8,9,14.557953594810266
Tra Vinh,2001-08-10,2001,8,10,8.705416248051428
Tra Vinh,2001-08-11,2001,8,11,1.4300213696427762
Tra Vinh,2001-08-12,2001,8,12,2.064376230339361
Tra Vinh,2001-08-13,2001,8,13,15.82159226198002
Tra Vinh,2001-08-14,2001,8,14,16.83024564118839
Tra Vinh,2001-08-15,2001,8,15,21.04472646045341
Tra Vinh,2001-08-16,2001,8,16,11.872802657797248
Tra Vinh,2001-08-17,2001,8,17,3.54406341406266
Tra Vinh,2001-08-18,2001,8,18,5.491401019230117
Tra Vinh,2001-08-19,2001,8,19,9.777859362370132
Tra Vinh,2001-08-20,2001,8,20,24.41783194218167
Tra Vinh,2001-08-21,2001,8,21,0.0
Tra Vinh,2001-08-22,2001,8,22,2.5894436242336973
Tra Vinh,2001-08-23,2001,8,23,2.9680755349618044
Tra Vinh,2001-08-24,2001,8,24,4.541526541274409
Tra Vinh,2001-08-25,2001,8,25,0.0
Tra Vinh,2001-08-26,2001,8,26,11.541019416760635
Tra Vinh,2001-08-27,2001,8,27,6.59571090846749
Tra Vinh,2001-08-28,2001,8,28,20.482465895277954
Tra Vinh,2001-08-29,2001,8,29,7.504963525813194
Tra Vinh,2001-08-30,2001,8,30,23.459319702270435
Tra Vinh,2001-08-31,2001,8,31,0.8950419792542602
Tra Vinh,2001-09-01,2001,9,1,0.0
Tra Vinh,2001-09-02,2001,9,2,0.0
Tra Vinh,2001-09-03,2001,9,3,10.467433995317345
Tra Vinh,2001-09-04,2001,9,4,3.4950408504542185
Tra Vinh,2001-09-05,2001,9,5,1.325704064821002
Tra Vinh,2001-09-06,2001,9,6,0.0
Tra Vinh,2001-09-07,2001,9,7,0.6508247080431525
Tra Vinh,2001-09-08,2001,9,8,0.4336533027774188
Tra Vinh,2001-09-09,2001,9,9,14.016362786517297
Tra Vinh,2001-09-10,2001,9,10,10.72337250222665
Tra Vinh,2001-09-11,2001,9,11,4.129386525424662
Tra Vinh,2001-09-12,2001,9,12,1.5617108159397974
Tra Vinh,2001-09-13,2001,9,13,2.579769973838881
Tra Vinh,2001-09-14,2001,9,14,1.3949134262765754
Tra Vinh,2001-09-15,2001,9,15,5.27770991323951
Tra Vinh,2001-09-16,2001,9,16,12.26486303155108
Tra Vinh,2001-09-17,2001,9,17,5.960283743707218
Tra Vinh,2001-09-18,2001,9,18,0.7052161053386286
Tra Vinh,2001-09-19,2001,9,19,1.2864808025208416
Tra Vinh,2001-09-20,2001,9,20,1.080437830743452
Tra Vinh,2001-09-21,2001,9,21,17.6166594508409
Tra Vinh,2001-09-22,2001,9,22,16.966851807056536
Tra Vinh,2001-09-23,2001,9,23,4.8688974006779056
Tra Vinh,2001-09-24,2001,9,24,5.6604965086653625
Tra Vinh,2001-09-25,2001,9,25,9.170839305757474
Tra Vinh,2001-09-26,2001,9,26,3.321066261764997
Tra Vinh,2001-09-27,2001,9,27,17.097729112829978
Tra Vinh,2001-09-28,2001,9,28,13.771447647610785
Tra Vinh,2001-09-29,2001,9,29,12.265522527454118
Tra Vinh,2001-09-30,2001,9,30,37.973867556733566
Tra Vinh,2001-10-01,2001,10,1,27.802092281023167
Tra Vinh,2001-10-02,2001,10,2,24.389082789726896
Tra Vinh,2001-10-03,2001,10,3,5.485346571429072
Tra Vinh,2001-10-04,2001,10,4,20.83579706790937
Tra Vinh,2001-10-05,2001,10,5,5.647429519521692
Tra Vinh,2001-10-06,2001,10,6,0.9060454523235134
Tra Vinh,2001-10-07,2001,10,7,1.3218121649221166
Tra Vinh,2001-10-08,2001,10,8,18.033504841693425
Tra Vinh,2001-10-09,2001,10,9,1.4124812333425207
Tra Vinh,2001-10-10,2001,10,10,14.729182029108884
Tra Vinh,2001-10-11,2001,10,11,10.5305523583272
Tra Vinh,2001-10-12,2001,10,12,15.119407574029903
Tra Vinh,2001-10-13,2001,10,13,8.985870637627814
Tra Vinh,2001-10-14,2001,10,14,13.073208044161232
Tra Vinh,2001-10-15,2001,10,15,17.161739072270404
Tra Vinh,2001-10-16,2001,10,16,7.169126797521623
Tra Vinh,2001-10-17,2001,10,17,22.043932827146552
Tra Vinh,2001-10-18,2001,10,18,15.927515648156326
Tra Vinh,2001-10-19,2001,10,19,0.2462969158212404
Tra Vinh,2001-10-20,2001,10,20,12.159468724622831
Tra Vinh,2001-10-21,2001,10,21,10.991477243244208
Tra Vinh,2001-10-22,2001,10,22,24.211038329080555
Tra Vinh,2001-10-23,2001,10,23,9.139874562537011
Tra Vinh,2001-10-24,2001,10,24,6.73261930680752
Tra Vinh,2001-10-25,2001,10,25,0.2391560379615171
Tra Vinh,2001-10-26,2001,10,26,2.5400280790266176
Tra Vinh,2001-10-27,2001,10,27,3.082252272371758
Tra Vinh,2001-10-28,2001,10,28,3.280970335496027
Tra Vinh,2001-10-29,2001,10,29,0.4582904926503602
Tra Vinh,2001-10-30,2001,10,30,0.5129576174340654
Tra Vinh,2001-10-31,2001,10,31,2.721771850379201
Tra Vinh,2001-11-01,2001,11,1,11.203794809616747
Tra Vinh,2001-11-02,2001,11,2,7.709991210441171
Tra Vinh,2001-11-03,2001,11,3,0.8963943706917437
Tra Vinh,2001-11-04,2001,11,4,2.2003037843497077
Tra Vinh,2001-11-05,2001,11,5,7.861701933465412
Tra Vinh,2001-11-06,2001,11,6,3.1189286674579755
Tra Vinh,2001-11-07,2001,11,7,0.1630324576886592
Tra Vinh,2001-11-08,2001,11,8,5.987834666832216
Tra Vinh,2001-11-09,2001,11,9,0.5265485422823679
Tra Vinh,2001-11-10,2001,11,10,5.630258612965484
Tra Vinh,2001-11-11,2001,11,11,48.738545350912624
Tra Vinh,2001-11-12,2001,11,12,1.841341651829568
Tra Vinh,2001-11-13,2001,11,13,0.0
Tra Vinh,2001-11-14,2001,11,14,11.3107720861399
Tra Vinh,2001-11-15,2001,11,15,7.788926178621637
Tra Vinh,2001-11-16,2001,11,16,2.957540469988606
Tra Vinh,2001-11-17,2001,11,17,4.666353170099431
Tra Vinh,2001-11-18,2001,11,18,4.512326965856819
Tra Vinh,2001-11-19,2001,11,19,7.487140956181059
Tra Vinh,2001-11-20,2001,11,20,3.1250789894269886
Tra Vinh,2001-11-21,2001,11,21,1.8133642827626548
Tra Vinh,2001-11-22,2001,11,22,0.0
Tra Vinh,2001-11-23,2001,11,23,0.9478651751855384
Tra Vinh,2001-11-24,2001,11,24,0.0
Tra Vinh,2001-11-25,2001,11,25,0.0
Tra Vinh,2001-11-26,2001,11,26,0.0
Tra Vinh,2001-11-27,2001,11,27,0.0
Tra Vinh,2001-11-28,2001,11,28,0.0
Tra Vinh,2001-11-29,2001,11,29,0.0
Tra Vinh,2001-11-30,2001,11,30,0.0167377519061142
Tra Vinh,2001-12-01,2001,12,1,0.0
Tra Vinh,2001-12-02,2001,12,2,0.0
Tra Vinh,2001-12-03,2001,12,3,0.7627851740099207
Tra Vinh,2001-12-04,2001,12,4,0.0
Tra Vinh,2001-12-05,2001,12,5,14.903634353052633
Tra Vinh,2001-12-06,2001,12,6,0.6331241423296319
Tra Vinh,2001-12-07,2001,12,7,0.0
Tra Vinh,2001-12-08,2001,12,8,0.0
Tra Vinh,2001-12-09,2001,12,9,0.0
Tra Vinh,2001-12-10,2001,12,10,0.0
Tra Vinh,2001-12-11,2001,12,11,0.0
Tra Vinh,2001-12-12,2001,12,12,0.0
Tra Vinh,2001-12-13,2001,12,13,0.0
Tra Vinh,2001-12-14,2001,12,14,0.0
Tra Vinh,2001-12-15,2001,12,15,0.0885918003403265
Tra Vinh,2001-12-16,2001,12,16,0.0
Tra Vinh,2001-12-17,2001,12,17,0.0
Tra Vinh,2001-12-18,2001,12,18,0.0
Tra Vinh,2001-12-19,2001,12,19,0.0
Tra Vinh,2001-12-20,2001,12,20,0.3967403835652524
Tra Vinh,2001-12-21,2001,12,21,0.0
Tra Vinh,2001-12-22,2001,12,22,0.0
Tra Vinh,2001-12-23,2001,12,23,0.0
Tra Vinh,2001-12-24,2001,12,24,0.0
Tra Vinh,2001-12-25,2001,12,25,0.0
Tra Vinh,2001-12-26,2001,12,26,0.0
Tra Vinh,2001-12-27,2001,12,27,0.0
Tra Vinh,2001-12-28,2001,12,28,0.0
Tra Vinh,2001-12-29,2001,12,29,0.0
Tra Vinh,2001-12-30,2001,12,30,0.0
Tra Vinh,2001-12-31,2001,12,31,0.0
Tra Vinh,2002-01-01,2002,1,1,0.0
Tra Vinh,2002-01-02,2002,1,2,0.0
Tra Vinh,2002-01-03,2002,1,3,0.0
Tra Vinh,2002-01-04,2002,1,4,0.7110326139972171
Tra Vinh,2002-01-05,2002,1,5,0.0776510181229441
Tra Vinh,2002-01-06,2002,1,6,0.0
Tra Vinh,2002-01-07,2002,1,7,0.0
Tra Vinh,2002-01-08,2002,1,8,0.0
Tra Vinh,2002-01-09,2002,1,9,0.0
Tra Vinh,2002-01-10,2002,1,10,0.0
Tra Vinh,2002-01-11,2002,1,11,0.0
Tra Vinh,2002-01-12,2002,1,12,0.0
Tra Vinh,2002-01-13,2002,1,13,0.0
Tra Vinh,2002-01-14,2002,1,14,0.0
Tra Vinh,2002-01-15,2002,1,15,0.0146437709058719
Tra Vinh,2002-01-16,2002,1,16,0.919841938810265
Tra Vinh,2002-01-17,2002,1,17,0.0
Tra Vinh,2002-01-18,2002,1,18,0.6961616209292585
Tra Vinh,2002-01-19,2002,1,19,0.0
Tra Vinh,2002-01-20,2002,1,20,0.0015228071568744
Tra Vinh,2002-01-21,2002,1,21,0.0
Tra Vinh,2002-01-22,2002,1,22,0.0
Tra Vinh,2002-01-23,2002,1,23,0.0
Tra Vinh,2002-01-24,2002,1,24,0.0
Tra Vinh,2002-01-25,2002,1,25,0.0
Tra Vinh,2002-01-26,2002,1,26,0.0
Tra Vinh,2002-01-27,2002,1,27,0.0
Tra Vinh,2002-01-28,2002,1,28,0.0
Tra Vinh,2002-01-29,2002,1,29,0.0
Tra Vinh,2002-01-30,2002,1,30,0.0
Tra Vinh,2002-01-31,2002,1,31,0.0
Tra Vinh,2002-02-01,2002,2,1,0.0
Tra Vinh,2002-02-02,2002,2,2,0.0
Tra Vinh,2002-02-03,2002,2,3,0.0
Tra Vinh,2002-02-04,2002,2,4,0.0
Tra Vinh,2002-02-05,2002,2,5,0.0
Tra Vinh,2002-02-06,2002,2,6,0.0
Tra Vinh,2002-02-07,2002,2,7,0.0
Tra Vinh,2002-02-08,2002,2,8,0.0
Tra Vinh,2002-02-09,2002,2,9,0.5293191700628398
Tra Vinh,2002-02-10,2002,2,10,0.1282658200193026
Tra Vinh,2002-02-11,2002,2,11,0.0
Tra Vinh,2002-02-12,2002,2,12,0.0
Tra Vinh,2002-02-13,2002,2,13,0.0
Tra Vinh,2002-02-14,2002,2,14,0.0
Tra Vinh,2002-02-15,2002,2,15,0.0007932374920624021
Tra Vinh,2002-02-16,2002,2,16,0.0
Tra Vinh,2002-02-17,2002,2,17,0.0
Tra Vinh,2002-02-18,2002,2,18,0.0
Tra Vinh,2002-02-19,2002,2,19,0.0
Tra Vinh,2002-02-20,2002,2,20,0.0
Tra Vinh,2002-02-21,2002,2,21,0.0
Tra Vinh,2002-02-22,2002,2,22,0.0
Tra Vinh,2002-02-23,2002,2,23,0.0
Tra Vinh,2002-02-24,2002,2,24,0.0
Tra Vinh,2002-02-25,2002,2,25,8.68152202001408e-05
Tra Vinh,2002-02-26,2002,2,26,0.0
Tra Vinh,2002-02-27,2002,2,27,0.0
Tra Vinh,2002-02-28,2002,2,28,0.0
Tra Vinh,2002-03-01,2002,3,1,0.0
Tra Vinh,2002-03-02,2002,3,2,0.0
Tra Vinh,2002-03-03,2002,3,3,0.0
Tra Vinh,2002-03-04,2002,3,4,0.0
Tra Vinh,2002-03-05,2002,3,5,0.0
Tra Vinh,2002-03-06,2002,3,6,0.0
Tra Vinh,2002-03-07,2002,3,7,0.0
Tra Vinh,2002-03-08,2002,3,8,0.0
Tra Vinh,2002-03-09,2002,3,9,0.0
Tra Vinh,2002-03-10,2002,3,10,0.0
Tra Vinh,2002-03-11,2002,3,11,0.0
Tra Vinh,2002-03-12,2002,3,12,0.0
Tra Vinh,2002-03-13,2002,3,13,0.0
Tra Vinh,2002-03-14,2002,3,14,0.0
Tra Vinh,2002-03-15,2002,3,15,0.0
Tra Vinh,2002-03-16,2002,3,16,0.0
Tra Vinh,2002-03-17,2002,3,17,0.0
Tra Vinh,2002-03-18,2002,3,18,0.0
Tra Vinh,2002-03-19,2002,3,19,0.0
Tra Vinh,2002-03-20,2002,3,20,0.0
Tra Vinh,2002-03-21,2002,3,21,3.73306405652338
Tra Vinh,2002-03-22,2002,3,22,0.0958525752417751
Tra Vinh,2002-03-23,2002,3,23,0.0
Tra Vinh,2002-03-24,2002,3,24,0.0038759419708878
Tra Vinh,2002-03-25,2002,3,25,0.0038759419708878
Tra Vinh,2002-03-26,2002,3,26,0.0
Tra Vinh,2002-03-27,2002,3,27,0.0
Tra Vinh,2002-03-28,2002,3,28,0.0
Tra Vinh,2002-03-29,2002,3,29,0.0
Tra Vinh,2002-03-30,2002,3,30,0.0
Tra Vinh,2002-03-31,2002,3,31,0.0
Tra Vinh,2002-04-01,2002,4,1,0.0
Tra Vinh,2002-04-02,2002,4,2,0.0
Tra Vinh,2002-04-03,2002,4,3,0.0
Tra Vinh,2002-04-04,2002,4,4,0.0
Tra Vinh,2002-04-05,2002,4,5,0.0
Tra Vinh,2002-04-06,2002,4,6,0.0
Tra Vinh,2002-04-07,2002,4,7,0.0265323509002967
Tra Vinh,2002-04-08,2002,4,8,0.0
Tra Vinh,2002-04-09,2002,4,9,0.0
Tra Vinh,2002-04-10,2002,4,10,0.0
Tra Vinh,2002-04-11,2002,4,11,0.0
Tra Vinh,2002-04-12,2002,4,12,0.0
Tra Vinh,2002-04-13,2002,4,13,0.0
Tra Vinh,2002-04-14,2002,4,14,8.647062918783883
Tra Vinh,2002-04-15,2002,4,15,0.1977128945845343
Tra Vinh,2002-04-16,2002,4,16,0.0
Tra Vinh,2002-04-17,2002,4,17,0.0
Tra Vinh,2002-04-18,2002,4,18,0.0
Tra Vinh,2002-04-19,2002,4,19,0.0
Tra Vinh,2002-04-20,2002,4,20,0.0
Tra Vinh,2002-04-21,2002,4,21,0.7524996627614662
Tra Vinh,2002-04-22,2002,4,22,0.6451391318740651
Tra Vinh,2002-04-23,2002,4,23,0.3021847008945228
Tra Vinh,2002-04-24,2002,4,24,0.0
Tra Vinh,2002-04-25,2002,4,25,3.710014340835533
Tra Vinh,2002-04-26,2002,4,26,0.0
Tra Vinh,2002-04-27,2002,4,27,0.0
Tra Vinh,2002-04-28,2002,4,28,0.0
Tra Vinh,2002-04-29,2002,4,29,0.0
Tra Vinh,2002-04-30,2002,4,30,0.0
Tra Vinh,2002-05-01,2002,5,1,0.002597957569166
Tra Vinh,2002-05-02,2002,5,2,0.0
Tra Vinh,2002-05-03,2002,5,3,0.0
Tra Vinh,2002-05-04,2002,5,4,0.0
Tra Vinh,2002-05-05,2002,5,5,0.681482491746853
Tra Vinh,2002-05-06,2002,5,6,0.0
Tra Vinh,2002-05-07,2002,5,7,3.9351314010835408
Tra Vinh,2002-05-08,2002,5,8,0.0
Tra Vinh,2002-05-09,2002,5,9,0.0440598519129367
Tra Vinh,2002-05-10,2002,5,10,19.80837023223549
Tra Vinh,2002-05-11,2002,5,11,6.621542207681357
Tra Vinh,2002-05-12,2002,5,12,8.34767000589979
Tra Vinh,2002-05-13,2002,5,13,5.054189877732709
Tra Vinh,2002-05-14,2002,5,14,1.1813125867649528
Tra Vinh,2002-05-15,2002,5,15,0.3004391745907721
Tra Vinh,2002-05-16,2002,5,16,0.0
Tra Vinh,2002-05-17,2002,5,17,0.0
Tra Vinh,2002-05-18,2002,5,18,5.147285703554994
Tra Vinh,2002-05-19,2002,5,19,3.848643044340154
Tra Vinh,2002-05-20,2002,5,20,0.6105270966701432
Tra Vinh,2002-05-21,2002,5,21,5.753731020356886
Tra Vinh,2002-05-22,2002,5,22,4.546785330913076
Tra Vinh,2002-05-23,2002,5,23,3.8411509589963786
Tra Vinh,2002-05-24,2002,5,24,17.292093375003574
Tra Vinh,2002-05-25,2002,5,25,22.25524357296124
Tra Vinh,2002-05-26,2002,5,26,15.355432614518444
Tra Vinh,2002-05-27,2002,5,27,12.020293260101822
Tra Vinh,2002-05-28,2002,5,28,7.040554308434601
Tra Vinh,2002-05-29,2002,5,29,2.525719283278301
Tra Vinh,2002-05-30,2002,5,30,2.3085056609509635
Tra Vinh,2002-05-31,2002,5,31,0.8119998528281702
Tra Vinh,2002-06-01,2002,6,1,5.0454261747255895
Tra Vinh,2002-06-02,2002,6,2,10.166884667143076
Tra Vinh,2002-06-03,2002,6,3,6.003645732104317
Tra Vinh,2002-06-04,2002,6,4,7.931000456522319
Tra Vinh,2002-06-05,2002,6,5,10.054440695668196
Tra Vinh,2002-06-06,2002,6,6,5.804190500314281
Tra Vinh,2002-06-07,2002,6,7,0.931046805362202
Tra Vinh,2002-06-08,2002,6,8,3.0612315969914063
Tra Vinh,2002-06-09,2002,6,9,3.552497065197773
Tra Vinh,2002-06-10,2002,6,10,2.3964160082685604
Tra Vinh,2002-06-11,2002,6,11,0.4149857883639307
Tra Vinh,2002-06-12,2002,6,12,0.5245289391017232
Tra Vinh,2002-06-13,2002,6,13,6.152855157454603
Tra Vinh,2002-06-14,2002,6,14,8.8920618087303
Tra Vinh,2002-06-15,2002,6,15,12.447471729726772
Tra Vinh,2002-06-16,2002,6,16,15.001255247844512
Tra Vinh,2002-06-17,2002,6,17,11.115411392680508
Tra Vinh,2002-06-18,2002,6,18,10.8233227085533
Tra Vinh,2002-06-19,2002,6,19,35.10577708177939
Tra Vinh,2002-06-20,2002,6,20,20.55567742176945
Tra Vinh,2002-06-21,2002,6,21,18.46825883472926
Tra Vinh,2002-06-22,2002,6,22,36.04245987398432
Tra Vinh,2002-06-23,2002,6,23,1.8480778274035397
Tra Vinh,2002-06-24,2002,6,24,10.429801671468685
Tra Vinh,2002-06-25,2002,6,25,1.8432155725832409
Tra Vinh,2002-06-26,2002,6,26,0.9907533478712408
Tra Vinh,2002-06-27,2002,6,27,1.8348126198789976
Tra Vinh,2002-06-28,2002,6,28,0.0582150254307474
Tra Vinh,2002-06-29,2002,6,29,5.477539217887993
Tra Vinh,2002-06-30,2002,6,30,0.0913731451827235
Tra Vinh,2002-07-01,2002,7,1,0.0
Tra Vinh,2002-07-02,2002,7,2,0.0030299707704351
Tra Vinh,2002-07-03,2002,7,3,2.0087999151020908
Tra Vinh,2002-07-04,2002,7,4,2.5913549857158333
Tra Vinh,2002-07-05,2002,7,5,2.224093393380771
Tra Vinh,2002-07-06,2002,7,6,5.639356668492511
Tra Vinh,2002-07-07,2002,7,7,8.907398595735723
Tra Vinh,2002-07-08,2002,7,8,7.669048249018135
Tra Vinh,2002-07-09,2002,7,9,5.82117628103161
Tra Vinh,2002-07-10,2002,7,10,4.165076662704272
Tra Vinh,2002-07-11,2002,7,11,8.196209777659464
Tra Vinh,2002-07-12,2002,7,12,0.2688179719808958
Tra Vinh,2002-07-13,2002,7,13,0.0
Tra Vinh,2002-07-14,2002,7,14,2.6054225425261874
Tra Vinh,2002-07-15,2002,7,15,11.685751993594582
Tra Vinh,2002-07-16,2002,7,16,8.037389844936323
Tra Vinh,2002-07-17,2002,7,17,0.0
Tra Vinh,2002-07-18,2002,7,18,2.119532675759005
Tra Vinh,2002-07-19,2002,7,19,0.1509229178630083
Tra Vinh,2002-07-20,2002,7,20,0.0
Tra Vinh,2002-07-21,2002,7,21,0.0
Tra Vinh,2002-07-22,2002,7,22,0.0
Tra Vinh,2002-07-23,2002,7,23,0.9854759861306894
Tra Vinh,2002-07-24,2002,7,24,0.0
Tra Vinh,2002-07-25,2002,7,25,0.1084152722187443
Tra Vinh,2002-07-26,2002,7,26,0.3802525599083982
Tra Vinh,2002-07-27,2002,7,27,7.3531355300642
Tra Vinh,2002-07-28,2002,7,28,11.59946064519254
Tra Vinh,2002-07-29,2002,7,29,9.118617116497663
Tra Vinh,2002-07-30,2002,7,30,3.78602474972756
Tra Vinh,2002-07-31,2002,7,31,0.041288947292489
Tra Vinh,2002-08-01,2002,8,1,0.0
Tra Vinh,2002-08-02,2002,8,2,8.264798430840294
Tra Vinh,2002-08-03,2002,8,3,6.503047390097895
Tra Vinh,2002-08-04,2002,8,4,20.469091995691706
Tra Vinh,2002-08-05,2002,8,5,0.0041352893952652
Tra Vinh,2002-08-06,2002,8,6,31.66253772327507
Tra Vinh,2002-08-07,2002,8,7,0.0
Tra Vinh,2002-08-08,2002,8,8,0.0
Tra Vinh,2002-08-09,2002,8,9,0.0
Tra Vinh,2002-08-10,2002,8,10,3.852361176510192
Tra Vinh,2002-08-11,2002,8,11,12.555593686938098
Tra Vinh,2002-08-12,2002,8,12,18.427844223414237
Tra Vinh,2002-08-13,2002,8,13,0.1745885762471876
Tra Vinh,2002-08-14,2002,8,14,6.998048799270763
Tra Vinh,2002-08-15,2002,8,15,27.525160340828947
Tra Vinh,2002-08-16,2002,8,16,13.297129295046394
Tra Vinh,2002-08-17,2002,8,17,10.564872696926926
Tra Vinh,2002-08-18,2002,8,18,19.165157649585154
Tra Vinh,2002-08-19,2002,8,19,30.165018190537545
Tra Vinh,2002-08-20,2002,8,20,5.712172677929997
Tra Vinh,2002-08-21,2002,8,21,5.438666078072642
Tra Vinh,2002-08-22,2002,8,22,0.0
Tra Vinh,2002-08-23,2002,8,23,7.473676802073456
Tra Vinh,2002-08-24,2002,8,24,0.0
Tra Vinh,2002-08-25,2002,8,25,3.154135186896072
Tra Vinh,2002-08-26,2002,8,26,9.683032902077723
Tra Vinh,2002-08-27,2002,8,27,8.374622025835587
Tra Vinh,2002-08-28,2002,8,28,8.171096046011284
Tra Vinh,2002-08-29,2002,8,29,27.57165659320076
Tra Vinh,2002-08-30,2002,8,30,6.1613788674463645
Tra Vinh,2002-08-31,2002,8,31,0.3245104692604921
Tra Vinh,2002-09-01,2002,9,1,0.9295975918930492
Tra Vinh,2002-09-02,2002,9,2,4.205050635606952
Tra Vinh,2002-09-03,2002,9,3,17.41858650244707
Tra Vinh,2002-09-04,2002,9,4,2.2429924613699166
Tra Vinh,2002-09-05,2002,9,5,6.055014229338656
Tra Vinh,2002-09-06,2002,9,6,2.9101686744745385
Tra Vinh,2002-09-07,2002,9,7,15.446782612547782
Tra Vinh,2002-09-08,2002,9,8,20.845247568259666
Tra Vinh,2002-09-09,2002,9,9,26.16803922248697
Tra Vinh,2002-09-10,2002,9,10,0.0176999646414033
Tra Vinh,2002-09-11,2002,9,11,0.0
Tra Vinh,2002-09-12,2002,9,12,6.072440741835688
Tra Vinh,2002-09-13,2002,9,13,3.294658547082231
Tra Vinh,2002-09-14,2002,9,14,9.0907929235184
Tra Vinh,2002-09-15,2002,9,15,9.79322215082381
Tra Vinh,2002-09-16,2002,9,16,5.725655969043092
Tra Vinh,2002-09-17,2002,9,17,24.314502989550583
Tra Vinh,2002-09-18,2002,9,18,4.90886253312202
Tra Vinh,2002-09-19,2002,9,19,2.660736168309604
Tra Vinh,2002-09-20,2002,9,20,8.185763009923406
Tra Vinh,2002-09-21,2002,9,21,8.135170913545902
Tra Vinh,2002-09-22,2002,9,22,16.61061473102351
Tra Vinh,2002-09-23,2002,9,23,12.610713833455286
Tra Vinh,2002-09-24,2002,9,24,8.71062293573793
Tra Vinh,2002-09-25,2002,9,25,6.93908186233694
Tra Vinh,2002-09-26,2002,9,26,0.0
Tra Vinh,2002-09-27,2002,9,27,0.0
Tra Vinh,2002-09-28,2002,9,28,8.526319698266377
Tra Vinh,2002-09-29,2002,9,29,4.196379992826097
Tra Vinh,2002-09-30,2002,9,30,0.0
Tra Vinh,2002-10-01,2002,10,1,15.240808707068917
Tra Vinh,2002-10-02,2002,10,2,15.383916349008954
Tra Vinh,2002-10-03,2002,10,3,13.733394244358598
Tra Vinh,2002-10-04,2002,10,4,1.1654409985471343
Tra Vinh,2002-10-05,2002,10,5,0.8730410783743885
Tra Vinh,2002-10-06,2002,10,6,1.3074107967280149
Tra Vinh,2002-10-07,2002,10,7,9.504959593578468
Tra Vinh,2002-10-08,2002,10,8,11.757025545043414
Tra Vinh,2002-10-09,2002,10,9,8.411247078630685
Tra Vinh,2002-10-10,2002,10,10,14.854042059787629
Tra Vinh,2002-10-11,2002,10,11,37.99346420592438
Tra Vinh,2002-10-12,2002,10,12,9.635702308149485
Tra Vinh,2002-10-13,2002,10,13,7.567149303541314
Tra Vinh,2002-10-14,2002,10,14,0.9683404850800748
Tra Vinh,2002-10-15,2002,10,15,5.957269394929863
Tra Vinh,2002-10-16,2002,10,16,0.0
Tra Vinh,2002-10-17,2002,10,17,0.4950980294947544
Tra Vinh,2002-10-18,2002,10,18,5.59838609752929
Tra Vinh,2002-10-19,2002,10,19,5.070297423501043
Tra Vinh,2002-10-20,2002,10,20,8.720463645505111
Tra Vinh,2002-10-21,2002,10,21,9.177756127586152
Tra Vinh,2002-10-22,2002,10,22,4.137555550688938
Tra Vinh,2002-10-23,2002,10,23,8.785497421318796
Tra Vinh,2002-10-24,2002,10,24,21.163409598774425
Tra Vinh,2002-10-25,2002,10,25,17.709404981297382
Tra Vinh,2002-10-26,2002,10,26,0.7622266422077306
Tra Vinh,2002-10-27,2002,10,27,0.0
Tra Vinh,2002-10-28,2002,10,28,10.40539318865459
Tra Vinh,2002-10-29,2002,10,29,0.0
Tra Vinh,2002-10-30,2002,10,30,0.0210895978713292
Tra Vinh,2002-10-31,2002,10,31,0.0930526991246886
Tra Vinh,2002-11-01,2002,11,1,0.0
Tra Vinh,2002-11-02,2002,11,2,3.583903761914759
Tra Vinh,2002-11-03,2002,11,3,0.0
Tra Vinh,2002-11-04,2002,11,4,0.0
Tra Vinh,2002-11-05,2002,11,5,11.02307713347784
Tra Vinh,2002-11-06,2002,11,6,1.945005903779002
Tra Vinh,2002-11-07,2002,11,7,0.0
Tra Vinh,2002-11-08,2002,11,8,1.6856241008451252
Tra Vinh,2002-11-09,2002,11,9,10.40668342018486
Tra Vinh,2002-11-10,2002,11,10,0.0
Tra Vinh,2002-11-11,2002,11,11,21.41577301364648
Tra Vinh,2002-11-12,2002,11,12,9.565331942162103
Tra Vinh,2002-11-13,2002,11,13,0.0
Tra Vinh,2002-11-14,2002,11,14,25.533118411743143
Tra Vinh,2002-11-15,2002,11,15,0.0
Tra Vinh,2002-11-16,2002,11,16,0.0
Tra Vinh,2002-11-17,2002,11,17,0.0
Tra Vinh,2002-11-18,2002,11,18,16.035541825933045
Tra Vinh,2002-11-19,2002,11,19,13.14803052368542
Tra Vinh,2002-11-20,2002,11,20,0.9925351465423224
Tra Vinh,2002-11-21,2002,11,21,20.51132579622093
Tra Vinh,2002-11-22,2002,11,22,7.926752015996714
Tra Vinh,2002-11-23,2002,11,23,22.88097310005057
Tra Vinh,2002-11-24,2002,11,24,0.0
Tra Vinh,2002-11-25,2002,11,25,0.0
Tra Vinh,2002-11-26,2002,11,26,0.0
Tra Vinh,2002-11-27,2002,11,27,3.8204122145032793
Tra Vinh,2002-11-28,2002,11,28,3.418987769641813
Tra Vinh,2002-11-29,2002,11,29,29.22277927961393
Tra Vinh,2002-11-30,2002,11,30,0.0
Tra Vinh,2002-12-01,2002,12,1,0.0
Tra Vinh,2002-12-02,2002,12,2,0.0
Tra Vinh,2002-12-03,2002,12,3,0.0264384245411726
Tra Vinh,2002-12-04,2002,12,4,10.738425708171826
Tra Vinh,2002-12-05,2002,12,5,0.4362669037573761
Tra Vinh,2002-12-06,2002,12,6,0.0
Tra Vinh,2002-12-07,2002,12,7,0.0
Tra Vinh,2002-12-08,2002,12,8,0.0
Tra Vinh,2002-12-09,2002,12,9,0.0
Tra Vinh,2002-12-10,2002,12,10,0.0
Tra Vinh,2002-12-11,2002,12,11,0.0
Tra Vinh,2002-12-12,2002,12,12,0.0839639859911476
Tra Vinh,2002-12-13,2002,12,13,0.0
Tra Vinh,2002-12-14,2002,12,14,0.0
Tra Vinh,2002-12-15,2002,12,15,0.0
Tra Vinh,2002-12-16,2002,12,16,0.0
Tra Vinh,2002-12-17,2002,12,17,0.0
Tra Vinh,2002-12-18,2002,12,18,0.0
Tra Vinh,2002-12-19,2002,12,19,0.0
Tra Vinh,2002-12-20,2002,12,20,0.0
Tra Vinh,2002-12-21,2002,12,21,0.0628268204939065
Tra Vinh,2002-12-22,2002,12,22,0.0
Tra Vinh,2002-12-23,2002,12,23,0.0
Tra Vinh,2002-12-24,2002,12,24,0.0099454315091598
Tra Vinh,2002-12-25,2002,12,25,1.4901852496815722
Tra Vinh,2002-12-26,2002,12,26,5.65585210020774
Tra Vinh,2002-12-27,2002,12,27,0.2873866841877466
Tra Vinh,2002-12-28,2002,12,28,0.3708747136647912
Tra Vinh,2002-12-29,2002,12,29,0.5436473315610667
Tra Vinh,2002-12-30,2002,12,30,7.811325846685594
Tra Vinh,2002-12-31,2002,12,31,0.0
Tra Vinh,2003-01-01,2003,1,1,0.7430834082919386
Tra Vinh,2003-01-02,2003,1,2,0.0
Tra Vinh,2003-01-03,2003,1,3,0.0
Tra Vinh,2003-01-04,2003,1,4,0.0
Tra Vinh,2003-01-05,2003,1,5,0.0
Tra Vinh,2003-01-06,2003,1,6,0.0
Tra Vinh,2003-01-07,2003,1,7,0.0
Tra Vinh,2003-01-08,2003,1,8,0.0
Tra Vinh,2003-01-09,2003,1,9,0.0
Tra Vinh,2003-01-10,2003,1,10,0.0
Tra Vinh,2003-01-11,2003,1,11,0.1265236720919343
Tra Vinh,2003-01-12,2003,1,12,0.0
Tra Vinh,2003-01-13,2003,1,13,0.0
Tra Vinh,2003-01-14,2003,1,14,0.0
Tra Vinh,2003-01-15,2003,1,15,0.0
Tra Vinh,2003-01-16,2003,1,16,0.0
Tra Vinh,2003-01-17,2003,1,17,0.0
Tra Vinh,2003-01-18,2003,1,18,0.0
Tra Vinh,2003-01-19,2003,1,19,0.0
Tra Vinh,2003-01-20,2003,1,20,0.0
Tra Vinh,2003-01-21,2003,1,21,0.0
Tra Vinh,2003-01-22,2003,1,22,0.0
Tra Vinh,2003-01-23,2003,1,23,0.0
Tra Vinh,2003-01-24,2003,1,24,0.0
Tra Vinh,2003-01-25,2003,1,25,0.0
Tra Vinh,2003-01-26,2003,1,26,0.0
Tra Vinh,2003-01-27,2003,1,27,0.0
Tra Vinh,2003-01-28,2003,1,28,0.0
Tra Vinh,2003-01-29,2003,1,29,0.0
Tra Vinh,2003-01-30,2003,1,30,0.0
Tra Vinh,2003-01-31,2003,1,31,0.0
Tra Vinh,2003-02-01,2003,2,1,0.0
Tra Vinh,2003-02-02,2003,2,2,0.0
Tra Vinh,2003-02-03,2003,2,3,0.0
Tra Vinh,2003-02-04,2003,2,4,0.0
Tra Vinh,2003-02-05,2003,2,5,0.0
Tra Vinh,2003-02-06,2003,2,6,0.0
Tra Vinh,2003-02-07,2003,2,7,0.0
Tra Vinh,2003-02-08,2003,2,8,0.0
Tra Vinh,2003-02-09,2003,2,9,0.0
Tra Vinh,2003-02-10,2003,2,10,0.0009279307573702428
Tra Vinh,2003-02-11,2003,2,11,0.0
Tra Vinh,2003-02-12,2003,2,12,0.0
Tra Vinh,2003-02-13,2003,2,13,0.0
Tra Vinh,2003-02-14,2003,2,14,0.0
Tra Vinh,2003-02-15,2003,2,15,0.0
Tra Vinh,2003-02-16,2003,2,16,0.0
Tra Vinh,2003-02-17,2003,2,17,0.0
Tra Vinh,2003-02-18,2003,2,18,0.0
Tra Vinh,2003-02-19,2003,2,19,0.0
Tra Vinh,2003-02-20,2003,2,20,0.0
Tra Vinh,2003-02-21,2003,2,21,0.0
Tra Vinh,2003-02-22,2003,2,22,0.0
Tra Vinh,2003-02-23,2003,2,23,0.0
Tra Vinh,2003-02-24,2003,2,24,0.0
Tra Vinh,2003-02-25,2003,2,25,0.0
Tra Vinh,2003-02-26,2003,2,26,0.0
Tra Vinh,2003-02-27,2003,2,27,0.0
Tra Vinh,2003-02-28,2003,2,28,0.0
Tra Vinh,2003-03-01,2003,3,1,0.0
Tra Vinh,2003-03-02,2003,3,2,0.0
Tra Vinh,2003-03-03,2003,3,3,0.0
Tra Vinh,2003-03-04,2003,3,4,0.0
Tra Vinh,2003-03-05,2003,3,5,0.0
Tra Vinh,2003-03-06,2003,3,6,0.0
Tra Vinh,2003-03-07,2003,3,7,0.0
Tra Vinh,2003-03-08,2003,3,8,0.0
Tra Vinh,2003-03-09,2003,3,9,0.022001850140162
Tra Vinh,2003-03-10,2003,3,10,0.0
Tra Vinh,2003-03-11,2003,3,11,0.0
Tra Vinh,2003-03-12,2003,3,12,0.0
Tra Vinh,2003-03-13,2003,3,13,0.0
Tra Vinh,2003-03-14,2003,3,14,0.0
Tra Vinh,2003-03-15,2003,3,15,0.0
Tra Vinh,2003-03-16,2003,3,16,0.0
Tra Vinh,2003-03-17,2003,3,17,0.0
Tra Vinh,2003-03-18,2003,3,18,0.0
Tra Vinh,2003-03-19,2003,3,19,0.0
Tra Vinh,2003-03-20,2003,3,20,0.0
Tra Vinh,2003-03-21,2003,3,21,0.0
Tra Vinh,2003-03-22,2003,3,22,0.0
Tra Vinh,2003-03-23,2003,3,23,0.0
Tra Vinh,2003-03-24,2003,3,24,0.0040655349571928
Tra Vinh,2003-03-25,2003,3,25,0.0255834368206159
Tra Vinh,2003-03-26,2003,3,26,0.0
Tra Vinh,2003-03-27,2003,3,27,0.0
Tra Vinh,2003-03-28,2003,3,28,0.0
Tra Vinh,2003-03-29,2003,3,29,0.0293289347043175
Tra Vinh,2003-03-30,2003,3,30,0.1927435279341055
Tra Vinh,2003-03-31,2003,3,31,0.1499484070798606
Tra Vinh,2003-04-01,2003,4,1,2.794619673089898
Tra Vinh,2003-04-02,2003,4,2,6.507134762465982
Tra Vinh,2003-04-03,2003,4,3,0.0037779376224226
Tra Vinh,2003-04-04,2003,4,4,0.0
Tra Vinh,2003-04-05,2003,4,5,0.0
Tra Vinh,2003-04-06,2003,4,6,0.0
Tra Vinh,2003-04-07,2003,4,7,0.0
Tra Vinh,2003-04-08,2003,4,8,0.0
Tra Vinh,2003-04-09,2003,4,9,0.0
Tra Vinh,2003-04-10,2003,4,10,0.0
Tra Vinh,2003-04-11,2003,4,11,0.0
Tra Vinh,2003-04-12,2003,4,12,0.0
Tra Vinh,2003-04-13,2003,4,13,0.0
Tra Vinh,2003-04-14,2003,4,14,0.0
Tra Vinh,2003-04-15,2003,4,15,0.0
Tra Vinh,2003-04-16,2003,4,16,0.0
Tra Vinh,2003-04-17,2003,4,17,0.0
Tra Vinh,2003-04-18,2003,4,18,0.0
Tra Vinh,2003-04-19,2003,4,19,0.0
Tra Vinh,2003-04-20,2003,4,20,0.010533156620451
Tra Vinh,2003-04-21,2003,4,21,2.0825710138419105
Tra Vinh,2003-04-22,2003,4,22,0.0
Tra Vinh,2003-04-23,2003,4,23,0.0
Tra Vinh,2003-04-24,2003,4,24,0.0
Tra Vinh,2003-04-25,2003,4,25,0.0
Tra Vinh,2003-04-26,2003,4,26,0.0
Tra Vinh,2003-04-27,2003,4,27,0.0243932253604508
Tra Vinh,2003-04-28,2003,4,28,1.6485696296743266
Tra Vinh,2003-04-29,2003,4,29,0.0025873853545811
Tra Vinh,2003-04-30,2003,4,30,0.0
Tra Vinh,2003-05-01,2003,5,1,0.0
Tra Vinh,2003-05-02,2003,5,2,14.722468159637916
Tra Vinh,2003-05-03,2003,5,3,15.645878345023998
Tra Vinh,2003-05-04,2003,5,4,16.127100873649965
Tra Vinh,2003-05-05,2003,5,5,6.7082921975042655
Tra Vinh,2003-05-06,2003,5,6,5.518638912278075
Tra Vinh,2003-05-07,2003,5,7,13.174800914476036
Tra Vinh,2003-05-08,2003,5,8,0.0
Tra Vinh,2003-05-09,2003,5,9,19.698933549267377
Tra Vinh,2003-05-10,2003,5,10,11.526829065635544
Tra Vinh,2003-05-11,2003,5,11,15.472838872719032
Tra Vinh,2003-05-12,2003,5,12,13.715221415590335
Tra Vinh,2003-05-13,2003,5,13,42.44559794498218
Tra Vinh,2003-05-14,2003,5,14,6.713508023468674
Tra Vinh,2003-05-15,2003,5,15,9.217653819591913
Tra Vinh,2003-05-16,2003,5,16,11.468937209534484
Tra Vinh,2003-05-17,2003,5,17,0.4331656629679975
Tra Vinh,2003-05-18,2003,5,18,3.875699148853761
Tra Vinh,2003-05-19,2003,5,19,7.0525243983261365
Tra Vinh,2003-05-20,2003,5,20,10.241784547116175
Tra Vinh,2003-05-21,2003,5,21,3.7455609186054057
Tra Vinh,2003-05-22,2003,5,22,5.432838592627975
Tra Vinh,2003-05-23,2003,5,23,9.135485148703069
Tra Vinh,2003-05-24,2003,5,24,7.269574361742916
Tra Vinh,2003-05-25,2003,5,25,18.770703619069184
Tra Vinh,2003-05-26,2003,5,26,8.669693911057237
Tra Vinh,2003-05-27,2003,5,27,9.654400311363275
Tra Vinh,2003-05-28,2003,5,28,8.151838635876377
Tra Vinh,2003-05-29,2003,5,29,5.4012780561291365
Tra Vinh,2003-05-30,2003,5,30,13.968306616430343
Tra Vinh,2003-05-31,2003,5,31,24.632191239003543
Tra Vinh,2003-06-01,2003,6,1,2.33749344876144
Tra Vinh,2003-06-02,2003,6,2,21.06258040863325
Tra Vinh,2003-06-03,2003,6,3,5.771182009597629
Tra Vinh,2003-06-04,2003,6,4,1.5569357382286826
Tra Vinh,2003-06-05,2003,6,5,0.0
Tra Vinh,2003-06-06,2003,6,6,0.0
Tra Vinh,2003-06-07,2003,6,7,0.0
Tra Vinh,2003-06-08,2003,6,8,0.5512332982775979
Tra Vinh,2003-06-09,2003,6,9,0.0
Tra Vinh,2003-06-10,2003,6,10,0.7114173577843881
Tra Vinh,2003-06-11,2003,6,11,0.0
Tra Vinh,2003-06-12,2003,6,12,4.279270334530838
Tra Vinh,2003-06-13,2003,6,13,0.3529933023594456
Tra Vinh,2003-06-14,2003,6,14,0.3141826755147887
Tra Vinh,2003-06-15,2003,6,15,0.4415562527799923
Tra Vinh,2003-06-16,2003,6,16,8.045162465443095
Tra Vinh,2003-06-17,2003,6,17,0.003315511087444
Tra Vinh,2003-06-18,2003,6,18,6.901561329114816
Tra Vinh,2003-06-19,2003,6,19,14.95907806879193
Tra Vinh,2003-06-20,2003,6,20,1.9813091961648777
Tra Vinh,2003-06-21,2003,6,21,13.058547106128843
Tra Vinh,2003-06-22,2003,6,22,3.412908457162258
Tra Vinh,2003-06-23,2003,6,23,0.0
Tra Vinh,2003-06-24,2003,6,24,4.197753219517229
Tra Vinh,2003-06-25,2003,6,25,0.4514379501852475
Tra Vinh,2003-06-26,2003,6,26,8.184501789198055
Tra Vinh,2003-06-27,2003,6,27,0.0
Tra Vinh,2003-06-28,2003,6,28,0.9889452211139584
Tra Vinh,2003-06-29,2003,6,29,17.391883040037193
Tra Vinh,2003-06-30,2003,6,30,12.909967573194272
Tra Vinh,2003-07-01,2003,7,1,19.533976825053852
Tra Vinh,2003-07-02,2003,7,2,1.1299525284555112
Tra Vinh,2003-07-03,2003,7,3,0.4321961911372572
Tra Vinh,2003-07-04,2003,7,4,15.688011719871827
Tra Vinh,2003-07-05,2003,7,5,16.819710769550557
Tra Vinh,2003-07-06,2003,7,6,0.0
Tra Vinh,2003-07-07,2003,7,7,0.1423316298131353
Tra Vinh,2003-07-08,2003,7,8,0.3317116221974644
Tra Vinh,2003-07-09,2003,7,9,9.111126784261357
Tra Vinh,2003-07-10,2003,7,10,13.520042639013552
Tra Vinh,2003-07-11,2003,7,11,13.637831264608876
Tra Vinh,2003-07-12,2003,7,12,8.0180243500404
Tra Vinh,2003-07-13,2003,7,13,10.809518880103616
Tra Vinh,2003-07-14,2003,7,14,0.0
Tra Vinh,2003-07-15,2003,7,15,0.0
Tra Vinh,2003-07-16,2003,7,16,1.6552636814623056
Tra Vinh,2003-07-17,2003,7,17,11.975625375733316
Tra Vinh,2003-07-18,2003,7,18,5.112951404705439
Tra Vinh,2003-07-19,2003,7,19,24.138022318240285
Tra Vinh,2003-07-20,2003,7,20,2.920854438833441
Tra Vinh,2003-07-21,2003,7,21,14.95699514773068
Tra Vinh,2003-07-22,2003,7,22,12.483882935735853
Tra Vinh,2003-07-23,2003,7,23,18.08736840822726
Tra Vinh,2003-07-24,2003,7,24,17.564481715310304
Tra Vinh,2003-07-25,2003,7,25,15.105333073742266
Tra Vinh,2003-07-26,2003,7,26,3.09898836143367
Tra Vinh,2003-07-27,2003,7,27,9.845517638159013
Tra Vinh,2003-07-28,2003,7,28,11.418473714984572
Tra Vinh,2003-07-29,2003,7,29,12.492158345285588
Tra Vinh,2003-07-30,2003,7,30,0.2723745477898865
Tra Vinh,2003-07-31,2003,7,31,0.0
Tra Vinh,2003-08-01,2003,8,1,4.757520444335661
Tra Vinh,2003-08-02,2003,8,2,22.434763206301213
Tra Vinh,2003-08-03,2003,8,3,18.46639364312525
Tra Vinh,2003-08-04,2003,8,4,5.732059049997773
Tra Vinh,2003-08-05,2003,8,5,16.138580884161982
Tra Vinh,2003-08-06,2003,8,6,17.868753385600908
Tra Vinh,2003-08-07,2003,8,7,5.495447080706618
Tra Vinh,2003-08-08,2003,8,8,3.9789350960669343
Tra Vinh,2003-08-09,2003,8,9,7.636413722134498
Tra Vinh,2003-08-10,2003,8,10,0.0
Tra Vinh,2003-08-11,2003,8,11,0.8888276454340965
Tra Vinh,2003-08-12,2003,8,12,1.001264279655703
Tra Vinh,2003-08-13,2003,8,13,0.0083857898082573
Tra Vinh,2003-08-14,2003,8,14,0.0
Tra Vinh,2003-08-15,2003,8,15,1.36269524086433
Tra Vinh,2003-08-16,2003,8,16,9.969779767887356
Tra Vinh,2003-08-17,2003,8,17,18.410837677537582
Tra Vinh,2003-08-18,2003,8,18,15.139421593476222
Tra Vinh,2003-08-19,2003,8,19,18.65034413376444
Tra Vinh,2003-08-20,2003,8,20,8.78178216011601
Tra Vinh,2003-08-21,2003,8,21,8.991149861343256
Tra Vinh,2003-08-22,2003,8,22,2.367769528744218
Tra Vinh,2003-08-23,2003,8,23,3.0684250560054727
Tra Vinh,2003-08-24,2003,8,24,4.918132245795469
Tra Vinh,2003-08-25,2003,8,25,1.4637814582525734
Tra Vinh,2003-08-26,2003,8,26,2.47726736318276
Tra Vinh,2003-08-27,2003,8,27,0.0
Tra Vinh,2003-08-28,2003,8,28,21.811347754975746
Tra Vinh,2003-08-29,2003,8,29,20.199502679900828
Tra Vinh,2003-08-30,2003,8,30,0.0
Tra Vinh,2003-08-31,2003,8,31,7.054709644180615
Tra Vinh,2003-09-01,2003,9,1,7.845057952622173
Tra Vinh,2003-09-02,2003,9,2,2.674464784036319
Tra Vinh,2003-09-03,2003,9,3,18.712760162838748
Tra Vinh,2003-09-04,2003,9,4,0.9261678350018662
Tra Vinh,2003-09-05,2003,9,5,2.2904386346882903
Tra Vinh,2003-09-06,2003,9,6,7.059608435781668
Tra Vinh,2003-09-07,2003,9,7,3.1170022713540657
Tra Vinh,2003-09-08,2003,9,8,17.078949457399858
Tra Vinh,2003-09-09,2003,9,9,5.05454142974017
Tra Vinh,2003-09-10,2003,9,10,1.107412321028881
Tra Vinh,2003-09-11,2003,9,11,4.578594187977008
Tra Vinh,2003-09-12,2003,9,12,13.325589443284748
Tra Vinh,2003-09-13,2003,9,13,11.757130642477128
Tra Vinh,2003-09-14,2003,9,14,5.32700581509414
Tra Vinh,2003-09-15,2003,9,15,4.2458229738156845
Tra Vinh,2003-09-16,2003,9,16,0.1343993400842364
Tra Vinh,2003-09-17,2003,9,17,10.466109388441796
Tra Vinh,2003-09-18,2003,9,18,8.81606787715342
Tra Vinh,2003-09-19,2003,9,19,8.9229060900564
Tra Vinh,2003-09-20,2003,9,20,2.8188267058544887
Tra Vinh,2003-09-21,2003,9,21,9.14765620678128
Tra Vinh,2003-09-22,2003,9,22,16.21439308236965
Tra Vinh,2003-09-23,2003,9,23,0.0
Tra Vinh,2003-09-24,2003,9,24,9.850329954379108
Tra Vinh,2003-09-25,2003,9,25,16.928733688532763
Tra Vinh,2003-09-26,2003,9,26,11.257802590276716
Tra Vinh,2003-09-27,2003,9,27,8.422210465012519
Tra Vinh,2003-09-28,2003,9,28,4.336739847960584
Tra Vinh,2003-09-29,2003,9,29,6.339217027211891
Tra Vinh,2003-09-30,2003,9,30,26.848372902628768
Tra Vinh,2003-10-01,2003,10,1,8.951650449490366
Tra Vinh,2003-10-02,2003,10,2,5.38760858683458
Tra Vinh,2003-10-03,2003,10,3,29.007847586472405
Tra Vinh,2003-10-04,2003,10,4,28.869375129469397
Tra Vinh,2003-10-05,2003,10,5,14.242869448372286
Tra Vinh,2003-10-06,2003,10,6,0.0
Tra Vinh,2003-10-07,2003,10,7,13.955096553273949
Tra Vinh,2003-10-08,2003,10,8,4.72229033614787
Tra Vinh,2003-10-09,2003,10,9,2.4430175403743712
Tra Vinh,2003-10-10,2003,10,10,0.0
Tra Vinh,2003-10-11,2003,10,11,0.7451174338903306
Tra Vinh,2003-10-12,2003,10,12,31.57593700851928
Tra Vinh,2003-10-13,2003,10,13,20.101373989153497
Tra Vinh,2003-10-14,2003,10,14,23.49754420885657
Tra Vinh,2003-10-15,2003,10,15,13.567252724603314
Tra Vinh,2003-10-16,2003,10,16,7.881256488810159
Tra Vinh,2003-10-17,2003,10,17,16.011035710027805
Tra Vinh,2003-10-18,2003,10,18,22.474690695430382
Tra Vinh,2003-10-19,2003,10,19,29.20807624748062
Tra Vinh,2003-10-20,2003,10,20,28.478911781262106
Tra Vinh,2003-10-21,2003,10,21,29.30802403879466
Tra Vinh,2003-10-22,2003,10,22,47.20888313880958
Tra Vinh,2003-10-23,2003,10,23,6.300996457488591
Tra Vinh,2003-10-24,2003,10,24,0.0
Tra Vinh,2003-10-25,2003,10,25,0.0
Tra Vinh,2003-10-26,2003,10,26,0.0
Tra Vinh,2003-10-27,2003,10,27,0.0
Tra Vinh,2003-10-28,2003,10,28,0.0
Tra Vinh,2003-10-29,2003,10,29,0.0
Tra Vinh,2003-10-30,2003,10,30,0.0
Tra Vinh,2003-10-31,2003,10,31,0.4359175273653214
Tra Vinh,2003-11-01,2003,11,1,0.0
Tra Vinh,2003-11-02,2003,11,2,0.0
Tra Vinh,2003-11-03,2003,11,3,0.0
Tra Vinh,2003-11-04,2003,11,4,0.0
Tra Vinh,2003-11-05,2003,11,5,0.0
Tra Vinh,2003-11-06,2003,11,6,0.0
Tra Vinh,2003-11-07,2003,11,7,0.0
Tra Vinh,2003-11-08,2003,11,8,0.0
Tra Vinh,2003-11-09,2003,11,9,0.0
Tra Vinh,2003-11-10,2003,11,10,0.0
Tra Vinh,2003-11-11,2003,11,11,11.276796278636311
Tra Vinh,2003-11-12,2003,11,12,13.750972716649695
Tra Vinh,2003-11-13,2003,11,13,50.97439122342728
Tra Vinh,2003-11-14,2003,11,14,0.0
Tra Vinh,2003-11-15,2003,11,15,6.068954900246063
Tra Vinh,2003-11-16,2003,11,16,15.277133020026175
Tra Vinh,2003-11-17,2003,11,17,0.5507626497013579
Tra Vinh,2003-11-18,2003,11,18,0.0
Tra Vinh,2003-11-19,2003,11,19,0.0
Tra Vinh,2003-11-20,2003,11,20,0.0
Tra Vinh,2003-11-21,2003,11,21,3.673742264055565
Tra Vinh,2003-11-22,2003,11,22,2.0399350050027008
Tra Vinh,2003-11-23,2003,11,23,0.0524906117997251
Tra Vinh,2003-11-24,2003,11,24,0.0
Tra Vinh,2003-11-25,2003,11,25,0.0
Tra Vinh,2003-11-26,2003,11,26,13.656012816124944
Tra Vinh,2003-11-27,2003,11,27,0.0
Tra Vinh,2003-11-28,2003,11,28,0.1114503699060951
Tra Vinh,2003-11-29,2003,11,29,0.0
Tra Vinh,2003-11-30,2003,11,30,0.0
Tra Vinh,2003-12-01,2003,12,1,0.0
Tra Vinh,2003-12-02,2003,12,2,0.0
Tra Vinh,2003-12-03,2003,12,3,0.0
Tra Vinh,2003-12-04,2003,12,4,0.0
Tra Vinh,2003-12-05,2003,12,5,0.0
Tra Vinh,2003-12-06,2003,12,6,3.920355447443281
Tra Vinh,2003-12-07,2003,12,7,0.0
Tra Vinh,2003-12-08,2003,12,8,0.0
Tra Vinh,2003-12-09,2003,12,9,0.4684978414748047
Tra Vinh,2003-12-10,2003,12,10,0.0
Tra Vinh,2003-12-11,2003,12,11,3.117169287666736
Tra Vinh,2003-12-12,2003,12,12,0.0
Tra Vinh,2003-12-13,2003,12,13,1.088463770832509
Tra Vinh,2003-12-14,2003,12,14,4.013311265125341
Tra Vinh,2003-12-15,2003,12,15,0.104246121625605
Tra Vinh,2003-12-16,2003,12,16,3.1767726912036878
Tra Vinh,2003-12-17,2003,12,17,0.46784972736769
Tra Vinh,2003-12-18,2003,12,18,2.811027711913262
Tra Vinh,2003-12-19,2003,12,19,3.500071209496832
Tra Vinh,2003-12-20,2003,12,20,0.0448550367461874
Tra Vinh,2003-12-21,2003,12,21,0.0
Tra Vinh,2003-12-22,2003,12,22,2.432489668658315
Tra Vinh,2003-12-23,2003,12,23,0.0
Tra Vinh,2003-12-24,2003,12,24,0.0
Tra Vinh,2003-12-25,2003,12,25,0.0
Tra Vinh,2003-12-26,2003,12,26,0.0
Tra Vinh,2003-12-27,2003,12,27,0.0
Tra Vinh,2003-12-28,2003,12,28,0.0
Tra Vinh,2003-12-29,2003,12,29,0.0
Tra Vinh,2003-12-30,2003,12,30,0.0
Tra Vinh,2003-12-31,2003,12,31,0.0
Tra Vinh,2004-01-01,2004,1,1,0.0
Tra Vinh,2004-01-02,2004,1,2,0.0
Tra Vinh,2004-01-03,2004,1,3,0.0
Tra Vinh,2004-01-04,2004,1,4,0.0
Tra Vinh,2004-01-05,2004,1,5,0.0
Tra Vinh,2004-01-06,2004,1,6,0.0
Tra Vinh,2004-01-07,2004,1,7,0.0
Tra Vinh,2004-01-08,2004,1,8,0.0
Tra Vinh,2004-01-09,2004,1,9,0.0
Tra Vinh,2004-01-10,2004,1,10,0.0
Tra Vinh,2004-01-11,2004,1,11,0.0
Tra Vinh,2004-01-12,2004,1,12,0.0
Tra Vinh,2004-01-13,2004,1,13,0.0
Tra Vinh,2004-01-14,2004,1,14,0.0
Tra Vinh,2004-01-15,2004,1,15,0.0
Tra Vinh,2004-01-16,2004,1,16,0.0
Tra Vinh,2004-01-17,2004,1,17,0.0
Tra Vinh,2004-01-18,2004,1,18,0.0
Tra Vinh,2004-01-19,2004,1,19,0.0
Tra Vinh,2004-01-20,2004,1,20,0.0
Tra Vinh,2004-01-21,2004,1,21,0.0
Tra Vinh,2004-01-22,2004,1,22,0.0
Tra Vinh,2004-01-23,2004,1,23,0.0
Tra Vinh,2004-01-24,2004,1,24,0.0
Tra Vinh,2004-01-25,2004,1,25,0.0
Tra Vinh,2004-01-26,2004,1,26,0.0
Tra Vinh,2004-01-27,2004,1,27,0.0
Tra Vinh,2004-01-28,2004,1,28,0.0
Tra Vinh,2004-01-29,2004,1,29,0.0
Tra Vinh,2004-01-30,2004,1,30,0.0
Tra Vinh,2004-01-31,2004,1,31,0.0478583306446225
Tra Vinh,2004-02-01,2004,2,1,0.0
Tra Vinh,2004-02-02,2004,2,2,0.0
Tra Vinh,2004-02-03,2004,2,3,0.0
Tra Vinh,2004-02-04,2004,2,4,0.736367908495806
Tra Vinh,2004-02-05,2004,2,5,0.0
Tra Vinh,2004-02-06,2004,2,6,0.0165234647980506
Tra Vinh,2004-02-07,2004,2,7,0.0
Tra Vinh,2004-02-08,2004,2,8,0.00045407954007718455
Tra Vinh,2004-02-09,2004,2,9,0.0
Tra Vinh,2004-02-10,2004,2,10,0.0
Tra Vinh,2004-02-11,2004,2,11,0.0
Tra Vinh,2004-02-12,2004,2,12,0.0
Tra Vinh,2004-02-13,2004,2,13,0.0
Tra Vinh,2004-02-14,2004,2,14,0.0
Tra Vinh,2004-02-15,2004,2,15,0.0
Tra Vinh,2004-02-16,2004,2,16,0.0
Tra Vinh,2004-02-17,2004,2,17,0.0
Tra Vinh,2004-02-18,2004,2,18,0.0
Tra Vinh,2004-02-19,2004,2,19,0.00040948295136568
Tra Vinh,2004-02-20,2004,2,20,0.0
Tra Vinh,2004-02-21,2004,2,21,0.0
Tra Vinh,2004-02-22,2004,2,22,0.0
Tra Vinh,2004-02-23,2004,2,23,0.0
Tra Vinh,2004-02-24,2004,2,24,0.0
Tra Vinh,2004-02-25,2004,2,25,0.0
Tra Vinh,2004-02-26,2004,2,26,0.0
Tra Vinh,2004-02-27,2004,2,27,0.0
Tra Vinh,2004-02-28,2004,2,28,0.0
Tra Vinh,2004-02-29,2004,2,29,0.0
Tra Vinh,2004-03-01,2004,3,1,0.0
Tra Vinh,2004-03-02,2004,3,2,0.0
Tra Vinh,2004-03-03,2004,3,3,0.0
Tra Vinh,2004-03-04,2004,3,4,0.0542496695225108
Tra Vinh,2004-03-05,2004,3,5,0.0
Tra Vinh,2004-03-06,2004,3,6,0.0
Tra Vinh,2004-03-07,2004,3,7,0.7314511438108863
Tra Vinh,2004-03-08,2004,3,8,0.5326069771111959
Tra Vinh,2004-03-09,2004,3,9,0.014248227479826
Tra Vinh,2004-03-10,2004,3,10,0.0
Tra Vinh,2004-03-11,2004,3,11,0.0
Tra Vinh,2004-03-12,2004,3,12,0.1608284693284586
Tra Vinh,2004-03-13,2004,3,13,0.828580218685046
Tra Vinh,2004-03-14,2004,3,14,0.0
Tra Vinh,2004-03-15,2004,3,15,0.0027707991425514
Tra Vinh,2004-03-16,2004,3,16,0.0
Tra Vinh,2004-03-17,2004,3,17,0.0
Tra Vinh,2004-03-18,2004,3,18,0.0
Tra Vinh,2004-03-19,2004,3,19,0.0
Tra Vinh,2004-03-20,2004,3,20,0.0
Tra Vinh,2004-03-21,2004,3,21,0.0676323700526116
Tra Vinh,2004-03-22,2004,3,22,0.0
Tra Vinh,2004-03-23,2004,3,23,0.0412133047447992
Tra Vinh,2004-03-24,2004,3,24,0.0
Tra Vinh,2004-03-25,2004,3,25,0.0
Tra Vinh,2004-03-26,2004,3,26,0.0
Tra Vinh,2004-03-27,2004,3,27,0.0
Tra Vinh,2004-03-28,2004,3,28,0.0
Tra Vinh,2004-03-29,2004,3,29,0.0
Tra Vinh,2004-03-30,2004,3,30,0.0
Tra Vinh,2004-03-31,2004,3,31,0.0
Tra Vinh,2004-04-01,2004,4,1,0.0558673818437221
Tra Vinh,2004-04-02,2004,4,2,0.0
Tra Vinh,2004-04-03,2004,4,3,0.0
Tra Vinh,2004-04-04,2004,4,4,0.0
Tra Vinh,2004-04-05,2004,4,5,0.0
Tra Vinh,2004-04-06,2004,4,6,0.0
Tra Vinh,2004-04-07,2004,4,7,0.0
Tra Vinh,2004-04-08,2004,4,8,0.0
Tra Vinh,2004-04-09,2004,4,9,0.0
Tra Vinh,2004-04-10,2004,4,10,0.0
Tra Vinh,2004-04-11,2004,4,11,0.0
Tra Vinh,2004-04-12,2004,4,12,0.0
Tra Vinh,2004-04-13,2004,4,13,0.0
Tra Vinh,2004-04-14,2004,4,14,1.080492388474262
Tra Vinh,2004-04-15,2004,4,15,0.7824715317488325
Tra Vinh,2004-04-16,2004,4,16,0.0
Tra Vinh,2004-04-17,2004,4,17,1.494127307424223
Tra Vinh,2004-04-18,2004,4,18,0.345386189580147
Tra Vinh,2004-04-19,2004,4,19,4.963023750409317
Tra Vinh,2004-04-20,2004,4,20,0.0
Tra Vinh,2004-04-21,2004,4,21,0.0
Tra Vinh,2004-04-22,2004,4,22,0.0
Tra Vinh,2004-04-23,2004,4,23,3.2356360510860687
Tra Vinh,2004-04-24,2004,4,24,0.0
Tra Vinh,2004-04-25,2004,4,25,3.332576018134528
Tra Vinh,2004-04-26,2004,4,26,8.842912935244232
Tra Vinh,2004-04-27,2004,4,27,0.0
Tra Vinh,2004-04-28,2004,4,28,0.0
Tra Vinh,2004-04-29,2004,4,29,0.0
Tra Vinh,2004-04-30,2004,4,30,0.0
Tra Vinh,2004-05-01,2004,5,1,2.222451265151426
Tra Vinh,2004-05-02,2004,5,2,19.936340025047446
Tra Vinh,2004-05-03,2004,5,3,26.62586046105188
Tra Vinh,2004-05-04,2004,5,4,0.2495820621394572
Tra Vinh,2004-05-05,2004,5,5,0.0
Tra Vinh,2004-05-06,2004,5,6,0.0
Tra Vinh,2004-05-07,2004,5,7,6.328107531170201
Tra Vinh,2004-05-08,2004,5,8,12.388608277628965
Tra Vinh,2004-05-09,2004,5,9,0.4360175213998089
Tra Vinh,2004-05-10,2004,5,10,8.592824906533814
Tra Vinh,2004-05-11,2004,5,11,14.550466102719485
Tra Vinh,2004-05-12,2004,5,12,0.7163845708334731
Tra Vinh,2004-05-13,2004,5,13,2.695080012862897
Tra Vinh,2004-05-14,2004,5,14,7.229156759828301
Tra Vinh,2004-05-15,2004,5,15,23.37084691643164
Tra Vinh,2004-05-16,2004,5,16,54.06896413973055
Tra Vinh,2004-05-17,2004,5,17,28.00743127117936
Tra Vinh,2004-05-18,2004,5,18,14.420934048008055
Tra Vinh,2004-05-19,2004,5,19,0.0
Tra Vinh,2004-05-20,2004,5,20,2.938195435801428
Tra Vinh,2004-05-21,2004,5,21,8.913000627788943
Tra Vinh,2004-05-22,2004,5,22,6.270940184266988
Tra Vinh,2004-05-23,2004,5,23,4.159511701498395
Tra Vinh,2004-05-24,2004,5,24,5.146525108316768
Tra Vinh,2004-05-25,2004,5,25,0.0016545224887031
Tra Vinh,2004-05-26,2004,5,26,0.0
Tra Vinh,2004-05-27,2004,5,27,0.0
Tra Vinh,2004-05-28,2004,5,28,1.7100680448651326
Tra Vinh,2004-05-29,2004,5,29,0.0
Tra Vinh,2004-05-30,2004,5,30,8.57298608939016
Tra Vinh,2004-05-31,2004,5,31,9.624986101301872
Tra Vinh,2004-06-01,2004,6,1,7.559572261705425
Tra Vinh,2004-06-02,2004,6,2,14.217775204639585
Tra Vinh,2004-06-03,2004,6,3,6.173293343441735
Tra Vinh,2004-06-04,2004,6,4,7.155228954748307
Tra Vinh,2004-06-05,2004,6,5,9.954105399318369
Tra Vinh,2004-06-06,2004,6,6,0.4465190599938017
Tra Vinh,2004-06-07,2004,6,7,4.501004573675797
Tra Vinh,2004-06-08,2004,6,8,0.8913733866686939
Tra Vinh,2004-06-09,2004,6,9,2.51491751340244
Tra Vinh,2004-06-10,2004,6,10,0.4422828968985784
Tra Vinh,2004-06-11,2004,6,11,11.327143273211671
Tra Vinh,2004-06-12,2004,6,12,31.067473701886755
Tra Vinh,2004-06-13,2004,6,13,5.721234312072988
Tra Vinh,2004-06-14,2004,6,14,1.8205932020243976
Tra Vinh,2004-06-15,2004,6,15,0.3187471585679873
Tra Vinh,2004-06-16,2004,6,16,16.46446556914091
Tra Vinh,2004-06-17,2004,6,17,4.359920365078052
Tra Vinh,2004-06-18,2004,6,18,1.694789113000618
Tra Vinh,2004-06-19,2004,6,19,3.593954242660139
Tra Vinh,2004-06-20,2004,6,20,1.4807258694421044
Tra Vinh,2004-06-21,2004,6,21,4.723210174425332
Tra Vinh,2004-06-22,2004,6,22,0.0
Tra Vinh,2004-06-23,2004,6,23,7.658619291480226
Tra Vinh,2004-06-24,2004,6,24,0.0
Tra Vinh,2004-06-25,2004,6,25,0.0
Tra Vinh,2004-06-26,2004,6,26,0.0
Tra Vinh,2004-06-27,2004,6,27,0.0026627990227795
Tra Vinh,2004-06-28,2004,6,28,7.494025691148457
Tra Vinh,2004-06-29,2004,6,29,0.0
Tra Vinh,2004-06-30,2004,6,30,0.993471811638136
Tra Vinh,2004-07-01,2004,7,1,4.841333607842784
Tra Vinh,2004-07-02,2004,7,2,19.108501659492468
Tra Vinh,2004-07-03,2004,7,3,5.8854565249562585
Tra Vinh,2004-07-04,2004,7,4,0.0645674758025146
Tra Vinh,2004-07-05,2004,7,5,0.0
Tra Vinh,2004-07-06,2004,7,6,0.0
Tra Vinh,2004-07-07,2004,7,7,1.856786997721544
Tra Vinh,2004-07-08,2004,7,8,15.745769460955216
Tra Vinh,2004-07-09,2004,7,9,9.646042129749594
Tra Vinh,2004-07-10,2004,7,10,23.08881715413584
Tra Vinh,2004-07-11,2004,7,11,10.609246642748186
Tra Vinh,2004-07-12,2004,7,12,14.137522465085416
Tra Vinh,2004-07-13,2004,7,13,2.8680592068081245
Tra Vinh,2004-07-14,2004,7,14,0.0090602884868362
Tra Vinh,2004-07-15,2004,7,15,0.4319656029183047
Tra Vinh,2004-07-16,2004,7,16,2.664191345710193
Tra Vinh,2004-07-17,2004,7,17,0.9182099984184334
Tra Vinh,2004-07-18,2004,7,18,4.636030702034754
Tra Vinh,2004-07-19,2004,7,19,10.027170708663894
Tra Vinh,2004-07-20,2004,7,20,13.960526699059145
Tra Vinh,2004-07-21,2004,7,21,11.011600975534003
Tra Vinh,2004-07-22,2004,7,22,8.962383001996892
Tra Vinh,2004-07-23,2004,7,23,8.574560663303348
Tra Vinh,2004-07-24,2004,7,24,7.577664338993946
Tra Vinh,2004-07-25,2004,7,25,11.268801486928462
Tra Vinh,2004-07-26,2004,7,26,0.5101026662378324
Tra Vinh,2004-07-27,2004,7,27,8.35165904627226
Tra Vinh,2004-07-28,2004,7,28,18.591739539878272
Tra Vinh,2004-07-29,2004,7,29,1.8463040811701144
Tra Vinh,2004-07-30,2004,7,30,3.3721629225210745
Tra Vinh,2004-07-31,2004,7,31,18.35366011077733
Tra Vinh,2004-08-01,2004,8,1,9.091029113004078
Tra Vinh,2004-08-02,2004,8,2,1.6438144140209274
Tra Vinh,2004-08-03,2004,8,3,27.17944456198815
Tra Vinh,2004-08-04,2004,8,4,9.246362322290596
Tra Vinh,2004-08-05,2004,8,5,6.542049947469196
Tra Vinh,2004-08-06,2004,8,6,6.568751276426279
Tra Vinh,2004-08-07,2004,8,7,4.663248804322221
Tra Vinh,2004-08-08,2004,8,8,3.24020531917813
Tra Vinh,2004-08-09,2004,8,9,1.046902581149744
Tra Vinh,2004-08-10,2004,8,10,6.356753309098841
Tra Vinh,2004-08-11,2004,8,11,0.0087134904977254
Tra Vinh,2004-08-12,2004,8,12,0.0
Tra Vinh,2004-08-13,2004,8,13,14.450393979031954
Tra Vinh,2004-08-14,2004,8,14,0.0
Tra Vinh,2004-08-15,2004,8,15,0.0
Tra Vinh,2004-08-16,2004,8,16,0.5708276545346974
Tra Vinh,2004-08-17,2004,8,17,51.648505117743525
Tra Vinh,2004-08-18,2004,8,18,15.070375371024152
Tra Vinh,2004-08-19,2004,8,19,9.47152360942968
Tra Vinh,2004-08-20,2004,8,20,7.225033943237594
Tra Vinh,2004-08-21,2004,8,21,1.7662327167660383
Tra Vinh,2004-08-22,2004,8,22,0.0
Tra Vinh,2004-08-23,2004,8,23,0.0749813610414204
Tra Vinh,2004-08-24,2004,8,24,5.692425118627068
Tra Vinh,2004-08-25,2004,8,25,9.493901421152383
Tra Vinh,2004-08-26,2004,8,26,5.166064001982978
Tra Vinh,2004-08-27,2004,8,27,1.672593299692586
Tra Vinh,2004-08-28,2004,8,28,9.445329891528267
Tra Vinh,2004-08-29,2004,8,29,17.16852408534382
Tra Vinh,2004-08-30,2004,8,30,0.2086234321467015
Tra Vinh,2004-08-31,2004,8,31,0.8397251295802814
Tra Vinh,2004-09-01,2004,9,1,0.0
Tra Vinh,2004-09-02,2004,9,2,20.64769688911757
Tra Vinh,2004-09-03,2004,9,3,0.9334398634070428
Tra Vinh,2004-09-04,2004,9,4,0.0
Tra Vinh,2004-09-05,2004,9,5,7.069152939517372
Tra Vinh,2004-09-06,2004,9,6,11.776600502343468
Tra Vinh,2004-09-07,2004,9,7,8.361902729087104
Tra Vinh,2004-09-08,2004,9,8,4.492021440705293
Tra Vinh,2004-09-09,2004,9,9,3.396793237196515
Tra Vinh,2004-09-10,2004,9,10,3.98021442953982
Tra Vinh,2004-09-11,2004,9,11,5.336814696674205
Tra Vinh,2004-09-12,2004,9,12,8.639733091753648
Tra Vinh,2004-09-13,2004,9,13,12.191325271743288
Tra Vinh,2004-09-14,2004,9,14,6.326122620094732
Tra Vinh,2004-09-15,2004,9,15,13.56153942224855
Tra Vinh,2004-09-16,2004,9,16,0.0
Tra Vinh,2004-09-17,2004,9,17,9.736383691065653
Tra Vinh,2004-09-18,2004,9,18,15.871609511081024
Tra Vinh,2004-09-19,2004,9,19,14.940680228279492
Tra Vinh,2004-09-20,2004,9,20,7.127230033744842
Tra Vinh,2004-09-21,2004,9,21,1.808231604778197
Tra Vinh,2004-09-22,2004,9,22,1.9409245782700155
Tra Vinh,2004-09-23,2004,9,23,0.0
Tra Vinh,2004-09-24,2004,9,24,0.7314593311821633
Tra Vinh,2004-09-25,2004,9,25,0.0
Tra Vinh,2004-09-26,2004,9,26,0.0
Tra Vinh,2004-09-27,2004,9,27,1.0560727470936844
Tra Vinh,2004-09-28,2004,9,28,2.097441548748221
Tra Vinh,2004-09-29,2004,9,29,31.915437580480187
Tra Vinh,2004-09-30,2004,9,30,20.60860308317194
Tra Vinh,2004-10-01,2004,10,1,74.58651552384624
Tra Vinh,2004-10-02,2004,10,2,33.2995506725047
Tra Vinh,2004-10-03,2004,10,3,15.411168458177544
Tra Vinh,2004-10-04,2004,10,4,32.34639936670269
Tra Vinh,2004-10-05,2004,10,5,29.65030498224913
Tra Vinh,2004-10-06,2004,10,6,4.94968709960256
Tra Vinh,2004-10-07,2004,10,7,0.0115182400157518
Tra Vinh,2004-10-08,2004,10,8,0.0
Tra Vinh,2004-10-09,2004,10,9,0.0
Tra Vinh,2004-10-10,2004,10,10,0.0505288467461051
Tra Vinh,2004-10-11,2004,10,11,2.500748783925954
Tra Vinh,2004-10-12,2004,10,12,10.434035213437673
Tra Vinh,2004-10-13,2004,10,13,3.2133918046461964
Tra Vinh,2004-10-14,2004,10,14,0.0
Tra Vinh,2004-10-15,2004,10,15,0.0
Tra Vinh,2004-10-16,2004,10,16,0.0
Tra Vinh,2004-10-17,2004,10,17,0.0
Tra Vinh,2004-10-18,2004,10,18,0.0
Tra Vinh,2004-10-19,2004,10,19,0.0
Tra Vinh,2004-10-20,2004,10,20,0.0
Tra Vinh,2004-10-21,2004,10,21,0.0
Tra Vinh,2004-10-22,2004,10,22,1.3836506958066526
Tra Vinh,2004-10-23,2004,10,23,2.0382305335566304
Tra Vinh,2004-10-24,2004,10,24,0.0399644084928462
Tra Vinh,2004-10-25,2004,10,25,0.0
Tra Vinh,2004-10-26,2004,10,26,0.0
Tra Vinh,2004-10-27,2004,10,27,0.0
Tra Vinh,2004-10-28,2004,10,28,0.0
Tra Vinh,2004-10-29,2004,10,29,0.0
Tra Vinh,2004-10-30,2004,10,30,10.543820913049608
Tra Vinh,2004-10-31,2004,10,31,1.0025841919850214
Tra Vinh,2004-11-01,2004,11,1,3.9613153399902457
Tra Vinh,2004-11-02,2004,11,2,20.67733978919337
Tra Vinh,2004-11-03,2004,11,3,0.0
Tra Vinh,2004-11-04,2004,11,4,0.0
Tra Vinh,2004-11-05,2004,11,5,1.2168150149554655
Tra Vinh,2004-11-06,2004,11,6,3.233307559693676
Tra Vinh,2004-11-07,2004,11,7,5.801516126970642
Tra Vinh,2004-11-08,2004,11,8,0.0
Tra Vinh,2004-11-09,2004,11,9,0.0
Tra Vinh,2004-11-10,2004,11,10,0.0100141342264863
Tra Vinh,2004-11-11,2004,11,11,0.0
Tra Vinh,2004-11-12,2004,11,12,0.0
Tra Vinh,2004-11-13,2004,11,13,0.0
Tra Vinh,2004-11-14,2004,11,14,0.0
Tra Vinh,2004-11-15,2004,11,15,0.0
Tra Vinh,2004-11-16,2004,11,16,0.0
Tra Vinh,2004-11-17,2004,11,17,0.0
Tra Vinh,2004-11-18,2004,11,18,0.0
Tra Vinh,2004-11-19,2004,11,19,0.0
Tra Vinh,2004-11-20,2004,11,20,0.0
Tra Vinh,2004-11-21,2004,11,21,0.0
Tra Vinh,2004-11-22,2004,11,22,0.0
Tra Vinh,2004-11-23,2004,11,23,0.0
Tra Vinh,2004-11-24,2004,11,24,40.14379051385301
Tra Vinh,2004-11-25,2004,11,25,3.513464864531357
Tra Vinh,2004-11-26,2004,11,26,0.1096594372182212
Tra Vinh,2004-11-27,2004,11,27,0.0
Tra Vinh,2004-11-28,2004,11,28,0.0
Tra Vinh,2004-11-29,2004,11,29,0.0
Tra Vinh,2004-11-30,2004,11,30,0.0
Tra Vinh,2004-12-01,2004,12,1,0.0
Tra Vinh,2004-12-02,2004,12,2,1.3303800744237253
Tra Vinh,2004-12-03,2004,12,3,0.2322888857730742
Tra Vinh,2004-12-04,2004,12,4,0.2233075185863506
Tra Vinh,2004-12-05,2004,12,5,0.0
Tra Vinh,2004-12-06,2004,12,6,0.1802685201239418
Tra Vinh,2004-12-07,2004,12,7,4.212563027566121
Tra Vinh,2004-12-08,2004,12,8,0.0
Tra Vinh,2004-12-09,2004,12,9,0.0
Tra Vinh,2004-12-10,2004,12,10,0.0
Tra Vinh,2004-12-11,2004,12,11,0.0
Tra Vinh,2004-12-12,2004,12,12,0.0
Tra Vinh,2004-12-13,2004,12,13,0.0
Tra Vinh,2004-12-14,2004,12,14,0.0
Tra Vinh,2004-12-15,2004,12,15,0.0
Tra Vinh,2004-12-16,2004,12,16,0.0
Tra Vinh,2004-12-17,2004,12,17,0.0
Tra Vinh,2004-12-18,2004,12,18,0.0
Tra Vinh,2004-12-19,2004,12,19,0.0
Tra Vinh,2004-12-20,2004,12,20,0.0
Tra Vinh,2004-12-21,2004,12,21,5.199417444076296
Tra Vinh,2004-12-22,2004,12,22,0.0
Tra Vinh,2004-12-23,2004,12,23,0.0
Tra Vinh,2004-12-24,2004,12,24,0.0
Tra Vinh,2004-12-25,2004,12,25,0.6877687730625263
Tra Vinh,2004-12-26,2004,12,26,0.0
Tra Vinh,2004-12-27,2004,12,27,3.134566127356859
Tra Vinh,2004-12-28,2004,12,28,0.1675637815066722
Tra Vinh,2004-12-29,2004,12,29,0.0
Tra Vinh,2004-12-30,2004,12,30,0.0
Tra Vinh,2004-12-31,2004,12,31,0.0
Tra Vinh,2005-01-01,2005,1,1,0.0
Tra Vinh,2005-01-02,2005,1,2,0.0
Tra Vinh,2005-01-03,2005,1,3,0.0
Tra Vinh,2005-01-04,2005,1,4,0.0
Tra Vinh,2005-01-05,2005,1,5,1.544299459771374
Tra Vinh,2005-01-06,2005,1,6,1.6928703473667128
Tra Vinh,2005-01-07,2005,1,7,0.0
Tra Vinh,2005-01-08,2005,1,8,0.0
Tra Vinh,2005-01-09,2005,1,9,0.0
Tra Vinh,2005-01-10,2005,1,10,0.0
Tra Vinh,2005-01-11,2005,1,11,0.0
Tra Vinh,2005-01-12,2005,1,12,0.0
Tra Vinh,2005-01-13,2005,1,13,0.0
Tra Vinh,2005-01-14,2005,1,14,0.0
Tra Vinh,2005-01-15,2005,1,15,0.0
Tra Vinh,2005-01-16,2005,1,16,0.0
Tra Vinh,2005-01-17,2005,1,17,0.0
Tra Vinh,2005-01-18,2005,1,18,0.0
Tra Vinh,2005-01-19,2005,1,19,0.0
Tra Vinh,2005-01-20,2005,1,20,0.0
Tra Vinh,2005-01-21,2005,1,21,0.0
Tra Vinh,2005-01-22,2005,1,22,0.0
Tra Vinh,2005-01-23,2005,1,23,0.0
Tra Vinh,2005-01-24,2005,1,24,0.0
Tra Vinh,2005-01-25,2005,1,25,0.0
Tra Vinh,2005-01-26,2005,1,26,0.0
Tra Vinh,2005-01-27,2005,1,27,0.0
Tra Vinh,2005-01-28,2005,1,28,0.0
Tra Vinh,2005-01-29,2005,1,29,0.0
Tra Vinh,2005-01-30,2005,1,30,0.0
Tra Vinh,2005-01-31,2005,1,31,0.0
Tra Vinh,2005-02-01,2005,2,1,0.0
Tra Vinh,2005-02-02,2005,2,2,0.0
Tra Vinh,2005-02-03,2005,2,3,0.0
Tra Vinh,2005-02-04,2005,2,4,0.0
Tra Vinh,2005-02-05,2005,2,5,0.0
Tra Vinh,2005-02-06,2005,2,6,0.0
Tra Vinh,2005-02-07,2005,2,7,0.0
Tra Vinh,2005-02-08,2005,2,8,0.0
Tra Vinh,2005-02-09,2005,2,9,0.0004296293009116503
Tra Vinh,2005-02-10,2005,2,10,0.0004296293009116503
Tra Vinh,2005-02-11,2005,2,11,0.0
Tra Vinh,2005-02-12,2005,2,12,0.0
Tra Vinh,2005-02-13,2005,2,13,0.0
Tra Vinh,2005-02-14,2005,2,14,0.0
Tra Vinh,2005-02-15,2005,2,15,0.0
Tra Vinh,2005-02-16,2005,2,16,0.0
Tra Vinh,2005-02-17,2005,2,17,0.0
Tra Vinh,2005-02-18,2005,2,18,0.0
Tra Vinh,2005-02-19,2005,2,19,0.0
Tra Vinh,2005-02-20,2005,2,20,0.0
Tra Vinh,2005-02-21,2005,2,21,0.0
Tra Vinh,2005-02-22,2005,2,22,0.0
Tra Vinh,2005-02-23,2005,2,23,0.0
Tra Vinh,2005-02-24,2005,2,24,0.0
Tra Vinh,2005-02-25,2005,2,25,0.0
Tra Vinh,2005-02-26,2005,2,26,0.0
Tra Vinh,2005-02-27,2005,2,27,0.0
Tra Vinh,2005-02-28,2005,2,28,0.0
Tra Vinh,2005-03-01,2005,3,1,0.0
Tra Vinh,2005-03-02,2005,3,2,0.0
Tra Vinh,2005-03-03,2005,3,3,0.0
Tra Vinh,2005-03-04,2005,3,4,3.50047192361307
Tra Vinh,2005-03-05,2005,3,5,0.0
Tra Vinh,2005-03-06,2005,3,6,0.0
Tra Vinh,2005-03-07,2005,3,7,0.0
Tra Vinh,2005-03-08,2005,3,8,0.0
Tra Vinh,2005-03-09,2005,3,9,0.0
Tra Vinh,2005-03-10,2005,3,10,0.0
Tra Vinh,2005-03-11,2005,3,11,0.0
Tra Vinh,2005-03-12,2005,3,12,0.0
Tra Vinh,2005-03-13,2005,3,13,0.0
Tra Vinh,2005-03-14,2005,3,14,0.0
Tra Vinh,2005-03-15,2005,3,15,0.0
Tra Vinh,2005-03-16,2005,3,16,0.0
Tra Vinh,2005-03-17,2005,3,17,0.0
Tra Vinh,2005-03-18,2005,3,18,0.0
Tra Vinh,2005-03-19,2005,3,19,0.1977913137662302
Tra Vinh,2005-03-20,2005,3,20,0.0109673288208165
Tra Vinh,2005-03-21,2005,3,21,0.0
Tra Vinh,2005-03-22,2005,3,22,0.0032526171572375
Tra Vinh,2005-03-23,2005,3,23,0.0
Tra Vinh,2005-03-24,2005,3,24,0.0
Tra Vinh,2005-03-25,2005,3,25,0.0
Tra Vinh,2005-03-26,2005,3,26,0.0
Tra Vinh,2005-03-27,2005,3,27,0.0
Tra Vinh,2005-03-28,2005,3,28,1.0602829373553608
Tra Vinh,2005-03-29,2005,3,29,0.0
Tra Vinh,2005-03-30,2005,3,30,0.287334577709421
Tra Vinh,2005-03-31,2005,3,31,2.156504015494804
Tra Vinh,2005-04-01,2005,4,1,0.0
Tra Vinh,2005-04-02,2005,4,2,0.6287605414813411
Tra Vinh,2005-04-03,2005,4,3,0.0
Tra Vinh,2005-04-04,2005,4,4,0.0
Tra Vinh,2005-04-05,2005,4,5,0.0
Tra Vinh,2005-04-06,2005,4,6,0.0
Tra Vinh,2005-04-07,2005,4,7,0.0
Tra Vinh,2005-04-08,2005,4,8,0.0
Tra Vinh,2005-04-09,2005,4,9,0.0
Tra Vinh,2005-04-10,2005,4,10,0.0
Tra Vinh,2005-04-11,2005,4,11,0.0
Tra Vinh,2005-04-12,2005,4,12,0.0
Tra Vinh,2005-04-13,2005,4,13,0.0
Tra Vinh,2005-04-14,2005,4,14,0.0
Tra Vinh,2005-04-15,2005,4,15,0.0
Tra Vinh,2005-04-16,2005,4,16,0.0
Tra Vinh,2005-04-17,2005,4,17,0.0
Tra Vinh,2005-04-18,2005,4,18,0.0
Tra Vinh,2005-04-19,2005,4,19,0.0
Tra Vinh,2005-04-20,2005,4,20,0.0
Tra Vinh,2005-04-21,2005,4,21,0.0
Tra Vinh,2005-04-22,2005,4,22,0.0
Tra Vinh,2005-04-23,2005,4,23,0.0
Tra Vinh,2005-04-24,2005,4,24,0.0
Tra Vinh,2005-04-25,2005,4,25,0.0
Tra Vinh,2005-04-26,2005,4,26,3.0394146669740767
Tra Vinh,2005-04-27,2005,4,27,0.0
Tra Vinh,2005-04-28,2005,4,28,11.212295650436827
Tra Vinh,2005-04-29,2005,4,29,2.37260729662675
Tra Vinh,2005-04-30,2005,4,30,0.0
Tra Vinh,2005-05-01,2005,5,1,0.0806659809723865
Tra Vinh,2005-05-02,2005,5,2,0.0
Tra Vinh,2005-05-03,2005,5,3,0.0
Tra Vinh,2005-05-04,2005,5,4,0.0
Tra Vinh,2005-05-05,2005,5,5,1.593067555584947
Tra Vinh,2005-05-06,2005,5,6,4.522634981543827
Tra Vinh,2005-05-07,2005,5,7,7.207972084750101
Tra Vinh,2005-05-08,2005,5,8,17.041517287212407
Tra Vinh,2005-05-09,2005,5,9,12.94398287263348
Tra Vinh,2005-05-10,2005,5,10,16.04304543099322
Tra Vinh,2005-05-11,2005,5,11,1.3309049742515824
Tra Vinh,2005-05-12,2005,5,12,0.0
Tra Vinh,2005-05-13,2005,5,13,5.091857414643579
Tra Vinh,2005-05-14,2005,5,14,3.887305321032029
Tra Vinh,2005-05-15,2005,5,15,9.298151930091684
Tra Vinh,2005-05-16,2005,5,16,3.699147529789212
Tra Vinh,2005-05-17,2005,5,17,0.7215172548630061
Tra Vinh,2005-05-18,2005,5,18,13.185573472698584
Tra Vinh,2005-05-19,2005,5,19,6.946850339938617
Tra Vinh,2005-05-20,2005,5,20,5.654994013422835
Tra Vinh,2005-05-21,2005,5,21,6.365440512174453
Tra Vinh,2005-05-22,2005,5,22,3.994089029101157
Tra Vinh,2005-05-23,2005,5,23,2.9759979270269903
Tra Vinh,2005-05-24,2005,5,24,0.0687759928118576
Tra Vinh,2005-05-25,2005,5,25,1.845494536522088
Tra Vinh,2005-05-26,2005,5,26,12.625770488722372
Tra Vinh,2005-05-27,2005,5,27,9.797189701596384
Tra Vinh,2005-05-28,2005,5,28,6.737902564045827
Tra Vinh,2005-05-29,2005,5,29,0.0
Tra Vinh,2005-05-30,2005,5,30,3.293918268933791
Tra Vinh,2005-05-31,2005,5,31,10.719437016734544
Tra Vinh,2005-06-01,2005,6,1,20.19483290885643
Tra Vinh,2005-06-02,2005,6,2,3.401556267235978
Tra Vinh,2005-06-03,2005,6,3,17.306634812125058
Tra Vinh,2005-06-04,2005,6,4,12.386539287071296
Tra Vinh,2005-06-05,2005,6,5,0.0
Tra Vinh,2005-06-06,2005,6,6,7.794363759655575
Tra Vinh,2005-06-07,2005,6,7,12.583711065225808
Tra Vinh,2005-06-08,2005,6,8,18.250979234729027
Tra Vinh,2005-06-09,2005,6,9,0.8234369420833986
Tra Vinh,2005-06-10,2005,6,10,12.204049440944662
Tra Vinh,2005-06-11,2005,6,11,0.0
Tra Vinh,2005-06-12,2005,6,12,1.2417128851612709
Tra Vinh,2005-06-13,2005,6,13,0.0
Tra Vinh,2005-06-14,2005,6,14,0.7499253830737244
Tra Vinh,2005-06-15,2005,6,15,0.57052900870376
Tra Vinh,2005-06-16,2005,6,16,0.4784781336070778
Tra Vinh,2005-06-17,2005,6,17,13.633449141196715
Tra Vinh,2005-06-18,2005,6,18,4.608570286141757
Tra Vinh,2005-06-19,2005,6,19,0.0
Tra Vinh,2005-06-20,2005,6,20,3.699193336738568
Tra Vinh,2005-06-21,2005,6,21,1.0911584083740782
Tra Vinh,2005-06-22,2005,6,22,12.52194795666422
Tra Vinh,2005-06-23,2005,6,23,2.9136224937414488
Tra Vinh,2005-06-24,2005,6,24,1.142468925162179
Tra Vinh,2005-06-25,2005,6,25,0.6595581410093062
Tra Vinh,2005-06-26,2005,6,26,5.131182960909777
Tra Vinh,2005-06-27,2005,6,27,7.726538675920522
Tra Vinh,2005-06-28,2005,6,28,7.389972319057789
Tra Vinh,2005-06-29,2005,6,29,4.749110031794622
Tra Vinh,2005-06-30,2005,6,30,3.796275894570926
Tra Vinh,2005-07-01,2005,7,1,18.919061971379477
Tra Vinh,2005-07-02,2005,7,2,1.3194349211506378
Tra Vinh,2005-07-03,2005,7,3,17.36542059764793
Tra Vinh,2005-07-04,2005,7,4,14.217283615948542
Tra Vinh,2005-07-05,2005,7,5,0.123442366650436
Tra Vinh,2005-07-06,2005,7,6,4.807275416780907
Tra Vinh,2005-07-07,2005,7,7,15.931234603175264
Tra Vinh,2005-07-08,2005,7,8,11.640206584038232
Tra Vinh,2005-07-09,2005,7,9,2.391901917930176
Tra Vinh,2005-07-10,2005,7,10,3.3917161808964806
Tra Vinh,2005-07-11,2005,7,11,7.832274927519235
Tra Vinh,2005-07-12,2005,7,12,12.824693113529763
Tra Vinh,2005-07-13,2005,7,13,0.2643823649550127
Tra Vinh,2005-07-14,2005,7,14,1.0161075774922377
Tra Vinh,2005-07-15,2005,7,15,0.0
Tra Vinh,2005-07-16,2005,7,16,5.06257603634152
Tra Vinh,2005-07-17,2005,7,17,0.0
Tra Vinh,2005-07-18,2005,7,18,1.2564098303473377
Tra Vinh,2005-07-19,2005,7,19,0.1199525974541825
Tra Vinh,2005-07-20,2005,7,20,9.434544504881512
Tra Vinh,2005-07-21,2005,7,21,0.0
Tra Vinh,2005-07-22,2005,7,22,0.0760201752766882
Tra Vinh,2005-07-23,2005,7,23,8.462081270766742
Tra Vinh,2005-07-24,2005,7,24,3.733572233124881
Tra Vinh,2005-07-25,2005,7,25,23.02434199619276
Tra Vinh,2005-07-26,2005,7,26,28.036878573337894
Tra Vinh,2005-07-27,2005,7,27,11.25609594339873
Tra Vinh,2005-07-28,2005,7,28,1.7302966542951013
Tra Vinh,2005-07-29,2005,7,29,13.688505599004127
Tra Vinh,2005-07-30,2005,7,30,12.455787306507151
Tra Vinh,2005-07-31,2005,7,31,16.49825086782422
Tra Vinh,2005-08-01,2005,8,1,0.3483021790622053
Tra Vinh,2005-08-02,2005,8,2,0.0
Tra Vinh,2005-08-03,2005,8,3,4.555924391693511
Tra Vinh,2005-08-04,2005,8,4,1.6196367541235368
Tra Vinh,2005-08-05,2005,8,5,4.469562717517338
Tra Vinh,2005-08-06,2005,8,6,9.335064070212931
Tra Vinh,2005-08-07,2005,8,7,0.0
Tra Vinh,2005-08-08,2005,8,8,15.076991877719763
Tra Vinh,2005-08-09,2005,8,9,7.404708188783415
Tra Vinh,2005-08-10,2005,8,10,1.1750259528470806
Tra Vinh,2005-08-11,2005,8,11,0.9526100166235004
Tra Vinh,2005-08-12,2005,8,12,13.740970847952028
Tra Vinh,2005-08-13,2005,8,13,20.725892090299947
Tra Vinh,2005-08-14,2005,8,14,4.8491943319455055
Tra Vinh,2005-08-15,2005,8,15,1.089833050339328
Tra Vinh,2005-08-16,2005,8,16,13.501168034250805
Tra Vinh,2005-08-17,2005,8,17,4.10465716157629
Tra Vinh,2005-08-18,2005,8,18,0.0049040003150716
Tra Vinh,2005-08-19,2005,8,19,8.168938702612998
Tra Vinh,2005-08-20,2005,8,20,1.9377527185356545
Tra Vinh,2005-08-21,2005,8,21,0.0
Tra Vinh,2005-08-22,2005,8,22,0.6250539405826667
Tra Vinh,2005-08-23,2005,8,23,1.3994131780229349
Tra Vinh,2005-08-24,2005,8,24,0.0
Tra Vinh,2005-08-25,2005,8,25,0.0
Tra Vinh,2005-08-26,2005,8,26,0.1162423285863858
Tra Vinh,2005-08-27,2005,8,27,10.50071886922429
Tra Vinh,2005-08-28,2005,8,28,8.839722736056734
Tra Vinh,2005-08-29,2005,8,29,5.398806789736063
Tra Vinh,2005-08-30,2005,8,30,18.26614259935473
Tra Vinh,2005-08-31,2005,8,31,2.4361926141571377
Tra Vinh,2005-09-01,2005,9,1,0.0
Tra Vinh,2005-09-02,2005,9,2,0.4516063516356504
Tra Vinh,2005-09-03,2005,9,3,0.4590002256151709
Tra Vinh,2005-09-04,2005,9,4,10.35157984918216
Tra Vinh,2005-09-05,2005,9,5,17.477853637995903
Tra Vinh,2005-09-06,2005,9,6,0.0
Tra Vinh,2005-09-07,2005,9,7,6.364953477851176
Tra Vinh,2005-09-08,2005,9,8,9.666811484403237
Tra Vinh,2005-09-09,2005,9,9,0.1609511182351826
Tra Vinh,2005-09-10,2005,9,10,20.953070714899017
Tra Vinh,2005-09-11,2005,9,11,5.646227077987635
Tra Vinh,2005-09-12,2005,9,12,19.644687089998328
Tra Vinh,2005-09-13,2005,9,13,20.584019580131223
Tra Vinh,2005-09-14,2005,9,14,0.0951664474288968
Tra Vinh,2005-09-15,2005,9,15,0.2053118358009877
Tra Vinh,2005-09-16,2005,9,16,9.728876753201618
Tra Vinh,2005-09-17,2005,9,17,14.906438490539928
Tra Vinh,2005-09-18,2005,9,18,5.183036397874342
Tra Vinh,2005-09-19,2005,9,19,13.048130850374378
Tra Vinh,2005-09-20,2005,9,20,0.0
Tra Vinh,2005-09-21,2005,9,21,1.6817945331329964
Tra Vinh,2005-09-22,2005,9,22,4.895705332119118
Tra Vinh,2005-09-23,2005,9,23,4.703103721947144
Tra Vinh,2005-09-24,2005,9,24,1.5085865300864214
Tra Vinh,2005-09-25,2005,9,25,8.239539856051955
Tra Vinh,2005-09-26,2005,9,26,2.9525967969718256
Tra Vinh,2005-09-27,2005,9,27,6.041142572984748
Tra Vinh,2005-09-28,2005,9,28,5.140080097232572
Tra Vinh,2005-09-29,2005,9,29,19.084806688651067
Tra Vinh,2005-09-30,2005,9,30,6.343345857102869
Tra Vinh,2005-10-01,2005,10,1,0.5365147785955316
Tra Vinh,2005-10-02,2005,10,2,1.0094266125987446
Tra Vinh,2005-10-03,2005,10,3,19.401045832161778
Tra Vinh,2005-10-04,2005,10,4,37.30953813818391
Tra Vinh,2005-10-05,2005,10,5,7.264114510489052
Tra Vinh,2005-10-06,2005,10,6,3.700281707592573
Tra Vinh,2005-10-07,2005,10,7,5.166456810058396
Tra Vinh,2005-10-08,2005,10,8,2.449663081728985
Tra Vinh,2005-10-09,2005,10,9,2.0001227372178296
Tra Vinh,2005-10-10,2005,10,10,10.49073573733387
Tra Vinh,2005-10-11,2005,10,11,7.37113970445734
Tra Vinh,2005-10-12,2005,10,12,0.0
Tra Vinh,2005-10-13,2005,10,13,0.2083714637508427
Tra Vinh,2005-10-14,2005,10,14,25.78649891048736
Tra Vinh,2005-10-15,2005,10,15,26.17100124324878
Tra Vinh,2005-10-16,2005,10,16,19.436665494604675
Tra Vinh,2005-10-17,2005,10,17,4.144900949282258
Tra Vinh,2005-10-18,2005,10,18,0.4565190185700518
Tra Vinh,2005-10-19,2005,10,19,11.83587232104158
Tra Vinh,2005-10-20,2005,10,20,0.0
Tra Vinh,2005-10-21,2005,10,21,7.425801546283719
Tra Vinh,2005-10-22,2005,10,22,40.32588996596879
Tra Vinh,2005-10-23,2005,10,23,0.0
Tra Vinh,2005-10-24,2005,10,24,0.0131044835540317
Tra Vinh,2005-10-25,2005,10,25,3.5684810088438024
Tra Vinh,2005-10-26,2005,10,26,0.3841599457810755
Tra Vinh,2005-10-27,2005,10,27,0.8030575241454545
Tra Vinh,2005-10-28,2005,10,28,10.115220879089406
Tra Vinh,2005-10-29,2005,10,29,16.816687766111503
Tra Vinh,2005-10-30,2005,10,30,24.478548571943964
Tra Vinh,2005-10-31,2005,10,31,13.278851203823034
Tra Vinh,2005-11-01,2005,11,1,30.553535117926856
Tra Vinh,2005-11-02,2005,11,2,0.0
Tra Vinh,2005-11-03,2005,11,3,0.0
Tra Vinh,2005-11-04,2005,11,4,0.0072962505013713
Tra Vinh,2005-11-05,2005,11,5,5.387328652595889
Tra Vinh,2005-11-06,2005,11,6,2.4125486291411056
Tra Vinh,2005-11-07,2005,11,7,0.9483591309363602
Tra Vinh,2005-11-08,2005,11,8,0.5557198966285477
Tra Vinh,2005-11-09,2005,11,9,0.4253402984058711
Tra Vinh,2005-11-10,2005,11,10,0.0
Tra Vinh,2005-11-11,2005,11,11,0.4449676344368993
Tra Vinh,2005-11-12,2005,11,12,0.0
Tra Vinh,2005-11-13,2005,11,13,0.0
Tra Vinh,2005-11-14,2005,11,14,0.0109752217011103
Tra Vinh,2005-11-15,2005,11,15,0.0
Tra Vinh,2005-11-16,2005,11,16,0.0
Tra Vinh,2005-11-17,2005,11,17,8.710074803636319
Tra Vinh,2005-11-18,2005,11,18,0.0
Tra Vinh,2005-11-19,2005,11,19,0.0
Tra Vinh,2005-11-20,2005,11,20,0.0
Tra Vinh,2005-11-21,2005,11,21,0.0
Tra Vinh,2005-11-22,2005,11,22,15.8488289810805
Tra Vinh,2005-11-23,2005,11,23,0.0
Tra Vinh,2005-11-24,2005,11,24,0.0
Tra Vinh,2005-11-25,2005,11,25,0.0
Tra Vinh,2005-11-26,2005,11,26,2.570958719185035
Tra Vinh,2005-11-27,2005,11,27,0.1423446146549272
Tra Vinh,2005-11-28,2005,11,28,5.050347981094925
Tra Vinh,2005-11-29,2005,11,29,46.08029254505892
Tra Vinh,2005-11-30,2005,11,30,12.620554541122484
Tra Vinh,2005-12-01,2005,12,1,13.99270605200964
Tra Vinh,2005-12-02,2005,12,2,6.68059252534582
Tra Vinh,2005-12-03,2005,12,3,0.1392914026297726
Tra Vinh,2005-12-04,2005,12,4,0.0
Tra Vinh,2005-12-05,2005,12,5,0.0
Tra Vinh,2005-12-06,2005,12,6,2.178257190342211
Tra Vinh,2005-12-07,2005,12,7,3.347668663439473
Tra Vinh,2005-12-08,2005,12,8,0.0
Tra Vinh,2005-12-09,2005,12,9,0.0
Tra Vinh,2005-12-10,2005,12,10,0.7508090954010802
Tra Vinh,2005-12-11,2005,12,11,7.786610763154925
Tra Vinh,2005-12-12,2005,12,12,13.379071472036497
Tra Vinh,2005-12-13,2005,12,13,11.445364584775174
Tra Vinh,2005-12-14,2005,12,14,5.383522277125458
Tra Vinh,2005-12-15,2005,12,15,4.374627367785919
Tra Vinh,2005-12-16,2005,12,16,0.0469592703557002
Tra Vinh,2005-12-17,2005,12,17,0.0
Tra Vinh,2005-12-18,2005,12,18,4.288458675446825
Tra Vinh,2005-12-19,2005,12,19,7.480718352783634
Tra Vinh,2005-12-20,2005,12,20,3.295454515826911
Tra Vinh,2005-12-21,2005,12,21,0.0
Tra Vinh,2005-12-22,2005,12,22,0.1240524985921959
Tra Vinh,2005-12-23,2005,12,23,0.0
Tra Vinh,2005-12-24,2005,12,24,0.0
Tra Vinh,2005-12-25,2005,12,25,0.0
Tra Vinh,2005-12-26,2005,12,26,0.0
Tra Vinh,2005-12-27,2005,12,27,0.0
Tra Vinh,2005-12-28,2005,12,28,0.0
Tra Vinh,2005-12-29,2005,12,29,0.0
Tra Vinh,2005-12-30,2005,12,30,0.0
Tra Vinh,2005-12-31,2005,12,31,0.0
Tra Vinh,2006-01-01,2006,1,1,0.0
Tra Vinh,2006-01-02,2006,1,2,0.0
Tra Vinh,2006-01-03,2006,1,3,0.0125485697586923
Tra Vinh,2006-01-04,2006,1,4,0.0
Tra Vinh,2006-01-05,2006,1,5,0.0
Tra Vinh,2006-01-06,2006,1,6,0.0
Tra Vinh,2006-01-07,2006,1,7,0.8047699095989995
Tra Vinh,2006-01-08,2006,1,8,0.0
Tra Vinh,2006-01-09,2006,1,9,0.0
Tra Vinh,2006-01-10,2006,1,10,0.0
Tra Vinh,2006-01-11,2006,1,11,0.0
Tra Vinh,2006-01-12,2006,1,12,0.0
Tra Vinh,2006-01-13,2006,1,13,0.0
Tra Vinh,2006-01-14,2006,1,14,0.0
Tra Vinh,2006-01-15,2006,1,15,0.1223817948237308
Tra Vinh,2006-01-16,2006,1,16,0.0090511381391665
Tra Vinh,2006-01-17,2006,1,17,7.67348282252986
Tra Vinh,2006-01-18,2006,1,18,1.286115824646148
Tra Vinh,2006-01-19,2006,1,19,0.615906274673448
Tra Vinh,2006-01-20,2006,1,20,0.0
Tra Vinh,2006-01-21,2006,1,21,0.0
Tra Vinh,2006-01-22,2006,1,22,0.0
Tra Vinh,2006-01-23,2006,1,23,0.0
Tra Vinh,2006-01-24,2006,1,24,0.0
Tra Vinh,2006-01-25,2006,1,25,0.1998584501984303
Tra Vinh,2006-01-26,2006,1,26,0.1244093293315511
Tra Vinh,2006-01-27,2006,1,27,0.0
Tra Vinh,2006-01-28,2006,1,28,0.0
Tra Vinh,2006-01-29,2006,1,29,0.0
Tra Vinh,2006-01-30,2006,1,30,0.0
Tra Vinh,2006-01-31,2006,1,31,0.0
Tra Vinh,2006-02-01,2006,2,1,0.0
Tra Vinh,2006-02-02,2006,2,2,0.0
Tra Vinh,2006-02-03,2006,2,3,0.0
Tra Vinh,2006-02-04,2006,2,4,0.0
Tra Vinh,2006-02-05,2006,2,5,0.0
Tra Vinh,2006-02-06,2006,2,6,0.0
Tra Vinh,2006-02-07,2006,2,7,0.0
Tra Vinh,2006-02-08,2006,2,8,0.0
Tra Vinh,2006-02-09,2006,2,9,2.1745792584774404
Tra Vinh,2006-02-10,2006,2,10,0.0006667506660133908
Tra Vinh,2006-02-11,2006,2,11,0.0
Tra Vinh,2006-02-12,2006,2,12,0.0002290804365343041
Tra Vinh,2006-02-13,2006,2,13,0.0
Tra Vinh,2006-02-14,2006,2,14,0.0
Tra Vinh,2006-02-15,2006,2,15,0.0
Tra Vinh,2006-02-16,2006,2,16,0.0
Tra Vinh,2006-02-17,2006,2,17,0.0
Tra Vinh,2006-02-18,2006,2,18,0.0
Tra Vinh,2006-02-19,2006,2,19,0.0
Tra Vinh,2006-02-20,2006,2,20,0.0
Tra Vinh,2006-02-21,2006,2,21,0.0
Tra Vinh,2006-02-22,2006,2,22,0.0
Tra Vinh,2006-02-23,2006,2,23,0.0
Tra Vinh,2006-02-24,2006,2,24,0.0
Tra Vinh,2006-02-25,2006,2,25,0.0
Tra Vinh,2006-02-26,2006,2,26,0.0
Tra Vinh,2006-02-27,2006,2,27,0.0
Tra Vinh,2006-02-28,2006,2,28,0.0
Tra Vinh,2006-03-01,2006,3,1,0.0
Tra Vinh,2006-03-02,2006,3,2,0.0
Tra Vinh,2006-03-03,2006,3,3,0.0
Tra Vinh,2006-03-04,2006,3,4,0.0
Tra Vinh,2006-03-05,2006,3,5,0.0
Tra Vinh,2006-03-06,2006,3,6,0.0
Tra Vinh,2006-03-07,2006,3,7,0.0
Tra Vinh,2006-03-08,2006,3,8,0.0
Tra Vinh,2006-03-09,2006,3,9,0.0
Tra Vinh,2006-03-10,2006,3,10,0.0
Tra Vinh,2006-03-11,2006,3,11,0.0
Tra Vinh,2006-03-12,2006,3,12,0.0
Tra Vinh,2006-03-13,2006,3,13,0.0
Tra Vinh,2006-03-14,2006,3,14,4.683446758951878
Tra Vinh,2006-03-15,2006,3,15,0.1626975968880226
Tra Vinh,2006-03-16,2006,3,16,0.0
Tra Vinh,2006-03-17,2006,3,17,0.0
Tra Vinh,2006-03-18,2006,3,18,0.0
Tra Vinh,2006-03-19,2006,3,19,0.0
Tra Vinh,2006-03-20,2006,3,20,0.0
Tra Vinh,2006-03-21,2006,3,21,0.0
Tra Vinh,2006-03-22,2006,3,22,0.0
Tra Vinh,2006-03-23,2006,3,23,0.0
Tra Vinh,2006-03-24,2006,3,24,0.0810204353447916
Tra Vinh,2006-03-25,2006,3,25,0.8983432075162614
Tra Vinh,2006-03-26,2006,3,26,0.0
Tra Vinh,2006-03-27,2006,3,27,0.0
Tra Vinh,2006-03-28,2006,3,28,0.0
Tra Vinh,2006-03-29,2006,3,29,0.0
Tra Vinh,2006-03-30,2006,3,30,3.521240060505182
Tra Vinh,2006-03-31,2006,3,31,2.587497521745499
Tra Vinh,2006-04-01,2006,4,1,0.6163696824984405
Tra Vinh,2006-04-02,2006,4,2,0.6030650112809166
Tra Vinh,2006-04-03,2006,4,3,0.2387999316984227
Tra Vinh,2006-04-04,2006,4,4,0.0
Tra Vinh,2006-04-05,2006,4,5,0.0
Tra Vinh,2006-04-06,2006,4,6,0.0
Tra Vinh,2006-04-07,2006,4,7,2.1113166486949857
Tra Vinh,2006-04-08,2006,4,8,8.678861848081054
Tra Vinh,2006-04-09,2006,4,9,0.0
Tra Vinh,2006-04-10,2006,4,10,0.0
Tra Vinh,2006-04-11,2006,4,11,0.0
Tra Vinh,2006-04-12,2006,4,12,0.0946174834923232
Tra Vinh,2006-04-13,2006,4,13,0.0
Tra Vinh,2006-04-14,2006,4,14,0.0
Tra Vinh,2006-04-15,2006,4,15,0.0
Tra Vinh,2006-04-16,2006,4,16,0.0
Tra Vinh,2006-04-17,2006,4,17,0.0
Tra Vinh,2006-04-18,2006,4,18,0.0
Tra Vinh,2006-04-19,2006,4,19,0.0
Tra Vinh,2006-04-20,2006,4,20,0.0
Tra Vinh,2006-04-21,2006,4,21,0.0
Tra Vinh,2006-04-22,2006,4,22,0.0
Tra Vinh,2006-04-23,2006,4,23,0.0
Tra Vinh,2006-04-24,2006,4,24,0.0
Tra Vinh,2006-04-25,2006,4,25,0.0
Tra Vinh,2006-04-26,2006,4,26,0.0079016971734929
Tra Vinh,2006-04-27,2006,4,27,3.201196221402512
Tra Vinh,2006-04-28,2006,4,28,4.610998006871729
Tra Vinh,2006-04-29,2006,4,29,26.83941434692557
Tra Vinh,2006-04-30,2006,4,30,15.178158947519096
Tra Vinh,2006-05-01,2006,5,1,0.0192014845248999
Tra Vinh,2006-05-02,2006,5,2,0.0
Tra Vinh,2006-05-03,2006,5,3,0.149119632436166
Tra Vinh,2006-05-04,2006,5,4,0.1193169302179484
Tra Vinh,2006-05-05,2006,5,5,0.0
Tra Vinh,2006-05-06,2006,5,6,0.0
Tra Vinh,2006-05-07,2006,5,7,8.469902357790883
Tra Vinh,2006-05-08,2006,5,8,0.6789157511699865
Tra Vinh,2006-05-09,2006,5,9,0.8457728472350498
Tra Vinh,2006-05-10,2006,5,10,0.0
Tra Vinh,2006-05-11,2006,5,11,1.3961575954250331
Tra Vinh,2006-05-12,2006,5,12,4.290072462855188
Tra Vinh,2006-05-13,2006,5,13,9.612917279287831
Tra Vinh,2006-05-14,2006,5,14,3.0907542375044583
Tra Vinh,2006-05-15,2006,5,15,26.57265080381341
Tra Vinh,2006-05-16,2006,5,16,2.7493446123116803
Tra Vinh,2006-05-17,2006,5,17,3.5828825544348644
Tra Vinh,2006-05-18,2006,5,18,8.413220044912913
Tra Vinh,2006-05-19,2006,5,19,5.468505581770469
Tra Vinh,2006-05-20,2006,5,20,5.829556004071776
Tra Vinh,2006-05-21,2006,5,21,7.619510138006275
Tra Vinh,2006-05-22,2006,5,22,1.2648574737008458
Tra Vinh,2006-05-23,2006,5,23,9.871816359688442
Tra Vinh,2006-05-24,2006,5,24,6.886688778853852
Tra Vinh,2006-05-25,2006,5,25,0.0
Tra Vinh,2006-05-26,2006,5,26,0.0
Tra Vinh,2006-05-27,2006,5,27,17.548253469229024
Tra Vinh,2006-05-28,2006,5,28,0.4768155807712371
Tra Vinh,2006-05-29,2006,5,29,24.59704649621693
Tra Vinh,2006-05-30,2006,5,30,15.725923260379206
Tra Vinh,2006-05-31,2006,5,31,10.574906611577129
Tra Vinh,2006-06-01,2006,6,1,2.801106672797097
Tra Vinh,2006-06-02,2006,6,2,6.797138773245095
Tra Vinh,2006-06-03,2006,6,3,3.64822584857528
Tra Vinh,2006-06-04,2006,6,4,13.684676883933024
Tra Vinh,2006-06-05,2006,6,5,9.761556720894704
Tra Vinh,2006-06-06,2006,6,6,5.562050645552637
Tra Vinh,2006-06-07,2006,6,7,0.0125115585261906
Tra Vinh,2006-06-08,2006,6,8,0.0
Tra Vinh,2006-06-09,2006,6,9,0.3424384008518992
Tra Vinh,2006-06-10,2006,6,10,5.365424025501167
Tra Vinh,2006-06-11,2006,6,11,11.088825569838685
Tra Vinh,2006-06-12,2006,6,12,10.09887129736085
Tra Vinh,2006-06-13,2006,6,13,13.737607415464154
Tra Vinh,2006-06-14,2006,6,14,23.13352358118986
Tra Vinh,2006-06-15,2006,6,15,0.313649904346678
Tra Vinh,2006-06-16,2006,6,16,9.56628440878871
Tra Vinh,2006-06-17,2006,6,17,10.698352796288864
Tra Vinh,2006-06-18,2006,6,18,18.32323928669984
Tra Vinh,2006-06-19,2006,6,19,4.3156226259715655
Tra Vinh,2006-06-20,2006,6,20,1.0772699499122091
Tra Vinh,2006-06-21,2006,6,21,5.998518117945763
Tra Vinh,2006-06-22,2006,6,22,3.969664254728005
Tra Vinh,2006-06-23,2006,6,23,5.658695491191685
Tra Vinh,2006-06-24,2006,6,24,11.21920886923762
Tra Vinh,2006-06-25,2006,6,25,6.456555842823177
Tra Vinh,2006-06-26,2006,6,26,1.0217459123522392
Tra Vinh,2006-06-27,2006,6,27,13.941049478493198
Tra Vinh,2006-06-28,2006,6,28,17.67184453204653
Tra Vinh,2006-06-29,2006,6,29,1.478973967959294
Tra Vinh,2006-06-30,2006,6,30,6.884715892340108
Tra Vinh,2006-07-01,2006,7,1,19.85133855783655
Tra Vinh,2006-07-02,2006,7,2,1.8737952968942535
Tra Vinh,2006-07-03,2006,7,3,9.487651178770356
Tra Vinh,2006-07-04,2006,7,4,14.308653595285657
Tra Vinh,2006-07-05,2006,7,5,10.195796488247629
Tra Vinh,2006-07-06,2006,7,6,1.1392901673344682
Tra Vinh,2006-07-07,2006,7,7,2.624036022938681
Tra Vinh,2006-07-08,2006,7,8,1.2941797469158502
Tra Vinh,2006-07-09,2006,7,9,1.949263250509734
Tra Vinh,2006-07-10,2006,7,10,0.6283330738350775
Tra Vinh,2006-07-11,2006,7,11,0.6095672734725243
Tra Vinh,2006-07-12,2006,7,12,0.8623629942987439
Tra Vinh,2006-07-13,2006,7,13,16.16799203041008
Tra Vinh,2006-07-14,2006,7,14,11.28842126528014
Tra Vinh,2006-07-15,2006,7,15,0.2891686567388396
Tra Vinh,2006-07-16,2006,7,16,14.812209294558752
Tra Vinh,2006-07-17,2006,7,17,2.920203274420148
Tra Vinh,2006-07-18,2006,7,18,12.341834154091508
Tra Vinh,2006-07-19,2006,7,19,0.0
Tra Vinh,2006-07-20,2006,7,20,4.9934106813917305
Tra Vinh,2006-07-21,2006,7,21,6.497709953848142
Tra Vinh,2006-07-22,2006,7,22,0.0
Tra Vinh,2006-07-23,2006,7,23,0.0979916527166475
Tra Vinh,2006-07-24,2006,7,24,6.559190421761333
Tra Vinh,2006-07-25,2006,7,25,0.0
Tra Vinh,2006-07-26,2006,7,26,4.557429315188774
Tra Vinh,2006-07-27,2006,7,27,0.7795359968262408
Tra Vinh,2006-07-28,2006,7,28,2.992428567015209
Tra Vinh,2006-07-29,2006,7,29,2.639164706468785
Tra Vinh,2006-07-30,2006,7,30,23.62148795022665
Tra Vinh,2006-07-31,2006,7,31,4.518971742065987
Tra Vinh,2006-08-01,2006,8,1,1.775469729650401
Tra Vinh,2006-08-02,2006,8,2,0.0029851512784975
Tra Vinh,2006-08-03,2006,8,3,12.193493630981084
Tra Vinh,2006-08-04,2006,8,4,14.647190890027575
Tra Vinh,2006-08-05,2006,8,5,3.937326809504469
Tra Vinh,2006-08-06,2006,8,6,1.7554519375776945
Tra Vinh,2006-08-07,2006,8,7,13.95603796998231
Tra Vinh,2006-08-08,2006,8,8,5.623913490702926
Tra Vinh,2006-08-09,2006,8,9,7.713103006227372
Tra Vinh,2006-08-10,2006,8,10,5.382408624380819
Tra Vinh,2006-08-11,2006,8,11,12.069474524119904
Tra Vinh,2006-08-12,2006,8,12,14.362345446210163
Tra Vinh,2006-08-13,2006,8,13,17.58449483719038
Tra Vinh,2006-08-14,2006,8,14,3.046843722108409
Tra Vinh,2006-08-15,2006,8,15,14.483015943433928
Tra Vinh,2006-08-16,2006,8,16,0.4744238483920062
Tra Vinh,2006-08-17,2006,8,17,0.0
Tra Vinh,2006-08-18,2006,8,18,4.058823525732309
Tra Vinh,2006-08-19,2006,8,19,2.421484239890021
Tra Vinh,2006-08-20,2006,8,20,6.796110205136957
Tra Vinh,2006-08-21,2006,8,21,0.0
Tra Vinh,2006-08-22,2006,8,22,10.096865869514426
Tra Vinh,2006-08-23,2006,8,23,8.043926817679251
Tra Vinh,2006-08-24,2006,8,24,1.7778236943268255
Tra Vinh,2006-08-25,2006,8,25,5.223206180903937
Tra Vinh,2006-08-26,2006,8,26,0.3493909330190257
Tra Vinh,2006-08-27,2006,8,27,8.176782898195833
Tra Vinh,2006-08-28,2006,8,28,37.15776008611174
Tra Vinh,2006-08-29,2006,8,29,12.500371889577108
Tra Vinh,2006-08-30,2006,8,30,18.58600445688331
Tra Vinh,2006-08-31,2006,8,31,1.3053351483508948
Tra Vinh,2006-09-01,2006,9,1,5.012248110481666
Tra Vinh,2006-09-02,2006,9,2,3.88431640716828
Tra Vinh,2006-09-03,2006,9,3,4.837265651838092
Tra Vinh,2006-09-04,2006,9,4,11.444189813904863
Tra Vinh,2006-09-05,2006,9,5,2.4713771413570176
Tra Vinh,2006-09-06,2006,9,6,0.0
Tra Vinh,2006-09-07,2006,9,7,1.3136898686646474
Tra Vinh,2006-09-08,2006,9,8,4.078847072645192
Tra Vinh,2006-09-09,2006,9,9,1.179979967728463
Tra Vinh,2006-09-10,2006,9,10,3.240238462133409
Tra Vinh,2006-09-11,2006,9,11,18.4512362748471
Tra Vinh,2006-09-12,2006,9,12,26.7085171744867
Tra Vinh,2006-09-13,2006,9,13,3.752911970964839
Tra Vinh,2006-09-14,2006,9,14,2.345958285236309
Tra Vinh,2006-09-15,2006,9,15,1.9741230375117995
Tra Vinh,2006-09-16,2006,9,16,1.412772425682458
Tra Vinh,2006-09-17,2006,9,17,8.84572312433087
Tra Vinh,2006-09-18,2006,9,18,11.918615339708383
Tra Vinh,2006-09-19,2006,9,19,9.045302125293208
Tra Vinh,2006-09-20,2006,9,20,0.0013859391885271
Tra Vinh,2006-09-21,2006,9,21,16.979256985736775
Tra Vinh,2006-09-22,2006,9,22,25.07714223486552
Tra Vinh,2006-09-23,2006,9,23,9.67978309190475
Tra Vinh,2006-09-24,2006,9,24,7.206056788943455
Tra Vinh,2006-09-25,2006,9,25,35.434942582621204
Tra Vinh,2006-09-26,2006,9,26,20.822741980040515
Tra Vinh,2006-09-27,2006,9,27,12.407111461598468
Tra Vinh,2006-09-28,2006,9,28,0.5930003540850671
Tra Vinh,2006-09-29,2006,9,29,0.3092819291219683
Tra Vinh,2006-09-30,2006,9,30,10.442380040471155
Tra Vinh,2006-10-01,2006,10,1,27.222359322963328
Tra Vinh,2006-10-02,2006,10,2,7.472318089210171
Tra Vinh,2006-10-03,2006,10,3,6.41293758658521
Tra Vinh,2006-10-04,2006,10,4,12.18364285158666
Tra Vinh,2006-10-05,2006,10,5,0.0
Tra Vinh,2006-10-06,2006,10,6,8.39648574291997
Tra Vinh,2006-10-07,2006,10,7,7.554622619707031
Tra Vinh,2006-10-08,2006,10,8,3.4749664723292057
Tra Vinh,2006-10-09,2006,10,9,18.67520760649877
Tra Vinh,2006-10-10,2006,10,10,3.305709642366565
Tra Vinh,2006-10-11,2006,10,11,2.0110595019348505
Tra Vinh,2006-10-12,2006,10,12,0.0
Tra Vinh,2006-10-13,2006,10,13,10.28130514488804
Tra Vinh,2006-10-14,2006,10,14,17.465694581298145
Tra Vinh,2006-10-15,2006,10,15,0.0
Tra Vinh,2006-10-16,2006,10,16,0.2166140249637083
Tra Vinh,2006-10-17,2006,10,17,8.098440651539267
Tra Vinh,2006-10-18,2006,10,18,0.0881446762249696
Tra Vinh,2006-10-19,2006,10,19,0.0
Tra Vinh,2006-10-20,2006,10,20,0.0049888608556375
Tra Vinh,2006-10-21,2006,10,21,0.0
Tra Vinh,2006-10-22,2006,10,22,0.0150350165689258
Tra Vinh,2006-10-23,2006,10,23,0.0
Tra Vinh,2006-10-24,2006,10,24,0.0
Tra Vinh,2006-10-25,2006,10,25,11.98966454748049
Tra Vinh,2006-10-26,2006,10,26,0.0
Tra Vinh,2006-10-27,2006,10,27,0.0
Tra Vinh,2006-10-28,2006,10,28,0.0878406110453324
Tra Vinh,2006-10-29,2006,10,29,11.85365612308694
Tra Vinh,2006-10-30,2006,10,30,24.996111124096437
Tra Vinh,2006-10-31,2006,10,31,7.198118360812833
Tra Vinh,2006-11-01,2006,11,1,0.2051014390096962
Tra Vinh,2006-11-02,2006,11,2,0.0738418126730138
Tra Vinh,2006-11-03,2006,11,3,2.363159597725343
Tra Vinh,2006-11-04,2006,11,4,0.0
Tra Vinh,2006-11-05,2006,11,5,15.853401632090394
Tra Vinh,2006-11-06,2006,11,6,0.0
Tra Vinh,2006-11-07,2006,11,7,6.958016179128652
Tra Vinh,2006-11-08,2006,11,8,27.619457924449566
Tra Vinh,2006-11-09,2006,11,9,0.0
Tra Vinh,2006-11-10,2006,11,10,0.0
Tra Vinh,2006-11-11,2006,11,11,0.0
Tra Vinh,2006-11-12,2006,11,12,0.0
Tra Vinh,2006-11-13,2006,11,13,0.0
Tra Vinh,2006-11-14,2006,11,14,0.0
Tra Vinh,2006-11-15,2006,11,15,0.0
Tra Vinh,2006-11-16,2006,11,16,0.028732549803714
Tra Vinh,2006-11-17,2006,11,17,0.0
Tra Vinh,2006-11-18,2006,11,18,0.0
Tra Vinh,2006-11-19,2006,11,19,5.026735986830618
Tra Vinh,2006-11-20,2006,11,20,0.0
Tra Vinh,2006-11-21,2006,11,21,0.0146903795973345
Tra Vinh,2006-11-22,2006,11,22,0.0
Tra Vinh,2006-11-23,2006,11,23,0.0
Tra Vinh,2006-11-24,2006,11,24,0.0
Tra Vinh,2006-11-25,2006,11,25,0.0
Tra Vinh,2006-11-26,2006,11,26,0.0
Tra Vinh,2006-11-27,2006,11,27,0.0
Tra Vinh,2006-11-28,2006,11,28,0.0
Tra Vinh,2006-11-29,2006,11,29,0.0
Tra Vinh,2006-11-30,2006,11,30,0.0
Tra Vinh,2006-12-01,2006,12,1,0.0
Tra Vinh,2006-12-02,2006,12,2,0.0
Tra Vinh,2006-12-03,2006,12,3,0.0
Tra Vinh,2006-12-04,2006,12,4,4.691094195188283
Tra Vinh,2006-12-05,2006,12,5,7.141775163642684
Tra Vinh,2006-12-06,2006,12,6,0.0
Tra Vinh,2006-12-07,2006,12,7,0.069106118952655
Tra Vinh,2006-12-08,2006,12,8,0.0
Tra Vinh,2006-12-09,2006,12,9,0.0
Tra Vinh,2006-12-10,2006,12,10,0.0
Tra Vinh,2006-12-11,2006,12,11,0.0
Tra Vinh,2006-12-12,2006,12,12,0.0096711393541936
Tra Vinh,2006-12-13,2006,12,13,0.4379911160487403
Tra Vinh,2006-12-14,2006,12,14,0.0
Tra Vinh,2006-12-15,2006,12,15,0.0
Tra Vinh,2006-12-16,2006,12,16,0.0
Tra Vinh,2006-12-17,2006,12,17,0.0
Tra Vinh,2006-12-18,2006,12,18,0.0
Tra Vinh,2006-12-19,2006,12,19,0.0
Tra Vinh,2006-12-20,2006,12,20,0.0
Tra Vinh,2006-12-21,2006,12,21,0.0
Tra Vinh,2006-12-22,2006,12,22,0.0
Tra Vinh,2006-12-23,2006,12,23,0.0
Tra Vinh,2006-12-24,2006,12,24,0.0
Tra Vinh,2006-12-25,2006,12,25,0.0
Tra Vinh,2006-12-26,2006,12,26,0.0
Tra Vinh,2006-12-27,2006,12,27,0.0
Tra Vinh,2006-12-28,2006,12,28,0.0
Tra Vinh,2006-12-29,2006,12,29,0.0
Tra Vinh,2006-12-30,2006,12,30,3.353011193607981
Tra Vinh,2006-12-31,2006,12,31,5.371909234744779
Tra Vinh,2007-01-01,2007,1,1,3.3698300623691875
Tra Vinh,2007-01-02,2007,1,2,1.5527128367871932
Tra Vinh,2007-01-03,2007,1,3,0.3794371737681719
Tra Vinh,2007-01-04,2007,1,4,0.4441070756240237
Tra Vinh,2007-01-05,2007,1,5,4.371441041228504
Tra Vinh,2007-01-06,2007,1,6,2.7732134881347017
Tra Vinh,2007-01-07,2007,1,7,2.5044364880981327
Tra Vinh,2007-01-08,2007,1,8,0.2165449228738542
Tra Vinh,2007-01-09,2007,1,9,0.0
Tra Vinh,2007-01-10,2007,1,10,0.0
Tra Vinh,2007-01-11,2007,1,11,0.0
Tra Vinh,2007-01-12,2007,1,12,0.0
Tra Vinh,2007-01-13,2007,1,13,0.0
Tra Vinh,2007-01-14,2007,1,14,0.0
Tra Vinh,2007-01-15,2007,1,15,0.0
Tra Vinh,2007-01-16,2007,1,16,0.0
Tra Vinh,2007-01-17,2007,1,17,0.0
Tra Vinh,2007-01-18,2007,1,18,0.0
Tra Vinh,2007-01-19,2007,1,19,0.0
Tra Vinh,2007-01-20,2007,1,20,0.0
Tra Vinh,2007-01-21,2007,1,21,0.0
Tra Vinh,2007-01-22,2007,1,22,0.0
Tra Vinh,2007-01-23,2007,1,23,0.0
Tra Vinh,2007-01-24,2007,1,24,0.0
Tra Vinh,2007-01-25,2007,1,25,0.0
Tra Vinh,2007-01-26,2007,1,26,0.0
Tra Vinh,2007-01-27,2007,1,27,0.0
Tra Vinh,2007-01-28,2007,1,28,0.0
Tra Vinh,2007-01-29,2007,1,29,0.0
Tra Vinh,2007-01-30,2007,1,30,0.0
Tra Vinh,2007-01-31,2007,1,31,0.0
Tra Vinh,2007-02-01,2007,2,1,0.0
Tra Vinh,2007-02-02,2007,2,2,0.0
Tra Vinh,2007-02-03,2007,2,3,0.0
Tra Vinh,2007-02-04,2007,2,4,0.0
Tra Vinh,2007-02-05,2007,2,5,0.0
Tra Vinh,2007-02-06,2007,2,6,0.0
Tra Vinh,2007-02-07,2007,2,7,0.0
Tra Vinh,2007-02-08,2007,2,8,0.0
Tra Vinh,2007-02-09,2007,2,9,0.0
Tra Vinh,2007-02-10,2007,2,10,0.0
Tra Vinh,2007-02-11,2007,2,11,0.0
Tra Vinh,2007-02-12,2007,2,12,0.0
Tra Vinh,2007-02-13,2007,2,13,0.0
Tra Vinh,2007-02-14,2007,2,14,0.0
Tra Vinh,2007-02-15,2007,2,15,0.0
Tra Vinh,2007-02-16,2007,2,16,0.0
Tra Vinh,2007-02-17,2007,2,17,0.0
Tra Vinh,2007-02-18,2007,2,18,0.3137145522100732
Tra Vinh,2007-02-19,2007,2,19,0.0
Tra Vinh,2007-02-20,2007,2,20,0.0
Tra Vinh,2007-02-21,2007,2,21,0.5523875415559626
Tra Vinh,2007-02-22,2007,2,22,0.0002201159061153301
Tra Vinh,2007-02-23,2007,2,23,0.0
Tra Vinh,2007-02-24,2007,2,24,0.0
Tra Vinh,2007-02-25,2007,2,25,0.0
Tra Vinh,2007-02-26,2007,2,26,0.0
Tra Vinh,2007-02-27,2007,2,27,0.0009819927920189312
Tra Vinh,2007-02-28,2007,2,28,0.0497156728689173
Tra Vinh,2007-03-01,2007,3,1,0.0
Tra Vinh,2007-03-02,2007,3,2,0.0
Tra Vinh,2007-03-03,2007,3,3,0.0
Tra Vinh,2007-03-04,2007,3,4,0.0
Tra Vinh,2007-03-05,2007,3,5,0.0
Tra Vinh,2007-03-06,2007,3,6,0.0
Tra Vinh,2007-03-07,2007,3,7,0.0
Tra Vinh,2007-03-08,2007,3,8,0.0
Tra Vinh,2007-03-09,2007,3,9,0.0
Tra Vinh,2007-03-10,2007,3,10,0.0
Tra Vinh,2007-03-11,2007,3,11,0.0
Tra Vinh,2007-03-12,2007,3,12,0.0
Tra Vinh,2007-03-13,2007,3,13,0.0
Tra Vinh,2007-03-14,2007,3,14,0.0
Tra Vinh,2007-03-15,2007,3,15,0.0
Tra Vinh,2007-03-16,2007,3,16,0.0
Tra Vinh,2007-03-17,2007,3,17,0.0
Tra Vinh,2007-03-18,2007,3,18,0.2640260995983852
Tra Vinh,2007-03-19,2007,3,19,0.0
Tra Vinh,2007-03-20,2007,3,20,3.781047372185349
Tra Vinh,2007-03-21,2007,3,21,0.0
Tra Vinh,2007-03-22,2007,3,22,2.7747424154484874
Tra Vinh,2007-03-23,2007,3,23,1.824044003432808
Tra Vinh,2007-03-24,2007,3,24,0.0550465360398534
Tra Vinh,2007-03-25,2007,3,25,0.7170609201052788
Tra Vinh,2007-03-26,2007,3,26,0.0
Tra Vinh,2007-03-27,2007,3,27,0.0
Tra Vinh,2007-03-28,2007,3,28,0.0
Tra Vinh,2007-03-29,2007,3,29,0.0
Tra Vinh,2007-03-30,2007,3,30,0.0
Tra Vinh,2007-03-31,2007,3,31,0.0
Tra Vinh,2007-04-01,2007,4,1,0.0
Tra Vinh,2007-04-02,2007,4,2,0.0
Tra Vinh,2007-04-03,2007,4,3,0.0
Tra Vinh,2007-04-04,2007,4,4,0.0
Tra Vinh,2007-04-05,2007,4,5,0.0
Tra Vinh,2007-04-06,2007,4,6,0.0
Tra Vinh,2007-04-07,2007,4,7,0.0
Tra Vinh,2007-04-08,2007,4,8,0.0
Tra Vinh,2007-04-09,2007,4,9,0.0
Tra Vinh,2007-04-10,2007,4,10,0.0
Tra Vinh,2007-04-11,2007,4,11,0.0
Tra Vinh,2007-04-12,2007,4,12,0.0
Tra Vinh,2007-04-13,2007,4,13,0.0
Tra Vinh,2007-04-14,2007,4,14,0.0
Tra Vinh,2007-04-15,2007,4,15,0.0
Tra Vinh,2007-04-16,2007,4,16,0.0
Tra Vinh,2007-04-17,2007,4,17,0.1294825262894523
Tra Vinh,2007-04-18,2007,4,18,2.315041745399152
Tra Vinh,2007-04-19,2007,4,19,0.7507112628632328
Tra Vinh,2007-04-20,2007,4,20,0.0
Tra Vinh,2007-04-21,2007,4,21,0.0
Tra Vinh,2007-04-22,2007,4,22,0.0
Tra Vinh,2007-04-23,2007,4,23,0.2712910251167261
Tra Vinh,2007-04-24,2007,4,24,0.0
Tra Vinh,2007-04-25,2007,4,25,0.0
Tra Vinh,2007-04-26,2007,4,26,19.827843880845027
Tra Vinh,2007-04-27,2007,4,27,10.949576321679013
Tra Vinh,2007-04-28,2007,4,28,21.332513893937087
Tra Vinh,2007-04-29,2007,4,29,0.0212845226546852
Tra Vinh,2007-04-30,2007,4,30,2.570786001255354
Tra Vinh,2007-05-01,2007,5,1,14.884088845544127
Tra Vinh,2007-05-02,2007,5,2,0.0
Tra Vinh,2007-05-03,2007,5,3,0.0
Tra Vinh,2007-05-04,2007,5,4,2.3354437542263407
Tra Vinh,2007-05-05,2007,5,5,0.0
Tra Vinh,2007-05-06,2007,5,6,12.073415624722264
Tra Vinh,2007-05-07,2007,5,7,12.32551773393258
Tra Vinh,2007-05-08,2007,5,8,9.684595401906469
Tra Vinh,2007-05-09,2007,5,9,19.34276062797558
Tra Vinh,2007-05-10,2007,5,10,10.00995164119791
Tra Vinh,2007-05-11,2007,5,11,30.451296550505408
Tra Vinh,2007-05-12,2007,5,12,22.89792244446997
Tra Vinh,2007-05-13,2007,5,13,9.358402419889485
Tra Vinh,2007-05-14,2007,5,14,7.496535222999697
Tra Vinh,2007-05-15,2007,5,15,1.029637700332542
Tra Vinh,2007-05-16,2007,5,16,0.930032586621202
Tra Vinh,2007-05-17,2007,5,17,0.5534678508996024
Tra Vinh,2007-05-18,2007,5,18,0.7831055880999672
Tra Vinh,2007-05-19,2007,5,19,0.2393326207228311
Tra Vinh,2007-05-20,2007,5,20,3.2896011812637576
Tra Vinh,2007-05-21,2007,5,21,3.3335902635227894
Tra Vinh,2007-05-22,2007,5,22,1.0246164059565577
Tra Vinh,2007-05-23,2007,5,23,2.676050299280664
Tra Vinh,2007-05-24,2007,5,24,5.8965681867251245
Tra Vinh,2007-05-25,2007,5,25,7.319082402338914
Tra Vinh,2007-05-26,2007,5,26,13.27743717307858
Tra Vinh,2007-05-27,2007,5,27,19.501488884514327
Tra Vinh,2007-05-28,2007,5,28,18.532255648180254
Tra Vinh,2007-05-29,2007,5,29,4.916098841932546
Tra Vinh,2007-05-30,2007,5,30,1.0627538208189182
Tra Vinh,2007-05-31,2007,5,31,4.246809483063776
Tra Vinh,2007-06-01,2007,6,1,7.727711923177043
Tra Vinh,2007-06-02,2007,6,2,12.649224049416649
Tra Vinh,2007-06-03,2007,6,3,1.333596357356101
Tra Vinh,2007-06-04,2007,6,4,0.0
Tra Vinh,2007-06-05,2007,6,5,1.3432005701339078
Tra Vinh,2007-06-06,2007,6,6,4.193064503513157
Tra Vinh,2007-06-07,2007,6,7,16.619951269127913
Tra Vinh,2007-06-08,2007,6,8,0.9827873242580318
Tra Vinh,2007-06-09,2007,6,9,0.0
Tra Vinh,2007-06-10,2007,6,10,0.0
Tra Vinh,2007-06-11,2007,6,11,0.788364832434304
Tra Vinh,2007-06-12,2007,6,12,0.0
Tra Vinh,2007-06-13,2007,6,13,0.0
Tra Vinh,2007-06-14,2007,6,14,4.95071002938349
Tra Vinh,2007-06-15,2007,6,15,13.767016485672386
Tra Vinh,2007-06-16,2007,6,16,6.749373289567088
Tra Vinh,2007-06-17,2007,6,17,6.861630380428895
Tra Vinh,2007-06-18,2007,6,18,0.7723213237677959
Tra Vinh,2007-06-19,2007,6,19,5.496242120263104
Tra Vinh,2007-06-20,2007,6,20,30.06380698512471
Tra Vinh,2007-06-21,2007,6,21,9.617332078033536
Tra Vinh,2007-06-22,2007,6,22,18.159530697020585
Tra Vinh,2007-06-23,2007,6,23,21.37848838211145
Tra Vinh,2007-06-24,2007,6,24,7.893761273977466
Tra Vinh,2007-06-25,2007,6,25,21.51757741692087
Tra Vinh,2007-06-26,2007,6,26,7.213608379096519
Tra Vinh,2007-06-27,2007,6,27,15.273922997966917
Tra Vinh,2007-06-28,2007,6,28,9.458881774396389
Tra Vinh,2007-06-29,2007,6,29,10.284979197455812
Tra Vinh,2007-06-30,2007,6,30,5.205849130132859
Tra Vinh,2007-07-01,2007,7,1,14.270423808117403
Tra Vinh,2007-07-02,2007,7,2,0.0
Tra Vinh,2007-07-03,2007,7,3,11.900991431052448
Tra Vinh,2007-07-04,2007,7,4,20.09337635343658
Tra Vinh,2007-07-05,2007,7,5,11.707094351939912
Tra Vinh,2007-07-06,2007,7,6,20.953225736192323
Tra Vinh,2007-07-07,2007,7,7,0.4601286325125238
Tra Vinh,2007-07-08,2007,7,8,16.004868405077705
Tra Vinh,2007-07-09,2007,7,9,5.111506349432461
Tra Vinh,2007-07-10,2007,7,10,10.10286135703697
Tra Vinh,2007-07-11,2007,7,11,29.05782491585444
Tra Vinh,2007-07-12,2007,7,12,0.0
Tra Vinh,2007-07-13,2007,7,13,12.332978410070032
Tra Vinh,2007-07-14,2007,7,14,17.258054943763234
Tra Vinh,2007-07-15,2007,7,15,19.97859739504941
Tra Vinh,2007-07-16,2007,7,16,12.52237815905457
Tra Vinh,2007-07-17,2007,7,17,0.0
Tra Vinh,2007-07-18,2007,7,18,0.0
Tra Vinh,2007-07-19,2007,7,19,0.6037593840818759
Tra Vinh,2007-07-20,2007,7,20,9.337844330285456
Tra Vinh,2007-07-21,2007,7,21,0.119149796765381
Tra Vinh,2007-07-22,2007,7,22,7.513254607765616
Tra Vinh,2007-07-23,2007,7,23,7.173842943711668
Tra Vinh,2007-07-24,2007,7,24,0.7606793069342005
Tra Vinh,2007-07-25,2007,7,25,2.694955404928776
Tra Vinh,2007-07-26,2007,7,26,13.604501514571822
Tra Vinh,2007-07-27,2007,7,27,14.673238664931752
Tra Vinh,2007-07-28,2007,7,28,25.92519379257441
Tra Vinh,2007-07-29,2007,7,29,8.83353371006088
Tra Vinh,2007-07-30,2007,7,30,7.703967486627489
Tra Vinh,2007-07-31,2007,7,31,0.7017407505374004
Tra Vinh,2007-08-01,2007,8,1,3.407535634051841
Tra Vinh,2007-08-02,2007,8,2,20.20699344562917
Tra Vinh,2007-08-03,2007,8,3,14.484303717574884
Tra Vinh,2007-08-04,2007,8,4,12.72189270881214
Tra Vinh,2007-08-05,2007,8,5,11.032127659443566
Tra Vinh,2007-08-06,2007,8,6,8.212140856267077
Tra Vinh,2007-08-07,2007,8,7,0.2356784583279795
Tra Vinh,2007-08-08,2007,8,8,17.013137604530918
Tra Vinh,2007-08-09,2007,8,9,40.20777025405455
Tra Vinh,2007-08-10,2007,8,10,11.909306355902569
Tra Vinh,2007-08-11,2007,8,11,4.795696047181366
Tra Vinh,2007-08-12,2007,8,12,0.0
Tra Vinh,2007-08-13,2007,8,13,0.0
Tra Vinh,2007-08-14,2007,8,14,0.0
Tra Vinh,2007-08-15,2007,8,15,10.43990589894656
Tra Vinh,2007-08-16,2007,8,16,20.79106904588969
Tra Vinh,2007-08-17,2007,8,17,1.9824517181597747
Tra Vinh,2007-08-18,2007,8,18,0.1133193397228383
Tra Vinh,2007-08-19,2007,8,19,9.576419174130884
Tra Vinh,2007-08-20,2007,8,20,6.266890325841075
Tra Vinh,2007-08-21,2007,8,21,9.508915206153349
Tra Vinh,2007-08-22,2007,8,22,0.8347842243770991
Tra Vinh,2007-08-23,2007,8,23,3.7686110819142464
Tra Vinh,2007-08-24,2007,8,24,7.604826605114053
Tra Vinh,2007-08-25,2007,8,25,12.222483418569691
Tra Vinh,2007-08-26,2007,8,26,8.617705763354754
Tra Vinh,2007-08-27,2007,8,27,9.636832423183227
Tra Vinh,2007-08-28,2007,8,28,4.361977045936055
Tra Vinh,2007-08-29,2007,8,29,5.005331695314265
Tra Vinh,2007-08-30,2007,8,30,8.915481977387739
Tra Vinh,2007-08-31,2007,8,31,5.5166064742611685
Tra Vinh,2007-09-01,2007,9,1,20.91092070159859
Tra Vinh,2007-09-02,2007,9,2,19.683303977233304
Tra Vinh,2007-09-03,2007,9,3,4.136100934084733
Tra Vinh,2007-09-04,2007,9,4,7.064770122970578
Tra Vinh,2007-09-05,2007,9,5,0.0
Tra Vinh,2007-09-06,2007,9,6,0.0295276011445286
Tra Vinh,2007-09-07,2007,9,7,1.487409473260651
Tra Vinh,2007-09-08,2007,9,8,1.6415764208795756
Tra Vinh,2007-09-09,2007,9,9,4.846280471940559
Tra Vinh,2007-09-10,2007,9,10,12.773040229884376
Tra Vinh,2007-09-11,2007,9,11,2.9568869081015703
Tra Vinh,2007-09-12,2007,9,12,0.9519729428725991
Tra Vinh,2007-09-13,2007,9,13,13.227435327522237
Tra Vinh,2007-09-14,2007,9,14,16.645627953016554
Tra Vinh,2007-09-15,2007,9,15,3.6265837514382127
Tra Vinh,2007-09-16,2007,9,16,10.049633559944978
Tra Vinh,2007-09-17,2007,9,17,14.683821921677223
Tra Vinh,2007-09-18,2007,9,18,0.9964084646651654
Tra Vinh,2007-09-19,2007,9,19,18.58533911136596
Tra Vinh,2007-09-20,2007,9,20,8.192066529458945
Tra Vinh,2007-09-21,2007,9,21,0.0
Tra Vinh,2007-09-22,2007,9,22,0.0
Tra Vinh,2007-09-23,2007,9,23,10.651075050446318
Tra Vinh,2007-09-24,2007,9,24,3.233168242017244
Tra Vinh,2007-09-25,2007,9,25,17.269234076919595
Tra Vinh,2007-09-26,2007,9,26,4.10533394143992
Tra Vinh,2007-09-27,2007,9,27,8.118972709102671
Tra Vinh,2007-09-28,2007,9,28,14.259639337121142
Tra Vinh,2007-09-29,2007,9,29,12.605539641116078
Tra Vinh,2007-09-30,2007,9,30,6.66894490834646
Tra Vinh,2007-10-01,2007,10,1,13.392807991663284
Tra Vinh,2007-10-02,2007,10,2,13.061096533049836
Tra Vinh,2007-10-03,2007,10,3,11.699655824203417
Tra Vinh,2007-10-04,2007,10,4,7.729511510230995
Tra Vinh,2007-10-05,2007,10,5,4.6295695523838925
Tra Vinh,2007-10-06,2007,10,6,5.264840417200221
Tra Vinh,2007-10-07,2007,10,7,0.007847490648296
Tra Vinh,2007-10-08,2007,10,8,0.49229434885407
Tra Vinh,2007-10-09,2007,10,9,19.54309802490033
Tra Vinh,2007-10-10,2007,10,10,14.321614077769324
Tra Vinh,2007-10-11,2007,10,11,28.570645075283107
Tra Vinh,2007-10-12,2007,10,12,11.156690458895016
Tra Vinh,2007-10-13,2007,10,13,0.4525315547490987
Tra Vinh,2007-10-14,2007,10,14,0.0
Tra Vinh,2007-10-15,2007,10,15,8.15071726638434
Tra Vinh,2007-10-16,2007,10,16,1.8500102865445176
Tra Vinh,2007-10-17,2007,10,17,0.1082169639364926
Tra Vinh,2007-10-18,2007,10,18,8.20409185339574
Tra Vinh,2007-10-19,2007,10,19,0.0
Tra Vinh,2007-10-20,2007,10,20,2.583889159245716
Tra Vinh,2007-10-21,2007,10,21,0.0
Tra Vinh,2007-10-22,2007,10,22,11.485672878427993
Tra Vinh,2007-10-23,2007,10,23,3.241414295316088
Tra Vinh,2007-10-24,2007,10,24,19.09927802557249
Tra Vinh,2007-10-25,2007,10,25,31.403020329407717
Tra Vinh,2007-10-26,2007,10,26,0.0
Tra Vinh,2007-10-27,2007,10,27,3.1942766431215084
Tra Vinh,2007-10-28,2007,10,28,18.210248944248438
Tra Vinh,2007-10-29,2007,10,29,14.520403895232132
Tra Vinh,2007-10-30,2007,10,30,20.74055550333697
Tra Vinh,2007-10-31,2007,10,31,0.0
Tra Vinh,2007-11-01,2007,11,1,0.0094900575686422
Tra Vinh,2007-11-02,2007,11,2,33.720121120660345
Tra Vinh,2007-11-03,2007,11,3,25.313529965896688
Tra Vinh,2007-11-04,2007,11,4,30.277502824490703
Tra Vinh,2007-11-05,2007,11,5,0.007666346189689
Tra Vinh,2007-11-06,2007,11,6,0.0
Tra Vinh,2007-11-07,2007,11,7,16.37709582742919
Tra Vinh,2007-11-08,2007,11,8,0.0
Tra Vinh,2007-11-09,2007,11,9,0.0
Tra Vinh,2007-11-10,2007,11,10,16.17392622859779
Tra Vinh,2007-11-11,2007,11,11,18.479591895581017
Tra Vinh,2007-11-12,2007,11,12,0.0
Tra Vinh,2007-11-13,2007,11,13,0.0
Tra Vinh,2007-11-14,2007,11,14,0.2989998384074143
Tra Vinh,2007-11-15,2007,11,15,0.0477562166185935
Tra Vinh,2007-11-16,2007,11,16,0.0
Tra Vinh,2007-11-17,2007,11,17,0.0
Tra Vinh,2007-11-18,2007,11,18,0.0
Tra Vinh,2007-11-19,2007,11,19,4.309127302807538
Tra Vinh,2007-11-20,2007,11,20,12.214162200826928
Tra Vinh,2007-11-21,2007,11,21,10.756474819390489
Tra Vinh,2007-11-22,2007,11,22,22.10955689967504
Tra Vinh,2007-11-23,2007,11,23,10.099282779713176
Tra Vinh,2007-11-24,2007,11,24,3.330144116281953
Tra Vinh,2007-11-25,2007,11,25,0.0
Tra Vinh,2007-11-26,2007,11,26,0.0
Tra Vinh,2007-11-27,2007,11,27,0.0
Tra Vinh,2007-11-28,2007,11,28,0.0
Tra Vinh,2007-11-29,2007,11,29,0.0
Tra Vinh,2007-11-30,2007,11,30,0.0
Tra Vinh,2007-12-01,2007,12,1,0.0
Tra Vinh,2007-12-02,2007,12,2,0.0
Tra Vinh,2007-12-03,2007,12,3,0.0
Tra Vinh,2007-12-04,2007,12,4,0.0
Tra Vinh,2007-12-05,2007,12,5,0.0
Tra Vinh,2007-12-06,2007,12,6,0.2604849567286107
Tra Vinh,2007-12-07,2007,12,7,0.9101252435353424
Tra Vinh,2007-12-08,2007,12,8,0.2283371919971542
Tra Vinh,2007-12-09,2007,12,9,0.0
Tra Vinh,2007-12-10,2007,12,10,0.0
Tra Vinh,2007-12-11,2007,12,11,0.4944767204893945
Tra Vinh,2007-12-12,2007,12,12,0.0
Tra Vinh,2007-12-13,2007,12,13,0.0
Tra Vinh,2007-12-14,2007,12,14,0.0
Tra Vinh,2007-12-15,2007,12,15,0.0
Tra Vinh,2007-12-16,2007,12,16,0.0
Tra Vinh,2007-12-17,2007,12,17,0.836266966743389
Tra Vinh,2007-12-18,2007,12,18,0.7310265397156978
Tra Vinh,2007-12-19,2007,12,19,0.1197317858547231
Tra Vinh,2007-12-20,2007,12,20,1.2539524676117992
Tra Vinh,2007-12-21,2007,12,21,0.0
Tra Vinh,2007-12-22,2007,12,22,1.6881511196206114
Tra Vinh,2007-12-23,2007,12,23,0.0
Tra Vinh,2007-12-24,2007,12,24,0.0
Tra Vinh,2007-12-25,2007,12,25,0.0
Tra Vinh,2007-12-26,2007,12,26,0.274280713535036
Tra Vinh,2007-12-27,2007,12,27,2.7371360954207518
Tra Vinh,2007-12-28,2007,12,28,7.184389834691869
Tra Vinh,2007-12-29,2007,12,29,3.0504626681126945
Tra Vinh,2007-12-30,2007,12,30,0.0755976315632995
Tra Vinh,2007-12-31,2007,12,31,0.1583146164896183
Tra Vinh,2008-01-01,2008,1,1,0.0
Tra Vinh,2008-01-02,2008,1,2,0.2945319806457033
Tra Vinh,2008-01-03,2008,1,3,8.553639784794251
Tra Vinh,2008-01-04,2008,1,4,6.694030204093696
Tra Vinh,2008-01-05,2008,1,5,0.498945181943095
Tra Vinh,2008-01-06,2008,1,6,0.0
Tra Vinh,2008-01-07,2008,1,7,0.0
Tra Vinh,2008-01-08,2008,1,8,0.0
Tra Vinh,2008-01-09,2008,1,9,0.0
Tra Vinh,2008-01-10,2008,1,10,0.0
Tra Vinh,2008-01-11,2008,1,11,0.0
Tra Vinh,2008-01-12,2008,1,12,0.0
Tra Vinh,2008-01-13,2008,1,13,0.0
Tra Vinh,2008-01-14,2008,1,14,0.0
Tra Vinh,2008-01-15,2008,1,15,0.0
Tra Vinh,2008-01-16,2008,1,16,0.0322961458614265
Tra Vinh,2008-01-17,2008,1,17,0.0
Tra Vinh,2008-01-18,2008,1,18,0.0
Tra Vinh,2008-01-19,2008,1,19,0.0
Tra Vinh,2008-01-20,2008,1,20,0.0
Tra Vinh,2008-01-21,2008,1,21,0.0
Tra Vinh,2008-01-22,2008,1,22,0.0
Tra Vinh,2008-01-23,2008,1,23,0.0
Tra Vinh,2008-01-24,2008,1,24,0.0
Tra Vinh,2008-01-25,2008,1,25,0.0
Tra Vinh,2008-01-26,2008,1,26,0.0
Tra Vinh,2008-01-27,2008,1,27,0.0
Tra Vinh,2008-01-28,2008,1,28,0.0
Tra Vinh,2008-01-29,2008,1,29,0.0
Tra Vinh,2008-01-30,2008,1,30,0.0
Tra Vinh,2008-01-31,2008,1,31,0.0
Tra Vinh,2008-02-01,2008,2,1,0.0618053321142532
Tra Vinh,2008-02-02,2008,2,2,0.961670608149036
Tra Vinh,2008-02-03,2008,2,3,0.0
Tra Vinh,2008-02-04,2008,2,4,0.0
Tra Vinh,2008-02-05,2008,2,5,0.0
Tra Vinh,2008-02-06,2008,2,6,0.0
Tra Vinh,2008-02-07,2008,2,7,0.0
Tra Vinh,2008-02-08,2008,2,8,0.0
Tra Vinh,2008-02-09,2008,2,9,0.0
Tra Vinh,2008-02-10,2008,2,10,0.0
Tra Vinh,2008-02-11,2008,2,11,0.1144073237557481
Tra Vinh,2008-02-12,2008,2,12,0.0
Tra Vinh,2008-02-13,2008,2,13,0.0
Tra Vinh,2008-02-14,2008,2,14,0.0
Tra Vinh,2008-02-15,2008,2,15,0.1166071037446328
Tra Vinh,2008-02-16,2008,2,16,1.2662566034459384
Tra Vinh,2008-02-17,2008,2,17,0.1232092472837228
Tra Vinh,2008-02-18,2008,2,18,0.2065271209649536
Tra Vinh,2008-02-19,2008,2,19,0.0690365370980374
Tra Vinh,2008-02-20,2008,2,20,0.0
Tra Vinh,2008-02-21,2008,2,21,0.2068911505516153
Tra Vinh,2008-02-22,2008,2,22,0.0
Tra Vinh,2008-02-23,2008,2,23,0.0
Tra Vinh,2008-02-24,2008,2,24,0.0
Tra Vinh,2008-02-25,2008,2,25,0.0
Tra Vinh,2008-02-26,2008,2,26,0.0
Tra Vinh,2008-02-27,2008,2,27,0.5880790059576585
Tra Vinh,2008-02-28,2008,2,28,0.6852974981574166
Tra Vinh,2008-02-29,2008,2,29,0.0
Tra Vinh,2008-03-01,2008,3,1,0.0
Tra Vinh,2008-03-02,2008,3,2,0.0
Tra Vinh,2008-03-03,2008,3,3,0.7224898164611158
Tra Vinh,2008-03-04,2008,3,4,3.604738687610592
Tra Vinh,2008-03-05,2008,3,5,1.6543470572279475
Tra Vinh,2008-03-06,2008,3,6,0.0262927096155498
Tra Vinh,2008-03-07,2008,3,7,0.5494107954039702
Tra Vinh,2008-03-08,2008,3,8,0.0
Tra Vinh,2008-03-09,2008,3,9,0.0
Tra Vinh,2008-03-10,2008,3,10,0.0
Tra Vinh,2008-03-11,2008,3,11,0.0
Tra Vinh,2008-03-12,2008,3,12,0.0
Tra Vinh,2008-03-13,2008,3,13,0.0
Tra Vinh,2008-03-14,2008,3,14,0.0
Tra Vinh,2008-03-15,2008,3,15,0.0
Tra Vinh,2008-03-16,2008,3,16,0.0
Tra Vinh,2008-03-17,2008,3,17,0.0
Tra Vinh,2008-03-18,2008,3,18,0.0
Tra Vinh,2008-03-19,2008,3,19,0.0
Tra Vinh,2008-03-20,2008,3,20,0.0
Tra Vinh,2008-03-21,2008,3,21,0.0
Tra Vinh,2008-03-22,2008,3,22,0.0
Tra Vinh,2008-03-23,2008,3,23,0.0
Tra Vinh,2008-03-24,2008,3,24,0.0
Tra Vinh,2008-03-25,2008,3,25,0.0
Tra Vinh,2008-03-26,2008,3,26,0.062948736030056
Tra Vinh,2008-03-27,2008,3,27,0.0
Tra Vinh,2008-03-28,2008,3,28,0.0
Tra Vinh,2008-03-29,2008,3,29,0.0
Tra Vinh,2008-03-30,2008,3,30,0.0
Tra Vinh,2008-03-31,2008,3,31,0.0844268455594263
Tra Vinh,2008-04-01,2008,4,1,0.3243559940347145
Tra Vinh,2008-04-02,2008,4,2,0.0
Tra Vinh,2008-04-03,2008,4,3,0.0
Tra Vinh,2008-04-04,2008,4,4,0.0
Tra Vinh,2008-04-05,2008,4,5,0.1929012582620963
Tra Vinh,2008-04-06,2008,4,6,0.2035416080867283
Tra Vinh,2008-04-07,2008,4,7,0.0
Tra Vinh,2008-04-08,2008,4,8,0.0
Tra Vinh,2008-04-09,2008,4,9,0.0
Tra Vinh,2008-04-10,2008,4,10,0.0
Tra Vinh,2008-04-11,2008,4,11,0.0
Tra Vinh,2008-04-12,2008,4,12,0.0
Tra Vinh,2008-04-13,2008,4,13,0.0
Tra Vinh,2008-04-14,2008,4,14,0.0
Tra Vinh,2008-04-15,2008,4,15,0.0235973403599397
Tra Vinh,2008-04-16,2008,4,16,1.1567746608842835
Tra Vinh,2008-04-17,2008,4,17,2.697640413292578
Tra Vinh,2008-04-18,2008,4,18,2.823738226630411
Tra Vinh,2008-04-19,2008,4,19,0.0
Tra Vinh,2008-04-20,2008,4,20,0.0
Tra Vinh,2008-04-21,2008,4,21,0.0
Tra Vinh,2008-04-22,2008,4,22,0.0
Tra Vinh,2008-04-23,2008,4,23,0.1724794773601233
Tra Vinh,2008-04-24,2008,4,24,0.5347677557228241
Tra Vinh,2008-04-25,2008,4,25,5.6788997354518855
Tra Vinh,2008-04-26,2008,4,26,0.943305648941045
Tra Vinh,2008-04-27,2008,4,27,0.0
Tra Vinh,2008-04-28,2008,4,28,18.3491827906228
Tra Vinh,2008-04-29,2008,4,29,24.991478729639493
Tra Vinh,2008-04-30,2008,4,30,19.72593710898374
Tra Vinh,2008-05-01,2008,5,1,1.6772202712685829
Tra Vinh,2008-05-02,2008,5,2,19.47770809629788
Tra Vinh,2008-05-03,2008,5,3,6.662485925136353
Tra Vinh,2008-05-04,2008,5,4,3.6384575961083447
Tra Vinh,2008-05-05,2008,5,5,10.947581672395255
Tra Vinh,2008-05-06,2008,5,6,5.141251538989276
Tra Vinh,2008-05-07,2008,5,7,6.187988882597358
Tra Vinh,2008-05-08,2008,5,8,4.39577445813442
Tra Vinh,2008-05-09,2008,5,9,4.444800322741263
Tra Vinh,2008-05-10,2008,5,10,6.994937199995376
Tra Vinh,2008-05-11,2008,5,11,11.360368428687789
Tra Vinh,2008-05-12,2008,5,12,5.958099648822812
Tra Vinh,2008-05-13,2008,5,13,1.1510540348904057
Tra Vinh,2008-05-14,2008,5,14,5.650951838837905
Tra Vinh,2008-05-15,2008,5,15,19.059947789459528
Tra Vinh,2008-05-16,2008,5,16,10.92414450614864
Tra Vinh,2008-05-17,2008,5,17,6.307656665184324
Tra Vinh,2008-05-18,2008,5,18,11.20843792875057
Tra Vinh,2008-05-19,2008,5,19,3.023719645145918
Tra Vinh,2008-05-20,2008,5,20,11.654761280527437
Tra Vinh,2008-05-21,2008,5,21,1.760607966362196
Tra Vinh,2008-05-22,2008,5,22,7.41149563733912
Tra Vinh,2008-05-23,2008,5,23,0.9916827443299664
Tra Vinh,2008-05-24,2008,5,24,2.36316395655073
Tra Vinh,2008-05-25,2008,5,25,4.019510072164908
Tra Vinh,2008-05-26,2008,5,26,0.0061154737826471
Tra Vinh,2008-05-27,2008,5,27,5.300215637314841
Tra Vinh,2008-05-28,2008,5,28,6.749187769921634
Tra Vinh,2008-05-29,2008,5,29,3.1943878153970098
Tra Vinh,2008-05-30,2008,5,30,2.672463125401283
Tra Vinh,2008-05-31,2008,5,31,7.401119237356312
Tra Vinh,2008-06-01,2008,6,1,4.074985531429683
Tra Vinh,2008-06-02,2008,6,2,4.70955921502853
Tra Vinh,2008-06-03,2008,6,3,0.0
Tra Vinh,2008-06-04,2008,6,4,0.0483879973404383
Tra Vinh,2008-06-05,2008,6,5,0.0
Tra Vinh,2008-06-06,2008,6,6,0.0
Tra Vinh,2008-06-07,2008,6,7,5.306565792158522
Tra Vinh,2008-06-08,2008,6,8,11.411938206893016
Tra Vinh,2008-06-09,2008,6,9,18.704392516390765
Tra Vinh,2008-06-10,2008,6,10,12.519232860727955
Tra Vinh,2008-06-11,2008,6,11,20.41030612101162
Tra Vinh,2008-06-12,2008,6,12,7.730753537118994
Tra Vinh,2008-06-13,2008,6,13,1.2500577945882114
Tra Vinh,2008-06-14,2008,6,14,9.012604640246618
Tra Vinh,2008-06-15,2008,6,15,0.0
Tra Vinh,2008-06-16,2008,6,16,1.6568421102781172
Tra Vinh,2008-06-17,2008,6,17,2.0336249896261607
Tra Vinh,2008-06-18,2008,6,18,0.9220790844687804
Tra Vinh,2008-06-19,2008,6,19,0.9814632918226304
Tra Vinh,2008-06-20,2008,6,20,1.6986730430031172
Tra Vinh,2008-06-21,2008,6,21,10.316990677956046
Tra Vinh,2008-06-22,2008,6,22,0.0410118876144542
Tra Vinh,2008-06-23,2008,6,23,11.255727191429694
Tra Vinh,2008-06-24,2008,6,24,16.477769358985455
Tra Vinh,2008-06-25,2008,6,25,13.44718204108144
Tra Vinh,2008-06-26,2008,6,26,0.0
Tra Vinh,2008-06-27,2008,6,27,0.0376350521042303
Tra Vinh,2008-06-28,2008,6,28,2.245515892948883
Tra Vinh,2008-06-29,2008,6,29,6.503960058916237
Tra Vinh,2008-06-30,2008,6,30,15.894202857215683
Tra Vinh,2008-07-01,2008,7,1,16.738023896308682
Tra Vinh,2008-07-02,2008,7,2,1.3107559566051707
Tra Vinh,2008-07-03,2008,7,3,0.086808060221495
Tra Vinh,2008-07-04,2008,7,4,22.278510099968504
Tra Vinh,2008-07-05,2008,7,5,12.752311270624748
Tra Vinh,2008-07-06,2008,7,6,8.06928867278026
Tra Vinh,2008-07-07,2008,7,7,2.110392213193946
Tra Vinh,2008-07-08,2008,7,8,9.318136965003154
Tra Vinh,2008-07-09,2008,7,9,0.4029183653209561
Tra Vinh,2008-07-10,2008,7,10,5.909387515552311
Tra Vinh,2008-07-11,2008,7,11,0.0
Tra Vinh,2008-07-12,2008,7,12,0.0
Tra Vinh,2008-07-13,2008,7,13,0.0
Tra Vinh,2008-07-14,2008,7,14,0.0
Tra Vinh,2008-07-15,2008,7,15,0.0701840809620158
Tra Vinh,2008-07-16,2008,7,16,0.0
Tra Vinh,2008-07-17,2008,7,17,2.027123207765724
Tra Vinh,2008-07-18,2008,7,18,0.2153682766030827
Tra Vinh,2008-07-19,2008,7,19,0.2004015289128529
Tra Vinh,2008-07-20,2008,7,20,1.5324866684691727
Tra Vinh,2008-07-21,2008,7,21,12.809793629095
Tra Vinh,2008-07-22,2008,7,22,30.99474990830698
Tra Vinh,2008-07-23,2008,7,23,12.572652528729218
Tra Vinh,2008-07-24,2008,7,24,36.16339329505386
Tra Vinh,2008-07-25,2008,7,25,10.347766205553762
Tra Vinh,2008-07-26,2008,7,26,0.173660934715571
Tra Vinh,2008-07-27,2008,7,27,5.618772507488614
Tra Vinh,2008-07-28,2008,7,28,0.0
Tra Vinh,2008-07-29,2008,7,29,14.464562960133422
Tra Vinh,2008-07-30,2008,7,30,20.124925129797308
Tra Vinh,2008-07-31,2008,7,31,21.211148443926657
Tra Vinh,2008-08-01,2008,8,1,13.578806901336916
Tra Vinh,2008-08-02,2008,8,2,3.392194999819925
Tra Vinh,2008-08-03,2008,8,3,26.86669827545322
Tra Vinh,2008-08-04,2008,8,4,11.221828372270116
Tra Vinh,2008-08-05,2008,8,5,7.166266561716625
Tra Vinh,2008-08-06,2008,8,6,21.20549345836081
Tra Vinh,2008-08-07,2008,8,7,0.0
Tra Vinh,2008-08-08,2008,8,8,1.5613348624717271
Tra Vinh,2008-08-09,2008,8,9,0.0
Tra Vinh,2008-08-10,2008,8,10,7.489968728913143
Tra Vinh,2008-08-11,2008,8,11,8.579655670622216
Tra Vinh,2008-08-12,2008,8,12,23.583538147288746
Tra Vinh,2008-08-13,2008,8,13,0.1027270837871563
Tra Vinh,2008-08-14,2008,8,14,10.557328250034244
Tra Vinh,2008-08-15,2008,8,15,8.657695811753475
Tra Vinh,2008-08-16,2008,8,16,7.61241606957936
Tra Vinh,2008-08-17,2008,8,17,6.892595050639526
Tra Vinh,2008-08-18,2008,8,18,10.078128862181174
Tra Vinh,2008-08-19,2008,8,19,2.676747140363278
Tra Vinh,2008-08-20,2008,8,20,5.595143456682903
Tra Vinh,2008-08-21,2008,8,21,1.549472794219614
Tra Vinh,2008-08-22,2008,8,22,0.0
Tra Vinh,2008-08-23,2008,8,23,8.598604469212054
Tra Vinh,2008-08-24,2008,8,24,3.381579987469015
Tra Vinh,2008-08-25,2008,8,25,0.9778219973182644
Tra Vinh,2008-08-26,2008,8,26,0.5508209299955567
Tra Vinh,2008-08-27,2008,8,27,0.0
Tra Vinh,2008-08-28,2008,8,28,0.904825035885947
Tra Vinh,2008-08-29,2008,8,29,0.0
Tra Vinh,2008-08-30,2008,8,30,2.499429382665433
Tra Vinh,2008-08-31,2008,8,31,1.1266167516155443
Tra Vinh,2008-09-01,2008,9,1,8.603558091826168
Tra Vinh,2008-09-02,2008,9,2,3.4703860928997208
Tra Vinh,2008-09-03,2008,9,3,5.012959258299882
Tra Vinh,2008-09-04,2008,9,4,6.96709993186518
Tra Vinh,2008-09-05,2008,9,5,5.557246796530658
Tra Vinh,2008-09-06,2008,9,6,8.518919206081502
Tra Vinh,2008-09-07,2008,9,7,23.65952275242584
Tra Vinh,2008-09-08,2008,9,8,27.37662613300129
Tra Vinh,2008-09-09,2008,9,9,11.402497146442355
Tra Vinh,2008-09-10,2008,9,10,2.590013664441983
Tra Vinh,2008-09-11,2008,9,11,12.706335898890782
Tra Vinh,2008-09-12,2008,9,12,0.0642430618193815
Tra Vinh,2008-09-13,2008,9,13,9.358108619390151
Tra Vinh,2008-09-14,2008,9,14,19.13285389696
Tra Vinh,2008-09-15,2008,9,15,18.091252071543064
Tra Vinh,2008-09-16,2008,9,16,7.695634975868836
Tra Vinh,2008-09-17,2008,9,17,2.8720012120717766
Tra Vinh,2008-09-18,2008,9,18,10.85178131808047
Tra Vinh,2008-09-19,2008,9,19,0.907081392823844
Tra Vinh,2008-09-20,2008,9,20,7.441112144983829
Tra Vinh,2008-09-21,2008,9,21,0.0
Tra Vinh,2008-09-22,2008,9,22,0.0
Tra Vinh,2008-09-23,2008,9,23,5.348707771941453
Tra Vinh,2008-09-24,2008,9,24,8.111916762010363
Tra Vinh,2008-09-25,2008,9,25,6.606138834040733
Tra Vinh,2008-09-26,2008,9,26,0.0961874233915884
Tra Vinh,2008-09-27,2008,9,27,19.529554857154857
Tra Vinh,2008-09-28,2008,9,28,10.421832374737814
Tra Vinh,2008-09-29,2008,9,29,20.687315580802878
Tra Vinh,2008-09-30,2008,9,30,0.0
Tra Vinh,2008-10-01,2008,10,1,0.0
Tra Vinh,2008-10-02,2008,10,2,10.325109958730236
Tra Vinh,2008-10-03,2008,10,3,0.8373515628965077
Tra Vinh,2008-10-04,2008,10,4,0.8092870454166776
Tra Vinh,2008-10-05,2008,10,5,0.2621631584188683
Tra Vinh,2008-10-06,2008,10,6,6.363857285118478
Tra Vinh,2008-10-07,2008,10,7,0.7150796322572204
Tra Vinh,2008-10-08,2008,10,8,4.479349544665252
Tra Vinh,2008-10-09,2008,10,9,3.766310566915534
Tra Vinh,2008-10-10,2008,10,10,0.257158411798955
Tra Vinh,2008-10-11,2008,10,11,2.5265186879702943
Tra Vinh,2008-10-12,2008,10,12,15.681992830364884
Tra Vinh,2008-10-13,2008,10,13,0.4928171245668898
Tra Vinh,2008-10-14,2008,10,14,0.2511332512962037
Tra Vinh,2008-10-15,2008,10,15,3.0526518675737417
Tra Vinh,2008-10-16,2008,10,16,19.225184528730203
Tra Vinh,2008-10-17,2008,10,17,6.782333861890561
Tra Vinh,2008-10-18,2008,10,18,0.0
Tra Vinh,2008-10-19,2008,10,19,0.0
Tra Vinh,2008-10-20,2008,10,20,2.233599091077718
Tra Vinh,2008-10-21,2008,10,21,8.74886110973945
Tra Vinh,2008-10-22,2008,10,22,3.894458078249348
Tra Vinh,2008-10-23,2008,10,23,32.882071064051466
Tra Vinh,2008-10-24,2008,10,24,53.000238644316255
Tra Vinh,2008-10-25,2008,10,25,16.2443864787157
Tra Vinh,2008-10-26,2008,10,26,1.292480895840165
Tra Vinh,2008-10-27,2008,10,27,9.545192093365571
Tra Vinh,2008-10-28,2008,10,28,32.001954322760795
Tra Vinh,2008-10-29,2008,10,29,15.510629664450928
Tra Vinh,2008-10-30,2008,10,30,10.171983472542902
Tra Vinh,2008-10-31,2008,10,31,17.12480813753142
Tra Vinh,2008-11-01,2008,11,1,11.35794047033438
Tra Vinh,2008-11-02,2008,11,2,8.62897773398198
Tra Vinh,2008-11-03,2008,11,3,5.768036329819642
Tra Vinh,2008-11-04,2008,11,4,6.273474144582892
Tra Vinh,2008-11-05,2008,11,5,8.486161285533807
Tra Vinh,2008-11-06,2008,11,6,17.29109295088959
Tra Vinh,2008-11-07,2008,11,7,7.223837543567549
Tra Vinh,2008-11-08,2008,11,8,0.1904613079118671
Tra Vinh,2008-11-09,2008,11,9,0.8519014559771557
Tra Vinh,2008-11-10,2008,11,10,6.442022645149306
Tra Vinh,2008-11-11,2008,11,11,2.750490106251049
Tra Vinh,2008-11-12,2008,11,12,1.2614347085965802
Tra Vinh,2008-11-13,2008,11,13,0.0
Tra Vinh,2008-11-14,2008,11,14,0.0
Tra Vinh,2008-11-15,2008,11,15,9.84605540045922
Tra Vinh,2008-11-16,2008,11,16,7.7183859027795965
Tra Vinh,2008-11-17,2008,11,17,14.76057422332362
Tra Vinh,2008-11-18,2008,11,18,0.0
Tra Vinh,2008-11-19,2008,11,19,0.0
Tra Vinh,2008-11-20,2008,11,20,0.0617085296475257
Tra Vinh,2008-11-21,2008,11,21,15.609754780693825
Tra Vinh,2008-11-22,2008,11,22,0.0204675803943762
Tra Vinh,2008-11-23,2008,11,23,0.0
Tra Vinh,2008-11-24,2008,11,24,0.0
Tra Vinh,2008-11-25,2008,11,25,0.0
Tra Vinh,2008-11-26,2008,11,26,0.0
Tra Vinh,2008-11-27,2008,11,27,3.0619832198599863
Tra Vinh,2008-11-28,2008,11,28,11.734324724404688
Tra Vinh,2008-11-29,2008,11,29,0.0346537999399751
Tra Vinh,2008-11-30,2008,11,30,0.0
Tra Vinh,2008-12-01,2008,12,1,0.0
Tra Vinh,2008-12-02,2008,12,2,0.5171307794034877
Tra Vinh,2008-12-03,2008,12,3,4.270422387050729
Tra Vinh,2008-12-04,2008,12,4,0.1476424797306677
Tra Vinh,2008-12-05,2008,12,5,3.0259823515126896
Tra Vinh,2008-12-06,2008,12,6,0.0
Tra Vinh,2008-12-07,2008,12,7,0.0
Tra Vinh,2008-12-08,2008,12,8,1.8198157075696335
Tra Vinh,2008-12-09,2008,12,9,3.387758397120214
Tra Vinh,2008-12-10,2008,12,10,0.0
Tra Vinh,2008-12-11,2008,12,11,6.52439136132636
Tra Vinh,2008-12-12,2008,12,12,0.0
Tra Vinh,2008-12-13,2008,12,13,1.0624673152165631
Tra Vinh,2008-12-14,2008,12,14,0.3975173896126039
Tra Vinh,2008-12-15,2008,12,15,0.0
Tra Vinh,2008-12-16,2008,12,16,0.4234333679943954
Tra Vinh,2008-12-17,2008,12,17,0.0
Tra Vinh,2008-12-18,2008,12,18,0.0
Tra Vinh,2008-12-19,2008,12,19,0.0
Tra Vinh,2008-12-20,2008,12,20,0.1452815614950356
Tra Vinh,2008-12-21,2008,12,21,0.0
Tra Vinh,2008-12-22,2008,12,22,0.1648281210097202
Tra Vinh,2008-12-23,2008,12,23,0.0
Tra Vinh,2008-12-24,2008,12,24,0.0
Tra Vinh,2008-12-25,2008,12,25,0.0
Tra Vinh,2008-12-26,2008,12,26,14.249582203265962
Tra Vinh,2008-12-27,2008,12,27,0.0
Tra Vinh,2008-12-28,2008,12,28,0.197175192041888
Tra Vinh,2008-12-29,2008,12,29,0.0
Tra Vinh,2008-12-30,2008,12,30,1.1385719871671864
Tra Vinh,2008-12-31,2008,12,31,0.3895429398476495
Tra Vinh,2009-01-01,2009,1,1,0.0
Tra Vinh,2009-01-02,2009,1,2,0.3375571676711046
Tra Vinh,2009-01-03,2009,1,3,4.881327809330456
Tra Vinh,2009-01-04,2009,1,4,0.2883160157052393
Tra Vinh,2009-01-05,2009,1,5,0.0
Tra Vinh,2009-01-06,2009,1,6,0.0
Tra Vinh,2009-01-07,2009,1,7,0.0
Tra Vinh,2009-01-08,2009,1,8,1.5213844573928972
Tra Vinh,2009-01-09,2009,1,9,1.6512879674095595
Tra Vinh,2009-01-10,2009,1,10,1.1994823151844185
Tra Vinh,2009-01-11,2009,1,11,0.0
Tra Vinh,2009-01-12,2009,1,12,0.0
Tra Vinh,2009-01-13,2009,1,13,0.0
Tra Vinh,2009-01-14,2009,1,14,0.0
Tra Vinh,2009-01-15,2009,1,15,0.0
Tra Vinh,2009-01-16,2009,1,16,0.0
Tra Vinh,2009-01-17,2009,1,17,0.0
Tra Vinh,2009-01-18,2009,1,18,0.0
Tra Vinh,2009-01-19,2009,1,19,0.0
Tra Vinh,2009-01-20,2009,1,20,0.0
Tra Vinh,2009-01-21,2009,1,21,0.0
Tra Vinh,2009-01-22,2009,1,22,0.0
Tra Vinh,2009-01-23,2009,1,23,0.0
Tra Vinh,2009-01-24,2009,1,24,0.0
Tra Vinh,2009-01-25,2009,1,25,0.0
Tra Vinh,2009-01-26,2009,1,26,0.0
Tra Vinh,2009-01-27,2009,1,27,0.0
Tra Vinh,2009-01-28,2009,1,28,0.0
Tra Vinh,2009-01-29,2009,1,29,0.0
Tra Vinh,2009-01-30,2009,1,30,0.0
Tra Vinh,2009-01-31,2009,1,31,0.0
Tra Vinh,2009-02-01,2009,2,1,2.865064028065001
Tra Vinh,2009-02-02,2009,2,2,0.114984655061175
Tra Vinh,2009-02-03,2009,2,3,0.0
Tra Vinh,2009-02-04,2009,2,4,0.0
Tra Vinh,2009-02-05,2009,2,5,0.0
Tra Vinh,2009-02-06,2009,2,6,0.0
Tra Vinh,2009-02-07,2009,2,7,0.0
Tra Vinh,2009-02-08,2009,2,8,0.0
Tra Vinh,2009-02-09,2009,2,9,0.0
Tra Vinh,2009-02-10,2009,2,10,0.0
Tra Vinh,2009-02-11,2009,2,11,0.0088815936190828
Tra Vinh,2009-02-12,2009,2,12,0.0932339219144211
Tra Vinh,2009-02-13,2009,2,13,0.0
Tra Vinh,2009-02-14,2009,2,14,0.0
Tra Vinh,2009-02-15,2009,2,15,0.0
Tra Vinh,2009-02-16,2009,2,16,0.0
Tra Vinh,2009-02-17,2009,2,17,0.0
Tra Vinh,2009-02-18,2009,2,18,0.0
Tra Vinh,2009-02-19,2009,2,19,0.0
Tra Vinh,2009-02-20,2009,2,20,0.0493893175578145
Tra Vinh,2009-02-21,2009,2,21,0.0
Tra Vinh,2009-02-22,2009,2,22,0.0
Tra Vinh,2009-02-23,2009,2,23,0.2103798962136873
Tra Vinh,2009-02-24,2009,2,24,0.0
Tra Vinh,2009-02-25,2009,2,25,0.0
Tra Vinh,2009-02-26,2009,2,26,0.0107052529369926
Tra Vinh,2009-02-27,2009,2,27,1.2446971748738445
Tra Vinh,2009-02-28,2009,2,28,0.8334853418154837
Tra Vinh,2009-03-01,2009,3,1,0.3701784204438707
Tra Vinh,2009-03-02,2009,3,2,0.0
Tra Vinh,2009-03-03,2009,3,3,0.0
Tra Vinh,2009-03-04,2009,3,4,0.0
Tra Vinh,2009-03-05,2009,3,5,0.1056512606252008
Tra Vinh,2009-03-06,2009,3,6,0.0
Tra Vinh,2009-03-07,2009,3,7,0.1812547241212242
Tra Vinh,2009-03-08,2009,3,8,0.0
Tra Vinh,2009-03-09,2009,3,9,0.0
Tra Vinh,2009-03-10,2009,3,10,0.0
Tra Vinh,2009-03-11,2009,3,11,0.2485811614074806
Tra Vinh,2009-03-12,2009,3,12,0.0
Tra Vinh,2009-03-13,2009,3,13,0.0172977107741882
Tra Vinh,2009-03-14,2009,3,14,3.8546460076939737
Tra Vinh,2009-03-15,2009,3,15,0.0
Tra Vinh,2009-03-16,2009,3,16,0.0
Tra Vinh,2009-03-17,2009,3,17,0.0
Tra Vinh,2009-03-18,2009,3,18,0.0
Tra Vinh,2009-03-19,2009,3,19,0.0
Tra Vinh,2009-03-20,2009,3,20,0.0
Tra Vinh,2009-03-21,2009,3,21,0.0
Tra Vinh,2009-03-22,2009,3,22,0.0
Tra Vinh,2009-03-23,2009,3,23,0.0
Tra Vinh,2009-03-24,2009,3,24,0.0
Tra Vinh,2009-03-25,2009,3,25,0.0
Tra Vinh,2009-03-26,2009,3,26,0.0
Tra Vinh,2009-03-27,2009,3,27,0.0
Tra Vinh,2009-03-28,2009,3,28,0.0
Tra Vinh,2009-03-29,2009,3,29,0.0
Tra Vinh,2009-03-30,2009,3,30,0.0
Tra Vinh,2009-03-31,2009,3,31,0.534565294066188
Tra Vinh,2009-04-01,2009,4,1,0.0
Tra Vinh,2009-04-02,2009,4,2,0.0
Tra Vinh,2009-04-03,2009,4,3,0.0
Tra Vinh,2009-04-04,2009,4,4,0.0
Tra Vinh,2009-04-05,2009,4,5,2.9109224179310123
Tra Vinh,2009-04-06,2009,4,6,9.663737981211776
Tra Vinh,2009-04-07,2009,4,7,0.0
Tra Vinh,2009-04-08,2009,4,8,5.71848101519164
Tra Vinh,2009-04-09,2009,4,9,0.0
Tra Vinh,2009-04-10,2009,4,10,0.0
Tra Vinh,2009-04-11,2009,4,11,1.4936484155317276
Tra Vinh,2009-04-12,2009,4,12,0.0
Tra Vinh,2009-04-13,2009,4,13,2.206112156785694
Tra Vinh,2009-04-14,2009,4,14,0.6168152829286518
Tra Vinh,2009-04-15,2009,4,15,4.8666202796000935
Tra Vinh,2009-04-16,2009,4,16,4.146380497463467
Tra Vinh,2009-04-17,2009,4,17,0.0
Tra Vinh,2009-04-18,2009,4,18,0.0
Tra Vinh,2009-04-19,2009,4,19,3.210270813949009
Tra Vinh,2009-04-20,2009,4,20,4.103099012580797
Tra Vinh,2009-04-21,2009,4,21,18.763702765517458
Tra Vinh,2009-04-22,2009,4,22,3.507367736420223
Tra Vinh,2009-04-23,2009,4,23,0.0
Tra Vinh,2009-04-24,2009,4,24,10.981056097023949
Tra Vinh,2009-04-25,2009,4,25,3.389409976268967
Tra Vinh,2009-04-26,2009,4,26,6.548418821912554
Tra Vinh,2009-04-27,2009,4,27,0.1123100607868583
Tra Vinh,2009-04-28,2009,4,28,8.040556548313338
Tra Vinh,2009-04-29,2009,4,29,7.352867061732588
Tra Vinh,2009-04-30,2009,4,30,7.03292205106586
Tra Vinh,2009-05-01,2009,5,1,12.785955843893667
Tra Vinh,2009-05-02,2009,5,2,6.085122818679344
Tra Vinh,2009-05-03,2009,5,3,5.0261368518999445
Tra Vinh,2009-05-04,2009,5,4,3.7826474874227967
Tra Vinh,2009-05-05,2009,5,5,5.823299920169515
Tra Vinh,2009-05-06,2009,5,6,12.698122953642772
Tra Vinh,2009-05-07,2009,5,7,21.540501314981658
Tra Vinh,2009-05-08,2009,5,8,6.182620355608688
Tra Vinh,2009-05-09,2009,5,9,19.372190307588145
Tra Vinh,2009-05-10,2009,5,10,3.5775968694515616
Tra Vinh,2009-05-11,2009,5,11,6.1725753127600935
Tra Vinh,2009-05-12,2009,5,12,6.375398206755667
Tra Vinh,2009-05-13,2009,5,13,0.3399775455563581
Tra Vinh,2009-05-14,2009,5,14,0.0126018182465168
Tra Vinh,2009-05-15,2009,5,15,10.75086580039253
Tra Vinh,2009-05-16,2009,5,16,3.7157368880674446
Tra Vinh,2009-05-17,2009,5,17,1.2489039271901723
Tra Vinh,2009-05-18,2009,5,18,0.0
Tra Vinh,2009-05-19,2009,5,19,0.737382521430753
Tra Vinh,2009-05-20,2009,5,20,11.74719725159553
Tra Vinh,2009-05-21,2009,5,21,10.058290174746684
Tra Vinh,2009-05-22,2009,5,22,25.240793527773093
Tra Vinh,2009-05-23,2009,5,23,4.563714251572072
Tra Vinh,2009-05-24,2009,5,24,11.496934913296316
Tra Vinh,2009-05-25,2009,5,25,10.128625971630363
Tra Vinh,2009-05-26,2009,5,26,10.9436308385695
Tra Vinh,2009-05-27,2009,5,27,11.879722002022728
Tra Vinh,2009-05-28,2009,5,28,10.569850233878682
Tra Vinh,2009-05-29,2009,5,29,0.0075608479460834
Tra Vinh,2009-05-30,2009,5,30,4.119874868287741
Tra Vinh,2009-05-31,2009,5,31,6.429126735872868
Tra Vinh,2009-06-01,2009,6,1,24.515490611761223
Tra Vinh,2009-06-02,2009,6,2,14.626690580026496
Tra Vinh,2009-06-03,2009,6,3,10.168948198314888
Tra Vinh,2009-06-04,2009,6,4,11.037898290028869
Tra Vinh,2009-06-05,2009,6,5,1.113284087331963
Tra Vinh,2009-06-06,2009,6,6,0.636873396340651
Tra Vinh,2009-06-07,2009,6,7,0.0
Tra Vinh,2009-06-08,2009,6,8,0.0
Tra Vinh,2009-06-09,2009,6,9,6.040234577789334
Tra Vinh,2009-06-10,2009,6,10,4.9373209865883885
Tra Vinh,2009-06-11,2009,6,11,4.407935103861227
Tra Vinh,2009-06-12,2009,6,12,0.0
Tra Vinh,2009-06-13,2009,6,13,0.0
Tra Vinh,2009-06-14,2009,6,14,3.598961225448152
Tra Vinh,2009-06-15,2009,6,15,11.124421070911382
Tra Vinh,2009-06-16,2009,6,16,9.837557515375057
Tra Vinh,2009-06-17,2009,6,17,4.452886022868187
Tra Vinh,2009-06-18,2009,6,18,9.200829337463633
Tra Vinh,2009-06-19,2009,6,19,3.3995007447285466
Tra Vinh,2009-06-20,2009,6,20,0.0097123143590167
Tra Vinh,2009-06-21,2009,6,21,4.064313139133785
Tra Vinh,2009-06-22,2009,6,22,4.051323751690081
Tra Vinh,2009-06-23,2009,6,23,0.0
Tra Vinh,2009-06-24,2009,6,24,0.0026983056228263
Tra Vinh,2009-06-25,2009,6,25,0.0
Tra Vinh,2009-06-26,2009,6,26,4.42622243369749
Tra Vinh,2009-06-27,2009,6,27,0.865285653639435
Tra Vinh,2009-06-28,2009,6,28,3.0555013241840454
Tra Vinh,2009-06-29,2009,6,29,3.076304615318663
Tra Vinh,2009-06-30,2009,6,30,1.573301062795755
Tra Vinh,2009-07-01,2009,7,1,16.819481480523258
Tra Vinh,2009-07-02,2009,7,2,3.762146916392727
Tra Vinh,2009-07-03,2009,7,3,2.972960882988549
Tra Vinh,2009-07-04,2009,7,4,7.515965464646457
Tra Vinh,2009-07-05,2009,7,5,8.09353488365646
Tra Vinh,2009-07-06,2009,7,6,6.705609668773198
Tra Vinh,2009-07-07,2009,7,7,3.461627872719689
Tra Vinh,2009-07-08,2009,7,8,4.473067195268293
Tra Vinh,2009-07-09,2009,7,9,0.0742673668796962
Tra Vinh,2009-07-10,2009,7,10,4.828934449160305
Tra Vinh,2009-07-11,2009,7,11,6.941215420882477
Tra Vinh,2009-07-12,2009,7,12,23.723659492750045
Tra Vinh,2009-07-13,2009,7,13,15.492062494778024
Tra Vinh,2009-07-14,2009,7,14,16.499123735796466
Tra Vinh,2009-07-15,2009,7,15,11.928918234972087
Tra Vinh,2009-07-16,2009,7,16,6.756436102794381
Tra Vinh,2009-07-17,2009,7,17,13.732960612443192
Tra Vinh,2009-07-18,2009,7,18,4.0312768192154245
Tra Vinh,2009-07-19,2009,7,19,11.89587715700872
Tra Vinh,2009-07-20,2009,7,20,14.28924492990866
Tra Vinh,2009-07-21,2009,7,21,19.16886531872404
Tra Vinh,2009-07-22,2009,7,22,10.385540502813912
Tra Vinh,2009-07-23,2009,7,23,7.401891238896971
Tra Vinh,2009-07-24,2009,7,24,0.0
Tra Vinh,2009-07-25,2009,7,25,0.002714241164677
Tra Vinh,2009-07-26,2009,7,26,1.3683573009112724
Tra Vinh,2009-07-27,2009,7,27,3.24210130762642
Tra Vinh,2009-07-28,2009,7,28,0.5157467190253339
Tra Vinh,2009-07-29,2009,7,29,0.4805596932419674
Tra Vinh,2009-07-30,2009,7,30,1.480199664122674
Tra Vinh,2009-07-31,2009,7,31,10.100876088965665
Tra Vinh,2009-08-01,2009,8,1,3.5920636364898653
Tra Vinh,2009-08-02,2009,8,2,8.142659591562177
Tra Vinh,2009-08-03,2009,8,3,14.283067397629267
Tra Vinh,2009-08-04,2009,8,4,14.364315252335055
Tra Vinh,2009-08-05,2009,8,5,2.717663032449533
Tra Vinh,2009-08-06,2009,8,6,0.0
Tra Vinh,2009-08-07,2009,8,7,9.872223529078436
Tra Vinh,2009-08-08,2009,8,8,0.0
Tra Vinh,2009-08-09,2009,8,9,0.0
Tra Vinh,2009-08-10,2009,8,10,0.0
Tra Vinh,2009-08-11,2009,8,11,0.2070425391115651
Tra Vinh,2009-08-12,2009,8,12,3.459054920435644
Tra Vinh,2009-08-13,2009,8,13,0.314850779411139
Tra Vinh,2009-08-14,2009,8,14,0.0
Tra Vinh,2009-08-15,2009,8,15,0.0
Tra Vinh,2009-08-16,2009,8,16,2.7911528237603638
Tra Vinh,2009-08-17,2009,8,17,0.2264718723965848
Tra Vinh,2009-08-18,2009,8,18,0.1465586260157363
Tra Vinh,2009-08-19,2009,8,19,3.396991254917592
Tra Vinh,2009-08-20,2009,8,20,25.67417525242021
Tra Vinh,2009-08-21,2009,8,21,16.80908718740346
Tra Vinh,2009-08-22,2009,8,22,12.464090587156171
Tra Vinh,2009-08-23,2009,8,23,5.904996772005717
Tra Vinh,2009-08-24,2009,8,24,14.289032754254618
Tra Vinh,2009-08-25,2009,8,25,0.9563830952899603
Tra Vinh,2009-08-26,2009,8,26,1.3516401881251714
Tra Vinh,2009-08-27,2009,8,27,1.323370885294442
Tra Vinh,2009-08-28,2009,8,28,2.688567475455427
Tra Vinh,2009-08-29,2009,8,29,13.451554708813566
Tra Vinh,2009-08-30,2009,8,30,15.06871661692169
Tra Vinh,2009-08-31,2009,8,31,12.862164105414037
Tra Vinh,2009-09-01,2009,9,1,33.38751619005276
Tra Vinh,2009-09-02,2009,9,2,9.561148141456783
Tra Vinh,2009-09-03,2009,9,3,0.4453279339229424
Tra Vinh,2009-09-04,2009,9,4,6.554877679246458
Tra Vinh,2009-09-05,2009,9,5,16.669382021898933
Tra Vinh,2009-09-06,2009,9,6,24.938791977313308
Tra Vinh,2009-09-07,2009,9,7,1.3613860208763509
Tra Vinh,2009-09-08,2009,9,8,3.59601695993853
Tra Vinh,2009-09-09,2009,9,9,1.803629414085569
Tra Vinh,2009-09-10,2009,9,10,0.9710428065390834
Tra Vinh,2009-09-11,2009,9,11,3.354337546302249
Tra Vinh,2009-09-12,2009,9,12,8.480076892877083
Tra Vinh,2009-09-13,2009,9,13,12.999629029743236
Tra Vinh,2009-09-14,2009,9,14,14.446179778816068
Tra Vinh,2009-09-15,2009,9,15,14.090702740600092
Tra Vinh,2009-09-16,2009,9,16,7.132580685813304
Tra Vinh,2009-09-17,2009,9,17,0.0
Tra Vinh,2009-09-18,2009,9,18,4.174414965012387
Tra Vinh,2009-09-19,2009,9,19,6.66676761181676
Tra Vinh,2009-09-20,2009,9,20,4.197927618701578
Tra Vinh,2009-09-21,2009,9,21,7.403992568068326
Tra Vinh,2009-09-22,2009,9,22,7.806417595357469
Tra Vinh,2009-09-23,2009,9,23,4.883625818976832
Tra Vinh,2009-09-24,2009,9,24,8.540050607492558
Tra Vinh,2009-09-25,2009,9,25,6.336885478795439
Tra Vinh,2009-09-26,2009,9,26,3.963741031950183
Tra Vinh,2009-09-27,2009,9,27,5.0026234060510575
Tra Vinh,2009-09-28,2009,9,28,15.95212161665352
Tra Vinh,2009-09-29,2009,9,29,19.22767367941181
Tra Vinh,2009-09-30,2009,9,30,5.343826731433413
Tra Vinh,2009-10-01,2009,10,1,10.085811753099298
Tra Vinh,2009-10-02,2009,10,2,0.0
Tra Vinh,2009-10-03,2009,10,3,26.91256252329267
Tra Vinh,2009-10-04,2009,10,4,4.099220974294062
Tra Vinh,2009-10-05,2009,10,5,3.469978067249808
Tra Vinh,2009-10-06,2009,10,6,6.187460501825622
Tra Vinh,2009-10-07,2009,10,7,3.1361361008659263
Tra Vinh,2009-10-08,2009,10,8,9.462342646155818
Tra Vinh,2009-10-09,2009,10,9,8.471201914547855
Tra Vinh,2009-10-10,2009,10,10,3.699920318932824
Tra Vinh,2009-10-11,2009,10,11,7.324284876230863
Tra Vinh,2009-10-12,2009,10,12,0.8070525967281699
Tra Vinh,2009-10-13,2009,10,13,0.0
Tra Vinh,2009-10-14,2009,10,14,13.245689245947853
Tra Vinh,2009-10-15,2009,10,15,5.881720294764004
Tra Vinh,2009-10-16,2009,10,16,8.371332363326342
Tra Vinh,2009-10-17,2009,10,17,9.215833837973353
Tra Vinh,2009-10-18,2009,10,18,3.05440055104796
Tra Vinh,2009-10-19,2009,10,19,0.8004735473059823
Tra Vinh,2009-10-20,2009,10,20,3.09883802822355
Tra Vinh,2009-10-21,2009,10,21,1.4535130668913825
Tra Vinh,2009-10-22,2009,10,22,0.0113909980140426
Tra Vinh,2009-10-23,2009,10,23,22.257007755376087
Tra Vinh,2009-10-24,2009,10,24,21.71301469242998
Tra Vinh,2009-10-25,2009,10,25,28.70099663526476
Tra Vinh,2009-10-26,2009,10,26,0.1111125574165762
Tra Vinh,2009-10-27,2009,10,27,0.0
Tra Vinh,2009-10-28,2009,10,28,0.0
Tra Vinh,2009-10-29,2009,10,29,0.1221471936840959
Tra Vinh,2009-10-30,2009,10,30,0.0
Tra Vinh,2009-10-31,2009,10,31,0.0
Tra Vinh,2009-11-01,2009,11,1,0.0
Tra Vinh,2009-11-02,2009,11,2,0.0524233393084397
Tra Vinh,2009-11-03,2009,11,3,0.0
Tra Vinh,2009-11-04,2009,11,4,0.0
Tra Vinh,2009-11-05,2009,11,5,0.0
Tra Vinh,2009-11-06,2009,11,6,3.5041057281826857
Tra Vinh,2009-11-07,2009,11,7,8.459989516902665
Tra Vinh,2009-11-08,2009,11,8,0.0
Tra Vinh,2009-11-09,2009,11,9,0.0
Tra Vinh,2009-11-10,2009,11,10,0.0
Tra Vinh,2009-11-11,2009,11,11,0.0
Tra Vinh,2009-11-12,2009,11,12,0.0
Tra Vinh,2009-11-13,2009,11,13,0.0
Tra Vinh,2009-11-14,2009,11,14,0.075241038814373
Tra Vinh,2009-11-15,2009,11,15,14.66618563913985
Tra Vinh,2009-11-16,2009,11,16,0.0
Tra Vinh,2009-11-17,2009,11,17,0.3342945350221594
Tra Vinh,2009-11-18,2009,11,18,1.7855022044513738
Tra Vinh,2009-11-19,2009,11,19,0.3561976453840824
Tra Vinh,2009-11-20,2009,11,20,0.0
Tra Vinh,2009-11-21,2009,11,21,11.255097127519385
Tra Vinh,2009-11-22,2009,11,22,28.61652925753767
Tra Vinh,2009-11-23,2009,11,23,19.18234045558124
Tra Vinh,2009-11-24,2009,11,24,6.986774708402241
Tra Vinh,2009-11-25,2009,11,25,14.257932536088637
Tra Vinh,2009-11-26,2009,11,26,0.0169478703181275
Tra Vinh,2009-11-27,2009,11,27,0.0
Tra Vinh,2009-11-28,2009,11,28,0.2452360687856084
Tra Vinh,2009-11-29,2009,11,29,0.0
Tra Vinh,2009-11-30,2009,11,30,0.0
Tra Vinh,2009-12-01,2009,12,1,0.0
Tra Vinh,2009-12-02,2009,12,2,0.0
Tra Vinh,2009-12-03,2009,12,3,0.0
Tra Vinh,2009-12-04,2009,12,4,0.0
Tra Vinh,2009-12-05,2009,12,5,0.0
Tra Vinh,2009-12-06,2009,12,6,0.0
Tra Vinh,2009-12-07,2009,12,7,0.0
Tra Vinh,2009-12-08,2009,12,8,0.0
Tra Vinh,2009-12-09,2009,12,9,0.0
Tra Vinh,2009-12-10,2009,12,10,0.0
Tra Vinh,2009-12-11,2009,12,11,0.0
Tra Vinh,2009-12-12,2009,12,12,0.0
Tra Vinh,2009-12-13,2009,12,13,0.0
Tra Vinh,2009-12-14,2009,12,14,0.0442956587545317
Tra Vinh,2009-12-15,2009,12,15,0.0061193196533357
Tra Vinh,2009-12-16,2009,12,16,0.0
Tra Vinh,2009-12-17,2009,12,17,0.0
Tra Vinh,2009-12-18,2009,12,18,16.90009644591382
Tra Vinh,2009-12-19,2009,12,19,0.6135394907168938
Tra Vinh,2009-12-20,2009,12,20,2.8464282219769164
Tra Vinh,2009-12-21,2009,12,21,0.0
Tra Vinh,2009-12-22,2009,12,22,0.0
Tra Vinh,2009-12-23,2009,12,23,0.0
Tra Vinh,2009-12-24,2009,12,24,0.0
Tra Vinh,2009-12-25,2009,12,25,0.0
Tra Vinh,2009-12-26,2009,12,26,0.0
Tra Vinh,2009-12-27,2009,12,27,0.0730898184961429
Tra Vinh,2009-12-28,2009,12,28,0.0
Tra Vinh,2009-12-29,2009,12,29,0.4561167447734575
Tra Vinh,2009-12-30,2009,12,30,0.904486903986075
Tra Vinh,2009-12-31,2009,12,31,0.0
Tra Vinh,2010-01-01,2010,1,1,0.0046396608921081
Tra Vinh,2010-01-02,2010,1,2,0.0
Tra Vinh,2010-01-03,2010,1,3,0.0
Tra Vinh,2010-01-04,2010,1,4,0.0
Tra Vinh,2010-01-05,2010,1,5,0.0
Tra Vinh,2010-01-06,2010,1,6,0.0
Tra Vinh,2010-01-07,2010,1,7,0.0
Tra Vinh,2010-01-08,2010,1,8,0.0
Tra Vinh,2010-01-09,2010,1,9,0.0
Tra Vinh,2010-01-10,2010,1,10,0.0
Tra Vinh,2010-01-11,2010,1,11,0.0
Tra Vinh,2010-01-12,2010,1,12,0.0
Tra Vinh,2010-01-13,2010,1,13,0.0
Tra Vinh,2010-01-14,2010,1,14,0.0
Tra Vinh,2010-01-15,2010,1,15,0.5226822806022419
Tra Vinh,2010-01-16,2010,1,16,0.3142433412537443
Tra Vinh,2010-01-17,2010,1,17,0.0
Tra Vinh,2010-01-18,2010,1,18,1.4521084651134346
Tra Vinh,2010-01-19,2010,1,19,7.624912037877151
Tra Vinh,2010-01-20,2010,1,20,0.3241578969452672
Tra Vinh,2010-01-21,2010,1,21,0.0
Tra Vinh,2010-01-22,2010,1,22,0.0
Tra Vinh,2010-01-23,2010,1,23,0.0
Tra Vinh,2010-01-24,2010,1,24,0.0
Tra Vinh,2010-01-25,2010,1,25,0.0
Tra Vinh,2010-01-26,2010,1,26,0.0
Tra Vinh,2010-01-27,2010,1,27,0.0
Tra Vinh,2010-01-28,2010,1,28,0.0
Tra Vinh,2010-01-29,2010,1,29,0.0
Tra Vinh,2010-01-30,2010,1,30,0.0
Tra Vinh,2010-01-31,2010,1,31,0.0
Tra Vinh,2010-02-01,2010,2,1,0.0
Tra Vinh,2010-02-02,2010,2,2,0.0
Tra Vinh,2010-02-03,2010,2,3,0.0
Tra Vinh,2010-02-04,2010,2,4,0.0
Tra Vinh,2010-02-05,2010,2,5,0.0
Tra Vinh,2010-02-06,2010,2,6,0.0
Tra Vinh,2010-02-07,2010,2,7,0.0
Tra Vinh,2010-02-08,2010,2,8,0.0
Tra Vinh,2010-02-09,2010,2,9,0.0
Tra Vinh,2010-02-10,2010,2,10,0.0
Tra Vinh,2010-02-11,2010,2,11,0.0
Tra Vinh,2010-02-12,2010,2,12,0.0
Tra Vinh,2010-02-13,2010,2,13,0.0
Tra Vinh,2010-02-14,2010,2,14,0.0
Tra Vinh,2010-02-15,2010,2,15,0.0
Tra Vinh,2010-02-16,2010,2,16,0.0
Tra Vinh,2010-02-17,2010,2,17,0.0
Tra Vinh,2010-02-18,2010,2,18,0.0
Tra Vinh,2010-02-19,2010,2,19,0.0
Tra Vinh,2010-02-20,2010,2,20,0.0001791731932437662
Tra Vinh,2010-02-21,2010,2,21,0.0006787970634083349
Tra Vinh,2010-02-22,2010,2,22,0.0
Tra Vinh,2010-02-23,2010,2,23,0.0
Tra Vinh,2010-02-24,2010,2,24,0.0
Tra Vinh,2010-02-25,2010,2,25,0.0
Tra Vinh,2010-02-26,2010,2,26,0.0
Tra Vinh,2010-02-27,2010,2,27,0.0
Tra Vinh,2010-02-28,2010,2,28,0.0
Tra Vinh,2010-03-01,2010,3,1,0.0
Tra Vinh,2010-03-02,2010,3,2,0.0
Tra Vinh,2010-03-03,2010,3,3,0.0
Tra Vinh,2010-03-04,2010,3,4,0.0
Tra Vinh,2010-03-05,2010,3,5,0.0
Tra Vinh,2010-03-06,2010,3,6,0.0
Tra Vinh,2010-03-07,2010,3,7,0.0
Tra Vinh,2010-03-08,2010,3,8,0.0
Tra Vinh,2010-03-09,2010,3,9,0.0
Tra Vinh,2010-03-10,2010,3,10,0.0
Tra Vinh,2010-03-11,2010,3,11,0.0
Tra Vinh,2010-03-12,2010,3,12,0.0
Tra Vinh,2010-03-13,2010,3,13,0.0
Tra Vinh,2010-03-14,2010,3,14,0.0
Tra Vinh,2010-03-15,2010,3,15,0.0
Tra Vinh,2010-03-16,2010,3,16,0.0
Tra Vinh,2010-03-17,2010,3,17,0.0
Tra Vinh,2010-03-18,2010,3,18,0.0
Tra Vinh,2010-03-19,2010,3,19,0.0
Tra Vinh,2010-03-20,2010,3,20,0.0
Tra Vinh,2010-03-21,2010,3,21,0.0
Tra Vinh,2010-03-22,2010,3,22,0.0
Tra Vinh,2010-03-23,2010,3,23,0.0
Tra Vinh,2010-03-24,2010,3,24,0.0
Tra Vinh,2010-03-25,2010,3,25,0.3008724846288609
Tra Vinh,2010-03-26,2010,3,26,1.4349866679168586
Tra Vinh,2010-03-27,2010,3,27,0.0
Tra Vinh,2010-03-28,2010,3,28,0.0
Tra Vinh,2010-03-29,2010,3,29,0.2516460948690137
Tra Vinh,2010-03-30,2010,3,30,0.0
Tra Vinh,2010-03-31,2010,3,31,3.591827892820836
Tra Vinh,2010-04-01,2010,4,1,0.0
Tra Vinh,2010-04-02,2010,4,2,0.0
Tra Vinh,2010-04-03,2010,4,3,0.0
Tra Vinh,2010-04-04,2010,4,4,0.0
Tra Vinh,2010-04-05,2010,4,5,0.0
Tra Vinh,2010-04-06,2010,4,6,0.0
Tra Vinh,2010-04-07,2010,4,7,0.0
Tra Vinh,2010-04-08,2010,4,8,0.0
Tra Vinh,2010-04-09,2010,4,9,0.0
Tra Vinh,2010-04-10,2010,4,10,0.0
Tra Vinh,2010-04-11,2010,4,11,0.0
Tra Vinh,2010-04-12,2010,4,12,0.0
Tra Vinh,2010-04-13,2010,4,13,0.0
Tra Vinh,2010-04-14,2010,4,14,0.0
Tra Vinh,2010-04-15,2010,4,15,0.0
Tra Vinh,2010-04-16,2010,4,16,0.0
Tra Vinh,2010-04-17,2010,4,17,0.0
Tra Vinh,2010-04-18,2010,4,18,0.0
Tra Vinh,2010-04-19,2010,4,19,2.8579877929971294
Tra Vinh,2010-04-20,2010,4,20,1.1181566958266769
Tra Vinh,2010-04-21,2010,4,21,0.0
Tra Vinh,2010-04-22,2010,4,22,0.6213527988608684
Tra Vinh,2010-04-23,2010,4,23,0.0105639210578333
Tra Vinh,2010-04-24,2010,4,24,0.0
Tra Vinh,2010-04-25,2010,4,25,0.0
Tra Vinh,2010-04-26,2010,4,26,0.0
Tra Vinh,2010-04-27,2010,4,27,0.0
Tra Vinh,2010-04-28,2010,4,28,0.0294282715076337
Tra Vinh,2010-04-29,2010,4,29,4.254981655666352
Tra Vinh,2010-04-30,2010,4,30,0.0070594528179322
Tra Vinh,2010-05-01,2010,5,1,0.1511942479311553
Tra Vinh,2010-05-02,2010,5,2,5.893128026116907
Tra Vinh,2010-05-03,2010,5,3,9.840308918532129
Tra Vinh,2010-05-04,2010,5,4,1.931005296410302
Tra Vinh,2010-05-05,2010,5,5,0.0
Tra Vinh,2010-05-06,2010,5,6,0.0
Tra Vinh,2010-05-07,2010,5,7,0.0
Tra Vinh,2010-05-08,2010,5,8,0.0
Tra Vinh,2010-05-09,2010,5,9,0.5814394605594024
Tra Vinh,2010-05-10,2010,5,10,2.4953377661092144
Tra Vinh,2010-05-11,2010,5,11,0.0
Tra Vinh,2010-05-12,2010,5,12,0.0
Tra Vinh,2010-05-13,2010,5,13,0.0
Tra Vinh,2010-05-14,2010,5,14,0.0
Tra Vinh,2010-05-15,2010,5,15,0.0
Tra Vinh,2010-05-16,2010,5,16,0.310580181901182
Tra Vinh,2010-05-17,2010,5,17,3.0089893946999124
Tra Vinh,2010-05-18,2010,5,18,1.5647172691354343
Tra Vinh,2010-05-19,2010,5,19,1.0394954713405815
Tra Vinh,2010-05-20,2010,5,20,0.1284009029931729
Tra Vinh,2010-05-21,2010,5,21,7.187483947991059
Tra Vinh,2010-05-22,2010,5,22,10.41061656720132
Tra Vinh,2010-05-23,2010,5,23,4.79989703689984
Tra Vinh,2010-05-24,2010,5,24,5.233611362733166
Tra Vinh,2010-05-25,2010,5,25,10.907084554122902
Tra Vinh,2010-05-26,2010,5,26,19.144871597435195
Tra Vinh,2010-05-27,2010,5,27,5.058365118632015
Tra Vinh,2010-05-28,2010,5,28,2.4973408824789507
Tra Vinh,2010-05-29,2010,5,29,2.670754505871543
Tra Vinh,2010-05-30,2010,5,30,0.0046526134697131
Tra Vinh,2010-05-31,2010,5,31,1.2578835249232574
Tra Vinh,2010-06-01,2010,6,1,0.4482782433761659
Tra Vinh,2010-06-02,2010,6,2,4.4066866163170095
Tra Vinh,2010-06-03,2010,6,3,8.849486908750368
Tra Vinh,2010-06-04,2010,6,4,2.8901326912925933
Tra Vinh,2010-06-05,2010,6,5,9.401829692417072
Tra Vinh,2010-06-06,2010,6,6,3.582711928600692
Tra Vinh,2010-06-07,2010,6,7,5.694084265363792
Tra Vinh,2010-06-08,2010,6,8,9.015001686185734
Tra Vinh,2010-06-09,2010,6,9,9.226861926690518
Tra Vinh,2010-06-10,2010,6,10,2.4075365415368903
Tra Vinh,2010-06-11,2010,6,11,0.1229850710692192
Tra Vinh,2010-06-12,2010,6,12,4.516388376961614
Tra Vinh,2010-06-13,2010,6,13,1.253180198767704
Tra Vinh,2010-06-14,2010,6,14,1.3313128002407162
Tra Vinh,2010-06-15,2010,6,15,7.904166459395003
Tra Vinh,2010-06-16,2010,6,16,0.0
Tra Vinh,2010-06-17,2010,6,17,11.645489704798528
Tra Vinh,2010-06-18,2010,6,18,9.408121821634456
Tra Vinh,2010-06-19,2010,6,19,5.876718118738389
Tra Vinh,2010-06-20,2010,6,20,11.353201389190412
Tra Vinh,2010-06-21,2010,6,21,22.704213839994644
Tra Vinh,2010-06-22,2010,6,22,8.055252157807939
Tra Vinh,2010-06-23,2010,6,23,5.9737507516101855
Tra Vinh,2010-06-24,2010,6,24,0.0
Tra Vinh,2010-06-25,2010,6,25,8.61409412911351
Tra Vinh,2010-06-26,2010,6,26,4.286705038701241
Tra Vinh,2010-06-27,2010,6,27,6.31059884934297
Tra Vinh,2010-06-28,2010,6,28,3.5309119568291902
Tra Vinh,2010-06-29,2010,6,29,0.0
Tra Vinh,2010-06-30,2010,6,30,1.7639209668065858
Tra Vinh,2010-07-01,2010,7,1,8.98888180593109
Tra Vinh,2010-07-02,2010,7,2,16.386053206126704
Tra Vinh,2010-07-03,2010,7,3,2.3908428314589667
Tra Vinh,2010-07-04,2010,7,4,0.4883819956524219
Tra Vinh,2010-07-05,2010,7,5,0.5122300960558057
Tra Vinh,2010-07-06,2010,7,6,2.4014914833889747
Tra Vinh,2010-07-07,2010,7,7,0.0695899483361202
Tra Vinh,2010-07-08,2010,7,8,1.9161331116368212
Tra Vinh,2010-07-09,2010,7,9,8.551952801363186
Tra Vinh,2010-07-10,2010,7,10,0.0
Tra Vinh,2010-07-11,2010,7,11,4.836179461451866
Tra Vinh,2010-07-12,2010,7,12,6.187780686315355
Tra Vinh,2010-07-13,2010,7,13,6.1516107322926254
Tra Vinh,2010-07-14,2010,7,14,3.521989783864356
Tra Vinh,2010-07-15,2010,7,15,15.0870616383811
Tra Vinh,2010-07-16,2010,7,16,9.33761350478966
Tra Vinh,2010-07-17,2010,7,17,13.114278438123083
Tra Vinh,2010-07-18,2010,7,18,3.7803720648174144
Tra Vinh,2010-07-19,2010,7,19,2.910689745965484
Tra Vinh,2010-07-20,2010,7,20,2.2212751599301708
Tra Vinh,2010-07-21,2010,7,21,13.34666340712382
Tra Vinh,2010-07-22,2010,7,22,12.202923485880856
Tra Vinh,2010-07-23,2010,7,23,1.7155704073198883
Tra Vinh,2010-07-24,2010,7,24,9.686487377209804
Tra Vinh,2010-07-25,2010,7,25,30.77039278864513
Tra Vinh,2010-07-26,2010,7,26,13.235359249613277
Tra Vinh,2010-07-27,2010,7,27,16.535169261876426
Tra Vinh,2010-07-28,2010,7,28,3.267758767136308
Tra Vinh,2010-07-29,2010,7,29,2.3001620905897187
Tra Vinh,2010-07-30,2010,7,30,3.0996886728277606
Tra Vinh,2010-07-31,2010,7,31,19.783787206847453
Tra Vinh,2010-08-01,2010,8,1,15.23301849902257
Tra Vinh,2010-08-02,2010,8,2,1.5590561523037074
Tra Vinh,2010-08-03,2010,8,3,1.715453548647102
Tra Vinh,2010-08-04,2010,8,4,0.8632689381697776
Tra Vinh,2010-08-05,2010,8,5,1.1535916861681237
Tra Vinh,2010-08-06,2010,8,6,18.454972569975496
Tra Vinh,2010-08-07,2010,8,7,4.375155201748495
Tra Vinh,2010-08-08,2010,8,8,15.062199596953386
Tra Vinh,2010-08-09,2010,8,9,15.829043714535706
Tra Vinh,2010-08-10,2010,8,10,5.170816836620939
Tra Vinh,2010-08-11,2010,8,11,5.344346402352825
Tra Vinh,2010-08-12,2010,8,12,4.438467892057898
Tra Vinh,2010-08-13,2010,8,13,12.045151083596195
Tra Vinh,2010-08-14,2010,8,14,9.644033603205807
Tra Vinh,2010-08-15,2010,8,15,2.377285414543726
Tra Vinh,2010-08-16,2010,8,16,4.2645870531667525
Tra Vinh,2010-08-17,2010,8,17,9.478987366812277
Tra Vinh,2010-08-18,2010,8,18,0.1727508704275356
Tra Vinh,2010-08-19,2010,8,19,8.580612109423866
Tra Vinh,2010-08-20,2010,8,20,2.3484096047163447
Tra Vinh,2010-08-21,2010,8,21,2.322103141035934
Tra Vinh,2010-08-22,2010,8,22,18.52552274877196
Tra Vinh,2010-08-23,2010,8,23,9.672767625133131
Tra Vinh,2010-08-24,2010,8,24,1.2118932800107842
Tra Vinh,2010-08-25,2010,8,25,1.1841792455081632
Tra Vinh,2010-08-26,2010,8,26,6.122397481233046
Tra Vinh,2010-08-27,2010,8,27,10.411549101635105
Tra Vinh,2010-08-28,2010,8,28,9.200124478959944
Tra Vinh,2010-08-29,2010,8,29,10.706882855413872
Tra Vinh,2010-08-30,2010,8,30,4.156444866432579
Tra Vinh,2010-08-31,2010,8,31,7.2778283062400355
Tra Vinh,2010-09-01,2010,9,1,1.2168610680504943
Tra Vinh,2010-09-02,2010,9,2,12.028544153721896
Tra Vinh,2010-09-03,2010,9,3,15.81470491194166
Tra Vinh,2010-09-04,2010,9,4,0.9623110957771194
Tra Vinh,2010-09-05,2010,9,5,14.09380401228765
Tra Vinh,2010-09-06,2010,9,6,2.9925747124663933
Tra Vinh,2010-09-07,2010,9,7,2.272492678874533
Tra Vinh,2010-09-08,2010,9,8,0.5711844032271938
Tra Vinh,2010-09-09,2010,9,9,3.416348712534419
Tra Vinh,2010-09-10,2010,9,10,3.9453581842944736
Tra Vinh,2010-09-11,2010,9,11,8.438136665275081
Tra Vinh,2010-09-12,2010,9,12,15.954910505933183
Tra Vinh,2010-09-13,2010,9,13,5.355954721032277
Tra Vinh,2010-09-14,2010,9,14,4.5662882460658105
Tra Vinh,2010-09-15,2010,9,15,4.419138673790422
Tra Vinh,2010-09-16,2010,9,16,25.9369909212857
Tra Vinh,2010-09-17,2010,9,17,16.477046972750717
Tra Vinh,2010-09-18,2010,9,18,9.315563130872112
Tra Vinh,2010-09-19,2010,9,19,0.7528645352703985
Tra Vinh,2010-09-20,2010,9,20,2.2549392421856806
Tra Vinh,2010-09-21,2010,9,21,2.280822418654333
Tra Vinh,2010-09-22,2010,9,22,0.00273589325783
Tra Vinh,2010-09-23,2010,9,23,0.0
Tra Vinh,2010-09-24,2010,9,24,10.80146646809533
Tra Vinh,2010-09-25,2010,9,25,4.226866833925532
Tra Vinh,2010-09-26,2010,9,26,12.552853584982742
Tra Vinh,2010-09-27,2010,9,27,9.6254454651347
Tra Vinh,2010-09-28,2010,9,28,13.255167240808614
Tra Vinh,2010-09-29,2010,9,29,13.795933927983242
Tra Vinh,2010-09-30,2010,9,30,18.549149833501083
Tra Vinh,2010-10-01,2010,10,1,23.666442786727732
Tra Vinh,2010-10-02,2010,10,2,26.70613377844958
Tra Vinh,2010-10-03,2010,10,3,19.65136404516188
Tra Vinh,2010-10-04,2010,10,4,33.89490009524463
Tra Vinh,2010-10-05,2010,10,5,8.994522420712078
Tra Vinh,2010-10-06,2010,10,6,2.350622628863416
Tra Vinh,2010-10-07,2010,10,7,9.278143413784116
Tra Vinh,2010-10-08,2010,10,8,18.47144529659237
Tra Vinh,2010-10-09,2010,10,9,34.37561972462989
Tra Vinh,2010-10-10,2010,10,10,40.3993357113942
Tra Vinh,2010-10-11,2010,10,11,54.81225389526586
Tra Vinh,2010-10-12,2010,10,12,3.742899403829786
Tra Vinh,2010-10-13,2010,10,13,28.887888110925623
Tra Vinh,2010-10-14,2010,10,14,35.97494069396765
Tra Vinh,2010-10-15,2010,10,15,0.0
Tra Vinh,2010-10-16,2010,10,16,0.1513558667155031
Tra Vinh,2010-10-17,2010,10,17,2.5869610767925577
Tra Vinh,2010-10-18,2010,10,18,0.5718692413492855
Tra Vinh,2010-10-19,2010,10,19,2.6285498142854067
Tra Vinh,2010-10-20,2010,10,20,44.05497012514321
Tra Vinh,2010-10-21,2010,10,21,42.63143830693275
Tra Vinh,2010-10-22,2010,10,22,1.484699501652013
Tra Vinh,2010-10-23,2010,10,23,0.0
Tra Vinh,2010-10-24,2010,10,24,18.94491875014673
Tra Vinh,2010-10-25,2010,10,25,4.77429604079757
Tra Vinh,2010-10-26,2010,10,26,3.4881705842467468
Tra Vinh,2010-10-27,2010,10,27,0.434251814779918
Tra Vinh,2010-10-28,2010,10,28,20.48895185471233
Tra Vinh,2010-10-29,2010,10,29,5.630830585355122
Tra Vinh,2010-10-30,2010,10,30,24.34048385756309
Tra Vinh,2010-10-31,2010,10,31,11.834603332506807
Tra Vinh,2010-11-01,2010,11,1,9.169719566131873
Tra Vinh,2010-11-02,2010,11,2,16.304281396500482
Tra Vinh,2010-11-03,2010,11,3,3.1973744225905687
Tra Vinh,2010-11-04,2010,11,4,0.1545847937533523
Tra Vinh,2010-11-05,2010,11,5,0.0
Tra Vinh,2010-11-06,2010,11,6,1.1793058349145502
Tra Vinh,2010-11-07,2010,11,7,8.076371275524368
Tra Vinh,2010-11-08,2010,11,8,2.942380408333858
Tra Vinh,2010-11-09,2010,11,9,12.75859475447741
Tra Vinh,2010-11-10,2010,11,10,13.796029807829292
Tra Vinh,2010-11-11,2010,11,11,25.655780970550754
Tra Vinh,2010-11-12,2010,11,12,0.0104086843131443
Tra Vinh,2010-11-13,2010,11,13,2.0276357944100982
Tra Vinh,2010-11-14,2010,11,14,0.0
Tra Vinh,2010-11-15,2010,11,15,0.0
Tra Vinh,2010-11-16,2010,11,16,0.0
Tra Vinh,2010-11-17,2010,11,17,14.179719330083206
Tra Vinh,2010-11-18,2010,11,18,11.79632607382221
Tra Vinh,2010-11-19,2010,11,19,0.0
Tra Vinh,2010-11-20,2010,11,20,0.0
Tra Vinh,2010-11-21,2010,11,21,0.0
Tra Vinh,2010-11-22,2010,11,22,0.0099525023509808
Tra Vinh,2010-11-23,2010,11,23,0.0
Tra Vinh,2010-11-24,2010,11,24,0.0496287085733924
Tra Vinh,2010-11-25,2010,11,25,2.3675717327642456
Tra Vinh,2010-11-26,2010,11,26,4.43863471654902
Tra Vinh,2010-11-27,2010,11,27,1.142752395851379
Tra Vinh,2010-11-28,2010,11,28,0.0
Tra Vinh,2010-11-29,2010,11,29,0.0
Tra Vinh,2010-11-30,2010,11,30,0.3810116503408713
Tra Vinh,2010-12-01,2010,12,1,1.657405308309999
Tra Vinh,2010-12-02,2010,12,2,3.5126146871309225
Tra Vinh,2010-12-03,2010,12,3,1.434390197263857
Tra Vinh,2010-12-04,2010,12,4,1.134479073697692
Tra Vinh,2010-12-05,2010,12,5,0.8856524145815213
Tra Vinh,2010-12-06,2010,12,6,2.126470759753102
Tra Vinh,2010-12-07,2010,12,7,0.0
Tra Vinh,2010-12-08,2010,12,8,0.0
Tra Vinh,2010-12-09,2010,12,9,0.0
Tra Vinh,2010-12-10,2010,12,10,0.0
Tra Vinh,2010-12-11,2010,12,11,0.0004747480699419464
Tra Vinh,2010-12-12,2010,12,12,0.7803017320705515
Tra Vinh,2010-12-13,2010,12,13,6.858814336478004
Tra Vinh,2010-12-14,2010,12,14,4.609138316041447
Tra Vinh,2010-12-15,2010,12,15,0.0
Tra Vinh,2010-12-16,2010,12,16,0.0
Tra Vinh,2010-12-17,2010,12,17,1.804551808950695
Tra Vinh,2010-12-18,2010,12,18,2.7896972881824063
Tra Vinh,2010-12-19,2010,12,19,0.6691407516728674
Tra Vinh,2010-12-20,2010,12,20,0.4320503150869356
Tra Vinh,2010-12-21,2010,12,21,0.0079060314617871
Tra Vinh,2010-12-22,2010,12,22,0.4721409038221487
Tra Vinh,2010-12-23,2010,12,23,0.2826222383366378
Tra Vinh,2010-12-24,2010,12,24,0.7250169846253942
Tra Vinh,2010-12-25,2010,12,25,0.0
Tra Vinh,2010-12-26,2010,12,26,0.0
Tra Vinh,2010-12-27,2010,12,27,0.0165754656557631
Tra Vinh,2010-12-28,2010,12,28,2.1932777175541216
Tra Vinh,2010-12-29,2010,12,29,2.3486772083779446
Tra Vinh,2010-12-30,2010,12,30,0.0
Tra Vinh,2010-12-31,2010,12,31,0.0
Tra Vinh,2011-01-01,2011,1,1,0.0
Tra Vinh,2011-01-02,2011,1,2,0.0
Tra Vinh,2011-01-03,2011,1,3,0.468372639910225
Tra Vinh,2011-01-04,2011,1,4,1.7115263586087524
Tra Vinh,2011-01-05,2011,1,5,0.0
Tra Vinh,2011-01-06,2011,1,6,0.0
Tra Vinh,2011-01-07,2011,1,7,0.0
Tra Vinh,2011-01-08,2011,1,8,0.0
Tra Vinh,2011-01-09,2011,1,9,0.0
Tra Vinh,2011-01-10,2011,1,10,0.0
Tra Vinh,2011-01-11,2011,1,11,0.2571485999742898
Tra Vinh,2011-01-12,2011,1,12,2.3515435612230227
Tra Vinh,2011-01-13,2011,1,13,1.6050152185127553
Tra Vinh,2011-01-14,2011,1,14,0.241570748239679
Tra Vinh,2011-01-15,2011,1,15,0.0
Tra Vinh,2011-01-16,2011,1,16,0.0
Tra Vinh,2011-01-17,2011,1,17,0.0
Tra Vinh,2011-01-18,2011,1,18,1.000427021332657
Tra Vinh,2011-01-19,2011,1,19,0.0907919216580588
Tra Vinh,2011-01-20,2011,1,20,0.0
Tra Vinh,2011-01-21,2011,1,21,0.0
Tra Vinh,2011-01-22,2011,1,22,0.0
Tra Vinh,2011-01-23,2011,1,23,0.0
Tra Vinh,2011-01-24,2011,1,24,0.0166522975796325
Tra Vinh,2011-01-25,2011,1,25,0.0
Tra Vinh,2011-01-26,2011,1,26,0.0
Tra Vinh,2011-01-27,2011,1,27,0.0
Tra Vinh,2011-01-28,2011,1,28,0.0
Tra Vinh,2011-01-29,2011,1,29,0.065199645692637
Tra Vinh,2011-01-30,2011,1,30,0.0
Tra Vinh,2011-01-31,2011,1,31,0.0
Tra Vinh,2011-02-01,2011,2,1,0.0
Tra Vinh,2011-02-02,2011,2,2,0.0
Tra Vinh,2011-02-03,2011,2,3,0.0006092451404501722
Tra Vinh,2011-02-04,2011,2,4,0.0667207025148245
Tra Vinh,2011-02-05,2011,2,5,0.0
Tra Vinh,2011-02-06,2011,2,6,0.0856360897296959
Tra Vinh,2011-02-07,2011,2,7,0.0
Tra Vinh,2011-02-08,2011,2,8,0.0
Tra Vinh,2011-02-09,2011,2,9,0.0
Tra Vinh,2011-02-10,2011,2,10,0.0
Tra Vinh,2011-02-11,2011,2,11,0.0
Tra Vinh,2011-02-12,2011,2,12,0.0
Tra Vinh,2011-02-13,2011,2,13,0.0
Tra Vinh,2011-02-14,2011,2,14,0.0
Tra Vinh,2011-02-15,2011,2,15,0.0
Tra Vinh,2011-02-16,2011,2,16,0.00026057350425531003
Tra Vinh,2011-02-17,2011,2,17,0.0
Tra Vinh,2011-02-18,2011,2,18,0.0
Tra Vinh,2011-02-19,2011,2,19,0.0
Tra Vinh,2011-02-20,2011,2,20,0.0
Tra Vinh,2011-02-21,2011,2,21,0.0
Tra Vinh,2011-02-22,2011,2,22,0.0
Tra Vinh,2011-02-23,2011,2,23,0.0
Tra Vinh,2011-02-24,2011,2,24,0.0
Tra Vinh,2011-02-25,2011,2,25,0.0
Tra Vinh,2011-02-26,2011,2,26,0.0
Tra Vinh,2011-02-27,2011,2,27,0.0
Tra Vinh,2011-02-28,2011,2,28,0.0063571639401047
Tra Vinh,2011-03-01,2011,3,1,1.3342394011742802
Tra Vinh,2011-03-02,2011,3,2,3.220954934643825
Tra Vinh,2011-03-03,2011,3,3,0.0
Tra Vinh,2011-03-04,2011,3,4,1.3905971771440933
Tra Vinh,2011-03-05,2011,3,5,0.0
Tra Vinh,2011-03-06,2011,3,6,0.0
Tra Vinh,2011-03-07,2011,3,7,0.0
Tra Vinh,2011-03-08,2011,3,8,0.0
Tra Vinh,2011-03-09,2011,3,9,0.0
Tra Vinh,2011-03-10,2011,3,10,0.0
Tra Vinh,2011-03-11,2011,3,11,0.0
Tra Vinh,2011-03-12,2011,3,12,1.36855826366961
Tra Vinh,2011-03-13,2011,3,13,0.0
Tra Vinh,2011-03-14,2011,3,14,0.0
Tra Vinh,2011-03-15,2011,3,15,0.0
Tra Vinh,2011-03-16,2011,3,16,0.0
Tra Vinh,2011-03-17,2011,3,17,0.5534510345479983
Tra Vinh,2011-03-18,2011,3,18,0.014041252083833
Tra Vinh,2011-03-19,2011,3,19,0.0
Tra Vinh,2011-03-20,2011,3,20,0.0
Tra Vinh,2011-03-21,2011,3,21,0.0
Tra Vinh,2011-03-22,2011,3,22,0.7740587821389253
Tra Vinh,2011-03-23,2011,3,23,9.469933445481775
Tra Vinh,2011-03-24,2011,3,24,7.758551248051229
Tra Vinh,2011-03-25,2011,3,25,1.5707938109674426
Tra Vinh,2011-03-26,2011,3,26,0.0
Tra Vinh,2011-03-27,2011,3,27,0.0
Tra Vinh,2011-03-28,2011,3,28,0.0
Tra Vinh,2011-03-29,2011,3,29,0.0
Tra Vinh,2011-03-30,2011,3,30,0.0
Tra Vinh,2011-03-31,2011,3,31,0.0
Tra Vinh,2011-04-01,2011,4,1,8.711335393237475
Tra Vinh,2011-04-02,2011,4,2,9.630612786547715
Tra Vinh,2011-04-03,2011,4,3,0.9942266932507544
Tra Vinh,2011-04-04,2011,4,4,0.0
Tra Vinh,2011-04-05,2011,4,5,0.0
Tra Vinh,2011-04-06,2011,4,6,0.0
Tra Vinh,2011-04-07,2011,4,7,0.0
Tra Vinh,2011-04-08,2011,4,8,0.0
Tra Vinh,2011-04-09,2011,4,9,0.0
Tra Vinh,2011-04-10,2011,4,10,0.0
Tra Vinh,2011-04-11,2011,4,11,0.0
Tra Vinh,2011-04-12,2011,4,12,0.0
Tra Vinh,2011-04-13,2011,4,13,0.0
Tra Vinh,2011-04-14,2011,4,14,0.0
Tra Vinh,2011-04-15,2011,4,15,0.0
Tra Vinh,2011-04-16,2011,4,16,0.0
Tra Vinh,2011-04-17,2011,4,17,0.0
Tra Vinh,2011-04-18,2011,4,18,4.403274148514029
Tra Vinh,2011-04-19,2011,4,19,6.483749553619824
Tra Vinh,2011-04-20,2011,4,20,0.0
Tra Vinh,2011-04-21,2011,4,21,0.0
Tra Vinh,2011-04-22,2011,4,22,0.0
Tra Vinh,2011-04-23,2011,4,23,0.0
Tra Vinh,2011-04-24,2011,4,24,0.0
Tra Vinh,2011-04-25,2011,4,25,0.0
Tra Vinh,2011-04-26,2011,4,26,0.0
Tra Vinh,2011-04-27,2011,4,27,0.0
Tra Vinh,2011-04-28,2011,4,28,0.0
Tra Vinh,2011-04-29,2011,4,29,0.045438167262693
Tra Vinh,2011-04-30,2011,4,30,0.0
Tra Vinh,2011-05-01,2011,5,1,1.881121672410852
Tra Vinh,2011-05-02,2011,5,2,0.4162013412582092
Tra Vinh,2011-05-03,2011,5,3,13.477189276684072
Tra Vinh,2011-05-04,2011,5,4,1.867388222030804
Tra Vinh,2011-05-05,2011,5,5,0.0
Tra Vinh,2011-05-06,2011,5,6,0.0
Tra Vinh,2011-05-07,2011,5,7,7.210228274005973
Tra Vinh,2011-05-08,2011,5,8,0.0289919683826016
Tra Vinh,2011-05-09,2011,5,9,10.617092760257153
Tra Vinh,2011-05-10,2011,5,10,1.1697950557661765
Tra Vinh,2011-05-11,2011,5,11,10.929021745660233
Tra Vinh,2011-05-12,2011,5,12,8.26928704119715
Tra Vinh,2011-05-13,2011,5,13,7.283032530512545
Tra Vinh,2011-05-14,2011,5,14,4.055982454242675
Tra Vinh,2011-05-15,2011,5,15,1.042628990007462
Tra Vinh,2011-05-16,2011,5,16,0.0755666946272004
Tra Vinh,2011-05-17,2011,5,17,0.0369862077153399
Tra Vinh,2011-05-18,2011,5,18,3.358065763650561
Tra Vinh,2011-05-19,2011,5,19,0.4073028666597564
Tra Vinh,2011-05-20,2011,5,20,0.0
Tra Vinh,2011-05-21,2011,5,21,1.8791374744095917
Tra Vinh,2011-05-22,2011,5,22,0.9183828307356162
Tra Vinh,2011-05-23,2011,5,23,2.1975716717206084
Tra Vinh,2011-05-24,2011,5,24,5.26487566726685
Tra Vinh,2011-05-25,2011,5,25,22.205829464596142
Tra Vinh,2011-05-26,2011,5,26,0.0048481436576601
Tra Vinh,2011-05-27,2011,5,27,23.749510900921656
Tra Vinh,2011-05-28,2011,5,28,31.209653711408667
Tra Vinh,2011-05-29,2011,5,29,27.37061040911568
Tra Vinh,2011-05-30,2011,5,30,5.792055161891889
Tra Vinh,2011-05-31,2011,5,31,4.430057646536267
Tra Vinh,2011-06-01,2011,6,1,8.436883931152227
Tra Vinh,2011-06-02,2011,6,2,1.3415089236868327
Tra Vinh,2011-06-03,2011,6,3,2.8892916845667758
Tra Vinh,2011-06-04,2011,6,4,2.8605258971253926
Tra Vinh,2011-06-05,2011,6,5,8.506119942224718
Tra Vinh,2011-06-06,2011,6,6,18.69483498730209
Tra Vinh,2011-06-07,2011,6,7,6.073231710202268
Tra Vinh,2011-06-08,2011,6,8,7.650772152904037
Tra Vinh,2011-06-09,2011,6,9,5.811073708956273
Tra Vinh,2011-06-10,2011,6,10,6.087626356323781
Tra Vinh,2011-06-11,2011,6,11,4.060720345230617
Tra Vinh,2011-06-12,2011,6,12,1.4048682163164146
Tra Vinh,2011-06-13,2011,6,13,15.88843963748474
Tra Vinh,2011-06-14,2011,6,14,0.0
Tra Vinh,2011-06-15,2011,6,15,1.3305307172680991
Tra Vinh,2011-06-16,2011,6,16,19.520463193973672
Tra Vinh,2011-06-17,2011,6,17,37.60415741103477
Tra Vinh,2011-06-18,2011,6,18,17.153521190183834
Tra Vinh,2011-06-19,2011,6,19,0.0
Tra Vinh,2011-06-20,2011,6,20,11.14881976431244
Tra Vinh,2011-06-21,2011,6,21,7.543798601411234
Tra Vinh,2011-06-22,2011,6,22,3.363652572563331
Tra Vinh,2011-06-23,2011,6,23,11.835009351477206
Tra Vinh,2011-06-24,2011,6,24,0.0
Tra Vinh,2011-06-25,2011,6,25,0.0
Tra Vinh,2011-06-26,2011,6,26,2.6507323867279333
Tra Vinh,2011-06-27,2011,6,27,0.4746079237028452
Tra Vinh,2011-06-28,2011,6,28,4.488491414060994
Tra Vinh,2011-06-29,2011,6,29,4.091016025365427
Tra Vinh,2011-06-30,2011,6,30,12.676321154377158
Tra Vinh,2011-07-01,2011,7,1,6.2998795894877535
Tra Vinh,2011-07-02,2011,7,2,0.0084588842879651
Tra Vinh,2011-07-03,2011,7,3,7.543889622291131
Tra Vinh,2011-07-04,2011,7,4,12.778655970669485
Tra Vinh,2011-07-05,2011,7,5,7.524277295152079
Tra Vinh,2011-07-06,2011,7,6,8.050415413653278
Tra Vinh,2011-07-07,2011,7,7,7.720872850321858
Tra Vinh,2011-07-08,2011,7,8,1.4231544373401188
Tra Vinh,2011-07-09,2011,7,9,0.0
Tra Vinh,2011-07-10,2011,7,10,7.398388012874141
Tra Vinh,2011-07-11,2011,7,11,7.790482075525915
Tra Vinh,2011-07-12,2011,7,12,7.404063318475852
Tra Vinh,2011-07-13,2011,7,13,3.61305310866028
Tra Vinh,2011-07-14,2011,7,14,13.640903363191962
Tra Vinh,2011-07-15,2011,7,15,0.0
Tra Vinh,2011-07-16,2011,7,16,0.0
Tra Vinh,2011-07-17,2011,7,17,1.1493493558678722
Tra Vinh,2011-07-18,2011,7,18,0.9785424910010444
Tra Vinh,2011-07-19,2011,7,19,0.0
Tra Vinh,2011-07-20,2011,7,20,0.8815721024534364
Tra Vinh,2011-07-21,2011,7,21,0.0
Tra Vinh,2011-07-22,2011,7,22,4.6193185394516085
Tra Vinh,2011-07-23,2011,7,23,16.1859380639841
Tra Vinh,2011-07-24,2011,7,24,17.149455058548167
Tra Vinh,2011-07-25,2011,7,25,0.0
Tra Vinh,2011-07-26,2011,7,26,18.97328644824757
Tra Vinh,2011-07-27,2011,7,27,13.208822789917198
Tra Vinh,2011-07-28,2011,7,28,13.199332134487562
Tra Vinh,2011-07-29,2011,7,29,14.046853251206027
Tra Vinh,2011-07-30,2011,7,30,8.945093420095391
Tra Vinh,2011-07-31,2011,7,31,13.67037806833873
Tra Vinh,2011-08-01,2011,8,1,7.661213985381623
Tra Vinh,2011-08-02,2011,8,2,0.0013835210565299
Tra Vinh,2011-08-03,2011,8,3,0.7606981328272991
Tra Vinh,2011-08-04,2011,8,4,0.0
Tra Vinh,2011-08-05,2011,8,5,0.0
Tra Vinh,2011-08-06,2011,8,6,9.280337806907658
Tra Vinh,2011-08-07,2011,8,7,4.037628466295587
Tra Vinh,2011-08-08,2011,8,8,1.6330074885981452
Tra Vinh,2011-08-09,2011,8,9,4.874127793846239
Tra Vinh,2011-08-10,2011,8,10,0.0
Tra Vinh,2011-08-11,2011,8,11,0.0
Tra Vinh,2011-08-12,2011,8,12,0.0
Tra Vinh,2011-08-13,2011,8,13,10.92077852979529
Tra Vinh,2011-08-14,2011,8,14,4.802040184728705
Tra Vinh,2011-08-15,2011,8,15,9.22921535775909
Tra Vinh,2011-08-16,2011,8,16,1.505201553225986
Tra Vinh,2011-08-17,2011,8,17,2.7850550697138097
Tra Vinh,2011-08-18,2011,8,18,10.773792666493463
Tra Vinh,2011-08-19,2011,8,19,11.15438806225708
Tra Vinh,2011-08-20,2011,8,20,14.64891066513694
Tra Vinh,2011-08-21,2011,8,21,16.013178551606842
Tra Vinh,2011-08-22,2011,8,22,17.067578016804358
Tra Vinh,2011-08-23,2011,8,23,19.780853413997264
Tra Vinh,2011-08-24,2011,8,24,0.0119072464524894
Tra Vinh,2011-08-25,2011,8,25,7.3804491888422685
Tra Vinh,2011-08-26,2011,8,26,35.524956069115746
Tra Vinh,2011-08-27,2011,8,27,12.701637067651264
Tra Vinh,2011-08-28,2011,8,28,1.6789906068767295
Tra Vinh,2011-08-29,2011,8,29,12.284760604847468
Tra Vinh,2011-08-30,2011,8,30,0.0
Tra Vinh,2011-08-31,2011,8,31,0.0
Tra Vinh,2011-09-01,2011,9,1,14.845088626740225
Tra Vinh,2011-09-02,2011,9,2,3.2755587476327785
Tra Vinh,2011-09-03,2011,9,3,0.1504374027700735
Tra Vinh,2011-09-04,2011,9,4,0.0
Tra Vinh,2011-09-05,2011,9,5,6.911828715617336
Tra Vinh,2011-09-06,2011,9,6,8.89811379858137
Tra Vinh,2011-09-07,2011,9,7,18.62137258413695
Tra Vinh,2011-09-08,2011,9,8,20.055947924753067
Tra Vinh,2011-09-09,2011,9,9,16.22807909797272
Tra Vinh,2011-09-10,2011,9,10,8.714213444898324
Tra Vinh,2011-09-11,2011,9,11,6.792681885016394
Tra Vinh,2011-09-12,2011,9,12,2.1578818830094906
Tra Vinh,2011-09-13,2011,9,13,0.0
Tra Vinh,2011-09-14,2011,9,14,8.914694802086636
Tra Vinh,2011-09-15,2011,9,15,9.54917377572967
Tra Vinh,2011-09-16,2011,9,16,19.14036447308257
Tra Vinh,2011-09-17,2011,9,17,0.284022428489086
Tra Vinh,2011-09-18,2011,9,18,0.0
Tra Vinh,2011-09-19,2011,9,19,6.93707302390601
Tra Vinh,2011-09-20,2011,9,20,0.038621820525999
Tra Vinh,2011-09-21,2011,9,21,24.122869801354103
Tra Vinh,2011-09-22,2011,9,22,6.903185587836997
Tra Vinh,2011-09-23,2011,9,23,0.580676293014277
Tra Vinh,2011-09-24,2011,9,24,0.1946964480437762
Tra Vinh,2011-09-25,2011,9,25,6.681642619100046
Tra Vinh,2011-09-26,2011,9,26,4.047380965551556
Tra Vinh,2011-09-27,2011,9,27,30.426863357310037
Tra Vinh,2011-09-28,2011,9,28,14.275953768073173
Tra Vinh,2011-09-29,2011,9,29,7.793265394804026
Tra Vinh,2011-09-30,2011,9,30,2.5702630293681223
Tra Vinh,2011-10-01,2011,10,1,5.613122464347662
Tra Vinh,2011-10-02,2011,10,2,25.39991352932053
Tra Vinh,2011-10-03,2011,10,3,30.08706185551449
Tra Vinh,2011-10-04,2011,10,4,12.698612973611333
Tra Vinh,2011-10-05,2011,10,5,10.430367428889044
Tra Vinh,2011-10-06,2011,10,6,1.0216015685475213
Tra Vinh,2011-10-07,2011,10,7,6.100377333211107
Tra Vinh,2011-10-08,2011,10,8,7.549730634789229
Tra Vinh,2011-10-09,2011,10,9,5.575475809766589
Tra Vinh,2011-10-10,2011,10,10,12.899816304042597
Tra Vinh,2011-10-11,2011,10,11,2.8507972354458317
Tra Vinh,2011-10-12,2011,10,12,1.3004803755190788
Tra Vinh,2011-10-13,2011,10,13,3.280421614748851
Tra Vinh,2011-10-14,2011,10,14,29.203144216692408
Tra Vinh,2011-10-15,2011,10,15,7.801503838158597
Tra Vinh,2011-10-16,2011,10,16,0.2762694192866453
Tra Vinh,2011-10-17,2011,10,17,0.0
Tra Vinh,2011-10-18,2011,10,18,5.614846367055744
Tra Vinh,2011-10-19,2011,10,19,0.0
Tra Vinh,2011-10-20,2011,10,20,0.0
Tra Vinh,2011-10-21,2011,10,21,1.0734732280801822
Tra Vinh,2011-10-22,2011,10,22,0.0
Tra Vinh,2011-10-23,2011,10,23,0.1202545582493778
Tra Vinh,2011-10-24,2011,10,24,0.0
Tra Vinh,2011-10-25,2011,10,25,0.701397442911473
Tra Vinh,2011-10-26,2011,10,26,0.8961287612576186
Tra Vinh,2011-10-27,2011,10,27,0.0
Tra Vinh,2011-10-28,2011,10,28,0.0
Tra Vinh,2011-10-29,2011,10,29,0.0
Tra Vinh,2011-10-30,2011,10,30,0.0
Tra Vinh,2011-10-31,2011,10,31,0.0
Tra Vinh,2011-11-01,2011,11,1,1.5735134834180589
Tra Vinh,2011-11-02,2011,11,2,0.3570371266815709
Tra Vinh,2011-11-03,2011,11,3,1.4167383172399102
Tra Vinh,2011-11-04,2011,11,4,18.901870563170093
Tra Vinh,2011-11-05,2011,11,5,46.83280438872834
Tra Vinh,2011-11-06,2011,11,6,47.98718639143473
Tra Vinh,2011-11-07,2011,11,7,16.669892761489965
Tra Vinh,2011-11-08,2011,11,8,11.6226012783212
Tra Vinh,2011-11-09,2011,11,9,7.734992025040019
Tra Vinh,2011-11-10,2011,11,10,0.0
Tra Vinh,2011-11-11,2011,11,11,0.1442372928791949
Tra Vinh,2011-11-12,2011,11,12,0.0
Tra Vinh,2011-11-13,2011,11,13,0.0
Tra Vinh,2011-11-14,2011,11,14,0.5011480775514747
Tra Vinh,2011-11-15,2011,11,15,0.4760722648553078
Tra Vinh,2011-11-16,2011,11,16,3.607236123643655
Tra Vinh,2011-11-17,2011,11,17,0.3868504786095864
Tra Vinh,2011-11-18,2011,11,18,5.441722771602347
Tra Vinh,2011-11-19,2011,11,19,0.0202511360405937
Tra Vinh,2011-11-20,2011,11,20,0.0
Tra Vinh,2011-11-21,2011,11,21,0.0
Tra Vinh,2011-11-22,2011,11,22,0.0
Tra Vinh,2011-11-23,2011,11,23,0.0
Tra Vinh,2011-11-24,2011,11,24,0.0
Tra Vinh,2011-11-25,2011,11,25,0.0
Tra Vinh,2011-11-26,2011,11,26,0.0
Tra Vinh,2011-11-27,2011,11,27,0.0
Tra Vinh,2011-11-28,2011,11,28,0.0
Tra Vinh,2011-11-29,2011,11,29,0.0318477048065716
Tra Vinh,2011-11-30,2011,11,30,0.0
Tra Vinh,2011-12-01,2011,12,1,0.0
Tra Vinh,2011-12-02,2011,12,2,0.0
Tra Vinh,2011-12-03,2011,12,3,2.282464321317254
Tra Vinh,2011-12-04,2011,12,4,0.0
Tra Vinh,2011-12-05,2011,12,5,0.736970386281673
Tra Vinh,2011-12-06,2011,12,6,0.0
Tra Vinh,2011-12-07,2011,12,7,5.0282527548809695
Tra Vinh,2011-12-08,2011,12,8,2.71080047859582
Tra Vinh,2011-12-09,2011,12,9,1.2326900866503834
Tra Vinh,2011-12-10,2011,12,10,2.1534183167210386
Tra Vinh,2011-12-11,2011,12,11,1.7360591233765452
Tra Vinh,2011-12-12,2011,12,12,6.74073900079776
Tra Vinh,2011-12-13,2011,12,13,0.0
Tra Vinh,2011-12-14,2011,12,14,0.0
Tra Vinh,2011-12-15,2011,12,15,0.0
Tra Vinh,2011-12-16,2011,12,16,0.0
Tra Vinh,2011-12-17,2011,12,17,0.0
Tra Vinh,2011-12-18,2011,12,18,0.0
Tra Vinh,2011-12-19,2011,12,19,0.0039757929929652
Tra Vinh,2011-12-20,2011,12,20,0.0
Tra Vinh,2011-12-21,2011,12,21,0.0
Tra Vinh,2011-12-22,2011,12,22,0.3975385576002368
Tra Vinh,2011-12-23,2011,12,23,0.0
Tra Vinh,2011-12-24,2011,12,24,0.0
Tra Vinh,2011-12-25,2011,12,25,0.0
Tra Vinh,2011-12-26,2011,12,26,0.0
Tra Vinh,2011-12-27,2011,12,27,1.0579605107228325
Tra Vinh,2011-12-28,2011,12,28,0.0
Tra Vinh,2011-12-29,2011,12,29,0.0
Tra Vinh,2011-12-30,2011,12,30,3.083229621863066
Tra Vinh,2011-12-31,2011,12,31,0.0
Tra Vinh,2012-01-01,2012,1,1,0.0
Tra Vinh,2012-01-02,2012,1,2,0.0
Tra Vinh,2012-01-03,2012,1,3,0.0
Tra Vinh,2012-01-04,2012,1,4,0.0
Tra Vinh,2012-01-05,2012,1,5,0.0
Tra Vinh,2012-01-06,2012,1,6,0.0
Tra Vinh,2012-01-07,2012,1,7,0.0
Tra Vinh,2012-01-08,2012,1,8,0.0
Tra Vinh,2012-01-09,2012,1,9,0.0
Tra Vinh,2012-01-10,2012,1,10,0.0
Tra Vinh,2012-01-11,2012,1,11,1.916594664979556
Tra Vinh,2012-01-12,2012,1,12,0.5963415416852416
Tra Vinh,2012-01-13,2012,1,13,0.2969766437283576
Tra Vinh,2012-01-14,2012,1,14,0.2332907039394984
Tra Vinh,2012-01-15,2012,1,15,0.0
Tra Vinh,2012-01-16,2012,1,16,0.0
Tra Vinh,2012-01-17,2012,1,17,0.0
Tra Vinh,2012-01-18,2012,1,18,0.0
Tra Vinh,2012-01-19,2012,1,19,0.0
Tra Vinh,2012-01-20,2012,1,20,0.0
Tra Vinh,2012-01-21,2012,1,21,0.0
Tra Vinh,2012-01-22,2012,1,22,0.0
Tra Vinh,2012-01-23,2012,1,23,0.0
Tra Vinh,2012-01-24,2012,1,24,0.0
Tra Vinh,2012-01-25,2012,1,25,0.9974354173085288
Tra Vinh,2012-01-26,2012,1,26,1.2356702536268067
Tra Vinh,2012-01-27,2012,1,27,0.190022803915654
Tra Vinh,2012-01-28,2012,1,28,5.772535287071868
Tra Vinh,2012-01-29,2012,1,29,0.0818219000312106
Tra Vinh,2012-01-30,2012,1,30,0.0
Tra Vinh,2012-01-31,2012,1,31,0.0220719116028096
Tra Vinh,2012-02-01,2012,2,1,0.5496687736697984
Tra Vinh,2012-02-02,2012,2,2,0.0
Tra Vinh,2012-02-03,2012,2,3,0.0
Tra Vinh,2012-02-04,2012,2,4,0.1629428870049586
Tra Vinh,2012-02-05,2012,2,5,0.0
Tra Vinh,2012-02-06,2012,2,6,0.0
Tra Vinh,2012-02-07,2012,2,7,0.0
Tra Vinh,2012-02-08,2012,2,8,0.0
Tra Vinh,2012-02-09,2012,2,9,0.0
Tra Vinh,2012-02-10,2012,2,10,0.0
Tra Vinh,2012-02-11,2012,2,11,0.0
Tra Vinh,2012-02-12,2012,2,12,0.0
Tra Vinh,2012-02-13,2012,2,13,0.0
Tra Vinh,2012-02-14,2012,2,14,0.0
Tra Vinh,2012-02-15,2012,2,15,0.0
Tra Vinh,2012-02-16,2012,2,16,0.8110426788719894
Tra Vinh,2012-02-17,2012,2,17,1.6396447604122943
Tra Vinh,2012-02-18,2012,2,18,0.140328907153128
Tra Vinh,2012-02-19,2012,2,19,0.0
Tra Vinh,2012-02-20,2012,2,20,0.0
Tra Vinh,2012-02-21,2012,2,21,3.4452492039550644
Tra Vinh,2012-02-22,2012,2,22,0.0
Tra Vinh,2012-02-23,2012,2,23,0.0
Tra Vinh,2012-02-24,2012,2,24,0.0
Tra Vinh,2012-02-25,2012,2,25,0.0
Tra Vinh,2012-02-26,2012,2,26,0.0
Tra Vinh,2012-02-27,2012,2,27,0.0
Tra Vinh,2012-02-28,2012,2,28,0.0
Tra Vinh,2012-02-29,2012,2,29,0.0
Tra Vinh,2012-03-01,2012,3,1,0.0
Tra Vinh,2012-03-02,2012,3,2,0.0
Tra Vinh,2012-03-03,2012,3,3,1.9652797016467267
Tra Vinh,2012-03-04,2012,3,4,2.9655017899395517
Tra Vinh,2012-03-05,2012,3,5,0.0
Tra Vinh,2012-03-06,2012,3,6,0.0
Tra Vinh,2012-03-07,2012,3,7,0.0
Tra Vinh,2012-03-08,2012,3,8,0.0
Tra Vinh,2012-03-09,2012,3,9,0.0
Tra Vinh,2012-03-10,2012,3,10,0.0
Tra Vinh,2012-03-11,2012,3,11,0.0
Tra Vinh,2012-03-12,2012,3,12,0.0966824708901165
Tra Vinh,2012-03-13,2012,3,13,0.0
Tra Vinh,2012-03-14,2012,3,14,0.0405182585066682
Tra Vinh,2012-03-15,2012,3,15,2.1945588373594527
Tra Vinh,2012-03-16,2012,3,16,0.0
Tra Vinh,2012-03-17,2012,3,17,0.0
Tra Vinh,2012-03-18,2012,3,18,0.0
Tra Vinh,2012-03-19,2012,3,19,0.0
Tra Vinh,2012-03-20,2012,3,20,0.0
Tra Vinh,2012-03-21,2012,3,21,0.581360849556157
Tra Vinh,2012-03-22,2012,3,22,0.0
Tra Vinh,2012-03-23,2012,3,23,0.0029330248300165
Tra Vinh,2012-03-24,2012,3,24,0.4604512083034993
Tra Vinh,2012-03-25,2012,3,25,0.4312010079556005
Tra Vinh,2012-03-26,2012,3,26,0.7240868242190232
Tra Vinh,2012-03-27,2012,3,27,0.0
Tra Vinh,2012-03-28,2012,3,28,0.5952446400477005
Tra Vinh,2012-03-29,2012,3,29,2.0046841963827453
Tra Vinh,2012-03-30,2012,3,30,5.101442690372305
Tra Vinh,2012-03-31,2012,3,31,12.913006172091276
Tra Vinh,2012-04-01,2012,4,1,13.356908432577368
Tra Vinh,2012-04-02,2012,4,2,2.9492111668151235
Tra Vinh,2012-04-03,2012,4,3,0.5508328645437706
Tra Vinh,2012-04-04,2012,4,4,0.0
Tra Vinh,2012-04-05,2012,4,5,0.0
Tra Vinh,2012-04-06,2012,4,6,0.0
Tra Vinh,2012-04-07,2012,4,7,0.0
Tra Vinh,2012-04-08,2012,4,8,0.0
Tra Vinh,2012-04-09,2012,4,9,0.0
Tra Vinh,2012-04-10,2012,4,10,0.0
Tra Vinh,2012-04-11,2012,4,11,0.0
Tra Vinh,2012-04-12,2012,4,12,0.0
Tra Vinh,2012-04-13,2012,4,13,0.9690336183297114
Tra Vinh,2012-04-14,2012,4,14,0.0
Tra Vinh,2012-04-15,2012,4,15,0.0
Tra Vinh,2012-04-16,2012,4,16,0.2063087430676374
Tra Vinh,2012-04-17,2012,4,17,0.0
Tra Vinh,2012-04-18,2012,4,18,0.0
Tra Vinh,2012-04-19,2012,4,19,0.7730706890199821
Tra Vinh,2012-04-20,2012,4,20,0.0
Tra Vinh,2012-04-21,2012,4,21,5.552830536609758
Tra Vinh,2012-04-22,2012,4,22,6.5982090717750825
Tra Vinh,2012-04-23,2012,4,23,0.0
Tra Vinh,2012-04-24,2012,4,24,0.1459971434727109
Tra Vinh,2012-04-25,2012,4,25,3.6124310580322585
Tra Vinh,2012-04-26,2012,4,26,29.77574249322707
Tra Vinh,2012-04-27,2012,4,27,6.359631020900058
Tra Vinh,2012-04-28,2012,4,28,19.51289512307007
Tra Vinh,2012-04-29,2012,4,29,12.534051584854923
Tra Vinh,2012-04-30,2012,4,30,4.955110598633956
Tra Vinh,2012-05-01,2012,5,1,0.0
Tra Vinh,2012-05-02,2012,5,2,3.070732749576789
Tra Vinh,2012-05-03,2012,5,3,11.414388574492891
Tra Vinh,2012-05-04,2012,5,4,1.9016599730077672
Tra Vinh,2012-05-05,2012,5,5,0.1277557619212936
Tra Vinh,2012-05-06,2012,5,6,19.906604544533728
Tra Vinh,2012-05-07,2012,5,7,11.252980813014522
Tra Vinh,2012-05-08,2012,5,8,3.322070420614078
Tra Vinh,2012-05-09,2012,5,9,1.559921373174356
Tra Vinh,2012-05-10,2012,5,10,4.413412973312754
Tra Vinh,2012-05-11,2012,5,11,1.0208568899615595
Tra Vinh,2012-05-12,2012,5,12,0.2635063613319429
Tra Vinh,2012-05-13,2012,5,13,14.509790064963552
Tra Vinh,2012-05-14,2012,5,14,25.426256270903654
Tra Vinh,2012-05-15,2012,5,15,13.851148123412491
Tra Vinh,2012-05-16,2012,5,16,19.32882995929232
Tra Vinh,2012-05-17,2012,5,17,2.376802912507889
Tra Vinh,2012-05-18,2012,5,18,2.7130285699244774
Tra Vinh,2012-05-19,2012,5,19,0.0
Tra Vinh,2012-05-20,2012,5,20,5.633148954977676
Tra Vinh,2012-05-21,2012,5,21,4.952822678860219
Tra Vinh,2012-05-22,2012,5,22,0.5770275348962136
Tra Vinh,2012-05-23,2012,5,23,7.054314585430957
Tra Vinh,2012-05-24,2012,5,24,24.630727877224604
Tra Vinh,2012-05-25,2012,5,25,10.007552587192894
Tra Vinh,2012-05-26,2012,5,26,31.284106603214344
Tra Vinh,2012-05-27,2012,5,27,10.999136421279616
Tra Vinh,2012-05-28,2012,5,28,0.0
Tra Vinh,2012-05-29,2012,5,29,2.02544928200534
Tra Vinh,2012-05-30,2012,5,30,3.2334955922758466
Tra Vinh,2012-05-31,2012,5,31,25.359061763778747
Tra Vinh,2012-06-01,2012,6,1,13.513406117859097
Tra Vinh,2012-06-02,2012,6,2,5.079843376851884
Tra Vinh,2012-06-03,2012,6,3,1.2053222412815945
Tra Vinh,2012-06-04,2012,6,4,0.0096699329080674
Tra Vinh,2012-06-05,2012,6,5,17.956055618869716
Tra Vinh,2012-06-06,2012,6,6,11.23727827402838
Tra Vinh,2012-06-07,2012,6,7,0.7108285759419726
Tra Vinh,2012-06-08,2012,6,8,5.21374524522484
Tra Vinh,2012-06-09,2012,6,9,0.0
Tra Vinh,2012-06-10,2012,6,10,1.2915105587073787
Tra Vinh,2012-06-11,2012,6,11,13.34031692997949
Tra Vinh,2012-06-12,2012,6,12,0.1407170665963441
Tra Vinh,2012-06-13,2012,6,13,0.0
Tra Vinh,2012-06-14,2012,6,14,0.0
Tra Vinh,2012-06-15,2012,6,15,7.346190453187326
Tra Vinh,2012-06-16,2012,6,16,1.2897145786162252
Tra Vinh,2012-06-17,2012,6,17,5.277676451699598
Tra Vinh,2012-06-18,2012,6,18,4.2551654961571135
Tra Vinh,2012-06-19,2012,6,19,0.0
Tra Vinh,2012-06-20,2012,6,20,0.0
Tra Vinh,2012-06-21,2012,6,21,0.0
Tra Vinh,2012-06-22,2012,6,22,0.004814236841386
Tra Vinh,2012-06-23,2012,6,23,0.0
Tra Vinh,2012-06-24,2012,6,24,0.0
Tra Vinh,2012-06-25,2012,6,25,0.0
Tra Vinh,2012-06-26,2012,6,26,0.0
Tra Vinh,2012-06-27,2012,6,27,0.0068371848854546
Tra Vinh,2012-06-28,2012,6,28,11.76826001979233
Tra Vinh,2012-06-29,2012,6,29,11.60501461165041
Tra Vinh,2012-06-30,2012,6,30,13.442578830086145
Tra Vinh,2012-07-01,2012,7,1,1.3319701802451238
Tra Vinh,2012-07-02,2012,7,2,12.35878786819295
Tra Vinh,2012-07-03,2012,7,3,15.17579033249603
Tra Vinh,2012-07-04,2012,7,4,1.5368940519515883
Tra Vinh,2012-07-05,2012,7,5,10.85438230183668
Tra Vinh,2012-07-06,2012,7,6,0.0
Tra Vinh,2012-07-07,2012,7,7,13.038433271981878
Tra Vinh,2012-07-08,2012,7,8,0.0297519335975927
Tra Vinh,2012-07-09,2012,7,9,5.085016736489636
Tra Vinh,2012-07-10,2012,7,10,19.064708370213943
Tra Vinh,2012-07-11,2012,7,11,11.181991327027074
Tra Vinh,2012-07-12,2012,7,12,19.244483716155138
Tra Vinh,2012-07-13,2012,7,13,1.787480039608382
Tra Vinh,2012-07-14,2012,7,14,0.0
Tra Vinh,2012-07-15,2012,7,15,0.0
Tra Vinh,2012-07-16,2012,7,16,17.812491607845423
Tra Vinh,2012-07-17,2012,7,17,7.425927533499088
Tra Vinh,2012-07-18,2012,7,18,11.881522979107556
Tra Vinh,2012-07-19,2012,7,19,0.0
Tra Vinh,2012-07-20,2012,7,20,2.567507106238029
Tra Vinh,2012-07-21,2012,7,21,10.431673382375305
Tra Vinh,2012-07-22,2012,7,22,6.365756598286735
Tra Vinh,2012-07-23,2012,7,23,2.843576265101109
Tra Vinh,2012-07-24,2012,7,24,4.405647991680988
Tra Vinh,2012-07-25,2012,7,25,2.766561215915128
Tra Vinh,2012-07-26,2012,7,26,0.0
Tra Vinh,2012-07-27,2012,7,27,19.221624172282294
Tra Vinh,2012-07-28,2012,7,28,16.92445998169814
Tra Vinh,2012-07-29,2012,7,29,0.0
Tra Vinh,2012-07-30,2012,7,30,6.139840620102708
Tra Vinh,2012-07-31,2012,7,31,4.256446820416978
Tra Vinh,2012-08-01,2012,8,1,24.646132078500248
Tra Vinh,2012-08-02,2012,8,2,8.010885027752831
Tra Vinh,2012-08-03,2012,8,3,8.905071907743176
Tra Vinh,2012-08-04,2012,8,4,0.0
Tra Vinh,2012-08-05,2012,8,5,0.0
Tra Vinh,2012-08-06,2012,8,6,0.0
Tra Vinh,2012-08-07,2012,8,7,0.0
Tra Vinh,2012-08-08,2012,8,8,0.3086199123308518
Tra Vinh,2012-08-09,2012,8,9,0.0
Tra Vinh,2012-08-10,2012,8,10,0.0
Tra Vinh,2012-08-11,2012,8,11,0.0
Tra Vinh,2012-08-12,2012,8,12,0.0
Tra Vinh,2012-08-13,2012,8,13,0.0
Tra Vinh,2012-08-14,2012,8,14,3.330832162269552
Tra Vinh,2012-08-15,2012,8,15,0.8694151646666428
Tra Vinh,2012-08-16,2012,8,16,13.477944324174368
Tra Vinh,2012-08-17,2012,8,17,20.634256032627626
Tra Vinh,2012-08-18,2012,8,18,1.2065525029650377
Tra Vinh,2012-08-19,2012,8,19,0.6641753373725893
Tra Vinh,2012-08-20,2012,8,20,3.044156426748943
Tra Vinh,2012-08-21,2012,8,21,6.541122978816627
Tra Vinh,2012-08-22,2012,8,22,13.762944139169386
Tra Vinh,2012-08-23,2012,8,23,3.0410663277772163
Tra Vinh,2012-08-24,2012,8,24,5.260491999363477
Tra Vinh,2012-08-25,2012,8,25,3.676607120194067
Tra Vinh,2012-08-26,2012,8,26,11.893043698684682
Tra Vinh,2012-08-27,2012,8,27,2.823138154142225
Tra Vinh,2012-08-28,2012,8,28,0.0360888985052707
Tra Vinh,2012-08-29,2012,8,29,0.0
Tra Vinh,2012-08-30,2012,8,30,2.6437376841573967
Tra Vinh,2012-08-31,2012,8,31,22.98267030952444
Tra Vinh,2012-09-01,2012,9,1,6.573977941098283
Tra Vinh,2012-09-02,2012,9,2,12.760121436940306
Tra Vinh,2012-09-03,2012,9,3,0.8514420786575921
Tra Vinh,2012-09-04,2012,9,4,16.561907704638596
Tra Vinh,2012-09-05,2012,9,5,17.13723549138221
Tra Vinh,2012-09-06,2012,9,6,18.908743814237912
Tra Vinh,2012-09-07,2012,9,7,0.8494826411719765
Tra Vinh,2012-09-08,2012,9,8,7.570775552878158
Tra Vinh,2012-09-09,2012,9,9,26.643723428973125
Tra Vinh,2012-09-10,2012,9,10,14.355310815612487
Tra Vinh,2012-09-11,2012,9,11,9.005323857247408
Tra Vinh,2012-09-12,2012,9,12,8.268986421526852
Tra Vinh,2012-09-13,2012,9,13,0.0
Tra Vinh,2012-09-14,2012,9,14,16.702504057180413
Tra Vinh,2012-09-15,2012,9,15,9.699812379906026
Tra Vinh,2012-09-16,2012,9,16,7.512334236818149
Tra Vinh,2012-09-17,2012,9,17,0.0
Tra Vinh,2012-09-18,2012,9,18,29.49386031027836
Tra Vinh,2012-09-19,2012,9,19,0.999037500036992
Tra Vinh,2012-09-20,2012,9,20,4.417752637320017
Tra Vinh,2012-09-21,2012,9,21,0.1929351363158417
Tra Vinh,2012-09-22,2012,9,22,11.581759805778812
Tra Vinh,2012-09-23,2012,9,23,2.962700603557525
Tra Vinh,2012-09-24,2012,9,24,13.993199764897271
Tra Vinh,2012-09-25,2012,9,25,5.575874883944668
Tra Vinh,2012-09-26,2012,9,26,15.323505427728495
Tra Vinh,2012-09-27,2012,9,27,36.01607291352264
Tra Vinh,2012-09-28,2012,9,28,17.19767219958722
Tra Vinh,2012-09-29,2012,9,29,33.31803425458917
Tra Vinh,2012-09-30,2012,9,30,9.212488980258204
Tra Vinh,2012-10-01,2012,10,1,23.07754715528368
Tra Vinh,2012-10-02,2012,10,2,24.869242795659098
Tra Vinh,2012-10-03,2012,10,3,16.369369957046214
Tra Vinh,2012-10-04,2012,10,4,7.801102244672518
Tra Vinh,2012-10-05,2012,10,5,41.2171983773512
Tra Vinh,2012-10-06,2012,10,6,35.83583307812635
Tra Vinh,2012-10-07,2012,10,7,10.572799651953469
Tra Vinh,2012-10-08,2012,10,8,10.614957432879816
Tra Vinh,2012-10-09,2012,10,9,3.722325465445521
Tra Vinh,2012-10-10,2012,10,10,12.247515893276068
Tra Vinh,2012-10-11,2012,10,11,4.53011785787824
Tra Vinh,2012-10-12,2012,10,12,7.397461130035133
Tra Vinh,2012-10-13,2012,10,13,0.1313277677692917
Tra Vinh,2012-10-14,2012,10,14,0.0
Tra Vinh,2012-10-15,2012,10,15,0.0
Tra Vinh,2012-10-16,2012,10,16,0.0
Tra Vinh,2012-10-17,2012,10,17,1.1107441703029954
Tra Vinh,2012-10-18,2012,10,18,0.0
Tra Vinh,2012-10-19,2012,10,19,0.7946765044825449
Tra Vinh,2012-10-20,2012,10,20,0.3302581603453263
Tra Vinh,2012-10-21,2012,10,21,0.0
Tra Vinh,2012-10-22,2012,10,22,15.551983413215943
Tra Vinh,2012-10-23,2012,10,23,2.778906329525868
Tra Vinh,2012-10-24,2012,10,24,0.3750306292438131
Tra Vinh,2012-10-25,2012,10,25,0.0
Tra Vinh,2012-10-26,2012,10,26,0.0
Tra Vinh,2012-10-27,2012,10,27,2.0625065872358097
Tra Vinh,2012-10-28,2012,10,28,0.0
Tra Vinh,2012-10-29,2012,10,29,0.0
Tra Vinh,2012-10-30,2012,10,30,0.0
Tra Vinh,2012-10-31,2012,10,31,0.0
Tra Vinh,2012-11-01,2012,11,1,0.0
Tra Vinh,2012-11-02,2012,11,2,0.5932549963613971
Tra Vinh,2012-11-03,2012,11,3,1.5550836729395785
Tra Vinh,2012-11-04,2012,11,4,0.0
Tra Vinh,2012-11-05,2012,11,5,0.0964741006822326
Tra Vinh,2012-11-06,2012,11,6,10.874472388125126
Tra Vinh,2012-11-07,2012,11,7,0.0
Tra Vinh,2012-11-08,2012,11,8,0.0
Tra Vinh,2012-11-09,2012,11,9,0.0
Tra Vinh,2012-11-10,2012,11,10,0.0
Tra Vinh,2012-11-11,2012,11,11,1.0014392004800856
Tra Vinh,2012-11-12,2012,11,12,0.0
Tra Vinh,2012-11-13,2012,11,13,3.7884941419128735
Tra Vinh,2012-11-14,2012,11,14,28.376098807579396
Tra Vinh,2012-11-15,2012,11,15,24.666243167540877
Tra Vinh,2012-11-16,2012,11,16,0.0
Tra Vinh,2012-11-17,2012,11,17,2.8048033871282883
Tra Vinh,2012-11-18,2012,11,18,0.0
Tra Vinh,2012-11-19,2012,11,19,0.2953225603588058
Tra Vinh,2012-11-20,2012,11,20,21.253473474487222
Tra Vinh,2012-11-21,2012,11,21,0.0
Tra Vinh,2012-11-22,2012,11,22,0.0
Tra Vinh,2012-11-23,2012,11,23,4.437538849669315
Tra Vinh,2012-11-24,2012,11,24,0.1312100338858376
Tra Vinh,2012-11-25,2012,11,25,0.0
Tra Vinh,2012-11-26,2012,11,26,0.0
Tra Vinh,2012-11-27,2012,11,27,0.0
Tra Vinh,2012-11-28,2012,11,28,0.2384977532754254
Tra Vinh,2012-11-29,2012,11,29,0.0
Tra Vinh,2012-11-30,2012,11,30,6.185387617872577
Tra Vinh,2012-12-01,2012,12,1,0.0
Tra Vinh,2012-12-02,2012,12,2,0.0
Tra Vinh,2012-12-03,2012,12,3,1.663096368763922
Tra Vinh,2012-12-04,2012,12,4,1.0634275412195575
Tra Vinh,2012-12-05,2012,12,5,0.0
Tra Vinh,2012-12-06,2012,12,6,0.0
Tra Vinh,2012-12-07,2012,12,7,0.0
Tra Vinh,2012-12-08,2012,12,8,0.0
Tra Vinh,2012-12-09,2012,12,9,0.0
Tra Vinh,2012-12-10,2012,12,10,0.3461924458704015
Tra Vinh,2012-12-11,2012,12,11,0.037792831847907
Tra Vinh,2012-12-12,2012,12,12,0.0
Tra Vinh,2012-12-13,2012,12,13,2.9149188124788945
Tra Vinh,2012-12-14,2012,12,14,0.823339288379874
Tra Vinh,2012-12-15,2012,12,15,0.0
Tra Vinh,2012-12-16,2012,12,16,0.0
Tra Vinh,2012-12-17,2012,12,17,0.0
Tra Vinh,2012-12-18,2012,12,18,0.0
Tra Vinh,2012-12-19,2012,12,19,0.2378239657188941
Tra Vinh,2012-12-20,2012,12,20,0.0975695857104427
Tra Vinh,2012-12-21,2012,12,21,0.1329163776639589
Tra Vinh,2012-12-22,2012,12,22,0.7486932988459988
Tra Vinh,2012-12-23,2012,12,23,1.3656671399823082
Tra Vinh,2012-12-24,2012,12,24,0.0
Tra Vinh,2012-12-25,2012,12,25,0.0
Tra Vinh,2012-12-26,2012,12,26,6.046446674467865
Tra Vinh,2012-12-27,2012,12,27,0.0
Tra Vinh,2012-12-28,2012,12,28,0.0
Tra Vinh,2012-12-29,2012,12,29,3.294829069395768
Tra Vinh,2012-12-30,2012,12,30,0.3546684045291708
Tra Vinh,2012-12-31,2012,12,31,0.0
Tra Vinh,2013-01-01,2013,1,1,1.4090312745314444
Tra Vinh,2013-01-02,2013,1,2,0.0
Tra Vinh,2013-01-03,2013,1,3,0.1916987972293569
Tra Vinh,2013-01-04,2013,1,4,0.7131499985593879
Tra Vinh,2013-01-05,2013,1,5,7.166605001884748
Tra Vinh,2013-01-06,2013,1,6,6.713340294530333
Tra Vinh,2013-01-07,2013,1,7,3.9536769976366353
Tra Vinh,2013-01-08,2013,1,8,2.169238592001522
Tra Vinh,2013-01-09,2013,1,9,0.0675309523901858
Tra Vinh,2013-01-10,2013,1,10,1.007392609009319
Tra Vinh,2013-01-11,2013,1,11,0.0
Tra Vinh,2013-01-12,2013,1,12,0.0
Tra Vinh,2013-01-13,2013,1,13,0.0
Tra Vinh,2013-01-14,2013,1,14,0.0
Tra Vinh,2013-01-15,2013,1,15,0.0
Tra Vinh,2013-01-16,2013,1,16,0.0
Tra Vinh,2013-01-17,2013,1,17,0.0
Tra Vinh,2013-01-18,2013,1,18,0.0
Tra Vinh,2013-01-19,2013,1,19,0.0
Tra Vinh,2013-01-20,2013,1,20,0.0
Tra Vinh,2013-01-21,2013,1,21,0.0
Tra Vinh,2013-01-22,2013,1,22,0.0
Tra Vinh,2013-01-23,2013,1,23,0.0
Tra Vinh,2013-01-24,2013,1,24,0.0
Tra Vinh,2013-01-25,2013,1,25,0.0
Tra Vinh,2013-01-26,2013,1,26,0.0
Tra Vinh,2013-01-27,2013,1,27,0.0
Tra Vinh,2013-01-28,2013,1,28,0.0
Tra Vinh,2013-01-29,2013,1,29,0.0
Tra Vinh,2013-01-30,2013,1,30,0.0
Tra Vinh,2013-01-31,2013,1,31,0.0
Tra Vinh,2013-02-01,2013,2,1,0.0
Tra Vinh,2013-02-02,2013,2,2,0.0
Tra Vinh,2013-02-03,2013,2,3,0.0
Tra Vinh,2013-02-04,2013,2,4,0.0
Tra Vinh,2013-02-05,2013,2,5,0.0
Tra Vinh,2013-02-06,2013,2,6,0.0
Tra Vinh,2013-02-07,2013,2,7,0.0
Tra Vinh,2013-02-08,2013,2,8,0.0
Tra Vinh,2013-02-09,2013,2,9,0.0
Tra Vinh,2013-02-10,2013,2,10,0.0
Tra Vinh,2013-02-11,2013,2,11,0.0287916398321601
Tra Vinh,2013-02-12,2013,2,12,0.0
Tra Vinh,2013-02-13,2013,2,13,0.0
Tra Vinh,2013-02-14,2013,2,14,0.0782998708276355
Tra Vinh,2013-02-15,2013,2,15,0.0942011848767435
Tra Vinh,2013-02-16,2013,2,16,0.0
Tra Vinh,2013-02-17,2013,2,17,0.0581258811057887
Tra Vinh,2013-02-18,2013,2,18,0.0
Tra Vinh,2013-02-19,2013,2,19,0.0
Tra Vinh,2013-02-20,2013,2,20,1.2615720433227129
Tra Vinh,2013-02-21,2013,2,21,2.0545893254158973
Tra Vinh,2013-02-22,2013,2,22,2.654954844195352
Tra Vinh,2013-02-23,2013,2,23,0.0686582207261792
Tra Vinh,2013-02-24,2013,2,24,0.1117445775585661
Tra Vinh,2013-02-25,2013,2,25,0.0188924432595978
Tra Vinh,2013-02-26,2013,2,26,0.4213939867448618
Tra Vinh,2013-02-27,2013,2,27,0.0
Tra Vinh,2013-02-28,2013,2,28,0.0
Tra Vinh,2013-03-01,2013,3,1,0.0
Tra Vinh,2013-03-02,2013,3,2,0.0
Tra Vinh,2013-03-03,2013,3,3,0.0
Tra Vinh,2013-03-04,2013,3,4,0.0
Tra Vinh,2013-03-05,2013,3,5,0.0
Tra Vinh,2013-03-06,2013,3,6,0.0
Tra Vinh,2013-03-07,2013,3,7,0.0
Tra Vinh,2013-03-08,2013,3,8,0.0
Tra Vinh,2013-03-09,2013,3,9,0.0
Tra Vinh,2013-03-10,2013,3,10,0.0
Tra Vinh,2013-03-11,2013,3,11,0.0
Tra Vinh,2013-03-12,2013,3,12,0.0
Tra Vinh,2013-03-13,2013,3,13,0.0
Tra Vinh,2013-03-14,2013,3,14,0.0
Tra Vinh,2013-03-15,2013,3,15,0.0
Tra Vinh,2013-03-16,2013,3,16,0.0
Tra Vinh,2013-03-17,2013,3,17,0.0
Tra Vinh,2013-03-18,2013,3,18,0.0
Tra Vinh,2013-03-19,2013,3,19,0.0
Tra Vinh,2013-03-20,2013,3,20,0.0
Tra Vinh,2013-03-21,2013,3,21,0.0
Tra Vinh,2013-03-22,2013,3,22,0.0
Tra Vinh,2013-03-23,2013,3,23,0.0
Tra Vinh,2013-03-24,2013,3,24,0.0
Tra Vinh,2013-03-25,2013,3,25,3.9426825500684486
Tra Vinh,2013-03-26,2013,3,26,0.5967153394723804
Tra Vinh,2013-03-27,2013,3,27,1.119479859361531
Tra Vinh,2013-03-28,2013,3,28,0.0
Tra Vinh,2013-03-29,2013,3,29,0.0
Tra Vinh,2013-03-30,2013,3,30,0.0
Tra Vinh,2013-03-31,2013,3,31,0.0
Tra Vinh,2013-04-01,2013,4,1,0.0
Tra Vinh,2013-04-02,2013,4,2,0.0
Tra Vinh,2013-04-03,2013,4,3,0.0
Tra Vinh,2013-04-04,2013,4,4,0.3161505798672087
Tra Vinh,2013-04-05,2013,4,5,1.9609128915898624
Tra Vinh,2013-04-06,2013,4,6,0.0384071711823535
Tra Vinh,2013-04-07,2013,4,7,1.5375640158120512
Tra Vinh,2013-04-08,2013,4,8,4.988686544274964
Tra Vinh,2013-04-09,2013,4,9,3.9103018720475786
Tra Vinh,2013-04-10,2013,4,10,3.4858076002876306
Tra Vinh,2013-04-11,2013,4,11,14.798527083479271
Tra Vinh,2013-04-12,2013,4,12,3.22188857695741
Tra Vinh,2013-04-13,2013,4,13,18.06430979190533
Tra Vinh,2013-04-14,2013,4,14,0.1206125334957755
Tra Vinh,2013-04-15,2013,4,15,0.0
Tra Vinh,2013-04-16,2013,4,16,0.0
Tra Vinh,2013-04-17,2013,4,17,2.999820907202177
Tra Vinh,2013-04-18,2013,4,18,0.0
Tra Vinh,2013-04-19,2013,4,19,0.0
Tra Vinh,2013-04-20,2013,4,20,0.1869541317178628
Tra Vinh,2013-04-21,2013,4,21,0.0
Tra Vinh,2013-04-22,2013,4,22,4.747098776883132
Tra Vinh,2013-04-23,2013,4,23,14.54521936132334
Tra Vinh,2013-04-24,2013,4,24,4.546338088628224
Tra Vinh,2013-04-25,2013,4,25,0.0025811508534932
Tra Vinh,2013-04-26,2013,4,26,0.0
Tra Vinh,2013-04-27,2013,4,27,2.6078890511036232
Tra Vinh,2013-04-28,2013,4,28,0.2553765255507391
Tra Vinh,2013-04-29,2013,4,29,0.0
Tra Vinh,2013-04-30,2013,4,30,0.3056099901081904
Tra Vinh,2013-05-01,2013,5,1,15.527847657493998
Tra Vinh,2013-05-02,2013,5,2,4.759139708317057
Tra Vinh,2013-05-03,2013,5,3,6.5502567070252615
Tra Vinh,2013-05-04,2013,5,4,12.118903369970432
Tra Vinh,2013-05-05,2013,5,5,5.599573739353397
Tra Vinh,2013-05-06,2013,5,6,2.016808395959055
Tra Vinh,2013-05-07,2013,5,7,9.074671427021478
Tra Vinh,2013-05-08,2013,5,8,8.44238621368558
Tra Vinh,2013-05-09,2013,5,9,4.141765855307535
Tra Vinh,2013-05-10,2013,5,10,0.8116700353022208
Tra Vinh,2013-05-11,2013,5,11,4.665608220300611
Tra Vinh,2013-05-12,2013,5,12,11.33879366925338
Tra Vinh,2013-05-13,2013,5,13,5.809712387536025
Tra Vinh,2013-05-14,2013,5,14,0.0
Tra Vinh,2013-05-15,2013,5,15,16.363498843917068
Tra Vinh,2013-05-16,2013,5,16,16.74789412439185
Tra Vinh,2013-05-17,2013,5,17,11.14126949720511
Tra Vinh,2013-05-18,2013,5,18,3.09539019109368
Tra Vinh,2013-05-19,2013,5,19,11.26749983128674
Tra Vinh,2013-05-20,2013,5,20,2.187435371112839
Tra Vinh,2013-05-21,2013,5,21,6.58842298228944
Tra Vinh,2013-05-22,2013,5,22,7.070609088084299
Tra Vinh,2013-05-23,2013,5,23,2.3811337446297896
Tra Vinh,2013-05-24,2013,5,24,2.91078077245211
Tra Vinh,2013-05-25,2013,5,25,0.4644133709568597
Tra Vinh,2013-05-26,2013,5,26,0.1048843240725681
Tra Vinh,2013-05-27,2013,5,27,1.0673535794952451
Tra Vinh,2013-05-28,2013,5,28,4.884428959810693
Tra Vinh,2013-05-29,2013,5,29,4.635627616495682
Tra Vinh,2013-05-30,2013,5,30,12.26276129668689
Tra Vinh,2013-05-31,2013,5,31,1.4456600258854768
Tra Vinh,2013-06-01,2013,6,1,13.313242665473991
Tra Vinh,2013-06-02,2013,6,2,1.2700654089257148
Tra Vinh,2013-06-03,2013,6,3,10.88386704466252
Tra Vinh,2013-06-04,2013,6,4,9.983910040935328
Tra Vinh,2013-06-05,2013,6,5,0.4490032111026494
Tra Vinh,2013-06-06,2013,6,6,6.873699914579291
Tra Vinh,2013-06-07,2013,6,7,0.0
Tra Vinh,2013-06-08,2013,6,8,4.635464470896613
Tra Vinh,2013-06-09,2013,6,9,8.367444088821106
Tra Vinh,2013-06-10,2013,6,10,12.328102075749827
Tra Vinh,2013-06-11,2013,6,11,21.395843811232517
Tra Vinh,2013-06-12,2013,6,12,21.7843965617575
Tra Vinh,2013-06-13,2013,6,13,6.169248435463437
Tra Vinh,2013-06-14,2013,6,14,17.957811109302423
Tra Vinh,2013-06-15,2013,6,15,24.89014813560327
Tra Vinh,2013-06-16,2013,6,16,31.28059067554059
Tra Vinh,2013-06-17,2013,6,17,16.94152833168906
Tra Vinh,2013-06-18,2013,6,18,1.4636690236471317
Tra Vinh,2013-06-19,2013,6,19,2.9677456460672698
Tra Vinh,2013-06-20,2013,6,20,16.363204989246526
Tra Vinh,2013-06-21,2013,6,21,8.363785456995362
Tra Vinh,2013-06-22,2013,6,22,11.71308916571692
Tra Vinh,2013-06-23,2013,6,23,0.7163266150568495
Tra Vinh,2013-06-24,2013,6,24,1.1057181733682535
Tra Vinh,2013-06-25,2013,6,25,0.0046408846783234
Tra Vinh,2013-06-26,2013,6,26,2.024955111914298
Tra Vinh,2013-06-27,2013,6,27,1.8068756552074468
Tra Vinh,2013-06-28,2013,6,28,3.621242174536258
Tra Vinh,2013-06-29,2013,6,29,3.733026201579841
Tra Vinh,2013-06-30,2013,6,30,7.581008195326591
Tra Vinh,2013-07-01,2013,7,1,4.957593232265839
Tra Vinh,2013-07-02,2013,7,2,14.854957305510386
Tra Vinh,2013-07-03,2013,7,3,16.122080980049386
Tra Vinh,2013-07-04,2013,7,4,0.0672687761025569
Tra Vinh,2013-07-05,2013,7,5,1.8061339916664247
Tra Vinh,2013-07-06,2013,7,6,8.047325573457659
Tra Vinh,2013-07-07,2013,7,7,7.976540636777751
Tra Vinh,2013-07-08,2013,7,8,8.64203174702016
Tra Vinh,2013-07-09,2013,7,9,6.996337607158886
Tra Vinh,2013-07-10,2013,7,10,0.2369051416735373
Tra Vinh,2013-07-11,2013,7,11,2.1072443077171563
Tra Vinh,2013-07-12,2013,7,12,1.1365483118893651
Tra Vinh,2013-07-13,2013,7,13,6.937015696664293
Tra Vinh,2013-07-14,2013,7,14,6.002546655218355
Tra Vinh,2013-07-15,2013,7,15,20.49858528021891
Tra Vinh,2013-07-16,2013,7,16,0.0
Tra Vinh,2013-07-17,2013,7,17,0.313478070629016
Tra Vinh,2013-07-18,2013,7,18,25.820358277672025
Tra Vinh,2013-07-19,2013,7,19,15.473014785139624
Tra Vinh,2013-07-20,2013,7,20,0.2176842444245174
Tra Vinh,2013-07-21,2013,7,21,0.4580752035481553
Tra Vinh,2013-07-22,2013,7,22,10.0080042295177
Tra Vinh,2013-07-23,2013,7,23,9.973328595755136
Tra Vinh,2013-07-24,2013,7,24,3.782357379251287
Tra Vinh,2013-07-25,2013,7,25,0.0
Tra Vinh,2013-07-26,2013,7,26,0.1033827650235089
Tra Vinh,2013-07-27,2013,7,27,11.209594620931693
Tra Vinh,2013-07-28,2013,7,28,6.048154248801053
Tra Vinh,2013-07-29,2013,7,29,3.3408774606423504
Tra Vinh,2013-07-30,2013,7,30,7.379278855943994
Tra Vinh,2013-07-31,2013,7,31,6.966431713876954
Tra Vinh,2013-08-01,2013,8,1,3.946924916063187
Tra Vinh,2013-08-02,2013,8,2,5.518188113358481
Tra Vinh,2013-08-03,2013,8,3,10.584851907484952
Tra Vinh,2013-08-04,2013,8,4,0.8046549422548878
Tra Vinh,2013-08-05,2013,8,5,10.04070462284688
Tra Vinh,2013-08-06,2013,8,6,14.322101150452834
Tra Vinh,2013-08-07,2013,8,7,10.491250549745857
Tra Vinh,2013-08-08,2013,8,8,7.917815250770966
Tra Vinh,2013-08-09,2013,8,9,3.7976323557099807
Tra Vinh,2013-08-10,2013,8,10,12.691638362515738
Tra Vinh,2013-08-11,2013,8,11,8.936399176678572
Tra Vinh,2013-08-12,2013,8,12,6.609924504323474
Tra Vinh,2013-08-13,2013,8,13,11.327319566951116
Tra Vinh,2013-08-14,2013,8,14,1.8574144798648724
Tra Vinh,2013-08-15,2013,8,15,0.0
Tra Vinh,2013-08-16,2013,8,16,0.7052452057391041
Tra Vinh,2013-08-17,2013,8,17,0.0
Tra Vinh,2013-08-18,2013,8,18,0.0
Tra Vinh,2013-08-19,2013,8,19,0.0
Tra Vinh,2013-08-20,2013,8,20,0.0
Tra Vinh,2013-08-21,2013,8,21,0.4907398253541654
Tra Vinh,2013-08-22,2013,8,22,6.038823925349899
Tra Vinh,2013-08-23,2013,8,23,8.748655114823041
Tra Vinh,2013-08-24,2013,8,24,2.345914572247974
Tra Vinh,2013-08-25,2013,8,25,13.584702387067296
Tra Vinh,2013-08-26,2013,8,26,19.415018070655453
Tra Vinh,2013-08-27,2013,8,27,14.60531560624789
Tra Vinh,2013-08-28,2013,8,28,0.0
Tra Vinh,2013-08-29,2013,8,29,27.954874937485798
Tra Vinh,2013-08-30,2013,8,30,22.88611222304338
Tra Vinh,2013-08-31,2013,8,31,0.0
Tra Vinh,2013-09-01,2013,9,1,0.7204021289141864
Tra Vinh,2013-09-02,2013,9,2,0.0
Tra Vinh,2013-09-03,2013,9,3,3.6746622237748143
Tra Vinh,2013-09-04,2013,9,4,7.005747053140815
Tra Vinh,2013-09-05,2013,9,5,1.6971805482333144
Tra Vinh,2013-09-06,2013,9,6,12.913176598152544
Tra Vinh,2013-09-07,2013,9,7,20.30831874422033
Tra Vinh,2013-09-08,2013,9,8,1.814216826580641
Tra Vinh,2013-09-09,2013,9,9,17.729148157400935
Tra Vinh,2013-09-10,2013,9,10,9.276468232939216
Tra Vinh,2013-09-11,2013,9,11,7.487773054152118
Tra Vinh,2013-09-12,2013,9,12,17.477652243921973
Tra Vinh,2013-09-13,2013,9,13,11.671600900736951
Tra Vinh,2013-09-14,2013,9,14,7.657005490024452
Tra Vinh,2013-09-15,2013,9,15,3.614075626045775
Tra Vinh,2013-09-16,2013,9,16,14.371898891295
Tra Vinh,2013-09-17,2013,9,17,12.53820222170715
Tra Vinh,2013-09-18,2013,9,18,6.881300562036042
Tra Vinh,2013-09-19,2013,9,19,4.052377327743994
Tra Vinh,2013-09-20,2013,9,20,25.21847383079313
Tra Vinh,2013-09-21,2013,9,21,10.708548708432588
Tra Vinh,2013-09-22,2013,9,22,16.037184663281305
Tra Vinh,2013-09-23,2013,9,23,20.742340042629014
Tra Vinh,2013-09-24,2013,9,24,6.521705754173906
Tra Vinh,2013-09-25,2013,9,25,3.938322396243312
Tra Vinh,2013-09-26,2013,9,26,5.638998612575454
Tra Vinh,2013-09-27,2013,9,27,10.164010873712671
Tra Vinh,2013-09-28,2013,9,28,8.975566775651593
Tra Vinh,2013-09-29,2013,9,29,20.1372487482218
Tra Vinh,2013-09-30,2013,9,30,0.4656431113060913
Tra Vinh,2013-10-01,2013,10,1,2.358589039310463
Tra Vinh,2013-10-02,2013,10,2,28.586802974610887
Tra Vinh,2013-10-03,2013,10,3,0.0
Tra Vinh,2013-10-04,2013,10,4,14.490005378542095
Tra Vinh,2013-10-05,2013,10,5,5.359687453358522
Tra Vinh,2013-10-06,2013,10,6,33.806796870844074
Tra Vinh,2013-10-07,2013,10,7,13.364986932397969
Tra Vinh,2013-10-08,2013,10,8,0.0
Tra Vinh,2013-10-09,2013,10,9,4.616355218213704
Tra Vinh,2013-10-10,2013,10,10,19.02769341048
Tra Vinh,2013-10-11,2013,10,11,0.0
Tra Vinh,2013-10-12,2013,10,12,14.844251529995502
Tra Vinh,2013-10-13,2013,10,13,4.022405721029298
Tra Vinh,2013-10-14,2013,10,14,10.385689764893804
Tra Vinh,2013-10-15,2013,10,15,13.878920763053095
Tra Vinh,2013-10-16,2013,10,16,0.0
Tra Vinh,2013-10-17,2013,10,17,0.0
Tra Vinh,2013-10-18,2013,10,18,15.249962999226591
Tra Vinh,2013-10-19,2013,10,19,16.654383862652644
Tra Vinh,2013-10-20,2013,10,20,1.9555432089622429
Tra Vinh,2013-10-21,2013,10,21,2.664614770358212
Tra Vinh,2013-10-22,2013,10,22,2.273147145662426
Tra Vinh,2013-10-23,2013,10,23,0.0
Tra Vinh,2013-10-24,2013,10,24,15.133639509869123
Tra Vinh,2013-10-25,2013,10,25,3.866382965312485
Tra Vinh,2013-10-26,2013,10,26,0.0761400218986131
Tra Vinh,2013-10-27,2013,10,27,0.0
Tra Vinh,2013-10-28,2013,10,28,0.0
Tra Vinh,2013-10-29,2013,10,29,0.0
Tra Vinh,2013-10-30,2013,10,30,0.0
Tra Vinh,2013-10-31,2013,10,31,0.0
Tra Vinh,2013-11-01,2013,11,1,0.0
Tra Vinh,2013-11-02,2013,11,2,0.0
Tra Vinh,2013-11-03,2013,11,3,0.0
Tra Vinh,2013-11-04,2013,11,4,0.0098412203466625
Tra Vinh,2013-11-05,2013,11,5,2.938996421724011
Tra Vinh,2013-11-06,2013,11,6,34.8598317370081
Tra Vinh,2013-11-07,2013,11,7,20.306036017889927
Tra Vinh,2013-11-08,2013,11,8,0.0
Tra Vinh,2013-11-09,2013,11,9,6.478429648149147
Tra Vinh,2013-11-10,2013,11,10,0.0
Tra Vinh,2013-11-11,2013,11,11,0.0
Tra Vinh,2013-11-12,2013,11,12,0.0
Tra Vinh,2013-11-13,2013,11,13,0.0
Tra Vinh,2013-11-14,2013,11,14,0.0
Tra Vinh,2013-11-15,2013,11,15,24.34591559742339
Tra Vinh,2013-11-16,2013,11,16,0.4510769573912693
Tra Vinh,2013-11-17,2013,11,17,0.0
Tra Vinh,2013-11-18,2013,11,18,5.174309990213163
Tra Vinh,2013-11-19,2013,11,19,1.38981290075215
Tra Vinh,2013-11-20,2013,11,20,11.396358385990473
Tra Vinh,2013-11-21,2013,11,21,1.839850296714437
Tra Vinh,2013-11-22,2013,11,22,8.214897190890431
Tra Vinh,2013-11-23,2013,11,23,0.0
Tra Vinh,2013-11-24,2013,11,24,0.4111571990670923
Tra Vinh,2013-11-25,2013,11,25,0.0
Tra Vinh,2013-11-26,2013,11,26,1.6003700433194137
Tra Vinh,2013-11-27,2013,11,27,0.0034329005137496
Tra Vinh,2013-11-28,2013,11,28,5.159524370344841
Tra Vinh,2013-11-29,2013,11,29,0.0095015175020019
Tra Vinh,2013-11-30,2013,11,30,1.0976731839782663
Tra Vinh,2013-12-01,2013,12,1,0.0
Tra Vinh,2013-12-02,2013,12,2,0.0
Tra Vinh,2013-12-03,2013,12,3,0.2340160367609965
Tra Vinh,2013-12-04,2013,12,4,0.9532341594183892
Tra Vinh,2013-12-05,2013,12,5,0.0
Tra Vinh,2013-12-06,2013,12,6,0.0
Tra Vinh,2013-12-07,2013,12,7,0.0
Tra Vinh,2013-12-08,2013,12,8,0.1633066312255911
Tra Vinh,2013-12-09,2013,12,9,0.0
Tra Vinh,2013-12-10,2013,12,10,0.0
Tra Vinh,2013-12-11,2013,12,11,0.0
Tra Vinh,2013-12-12,2013,12,12,0.0
Tra Vinh,2013-12-13,2013,12,13,7.571871103915429
Tra Vinh,2013-12-14,2013,12,14,8.396289479922123
Tra Vinh,2013-12-15,2013,12,15,0.0
Tra Vinh,2013-12-16,2013,12,16,0.0
Tra Vinh,2013-12-17,2013,12,17,0.0
Tra Vinh,2013-12-18,2013,12,18,0.0
Tra Vinh,2013-12-19,2013,12,19,0.0
Tra Vinh,2013-12-20,2013,12,20,0.0
Tra Vinh,2013-12-21,2013,12,21,0.7083713340110934
Tra Vinh,2013-12-22,2013,12,22,0.0
Tra Vinh,2013-12-23,2013,12,23,0.0
Tra Vinh,2013-12-24,2013,12,24,0.6758738097643797
Tra Vinh,2013-12-25,2013,12,25,0.0
Tra Vinh,2013-12-26,2013,12,26,1.2834046220644852
Tra Vinh,2013-12-27,2013,12,27,0.0046304933062899
Tra Vinh,2013-12-28,2013,12,28,0.0
Tra Vinh,2013-12-29,2013,12,29,0.0
Tra Vinh,2013-12-30,2013,12,30,1.173573192091136
Tra Vinh,2013-12-31,2013,12,31,2.848605659225363
Tra Vinh,2014-01-01,2014,1,1,0.0339872728092192
Tra Vinh,2014-01-02,2014,1,2,0.4357635758234859
Tra Vinh,2014-01-03,2014,1,3,0.0
Tra Vinh,2014-01-04,2014,1,4,0.0021113650970465
Tra Vinh,2014-01-05,2014,1,5,0.0
Tra Vinh,2014-01-06,2014,1,6,0.0
Tra Vinh,2014-01-07,2014,1,7,0.2461309674072819
Tra Vinh,2014-01-08,2014,1,8,2.4496720006537465
Tra Vinh,2014-01-09,2014,1,9,0.0874794294676332
Tra Vinh,2014-01-10,2014,1,10,0.0
Tra Vinh,2014-01-11,2014,1,11,0.0
Tra Vinh,2014-01-12,2014,1,12,0.0
Tra Vinh,2014-01-13,2014,1,13,0.0
Tra Vinh,2014-01-14,2014,1,14,0.0
Tra Vinh,2014-01-15,2014,1,15,0.0242405480730527
Tra Vinh,2014-01-16,2014,1,16,0.263139221812795
Tra Vinh,2014-01-17,2014,1,17,0.1646342956552917
Tra Vinh,2014-01-18,2014,1,18,0.0
Tra Vinh,2014-01-19,2014,1,19,0.0
Tra Vinh,2014-01-20,2014,1,20,0.0
Tra Vinh,2014-01-21,2014,1,21,0.0
Tra Vinh,2014-01-22,2014,1,22,0.0
Tra Vinh,2014-01-23,2014,1,23,0.0
Tra Vinh,2014-01-24,2014,1,24,0.0
Tra Vinh,2014-01-25,2014,1,25,0.0
Tra Vinh,2014-01-26,2014,1,26,0.0
Tra Vinh,2014-01-27,2014,1,27,0.0
Tra Vinh,2014-01-28,2014,1,28,0.0
Tra Vinh,2014-01-29,2014,1,29,0.0
Tra Vinh,2014-01-30,2014,1,30,0.0
Tra Vinh,2014-01-31,2014,1,31,0.0
Tra Vinh,2014-02-01,2014,2,1,0.0
Tra Vinh,2014-02-02,2014,2,2,0.0
Tra Vinh,2014-02-03,2014,2,3,0.0
Tra Vinh,2014-02-04,2014,2,4,0.0
Tra Vinh,2014-02-05,2014,2,5,0.0
Tra Vinh,2014-02-06,2014,2,6,0.0
Tra Vinh,2014-02-07,2014,2,7,0.0
Tra Vinh,2014-02-08,2014,2,8,0.0
Tra Vinh,2014-02-09,2014,2,9,0.0
Tra Vinh,2014-02-10,2014,2,10,0.0
Tra Vinh,2014-02-11,2014,2,11,0.0004448154675200063
Tra Vinh,2014-02-12,2014,2,12,0.0
Tra Vinh,2014-02-13,2014,2,13,0.0
Tra Vinh,2014-02-14,2014,2,14,0.0
Tra Vinh,2014-02-15,2014,2,15,0.0
Tra Vinh,2014-02-16,2014,2,16,0.0
Tra Vinh,2014-02-17,2014,2,17,0.0
Tra Vinh,2014-02-18,2014,2,18,0.0
Tra Vinh,2014-02-19,2014,2,19,0.0
Tra Vinh,2014-02-20,2014,2,20,0.0136798001342866
Tra Vinh,2014-02-21,2014,2,21,0.0
Tra Vinh,2014-02-22,2014,2,22,0.0154430811703256
Tra Vinh,2014-02-23,2014,2,23,0.0
Tra Vinh,2014-02-24,2014,2,24,0.0
Tra Vinh,2014-02-25,2014,2,25,0.0
Tra Vinh,2014-02-26,2014,2,26,0.0
Tra Vinh,2014-02-27,2014,2,27,0.0
Tra Vinh,2014-02-28,2014,2,28,0.0
Tra Vinh,2014-03-01,2014,3,1,0.0
Tra Vinh,2014-03-02,2014,3,2,0.0281632048504279
Tra Vinh,2014-03-03,2014,3,3,0.0
Tra Vinh,2014-03-04,2014,3,4,0.0
Tra Vinh,2014-03-05,2014,3,5,0.0044056440043983
Tra Vinh,2014-03-06,2014,3,6,0.0103814749915884
Tra Vinh,2014-03-07,2014,3,7,0.0279508764282625
Tra Vinh,2014-03-08,2014,3,8,0.0
Tra Vinh,2014-03-09,2014,3,9,0.0
Tra Vinh,2014-03-10,2014,3,10,0.030905475642144
Tra Vinh,2014-03-11,2014,3,11,0.0
Tra Vinh,2014-03-12,2014,3,12,0.0
Tra Vinh,2014-03-13,2014,3,13,0.0
Tra Vinh,2014-03-14,2014,3,14,0.0
Tra Vinh,2014-03-15,2014,3,15,0.0
Tra Vinh,2014-03-16,2014,3,16,0.0
Tra Vinh,2014-03-17,2014,3,17,0.0
Tra Vinh,2014-03-18,2014,3,18,0.0
Tra Vinh,2014-03-19,2014,3,19,0.0
Tra Vinh,2014-03-20,2014,3,20,0.0232049143679308
Tra Vinh,2014-03-21,2014,3,21,0.0
Tra Vinh,2014-03-22,2014,3,22,0.0
Tra Vinh,2014-03-23,2014,3,23,0.0
Tra Vinh,2014-03-24,2014,3,24,0.0
Tra Vinh,2014-03-25,2014,3,25,0.0
Tra Vinh,2014-03-26,2014,3,26,0.0
Tra Vinh,2014-03-27,2014,3,27,0.0
Tra Vinh,2014-03-28,2014,3,28,0.0
Tra Vinh,2014-03-29,2014,3,29,0.0
Tra Vinh,2014-03-30,2014,3,30,0.0
Tra Vinh,2014-03-31,2014,3,31,0.0
Tra Vinh,2014-04-01,2014,4,1,2.7723603639232404
Tra Vinh,2014-04-02,2014,4,2,0.2850037497502219
Tra Vinh,2014-04-03,2014,4,3,0.0
Tra Vinh,2014-04-04,2014,4,4,0.0
Tra Vinh,2014-04-05,2014,4,5,0.3297455579256508
Tra Vinh,2014-04-06,2014,4,6,0.6705092710063907
Tra Vinh,2014-04-07,2014,4,7,0.6141203074490327
Tra Vinh,2014-04-08,2014,4,8,0.0
Tra Vinh,2014-04-09,2014,4,9,0.0
Tra Vinh,2014-04-10,2014,4,10,0.0
Tra Vinh,2014-04-11,2014,4,11,0.0
Tra Vinh,2014-04-12,2014,4,12,0.0
Tra Vinh,2014-04-13,2014,4,13,0.0
Tra Vinh,2014-04-14,2014,4,14,0.2136691108776683
Tra Vinh,2014-04-15,2014,4,15,0.0
Tra Vinh,2014-04-16,2014,4,16,0.0
Tra Vinh,2014-04-17,2014,4,17,0.0032603742323187
Tra Vinh,2014-04-18,2014,4,18,0.0
Tra Vinh,2014-04-19,2014,4,19,0.0
Tra Vinh,2014-04-20,2014,4,20,0.0
Tra Vinh,2014-04-21,2014,4,21,0.0
Tra Vinh,2014-04-22,2014,4,22,0.0
Tra Vinh,2014-04-23,2014,4,23,0.0
Tra Vinh,2014-04-24,2014,4,24,0.0
Tra Vinh,2014-04-25,2014,4,25,0.0
Tra Vinh,2014-04-26,2014,4,26,0.0
Tra Vinh,2014-04-27,2014,4,27,0.0
Tra Vinh,2014-04-28,2014,4,28,5.677669856759121
Tra Vinh,2014-04-29,2014,4,29,0.2406322353616501
Tra Vinh,2014-04-30,2014,4,30,13.891383537150086
Tra Vinh,2014-05-01,2014,5,1,1.3262920299972123
Tra Vinh,2014-05-02,2014,5,2,2.9128490265860845
Tra Vinh,2014-05-03,2014,5,3,0.3820714056950583
Tra Vinh,2014-05-04,2014,5,4,0.0
Tra Vinh,2014-05-05,2014,5,5,0.0
Tra Vinh,2014-05-06,2014,5,6,0.0
Tra Vinh,2014-05-07,2014,5,7,0.0
Tra Vinh,2014-05-08,2014,5,8,3.718391565536868
Tra Vinh,2014-05-09,2014,5,9,4.70980716646686
Tra Vinh,2014-05-10,2014,5,10,4.8929963273045445
Tra Vinh,2014-05-11,2014,5,11,2.861901373114568
Tra Vinh,2014-05-12,2014,5,12,9.489085269581867
Tra Vinh,2014-05-13,2014,5,13,0.7451723076776497
Tra Vinh,2014-05-14,2014,5,14,7.384049411204932
Tra Vinh,2014-05-15,2014,5,15,11.953373158775229
Tra Vinh,2014-05-16,2014,5,16,8.458091218675
Tra Vinh,2014-05-17,2014,5,17,0.0
Tra Vinh,2014-05-18,2014,5,18,0.0332447539155495
Tra Vinh,2014-05-19,2014,5,19,5.303737649015223
Tra Vinh,2014-05-20,2014,5,20,6.887607756610279
Tra Vinh,2014-05-21,2014,5,21,0.5075825443935734
Tra Vinh,2014-05-22,2014,5,22,3.621885094364137
Tra Vinh,2014-05-23,2014,5,23,4.516328611729876
Tra Vinh,2014-05-24,2014,5,24,8.732838488061425
Tra Vinh,2014-05-25,2014,5,25,0.0
Tra Vinh,2014-05-26,2014,5,26,1.0313111298794169
Tra Vinh,2014-05-27,2014,5,27,0.0
Tra Vinh,2014-05-28,2014,5,28,3.795891819090766
Tra Vinh,2014-05-29,2014,5,29,1.8945000832338132
Tra Vinh,2014-05-30,2014,5,30,0.0166460023041319
Tra Vinh,2014-05-31,2014,5,31,6.69270478863583
Tra Vinh,2014-06-01,2014,6,1,3.885254069946148
Tra Vinh,2014-06-02,2014,6,2,19.56697618763569
Tra Vinh,2014-06-03,2014,6,3,2.138539516907461
Tra Vinh,2014-06-04,2014,6,4,5.753692534268766
Tra Vinh,2014-06-05,2014,6,5,10.990273337435958
Tra Vinh,2014-06-06,2014,6,6,5.329136977221019
Tra Vinh,2014-06-07,2014,6,7,2.7995342424695906
Tra Vinh,2014-06-08,2014,6,8,1.1996556976544095
Tra Vinh,2014-06-09,2014,6,9,0.8505855238354059
Tra Vinh,2014-06-10,2014,6,10,5.20487670476811
Tra Vinh,2014-06-11,2014,6,11,9.875341208404771
Tra Vinh,2014-06-12,2014,6,12,11.91994241559446
Tra Vinh,2014-06-13,2014,6,13,9.887390525662754
Tra Vinh,2014-06-14,2014,6,14,23.50687332048933
Tra Vinh,2014-06-15,2014,6,15,7.672313766151648
Tra Vinh,2014-06-16,2014,6,16,10.702036744960658
Tra Vinh,2014-06-17,2014,6,17,8.80697515990686
Tra Vinh,2014-06-18,2014,6,18,10.495376997265584
Tra Vinh,2014-06-19,2014,6,19,6.124424788367547
Tra Vinh,2014-06-20,2014,6,20,10.719277955434938
Tra Vinh,2014-06-21,2014,6,21,22.284092936451373
Tra Vinh,2014-06-22,2014,6,22,2.905270349700083
Tra Vinh,2014-06-23,2014,6,23,0.5947499452584091
Tra Vinh,2014-06-24,2014,6,24,5.959187017274916
Tra Vinh,2014-06-25,2014,6,25,12.820209361354118
Tra Vinh,2014-06-26,2014,6,26,1.481671469424022
Tra Vinh,2014-06-27,2014,6,27,4.158714404702694
Tra Vinh,2014-06-28,2014,6,28,8.386422298577212
Tra Vinh,2014-06-29,2014,6,29,12.068135330182413
Tra Vinh,2014-06-30,2014,6,30,1.3759972571062593
Tra Vinh,2014-07-01,2014,7,1,0.0013254277213161
Tra Vinh,2014-07-02,2014,7,2,4.81112848953934
Tra Vinh,2014-07-03,2014,7,3,6.37633401156491
Tra Vinh,2014-07-04,2014,7,4,17.5066576843203
Tra Vinh,2014-07-05,2014,7,5,13.70889507935192
Tra Vinh,2014-07-06,2014,7,6,4.996248663419817
Tra Vinh,2014-07-07,2014,7,7,6.3981521305557525
Tra Vinh,2014-07-08,2014,7,8,5.236041530209849
Tra Vinh,2014-07-09,2014,7,9,10.29420215410311
Tra Vinh,2014-07-10,2014,7,10,0.0
Tra Vinh,2014-07-11,2014,7,11,0.0
Tra Vinh,2014-07-12,2014,7,12,1.1389805257717966
Tra Vinh,2014-07-13,2014,7,13,12.050770537107445
Tra Vinh,2014-07-14,2014,7,14,1.6193893781498552
Tra Vinh,2014-07-15,2014,7,15,0.2671337109947889
Tra Vinh,2014-07-16,2014,7,16,1.2691013039289951
Tra Vinh,2014-07-17,2014,7,17,16.651892155933844
Tra Vinh,2014-07-18,2014,7,18,3.5287911787754003
Tra Vinh,2014-07-19,2014,7,19,8.34505689684419
Tra Vinh,2014-07-20,2014,7,20,9.960488897297996
Tra Vinh,2014-07-21,2014,7,21,9.935332305965122
Tra Vinh,2014-07-22,2014,7,22,1.373480184925954
Tra Vinh,2014-07-23,2014,7,23,4.18673013949651
Tra Vinh,2014-07-24,2014,7,24,12.100361474583408
Tra Vinh,2014-07-25,2014,7,25,0.7430288338632649
Tra Vinh,2014-07-26,2014,7,26,17.247127920924356
Tra Vinh,2014-07-27,2014,7,27,3.2637916712429
Tra Vinh,2014-07-28,2014,7,28,1.076879982909973
Tra Vinh,2014-07-29,2014,7,29,17.234203122937206
Tra Vinh,2014-07-30,2014,7,30,12.598010677404028
Tra Vinh,2014-07-31,2014,7,31,10.849776435819912
Tra Vinh,2014-08-01,2014,8,1,0.2631998878167961
Tra Vinh,2014-08-02,2014,8,2,0.0
Tra Vinh,2014-08-03,2014,8,3,6.768043243642421
Tra Vinh,2014-08-04,2014,8,4,12.57526787666453
Tra Vinh,2014-08-05,2014,8,5,5.41250816467217
Tra Vinh,2014-08-06,2014,8,6,1.150511527644562
Tra Vinh,2014-08-07,2014,8,7,4.290849370509512
Tra Vinh,2014-08-08,2014,8,8,6.029449259478433
Tra Vinh,2014-08-09,2014,8,9,0.8792524758171416
Tra Vinh,2014-08-10,2014,8,10,0.0
Tra Vinh,2014-08-11,2014,8,11,0.0
Tra Vinh,2014-08-12,2014,8,12,0.0
Tra Vinh,2014-08-13,2014,8,13,0.0
Tra Vinh,2014-08-14,2014,8,14,8.267401926452651
Tra Vinh,2014-08-15,2014,8,15,0.0161859684567869
Tra Vinh,2014-08-16,2014,8,16,0.6510490203425681
Tra Vinh,2014-08-17,2014,8,17,1.4530891450384809
Tra Vinh,2014-08-18,2014,8,18,3.87599753619912
Tra Vinh,2014-08-19,2014,8,19,7.29387910088372
Tra Vinh,2014-08-20,2014,8,20,8.417347795895596
Tra Vinh,2014-08-21,2014,8,21,0.0
Tra Vinh,2014-08-22,2014,8,22,0.0
Tra Vinh,2014-08-23,2014,8,23,0.0371162802088009
Tra Vinh,2014-08-24,2014,8,24,4.774693788168307
Tra Vinh,2014-08-25,2014,8,25,34.562175826331526
Tra Vinh,2014-08-26,2014,8,26,16.008863326095195
Tra Vinh,2014-08-27,2014,8,27,17.957102126212362
Tra Vinh,2014-08-28,2014,8,28,25.342067456722496
Tra Vinh,2014-08-29,2014,8,29,12.606754012060543
Tra Vinh,2014-08-30,2014,8,30,7.586864140597653
Tra Vinh,2014-08-31,2014,8,31,11.756707467644643
Tra Vinh,2014-09-01,2014,9,1,10.762746670418606
Tra Vinh,2014-09-02,2014,9,2,0.347213407795878
Tra Vinh,2014-09-03,2014,9,3,0.0
Tra Vinh,2014-09-04,2014,9,4,13.239906221531346
Tra Vinh,2014-09-05,2014,9,5,9.250088339435436
Tra Vinh,2014-09-06,2014,9,6,15.76465870130361
Tra Vinh,2014-09-07,2014,9,7,0.6684643721935256
Tra Vinh,2014-09-08,2014,9,8,0.0
Tra Vinh,2014-09-09,2014,9,9,0.9228613818835572
Tra Vinh,2014-09-10,2014,9,10,25.51004260630613
Tra Vinh,2014-09-11,2014,9,11,18.8781785498078
Tra Vinh,2014-09-12,2014,9,12,18.37988907421921
Tra Vinh,2014-09-13,2014,9,13,13.598343930714188
Tra Vinh,2014-09-14,2014,9,14,2.1066591808158583
Tra Vinh,2014-09-15,2014,9,15,6.379560364481319
Tra Vinh,2014-09-16,2014,9,16,14.20697998796668
Tra Vinh,2014-09-17,2014,9,17,0.0
Tra Vinh,2014-09-18,2014,9,18,0.0
Tra Vinh,2014-09-19,2014,9,19,1.8963864462710407
Tra Vinh,2014-09-20,2014,9,20,0.4232526409110186
Tra Vinh,2014-09-21,2014,9,21,1.5336757815351063
Tra Vinh,2014-09-22,2014,9,22,4.396341789109249
Tra Vinh,2014-09-23,2014,9,23,0.0
Tra Vinh,2014-09-24,2014,9,24,0.2375719269483704
Tra Vinh,2014-09-25,2014,9,25,0.7582249983429029
Tra Vinh,2014-09-26,2014,9,26,23.099819140004477
Tra Vinh,2014-09-27,2014,9,27,8.447179787746549
Tra Vinh,2014-09-28,2014,9,28,2.4609563797177127
Tra Vinh,2014-09-29,2014,9,29,0.6310439268625635
Tra Vinh,2014-09-30,2014,9,30,3.1312660991544066
Tra Vinh,2014-10-01,2014,10,1,4.105636315099474
Tra Vinh,2014-10-02,2014,10,2,2.159524645747456
Tra Vinh,2014-10-03,2014,10,3,13.91029452564004
Tra Vinh,2014-10-04,2014,10,4,18.38687290123064
Tra Vinh,2014-10-05,2014,10,5,6.851677897650501
Tra Vinh,2014-10-06,2014,10,6,12.066618796391465
Tra Vinh,2014-10-07,2014,10,7,7.732803857426408
Tra Vinh,2014-10-08,2014,10,8,14.802418980370913
Tra Vinh,2014-10-09,2014,10,9,20.327451935176533
Tra Vinh,2014-10-10,2014,10,10,22.57773778743165
Tra Vinh,2014-10-11,2014,10,11,8.861744105662973
Tra Vinh,2014-10-12,2014,10,12,0.0
Tra Vinh,2014-10-13,2014,10,13,0.1581406725029955
Tra Vinh,2014-10-14,2014,10,14,0.0
Tra Vinh,2014-10-15,2014,10,15,0.0827150533846428
Tra Vinh,2014-10-16,2014,10,16,0.021668365312801
Tra Vinh,2014-10-17,2014,10,17,0.2245929085619126
Tra Vinh,2014-10-18,2014,10,18,0.0
Tra Vinh,2014-10-19,2014,10,19,0.0
Tra Vinh,2014-10-20,2014,10,20,0.0
Tra Vinh,2014-10-21,2014,10,21,9.506453127805564
Tra Vinh,2014-10-22,2014,10,22,14.755474846200364
Tra Vinh,2014-10-23,2014,10,23,18.576806369267384
Tra Vinh,2014-10-24,2014,10,24,3.2437014684160075
Tra Vinh,2014-10-25,2014,10,25,0.0188224427777925
Tra Vinh,2014-10-26,2014,10,26,0.0
Tra Vinh,2014-10-27,2014,10,27,6.539052997529251
Tra Vinh,2014-10-28,2014,10,28,0.0
Tra Vinh,2014-10-29,2014,10,29,0.0072002754632236
Tra Vinh,2014-10-30,2014,10,30,5.120919155609673
Tra Vinh,2014-10-31,2014,10,31,4.048626588005396
Tra Vinh,2014-11-01,2014,11,1,0.6402174084945398
Tra Vinh,2014-11-02,2014,11,2,0.0
Tra Vinh,2014-11-03,2014,11,3,25.46062600541281
Tra Vinh,2014-11-04,2014,11,4,1.190173539418898
Tra Vinh,2014-11-05,2014,11,5,0.0
Tra Vinh,2014-11-06,2014,11,6,15.884697674889429
Tra Vinh,2014-11-07,2014,11,7,0.7826729476074691
Tra Vinh,2014-11-08,2014,11,8,1.1988921496161478
Tra Vinh,2014-11-09,2014,11,9,0.0
Tra Vinh,2014-11-10,2014,11,10,0.0
Tra Vinh,2014-11-11,2014,11,11,0.0484659114780233
Tra Vinh,2014-11-12,2014,11,12,0.0
Tra Vinh,2014-11-13,2014,11,13,0.0
Tra Vinh,2014-11-14,2014,11,14,0.0
Tra Vinh,2014-11-15,2014,11,15,0.0
Tra Vinh,2014-11-16,2014,11,16,0.0
Tra Vinh,2014-11-17,2014,11,17,0.0
Tra Vinh,2014-11-18,2014,11,18,0.0
Tra Vinh,2014-11-19,2014,11,19,10.732276677269798
Tra Vinh,2014-11-20,2014,11,20,0.0622061593564775
Tra Vinh,2014-11-21,2014,11,21,0.9235219992142936
Tra Vinh,2014-11-22,2014,11,22,0.0
Tra Vinh,2014-11-23,2014,11,23,0.0
Tra Vinh,2014-11-24,2014,11,24,0.0
Tra Vinh,2014-11-25,2014,11,25,29.52944014682837
Tra Vinh,2014-11-26,2014,11,26,1.4872998087777625
Tra Vinh,2014-11-27,2014,11,27,0.1310051280819739
Tra Vinh,2014-11-28,2014,11,28,1.4488645362531865
Tra Vinh,2014-11-29,2014,11,29,0.0208679358735336
Tra Vinh,2014-11-30,2014,11,30,1.1244643798583136
Tra Vinh,2014-12-01,2014,12,1,6.600564115064171
Tra Vinh,2014-12-02,2014,12,2,0.1365773570380578
Tra Vinh,2014-12-03,2014,12,3,0.0
Tra Vinh,2014-12-04,2014,12,4,4.524206341332363
Tra Vinh,2014-12-05,2014,12,5,12.288042929247132
Tra Vinh,2014-12-06,2014,12,6,1.930947273944164
Tra Vinh,2014-12-07,2014,12,7,0.0
Tra Vinh,2014-12-08,2014,12,8,0.0
Tra Vinh,2014-12-09,2014,12,9,0.0
Tra Vinh,2014-12-10,2014,12,10,0.0
Tra Vinh,2014-12-11,2014,12,11,0.0
Tra Vinh,2014-12-12,2014,12,12,0.0
Tra Vinh,2014-12-13,2014,12,13,2.7896332772181376
Tra Vinh,2014-12-14,2014,12,14,0.0
Tra Vinh,2014-12-15,2014,12,15,0.024662579147759
Tra Vinh,2014-12-16,2014,12,16,5.746383317325874
Tra Vinh,2014-12-17,2014,12,17,0.0042860618468653
Tra Vinh,2014-12-18,2014,12,18,12.69200608203079
Tra Vinh,2014-12-19,2014,12,19,0.6925271974887033
Tra Vinh,2014-12-20,2014,12,20,0.0
Tra Vinh,2014-12-21,2014,12,21,0.0
Tra Vinh,2014-12-22,2014,12,22,0.0
Tra Vinh,2014-12-23,2014,12,23,0.5206476177173494
Tra Vinh,2014-12-24,2014,12,24,0.5523667038863226
Tra Vinh,2014-12-25,2014,12,25,0.0
Tra Vinh,2014-12-26,2014,12,26,0.0
Tra Vinh,2014-12-27,2014,12,27,0.4096620916932876
Tra Vinh,2014-12-28,2014,12,28,0.8694445611942478
Tra Vinh,2014-12-29,2014,12,29,0.0
Tra Vinh,2014-12-30,2014,12,30,0.2288276880383184
Tra Vinh,2014-12-31,2014,12,31,0.0
Tra Vinh,2015-01-01,2015,1,1,0.0775495353969565
Tra Vinh,2015-01-02,2015,1,2,4.357379275681688
Tra Vinh,2015-01-03,2015,1,3,2.001543621089655
Tra Vinh,2015-01-04,2015,1,4,0.3235871789087203
Tra Vinh,2015-01-05,2015,1,5,2.612440941546622
Tra Vinh,2015-01-06,2015,1,6,0.5389009654644269
Tra Vinh,2015-01-07,2015,1,7,1.492189342468563
Tra Vinh,2015-01-08,2015,1,8,0.0
Tra Vinh,2015-01-09,2015,1,9,0.0
Tra Vinh,2015-01-10,2015,1,10,0.0
Tra Vinh,2015-01-11,2015,1,11,0.0
Tra Vinh,2015-01-12,2015,1,12,0.0
Tra Vinh,2015-01-13,2015,1,13,0.0
Tra Vinh,2015-01-14,2015,1,14,0.0
Tra Vinh,2015-01-15,2015,1,15,0.0
Tra Vinh,2015-01-16,2015,1,16,0.0
Tra Vinh,2015-01-17,2015,1,17,0.0
Tra Vinh,2015-01-18,2015,1,18,0.0
Tra Vinh,2015-01-19,2015,1,19,0.0
Tra Vinh,2015-01-20,2015,1,20,0.0
Tra Vinh,2015-01-21,2015,1,21,0.0
Tra Vinh,2015-01-22,2015,1,22,0.0
Tra Vinh,2015-01-23,2015,1,23,0.0
Tra Vinh,2015-01-24,2015,1,24,0.0
Tra Vinh,2015-01-25,2015,1,25,0.0
Tra Vinh,2015-01-26,2015,1,26,0.0
Tra Vinh,2015-01-27,2015,1,27,0.0
Tra Vinh,2015-01-28,2015,1,28,0.0
Tra Vinh,2015-01-29,2015,1,29,0.0
Tra Vinh,2015-01-30,2015,1,30,0.0
Tra Vinh,2015-01-31,2015,1,31,0.0
Tra Vinh,2015-02-01,2015,2,1,0.0041462503601714
Tra Vinh,2015-02-02,2015,2,2,0.0
Tra Vinh,2015-02-03,2015,2,3,0.0
Tra Vinh,2015-02-04,2015,2,4,0.0
Tra Vinh,2015-02-05,2015,2,5,0.0147096345174693
Tra Vinh,2015-02-06,2015,2,6,0.0
Tra Vinh,2015-02-07,2015,2,7,0.0
Tra Vinh,2015-02-08,2015,2,8,0.0
Tra Vinh,2015-02-09,2015,2,9,0.0
Tra Vinh,2015-02-10,2015,2,10,0.0
Tra Vinh,2015-02-11,2015,2,11,0.0
Tra Vinh,2015-02-12,2015,2,12,0.0
Tra Vinh,2015-02-13,2015,2,13,0.0
Tra Vinh,2015-02-14,2015,2,14,0.0
Tra Vinh,2015-02-15,2015,2,15,0.0
Tra Vinh,2015-02-16,2015,2,16,0.0
Tra Vinh,2015-02-17,2015,2,17,0.003939753508841
Tra Vinh,2015-02-18,2015,2,18,0.0
Tra Vinh,2015-02-19,2015,2,19,0.913372672805016
Tra Vinh,2015-02-20,2015,2,20,0.0
Tra Vinh,2015-02-21,2015,2,21,0.0005404285759075248
Tra Vinh,2015-02-22,2015,2,22,0.0
Tra Vinh,2015-02-23,2015,2,23,0.0147335757776184
Tra Vinh,2015-02-24,2015,2,24,0.0
Tra Vinh,2015-02-25,2015,2,25,0.0
Tra Vinh,2015-02-26,2015,2,26,0.0
Tra Vinh,2015-02-27,2015,2,27,0.0
Tra Vinh,2015-02-28,2015,2,28,0.0
Tra Vinh,2015-03-01,2015,3,1,0.0
Tra Vinh,2015-03-02,2015,3,2,0.0
Tra Vinh,2015-03-03,2015,3,3,0.0
Tra Vinh,2015-03-04,2015,3,4,0.0
Tra Vinh,2015-03-05,2015,3,5,0.0
Tra Vinh,2015-03-06,2015,3,6,0.0
Tra Vinh,2015-03-07,2015,3,7,0.0
Tra Vinh,2015-03-08,2015,3,8,0.0
Tra Vinh,2015-03-09,2015,3,9,0.0
Tra Vinh,2015-03-10,2015,3,10,0.0
Tra Vinh,2015-03-11,2015,3,11,0.0
Tra Vinh,2015-03-12,2015,3,12,0.0
Tra Vinh,2015-03-13,2015,3,13,0.0
Tra Vinh,2015-03-14,2015,3,14,0.0
Tra Vinh,2015-03-15,2015,3,15,0.0
Tra Vinh,2015-03-16,2015,3,16,0.0
Tra Vinh,2015-03-17,2015,3,17,0.0
Tra Vinh,2015-03-18,2015,3,18,0.0
Tra Vinh,2015-03-19,2015,3,19,0.0
Tra Vinh,2015-03-20,2015,3,20,0.0
Tra Vinh,2015-03-21,2015,3,21,0.0
Tra Vinh,2015-03-22,2015,3,22,0.0
Tra Vinh,2015-03-23,2015,3,23,0.0
Tra Vinh,2015-03-24,2015,3,24,0.0
Tra Vinh,2015-03-25,2015,3,25,0.0
Tra Vinh,2015-03-26,2015,3,26,0.0
Tra Vinh,2015-03-27,2015,3,27,0.0
Tra Vinh,2015-03-28,2015,3,28,0.0
Tra Vinh,2015-03-29,2015,3,29,0.0
Tra Vinh,2015-03-30,2015,3,30,0.0
Tra Vinh,2015-03-31,2015,3,31,0.0
Tra Vinh,2015-04-01,2015,4,1,0.0
Tra Vinh,2015-04-02,2015,4,2,0.0
Tra Vinh,2015-04-03,2015,4,3,1.2433966018306668
Tra Vinh,2015-04-04,2015,4,4,0.0
Tra Vinh,2015-04-05,2015,4,5,0.0
Tra Vinh,2015-04-06,2015,4,6,0.0
Tra Vinh,2015-04-07,2015,4,7,0.0
Tra Vinh,2015-04-08,2015,4,8,0.0
Tra Vinh,2015-04-09,2015,4,9,0.3523089862571161
Tra Vinh,2015-04-10,2015,4,10,0.0
Tra Vinh,2015-04-11,2015,4,11,0.0
Tra Vinh,2015-04-12,2015,4,12,1.0987309914726422
Tra Vinh,2015-04-13,2015,4,13,8.33923063154646
Tra Vinh,2015-04-14,2015,4,14,0.0
Tra Vinh,2015-04-15,2015,4,15,0.0
Tra Vinh,2015-04-16,2015,4,16,1.4335864495064876
Tra Vinh,2015-04-17,2015,4,17,0.0
Tra Vinh,2015-04-18,2015,4,18,0.0
Tra Vinh,2015-04-19,2015,4,19,0.0
Tra Vinh,2015-04-20,2015,4,20,0.1040958227949385
Tra Vinh,2015-04-21,2015,4,21,0.0
Tra Vinh,2015-04-22,2015,4,22,0.0
Tra Vinh,2015-04-23,2015,4,23,0.0
Tra Vinh,2015-04-24,2015,4,24,0.0
Tra Vinh,2015-04-25,2015,4,25,0.0
Tra Vinh,2015-04-26,2015,4,26,0.0
Tra Vinh,2015-04-27,2015,4,27,0.6977575909322766
Tra Vinh,2015-04-28,2015,4,28,0.208384133117187
Tra Vinh,2015-04-29,2015,4,29,0.0
Tra Vinh,2015-04-30,2015,4,30,0.0
Tra Vinh,2015-05-01,2015,5,1,0.0
Tra Vinh,2015-05-02,2015,5,2,0.0
Tra Vinh,2015-05-03,2015,5,3,0.0
Tra Vinh,2015-05-04,2015,5,4,0.0
Tra Vinh,2015-05-05,2015,5,5,0.0
Tra Vinh,2015-05-06,2015,5,6,0.4986680113639262
Tra Vinh,2015-05-07,2015,5,7,0.4189974000938369
Tra Vinh,2015-05-08,2015,5,8,1.5876203887744371
Tra Vinh,2015-05-09,2015,5,9,0.0
Tra Vinh,2015-05-10,2015,5,10,0.553454596552458
Tra Vinh,2015-05-11,2015,5,11,0.0
Tra Vinh,2015-05-12,2015,5,12,0.0
Tra Vinh,2015-05-13,2015,5,13,0.0
Tra Vinh,2015-05-14,2015,5,14,0.0
Tra Vinh,2015-05-15,2015,5,15,0.0
Tra Vinh,2015-05-16,2015,5,16,0.0
Tra Vinh,2015-05-17,2015,5,17,2.385831173106056
Tra Vinh,2015-05-18,2015,5,18,0.0
Tra Vinh,2015-05-19,2015,5,19,0.0
Tra Vinh,2015-05-20,2015,5,20,12.373095339356228
Tra Vinh,2015-05-21,2015,5,21,4.481969528663497
Tra Vinh,2015-05-22,2015,5,22,6.200499199181716
Tra Vinh,2015-05-23,2015,5,23,0.0
Tra Vinh,2015-05-24,2015,5,24,2.8720740889083904
Tra Vinh,2015-05-25,2015,5,25,3.1205814014607385
Tra Vinh,2015-05-26,2015,5,26,5.860383670697439
Tra Vinh,2015-05-27,2015,5,27,0.0
Tra Vinh,2015-05-28,2015,5,28,3.1201814450177032
Tra Vinh,2015-05-29,2015,5,29,2.162508544971621
Tra Vinh,2015-05-30,2015,5,30,21.73140984305728
Tra Vinh,2015-05-31,2015,5,31,2.230137008774152
Tra Vinh,2015-06-01,2015,6,1,1.2716601155488043
Tra Vinh,2015-06-02,2015,6,2,1.7307866893839947
Tra Vinh,2015-06-03,2015,6,3,0.6645415909875043
Tra Vinh,2015-06-04,2015,6,4,0.0
Tra Vinh,2015-06-05,2015,6,5,0.9438433355962552
Tra Vinh,2015-06-06,2015,6,6,2.4175385652759527
Tra Vinh,2015-06-07,2015,6,7,1.6870956531401995
Tra Vinh,2015-06-08,2015,6,8,0.4645305427604604
Tra Vinh,2015-06-09,2015,6,9,1.3374570437592477
Tra Vinh,2015-06-10,2015,6,10,4.698432657246468
Tra Vinh,2015-06-11,2015,6,11,0.0685512963698341
Tra Vinh,2015-06-12,2015,6,12,0.0
Tra Vinh,2015-06-13,2015,6,13,9.472636374526902
Tra Vinh,2015-06-14,2015,6,14,3.502781180830232
Tra Vinh,2015-06-15,2015,6,15,14.442262687254136
Tra Vinh,2015-06-16,2015,6,16,24.73477262954783
Tra Vinh,2015-06-17,2015,6,17,16.15065755588449
Tra Vinh,2015-06-18,2015,6,18,0.0
Tra Vinh,2015-06-19,2015,6,19,17.184206638088252
Tra Vinh,2015-06-20,2015,6,20,21.65886052951091
Tra Vinh,2015-06-21,2015,6,21,15.815563489050454
Tra Vinh,2015-06-22,2015,6,22,1.8667037546155545
Tra Vinh,2015-06-23,2015,6,23,29.04727985750044
Tra Vinh,2015-06-24,2015,6,24,5.095277514583293
Tra Vinh,2015-06-25,2015,6,25,4.2186985388359926
Tra Vinh,2015-06-26,2015,6,26,6.757293045194572
Tra Vinh,2015-06-27,2015,6,27,1.815466231763189
Tra Vinh,2015-06-28,2015,6,28,3.1096132685837627
Tra Vinh,2015-06-29,2015,6,29,0.0
Tra Vinh,2015-06-30,2015,6,30,0.0613831718579222
Tra Vinh,2015-07-01,2015,7,1,4.850618299784284
Tra Vinh,2015-07-02,2015,7,2,4.625309392684988
Tra Vinh,2015-07-03,2015,7,3,3.537742099202104
Tra Vinh,2015-07-04,2015,7,4,0.0238820688936961
Tra Vinh,2015-07-05,2015,7,5,0.0
Tra Vinh,2015-07-06,2015,7,6,0.0172172122395546
Tra Vinh,2015-07-07,2015,7,7,13.36360153524778
Tra Vinh,2015-07-08,2015,7,8,21.533882557764723
Tra Vinh,2015-07-09,2015,7,9,16.394066502176546
Tra Vinh,2015-07-10,2015,7,10,0.2479449325042523
Tra Vinh,2015-07-11,2015,7,11,11.173110326273898
Tra Vinh,2015-07-12,2015,7,12,8.948244510929214
Tra Vinh,2015-07-13,2015,7,13,4.747256658536786
Tra Vinh,2015-07-14,2015,7,14,0.1129864707285875
Tra Vinh,2015-07-15,2015,7,15,8.308082798331824
Tra Vinh,2015-07-16,2015,7,16,0.0
Tra Vinh,2015-07-17,2015,7,17,7.595582273631536
Tra Vinh,2015-07-18,2015,7,18,12.268070179294348
Tra Vinh,2015-07-19,2015,7,19,8.25888174834446
Tra Vinh,2015-07-20,2015,7,20,0.0081727633990853
Tra Vinh,2015-07-21,2015,7,21,1.8512950983132288
Tra Vinh,2015-07-22,2015,7,22,0.0
Tra Vinh,2015-07-23,2015,7,23,5.134851730724104
Tra Vinh,2015-07-24,2015,7,24,0.896937569543115
Tra Vinh,2015-07-25,2015,7,25,8.604795974178028
Tra Vinh,2015-07-26,2015,7,26,3.9288851011099095
Tra Vinh,2015-07-27,2015,7,27,6.700070062029437
Tra Vinh,2015-07-28,2015,7,28,8.189021096283374
Tra Vinh,2015-07-29,2015,7,29,6.805318335478012
Tra Vinh,2015-07-30,2015,7,30,9.473544454745843
Tra Vinh,2015-07-31,2015,7,31,10.371912381619248
Tra Vinh,2015-08-01,2015,8,1,11.243289906203447
Tra Vinh,2015-08-02,2015,8,2,2.8228363765087288
Tra Vinh,2015-08-03,2015,8,3,0.6719287052223042
Tra Vinh,2015-08-04,2015,8,4,3.87830260908255
Tra Vinh,2015-08-05,2015,8,5,12.753058194971413
Tra Vinh,2015-08-06,2015,8,6,0.2698062959850109
Tra Vinh,2015-08-07,2015,8,7,1.973152423528844
Tra Vinh,2015-08-08,2015,8,8,7.939804727325319
Tra Vinh,2015-08-09,2015,8,9,12.189849098074916
Tra Vinh,2015-08-10,2015,8,10,7.640620407863255
Tra Vinh,2015-08-11,2015,8,11,5.380211991816886
Tra Vinh,2015-08-12,2015,8,12,0.9079009510216106
Tra Vinh,2015-08-13,2015,8,13,0.942855482001946
Tra Vinh,2015-08-14,2015,8,14,0.1016191965048998
Tra Vinh,2015-08-15,2015,8,15,0.2615536736569404
Tra Vinh,2015-08-16,2015,8,16,2.0711067244703587
Tra Vinh,2015-08-17,2015,8,17,14.161448701540788
Tra Vinh,2015-08-18,2015,8,18,0.0
Tra Vinh,2015-08-19,2015,8,19,1.5215098657872257
Tra Vinh,2015-08-20,2015,8,20,5.634082382206879
Tra Vinh,2015-08-21,2015,8,21,1.8582999524202468
Tra Vinh,2015-08-22,2015,8,22,0.2496332218856184
Tra Vinh,2015-08-23,2015,8,23,4.652347294677112
Tra Vinh,2015-08-24,2015,8,24,17.350698474494532
Tra Vinh,2015-08-25,2015,8,25,16.877371209695713
Tra Vinh,2015-08-26,2015,8,26,2.309563449392649
Tra Vinh,2015-08-27,2015,8,27,0.0
Tra Vinh,2015-08-28,2015,8,28,4.4209596463833485
Tra Vinh,2015-08-29,2015,8,29,7.67562804335057
Tra Vinh,2015-08-30,2015,8,30,0.1743593878556014
Tra Vinh,2015-08-31,2015,8,31,11.074217080478688
Tra Vinh,2015-09-01,2015,9,1,5.296248722151851
Tra Vinh,2015-09-02,2015,9,2,5.463509322140426
Tra Vinh,2015-09-03,2015,9,3,0.0
Tra Vinh,2015-09-04,2015,9,4,0.3986114390654422
Tra Vinh,2015-09-05,2015,9,5,2.808848306656453
Tra Vinh,2015-09-06,2015,9,6,0.0
Tra Vinh,2015-09-07,2015,9,7,20.971412115307448
Tra Vinh,2015-09-08,2015,9,8,46.68219180014961
Tra Vinh,2015-09-09,2015,9,9,14.928539195855045
Tra Vinh,2015-09-10,2015,9,10,0.919951887544208
Tra Vinh,2015-09-11,2015,9,11,1.566113750547634
Tra Vinh,2015-09-12,2015,9,12,27.310126709452803
Tra Vinh,2015-09-13,2015,9,13,18.851553960357823
Tra Vinh,2015-09-14,2015,9,14,31.40693258876287
Tra Vinh,2015-09-15,2015,9,15,17.273426404544907
Tra Vinh,2015-09-16,2015,9,16,24.306411841149323
Tra Vinh,2015-09-17,2015,9,17,1.8207905451334376
Tra Vinh,2015-09-18,2015,9,18,0.0
Tra Vinh,2015-09-19,2015,9,19,7.9118557296819425
Tra Vinh,2015-09-20,2015,9,20,18.37380742525185
Tra Vinh,2015-09-21,2015,9,21,0.1164865080303506
Tra Vinh,2015-09-22,2015,9,22,9.218018481522227
Tra Vinh,2015-09-23,2015,9,23,0.4865588159138714
Tra Vinh,2015-09-24,2015,9,24,0.0
Tra Vinh,2015-09-25,2015,9,25,0.0
Tra Vinh,2015-09-26,2015,9,26,0.7973142491460189
Tra Vinh,2015-09-27,2015,9,27,19.194069430056192
Tra Vinh,2015-09-28,2015,9,28,0.8912053731479906
Tra Vinh,2015-09-29,2015,9,29,1.7053180510149213
Tra Vinh,2015-09-30,2015,9,30,0.0
Tra Vinh,2015-10-01,2015,10,1,4.673745328174689
Tra Vinh,2015-10-02,2015,10,2,13.72541836049386
Tra Vinh,2015-10-03,2015,10,3,7.383047168991268
Tra Vinh,2015-10-04,2015,10,4,5.950469306285142
Tra Vinh,2015-10-05,2015,10,5,2.705994108731631
Tra Vinh,2015-10-06,2015,10,6,16.86037025428009
Tra Vinh,2015-10-07,2015,10,7,1.18891070161046
Tra Vinh,2015-10-08,2015,10,8,0.7103391002340561
Tra Vinh,2015-10-09,2015,10,9,3.606433374648911
Tra Vinh,2015-10-10,2015,10,10,7.025741695766468
Tra Vinh,2015-10-11,2015,10,11,20.78143004865876
Tra Vinh,2015-10-12,2015,10,12,2.409977703618864
Tra Vinh,2015-10-13,2015,10,13,3.440675348344166
Tra Vinh,2015-10-14,2015,10,14,0.0
Tra Vinh,2015-10-15,2015,10,15,8.66575007810131
Tra Vinh,2015-10-16,2015,10,16,0.0769310709103694
Tra Vinh,2015-10-17,2015,10,17,16.78316150067177
Tra Vinh,2015-10-18,2015,10,18,1.363951451924798
Tra Vinh,2015-10-19,2015,10,19,10.042884050545895
Tra Vinh,2015-10-20,2015,10,20,34.20548697139372
Tra Vinh,2015-10-21,2015,10,21,14.798213728069136
Tra Vinh,2015-10-22,2015,10,22,31.559957636183537
Tra Vinh,2015-10-23,2015,10,23,33.32702561560012
Tra Vinh,2015-10-24,2015,10,24,0.0
Tra Vinh,2015-10-25,2015,10,25,10.759888059036408
Tra Vinh,2015-10-26,2015,10,26,10.36470472170427
Tra Vinh,2015-10-27,2015,10,27,0.0
Tra Vinh,2015-10-28,2015,10,28,0.0
Tra Vinh,2015-10-29,2015,10,29,0.1039068788590748
Tra Vinh,2015-10-30,2015,10,30,0.0
Tra Vinh,2015-10-31,2015,10,31,0.0705937917403365
Tra Vinh,2015-11-01,2015,11,1,0.0
Tra Vinh,2015-11-02,2015,11,2,23.413830634853205
Tra Vinh,2015-11-03,2015,11,3,2.293770944030341
Tra Vinh,2015-11-04,2015,11,4,6.442239295769615
Tra Vinh,2015-11-05,2015,11,5,10.529787925404111
Tra Vinh,2015-11-06,2015,11,6,10.857382878087735
Tra Vinh,2015-11-07,2015,11,7,0.0
Tra Vinh,2015-11-08,2015,11,8,0.0
Tra Vinh,2015-11-09,2015,11,9,3.2630545887882643
Tra Vinh,2015-11-10,2015,11,10,1.5591244336293455
Tra Vinh,2015-11-11,2015,11,11,4.076001757818632
Tra Vinh,2015-11-12,2015,11,12,20.38706157401991
Tra Vinh,2015-11-13,2015,11,13,0.0
Tra Vinh,2015-11-14,2015,11,14,0.0
Tra Vinh,2015-11-15,2015,11,15,0.0
Tra Vinh,2015-11-16,2015,11,16,0.0
Tra Vinh,2015-11-17,2015,11,17,0.0
Tra Vinh,2015-11-18,2015,11,18,0.0
Tra Vinh,2015-11-19,2015,11,19,0.0
Tra Vinh,2015-11-20,2015,11,20,0.0
Tra Vinh,2015-11-21,2015,11,21,4.597701616280707
Tra Vinh,2015-11-22,2015,11,22,0.0
Tra Vinh,2015-11-23,2015,11,23,0.0
Tra Vinh,2015-11-24,2015,11,24,0.0
Tra Vinh,2015-11-25,2015,11,25,0.0
Tra Vinh,2015-11-26,2015,11,26,4.2448450980970165
Tra Vinh,2015-11-27,2015,11,27,14.196289976866035
Tra Vinh,2015-11-28,2015,11,28,0.0
Tra Vinh,2015-11-29,2015,11,29,0.0
Tra Vinh,2015-11-30,2015,11,30,0.0
Tra Vinh,2015-12-01,2015,12,1,0.0
Tra Vinh,2015-12-02,2015,12,2,0.0
Tra Vinh,2015-12-03,2015,12,3,0.0
Tra Vinh,2015-12-04,2015,12,4,0.0
Tra Vinh,2015-12-05,2015,12,5,0.0
Tra Vinh,2015-12-06,2015,12,6,0.0
Tra Vinh,2015-12-07,2015,12,7,0.0
Tra Vinh,2015-12-08,2015,12,8,0.0
Tra Vinh,2015-12-09,2015,12,9,0.0
Tra Vinh,2015-12-10,2015,12,10,0.0
Tra Vinh,2015-12-11,2015,12,11,0.0
Tra Vinh,2015-12-12,2015,12,12,0.0
Tra Vinh,2015-12-13,2015,12,13,0.0
Tra Vinh,2015-12-14,2015,12,14,0.0
Tra Vinh,2015-12-15,2015,12,15,0.0
Tra Vinh,2015-12-16,2015,12,16,4.739778678550136
Tra Vinh,2015-12-17,2015,12,17,0.0506350047693958
Tra Vinh,2015-12-18,2015,12,18,11.035461420724992
Tra Vinh,2015-12-19,2015,12,19,14.289405021501103
Tra Vinh,2015-12-20,2015,12,20,19.53613532223577
Tra Vinh,2015-12-21,2015,12,21,15.088310246225374
Tra Vinh,2015-12-22,2015,12,22,5.307771467349048
Tra Vinh,2015-12-23,2015,12,23,0.0
Tra Vinh,2015-12-24,2015,12,24,0.0
Tra Vinh,2015-12-25,2015,12,25,0.0
Tra Vinh,2015-12-26,2015,12,26,0.0
Tra Vinh,2015-12-27,2015,12,27,0.0
Tra Vinh,2015-12-28,2015,12,28,0.0
Tra Vinh,2015-12-29,2015,12,29,0.0
Tra Vinh,2015-12-30,2015,12,30,0.0
Tra Vinh,2015-12-31,2015,12,31,0.0
Tra Vinh,2016-01-01,2016,1,1,0.0
Tra Vinh,2016-01-02,2016,1,2,0.0
Tra Vinh,2016-01-03,2016,1,3,0.0
Tra Vinh,2016-01-04,2016,1,4,0.0198879035411787
Tra Vinh,2016-01-05,2016,1,5,0.0
Tra Vinh,2016-01-06,2016,1,6,0.0
Tra Vinh,2016-01-07,2016,1,7,0.0
Tra Vinh,2016-01-08,2016,1,8,0.0
Tra Vinh,2016-01-09,2016,1,9,0.0
Tra Vinh,2016-01-10,2016,1,10,0.0
Tra Vinh,2016-01-11,2016,1,11,0.0
Tra Vinh,2016-01-12,2016,1,12,0.0
Tra Vinh,2016-01-13,2016,1,13,0.0
Tra Vinh,2016-01-14,2016,1,14,0.0
Tra Vinh,2016-01-15,2016,1,15,0.0
Tra Vinh,2016-01-16,2016,1,16,0.0
Tra Vinh,2016-01-17,2016,1,17,0.0
Tra Vinh,2016-01-18,2016,1,18,0.0
Tra Vinh,2016-01-19,2016,1,19,0.0
Tra Vinh,2016-01-20,2016,1,20,0.0
Tra Vinh,2016-01-21,2016,1,21,0.0
Tra Vinh,2016-01-22,2016,1,22,0.0
Tra Vinh,2016-01-23,2016,1,23,0.0
Tra Vinh,2016-01-24,2016,1,24,0.0
Tra Vinh,2016-01-25,2016,1,25,0.0
Tra Vinh,2016-01-26,2016,1,26,0.0
Tra Vinh,2016-01-27,2016,1,27,0.0
Tra Vinh,2016-01-28,2016,1,28,0.0
Tra Vinh,2016-01-29,2016,1,29,0.0
Tra Vinh,2016-01-30,2016,1,30,0.0
Tra Vinh,2016-01-31,2016,1,31,0.0
Tra Vinh,2016-02-01,2016,2,1,0.0
Tra Vinh,2016-02-02,2016,2,2,0.0
Tra Vinh,2016-02-03,2016,2,3,0.0
Tra Vinh,2016-02-04,2016,2,4,0.0317681722606739
Tra Vinh,2016-02-05,2016,2,5,0.0141854574073985
Tra Vinh,2016-02-06,2016,2,6,0.0
Tra Vinh,2016-02-07,2016,2,7,0.0
Tra Vinh,2016-02-08,2016,2,8,0.0
Tra Vinh,2016-02-09,2016,2,9,0.0252065858984474
Tra Vinh,2016-02-10,2016,2,10,0.5083968896926601
Tra Vinh,2016-02-11,2016,2,11,0.0296989935615112
Tra Vinh,2016-02-12,2016,2,12,0.0
Tra Vinh,2016-02-13,2016,2,13,0.0
Tra Vinh,2016-02-14,2016,2,14,0.0
Tra Vinh,2016-02-15,2016,2,15,0.0571968466558272
Tra Vinh,2016-02-16,2016,2,16,0.022187758046622
Tra Vinh,2016-02-17,2016,2,17,0.0
Tra Vinh,2016-02-18,2016,2,18,0.0
Tra Vinh,2016-02-19,2016,2,19,0.0
Tra Vinh,2016-02-20,2016,2,20,0.0
Tra Vinh,2016-02-21,2016,2,21,0.0
Tra Vinh,2016-02-22,2016,2,22,0.0
Tra Vinh,2016-02-23,2016,2,23,0.0
Tra Vinh,2016-02-24,2016,2,24,0.0
Tra Vinh,2016-02-25,2016,2,25,0.0174932508605635
Tra Vinh,2016-02-26,2016,2,26,0.0
Tra Vinh,2016-02-27,2016,2,27,0.0
Tra Vinh,2016-02-28,2016,2,28,0.0
Tra Vinh,2016-02-29,2016,2,29,0.0
Tra Vinh,2016-03-01,2016,3,1,0.0
Tra Vinh,2016-03-02,2016,3,2,0.0
Tra Vinh,2016-03-03,2016,3,3,0.0
Tra Vinh,2016-03-04,2016,3,4,0.0
Tra Vinh,2016-03-05,2016,3,5,0.0
Tra Vinh,2016-03-06,2016,3,6,0.0
Tra Vinh,2016-03-07,2016,3,7,0.0
Tra Vinh,2016-03-08,2016,3,8,0.0
Tra Vinh,2016-03-09,2016,3,9,0.0
Tra Vinh,2016-03-10,2016,3,10,0.0
Tra Vinh,2016-03-11,2016,3,11,0.0
Tra Vinh,2016-03-12,2016,3,12,0.0
Tra Vinh,2016-03-13,2016,3,13,0.0
Tra Vinh,2016-03-14,2016,3,14,0.0
Tra Vinh,2016-03-15,2016,3,15,0.0
Tra Vinh,2016-03-16,2016,3,16,0.0
Tra Vinh,2016-03-17,2016,3,17,0.0
Tra Vinh,2016-03-18,2016,3,18,0.0
Tra Vinh,2016-03-19,2016,3,19,0.0
Tra Vinh,2016-03-20,2016,3,20,0.0
Tra Vinh,2016-03-21,2016,3,21,0.0
Tra Vinh,2016-03-22,2016,3,22,0.0
Tra Vinh,2016-03-23,2016,3,23,0.0
Tra Vinh,2016-03-24,2016,3,24,0.0
Tra Vinh,2016-03-25,2016,3,25,0.0
Tra Vinh,2016-03-26,2016,3,26,0.0
Tra Vinh,2016-03-27,2016,3,27,0.0
Tra Vinh,2016-03-28,2016,3,28,0.0
Tra Vinh,2016-03-29,2016,3,29,0.0
Tra Vinh,2016-03-30,2016,3,30,0.0
Tra Vinh,2016-03-31,2016,3,31,0.0
Tra Vinh,2016-04-01,2016,4,1,0.0
Tra Vinh,2016-04-02,2016,4,2,0.0
Tra Vinh,2016-04-03,2016,4,3,0.0
Tra Vinh,2016-04-04,2016,4,4,0.0
Tra Vinh,2016-04-05,2016,4,5,0.5062805739084388
Tra Vinh,2016-04-06,2016,4,6,0.0
Tra Vinh,2016-04-07,2016,4,7,0.0
Tra Vinh,2016-04-08,2016,4,8,0.4180008158615271
Tra Vinh,2016-04-09,2016,4,9,0.0
Tra Vinh,2016-04-10,2016,4,10,0.0
Tra Vinh,2016-04-11,2016,4,11,0.0
Tra Vinh,2016-04-12,2016,4,12,0.0
Tra Vinh,2016-04-13,2016,4,13,0.0
Tra Vinh,2016-04-14,2016,4,14,0.0
Tra Vinh,2016-04-15,2016,4,15,0.0
Tra Vinh,2016-04-16,2016,4,16,0.0
Tra Vinh,2016-04-17,2016,4,17,0.0
Tra Vinh,2016-04-18,2016,4,18,0.0749918638344848
Tra Vinh,2016-04-19,2016,4,19,0.0
Tra Vinh,2016-04-20,2016,4,20,0.0
Tra Vinh,2016-04-21,2016,4,21,0.0
Tra Vinh,2016-04-22,2016,4,22,0.0
Tra Vinh,2016-04-23,2016,4,23,0.0
Tra Vinh,2016-04-24,2016,4,24,0.0
Tra Vinh,2016-04-25,2016,4,25,0.6293049299331612
Tra Vinh,2016-04-26,2016,4,26,0.0
Tra Vinh,2016-04-27,2016,4,27,0.0
Tra Vinh,2016-04-28,2016,4,28,0.726375555174563
Tra Vinh,2016-04-29,2016,4,29,0.0
Tra Vinh,2016-04-30,2016,4,30,0.0
Tra Vinh,2016-05-01,2016,5,1,0.0
Tra Vinh,2016-05-02,2016,5,2,0.0
Tra Vinh,2016-05-03,2016,5,3,0.0
Tra Vinh,2016-05-04,2016,5,4,0.0
Tra Vinh,2016-05-05,2016,5,5,0.0
Tra Vinh,2016-05-06,2016,5,6,3.37502245242848
Tra Vinh,2016-05-07,2016,5,7,0.0
Tra Vinh,2016-05-08,2016,5,8,0.0
Tra Vinh,2016-05-09,2016,5,9,0.0
Tra Vinh,2016-05-10,2016,5,10,0.0
Tra Vinh,2016-05-11,2016,5,11,0.4837990746409214
Tra Vinh,2016-05-12,2016,5,12,0.4624374763097479
Tra Vinh,2016-05-13,2016,5,13,0.081082637593015
Tra Vinh,2016-05-14,2016,5,14,0.0780232850559678
Tra Vinh,2016-05-15,2016,5,15,10.76518874521518
Tra Vinh,2016-05-16,2016,5,16,3.22135034900293
Tra Vinh,2016-05-17,2016,5,17,9.290343574413743
Tra Vinh,2016-05-18,2016,5,18,7.499510730721712
Tra Vinh,2016-05-19,2016,5,19,4.955680974155322
Tra Vinh,2016-05-20,2016,5,20,5.045846168130855
Tra Vinh,2016-05-21,2016,5,21,35.8787877812882
Tra Vinh,2016-05-22,2016,5,22,8.81065357763053
Tra Vinh,2016-05-23,2016,5,23,3.389888948021697
Tra Vinh,2016-05-24,2016,5,24,25.85572643754664
Tra Vinh,2016-05-25,2016,5,25,11.183715349795657
Tra Vinh,2016-05-26,2016,5,26,23.64293371287496
Tra Vinh,2016-05-27,2016,5,27,13.215201294114284
Tra Vinh,2016-05-28,2016,5,28,3.014815217371737
Tra Vinh,2016-05-29,2016,5,29,7.798622908991015
Tra Vinh,2016-05-30,2016,5,30,13.87924998551123
Tra Vinh,2016-05-31,2016,5,31,1.922584000725776
Tra Vinh,2016-06-01,2016,6,1,0.5115598457602122
Tra Vinh,2016-06-02,2016,6,2,0.2082247701550785
Tra Vinh,2016-06-03,2016,6,3,5.700900017980714
Tra Vinh,2016-06-04,2016,6,4,1.501052754912516
Tra Vinh,2016-06-05,2016,6,5,2.343643573404113
Tra Vinh,2016-06-06,2016,6,6,9.80759861431754
Tra Vinh,2016-06-07,2016,6,7,8.00496080920943
Tra Vinh,2016-06-08,2016,6,8,4.894407321912559
Tra Vinh,2016-06-09,2016,6,9,4.780304171956663
Tra Vinh,2016-06-10,2016,6,10,0.3322004998507041
Tra Vinh,2016-06-11,2016,6,11,11.176475610267364
Tra Vinh,2016-06-12,2016,6,12,7.183584864014779
Tra Vinh,2016-06-13,2016,6,13,9.957144210700276
Tra Vinh,2016-06-14,2016,6,14,6.077275203908224
Tra Vinh,2016-06-15,2016,6,15,10.582982210577171
Tra Vinh,2016-06-16,2016,6,16,12.937465996319805
Tra Vinh,2016-06-17,2016,6,17,1.5145462964648198
Tra Vinh,2016-06-18,2016,6,18,4.20016447779499
Tra Vinh,2016-06-19,2016,6,19,19.1484437864296
Tra Vinh,2016-06-20,2016,6,20,13.604530613422796
Tra Vinh,2016-06-21,2016,6,21,4.612896671524736
Tra Vinh,2016-06-22,2016,6,22,12.390232973584396
Tra Vinh,2016-06-23,2016,6,23,9.229822572906215
Tra Vinh,2016-06-24,2016,6,24,4.56878340503222
Tra Vinh,2016-06-25,2016,6,25,7.3285058353096835
Tra Vinh,2016-06-26,2016,6,26,15.052342981930895
Tra Vinh,2016-06-27,2016,6,27,10.774604349803448
Tra Vinh,2016-06-28,2016,6,28,12.381210912572676
Tra Vinh,2016-06-29,2016,6,29,4.275864517513412
Tra Vinh,2016-06-30,2016,6,30,0.0730921525475671
Tra Vinh,2016-07-01,2016,7,1,0.0
Tra Vinh,2016-07-02,2016,7,2,3.544362684733157
Tra Vinh,2016-07-03,2016,7,3,0.0
Tra Vinh,2016-07-04,2016,7,4,0.2192525631019105
Tra Vinh,2016-07-05,2016,7,5,8.481133706614116
Tra Vinh,2016-07-06,2016,7,6,0.163196900246876
Tra Vinh,2016-07-07,2016,7,7,0.3432650130203243
Tra Vinh,2016-07-08,2016,7,8,2.357191144981729
Tra Vinh,2016-07-09,2016,7,9,12.723613879936291
Tra Vinh,2016-07-10,2016,7,10,0.2553583858399303
Tra Vinh,2016-07-11,2016,7,11,12.233028478717848
Tra Vinh,2016-07-12,2016,7,12,4.465349795554504
Tra Vinh,2016-07-13,2016,7,13,8.074424322219876
Tra Vinh,2016-07-14,2016,7,14,2.422311988654902
Tra Vinh,2016-07-15,2016,7,15,3.769676551464908
Tra Vinh,2016-07-16,2016,7,16,4.798975265258516
Tra Vinh,2016-07-17,2016,7,17,1.6397575276293908
Tra Vinh,2016-07-18,2016,7,18,2.5977211406093503
Tra Vinh,2016-07-19,2016,7,19,3.9754155257308046
Tra Vinh,2016-07-20,2016,7,20,1.0431550425179943
Tra Vinh,2016-07-21,2016,7,21,0.7831176321629233
Tra Vinh,2016-07-22,2016,7,22,6.967334889582696
Tra Vinh,2016-07-23,2016,7,23,3.345646046044704
Tra Vinh,2016-07-24,2016,7,24,3.522014713713464
Tra Vinh,2016-07-25,2016,7,25,14.000254933907875
Tra Vinh,2016-07-26,2016,7,26,30.858627566195185
Tra Vinh,2016-07-27,2016,7,27,22.13067365120837
Tra Vinh,2016-07-28,2016,7,28,9.181493419387383
Tra Vinh,2016-07-29,2016,7,29,11.271460177267594
Tra Vinh,2016-07-30,2016,7,30,30.47049501832374
Tra Vinh,2016-07-31,2016,7,31,0.867892857941069
Tra Vinh,2016-08-01,2016,8,1,8.362476967411485
Tra Vinh,2016-08-02,2016,8,2,37.76458062337813
Tra Vinh,2016-08-03,2016,8,3,2.882837899733918
Tra Vinh,2016-08-04,2016,8,4,0.2259893698918221
Tra Vinh,2016-08-05,2016,8,5,2.0280614452564305
Tra Vinh,2016-08-06,2016,8,6,2.638943822685216
Tra Vinh,2016-08-07,2016,8,7,6.48339388257156
Tra Vinh,2016-08-08,2016,8,8,2.513595575182911
Tra Vinh,2016-08-09,2016,8,9,0.0
Tra Vinh,2016-08-10,2016,8,10,17.832895625650885
Tra Vinh,2016-08-11,2016,8,11,4.43267668767609
Tra Vinh,2016-08-12,2016,8,12,3.4730330187376897
Tra Vinh,2016-08-13,2016,8,13,13.577539907004132
Tra Vinh,2016-08-14,2016,8,14,7.745906808732285
Tra Vinh,2016-08-15,2016,8,15,0.1731983102120271
Tra Vinh,2016-08-16,2016,8,16,5.783321554831646
Tra Vinh,2016-08-17,2016,8,17,7.078400940758069
Tra Vinh,2016-08-18,2016,8,18,7.181058012646077
Tra Vinh,2016-08-19,2016,8,19,0.4575550332423333
Tra Vinh,2016-08-20,2016,8,20,0.9064366666398456
Tra Vinh,2016-08-21,2016,8,21,11.526401827187335
Tra Vinh,2016-08-22,2016,8,22,8.636557567398913
Tra Vinh,2016-08-23,2016,8,23,6.4858122831005005
Tra Vinh,2016-08-24,2016,8,24,3.1580162441932327
Tra Vinh,2016-08-25,2016,8,25,0.4731470177739179
Tra Vinh,2016-08-26,2016,8,26,5.166635521216249
Tra Vinh,2016-08-27,2016,8,27,10.286239450174005
Tra Vinh,2016-08-28,2016,8,28,6.9036501629731335
Tra Vinh,2016-08-29,2016,8,29,0.0
Tra Vinh,2016-08-30,2016,8,30,0.3186146737123648
Tra Vinh,2016-08-31,2016,8,31,0.0
Tra Vinh,2016-09-01,2016,9,1,1.035382436588725
Tra Vinh,2016-09-02,2016,9,2,2.591829411867685
Tra Vinh,2016-09-03,2016,9,3,0.0
Tra Vinh,2016-09-04,2016,9,4,4.007403323940685
Tra Vinh,2016-09-05,2016,9,5,3.83462407821587
Tra Vinh,2016-09-06,2016,9,6,10.309967005234483
Tra Vinh,2016-09-07,2016,9,7,22.47858050294833
Tra Vinh,2016-09-08,2016,9,8,0.0
Tra Vinh,2016-09-09,2016,9,9,4.392461184377197
Tra Vinh,2016-09-10,2016,9,10,11.254426030760358
Tra Vinh,2016-09-11,2016,9,11,12.78343596891886
Tra Vinh,2016-09-12,2016,9,12,6.522069452317407
Tra Vinh,2016-09-13,2016,9,13,0.1666955953686588
Tra Vinh,2016-09-14,2016,9,14,12.088109797038475
Tra Vinh,2016-09-15,2016,9,15,9.741417692505598
Tra Vinh,2016-09-16,2016,9,16,12.440218550518304
Tra Vinh,2016-09-17,2016,9,17,7.214130502797524
Tra Vinh,2016-09-18,2016,9,18,13.75861631296874
Tra Vinh,2016-09-19,2016,9,19,8.694773537879804
Tra Vinh,2016-09-20,2016,9,20,18.957979304455723
Tra Vinh,2016-09-21,2016,9,21,26.52357533207627
Tra Vinh,2016-09-22,2016,9,22,10.635568903637107
Tra Vinh,2016-09-23,2016,9,23,11.515079223133055
Tra Vinh,2016-09-24,2016,9,24,7.559027308049271
Tra Vinh,2016-09-25,2016,9,25,28.55888475906099
Tra Vinh,2016-09-26,2016,9,26,17.56660244694036
Tra Vinh,2016-09-27,2016,9,27,18.594205275465928
Tra Vinh,2016-09-28,2016,9,28,14.038609492120235
Tra Vinh,2016-09-29,2016,9,29,1.8387483358790933
Tra Vinh,2016-09-30,2016,9,30,10.851433658550915
Tra Vinh,2016-10-01,2016,10,1,14.342999253697894
Tra Vinh,2016-10-02,2016,10,2,12.040894639538925
Tra Vinh,2016-10-03,2016,10,3,25.26025003691258
Tra Vinh,2016-10-04,2016,10,4,1.2577925026875507
Tra Vinh,2016-10-05,2016,10,5,12.72753700858123
Tra Vinh,2016-10-06,2016,10,6,26.10064201500143
Tra Vinh,2016-10-07,2016,10,7,23.63175618874836
Tra Vinh,2016-10-08,2016,10,8,0.0312027545062541
Tra Vinh,2016-10-09,2016,10,9,5.543595813534616
Tra Vinh,2016-10-10,2016,10,10,5.4329502352164365
Tra Vinh,2016-10-11,2016,10,11,21.70262142815548
Tra Vinh,2016-10-12,2016,10,12,31.816335014345206
Tra Vinh,2016-10-13,2016,10,13,7.552409281950026
Tra Vinh,2016-10-14,2016,10,14,1.3192853242979508
Tra Vinh,2016-10-15,2016,10,15,14.153188054839294
Tra Vinh,2016-10-16,2016,10,16,51.0554846701957
Tra Vinh,2016-10-17,2016,10,17,16.131431134762018
Tra Vinh,2016-10-18,2016,10,18,3.5364791855396955
Tra Vinh,2016-10-19,2016,10,19,26.44637223209134
Tra Vinh,2016-10-20,2016,10,20,8.384461223069918
Tra Vinh,2016-10-21,2016,10,21,5.557378533356652
Tra Vinh,2016-10-22,2016,10,22,27.789001369264263
Tra Vinh,2016-10-23,2016,10,23,20.50886155149356
Tra Vinh,2016-10-24,2016,10,24,12.171259873929092
Tra Vinh,2016-10-25,2016,10,25,26.92259488367556
Tra Vinh,2016-10-26,2016,10,26,2.729045552413891
Tra Vinh,2016-10-27,2016,10,27,4.443890247545588
Tra Vinh,2016-10-28,2016,10,28,12.41441172739573
Tra Vinh,2016-10-29,2016,10,29,26.83596195825169
Tra Vinh,2016-10-30,2016,10,30,18.20103519788986
Tra Vinh,2016-10-31,2016,10,31,10.257980136865624
Tra Vinh,2016-11-01,2016,11,1,13.4522795088988
Tra Vinh,2016-11-02,2016,11,2,9.76408614744503
Tra Vinh,2016-11-03,2016,11,3,35.01400748240309
Tra Vinh,2016-11-04,2016,11,4,57.50805667960704
Tra Vinh,2016-11-05,2016,11,5,35.85717623862155
Tra Vinh,2016-11-06,2016,11,6,0.0
Tra Vinh,2016-11-07,2016,11,7,0.0
Tra Vinh,2016-11-08,2016,11,8,0.0
Tra Vinh,2016-11-09,2016,11,9,0.0
Tra Vinh,2016-11-10,2016,11,10,0.0
Tra Vinh,2016-11-11,2016,11,11,0.0
Tra Vinh,2016-11-12,2016,11,12,0.0
Tra Vinh,2016-11-13,2016,11,13,0.0
Tra Vinh,2016-11-14,2016,11,14,0.0
Tra Vinh,2016-11-15,2016,11,15,1.156717734967253
Tra Vinh,2016-11-16,2016,11,16,0.6665248238002618
Tra Vinh,2016-11-17,2016,11,17,2.3211917432736424
Tra Vinh,2016-11-18,2016,11,18,12.744675779986917
Tra Vinh,2016-11-19,2016,11,19,0.0
Tra Vinh,2016-11-20,2016,11,20,1.6052988836739597
Tra Vinh,2016-11-21,2016,11,21,0.2213131499449492
Tra Vinh,2016-11-22,2016,11,22,0.0584973667510782
Tra Vinh,2016-11-23,2016,11,23,0.7998368496239967
Tra Vinh,2016-11-24,2016,11,24,0.0
Tra Vinh,2016-11-25,2016,11,25,0.0
Tra Vinh,2016-11-26,2016,11,26,0.3900026342329334
Tra Vinh,2016-11-27,2016,11,27,0.0
Tra Vinh,2016-11-28,2016,11,28,2.264710722325173
Tra Vinh,2016-11-29,2016,11,29,0.317794041122272
Tra Vinh,2016-11-30,2016,11,30,18.087020227761062
Tra Vinh,2016-12-01,2016,12,1,3.499383913496121
Tra Vinh,2016-12-02,2016,12,2,13.658160501205757
Tra Vinh,2016-12-03,2016,12,3,4.7885297019297735
Tra Vinh,2016-12-04,2016,12,4,1.071158368281264
Tra Vinh,2016-12-05,2016,12,5,0.0
Tra Vinh,2016-12-06,2016,12,6,0.0
Tra Vinh,2016-12-07,2016,12,7,0.3166152306330474
Tra Vinh,2016-12-08,2016,12,8,0.3760370381554924
Tra Vinh,2016-12-09,2016,12,9,2.55647412165222
Tra Vinh,2016-12-10,2016,12,10,13.139891846191786
Tra Vinh,2016-12-11,2016,12,11,11.902201355675947
Tra Vinh,2016-12-12,2016,12,12,14.358902457434432
Tra Vinh,2016-12-13,2016,12,13,0.649075600302523
Tra Vinh,2016-12-14,2016,12,14,0.0
Tra Vinh,2016-12-15,2016,12,15,0.0
Tra Vinh,2016-12-16,2016,12,16,2.99707744866533
Tra Vinh,2016-12-17,2016,12,17,1.255437349363822
Tra Vinh,2016-12-18,2016,12,18,12.51265508043515
Tra Vinh,2016-12-19,2016,12,19,6.775593417963452
Tra Vinh,2016-12-20,2016,12,20,2.7936934907762163
Tra Vinh,2016-12-21,2016,12,21,0.0
Tra Vinh,2016-12-22,2016,12,22,0.0
Tra Vinh,2016-12-23,2016,12,23,0.0
Tra Vinh,2016-12-24,2016,12,24,0.0440778237378391
Tra Vinh,2016-12-25,2016,12,25,3.788010423134916
Tra Vinh,2016-12-26,2016,12,26,0.0007919782101445386
Tra Vinh,2016-12-27,2016,12,27,1.2595361920886918
Tra Vinh,2016-12-28,2016,12,28,3.661780099558262
Tra Vinh,2016-12-29,2016,12,29,0.0
Tra Vinh,2016-12-30,2016,12,30,0.0
Tra Vinh,2016-12-31,2016,12,31,1.0820307275801204
Tra Vinh,2017-01-01,2017,1,1,0.0
Tra Vinh,2017-01-02,2017,1,2,0.0841787607726509
Tra Vinh,2017-01-03,2017,1,3,0.0
Tra Vinh,2017-01-04,2017,1,4,0.0
Tra Vinh,2017-01-05,2017,1,5,0.2768062291511087
Tra Vinh,2017-01-06,2017,1,6,0.0
Tra Vinh,2017-01-07,2017,1,7,0.0
Tra Vinh,2017-01-08,2017,1,8,0.0
Tra Vinh,2017-01-09,2017,1,9,0.0
Tra Vinh,2017-01-10,2017,1,10,0.0
Tra Vinh,2017-01-11,2017,1,11,0.0458942644383451
Tra Vinh,2017-01-12,2017,1,12,0.0281029428929289
Tra Vinh,2017-01-13,2017,1,13,0.0
Tra Vinh,2017-01-14,2017,1,14,3.3102121104873183
Tra Vinh,2017-01-15,2017,1,15,5.232432309574441
Tra Vinh,2017-01-16,2017,1,16,0.0
Tra Vinh,2017-01-17,2017,1,17,0.5427770296034291
Tra Vinh,2017-01-18,2017,1,18,0.1837250923287751
Tra Vinh,2017-01-19,2017,1,19,1.1083940700606356
Tra Vinh,2017-01-20,2017,1,20,0.4202831629093476
Tra Vinh,2017-01-21,2017,1,21,0.0088553449292865
Tra Vinh,2017-01-22,2017,1,22,0.0930182372777507
Tra Vinh,2017-01-23,2017,1,23,0.0
Tra Vinh,2017-01-24,2017,1,24,0.0
Tra Vinh,2017-01-25,2017,1,25,0.031992152687503
Tra Vinh,2017-01-26,2017,1,26,0.0
Tra Vinh,2017-01-27,2017,1,27,0.0
Tra Vinh,2017-01-28,2017,1,28,0.0
Tra Vinh,2017-01-29,2017,1,29,0.0251451873572357
Tra Vinh,2017-01-30,2017,1,30,0.0104375316997012
Tra Vinh,2017-01-31,2017,1,31,0.1941512599600182
Tra Vinh,2017-02-01,2017,2,1,0.2887843976535408
Tra Vinh,2017-02-02,2017,2,2,0.7830076598297412
Tra Vinh,2017-02-03,2017,2,3,0.0424851933585
Tra Vinh,2017-02-04,2017,2,4,0.0
Tra Vinh,2017-02-05,2017,2,5,0.125187455231621
Tra Vinh,2017-02-06,2017,2,6,0.0
Tra Vinh,2017-02-07,2017,2,7,0.0593878920718056
Tra Vinh,2017-02-08,2017,2,8,0.0
Tra Vinh,2017-02-09,2017,2,9,0.4739079473058197
Tra Vinh,2017-02-10,2017,2,10,0.0
Tra Vinh,2017-02-11,2017,2,11,0.0
Tra Vinh,2017-02-12,2017,2,12,0.0
Tra Vinh,2017-02-13,2017,2,13,0.0
Tra Vinh,2017-02-14,2017,2,14,0.0
Tra Vinh,2017-02-15,2017,2,15,1.970470493066528
Tra Vinh,2017-02-16,2017,2,16,0.0
Tra Vinh,2017-02-17,2017,2,17,0.0
Tra Vinh,2017-02-18,2017,2,18,0.0
Tra Vinh,2017-02-19,2017,2,19,0.0
Tra Vinh,2017-02-20,2017,2,20,1.3708790514394522
Tra Vinh,2017-02-21,2017,2,21,0.1221590402372192
Tra Vinh,2017-02-22,2017,2,22,0.0
Tra Vinh,2017-02-23,2017,2,23,0.0
Tra Vinh,2017-02-24,2017,2,24,1.066580802849547
Tra Vinh,2017-02-25,2017,2,25,0.0
Tra Vinh,2017-02-26,2017,2,26,0.2164455949087845
Tra Vinh,2017-02-27,2017,2,27,0.0
Tra Vinh,2017-02-28,2017,2,28,0.0
Tra Vinh,2017-03-01,2017,3,1,0.0463137704020833
Tra Vinh,2017-03-02,2017,3,2,0.0
Tra Vinh,2017-03-03,2017,3,3,0.0
Tra Vinh,2017-03-04,2017,3,4,0.0291219100149672
Tra Vinh,2017-03-05,2017,3,5,0.0
Tra Vinh,2017-03-06,2017,3,6,0.0380378988169596
Tra Vinh,2017-03-07,2017,3,7,0.0
Tra Vinh,2017-03-08,2017,3,8,0.0
Tra Vinh,2017-03-09,2017,3,9,0.0
Tra Vinh,2017-03-10,2017,3,10,0.0
Tra Vinh,2017-03-11,2017,3,11,0.0
Tra Vinh,2017-03-12,2017,3,12,0.1432105149594008
Tra Vinh,2017-03-13,2017,3,13,0.3207021630562653
Tra Vinh,2017-03-14,2017,3,14,0.0
Tra Vinh,2017-03-15,2017,3,15,0.0
Tra Vinh,2017-03-16,2017,3,16,0.0
Tra Vinh,2017-03-17,2017,3,17,0.0
Tra Vinh,2017-03-18,2017,3,18,0.0160151795279129
Tra Vinh,2017-03-19,2017,3,19,0.0
Tra Vinh,2017-03-20,2017,3,20,0.0
Tra Vinh,2017-03-21,2017,3,21,0.0
Tra Vinh,2017-03-22,2017,3,22,0.0
Tra Vinh,2017-03-23,2017,3,23,0.0
Tra Vinh,2017-03-24,2017,3,24,0.1248020610178109
Tra Vinh,2017-03-25,2017,3,25,0.0
Tra Vinh,2017-03-26,2017,3,26,0.0030331247093862
Tra Vinh,2017-03-27,2017,3,27,1.6901061746102426
Tra Vinh,2017-03-28,2017,3,28,1.087546662742385
Tra Vinh,2017-03-29,2017,3,29,2.5970079555396475
Tra Vinh,2017-03-30,2017,3,30,0.1561092678983129
Tra Vinh,2017-03-31,2017,3,31,0.1679852061420907
Tra Vinh,2017-04-01,2017,4,1,0.3077331094511842
Tra Vinh,2017-04-02,2017,4,2,0.5128224699522095
Tra Vinh,2017-04-03,2017,4,3,9.822687356476496
Tra Vinh,2017-04-04,2017,4,4,0.0
Tra Vinh,2017-04-05,2017,4,5,0.610043328420431
Tra Vinh,2017-04-06,2017,4,6,0.2761887393895633
Tra Vinh,2017-04-07,2017,4,7,0.0
Tra Vinh,2017-04-08,2017,4,8,0.0
Tra Vinh,2017-04-09,2017,4,9,0.0
Tra Vinh,2017-04-10,2017,4,10,0.0
Tra Vinh,2017-04-11,2017,4,11,0.0
Tra Vinh,2017-04-12,2017,4,12,0.0
Tra Vinh,2017-04-13,2017,4,13,0.3626843553252437
Tra Vinh,2017-04-14,2017,4,14,0.3637406260045303
Tra Vinh,2017-04-15,2017,4,15,0.0
Tra Vinh,2017-04-16,2017,4,16,0.0
Tra Vinh,2017-04-17,2017,4,17,0.0
Tra Vinh,2017-04-18,2017,4,18,0.0
Tra Vinh,2017-04-19,2017,4,19,0.2256948893164413
Tra Vinh,2017-04-20,2017,4,20,0.3567615616458163
Tra Vinh,2017-04-21,2017,4,21,2.002592692186388
Tra Vinh,2017-04-22,2017,4,22,3.133171106997525
Tra Vinh,2017-04-23,2017,4,23,12.45335165384347
Tra Vinh,2017-04-24,2017,4,24,0.0448752134625516
Tra Vinh,2017-04-25,2017,4,25,1.1029141317662443
Tra Vinh,2017-04-26,2017,4,26,3.3195819122803107
Tra Vinh,2017-04-27,2017,4,27,0.0
Tra Vinh,2017-04-28,2017,4,28,0.0
Tra Vinh,2017-04-29,2017,4,29,1.0957992223056536
Tra Vinh,2017-04-30,2017,4,30,0.0
Tra Vinh,2017-05-01,2017,5,1,0.0237928279265391
Tra Vinh,2017-05-02,2017,5,2,0.1951802586854696
Tra Vinh,2017-05-03,2017,5,3,0.0
Tra Vinh,2017-05-04,2017,5,4,4.329506606266234
Tra Vinh,2017-05-05,2017,5,5,2.5414243072439544
Tra Vinh,2017-05-06,2017,5,6,2.726694722481011
Tra Vinh,2017-05-07,2017,5,7,9.611886905914332
Tra Vinh,2017-05-08,2017,5,8,1.4378313195589196
Tra Vinh,2017-05-09,2017,5,9,9.215131747186415
Tra Vinh,2017-05-10,2017,5,10,22.328280814798617
Tra Vinh,2017-05-11,2017,5,11,3.3757252908270834
Tra Vinh,2017-05-12,2017,5,12,0.0508322731865885
Tra Vinh,2017-05-13,2017,5,13,0.3267703182435919
Tra Vinh,2017-05-14,2017,5,14,2.323699029568057
Tra Vinh,2017-05-15,2017,5,15,4.8268476252945645
Tra Vinh,2017-05-16,2017,5,16,21.542936403159704
Tra Vinh,2017-05-17,2017,5,17,9.996703227320262
Tra Vinh,2017-05-18,2017,5,18,4.375691193198471
Tra Vinh,2017-05-19,2017,5,19,24.22168171481228
Tra Vinh,2017-05-20,2017,5,20,7.346597809658633
Tra Vinh,2017-05-21,2017,5,21,4.58826437064964
Tra Vinh,2017-05-22,2017,5,22,7.7105037029714705
Tra Vinh,2017-05-23,2017,5,23,6.118298236673786
Tra Vinh,2017-05-24,2017,5,24,7.399023325601888
Tra Vinh,2017-05-25,2017,5,25,7.845813868778552
Tra Vinh,2017-05-26,2017,5,26,14.975082141427023
Tra Vinh,2017-05-27,2017,5,27,5.815335905957631
Tra Vinh,2017-05-28,2017,5,28,19.673106465438337
Tra Vinh,2017-05-29,2017,5,29,5.4599533618689176
Tra Vinh,2017-05-30,2017,5,30,10.10829559101576
Tra Vinh,2017-05-31,2017,5,31,2.3093413169799506
Tra Vinh,2017-06-01,2017,6,1,0.8897373898428524
Tra Vinh,2017-06-02,2017,6,2,5.61441150748548
Tra Vinh,2017-06-03,2017,6,3,6.090903364931065
Tra Vinh,2017-06-04,2017,6,4,13.003417929441715
Tra Vinh,2017-06-05,2017,6,5,4.4889235251353945
Tra Vinh,2017-06-06,2017,6,6,9.91660747809228
Tra Vinh,2017-06-07,2017,6,7,0.0
Tra Vinh,2017-06-08,2017,6,8,4.229637371590551
Tra Vinh,2017-06-09,2017,6,9,7.354389091658962
Tra Vinh,2017-06-10,2017,6,10,9.597597955199657
Tra Vinh,2017-06-11,2017,6,11,14.473332690809324
Tra Vinh,2017-06-12,2017,6,12,0.1287119311819081
Tra Vinh,2017-06-13,2017,6,13,11.745198738907307
Tra Vinh,2017-06-14,2017,6,14,8.200794327925752
Tra Vinh,2017-06-15,2017,6,15,1.6573191928174404
Tra Vinh,2017-06-16,2017,6,16,1.061991460663407
Tra Vinh,2017-06-17,2017,6,17,3.8232924476716974
Tra Vinh,2017-06-18,2017,6,18,1.4544175560604466
Tra Vinh,2017-06-19,2017,6,19,7.1119893692142
Tra Vinh,2017-06-20,2017,6,20,7.934697803919673
Tra Vinh,2017-06-21,2017,6,21,27.818513119793625
Tra Vinh,2017-06-22,2017,6,22,6.779691165199396
Tra Vinh,2017-06-23,2017,6,23,1.9662656391586455
Tra Vinh,2017-06-24,2017,6,24,15.57286702463193
Tra Vinh,2017-06-25,2017,6,25,4.163415623808062
Tra Vinh,2017-06-26,2017,6,26,5.76990849819472
Tra Vinh,2017-06-27,2017,6,27,4.567420091795395
Tra Vinh,2017-06-28,2017,6,28,0.8928538194798757
Tra Vinh,2017-06-29,2017,6,29,0.7627165487164488
Tra Vinh,2017-06-30,2017,6,30,2.0246095432161937
Tra Vinh,2017-07-01,2017,7,1,0.0
Tra Vinh,2017-07-02,2017,7,2,11.294527229048438
Tra Vinh,2017-07-03,2017,7,3,5.304999781191113
Tra Vinh,2017-07-04,2017,7,4,9.455007258461784
Tra Vinh,2017-07-05,2017,7,5,7.023248505455745
Tra Vinh,2017-07-06,2017,7,6,8.830174308547363
Tra Vinh,2017-07-07,2017,7,7,1.9970019989407564
Tra Vinh,2017-07-08,2017,7,8,0.4436795985839377
Tra Vinh,2017-07-09,2017,7,9,7.396010862439433
Tra Vinh,2017-07-10,2017,7,10,10.948257556140204
Tra Vinh,2017-07-11,2017,7,11,6.790332488775536
Tra Vinh,2017-07-12,2017,7,12,7.36471742537361
Tra Vinh,2017-07-13,2017,7,13,14.010923382684226
Tra Vinh,2017-07-14,2017,7,14,4.863607272156612
Tra Vinh,2017-07-15,2017,7,15,5.632256083831392
Tra Vinh,2017-07-16,2017,7,16,15.504478688971572
Tra Vinh,2017-07-17,2017,7,17,17.613039907765657
Tra Vinh,2017-07-18,2017,7,18,3.05041506869662
Tra Vinh,2017-07-19,2017,7,19,2.9243847600349864
Tra Vinh,2017-07-20,2017,7,20,11.444793826467013
Tra Vinh,2017-07-21,2017,7,21,0.0
Tra Vinh,2017-07-22,2017,7,22,0.0207167745390895
Tra Vinh,2017-07-23,2017,7,23,0.0
Tra Vinh,2017-07-24,2017,7,24,12.41213656338296
Tra Vinh,2017-07-25,2017,7,25,9.029790500381855
Tra Vinh,2017-07-26,2017,7,26,18.10720709774133
Tra Vinh,2017-07-27,2017,7,27,10.153375725022782
Tra Vinh,2017-07-28,2017,7,28,4.025762604223634
Tra Vinh,2017-07-29,2017,7,29,0.8238077705612298
Tra Vinh,2017-07-30,2017,7,30,6.171750098043818
Tra Vinh,2017-07-31,2017,7,31,2.146022040476569
Tra Vinh,2017-08-01,2017,8,1,4.390643516748159
Tra Vinh,2017-08-02,2017,8,2,1.821931155131212
Tra Vinh,2017-08-03,2017,8,3,4.487113963483192
Tra Vinh,2017-08-04,2017,8,4,2.975421576106855
Tra Vinh,2017-08-05,2017,8,5,22.98780942419889
Tra Vinh,2017-08-06,2017,8,6,1.5443300880671404
Tra Vinh,2017-08-07,2017,8,7,0.971178287560254
Tra Vinh,2017-08-08,2017,8,8,1.6623513912856929
Tra Vinh,2017-08-09,2017,8,9,3.571023651477881
Tra Vinh,2017-08-10,2017,8,10,5.955525771305869
Tra Vinh,2017-08-11,2017,8,11,0.8442488426690794
Tra Vinh,2017-08-12,2017,8,12,0.3192583802665055
Tra Vinh,2017-08-13,2017,8,13,14.510419293042832
Tra Vinh,2017-08-14,2017,8,14,3.39932089348787
Tra Vinh,2017-08-15,2017,8,15,9.363449862579492
Tra Vinh,2017-08-16,2017,8,16,14.796626888606738
Tra Vinh,2017-08-17,2017,8,17,10.888123722795706
Tra Vinh,2017-08-18,2017,8,18,21.73568363990541
Tra Vinh,2017-08-19,2017,8,19,0.6317774254949107
Tra Vinh,2017-08-20,2017,8,20,0.3705120890369286
Tra Vinh,2017-08-21,2017,8,21,2.620721291095064
Tra Vinh,2017-08-22,2017,8,22,12.625221609824614
Tra Vinh,2017-08-23,2017,8,23,11.656664945395429
Tra Vinh,2017-08-24,2017,8,24,6.892130279420725
Tra Vinh,2017-08-25,2017,8,25,13.959986303022664
Tra Vinh,2017-08-26,2017,8,26,22.25159017387691
Tra Vinh,2017-08-27,2017,8,27,2.644146269297872
Tra Vinh,2017-08-28,2017,8,28,2.170481444444945
Tra Vinh,2017-08-29,2017,8,29,1.908560368430416
Tra Vinh,2017-08-30,2017,8,30,6.381360626840501
Tra Vinh,2017-08-31,2017,8,31,10.575362877212104
Tra Vinh,2017-09-01,2017,9,1,17.053705203628983
Tra Vinh,2017-09-02,2017,9,2,1.617169072582351
Tra Vinh,2017-09-03,2017,9,3,0.0
Tra Vinh,2017-09-04,2017,9,4,0.6100270825205488
Tra Vinh,2017-09-05,2017,9,5,0.2823441154389619
Tra Vinh,2017-09-06,2017,9,6,0.0126223281568719
Tra Vinh,2017-09-07,2017,9,7,0.3193140422786139
Tra Vinh,2017-09-08,2017,9,8,0.0
Tra Vinh,2017-09-09,2017,9,9,0.822317251868384
Tra Vinh,2017-09-10,2017,9,10,3.906890564012144
Tra Vinh,2017-09-11,2017,9,11,0.0495032457198692
Tra Vinh,2017-09-12,2017,9,12,0.9602611372363612
Tra Vinh,2017-09-13,2017,9,13,21.642120778917423
Tra Vinh,2017-09-14,2017,9,14,27.811497290725278
Tra Vinh,2017-09-15,2017,9,15,10.25041028340902
Tra Vinh,2017-09-16,2017,9,16,2.2811053700175505
Tra Vinh,2017-09-17,2017,9,17,3.439035262065766
Tra Vinh,2017-09-18,2017,9,18,15.91525855622211
Tra Vinh,2017-09-19,2017,9,19,7.835173088994133
Tra Vinh,2017-09-20,2017,9,20,4.850777903224169
Tra Vinh,2017-09-21,2017,9,21,23.091990414492702
Tra Vinh,2017-09-22,2017,9,22,10.401714507322827
Tra Vinh,2017-09-23,2017,9,23,13.898835669180375
Tra Vinh,2017-09-24,2017,9,24,11.988403885776773
Tra Vinh,2017-09-25,2017,9,25,0.0
Tra Vinh,2017-09-26,2017,9,26,9.176521236343586
Tra Vinh,2017-09-27,2017,9,27,9.239003723618184
Tra Vinh,2017-09-28,2017,9,28,4.99412095555897
Tra Vinh,2017-09-29,2017,9,29,0.0
Tra Vinh,2017-09-30,2017,9,30,6.148701720213671
Tra Vinh,2017-10-01,2017,10,1,21.944056762269927
Tra Vinh,2017-10-02,2017,10,2,26.107734285706584
Tra Vinh,2017-10-03,2017,10,3,13.065739655180709
Tra Vinh,2017-10-04,2017,10,4,1.03286347559258
Tra Vinh,2017-10-05,2017,10,5,24.937190300259847
Tra Vinh,2017-10-06,2017,10,6,6.4860135389124585
Tra Vinh,2017-10-07,2017,10,7,0.7356379179235234
Tra Vinh,2017-10-08,2017,10,8,0.1985586233397558
Tra Vinh,2017-10-09,2017,10,9,4.664694868031986
Tra Vinh,2017-10-10,2017,10,10,0.0
Tra Vinh,2017-10-11,2017,10,11,17.876128654959505
Tra Vinh,2017-10-12,2017,10,12,23.486883527889635
Tra Vinh,2017-10-13,2017,10,13,24.500173919237994
Tra Vinh,2017-10-14,2017,10,14,29.65822453716584
Tra Vinh,2017-10-15,2017,10,15,0.0855692403019238
Tra Vinh,2017-10-16,2017,10,16,3.306760276344588
Tra Vinh,2017-10-17,2017,10,17,23.20425238714516
Tra Vinh,2017-10-18,2017,10,18,2.4209220985153577
Tra Vinh,2017-10-19,2017,10,19,19.335382536698415
Tra Vinh,2017-10-20,2017,10,20,27.45933862659732
Tra Vinh,2017-10-21,2017,10,21,12.369163241083852
Tra Vinh,2017-10-22,2017,10,22,13.926616323652766
Tra Vinh,2017-10-23,2017,10,23,42.662534164407816
Tra Vinh,2017-10-24,2017,10,24,0.0709491199319212
Tra Vinh,2017-10-25,2017,10,25,2.029968774683641
Tra Vinh,2017-10-26,2017,10,26,1.1492190143685674
Tra Vinh,2017-10-27,2017,10,27,29.30852227054417
Tra Vinh,2017-10-28,2017,10,28,0.3946395293247684
Tra Vinh,2017-10-29,2017,10,29,0.3213430389861316
Tra Vinh,2017-10-30,2017,10,30,0.1586259369648723
Tra Vinh,2017-10-31,2017,10,31,4.339315189486674
Tra Vinh,2017-11-01,2017,11,1,47.86660392724367
Tra Vinh,2017-11-02,2017,11,2,0.5246470248534042
Tra Vinh,2017-11-03,2017,11,3,5.577361100409525
Tra Vinh,2017-11-04,2017,11,4,1.403356808769574
Tra Vinh,2017-11-05,2017,11,5,12.910926942419996
Tra Vinh,2017-11-06,2017,11,6,2.6972709727609416
Tra Vinh,2017-11-07,2017,11,7,4.456237780368895
Tra Vinh,2017-11-08,2017,11,8,0.0
Tra Vinh,2017-11-09,2017,11,9,0.3239207950864914
Tra Vinh,2017-11-10,2017,11,10,13.87660541578462
Tra Vinh,2017-11-11,2017,11,11,1.4063220454909684
Tra Vinh,2017-11-12,2017,11,12,0.0
Tra Vinh,2017-11-13,2017,11,13,0.0
Tra Vinh,2017-11-14,2017,11,14,0.0
Tra Vinh,2017-11-15,2017,11,15,0.0
Tra Vinh,2017-11-16,2017,11,16,0.0
Tra Vinh,2017-11-17,2017,11,17,0.5767694176293363
Tra Vinh,2017-11-18,2017,11,18,19.425550458960117
Tra Vinh,2017-11-19,2017,11,19,21.27456438971601
Tra Vinh,2017-11-20,2017,11,20,0.0
Tra Vinh,2017-11-21,2017,11,21,0.0
Tra Vinh,2017-11-22,2017,11,22,0.0
Tra Vinh,2017-11-23,2017,11,23,0.5229316313123628
Tra Vinh,2017-11-24,2017,11,24,8.159642940895237
Tra Vinh,2017-11-25,2017,11,25,2.037723640366376
Tra Vinh,2017-11-26,2017,11,26,0.5947852461831842
Tra Vinh,2017-11-27,2017,11,27,7.086053479822838
Tra Vinh,2017-11-28,2017,11,28,21.325379817653392
Tra Vinh,2017-11-29,2017,11,29,11.10015231459614
Tra Vinh,2017-11-30,2017,11,30,5.517490096575013
Tra Vinh,2017-12-01,2017,12,1,0.1213147337158989
Tra Vinh,2017-12-02,2017,12,2,0.5339775883337972
Tra Vinh,2017-12-03,2017,12,3,0.2056644822117077
Tra Vinh,2017-12-04,2017,12,4,4.412532821677371
Tra Vinh,2017-12-05,2017,12,5,3.391065105232637
Tra Vinh,2017-12-06,2017,12,6,0.0
Tra Vinh,2017-12-07,2017,12,7,0.6387888979347051
Tra Vinh,2017-12-08,2017,12,8,0.0
Tra Vinh,2017-12-09,2017,12,9,0.3034423684715021
Tra Vinh,2017-12-10,2017,12,10,0.0
Tra Vinh,2017-12-11,2017,12,11,0.0
Tra Vinh,2017-12-12,2017,12,12,0.0
Tra Vinh,2017-12-13,2017,12,13,0.0
Tra Vinh,2017-12-14,2017,12,14,0.0
Tra Vinh,2017-12-15,2017,12,15,0.0
Tra Vinh,2017-12-16,2017,12,16,0.2628628338058116
Tra Vinh,2017-12-17,2017,12,17,0.0
Tra Vinh,2017-12-18,2017,12,18,0.0
Tra Vinh,2017-12-19,2017,12,19,0.0
Tra Vinh,2017-12-20,2017,12,20,0.1147721178749391
Tra Vinh,2017-12-21,2017,12,21,4.71676115711795
Tra Vinh,2017-12-22,2017,12,22,0.0
Tra Vinh,2017-12-23,2017,12,23,0.0458313716320333
Tra Vinh,2017-12-24,2017,12,24,6.760926982980108
Tra Vinh,2017-12-25,2017,12,25,13.343445176606874
Tra Vinh,2017-12-26,2017,12,26,0.0
Tra Vinh,2017-12-27,2017,12,27,0.0
Tra Vinh,2017-12-28,2017,12,28,0.0
Tra Vinh,2017-12-29,2017,12,29,0.3971601918617516
Tra Vinh,2017-12-30,2017,12,30,0.0
Tra Vinh,2017-12-31,2017,12,31,7.46727496382516
Tra Vinh,2018-01-01,2018,1,1,0.0
Tra Vinh,2018-01-02,2018,1,2,0.3651624039919004
Tra Vinh,2018-01-03,2018,1,3,0.0
Tra Vinh,2018-01-04,2018,1,4,0.0
Tra Vinh,2018-01-05,2018,1,5,1.0622760848610011
Tra Vinh,2018-01-06,2018,1,6,0.0
Tra Vinh,2018-01-07,2018,1,7,0.092509789121891
Tra Vinh,2018-01-08,2018,1,8,0.0
Tra Vinh,2018-01-09,2018,1,9,0.0
Tra Vinh,2018-01-10,2018,1,10,0.3510232921062176
Tra Vinh,2018-01-11,2018,1,11,0.0
Tra Vinh,2018-01-12,2018,1,12,0.0515846383175075
Tra Vinh,2018-01-13,2018,1,13,0.1243765469655147
Tra Vinh,2018-01-14,2018,1,14,1.583547799629962
Tra Vinh,2018-01-15,2018,1,15,0.0570872404013859
Tra Vinh,2018-01-16,2018,1,16,0.5619243391002163
Tra Vinh,2018-01-17,2018,1,17,0.0
Tra Vinh,2018-01-18,2018,1,18,0.0
Tra Vinh,2018-01-19,2018,1,19,0.0
Tra Vinh,2018-01-20,2018,1,20,0.0
Tra Vinh,2018-01-21,2018,1,21,0.2103531956570727
Tra Vinh,2018-01-22,2018,1,22,1.626892221627407
Tra Vinh,2018-01-23,2018,1,23,0.0
Tra Vinh,2018-01-24,2018,1,24,0.2735229818963057
Tra Vinh,2018-01-25,2018,1,25,0.0
Tra Vinh,2018-01-26,2018,1,26,0.0295848524405321
Tra Vinh,2018-01-27,2018,1,27,0.4525039261918974
Tra Vinh,2018-01-28,2018,1,28,0.1922005229430951
Tra Vinh,2018-01-29,2018,1,29,0.7282617174500536
Tra Vinh,2018-01-30,2018,1,30,0.0
Tra Vinh,2018-01-31,2018,1,31,0.1196737095945529
Tra Vinh,2018-02-01,2018,2,1,0.0
Tra Vinh,2018-02-02,2018,2,2,0.0
Tra Vinh,2018-02-03,2018,2,3,0.0
Tra Vinh,2018-02-04,2018,2,4,0.0
Tra Vinh,2018-02-05,2018,2,5,0.0
Tra Vinh,2018-02-06,2018,2,6,0.0
Tra Vinh,2018-02-07,2018,2,7,0.0
Tra Vinh,2018-02-08,2018,2,8,0.0
Tra Vinh,2018-02-09,2018,2,9,0.0
Tra Vinh,2018-02-10,2018,2,10,0.0
Tra Vinh,2018-02-11,2018,2,11,0.0
Tra Vinh,2018-02-12,2018,2,12,0.0
Tra Vinh,2018-02-13,2018,2,13,0.0
Tra Vinh,2018-02-14,2018,2,14,0.9298126038902328
Tra Vinh,2018-02-15,2018,2,15,0.8822959534058062
Tra Vinh,2018-02-16,2018,2,16,0.0
Tra Vinh,2018-02-17,2018,2,17,0.0
Tra Vinh,2018-02-18,2018,2,18,0.90003114878591
Tra Vinh,2018-02-19,2018,2,19,0.0
Tra Vinh,2018-02-20,2018,2,20,0.0
Tra Vinh,2018-02-21,2018,2,21,0.9761595457807573
Tra Vinh,2018-02-22,2018,2,22,0.0
Tra Vinh,2018-02-23,2018,2,23,0.0
Tra Vinh,2018-02-24,2018,2,24,0.0
Tra Vinh,2018-02-25,2018,2,25,0.0
Tra Vinh,2018-02-26,2018,2,26,0.0
Tra Vinh,2018-02-27,2018,2,27,0.0
Tra Vinh,2018-02-28,2018,2,28,0.0
Tra Vinh,2018-03-01,2018,3,1,0.0
Tra Vinh,2018-03-02,2018,3,2,0.0
Tra Vinh,2018-03-03,2018,3,3,0.0
Tra Vinh,2018-03-04,2018,3,4,0.0
Tra Vinh,2018-03-05,2018,3,5,0.0
Tra Vinh,2018-03-06,2018,3,6,0.0
Tra Vinh,2018-03-07,2018,3,7,0.0
Tra Vinh,2018-03-08,2018,3,8,0.0
Tra Vinh,2018-03-09,2018,3,9,0.0
Tra Vinh,2018-03-10,2018,3,10,0.0009218636630681184
Tra Vinh,2018-03-11,2018,3,11,0.0
Tra Vinh,2018-03-12,2018,3,12,0.0
Tra Vinh,2018-03-13,2018,3,13,0.0
Tra Vinh,2018-03-14,2018,3,14,0.0
Tra Vinh,2018-03-15,2018,3,15,0.0
Tra Vinh,2018-03-16,2018,3,16,0.0
Tra Vinh,2018-03-17,2018,3,17,0.0
Tra Vinh,2018-03-18,2018,3,18,0.0
Tra Vinh,2018-03-19,2018,3,19,0.0
Tra Vinh,2018-03-20,2018,3,20,0.0
Tra Vinh,2018-03-21,2018,3,21,0.0
Tra Vinh,2018-03-22,2018,3,22,0.566037926843926
Tra Vinh,2018-03-23,2018,3,23,0.0
Tra Vinh,2018-03-24,2018,3,24,0.0
Tra Vinh,2018-03-25,2018,3,25,0.0
Tra Vinh,2018-03-26,2018,3,26,0.0
Tra Vinh,2018-03-27,2018,3,27,0.0
Tra Vinh,2018-03-28,2018,3,28,0.0
Tra Vinh,2018-03-29,2018,3,29,0.0
Tra Vinh,2018-03-30,2018,3,30,0.0
Tra Vinh,2018-03-31,2018,3,31,0.0
Tra Vinh,2018-04-01,2018,4,1,0.0
Tra Vinh,2018-04-02,2018,4,2,0.0
Tra Vinh,2018-04-03,2018,4,3,0.0
Tra Vinh,2018-04-04,2018,4,4,0.0
Tra Vinh,2018-04-05,2018,4,5,0.0
Tra Vinh,2018-04-06,2018,4,6,0.0
Tra Vinh,2018-04-07,2018,4,7,0.0
Tra Vinh,2018-04-08,2018,4,8,0.0
Tra Vinh,2018-04-09,2018,4,9,0.0
Tra Vinh,2018-04-10,2018,4,10,0.0
Tra Vinh,2018-04-11,2018,4,11,0.0
Tra Vinh,2018-04-12,2018,4,12,0.0
Tra Vinh,2018-04-13,2018,4,13,0.0
Tra Vinh,2018-04-14,2018,4,14,0.0
Tra Vinh,2018-04-15,2018,4,15,0.0
Tra Vinh,2018-04-16,2018,4,16,0.0
Tra Vinh,2018-04-17,2018,4,17,0.0253981231052854
Tra Vinh,2018-04-18,2018,4,18,0.4521617001654938
Tra Vinh,2018-04-19,2018,4,19,0.0
Tra Vinh,2018-04-20,2018,4,20,0.0
Tra Vinh,2018-04-21,2018,4,21,1.5819403807464896
Tra Vinh,2018-04-22,2018,4,22,0.0
Tra Vinh,2018-04-23,2018,4,23,0.0
Tra Vinh,2018-04-24,2018,4,24,0.0
Tra Vinh,2018-04-25,2018,4,25,4.591422592210262
Tra Vinh,2018-04-26,2018,4,26,0.4132341156968993
Tra Vinh,2018-04-27,2018,4,27,0.0
Tra Vinh,2018-04-28,2018,4,28,0.671561680177307
Tra Vinh,2018-04-29,2018,4,29,0.1131128919253048
Tra Vinh,2018-04-30,2018,4,30,6.467577472250134
Tra Vinh,2018-05-01,2018,5,1,1.9275180125044853
Tra Vinh,2018-05-02,2018,5,2,0.0
Tra Vinh,2018-05-03,2018,5,3,0.0
Tra Vinh,2018-05-04,2018,5,4,5.261379648726963
Tra Vinh,2018-05-05,2018,5,5,8.047641366796656
Tra Vinh,2018-05-06,2018,5,6,2.811668076575545
Tra Vinh,2018-05-07,2018,5,7,4.1502451388901545
Tra Vinh,2018-05-08,2018,5,8,8.841902281333994
Tra Vinh,2018-05-09,2018,5,9,10.000123533597865
Tra Vinh,2018-05-10,2018,5,10,1.0972730439912564
Tra Vinh,2018-05-11,2018,5,11,1.75951181893188
Tra Vinh,2018-05-12,2018,5,12,2.227840439578457
Tra Vinh,2018-05-13,2018,5,13,4.464444957687565
Tra Vinh,2018-05-14,2018,5,14,0.0094283558842421
Tra Vinh,2018-05-15,2018,5,15,0.0
Tra Vinh,2018-05-16,2018,5,16,2.3698549145344923
Tra Vinh,2018-05-17,2018,5,17,1.9775492171354725
Tra Vinh,2018-05-18,2018,5,18,2.851144157048063
Tra Vinh,2018-05-19,2018,5,19,16.16814974401472
Tra Vinh,2018-05-20,2018,5,20,11.430625343334986
Tra Vinh,2018-05-21,2018,5,21,9.927869213102449
Tra Vinh,2018-05-22,2018,5,22,9.718978303904327
Tra Vinh,2018-05-23,2018,5,23,3.139175222503928
Tra Vinh,2018-05-24,2018,5,24,10.498203165188226
Tra Vinh,2018-05-25,2018,5,25,0.0429596044333425
Tra Vinh,2018-05-26,2018,5,26,6.653147028657495
Tra Vinh,2018-05-27,2018,5,27,11.24514760413658
Tra Vinh,2018-05-28,2018,5,28,6.580726854512071
Tra Vinh,2018-05-29,2018,5,29,14.995894654012847
Tra Vinh,2018-05-30,2018,5,30,0.0
Tra Vinh,2018-05-31,2018,5,31,9.64114618882452
Tra Vinh,2018-06-01,2018,6,1,20.236668605365683
Tra Vinh,2018-06-02,2018,6,2,14.54210442122137
Tra Vinh,2018-06-03,2018,6,3,0.443864057915056
Tra Vinh,2018-06-04,2018,6,4,4.384065810627297
Tra Vinh,2018-06-05,2018,6,5,13.47932944125307
Tra Vinh,2018-06-06,2018,6,6,3.1132070925249185
Tra Vinh,2018-06-07,2018,6,7,9.98592694944982
Tra Vinh,2018-06-08,2018,6,8,6.354363645470731
Tra Vinh,2018-06-09,2018,6,9,0.0173312008880398
Tra Vinh,2018-06-10,2018,6,10,10.950445237925502
Tra Vinh,2018-06-11,2018,6,11,0.0642116963812402
Tra Vinh,2018-06-12,2018,6,12,1.5228867664772645
Tra Vinh,2018-06-13,2018,6,13,4.431149151787219
Tra Vinh,2018-06-14,2018,6,14,5.785347636956645
Tra Vinh,2018-06-15,2018,6,15,11.442439706259876
Tra Vinh,2018-06-16,2018,6,16,0.1219447324556102
Tra Vinh,2018-06-17,2018,6,17,5.939220799285772
Tra Vinh,2018-06-18,2018,6,18,12.294132886186546
Tra Vinh,2018-06-19,2018,6,19,15.756031544713736
Tra Vinh,2018-06-20,2018,6,20,3.1609157786953226
Tra Vinh,2018-06-21,2018,6,21,3.2223597989238097
Tra Vinh,2018-06-22,2018,6,22,0.4036815575968612
Tra Vinh,2018-06-23,2018,6,23,11.668014577052029
Tra Vinh,2018-06-24,2018,6,24,6.952425297823074
Tra Vinh,2018-06-25,2018,6,25,6.100557015852293
Tra Vinh,2018-06-26,2018,6,26,8.911079444853856
Tra Vinh,2018-06-27,2018,6,27,0.96885055855072
Tra Vinh,2018-06-28,2018,6,28,0.0
Tra Vinh,2018-06-29,2018,6,29,0.3076701374650918
Tra Vinh,2018-06-30,2018,6,30,0.0
Tra Vinh,2018-07-01,2018,7,1,6.359808533950525
Tra Vinh,2018-07-02,2018,7,2,1.0519418450977445
Tra Vinh,2018-07-03,2018,7,3,19.01027532426723
Tra Vinh,2018-07-04,2018,7,4,1.7649068587536234
Tra Vinh,2018-07-05,2018,7,5,7.96826558262339
Tra Vinh,2018-07-06,2018,7,6,10.9107872197745
Tra Vinh,2018-07-07,2018,7,7,3.84370071671448
Tra Vinh,2018-07-08,2018,7,8,23.338213363059943
Tra Vinh,2018-07-09,2018,7,9,9.265882770465092
Tra Vinh,2018-07-10,2018,7,10,2.2347508795917466
Tra Vinh,2018-07-11,2018,7,11,0.0
Tra Vinh,2018-07-12,2018,7,12,0.0
Tra Vinh,2018-07-13,2018,7,13,9.679041587350223
Tra Vinh,2018-07-14,2018,7,14,24.851132988705476
Tra Vinh,2018-07-15,2018,7,15,5.74638671939834
Tra Vinh,2018-07-16,2018,7,16,8.37345025370992
Tra Vinh,2018-07-17,2018,7,17,4.554037245069789
Tra Vinh,2018-07-18,2018,7,18,10.126505202078418
Tra Vinh,2018-07-19,2018,7,19,2.9274620530604083
Tra Vinh,2018-07-20,2018,7,20,9.557669881818557
Tra Vinh,2018-07-21,2018,7,21,2.7208225718926045
Tra Vinh,2018-07-22,2018,7,22,0.4873013816186456
Tra Vinh,2018-07-23,2018,7,23,0.4002773088635756
Tra Vinh,2018-07-24,2018,7,24,1.0718271965264494
Tra Vinh,2018-07-25,2018,7,25,8.017089935435335
Tra Vinh,2018-07-26,2018,7,26,1.6321367839370724
Tra Vinh,2018-07-27,2018,7,27,0.572344497144375
Tra Vinh,2018-07-28,2018,7,28,6.073460079654375
Tra Vinh,2018-07-29,2018,7,29,13.474138083815957
Tra Vinh,2018-07-30,2018,7,30,2.67865219933978
Tra Vinh,2018-07-31,2018,7,31,0.0
Tra Vinh,2018-08-01,2018,8,1,0.1370563514419797
Tra Vinh,2018-08-02,2018,8,2,9.783908352559092
Tra Vinh,2018-08-03,2018,8,3,2.1116239760336715
Tra Vinh,2018-08-04,2018,8,4,0.0
Tra Vinh,2018-08-05,2018,8,5,19.370999012112467
Tra Vinh,2018-08-06,2018,8,6,11.149507925023938
Tra Vinh,2018-08-07,2018,8,7,15.460550581958325
Tra Vinh,2018-08-08,2018,8,8,14.218258242434224
Tra Vinh,2018-08-09,2018,8,9,2.3650856654787127
Tra Vinh,2018-08-10,2018,8,10,4.879834572453772
Tra Vinh,2018-08-11,2018,8,11,0.0
Tra Vinh,2018-08-12,2018,8,12,20.523229818945968
Tra Vinh,2018-08-13,2018,8,13,0.0189709201600381
Tra Vinh,2018-08-14,2018,8,14,22.32147436384993
Tra Vinh,2018-08-15,2018,8,15,8.245541772415072
Tra Vinh,2018-08-16,2018,8,16,4.559808324010061
Tra Vinh,2018-08-17,2018,8,17,12.762508233857192
Tra Vinh,2018-08-18,2018,8,18,13.439528270686854
Tra Vinh,2018-08-19,2018,8,19,7.354552055334907
Tra Vinh,2018-08-20,2018,8,20,0.1152760295642222
Tra Vinh,2018-08-21,2018,8,21,3.770431262276121
Tra Vinh,2018-08-22,2018,8,22,0.005124706844397
Tra Vinh,2018-08-23,2018,8,23,2.438351407955502
Tra Vinh,2018-08-24,2018,8,24,1.1923593099206573
Tra Vinh,2018-08-25,2018,8,25,17.360355089684106
Tra Vinh,2018-08-26,2018,8,26,1.2461507315510902
Tra Vinh,2018-08-27,2018,8,27,8.814049705269191
Tra Vinh,2018-08-28,2018,8,28,3.478035520922123
Tra Vinh,2018-08-29,2018,8,29,0.0
Tra Vinh,2018-08-30,2018,8,30,0.0
Tra Vinh,2018-08-31,2018,8,31,0.0
Tra Vinh,2018-09-01,2018,9,1,8.395968670169772
Tra Vinh,2018-09-02,2018,9,2,31.12219617728474
Tra Vinh,2018-09-03,2018,9,3,30.95732487143053
Tra Vinh,2018-09-04,2018,9,4,0.1699591833892307
Tra Vinh,2018-09-05,2018,9,5,2.0674241971048057
Tra Vinh,2018-09-06,2018,9,6,13.703102264034042
Tra Vinh,2018-09-07,2018,9,7,21.66202327657484
Tra Vinh,2018-09-08,2018,9,8,9.268477862913295
Tra Vinh,2018-09-09,2018,9,9,2.183848079257649
Tra Vinh,2018-09-10,2018,9,10,2.73820879615554
Tra Vinh,2018-09-11,2018,9,11,3.80442957052802
Tra Vinh,2018-09-12,2018,9,12,14.021504050139498
Tra Vinh,2018-09-13,2018,9,13,2.6970297602153903
Tra Vinh,2018-09-14,2018,9,14,7.638241918123295
Tra Vinh,2018-09-15,2018,9,15,3.904135918910836
Tra Vinh,2018-09-16,2018,9,16,15.287544535371364
Tra Vinh,2018-09-17,2018,9,17,15.7240008531482
Tra Vinh,2018-09-18,2018,9,18,8.31677131317855
Tra Vinh,2018-09-19,2018,9,19,5.039259696304439
Tra Vinh,2018-09-20,2018,9,20,0.5828737376061222
Tra Vinh,2018-09-21,2018,9,21,0.0
Tra Vinh,2018-09-22,2018,9,22,5.9009374607846885
Tra Vinh,2018-09-23,2018,9,23,6.020903223882439
Tra Vinh,2018-09-24,2018,9,24,3.434123129626105
Tra Vinh,2018-09-25,2018,9,25,4.8609704238360845
Tra Vinh,2018-09-26,2018,9,26,1.190516279174748
Tra Vinh,2018-09-27,2018,9,27,2.587941319958377
Tra Vinh,2018-09-28,2018,9,28,6.235590702461465
Tra Vinh,2018-09-29,2018,9,29,4.045181209692
Tra Vinh,2018-09-30,2018,9,30,6.799251399693455
Tra Vinh,2018-10-01,2018,10,1,3.844844158437488
Tra Vinh,2018-10-02,2018,10,2,18.436942508083245
Tra Vinh,2018-10-03,2018,10,3,20.1797646162794
Tra Vinh,2018-10-04,2018,10,4,22.02183678283922
Tra Vinh,2018-10-05,2018,10,5,1.737419813845898
Tra Vinh,2018-10-06,2018,10,6,1.793663562047536
Tra Vinh,2018-10-07,2018,10,7,2.46277807807645
Tra Vinh,2018-10-08,2018,10,8,3.5742540398642237
Tra Vinh,2018-10-09,2018,10,9,0.0
Tra Vinh,2018-10-10,2018,10,10,0.0
Tra Vinh,2018-10-11,2018,10,11,0.0
Tra Vinh,2018-10-12,2018,10,12,0.0
Tra Vinh,2018-10-13,2018,10,13,0.003232296336425
Tra Vinh,2018-10-14,2018,10,14,0.2445896055039042
Tra Vinh,2018-10-15,2018,10,15,0.1842304747981741
Tra Vinh,2018-10-16,2018,10,16,0.0
Tra Vinh,2018-10-17,2018,10,17,11.281308543932868
Tra Vinh,2018-10-18,2018,10,18,28.43651203891446
Tra Vinh,2018-10-19,2018,10,19,52.38965962649573
Tra Vinh,2018-10-20,2018,10,20,1.3248090350935755
Tra Vinh,2018-10-21,2018,10,21,0.0
Tra Vinh,2018-10-22,2018,10,22,8.016107421910553
Tra Vinh,2018-10-23,2018,10,23,7.980595218802956
Tra Vinh,2018-10-24,2018,10,24,20.35998008037929
Tra Vinh,2018-10-25,2018,10,25,0.0
Tra Vinh,2018-10-26,2018,10,26,0.0
Tra Vinh,2018-10-27,2018,10,27,0.0
Tra Vinh,2018-10-28,2018,10,28,0.0
Tra Vinh,2018-10-29,2018,10,29,0.0
Tra Vinh,2018-10-30,2018,10,30,0.0
Tra Vinh,2018-10-31,2018,10,31,0.0
Tra Vinh,2018-11-01,2018,11,1,0.0
Tra Vinh,2018-11-02,2018,11,2,0.0
Tra Vinh,2018-11-03,2018,11,3,15.531044199056083
Tra Vinh,2018-11-04,2018,11,4,0.315366033796614
Tra Vinh,2018-11-05,2018,11,5,0.0
Tra Vinh,2018-11-06,2018,11,6,8.606121987099314
Tra Vinh,2018-11-07,2018,11,7,7.049316526478694
Tra Vinh,2018-11-08,2018,11,8,0.0
Tra Vinh,2018-11-09,2018,11,9,0.0
Tra Vinh,2018-11-10,2018,11,10,0.0
Tra Vinh,2018-11-11,2018,11,11,0.0498303766431656
Tra Vinh,2018-11-12,2018,11,12,2.2176139318313024
Tra Vinh,2018-11-13,2018,11,13,0.0
Tra Vinh,2018-11-14,2018,11,14,0.5905715120089486
Tra Vinh,2018-11-15,2018,11,15,11.087706754243085
Tra Vinh,2018-11-16,2018,11,16,9.998602729588258
Tra Vinh,2018-11-17,2018,11,17,0.0083039676672131
Tra Vinh,2018-11-18,2018,11,18,0.4381783702586763
Tra Vinh,2018-11-19,2018,11,19,0.8171194028462917
Tra Vinh,2018-11-20,2018,11,20,0.0
Tra Vinh,2018-11-21,2018,11,21,0.0
Tra Vinh,2018-11-22,2018,11,22,0.0
Tra Vinh,2018-11-23,2018,11,23,15.33115301520392
Tra Vinh,2018-11-24,2018,11,24,32.17524713130002
Tra Vinh,2018-11-25,2018,11,25,23.12422944203959
Tra Vinh,2018-11-26,2018,11,26,0.0
Tra Vinh,2018-11-27,2018,11,27,0.0
Tra Vinh,2018-11-28,2018,11,28,0.0
Tra Vinh,2018-11-29,2018,11,29,0.0
Tra Vinh,2018-11-30,2018,11,30,0.0
Tra Vinh,2018-12-01,2018,12,1,0.0
Tra Vinh,2018-12-02,2018,12,2,0.0
Tra Vinh,2018-12-03,2018,12,3,1.202770205752674
Tra Vinh,2018-12-04,2018,12,4,0.0
Tra Vinh,2018-12-05,2018,12,5,0.0
Tra Vinh,2018-12-06,2018,12,6,0.9547748250320705
Tra Vinh,2018-12-07,2018,12,7,5.453151985154265
Tra Vinh,2018-12-08,2018,12,8,0.0
Tra Vinh,2018-12-09,2018,12,9,1.258782503756576
Tra Vinh,2018-12-10,2018,12,10,1.739484609014379
Tra Vinh,2018-12-11,2018,12,11,0.6962637050408305
Tra Vinh,2018-12-12,2018,12,12,0.0
Tra Vinh,2018-12-13,2018,12,13,0.0
Tra Vinh,2018-12-14,2018,12,14,0.0
Tra Vinh,2018-12-15,2018,12,15,1.5776779096371618
Tra Vinh,2018-12-16,2018,12,16,0.0467298142733034
Tra Vinh,2018-12-17,2018,12,17,0.0
Tra Vinh,2018-12-18,2018,12,18,2.692206813068048
Tra Vinh,2018-12-19,2018,12,19,0.0
Tra Vinh,2018-12-20,2018,12,20,0.0
Tra Vinh,2018-12-21,2018,12,21,0.1021012674580048
Tra Vinh,2018-12-22,2018,12,22,0.1313576745506479
Tra Vinh,2018-12-23,2018,12,23,1.835650158255696
Tra Vinh,2018-12-24,2018,12,24,2.006162491439243
Tra Vinh,2018-12-25,2018,12,25,0.3744359447550565
Tra Vinh,2018-12-26,2018,12,26,3.224841522185724
Tra Vinh,2018-12-27,2018,12,27,10.764083386018006
Tra Vinh,2018-12-28,2018,12,28,2.7315521289522624
Tra Vinh,2018-12-29,2018,12,29,0.8677068901088514
Tra Vinh,2018-12-30,2018,12,30,2.4491402070522703
Tra Vinh,2018-12-31,2018,12,31,0.901983118095988
Tra Vinh,2019-01-01,2019,1,1,6.023660147977073
Tra Vinh,2019-01-02,2019,1,2,8.14244336824611
Tra Vinh,2019-01-03,2019,1,3,0.6760937735904723
Tra Vinh,2019-01-04,2019,1,4,0.7316578621229838
Tra Vinh,2019-01-05,2019,1,5,0.0
Tra Vinh,2019-01-06,2019,1,6,0.0
Tra Vinh,2019-01-07,2019,1,7,0.0
Tra Vinh,2019-01-08,2019,1,8,0.0
Tra Vinh,2019-01-09,2019,1,9,0.0
Tra Vinh,2019-01-10,2019,1,10,0.0
Tra Vinh,2019-01-11,2019,1,11,0.0
Tra Vinh,2019-01-12,2019,1,12,0.0
Tra Vinh,2019-01-13,2019,1,13,0.0
Tra Vinh,2019-01-14,2019,1,14,0.0
Tra Vinh,2019-01-15,2019,1,15,0.0
Tra Vinh,2019-01-16,2019,1,16,0.0
Tra Vinh,2019-01-17,2019,1,17,0.0
Tra Vinh,2019-01-18,2019,1,18,0.0
Tra Vinh,2019-01-19,2019,1,19,0.0
Tra Vinh,2019-01-20,2019,1,20,0.0
Tra Vinh,2019-01-21,2019,1,21,0.0
Tra Vinh,2019-01-22,2019,1,22,0.0
Tra Vinh,2019-01-23,2019,1,23,0.9178245950962344
Tra Vinh,2019-01-24,2019,1,24,0.0
Tra Vinh,2019-01-25,2019,1,25,0.0
Tra Vinh,2019-01-26,2019,1,26,0.0587775926009312
Tra Vinh,2019-01-27,2019,1,27,0.0
Tra Vinh,2019-01-28,2019,1,28,0.0
Tra Vinh,2019-01-29,2019,1,29,0.0
Tra Vinh,2019-01-30,2019,1,30,0.0
Tra Vinh,2019-01-31,2019,1,31,0.0
Tra Vinh,2019-02-01,2019,2,1,0.0272611968228199
Tra Vinh,2019-02-02,2019,2,2,0.0
Tra Vinh,2019-02-03,2019,2,3,0.0
Tra Vinh,2019-02-04,2019,2,4,0.0
Tra Vinh,2019-02-05,2019,2,5,0.0
Tra Vinh,2019-02-06,2019,2,6,0.0
Tra Vinh,2019-02-07,2019,2,7,0.0
Tra Vinh,2019-02-08,2019,2,8,0.0
Tra Vinh,2019-02-09,2019,2,9,0.0
Tra Vinh,2019-02-10,2019,2,10,0.1664549947824766
Tra Vinh,2019-02-11,2019,2,11,0.0
Tra Vinh,2019-02-12,2019,2,12,0.0
Tra Vinh,2019-02-13,2019,2,13,0.0
Tra Vinh,2019-02-14,2019,2,14,0.0
Tra Vinh,2019-02-15,2019,2,15,0.0
Tra Vinh,2019-02-16,2019,2,16,0.0
Tra Vinh,2019-02-17,2019,2,17,0.0
Tra Vinh,2019-02-18,2019,2,18,0.0
Tra Vinh,2019-02-19,2019,2,19,0.0
Tra Vinh,2019-02-20,2019,2,20,0.1384456279809115
Tra Vinh,2019-02-21,2019,2,21,0.0
Tra Vinh,2019-02-22,2019,2,22,0.0345320331351011
Tra Vinh,2019-02-23,2019,2,23,0.0
Tra Vinh,2019-02-24,2019,2,24,0.0
Tra Vinh,2019-02-25,2019,2,25,0.0
Tra Vinh,2019-02-26,2019,2,26,0.0
Tra Vinh,2019-02-27,2019,2,27,0.0
Tra Vinh,2019-02-28,2019,2,28,0.0
Tra Vinh,2019-03-01,2019,3,1,0.3078257046399084
Tra Vinh,2019-03-02,2019,3,2,0.0
Tra Vinh,2019-03-03,2019,3,3,0.0
Tra Vinh,2019-03-04,2019,3,4,0.0
Tra Vinh,2019-03-05,2019,3,5,0.0
Tra Vinh,2019-03-06,2019,3,6,0.0528102543122833
Tra Vinh,2019-03-07,2019,3,7,0.0
Tra Vinh,2019-03-08,2019,3,8,0.0
Tra Vinh,2019-03-09,2019,3,9,0.1369974787813873
Tra Vinh,2019-03-10,2019,3,10,0.0
Tra Vinh,2019-03-11,2019,3,11,0.0
Tra Vinh,2019-03-12,2019,3,12,0.0
Tra Vinh,2019-03-13,2019,3,13,0.0
Tra Vinh,2019-03-14,2019,3,14,0.0
Tra Vinh,2019-03-15,2019,3,15,0.1122830303811774
Tra Vinh,2019-03-16,2019,3,16,0.0
Tra Vinh,2019-03-17,2019,3,17,0.0
Tra Vinh,2019-03-18,2019,3,18,0.0
Tra Vinh,2019-03-19,2019,3,19,0.0
Tra Vinh,2019-03-20,2019,3,20,0.0
Tra Vinh,2019-03-21,2019,3,21,0.0
Tra Vinh,2019-03-22,2019,3,22,0.0
Tra Vinh,2019-03-23,2019,3,23,0.0
Tra Vinh,2019-03-24,2019,3,24,0.0
Tra Vinh,2019-03-25,2019,3,25,0.0
Tra Vinh,2019-03-26,2019,3,26,0.0
Tra Vinh,2019-03-27,2019,3,27,0.0
Tra Vinh,2019-03-28,2019,3,28,0.0
Tra Vinh,2019-03-29,2019,3,29,0.0
Tra Vinh,2019-03-30,2019,3,30,0.0
Tra Vinh,2019-03-31,2019,3,31,0.0
Tra Vinh,2019-04-01,2019,4,1,0.0
Tra Vinh,2019-04-02,2019,4,2,0.0
Tra Vinh,2019-04-03,2019,4,3,0.0
Tra Vinh,2019-04-04,2019,4,4,0.0220260895662518
Tra Vinh,2019-04-05,2019,4,5,0.0
Tra Vinh,2019-04-06,2019,4,6,0.0
Tra Vinh,2019-04-07,2019,4,7,0.0
Tra Vinh,2019-04-08,2019,4,8,0.0
Tra Vinh,2019-04-09,2019,4,9,0.0
Tra Vinh,2019-04-10,2019,4,10,0.0
Tra Vinh,2019-04-11,2019,4,11,0.0
Tra Vinh,2019-04-12,2019,4,12,0.0006324727045525356
Tra Vinh,2019-04-13,2019,4,13,0.0
Tra Vinh,2019-04-14,2019,4,14,0.0
Tra Vinh,2019-04-15,2019,4,15,0.0
Tra Vinh,2019-04-16,2019,4,16,1.929128586277505
Tra Vinh,2019-04-17,2019,4,17,0.0
Tra Vinh,2019-04-18,2019,4,18,0.0
Tra Vinh,2019-04-19,2019,4,19,0.0
Tra Vinh,2019-04-20,2019,4,20,0.7395122538973613
Tra Vinh,2019-04-21,2019,4,21,5.20626692413194e-05
Tra Vinh,2019-04-22,2019,4,22,1.840275549297058e-05
Tra Vinh,2019-04-23,2019,4,23,1.3784170880370894
Tra Vinh,2019-04-24,2019,4,24,0.0782876393987286
Tra Vinh,2019-04-25,2019,4,25,0.0390010823594082
Tra Vinh,2019-04-26,2019,4,26,0.0
Tra Vinh,2019-04-27,2019,4,27,1.798992767647145
Tra Vinh,2019-04-28,2019,4,28,10.92521295917325
Tra Vinh,2019-04-29,2019,4,29,0.0904920206368428
Tra Vinh,2019-04-30,2019,4,30,0.0
Tra Vinh,2019-05-01,2019,5,1,0.0
Tra Vinh,2019-05-02,2019,5,2,17.140232024976516
Tra Vinh,2019-05-03,2019,5,3,1.7918146311451828
Tra Vinh,2019-05-04,2019,5,4,2.330894956593637
Tra Vinh,2019-05-05,2019,5,5,0.8454583026373182
Tra Vinh,2019-05-06,2019,5,6,3.855762844292019
Tra Vinh,2019-05-07,2019,5,7,3.504985092989863
Tra Vinh,2019-05-08,2019,5,8,2.632927608903868
Tra Vinh,2019-05-09,2019,5,9,7.702185181067173
Tra Vinh,2019-05-10,2019,5,10,10.579786817314313
Tra Vinh,2019-05-11,2019,5,11,8.489479268292428
Tra Vinh,2019-05-12,2019,5,12,6.357388315882583
Tra Vinh,2019-05-13,2019,5,13,2.5012034112640125
Tra Vinh,2019-05-14,2019,5,14,1.0151416152710582
Tra Vinh,2019-05-15,2019,5,15,0.1776195592465961
Tra Vinh,2019-05-16,2019,5,16,0.0
Tra Vinh,2019-05-17,2019,5,17,1.39644699030826
Tra Vinh,2019-05-18,2019,5,18,6.36559227577372
Tra Vinh,2019-05-19,2019,5,19,6.37270123556534
Tra Vinh,2019-05-20,2019,5,20,3.205328954658651
Tra Vinh,2019-05-21,2019,5,21,5.427407157977706
Tra Vinh,2019-05-22,2019,5,22,14.246026477427156
Tra Vinh,2019-05-23,2019,5,23,1.7634755064325078
Tra Vinh,2019-05-24,2019,5,24,0.0394729603982204
Tra Vinh,2019-05-25,2019,5,25,10.940236124968711
Tra Vinh,2019-05-26,2019,5,26,11.948655789318869
Tra Vinh,2019-05-27,2019,5,27,1.937268430939572
Tra Vinh,2019-05-28,2019,5,28,3.668180289514373
Tra Vinh,2019-05-29,2019,5,29,5.990246951518883
Tra Vinh,2019-05-30,2019,5,30,2.176284056648099
Tra Vinh,2019-05-31,2019,5,31,0.1633003077303953
Tra Vinh,2019-06-01,2019,6,1,0.0
Tra Vinh,2019-06-02,2019,6,2,1.7217926480269778
Tra Vinh,2019-06-03,2019,6,3,13.5512090444524
Tra Vinh,2019-06-04,2019,6,4,9.028372860217836
Tra Vinh,2019-06-05,2019,6,5,10.274210572446616
Tra Vinh,2019-06-06,2019,6,6,13.953124023613324
Tra Vinh,2019-06-07,2019,6,7,2.140531575616574
Tra Vinh,2019-06-08,2019,6,8,9.210783748172462
Tra Vinh,2019-06-09,2019,6,9,7.647713352619774
Tra Vinh,2019-06-10,2019,6,10,18.38778621513904
Tra Vinh,2019-06-11,2019,6,11,4.772243911014655
Tra Vinh,2019-06-12,2019,6,12,10.13024818395699
Tra Vinh,2019-06-13,2019,6,13,5.665711790491457
Tra Vinh,2019-06-14,2019,6,14,2.5586296829154627
Tra Vinh,2019-06-15,2019,6,15,4.923059431303051
Tra Vinh,2019-06-16,2019,6,16,27.32103415629955
Tra Vinh,2019-06-17,2019,6,17,1.06860552428216
Tra Vinh,2019-06-18,2019,6,18,0.0131304464279861
Tra Vinh,2019-06-19,2019,6,19,0.0
Tra Vinh,2019-06-20,2019,6,20,13.16064729685658
Tra Vinh,2019-06-21,2019,6,21,20.192836559632298
Tra Vinh,2019-06-22,2019,6,22,7.468835908591451
Tra Vinh,2019-06-23,2019,6,23,1.2050278966031722
Tra Vinh,2019-06-24,2019,6,24,7.05601837750437
Tra Vinh,2019-06-25,2019,6,25,3.093988048147498
Tra Vinh,2019-06-26,2019,6,26,0.6005015259260433
Tra Vinh,2019-06-27,2019,6,27,0.0
Tra Vinh,2019-06-28,2019,6,28,20.251822949108217
Tra Vinh,2019-06-29,2019,6,29,1.0629111018693806
Tra Vinh,2019-06-30,2019,6,30,10.49093399898851
Tra Vinh,2019-07-01,2019,7,1,9.362133496660274
Tra Vinh,2019-07-02,2019,7,2,34.53956821569523
Tra Vinh,2019-07-03,2019,7,3,4.228254305209299
Tra Vinh,2019-07-04,2019,7,4,6.68946373762382
Tra Vinh,2019-07-05,2019,7,5,0.4226871444890696
Tra Vinh,2019-07-06,2019,7,6,0.3625484582744582
Tra Vinh,2019-07-07,2019,7,7,5.069450987777852
Tra Vinh,2019-07-08,2019,7,8,3.548546278570498
Tra Vinh,2019-07-09,2019,7,9,1.9257587917405188
Tra Vinh,2019-07-10,2019,7,10,0.0
Tra Vinh,2019-07-11,2019,7,11,1.836195752266759
Tra Vinh,2019-07-12,2019,7,12,0.3256576640067272
Tra Vinh,2019-07-13,2019,7,13,5.240668637091547
Tra Vinh,2019-07-14,2019,7,14,3.4905780180001704
Tra Vinh,2019-07-15,2019,7,15,6.341448667815183
Tra Vinh,2019-07-16,2019,7,16,5.749689177160325
Tra Vinh,2019-07-17,2019,7,17,6.6293302856287575
Tra Vinh,2019-07-18,2019,7,18,8.21082586069402
Tra Vinh,2019-07-19,2019,7,19,0.0
Tra Vinh,2019-07-20,2019,7,20,2.181961516498479
Tra Vinh,2019-07-21,2019,7,21,0.013959605448752
Tra Vinh,2019-07-22,2019,7,22,9.16865798536887
Tra Vinh,2019-07-23,2019,7,23,6.830175282100089
Tra Vinh,2019-07-24,2019,7,24,15.797273023609256
Tra Vinh,2019-07-25,2019,7,25,1.5475241139197278
Tra Vinh,2019-07-26,2019,7,26,0.1222330148717124
Tra Vinh,2019-07-27,2019,7,27,8.025625469971253
Tra Vinh,2019-07-28,2019,7,28,10.020589563343814
Tra Vinh,2019-07-29,2019,7,29,6.67565770872601
Tra Vinh,2019-07-30,2019,7,30,5.124786624872563
Tra Vinh,2019-07-31,2019,7,31,15.503773778304904
Tra Vinh,2019-08-01,2019,8,1,9.066682003207829
Tra Vinh,2019-08-02,2019,8,2,17.98663142232256
Tra Vinh,2019-08-03,2019,8,3,11.32939678284782
Tra Vinh,2019-08-04,2019,8,4,8.57041748175157
Tra Vinh,2019-08-05,2019,8,5,11.263884482943173
Tra Vinh,2019-08-06,2019,8,6,32.38237881815412
Tra Vinh,2019-08-07,2019,8,7,4.985945186106101
Tra Vinh,2019-08-08,2019,8,8,30.964232340946925
Tra Vinh,2019-08-09,2019,8,9,0.5414616493602195
Tra Vinh,2019-08-10,2019,8,10,0.0
Tra Vinh,2019-08-11,2019,8,11,0.1494458072793489
Tra Vinh,2019-08-12,2019,8,12,0.0
Tra Vinh,2019-08-13,2019,8,13,7.204632540044363
Tra Vinh,2019-08-14,2019,8,14,0.0207332676244389
Tra Vinh,2019-08-15,2019,8,15,0.0
Tra Vinh,2019-08-16,2019,8,16,0.8197982680171658
Tra Vinh,2019-08-17,2019,8,17,0.1506439564124893
Tra Vinh,2019-08-18,2019,8,18,0.0
Tra Vinh,2019-08-19,2019,8,19,0.0
Tra Vinh,2019-08-20,2019,8,20,15.781193581813213
Tra Vinh,2019-08-21,2019,8,21,4.583380198181031
Tra Vinh,2019-08-22,2019,8,22,8.525541231451589
Tra Vinh,2019-08-23,2019,8,23,2.775029795117228
Tra Vinh,2019-08-24,2019,8,24,6.853746759131033
Tra Vinh,2019-08-25,2019,8,25,19.380056818122423
Tra Vinh,2019-08-26,2019,8,26,2.274630498270387
Tra Vinh,2019-08-27,2019,8,27,0.0
Tra Vinh,2019-08-28,2019,8,28,27.32128682013392
Tra Vinh,2019-08-29,2019,8,29,29.9501832503222
Tra Vinh,2019-08-30,2019,8,30,5.333899801401719
Tra Vinh,2019-08-31,2019,8,31,1.777875489896641
Tra Vinh,2019-09-01,2019,9,1,2.6906897332273987
Tra Vinh,2019-09-02,2019,9,2,15.889190622083094
Tra Vinh,2019-09-03,2019,9,3,0.0
Tra Vinh,2019-09-04,2019,9,4,11.389051213903832
Tra Vinh,2019-09-05,2019,9,5,0.0104836077695833
Tra Vinh,2019-09-06,2019,9,6,0.0
Tra Vinh,2019-09-07,2019,9,7,13.390718056989646
Tra Vinh,2019-09-08,2019,9,8,3.249570177603281
Tra Vinh,2019-09-09,2019,9,9,0.4085065398192596
Tra Vinh,2019-09-10,2019,9,10,0.1256781037248911
Tra Vinh,2019-09-11,2019,9,11,0.0
Tra Vinh,2019-09-12,2019,9,12,3.499721132528481
Tra Vinh,2019-09-13,2019,9,13,34.69586740927304
Tra Vinh,2019-09-14,2019,9,14,8.430698251181916
Tra Vinh,2019-09-15,2019,9,15,0.169293350881443
Tra Vinh,2019-09-16,2019,9,16,21.180458175701744
Tra Vinh,2019-09-17,2019,9,17,18.23451419171867
Tra Vinh,2019-09-18,2019,9,18,12.585931369559834
Tra Vinh,2019-09-19,2019,9,19,0.5006936620153154
Tra Vinh,2019-09-20,2019,9,20,2.210944612759778
Tra Vinh,2019-09-21,2019,9,21,6.895194870499596
Tra Vinh,2019-09-22,2019,9,22,3.1039564263133554
Tra Vinh,2019-09-23,2019,9,23,0.0
Tra Vinh,2019-09-24,2019,9,24,0.0
Tra Vinh,2019-09-25,2019,9,25,0.0
Tra Vinh,2019-09-26,2019,9,26,0.855643912076909
Tra Vinh,2019-09-27,2019,9,27,0.0040376508095253
Tra Vinh,2019-09-28,2019,9,28,0.0
Tra Vinh,2019-09-29,2019,9,29,0.0040376508095253
Tra Vinh,2019-09-30,2019,9,30,11.822903683088931
Tra Vinh,2019-10-01,2019,10,1,1.0386106892693892
Tra Vinh,2019-10-02,2019,10,2,4.378909070756426
Tra Vinh,2019-10-03,2019,10,3,13.172761792909872
Tra Vinh,2019-10-04,2019,10,4,15.342562283473844
Tra Vinh,2019-10-05,2019,10,5,6.277307134969671
Tra Vinh,2019-10-06,2019,10,6,13.613549514756311
Tra Vinh,2019-10-07,2019,10,7,5.9069081554254605
Tra Vinh,2019-10-08,2019,10,8,4.205898693428703
Tra Vinh,2019-10-09,2019,10,9,5.649226736202797
Tra Vinh,2019-10-10,2019,10,10,2.1809540885074203
Tra Vinh,2019-10-11,2019,10,11,0.2421278615313471
Tra Vinh,2019-10-12,2019,10,12,0.1899110469243985
Tra Vinh,2019-10-13,2019,10,13,1.9263562338054945
Tra Vinh,2019-10-14,2019,10,14,0.0
Tra Vinh,2019-10-15,2019,10,15,0.0
Tra Vinh,2019-10-16,2019,10,16,4.327327718097814
Tra Vinh,2019-10-17,2019,10,17,3.490854761529951
Tra Vinh,2019-10-18,2019,10,18,7.506813836012084
Tra Vinh,2019-10-19,2019,10,19,24.781753346148104
Tra Vinh,2019-10-20,2019,10,20,0.871826482365554
Tra Vinh,2019-10-21,2019,10,21,1.375349802819606
Tra Vinh,2019-10-22,2019,10,22,0.0
Tra Vinh,2019-10-23,2019,10,23,0.0
Tra Vinh,2019-10-24,2019,10,24,0.0
Tra Vinh,2019-10-25,2019,10,25,0.0
Tra Vinh,2019-10-26,2019,10,26,0.0
Tra Vinh,2019-10-27,2019,10,27,0.2452899977674397
Tra Vinh,2019-10-28,2019,10,28,1.6057816252497212
Tra Vinh,2019-10-29,2019,10,29,0.0
Tra Vinh,2019-10-30,2019,10,30,7.838574193676696
Tra Vinh,2019-10-31,2019,10,31,3.377009610875316
Tra Vinh,2019-11-01,2019,11,1,1.0211013974502428
Tra Vinh,2019-11-02,2019,11,2,3.060324882694405
Tra Vinh,2019-11-03,2019,11,3,16.643670515665864
Tra Vinh,2019-11-04,2019,11,4,5.182969733142477
Tra Vinh,2019-11-05,2019,11,5,11.473510979525509
Tra Vinh,2019-11-06,2019,11,6,21.972405609481854
Tra Vinh,2019-11-07,2019,11,7,0.4597617696243736
Tra Vinh,2019-11-08,2019,11,8,12.118761161198584
Tra Vinh,2019-11-09,2019,11,9,13.928337120002649
Tra Vinh,2019-11-10,2019,11,10,34.67207132809707
Tra Vinh,2019-11-11,2019,11,11,0.2970028826522483
Tra Vinh,2019-11-12,2019,11,12,0.6802173850588639
Tra Vinh,2019-11-13,2019,11,13,3.9353750245386014
Tra Vinh,2019-11-14,2019,11,14,3.2035092309497024
Tra Vinh,2019-11-15,2019,11,15,0.0410733420129598
Tra Vinh,2019-11-16,2019,11,16,0.0
Tra Vinh,2019-11-17,2019,11,17,0.0
Tra Vinh,2019-11-18,2019,11,18,0.0
Tra Vinh,2019-11-19,2019,11,19,0.6238758139514873
Tra Vinh,2019-11-20,2019,11,20,0.0
Tra Vinh,2019-11-21,2019,11,21,0.0
Tra Vinh,2019-11-22,2019,11,22,0.0
Tra Vinh,2019-11-23,2019,11,23,0.0
Tra Vinh,2019-11-24,2019,11,24,0.0297909108353248
Tra Vinh,2019-11-25,2019,11,25,6.409139013991756
Tra Vinh,2019-11-26,2019,11,26,2.1584727945481887
Tra Vinh,2019-11-27,2019,11,27,0.4024091998042867
Tra Vinh,2019-11-28,2019,11,28,0.0
Tra Vinh,2019-11-29,2019,11,29,0.0
Tra Vinh,2019-11-30,2019,11,30,0.0
Tra Vinh,2019-12-01,2019,12,1,0.0
Tra Vinh,2019-12-02,2019,12,2,0.7792735496035428
Tra Vinh,2019-12-03,2019,12,3,0.1194923996252546
Tra Vinh,2019-12-04,2019,12,4,0.0
Tra Vinh,2019-12-05,2019,12,5,0.0
Tra Vinh,2019-12-06,2019,12,6,0.0
Tra Vinh,2019-12-07,2019,12,7,0.0
Tra Vinh,2019-12-08,2019,12,8,0.0
Tra Vinh,2019-12-09,2019,12,9,0.0
Tra Vinh,2019-12-10,2019,12,10,0.0
Tra Vinh,2019-12-11,2019,12,11,0.0
Tra Vinh,2019-12-12,2019,12,12,0.965545551703896
Tra Vinh,2019-12-13,2019,12,13,0.0
Tra Vinh,2019-12-14,2019,12,14,3.246645377092897
Tra Vinh,2019-12-15,2019,12,15,0.0183961574330337
Tra Vinh,2019-12-16,2019,12,16,1.4555159657964216
Tra Vinh,2019-12-17,2019,12,17,0.0
Tra Vinh,2019-12-18,2019,12,18,3.4417952952047317
Tra Vinh,2019-12-19,2019,12,19,0.0
Tra Vinh,2019-12-20,2019,12,20,0.0
Tra Vinh,2019-12-21,2019,12,21,0.0
Tra Vinh,2019-12-22,2019,12,22,0.0
Tra Vinh,2019-12-23,2019,12,23,0.0
Tra Vinh,2019-12-24,2019,12,24,0.0
Tra Vinh,2019-12-25,2019,12,25,0.0
Tra Vinh,2019-12-26,2019,12,26,0.0337228260428472
Tra Vinh,2019-12-27,2019,12,27,0.0
Tra Vinh,2019-12-28,2019,12,28,0.0
Tra Vinh,2019-12-29,2019,12,29,0.029704855031512
Tra Vinh,2019-12-30,2019,12,30,0.1668994250777889
Tra Vinh,2019-12-31,2019,12,31,0.9079343291537584
Tra Vinh,2020-01-01,2020,1,1,0.0
Tra Vinh,2020-01-02,2020,1,2,0.0
Tra Vinh,2020-01-03,2020,1,3,0.1233612497443721
Tra Vinh,2020-01-04,2020,1,4,0.0
Tra Vinh,2020-01-05,2020,1,5,0.0
Tra Vinh,2020-01-06,2020,1,6,0.0
Tra Vinh,2020-01-07,2020,1,7,0.0
Tra Vinh,2020-01-08,2020,1,8,0.0
Tra Vinh,2020-01-09,2020,1,9,0.0
Tra Vinh,2020-01-10,2020,1,10,0.0
Tra Vinh,2020-01-11,2020,1,11,0.2959561384660025
Tra Vinh,2020-01-12,2020,1,12,0.0
Tra Vinh,2020-01-13,2020,1,13,0.0
Tra Vinh,2020-01-14,2020,1,14,0.0
Tra Vinh,2020-01-15,2020,1,15,0.0
Tra Vinh,2020-01-16,2020,1,16,0.0
Tra Vinh,2020-01-17,2020,1,17,0.3405024506341539
Tra Vinh,2020-01-18,2020,1,18,0.0
Tra Vinh,2020-01-19,2020,1,19,0.0
Tra Vinh,2020-01-20,2020,1,20,0.0
Tra Vinh,2020-01-21,2020,1,21,0.0
Tra Vinh,2020-01-22,2020,1,22,0.0
Tra Vinh,2020-01-23,2020,1,23,0.0
Tra Vinh,2020-01-24,2020,1,24,0.0
Tra Vinh,2020-01-25,2020,1,25,0.0
Tra Vinh,2020-01-26,2020,1,26,0.0
Tra Vinh,2020-01-27,2020,1,27,0.0
Tra Vinh,2020-01-28,2020,1,28,0.0
Tra Vinh,2020-01-29,2020,1,29,0.0
Tra Vinh,2020-01-30,2020,1,30,0.0
Tra Vinh,2020-01-31,2020,1,31,0.1730005473219595
Tra Vinh,2020-02-01,2020,2,1,0.1619724840695416
Tra Vinh,2020-02-02,2020,2,2,0.0
Tra Vinh,2020-02-03,2020,2,3,0.0005226089992298107
Tra Vinh,2020-02-04,2020,2,4,0.0
Tra Vinh,2020-02-05,2020,2,5,0.0
Tra Vinh,2020-02-06,2020,2,6,0.0
Tra Vinh,2020-02-07,2020,2,7,0.0
Tra Vinh,2020-02-08,2020,2,8,0.0
Tra Vinh,2020-02-09,2020,2,9,0.0
Tra Vinh,2020-02-10,2020,2,10,0.0
Tra Vinh,2020-02-11,2020,2,11,0.0
Tra Vinh,2020-02-12,2020,2,12,0.0
Tra Vinh,2020-02-13,2020,2,13,0.0
Tra Vinh,2020-02-14,2020,2,14,0.0
Tra Vinh,2020-02-15,2020,2,15,0.0
Tra Vinh,2020-02-16,2020,2,16,0.1973741972305763
Tra Vinh,2020-02-17,2020,2,17,0.000463276780403963
Tra Vinh,2020-02-18,2020,2,18,0.0
Tra Vinh,2020-02-19,2020,2,19,0.0
Tra Vinh,2020-02-20,2020,2,20,0.0
Tra Vinh,2020-02-21,2020,2,21,0.0
Tra Vinh,2020-02-22,2020,2,22,0.0
Tra Vinh,2020-02-23,2020,2,23,0.0272581247217495
Tra Vinh,2020-02-24,2020,2,24,0.0
Tra Vinh,2020-02-25,2020,2,25,0.0
Tra Vinh,2020-02-26,2020,2,26,0.0
Tra Vinh,2020-02-27,2020,2,27,0.0
Tra Vinh,2020-02-28,2020,2,28,0.0
Tra Vinh,2020-02-29,2020,2,29,0.0
Tra Vinh,2020-03-01,2020,3,1,0.0
Tra Vinh,2020-03-02,2020,3,2,0.0
Tra Vinh,2020-03-03,2020,3,3,0.0
Tra Vinh,2020-03-04,2020,3,4,0.0
Tra Vinh,2020-03-05,2020,3,5,2.165444181865354
Tra Vinh,2020-03-06,2020,3,6,0.0
Tra Vinh,2020-03-07,2020,3,7,0.0
Tra Vinh,2020-03-08,2020,3,8,0.0
Tra Vinh,2020-03-09,2020,3,9,0.0
Tra Vinh,2020-03-10,2020,3,10,0.0
Tra Vinh,2020-03-11,2020,3,11,2.2371549368597847
Tra Vinh,2020-03-12,2020,3,12,0.0
Tra Vinh,2020-03-13,2020,3,13,0.0
Tra Vinh,2020-03-14,2020,3,14,0.0
Tra Vinh,2020-03-15,2020,3,15,0.0
Tra Vinh,2020-03-16,2020,3,16,0.0
Tra Vinh,2020-03-17,2020,3,17,0.0
Tra Vinh,2020-03-18,2020,3,18,0.0
Tra Vinh,2020-03-19,2020,3,19,0.0
Tra Vinh,2020-03-20,2020,3,20,0.0
Tra Vinh,2020-03-21,2020,3,21,0.0
Tra Vinh,2020-03-22,2020,3,22,0.0
Tra Vinh,2020-03-23,2020,3,23,0.0
Tra Vinh,2020-03-24,2020,3,24,0.0
Tra Vinh,2020-03-25,2020,3,25,0.0
Tra Vinh,2020-03-26,2020,3,26,0.0
Tra Vinh,2020-03-27,2020,3,27,0.0
Tra Vinh,2020-03-28,2020,3,28,0.0
Tra Vinh,2020-03-29,2020,3,29,0.0
Tra Vinh,2020-03-30,2020,3,30,0.2754283281846271
Tra Vinh,2020-03-31,2020,3,31,0.0
Tra Vinh,2020-04-01,2020,4,1,0.0
Tra Vinh,2020-04-02,2020,4,2,0.0
Tra Vinh,2020-04-03,2020,4,3,0.0
Tra Vinh,2020-04-04,2020,4,4,0.0
Tra Vinh,2020-04-05,2020,4,5,0.0
Tra Vinh,2020-04-06,2020,4,6,0.0
Tra Vinh,2020-04-07,2020,4,7,0.0
Tra Vinh,2020-04-08,2020,4,8,0.0
Tra Vinh,2020-04-09,2020,4,9,0.0
Tra Vinh,2020-04-10,2020,4,10,0.0
Tra Vinh,2020-04-11,2020,4,11,0.0
Tra Vinh,2020-04-12,2020,4,12,0.2934220519986583
Tra Vinh,2020-04-13,2020,4,13,16.587253904085753
Tra Vinh,2020-04-14,2020,4,14,0.0
Tra Vinh,2020-04-15,2020,4,15,0.0
Tra Vinh,2020-04-16,2020,4,16,0.0
Tra Vinh,2020-04-17,2020,4,17,0.0
Tra Vinh,2020-04-18,2020,4,18,0.0
Tra Vinh,2020-04-19,2020,4,19,0.0
Tra Vinh,2020-04-20,2020,4,20,0.0
Tra Vinh,2020-04-21,2020,4,21,0.0
Tra Vinh,2020-04-22,2020,4,22,0.0
Tra Vinh,2020-04-23,2020,4,23,0.0
Tra Vinh,2020-04-24,2020,4,24,0.0
Tra Vinh,2020-04-25,2020,4,25,0.1178536728108583
Tra Vinh,2020-04-26,2020,4,26,1.4053499667598013
Tra Vinh,2020-04-27,2020,4,27,0.1969227200902504
Tra Vinh,2020-04-28,2020,4,28,0.0721162293881702
Tra Vinh,2020-04-29,2020,4,29,0.5048083012249196
Tra Vinh,2020-04-30,2020,4,30,0.0
Tra Vinh,2020-05-01,2020,5,1,0.0
Tra Vinh,2020-05-02,2020,5,2,0.0
Tra Vinh,2020-05-03,2020,5,3,0.0
Tra Vinh,2020-05-04,2020,5,4,0.0
Tra Vinh,2020-05-05,2020,5,5,0.0
Tra Vinh,2020-05-06,2020,5,6,0.250064359091277
Tra Vinh,2020-05-07,2020,5,7,0.0
Tra Vinh,2020-05-08,2020,5,8,0.0
Tra Vinh,2020-05-09,2020,5,9,0.0
Tra Vinh,2020-05-10,2020,5,10,0.0990865022499621
Tra Vinh,2020-05-11,2020,5,11,0.0
Tra Vinh,2020-05-12,2020,5,12,0.0
Tra Vinh,2020-05-13,2020,5,13,0.0
Tra Vinh,2020-05-14,2020,5,14,0.0
Tra Vinh,2020-05-15,2020,5,15,0.0
Tra Vinh,2020-05-16,2020,5,16,7.141640806179767
Tra Vinh,2020-05-17,2020,5,17,2.852753506005268
Tra Vinh,2020-05-18,2020,5,18,0.0165982833576544
Tra Vinh,2020-05-19,2020,5,19,7.909456711396896
Tra Vinh,2020-05-20,2020,5,20,5.157908818692001
Tra Vinh,2020-05-21,2020,5,21,1.913391192670009
Tra Vinh,2020-05-22,2020,5,22,2.1251806660158845
Tra Vinh,2020-05-23,2020,5,23,9.868625851335617
Tra Vinh,2020-05-24,2020,5,24,4.635717734365721
Tra Vinh,2020-05-25,2020,5,25,1.0005657702623236
Tra Vinh,2020-05-26,2020,5,26,0.0
Tra Vinh,2020-05-27,2020,5,27,1.611718658506309
Tra Vinh,2020-05-28,2020,5,28,7.431415142932669
Tra Vinh,2020-05-29,2020,5,29,7.274105625803372
Tra Vinh,2020-05-30,2020,5,30,6.89205838389451
Tra Vinh,2020-05-31,2020,5,31,3.8327574063228167
Tra Vinh,2020-06-01,2020,6,1,18.549950477056303
Tra Vinh,2020-06-02,2020,6,2,8.578453721196015
Tra Vinh,2020-06-03,2020,6,3,4.272276118084244
Tra Vinh,2020-06-04,2020,6,4,9.831294865430428
Tra Vinh,2020-06-05,2020,6,5,9.258914330993647
Tra Vinh,2020-06-06,2020,6,6,4.445385173414229
Tra Vinh,2020-06-07,2020,6,7,2.0480132843768346
Tra Vinh,2020-06-08,2020,6,8,4.189683034437547
Tra Vinh,2020-06-09,2020,6,9,8.871322961389376
Tra Vinh,2020-06-10,2020,6,10,12.141325777996414
Tra Vinh,2020-06-11,2020,6,11,6.077542569528423
Tra Vinh,2020-06-12,2020,6,12,10.506459764197112
Tra Vinh,2020-06-13,2020,6,13,33.22438879340902
Tra Vinh,2020-06-14,2020,6,14,28.189001791330817
Tra Vinh,2020-06-15,2020,6,15,9.994369555420803
Tra Vinh,2020-06-16,2020,6,16,6.604374978916244
Tra Vinh,2020-06-17,2020,6,17,5.498271440122195
Tra Vinh,2020-06-18,2020,6,18,17.157432148349326
Tra Vinh,2020-06-19,2020,6,19,14.26293200693804
Tra Vinh,2020-06-20,2020,6,20,16.250972958738135
Tra Vinh,2020-06-21,2020,6,21,6.407130778926607
Tra Vinh,2020-06-22,2020,6,22,0.2262522309116365
Tra Vinh,2020-06-23,2020,6,23,0.015124735107213
Tra Vinh,2020-06-24,2020,6,24,2.723090266741012
Tra Vinh,2020-06-25,2020,6,25,6.246446426992885
Tra Vinh,2020-06-26,2020,6,26,5.019334884348008
Tra Vinh,2020-06-27,2020,6,27,9.43949225709563
Tra Vinh,2020-06-28,2020,6,28,24.488087438407543
Tra Vinh,2020-06-29,2020,6,29,14.146008928209074
Tra Vinh,2020-06-30,2020,6,30,12.443492714392743
Tra Vinh,2020-07-01,2020,7,1,9.01746712641082
Tra Vinh,2020-07-02,2020,7,2,21.68220099482104
Tra Vinh,2020-07-03,2020,7,3,5.910507177132222
Tra Vinh,2020-07-04,2020,7,4,0.0
Tra Vinh,2020-07-05,2020,7,5,7.88591484787404
Tra Vinh,2020-07-06,2020,7,6,8.254412647463507
Tra Vinh,2020-07-07,2020,7,7,0.0
Tra Vinh,2020-07-08,2020,7,8,6.8267464511044205
Tra Vinh,2020-07-09,2020,7,9,0.2224053597988501
Tra Vinh,2020-07-10,2020,7,10,4.371316555546596
Tra Vinh,2020-07-11,2020,7,11,4.317584744075924
Tra Vinh,2020-07-12,2020,7,12,6.466718896772382
Tra Vinh,2020-07-13,2020,7,13,4.684225592457046
Tra Vinh,2020-07-14,2020,7,14,9.695120256599935
Tra Vinh,2020-07-15,2020,7,15,7.174210405429245
Tra Vinh,2020-07-16,2020,7,16,1.425766569166758
Tra Vinh,2020-07-17,2020,7,17,1.2831258176753784
Tra Vinh,2020-07-18,2020,7,18,0.9974799418701826
Tra Vinh,2020-07-19,2020,7,19,0.9215668064899064
Tra Vinh,2020-07-20,2020,7,20,1.8559773869752596
Tra Vinh,2020-07-21,2020,7,21,5.134242281875834
Tra Vinh,2020-07-22,2020,7,22,0.0
Tra Vinh,2020-07-23,2020,7,23,8.115947201310291
Tra Vinh,2020-07-24,2020,7,24,9.756926980276727
Tra Vinh,2020-07-25,2020,7,25,0.5567487778369229
Tra Vinh,2020-07-26,2020,7,26,0.0
Tra Vinh,2020-07-27,2020,7,27,1.1237400476700503
Tra Vinh,2020-07-28,2020,7,28,3.1024959075954475
Tra Vinh,2020-07-29,2020,7,29,13.867337537765987
Tra Vinh,2020-07-30,2020,7,30,15.31415422158056
Tra Vinh,2020-07-31,2020,7,31,23.1966699689438
Tra Vinh,2020-08-01,2020,8,1,12.42505814710274
Tra Vinh,2020-08-02,2020,8,2,24.35530261730808
Tra Vinh,2020-08-03,2020,8,3,4.976699231923573
Tra Vinh,2020-08-04,2020,8,4,0.0
Tra Vinh,2020-08-05,2020,8,5,26.27194604307682
Tra Vinh,2020-08-06,2020,8,6,35.06521960521571
Tra Vinh,2020-08-07,2020,8,7,0.1444113463525264
Tra Vinh,2020-08-08,2020,8,8,0.5089308216528176
Tra Vinh,2020-08-09,2020,8,9,10.241422548586836
Tra Vinh,2020-08-10,2020,8,10,0.0138672905659826
Tra Vinh,2020-08-11,2020,8,11,7.78170912309
Tra Vinh,2020-08-12,2020,8,12,14.888844065163012
Tra Vinh,2020-08-13,2020,8,13,11.562550860346736
Tra Vinh,2020-08-14,2020,8,14,6.175775363789025
Tra Vinh,2020-08-15,2020,8,15,1.725143452087834
Tra Vinh,2020-08-16,2020,8,16,7.600281152242834
Tra Vinh,2020-08-17,2020,8,17,5.6882452094006455
Tra Vinh,2020-08-18,2020,8,18,14.10834008486878
Tra Vinh,2020-08-19,2020,8,19,14.007228463291812
Tra Vinh,2020-08-20,2020,8,20,5.640866681400762
Tra Vinh,2020-08-21,2020,8,21,2.806935539301876
Tra Vinh,2020-08-22,2020,8,22,0.7678443510368864
Tra Vinh,2020-08-23,2020,8,23,0.4697774868144403
Tra Vinh,2020-08-24,2020,8,24,2.032164310020565
Tra Vinh,2020-08-25,2020,8,25,2.065849123866369
Tra Vinh,2020-08-26,2020,8,26,0.4638780046369715
Tra Vinh,2020-08-27,2020,8,27,4.063236913763396
Tra Vinh,2020-08-28,2020,8,28,2.017271589739456
Tra Vinh,2020-08-29,2020,8,29,8.28976838189515
Tra Vinh,2020-08-30,2020,8,30,0.9714254444840624
Tra Vinh,2020-08-31,2020,8,31,1.043656932384066
Tra Vinh,2020-09-01,2020,9,1,3.113855439250196
Tra Vinh,2020-09-02,2020,9,2,17.393963952420894
Tra Vinh,2020-09-03,2020,9,3,0.0
Tra Vinh,2020-09-04,2020,9,4,0.0
Tra Vinh,2020-09-05,2020,9,5,0.0
Tra Vinh,2020-09-06,2020,9,6,3.264928350045738
Tra Vinh,2020-09-07,2020,9,7,0.0512235566288135
Tra Vinh,2020-09-08,2020,9,8,0.4367850754675709
Tra Vinh,2020-09-09,2020,9,9,15.28013712280893
Tra Vinh,2020-09-10,2020,9,10,3.7402751704087622
Tra Vinh,2020-09-11,2020,9,11,2.878243784955857
Tra Vinh,2020-09-12,2020,9,12,5.821064941390101
Tra Vinh,2020-09-13,2020,9,13,14.39461145191818
Tra Vinh,2020-09-14,2020,9,14,15.76364593659178
Tra Vinh,2020-09-15,2020,9,15,6.195141947491669
Tra Vinh,2020-09-16,2020,9,16,9.773913905337992
Tra Vinh,2020-09-17,2020,9,17,23.06048227771441
Tra Vinh,2020-09-18,2020,9,18,34.06070736613827
Tra Vinh,2020-09-19,2020,9,19,6.305083435061283
Tra Vinh,2020-09-20,2020,9,20,0.4409874316664263
Tra Vinh,2020-09-21,2020,9,21,0.1997181468281517
Tra Vinh,2020-09-22,2020,9,22,6.574751010160477
Tra Vinh,2020-09-23,2020,9,23,2.435637809210033
Tra Vinh,2020-09-24,2020,9,24,5.0624324558677065
Tra Vinh,2020-09-25,2020,9,25,20.88478710925821
Tra Vinh,2020-09-26,2020,9,26,18.450338542614293
Tra Vinh,2020-09-27,2020,9,27,29.75078036415284
Tra Vinh,2020-09-28,2020,9,28,6.579263355826971
Tra Vinh,2020-09-29,2020,9,29,16.321423668769224
Tra Vinh,2020-09-30,2020,9,30,0.0
Tra Vinh,2020-10-01,2020,10,1,15.655390931965853
Tra Vinh,2020-10-02,2020,10,2,6.2318914585568566
Tra Vinh,2020-10-03,2020,10,3,2.198238838120609
Tra Vinh,2020-10-04,2020,10,4,24.765277305627155
Tra Vinh,2020-10-05,2020,10,5,17.93740787607228
Tra Vinh,2020-10-06,2020,10,6,15.87518389459061
Tra Vinh,2020-10-07,2020,10,7,6.020884481662149
Tra Vinh,2020-10-08,2020,10,8,21.384658477052323
Tra Vinh,2020-10-09,2020,10,9,21.11473581687759
Tra Vinh,2020-10-10,2020,10,10,24.430240860918307
Tra Vinh,2020-10-11,2020,10,11,19.88551613928539
Tra Vinh,2020-10-12,2020,10,12,19.11588873348624
Tra Vinh,2020-10-13,2020,10,13,21.30217939400154
Tra Vinh,2020-10-14,2020,10,14,30.04083364210068
Tra Vinh,2020-10-15,2020,10,15,11.49248779894491
Tra Vinh,2020-10-16,2020,10,16,34.44696854183116
Tra Vinh,2020-10-17,2020,10,17,18.950178155210743
Tra Vinh,2020-10-18,2020,10,18,31.506110042593534
Tra Vinh,2020-10-19,2020,10,19,4.604472681826477
Tra Vinh,2020-10-20,2020,10,20,3.8064724550056352
Tra Vinh,2020-10-21,2020,10,21,27.56827880668705
Tra Vinh,2020-10-22,2020,10,22,1.495170090327777
Tra Vinh,2020-10-23,2020,10,23,5.3682680324303576
Tra Vinh,2020-10-24,2020,10,24,0.5776587652715633
Tra Vinh,2020-10-25,2020,10,25,11.956519389817176
Tra Vinh,2020-10-26,2020,10,26,2.970840946744603
Tra Vinh,2020-10-27,2020,10,27,0.7185398254467723
Tra Vinh,2020-10-28,2020,10,28,8.583752173428984
Tra Vinh,2020-10-29,2020,10,29,6.585936934393002
Tra Vinh,2020-10-30,2020,10,30,10.04495311148333
Tra Vinh,2020-10-31,2020,10,31,7.431956544867614
Tra Vinh,2020-11-01,2020,11,1,18.513715627235445
Tra Vinh,2020-11-02,2020,11,2,0.9539321742140164
Tra Vinh,2020-11-03,2020,11,3,1.364114874425007
Tra Vinh,2020-11-04,2020,11,4,0.202284353460759
Tra Vinh,2020-11-05,2020,11,5,1.8842052041271184
Tra Vinh,2020-11-06,2020,11,6,12.768987567379508
Tra Vinh,2020-11-07,2020,11,7,0.0058243162961868
Tra Vinh,2020-11-08,2020,11,8,1.932736679164898
Tra Vinh,2020-11-09,2020,11,9,2.2007761982458964
Tra Vinh,2020-11-10,2020,11,10,0.9792202467263524
Tra Vinh,2020-11-11,2020,11,11,0.0
Tra Vinh,2020-11-12,2020,11,12,0.0514821929158523
Tra Vinh,2020-11-13,2020,11,13,0.3685861895058691
Tra Vinh,2020-11-14,2020,11,14,0.0
Tra Vinh,2020-11-15,2020,11,15,0.0
Tra Vinh,2020-11-16,2020,11,16,0.0
Tra Vinh,2020-11-17,2020,11,17,0.0
Tra Vinh,2020-11-18,2020,11,18,0.0
Tra Vinh,2020-11-19,2020,11,19,0.5115449245473104
Tra Vinh,2020-11-20,2020,11,20,0.1923130138197249
Tra Vinh,2020-11-21,2020,11,21,0.6375898018196461
Tra Vinh,2020-11-22,2020,11,22,0.0
Tra Vinh,2020-11-23,2020,11,23,2.1604425723642
Tra Vinh,2020-11-24,2020,11,24,0.0
Tra Vinh,2020-11-25,2020,11,25,11.19259304834753
Tra Vinh,2020-11-26,2020,11,26,0.0
Tra Vinh,2020-11-27,2020,11,27,0.2075921554575215
Tra Vinh,2020-11-28,2020,11,28,13.653336166540369
Tra Vinh,2020-11-29,2020,11,29,4.199953707564849
Tra Vinh,2020-11-30,2020,11,30,8.22763941156287
Tra Vinh,2020-12-01,2020,12,1,0.7848156861857671
Tra Vinh,2020-12-02,2020,12,2,0.0
Tra Vinh,2020-12-03,2020,12,3,0.0
Tra Vinh,2020-12-04,2020,12,4,0.0
Tra Vinh,2020-12-05,2020,12,5,0.1954837455206372
Tra Vinh,2020-12-06,2020,12,6,0.0542612569860582
Tra Vinh,2020-12-07,2020,12,7,1.189964396537257
Tra Vinh,2020-12-08,2020,12,8,0.005480437125225
Tra Vinh,2020-12-09,2020,12,9,0.0
Tra Vinh,2020-12-10,2020,12,10,0.015579332994644
Tra Vinh,2020-12-11,2020,12,11,4.207503095633639
Tra Vinh,2020-12-12,2020,12,12,0.0
Tra Vinh,2020-12-13,2020,12,13,0.0363520696282651
Tra Vinh,2020-12-14,2020,12,14,0.0
Tra Vinh,2020-12-15,2020,12,15,0.1331558300681413
Tra Vinh,2020-12-16,2020,12,16,0.0
Tra Vinh,2020-12-17,2020,12,17,0.0
Tra Vinh,2020-12-18,2020,12,18,3.9043971131719313
Tra Vinh,2020-12-19,2020,12,19,8.690241783046915
Tra Vinh,2020-12-20,2020,12,20,0.2744325065594443
Tra Vinh,2020-12-21,2020,12,21,2.3814738997643223
Tra Vinh,2020-12-22,2020,12,22,14.105243076804316
Tra Vinh,2020-12-23,2020,12,23,11.074128065758408
Tra Vinh,2020-12-24,2020,12,24,0.0
Tra Vinh,2020-12-25,2020,12,25,0.0
Tra Vinh,2020-12-26,2020,12,26,0.0
Tra Vinh,2020-12-27,2020,12,27,0.8221919557641301
Tra Vinh,2020-12-28,2020,12,28,0.2536956832737968
Tra Vinh,2020-12-29,2020,12,29,0.0523417656729929
Tra Vinh,2020-12-30,2020,12,30,4.288091173778746
Tra Vinh,2020-12-31,2020,12,31,0.0
Tra Vinh,2021-01-01,2021,1,1,0.4866892181926859
Tra Vinh,2021-01-02,2021,1,2,0.0
Tra Vinh,2021-01-03,2021,1,3,0.3796002205333199
Tra Vinh,2021-01-04,2021,1,4,0.0696720607019355
Tra Vinh,2021-01-05,2021,1,5,1.0931315388952905
Tra Vinh,2021-01-06,2021,1,6,0.0302350094466407
Tra Vinh,2021-01-07,2021,1,7,0.1774780169366382
Tra Vinh,2021-01-08,2021,1,8,0.6528277985837002
Tra Vinh,2021-01-09,2021,1,9,0.0
Tra Vinh,2021-01-10,2021,1,10,0.0417543733009868
Tra Vinh,2021-01-11,2021,1,11,0.001814024497734
Tra Vinh,2021-01-12,2021,1,12,0.0
Tra Vinh,2021-01-13,2021,1,13,0.0
Tra Vinh,2021-01-14,2021,1,14,0.0021662962947398
Tra Vinh,2021-01-15,2021,1,15,0.0
Tra Vinh,2021-01-16,2021,1,16,0.2746661639308366
Tra Vinh,2021-01-17,2021,1,17,0.0
Tra Vinh,2021-01-18,2021,1,18,0.0
Tra Vinh,2021-01-19,2021,1,19,0.0638779684230978
Tra Vinh,2021-01-20,2021,1,20,0.2356488784755705
Tra Vinh,2021-01-21,2021,1,21,0.2683950864149399
Tra Vinh,2021-01-22,2021,1,22,0.0
Tra Vinh,2021-01-23,2021,1,23,0.0
Tra Vinh,2021-01-24,2021,1,24,0.0
Tra Vinh,2021-01-25,2021,1,25,0.0
Tra Vinh,2021-01-26,2021,1,26,0.0
Tra Vinh,2021-01-27,2021,1,27,0.0391303821620888
Tra Vinh,2021-01-28,2021,1,28,0.0
Tra Vinh,2021-01-29,2021,1,29,0.0
Tra Vinh,2021-01-30,2021,1,30,0.1254995968864985
Tra Vinh,2021-01-31,2021,1,31,0.0
Tra Vinh,2021-02-01,2021,2,1,0.0
Tra Vinh,2021-02-02,2021,2,2,0.0
Tra Vinh,2021-02-03,2021,2,3,0.0
Tra Vinh,2021-02-04,2021,2,4,0.0
Tra Vinh,2021-02-05,2021,2,5,0.0
Tra Vinh,2021-02-06,2021,2,6,0.0
Tra Vinh,2021-02-07,2021,2,7,0.0
Tra Vinh,2021-02-08,2021,2,8,0.0
Tra Vinh,2021-02-09,2021,2,9,0.0
Tra Vinh,2021-02-10,2021,2,10,0.0
Tra Vinh,2021-02-11,2021,2,11,0.2470905964489122
Tra Vinh,2021-02-12,2021,2,12,0.0
Tra Vinh,2021-02-13,2021,2,13,0.0
Tra Vinh,2021-02-14,2021,2,14,0.0
Tra Vinh,2021-02-15,2021,2,15,0.0
Tra Vinh,2021-02-16,2021,2,16,0.0
Tra Vinh,2021-02-17,2021,2,17,0.0
Tra Vinh,2021-02-18,2021,2,18,0.0
Tra Vinh,2021-02-19,2021,2,19,0.6054257032849631
Tra Vinh,2021-02-20,2021,2,20,0.0
Tra Vinh,2021-02-21,2021,2,21,0.0
Tra Vinh,2021-02-22,2021,2,22,0.0
Tra Vinh,2021-02-23,2021,2,23,0.0
Tra Vinh,2021-02-24,2021,2,24,0.2482406415245319
Tra Vinh,2021-02-25,2021,2,25,0.6569658009663837
Tra Vinh,2021-02-26,2021,2,26,0.0
Tra Vinh,2021-02-27,2021,2,27,0.0
Tra Vinh,2021-02-28,2021,2,28,0.0
Tra Vinh,2021-03-01,2021,3,1,0.0184398079165153
Tra Vinh,2021-03-02,2021,3,2,0.0
Tra Vinh,2021-03-03,2021,3,3,0.0
Tra Vinh,2021-03-04,2021,3,4,0.0
Tra Vinh,2021-03-05,2021,3,5,0.0
Tra Vinh,2021-03-06,2021,3,6,0.0
Tra Vinh,2021-03-07,2021,3,7,0.0
Tra Vinh,2021-03-08,2021,3,8,0.0
Tra Vinh,2021-03-09,2021,3,9,0.2467873246471595
Tra Vinh,2021-03-10,2021,3,10,0.0
Tra Vinh,2021-03-11,2021,3,11,0.0
Tra Vinh,2021-03-12,2021,3,12,0.0
Tra Vinh,2021-03-13,2021,3,13,0.0
Tra Vinh,2021-03-14,2021,3,14,0.0
Tra Vinh,2021-03-15,2021,3,15,0.0
Tra Vinh,2021-03-16,2021,3,16,0.0
Tra Vinh,2021-03-17,2021,3,17,0.0
Tra Vinh,2021-03-18,2021,3,18,0.0
Tra Vinh,2021-03-19,2021,3,19,0.0
Tra Vinh,2021-03-20,2021,3,20,0.0
Tra Vinh,2021-03-21,2021,3,21,0.0
Tra Vinh,2021-03-22,2021,3,22,0.0
Tra Vinh,2021-03-23,2021,3,23,0.2790383080478323
Tra Vinh,2021-03-24,2021,3,24,0.0
Tra Vinh,2021-03-25,2021,3,25,0.0
Tra Vinh,2021-03-26,2021,3,26,0.2521518210743316
Tra Vinh,2021-03-27,2021,3,27,1.0854800739246735
Tra Vinh,2021-03-28,2021,3,28,0.0
Tra Vinh,2021-03-29,2021,3,29,0.0
Tra Vinh,2021-03-30,2021,3,30,0.0
Tra Vinh,2021-03-31,2021,3,31,0.0
Tra Vinh,2021-04-01,2021,4,1,0.0
Tra Vinh,2021-04-02,2021,4,2,3.7859120363248846
Tra Vinh,2021-04-03,2021,4,3,0.0
Tra Vinh,2021-04-04,2021,4,4,0.5072183043340626
Tra Vinh,2021-04-05,2021,4,5,0.0
Tra Vinh,2021-04-06,2021,4,6,0.0
Tra Vinh,2021-04-07,2021,4,7,0.0
Tra Vinh,2021-04-08,2021,4,8,0.0
Tra Vinh,2021-04-09,2021,4,9,0.0
Tra Vinh,2021-04-10,2021,4,10,0.0
Tra Vinh,2021-04-11,2021,4,11,0.0
Tra Vinh,2021-04-12,2021,4,12,0.0
Tra Vinh,2021-04-13,2021,4,13,0.0
Tra Vinh,2021-04-14,2021,4,14,3.2563417676943915
Tra Vinh,2021-04-15,2021,4,15,7.824792089412531
Tra Vinh,2021-04-16,2021,4,16,9.524315903354797
Tra Vinh,2021-04-17,2021,4,17,1.088385566679131
Tra Vinh,2021-04-18,2021,4,18,3.180038908097974
Tra Vinh,2021-04-19,2021,4,19,9.183702078164488
Tra Vinh,2021-04-20,2021,4,20,0.2777227301546215
Tra Vinh,2021-04-21,2021,4,21,24.14949118110365
Tra Vinh,2021-04-22,2021,4,22,29.560134030089763
Tra Vinh,2021-04-23,2021,4,23,6.631963715831375
Tra Vinh,2021-04-24,2021,4,24,2.418337759165064
Tra Vinh,2021-04-25,2021,4,25,8.015447699536375
Tra Vinh,2021-04-26,2021,4,26,0.0280092211488945
Tra Vinh,2021-04-27,2021,4,27,0.8620358581560906
Tra Vinh,2021-04-28,2021,4,28,0.0
Tra Vinh,2021-04-29,2021,4,29,0.0
Tra Vinh,2021-04-30,2021,4,30,0.0
Tra Vinh,2021-05-01,2021,5,1,0.0
Tra Vinh,2021-05-02,2021,5,2,0.0
Tra Vinh,2021-05-03,2021,5,3,0.1438992370065917
Tra Vinh,2021-05-04,2021,5,4,0.0
Tra Vinh,2021-05-05,2021,5,5,4.29684896239342
Tra Vinh,2021-05-06,2021,5,6,8.381762231427906
Tra Vinh,2021-05-07,2021,5,7,17.00033206472401
Tra Vinh,2021-05-08,2021,5,8,5.930881672085339
Tra Vinh,2021-05-09,2021,5,9,0.0
Tra Vinh,2021-05-10,2021,5,10,0.0
Tra Vinh,2021-05-11,2021,5,11,0.0
Tra Vinh,2021-05-12,2021,5,12,1.054415657038319
Tra Vinh,2021-05-13,2021,5,13,0.0046476879873417
Tra Vinh,2021-05-14,2021,5,14,1.7712200281608603
Tra Vinh,2021-05-15,2021,5,15,9.826572860818407
Tra Vinh,2021-05-16,2021,5,16,0.0
Tra Vinh,2021-05-17,2021,5,17,21.173076519338984
Tra Vinh,2021-05-18,2021,5,18,6.189122290188823
Tra Vinh,2021-05-19,2021,5,19,3.92145426446237
Tra Vinh,2021-05-20,2021,5,20,0.0
Tra Vinh,2021-05-21,2021,5,21,26.38083626189474
Tra Vinh,2021-05-22,2021,5,22,7.544576714706357
Tra Vinh,2021-05-23,2021,5,23,13.342270937968213
Tra Vinh,2021-05-24,2021,5,24,13.85719261520924
Tra Vinh,2021-05-25,2021,5,25,27.030326454582745
Tra Vinh,2021-05-26,2021,5,26,5.680536494594322
Tra Vinh,2021-05-27,2021,5,27,9.30928554548368
Tra Vinh,2021-05-28,2021,5,28,0.0
Tra Vinh,2021-05-29,2021,5,29,3.658537448726801
Tra Vinh,2021-05-30,2021,5,30,0.2376674148023932
Tra Vinh,2021-05-31,2021,5,31,4.136904503599035
Tra Vinh,2021-06-01,2021,6,1,7.863678838812386
Tra Vinh,2021-06-02,2021,6,2,4.324127879400873
Tra Vinh,2021-06-03,2021,6,3,0.4619049154348161
Tra Vinh,2021-06-04,2021,6,4,0.692726675008777
Tra Vinh,2021-06-05,2021,6,5,4.006362435490283
Tra Vinh,2021-06-06,2021,6,6,8.317744480232221
Tra Vinh,2021-06-07,2021,6,7,4.216308804073759
Tra Vinh,2021-06-08,2021,6,8,4.770171076084826
Tra Vinh,2021-06-09,2021,6,9,9.711050131279356
Tra Vinh,2021-06-10,2021,6,10,3.829574142630657
Tra Vinh,2021-06-11,2021,6,11,23.41893183687558
Tra Vinh,2021-06-12,2021,6,12,0.7210520898987944
Tra Vinh,2021-06-13,2021,6,13,0.7445934881037759
Tra Vinh,2021-06-14,2021,6,14,10.949788173529065
Tra Vinh,2021-06-15,2021,6,15,15.539260036969392
Tra Vinh,2021-06-16,2021,6,16,3.0554026843432336
Tra Vinh,2021-06-17,2021,6,17,5.503539140838748
Tra Vinh,2021-06-18,2021,6,18,0.0559960253038466
Tra Vinh,2021-06-19,2021,6,19,2.390978395123348
Tra Vinh,2021-06-20,2021,6,20,0.5005928764531645
Tra Vinh,2021-06-21,2021,6,21,0.4659706565871774
Tra Vinh,2021-06-22,2021,6,22,4.595345844320501
Tra Vinh,2021-06-23,2021,6,23,1.399908309749849
Tra Vinh,2021-06-24,2021,6,24,0.0
Tra Vinh,2021-06-25,2021,6,25,0.975960214718684
Tra Vinh,2021-06-26,2021,6,26,0.0
Tra Vinh,2021-06-27,2021,6,27,0.0
Tra Vinh,2021-06-28,2021,6,28,1.5117031173949074
Tra Vinh,2021-06-29,2021,6,29,1.557451802847914
Tra Vinh,2021-06-30,2021,6,30,7.610398928885052
Tra Vinh,2021-07-01,2021,7,1,0.0
Tra Vinh,2021-07-02,2021,7,2,0.0
Tra Vinh,2021-07-03,2021,7,3,7.524642002150323
Tra Vinh,2021-07-04,2021,7,4,3.3952222616321426
Tra Vinh,2021-07-05,2021,7,5,11.302881080369897
Tra Vinh,2021-07-06,2021,7,6,14.890128950532809
Tra Vinh,2021-07-07,2021,7,7,6.980775980760198
Tra Vinh,2021-07-08,2021,7,8,2.611453147266426
Tra Vinh,2021-07-09,2021,7,9,0.3503168956508019
Tra Vinh,2021-07-10,2021,7,10,0.0
Tra Vinh,2021-07-11,2021,7,11,1.1570327602453017
Tra Vinh,2021-07-12,2021,7,12,4.19275891101929
Tra Vinh,2021-07-13,2021,7,13,5.52449875335031
Tra Vinh,2021-07-14,2021,7,14,25.49971282410787
Tra Vinh,2021-07-15,2021,7,15,22.871174584744782
Tra Vinh,2021-07-16,2021,7,16,1.132591216843903
Tra Vinh,2021-07-17,2021,7,17,3.109307025831458
Tra Vinh,2021-07-18,2021,7,18,14.941206611933737
Tra Vinh,2021-07-19,2021,7,19,0.034253748569893
Tra Vinh,2021-07-20,2021,7,20,7.561066004074756
Tra Vinh,2021-07-21,2021,7,21,0.2404994242248808
Tra Vinh,2021-07-22,2021,7,22,0.6263151649574915
Tra Vinh,2021-07-23,2021,7,23,13.043921852633751
Tra Vinh,2021-07-24,2021,7,24,0.6596729262824829
Tra Vinh,2021-07-25,2021,7,25,3.6972234658508274
Tra Vinh,2021-07-26,2021,7,26,3.98799283770143
Tra Vinh,2021-07-27,2021,7,27,6.380458524966412
Tra Vinh,2021-07-28,2021,7,28,2.1445990663441656
Tra Vinh,2021-07-29,2021,7,29,3.710324896631717
Tra Vinh,2021-07-30,2021,7,30,6.493765921822686
Tra Vinh,2021-07-31,2021,7,31,3.7381446535452327
Tra Vinh,2021-08-01,2021,8,1,2.5859249268553484
Tra Vinh,2021-08-02,2021,8,2,0.0
Tra Vinh,2021-08-03,2021,8,3,2.0683118819945765
Tra Vinh,2021-08-04,2021,8,4,1.9974441781132888
Tra Vinh,2021-08-05,2021,8,5,21.817245907838146
Tra Vinh,2021-08-06,2021,8,6,6.342585825728453
Tra Vinh,2021-08-07,2021,8,7,0.0
Tra Vinh,2021-08-08,2021,8,8,0.0
Tra Vinh,2021-08-09,2021,8,9,0.0
Tra Vinh,2021-08-10,2021,8,10,1.515512672309816
Tra Vinh,2021-08-11,2021,8,11,17.517117505483753
Tra Vinh,2021-08-12,2021,8,12,0.7417879743169916
Tra Vinh,2021-08-13,2021,8,13,4.873887564476603
Tra Vinh,2021-08-14,2021,8,14,11.234900325083087
Tra Vinh,2021-08-15,2021,8,15,10.295650191871408
Tra Vinh,2021-08-16,2021,8,16,0.517583277004487
Tra Vinh,2021-08-17,2021,8,17,4.0294405990570885
Tra Vinh,2021-08-18,2021,8,18,0.3449677157161457
Tra Vinh,2021-08-19,2021,8,19,5.883741033633831
Tra Vinh,2021-08-20,2021,8,20,4.279734048544492
Tra Vinh,2021-08-21,2021,8,21,0.0
Tra Vinh,2021-08-22,2021,8,22,2.234878054231135
Tra Vinh,2021-08-23,2021,8,23,25.68123996973404
Tra Vinh,2021-08-24,2021,8,24,17.638131107696
Tra Vinh,2021-08-25,2021,8,25,18.88662850190089
Tra Vinh,2021-08-26,2021,8,26,9.188259512007653
Tra Vinh,2021-08-27,2021,8,27,27.499794217650035
Tra Vinh,2021-08-28,2021,8,28,10.429498330699047
Tra Vinh,2021-08-29,2021,8,29,9.723372004715946
Tra Vinh,2021-08-30,2021,8,30,3.3645531863703035
Tra Vinh,2021-08-31,2021,8,31,1.6238857593539635
Tra Vinh,2021-09-01,2021,9,1,4.330421108903487
Tra Vinh,2021-09-02,2021,9,2,5.951897363041288
Tra Vinh,2021-09-03,2021,9,3,28.445892823910697
Tra Vinh,2021-09-04,2021,9,4,1.1172137360746517
Tra Vinh,2021-09-05,2021,9,5,7.995297029097098
Tra Vinh,2021-09-06,2021,9,6,0.1083824083257459
Tra Vinh,2021-09-07,2021,9,7,19.57198040469478
Tra Vinh,2021-09-08,2021,9,8,6.838261428359674
Tra Vinh,2021-09-09,2021,9,9,8.889165637328801
Tra Vinh,2021-09-10,2021,9,10,14.359060242846002
Tra Vinh,2021-09-11,2021,9,11,5.68412848876361
Tra Vinh,2021-09-12,2021,9,12,6.56573795825778
Tra Vinh,2021-09-13,2021,9,13,15.11673678453914
Tra Vinh,2021-09-14,2021,9,14,28.905620150062923
Tra Vinh,2021-09-15,2021,9,15,0.0854408367079344
Tra Vinh,2021-09-16,2021,9,16,0.4207387779928056
Tra Vinh,2021-09-17,2021,9,17,3.912706465461792
Tra Vinh,2021-09-18,2021,9,18,12.466372292878091
Tra Vinh,2021-09-19,2021,9,19,12.921502500145538
Tra Vinh,2021-09-20,2021,9,20,2.1322577796839477
Tra Vinh,2021-09-21,2021,9,21,0.7091489324248383
Tra Vinh,2021-09-22,2021,9,22,13.09708743856282
Tra Vinh,2021-09-23,2021,9,23,5.709496551912136
Tra Vinh,2021-09-24,2021,9,24,17.416400271275926
Tra Vinh,2021-09-25,2021,9,25,19.021107746552904
Tra Vinh,2021-09-26,2021,9,26,6.149845254264244
Tra Vinh,2021-09-27,2021,9,27,12.799197882266046
Tra Vinh,2021-09-28,2021,9,28,0.2488628871954259
Tra Vinh,2021-09-29,2021,9,29,1.8231643764752896
Tra Vinh,2021-09-30,2021,9,30,11.31019438179574
Tra Vinh,2021-10-01,2021,10,1,11.0221100202764
Tra Vinh,2021-10-02,2021,10,2,13.321234044120189
Tra Vinh,2021-10-03,2021,10,3,3.694908502877868
Tra Vinh,2021-10-04,2021,10,4,27.71875009541635
Tra Vinh,2021-10-05,2021,10,5,29.86423071417132
Tra Vinh,2021-10-06,2021,10,6,9.321875200366202
Tra Vinh,2021-10-07,2021,10,7,1.5560097322925572
Tra Vinh,2021-10-08,2021,10,8,9.945561506900294
Tra Vinh,2021-10-09,2021,10,9,9.84203569220746
Tra Vinh,2021-10-10,2021,10,10,6.943915214378728
Tra Vinh,2021-10-11,2021,10,11,32.86083758621515
Tra Vinh,2021-10-12,2021,10,12,0.0
Tra Vinh,2021-10-13,2021,10,13,6.619094916729105
Tra Vinh,2021-10-14,2021,10,14,0.0273522870732674
Tra Vinh,2021-10-15,2021,10,15,28.478063930705883
Tra Vinh,2021-10-16,2021,10,16,6.698664824861079
Tra Vinh,2021-10-17,2021,10,17,0.0931582370129776
Tra Vinh,2021-10-18,2021,10,18,1.4162281443262497
Tra Vinh,2021-10-19,2021,10,19,0.0
Tra Vinh,2021-10-20,2021,10,20,27.883657226037304
Tra Vinh,2021-10-21,2021,10,21,0.4329233905770379
Tra Vinh,2021-10-22,2021,10,22,5.428471730849017
Tra Vinh,2021-10-23,2021,10,23,10.463882624358824
Tra Vinh,2021-10-24,2021,10,24,2.879148858723444
Tra Vinh,2021-10-25,2021,10,25,4.735857582518394
Tra Vinh,2021-10-26,2021,10,26,14.396188966062134
Tra Vinh,2021-10-27,2021,10,27,1.2800805979311638
Tra Vinh,2021-10-28,2021,10,28,0.0
Tra Vinh,2021-10-29,2021,10,29,17.342852271722478
Tra Vinh,2021-10-30,2021,10,30,0.0
Tra Vinh,2021-10-31,2021,10,31,0.2933271593042004
Tra Vinh,2021-11-01,2021,11,1,0.0
Tra Vinh,2021-11-02,2021,11,2,0.394348405213647
Tra Vinh,2021-11-03,2021,11,3,20.435777829899138
Tra Vinh,2021-11-04,2021,11,4,0.0
Tra Vinh,2021-11-05,2021,11,5,0.0
Tra Vinh,2021-11-06,2021,11,6,0.1821492614145867
Tra Vinh,2021-11-07,2021,11,7,0.0
Tra Vinh,2021-11-08,2021,11,8,0.0
Tra Vinh,2021-11-09,2021,11,9,17.803089391192305
Tra Vinh,2021-11-10,2021,11,10,8.334477241128575
Tra Vinh,2021-11-11,2021,11,11,28.29179512082317
Tra Vinh,2021-11-12,2021,11,12,1.2161234667795793
Tra Vinh,2021-11-13,2021,11,13,0.0
Tra Vinh,2021-11-14,2021,11,14,12.790818080548156
Tra Vinh,2021-11-15,2021,11,15,22.319759140998165
Tra Vinh,2021-11-16,2021,11,16,10.060779699855978
Tra Vinh,2021-11-17,2021,11,17,7.995367256488392
Tra Vinh,2021-11-18,2021,11,18,1.6731376460174705
Tra Vinh,2021-11-19,2021,11,19,0.0
Tra Vinh,2021-11-20,2021,11,20,2.5433600117492734
Tra Vinh,2021-11-21,2021,11,21,0.5226688592051039
Tra Vinh,2021-11-22,2021,11,22,0.0
Tra Vinh,2021-11-23,2021,11,23,0.0
Tra Vinh,2021-11-24,2021,11,24,3.5012939538693897
Tra Vinh,2021-11-25,2021,11,25,4.1662215228486055
Tra Vinh,2021-11-26,2021,11,26,1.9369928331503157
Tra Vinh,2021-11-27,2021,11,27,5.595162861272168
Tra Vinh,2021-11-28,2021,11,28,8.053110191001224
Tra Vinh,2021-11-29,2021,11,29,14.21828708928814
Tra Vinh,2021-11-30,2021,11,30,12.74387585507186
Tra Vinh,2021-12-01,2021,12,1,6.657281809930048
Tra Vinh,2021-12-02,2021,12,2,1.3134402879409466
Tra Vinh,2021-12-03,2021,12,3,0.0296693296642084
Tra Vinh,2021-12-04,2021,12,4,1.0536962215291223
Tra Vinh,2021-12-05,2021,12,5,0.0106500663093895
Tra Vinh,2021-12-06,2021,12,6,0.0158972686399695
Tra Vinh,2021-12-07,2021,12,7,0.0
Tra Vinh,2021-12-08,2021,12,8,0.0
Tra Vinh,2021-12-09,2021,12,9,0.0324506358813277
Tra Vinh,2021-12-10,2021,12,10,0.0
Tra Vinh,2021-12-11,2021,12,11,0.0
Tra Vinh,2021-12-12,2021,12,12,0.0
Tra Vinh,2021-12-13,2021,12,13,0.4705183988343717
Tra Vinh,2021-12-14,2021,12,14,0.1979754464797979
Tra Vinh,2021-12-15,2021,12,15,0.0142979587023535
Tra Vinh,2021-12-16,2021,12,16,0.1079962874184678
Tra Vinh,2021-12-17,2021,12,17,1.210851496807709
Tra Vinh,2021-12-18,2021,12,18,0.0
Tra Vinh,2021-12-19,2021,12,19,0.8101330499720811
Tra Vinh,2021-12-20,2021,12,20,0.0
Tra Vinh,2021-12-21,2021,12,21,0.0
Tra Vinh,2021-12-22,2021,12,22,0.0
Tra Vinh,2021-12-23,2021,12,23,0.0
Tra Vinh,2021-12-24,2021,12,24,0.0
Tra Vinh,2021-12-25,2021,12,25,0.0
Tra Vinh,2021-12-26,2021,12,26,0.1578574787149352
Tra Vinh,2021-12-27,2021,12,27,0.0
Tra Vinh,2021-12-28,2021,12,28,0.0
Tra Vinh,2021-12-29,2021,12,29,0.0471481542332836
Tra Vinh,2021-12-30,2021,12,30,6.644999792234539
Tra Vinh,2021-12-31,2021,12,31,0.0
Tra Vinh,2022-01-01,2022,1,1,0.0
Tra Vinh,2022-01-02,2022,1,2,0.7295490384575889
Tra Vinh,2022-01-03,2022,1,3,0.197098685152942
Tra Vinh,2022-01-04,2022,1,4,0.0
Tra Vinh,2022-01-05,2022,1,5,0.0
Tra Vinh,2022-01-06,2022,1,6,0.0
Tra Vinh,2022-01-07,2022,1,7,0.0
Tra Vinh,2022-01-08,2022,1,8,0.0
Tra Vinh,2022-01-09,2022,1,9,0.0
Tra Vinh,2022-01-10,2022,1,10,0.0
Tra Vinh,2022-01-11,2022,1,11,0.0
Tra Vinh,2022-01-12,2022,1,12,0.0
Tra Vinh,2022-01-13,2022,1,13,0.0
Tra Vinh,2022-01-14,2022,1,14,0.0108689962441398
Tra Vinh,2022-01-15,2022,1,15,0.0
Tra Vinh,2022-01-16,2022,1,16,0.0
Tra Vinh,2022-01-17,2022,1,17,0.0
Tra Vinh,2022-01-18,2022,1,18,0.0
Tra Vinh,2022-01-19,2022,1,19,0.0
Tra Vinh,2022-01-20,2022,1,20,0.0
Tra Vinh,2022-01-21,2022,1,21,0.0
Tra Vinh,2022-01-22,2022,1,22,0.0
Tra Vinh,2022-01-23,2022,1,23,0.0
Tra Vinh,2022-01-24,2022,1,24,0.0
Tra Vinh,2022-01-25,2022,1,25,0.0
Tra Vinh,2022-01-26,2022,1,26,0.0
Tra Vinh,2022-01-27,2022,1,27,0.0
Tra Vinh,2022-01-28,2022,1,28,0.3380038379419964
Tra Vinh,2022-01-29,2022,1,29,0.0
Tra Vinh,2022-01-30,2022,1,30,0.0
Tra Vinh,2022-01-31,2022,1,31,0.0
Tra Vinh,2022-02-01,2022,2,1,0.0618347137814732
Tra Vinh,2022-02-02,2022,2,2,0.0
Tra Vinh,2022-02-03,2022,2,3,0.0
Tra Vinh,2022-02-04,2022,2,4,0.0
Tra Vinh,2022-02-05,2022,2,5,0.0
Tra Vinh,2022-02-06,2022,2,6,0.0
Tra Vinh,2022-02-07,2022,2,7,0.0
Tra Vinh,2022-02-08,2022,2,8,0.0
Tra Vinh,2022-02-09,2022,2,9,0.0
Tra Vinh,2022-02-10,2022,2,10,0.0478033733526947
Tra Vinh,2022-02-11,2022,2,11,0.2005003917639287
Tra Vinh,2022-02-12,2022,2,12,0.0
Tra Vinh,2022-02-13,2022,2,13,0.0
Tra Vinh,2022-02-14,2022,2,14,0.0
Tra Vinh,2022-02-15,2022,2,15,0.0
Tra Vinh,2022-02-16,2022,2,16,0.0005155492281534537
Tra Vinh,2022-02-17,2022,2,17,0.0
Tra Vinh,2022-02-18,2022,2,18,0.0
Tra Vinh,2022-02-19,2022,2,19,0.0
Tra Vinh,2022-02-20,2022,2,20,0.6433588504709705
Tra Vinh,2022-02-21,2022,2,21,0.0243234989152558
Tra Vinh,2022-02-22,2022,2,22,0.0991890937247927
Tra Vinh,2022-02-23,2022,2,23,0.0
Tra Vinh,2022-02-24,2022,2,24,1.5520428743335104
Tra Vinh,2022-02-25,2022,2,25,1.681442638131233
Tra Vinh,2022-02-26,2022,2,26,0.015312685362188
Tra Vinh,2022-02-27,2022,2,27,0.0
Tra Vinh,2022-02-28,2022,2,28,0.0
Tra Vinh,2022-03-01,2022,3,1,0.0
Tra Vinh,2022-03-02,2022,3,2,0.0257129647909361
Tra Vinh,2022-03-03,2022,3,3,0.0
Tra Vinh,2022-03-04,2022,3,4,0.0
Tra Vinh,2022-03-05,2022,3,5,0.0825791475363871
Tra Vinh,2022-03-06,2022,3,6,0.0
Tra Vinh,2022-03-07,2022,3,7,0.3372297292237242
Tra Vinh,2022-03-08,2022,3,8,0.0
Tra Vinh,2022-03-09,2022,3,9,0.0
Tra Vinh,2022-03-10,2022,3,10,0.0
Tra Vinh,2022-03-11,2022,3,11,0.0
Tra Vinh,2022-03-12,2022,3,12,1.166485389453418
Tra Vinh,2022-03-13,2022,3,13,0.0
Tra Vinh,2022-03-14,2022,3,14,0.0
Tra Vinh,2022-03-15,2022,3,15,0.0
Tra Vinh,2022-03-16,2022,3,16,0.0
Tra Vinh,2022-03-17,2022,3,17,0.0
Tra Vinh,2022-03-18,2022,3,18,0.0346389308900573
Tra Vinh,2022-03-19,2022,3,19,0.0973289170458069
Tra Vinh,2022-03-20,2022,3,20,0.7132512125700623
Tra Vinh,2022-03-21,2022,3,21,0.0
Tra Vinh,2022-03-22,2022,3,22,0.0
Tra Vinh,2022-03-23,2022,3,23,0.0
Tra Vinh,2022-03-24,2022,3,24,0.1315958955493547
Tra Vinh,2022-03-25,2022,3,25,0.0
Tra Vinh,2022-03-26,2022,3,26,0.0
Tra Vinh,2022-03-27,2022,3,27,0.0
Tra Vinh,2022-03-28,2022,3,28,4.177342279570641
Tra Vinh,2022-03-29,2022,3,29,0.0
Tra Vinh,2022-03-30,2022,3,30,22.537365908783396
Tra Vinh,2022-03-31,2022,3,31,2.850694488822568
Tra Vinh,2022-04-01,2022,4,1,5.2499007689804
Tra Vinh,2022-04-02,2022,4,2,0.0
Tra Vinh,2022-04-03,2022,4,3,0.3309574485926091
Tra Vinh,2022-04-04,2022,4,4,0.0
Tra Vinh,2022-04-05,2022,4,5,0.0
Tra Vinh,2022-04-06,2022,4,6,0.7472108182579669
Tra Vinh,2022-04-07,2022,4,7,1.0081304010161172
Tra Vinh,2022-04-08,2022,4,8,0.0
Tra Vinh,2022-04-09,2022,4,9,0.0
Tra Vinh,2022-04-10,2022,4,10,0.0
Tra Vinh,2022-04-11,2022,4,11,0.0
Tra Vinh,2022-04-12,2022,4,12,0.0
Tra Vinh,2022-04-13,2022,4,13,0.0
Tra Vinh,2022-04-14,2022,4,14,2.634404621950801
Tra Vinh,2022-04-15,2022,4,15,4.8540307211125615
Tra Vinh,2022-04-16,2022,4,16,4.906270386929263
Tra Vinh,2022-04-17,2022,4,17,0.0
Tra Vinh,2022-04-18,2022,4,18,0.0
Tra Vinh,2022-04-19,2022,4,19,0.0
Tra Vinh,2022-04-20,2022,4,20,0.0
Tra Vinh,2022-04-21,2022,4,21,0.0
Tra Vinh,2022-04-22,2022,4,22,0.0
Tra Vinh,2022-04-23,2022,4,23,0.0
Tra Vinh,2022-04-24,2022,4,24,0.0
Tra Vinh,2022-04-25,2022,4,25,0.0
Tra Vinh,2022-04-26,2022,4,26,0.0
Tra Vinh,2022-04-27,2022,4,27,0.585156488157611
Tra Vinh,2022-04-28,2022,4,28,5.744555494796319
Tra Vinh,2022-04-29,2022,4,29,23.119019907561032
Tra Vinh,2022-04-30,2022,4,30,0.2522396822964123
Tra Vinh,2022-05-01,2022,5,1,9.28809570891033
Tra Vinh,2022-05-02,2022,5,2,11.21808929626444
Tra Vinh,2022-05-03,2022,5,3,17.635259782654288
Tra Vinh,2022-05-04,2022,5,4,14.266818423015916
Tra Vinh,2022-05-05,2022,5,5,3.9869422008181
Tra Vinh,2022-05-06,2022,5,6,0.0
Tra Vinh,2022-05-07,2022,5,7,2.949824799538392
Tra Vinh,2022-05-08,2022,5,8,10.479701054122726
Tra Vinh,2022-05-09,2022,5,9,1.822768375580792
Tra Vinh,2022-05-10,2022,5,10,4.20456067352024
Tra Vinh,2022-05-11,2022,5,11,2.1934518478498584
Tra Vinh,2022-05-12,2022,5,12,3.215598434928504
Tra Vinh,2022-05-13,2022,5,13,4.448784366823452
Tra Vinh,2022-05-14,2022,5,14,1.9032584459267452
Tra Vinh,2022-05-15,2022,5,15,0.7375960078874733
Tra Vinh,2022-05-16,2022,5,16,7.374492115529556
Tra Vinh,2022-05-17,2022,5,17,17.12118836184821
Tra Vinh,2022-05-18,2022,5,18,11.721030274191042
Tra Vinh,2022-05-19,2022,5,19,8.435404205976722
Tra Vinh,2022-05-20,2022,5,20,11.326772422714678
Tra Vinh,2022-05-21,2022,5,21,13.853054151976227
Tra Vinh,2022-05-22,2022,5,22,16.865245082958626
Tra Vinh,2022-05-23,2022,5,23,0.2357785221203913
Tra Vinh,2022-05-24,2022,5,24,0.0
Tra Vinh,2022-05-25,2022,5,25,0.2397529546146578
Tra Vinh,2022-05-26,2022,5,26,9.123043234131774
Tra Vinh,2022-05-27,2022,5,27,20.149937457950244
Tra Vinh,2022-05-28,2022,5,28,10.285179729703875
Tra Vinh,2022-05-29,2022,5,29,8.191193725953898
Tra Vinh,2022-05-30,2022,5,30,17.345914174598242
Tra Vinh,2022-05-31,2022,5,31,4.318622916116252
Tra Vinh,2022-06-01,2022,6,1,0.4418718403213876
Tra Vinh,2022-06-02,2022,6,2,11.620825606430614
Tra Vinh,2022-06-03,2022,6,3,10.931695396540936
Tra Vinh,2022-06-04,2022,6,4,1.4446344068157624
Tra Vinh,2022-06-05,2022,6,5,0.0
Tra Vinh,2022-06-06,2022,6,6,5.811297849098474
Tra Vinh,2022-06-07,2022,6,7,14.893108043361572
Tra Vinh,2022-06-08,2022,6,8,1.5101052397068524
Tra Vinh,2022-06-09,2022,6,9,9.078295824873113
Tra Vinh,2022-06-10,2022,6,10,1.2775226951522132
Tra Vinh,2022-06-11,2022,6,11,7.755502738238238
Tra Vinh,2022-06-12,2022,6,12,4.061126175233801
Tra Vinh,2022-06-13,2022,6,13,2.295440334304899
Tra Vinh,2022-06-14,2022,6,14,0.0
Tra Vinh,2022-06-15,2022,6,15,0.0
Tra Vinh,2022-06-16,2022,6,16,1.883074096515991
Tra Vinh,2022-06-17,2022,6,17,1.0621934210455029
Tra Vinh,2022-06-18,2022,6,18,1.642055580721556
Tra Vinh,2022-06-19,2022,6,19,2.150785974726241
Tra Vinh,2022-06-20,2022,6,20,2.660097491064295
Tra Vinh,2022-06-21,2022,6,21,4.421618771131003
Tra Vinh,2022-06-22,2022,6,22,7.891954133668392
Tra Vinh,2022-06-23,2022,6,23,6.886319235489675
Tra Vinh,2022-06-24,2022,6,24,2.483725508706516
Tra Vinh,2022-06-25,2022,6,25,0.5874036294651046
Tra Vinh,2022-06-26,2022,6,26,3.6311166790666505
Tra Vinh,2022-06-27,2022,6,27,2.493360424594265
Tra Vinh,2022-06-28,2022,6,28,10.139141851008109
Tra Vinh,2022-06-29,2022,6,29,10.015094367830244
Tra Vinh,2022-06-30,2022,6,30,13.60551482862094
Tra Vinh,2022-07-01,2022,7,1,11.553816006206862
Tra Vinh,2022-07-02,2022,7,2,21.61806096301968
Tra Vinh,2022-07-03,2022,7,3,19.367994572212297
Tra Vinh,2022-07-04,2022,7,4,6.67358488228783
Tra Vinh,2022-07-05,2022,7,5,0.0695108787328825
Tra Vinh,2022-07-06,2022,7,6,1.4512547378725975
Tra Vinh,2022-07-07,2022,7,7,10.739726724289444
Tra Vinh,2022-07-08,2022,7,8,27.73629525025032
Tra Vinh,2022-07-09,2022,7,9,17.205892975908963
Tra Vinh,2022-07-10,2022,7,10,5.0719392769394185
Tra Vinh,2022-07-11,2022,7,11,0.0
Tra Vinh,2022-07-12,2022,7,12,27.569195946546955
Tra Vinh,2022-07-13,2022,7,13,23.308821427245128
Tra Vinh,2022-07-14,2022,7,14,1.0763188176875196
Tra Vinh,2022-07-15,2022,7,15,0.1252255153916973
Tra Vinh,2022-07-16,2022,7,16,1.1317016215370883
Tra Vinh,2022-07-17,2022,7,17,6.632358004501663
Tra Vinh,2022-07-18,2022,7,18,5.724038550950367
Tra Vinh,2022-07-19,2022,7,19,17.996641826747886
Tra Vinh,2022-07-20,2022,7,20,17.63564209577587
Tra Vinh,2022-07-21,2022,7,21,17.413524346411144
Tra Vinh,2022-07-22,2022,7,22,0.646151268321142
Tra Vinh,2022-07-23,2022,7,23,5.025793307119502
Tra Vinh,2022-07-24,2022,7,24,0.1536168753642066
Tra Vinh,2022-07-25,2022,7,25,0.2129911606752588
Tra Vinh,2022-07-26,2022,7,26,9.782885536079997
Tra Vinh,2022-07-27,2022,7,27,1.498081848399953
Tra Vinh,2022-07-28,2022,7,28,1.2295160809704146
Tra Vinh,2022-07-29,2022,7,29,0.0012061396521014
Tra Vinh,2022-07-30,2022,7,30,7.195735597969301
Tra Vinh,2022-07-31,2022,7,31,24.84019480131621
Tra Vinh,2022-08-01,2022,8,1,26.277080409890125
Tra Vinh,2022-08-02,2022,8,2,1.7063096797790445
Tra Vinh,2022-08-03,2022,8,3,5.573450133864522
Tra Vinh,2022-08-04,2022,8,4,5.161952303559712
Tra Vinh,2022-08-05,2022,8,5,2.4739947536571907
Tra Vinh,2022-08-06,2022,8,6,9.944218602754606
Tra Vinh,2022-08-07,2022,8,7,22.98818037186562
Tra Vinh,2022-08-08,2022,8,8,14.193190198770766
Tra Vinh,2022-08-09,2022,8,9,0.0014865481182716
Tra Vinh,2022-08-10,2022,8,10,4.664038896784937
Tra Vinh,2022-08-11,2022,8,11,8.185173384833783
Tra Vinh,2022-08-12,2022,8,12,1.1630207109149546
Tra Vinh,2022-08-13,2022,8,13,0.0925463633148287
Tra Vinh,2022-08-14,2022,8,14,3.113104339846387
Tra Vinh,2022-08-15,2022,8,15,20.1889396962374
Tra Vinh,2022-08-16,2022,8,16,2.105175832428237
Tra Vinh,2022-08-17,2022,8,17,3.178553304000248
Tra Vinh,2022-08-18,2022,8,18,5.4818543103977975
Tra Vinh,2022-08-19,2022,8,19,13.468299772263553
Tra Vinh,2022-08-20,2022,8,20,8.120459626735084
Tra Vinh,2022-08-21,2022,8,21,0.231873889601045
Tra Vinh,2022-08-22,2022,8,22,3.888082761019951
Tra Vinh,2022-08-23,2022,8,23,3.610815672083799
Tra Vinh,2022-08-24,2022,8,24,17.579934311541034
Tra Vinh,2022-08-25,2022,8,25,19.314988143060347
Tra Vinh,2022-08-26,2022,8,26,11.878085513308204
Tra Vinh,2022-08-27,2022,8,27,3.661911207630182
Tra Vinh,2022-08-28,2022,8,28,2.218233269321545
Tra Vinh,2022-08-29,2022,8,29,2.7350229410834035
Tra Vinh,2022-08-30,2022,8,30,0.329320596898338
Tra Vinh,2022-08-31,2022,8,31,5.488769468046852
Tra Vinh,2022-09-01,2022,9,1,2.198701614617526
Tra Vinh,2022-09-02,2022,9,2,1.6286094573209966
Tra Vinh,2022-09-03,2022,9,3,6.092533572955234
Tra Vinh,2022-09-04,2022,9,4,11.947846642106498
Tra Vinh,2022-09-05,2022,9,5,14.870907665766955
Tra Vinh,2022-09-06,2022,9,6,32.198848857621925
Tra Vinh,2022-09-07,2022,9,7,2.16669805918022
Tra Vinh,2022-09-08,2022,9,8,0.0
Tra Vinh,2022-09-09,2022,9,9,3.118641859245071
Tra Vinh,2022-09-10,2022,9,10,4.581558259059083
Tra Vinh,2022-09-11,2022,9,11,5.384178711111288
Tra Vinh,2022-09-12,2022,9,12,3.1194838289727658
Tra Vinh,2022-09-13,2022,9,13,6.314853069913555
Tra Vinh,2022-09-14,2022,9,14,4.544962091202895
Tra Vinh,2022-09-15,2022,9,15,10.545831101520132
Tra Vinh,2022-09-16,2022,9,16,9.272051530127364
Tra Vinh,2022-09-17,2022,9,17,17.557533970485895
Tra Vinh,2022-09-18,2022,9,18,6.799063493293311
Tra Vinh,2022-09-19,2022,9,19,0.0
Tra Vinh,2022-09-20,2022,9,20,0.2080222891603185
Tra Vinh,2022-09-21,2022,9,21,9.103332964379456
Tra Vinh,2022-09-22,2022,9,22,7.239797178804312
Tra Vinh,2022-09-23,2022,9,23,1.4679876040021878
Tra Vinh,2022-09-24,2022,9,24,2.349035802347467
Tra Vinh,2022-09-25,2022,9,25,17.857738339882616
Tra Vinh,2022-09-26,2022,9,26,12.192136596405993
Tra Vinh,2022-09-27,2022,9,27,5.43636880801522
Tra Vinh,2022-09-28,2022,9,28,19.167059322208416
Tra Vinh,2022-09-29,2022,9,29,12.74839991529884
Tra Vinh,2022-09-30,2022,9,30,13.31508311422865
Tra Vinh,2022-10-01,2022,10,1,10.895595957830414
Tra Vinh,2022-10-02,2022,10,2,16.681576124027842
Tra Vinh,2022-10-03,2022,10,3,1.041849743653224
Tra Vinh,2022-10-04,2022,10,4,15.64546231316647
Tra Vinh,2022-10-05,2022,10,5,9.626034907934214
Tra Vinh,2022-10-06,2022,10,6,7.930682839634924
Tra Vinh,2022-10-07,2022,10,7,6.768451303462807
Tra Vinh,2022-10-08,2022,10,8,30.128389321740343
Tra Vinh,2022-10-09,2022,10,9,11.893503812004887
Tra Vinh,2022-10-10,2022,10,10,8.973125957129689
Tra Vinh,2022-10-11,2022,10,11,11.807030822061684
Tra Vinh,2022-10-12,2022,10,12,28.060907351577168
Tra Vinh,2022-10-13,2022,10,13,7.07291292139092
Tra Vinh,2022-10-14,2022,10,14,3.936246927923801
Tra Vinh,2022-10-15,2022,10,15,0.0
Tra Vinh,2022-10-16,2022,10,16,0.0
Tra Vinh,2022-10-17,2022,10,17,7.011309674484661
Tra Vinh,2022-10-18,2022,10,18,11.77127694469936
Tra Vinh,2022-10-19,2022,10,19,21.07845003033614
Tra Vinh,2022-10-20,2022,10,20,26.016602974458294
Tra Vinh,2022-10-21,2022,10,21,0.3013903350529964
Tra Vinh,2022-10-22,2022,10,22,2.411533124267045
Tra Vinh,2022-10-23,2022,10,23,6.622864719821139
Tra Vinh,2022-10-24,2022,10,24,14.158388837741258
Tra Vinh,2022-10-25,2022,10,25,13.10219382318203
Tra Vinh,2022-10-26,2022,10,26,5.590533203256625
Tra Vinh,2022-10-27,2022,10,27,31.817762404073694
Tra Vinh,2022-10-28,2022,10,28,13.707421451241244
Tra Vinh,2022-10-29,2022,10,29,0.914837306435136
Tra Vinh,2022-10-30,2022,10,30,8.258391061806973
Tra Vinh,2022-10-31,2022,10,31,0.0
Tra Vinh,2022-11-01,2022,11,1,0.8085904834371193
Tra Vinh,2022-11-02,2022,11,2,1.0900724009405711
Tra Vinh,2022-11-03,2022,11,3,14.706397512559704
Tra Vinh,2022-11-04,2022,11,4,27.512217390857334
Tra Vinh,2022-11-05,2022,11,5,0.0
Tra Vinh,2022-11-06,2022,11,6,0.0
Tra Vinh,2022-11-07,2022,11,7,0.677018498709737
Tra Vinh,2022-11-08,2022,11,8,1.5719023174723332
Tra Vinh,2022-11-09,2022,11,9,0.0
Tra Vinh,2022-11-10,2022,11,10,0.0090740172296624
Tra Vinh,2022-11-11,2022,11,11,5.6669440810570695
Tra Vinh,2022-11-12,2022,11,12,0.0102019564033431
Tra Vinh,2022-11-13,2022,11,13,0.1314309466714958
Tra Vinh,2022-11-14,2022,11,14,0.0
Tra Vinh,2022-11-15,2022,11,15,0.0
Tra Vinh,2022-11-16,2022,11,16,0.0
Tra Vinh,2022-11-17,2022,11,17,0.1509041636952869
Tra Vinh,2022-11-18,2022,11,18,9.786415485351414
Tra Vinh,2022-11-19,2022,11,19,29.03347635513821
Tra Vinh,2022-11-20,2022,11,20,41.8235904912327
Tra Vinh,2022-11-21,2022,11,21,42.12471823596905
Tra Vinh,2022-11-22,2022,11,22,25.855478842767745
Tra Vinh,2022-11-23,2022,11,23,1.6857977496756018
Tra Vinh,2022-11-24,2022,11,24,0.0
Tra Vinh,2022-11-25,2022,11,25,2.870062285250876
Tra Vinh,2022-11-26,2022,11,26,0.6448926487314774
Tra Vinh,2022-11-27,2022,11,27,0.0
Tra Vinh,2022-11-28,2022,11,28,0.0
Tra Vinh,2022-11-29,2022,11,29,0.0
Tra Vinh,2022-11-30,2022,11,30,21.73426926268539
Tra Vinh,2022-12-01,2022,12,1,6.715471438888971
Tra Vinh,2022-12-02,2022,12,2,4.266218870139148
Tra Vinh,2022-12-03,2022,12,3,25.336363776761356
Tra Vinh,2022-12-04,2022,12,4,0.6639403934272431
Tra Vinh,2022-12-05,2022,12,5,0.0
Tra Vinh,2022-12-06,2022,12,6,0.0327775464906883
Tra Vinh,2022-12-07,2022,12,7,0.9076510094487196
Tra Vinh,2022-12-08,2022,12,8,1.7913386776128422
Tra Vinh,2022-12-09,2022,12,9,0.011663627069955
Tra Vinh,2022-12-10,2022,12,10,0.0
Tra Vinh,2022-12-11,2022,12,11,0.0
Tra Vinh,2022-12-12,2022,12,12,0.0
Tra Vinh,2022-12-13,2022,12,13,0.0
Tra Vinh,2022-12-14,2022,12,14,0.0
Tra Vinh,2022-12-15,2022,12,15,0.0
Tra Vinh,2022-12-16,2022,12,16,2.638039895616393
Tra Vinh,2022-12-17,2022,12,17,3.18177499308002
Tra Vinh,2022-12-18,2022,12,18,0.0
Tra Vinh,2022-12-19,2022,12,19,0.1997993392517816
Tra Vinh,2022-12-20,2022,12,20,0.0565566081144023
Tra Vinh,2022-12-21,2022,12,21,0.869393447102166
Tra Vinh,2022-12-22,2022,12,22,0.0360107043063883
Tra Vinh,2022-12-23,2022,12,23,0.0
Tra Vinh,2022-12-24,2022,12,24,0.8825765775934901
Tra Vinh,2022-12-25,2022,12,25,0.063034456077347
Tra Vinh,2022-12-26,2022,12,26,0.8032481393356168
Tra Vinh,2022-12-27,2022,12,27,0.0079521168362937
Tra Vinh,2022-12-28,2022,12,28,0.0014626643016274
Tra Vinh,2022-12-29,2022,12,29,0.0812932909941783
Tra Vinh,2022-12-30,2022,12,30,0.153885636382456
Tra Vinh,2022-12-31,2022,12,31,2.1010385119794703
Tra Vinh,2023-01-01,2023,1,1,0.0
Tra Vinh,2023-01-02,2023,1,2,0.0416862567112917
Tra Vinh,2023-01-03,2023,1,3,0.0355034673623759
Tra Vinh,2023-01-04,2023,1,4,1.3578760571585404
Tra Vinh,2023-01-05,2023,1,5,2.689327803117526
Tra Vinh,2023-01-06,2023,1,6,0.0554558935023911
Tra Vinh,2023-01-07,2023,1,7,6.77678949867168
Tra Vinh,2023-01-08,2023,1,8,1.596629285778737
Tra Vinh,2023-01-09,2023,1,9,0.4575980964258671
Tra Vinh,2023-01-10,2023,1,10,1.7137463025370274
Tra Vinh,2023-01-11,2023,1,11,0.0
Tra Vinh,2023-01-12,2023,1,12,0.0
Tra Vinh,2023-01-13,2023,1,13,0.0
Tra Vinh,2023-01-14,2023,1,14,0.0
Tra Vinh,2023-01-15,2023,1,15,0.0
Tra Vinh,2023-01-16,2023,1,16,0.0
Tra Vinh,2023-01-17,2023,1,17,0.0
Tra Vinh,2023-01-18,2023,1,18,0.0390388333549739
Tra Vinh,2023-01-19,2023,1,19,0.0103691971394288
Tra Vinh,2023-01-20,2023,1,20,0.059725285627678
Tra Vinh,2023-01-21,2023,1,21,0.0
Tra Vinh,2023-01-22,2023,1,22,0.0
Tra Vinh,2023-01-23,2023,1,23,0.0
Tra Vinh,2023-01-24,2023,1,24,0.1636448663887007
Tra Vinh,2023-01-25,2023,1,25,0.0227302023492675
Tra Vinh,2023-01-26,2023,1,26,0.0459177334652265
Tra Vinh,2023-01-27,2023,1,27,0.0271412293656536
Tra Vinh,2023-01-28,2023,1,28,0.186044880245228
Tra Vinh,2023-01-29,2023,1,29,0.0
Tra Vinh,2023-01-30,2023,1,30,1.7830848591779669
Tra Vinh,2023-01-31,2023,1,31,0.0
Tra Vinh,2023-02-01,2023,2,1,0.0232252094997225
Tra Vinh,2023-02-02,2023,2,2,0.0
Tra Vinh,2023-02-03,2023,2,3,0.3721290253025049
Tra Vinh,2023-02-04,2023,2,4,0.0
Tra Vinh,2023-02-05,2023,2,5,0.0
Tra Vinh,2023-02-06,2023,2,6,0.0
Tra Vinh,2023-02-07,2023,2,7,0.0478953075282529
Tra Vinh,2023-02-08,2023,2,8,0.6475663308365762
Tra Vinh,2023-02-09,2023,2,9,0.0
Tra Vinh,2023-02-10,2023,2,10,0.0
Tra Vinh,2023-02-11,2023,2,11,0.0
Tra Vinh,2023-02-12,2023,2,12,0.0
Tra Vinh,2023-02-13,2023,2,13,1.094630846630432
Tra Vinh,2023-02-14,2023,2,14,2.6932326195223504
Tra Vinh,2023-02-15,2023,2,15,0.5322762678194314
Tra Vinh,2023-02-16,2023,2,16,0.0
Tra Vinh,2023-02-17,2023,2,17,0.0
Tra Vinh,2023-02-18,2023,2,18,0.0
Tra Vinh,2023-02-19,2023,2,19,0.0912059178276104
Tra Vinh,2023-02-20,2023,2,20,0.0
Tra Vinh,2023-02-21,2023,2,21,0.0
Tra Vinh,2023-02-22,2023,2,22,0.0
Tra Vinh,2023-02-23,2023,2,23,0.0
Tra Vinh,2023-02-24,2023,2,24,0.0
Tra Vinh,2023-02-25,2023,2,25,0.0
Tra Vinh,2023-02-26,2023,2,26,0.0
Tra Vinh,2023-02-27,2023,2,27,1.3875938637329606
Tra Vinh,2023-02-28,2023,2,28,0.0
Tra Vinh,2023-03-01,2023,3,1,0.0879669509495509
Tra Vinh,2023-03-02,2023,3,2,0.2771561209597259
Tra Vinh,2023-03-03,2023,3,3,0.9791469776020796
Tra Vinh,2023-03-04,2023,3,4,0.9930170163937828
Tra Vinh,2023-03-05,2023,3,5,0.7314038035353573
Tra Vinh,2023-03-06,2023,3,6,1.2616442220041193
Tra Vinh,2023-03-07,2023,3,7,0.0
Tra Vinh,2023-03-08,2023,3,8,0.1075247599718936
Tra Vinh,2023-03-09,2023,3,9,0.0
Tra Vinh,2023-03-10,2023,3,10,0.0
Tra Vinh,2023-03-11,2023,3,11,0.0
Tra Vinh,2023-03-12,2023,3,12,0.0117374368155942
Tra Vinh,2023-03-13,2023,3,13,0.0
Tra Vinh,2023-03-14,2023,3,14,0.0
Tra Vinh,2023-03-15,2023,3,15,0.0
Tra Vinh,2023-03-16,2023,3,16,0.0
Tra Vinh,2023-03-17,2023,3,17,0.0
Tra Vinh,2023-03-18,2023,3,18,0.0
Tra Vinh,2023-03-19,2023,3,19,0.0
Tra Vinh,2023-03-20,2023,3,20,0.0
Tra Vinh,2023-03-21,2023,3,21,0.0
Tra Vinh,2023-03-22,2023,3,22,0.0
Tra Vinh,2023-03-23,2023,3,23,0.0
Tra Vinh,2023-03-24,2023,3,24,0.0
Tra Vinh,2023-03-25,2023,3,25,0.0
Tra Vinh,2023-03-26,2023,3,26,0.0
Tra Vinh,2023-03-27,2023,3,27,0.0
Tra Vinh,2023-03-28,2023,3,28,0.0117287624640731
Tra Vinh,2023-03-29,2023,3,29,0.0
Tra Vinh,2023-03-30,2023,3,30,0.0
Tra Vinh,2023-03-31,2023,3,31,0.0167485989397033
Tra Vinh,2023-04-01,2023,4,1,0.0
Tra Vinh,2023-04-02,2023,4,2,0.0049812006342812
Tra Vinh,2023-04-03,2023,4,3,0.914839552695351
Tra Vinh,2023-04-04,2023,4,4,0.0
Tra Vinh,2023-04-05,2023,4,5,0.0
Tra Vinh,2023-04-06,2023,4,6,0.0
Tra Vinh,2023-04-07,2023,4,7,0.0
Tra Vinh,2023-04-08,2023,4,8,0.0
Tra Vinh,2023-04-09,2023,4,9,0.0
Tra Vinh,2023-04-10,2023,4,10,0.0
Tra Vinh,2023-04-11,2023,4,11,0.0
Tra Vinh,2023-04-12,2023,4,12,0.0
Tra Vinh,2023-04-13,2023,4,13,0.0
Tra Vinh,2023-04-14,2023,4,14,0.0
Tra Vinh,2023-04-15,2023,4,15,12.755124626168636
Tra Vinh,2023-04-16,2023,4,16,10.466703005849917
Tra Vinh,2023-04-17,2023,4,17,0.0
Tra Vinh,2023-04-18,2023,4,18,0.0
Tra Vinh,2023-04-19,2023,4,19,0.0070552276875884
Tra Vinh,2023-04-20,2023,4,20,0.1507944030008989
Tra Vinh,2023-04-21,2023,4,21,0.0
Tra Vinh,2023-04-22,2023,4,22,0.0
Tra Vinh,2023-04-23,2023,4,23,0.0
Tra Vinh,2023-04-24,2023,4,24,0.0
Tra Vinh,2023-04-25,2023,4,25,0.0667835201629108
Tra Vinh,2023-04-26,2023,4,26,0.0
Tra Vinh,2023-04-27,2023,4,27,0.0
Tra Vinh,2023-04-28,2023,4,28,0.0
Tra Vinh,2023-04-29,2023,4,29,0.0462301169498692
Tra Vinh,2023-04-30,2023,4,30,1.0598618381753704
Tra Vinh,2023-05-01,2023,5,1,0.0
Tra Vinh,2023-05-02,2023,5,2,0.0
Tra Vinh,2023-05-03,2023,5,3,0.0
Tra Vinh,2023-05-04,2023,5,4,0.0
Tra Vinh,2023-05-05,2023,5,5,0.0388874889582227
Tra Vinh,2023-05-06,2023,5,6,0.1911083096537973
Tra Vinh,2023-05-07,2023,5,7,0.0023486766322608
Tra Vinh,2023-05-08,2023,5,8,2.858566536329659
Tra Vinh,2023-05-09,2023,5,9,7.047904368810456
Tra Vinh,2023-05-10,2023,5,10,2.200664599950606
Tra Vinh,2023-05-11,2023,5,11,5.473333255213428
Tra Vinh,2023-05-12,2023,5,12,3.4716489012779186
Tra Vinh,2023-05-13,2023,5,13,0.0
Tra Vinh,2023-05-14,2023,5,14,1.134515954018128
Tra Vinh,2023-05-15,2023,5,15,0.4053767713008832
Tra Vinh,2023-05-16,2023,5,16,2.6988816046094977
Tra Vinh,2023-05-17,2023,5,17,1.511531721348841
Tra Vinh,2023-05-18,2023,5,18,3.726681796999207
Tra Vinh,2023-05-19,2023,5,19,0.8104278203033065
Tra Vinh,2023-05-20,2023,5,20,14.024038220728196
Tra Vinh,2023-05-21,2023,5,21,12.412127072614988
Tra Vinh,2023-05-22,2023,5,22,5.096939373774793
Tra Vinh,2023-05-23,2023,5,23,5.126467374230685
Tra Vinh,2023-05-24,2023,5,24,7.346576160368846
Tra Vinh,2023-05-25,2023,5,25,4.696438381330199
Tra Vinh,2023-05-26,2023,5,26,12.44118290661501
Tra Vinh,2023-05-27,2023,5,27,22.18533412847882
Tra Vinh,2023-05-28,2023,5,28,8.328450441890563
Tra Vinh,2023-05-29,2023,5,29,3.128059562830225
Tra Vinh,2023-05-30,2023,5,30,3.312776003492292
Tra Vinh,2023-05-31,2023,5,31,15.317368159625229
Tra Vinh,2023-06-01,2023,6,1,5.4340362099678
Tra Vinh,2023-06-02,2023,6,2,5.367776407071293
Tra Vinh,2023-06-03,2023,6,3,4.934483263428157
Tra Vinh,2023-06-04,2023,6,4,12.57856889047927
Tra Vinh,2023-06-05,2023,6,5,9.731959852261763
Tra Vinh,2023-06-06,2023,6,6,5.216228442496266
Tra Vinh,2023-06-07,2023,6,7,13.804004196266806
Tra Vinh,2023-06-08,2023,6,8,13.10396393368504
Tra Vinh,2023-06-09,2023,6,9,0.3753912874179066
Tra Vinh,2023-06-10,2023,6,10,12.314086712627956
Tra Vinh,2023-06-11,2023,6,11,0.5859380364418029
Tra Vinh,2023-06-12,2023,6,12,3.424332292360873
Tra Vinh,2023-06-13,2023,6,13,1.305514508401183
Tra Vinh,2023-06-14,2023,6,14,0.5499032054555829
Tra Vinh,2023-06-15,2023,6,15,9.96374325886208
Tra Vinh,2023-06-16,2023,6,16,5.903487177838703
Tra Vinh,2023-06-17,2023,6,17,12.268165088645892
Tra Vinh,2023-06-18,2023,6,18,8.362797236674988
Tra Vinh,2023-06-19,2023,6,19,0.0
Tra Vinh,2023-06-20,2023,6,20,23.711852958024163
Tra Vinh,2023-06-21,2023,6,21,3.700090633053157
Tra Vinh,2023-06-22,2023,6,22,7.687546691813793
Tra Vinh,2023-06-23,2023,6,23,5.745196227571056
Tra Vinh,2023-06-24,2023,6,24,2.772539479000172
Tra Vinh,2023-06-25,2023,6,25,4.183496703077264
Tra Vinh,2023-06-26,2023,6,26,4.0565409315780245
Tra Vinh,2023-06-27,2023,6,27,9.127052985920503
Tra Vinh,2023-06-28,2023,6,28,6.290642078786867
Tra Vinh,2023-06-29,2023,6,29,0.5693839472930858
Tra Vinh,2023-06-30,2023,6,30,6.4471203331480815
Tra Vinh,2023-07-01,2023,7,1,25.987124770405718
Tra Vinh,2023-07-02,2023,7,2,6.3655698379125445
Tra Vinh,2023-07-03,2023,7,3,12.954390213471996
Tra Vinh,2023-07-04,2023,7,4,6.328746700523364
Tra Vinh,2023-07-05,2023,7,5,7.365622614802955
Tra Vinh,2023-07-06,2023,7,6,0.22834366287801
Tra Vinh,2023-07-07,2023,7,7,0.0
Tra Vinh,2023-07-08,2023,7,8,3.757653289826401
Tra Vinh,2023-07-09,2023,7,9,3.0714244280836813
Tra Vinh,2023-07-10,2023,7,10,1.4793983242216933
Tra Vinh,2023-07-11,2023,7,11,5.348291255315795
Tra Vinh,2023-07-12,2023,7,12,9.847873937192686
Tra Vinh,2023-07-13,2023,7,13,17.02820479778095
Tra Vinh,2023-07-14,2023,7,14,5.573541539682166
Tra Vinh,2023-07-15,2023,7,15,5.779905554839273
Tra Vinh,2023-07-16,2023,7,16,19.223511326673883
Tra Vinh,2023-07-17,2023,7,17,22.828443146657182
Tra Vinh,2023-07-18,2023,7,18,18.58689942004355
Tra Vinh,2023-07-19,2023,7,19,17.968273962381986
Tra Vinh,2023-07-20,2023,7,20,0.0
Tra Vinh,2023-07-21,2023,7,21,8.369893357389618
Tra Vinh,2023-07-22,2023,7,22,14.890066151539845
Tra Vinh,2023-07-23,2023,7,23,8.032328916203573
Tra Vinh,2023-07-24,2023,7,24,17.541800791124036
Tra Vinh,2023-07-25,2023,7,25,15.8425734624998
Tra Vinh,2023-07-26,2023,7,26,8.693838253415953
Tra Vinh,2023-07-27,2023,7,27,31.098114292010376
Tra Vinh,2023-07-28,2023,7,28,21.797704483966488
Tra Vinh,2023-07-29,2023,7,29,14.377489330953296
Tra Vinh,2023-07-30,2023,7,30,31.4510430145492
Tra Vinh,2023-07-31,2023,7,31,11.84678431135865
Tra Vinh,2023-08-01,2023,8,1,1.5663850946020252
Tra Vinh,2023-08-02,2023,8,2,11.844281870033958
Tra Vinh,2023-08-03,2023,8,3,0.4456795265435233
Tra Vinh,2023-08-04,2023,8,4,1.3477625148569958
Tra Vinh,2023-08-05,2023,8,5,0.3681996389802997
Tra Vinh,2023-08-06,2023,8,6,0.0
Tra Vinh,2023-08-07,2023,8,7,0.0
Tra Vinh,2023-08-08,2023,8,8,0.0
Tra Vinh,2023-08-09,2023,8,9,0.0
Tra Vinh,2023-08-10,2023,8,10,13.923470105231058
Tra Vinh,2023-08-11,2023,8,11,0.0774693944137361
Tra Vinh,2023-08-12,2023,8,12,4.360923825624111
Tra Vinh,2023-08-13,2023,8,13,9.844965374263833
Tra Vinh,2023-08-14,2023,8,14,16.578992436497717
Tra Vinh,2023-08-15,2023,8,15,1.4222925767666943
Tra Vinh,2023-08-16,2023,8,16,3.761155925531845
Tra Vinh,2023-08-17,2023,8,17,4.11646846669218
Tra Vinh,2023-08-18,2023,8,18,9.79472570837675
Tra Vinh,2023-08-19,2023,8,19,37.00162151546095
Tra Vinh,2023-08-20,2023,8,20,3.966629434736931
Tra Vinh,2023-08-21,2023,8,21,1.3432519339446798
Tra Vinh,2023-08-22,2023,8,22,12.386428600868769
Tra Vinh,2023-08-23,2023,8,23,0.0
Tra Vinh,2023-08-24,2023,8,24,0.9195646514072155
Tra Vinh,2023-08-25,2023,8,25,2.607804295057228
Tra Vinh,2023-08-26,2023,8,26,11.890495488679116
Tra Vinh,2023-08-27,2023,8,27,5.18414274743424
Tra Vinh,2023-08-28,2023,8,28,16.20848854859914
Tra Vinh,2023-08-29,2023,8,29,6.299662509208379
Tra Vinh,2023-08-30,2023,8,30,7.753901841070825
Tra Vinh,2023-08-31,2023,8,31,12.788812719166978
Tra Vinh,2023-09-01,2023,9,1,3.900700811649032
Tra Vinh,2023-09-02,2023,9,2,13.16269060359238
Tra Vinh,2023-09-03,2023,9,3,14.39710722979631
Tra Vinh,2023-09-04,2023,9,4,12.536930056276413
Tra Vinh,2023-09-05,2023,9,5,2.320112648184775
Tra Vinh,2023-09-06,2023,9,6,8.851171072403627
Tra Vinh,2023-09-07,2023,9,7,7.217179690759896
Tra Vinh,2023-09-08,2023,9,8,5.876190032105944
Tra Vinh,2023-09-09,2023,9,9,9.21056035348079
Tra Vinh,2023-09-10,2023,9,10,4.985304596374355
Tra Vinh,2023-09-11,2023,9,11,0.0
Tra Vinh,2023-09-12,2023,9,12,2.696650647945805
Tra Vinh,2023-09-13,2023,9,13,7.179322518832624
Tra Vinh,2023-09-14,2023,9,14,22.07317791748438
Tra Vinh,2023-09-15,2023,9,15,1.5233879003725397
Tra Vinh,2023-09-16,2023,9,16,1.9602997922807623
Tra Vinh,2023-09-17,2023,9,17,2.0077290647923274
Tra Vinh,2023-09-18,2023,9,18,4.926013301004807
Tra Vinh,2023-09-19,2023,9,19,13.102781872505076
Tra Vinh,2023-09-20,2023,9,20,1.0442518342228364
Tra Vinh,2023-09-21,2023,9,21,4.462696235424965
Tra Vinh,2023-09-22,2023,9,22,6.430608877600287
Tra Vinh,2023-09-23,2023,9,23,10.384627980739005
Tra Vinh,2023-09-24,2023,9,24,19.48901685417381
Tra Vinh,2023-09-25,2023,9,25,14.260458855725194
Tra Vinh,2023-09-26,2023,9,26,8.795618120861882
Tra Vinh,2023-09-27,2023,9,27,8.831254760587397
Tra Vinh,2023-09-28,2023,9,28,0.369518543831075
Tra Vinh,2023-09-29,2023,9,29,17.629877342899697
Tra Vinh,2023-09-30,2023,9,30,9.06594534688512
Tra Vinh,2023-10-01,2023,10,1,53.34180602877285
Tra Vinh,2023-10-02,2023,10,2,23.10810616804592
Tra Vinh,2023-10-03,2023,10,3,0.4629195790138328
Tra Vinh,2023-10-04,2023,10,4,4.802277098685547
Tra Vinh,2023-10-05,2023,10,5,5.2787914828233085
Tra Vinh,2023-10-06,2023,10,6,1.0178435081311812
Tra Vinh,2023-10-07,2023,10,7,5.749141053703271
Tra Vinh,2023-10-08,2023,10,8,10.129761766496427
Tra Vinh,2023-10-09,2023,10,9,5.75471609541345
Tra Vinh,2023-10-10,2023,10,10,7.19919680576559
Tra Vinh,2023-10-11,2023,10,11,0.2301698957362989
Tra Vinh,2023-10-12,2023,10,12,1.2671196512509673
Tra Vinh,2023-10-13,2023,10,13,4.366483617118428
Tra Vinh,2023-10-14,2023,10,14,24.70695062268385
Tra Vinh,2023-10-15,2023,10,15,11.600009236821808
Tra Vinh,2023-10-16,2023,10,16,17.01690068711006
Tra Vinh,2023-10-17,2023,10,17,4.385461729307225
Tra Vinh,2023-10-18,2023,10,18,0.0
Tra Vinh,2023-10-19,2023,10,19,2.4777269498780377
Tra Vinh,2023-10-20,2023,10,20,0.4065613505655583
Tra Vinh,2023-10-21,2023,10,21,22.379968906847537
Tra Vinh,2023-10-22,2023,10,22,0.0
Tra Vinh,2023-10-23,2023,10,23,2.6586727813429056
Tra Vinh,2023-10-24,2023,10,24,0.0
Tra Vinh,2023-10-25,2023,10,25,0.1089686465830155
Tra Vinh,2023-10-26,2023,10,26,3.959448851783885
Tra Vinh,2023-10-27,2023,10,27,7.987126934644562
Tra Vinh,2023-10-28,2023,10,28,0.0072764089133202
Tra Vinh,2023-10-29,2023,10,29,30.515747331810417
Tra Vinh,2023-10-30,2023,10,30,1.2411876134593525
Tra Vinh,2023-10-31,2023,10,31,0.8665421116101305
Tra Vinh,2023-11-01,2023,11,1,1.1557169056803172
Tra Vinh,2023-11-02,2023,11,2,1.2058808703656596
Tra Vinh,2023-11-03,2023,11,3,2.741164278042138
Tra Vinh,2023-11-04,2023,11,4,0.0
Tra Vinh,2023-11-05,2023,11,5,0.0
Tra Vinh,2023-11-06,2023,11,6,0.2537626188719233
Tra Vinh,2023-11-07,2023,11,7,5.255800765417407
Tra Vinh,2023-11-08,2023,11,8,3.9848109251906014
Tra Vinh,2023-11-09,2023,11,9,12.099769425306516
Tra Vinh,2023-11-10,2023,11,10,14.069456365794752
Tra Vinh,2023-11-11,2023,11,11,0.0
Tra Vinh,2023-11-12,2023,11,12,0.0
Tra Vinh,2023-11-13,2023,11,13,0.0
Tra Vinh,2023-11-14,2023,11,14,0.2084408092645573
Tra Vinh,2023-11-15,2023,11,15,5.577195699263456
Tra Vinh,2023-11-16,2023,11,16,16.796335050870926
Tra Vinh,2023-11-17,2023,11,17,3.879661728912936
Tra Vinh,2023-11-18,2023,11,18,7.037004722536821
Tra Vinh,2023-11-19,2023,11,19,3.03966312592348
Tra Vinh,2023-11-20,2023,11,20,0.0
Tra Vinh,2023-11-21,2023,11,21,1.1397934142230657
Tra Vinh,2023-11-22,2023,11,22,1.6125325552516456
Tra Vinh,2023-11-23,2023,11,23,17.96407498011777
Tra Vinh,2023-11-24,2023,11,24,1.744767992195153
Tra Vinh,2023-11-25,2023,11,25,6.896996277386209
Tra Vinh,2023-11-26,2023,11,26,13.626843275749843
Tra Vinh,2023-11-27,2023,11,27,1.4214303212347688
Tra Vinh,2023-11-28,2023,11,28,7.610015930406897
Tra Vinh,2023-11-29,2023,11,29,2.776586580810657
Tra Vinh,2023-11-30,2023,11,30,1.3559201578615216
Tra Vinh,2023-12-01,2023,12,1,0.0
Tra Vinh,2023-12-02,2023,12,2,20.57997674625592
Tra Vinh,2023-12-03,2023,12,3,0.701306923273304
Tra Vinh,2023-12-04,2023,12,4,0.0
Tra Vinh,2023-12-05,2023,12,5,4.292387716409709
Tra Vinh,2023-12-06,2023,12,6,0.3906061352981304
Tra Vinh,2023-12-07,2023,12,7,1.7608465915238405
Tra Vinh,2023-12-08,2023,12,8,0.0
Tra Vinh,2023-12-09,2023,12,9,0.0
Tra Vinh,2023-12-10,2023,12,10,0.4418313628856148
Tra Vinh,2023-12-11,2023,12,11,0.0
Tra Vinh,2023-12-12,2023,12,12,0.0052023760901774
Tra Vinh,2023-12-13,2023,12,13,0.926925213577116
Tra Vinh,2023-12-14,2023,12,14,0.0103583286741115
Tra Vinh,2023-12-15,2023,12,15,0.0
Tra Vinh,2023-12-16,2023,12,16,0.0
Tra Vinh,2023-12-17,2023,12,17,0.0
Tra Vinh,2023-12-18,2023,12,18,0.0
Tra Vinh,2023-12-19,2023,12,19,0.0
Tra Vinh,2023-12-20,2023,12,20,0.0329361374773325
Tra Vinh,2023-12-21,2023,12,21,0.0
Tra Vinh,2023-12-22,2023,12,22,1.13642408180302
Tra Vinh,2023-12-23,2023,12,23,0.7749923373086237
Tra Vinh,2023-12-24,2023,12,24,0.2832834367948208
Tra Vinh,2023-12-25,2023,12,25,0.0
Tra Vinh,2023-12-26,2023,12,26,0.0
Tra Vinh,2023-12-27,2023,12,27,0.0
Tra Vinh,2023-12-28,2023,12,28,0.0
Tra Vinh,2023-12-29,2023,12,29,0.0243354935268469
Tra Vinh,2023-12-30,2023,12,30,0.0
Tra Vinh,2023-12-31,2023,12,31,0.0
Tra Vinh,2024-01-01,2024,1,1,2.1571890663362594
Tra Vinh,2024-01-02,2024,1,2,0.0
Tra Vinh,2024-01-03,2024,1,3,0.0803446548707223
Tra Vinh,2024-01-04,2024,1,4,0.0
Tra Vinh,2024-01-05,2024,1,5,0.4438754431565682
Tra Vinh,2024-01-06,2024,1,6,0.0
Tra Vinh,2024-01-07,2024,1,7,0.0
Tra Vinh,2024-01-08,2024,1,8,2.119073969284774
Tra Vinh,2024-01-09,2024,1,9,0.0079025712220387
Tra Vinh,2024-01-10,2024,1,10,0.0
Tra Vinh,2024-01-11,2024,1,11,0.0301107548932876
Tra Vinh,2024-01-12,2024,1,12,0.0
Tra Vinh,2024-01-13,2024,1,13,1.234947074973697
Tra Vinh,2024-01-14,2024,1,14,0.2690826268538218
Tra Vinh,2024-01-15,2024,1,15,0.0041881010066306
Tra Vinh,2024-01-16,2024,1,16,0.0410302824085749
Tra Vinh,2024-01-17,2024,1,17,0.0
Tra Vinh,2024-01-18,2024,1,18,0.0
Tra Vinh,2024-01-19,2024,1,19,0.0
Tra Vinh,2024-01-20,2024,1,20,0.0894239869268812
Tra Vinh,2024-01-21,2024,1,21,0.0373123986243549
Tra Vinh,2024-01-22,2024,1,22,0.0
Tra Vinh,2024-01-23,2024,1,23,0.0
Tra Vinh,2024-01-24,2024,1,24,0.0
Tra Vinh,2024-01-25,2024,1,25,0.0
Tra Vinh,2024-01-26,2024,1,26,0.0
Tra Vinh,2024-01-27,2024,1,27,0.0
Tra Vinh,2024-01-28,2024,1,28,0.0
Tra Vinh,2024-01-29,2024,1,29,0.0338645697312822
Tra Vinh,2024-01-30,2024,1,30,0.0
Tra Vinh,2024-01-31,2024,1,31,0.0
Tra Vinh,2024-02-01,2024,2,1,0.0
Tra Vinh,2024-02-02,2024,2,2,0.0
Tra Vinh,2024-02-03,2024,2,3,0.0
Tra Vinh,2024-02-04,2024,2,4,0.0
Tra Vinh,2024-02-05,2024,2,5,0.0
Tra Vinh,2024-02-06,2024,2,6,0.0
Tra Vinh,2024-02-07,2024,2,7,0.0
Tra Vinh,2024-02-08,2024,2,8,0.0
Tra Vinh,2024-02-09,2024,2,9,0.0
Tra Vinh,2024-02-10,2024,2,10,0.0
Tra Vinh,2024-02-11,2024,2,11,0.0
Tra Vinh,2024-02-12,2024,2,12,0.0
Tra Vinh,2024-02-13,2024,2,13,0.0
Tra Vinh,2024-02-14,2024,2,14,0.0
Tra Vinh,2024-02-15,2024,2,15,0.0
Tra Vinh,2024-02-16,2024,2,16,0.0
Tra Vinh,2024-02-17,2024,2,17,0.0
Tra Vinh,2024-02-18,2024,2,18,0.0147084443410563
Tra Vinh,2024-02-19,2024,2,19,0.0
Tra Vinh,2024-02-20,2024,2,20,0.0
Tra Vinh,2024-02-21,2024,2,21,0.0
Tra Vinh,2024-02-22,2024,2,22,0.0
Tra Vinh,2024-02-23,2024,2,23,0.0
Tra Vinh,2024-02-24,2024,2,24,0.0151810224736799
Tra Vinh,2024-02-25,2024,2,25,0.0
Tra Vinh,2024-02-26,2024,2,26,0.0
Tra Vinh,2024-02-27,2024,2,27,0.0
Tra Vinh,2024-02-28,2024,2,28,0.0
Tra Vinh,2024-02-29,2024,2,29,0.0
Tra Vinh,2024-03-01,2024,3,1,0.0
Tra Vinh,2024-03-02,2024,3,2,0.0906611204718205
Tra Vinh,2024-03-03,2024,3,3,0.0
Tra Vinh,2024-03-04,2024,3,4,0.0
Tra Vinh,2024-03-05,2024,3,5,0.0359057176310893
Tra Vinh,2024-03-06,2024,3,6,0.0
Tra Vinh,2024-03-07,2024,3,7,0.001274169317082
Tra Vinh,2024-03-08,2024,3,8,0.0
Tra Vinh,2024-03-09,2024,3,9,0.0
Tra Vinh,2024-03-10,2024,3,10,0.0280097195872572
Tra Vinh,2024-03-11,2024,3,11,0.0
Tra Vinh,2024-03-12,2024,3,12,0.0
Tra Vinh,2024-03-13,2024,3,13,0.0
Tra Vinh,2024-03-14,2024,3,14,0.0
Tra Vinh,2024-03-15,2024,3,15,0.0
Tra Vinh,2024-03-16,2024,3,16,0.0
Tra Vinh,2024-03-17,2024,3,17,0.0
Tra Vinh,2024-03-18,2024,3,18,0.0
Tra Vinh,2024-03-19,2024,3,19,0.0
Tra Vinh,2024-03-20,2024,3,20,0.0263605632801554
Tra Vinh,2024-03-21,2024,3,21,0.0
Tra Vinh,2024-03-22,2024,3,22,0.0
Tra Vinh,2024-03-23,2024,3,23,0.0
Tra Vinh,2024-03-24,2024,3,24,0.0
Tra Vinh,2024-03-25,2024,3,25,0.0
Tra Vinh,2024-03-26,2024,3,26,0.0
Tra Vinh,2024-03-27,2024,3,27,0.0
Tra Vinh,2024-03-28,2024,3,28,0.0650073521684046
Tra Vinh,2024-03-29,2024,3,29,0.1425368577695532
Tra Vinh,2024-03-30,2024,3,30,0.0
Tra Vinh,2024-03-31,2024,3,31,0.3745282570765693
Tra Vinh,2024-04-01,2024,4,1,0.2998338722664819
Tra Vinh,2024-04-02,2024,4,2,0.0
Tra Vinh,2024-04-03,2024,4,3,0.0
Tra Vinh,2024-04-04,2024,4,4,0.0
Tra Vinh,2024-04-05,2024,4,5,0.0
Tra Vinh,2024-04-06,2024,4,6,0.0
Tra Vinh,2024-04-07,2024,4,7,0.0
Tra Vinh,2024-04-08,2024,4,8,0.3475036138812965
Tra Vinh,2024-04-09,2024,4,9,0.0
Tra Vinh,2024-04-10,2024,4,10,0.0
Tra Vinh,2024-04-11,2024,4,11,2.205809235368933
Tra Vinh,2024-04-12,2024,4,12,4.9259502705619786e-06
Tra Vinh,2024-04-13,2024,4,13,0.0094328263631941
Tra Vinh,2024-04-14,2024,4,14,1.1246607240132711e-05
Tra Vinh,2024-04-15,2024,4,15,0.0
Tra Vinh,2024-04-16,2024,4,16,0.0
Tra Vinh,2024-04-17,2024,4,17,0.0
Tra Vinh,2024-04-18,2024,4,18,0.0
Tra Vinh,2024-04-19,2024,4,19,0.0
Tra Vinh,2024-04-20,2024,4,20,0.0
Tra Vinh,2024-04-21,2024,4,21,0.0
Tra Vinh,2024-04-22,2024,4,22,0.0
Tra Vinh,2024-04-23,2024,4,23,0.0
Tra Vinh,2024-04-24,2024,4,24,0.0
Tra Vinh,2024-04-25,2024,4,25,0.0
Tra Vinh,2024-04-26,2024,4,26,0.5034856586776798
Tra Vinh,2024-04-27,2024,4,27,0.0
Tra Vinh,2024-04-28,2024,4,28,0.0
Tra Vinh,2024-04-29,2024,4,29,0.0
Tra Vinh,2024-04-30,2024,4,30,0.3737810735256421
Tra Vinh,2024-05-01,2024,5,1,0.0
Tra Vinh,2024-05-02,2024,5,2,0.0
Tra Vinh,2024-05-03,2024,5,3,0.0
Tra Vinh,2024-05-04,2024,5,4,5.178189905419274
Tra Vinh,2024-05-05,2024,5,5,6.6538390678097
Tra Vinh,2024-05-06,2024,5,6,0.0
Tra Vinh,2024-05-07,2024,5,7,0.0053478522812054
Tra Vinh,2024-05-08,2024,5,8,11.159849631719062
Tra Vinh,2024-05-09,2024,5,9,1.8273566934172256
Tra Vinh,2024-05-10,2024,5,10,9.45756678559218
Tra Vinh,2024-05-11,2024,5,11,1.8840019546228728
Tra Vinh,2024-05-12,2024,5,12,0.0
Tra Vinh,2024-05-13,2024,5,13,0.7699250666345308
Tra Vinh,2024-05-14,2024,5,14,0.0
Tra Vinh,2024-05-15,2024,5,15,20.23601674099793
Tra Vinh,2024-05-16,2024,5,16,17.03715934218434
Tra Vinh,2024-05-17,2024,5,17,14.997064902718416
Tra Vinh,2024-05-18,2024,5,18,0.7580023612632738
Tra Vinh,2024-05-19,2024,5,19,3.8375317138526217
Tra Vinh,2024-05-20,2024,5,20,17.660390127779614
Tra Vinh,2024-05-21,2024,5,21,8.867763697387458
Tra Vinh,2024-05-22,2024,5,22,2.993448218933145
Tra Vinh,2024-05-23,2024,5,23,8.285422393862602
Tra Vinh,2024-05-24,2024,5,24,0.2911277635598642
Tra Vinh,2024-05-25,2024,5,25,0.5102621492859193
Tra Vinh,2024-05-26,2024,5,26,0.0619761905487488
Tra Vinh,2024-05-27,2024,5,27,6.607700390093586
Tra Vinh,2024-05-28,2024,5,28,14.618386837892578
Tra Vinh,2024-05-29,2024,5,29,19.51010170100345
Tra Vinh,2024-05-30,2024,5,30,14.453004615417356
Tra Vinh,2024-05-31,2024,5,31,3.984804864416616
Tra Vinh,2024-06-01,2024,6,1,6.29160387415712
Tra Vinh,2024-06-02,2024,6,2,1.125622622769409
Tra Vinh,2024-06-03,2024,6,3,5.135435646082245
Tra Vinh,2024-06-04,2024,6,4,6.206447770529491
Tra Vinh,2024-06-05,2024,6,5,11.326610836520729
Tra Vinh,2024-06-06,2024,6,6,6.572882884136322
Tra Vinh,2024-06-07,2024,6,7,15.71517594769528
Tra Vinh,2024-06-08,2024,6,8,19.631786541794423
Tra Vinh,2024-06-09,2024,6,9,0.0
Tra Vinh,2024-06-10,2024,6,10,2.8532461608518425
Tra Vinh,2024-06-11,2024,6,11,3.813793038407492
Tra Vinh,2024-06-12,2024,6,12,4.135813499977186
Tra Vinh,2024-06-13,2024,6,13,3.85468993471161
Tra Vinh,2024-06-14,2024,6,14,8.91492652065309
Tra Vinh,2024-06-15,2024,6,15,11.170950239125084
Tra Vinh,2024-06-16,2024,6,16,2.4473819885169084
Tra Vinh,2024-06-17,2024,6,17,0.9872877847970966
Tra Vinh,2024-06-18,2024,6,18,11.252339468871666
Tra Vinh,2024-06-19,2024,6,19,17.840593365862844
Tra Vinh,2024-06-20,2024,6,20,39.71746467536833
Tra Vinh,2024-06-21,2024,6,21,29.004469704501584
Tra Vinh,2024-06-22,2024,6,22,7.875047006667402
Tra Vinh,2024-06-23,2024,6,23,2.772351417191643
Tra Vinh,2024-06-24,2024,6,24,13.335278706080045
Tra Vinh,2024-06-25,2024,6,25,3.969190768712764
Tra Vinh,2024-06-26,2024,6,26,10.715949458567852
Tra Vinh,2024-06-27,2024,6,27,1.616886933644612
Tra Vinh,2024-06-28,2024,6,28,1.8129109614054844
Tra Vinh,2024-06-29,2024,6,29,0.3680445478373109
Tra Vinh,2024-06-30,2024,6,30,0.9966041993458736
Tra Vinh,2024-07-01,2024,7,1,8.207912732642672
Tra Vinh,2024-07-02,2024,7,2,31.21185777443014
Tra Vinh,2024-07-03,2024,7,3,16.01674374802939
Tra Vinh,2024-07-04,2024,7,4,11.120844957521475
Tra Vinh,2024-07-05,2024,7,5,0.0591265202914218
Tra Vinh,2024-07-06,2024,7,6,0.3161341506680076
Tra Vinh,2024-07-07,2024,7,7,9.542534322989011
Tra Vinh,2024-07-08,2024,7,8,7.855877678068516
Tra Vinh,2024-07-09,2024,7,9,9.88638719694623
Tra Vinh,2024-07-10,2024,7,10,11.721827809660171
Tra Vinh,2024-07-11,2024,7,11,8.530120323290268
Tra Vinh,2024-07-12,2024,7,12,0.0
Tra Vinh,2024-07-13,2024,7,13,1.3943336059726237
Tra Vinh,2024-07-14,2024,7,14,2.086493797683095
Tra Vinh,2024-07-15,2024,7,15,21.02554177340837
Tra Vinh,2024-07-16,2024,7,16,2.426903140591784
Tra Vinh,2024-07-17,2024,7,17,16.528117556072033
Tra Vinh,2024-07-18,2024,7,18,57.03929394682347
Tra Vinh,2024-07-19,2024,7,19,6.664237263142724
Tra Vinh,2024-07-20,2024,7,20,7.931861796419048
Tra Vinh,2024-07-21,2024,7,21,21.47961213398289
Tra Vinh,2024-07-22,2024,7,22,24.42213808534001
Tra Vinh,2024-07-23,2024,7,23,5.209970973935394
Tra Vinh,2024-07-24,2024,7,24,3.6772664750725337
Tra Vinh,2024-07-25,2024,7,25,29.708989129752307
Tra Vinh,2024-07-26,2024,7,26,16.438219732354998
Tra Vinh,2024-07-27,2024,7,27,10.90025059549303
Tra Vinh,2024-07-28,2024,7,28,0.7948938824895181
Tra Vinh,2024-07-29,2024,7,29,0.1426286327751228
Tra Vinh,2024-07-30,2024,7,30,9.31823887247213
Tra Vinh,2024-07-31,2024,7,31,17.114684955470675
Tra Vinh,2024-08-01,2024,8,1,6.907647429153572
Tra Vinh,2024-08-02,2024,8,2,25.032377246997275
Tra Vinh,2024-08-03,2024,8,3,9.064935972390057
Tra Vinh,2024-08-04,2024,8,4,5.259595873683296
Tra Vinh,2024-08-05,2024,8,5,0.7657648651787862
Tra Vinh,2024-08-06,2024,8,6,6.395885351785983
Tra Vinh,2024-08-07,2024,8,7,5.315779957115618
Tra Vinh,2024-08-08,2024,8,8,0.0
Tra Vinh,2024-08-09,2024,8,9,0.2731447548504994
Tra Vinh,2024-08-10,2024,8,10,0.2317619024636868
Tra Vinh,2024-08-11,2024,8,11,0.0
Tra Vinh,2024-08-12,2024,8,12,3.019687962324084
Tra Vinh,2024-08-13,2024,8,13,1.5371701300847582
Tra Vinh,2024-08-14,2024,8,14,3.613820692219447
Tra Vinh,2024-08-15,2024,8,15,4.011169746225055
Tra Vinh,2024-08-16,2024,8,16,0.0096067689882907
Tra Vinh,2024-08-17,2024,8,17,0.0
Tra Vinh,2024-08-18,2024,8,18,0.0
Tra Vinh,2024-08-19,2024,8,19,0.0
Tra Vinh,2024-08-20,2024,8,20,0.0196644001095156
Tra Vinh,2024-08-21,2024,8,21,3.7700714172207017
Tra Vinh,2024-08-22,2024,8,22,2.2008370592010222
Tra Vinh,2024-08-23,2024,8,23,7.944556891642942
Tra Vinh,2024-08-24,2024,8,24,6.050556971391938
Tra Vinh,2024-08-25,2024,8,25,7.781164780098576
Tra Vinh,2024-08-26,2024,8,26,11.583606653627784
Tra Vinh,2024-08-27,2024,8,27,14.24722281977603
Tra Vinh,2024-08-28,2024,8,28,31.27919629122917
Tra Vinh,2024-08-29,2024,8,29,15.822516075541705
Tra Vinh,2024-08-30,2024,8,30,14.351682395104852
Tra Vinh,2024-08-31,2024,8,31,17.94484853295968
Tra Vinh,2024-09-01,2024,9,1,23.24323792210476
Tra Vinh,2024-09-02,2024,9,2,1.7178551253649397
Tra Vinh,2024-09-03,2024,9,3,7.373718079510194
Tra Vinh,2024-09-04,2024,9,4,13.77538240190365
Tra Vinh,2024-09-05,2024,9,5,17.928028819009295
Tra Vinh,2024-09-06,2024,9,6,11.73047017025625
Tra Vinh,2024-09-07,2024,9,7,1.0709232990203887
Tra Vinh,2024-09-08,2024,9,8,9.40414245994718
Tra Vinh,2024-09-09,2024,9,9,0.092173295936891
Tra Vinh,2024-09-10,2024,9,10,31.17286419399541
Tra Vinh,2024-09-11,2024,9,11,6.771964435202658
Tra Vinh,2024-09-12,2024,9,12,17.192686784424414
Tra Vinh,2024-09-13,2024,9,13,12.789535306367336
Tra Vinh,2024-09-14,2024,9,14,26.414232192374666
Tra Vinh,2024-09-15,2024,9,15,9.925732120563172
Tra Vinh,2024-09-16,2024,9,16,18.08112139552602
Tra Vinh,2024-09-17,2024,9,17,5.951803289643102
Tra Vinh,2024-09-18,2024,9,18,6.745356639797143
Tra Vinh,2024-09-19,2024,9,19,0.615380485281692
Tra Vinh,2024-09-20,2024,9,20,22.90450607904597
Tra Vinh,2024-09-21,2024,9,21,19.040967451357844
Tra Vinh,2024-09-22,2024,9,22,8.653662007181627
Tra Vinh,2024-09-23,2024,9,23,8.040524480586297
Tra Vinh,2024-09-24,2024,9,24,8.671315557552601
Tra Vinh,2024-09-25,2024,9,25,5.892852360353687
Tra Vinh,2024-09-26,2024,9,26,13.540431998215189
Tra Vinh,2024-09-27,2024,9,27,0.1229979827992422
Tra Vinh,2024-09-28,2024,9,28,0.0
Tra Vinh,2024-09-29,2024,9,29,0.3246472310322623
Tra Vinh,2024-09-30,2024,9,30,7.911582670355321
Tra Vinh,2024-10-01,2024,10,1,5.103239060712302
Tra Vinh,2024-10-02,2024,10,2,3.112999879999895
Tra Vinh,2024-10-03,2024,10,3,8.190273399901054
Tra Vinh,2024-10-04,2024,10,4,7.640838138584565
Tra Vinh,2024-10-05,2024,10,5,16.038241946189565
Tra Vinh,2024-10-06,2024,10,6,21.935174630975563
Tra Vinh,2024-10-07,2024,10,7,8.473786154444936
Tra Vinh,2024-10-08,2024,10,8,16.271275373917675
Tra Vinh,2024-10-09,2024,10,9,10.981567130407672
Tra Vinh,2024-10-10,2024,10,10,13.595848748617462
Tra Vinh,2024-10-11,2024,10,11,16.42857977716825
Tra Vinh,2024-10-12,2024,10,12,11.974945405803014
Tra Vinh,2024-10-13,2024,10,13,11.324168837537352
Tra Vinh,2024-10-14,2024,10,14,15.56428897280927
Tra Vinh,2024-10-15,2024,10,15,21.15161108061332
Tra Vinh,2024-10-16,2024,10,16,40.08927132562631
Tra Vinh,2024-10-17,2024,10,17,6.717305087627295
Tra Vinh,2024-10-18,2024,10,18,5.523671569264767
Tra Vinh,2024-10-19,2024,10,19,4.709100458547358
Tra Vinh,2024-10-20,2024,10,20,6.538639087768337
Tra Vinh,2024-10-21,2024,10,21,26.340898159326237
Tra Vinh,2024-10-22,2024,10,22,39.872586756908966
Tra Vinh,2024-10-23,2024,10,23,8.620950791088353
Tra Vinh,2024-10-24,2024,10,24,2.0325960280325583
Tra Vinh,2024-10-25,2024,10,25,0.0
Tra Vinh,2024-10-26,2024,10,26,10.86145931281492
Tra Vinh,2024-10-27,2024,10,27,37.67880426807771
Tra Vinh,2024-10-28,2024,10,28,5.427274088666277
Tra Vinh,2024-10-29,2024,10,29,6.300672988127455
Tra Vinh,2024-10-30,2024,10,30,0.6455758934206933
Tra Vinh,2024-10-31,2024,10,31,0.0
Tra Vinh,2024-11-01,2024,11,1,27.912640885367274
Tra Vinh,2024-11-02,2024,11,2,20.618232057770225
Tra Vinh,2024-11-03,2024,11,3,1.4132917453758689
Tra Vinh,2024-11-04,2024,11,4,18.021084560132007
Tra Vinh,2024-11-05,2024,11,5,0.4244621404525823
Tra Vinh,2024-11-06,2024,11,6,1.153910874464133
Tra Vinh,2024-11-07,2024,11,7,0.0
Tra Vinh,2024-11-08,2024,11,8,3.8067065429255256
Tra Vinh,2024-11-09,2024,11,9,0.0
Tra Vinh,2024-11-10,2024,11,10,0.0
Tra Vinh,2024-11-11,2024,11,11,0.0
Tra Vinh,2024-11-12,2024,11,12,0.0
Tra Vinh,2024-11-13,2024,11,13,0.0
Tra Vinh,2024-11-14,2024,11,14,0.0
Tra Vinh,2024-11-15,2024,11,15,0.0
Tra Vinh,2024-11-16,2024,11,16,0.0
Tra Vinh,2024-11-17,2024,11,17,0.0
Tra Vinh,2024-11-18,2024,11,18,0.0
Tra Vinh,2024-11-19,2024,11,19,1.674768471974724
Tra Vinh,2024-11-20,2024,11,20,1.722334797063892
Tra Vinh,2024-11-21,2024,11,21,0.0
Tra Vinh,2024-11-22,2024,11,22,0.0
Tra Vinh,2024-11-23,2024,11,23,0.0018781301851698
Tra Vinh,2024-11-24,2024,11,24,0.4147908750794698
Tra Vinh,2024-11-25,2024,11,25,15.841768794412872
Tra Vinh,2024-11-26,2024,11,26,4.596157878183678
Tra Vinh,2024-11-27,2024,11,27,6.933081199271831
Tra Vinh,2024-11-28,2024,11,28,5.612351798330265
Tra Vinh,2024-11-29,2024,11,29,22.72477100069591
Tra Vinh,2024-11-30,2024,11,30,8.242154262301163
Tra Vinh,2024-12-01,2024,12,1,0.0266514774345018
Tra Vinh,2024-12-02,2024,12,2,4.91146151435789
Tra Vinh,2024-12-03,2024,12,3,12.67678993219633
Tra Vinh,2024-12-04,2024,12,4,8.028284975213026
Tra Vinh,2024-12-05,2024,12,5,1.4234667522123945
Tra Vinh,2024-12-06,2024,12,6,0.0
Tra Vinh,2024-12-07,2024,12,7,0.0
Tra Vinh,2024-12-08,2024,12,8,3.4948802281796096
Tra Vinh,2024-12-09,2024,12,9,3.116386268120331
Tra Vinh,2024-12-10,2024,12,10,5.256449416027487
Tra Vinh,2024-12-11,2024,12,11,7.861007200085403
Tra Vinh,2024-12-12,2024,12,12,4.8474167451270125
Tra Vinh,2024-12-13,2024,12,13,12.640301694661217
Tra Vinh,2024-12-14,2024,12,14,8.370610596563994
Tra Vinh,2024-12-15,2024,12,15,0.0
Tra Vinh,2024-12-16,2024,12,16,0.0
Tra Vinh,2024-12-17,2024,12,17,0.0
Tra Vinh,2024-12-18,2024,12,18,0.0
Tra Vinh,2024-12-19,2024,12,19,0.0
Tra Vinh,2024-12-20,2024,12,20,0.3386120738709136
Tra Vinh,2024-12-21,2024,12,21,2.697860427890165
Tra Vinh,2024-12-22,2024,12,22,0.1969279239901277
Tra Vinh,2024-12-23,2024,12,23,0.0
Tra Vinh,2024-12-24,2024,12,24,0.0
Tra Vinh,2024-12-25,2024,12,25,0.0
Tra Vinh,2024-12-26,2024,12,26,0.2725256773698465
Tra Vinh,2024-12-27,2024,12,27,0.0
Tra Vinh,2024-12-28,2024,12,28,0.6639605271769359
Tra Vinh,2024-12-29,2024,12,29,0.0
Tra Vinh,2024-12-30,2024,12,30,0.0
Tra Vinh,2024-12-31,2024,12,31,1.9111930990761437
Tra Vinh,2025-01-01,2025,1,1,0.0
Tra Vinh,2025-01-02,2025,1,2,0.3064965183192161
Tra Vinh,2025-01-03,2025,1,3,1.4564349797812508
Tra Vinh,2025-01-04,2025,1,4,0.0
Tra Vinh,2025-01-05,2025,1,5,0.0
Tra Vinh,2025-01-06,2025,1,6,0.0
Tra Vinh,2025-01-07,2025,1,7,0.0
Tra Vinh,2025-01-08,2025,1,8,0.0
Tra Vinh,2025-01-09,2025,1,9,0.1685144055245451
Tra Vinh,2025-01-10,2025,1,10,0.0599463041932313
Tra Vinh,2025-01-11,2025,1,11,0.1889666192818445
Tra Vinh,2025-01-12,2025,1,12,0.2655344881118617
Tra Vinh,2025-01-13,2025,1,13,0.0
Tra Vinh,2025-01-14,2025,1,14,0.0165593598496053
Tra Vinh,2025-01-15,2025,1,15,0.0
Tra Vinh,2025-01-16,2025,1,16,0.0
Tra Vinh,2025-01-17,2025,1,17,0.1357489551521221
Tra Vinh,2025-01-18,2025,1,18,0.0
Tra Vinh,2025-01-19,2025,1,19,0.0
Tra Vinh,2025-01-20,2025,1,20,0.0264959539297464
Tra Vinh,2025-01-21,2025,1,21,0.0
Tra Vinh,2025-01-22,2025,1,22,0.7222891657657656
Tra Vinh,2025-01-23,2025,1,23,1.3966416489248177
Tra Vinh,2025-01-24,2025,1,24,0.7350177296411995
Tra Vinh,2025-01-25,2025,1,25,0.0033385013080483
Tra Vinh,2025-01-26,2025,1,26,0.0
Tra Vinh,2025-01-27,2025,1,27,0.0
Tra Vinh,2025-01-28,2025,1,28,0.0
Tra Vinh,2025-01-29,2025,1,29,0.9558429495927324
Tra Vinh,2025-01-30,2025,1,30,0.9563239060478652
Tra Vinh,2025-01-31,2025,1,31,0.0265105455497074
Tra Vinh,2025-02-01,2025,2,1,0.0
Tra Vinh,2025-02-02,2025,2,2,0.0
Tra Vinh,2025-02-03,2025,2,3,0.0
Tra Vinh,2025-02-04,2025,2,4,0.0
Tra Vinh,2025-02-05,2025,2,5,0.0
Tra Vinh,2025-02-06,2025,2,6,1.4413923985747224e-07
Tra Vinh,2025-02-07,2025,2,7,9.644282213654486e-07
Tra Vinh,2025-02-08,2025,2,8,4.657219488699764e-07
Tra Vinh,2025-02-09,2025,2,9,3.197103182138566e-05
Tra Vinh,2025-02-10,2025,2,10,1.820686476715756
Tra Vinh,2025-02-11,2025,2,11,0.0
Tra Vinh,2025-02-12,2025,2,12,0.4685495843999667
Tra Vinh,2025-02-13,2025,2,13,0.0
Tra Vinh,2025-02-14,2025,2,14,0.0
Tra Vinh,2025-02-15,2025,2,15,0.0
Tra Vinh,2025-02-16,2025,2,16,0.0903464817702107
Tra Vinh,2025-02-17,2025,2,17,0.004166829467778
Tra Vinh,2025-02-18,2025,2,18,0.0
Tra Vinh,2025-02-19,2025,2,19,0.0
Tra Vinh,2025-02-20,2025,2,20,0.7958345468052027
Tra Vinh,2025-02-21,2025,2,21,0.0
Tra Vinh,2025-02-22,2025,2,22,0.0
Tra Vinh,2025-02-23,2025,2,23,0.0
Tra Vinh,2025-02-24,2025,2,24,0.0
Tra Vinh,2025-02-25,2025,2,25,0.0
Tra Vinh,2025-02-26,2025,2,26,0.4378972803861312
Tra Vinh,2025-02-27,2025,2,27,0.1395907003782295
Tra Vinh,2025-02-28,2025,2,28,0.5475554696956056
Tra Vinh,2025-03-01,2025,3,1,0.0
Tra Vinh,2025-03-02,2025,3,2,0.0
Tra Vinh,2025-03-03,2025,3,3,0.0
Tra Vinh,2025-03-04,2025,3,4,0.0
Tra Vinh,2025-03-05,2025,3,5,0.0526544586326069
Tra Vinh,2025-03-06,2025,3,6,0.0
Tra Vinh,2025-03-07,2025,3,7,0.0
Tra Vinh,2025-03-08,2025,3,8,0.0
Tra Vinh,2025-03-09,2025,3,9,0.0
Tra Vinh,2025-03-10,2025,3,10,0.0
Tra Vinh,2025-03-11,2025,3,11,0.0
Tra Vinh,2025-03-12,2025,3,12,0.0
Tra Vinh,2025-03-13,2025,3,13,0.0
Tra Vinh,2025-03-14,2025,3,14,0.0
Tra Vinh,2025-03-15,2025,3,15,0.0
Tra Vinh,2025-03-16,2025,3,16,0.0
Tra Vinh,2025-03-17,2025,3,17,0.5871007986225305
Tra Vinh,2025-03-18,2025,3,18,0.0
Tra Vinh,2025-03-19,2025,3,19,0.0
Tra Vinh,2025-03-20,2025,3,20,1.4596900849010424
Tra Vinh,2025-03-21,2025,3,21,0.8734194594370882
Tra Vinh,2025-03-22,2025,3,22,0.0072861590486562
Tra Vinh,2025-03-23,2025,3,23,0.0
Tra Vinh,2025-03-24,2025,3,24,0.0
Tra Vinh,2025-03-25,2025,3,25,0.0
Tra Vinh,2025-03-26,2025,3,26,0.0
Tra Vinh,2025-03-27,2025,3,27,0.0
Tra Vinh,2025-03-28,2025,3,28,0.0
Tra Vinh,2025-03-29,2025,3,29,0.0
Tra Vinh,2025-03-30,2025,3,30,0.0
Tra Vinh,2025-03-31,2025,3,31,7.955512584040709
Tra Vinh,2025-04-01,2025,4,1,0.0
Tra Vinh,2025-04-02,2025,4,2,0.8673221690340368
Tra Vinh,2025-04-03,2025,4,3,0.0
Tra Vinh,2025-04-04,2025,4,4,0.0
Tra Vinh,2025-04-05,2025,4,5,0.0
Tra Vinh,2025-04-06,2025,4,6,0.0
Tra Vinh,2025-04-07,2025,4,7,0.0
Tra Vinh,2025-04-08,2025,4,8,0.0
Tra Vinh,2025-04-09,2025,4,9,0.0
Tra Vinh,2025-04-10,2025,4,10,3.196304421404884
Tra Vinh,2025-04-11,2025,4,11,0.0
Tra Vinh,2025-04-12,2025,4,12,0.0
Tra Vinh,2025-04-13,2025,4,13,0.7555229929404034
Tra Vinh,2025-04-14,2025,4,14,0.6991245078086361
Tra Vinh,2025-04-15,2025,4,15,1.5419969077454438
Tra Vinh,2025-04-16,2025,4,16,0.0
Tra Vinh,2025-04-17,2025,4,17,0.1652777680111925
Tra Vinh,2025-04-18,2025,4,18,0.0
Tra Vinh,2025-04-19,2025,4,19,0.0
Tra Vinh,2025-04-20,2025,4,20,0.0
Tra Vinh,2025-04-21,2025,4,21,0.0
Tra Vinh,2025-04-22,2025,4,22,4.426343955992835
Tra Vinh,2025-04-23,2025,4,23,3.7353707250415993
Tra Vinh,2025-04-24,2025,4,24,0.4802075379400837
Tra Vinh,2025-04-25,2025,4,25,1.488944257612572
Tra Vinh,2025-04-26,2025,4,26,0.8108191459183406
Tra Vinh,2025-04-27,2025,4,27,0.1348535848801535
Tra Vinh,2025-04-28,2025,4,28,0.0
Tra Vinh,2025-04-29,2025,4,29,0.0071568836182309
Tra Vinh,2025-04-30,2025,4,30,0.0
Tra Vinh,2025-05-01,2025,5,1,0.0
Tra Vinh,2025-05-02,2025,5,2,3.12139832294556
Tra Vinh,2025-05-03,2025,5,3,0.4713023590270893
Tra Vinh,2025-05-04,2025,5,4,0.6600915170009469
Tra Vinh,2025-05-05,2025,5,5,0.0604582861262099
Tra Vinh,2025-05-06,2025,5,6,3.362587707168488
Tra Vinh,2025-05-07,2025,5,7,1.8354033287241855
Tra Vinh,2025-05-08,2025,5,8,1.4499448338405312
Tra Vinh,2025-05-09,2025,5,9,11.274245179390643
Tra Vinh,2025-05-10,2025,5,10,11.425332775885815
Tra Vinh,2025-05-11,2025,5,11,5.382522360277883
Tra Vinh,2025-05-12,2025,5,12,7.226899623412114
Tra Vinh,2025-05-13,2025,5,13,3.5220960742472696
Tra Vinh,2025-05-14,2025,5,14,2.1109205851885964
Tra Vinh,2025-05-15,2025,5,15,4.800043234575175
Tra Vinh,2025-05-16,2025,5,16,3.164719309178053
Tra Vinh,2025-05-17,2025,5,17,1.8573462776451075
Tra Vinh,2025-05-18,2025,5,18,1.8690203454161327
Tra Vinh,2025-05-19,2025,5,19,3.542377146030054
Tra Vinh,2025-05-20,2025,5,20,1.374506342353954
Tra Vinh,2025-05-21,2025,5,21,12.604838731473624
Tra Vinh,2025-05-22,2025,5,22,26.27679505759228
Tra Vinh,2025-05-23,2025,5,23,9.596311996874896
Tra Vinh,2025-05-24,2025,5,24,17.507075674619063
Tra Vinh,2025-05-25,2025,5,25,1.955070115774946
Tra Vinh,2025-05-26,2025,5,26,0.0
Tra Vinh,2025-05-27,2025,5,27,2.3449396271368808
Tra Vinh,2025-05-28,2025,5,28,27.63773653848529
Tra Vinh,2025-05-29,2025,5,29,25.20759696958002
Tra Vinh,2025-05-30,2025,5,30,0.1842202668477882
Tra Vinh,2025-05-31,2025,5,31,0.9018725217132866
Tra Vinh,2025-06-01,2025,6,1,14.314572994375055
Tra Vinh,2025-06-02,2025,6,2,13.110041695393836
Tra Vinh,2025-06-03,2025,6,3,16.999547768744186
Tra Vinh,2025-06-04,2025,6,4,5.7562710015166605
Tra Vinh,2025-06-05,2025,6,5,1.144871566424884
Tra Vinh,2025-06-06,2025,6,6,13.83205481922808
Tra Vinh,2025-06-07,2025,6,7,16.095489071335816
Tra Vinh,2025-06-08,2025,6,8,4.901093216315076
Tra Vinh,2025-06-09,2025,6,9,16.094749820055007
Tra Vinh,2025-06-10,2025,6,10,22.765912880342142
Tra Vinh,2025-06-11,2025,6,11,10.25638324204766
Tra Vinh,2025-06-12,2025,6,12,12.761530532864638
Tra Vinh,2025-06-13,2025,6,13,7.079770705456077
Tra Vinh,2025-06-14,2025,6,14,3.754617441718916
Tra Vinh,2025-06-15,2025,6,15,2.811000964930368
Tra Vinh,2025-06-16,2025,6,16,7.355314395357159
Tra Vinh,2025-06-17,2025,6,17,12.039380440472208
Tra Vinh,2025-06-18,2025,6,18,2.253801852286279
Tra Vinh,2025-06-19,2025,6,19,12.413986986919364
Tra Vinh,2025-06-20,2025,6,20,16.67931312900619
Tra Vinh,2025-06-21,2025,6,21,10.581236798334716
Tra Vinh,2025-06-22,2025,6,22,3.2631822108651534
Tra Vinh,2025-06-23,2025,6,23,4.94926026239749
Tra Vinh,2025-06-24,2025,6,24,12.913707675822922
Tra Vinh,2025-06-25,2025,6,25,11.141875010199762
Tra Vinh,2025-06-26,2025,6,26,16.968465301548896
Tra Vinh,2025-06-27,2025,6,27,2.5939650483389927
Tra Vinh,2025-06-28,2025,6,28,0.5176811658441051
Tra Vinh,2025-06-29,2025,6,29,0.0
Tra Vinh,2025-06-30,2025,6,30,0.0
Tra Vinh,2025-07-01,2025,7,1,4.101270578616863
Tra Vinh,2025-07-02,2025,7,2,1.217742254775019
Tra Vinh,2025-07-03,2025,7,3,1.795476078571713
Tra Vinh,2025-07-04,2025,7,4,1.5161093107442352
Tra Vinh,2025-07-05,2025,7,5,2.373112091712101
Tra Vinh,2025-07-06,2025,7,6,1.7372751148700791
Tra Vinh,2025-07-07,2025,7,7,12.22508016502386
Tra Vinh,2025-07-08,2025,7,8,0.0
Tra Vinh,2025-07-09,2025,7,9,0.0096513656585547
Tra Vinh,2025-07-10,2025,7,10,4.056627871807931
Tra Vinh,2025-07-11,2025,7,11,1.7527556182666575
Tra Vinh,2025-07-12,2025,7,12,2.009672081172823
Tra Vinh,2025-07-13,2025,7,13,3.688568731597576
Tra Vinh,2025-07-14,2025,7,14,9.969618869445576
Tra Vinh,2025-07-15,2025,7,15,2.8029959647496856
Tra Vinh,2025-07-16,2025,7,16,6.323307944349249
Tra Vinh,2025-07-17,2025,7,17,5.056127063031683
Tra Vinh,2025-07-18,2025,7,18,5.770656220532083
Tra Vinh,2025-07-19,2025,7,19,10.605720166724131
Tra Vinh,2025-07-20,2025,7,20,9.617045411599562
Tra Vinh,2025-07-21,2025,7,21,13.075825296509295
Tra Vinh,2025-07-22,2025,7,22,0.0
Tra Vinh,2025-07-23,2025,7,23,0.0
Tra Vinh,2025-07-24,2025,7,24,0.4130730825916444
Tra Vinh,2025-07-25,2025,7,25,0.0
Tra Vinh,2025-07-26,2025,7,26,0.3105655214471328
Tra Vinh,2025-07-27,2025,7,27,14.192048505369115
Tra Vinh,2025-07-28,2025,7,28,1.528811362690042
Tra Vinh,2025-07-29,2025,7,29,1.4744065759405018
Tra Vinh,2025-07-30,2025,7,30,0.0388077798206948
Tra Vinh,2025-07-31,2025,7,31,5.046293847383912
Tra Vinh,2025-08-01,2025,8,1,0.0
Tra Vinh,2025-08-02,2025,8,2,0.0284451056448275
Tra Vinh,2025-08-03,2025,8,3,0.0
Tra Vinh,2025-08-04,2025,8,4,0.2778261244062563
Tra Vinh,2025-08-05,2025,8,5,0.2287430337336973
Tra Vinh,2025-08-06,2025,8,6,5.859346994838694
Tra Vinh,2025-08-07,2025,8,7,1.0838277030851524
Tra Vinh,2025-08-08,2025,8,8,3.555371691044199
Tra Vinh,2025-08-09,2025,8,9,11.598368543650482
Tra Vinh,2025-08-10,2025,8,10,3.2055323664522666
Tra Vinh,2025-08-11,2025,8,11,3.3053249109906573
Tra Vinh,2025-08-12,2025,8,12,0.8810661053563743
Tra Vinh,2025-08-13,2025,8,13,1.945453646225013
Tra Vinh,2025-08-14,2025,8,14,18.26290947921625
Tra Vinh,2025-08-15,2025,8,15,16.788420364635304
Tra Vinh,2025-08-16,2025,8,16,2.605316781459434
Tra Vinh,2025-08-17,2025,8,17,0.7140706856270742
Tra Vinh,2025-08-18,2025,8,18,1.2974264527133776
Tra Vinh,2025-08-19,2025,8,19,3.6070860132348206
Tra Vinh,2025-08-20,2025,8,20,30.407191406789536
Tra Vinh,2025-08-21,2025,8,21,10.097442108096065
Tra Vinh,2025-08-22,2025,8,22,3.536941804925823
Tra Vinh,2025-08-23,2025,8,23,2.094084496210227
Tra Vinh,2025-08-24,2025,8,24,3.0846338136106017
Tra Vinh,2025-08-25,2025,8,25,19.850390686037915
Tra Vinh,2025-08-26,2025,8,26,1.9556080904988844
Tra Vinh,2025-08-27,2025,8,27,0.4832858228471434
Tra Vinh,2025-08-28,2025,8,28,14.557018530517633
Tra Vinh,2025-08-29,2025,8,29,29.59048903854927
Tra Vinh,2025-08-30,2025,8,30,19.043307225276443
Tra Vinh,2025-08-31,2025,8,31,4.0004839056146135
Tra Vinh,2025-09-01,2025,9,1,22.65349458910082
Tra Vinh,2025-09-02,2025,9,2,10.479203938561172
Tra Vinh,2025-09-03,2025,9,3,9.716686188980963
Tra Vinh,2025-09-04,2025,9,4,4.786643197174782
Tra Vinh,2025-09-05,2025,9,5,6.697368430116755
Tra Vinh,2025-09-06,2025,9,6,17.69919216108868
Tra Vinh,2025-09-07,2025,9,7,18.62587211950428
Tra Vinh,2025-09-08,2025,9,8,4.190509418697463
Tra Vinh,2025-09-09,2025,9,9,12.3393939901911
Tra Vinh,2025-09-10,2025,9,10,2.160549909166949
Tra Vinh,2025-09-11,2025,9,11,18.73906792288705
Tra Vinh,2025-09-12,2025,9,12,7.362089139621683
Tra Vinh,2025-09-13,2025,9,13,2.304783791889792
Tra Vinh,2025-09-14,2025,9,14,8.625426356122087
Tra Vinh,2025-09-15,2025,9,15,5.525020267681237
Tra Vinh,2025-09-16,2025,9,16,14.006601687351894
Tra Vinh,2025-09-17,2025,9,17,18.07547384574919
Tra Vinh,2025-09-18,2025,9,18,12.917686466969275
Tra Vinh,2025-09-19,2025,9,19,0.94222698098312
Tra Vinh,2025-09-20,2025,9,20,0.0
Tra Vinh,2025-09-21,2025,9,21,14.228066220831137
Tra Vinh,2025-09-22,2025,9,22,14.587064471227682
Tra Vinh,2025-09-23,2025,9,23,0.2857020049089445
Tra Vinh,2025-09-24,2025,9,24,0.417205886451815
Tra Vinh,2025-09-25,2025,9,25,3.0370746189169293
Tra Vinh,2025-09-26,2025,9,26,0.2016330131694192
Tra Vinh,2025-09-27,2025,9,27,20.66016115933498
Tra Vinh,2025-09-28,2025,9,28,13.111092685450233
Tra Vinh,2025-09-29,2025,9,29,5.611013746759065
Tra Vinh,2025-09-30,2025,9,30,0.0
Tra Vinh,2025-10-01,2025,10,1,0.7415106922148513
Tra Vinh,2025-10-02,2025,10,2,0.4871021178271476
Tra Vinh,2025-10-03,2025,10,3,0.0005802585056383872
Tra Vinh,2025-10-04,2025,10,4,2.950180271710822
Tra Vinh,2025-10-05,2025,10,5,2.8557440360346384
Tra Vinh,2025-10-06,2025,10,6,5.710841782545256
Tra Vinh,2025-10-07,2025,10,7,5.248443351284099
Tra Vinh,2025-10-08,2025,10,8,21.85979646846985
Tra Vinh,2025-10-09,2025,10,9,4.165531618173699
Tra Vinh,2025-10-10,2025,10,10,8.039111743059774
Tra Vinh,2025-10-11,2025,10,11,7.288374558358755
Tra Vinh,2025-10-12,2025,10,12,10.695887351945377
Tra Vinh,2025-10-13,2025,10,13,15.50568671146579
Tra Vinh,2025-10-14,2025,10,14,8.929149891222277
Tra Vinh,2025-10-15,2025,10,15,3.430049121920137
Tra Vinh,2025-10-16,2025,10,16,8.05452455452044
Tra Vinh,2025-10-17,2025,10,17,10.785408878216316
Tra Vinh,2025-10-18,2025,10,18,24.828449053460144
Tra Vinh,2025-10-19,2025,10,19,3.261052621416052
Tra Vinh,2025-10-20,2025,10,20,24.10694500391597
Tra Vinh,2025-10-21,2025,10,21,10.00079412771857
Tra Vinh,2025-10-22,2025,10,22,4.012459254191433
Tra Vinh,2025-10-23,2025,10,23,8.398894952100747
Tra Vinh,2025-10-24,2025,10,24,18.84056722202401
Tra Vinh,2025-10-25,2025,10,25,46.1816424886365
Tra Vinh,2025-10-26,2025,10,26,21.155360731484038
Tra Vinh,2025-10-27,2025,10,27,25.191657534089277
Tra Vinh,2025-10-28,2025,10,28,43.05671180576998
Tra Vinh,2025-10-29,2025,10,29,20.077767269864584
Tra Vinh,2025-10-30,2025,10,30,4.016263670731306
Tra Vinh,2025-10-31,2025,10,31,0.0233055661636803
Tra Vinh,2025-11-01,2025,11,1,20.302698460484805
Tra Vinh,2025-11-02,2025,11,2,14.138818535801487
Tra Vinh,2025-11-03,2025,11,3,0.0
Tra Vinh,2025-11-04,2025,11,4,10.501339797119776
Tra Vinh,2025-11-05,2025,11,5,16.930872147789117
Tra Vinh,2025-11-06,2025,11,6,35.14322178918763
Tra Vinh,2025-11-07,2025,11,7,15.349575473484627
Tra Vinh,2025-11-08,2025,11,8,0.3340305545013216
Tra Vinh,2025-11-09,2025,11,9,1.6443546117830217
Tra Vinh,2025-11-10,2025,11,10,2.7964693211236926
Tra Vinh,2025-11-11,2025,11,11,0.9088061180444216
Tra Vinh,2025-11-12,2025,11,12,4.1212576388171
Tra Vinh,2025-11-13,2025,11,13,2.055940830729976
Tra Vinh,2025-11-14,2025,11,14,0.0334939390894937
Tra Vinh,2025-11-15,2025,11,15,0.0
Tra Vinh,2025-11-16,2025,11,16,6.34726118951735
Tra Vinh,2025-11-17,2025,11,17,14.035033587779838
Tra Vinh,2025-11-18,2025,11,18,5.679705937203941
Tra Vinh,2025-11-19,2025,11,19,6.865231423790235
Tra Vinh,2025-11-20,2025,11,20,3.5984891856738144
Tra Vinh,2025-11-21,2025,11,21,1.806890769669066
Tra Vinh,2025-11-22,2025,11,22,29.547173532274236
Tra Vinh,2025-11-23,2025,11,23,6.180070836502851
Tra Vinh,2025-11-24,2025,11,24,0.0785598239701938
Tra Vinh,2025-11-25,2025,11,25,4.966770254120124
Tra Vinh,2025-11-26,2025,11,26,3.0787288560629973
Tra Vinh,2025-11-27,2025,11,27,0.1814667503562123
Tra Vinh,2025-11-28,2025,11,28,0.0071524337431246
Tra Vinh,2025-11-29,2025,11,29,0.9299387367276916
Tra Vinh,2025-11-30,2025,11,30,0.0118529018976006
Tra Vinh,2025-12-01,2025,12,1,0.0
Tra Vinh,2025-12-02,2025,12,2,0.0
Tra Vinh,2025-12-03,2025,12,3,8.572403628662629
Tra Vinh,2025-12-04,2025,12,4,0.4791104061411489
Tra Vinh,2025-12-05,2025,12,5,0.0
Tra Vinh,2025-12-06,2025,12,6,0.0
Tra Vinh,2025-12-07,2025,12,7,0.0
Tra Vinh,2025-12-08,2025,12,8,0.0367443467564759
Tra Vinh,2025-12-09,2025,12,9,0.0161812277926488
Tra Vinh,2025-12-10,2025,12,10,6.291301187937618
Tra Vinh,2025-12-11,2025,12,11,5.5995667187274965
Tra Vinh,2025-12-12,2025,12,12,0.4764897802333983
Tra Vinh,2025-12-13,2025,12,13,0.839064839621456
Tra Vinh,2025-12-14,2025,12,14,0.0
Tra Vinh,2025-12-15,2025,12,15,0.0
Tra Vinh,2025-12-16,2025,12,16,0.0
Tra Vinh,2025-12-17,2025,12,17,0.1414376624490493
Tra Vinh,2025-12-18,2025,12,18,0.0
Tra Vinh,2025-12-19,2025,12,19,0.0
Tra Vinh,2025-12-20,2025,12,20,0.0
Tra Vinh,2025-12-21,2025,12,21,0.0
Tra Vinh,2025-12-22,2025,12,22,0.0
Tra Vinh,2025-12-23,2025,12,23,0.0
Tra Vinh,2025-12-24,2025,12,24,0.0
Tra Vinh,2025-12-25,2025,12,25,0.0305988774536939
Tra Vinh,2025-12-26,2025,12,26,0.4549691886989115
Tra Vinh,2025-12-27,2025,12,27,0.2736946438058983
Tra Vinh,2025-12-28,2025,12,28,0.0
Tra Vinh,2025-12-29,2025,12,29,0.2414939717714737
Tra Vinh,2025-12-30,2025,12,30,0.0
Tra Vinh,2025-12-31,2025,12,31,0.0
