province_name,date,year,month,day,predicted_rainfall_mm,rain_probability,prediction_stage,model_name
An Giang,2026-01-01,2026,1,1,0.0,0.05468787997961044,recursive_daily,xgboost_recent_weighted_daily
An Giang,2026-01-02,2026,1,2,0.0,0.031510934233665466,recursive_daily,xgboost_recent_weighted_daily
An Giang,2026-01-03,2026,1,3,0.0,0.13778649270534515,recursive_daily,xgboost_recent_weighted_daily
An Giang,2026-01-04,2026,1,4,0.0,0.03836563229560852,recursive_daily,xgboost_recent_weighted_daily
An Giang,2026-01-05,2026,1,5,0.0,0.03937472030520439,recursive_daily,xgboost_recent_weighted_daily
An Giang,2026-01-06,2026,1,6,0.0,0.017575712874531746,recursive_daily,xgboost_recent_weighted_daily
An Giang,2026-01-07,2026,1,7,0.0,0.023098574951291084,recursive_daily,xgboost_recent_weighted_daily
An Giang,2026-01-08,2026,1,8,0.0,0.04608447849750519,recursive_daily,xgboost_recent_weighted_daily
An Giang,2026-01-09,2026,1,9,0.0,0.07713974267244339,recursive_daily,xgboost_recent_weighted_daily
An Giang,2026-01-10,2026,1,10,0.0,0.05393322929739952,recursive_daily,xgboost_recent_weighted_daily
An Giang,2026-01-11,2026,1,11,0.0,0.05299469456076622,recursive_daily,xgboost_recent_weighted_daily
An Giang,2026-01-12,2026,1,12,0.0,0.022986188530921936,recursive_daily,xgboost_recent_weighted_daily
An Giang,2026-01-13,2026,1,13,0.0,0.08413804322481155,recursive_daily,xgboost_recent_weighted_daily
An Giang,2026-01-14,2026,1,14,0.0,0.10835068672895432,recursive_daily,xgboost_recent_weighted_daily
An Giang,2026-01-15,2026,1,15,0.0,0.15829673409461975,recursive_daily,xgboost_recent_weighted_daily
An Giang,2026-01-16,2026,1,16,0.0,0.06295040249824524,recursive_daily,xgboost_recent_weighted_daily
An Giang,2026-01-17,2026,1,17,0.0,0.043115291744470596,recursive_daily,xgboost_recent_weighted_daily
An Giang,2026-01-18,2026,1,18,0.0,0.033440787345170975,recursive_daily,xgboost_recent_weighted_daily
An Giang,2026-01-19,2026,1,19,0.0,0.04970564320683479,recursive_daily,xgboost_recent_weighted_daily
An Giang,2026-01-20,2026,1,20,0.0,0.05585663765668869,recursive_daily,xgboost_recent_weighted_daily
An Giang,2026-01-21,2026,1,21,0.0,0.028821341693401337,recursive_daily,xgboost_recent_weighted_daily
An Giang,2026-01-22,2026,1,22,0.0,0.04026829078793526,recursive_daily,xgboost_recent_weighted_daily
An Giang,2026-01-23,2026,1,23,0.0,0.03905909135937691,recursive_daily,xgboost_recent_weighted_daily
An Giang,2026-01-24,2026,1,24,0.0,0.04730309173464775,recursive_daily,xgboost_recent_weighted_daily
An Giang,2026-01-25,2026,1,25,0.0,0.0793776661157608,recursive_daily,xgboost_recent_weighted_daily
An Giang,2026-01-26,2026,1,26,0.0,0.06367073208093643,recursive_daily,xgboost_recent_weighted_daily
An Giang,2026-01-27,2026,1,27,0.0,0.1006338968873024,recursive_daily,xgboost_recent_weighted_daily
An Giang,2026-01-28,2026,1,28,0.0,0.08745437115430832,recursive_daily,xgboost_recent_weighted_daily
An Giang,2026-01-29,2026,1,29,0.0,0.08902513235807419,recursive_daily,xgboost_recent_weighted_daily
An Giang,2026-01-30,2026,1,30,0.0,0.10507964342832565,recursive_daily,xgboost_recent_weighted_daily
An Giang,2026-01-31,2026,1,31,0.0,0.10844045132398605,recursive_daily,xgboost_recent_weighted_daily
An Giang,2026-02-01,2026,2,1,0.0,0.08367905020713806,recursive_daily,xgboost_recent_weighted_daily
An Giang,2026-02-02,2026,2,2,0.0,0.10828422009944916,recursive_daily,xgboost_recent_weighted_daily
An Giang,2026-02-03,2026,2,3,0.0,0.08044073730707169,recursive_daily,xgboost_recent_weighted_daily
An Giang,2026-02-04,2026,2,4,0.0,0.04968305677175522,recursive_daily,xgboost_recent_weighted_daily
An Giang,2026-02-05,2026,2,5,0.0,0.08962278068065643,recursive_daily,xgboost_recent_weighted_daily
An Giang,2026-02-06,2026,2,6,0.0,0.085696741938591,recursive_daily,xgboost_recent_weighted_daily
An Giang,2026-02-07,2026,2,7,0.0,0.09040190279483795,recursive_daily,xgboost_recent_weighted_daily
An Giang,2026-02-08,2026,2,8,0.0,0.07700269669294357,recursive_daily,xgboost_recent_weighted_daily
An Giang,2026-02-09,2026,2,9,0.0,0.0680483877658844,recursive_daily,xgboost_recent_weighted_daily
An Giang,2026-02-10,2026,2,10,0.0,0.06939529627561569,recursive_daily,xgboost_recent_weighted_daily
An Giang,2026-02-11,2026,2,11,0.0,0.06517753005027771,recursive_daily,xgboost_recent_weighted_daily
An Giang,2026-02-12,2026,2,12,0.0,0.07078596204519272,recursive_daily,xgboost_recent_weighted_daily
An Giang,2026-02-13,2026,2,13,0.0,0.07057558000087738,recursive_daily,xgboost_recent_weighted_daily
An Giang,2026-02-14,2026,2,14,0.0,0.06350407004356384,recursive_daily,xgboost_recent_weighted_daily
An Giang,2026-02-15,2026,2,15,0.0,0.06426125019788742,recursive_daily,xgboost_recent_weighted_daily
An Giang,2026-02-16,2026,2,16,0.0,0.07059725373983383,recursive_daily,xgboost_recent_weighted_daily
An Giang,2026-02-17,2026,2,17,0.0,0.072271928191185,recursive_daily,xgboost_recent_weighted_daily
An Giang,2026-02-18,2026,2,18,0.0,0.10376980155706406,recursive_daily,xgboost_recent_weighted_daily
An Giang,2026-02-19,2026,2,19,0.0,0.10067868232727051,recursive_daily,xgboost_recent_weighted_daily
An Giang,2026-02-20,2026,2,20,0.0,0.1041654422879219,recursive_daily,xgboost_recent_weighted_daily
An Giang,2026-02-21,2026,2,21,0.0,0.13285475969314575,recursive_daily,xgboost_recent_weighted_daily
An Giang,2026-02-22,2026,2,22,0.0,0.08977001905441284,recursive_daily,xgboost_recent_weighted_daily
An Giang,2026-02-23,2026,2,23,0.0,0.09700927138328552,recursive_daily,xgboost_recent_weighted_daily
An Giang,2026-02-24,2026,2,24,0.0,0.09956516325473785,recursive_daily,xgboost_recent_weighted_daily
An Giang,2026-02-25,2026,2,25,0.0,0.10008560121059418,recursive_daily,xgboost_recent_weighted_daily
An Giang,2026-02-26,2026,2,26,0.0,0.1204155683517456,recursive_daily,xgboost_recent_weighted_daily
An Giang,2026-02-27,2026,2,27,0.0,0.11208399385213852,recursive_daily,xgboost_recent_weighted_daily
An Giang,2026-02-28,2026,2,28,0.0,0.13191546499729156,recursive_daily,xgboost_recent_weighted_daily
An Giang,2026-03-01,2026,3,1,0.0,0.1460062563419342,recursive_daily,xgboost_recent_weighted_daily
An Giang,2026-03-02,2026,3,2,0.0,0.1279660016298294,recursive_daily,xgboost_recent_weighted_daily
An Giang,2026-03-03,2026,3,3,0.0,0.1285819262266159,recursive_daily,xgboost_recent_weighted_daily
An Giang,2026-03-04,2026,3,4,0.0,0.11046235263347626,recursive_daily,xgboost_recent_weighted_daily
An Giang,2026-03-05,2026,3,5,0.0,0.1383066326379776,recursive_daily,xgboost_recent_weighted_daily
An Giang,2026-03-06,2026,3,6,0.0,0.14083705842494965,recursive_daily,xgboost_recent_weighted_daily
An Giang,2026-03-07,2026,3,7,0.0,0.12811978161334991,recursive_daily,xgboost_recent_weighted_daily
An Giang,2026-03-08,2026,3,8,0.0,0.12811978161334991,recursive_daily,xgboost_recent_weighted_daily
An Giang,2026-03-09,2026,3,9,0.0,0.12811978161334991,recursive_daily,xgboost_recent_weighted_daily
An Giang,2026-03-10,2026,3,10,0.0,0.12886975705623627,recursive_daily,xgboost_recent_weighted_daily
An Giang,2026-03-11,2026,3,11,0.0,0.1048588678240776,recursive_daily,xgboost_recent_weighted_daily
An Giang,2026-03-12,2026,3,12,0.0,0.10280000418424606,recursive_daily,xgboost_recent_weighted_daily
An Giang,2026-03-13,2026,3,13,0.0,0.11059799045324326,recursive_daily,xgboost_recent_weighted_daily
An Giang,2026-03-14,2026,3,14,0.0,0.09020136296749115,recursive_daily,xgboost_recent_weighted_daily
An Giang,2026-03-15,2026,3,15,0.0,0.08277232199907303,recursive_daily,xgboost_recent_weighted_daily
An Giang,2026-03-16,2026,3,16,0.0,0.08726872503757477,recursive_daily,xgboost_recent_weighted_daily
An Giang,2026-03-17,2026,3,17,0.0,0.11176131665706635,recursive_daily,xgboost_recent_weighted_daily
An Giang,2026-03-18,2026,3,18,0.0,0.10470075905323029,recursive_daily,xgboost_recent_weighted_daily
An Giang,2026-03-19,2026,3,19,0.0,0.10470075905323029,recursive_daily,xgboost_recent_weighted_daily
An Giang,2026-03-20,2026,3,20,0.0,0.12944447994232178,recursive_daily,xgboost_recent_weighted_daily
An Giang,2026-03-21,2026,3,21,0.0,0.14592066407203674,recursive_daily,xgboost_recent_weighted_daily
An Giang,2026-03-22,2026,3,22,0.0,0.10702793300151825,recursive_daily,xgboost_recent_weighted_daily
An Giang,2026-03-23,2026,3,23,0.0,0.10415825247764587,recursive_daily,xgboost_recent_weighted_daily
An Giang,2026-03-24,2026,3,24,0.0,0.09397830814123154,recursive_daily,xgboost_recent_weighted_daily
An Giang,2026-03-25,2026,3,25,0.0,0.09629441797733307,recursive_daily,xgboost_recent_weighted_daily
An Giang,2026-03-26,2026,3,26,0.0,0.10855961591005325,recursive_daily,xgboost_recent_weighted_daily
An Giang,2026-03-27,2026,3,27,0.0,0.11649570614099503,recursive_daily,xgboost_recent_weighted_daily
An Giang,2026-03-28,2026,3,28,0.0,0.1602594554424286,recursive_daily,xgboost_recent_weighted_daily
An Giang,2026-03-29,2026,3,29,0.0,0.1684066504240036,recursive_daily,xgboost_recent_weighted_daily
An Giang,2026-03-30,2026,3,30,0.0,0.16496630012989044,recursive_daily,xgboost_recent_weighted_daily
An Giang,2026-03-31,2026,3,31,0.0,0.22240835428237915,recursive_daily,xgboost_recent_weighted_daily
An Giang,2026-04-01,2026,4,1,0.0,0.24977751076221466,recursive_daily,xgboost_recent_weighted_daily
An Giang,2026-04-02,2026,4,2,0.0,0.2462347149848938,recursive_daily,xgboost_recent_weighted_daily
An Giang,2026-04-03,2026,4,3,0.0,0.2362762987613678,recursive_daily,xgboost_recent_weighted_daily
An Giang,2026-04-04,2026,4,4,0.0,0.21102368831634521,recursive_daily,xgboost_recent_weighted_daily
An Giang,2026-04-05,2026,4,5,0.0,0.2116401046514511,recursive_daily,xgboost_recent_weighted_daily
An Giang,2026-04-06,2026,4,6,0.0,0.1870756447315216,recursive_daily,xgboost_recent_weighted_daily
An Giang,2026-04-07,2026,4,7,0.0,0.1870756447315216,recursive_daily,xgboost_recent_weighted_daily
An Giang,2026-04-08,2026,4,8,0.0,0.1870756447315216,recursive_daily,xgboost_recent_weighted_daily
An Giang,2026-04-09,2026,4,9,0.0,0.2304636538028717,recursive_daily,xgboost_recent_weighted_daily
An Giang,2026-04-10,2026,4,10,0.0,0.2433135062456131,recursive_daily,xgboost_recent_weighted_daily
An Giang,2026-04-11,2026,4,11,0.0,0.3043823540210724,recursive_daily,xgboost_recent_weighted_daily
An Giang,2026-04-12,2026,4,12,0.0,0.19573859870433807,recursive_daily,xgboost_recent_weighted_daily
An Giang,2026-04-13,2026,4,13,0.0,0.26922252774238586,recursive_daily,xgboost_recent_weighted_daily
An Giang,2026-04-14,2026,4,14,0.0,0.2711060643196106,recursive_daily,xgboost_recent_weighted_daily
An Giang,2026-04-15,2026,4,15,0.0,0.2440125197172165,recursive_daily,xgboost_recent_weighted_daily
An Giang,2026-04-16,2026,4,16,0.0,0.2440125197172165,recursive_daily,xgboost_recent_weighted_daily
An Giang,2026-04-17,2026,4,17,0.0,0.26748228073120117,recursive_daily,xgboost_recent_weighted_daily
An Giang,2026-04-18,2026,4,18,0.0,0.26947087049484253,recursive_daily,xgboost_recent_weighted_daily
An Giang,2026-04-19,2026,4,19,0.0,0.19072920083999634,recursive_daily,xgboost_recent_weighted_daily
An Giang,2026-04-20,2026,4,20,0.0,0.18578803539276123,recursive_daily,xgboost_recent_weighted_daily
An Giang,2026-04-21,2026,4,21,0.0,0.22064681351184845,recursive_daily,xgboost_recent_weighted_daily
An Giang,2026-04-22,2026,4,22,0.0,0.22715716063976288,recursive_daily,xgboost_recent_weighted_daily
An Giang,2026-04-23,2026,4,23,0.0,0.2240903228521347,recursive_daily,xgboost_recent_weighted_daily
An Giang,2026-04-24,2026,4,24,0.0,0.22715716063976288,recursive_daily,xgboost_recent_weighted_daily
An Giang,2026-04-25,2026,4,25,0.0,0.24611926078796387,recursive_daily,xgboost_recent_weighted_daily
An Giang,2026-04-26,2026,4,26,0.0,0.1982012838125229,recursive_daily,xgboost_recent_weighted_daily
An Giang,2026-04-27,2026,4,27,0.0,0.17867101728916168,recursive_daily,xgboost_recent_weighted_daily
An Giang,2026-04-28,2026,4,28,0.0,0.2428838610649109,recursive_daily,xgboost_recent_weighted_daily
An Giang,2026-04-29,2026,4,29,0.0,0.1796388328075409,recursive_daily,xgboost_recent_weighted_daily
An Giang,2026-04-30,2026,4,30,0.0,0.16851435601711273,recursive_daily,xgboost_recent_weighted_daily
An Giang,2026-05-01,2026,5,1,4.157582907608995,0.3919031322002411,recursive_daily,xgboost_recent_weighted_daily
An Giang,2026-05-02,2026,5,2,5.371643488765637,0.6480852365493774,recursive_daily,xgboost_recent_weighted_daily
An Giang,2026-05-03,2026,5,3,5.577840030959211,0.6790232062339783,recursive_daily,xgboost_recent_weighted_daily
An Giang,2026-05-04,2026,5,4,7.158328258972857,0.7621362209320068,recursive_daily,xgboost_recent_weighted_daily
An Giang,2026-05-05,2026,5,5,7.398693556708394,0.7339257597923279,recursive_daily,xgboost_recent_weighted_daily
An Giang,2026-05-06,2026,5,6,7.391429795735452,0.7656087279319763,recursive_daily,xgboost_recent_weighted_daily
An Giang,2026-05-07,2026,5,7,7.213388975961415,0.7546578645706177,recursive_daily,xgboost_recent_weighted_daily
An Giang,2026-05-08,2026,5,8,7.487721186131916,0.7669675350189209,recursive_daily,xgboost_recent_weighted_daily
An Giang,2026-05-09,2026,5,9,6.612060147975474,0.6529183387756348,recursive_daily,xgboost_recent_weighted_daily
An Giang,2026-05-10,2026,5,10,5.721615065462422,0.6711544394493103,recursive_daily,xgboost_recent_weighted_daily
An Giang,2026-05-11,2026,5,11,5.886113539291187,0.7354499101638794,recursive_daily,xgboost_recent_weighted_daily
An Giang,2026-05-12,2026,5,12,7.1445408641583645,0.6723556518554688,recursive_daily,xgboost_recent_weighted_daily
An Giang,2026-05-13,2026,5,13,6.360862209881407,0.8251280188560486,recursive_daily,xgboost_recent_weighted_daily
An Giang,2026-05-14,2026,5,14,6.858896353551006,0.8163852095603943,recursive_daily,xgboost_recent_weighted_daily
An Giang,2026-05-15,2026,5,15,6.394164016262427,0.8361077308654785,recursive_daily,xgboost_recent_weighted_daily
An Giang,2026-05-16,2026,5,16,7.093696718843283,0.8156384229660034,recursive_daily,xgboost_recent_weighted_daily
An Giang,2026-05-17,2026,5,17,6.774865592961566,0.8345885276794434,recursive_daily,xgboost_recent_weighted_daily
An Giang,2026-05-18,2026,5,18,7.4861165308893405,0.7878294587135315,recursive_daily,xgboost_recent_weighted_daily
An Giang,2026-05-19,2026,5,19,7.438056835549971,0.791469156742096,recursive_daily,xgboost_recent_weighted_daily
An Giang,2026-05-20,2026,5,20,8.27441407659948,0.8314951658248901,recursive_daily,xgboost_recent_weighted_daily
An Giang,2026-05-21,2026,5,21,7.2917785055479865,0.7593564391136169,recursive_daily,xgboost_recent_weighted_daily
An Giang,2026-05-22,2026,5,22,9.477176560384402,0.804531455039978,recursive_daily,xgboost_recent_weighted_daily
An Giang,2026-05-23,2026,5,23,8.654551842653246,0.826937198638916,recursive_daily,xgboost_recent_weighted_daily
An Giang,2026-05-24,2026,5,24,8.935586862368616,0.842404305934906,recursive_daily,xgboost_recent_weighted_daily
An Giang,2026-05-25,2026,5,25,7.799170561056797,0.801069974899292,recursive_daily,xgboost_recent_weighted_daily
An Giang,2026-05-26,2026,5,26,9.788672882208951,0.8326206207275391,recursive_daily,xgboost_recent_weighted_daily
An Giang,2026-05-27,2026,5,27,8.78689596710086,0.7427958846092224,recursive_daily,xgboost_recent_weighted_daily
An Giang,2026-05-28,2026,5,28,8.12649618528681,0.7368077039718628,recursive_daily,xgboost_recent_weighted_daily
An Giang,2026-05-29,2026,5,29,9.904360094418585,0.7665825486183167,recursive_daily,xgboost_recent_weighted_daily
An Giang,2026-05-30,2026,5,30,11.471934530767456,0.8202009201049805,recursive_daily,xgboost_recent_weighted_daily
An Giang,2026-05-31,2026,5,31,12.989212788074385,0.7505261301994324,recursive_daily,xgboost_recent_weighted_daily
An Giang,2026-06-01,2026,6,1,13.204105117416688,0.5831779837608337,recursive_daily,xgboost_recent_weighted_daily
An Giang,2026-06-02,2026,6,2,11.182143238733453,0.6950258612632751,recursive_daily,xgboost_recent_weighted_daily
An Giang,2026-06-03,2026,6,3,7.98603568575992,0.591692328453064,recursive_daily,xgboost_recent_weighted_daily
An Giang,2026-06-04,2026,6,4,11.019805076929345,0.55610191822052,recursive_daily,xgboost_recent_weighted_daily
An Giang,2026-06-05,2026,6,5,9.980297808619177,0.645548403263092,recursive_daily,xgboost_recent_weighted_daily
An Giang,2026-06-06,2026,6,6,10.203915504661696,0.6858751177787781,recursive_daily,xgboost_recent_weighted_daily
An Giang,2026-06-07,2026,6,7,12.820948033420144,0.679889976978302,recursive_daily,xgboost_recent_weighted_daily
An Giang,2026-06-08,2026,6,8,11.97915843263998,0.5794508457183838,recursive_daily,xgboost_recent_weighted_daily
An Giang,2026-06-09,2026,6,9,9.288275660062782,0.5936535596847534,recursive_daily,xgboost_recent_weighted_daily
An Giang,2026-06-10,2026,6,10,10.740710260984898,0.5508474707603455,recursive_daily,xgboost_recent_weighted_daily
An Giang,2026-06-11,2026,6,11,11.884532958895946,0.5950928926467896,recursive_daily,xgboost_recent_weighted_daily
An Giang,2026-06-12,2026,6,12,11.18269879846346,0.5665550827980042,recursive_daily,xgboost_recent_weighted_daily
An Giang,2026-06-13,2026,6,13,10.269627127992381,0.7065479755401611,recursive_daily,xgboost_recent_weighted_daily
An Giang,2026-06-14,2026,6,14,12.165280649207089,0.7221919894218445,recursive_daily,xgboost_recent_weighted_daily
An Giang,2026-06-15,2026,6,15,11.372672609248957,0.7698975205421448,recursive_daily,xgboost_recent_weighted_daily
An Giang,2026-06-16,2026,6,16,12.537056060315766,0.5647016763687134,recursive_daily,xgboost_recent_weighted_daily
An Giang,2026-06-17,2026,6,17,12.48577602244909,0.6026951670646667,recursive_daily,xgboost_recent_weighted_daily
An Giang,2026-06-18,2026,6,18,11.242563661626475,0.7047775983810425,recursive_daily,xgboost_recent_weighted_daily
An Giang,2026-06-19,2026,6,19,10.505831200359744,0.6231206655502319,recursive_daily,xgboost_recent_weighted_daily
An Giang,2026-06-20,2026,6,20,8.402732909996342,0.5463683605194092,recursive_daily,xgboost_recent_weighted_daily
An Giang,2026-06-21,2026,6,21,9.570027204917187,0.6512073278427124,recursive_daily,xgboost_recent_weighted_daily
An Giang,2026-06-22,2026,6,22,10.709523329744586,0.5721562504768372,recursive_daily,xgboost_recent_weighted_daily
An Giang,2026-06-23,2026,6,23,10.670213877695915,0.5980457067489624,recursive_daily,xgboost_recent_weighted_daily
An Giang,2026-06-24,2026,6,24,10.036431676255482,0.7466123104095459,recursive_daily,xgboost_recent_weighted_daily
An Giang,2026-06-25,2026,6,25,8.038751918537518,0.5691366791725159,recursive_daily,xgboost_recent_weighted_daily
An Giang,2026-06-26,2026,6,26,8.355894274694226,0.615031361579895,recursive_daily,xgboost_recent_weighted_daily
An Giang,2026-06-27,2026,6,27,12.02963857052466,0.6735497713088989,recursive_daily,xgboost_recent_weighted_daily
An Giang,2026-06-28,2026,6,28,12.170288120276124,0.641433596611023,recursive_daily,xgboost_recent_weighted_daily
An Giang,2026-06-29,2026,6,29,10.736400524155211,0.6590505838394165,recursive_daily,xgboost_recent_weighted_daily
An Giang,2026-06-30,2026,6,30,10.664838054341015,0.7450788021087646,recursive_daily,xgboost_recent_weighted_daily
An Giang,2026-07-01,2026,7,1,10.340107675572872,0.6962134838104248,recursive_daily,xgboost_recent_weighted_daily
An Giang,2026-07-02,2026,7,2,9.169956261208432,0.7125735878944397,recursive_daily,xgboost_recent_weighted_daily
An Giang,2026-07-03,2026,7,3,10.557205226072993,0.7344663739204407,recursive_daily,xgboost_recent_weighted_daily
An Giang,2026-07-04,2026,7,4,9.718705035881904,0.6429818868637085,recursive_daily,xgboost_recent_weighted_daily
An Giang,2026-07-05,2026,7,5,10.585447513548157,0.6647561192512512,recursive_daily,xgboost_recent_weighted_daily
An Giang,2026-07-06,2026,7,6,9.415344944727462,0.6735765337944031,recursive_daily,xgboost_recent_weighted_daily
An Giang,2026-07-07,2026,7,7,8.691726293103175,0.6533496379852295,recursive_daily,xgboost_recent_weighted_daily
An Giang,2026-07-08,2026,7,8,10.71419888583202,0.6965603232383728,recursive_daily,xgboost_recent_weighted_daily
An Giang,2026-07-09,2026,7,9,10.348773875552215,0.5684497356414795,recursive_daily,xgboost_recent_weighted_daily
An Giang,2026-07-10,2026,7,10,10.138416372872731,0.5668351054191589,recursive_daily,xgboost_recent_weighted_daily
An Giang,2026-07-11,2026,7,11,10.240525033059829,0.7138226628303528,recursive_daily,xgboost_recent_weighted_daily
An Giang,2026-07-12,2026,7,12,12.123855049591858,0.7239399552345276,recursive_daily,xgboost_recent_weighted_daily
An Giang,2026-07-13,2026,7,13,7.928800103546134,0.6409444808959961,recursive_daily,xgboost_recent_weighted_daily
An Giang,2026-07-14,2026,7,14,11.121552185843662,0.5858510732650757,recursive_daily,xgboost_recent_weighted_daily
An Giang,2026-07-15,2026,7,15,10.876219022538832,0.6332991719245911,recursive_daily,xgboost_recent_weighted_daily
An Giang,2026-07-16,2026,7,16,12.94492249741833,0.7296531796455383,recursive_daily,xgboost_recent_weighted_daily
An Giang,2026-07-17,2026,7,17,11.840716305526477,0.7199729084968567,recursive_daily,xgboost_recent_weighted_daily
An Giang,2026-07-18,2026,7,18,11.683111846083454,0.6118326783180237,recursive_daily,xgboost_recent_weighted_daily
An Giang,2026-07-19,2026,7,19,11.314374192174963,0.5216623544692993,recursive_daily,xgboost_recent_weighted_daily
An Giang,2026-07-20,2026,7,20,8.22273368233223,0.606769859790802,recursive_daily,xgboost_recent_weighted_daily
An Giang,2026-07-21,2026,7,21,9.329585557980108,0.5400811433792114,recursive_daily,xgboost_recent_weighted_daily
An Giang,2026-07-22,2026,7,22,10.924058620142615,0.4845268726348877,recursive_daily,xgboost_recent_weighted_daily
An Giang,2026-07-23,2026,7,23,11.991970480066431,0.6333210468292236,recursive_daily,xgboost_recent_weighted_daily
An Giang,2026-07-24,2026,7,24,11.260100946255093,0.37552815675735474,recursive_daily,xgboost_recent_weighted_daily
An Giang,2026-07-25,2026,7,25,10.705473742521132,0.5660030841827393,recursive_daily,xgboost_recent_weighted_daily
An Giang,2026-07-26,2026,7,26,11.230278525422333,0.5911514163017273,recursive_daily,xgboost_recent_weighted_daily
An Giang,2026-07-27,2026,7,27,9.443906500252996,0.5756276845932007,recursive_daily,xgboost_recent_weighted_daily
An Giang,2026-07-28,2026,7,28,12.208195042814568,0.6712386608123779,recursive_daily,xgboost_recent_weighted_daily
An Giang,2026-07-29,2026,7,29,11.02707987425689,0.5056269764900208,recursive_daily,xgboost_recent_weighted_daily
An Giang,2026-07-30,2026,7,30,11.264723213293227,0.5093007683753967,recursive_daily,xgboost_recent_weighted_daily
An Giang,2026-07-31,2026,7,31,10.795622443243749,0.5001260042190552,recursive_daily,xgboost_recent_weighted_daily
An Giang,2026-08-01,2026,8,1,10.244554172898718,0.5156291723251343,recursive_daily,xgboost_recent_weighted_daily
An Giang,2026-08-02,2026,8,2,0.0,0.3125309646129608,recursive_daily,xgboost_recent_weighted_daily
An Giang,2026-08-03,2026,8,3,9.614962594743082,0.5179916024208069,recursive_daily,xgboost_recent_weighted_daily
An Giang,2026-08-04,2026,8,4,9.011725308140445,0.6725834608078003,recursive_daily,xgboost_recent_weighted_daily
An Giang,2026-08-05,2026,8,5,9.430826266108706,0.7314777374267578,recursive_daily,xgboost_recent_weighted_daily
An Giang,2026-08-06,2026,8,6,7.7965453402716065,0.6069498062133789,recursive_daily,xgboost_recent_weighted_daily
An Giang,2026-08-07,2026,8,7,8.492776957046217,0.6140419840812683,recursive_daily,xgboost_recent_weighted_daily
An Giang,2026-08-08,2026,8,8,6.67551528503651,0.6675490140914917,recursive_daily,xgboost_recent_weighted_daily
An Giang,2026-08-09,2026,8,9,7.074907513377675,0.6922271251678467,recursive_daily,xgboost_recent_weighted_daily
An Giang,2026-08-10,2026,8,10,8.553216944598747,0.7272214293479919,recursive_daily,xgboost_recent_weighted_daily
An Giang,2026-08-11,2026,8,11,7.487127756691525,0.7068953514099121,recursive_daily,xgboost_recent_weighted_daily
An Giang,2026-08-12,2026,8,12,7.978511525599973,0.49862369894981384,recursive_daily,xgboost_recent_weighted_daily
An Giang,2026-08-13,2026,8,13,6.657352857354161,0.6141232252120972,recursive_daily,xgboost_recent_weighted_daily
An Giang,2026-08-14,2026,8,14,5.745587322295537,0.5972508788108826,recursive_daily,xgboost_recent_weighted_daily
An Giang,2026-08-15,2026,8,15,3.9423854643166534,0.5030563473701477,recursive_daily,xgboost_recent_weighted_daily
An Giang,2026-08-16,2026,8,16,6.260619679148366,0.44169771671295166,recursive_daily,xgboost_recent_weighted_daily
An Giang,2026-08-17,2026,8,17,6.272756538722885,0.6214909553527832,recursive_daily,xgboost_recent_weighted_daily
An Giang,2026-08-18,2026,8,18,6.658737734309225,0.8755680918693542,recursive_daily,xgboost_recent_weighted_daily
An Giang,2026-08-19,2026,8,19,6.657503017772836,0.6373493075370789,recursive_daily,xgboost_recent_weighted_daily
An Giang,2026-08-20,2026,8,20,6.440549615312457,0.845203697681427,recursive_daily,xgboost_recent_weighted_daily
An Giang,2026-08-21,2026,8,21,6.037614302657656,0.8106329441070557,recursive_daily,xgboost_recent_weighted_daily
An Giang,2026-08-22,2026,8,22,7.11934162597657,0.8104588389396667,recursive_daily,xgboost_recent_weighted_daily
An Giang,2026-08-23,2026,8,23,8.866137516889983,0.7739676237106323,recursive_daily,xgboost_recent_weighted_daily
An Giang,2026-08-24,2026,8,24,9.442101316760246,0.7040096521377563,recursive_daily,xgboost_recent_weighted_daily
An Giang,2026-08-25,2026,8,25,8.040198948714751,0.7117732167243958,recursive_daily,xgboost_recent_weighted_daily
An Giang,2026-08-26,2026,8,26,10.11029170797403,0.8006768226623535,recursive_daily,xgboost_recent_weighted_daily
An Giang,2026-08-27,2026,8,27,8.954011443431948,0.8482654094696045,recursive_daily,xgboost_recent_weighted_daily
An Giang,2026-08-28,2026,8,28,6.87996409397364,0.7878220677375793,recursive_daily,xgboost_recent_weighted_daily
An Giang,2026-08-29,2026,8,29,6.923980359071002,0.7589485049247742,recursive_daily,xgboost_recent_weighted_daily
An Giang,2026-08-30,2026,8,30,8.55859591098094,0.8094443082809448,recursive_daily,xgboost_recent_weighted_daily
An Giang,2026-08-31,2026,8,31,9.576680452057454,0.6458880305290222,recursive_daily,xgboost_recent_weighted_daily
An Giang,2026-09-01,2026,9,1,10.684686101535478,0.7401629686355591,recursive_daily,xgboost_recent_weighted_daily
An Giang,2026-09-02,2026,9,2,11.414292740571408,0.7148199677467346,recursive_daily,xgboost_recent_weighted_daily
An Giang,2026-09-03,2026,9,3,10.740767317007487,0.7034525275230408,recursive_daily,xgboost_recent_weighted_daily
An Giang,2026-09-04,2026,9,4,9.201678375696009,0.6524140238761902,recursive_daily,xgboost_recent_weighted_daily
An Giang,2026-09-05,2026,9,5,11.909813615193261,0.574238657951355,recursive_daily,xgboost_recent_weighted_daily
An Giang,2026-09-06,2026,9,6,7.196320463580558,0.6200569868087769,recursive_daily,xgboost_recent_weighted_daily
An Giang,2026-09-07,2026,9,7,12.480085508475021,0.6491377949714661,recursive_daily,xgboost_recent_weighted_daily
An Giang,2026-09-08,2026,9,8,9.916603858480315,0.63845294713974,recursive_daily,xgboost_recent_weighted_daily
An Giang,2026-09-09,2026,9,9,11.304966423140337,0.7300925850868225,recursive_daily,xgboost_recent_weighted_daily
An Giang,2026-09-10,2026,9,10,10.43922876156206,0.7265413999557495,recursive_daily,xgboost_recent_weighted_daily
An Giang,2026-09-11,2026,9,11,9.997166105444824,0.4849912226200104,recursive_daily,xgboost_recent_weighted_daily
An Giang,2026-09-12,2026,9,12,11.817523348081881,0.661961019039154,recursive_daily,xgboost_recent_weighted_daily
An Giang,2026-09-13,2026,9,13,11.869737333865663,0.6348033547401428,recursive_daily,xgboost_recent_weighted_daily
An Giang,2026-09-14,2026,9,14,13.314158917850495,0.579304575920105,recursive_daily,xgboost_recent_weighted_daily
An Giang,2026-09-15,2026,9,15,12.728065840384646,0.6440689563751221,recursive_daily,xgboost_recent_weighted_daily
An Giang,2026-09-16,2026,9,16,13.067578430472937,0.5991386771202087,recursive_daily,xgboost_recent_weighted_daily
An Giang,2026-09-17,2026,9,17,11.511742512808329,0.6788428425788879,recursive_daily,xgboost_recent_weighted_daily
An Giang,2026-09-18,2026,9,18,11.326407248652131,0.7854528427124023,recursive_daily,xgboost_recent_weighted_daily
An Giang,2026-09-19,2026,9,19,12.211754663383063,0.6286589503288269,recursive_daily,xgboost_recent_weighted_daily
An Giang,2026-09-20,2026,9,20,12.834314743832362,0.6245111227035522,recursive_daily,xgboost_recent_weighted_daily
An Giang,2026-09-21,2026,9,21,9.595036181364739,0.5310739874839783,recursive_daily,xgboost_recent_weighted_daily
An Giang,2026-09-22,2026,9,22,11.594664648581873,0.5571947693824768,recursive_daily,xgboost_recent_weighted_daily
An Giang,2026-09-23,2026,9,23,11.612247197553211,0.5828163623809814,recursive_daily,xgboost_recent_weighted_daily
An Giang,2026-09-24,2026,9,24,12.518860435526854,0.623762845993042,recursive_daily,xgboost_recent_weighted_daily
An Giang,2026-09-25,2026,9,25,14.294992162310205,0.6629982590675354,recursive_daily,xgboost_recent_weighted_daily
An Giang,2026-09-26,2026,9,26,14.484520163065563,0.7502888441085815,recursive_daily,xgboost_recent_weighted_daily
An Giang,2026-09-27,2026,9,27,14.170580604647421,0.8576439619064331,recursive_daily,xgboost_recent_weighted_daily
An Giang,2026-09-28,2026,9,28,14.924224329896875,0.8070207834243774,recursive_daily,xgboost_recent_weighted_daily
An Giang,2026-09-29,2026,9,29,11.040074783519495,0.8041912317276001,recursive_daily,xgboost_recent_weighted_daily
An Giang,2026-09-30,2026,9,30,15.12039298756509,0.793866753578186,recursive_daily,xgboost_recent_weighted_daily
An Giang,2026-10-01,2026,10,1,15.0913844748986,0.7268338799476624,recursive_daily,xgboost_recent_weighted_daily
An Giang,2026-10-02,2026,10,2,16.10780766800689,0.8101186752319336,recursive_daily,xgboost_recent_weighted_daily
An Giang,2026-10-03,2026,10,3,14.873497000992256,0.8378840088844299,recursive_daily,xgboost_recent_weighted_daily
An Giang,2026-10-04,2026,10,4,14.912337778529416,0.727802038192749,recursive_daily,xgboost_recent_weighted_daily
An Giang,2026-10-05,2026,10,5,15.090511075146086,0.7317968606948853,recursive_daily,xgboost_recent_weighted_daily
An Giang,2026-10-06,2026,10,6,16.845843503527718,0.6903166770935059,recursive_daily,xgboost_recent_weighted_daily
An Giang,2026-10-07,2026,10,7,14.91915366684556,0.8909033536911011,recursive_daily,xgboost_recent_weighted_daily
An Giang,2026-10-08,2026,10,8,10.086470957947032,0.8963439464569092,recursive_daily,xgboost_recent_weighted_daily
An Giang,2026-10-09,2026,10,9,13.905517054558333,0.6537702083587646,recursive_daily,xgboost_recent_weighted_daily
An Giang,2026-10-10,2026,10,10,14.386068149732564,0.6424011588096619,recursive_daily,xgboost_recent_weighted_daily
An Giang,2026-10-11,2026,10,11,16.768483793148047,0.6859581470489502,recursive_daily,xgboost_recent_weighted_daily
An Giang,2026-10-12,2026,10,12,16.087499313507585,0.7049020528793335,recursive_daily,xgboost_recent_weighted_daily
An Giang,2026-10-13,2026,10,13,14.77804117092619,0.6605758666992188,recursive_daily,xgboost_recent_weighted_daily
An Giang,2026-10-14,2026,10,14,13.17330394686828,0.6254803538322449,recursive_daily,xgboost_recent_weighted_daily
An Giang,2026-10-15,2026,10,15,16.624311700789505,0.6898582577705383,recursive_daily,xgboost_recent_weighted_daily
An Giang,2026-10-16,2026,10,16,14.134192335090937,0.8721020221710205,recursive_daily,xgboost_recent_weighted_daily
An Giang,2026-10-17,2026,10,17,15.954342947762068,0.7830516695976257,recursive_daily,xgboost_recent_weighted_daily
An Giang,2026-10-18,2026,10,18,14.00882517028342,0.8300297856330872,recursive_daily,xgboost_recent_weighted_daily
An Giang,2026-10-19,2026,10,19,14.833689586232834,0.8234659433364868,recursive_daily,xgboost_recent_weighted_daily
An Giang,2026-10-20,2026,10,20,10.21067426550329,0.8394023776054382,recursive_daily,xgboost_recent_weighted_daily
An Giang,2026-10-21,2026,10,21,16.26237603042195,0.7837547659873962,recursive_daily,xgboost_recent_weighted_daily
An Giang,2026-10-22,2026,10,22,10.745397510741318,0.7461838722229004,recursive_daily,xgboost_recent_weighted_daily
An Giang,2026-10-23,2026,10,23,16.622563529206793,0.5917972326278687,recursive_daily,xgboost_recent_weighted_daily
An Giang,2026-10-24,2026,10,24,10.874936251072382,0.5851009488105774,recursive_daily,xgboost_recent_weighted_daily
An Giang,2026-10-25,2026,10,25,13.128812381559943,0.6440593004226685,recursive_daily,xgboost_recent_weighted_daily
An Giang,2026-10-26,2026,10,26,11.771729569809771,0.5162022113800049,recursive_daily,xgboost_recent_weighted_daily
An Giang,2026-10-27,2026,10,27,15.522324098255877,0.6594654321670532,recursive_daily,xgboost_recent_weighted_daily
An Giang,2026-10-28,2026,10,28,11.962838164812785,0.6781371831893921,recursive_daily,xgboost_recent_weighted_daily
An Giang,2026-10-29,2026,10,29,12.768498173035283,0.5890105962753296,recursive_daily,xgboost_recent_weighted_daily
An Giang,2026-10-30,2026,10,30,11.478141978340185,0.7276940941810608,recursive_daily,xgboost_recent_weighted_daily
An Giang,2026-10-31,2026,10,31,17.83620047283666,0.7720216512680054,recursive_daily,xgboost_recent_weighted_daily
An Giang,2026-11-01,2026,11,1,15.595450867596345,0.7528592944145203,recursive_daily,xgboost_recent_weighted_daily
An Giang,2026-11-02,2026,11,2,13.558506987836024,0.7333032488822937,recursive_daily,xgboost_recent_weighted_daily
An Giang,2026-11-03,2026,11,3,16.587159535130017,0.5852932333946228,recursive_daily,xgboost_recent_weighted_daily
An Giang,2026-11-04,2026,11,4,12.308920884678061,0.8501777648925781,recursive_daily,xgboost_recent_weighted_daily
An Giang,2026-11-05,2026,11,5,19.485836883096606,0.7145679593086243,recursive_daily,xgboost_recent_weighted_daily
An Giang,2026-11-06,2026,11,6,11.317750835599924,0.8403739929199219,recursive_daily,xgboost_recent_weighted_daily
An Giang,2026-11-07,2026,11,7,11.495286888216759,0.7094729542732239,recursive_daily,xgboost_recent_weighted_daily
An Giang,2026-11-08,2026,11,8,12.433704790963867,0.6459978818893433,recursive_daily,xgboost_recent_weighted_daily
An Giang,2026-11-09,2026,11,9,13.908228984639623,0.500087559223175,recursive_daily,xgboost_recent_weighted_daily
An Giang,2026-11-10,2026,11,10,12.178143214722432,0.43271830677986145,recursive_daily,xgboost_recent_weighted_daily
An Giang,2026-11-11,2026,11,11,16.1017293850958,0.36395007371902466,recursive_daily,xgboost_recent_weighted_daily
An Giang,2026-11-12,2026,11,12,10.668413662698871,0.4760083854198456,recursive_daily,xgboost_recent_weighted_daily
An Giang,2026-11-13,2026,11,13,13.127734623291259,0.4349406361579895,recursive_daily,xgboost_recent_weighted_daily
An Giang,2026-11-14,2026,11,14,0.0,0.3276662230491638,recursive_daily,xgboost_recent_weighted_daily
An Giang,2026-11-15,2026,11,15,10.95663291558484,0.45180854201316833,recursive_daily,xgboost_recent_weighted_daily
An Giang,2026-11-16,2026,11,16,9.248043649952988,0.6850461959838867,recursive_daily,xgboost_recent_weighted_daily
An Giang,2026-11-17,2026,11,17,7.373331923264378,0.89308100938797,recursive_daily,xgboost_recent_weighted_daily
An Giang,2026-11-18,2026,11,18,9.729764487714712,0.7308260798454285,recursive_daily,xgboost_recent_weighted_daily
An Giang,2026-11-19,2026,11,19,10.090335375421596,0.5613334774971008,recursive_daily,xgboost_recent_weighted_daily
An Giang,2026-11-20,2026,11,20,8.946297141806319,0.6542605757713318,recursive_daily,xgboost_recent_weighted_daily
An Giang,2026-11-21,2026,11,21,10.872735047194306,0.748845100402832,recursive_daily,xgboost_recent_weighted_daily
An Giang,2026-11-22,2026,11,22,11.577750408816529,0.5375931859016418,recursive_daily,xgboost_recent_weighted_daily
An Giang,2026-11-23,2026,11,23,12.120633826279507,0.5315833687782288,recursive_daily,xgboost_recent_weighted_daily
An Giang,2026-11-24,2026,11,24,11.96773496989633,0.5584102272987366,recursive_daily,xgboost_recent_weighted_daily
An Giang,2026-11-25,2026,11,25,11.460565306513166,0.5598035454750061,recursive_daily,xgboost_recent_weighted_daily
An Giang,2026-11-26,2026,11,26,11.149191996085477,0.6371584534645081,recursive_daily,xgboost_recent_weighted_daily
An Giang,2026-11-27,2026,11,27,10.471711556176317,0.3802608549594879,recursive_daily,xgboost_recent_weighted_daily
An Giang,2026-11-28,2026,11,28,10.203362570835699,0.4310688376426697,recursive_daily,xgboost_recent_weighted_daily
An Giang,2026-11-29,2026,11,29,9.741497788472122,0.5647649168968201,recursive_daily,xgboost_recent_weighted_daily
An Giang,2026-11-30,2026,11,30,9.521476201709438,0.46349069476127625,recursive_daily,xgboost_recent_weighted_daily
An Giang,2026-12-01,2026,12,1,10.522915060229398,0.4201603829860687,recursive_daily,xgboost_recent_weighted_daily
An Giang,2026-12-02,2026,12,2,10.746587827372451,0.43848153948783875,recursive_daily,xgboost_recent_weighted_daily
An Giang,2026-12-03,2026,12,3,10.58363019065194,0.3545595407485962,recursive_daily,xgboost_recent_weighted_daily
An Giang,2026-12-04,2026,12,4,0.0,0.2616852819919586,recursive_daily,xgboost_recent_weighted_daily
An Giang,2026-12-05,2026,12,5,6.499558639069271,0.3990005850791931,recursive_daily,xgboost_recent_weighted_daily
An Giang,2026-12-06,2026,12,6,6.932007324935196,0.6478980779647827,recursive_daily,xgboost_recent_weighted_daily
An Giang,2026-12-07,2026,12,7,7.249816427789183,0.7155380845069885,recursive_daily,xgboost_recent_weighted_daily
An Giang,2026-12-08,2026,12,8,7.094592316777401,0.5816968083381653,recursive_daily,xgboost_recent_weighted_daily
An Giang,2026-12-09,2026,12,9,7.121478577893555,0.6269696354866028,recursive_daily,xgboost_recent_weighted_daily
An Giang,2026-12-10,2026,12,10,6.655217425822403,0.6805850863456726,recursive_daily,xgboost_recent_weighted_daily
An Giang,2026-12-11,2026,12,11,7.038743249423953,0.8151599168777466,recursive_daily,xgboost_recent_weighted_daily
An Giang,2026-12-12,2026,12,12,6.937457731971878,0.5355029702186584,recursive_daily,xgboost_recent_weighted_daily
An Giang,2026-12-13,2026,12,13,7.397236460557772,0.4430656433105469,recursive_daily,xgboost_recent_weighted_daily
An Giang,2026-12-14,2026,12,14,9.335818824912844,0.6455764770507812,recursive_daily,xgboost_recent_weighted_daily
An Giang,2026-12-15,2026,12,15,7.559013190208244,0.4417150616645813,recursive_daily,xgboost_recent_weighted_daily
An Giang,2026-12-16,2026,12,16,8.141675580863682,0.4755573868751526,recursive_daily,xgboost_recent_weighted_daily
An Giang,2026-12-17,2026,12,17,7.266006954422973,0.39743760228157043,recursive_daily,xgboost_recent_weighted_daily
An Giang,2026-12-18,2026,12,18,6.926274986488913,0.48991599678993225,recursive_daily,xgboost_recent_weighted_daily
An Giang,2026-12-19,2026,12,19,0.0,0.33278682827949524,recursive_daily,xgboost_recent_weighted_daily
An Giang,2026-12-20,2026,12,20,0.0,0.15840640664100647,recursive_daily,xgboost_recent_weighted_daily
An Giang,2026-12-21,2026,12,21,0.0,0.17538627982139587,recursive_daily,xgboost_recent_weighted_daily
An Giang,2026-12-22,2026,12,22,0.0,0.1691499948501587,recursive_daily,xgboost_recent_weighted_daily
An Giang,2026-12-23,2026,12,23,0.0,0.1544727385044098,recursive_daily,xgboost_recent_weighted_daily
An Giang,2026-12-24,2026,12,24,0.0,0.15653982758522034,recursive_daily,xgboost_recent_weighted_daily
An Giang,2026-12-25,2026,12,25,0.0,0.09080047905445099,recursive_daily,xgboost_recent_weighted_daily
An Giang,2026-12-26,2026,12,26,0.0,0.0347948856651783,recursive_daily,xgboost_recent_weighted_daily
An Giang,2026-12-27,2026,12,27,0.0,0.027267539873719215,recursive_daily,xgboost_recent_weighted_daily
An Giang,2026-12-28,2026,12,28,0.0,0.02793915942311287,recursive_daily,xgboost_recent_weighted_daily
An Giang,2026-12-29,2026,12,29,0.0,0.03095007687807083,recursive_daily,xgboost_recent_weighted_daily
An Giang,2026-12-30,2026,12,30,0.0,0.03367653489112854,recursive_daily,xgboost_recent_weighted_daily
An Giang,2026-12-31,2026,12,31,0.0,0.06848479807376862,recursive_daily,xgboost_recent_weighted_daily
Bac Lieu,2026-01-01,2026,1,1,0.0,0.17961090803146362,recursive_daily,xgboost_recent_weighted_daily
Bac Lieu,2026-01-02,2026,1,2,0.0,0.0784873366355896,recursive_daily,xgboost_recent_weighted_daily
Bac Lieu,2026-01-03,2026,1,3,0.0,0.1205110177397728,recursive_daily,xgboost_recent_weighted_daily
Bac Lieu,2026-01-04,2026,1,4,0.0,0.06956885755062103,recursive_daily,xgboost_recent_weighted_daily
Bac Lieu,2026-01-05,2026,1,5,0.0,0.0640416070818901,recursive_daily,xgboost_recent_weighted_daily
Bac Lieu,2026-01-06,2026,1,6,0.0,0.10503462702035904,recursive_daily,xgboost_recent_weighted_daily
Bac Lieu,2026-01-07,2026,1,7,0.0,0.1253497451543808,recursive_daily,xgboost_recent_weighted_daily
Bac Lieu,2026-01-08,2026,1,8,0.0,0.044590771198272705,recursive_daily,xgboost_recent_weighted_daily
Bac Lieu,2026-01-09,2026,1,9,0.0,0.007274011615663767,recursive_daily,xgboost_recent_weighted_daily
Bac Lieu,2026-01-10,2026,1,10,0.0,0.01235215738415718,recursive_daily,xgboost_recent_weighted_daily
Bac Lieu,2026-01-11,2026,1,11,0.0,0.05231589823961258,recursive_daily,xgboost_recent_weighted_daily
Bac Lieu,2026-01-12,2026,1,12,0.0,0.033502332866191864,recursive_daily,xgboost_recent_weighted_daily
Bac Lieu,2026-01-13,2026,1,13,0.0,0.026123391464352608,recursive_daily,xgboost_recent_weighted_daily
Bac Lieu,2026-01-14,2026,1,14,0.0,0.014647403731942177,recursive_daily,xgboost_recent_weighted_daily
Bac Lieu,2026-01-15,2026,1,15,0.0,0.02630843222141266,recursive_daily,xgboost_recent_weighted_daily
Bac Lieu,2026-01-16,2026,1,16,0.0,0.024794379249215126,recursive_daily,xgboost_recent_weighted_daily
Bac Lieu,2026-01-17,2026,1,17,0.0,0.09020176529884338,recursive_daily,xgboost_recent_weighted_daily
Bac Lieu,2026-01-18,2026,1,18,0.0,0.08554508537054062,recursive_daily,xgboost_recent_weighted_daily
Bac Lieu,2026-01-19,2026,1,19,0.0,0.0884983167052269,recursive_daily,xgboost_recent_weighted_daily
Bac Lieu,2026-01-20,2026,1,20,0.0,0.11356545984745026,recursive_daily,xgboost_recent_weighted_daily
Bac Lieu,2026-01-21,2026,1,21,0.0,0.02651582472026348,recursive_daily,xgboost_recent_weighted_daily
Bac Lieu,2026-01-22,2026,1,22,0.0,0.10115359723567963,recursive_daily,xgboost_recent_weighted_daily
Bac Lieu,2026-01-23,2026,1,23,0.0,0.054548200219869614,recursive_daily,xgboost_recent_weighted_daily
Bac Lieu,2026-01-24,2026,1,24,0.0,0.10519886761903763,recursive_daily,xgboost_recent_weighted_daily
Bac Lieu,2026-01-25,2026,1,25,0.0,0.06020860746502876,recursive_daily,xgboost_recent_weighted_daily
Bac Lieu,2026-01-26,2026,1,26,0.0,0.09936090558767319,recursive_daily,xgboost_recent_weighted_daily
Bac Lieu,2026-01-27,2026,1,27,0.0,0.09585311263799667,recursive_daily,xgboost_recent_weighted_daily
Bac Lieu,2026-01-28,2026,1,28,0.0,0.09004199504852295,recursive_daily,xgboost_recent_weighted_daily
Bac Lieu,2026-01-29,2026,1,29,0.0,0.15329360961914062,recursive_daily,xgboost_recent_weighted_daily
Bac Lieu,2026-01-30,2026,1,30,0.0,0.09113998711109161,recursive_daily,xgboost_recent_weighted_daily
Bac Lieu,2026-01-31,2026,1,31,0.0,0.059345345944166183,recursive_daily,xgboost_recent_weighted_daily
Bac Lieu,2026-02-01,2026,2,1,0.0,0.06059284508228302,recursive_daily,xgboost_recent_weighted_daily
Bac Lieu,2026-02-02,2026,2,2,0.0,0.04985042288899422,recursive_daily,xgboost_recent_weighted_daily
Bac Lieu,2026-02-03,2026,2,3,0.0,0.043530888855457306,recursive_daily,xgboost_recent_weighted_daily
Bac Lieu,2026-02-04,2026,2,4,0.0,0.04517825320363045,recursive_daily,xgboost_recent_weighted_daily
Bac Lieu,2026-02-05,2026,2,5,0.0,0.05829591676592827,recursive_daily,xgboost_recent_weighted_daily
Bac Lieu,2026-02-06,2026,2,6,0.0,0.05557820573449135,recursive_daily,xgboost_recent_weighted_daily
Bac Lieu,2026-02-07,2026,2,7,0.0,0.0577596090734005,recursive_daily,xgboost_recent_weighted_daily
Bac Lieu,2026-02-08,2026,2,8,0.0,0.05390675738453865,recursive_daily,xgboost_recent_weighted_daily
Bac Lieu,2026-02-09,2026,2,9,0.0,0.0650004968047142,recursive_daily,xgboost_recent_weighted_daily
Bac Lieu,2026-02-10,2026,2,10,0.0,0.07697480916976929,recursive_daily,xgboost_recent_weighted_daily
Bac Lieu,2026-02-11,2026,2,11,0.0,0.05444236844778061,recursive_daily,xgboost_recent_weighted_daily
Bac Lieu,2026-02-12,2026,2,12,0.0,0.07536852359771729,recursive_daily,xgboost_recent_weighted_daily
Bac Lieu,2026-02-13,2026,2,13,0.0,0.13802342116832733,recursive_daily,xgboost_recent_weighted_daily
Bac Lieu,2026-02-14,2026,2,14,0.0,0.06533922255039215,recursive_daily,xgboost_recent_weighted_daily
Bac Lieu,2026-02-15,2026,2,15,0.0,0.06519009917974472,recursive_daily,xgboost_recent_weighted_daily
Bac Lieu,2026-02-16,2026,2,16,0.0,0.0790957659482956,recursive_daily,xgboost_recent_weighted_daily
Bac Lieu,2026-02-17,2026,2,17,0.0,0.07560180127620697,recursive_daily,xgboost_recent_weighted_daily
Bac Lieu,2026-02-18,2026,2,18,0.0,0.07401949167251587,recursive_daily,xgboost_recent_weighted_daily
Bac Lieu,2026-02-19,2026,2,19,0.0,0.07418549060821533,recursive_daily,xgboost_recent_weighted_daily
Bac Lieu,2026-02-20,2026,2,20,0.0,0.08379101753234863,recursive_daily,xgboost_recent_weighted_daily
Bac Lieu,2026-02-21,2026,2,21,0.0,0.08460657298564911,recursive_daily,xgboost_recent_weighted_daily
Bac Lieu,2026-02-22,2026,2,22,0.0,0.0949932113289833,recursive_daily,xgboost_recent_weighted_daily
Bac Lieu,2026-02-23,2026,2,23,0.0,0.09442588686943054,recursive_daily,xgboost_recent_weighted_daily
Bac Lieu,2026-02-24,2026,2,24,0.0,0.08843477815389633,recursive_daily,xgboost_recent_weighted_daily
Bac Lieu,2026-02-25,2026,2,25,0.0,0.1100197359919548,recursive_daily,xgboost_recent_weighted_daily
Bac Lieu,2026-02-26,2026,2,26,0.0,0.1585511714220047,recursive_daily,xgboost_recent_weighted_daily
Bac Lieu,2026-02-27,2026,2,27,0.0,0.08866088837385178,recursive_daily,xgboost_recent_weighted_daily
Bac Lieu,2026-02-28,2026,2,28,0.0,0.1422118842601776,recursive_daily,xgboost_recent_weighted_daily
Bac Lieu,2026-03-01,2026,3,1,0.0,0.17616811394691467,recursive_daily,xgboost_recent_weighted_daily
Bac Lieu,2026-03-02,2026,3,2,0.0,0.16271215677261353,recursive_daily,xgboost_recent_weighted_daily
Bac Lieu,2026-03-03,2026,3,3,0.0,0.09649673104286194,recursive_daily,xgboost_recent_weighted_daily
Bac Lieu,2026-03-04,2026,3,4,0.0,0.15925167500972748,recursive_daily,xgboost_recent_weighted_daily
Bac Lieu,2026-03-05,2026,3,5,0.0,0.15701158344745636,recursive_daily,xgboost_recent_weighted_daily
Bac Lieu,2026-03-06,2026,3,6,0.0,0.1576395183801651,recursive_daily,xgboost_recent_weighted_daily
Bac Lieu,2026-03-07,2026,3,7,0.0,0.1605057269334793,recursive_daily,xgboost_recent_weighted_daily
Bac Lieu,2026-03-08,2026,3,8,0.0,0.15810787677764893,recursive_daily,xgboost_recent_weighted_daily
Bac Lieu,2026-03-09,2026,3,9,0.0,0.15810787677764893,recursive_daily,xgboost_recent_weighted_daily
Bac Lieu,2026-03-10,2026,3,10,0.0,0.1163221001625061,recursive_daily,xgboost_recent_weighted_daily
Bac Lieu,2026-03-11,2026,3,11,0.0,0.11448641121387482,recursive_daily,xgboost_recent_weighted_daily
Bac Lieu,2026-03-12,2026,3,12,0.0,0.10411925613880157,recursive_daily,xgboost_recent_weighted_daily
Bac Lieu,2026-03-13,2026,3,13,0.0,0.1752103716135025,recursive_daily,xgboost_recent_weighted_daily
Bac Lieu,2026-03-14,2026,3,14,0.0,0.11377592384815216,recursive_daily,xgboost_recent_weighted_daily
Bac Lieu,2026-03-15,2026,3,15,0.0,0.1133861392736435,recursive_daily,xgboost_recent_weighted_daily
Bac Lieu,2026-03-16,2026,3,16,0.0,0.17581722140312195,recursive_daily,xgboost_recent_weighted_daily
Bac Lieu,2026-03-17,2026,3,17,0.0,0.20491579174995422,recursive_daily,xgboost_recent_weighted_daily
Bac Lieu,2026-03-18,2026,3,18,0.0,0.18634258210659027,recursive_daily,xgboost_recent_weighted_daily
Bac Lieu,2026-03-19,2026,3,19,0.0,0.1185932606458664,recursive_daily,xgboost_recent_weighted_daily
Bac Lieu,2026-03-20,2026,3,20,0.0,0.13780322670936584,recursive_daily,xgboost_recent_weighted_daily
Bac Lieu,2026-03-21,2026,3,21,0.0,0.16657403111457825,recursive_daily,xgboost_recent_weighted_daily
Bac Lieu,2026-03-22,2026,3,22,0.0,0.10715381801128387,recursive_daily,xgboost_recent_weighted_daily
Bac Lieu,2026-03-23,2026,3,23,0.0,0.11312015354633331,recursive_daily,xgboost_recent_weighted_daily
Bac Lieu,2026-03-24,2026,3,24,0.0,0.11470022052526474,recursive_daily,xgboost_recent_weighted_daily
Bac Lieu,2026-03-25,2026,3,25,0.0,0.12586785852909088,recursive_daily,xgboost_recent_weighted_daily
Bac Lieu,2026-03-26,2026,3,26,0.0,0.13326214253902435,recursive_daily,xgboost_recent_weighted_daily
Bac Lieu,2026-03-27,2026,3,27,0.0,0.1959151327610016,recursive_daily,xgboost_recent_weighted_daily
Bac Lieu,2026-03-28,2026,3,28,0.0,0.1959151327610016,recursive_daily,xgboost_recent_weighted_daily
Bac Lieu,2026-03-29,2026,3,29,0.0,0.1959151327610016,recursive_daily,xgboost_recent_weighted_daily
Bac Lieu,2026-03-30,2026,3,30,0.0,0.20046544075012207,recursive_daily,xgboost_recent_weighted_daily
Bac Lieu,2026-03-31,2026,3,31,0.0,0.21003173291683197,recursive_daily,xgboost_recent_weighted_daily
Bac Lieu,2026-04-01,2026,4,1,5.220958446054217,0.22549083828926086,recursive_daily,xgboost_recent_weighted_daily
Bac Lieu,2026-04-02,2026,4,2,4.628815403697139,0.8635706901550293,recursive_daily,xgboost_recent_weighted_daily
Bac Lieu,2026-04-03,2026,4,3,3.8921570453482577,0.7307817339897156,recursive_daily,xgboost_recent_weighted_daily
Bac Lieu,2026-04-04,2026,4,4,6.965647578059695,0.6569895148277283,recursive_daily,xgboost_recent_weighted_daily
Bac Lieu,2026-04-05,2026,4,5,10.458634218555499,0.6698065400123596,recursive_daily,xgboost_recent_weighted_daily
Bac Lieu,2026-04-06,2026,4,6,10.127455457288415,0.6442168354988098,recursive_daily,xgboost_recent_weighted_daily
Bac Lieu,2026-04-07,2026,4,7,11.834552130408238,0.6023007035255432,recursive_daily,xgboost_recent_weighted_daily
Bac Lieu,2026-04-08,2026,4,8,14.652217905514677,0.6072840094566345,recursive_daily,xgboost_recent_weighted_daily
Bac Lieu,2026-04-09,2026,4,9,14.656479776836836,0.767185628414154,recursive_daily,xgboost_recent_weighted_daily
Bac Lieu,2026-04-10,2026,4,10,16.183903577369698,0.7803070545196533,recursive_daily,xgboost_recent_weighted_daily
Bac Lieu,2026-04-11,2026,4,11,10.84538581165349,0.7975205183029175,recursive_daily,xgboost_recent_weighted_daily
Bac Lieu,2026-04-12,2026,4,12,11.29569219320714,0.7421717047691345,recursive_daily,xgboost_recent_weighted_daily
Bac Lieu,2026-04-13,2026,4,13,5.916187867466662,0.8297480940818787,recursive_daily,xgboost_recent_weighted_daily
Bac Lieu,2026-04-14,2026,4,14,6.025973072841758,0.6913116574287415,recursive_daily,xgboost_recent_weighted_daily
Bac Lieu,2026-04-15,2026,4,15,9.006530235209274,0.7392259836196899,recursive_daily,xgboost_recent_weighted_daily
Bac Lieu,2026-04-16,2026,4,16,10.175765873135784,0.7907798886299133,recursive_daily,xgboost_recent_weighted_daily
Bac Lieu,2026-04-17,2026,4,17,5.160917669419406,0.8257635831832886,recursive_daily,xgboost_recent_weighted_daily
Bac Lieu,2026-04-18,2026,4,18,5.596439833214016,0.7615284323692322,recursive_daily,xgboost_recent_weighted_daily
Bac Lieu,2026-04-19,2026,4,19,6.870024777664776,0.8227793574333191,recursive_daily,xgboost_recent_weighted_daily
Bac Lieu,2026-04-20,2026,4,20,6.823113483362663,0.8297023773193359,recursive_daily,xgboost_recent_weighted_daily
Bac Lieu,2026-04-21,2026,4,21,8.516637606318097,0.8604318499565125,recursive_daily,xgboost_recent_weighted_daily
Bac Lieu,2026-04-22,2026,4,22,8.353036564381611,0.8718375563621521,recursive_daily,xgboost_recent_weighted_daily
Bac Lieu,2026-04-23,2026,4,23,7.89729726081498,0.8876553177833557,recursive_daily,xgboost_recent_weighted_daily
Bac Lieu,2026-04-24,2026,4,24,10.000561561149489,0.8806695938110352,recursive_daily,xgboost_recent_weighted_daily
Bac Lieu,2026-04-25,2026,4,25,8.21602724949119,0.9032095074653625,recursive_daily,xgboost_recent_weighted_daily
Bac Lieu,2026-04-26,2026,4,26,6.459390705389013,0.8617441654205322,recursive_daily,xgboost_recent_weighted_daily
Bac Lieu,2026-04-27,2026,4,27,9.040624914926033,0.8846688866615295,recursive_daily,xgboost_recent_weighted_daily
Bac Lieu,2026-04-28,2026,4,28,8.551603432004816,0.8687011003494263,recursive_daily,xgboost_recent_weighted_daily
Bac Lieu,2026-04-29,2026,4,29,10.016301122882028,0.8404637575149536,recursive_daily,xgboost_recent_weighted_daily
Bac Lieu,2026-04-30,2026,4,30,11.222595059950995,0.8693891167640686,recursive_daily,xgboost_recent_weighted_daily
Bac Lieu,2026-05-01,2026,5,1,15.490210217255033,0.9388396143913269,recursive_daily,xgboost_recent_weighted_daily
Bac Lieu,2026-05-02,2026,5,2,18.062021273328252,0.9208045601844788,recursive_daily,xgboost_recent_weighted_daily
Bac Lieu,2026-05-03,2026,5,3,16.49932868148274,0.9703465700149536,recursive_daily,xgboost_recent_weighted_daily
Bac Lieu,2026-05-04,2026,5,4,12.883370055068218,0.9482628107070923,recursive_daily,xgboost_recent_weighted_daily
Bac Lieu,2026-05-05,2026,5,5,11.205129628272086,0.943390965461731,recursive_daily,xgboost_recent_weighted_daily
Bac Lieu,2026-05-06,2026,5,6,10.367469511591102,0.9508193135261536,recursive_daily,xgboost_recent_weighted_daily
Bac Lieu,2026-05-07,2026,5,7,11.320892562378678,0.9627613425254822,recursive_daily,xgboost_recent_weighted_daily
Bac Lieu,2026-05-08,2026,5,8,10.374186718062813,0.9619554877281189,recursive_daily,xgboost_recent_weighted_daily
Bac Lieu,2026-05-09,2026,5,9,9.914828852412532,0.9674876928329468,recursive_daily,xgboost_recent_weighted_daily
Bac Lieu,2026-05-10,2026,5,10,8.399040903819252,0.9656767845153809,recursive_daily,xgboost_recent_weighted_daily
Bac Lieu,2026-05-11,2026,5,11,10.590826655864133,0.9317159056663513,recursive_daily,xgboost_recent_weighted_daily
Bac Lieu,2026-05-12,2026,5,12,12.4115337824804,0.9499322772026062,recursive_daily,xgboost_recent_weighted_daily
Bac Lieu,2026-05-13,2026,5,13,9.621184633616602,0.9426149725914001,recursive_daily,xgboost_recent_weighted_daily
Bac Lieu,2026-05-14,2026,5,14,8.998238909846862,0.9570977091789246,recursive_daily,xgboost_recent_weighted_daily
Bac Lieu,2026-05-15,2026,5,15,9.683861232569047,0.9462919235229492,recursive_daily,xgboost_recent_weighted_daily
Bac Lieu,2026-05-16,2026,5,16,9.831757785866666,0.9533369541168213,recursive_daily,xgboost_recent_weighted_daily
Bac Lieu,2026-05-17,2026,5,17,8.354088389574791,0.9577168226242065,recursive_daily,xgboost_recent_weighted_daily
Bac Lieu,2026-05-18,2026,5,18,8.65447658656701,0.9311420917510986,recursive_daily,xgboost_recent_weighted_daily
Bac Lieu,2026-05-19,2026,5,19,9.852829846717691,0.9363028407096863,recursive_daily,xgboost_recent_weighted_daily
Bac Lieu,2026-05-20,2026,5,20,10.410935391465674,0.9537866711616516,recursive_daily,xgboost_recent_weighted_daily
Bac Lieu,2026-05-21,2026,5,21,11.698012334587023,0.949908971786499,recursive_daily,xgboost_recent_weighted_daily
Bac Lieu,2026-05-22,2026,5,22,15.782879088061653,0.9357980489730835,recursive_daily,xgboost_recent_weighted_daily
Bac Lieu,2026-05-23,2026,5,23,11.91756576132142,0.9675164818763733,recursive_daily,xgboost_recent_weighted_daily
Bac Lieu,2026-05-24,2026,5,24,9.259174122110977,0.970140814781189,recursive_daily,xgboost_recent_weighted_daily
Bac Lieu,2026-05-25,2026,5,25,10.464877446582904,0.9575509428977966,recursive_daily,xgboost_recent_weighted_daily
Bac Lieu,2026-05-26,2026,5,26,11.147615144163925,0.9602010250091553,recursive_daily,xgboost_recent_weighted_daily
Bac Lieu,2026-05-27,2026,5,27,11.076919804972286,0.9613571166992188,recursive_daily,xgboost_recent_weighted_daily
Bac Lieu,2026-05-28,2026,5,28,12.92356130755456,0.9369952082633972,recursive_daily,xgboost_recent_weighted_daily
Bac Lieu,2026-05-29,2026,5,29,12.538451732284011,0.9509504437446594,recursive_daily,xgboost_recent_weighted_daily
Bac Lieu,2026-05-30,2026,5,30,10.505726555090549,0.9587808847427368,recursive_daily,xgboost_recent_weighted_daily
Bac Lieu,2026-05-31,2026,5,31,9.98054674112118,0.9624441266059875,recursive_daily,xgboost_recent_weighted_daily
Bac Lieu,2026-06-01,2026,6,1,9.07476813899522,0.9666039943695068,recursive_daily,xgboost_recent_weighted_daily
Bac Lieu,2026-06-02,2026,6,2,7.2651868939823965,0.9431795477867126,recursive_daily,xgboost_recent_weighted_daily
Bac Lieu,2026-06-03,2026,6,3,12.751510980338647,0.9225477576255798,recursive_daily,xgboost_recent_weighted_daily
Bac Lieu,2026-06-04,2026,6,4,13.195679741798859,0.9509077072143555,recursive_daily,xgboost_recent_weighted_daily
Bac Lieu,2026-06-05,2026,6,5,11.488561940277362,0.9466858506202698,recursive_daily,xgboost_recent_weighted_daily
Bac Lieu,2026-06-06,2026,6,6,12.045697916778986,0.9162724614143372,recursive_daily,xgboost_recent_weighted_daily
Bac Lieu,2026-06-07,2026,6,7,10.901121827738148,0.9269677996635437,recursive_daily,xgboost_recent_weighted_daily
Bac Lieu,2026-06-08,2026,6,8,8.64691499827057,0.9587064981460571,recursive_daily,xgboost_recent_weighted_daily
Bac Lieu,2026-06-09,2026,6,9,7.431589861675448,0.9314566254615784,recursive_daily,xgboost_recent_weighted_daily
Bac Lieu,2026-06-10,2026,6,10,11.511859372373975,0.9346111416816711,recursive_daily,xgboost_recent_weighted_daily
Bac Lieu,2026-06-11,2026,6,11,12.632824415866446,0.9557712078094482,recursive_daily,xgboost_recent_weighted_daily
Bac Lieu,2026-06-12,2026,6,12,12.306485142356168,0.9589057564735413,recursive_daily,xgboost_recent_weighted_daily
Bac Lieu,2026-06-13,2026,6,13,13.033340769265402,0.9650804996490479,recursive_daily,xgboost_recent_weighted_daily
Bac Lieu,2026-06-14,2026,6,14,12.996583244137955,0.9701943397521973,recursive_daily,xgboost_recent_weighted_daily
Bac Lieu,2026-06-15,2026,6,15,10.655270898060495,0.9638992547988892,recursive_daily,xgboost_recent_weighted_daily
Bac Lieu,2026-06-16,2026,6,16,10.713400544461066,0.9648129940032959,recursive_daily,xgboost_recent_weighted_daily
Bac Lieu,2026-06-17,2026,6,17,14.080922840754964,0.9525219202041626,recursive_daily,xgboost_recent_weighted_daily
Bac Lieu,2026-06-18,2026,6,18,14.718520156223814,0.9381451606750488,recursive_daily,xgboost_recent_weighted_daily
Bac Lieu,2026-06-19,2026,6,19,13.530846328975652,0.9688376188278198,recursive_daily,xgboost_recent_weighted_daily
Bac Lieu,2026-06-20,2026,6,20,16.78875934794878,0.9570936560630798,recursive_daily,xgboost_recent_weighted_daily
Bac Lieu,2026-06-21,2026,6,21,14.709626397333249,0.9771539568901062,recursive_daily,xgboost_recent_weighted_daily
Bac Lieu,2026-06-22,2026,6,22,11.029427884236124,0.9713680148124695,recursive_daily,xgboost_recent_weighted_daily
Bac Lieu,2026-06-23,2026,6,23,11.433707435644196,0.9466506242752075,recursive_daily,xgboost_recent_weighted_daily
Bac Lieu,2026-06-24,2026,6,24,9.744578262107407,0.9641991853713989,recursive_daily,xgboost_recent_weighted_daily
Bac Lieu,2026-06-25,2026,6,25,9.522253257974535,0.9579706788063049,recursive_daily,xgboost_recent_weighted_daily
Bac Lieu,2026-06-26,2026,6,26,8.833101798530066,0.9497658014297485,recursive_daily,xgboost_recent_weighted_daily
Bac Lieu,2026-06-27,2026,6,27,8.020815004197635,0.9226692318916321,recursive_daily,xgboost_recent_weighted_daily
Bac Lieu,2026-06-28,2026,6,28,9.905600398286799,0.916210412979126,recursive_daily,xgboost_recent_weighted_daily
Bac Lieu,2026-06-29,2026,6,29,9.75986084329579,0.9364742636680603,recursive_daily,xgboost_recent_weighted_daily
Bac Lieu,2026-06-30,2026,6,30,8.073015983164884,0.9260270595550537,recursive_daily,xgboost_recent_weighted_daily
Bac Lieu,2026-07-01,2026,7,1,9.910358801551231,0.9626215696334839,recursive_daily,xgboost_recent_weighted_daily
Bac Lieu,2026-07-02,2026,7,2,9.349220319540263,0.9608807563781738,recursive_daily,xgboost_recent_weighted_daily
Bac Lieu,2026-07-03,2026,7,3,7.662392899943042,0.9554692506790161,recursive_daily,xgboost_recent_weighted_daily
Bac Lieu,2026-07-04,2026,7,4,7.9643962282946825,0.940879225730896,recursive_daily,xgboost_recent_weighted_daily
Bac Lieu,2026-07-05,2026,7,5,9.186198366257818,0.9239567518234253,recursive_daily,xgboost_recent_weighted_daily
Bac Lieu,2026-07-06,2026,7,6,10.037263473832224,0.9495271444320679,recursive_daily,xgboost_recent_weighted_daily
Bac Lieu,2026-07-07,2026,7,7,10.103867706745524,0.940144419670105,recursive_daily,xgboost_recent_weighted_daily
Bac Lieu,2026-07-08,2026,7,8,12.75913663837145,0.9469209313392639,recursive_daily,xgboost_recent_weighted_daily
Bac Lieu,2026-07-09,2026,7,9,15.016366541964706,0.9401615262031555,recursive_daily,xgboost_recent_weighted_daily
Bac Lieu,2026-07-10,2026,7,10,9.097429313119328,0.9672844409942627,recursive_daily,xgboost_recent_weighted_daily
Bac Lieu,2026-07-11,2026,7,11,7.233536614634542,0.9595596790313721,recursive_daily,xgboost_recent_weighted_daily
Bac Lieu,2026-07-12,2026,7,12,13.795361701196816,0.9613472819328308,recursive_daily,xgboost_recent_weighted_daily
Bac Lieu,2026-07-13,2026,7,13,17.142011715208824,0.9706498980522156,recursive_daily,xgboost_recent_weighted_daily
Bac Lieu,2026-07-14,2026,7,14,10.117810214643338,0.9742184281349182,recursive_daily,xgboost_recent_weighted_daily
Bac Lieu,2026-07-15,2026,7,15,10.723349068187733,0.9630844593048096,recursive_daily,xgboost_recent_weighted_daily
Bac Lieu,2026-07-16,2026,7,16,17.426940990488806,0.9605686664581299,recursive_daily,xgboost_recent_weighted_daily
Bac Lieu,2026-07-17,2026,7,17,16.056165920456277,0.9721722602844238,recursive_daily,xgboost_recent_weighted_daily
Bac Lieu,2026-07-18,2026,7,18,11.904318537821489,0.9753410816192627,recursive_daily,xgboost_recent_weighted_daily
Bac Lieu,2026-07-19,2026,7,19,12.683555626603868,0.9645693898200989,recursive_daily,xgboost_recent_weighted_daily
Bac Lieu,2026-07-20,2026,7,20,8.798527531232732,0.9672896862030029,recursive_daily,xgboost_recent_weighted_daily
Bac Lieu,2026-07-21,2026,7,21,4.988580771844528,0.9531272053718567,recursive_daily,xgboost_recent_weighted_daily
Bac Lieu,2026-07-22,2026,7,22,11.744257509486863,0.9141879677772522,recursive_daily,xgboost_recent_weighted_daily
Bac Lieu,2026-07-23,2026,7,23,17.645195194113313,0.9588020443916321,recursive_daily,xgboost_recent_weighted_daily
Bac Lieu,2026-07-24,2026,7,24,12.71086792055137,0.9706060290336609,recursive_daily,xgboost_recent_weighted_daily
Bac Lieu,2026-07-25,2026,7,25,12.719545337776959,0.9603070020675659,recursive_daily,xgboost_recent_weighted_daily
Bac Lieu,2026-07-26,2026,7,26,14.853332352470904,0.9564955830574036,recursive_daily,xgboost_recent_weighted_daily
Bac Lieu,2026-07-27,2026,7,27,15.86600238544909,0.9600920081138611,recursive_daily,xgboost_recent_weighted_daily
Bac Lieu,2026-07-28,2026,7,28,14.418494813210488,0.9651678800582886,recursive_daily,xgboost_recent_weighted_daily
Bac Lieu,2026-07-29,2026,7,29,10.564345410301328,0.9602333307266235,recursive_daily,xgboost_recent_weighted_daily
Bac Lieu,2026-07-30,2026,7,30,12.29415168190077,0.9650818109512329,recursive_daily,xgboost_recent_weighted_daily
Bac Lieu,2026-07-31,2026,7,31,8.767165523198276,0.9758495688438416,recursive_daily,xgboost_recent_weighted_daily
Bac Lieu,2026-08-01,2026,8,1,8.300449719020824,0.9636672735214233,recursive_daily,xgboost_recent_weighted_daily
Bac Lieu,2026-08-02,2026,8,2,9.677919584689782,0.9500382542610168,recursive_daily,xgboost_recent_weighted_daily
Bac Lieu,2026-08-03,2026,8,3,5.650851425664219,0.9571263194084167,recursive_daily,xgboost_recent_weighted_daily
Bac Lieu,2026-08-04,2026,8,4,9.246529622428268,0.8845449686050415,recursive_daily,xgboost_recent_weighted_daily
Bac Lieu,2026-08-05,2026,8,5,10.12449481906389,0.9477839469909668,recursive_daily,xgboost_recent_weighted_daily
Bac Lieu,2026-08-06,2026,8,6,9.30428735400112,0.9660821557044983,recursive_daily,xgboost_recent_weighted_daily
Bac Lieu,2026-08-07,2026,8,7,10.695056648951377,0.9462113976478577,recursive_daily,xgboost_recent_weighted_daily
Bac Lieu,2026-08-08,2026,8,8,12.453334872452606,0.96591717004776,recursive_daily,xgboost_recent_weighted_daily
Bac Lieu,2026-08-09,2026,8,9,10.679167877716417,0.9602451920509338,recursive_daily,xgboost_recent_weighted_daily
Bac Lieu,2026-08-10,2026,8,10,8.628605690504562,0.9629467725753784,recursive_daily,xgboost_recent_weighted_daily
Bac Lieu,2026-08-11,2026,8,11,8.215246292718758,0.9480616450309753,recursive_daily,xgboost_recent_weighted_daily
Bac Lieu,2026-08-12,2026,8,12,7.624886464216052,0.9415690302848816,recursive_daily,xgboost_recent_weighted_daily
Bac Lieu,2026-08-13,2026,8,13,9.980336467984412,0.9259239435195923,recursive_daily,xgboost_recent_weighted_daily
Bac Lieu,2026-08-14,2026,8,14,11.329420343542573,0.9421620965003967,recursive_daily,xgboost_recent_weighted_daily
Bac Lieu,2026-08-15,2026,8,15,14.385634106367707,0.9258090853691101,recursive_daily,xgboost_recent_weighted_daily
Bac Lieu,2026-08-16,2026,8,16,11.021376231758833,0.963312029838562,recursive_daily,xgboost_recent_weighted_daily
Bac Lieu,2026-08-17,2026,8,17,11.157515305986907,0.9516730904579163,recursive_daily,xgboost_recent_weighted_daily
Bac Lieu,2026-08-18,2026,8,18,10.530650253526632,0.9626175165176392,recursive_daily,xgboost_recent_weighted_daily
Bac Lieu,2026-08-19,2026,8,19,7.355330745597936,0.9400706887245178,recursive_daily,xgboost_recent_weighted_daily
Bac Lieu,2026-08-20,2026,8,20,8.3169935253729,0.9090347290039062,recursive_daily,xgboost_recent_weighted_daily
Bac Lieu,2026-08-21,2026,8,21,8.939898495298099,0.9466765522956848,recursive_daily,xgboost_recent_weighted_daily
Bac Lieu,2026-08-22,2026,8,22,9.202127655132935,0.9369233250617981,recursive_daily,xgboost_recent_weighted_daily
Bac Lieu,2026-08-23,2026,8,23,10.745444825874172,0.9296658039093018,recursive_daily,xgboost_recent_weighted_daily
Bac Lieu,2026-08-24,2026,8,24,12.211415623416674,0.9559212923049927,recursive_daily,xgboost_recent_weighted_daily
Bac Lieu,2026-08-25,2026,8,25,13.793976262819985,0.954978346824646,recursive_daily,xgboost_recent_weighted_daily
Bac Lieu,2026-08-26,2026,8,26,15.305187946622713,0.9738170504570007,recursive_daily,xgboost_recent_weighted_daily
Bac Lieu,2026-08-27,2026,8,27,13.054891117796299,0.976951539516449,recursive_daily,xgboost_recent_weighted_daily
Bac Lieu,2026-08-28,2026,8,28,14.00103571540455,0.9617091417312622,recursive_daily,xgboost_recent_weighted_daily
Bac Lieu,2026-08-29,2026,8,29,17.743461798651143,0.9516717791557312,recursive_daily,xgboost_recent_weighted_daily
Bac Lieu,2026-08-30,2026,8,30,11.936646366922929,0.9622783660888672,recursive_daily,xgboost_recent_weighted_daily
Bac Lieu,2026-08-31,2026,8,31,13.821892294167105,0.96201092004776,recursive_daily,xgboost_recent_weighted_daily
Bac Lieu,2026-09-01,2026,9,1,20.865880770025452,0.944744884967804,recursive_daily,xgboost_recent_weighted_daily
Bac Lieu,2026-09-02,2026,9,2,7.4153598791958375,0.9860420823097229,recursive_daily,xgboost_recent_weighted_daily
Bac Lieu,2026-09-03,2026,9,3,10.61929148678941,0.9565737843513489,recursive_daily,xgboost_recent_weighted_daily
Bac Lieu,2026-09-04,2026,9,4,14.57739633536023,0.9684494137763977,recursive_daily,xgboost_recent_weighted_daily
Bac Lieu,2026-09-05,2026,9,5,12.32606107132152,0.9711622595787048,recursive_daily,xgboost_recent_weighted_daily
Bac Lieu,2026-09-06,2026,9,6,10.341135202909513,0.9590893387794495,recursive_daily,xgboost_recent_weighted_daily
Bac Lieu,2026-09-07,2026,9,7,12.000096525864171,0.9599802494049072,recursive_daily,xgboost_recent_weighted_daily
Bac Lieu,2026-09-08,2026,9,8,12.92567356828509,0.9690788388252258,recursive_daily,xgboost_recent_weighted_daily
Bac Lieu,2026-09-09,2026,9,9,9.386980403520383,0.9763319492340088,recursive_daily,xgboost_recent_weighted_daily
Bac Lieu,2026-09-10,2026,9,10,6.085557933132716,0.9566180109977722,recursive_daily,xgboost_recent_weighted_daily
Bac Lieu,2026-09-11,2026,9,11,12.66690319510256,0.92951500415802,recursive_daily,xgboost_recent_weighted_daily
Bac Lieu,2026-09-12,2026,9,12,11.518895295603958,0.9719314575195312,recursive_daily,xgboost_recent_weighted_daily
Bac Lieu,2026-09-13,2026,9,13,9.453636763708113,0.9580932259559631,recursive_daily,xgboost_recent_weighted_daily
Bac Lieu,2026-09-14,2026,9,14,9.845879447790589,0.9523211121559143,recursive_daily,xgboost_recent_weighted_daily
Bac Lieu,2026-09-15,2026,9,15,10.713958517787011,0.967842698097229,recursive_daily,xgboost_recent_weighted_daily
Bac Lieu,2026-09-16,2026,9,16,11.253262971173143,0.9654302597045898,recursive_daily,xgboost_recent_weighted_daily
Bac Lieu,2026-09-17,2026,9,17,9.572434296634086,0.9505610466003418,recursive_daily,xgboost_recent_weighted_daily
Bac Lieu,2026-09-18,2026,9,18,11.851339020994578,0.9624863862991333,recursive_daily,xgboost_recent_weighted_daily
Bac Lieu,2026-09-19,2026,9,19,12.468747292801543,0.9554716348648071,recursive_daily,xgboost_recent_weighted_daily
Bac Lieu,2026-09-20,2026,9,20,8.241768782536848,0.9452598094940186,recursive_daily,xgboost_recent_weighted_daily
Bac Lieu,2026-09-21,2026,9,21,8.315105876704013,0.9218706488609314,recursive_daily,xgboost_recent_weighted_daily
Bac Lieu,2026-09-22,2026,9,22,9.842843081244526,0.899657666683197,recursive_daily,xgboost_recent_weighted_daily
Bac Lieu,2026-09-23,2026,9,23,7.288129980343983,0.9595423340797424,recursive_daily,xgboost_recent_weighted_daily
Bac Lieu,2026-09-24,2026,9,24,8.365848425869151,0.9408336281776428,recursive_daily,xgboost_recent_weighted_daily
Bac Lieu,2026-09-25,2026,9,25,10.934482531467205,0.9460305571556091,recursive_daily,xgboost_recent_weighted_daily
Bac Lieu,2026-09-26,2026,9,26,9.520195038776983,0.9641469717025757,recursive_daily,xgboost_recent_weighted_daily
Bac Lieu,2026-09-27,2026,9,27,11.316629875804173,0.9489737153053284,recursive_daily,xgboost_recent_weighted_daily
Bac Lieu,2026-09-28,2026,9,28,10.390303923669695,0.9568784832954407,recursive_daily,xgboost_recent_weighted_daily
Bac Lieu,2026-09-29,2026,9,29,12.327123580545042,0.9647638201713562,recursive_daily,xgboost_recent_weighted_daily
Bac Lieu,2026-09-30,2026,9,30,8.63966495037955,0.9716824889183044,recursive_daily,xgboost_recent_weighted_daily
Bac Lieu,2026-10-01,2026,10,1,12.038178902783164,0.9701041579246521,recursive_daily,xgboost_recent_weighted_daily
Bac Lieu,2026-10-02,2026,10,2,15.413328727768835,0.9751884341239929,recursive_daily,xgboost_recent_weighted_daily
Bac Lieu,2026-10-03,2026,10,3,11.27192655869545,0.9778147339820862,recursive_daily,xgboost_recent_weighted_daily
Bac Lieu,2026-10-04,2026,10,4,13.706096421915955,0.986404299736023,recursive_daily,xgboost_recent_weighted_daily
Bac Lieu,2026-10-05,2026,10,5,16.606244806611038,0.9860814809799194,recursive_daily,xgboost_recent_weighted_daily
Bac Lieu,2026-10-06,2026,10,6,11.423483157594683,0.9836200475692749,recursive_daily,xgboost_recent_weighted_daily
Bac Lieu,2026-10-07,2026,10,7,11.324260104430964,0.9865111112594604,recursive_daily,xgboost_recent_weighted_daily
Bac Lieu,2026-10-08,2026,10,8,17.844477050585382,0.9749061465263367,recursive_daily,xgboost_recent_weighted_daily
Bac Lieu,2026-10-09,2026,10,9,10.053777353209567,0.9810400009155273,recursive_daily,xgboost_recent_weighted_daily
Bac Lieu,2026-10-10,2026,10,10,9.318557184462204,0.958469033241272,recursive_daily,xgboost_recent_weighted_daily
Bac Lieu,2026-10-11,2026,10,11,12.095530499123877,0.9608335494995117,recursive_daily,xgboost_recent_weighted_daily
Bac Lieu,2026-10-12,2026,10,12,12.823874430985404,0.9669031500816345,recursive_daily,xgboost_recent_weighted_daily
Bac Lieu,2026-10-13,2026,10,13,10.3520987546044,0.9581621289253235,recursive_daily,xgboost_recent_weighted_daily
Bac Lieu,2026-10-14,2026,10,14,8.97852805849884,0.971563458442688,recursive_daily,xgboost_recent_weighted_daily
Bac Lieu,2026-10-15,2026,10,15,11.168709649373076,0.9444555640220642,recursive_daily,xgboost_recent_weighted_daily
Bac Lieu,2026-10-16,2026,10,16,12.095422251353552,0.9379726052284241,recursive_daily,xgboost_recent_weighted_daily
Bac Lieu,2026-10-17,2026,10,17,10.081966179283075,0.9590792655944824,recursive_daily,xgboost_recent_weighted_daily
Bac Lieu,2026-10-18,2026,10,18,13.538070771208476,0.9533657431602478,recursive_daily,xgboost_recent_weighted_daily
Bac Lieu,2026-10-19,2026,10,19,16.266020008034044,0.9742646813392639,recursive_daily,xgboost_recent_weighted_daily
Bac Lieu,2026-10-20,2026,10,20,12.875556153375552,0.9520754218101501,recursive_daily,xgboost_recent_weighted_daily
Bac Lieu,2026-10-21,2026,10,21,14.51612692949653,0.9613437652587891,recursive_daily,xgboost_recent_weighted_daily
Bac Lieu,2026-10-22,2026,10,22,15.977094578838965,0.9670929908752441,recursive_daily,xgboost_recent_weighted_daily
Bac Lieu,2026-10-23,2026,10,23,12.542024555606185,0.9590221643447876,recursive_daily,xgboost_recent_weighted_daily
Bac Lieu,2026-10-24,2026,10,24,14.20909437225992,0.9580115675926208,recursive_daily,xgboost_recent_weighted_daily
Bac Lieu,2026-10-25,2026,10,25,20.233095931619705,0.9127467274665833,recursive_daily,xgboost_recent_weighted_daily
Bac Lieu,2026-10-26,2026,10,26,10.739863830487575,0.9777894020080566,recursive_daily,xgboost_recent_weighted_daily
Bac Lieu,2026-10-27,2026,10,27,9.953176932545263,0.9523506164550781,recursive_daily,xgboost_recent_weighted_daily
Bac Lieu,2026-10-28,2026,10,28,14.424744822531158,0.9437518119812012,recursive_daily,xgboost_recent_weighted_daily
Bac Lieu,2026-10-29,2026,10,29,16.296686985471418,0.9596014022827148,recursive_daily,xgboost_recent_weighted_daily
Bac Lieu,2026-10-30,2026,10,30,7.494531951439668,0.9485126733779907,recursive_daily,xgboost_recent_weighted_daily
Bac Lieu,2026-10-31,2026,10,31,12.856085852050006,0.9298190474510193,recursive_daily,xgboost_recent_weighted_daily
Bac Lieu,2026-11-01,2026,11,1,21.422037852978892,0.9659621119499207,recursive_daily,xgboost_recent_weighted_daily
Bac Lieu,2026-11-02,2026,11,2,8.770632456680433,0.9678632020950317,recursive_daily,xgboost_recent_weighted_daily
Bac Lieu,2026-11-03,2026,11,3,11.625105138293138,0.936085045337677,recursive_daily,xgboost_recent_weighted_daily
Bac Lieu,2026-11-04,2026,11,4,19.453275625152784,0.9595302939414978,recursive_daily,xgboost_recent_weighted_daily
Bac Lieu,2026-11-05,2026,11,5,13.157161852366631,0.967207133769989,recursive_daily,xgboost_recent_weighted_daily
Bac Lieu,2026-11-06,2026,11,6,13.657132160720245,0.921941339969635,recursive_daily,xgboost_recent_weighted_daily
Bac Lieu,2026-11-07,2026,11,7,12.007097561116282,0.9547054171562195,recursive_daily,xgboost_recent_weighted_daily
Bac Lieu,2026-11-08,2026,11,8,10.2006302102982,0.9537020921707153,recursive_daily,xgboost_recent_weighted_daily
Bac Lieu,2026-11-09,2026,11,9,8.310571976659633,0.95020592212677,recursive_daily,xgboost_recent_weighted_daily
Bac Lieu,2026-11-10,2026,11,10,4.597226343366495,0.9091678261756897,recursive_daily,xgboost_recent_weighted_daily
Bac Lieu,2026-11-11,2026,11,11,10.627544597830035,0.7973524928092957,recursive_daily,xgboost_recent_weighted_daily
Bac Lieu,2026-11-12,2026,11,12,14.404154190651111,0.912411093711853,recursive_daily,xgboost_recent_weighted_daily
Bac Lieu,2026-11-13,2026,11,13,14.846289043668273,0.9124726057052612,recursive_daily,xgboost_recent_weighted_daily
Bac Lieu,2026-11-14,2026,11,14,14.127659661678983,0.890158474445343,recursive_daily,xgboost_recent_weighted_daily
Bac Lieu,2026-11-15,2026,11,15,12.579115624877282,0.9195299744606018,recursive_daily,xgboost_recent_weighted_daily
Bac Lieu,2026-11-16,2026,11,16,15.878215518656257,0.9089758396148682,recursive_daily,xgboost_recent_weighted_daily
Bac Lieu,2026-11-17,2026,11,17,13.814133329495842,0.9371814131736755,recursive_daily,xgboost_recent_weighted_daily
Bac Lieu,2026-11-18,2026,11,18,12.65293914018715,0.9363895058631897,recursive_daily,xgboost_recent_weighted_daily
Bac Lieu,2026-11-19,2026,11,19,17.67905593316051,0.9158855080604553,recursive_daily,xgboost_recent_weighted_daily
Bac Lieu,2026-11-20,2026,11,20,13.71660915672456,0.9427262544631958,recursive_daily,xgboost_recent_weighted_daily
Bac Lieu,2026-11-21,2026,11,21,13.785412632546803,0.8969012498855591,recursive_daily,xgboost_recent_weighted_daily
Bac Lieu,2026-11-22,2026,11,22,19.530041547302478,0.8316554427146912,recursive_daily,xgboost_recent_weighted_daily
Bac Lieu,2026-11-23,2026,11,23,8.698393037842214,0.9370405077934265,recursive_daily,xgboost_recent_weighted_daily
Bac Lieu,2026-11-24,2026,11,24,6.7717915103958,0.7924838066101074,recursive_daily,xgboost_recent_weighted_daily
Bac Lieu,2026-11-25,2026,11,25,13.32430684774998,0.8187960982322693,recursive_daily,xgboost_recent_weighted_daily
Bac Lieu,2026-11-26,2026,11,26,11.227465740445213,0.9175372123718262,recursive_daily,xgboost_recent_weighted_daily
Bac Lieu,2026-11-27,2026,11,27,8.281600279567584,0.9294111132621765,recursive_daily,xgboost_recent_weighted_daily
Bac Lieu,2026-11-28,2026,11,28,7.199872514899367,0.8631347417831421,recursive_daily,xgboost_recent_weighted_daily
Bac Lieu,2026-11-29,2026,11,29,11.905263579650796,0.7285631895065308,recursive_daily,xgboost_recent_weighted_daily
Bac Lieu,2026-11-30,2026,11,30,9.274902574782592,0.8940064907073975,recursive_daily,xgboost_recent_weighted_daily
Bac Lieu,2026-12-01,2026,12,1,6.8856054457265925,0.7202038764953613,recursive_daily,xgboost_recent_weighted_daily
Bac Lieu,2026-12-02,2026,12,2,7.37185246558264,0.7200736999511719,recursive_daily,xgboost_recent_weighted_daily
Bac Lieu,2026-12-03,2026,12,3,8.951635352969232,0.7657277584075928,recursive_daily,xgboost_recent_weighted_daily
Bac Lieu,2026-12-04,2026,12,4,10.123154065102561,0.5762308835983276,recursive_daily,xgboost_recent_weighted_daily
Bac Lieu,2026-12-05,2026,12,5,11.763852576210214,0.7946502566337585,recursive_daily,xgboost_recent_weighted_daily
Bac Lieu,2026-12-06,2026,12,6,12.228305185017524,0.7788369059562683,recursive_daily,xgboost_recent_weighted_daily
Bac Lieu,2026-12-07,2026,12,7,8.57552167776385,0.7644640207290649,recursive_daily,xgboost_recent_weighted_daily
Bac Lieu,2026-12-08,2026,12,8,7.803046632695864,0.7238214015960693,recursive_daily,xgboost_recent_weighted_daily
Bac Lieu,2026-12-09,2026,12,9,11.306989435690983,0.6585399508476257,recursive_daily,xgboost_recent_weighted_daily
Bac Lieu,2026-12-10,2026,12,10,10.858385310548913,0.7273721098899841,recursive_daily,xgboost_recent_weighted_daily
Bac Lieu,2026-12-11,2026,12,11,6.12834713066875,0.6216831803321838,recursive_daily,xgboost_recent_weighted_daily
Bac Lieu,2026-12-12,2026,12,12,10.305851986129813,0.7341630458831787,recursive_daily,xgboost_recent_weighted_daily
Bac Lieu,2026-12-13,2026,12,13,13.309794497179373,0.7349845767021179,recursive_daily,xgboost_recent_weighted_daily
Bac Lieu,2026-12-14,2026,12,14,12.106342727379856,0.7720106840133667,recursive_daily,xgboost_recent_weighted_daily
Bac Lieu,2026-12-15,2026,12,15,9.947493022726084,0.8436132073402405,recursive_daily,xgboost_recent_weighted_daily
Bac Lieu,2026-12-16,2026,12,16,8.814940361922337,0.8582659363746643,recursive_daily,xgboost_recent_weighted_daily
Bac Lieu,2026-12-17,2026,12,17,8.180192327965614,0.7414054274559021,recursive_daily,xgboost_recent_weighted_daily
Bac Lieu,2026-12-18,2026,12,18,7.473255592039238,0.6746201515197754,recursive_daily,xgboost_recent_weighted_daily
Bac Lieu,2026-12-19,2026,12,19,6.847530754295725,0.6567153930664062,recursive_daily,xgboost_recent_weighted_daily
Bac Lieu,2026-12-20,2026,12,20,8.45473700847005,0.6503164768218994,recursive_daily,xgboost_recent_weighted_daily
Bac Lieu,2026-12-21,2026,12,21,7.644987188002955,0.6254972219467163,recursive_daily,xgboost_recent_weighted_daily
Bac Lieu,2026-12-22,2026,12,22,9.289546830722262,0.6549047231674194,recursive_daily,xgboost_recent_weighted_daily
Bac Lieu,2026-12-23,2026,12,23,13.945697171944271,0.6731423139572144,recursive_daily,xgboost_recent_weighted_daily
Bac Lieu,2026-12-24,2026,12,24,10.980852648176965,0.700927197933197,recursive_daily,xgboost_recent_weighted_daily
Bac Lieu,2026-12-25,2026,12,25,13.62535812037729,0.808346152305603,recursive_daily,xgboost_recent_weighted_daily
Bac Lieu,2026-12-26,2026,12,26,13.837388258852611,0.8055890798568726,recursive_daily,xgboost_recent_weighted_daily
Bac Lieu,2026-12-27,2026,12,27,10.300661447449478,0.8460792303085327,recursive_daily,xgboost_recent_weighted_daily
Bac Lieu,2026-12-28,2026,12,28,10.480864940570132,0.7315638065338135,recursive_daily,xgboost_recent_weighted_daily
Bac Lieu,2026-12-29,2026,12,29,12.577503972141004,0.8448376059532166,recursive_daily,xgboost_recent_weighted_daily
Bac Lieu,2026-12-30,2026,12,30,8.941116937029708,0.7789023518562317,recursive_daily,xgboost_recent_weighted_daily
Bac Lieu,2026-12-31,2026,12,31,7.295390372008411,0.6521620750427246,recursive_daily,xgboost_recent_weighted_daily
Ben Tre,2026-01-01,2026,1,1,0.0,0.08148754388093948,recursive_daily,xgboost_recent_weighted_daily
Ben Tre,2026-01-02,2026,1,2,0.0,0.06148573383688927,recursive_daily,xgboost_recent_weighted_daily
Ben Tre,2026-01-03,2026,1,3,0.0,0.06936682015657425,recursive_daily,xgboost_recent_weighted_daily
Ben Tre,2026-01-04,2026,1,4,0.0,0.03323676437139511,recursive_daily,xgboost_recent_weighted_daily
Ben Tre,2026-01-05,2026,1,5,0.0,0.029840867966413498,recursive_daily,xgboost_recent_weighted_daily
Ben Tre,2026-01-06,2026,1,6,0.0,0.06374850869178772,recursive_daily,xgboost_recent_weighted_daily
Ben Tre,2026-01-07,2026,1,7,0.0,0.048200707882642746,recursive_daily,xgboost_recent_weighted_daily
Ben Tre,2026-01-08,2026,1,8,0.0,0.10474994033575058,recursive_daily,xgboost_recent_weighted_daily
Ben Tre,2026-01-09,2026,1,9,0.0,0.06360941380262375,recursive_daily,xgboost_recent_weighted_daily
Ben Tre,2026-01-10,2026,1,10,0.0,0.04476116970181465,recursive_daily,xgboost_recent_weighted_daily
Ben Tre,2026-01-11,2026,1,11,0.0,0.0065826368518173695,recursive_daily,xgboost_recent_weighted_daily
Ben Tre,2026-01-12,2026,1,12,0.0,0.009791279211640358,recursive_daily,xgboost_recent_weighted_daily
Ben Tre,2026-01-13,2026,1,13,0.0,0.01102386973798275,recursive_daily,xgboost_recent_weighted_daily
Ben Tre,2026-01-14,2026,1,14,0.0,0.007372749503701925,recursive_daily,xgboost_recent_weighted_daily
Ben Tre,2026-01-15,2026,1,15,0.0,0.01210101880133152,recursive_daily,xgboost_recent_weighted_daily
Ben Tre,2026-01-16,2026,1,16,0.0,0.009198103100061417,recursive_daily,xgboost_recent_weighted_daily
Ben Tre,2026-01-17,2026,1,17,0.0,0.013047725893557072,recursive_daily,xgboost_recent_weighted_daily
Ben Tre,2026-01-18,2026,1,18,0.0,0.00877403561025858,recursive_daily,xgboost_recent_weighted_daily
Ben Tre,2026-01-19,2026,1,19,0.0,0.005617508199065924,recursive_daily,xgboost_recent_weighted_daily
Ben Tre,2026-01-20,2026,1,20,0.0,0.007759045343846083,recursive_daily,xgboost_recent_weighted_daily
Ben Tre,2026-01-21,2026,1,21,0.0,0.004955577198415995,recursive_daily,xgboost_recent_weighted_daily
Ben Tre,2026-01-22,2026,1,22,0.0,0.003259848803281784,recursive_daily,xgboost_recent_weighted_daily
Ben Tre,2026-01-23,2026,1,23,0.0,0.006280059460550547,recursive_daily,xgboost_recent_weighted_daily
Ben Tre,2026-01-24,2026,1,24,0.0,0.002667470835149288,recursive_daily,xgboost_recent_weighted_daily
Ben Tre,2026-01-25,2026,1,25,0.0,0.003947389777749777,recursive_daily,xgboost_recent_weighted_daily
Ben Tre,2026-01-26,2026,1,26,0.0,0.009474191814661026,recursive_daily,xgboost_recent_weighted_daily
Ben Tre,2026-01-27,2026,1,27,0.0,0.00972713902592659,recursive_daily,xgboost_recent_weighted_daily
Ben Tre,2026-01-28,2026,1,28,0.0,0.00921257771551609,recursive_daily,xgboost_recent_weighted_daily
Ben Tre,2026-01-29,2026,1,29,0.0,0.012737384997308254,recursive_daily,xgboost_recent_weighted_daily
Ben Tre,2026-01-30,2026,1,30,0.0,0.004032776691019535,recursive_daily,xgboost_recent_weighted_daily
Ben Tre,2026-01-31,2026,1,31,0.0,0.004261699505150318,recursive_daily,xgboost_recent_weighted_daily
Ben Tre,2026-02-01,2026,2,1,0.0,0.005469038616865873,recursive_daily,xgboost_recent_weighted_daily
Ben Tre,2026-02-02,2026,2,2,0.0,0.006527095567435026,recursive_daily,xgboost_recent_weighted_daily
Ben Tre,2026-02-03,2026,2,3,0.0,0.004827670753002167,recursive_daily,xgboost_recent_weighted_daily
Ben Tre,2026-02-04,2026,2,4,0.0,0.007481557782739401,recursive_daily,xgboost_recent_weighted_daily
Ben Tre,2026-02-05,2026,2,5,0.0,0.003844291204586625,recursive_daily,xgboost_recent_weighted_daily
Ben Tre,2026-02-06,2026,2,6,0.0,0.006600755732506514,recursive_daily,xgboost_recent_weighted_daily
Ben Tre,2026-02-07,2026,2,7,0.0,0.011740013025701046,recursive_daily,xgboost_recent_weighted_daily
Ben Tre,2026-02-08,2026,2,8,0.0,0.011107730679214,recursive_daily,xgboost_recent_weighted_daily
Ben Tre,2026-02-09,2026,2,9,0.0,0.015692943707108498,recursive_daily,xgboost_recent_weighted_daily
Ben Tre,2026-02-10,2026,2,10,0.0,0.015759393572807312,recursive_daily,xgboost_recent_weighted_daily
Ben Tre,2026-02-11,2026,2,11,0.0,0.011355695314705372,recursive_daily,xgboost_recent_weighted_daily
Ben Tre,2026-02-12,2026,2,12,0.0,0.019031573086977005,recursive_daily,xgboost_recent_weighted_daily
Ben Tre,2026-02-13,2026,2,13,0.0,0.014479860663414001,recursive_daily,xgboost_recent_weighted_daily
Ben Tre,2026-02-14,2026,2,14,0.0,0.008742726407945156,recursive_daily,xgboost_recent_weighted_daily
Ben Tre,2026-02-15,2026,2,15,0.0,0.005923843011260033,recursive_daily,xgboost_recent_weighted_daily
Ben Tre,2026-02-16,2026,2,16,0.0,0.015819407999515533,recursive_daily,xgboost_recent_weighted_daily
Ben Tre,2026-02-17,2026,2,17,0.0,0.013671108521521091,recursive_daily,xgboost_recent_weighted_daily
Ben Tre,2026-02-18,2026,2,18,0.0,0.007714053615927696,recursive_daily,xgboost_recent_weighted_daily
Ben Tre,2026-02-19,2026,2,19,0.0,0.008450872264802456,recursive_daily,xgboost_recent_weighted_daily
Ben Tre,2026-02-20,2026,2,20,0.0,0.01150627713650465,recursive_daily,xgboost_recent_weighted_daily
Ben Tre,2026-02-21,2026,2,21,0.0,0.007084467448294163,recursive_daily,xgboost_recent_weighted_daily
Ben Tre,2026-02-22,2026,2,22,0.0,0.010532171465456486,recursive_daily,xgboost_recent_weighted_daily
Ben Tre,2026-02-23,2026,2,23,0.0,0.007886449806392193,recursive_daily,xgboost_recent_weighted_daily
Ben Tre,2026-02-24,2026,2,24,0.0,0.004910850897431374,recursive_daily,xgboost_recent_weighted_daily
Ben Tre,2026-02-25,2026,2,25,0.0,0.00447442289441824,recursive_daily,xgboost_recent_weighted_daily
Ben Tre,2026-02-26,2026,2,26,0.0,0.008472363464534283,recursive_daily,xgboost_recent_weighted_daily
Ben Tre,2026-02-27,2026,2,27,0.0,0.006440610624849796,recursive_daily,xgboost_recent_weighted_daily
Ben Tre,2026-02-28,2026,2,28,0.0,0.00896111037582159,recursive_daily,xgboost_recent_weighted_daily
Ben Tre,2026-03-01,2026,3,1,0.0,0.005896018818020821,recursive_daily,xgboost_recent_weighted_daily
Ben Tre,2026-03-02,2026,3,2,0.0,0.003511346410959959,recursive_daily,xgboost_recent_weighted_daily
Ben Tre,2026-03-03,2026,3,3,0.0,0.003511346410959959,recursive_daily,xgboost_recent_weighted_daily
Ben Tre,2026-03-04,2026,3,4,0.0,0.003790679620578885,recursive_daily,xgboost_recent_weighted_daily
Ben Tre,2026-03-05,2026,3,5,0.0,0.005025489721447229,recursive_daily,xgboost_recent_weighted_daily
Ben Tre,2026-03-06,2026,3,6,0.0,0.004846449010074139,recursive_daily,xgboost_recent_weighted_daily
Ben Tre,2026-03-07,2026,3,7,0.0,0.004493063781410456,recursive_daily,xgboost_recent_weighted_daily
Ben Tre,2026-03-08,2026,3,8,0.0,0.003476748475804925,recursive_daily,xgboost_recent_weighted_daily
Ben Tre,2026-03-09,2026,3,9,0.0,0.005287304520606995,recursive_daily,xgboost_recent_weighted_daily
Ben Tre,2026-03-10,2026,3,10,0.0,0.003592264372855425,recursive_daily,xgboost_recent_weighted_daily
Ben Tre,2026-03-11,2026,3,11,0.0,0.0038710306398570538,recursive_daily,xgboost_recent_weighted_daily
Ben Tre,2026-03-12,2026,3,12,0.0,0.003768002847209573,recursive_daily,xgboost_recent_weighted_daily
Ben Tre,2026-03-13,2026,3,13,0.0,0.003902914933860302,recursive_daily,xgboost_recent_weighted_daily
Ben Tre,2026-03-14,2026,3,14,0.0,0.005102559924125671,recursive_daily,xgboost_recent_weighted_daily
Ben Tre,2026-03-15,2026,3,15,0.0,0.009109094738960266,recursive_daily,xgboost_recent_weighted_daily
Ben Tre,2026-03-16,2026,3,16,0.0,0.00599994882941246,recursive_daily,xgboost_recent_weighted_daily
Ben Tre,2026-03-17,2026,3,17,0.0,0.008508547209203243,recursive_daily,xgboost_recent_weighted_daily
Ben Tre,2026-03-18,2026,3,18,0.0,0.006115890573710203,recursive_daily,xgboost_recent_weighted_daily
Ben Tre,2026-03-19,2026,3,19,0.0,0.006172390189021826,recursive_daily,xgboost_recent_weighted_daily
Ben Tre,2026-03-20,2026,3,20,0.0,0.02178427018225193,recursive_daily,xgboost_recent_weighted_daily
Ben Tre,2026-03-21,2026,3,21,0.0,0.023778999224305153,recursive_daily,xgboost_recent_weighted_daily
Ben Tre,2026-03-22,2026,3,22,0.0,0.018240081146359444,recursive_daily,xgboost_recent_weighted_daily
Ben Tre,2026-03-23,2026,3,23,0.0,0.02420746348798275,recursive_daily,xgboost_recent_weighted_daily
Ben Tre,2026-03-24,2026,3,24,0.0,0.027352958917617798,recursive_daily,xgboost_recent_weighted_daily
Ben Tre,2026-03-25,2026,3,25,0.0,0.018648512661457062,recursive_daily,xgboost_recent_weighted_daily
Ben Tre,2026-03-26,2026,3,26,0.0,0.018632836639881134,recursive_daily,xgboost_recent_weighted_daily
Ben Tre,2026-03-27,2026,3,27,0.0,0.0264651607722044,recursive_daily,xgboost_recent_weighted_daily
Ben Tre,2026-03-28,2026,3,28,0.0,0.02639881893992424,recursive_daily,xgboost_recent_weighted_daily
Ben Tre,2026-03-29,2026,3,29,0.0,0.01806885376572609,recursive_daily,xgboost_recent_weighted_daily
Ben Tre,2026-03-30,2026,3,30,0.0,0.025355657562613487,recursive_daily,xgboost_recent_weighted_daily
Ben Tre,2026-03-31,2026,3,31,0.0,0.07844773679971695,recursive_daily,xgboost_recent_weighted_daily
Ben Tre,2026-04-01,2026,4,1,0.0,0.060689445585012436,recursive_daily,xgboost_recent_weighted_daily
Ben Tre,2026-04-02,2026,4,2,0.0,0.08130725473165512,recursive_daily,xgboost_recent_weighted_daily
Ben Tre,2026-04-03,2026,4,3,0.0,0.036748409271240234,recursive_daily,xgboost_recent_weighted_daily
Ben Tre,2026-04-04,2026,4,4,0.0,0.03362682834267616,recursive_daily,xgboost_recent_weighted_daily
Ben Tre,2026-04-05,2026,4,5,0.0,0.03362682834267616,recursive_daily,xgboost_recent_weighted_daily
Ben Tre,2026-04-06,2026,4,6,0.0,0.0372195690870285,recursive_daily,xgboost_recent_weighted_daily
Ben Tre,2026-04-07,2026,4,7,0.0,0.044566936790943146,recursive_daily,xgboost_recent_weighted_daily
Ben Tre,2026-04-08,2026,4,8,0.0,0.061760108917951584,recursive_daily,xgboost_recent_weighted_daily
Ben Tre,2026-04-09,2026,4,9,0.0,0.0463581345975399,recursive_daily,xgboost_recent_weighted_daily
Ben Tre,2026-04-10,2026,4,10,0.0,0.07392772287130356,recursive_daily,xgboost_recent_weighted_daily
Ben Tre,2026-04-11,2026,4,11,0.0,0.05194644629955292,recursive_daily,xgboost_recent_weighted_daily
Ben Tre,2026-04-12,2026,4,12,0.0,0.10997506976127625,recursive_daily,xgboost_recent_weighted_daily
Ben Tre,2026-04-13,2026,4,13,0.0,0.15484166145324707,recursive_daily,xgboost_recent_weighted_daily
Ben Tre,2026-04-14,2026,4,14,0.0,0.17685294151306152,recursive_daily,xgboost_recent_weighted_daily
Ben Tre,2026-04-15,2026,4,15,0.0,0.1807011365890503,recursive_daily,xgboost_recent_weighted_daily
Ben Tre,2026-04-16,2026,4,16,0.0,0.16421280801296234,recursive_daily,xgboost_recent_weighted_daily
Ben Tre,2026-04-17,2026,4,17,0.0,0.20082403719425201,recursive_daily,xgboost_recent_weighted_daily
Ben Tre,2026-04-18,2026,4,18,0.0,0.1733417510986328,recursive_daily,xgboost_recent_weighted_daily
Ben Tre,2026-04-19,2026,4,19,0.0,0.13040533661842346,recursive_daily,xgboost_recent_weighted_daily
Ben Tre,2026-04-20,2026,4,20,0.0,0.1262715607881546,recursive_daily,xgboost_recent_weighted_daily
Ben Tre,2026-04-21,2026,4,21,0.0,0.12028176337480545,recursive_daily,xgboost_recent_weighted_daily
Ben Tre,2026-04-22,2026,4,22,0.0,0.1513431817293167,recursive_daily,xgboost_recent_weighted_daily
Ben Tre,2026-04-23,2026,4,23,0.0,0.14090923964977264,recursive_daily,xgboost_recent_weighted_daily
Ben Tre,2026-04-24,2026,4,24,0.0,0.1305227428674698,recursive_daily,xgboost_recent_weighted_daily
Ben Tre,2026-04-25,2026,4,25,0.0,0.10614447295665741,recursive_daily,xgboost_recent_weighted_daily
Ben Tre,2026-04-26,2026,4,26,0.0,0.13278304040431976,recursive_daily,xgboost_recent_weighted_daily
Ben Tre,2026-04-27,2026,4,27,0.0,0.11844181269407272,recursive_daily,xgboost_recent_weighted_daily
Ben Tre,2026-04-28,2026,4,28,0.0,0.095281682908535,recursive_daily,xgboost_recent_weighted_daily
Ben Tre,2026-04-29,2026,4,29,0.0,0.12523798644542694,recursive_daily,xgboost_recent_weighted_daily
Ben Tre,2026-04-30,2026,4,30,0.0,0.095281682908535,recursive_daily,xgboost_recent_weighted_daily
Ben Tre,2026-05-01,2026,5,1,4.438065665473651,0.22575700283050537,recursive_daily,xgboost_recent_weighted_daily
Ben Tre,2026-05-02,2026,5,2,5.375885951409382,0.7408407330513,recursive_daily,xgboost_recent_weighted_daily
Ben Tre,2026-05-03,2026,5,3,6.586697298210088,0.5296853184700012,recursive_daily,xgboost_recent_weighted_daily
Ben Tre,2026-05-04,2026,5,4,6.777290952355164,0.7042101621627808,recursive_daily,xgboost_recent_weighted_daily
Ben Tre,2026-05-05,2026,5,5,6.687805064006708,0.8987051248550415,recursive_daily,xgboost_recent_weighted_daily
Ben Tre,2026-05-06,2026,5,6,6.194650658413113,0.8367146253585815,recursive_daily,xgboost_recent_weighted_daily
Ben Tre,2026-05-07,2026,5,7,9.235674363763149,0.849150538444519,recursive_daily,xgboost_recent_weighted_daily
Ben Tre,2026-05-08,2026,5,8,8.951387169020341,0.7404547333717346,recursive_daily,xgboost_recent_weighted_daily
Ben Tre,2026-05-09,2026,5,9,9.723847249364974,0.8664669394493103,recursive_daily,xgboost_recent_weighted_daily
Ben Tre,2026-05-10,2026,5,10,11.25268026519422,0.625971794128418,recursive_daily,xgboost_recent_weighted_daily
Ben Tre,2026-05-11,2026,5,11,8.396962649910774,0.6326597929000854,recursive_daily,xgboost_recent_weighted_daily
Ben Tre,2026-05-12,2026,5,12,7.930242860049434,0.5501129031181335,recursive_daily,xgboost_recent_weighted_daily
Ben Tre,2026-05-13,2026,5,13,13.0903279009091,0.7892010807991028,recursive_daily,xgboost_recent_weighted_daily
Ben Tre,2026-05-14,2026,5,14,16.03663712251547,0.8279757499694824,recursive_daily,xgboost_recent_weighted_daily
Ben Tre,2026-05-15,2026,5,15,9.551704341904136,0.7573553919792175,recursive_daily,xgboost_recent_weighted_daily
Ben Tre,2026-05-16,2026,5,16,12.064943033120922,0.7680283188819885,recursive_daily,xgboost_recent_weighted_daily
Ben Tre,2026-05-17,2026,5,17,12.019545602351082,0.7523654699325562,recursive_daily,xgboost_recent_weighted_daily
Ben Tre,2026-05-18,2026,5,18,12.137063017603994,0.7972419857978821,recursive_daily,xgboost_recent_weighted_daily
Ben Tre,2026-05-19,2026,5,19,11.237287189446665,0.7527354955673218,recursive_daily,xgboost_recent_weighted_daily
Ben Tre,2026-05-20,2026,5,20,11.90095284071278,0.7446774840354919,recursive_daily,xgboost_recent_weighted_daily
Ben Tre,2026-05-21,2026,5,21,10.78404703361312,0.7198951244354248,recursive_daily,xgboost_recent_weighted_daily
Ben Tre,2026-05-22,2026,5,22,9.38964883528464,0.8235737085342407,recursive_daily,xgboost_recent_weighted_daily
Ben Tre,2026-05-23,2026,5,23,10.470486488885827,0.6066154837608337,recursive_daily,xgboost_recent_weighted_daily
Ben Tre,2026-05-24,2026,5,24,12.21299879717829,0.6925970911979675,recursive_daily,xgboost_recent_weighted_daily
Ben Tre,2026-05-25,2026,5,25,9.72469643757104,0.6958025693893433,recursive_daily,xgboost_recent_weighted_daily
Ben Tre,2026-05-26,2026,5,26,11.027079887851349,0.7623265385627747,recursive_daily,xgboost_recent_weighted_daily
Ben Tre,2026-05-27,2026,5,27,13.094358656006843,0.7565798759460449,recursive_daily,xgboost_recent_weighted_daily
Ben Tre,2026-05-28,2026,5,28,10.166542096165342,0.7501136660575867,recursive_daily,xgboost_recent_weighted_daily
Ben Tre,2026-05-29,2026,5,29,11.914366143332222,0.6750506162643433,recursive_daily,xgboost_recent_weighted_daily
Ben Tre,2026-05-30,2026,5,30,11.967826468899274,0.8327048420906067,recursive_daily,xgboost_recent_weighted_daily
Ben Tre,2026-05-31,2026,5,31,8.891322979226263,0.8948779106140137,recursive_daily,xgboost_recent_weighted_daily
Ben Tre,2026-06-01,2026,6,1,8.59629096593915,0.871331512928009,recursive_daily,xgboost_recent_weighted_daily
Ben Tre,2026-06-02,2026,6,2,9.543071673280343,0.822062611579895,recursive_daily,xgboost_recent_weighted_daily
Ben Tre,2026-06-03,2026,6,3,10.231105337007405,0.7640127539634705,recursive_daily,xgboost_recent_weighted_daily
Ben Tre,2026-06-04,2026,6,4,8.095200890918685,0.8413305282592773,recursive_daily,xgboost_recent_weighted_daily
Ben Tre,2026-06-05,2026,6,5,8.577414596472819,0.9014246463775635,recursive_daily,xgboost_recent_weighted_daily
Ben Tre,2026-06-06,2026,6,6,10.918728048861876,0.7586277723312378,recursive_daily,xgboost_recent_weighted_daily
Ben Tre,2026-06-07,2026,6,7,11.513359967975612,0.8614615201950073,recursive_daily,xgboost_recent_weighted_daily
Ben Tre,2026-06-08,2026,6,8,9.211717150425594,0.8421107530593872,recursive_daily,xgboost_recent_weighted_daily
Ben Tre,2026-06-09,2026,6,9,8.936832703021595,0.7563458681106567,recursive_daily,xgboost_recent_weighted_daily
Ben Tre,2026-06-10,2026,6,10,9.758032047464981,0.8322152495384216,recursive_daily,xgboost_recent_weighted_daily
Ben Tre,2026-06-11,2026,6,11,8.869719989198845,0.8137290477752686,recursive_daily,xgboost_recent_weighted_daily
Ben Tre,2026-06-12,2026,6,12,8.422752315819062,0.7144376039505005,recursive_daily,xgboost_recent_weighted_daily
Ben Tre,2026-06-13,2026,6,13,9.805998038031927,0.7560466527938843,recursive_daily,xgboost_recent_weighted_daily
Ben Tre,2026-06-14,2026,6,14,11.622679875593176,0.6613492369651794,recursive_daily,xgboost_recent_weighted_daily
Ben Tre,2026-06-15,2026,6,15,11.206087596384684,0.7377697229385376,recursive_daily,xgboost_recent_weighted_daily
Ben Tre,2026-06-16,2026,6,16,9.836001819746578,0.8024203777313232,recursive_daily,xgboost_recent_weighted_daily
Ben Tre,2026-06-17,2026,6,17,11.284527336272888,0.7995219826698303,recursive_daily,xgboost_recent_weighted_daily
Ben Tre,2026-06-18,2026,6,18,11.449179849812614,0.7743768095970154,recursive_daily,xgboost_recent_weighted_daily
Ben Tre,2026-06-19,2026,6,19,10.828427701611412,0.8247976899147034,recursive_daily,xgboost_recent_weighted_daily
Ben Tre,2026-06-20,2026,6,20,13.263598678851093,0.7401493787765503,recursive_daily,xgboost_recent_weighted_daily
Ben Tre,2026-06-21,2026,6,21,8.7774185108504,0.8210324645042419,recursive_daily,xgboost_recent_weighted_daily
Ben Tre,2026-06-22,2026,6,22,8.92764231319448,0.8553393483161926,recursive_daily,xgboost_recent_weighted_daily
Ben Tre,2026-06-23,2026,6,23,9.563949170282836,0.7708631753921509,recursive_daily,xgboost_recent_weighted_daily
Ben Tre,2026-06-24,2026,6,24,10.714492886408305,0.6566787958145142,recursive_daily,xgboost_recent_weighted_daily
Ben Tre,2026-06-25,2026,6,25,10.507606758622954,0.714005172252655,recursive_daily,xgboost_recent_weighted_daily
Ben Tre,2026-06-26,2026,6,26,10.185880462300283,0.7925938963890076,recursive_daily,xgboost_recent_weighted_daily
Ben Tre,2026-06-27,2026,6,27,9.829954629829878,0.8354703783988953,recursive_daily,xgboost_recent_weighted_daily
Ben Tre,2026-06-28,2026,6,28,9.22002607770341,0.8208712339401245,recursive_daily,xgboost_recent_weighted_daily
Ben Tre,2026-06-29,2026,6,29,7.98328248106513,0.8339456915855408,recursive_daily,xgboost_recent_weighted_daily
Ben Tre,2026-06-30,2026,6,30,7.425840558366685,0.865229070186615,recursive_daily,xgboost_recent_weighted_daily
Ben Tre,2026-07-01,2026,7,1,8.608365678225214,0.7759634256362915,recursive_daily,xgboost_recent_weighted_daily
Ben Tre,2026-07-02,2026,7,2,8.62730363673426,0.8270334005355835,recursive_daily,xgboost_recent_weighted_daily
Ben Tre,2026-07-03,2026,7,3,8.868352645354424,0.8513581156730652,recursive_daily,xgboost_recent_weighted_daily
Ben Tre,2026-07-04,2026,7,4,8.631413741920133,0.7587600946426392,recursive_daily,xgboost_recent_weighted_daily
Ben Tre,2026-07-05,2026,7,5,8.694463685067703,0.7681956887245178,recursive_daily,xgboost_recent_weighted_daily
Ben Tre,2026-07-06,2026,7,6,9.051124187701468,0.7595553994178772,recursive_daily,xgboost_recent_weighted_daily
Ben Tre,2026-07-07,2026,7,7,9.98836537979617,0.6541134119033813,recursive_daily,xgboost_recent_weighted_daily
Ben Tre,2026-07-08,2026,7,8,9.238271433649075,0.7826712727546692,recursive_daily,xgboost_recent_weighted_daily
Ben Tre,2026-07-09,2026,7,9,9.83192727855657,0.768713116645813,recursive_daily,xgboost_recent_weighted_daily
Ben Tre,2026-07-10,2026,7,10,9.725764525471472,0.6696478128433228,recursive_daily,xgboost_recent_weighted_daily
Ben Tre,2026-07-11,2026,7,11,9.722654441442325,0.6380099058151245,recursive_daily,xgboost_recent_weighted_daily
Ben Tre,2026-07-12,2026,7,12,9.057404358680206,0.8203245997428894,recursive_daily,xgboost_recent_weighted_daily
Ben Tre,2026-07-13,2026,7,13,11.294987481427805,0.8157675862312317,recursive_daily,xgboost_recent_weighted_daily
Ben Tre,2026-07-14,2026,7,14,13.033295168893364,0.833143949508667,recursive_daily,xgboost_recent_weighted_daily
Ben Tre,2026-07-15,2026,7,15,7.564847850955022,0.8558704257011414,recursive_daily,xgboost_recent_weighted_daily
Ben Tre,2026-07-16,2026,7,16,9.228122555661136,0.8294469714164734,recursive_daily,xgboost_recent_weighted_daily
Ben Tre,2026-07-17,2026,7,17,11.043474719701393,0.8345295190811157,recursive_daily,xgboost_recent_weighted_daily
Ben Tre,2026-07-18,2026,7,18,10.188950181497606,0.8508893251419067,recursive_daily,xgboost_recent_weighted_daily
Ben Tre,2026-07-19,2026,7,19,10.175341880242176,0.8443349599838257,recursive_daily,xgboost_recent_weighted_daily
Ben Tre,2026-07-20,2026,7,20,10.936218898013855,0.8242342472076416,recursive_daily,xgboost_recent_weighted_daily
Ben Tre,2026-07-21,2026,7,21,12.774222831902593,0.7678214311599731,recursive_daily,xgboost_recent_weighted_daily
Ben Tre,2026-07-22,2026,7,22,6.578717649010151,0.9077185392379761,recursive_daily,xgboost_recent_weighted_daily
Ben Tre,2026-07-23,2026,7,23,9.574424764509487,0.8748999238014221,recursive_daily,xgboost_recent_weighted_daily
Ben Tre,2026-07-24,2026,7,24,13.151960224534772,0.8217406272888184,recursive_daily,xgboost_recent_weighted_daily
Ben Tre,2026-07-25,2026,7,25,7.841208041916397,0.9023438692092896,recursive_daily,xgboost_recent_weighted_daily
Ben Tre,2026-07-26,2026,7,26,8.77718716514711,0.9163691401481628,recursive_daily,xgboost_recent_weighted_daily
Ben Tre,2026-07-27,2026,7,27,12.26942135503526,0.7943217754364014,recursive_daily,xgboost_recent_weighted_daily
Ben Tre,2026-07-28,2026,7,28,11.603188580008194,0.8435231447219849,recursive_daily,xgboost_recent_weighted_daily
Ben Tre,2026-07-29,2026,7,29,9.988545006463667,0.9031631350517273,recursive_daily,xgboost_recent_weighted_daily
Ben Tre,2026-07-30,2026,7,30,6.032184022871402,0.8978360891342163,recursive_daily,xgboost_recent_weighted_daily
Ben Tre,2026-07-31,2026,7,31,8.691010256933463,0.8497059941291809,recursive_daily,xgboost_recent_weighted_daily
Ben Tre,2026-08-01,2026,8,1,9.25746861740089,0.8554918169975281,recursive_daily,xgboost_recent_weighted_daily
Ben Tre,2026-08-02,2026,8,2,7.951520555135436,0.8489846587181091,recursive_daily,xgboost_recent_weighted_daily
Ben Tre,2026-08-03,2026,8,3,8.704462092136431,0.8552027940750122,recursive_daily,xgboost_recent_weighted_daily
Ben Tre,2026-08-04,2026,8,4,9.124444270205155,0.8049857020378113,recursive_daily,xgboost_recent_weighted_daily
Ben Tre,2026-08-05,2026,8,5,8.98319182113674,0.8605396747589111,recursive_daily,xgboost_recent_weighted_daily
Ben Tre,2026-08-06,2026,8,6,9.93745727881213,0.8286139369010925,recursive_daily,xgboost_recent_weighted_daily
Ben Tre,2026-08-07,2026,8,7,7.731369241658538,0.7654973864555359,recursive_daily,xgboost_recent_weighted_daily
Ben Tre,2026-08-08,2026,8,8,6.966113691654915,0.8322238326072693,recursive_daily,xgboost_recent_weighted_daily
Ben Tre,2026-08-09,2026,8,9,9.87446397136375,0.8359206914901733,recursive_daily,xgboost_recent_weighted_daily
Ben Tre,2026-08-10,2026,8,10,9.180139052392843,0.7687469720840454,recursive_daily,xgboost_recent_weighted_daily
Ben Tre,2026-08-11,2026,8,11,8.042146153394762,0.7455914616584778,recursive_daily,xgboost_recent_weighted_daily
Ben Tre,2026-08-12,2026,8,12,11.257548312758328,0.7273298501968384,recursive_daily,xgboost_recent_weighted_daily
Ben Tre,2026-08-13,2026,8,13,11.789583939050198,0.7966691851615906,recursive_daily,xgboost_recent_weighted_daily
Ben Tre,2026-08-14,2026,8,14,11.684806149943553,0.8212791085243225,recursive_daily,xgboost_recent_weighted_daily
Ben Tre,2026-08-15,2026,8,15,12.189744903233033,0.7608439326286316,recursive_daily,xgboost_recent_weighted_daily
Ben Tre,2026-08-16,2026,8,16,7.263795547883373,0.7991091012954712,recursive_daily,xgboost_recent_weighted_daily
Ben Tre,2026-08-17,2026,8,17,6.614880881335811,0.7903860807418823,recursive_daily,xgboost_recent_weighted_daily
Ben Tre,2026-08-18,2026,8,18,10.050723851852892,0.7699264287948608,recursive_daily,xgboost_recent_weighted_daily
Ben Tre,2026-08-19,2026,8,19,9.890699830491656,0.749191403388977,recursive_daily,xgboost_recent_weighted_daily
Ben Tre,2026-08-20,2026,8,20,11.6524510729619,0.6321560144424438,recursive_daily,xgboost_recent_weighted_daily
Ben Tre,2026-08-21,2026,8,21,10.722196346591883,0.8346897959709167,recursive_daily,xgboost_recent_weighted_daily
Ben Tre,2026-08-22,2026,8,22,10.196053637491822,0.8461119532585144,recursive_daily,xgboost_recent_weighted_daily
Ben Tre,2026-08-23,2026,8,23,9.425663070929454,0.833886444568634,recursive_daily,xgboost_recent_weighted_daily
Ben Tre,2026-08-24,2026,8,24,10.708791099905337,0.9372031092643738,recursive_daily,xgboost_recent_weighted_daily
Ben Tre,2026-08-25,2026,8,25,9.076418745916206,0.9349130988121033,recursive_daily,xgboost_recent_weighted_daily
Ben Tre,2026-08-26,2026,8,26,6.758100396759655,0.912883996963501,recursive_daily,xgboost_recent_weighted_daily
Ben Tre,2026-08-27,2026,8,27,8.957441835690052,0.8780795931816101,recursive_daily,xgboost_recent_weighted_daily
Ben Tre,2026-08-28,2026,8,28,11.799065094532605,0.8503231406211853,recursive_daily,xgboost_recent_weighted_daily
Ben Tre,2026-08-29,2026,8,29,11.122321638969526,0.7931383848190308,recursive_daily,xgboost_recent_weighted_daily
Ben Tre,2026-08-30,2026,8,30,11.114324148428848,0.885943591594696,recursive_daily,xgboost_recent_weighted_daily
Ben Tre,2026-08-31,2026,8,31,9.569100635949143,0.8946626782417297,recursive_daily,xgboost_recent_weighted_daily
Ben Tre,2026-09-01,2026,9,1,8.945229600118155,0.9070041179656982,recursive_daily,xgboost_recent_weighted_daily
Ben Tre,2026-09-02,2026,9,2,11.021444823670326,0.8909927010536194,recursive_daily,xgboost_recent_weighted_daily
Ben Tre,2026-09-03,2026,9,3,7.7488260109977105,0.8921555876731873,recursive_daily,xgboost_recent_weighted_daily
Ben Tre,2026-09-04,2026,9,4,8.490944713475912,0.8727176189422607,recursive_daily,xgboost_recent_weighted_daily
Ben Tre,2026-09-05,2026,9,5,9.51848548129721,0.8963597416877747,recursive_daily,xgboost_recent_weighted_daily
Ben Tre,2026-09-06,2026,9,6,9.331474652118125,0.9045159220695496,recursive_daily,xgboost_recent_weighted_daily
Ben Tre,2026-09-07,2026,9,7,9.335216135135573,0.9029262065887451,recursive_daily,xgboost_recent_weighted_daily
Ben Tre,2026-09-08,2026,9,8,8.92817393301736,0.9157767295837402,recursive_daily,xgboost_recent_weighted_daily
Ben Tre,2026-09-09,2026,9,9,9.84781330192861,0.9408742189407349,recursive_daily,xgboost_recent_weighted_daily
Ben Tre,2026-09-10,2026,9,10,8.664191618851289,0.9086325168609619,recursive_daily,xgboost_recent_weighted_daily
Ben Tre,2026-09-11,2026,9,11,9.549993685366298,0.9224085807800293,recursive_daily,xgboost_recent_weighted_daily
Ben Tre,2026-09-12,2026,9,12,9.58712791599532,0.899114727973938,recursive_daily,xgboost_recent_weighted_daily
Ben Tre,2026-09-13,2026,9,13,9.010760430345094,0.9100249409675598,recursive_daily,xgboost_recent_weighted_daily
Ben Tre,2026-09-14,2026,9,14,8.943956955165474,0.9370629191398621,recursive_daily,xgboost_recent_weighted_daily
Ben Tre,2026-09-15,2026,9,15,11.023369510374263,0.8931934833526611,recursive_daily,xgboost_recent_weighted_daily
Ben Tre,2026-09-16,2026,9,16,8.10726187590549,0.8763642907142639,recursive_daily,xgboost_recent_weighted_daily
Ben Tre,2026-09-17,2026,9,17,10.226651043822908,0.9076073169708252,recursive_daily,xgboost_recent_weighted_daily
Ben Tre,2026-09-18,2026,9,18,8.877840856140356,0.8635420203208923,recursive_daily,xgboost_recent_weighted_daily
Ben Tre,2026-09-19,2026,9,19,7.453526481051012,0.8947005867958069,recursive_daily,xgboost_recent_weighted_daily
Ben Tre,2026-09-20,2026,9,20,8.990607191122384,0.8882253170013428,recursive_daily,xgboost_recent_weighted_daily
Ben Tre,2026-09-21,2026,9,21,10.646108714603727,0.9275999069213867,recursive_daily,xgboost_recent_weighted_daily
Ben Tre,2026-09-22,2026,9,22,12.869731971145978,0.9000280499458313,recursive_daily,xgboost_recent_weighted_daily
Ben Tre,2026-09-23,2026,9,23,6.892942083901528,0.9138615131378174,recursive_daily,xgboost_recent_weighted_daily
Ben Tre,2026-09-24,2026,9,24,11.004428589474916,0.9337342977523804,recursive_daily,xgboost_recent_weighted_daily
Ben Tre,2026-09-25,2026,9,25,11.97593203420015,0.9011300802230835,recursive_daily,xgboost_recent_weighted_daily
Ben Tre,2026-09-26,2026,9,26,11.097028894414615,0.9224575757980347,recursive_daily,xgboost_recent_weighted_daily
Ben Tre,2026-09-27,2026,9,27,13.719100748599963,0.9632043242454529,recursive_daily,xgboost_recent_weighted_daily
Ben Tre,2026-09-28,2026,9,28,11.371607172374269,0.9397003054618835,recursive_daily,xgboost_recent_weighted_daily
Ben Tre,2026-09-29,2026,9,29,11.593875657575161,0.9552642107009888,recursive_daily,xgboost_recent_weighted_daily
Ben Tre,2026-09-30,2026,9,30,11.969216532294405,0.9602774977684021,recursive_daily,xgboost_recent_weighted_daily
Ben Tre,2026-10-01,2026,10,1,13.038007747191541,0.9672625660896301,recursive_daily,xgboost_recent_weighted_daily
Ben Tre,2026-10-02,2026,10,2,12.005032044811108,0.9703061580657959,recursive_daily,xgboost_recent_weighted_daily
Ben Tre,2026-10-03,2026,10,3,13.876105168569651,0.9759429097175598,recursive_daily,xgboost_recent_weighted_daily
Ben Tre,2026-10-04,2026,10,4,11.419965248702821,0.9595305919647217,recursive_daily,xgboost_recent_weighted_daily
Ben Tre,2026-10-05,2026,10,5,14.276305558287895,0.9598509669303894,recursive_daily,xgboost_recent_weighted_daily
Ben Tre,2026-10-06,2026,10,6,11.29935630417142,0.9708852767944336,recursive_daily,xgboost_recent_weighted_daily
Ben Tre,2026-10-07,2026,10,7,12.044674264267835,0.9718138575553894,recursive_daily,xgboost_recent_weighted_daily
Ben Tre,2026-10-08,2026,10,8,16.672495200858513,0.9732210636138916,recursive_daily,xgboost_recent_weighted_daily
Ben Tre,2026-10-09,2026,10,9,7.948319698776983,0.9500994086265564,recursive_daily,xgboost_recent_weighted_daily
Ben Tre,2026-10-10,2026,10,10,9.668941624356647,0.9496542811393738,recursive_daily,xgboost_recent_weighted_daily
Ben Tre,2026-10-11,2026,10,11,12.34359364010369,0.9162213206291199,recursive_daily,xgboost_recent_weighted_daily
Ben Tre,2026-10-12,2026,10,12,10.997712642714882,0.9345327615737915,recursive_daily,xgboost_recent_weighted_daily
Ben Tre,2026-10-13,2026,10,13,14.078469411440945,0.9616782665252686,recursive_daily,xgboost_recent_weighted_daily
Ben Tre,2026-10-14,2026,10,14,10.681320890264658,0.9079013466835022,recursive_daily,xgboost_recent_weighted_daily
Ben Tre,2026-10-15,2026,10,15,11.519469973876515,0.957137405872345,recursive_daily,xgboost_recent_weighted_daily
Ben Tre,2026-10-16,2026,10,16,11.342894580220232,0.9522449970245361,recursive_daily,xgboost_recent_weighted_daily
Ben Tre,2026-10-17,2026,10,17,12.148679280825098,0.9328630566596985,recursive_daily,xgboost_recent_weighted_daily
Ben Tre,2026-10-18,2026,10,18,14.489035595402665,0.9586372375488281,recursive_daily,xgboost_recent_weighted_daily
Ben Tre,2026-10-19,2026,10,19,7.474859126836486,0.9310226440429688,recursive_daily,xgboost_recent_weighted_daily
Ben Tre,2026-10-20,2026,10,20,13.21869800691111,0.9374924302101135,recursive_daily,xgboost_recent_weighted_daily
Ben Tre,2026-10-21,2026,10,21,10.15868965682162,0.909179151058197,recursive_daily,xgboost_recent_weighted_daily
Ben Tre,2026-10-22,2026,10,22,12.284055703605391,0.9231866002082825,recursive_daily,xgboost_recent_weighted_daily
Ben Tre,2026-10-23,2026,10,23,13.952282060136938,0.9369139075279236,recursive_daily,xgboost_recent_weighted_daily
Ben Tre,2026-10-24,2026,10,24,11.305444163542306,0.9445962309837341,recursive_daily,xgboost_recent_weighted_daily
Ben Tre,2026-10-25,2026,10,25,16.932970799137266,0.9531927704811096,recursive_daily,xgboost_recent_weighted_daily
Ben Tre,2026-10-26,2026,10,26,10.620397275140032,0.8987283110618591,recursive_daily,xgboost_recent_weighted_daily
Ben Tre,2026-10-27,2026,10,27,13.778796403614969,0.8542620539665222,recursive_daily,xgboost_recent_weighted_daily
Ben Tre,2026-10-28,2026,10,28,14.931771340258395,0.941328763961792,recursive_daily,xgboost_recent_weighted_daily
Ben Tre,2026-10-29,2026,10,29,12.591859060039944,0.9506791234016418,recursive_daily,xgboost_recent_weighted_daily
Ben Tre,2026-10-30,2026,10,30,12.28157014144516,0.9363927245140076,recursive_daily,xgboost_recent_weighted_daily
Ben Tre,2026-10-31,2026,10,31,14.427419238727166,0.8821908235549927,recursive_daily,xgboost_recent_weighted_daily
Ben Tre,2026-11-01,2026,11,1,12.840729649668383,0.9288467168807983,recursive_daily,xgboost_recent_weighted_daily
Ben Tre,2026-11-02,2026,11,2,13.054564728456743,0.9199503064155579,recursive_daily,xgboost_recent_weighted_daily
Ben Tre,2026-11-03,2026,11,3,10.568089178262287,0.9650505185127258,recursive_daily,xgboost_recent_weighted_daily
Ben Tre,2026-11-04,2026,11,4,16.794784235564276,0.9477117657661438,recursive_daily,xgboost_recent_weighted_daily
Ben Tre,2026-11-05,2026,11,5,15.629073640376582,0.9305776953697205,recursive_daily,xgboost_recent_weighted_daily
Ben Tre,2026-11-06,2026,11,6,14.724912998392046,0.930158793926239,recursive_daily,xgboost_recent_weighted_daily
Ben Tre,2026-11-07,2026,11,7,13.746457615351254,0.9398214817047119,recursive_daily,xgboost_recent_weighted_daily
Ben Tre,2026-11-08,2026,11,8,8.892656721349484,0.8787996768951416,recursive_daily,xgboost_recent_weighted_daily
Ben Tre,2026-11-09,2026,11,9,10.7537898654096,0.8536166548728943,recursive_daily,xgboost_recent_weighted_daily
Ben Tre,2026-11-10,2026,11,10,13.369209907156577,0.75789475440979,recursive_daily,xgboost_recent_weighted_daily
Ben Tre,2026-11-11,2026,11,11,11.654769218958938,0.8033133745193481,recursive_daily,xgboost_recent_weighted_daily
Ben Tre,2026-11-12,2026,11,12,14.866138226360906,0.728120744228363,recursive_daily,xgboost_recent_weighted_daily
Ben Tre,2026-11-13,2026,11,13,10.047617063782003,0.7357637286186218,recursive_daily,xgboost_recent_weighted_daily
Ben Tre,2026-11-14,2026,11,14,11.843898343266668,0.8352824449539185,recursive_daily,xgboost_recent_weighted_daily
Ben Tre,2026-11-15,2026,11,15,11.61245471615593,0.7984506487846375,recursive_daily,xgboost_recent_weighted_daily
Ben Tre,2026-11-16,2026,11,16,13.651237736865493,0.764795184135437,recursive_daily,xgboost_recent_weighted_daily
Ben Tre,2026-11-17,2026,11,17,11.766947112129811,0.7245582938194275,recursive_daily,xgboost_recent_weighted_daily
Ben Tre,2026-11-18,2026,11,18,10.011910226254745,0.8196958303451538,recursive_daily,xgboost_recent_weighted_daily
Ben Tre,2026-11-19,2026,11,19,12.731358097110553,0.7364562749862671,recursive_daily,xgboost_recent_weighted_daily
Ben Tre,2026-11-20,2026,11,20,11.139290186185347,0.7175895571708679,recursive_daily,xgboost_recent_weighted_daily
Ben Tre,2026-11-21,2026,11,21,12.109545461224855,0.7657856345176697,recursive_daily,xgboost_recent_weighted_daily
Ben Tre,2026-11-22,2026,11,22,15.279259308595062,0.8341628909111023,recursive_daily,xgboost_recent_weighted_daily
Ben Tre,2026-11-23,2026,11,23,9.65019578783445,0.8282901048660278,recursive_daily,xgboost_recent_weighted_daily
Ben Tre,2026-11-24,2026,11,24,11.703189066034948,0.8123087286949158,recursive_daily,xgboost_recent_weighted_daily
Ben Tre,2026-11-25,2026,11,25,8.933086258118578,0.7724504470825195,recursive_daily,xgboost_recent_weighted_daily
Ben Tre,2026-11-26,2026,11,26,6.794636731053793,0.7337366342544556,recursive_daily,xgboost_recent_weighted_daily
Ben Tre,2026-11-27,2026,11,27,9.01166839071518,0.7683683037757874,recursive_daily,xgboost_recent_weighted_daily
Ben Tre,2026-11-28,2026,11,28,7.879972764666016,0.8092799186706543,recursive_daily,xgboost_recent_weighted_daily
Ben Tre,2026-11-29,2026,11,29,9.063200168087787,0.6461692452430725,recursive_daily,xgboost_recent_weighted_daily
Ben Tre,2026-11-30,2026,11,30,8.728896978834568,0.7555910348892212,recursive_daily,xgboost_recent_weighted_daily
Ben Tre,2026-12-01,2026,12,1,8.438838893220678,0.7071511745452881,recursive_daily,xgboost_recent_weighted_daily
Ben Tre,2026-12-02,2026,12,2,11.575452717693134,0.5875855088233948,recursive_daily,xgboost_recent_weighted_daily
Ben Tre,2026-12-03,2026,12,3,10.726244158854948,0.6926605701446533,recursive_daily,xgboost_recent_weighted_daily
Ben Tre,2026-12-04,2026,12,4,8.607921967431778,0.715483546257019,recursive_daily,xgboost_recent_weighted_daily
Ben Tre,2026-12-05,2026,12,5,9.477265031914076,0.4604440927505493,recursive_daily,xgboost_recent_weighted_daily
Ben Tre,2026-12-06,2026,12,6,8.086889752075823,0.622846245765686,recursive_daily,xgboost_recent_weighted_daily
Ben Tre,2026-12-07,2026,12,7,9.433430360389275,0.4286879897117615,recursive_daily,xgboost_recent_weighted_daily
Ben Tre,2026-12-08,2026,12,8,9.500585341096256,0.6471265554428101,recursive_daily,xgboost_recent_weighted_daily
Ben Tre,2026-12-09,2026,12,9,11.16624116906447,0.6317999362945557,recursive_daily,xgboost_recent_weighted_daily
Ben Tre,2026-12-10,2026,12,10,11.641998660841024,0.5748140215873718,recursive_daily,xgboost_recent_weighted_daily
Ben Tre,2026-12-11,2026,12,11,10.051048188728668,0.6343439817428589,recursive_daily,xgboost_recent_weighted_daily
Ben Tre,2026-12-12,2026,12,12,10.10082134258464,0.6415015459060669,recursive_daily,xgboost_recent_weighted_daily
Ben Tre,2026-12-13,2026,12,13,11.635036925243844,0.6022946238517761,recursive_daily,xgboost_recent_weighted_daily
Ben Tre,2026-12-14,2026,12,14,9.96614631650211,0.7968002557754517,recursive_daily,xgboost_recent_weighted_daily
Ben Tre,2026-12-15,2026,12,15,9.778327226295064,0.7275760173797607,recursive_daily,xgboost_recent_weighted_daily
Ben Tre,2026-12-16,2026,12,16,12.220266080141931,0.6710529923439026,recursive_daily,xgboost_recent_weighted_daily
Ben Tre,2026-12-17,2026,12,17,12.471433960793432,0.745900571346283,recursive_daily,xgboost_recent_weighted_daily
Ben Tre,2026-12-18,2026,12,18,7.793799918214538,0.781295120716095,recursive_daily,xgboost_recent_weighted_daily
Ben Tre,2026-12-19,2026,12,19,9.149060647455851,0.5730120539665222,recursive_daily,xgboost_recent_weighted_daily
Ben Tre,2026-12-20,2026,12,20,11.40740414530894,0.7694050073623657,recursive_daily,xgboost_recent_weighted_daily
Ben Tre,2026-12-21,2026,12,21,10.016497388304046,0.7478172183036804,recursive_daily,xgboost_recent_weighted_daily
Ben Tre,2026-12-22,2026,12,22,9.99631423344261,0.7554559111595154,recursive_daily,xgboost_recent_weighted_daily
Ben Tre,2026-12-23,2026,12,23,12.38267917675366,0.7014840245246887,recursive_daily,xgboost_recent_weighted_daily
Ben Tre,2026-12-24,2026,12,24,10.05765514513891,0.7279282212257385,recursive_daily,xgboost_recent_weighted_daily
Ben Tre,2026-12-25,2026,12,25,9.040647711261279,0.7243731021881104,recursive_daily,xgboost_recent_weighted_daily
Ben Tre,2026-12-26,2026,12,26,10.359079156303533,0.6288864612579346,recursive_daily,xgboost_recent_weighted_daily
Ben Tre,2026-12-27,2026,12,27,11.65914463062307,0.7304165959358215,recursive_daily,xgboost_recent_weighted_daily
Ben Tre,2026-12-28,2026,12,28,9.479626510928304,0.7497564554214478,recursive_daily,xgboost_recent_weighted_daily
Ben Tre,2026-12-29,2026,12,29,9.617141601575847,0.6744605898857117,recursive_daily,xgboost_recent_weighted_daily
Ben Tre,2026-12-30,2026,12,30,12.563404706604985,0.5066678524017334,recursive_daily,xgboost_recent_weighted_daily
Ben Tre,2026-12-31,2026,12,31,8.13753256848532,0.6414908766746521,recursive_daily,xgboost_recent_weighted_daily
Ca Mau,2026-01-01,2026,1,1,0.0,0.14650656282901764,recursive_daily,xgboost_recent_weighted_daily
Ca Mau,2026-01-02,2026,1,2,0.0,0.06209949031472206,recursive_daily,xgboost_recent_weighted_daily
Ca Mau,2026-01-03,2026,1,3,0.0,0.08381551504135132,recursive_daily,xgboost_recent_weighted_daily
Ca Mau,2026-01-04,2026,1,4,0.0,0.08758307993412018,recursive_daily,xgboost_recent_weighted_daily
Ca Mau,2026-01-05,2026,1,5,0.0,0.052698083221912384,recursive_daily,xgboost_recent_weighted_daily
Ca Mau,2026-01-06,2026,1,6,0.0,0.05438103526830673,recursive_daily,xgboost_recent_weighted_daily
Ca Mau,2026-01-07,2026,1,7,0.0,0.05240859091281891,recursive_daily,xgboost_recent_weighted_daily
Ca Mau,2026-01-08,2026,1,8,0.0,0.05326316878199577,recursive_daily,xgboost_recent_weighted_daily
Ca Mau,2026-01-09,2026,1,9,0.0,0.036602988839149475,recursive_daily,xgboost_recent_weighted_daily
Ca Mau,2026-01-10,2026,1,10,0.0,0.024131039157509804,recursive_daily,xgboost_recent_weighted_daily
Ca Mau,2026-01-11,2026,1,11,0.0,0.015743713825941086,recursive_daily,xgboost_recent_weighted_daily
Ca Mau,2026-01-12,2026,1,12,0.0,0.019913673400878906,recursive_daily,xgboost_recent_weighted_daily
Ca Mau,2026-01-13,2026,1,13,0.0,0.025309152901172638,recursive_daily,xgboost_recent_weighted_daily
Ca Mau,2026-01-14,2026,1,14,0.0,0.018449770286679268,recursive_daily,xgboost_recent_weighted_daily
Ca Mau,2026-01-15,2026,1,15,0.0,0.03884876146912575,recursive_daily,xgboost_recent_weighted_daily
Ca Mau,2026-01-16,2026,1,16,0.0,0.06335689127445221,recursive_daily,xgboost_recent_weighted_daily
Ca Mau,2026-01-17,2026,1,17,0.0,0.04209559038281441,recursive_daily,xgboost_recent_weighted_daily
Ca Mau,2026-01-18,2026,1,18,0.0,0.06143737584352493,recursive_daily,xgboost_recent_weighted_daily
Ca Mau,2026-01-19,2026,1,19,0.0,0.0533519983291626,recursive_daily,xgboost_recent_weighted_daily
Ca Mau,2026-01-20,2026,1,20,0.0,0.06225153058767319,recursive_daily,xgboost_recent_weighted_daily
Ca Mau,2026-01-21,2026,1,21,0.0,0.06439691036939621,recursive_daily,xgboost_recent_weighted_daily
Ca Mau,2026-01-22,2026,1,22,0.0,0.06028011068701744,recursive_daily,xgboost_recent_weighted_daily
Ca Mau,2026-01-23,2026,1,23,0.0,0.05571753904223442,recursive_daily,xgboost_recent_weighted_daily
Ca Mau,2026-01-24,2026,1,24,0.0,0.05521872639656067,recursive_daily,xgboost_recent_weighted_daily
Ca Mau,2026-01-25,2026,1,25,0.0,0.048420973122119904,recursive_daily,xgboost_recent_weighted_daily
Ca Mau,2026-01-26,2026,1,26,0.0,0.029030440375208855,recursive_daily,xgboost_recent_weighted_daily
Ca Mau,2026-01-27,2026,1,27,0.0,0.03582993149757385,recursive_daily,xgboost_recent_weighted_daily
Ca Mau,2026-01-28,2026,1,28,0.0,0.026680538430809975,recursive_daily,xgboost_recent_weighted_daily
Ca Mau,2026-01-29,2026,1,29,0.0,0.0424383170902729,recursive_daily,xgboost_recent_weighted_daily
Ca Mau,2026-01-30,2026,1,30,0.0,0.035335738211870193,recursive_daily,xgboost_recent_weighted_daily
Ca Mau,2026-01-31,2026,1,31,0.0,0.03497375547885895,recursive_daily,xgboost_recent_weighted_daily
Ca Mau,2026-02-01,2026,2,1,0.0,0.028761062771081924,recursive_daily,xgboost_recent_weighted_daily
Ca Mau,2026-02-02,2026,2,2,0.0,0.029669733718037605,recursive_daily,xgboost_recent_weighted_daily
Ca Mau,2026-02-03,2026,2,3,0.0,0.034757375717163086,recursive_daily,xgboost_recent_weighted_daily
Ca Mau,2026-02-04,2026,2,4,0.0,0.02812926657497883,recursive_daily,xgboost_recent_weighted_daily
Ca Mau,2026-02-05,2026,2,5,0.0,0.020379526540637016,recursive_daily,xgboost_recent_weighted_daily
Ca Mau,2026-02-06,2026,2,6,0.0,0.021194618195295334,recursive_daily,xgboost_recent_weighted_daily
Ca Mau,2026-02-07,2026,2,7,0.0,0.020718365907669067,recursive_daily,xgboost_recent_weighted_daily
Ca Mau,2026-02-08,2026,2,8,0.0,0.02460305020213127,recursive_daily,xgboost_recent_weighted_daily
Ca Mau,2026-02-09,2026,2,9,0.0,0.015449440106749535,recursive_daily,xgboost_recent_weighted_daily
Ca Mau,2026-02-10,2026,2,10,0.0,0.03473655879497528,recursive_daily,xgboost_recent_weighted_daily
Ca Mau,2026-02-11,2026,2,11,0.0,0.020811913534998894,recursive_daily,xgboost_recent_weighted_daily
Ca Mau,2026-02-12,2026,2,12,0.0,0.02107321098446846,recursive_daily,xgboost_recent_weighted_daily
Ca Mau,2026-02-13,2026,2,13,0.0,0.04334025830030441,recursive_daily,xgboost_recent_weighted_daily
Ca Mau,2026-02-14,2026,2,14,0.0,0.022562328726053238,recursive_daily,xgboost_recent_weighted_daily
Ca Mau,2026-02-15,2026,2,15,0.0,0.020136671140789986,recursive_daily,xgboost_recent_weighted_daily
Ca Mau,2026-02-16,2026,2,16,0.0,0.03480229154229164,recursive_daily,xgboost_recent_weighted_daily
Ca Mau,2026-02-17,2026,2,17,0.0,0.016631292179226875,recursive_daily,xgboost_recent_weighted_daily
Ca Mau,2026-02-18,2026,2,18,0.0,0.014010856859385967,recursive_daily,xgboost_recent_weighted_daily
Ca Mau,2026-02-19,2026,2,19,0.0,0.014796942472457886,recursive_daily,xgboost_recent_weighted_daily
Ca Mau,2026-02-20,2026,2,20,0.0,0.022338226437568665,recursive_daily,xgboost_recent_weighted_daily
Ca Mau,2026-02-21,2026,2,21,0.0,0.020115118473768234,recursive_daily,xgboost_recent_weighted_daily
Ca Mau,2026-02-22,2026,2,22,0.0,0.018246399238705635,recursive_daily,xgboost_recent_weighted_daily
Ca Mau,2026-02-23,2026,2,23,0.0,0.021178647875785828,recursive_daily,xgboost_recent_weighted_daily
Ca Mau,2026-02-24,2026,2,24,0.0,0.0158114954829216,recursive_daily,xgboost_recent_weighted_daily
Ca Mau,2026-02-25,2026,2,25,0.0,0.03734609857201576,recursive_daily,xgboost_recent_weighted_daily
Ca Mau,2026-02-26,2026,2,26,0.0,0.050123509019613266,recursive_daily,xgboost_recent_weighted_daily
Ca Mau,2026-02-27,2026,2,27,0.0,0.02547154575586319,recursive_daily,xgboost_recent_weighted_daily
Ca Mau,2026-02-28,2026,2,28,0.0,0.05874587222933769,recursive_daily,xgboost_recent_weighted_daily
Ca Mau,2026-03-01,2026,3,1,0.0,0.05401989072561264,recursive_daily,xgboost_recent_weighted_daily
Ca Mau,2026-03-02,2026,3,2,0.0,0.053138282150030136,recursive_daily,xgboost_recent_weighted_daily
Ca Mau,2026-03-03,2026,3,3,0.0,0.018211914226412773,recursive_daily,xgboost_recent_weighted_daily
Ca Mau,2026-03-04,2026,3,4,0.0,0.03859991207718849,recursive_daily,xgboost_recent_weighted_daily
Ca Mau,2026-03-05,2026,3,5,0.0,0.053138282150030136,recursive_daily,xgboost_recent_weighted_daily
Ca Mau,2026-03-06,2026,3,6,0.0,0.05526421219110489,recursive_daily,xgboost_recent_weighted_daily
Ca Mau,2026-03-07,2026,3,7,0.0,0.05982837453484535,recursive_daily,xgboost_recent_weighted_daily
Ca Mau,2026-03-08,2026,3,8,0.0,0.03707391023635864,recursive_daily,xgboost_recent_weighted_daily
Ca Mau,2026-03-09,2026,3,9,0.0,0.05795068293809891,recursive_daily,xgboost_recent_weighted_daily
Ca Mau,2026-03-10,2026,3,10,0.0,0.021553512662649155,recursive_daily,xgboost_recent_weighted_daily
Ca Mau,2026-03-11,2026,3,11,0.0,0.024044783785939217,recursive_daily,xgboost_recent_weighted_daily
Ca Mau,2026-03-12,2026,3,12,0.0,0.017944229766726494,recursive_daily,xgboost_recent_weighted_daily
Ca Mau,2026-03-13,2026,3,13,0.0,0.032264240086078644,recursive_daily,xgboost_recent_weighted_daily
Ca Mau,2026-03-14,2026,3,14,0.0,0.0224678423255682,recursive_daily,xgboost_recent_weighted_daily
Ca Mau,2026-03-15,2026,3,15,0.0,0.024691907688975334,recursive_daily,xgboost_recent_weighted_daily
Ca Mau,2026-03-16,2026,3,16,0.0,0.0663195550441742,recursive_daily,xgboost_recent_weighted_daily
Ca Mau,2026-03-17,2026,3,17,0.0,0.040238864719867706,recursive_daily,xgboost_recent_weighted_daily
Ca Mau,2026-03-18,2026,3,18,0.0,0.0713755413889885,recursive_daily,xgboost_recent_weighted_daily
Ca Mau,2026-03-19,2026,3,19,0.0,0.07001835852861404,recursive_daily,xgboost_recent_weighted_daily
Ca Mau,2026-03-20,2026,3,20,0.0,0.07374615222215652,recursive_daily,xgboost_recent_weighted_daily
Ca Mau,2026-03-21,2026,3,21,0.0,0.05362445488572121,recursive_daily,xgboost_recent_weighted_daily
Ca Mau,2026-03-22,2026,3,22,0.0,0.07248413562774658,recursive_daily,xgboost_recent_weighted_daily
Ca Mau,2026-03-23,2026,3,23,0.0,0.031013328582048416,recursive_daily,xgboost_recent_weighted_daily
Ca Mau,2026-03-24,2026,3,24,0.0,0.028159543871879578,recursive_daily,xgboost_recent_weighted_daily
Ca Mau,2026-03-25,2026,3,25,0.0,0.020478304475545883,recursive_daily,xgboost_recent_weighted_daily
Ca Mau,2026-03-26,2026,3,26,0.0,0.048813022673130035,recursive_daily,xgboost_recent_weighted_daily
Ca Mau,2026-03-27,2026,3,27,0.0,0.07066348940134048,recursive_daily,xgboost_recent_weighted_daily
Ca Mau,2026-03-28,2026,3,28,0.0,0.08081066608428955,recursive_daily,xgboost_recent_weighted_daily
Ca Mau,2026-03-29,2026,3,29,0.0,0.109016053378582,recursive_daily,xgboost_recent_weighted_daily
Ca Mau,2026-03-30,2026,3,30,0.0,0.14564897119998932,recursive_daily,xgboost_recent_weighted_daily
Ca Mau,2026-03-31,2026,3,31,0.0,0.15790605545043945,recursive_daily,xgboost_recent_weighted_daily
Ca Mau,2026-04-01,2026,4,1,0.0,0.18052594363689423,recursive_daily,xgboost_recent_weighted_daily
Ca Mau,2026-04-02,2026,4,2,0.0,0.20535282790660858,recursive_daily,xgboost_recent_weighted_daily
Ca Mau,2026-04-03,2026,4,3,0.0,0.17089509963989258,recursive_daily,xgboost_recent_weighted_daily
Ca Mau,2026-04-04,2026,4,4,0.0,0.1412600427865982,recursive_daily,xgboost_recent_weighted_daily
Ca Mau,2026-04-05,2026,4,5,0.0,0.12679362297058105,recursive_daily,xgboost_recent_weighted_daily
Ca Mau,2026-04-06,2026,4,6,0.0,0.09061228483915329,recursive_daily,xgboost_recent_weighted_daily
Ca Mau,2026-04-07,2026,4,7,0.0,0.09061228483915329,recursive_daily,xgboost_recent_weighted_daily
Ca Mau,2026-04-08,2026,4,8,0.0,0.10117447376251221,recursive_daily,xgboost_recent_weighted_daily
Ca Mau,2026-04-09,2026,4,9,0.0,0.0825132504105568,recursive_daily,xgboost_recent_weighted_daily
Ca Mau,2026-04-10,2026,4,10,0.0,0.126851424574852,recursive_daily,xgboost_recent_weighted_daily
Ca Mau,2026-04-11,2026,4,11,0.0,0.11103460192680359,recursive_daily,xgboost_recent_weighted_daily
Ca Mau,2026-04-12,2026,4,12,0.0,0.1484755575656891,recursive_daily,xgboost_recent_weighted_daily
Ca Mau,2026-04-13,2026,4,13,0.0,0.15586894750595093,recursive_daily,xgboost_recent_weighted_daily
Ca Mau,2026-04-14,2026,4,14,0.0,0.14414474368095398,recursive_daily,xgboost_recent_weighted_daily
Ca Mau,2026-04-15,2026,4,15,0.0,0.12484468519687653,recursive_daily,xgboost_recent_weighted_daily
Ca Mau,2026-04-16,2026,4,16,0.0,0.12830589711666107,recursive_daily,xgboost_recent_weighted_daily
Ca Mau,2026-04-17,2026,4,17,0.0,0.14157868921756744,recursive_daily,xgboost_recent_weighted_daily
Ca Mau,2026-04-18,2026,4,18,0.0,0.129295215010643,recursive_daily,xgboost_recent_weighted_daily
Ca Mau,2026-04-19,2026,4,19,0.0,0.1185888722538948,recursive_daily,xgboost_recent_weighted_daily
Ca Mau,2026-04-20,2026,4,20,0.0,0.11692078411579132,recursive_daily,xgboost_recent_weighted_daily
Ca Mau,2026-04-21,2026,4,21,0.0,0.11692078411579132,recursive_daily,xgboost_recent_weighted_daily
Ca Mau,2026-04-22,2026,4,22,0.0,0.14329540729522705,recursive_daily,xgboost_recent_weighted_daily
Ca Mau,2026-04-23,2026,4,23,0.0,0.14329540729522705,recursive_daily,xgboost_recent_weighted_daily
Ca Mau,2026-04-24,2026,4,24,0.0,0.11703862994909286,recursive_daily,xgboost_recent_weighted_daily
Ca Mau,2026-04-25,2026,4,25,0.0,0.14184482395648956,recursive_daily,xgboost_recent_weighted_daily
Ca Mau,2026-04-26,2026,4,26,0.0,0.1464766263961792,recursive_daily,xgboost_recent_weighted_daily
Ca Mau,2026-04-27,2026,4,27,0.0,0.12148407101631165,recursive_daily,xgboost_recent_weighted_daily
Ca Mau,2026-04-28,2026,4,28,0.0,0.12119491398334503,recursive_daily,xgboost_recent_weighted_daily
Ca Mau,2026-04-29,2026,4,29,0.0,0.12710300087928772,recursive_daily,xgboost_recent_weighted_daily
Ca Mau,2026-04-30,2026,4,30,0.0,0.11936207115650177,recursive_daily,xgboost_recent_weighted_daily
Ca Mau,2026-05-01,2026,5,1,3.9289058332208713,0.40715304017066956,recursive_daily,xgboost_recent_weighted_daily
Ca Mau,2026-05-02,2026,5,2,6.452176640939397,0.7620445489883423,recursive_daily,xgboost_recent_weighted_daily
Ca Mau,2026-05-03,2026,5,3,7.319464368235765,0.7436301708221436,recursive_daily,xgboost_recent_weighted_daily
Ca Mau,2026-05-04,2026,5,4,10.55722166786449,0.8870641589164734,recursive_daily,xgboost_recent_weighted_daily
Ca Mau,2026-05-05,2026,5,5,8.351765388998638,0.8542863130569458,recursive_daily,xgboost_recent_weighted_daily
Ca Mau,2026-05-06,2026,5,6,9.448550161739828,0.791722297668457,recursive_daily,xgboost_recent_weighted_daily
Ca Mau,2026-05-07,2026,5,7,10.791900671641546,0.8832442760467529,recursive_daily,xgboost_recent_weighted_daily
Ca Mau,2026-05-08,2026,5,8,9.504034661906356,0.9263594150543213,recursive_daily,xgboost_recent_weighted_daily
Ca Mau,2026-05-09,2026,5,9,7.159556593687973,0.9092791080474854,recursive_daily,xgboost_recent_weighted_daily
Ca Mau,2026-05-10,2026,5,10,6.4523725850911,0.9055476784706116,recursive_daily,xgboost_recent_weighted_daily
Ca Mau,2026-05-11,2026,5,11,5.929875206935256,0.874914288520813,recursive_daily,xgboost_recent_weighted_daily
Ca Mau,2026-05-12,2026,5,12,5.80521392030558,0.8639371991157532,recursive_daily,xgboost_recent_weighted_daily
Ca Mau,2026-05-13,2026,5,13,7.227513705892675,0.834997296333313,recursive_daily,xgboost_recent_weighted_daily
Ca Mau,2026-05-14,2026,5,14,7.876530222752014,0.8497803211212158,recursive_daily,xgboost_recent_weighted_daily
Ca Mau,2026-05-15,2026,5,15,7.789512905769261,0.9245434999465942,recursive_daily,xgboost_recent_weighted_daily
Ca Mau,2026-05-16,2026,5,16,8.750864988752712,0.888285756111145,recursive_daily,xgboost_recent_weighted_daily
Ca Mau,2026-05-17,2026,5,17,8.785058890068651,0.8904611468315125,recursive_daily,xgboost_recent_weighted_daily
Ca Mau,2026-05-18,2026,5,18,6.963072369933496,0.8980178833007812,recursive_daily,xgboost_recent_weighted_daily
Ca Mau,2026-05-19,2026,5,19,5.815941905522652,0.901642918586731,recursive_daily,xgboost_recent_weighted_daily
Ca Mau,2026-05-20,2026,5,20,9.070888325172728,0.8669820427894592,recursive_daily,xgboost_recent_weighted_daily
Ca Mau,2026-05-21,2026,5,21,11.469470724398459,0.9233599901199341,recursive_daily,xgboost_recent_weighted_daily
Ca Mau,2026-05-22,2026,5,22,14.535332667918174,0.9618017673492432,recursive_daily,xgboost_recent_weighted_daily
Ca Mau,2026-05-23,2026,5,23,13.255254150400525,0.9538211226463318,recursive_daily,xgboost_recent_weighted_daily
Ca Mau,2026-05-24,2026,5,24,11.618768097488184,0.9482038617134094,recursive_daily,xgboost_recent_weighted_daily
Ca Mau,2026-05-25,2026,5,25,13.36785076230352,0.9219857454299927,recursive_daily,xgboost_recent_weighted_daily
Ca Mau,2026-05-26,2026,5,26,14.915301388369933,0.9263049364089966,recursive_daily,xgboost_recent_weighted_daily
Ca Mau,2026-05-27,2026,5,27,14.933517693213453,0.9250538945198059,recursive_daily,xgboost_recent_weighted_daily
Ca Mau,2026-05-28,2026,5,28,13.416093860023148,0.900597095489502,recursive_daily,xgboost_recent_weighted_daily
Ca Mau,2026-05-29,2026,5,29,13.697043144685857,0.9104829430580139,recursive_daily,xgboost_recent_weighted_daily
Ca Mau,2026-05-30,2026,5,30,14.68446938832556,0.8964241147041321,recursive_daily,xgboost_recent_weighted_daily
Ca Mau,2026-05-31,2026,5,31,13.615596571905899,0.8575964570045471,recursive_daily,xgboost_recent_weighted_daily
Ca Mau,2026-06-01,2026,6,1,16.88024364707515,0.9136569499969482,recursive_daily,xgboost_recent_weighted_daily
Ca Mau,2026-06-02,2026,6,2,17.620487086949417,0.9134240746498108,recursive_daily,xgboost_recent_weighted_daily
Ca Mau,2026-06-03,2026,6,3,15.647483814196402,0.8997495770454407,recursive_daily,xgboost_recent_weighted_daily
Ca Mau,2026-06-04,2026,6,4,18.00810627898799,0.8468515872955322,recursive_daily,xgboost_recent_weighted_daily
Ca Mau,2026-06-05,2026,6,5,16.693645502318393,0.8960342407226562,recursive_daily,xgboost_recent_weighted_daily
Ca Mau,2026-06-06,2026,6,6,17.274496681481885,0.8242174386978149,recursive_daily,xgboost_recent_weighted_daily
Ca Mau,2026-06-07,2026,6,7,16.864556162275907,0.8393436670303345,recursive_daily,xgboost_recent_weighted_daily
Ca Mau,2026-06-08,2026,6,8,15.243316999709272,0.7874710559844971,recursive_daily,xgboost_recent_weighted_daily
Ca Mau,2026-06-09,2026,6,9,16.866656687697066,0.8810481429100037,recursive_daily,xgboost_recent_weighted_daily
Ca Mau,2026-06-10,2026,6,10,16.41089061572099,0.9126940965652466,recursive_daily,xgboost_recent_weighted_daily
Ca Mau,2026-06-11,2026,6,11,15.534148811146386,0.7502759695053101,recursive_daily,xgboost_recent_weighted_daily
Ca Mau,2026-06-12,2026,6,12,16.256257490160273,0.7927749752998352,recursive_daily,xgboost_recent_weighted_daily
Ca Mau,2026-06-13,2026,6,13,16.356756401770976,0.9002297520637512,recursive_daily,xgboost_recent_weighted_daily
Ca Mau,2026-06-14,2026,6,14,17.16239174467563,0.7850467562675476,recursive_daily,xgboost_recent_weighted_daily
Ca Mau,2026-06-15,2026,6,15,15.404039051617655,0.9271377325057983,recursive_daily,xgboost_recent_weighted_daily
Ca Mau,2026-06-16,2026,6,16,15.65455918095247,0.9131449460983276,recursive_daily,xgboost_recent_weighted_daily
Ca Mau,2026-06-17,2026,6,17,16.316595488622216,0.8791385293006897,recursive_daily,xgboost_recent_weighted_daily
Ca Mau,2026-06-18,2026,6,18,14.66596724616584,0.9056838750839233,recursive_daily,xgboost_recent_weighted_daily
Ca Mau,2026-06-19,2026,6,19,16.828949882834795,0.910942018032074,recursive_daily,xgboost_recent_weighted_daily
Ca Mau,2026-06-20,2026,6,20,15.59266126408341,0.877159059047699,recursive_daily,xgboost_recent_weighted_daily
Ca Mau,2026-06-21,2026,6,21,16.612551585778615,0.9269163608551025,recursive_daily,xgboost_recent_weighted_daily
Ca Mau,2026-06-22,2026,6,22,14.40810970499447,0.930482029914856,recursive_daily,xgboost_recent_weighted_daily
Ca Mau,2026-06-23,2026,6,23,15.000706592221816,0.9078739285469055,recursive_daily,xgboost_recent_weighted_daily
Ca Mau,2026-06-24,2026,6,24,14.953747637345,0.9235865473747253,recursive_daily,xgboost_recent_weighted_daily
Ca Mau,2026-06-25,2026,6,25,15.271315887968532,0.9247890710830688,recursive_daily,xgboost_recent_weighted_daily
Ca Mau,2026-06-26,2026,6,26,14.40227469880056,0.910815417766571,recursive_daily,xgboost_recent_weighted_daily
Ca Mau,2026-06-27,2026,6,27,15.086088439957974,0.9311284422874451,recursive_daily,xgboost_recent_weighted_daily
Ca Mau,2026-06-28,2026,6,28,15.132772909400021,0.9333660006523132,recursive_daily,xgboost_recent_weighted_daily
Ca Mau,2026-06-29,2026,6,29,14.893929402166291,0.8510593175888062,recursive_daily,xgboost_recent_weighted_daily
Ca Mau,2026-06-30,2026,6,30,13.354328963874785,0.8931037187576294,recursive_daily,xgboost_recent_weighted_daily
Ca Mau,2026-07-01,2026,7,1,13.890545007024057,0.9272523522377014,recursive_daily,xgboost_recent_weighted_daily
Ca Mau,2026-07-02,2026,7,2,16.20137644289955,0.9401538968086243,recursive_daily,xgboost_recent_weighted_daily
Ca Mau,2026-07-03,2026,7,3,13.4508406736374,0.957048237323761,recursive_daily,xgboost_recent_weighted_daily
Ca Mau,2026-07-04,2026,7,4,15.656699600046402,0.9203483462333679,recursive_daily,xgboost_recent_weighted_daily
Ca Mau,2026-07-05,2026,7,5,13.148435287922643,0.9100273251533508,recursive_daily,xgboost_recent_weighted_daily
Ca Mau,2026-07-06,2026,7,6,15.231784458632422,0.896781325340271,recursive_daily,xgboost_recent_weighted_daily
Ca Mau,2026-07-07,2026,7,7,14.402559988018435,0.9356580972671509,recursive_daily,xgboost_recent_weighted_daily
Ca Mau,2026-07-08,2026,7,8,15.173856105987488,0.9396509528160095,recursive_daily,xgboost_recent_weighted_daily
Ca Mau,2026-07-09,2026,7,9,13.727336251056554,0.932550311088562,recursive_daily,xgboost_recent_weighted_daily
Ca Mau,2026-07-10,2026,7,10,15.138235981151231,0.890264093875885,recursive_daily,xgboost_recent_weighted_daily
Ca Mau,2026-07-11,2026,7,11,16.78612949276187,0.9421144723892212,recursive_daily,xgboost_recent_weighted_daily
Ca Mau,2026-07-12,2026,7,12,17.0328270114161,0.9603936076164246,recursive_daily,xgboost_recent_weighted_daily
Ca Mau,2026-07-13,2026,7,13,17.657556564660663,0.9428039193153381,recursive_daily,xgboost_recent_weighted_daily
Ca Mau,2026-07-14,2026,7,14,16.762750188077064,0.8295173048973083,recursive_daily,xgboost_recent_weighted_daily
Ca Mau,2026-07-15,2026,7,15,16.905100614926205,0.7916110157966614,recursive_daily,xgboost_recent_weighted_daily
Ca Mau,2026-07-16,2026,7,16,16.26762849035752,0.8953157663345337,recursive_daily,xgboost_recent_weighted_daily
Ca Mau,2026-07-17,2026,7,17,18.005591832477176,0.7847635746002197,recursive_daily,xgboost_recent_weighted_daily
Ca Mau,2026-07-18,2026,7,18,14.277569252130432,0.9084332585334778,recursive_daily,xgboost_recent_weighted_daily
Ca Mau,2026-07-19,2026,7,19,16.96539536220765,0.8269641995429993,recursive_daily,xgboost_recent_weighted_daily
Ca Mau,2026-07-20,2026,7,20,15.318010869963965,0.8833745718002319,recursive_daily,xgboost_recent_weighted_daily
Ca Mau,2026-07-21,2026,7,21,15.820698537744489,0.8916289806365967,recursive_daily,xgboost_recent_weighted_daily
Ca Mau,2026-07-22,2026,7,22,13.405175775220913,0.8746532797813416,recursive_daily,xgboost_recent_weighted_daily
Ca Mau,2026-07-23,2026,7,23,15.07875733991693,0.7886742949485779,recursive_daily,xgboost_recent_weighted_daily
Ca Mau,2026-07-24,2026,7,24,16.09297678693547,0.914611279964447,recursive_daily,xgboost_recent_weighted_daily
Ca Mau,2026-07-25,2026,7,25,13.794489387875936,0.9296162724494934,recursive_daily,xgboost_recent_weighted_daily
Ca Mau,2026-07-26,2026,7,26,14.890679517101791,0.9109810590744019,recursive_daily,xgboost_recent_weighted_daily
Ca Mau,2026-07-27,2026,7,27,17.5887972383291,0.9082950353622437,recursive_daily,xgboost_recent_weighted_daily
Ca Mau,2026-07-28,2026,7,28,16.019875446191534,0.9303317666053772,recursive_daily,xgboost_recent_weighted_daily
Ca Mau,2026-07-29,2026,7,29,14.697173537917603,0.8938803672790527,recursive_daily,xgboost_recent_weighted_daily
Ca Mau,2026-07-30,2026,7,30,16.994969248196345,0.9129091501235962,recursive_daily,xgboost_recent_weighted_daily
Ca Mau,2026-07-31,2026,7,31,13.845104368866664,0.9366214871406555,recursive_daily,xgboost_recent_weighted_daily
Ca Mau,2026-08-01,2026,8,1,16.004699214509976,0.8263913989067078,recursive_daily,xgboost_recent_weighted_daily
Ca Mau,2026-08-02,2026,8,2,15.560874465163195,0.9246748685836792,recursive_daily,xgboost_recent_weighted_daily
Ca Mau,2026-08-03,2026,8,3,17.795805113156405,0.9429046511650085,recursive_daily,xgboost_recent_weighted_daily
Ca Mau,2026-08-04,2026,8,4,14.675866229566378,0.9509993195533752,recursive_daily,xgboost_recent_weighted_daily
Ca Mau,2026-08-05,2026,8,5,17.091516656118454,0.8612707257270813,recursive_daily,xgboost_recent_weighted_daily
Ca Mau,2026-08-06,2026,8,6,16.196118264900242,0.8983315825462341,recursive_daily,xgboost_recent_weighted_daily
Ca Mau,2026-08-07,2026,8,7,16.032034987351782,0.943122923374176,recursive_daily,xgboost_recent_weighted_daily
Ca Mau,2026-08-08,2026,8,8,16.981548781121344,0.8110112547874451,recursive_daily,xgboost_recent_weighted_daily
Ca Mau,2026-08-09,2026,8,9,16.70771489721935,0.925182580947876,recursive_daily,xgboost_recent_weighted_daily
Ca Mau,2026-08-10,2026,8,10,16.230397781871996,0.9208646416664124,recursive_daily,xgboost_recent_weighted_daily
Ca Mau,2026-08-11,2026,8,11,15.114051499983972,0.8996490836143494,recursive_daily,xgboost_recent_weighted_daily
Ca Mau,2026-08-12,2026,8,12,15.837351516113788,0.9177693128585815,recursive_daily,xgboost_recent_weighted_daily
Ca Mau,2026-08-13,2026,8,13,15.000061492107193,0.9140444993972778,recursive_daily,xgboost_recent_weighted_daily
Ca Mau,2026-08-14,2026,8,14,15.996676551397787,0.8428934812545776,recursive_daily,xgboost_recent_weighted_daily
Ca Mau,2026-08-15,2026,8,15,15.936509882614416,0.9101417064666748,recursive_daily,xgboost_recent_weighted_daily
Ca Mau,2026-08-16,2026,8,16,16.71966457959464,0.9226081371307373,recursive_daily,xgboost_recent_weighted_daily
Ca Mau,2026-08-17,2026,8,17,17.26268305889102,0.9459747672080994,recursive_daily,xgboost_recent_weighted_daily
Ca Mau,2026-08-18,2026,8,18,17.38279556580846,0.9432425498962402,recursive_daily,xgboost_recent_weighted_daily
Ca Mau,2026-08-19,2026,8,19,15.469480629160126,0.9379435777664185,recursive_daily,xgboost_recent_weighted_daily
Ca Mau,2026-08-20,2026,8,20,17.427182091300054,0.9042457342147827,recursive_daily,xgboost_recent_weighted_daily
Ca Mau,2026-08-21,2026,8,21,16.18822963276013,0.9426046013832092,recursive_daily,xgboost_recent_weighted_daily
Ca Mau,2026-08-22,2026,8,22,15.493996061803008,0.9614076018333435,recursive_daily,xgboost_recent_weighted_daily
Ca Mau,2026-08-23,2026,8,23,16.4483555462353,0.9504331946372986,recursive_daily,xgboost_recent_weighted_daily
Ca Mau,2026-08-24,2026,8,24,16.310628094532582,0.9801052212715149,recursive_daily,xgboost_recent_weighted_daily
Ca Mau,2026-08-25,2026,8,25,20.695724377800463,0.9680430293083191,recursive_daily,xgboost_recent_weighted_daily
Ca Mau,2026-08-26,2026,8,26,15.252403410593361,0.9613872170448303,recursive_daily,xgboost_recent_weighted_daily
Ca Mau,2026-08-27,2026,8,27,16.69229650115478,0.9569465517997742,recursive_daily,xgboost_recent_weighted_daily
Ca Mau,2026-08-28,2026,8,28,18.12977184884904,0.9552769660949707,recursive_daily,xgboost_recent_weighted_daily
Ca Mau,2026-08-29,2026,8,29,18.215806790544235,0.9642030596733093,recursive_daily,xgboost_recent_weighted_daily
Ca Mau,2026-08-30,2026,8,30,16.878640860189698,0.965167760848999,recursive_daily,xgboost_recent_weighted_daily
Ca Mau,2026-08-31,2026,8,31,15.143837704523946,0.9618213772773743,recursive_daily,xgboost_recent_weighted_daily
Ca Mau,2026-09-01,2026,9,1,19.818032297202986,0.9416757822036743,recursive_daily,xgboost_recent_weighted_daily
Ca Mau,2026-09-02,2026,9,2,17.537311655989924,0.9442731142044067,recursive_daily,xgboost_recent_weighted_daily
Ca Mau,2026-09-03,2026,9,3,16.499407696313373,0.972305417060852,recursive_daily,xgboost_recent_weighted_daily
Ca Mau,2026-09-04,2026,9,4,16.415313602295637,0.9577076435089111,recursive_daily,xgboost_recent_weighted_daily
Ca Mau,2026-09-05,2026,9,5,18.226947808997945,0.9505276679992676,recursive_daily,xgboost_recent_weighted_daily
Ca Mau,2026-09-06,2026,9,6,17.163393211519494,0.9649574756622314,recursive_daily,xgboost_recent_weighted_daily
Ca Mau,2026-09-07,2026,9,7,17.797600110852052,0.9549915790557861,recursive_daily,xgboost_recent_weighted_daily
Ca Mau,2026-09-08,2026,9,8,17.0733619727623,0.9508586525917053,recursive_daily,xgboost_recent_weighted_daily
Ca Mau,2026-09-09,2026,9,9,17.071940872373016,0.9548531174659729,recursive_daily,xgboost_recent_weighted_daily
Ca Mau,2026-09-10,2026,9,10,15.054858734697138,0.9576030969619751,recursive_daily,xgboost_recent_weighted_daily
Ca Mau,2026-09-11,2026,9,11,17.904775384943044,0.9480520486831665,recursive_daily,xgboost_recent_weighted_daily
Ca Mau,2026-09-12,2026,9,12,17.808666425580114,0.962379515171051,recursive_daily,xgboost_recent_weighted_daily
Ca Mau,2026-09-13,2026,9,13,16.66226724577961,0.9736499786376953,recursive_daily,xgboost_recent_weighted_daily
Ca Mau,2026-09-14,2026,9,14,18.53226187045076,0.9530326724052429,recursive_daily,xgboost_recent_weighted_daily
Ca Mau,2026-09-15,2026,9,15,17.44345942949533,0.9631924629211426,recursive_daily,xgboost_recent_weighted_daily
Ca Mau,2026-09-16,2026,9,16,17.171674752033322,0.9674959778785706,recursive_daily,xgboost_recent_weighted_daily
Ca Mau,2026-09-17,2026,9,17,18.33115659718804,0.9499794244766235,recursive_daily,xgboost_recent_weighted_daily
Ca Mau,2026-09-18,2026,9,18,20.475746900937473,0.940396249294281,recursive_daily,xgboost_recent_weighted_daily
Ca Mau,2026-09-19,2026,9,19,16.083781249719653,0.9612672328948975,recursive_daily,xgboost_recent_weighted_daily
Ca Mau,2026-09-20,2026,9,20,15.079768551786136,0.9604183435440063,recursive_daily,xgboost_recent_weighted_daily
Ca Mau,2026-09-21,2026,9,21,18.092021620051664,0.9594206213951111,recursive_daily,xgboost_recent_weighted_daily
Ca Mau,2026-09-22,2026,9,22,15.37021642589121,0.9783751368522644,recursive_daily,xgboost_recent_weighted_daily
Ca Mau,2026-09-23,2026,9,23,14.754236558247017,0.9646764993667603,recursive_daily,xgboost_recent_weighted_daily
Ca Mau,2026-09-24,2026,9,24,17.68278705055376,0.9543257355690002,recursive_daily,xgboost_recent_weighted_daily
Ca Mau,2026-09-25,2026,9,25,16.663231951029953,0.9709860682487488,recursive_daily,xgboost_recent_weighted_daily
Ca Mau,2026-09-26,2026,9,26,16.964118395981128,0.9785535335540771,recursive_daily,xgboost_recent_weighted_daily
Ca Mau,2026-09-27,2026,9,27,19.060830402864656,0.9468579888343811,recursive_daily,xgboost_recent_weighted_daily
Ca Mau,2026-09-28,2026,9,28,21.089287863824016,0.9599982500076294,recursive_daily,xgboost_recent_weighted_daily
Ca Mau,2026-09-29,2026,9,29,17.259992584467394,0.9533960819244385,recursive_daily,xgboost_recent_weighted_daily
Ca Mau,2026-09-30,2026,9,30,19.278049179083883,0.9407080411911011,recursive_daily,xgboost_recent_weighted_daily
Ca Mau,2026-10-01,2026,10,1,19.408443897004716,0.9589170217514038,recursive_daily,xgboost_recent_weighted_daily
Ca Mau,2026-10-02,2026,10,2,18.681123267632984,0.9615007042884827,recursive_daily,xgboost_recent_weighted_daily
Ca Mau,2026-10-03,2026,10,3,18.30697693743875,0.9631373882293701,recursive_daily,xgboost_recent_weighted_daily
Ca Mau,2026-10-04,2026,10,4,19.089443870096304,0.960627555847168,recursive_daily,xgboost_recent_weighted_daily
Ca Mau,2026-10-05,2026,10,5,18.505755878764923,0.9628291726112366,recursive_daily,xgboost_recent_weighted_daily
Ca Mau,2026-10-06,2026,10,6,16.901222136065577,0.9557908177375793,recursive_daily,xgboost_recent_weighted_daily
Ca Mau,2026-10-07,2026,10,7,18.3286912154521,0.947383463382721,recursive_daily,xgboost_recent_weighted_daily
Ca Mau,2026-10-08,2026,10,8,17.457650338608126,0.9535873532295227,recursive_daily,xgboost_recent_weighted_daily
Ca Mau,2026-10-09,2026,10,9,15.672978180317896,0.9516760110855103,recursive_daily,xgboost_recent_weighted_daily
Ca Mau,2026-10-10,2026,10,10,16.80018342360358,0.9467694163322449,recursive_daily,xgboost_recent_weighted_daily
Ca Mau,2026-10-11,2026,10,11,17.69637634190848,0.9608902931213379,recursive_daily,xgboost_recent_weighted_daily
Ca Mau,2026-10-12,2026,10,12,18.132864033017203,0.9781807065010071,recursive_daily,xgboost_recent_weighted_daily
Ca Mau,2026-10-13,2026,10,13,16.321136757756072,0.9659097194671631,recursive_daily,xgboost_recent_weighted_daily
Ca Mau,2026-10-14,2026,10,14,17.41888837294577,0.9484780430793762,recursive_daily,xgboost_recent_weighted_daily
Ca Mau,2026-10-15,2026,10,15,17.85618405341925,0.9602058529853821,recursive_daily,xgboost_recent_weighted_daily
Ca Mau,2026-10-16,2026,10,16,15.760362742958618,0.9668121933937073,recursive_daily,xgboost_recent_weighted_daily
Ca Mau,2026-10-17,2026,10,17,18.039136394237147,0.9467361569404602,recursive_daily,xgboost_recent_weighted_daily
Ca Mau,2026-10-18,2026,10,18,18.852747737885036,0.9650599360466003,recursive_daily,xgboost_recent_weighted_daily
Ca Mau,2026-10-19,2026,10,19,16.678915836930948,0.9781526923179626,recursive_daily,xgboost_recent_weighted_daily
Ca Mau,2026-10-20,2026,10,20,15.068504040743953,0.9608221650123596,recursive_daily,xgboost_recent_weighted_daily
Ca Mau,2026-10-21,2026,10,21,18.560272755752756,0.9501678347587585,recursive_daily,xgboost_recent_weighted_daily
Ca Mau,2026-10-22,2026,10,22,15.562070342785411,0.9701987504959106,recursive_daily,xgboost_recent_weighted_daily
Ca Mau,2026-10-23,2026,10,23,16.190214461018023,0.9711999893188477,recursive_daily,xgboost_recent_weighted_daily
Ca Mau,2026-10-24,2026,10,24,15.595466853931052,0.9556811451911926,recursive_daily,xgboost_recent_weighted_daily
Ca Mau,2026-10-25,2026,10,25,17.62553222115046,0.9732757210731506,recursive_daily,xgboost_recent_weighted_daily
Ca Mau,2026-10-26,2026,10,26,15.98491741483416,0.9778646230697632,recursive_daily,xgboost_recent_weighted_daily
Ca Mau,2026-10-27,2026,10,27,16.867917872909718,0.9690355062484741,recursive_daily,xgboost_recent_weighted_daily
Ca Mau,2026-10-28,2026,10,28,17.560409472891724,0.9682871699333191,recursive_daily,xgboost_recent_weighted_daily
Ca Mau,2026-10-29,2026,10,29,14.513602081116382,0.9763754606246948,recursive_daily,xgboost_recent_weighted_daily
Ca Mau,2026-10-30,2026,10,30,16.29598115424681,0.967329204082489,recursive_daily,xgboost_recent_weighted_daily
Ca Mau,2026-10-31,2026,10,31,16.80918062268059,0.9693139791488647,recursive_daily,xgboost_recent_weighted_daily
Ca Mau,2026-11-01,2026,11,1,18.699879577461573,0.9795936346054077,recursive_daily,xgboost_recent_weighted_daily
Ca Mau,2026-11-02,2026,11,2,14.996562208437481,0.9793906211853027,recursive_daily,xgboost_recent_weighted_daily
Ca Mau,2026-11-03,2026,11,3,19.893789187985185,0.9712966084480286,recursive_daily,xgboost_recent_weighted_daily
Ca Mau,2026-11-04,2026,11,4,17.125219749408114,0.9610512852668762,recursive_daily,xgboost_recent_weighted_daily
Ca Mau,2026-11-05,2026,11,5,16.961570678291338,0.970479428768158,recursive_daily,xgboost_recent_weighted_daily
Ca Mau,2026-11-06,2026,11,6,17.302918183559374,0.9607604742050171,recursive_daily,xgboost_recent_weighted_daily
Ca Mau,2026-11-07,2026,11,7,13.273945115316392,0.963614821434021,recursive_daily,xgboost_recent_weighted_daily
Ca Mau,2026-11-08,2026,11,8,12.961244184232617,0.9611572027206421,recursive_daily,xgboost_recent_weighted_daily
Ca Mau,2026-11-09,2026,11,9,15.33012041828667,0.8907265663146973,recursive_daily,xgboost_recent_weighted_daily
Ca Mau,2026-11-10,2026,11,10,16.909460394680405,0.89722740650177,recursive_daily,xgboost_recent_weighted_daily
Ca Mau,2026-11-11,2026,11,11,15.116357134752823,0.9121111631393433,recursive_daily,xgboost_recent_weighted_daily
Ca Mau,2026-11-12,2026,11,12,15.15927552539718,0.8618583083152771,recursive_daily,xgboost_recent_weighted_daily
Ca Mau,2026-11-13,2026,11,13,15.908485531532305,0.8202717304229736,recursive_daily,xgboost_recent_weighted_daily
Ca Mau,2026-11-14,2026,11,14,14.778248651225322,0.8385066390037537,recursive_daily,xgboost_recent_weighted_daily
Ca Mau,2026-11-15,2026,11,15,13.382910767870127,0.7854013442993164,recursive_daily,xgboost_recent_weighted_daily
Ca Mau,2026-11-16,2026,11,16,18.396848875870635,0.8515680432319641,recursive_daily,xgboost_recent_weighted_daily
Ca Mau,2026-11-17,2026,11,17,16.275038917985036,0.8421311378479004,recursive_daily,xgboost_recent_weighted_daily
Ca Mau,2026-11-18,2026,11,18,12.889685697792885,0.8831401467323303,recursive_daily,xgboost_recent_weighted_daily
Ca Mau,2026-11-19,2026,11,19,16.09767607833703,0.7606664299964905,recursive_daily,xgboost_recent_weighted_daily
Ca Mau,2026-11-20,2026,11,20,16.493849946008158,0.8541759252548218,recursive_daily,xgboost_recent_weighted_daily
Ca Mau,2026-11-21,2026,11,21,14.585598944569796,0.7053433060646057,recursive_daily,xgboost_recent_weighted_daily
Ca Mau,2026-11-22,2026,11,22,15.831810628198369,0.649941086769104,recursive_daily,xgboost_recent_weighted_daily
Ca Mau,2026-11-23,2026,11,23,12.924814868437291,0.8012951016426086,recursive_daily,xgboost_recent_weighted_daily
Ca Mau,2026-11-24,2026,11,24,14.206415412909648,0.8562138676643372,recursive_daily,xgboost_recent_weighted_daily
Ca Mau,2026-11-25,2026,11,25,15.790560160950795,0.7407925128936768,recursive_daily,xgboost_recent_weighted_daily
Ca Mau,2026-11-26,2026,11,26,14.181259182880282,0.8520806431770325,recursive_daily,xgboost_recent_weighted_daily
Ca Mau,2026-11-27,2026,11,27,13.930867961698715,0.8758100271224976,recursive_daily,xgboost_recent_weighted_daily
Ca Mau,2026-11-28,2026,11,28,13.919131919824531,0.8624957799911499,recursive_daily,xgboost_recent_weighted_daily
Ca Mau,2026-11-29,2026,11,29,15.683326114401792,0.7554590702056885,recursive_daily,xgboost_recent_weighted_daily
Ca Mau,2026-11-30,2026,11,30,12.556256133818556,0.7598291635513306,recursive_daily,xgboost_recent_weighted_daily
Ca Mau,2026-12-01,2026,12,1,13.16961827826296,0.7972741723060608,recursive_daily,xgboost_recent_weighted_daily
Ca Mau,2026-12-02,2026,12,2,13.993750177401282,0.6491077542304993,recursive_daily,xgboost_recent_weighted_daily
Ca Mau,2026-12-03,2026,12,3,15.733481842660503,0.7930762767791748,recursive_daily,xgboost_recent_weighted_daily
Ca Mau,2026-12-04,2026,12,4,12.956473940608198,0.8091508746147156,recursive_daily,xgboost_recent_weighted_daily
Ca Mau,2026-12-05,2026,12,5,13.337980486479953,0.748232364654541,recursive_daily,xgboost_recent_weighted_daily
Ca Mau,2026-12-06,2026,12,6,13.34654298226626,0.8047369122505188,recursive_daily,xgboost_recent_weighted_daily
Ca Mau,2026-12-07,2026,12,7,12.811699600391846,0.5479182004928589,recursive_daily,xgboost_recent_weighted_daily
Ca Mau,2026-12-08,2026,12,8,13.348442143090207,0.7078649997711182,recursive_daily,xgboost_recent_weighted_daily
Ca Mau,2026-12-09,2026,12,9,12.242807719568951,0.8021511435508728,recursive_daily,xgboost_recent_weighted_daily
Ca Mau,2026-12-10,2026,12,10,14.435448698017781,0.7497867345809937,recursive_daily,xgboost_recent_weighted_daily
Ca Mau,2026-12-11,2026,12,11,14.953004750583945,0.5045861005783081,recursive_daily,xgboost_recent_weighted_daily
Ca Mau,2026-12-12,2026,12,12,12.644188810106005,0.6322815418243408,recursive_daily,xgboost_recent_weighted_daily
Ca Mau,2026-12-13,2026,12,13,13.147458982357552,0.8152891397476196,recursive_daily,xgboost_recent_weighted_daily
Ca Mau,2026-12-14,2026,12,14,14.707995038686768,0.5335050225257874,recursive_daily,xgboost_recent_weighted_daily
Ca Mau,2026-12-15,2026,12,15,13.920783577276532,0.7154412865638733,recursive_daily,xgboost_recent_weighted_daily
Ca Mau,2026-12-16,2026,12,16,13.049026409475019,0.46933919191360474,recursive_daily,xgboost_recent_weighted_daily
Ca Mau,2026-12-17,2026,12,17,12.85924654876143,0.8186209797859192,recursive_daily,xgboost_recent_weighted_daily
Ca Mau,2026-12-18,2026,12,18,12.968580787884687,0.6786865592002869,recursive_daily,xgboost_recent_weighted_daily
Ca Mau,2026-12-19,2026,12,19,14.126034573323304,0.5443581938743591,recursive_daily,xgboost_recent_weighted_daily
Ca Mau,2026-12-20,2026,12,20,14.447307003964614,0.6622452735900879,recursive_daily,xgboost_recent_weighted_daily
Ca Mau,2026-12-21,2026,12,21,14.957253323852589,0.7009905576705933,recursive_daily,xgboost_recent_weighted_daily
Ca Mau,2026-12-22,2026,12,22,10.827030623594737,0.5729182958602905,recursive_daily,xgboost_recent_weighted_daily
Ca Mau,2026-12-23,2026,12,23,15.547870083540316,0.6713424921035767,recursive_daily,xgboost_recent_weighted_daily
Ca Mau,2026-12-24,2026,12,24,15.245828154616564,0.6248204112052917,recursive_daily,xgboost_recent_weighted_daily
Ca Mau,2026-12-25,2026,12,25,13.413284745509873,0.7377438545227051,recursive_daily,xgboost_recent_weighted_daily
Ca Mau,2026-12-26,2026,12,26,12.49431721041444,0.6400623321533203,recursive_daily,xgboost_recent_weighted_daily
Ca Mau,2026-12-27,2026,12,27,12.687914928669828,0.6004223823547363,recursive_daily,xgboost_recent_weighted_daily
Ca Mau,2026-12-28,2026,12,28,13.418775480074968,0.8439204692840576,recursive_daily,xgboost_recent_weighted_daily
Ca Mau,2026-12-29,2026,12,29,13.429751317111732,0.44664454460144043,recursive_daily,xgboost_recent_weighted_daily
Ca Mau,2026-12-30,2026,12,30,12.669107960058211,0.6806585788726807,recursive_daily,xgboost_recent_weighted_daily
Ca Mau,2026-12-31,2026,12,31,13.184917697472615,0.6271542310714722,recursive_daily,xgboost_recent_weighted_daily
Can Tho city,2026-01-01,2026,1,1,0.0,0.1843031942844391,recursive_daily,xgboost_recent_weighted_daily
Can Tho city,2026-01-02,2026,1,2,0.0,0.03264544531702995,recursive_daily,xgboost_recent_weighted_daily
Can Tho city,2026-01-03,2026,1,3,0.0,0.18574576079845428,recursive_daily,xgboost_recent_weighted_daily
Can Tho city,2026-01-04,2026,1,4,0.0,0.1533711552619934,recursive_daily,xgboost_recent_weighted_daily
Can Tho city,2026-01-05,2026,1,5,0.0,0.09298992156982422,recursive_daily,xgboost_recent_weighted_daily
Can Tho city,2026-01-06,2026,1,6,0.0,0.09576838463544846,recursive_daily,xgboost_recent_weighted_daily
Can Tho city,2026-01-07,2026,1,7,0.0,0.04533707723021507,recursive_daily,xgboost_recent_weighted_daily
Can Tho city,2026-01-08,2026,1,8,0.0,0.04489165544509888,recursive_daily,xgboost_recent_weighted_daily
Can Tho city,2026-01-09,2026,1,9,0.0,0.03532680124044418,recursive_daily,xgboost_recent_weighted_daily
Can Tho city,2026-01-10,2026,1,10,0.0,0.03924138844013214,recursive_daily,xgboost_recent_weighted_daily
Can Tho city,2026-01-11,2026,1,11,0.0,0.050559163093566895,recursive_daily,xgboost_recent_weighted_daily
Can Tho city,2026-01-12,2026,1,12,0.0,0.031535521149635315,recursive_daily,xgboost_recent_weighted_daily
Can Tho city,2026-01-13,2026,1,13,0.0,0.027921952307224274,recursive_daily,xgboost_recent_weighted_daily
Can Tho city,2026-01-14,2026,1,14,0.0,0.05405314639210701,recursive_daily,xgboost_recent_weighted_daily
Can Tho city,2026-01-15,2026,1,15,0.0,0.04698227345943451,recursive_daily,xgboost_recent_weighted_daily
Can Tho city,2026-01-16,2026,1,16,0.0,0.03843488171696663,recursive_daily,xgboost_recent_weighted_daily
Can Tho city,2026-01-17,2026,1,17,0.0,0.04244576767086983,recursive_daily,xgboost_recent_weighted_daily
Can Tho city,2026-01-18,2026,1,18,0.0,0.02842155285179615,recursive_daily,xgboost_recent_weighted_daily
Can Tho city,2026-01-19,2026,1,19,0.0,0.041210927069187164,recursive_daily,xgboost_recent_weighted_daily
Can Tho city,2026-01-20,2026,1,20,0.0,0.03896384686231613,recursive_daily,xgboost_recent_weighted_daily
Can Tho city,2026-01-21,2026,1,21,0.0,0.03201408311724663,recursive_daily,xgboost_recent_weighted_daily
Can Tho city,2026-01-22,2026,1,22,0.0,0.02914707362651825,recursive_daily,xgboost_recent_weighted_daily
Can Tho city,2026-01-23,2026,1,23,0.0,0.017796585336327553,recursive_daily,xgboost_recent_weighted_daily
Can Tho city,2026-01-24,2026,1,24,0.0,0.00969188567250967,recursive_daily,xgboost_recent_weighted_daily
Can Tho city,2026-01-25,2026,1,25,0.0,0.013849202543497086,recursive_daily,xgboost_recent_weighted_daily
Can Tho city,2026-01-26,2026,1,26,0.0,0.010989855043590069,recursive_daily,xgboost_recent_weighted_daily
Can Tho city,2026-01-27,2026,1,27,0.0,0.010460746474564075,recursive_daily,xgboost_recent_weighted_daily
Can Tho city,2026-01-28,2026,1,28,0.0,0.007937599904835224,recursive_daily,xgboost_recent_weighted_daily
Can Tho city,2026-01-29,2026,1,29,0.0,0.014165266416966915,recursive_daily,xgboost_recent_weighted_daily
Can Tho city,2026-01-30,2026,1,30,0.0,0.013748771511018276,recursive_daily,xgboost_recent_weighted_daily
Can Tho city,2026-01-31,2026,1,31,0.0,0.006510632578283548,recursive_daily,xgboost_recent_weighted_daily
Can Tho city,2026-02-01,2026,2,1,0.0,0.009697946719825268,recursive_daily,xgboost_recent_weighted_daily
Can Tho city,2026-02-02,2026,2,2,0.0,0.01190983597189188,recursive_daily,xgboost_recent_weighted_daily
Can Tho city,2026-02-03,2026,2,3,0.0,0.01269902940839529,recursive_daily,xgboost_recent_weighted_daily
Can Tho city,2026-02-04,2026,2,4,0.0,0.00946236401796341,recursive_daily,xgboost_recent_weighted_daily
Can Tho city,2026-02-05,2026,2,5,0.0,0.013102112337946892,recursive_daily,xgboost_recent_weighted_daily
Can Tho city,2026-02-06,2026,2,6,0.0,0.019150083884596825,recursive_daily,xgboost_recent_weighted_daily
Can Tho city,2026-02-07,2026,2,7,0.0,0.02390960231423378,recursive_daily,xgboost_recent_weighted_daily
Can Tho city,2026-02-08,2026,2,8,0.0,0.020631834864616394,recursive_daily,xgboost_recent_weighted_daily
Can Tho city,2026-02-09,2026,2,9,0.0,0.024835849180817604,recursive_daily,xgboost_recent_weighted_daily
Can Tho city,2026-02-10,2026,2,10,0.0,0.02372760884463787,recursive_daily,xgboost_recent_weighted_daily
Can Tho city,2026-02-11,2026,2,11,0.0,0.0271252803504467,recursive_daily,xgboost_recent_weighted_daily
Can Tho city,2026-02-12,2026,2,12,0.0,0.03914669528603554,recursive_daily,xgboost_recent_weighted_daily
Can Tho city,2026-02-13,2026,2,13,0.0,0.03618185594677925,recursive_daily,xgboost_recent_weighted_daily
Can Tho city,2026-02-14,2026,2,14,0.0,0.03897634893655777,recursive_daily,xgboost_recent_weighted_daily
Can Tho city,2026-02-15,2026,2,15,0.0,0.06593945622444153,recursive_daily,xgboost_recent_weighted_daily
Can Tho city,2026-02-16,2026,2,16,0.0,0.1796468198299408,recursive_daily,xgboost_recent_weighted_daily
Can Tho city,2026-02-17,2026,2,17,0.0,0.10540945082902908,recursive_daily,xgboost_recent_weighted_daily
Can Tho city,2026-02-18,2026,2,18,0.0,0.1830226331949234,recursive_daily,xgboost_recent_weighted_daily
Can Tho city,2026-02-19,2026,2,19,0.0,0.11927501857280731,recursive_daily,xgboost_recent_weighted_daily
Can Tho city,2026-02-20,2026,2,20,0.0,0.11954733729362488,recursive_daily,xgboost_recent_weighted_daily
Can Tho city,2026-02-21,2026,2,21,0.0,0.11929494887590408,recursive_daily,xgboost_recent_weighted_daily
Can Tho city,2026-02-22,2026,2,22,0.0,0.09060869365930557,recursive_daily,xgboost_recent_weighted_daily
Can Tho city,2026-02-23,2026,2,23,0.0,0.07586412876844406,recursive_daily,xgboost_recent_weighted_daily
Can Tho city,2026-02-24,2026,2,24,0.0,0.12828677892684937,recursive_daily,xgboost_recent_weighted_daily
Can Tho city,2026-02-25,2026,2,25,0.0,0.1816997081041336,recursive_daily,xgboost_recent_weighted_daily
Can Tho city,2026-02-26,2026,2,26,0.0,0.13879810273647308,recursive_daily,xgboost_recent_weighted_daily
Can Tho city,2026-02-27,2026,2,27,0.0,0.146798238158226,recursive_daily,xgboost_recent_weighted_daily
Can Tho city,2026-02-28,2026,2,28,0.0,0.16851118206977844,recursive_daily,xgboost_recent_weighted_daily
Can Tho city,2026-03-01,2026,3,1,0.0,0.15208791196346283,recursive_daily,xgboost_recent_weighted_daily
Can Tho city,2026-03-02,2026,3,2,0.0,0.10630917549133301,recursive_daily,xgboost_recent_weighted_daily
Can Tho city,2026-03-03,2026,3,3,0.0,0.07919172197580338,recursive_daily,xgboost_recent_weighted_daily
Can Tho city,2026-03-04,2026,3,4,0.0,0.15945222973823547,recursive_daily,xgboost_recent_weighted_daily
Can Tho city,2026-03-05,2026,3,5,0.0,0.1421547681093216,recursive_daily,xgboost_recent_weighted_daily
Can Tho city,2026-03-06,2026,3,6,0.0,0.1606886088848114,recursive_daily,xgboost_recent_weighted_daily
Can Tho city,2026-03-07,2026,3,7,0.0,0.15539385378360748,recursive_daily,xgboost_recent_weighted_daily
Can Tho city,2026-03-08,2026,3,8,0.0,0.13504773378372192,recursive_daily,xgboost_recent_weighted_daily
Can Tho city,2026-03-09,2026,3,9,0.0,0.13504773378372192,recursive_daily,xgboost_recent_weighted_daily
Can Tho city,2026-03-10,2026,3,10,0.0,0.07289598882198334,recursive_daily,xgboost_recent_weighted_daily
Can Tho city,2026-03-11,2026,3,11,0.0,0.0831691101193428,recursive_daily,xgboost_recent_weighted_daily
Can Tho city,2026-03-12,2026,3,12,0.0,0.09465071558952332,recursive_daily,xgboost_recent_weighted_daily
Can Tho city,2026-03-13,2026,3,13,0.0,0.07122540473937988,recursive_daily,xgboost_recent_weighted_daily
Can Tho city,2026-03-14,2026,3,14,0.0,0.07061147689819336,recursive_daily,xgboost_recent_weighted_daily
Can Tho city,2026-03-15,2026,3,15,0.0,0.06421130150556564,recursive_daily,xgboost_recent_weighted_daily
Can Tho city,2026-03-16,2026,3,16,0.0,0.10296943038702011,recursive_daily,xgboost_recent_weighted_daily
Can Tho city,2026-03-17,2026,3,17,0.0,0.10372337698936462,recursive_daily,xgboost_recent_weighted_daily
Can Tho city,2026-03-18,2026,3,18,0.0,0.11231336742639542,recursive_daily,xgboost_recent_weighted_daily
Can Tho city,2026-03-19,2026,3,19,0.0,0.12128986418247223,recursive_daily,xgboost_recent_weighted_daily
Can Tho city,2026-03-20,2026,3,20,0.0,0.07907748222351074,recursive_daily,xgboost_recent_weighted_daily
Can Tho city,2026-03-21,2026,3,21,0.0,0.1110425591468811,recursive_daily,xgboost_recent_weighted_daily
Can Tho city,2026-03-22,2026,3,22,0.0,0.11806552112102509,recursive_daily,xgboost_recent_weighted_daily
Can Tho city,2026-03-23,2026,3,23,0.0,0.10069214552640915,recursive_daily,xgboost_recent_weighted_daily
Can Tho city,2026-03-24,2026,3,24,0.0,0.07552928477525711,recursive_daily,xgboost_recent_weighted_daily
Can Tho city,2026-03-25,2026,3,25,0.0,0.07400619238615036,recursive_daily,xgboost_recent_weighted_daily
Can Tho city,2026-03-26,2026,3,26,0.0,0.10344412922859192,recursive_daily,xgboost_recent_weighted_daily
Can Tho city,2026-03-27,2026,3,27,0.0,0.1045132577419281,recursive_daily,xgboost_recent_weighted_daily
Can Tho city,2026-03-28,2026,3,28,0.0,0.1045132577419281,recursive_daily,xgboost_recent_weighted_daily
Can Tho city,2026-03-29,2026,3,29,0.0,0.1768367737531662,recursive_daily,xgboost_recent_weighted_daily
Can Tho city,2026-03-30,2026,3,30,0.0,0.22457082569599152,recursive_daily,xgboost_recent_weighted_daily
Can Tho city,2026-03-31,2026,3,31,0.0,0.18308083713054657,recursive_daily,xgboost_recent_weighted_daily
Can Tho city,2026-04-01,2026,4,1,0.0,0.24816188216209412,recursive_daily,xgboost_recent_weighted_daily
Can Tho city,2026-04-02,2026,4,2,0.0,0.2953040301799774,recursive_daily,xgboost_recent_weighted_daily
Can Tho city,2026-04-03,2026,4,3,0.0,0.2654757797718048,recursive_daily,xgboost_recent_weighted_daily
Can Tho city,2026-04-04,2026,4,4,0.0,0.25293222069740295,recursive_daily,xgboost_recent_weighted_daily
Can Tho city,2026-04-05,2026,4,5,0.0,0.1912156045436859,recursive_daily,xgboost_recent_weighted_daily
Can Tho city,2026-04-06,2026,4,6,0.0,0.17855626344680786,recursive_daily,xgboost_recent_weighted_daily
Can Tho city,2026-04-07,2026,4,7,0.0,0.17855626344680786,recursive_daily,xgboost_recent_weighted_daily
Can Tho city,2026-04-08,2026,4,8,0.0,0.18343600630760193,recursive_daily,xgboost_recent_weighted_daily
Can Tho city,2026-04-09,2026,4,9,0.0,0.2193184494972229,recursive_daily,xgboost_recent_weighted_daily
Can Tho city,2026-04-10,2026,4,10,0.0,0.16240721940994263,recursive_daily,xgboost_recent_weighted_daily
Can Tho city,2026-04-11,2026,4,11,0.0,0.2626713514328003,recursive_daily,xgboost_recent_weighted_daily
Can Tho city,2026-04-12,2026,4,12,0.0,0.266129732131958,recursive_daily,xgboost_recent_weighted_daily
Can Tho city,2026-04-13,2026,4,13,0.0,0.2624334394931793,recursive_daily,xgboost_recent_weighted_daily
Can Tho city,2026-04-14,2026,4,14,0.0,0.2635042667388916,recursive_daily,xgboost_recent_weighted_daily
Can Tho city,2026-04-15,2026,4,15,0.0,0.28759461641311646,recursive_daily,xgboost_recent_weighted_daily
Can Tho city,2026-04-16,2026,4,16,0.0,0.2372051477432251,recursive_daily,xgboost_recent_weighted_daily
Can Tho city,2026-04-17,2026,4,17,0.0,0.24301031231880188,recursive_daily,xgboost_recent_weighted_daily
Can Tho city,2026-04-18,2026,4,18,4.66080571878735,0.31792542338371277,recursive_daily,xgboost_recent_weighted_daily
Can Tho city,2026-04-19,2026,4,19,5.058233755329442,0.5234887599945068,recursive_daily,xgboost_recent_weighted_daily
Can Tho city,2026-04-20,2026,4,20,4.7624466808298385,0.4382742643356323,recursive_daily,xgboost_recent_weighted_daily
Can Tho city,2026-04-21,2026,4,21,5.244358591808056,0.49996137619018555,recursive_daily,xgboost_recent_weighted_daily
Can Tho city,2026-04-22,2026,4,22,6.310491663555057,0.4954115152359009,recursive_daily,xgboost_recent_weighted_daily
Can Tho city,2026-04-23,2026,4,23,6.02188931365768,0.5373876690864563,recursive_daily,xgboost_recent_weighted_daily
Can Tho city,2026-04-24,2026,4,24,6.152988027871938,0.6282404065132141,recursive_daily,xgboost_recent_weighted_daily
Can Tho city,2026-04-25,2026,4,25,6.226010024173861,0.8022558093070984,recursive_daily,xgboost_recent_weighted_daily
Can Tho city,2026-04-26,2026,4,26,7.271439331783024,0.8037037253379822,recursive_daily,xgboost_recent_weighted_daily
Can Tho city,2026-04-27,2026,4,27,8.629749523336974,0.8389319181442261,recursive_daily,xgboost_recent_weighted_daily
Can Tho city,2026-04-28,2026,4,28,8.90645714846749,0.8668524026870728,recursive_daily,xgboost_recent_weighted_daily
Can Tho city,2026-04-29,2026,4,29,8.948321072583292,0.830900251865387,recursive_daily,xgboost_recent_weighted_daily
Can Tho city,2026-04-30,2026,4,30,13.499215312037512,0.7650520205497742,recursive_daily,xgboost_recent_weighted_daily
Can Tho city,2026-05-01,2026,5,1,13.38569073682134,0.8475090265274048,recursive_daily,xgboost_recent_weighted_daily
Can Tho city,2026-05-02,2026,5,2,13.595506846211213,0.8586358428001404,recursive_daily,xgboost_recent_weighted_daily
Can Tho city,2026-05-03,2026,5,3,11.009790793332455,0.8051671385765076,recursive_daily,xgboost_recent_weighted_daily
Can Tho city,2026-05-04,2026,5,4,11.34533082162673,0.856647253036499,recursive_daily,xgboost_recent_weighted_daily
Can Tho city,2026-05-05,2026,5,5,12.009164733321533,0.8817822337150574,recursive_daily,xgboost_recent_weighted_daily
Can Tho city,2026-05-06,2026,5,6,10.811876881128395,0.9296461343765259,recursive_daily,xgboost_recent_weighted_daily
Can Tho city,2026-05-07,2026,5,7,10.297480734122768,0.9403604865074158,recursive_daily,xgboost_recent_weighted_daily
Can Tho city,2026-05-08,2026,5,8,10.433725129694878,0.9366682767868042,recursive_daily,xgboost_recent_weighted_daily
Can Tho city,2026-05-09,2026,5,9,10.223733930922343,0.8871191740036011,recursive_daily,xgboost_recent_weighted_daily
Can Tho city,2026-05-10,2026,5,10,9.969605322375406,0.8540000915527344,recursive_daily,xgboost_recent_weighted_daily
Can Tho city,2026-05-11,2026,5,11,10.64732861242788,0.8426988124847412,recursive_daily,xgboost_recent_weighted_daily
Can Tho city,2026-05-12,2026,5,12,11.268147127447214,0.8993427753448486,recursive_daily,xgboost_recent_weighted_daily
Can Tho city,2026-05-13,2026,5,13,11.094271454631885,0.8877912163734436,recursive_daily,xgboost_recent_weighted_daily
Can Tho city,2026-05-14,2026,5,14,10.872735759850913,0.8697265982627869,recursive_daily,xgboost_recent_weighted_daily
Can Tho city,2026-05-15,2026,5,15,10.589081640644322,0.8665459156036377,recursive_daily,xgboost_recent_weighted_daily
Can Tho city,2026-05-16,2026,5,16,11.854144303007004,0.9089739322662354,recursive_daily,xgboost_recent_weighted_daily
Can Tho city,2026-05-17,2026,5,17,11.326477834436735,0.8859429955482483,recursive_daily,xgboost_recent_weighted_daily
Can Tho city,2026-05-18,2026,5,18,12.491101931633011,0.9432588815689087,recursive_daily,xgboost_recent_weighted_daily
Can Tho city,2026-05-19,2026,5,19,12.62281875798152,0.8800073862075806,recursive_daily,xgboost_recent_weighted_daily
Can Tho city,2026-05-20,2026,5,20,14.320759390352324,0.8977147340774536,recursive_daily,xgboost_recent_weighted_daily
Can Tho city,2026-05-21,2026,5,21,17.4816862532884,0.8346277475357056,recursive_daily,xgboost_recent_weighted_daily
Can Tho city,2026-05-22,2026,5,22,15.697509012066108,0.8160101771354675,recursive_daily,xgboost_recent_weighted_daily
Can Tho city,2026-05-23,2026,5,23,15.674875489570237,0.8893582224845886,recursive_daily,xgboost_recent_weighted_daily
Can Tho city,2026-05-24,2026,5,24,18.206085366683897,0.8603758811950684,recursive_daily,xgboost_recent_weighted_daily
Can Tho city,2026-05-25,2026,5,25,16.7512892135428,0.9001137018203735,recursive_daily,xgboost_recent_weighted_daily
Can Tho city,2026-05-26,2026,5,26,14.486846778410587,0.9423532485961914,recursive_daily,xgboost_recent_weighted_daily
Can Tho city,2026-05-27,2026,5,27,16.487161222866654,0.8802576661109924,recursive_daily,xgboost_recent_weighted_daily
Can Tho city,2026-05-28,2026,5,28,15.974183958708778,0.8920648694038391,recursive_daily,xgboost_recent_weighted_daily
Can Tho city,2026-05-29,2026,5,29,14.817316285833483,0.8089810609817505,recursive_daily,xgboost_recent_weighted_daily
Can Tho city,2026-05-30,2026,5,30,15.989302615051647,0.9215483665466309,recursive_daily,xgboost_recent_weighted_daily
Can Tho city,2026-05-31,2026,5,31,16.56623246263495,0.9005021452903748,recursive_daily,xgboost_recent_weighted_daily
Can Tho city,2026-06-01,2026,6,1,17.177067700596787,0.8731745481491089,recursive_daily,xgboost_recent_weighted_daily
Can Tho city,2026-06-02,2026,6,2,15.074440175625227,0.8898833394050598,recursive_daily,xgboost_recent_weighted_daily
Can Tho city,2026-06-03,2026,6,3,15.23811415595308,0.8578774333000183,recursive_daily,xgboost_recent_weighted_daily
Can Tho city,2026-06-04,2026,6,4,17.47563120827254,0.8244584798812866,recursive_daily,xgboost_recent_weighted_daily
Can Tho city,2026-06-05,2026,6,5,15.555179461130122,0.891933023929596,recursive_daily,xgboost_recent_weighted_daily
Can Tho city,2026-06-06,2026,6,6,14.336035182178852,0.8539535999298096,recursive_daily,xgboost_recent_weighted_daily
Can Tho city,2026-06-07,2026,6,7,16.642630079097025,0.8730069994926453,recursive_daily,xgboost_recent_weighted_daily
Can Tho city,2026-06-08,2026,6,8,16.591082510451272,0.8945914506912231,recursive_daily,xgboost_recent_weighted_daily
Can Tho city,2026-06-09,2026,6,9,15.572979256902832,0.8039337992668152,recursive_daily,xgboost_recent_weighted_daily
Can Tho city,2026-06-10,2026,6,10,14.202386041679205,0.8087568283081055,recursive_daily,xgboost_recent_weighted_daily
Can Tho city,2026-06-11,2026,6,11,16.334780636468867,0.8315228819847107,recursive_daily,xgboost_recent_weighted_daily
Can Tho city,2026-06-12,2026,6,12,14.652382432919088,0.8942053914070129,recursive_daily,xgboost_recent_weighted_daily
Can Tho city,2026-06-13,2026,6,13,15.705630212909577,0.8598018884658813,recursive_daily,xgboost_recent_weighted_daily
Can Tho city,2026-06-14,2026,6,14,16.399120597327393,0.875390887260437,recursive_daily,xgboost_recent_weighted_daily
Can Tho city,2026-06-15,2026,6,15,18.31292580017455,0.8309615850448608,recursive_daily,xgboost_recent_weighted_daily
Can Tho city,2026-06-16,2026,6,16,16.94677787301107,0.8628906011581421,recursive_daily,xgboost_recent_weighted_daily
Can Tho city,2026-06-17,2026,6,17,18.813211880390117,0.8412691950798035,recursive_daily,xgboost_recent_weighted_daily
Can Tho city,2026-06-18,2026,6,18,16.053293552079854,0.8196680545806885,recursive_daily,xgboost_recent_weighted_daily
Can Tho city,2026-06-19,2026,6,19,20.48937763710233,0.8539953827857971,recursive_daily,xgboost_recent_weighted_daily
Can Tho city,2026-06-20,2026,6,20,19.929267374461038,0.7953992486000061,recursive_daily,xgboost_recent_weighted_daily
Can Tho city,2026-06-21,2026,6,21,19.883742275514265,0.8001338243484497,recursive_daily,xgboost_recent_weighted_daily
Can Tho city,2026-06-22,2026,6,22,19.093660850688902,0.8917055726051331,recursive_daily,xgboost_recent_weighted_daily
Can Tho city,2026-06-23,2026,6,23,15.922590618760273,0.8626311421394348,recursive_daily,xgboost_recent_weighted_daily
Can Tho city,2026-06-24,2026,6,24,14.771078442628129,0.9069259762763977,recursive_daily,xgboost_recent_weighted_daily
Can Tho city,2026-06-25,2026,6,25,18.02439625785059,0.7383200526237488,recursive_daily,xgboost_recent_weighted_daily
Can Tho city,2026-06-26,2026,6,26,16.22523239301772,0.7943511009216309,recursive_daily,xgboost_recent_weighted_daily
Can Tho city,2026-06-27,2026,6,27,16.060295730533035,0.7959991693496704,recursive_daily,xgboost_recent_weighted_daily
Can Tho city,2026-06-28,2026,6,28,17.09547071382663,0.7575507760047913,recursive_daily,xgboost_recent_weighted_daily
Can Tho city,2026-06-29,2026,6,29,16.486152705193955,0.8067828416824341,recursive_daily,xgboost_recent_weighted_daily
Can Tho city,2026-06-30,2026,6,30,16.269996324373196,0.7730458378791809,recursive_daily,xgboost_recent_weighted_daily
Can Tho city,2026-07-01,2026,7,1,16.938924261203653,0.8408794403076172,recursive_daily,xgboost_recent_weighted_daily
Can Tho city,2026-07-02,2026,7,2,17.821223130742446,0.8646652698516846,recursive_daily,xgboost_recent_weighted_daily
Can Tho city,2026-07-03,2026,7,3,16.735578857163517,0.8520384430885315,recursive_daily,xgboost_recent_weighted_daily
Can Tho city,2026-07-04,2026,7,4,17.503148486138507,0.7584930658340454,recursive_daily,xgboost_recent_weighted_daily
Can Tho city,2026-07-05,2026,7,5,18.531413585283293,0.7352162599563599,recursive_daily,xgboost_recent_weighted_daily
Can Tho city,2026-07-06,2026,7,6,17.28033411874658,0.8004170656204224,recursive_daily,xgboost_recent_weighted_daily
Can Tho city,2026-07-07,2026,7,7,16.65993394057047,0.7457107901573181,recursive_daily,xgboost_recent_weighted_daily
Can Tho city,2026-07-08,2026,7,8,17.400833641297833,0.8113734126091003,recursive_daily,xgboost_recent_weighted_daily
Can Tho city,2026-07-09,2026,7,9,19.814607331840477,0.77951979637146,recursive_daily,xgboost_recent_weighted_daily
Can Tho city,2026-07-10,2026,7,10,19.625327543510497,0.8432439565658569,recursive_daily,xgboost_recent_weighted_daily
Can Tho city,2026-07-11,2026,7,11,18.76813921544383,0.8426124453544617,recursive_daily,xgboost_recent_weighted_daily
Can Tho city,2026-07-12,2026,7,12,20.929052409403813,0.8593361973762512,recursive_daily,xgboost_recent_weighted_daily
Can Tho city,2026-07-13,2026,7,13,22.415574249559718,0.8350890278816223,recursive_daily,xgboost_recent_weighted_daily
Can Tho city,2026-07-14,2026,7,14,20.380375487185617,0.8026636242866516,recursive_daily,xgboost_recent_weighted_daily
Can Tho city,2026-07-15,2026,7,15,20.341375433280717,0.8145272731781006,recursive_daily,xgboost_recent_weighted_daily
Can Tho city,2026-07-16,2026,7,16,21.072985948537042,0.8234221339225769,recursive_daily,xgboost_recent_weighted_daily
Can Tho city,2026-07-17,2026,7,17,19.571424320830495,0.8183554410934448,recursive_daily,xgboost_recent_weighted_daily
Can Tho city,2026-07-18,2026,7,18,18.611749495901574,0.7982032895088196,recursive_daily,xgboost_recent_weighted_daily
Can Tho city,2026-07-19,2026,7,19,17.85528302452873,0.8009862303733826,recursive_daily,xgboost_recent_weighted_daily
Can Tho city,2026-07-20,2026,7,20,18.11006789146567,0.8026312589645386,recursive_daily,xgboost_recent_weighted_daily
Can Tho city,2026-07-21,2026,7,21,18.001560776967377,0.785244345664978,recursive_daily,xgboost_recent_weighted_daily
Can Tho city,2026-07-22,2026,7,22,16.742927942434996,0.849199652671814,recursive_daily,xgboost_recent_weighted_daily
Can Tho city,2026-07-23,2026,7,23,16.838134284189923,0.8210360407829285,recursive_daily,xgboost_recent_weighted_daily
Can Tho city,2026-07-24,2026,7,24,17.785232440408507,0.7967911958694458,recursive_daily,xgboost_recent_weighted_daily
Can Tho city,2026-07-25,2026,7,25,14.705789433555541,0.8264681696891785,recursive_daily,xgboost_recent_weighted_daily
Can Tho city,2026-07-26,2026,7,26,18.08785059772246,0.8348000645637512,recursive_daily,xgboost_recent_weighted_daily
Can Tho city,2026-07-27,2026,7,27,17.915861450377164,0.7547522783279419,recursive_daily,xgboost_recent_weighted_daily
Can Tho city,2026-07-28,2026,7,28,17.990129836780618,0.767132580280304,recursive_daily,xgboost_recent_weighted_daily
Can Tho city,2026-07-29,2026,7,29,16.64401564978888,0.7564365267753601,recursive_daily,xgboost_recent_weighted_daily
Can Tho city,2026-07-30,2026,7,30,17.571889108892037,0.8231483697891235,recursive_daily,xgboost_recent_weighted_daily
Can Tho city,2026-07-31,2026,7,31,17.1823547448007,0.8085242509841919,recursive_daily,xgboost_recent_weighted_daily
Can Tho city,2026-08-01,2026,8,1,16.99168884901936,0.8268783688545227,recursive_daily,xgboost_recent_weighted_daily
Can Tho city,2026-08-02,2026,8,2,17.637071358254065,0.7701826691627502,recursive_daily,xgboost_recent_weighted_daily
Can Tho city,2026-08-03,2026,8,3,17.2349214862625,0.7794197797775269,recursive_daily,xgboost_recent_weighted_daily
Can Tho city,2026-08-04,2026,8,4,18.72319662141669,0.8472338318824768,recursive_daily,xgboost_recent_weighted_daily
Can Tho city,2026-08-05,2026,8,5,16.996709896915227,0.7708613276481628,recursive_daily,xgboost_recent_weighted_daily
Can Tho city,2026-08-06,2026,8,6,18.071927810321174,0.7958506941795349,recursive_daily,xgboost_recent_weighted_daily
Can Tho city,2026-08-07,2026,8,7,15.412704973469895,0.7372444272041321,recursive_daily,xgboost_recent_weighted_daily
Can Tho city,2026-08-08,2026,8,8,15.718189335865151,0.7932764291763306,recursive_daily,xgboost_recent_weighted_daily
Can Tho city,2026-08-09,2026,8,9,16.434054956868504,0.7231317758560181,recursive_daily,xgboost_recent_weighted_daily
Can Tho city,2026-08-10,2026,8,10,16.827895671765273,0.6931169629096985,recursive_daily,xgboost_recent_weighted_daily
Can Tho city,2026-08-11,2026,8,11,16.03325359160613,0.7202077507972717,recursive_daily,xgboost_recent_weighted_daily
Can Tho city,2026-08-12,2026,8,12,12.73068763195519,0.7331915497779846,recursive_daily,xgboost_recent_weighted_daily
Can Tho city,2026-08-13,2026,8,13,19.43514904796398,0.7403686046600342,recursive_daily,xgboost_recent_weighted_daily
Can Tho city,2026-08-14,2026,8,14,15.860505033605742,0.774379312992096,recursive_daily,xgboost_recent_weighted_daily
Can Tho city,2026-08-15,2026,8,15,14.83802141888213,0.729607880115509,recursive_daily,xgboost_recent_weighted_daily
Can Tho city,2026-08-16,2026,8,16,16.361517165818622,0.7622508406639099,recursive_daily,xgboost_recent_weighted_daily
Can Tho city,2026-08-17,2026,8,17,16.843533132309034,0.7442159056663513,recursive_daily,xgboost_recent_weighted_daily
Can Tho city,2026-08-18,2026,8,18,17.342210044895708,0.8294650912284851,recursive_daily,xgboost_recent_weighted_daily
Can Tho city,2026-08-19,2026,8,19,18.05440301092167,0.7476734519004822,recursive_daily,xgboost_recent_weighted_daily
Can Tho city,2026-08-20,2026,8,20,19.168991661122664,0.701156735420227,recursive_daily,xgboost_recent_weighted_daily
Can Tho city,2026-08-21,2026,8,21,16.60295081737573,0.7336654663085938,recursive_daily,xgboost_recent_weighted_daily
Can Tho city,2026-08-22,2026,8,22,16.59928649696877,0.8629463315010071,recursive_daily,xgboost_recent_weighted_daily
Can Tho city,2026-08-23,2026,8,23,17.046159307864347,0.833740234375,recursive_daily,xgboost_recent_weighted_daily
Can Tho city,2026-08-24,2026,8,24,16.606005058059065,0.8243027329444885,recursive_daily,xgboost_recent_weighted_daily
Can Tho city,2026-08-25,2026,8,25,20.49782068453179,0.8076591491699219,recursive_daily,xgboost_recent_weighted_daily
Can Tho city,2026-08-26,2026,8,26,22.49210219866394,0.7650039792060852,recursive_daily,xgboost_recent_weighted_daily
Can Tho city,2026-08-27,2026,8,27,18.77623680293016,0.7969433069229126,recursive_daily,xgboost_recent_weighted_daily
Can Tho city,2026-08-28,2026,8,28,16.550452315082012,0.7548099160194397,recursive_daily,xgboost_recent_weighted_daily
Can Tho city,2026-08-29,2026,8,29,16.94811176180282,0.8256976008415222,recursive_daily,xgboost_recent_weighted_daily
Can Tho city,2026-08-30,2026,8,30,17.747522483330197,0.8226040601730347,recursive_daily,xgboost_recent_weighted_daily
Can Tho city,2026-08-31,2026,8,31,16.06135567387404,0.7717106938362122,recursive_daily,xgboost_recent_weighted_daily
Can Tho city,2026-09-01,2026,9,1,16.844065854880103,0.8244327902793884,recursive_daily,xgboost_recent_weighted_daily
Can Tho city,2026-09-02,2026,9,2,18.323247285983964,0.803908109664917,recursive_daily,xgboost_recent_weighted_daily
Can Tho city,2026-09-03,2026,9,3,18.819502827147407,0.814995527267456,recursive_daily,xgboost_recent_weighted_daily
Can Tho city,2026-09-04,2026,9,4,18.562936730044484,0.8336003422737122,recursive_daily,xgboost_recent_weighted_daily
Can Tho city,2026-09-05,2026,9,5,18.060561646077836,0.8319746255874634,recursive_daily,xgboost_recent_weighted_daily
Can Tho city,2026-09-06,2026,9,6,17.767732051230443,0.8682184815406799,recursive_daily,xgboost_recent_weighted_daily
Can Tho city,2026-09-07,2026,9,7,13.416112264227358,0.8610092997550964,recursive_daily,xgboost_recent_weighted_daily
Can Tho city,2026-09-08,2026,9,8,18.68403205615137,0.8567581176757812,recursive_daily,xgboost_recent_weighted_daily
Can Tho city,2026-09-09,2026,9,9,17.368227004840705,0.8529950976371765,recursive_daily,xgboost_recent_weighted_daily
Can Tho city,2026-09-10,2026,9,10,18.476409028483804,0.8978976607322693,recursive_daily,xgboost_recent_weighted_daily
Can Tho city,2026-09-11,2026,9,11,16.711672057821072,0.7834727168083191,recursive_daily,xgboost_recent_weighted_daily
Can Tho city,2026-09-12,2026,9,12,19.50303753007587,0.7958452105522156,recursive_daily,xgboost_recent_weighted_daily
Can Tho city,2026-09-13,2026,9,13,17.718445674224384,0.877995491027832,recursive_daily,xgboost_recent_weighted_daily
Can Tho city,2026-09-14,2026,9,14,17.024616772346857,0.8600625395774841,recursive_daily,xgboost_recent_weighted_daily
Can Tho city,2026-09-15,2026,9,15,18.926648035484988,0.8534802198410034,recursive_daily,xgboost_recent_weighted_daily
Can Tho city,2026-09-16,2026,9,16,17.36590871607032,0.8800617456436157,recursive_daily,xgboost_recent_weighted_daily
Can Tho city,2026-09-17,2026,9,17,19.271371439058466,0.886854350566864,recursive_daily,xgboost_recent_weighted_daily
Can Tho city,2026-09-18,2026,9,18,17.94542220601205,0.8471906185150146,recursive_daily,xgboost_recent_weighted_daily
Can Tho city,2026-09-19,2026,9,19,18.92280996726392,0.8834901452064514,recursive_daily,xgboost_recent_weighted_daily
Can Tho city,2026-09-20,2026,9,20,19.168812197126687,0.8840587735176086,recursive_daily,xgboost_recent_weighted_daily
Can Tho city,2026-09-21,2026,9,21,17.826357031817214,0.8776787519454956,recursive_daily,xgboost_recent_weighted_daily
Can Tho city,2026-09-22,2026,9,22,18.486600234920015,0.8869475722312927,recursive_daily,xgboost_recent_weighted_daily
Can Tho city,2026-09-23,2026,9,23,17.410695303247973,0.8897871375083923,recursive_daily,xgboost_recent_weighted_daily
Can Tho city,2026-09-24,2026,9,24,17.948982049903243,0.9018198251724243,recursive_daily,xgboost_recent_weighted_daily
Can Tho city,2026-09-25,2026,9,25,14.935560678499987,0.8718667030334473,recursive_daily,xgboost_recent_weighted_daily
Can Tho city,2026-09-26,2026,9,26,21.686099683874996,0.9269734025001526,recursive_daily,xgboost_recent_weighted_daily
Can Tho city,2026-09-27,2026,9,27,20.292005244385848,0.8640838265419006,recursive_daily,xgboost_recent_weighted_daily
Can Tho city,2026-09-28,2026,9,28,20.22865066390149,0.8262818455696106,recursive_daily,xgboost_recent_weighted_daily
Can Tho city,2026-09-29,2026,9,29,20.725916094427262,0.888582706451416,recursive_daily,xgboost_recent_weighted_daily
Can Tho city,2026-09-30,2026,9,30,19.031636396662048,0.8720775246620178,recursive_daily,xgboost_recent_weighted_daily
Can Tho city,2026-10-01,2026,10,1,24.331551276585657,0.9083496332168579,recursive_daily,xgboost_recent_weighted_daily
Can Tho city,2026-10-02,2026,10,2,18.478049333471834,0.9051889777183533,recursive_daily,xgboost_recent_weighted_daily
Can Tho city,2026-10-03,2026,10,3,18.69565600959908,0.8323387503623962,recursive_daily,xgboost_recent_weighted_daily
Can Tho city,2026-10-04,2026,10,4,17.83444669216995,0.9074498414993286,recursive_daily,xgboost_recent_weighted_daily
Can Tho city,2026-10-05,2026,10,5,18.259681285780196,0.88456791639328,recursive_daily,xgboost_recent_weighted_daily
Can Tho city,2026-10-06,2026,10,6,19.38994722220135,0.9187638759613037,recursive_daily,xgboost_recent_weighted_daily
Can Tho city,2026-10-07,2026,10,7,18.8210016330929,0.872735321521759,recursive_daily,xgboost_recent_weighted_daily
Can Tho city,2026-10-08,2026,10,8,18.61168634000347,0.9164019823074341,recursive_daily,xgboost_recent_weighted_daily
Can Tho city,2026-10-09,2026,10,9,18.627053222419082,0.9068921208381653,recursive_daily,xgboost_recent_weighted_daily
Can Tho city,2026-10-10,2026,10,10,19.76181556770239,0.9410403966903687,recursive_daily,xgboost_recent_weighted_daily
Can Tho city,2026-10-11,2026,10,11,22.30167670122182,0.9098289012908936,recursive_daily,xgboost_recent_weighted_daily
Can Tho city,2026-10-12,2026,10,12,22.701882606359195,0.8364412188529968,recursive_daily,xgboost_recent_weighted_daily
Can Tho city,2026-10-13,2026,10,13,17.237133769143576,0.9022824168205261,recursive_daily,xgboost_recent_weighted_daily
Can Tho city,2026-10-14,2026,10,14,19.29144030892546,0.8925851583480835,recursive_daily,xgboost_recent_weighted_daily
Can Tho city,2026-10-15,2026,10,15,19.927672790137233,0.852232038974762,recursive_daily,xgboost_recent_weighted_daily
Can Tho city,2026-10-16,2026,10,16,22.63172070254746,0.8873389959335327,recursive_daily,xgboost_recent_weighted_daily
Can Tho city,2026-10-17,2026,10,17,20.694630698332254,0.9071925282478333,recursive_daily,xgboost_recent_weighted_daily
Can Tho city,2026-10-18,2026,10,18,22.07330754007975,0.8764513731002808,recursive_daily,xgboost_recent_weighted_daily
Can Tho city,2026-10-19,2026,10,19,21.269925356892383,0.8629706501960754,recursive_daily,xgboost_recent_weighted_daily
Can Tho city,2026-10-20,2026,10,20,21.025612625905488,0.8477190136909485,recursive_daily,xgboost_recent_weighted_daily
Can Tho city,2026-10-21,2026,10,21,22.992525486926088,0.863872230052948,recursive_daily,xgboost_recent_weighted_daily
Can Tho city,2026-10-22,2026,10,22,20.47215674040783,0.8962545990943909,recursive_daily,xgboost_recent_weighted_daily
Can Tho city,2026-10-23,2026,10,23,19.49025175959762,0.847069501876831,recursive_daily,xgboost_recent_weighted_daily
Can Tho city,2026-10-24,2026,10,24,18.907873228749306,0.8706568479537964,recursive_daily,xgboost_recent_weighted_daily
Can Tho city,2026-10-25,2026,10,25,21.302908216226456,0.8463237881660461,recursive_daily,xgboost_recent_weighted_daily
Can Tho city,2026-10-26,2026,10,26,22.003698783660592,0.8367761373519897,recursive_daily,xgboost_recent_weighted_daily
Can Tho city,2026-10-27,2026,10,27,22.075889111978817,0.8344236612319946,recursive_daily,xgboost_recent_weighted_daily
Can Tho city,2026-10-28,2026,10,28,18.537766495348137,0.8474754095077515,recursive_daily,xgboost_recent_weighted_daily
Can Tho city,2026-10-29,2026,10,29,20.327393663398546,0.8380575776100159,recursive_daily,xgboost_recent_weighted_daily
Can Tho city,2026-10-30,2026,10,30,19.460365713872843,0.8541938066482544,recursive_daily,xgboost_recent_weighted_daily
Can Tho city,2026-10-31,2026,10,31,17.510347690082746,0.8870705962181091,recursive_daily,xgboost_recent_weighted_daily
Can Tho city,2026-11-01,2026,11,1,17.850726356788698,0.8651015162467957,recursive_daily,xgboost_recent_weighted_daily
Can Tho city,2026-11-02,2026,11,2,13.1258233716519,0.83381187915802,recursive_daily,xgboost_recent_weighted_daily
Can Tho city,2026-11-03,2026,11,3,18.647744723308744,0.8670375347137451,recursive_daily,xgboost_recent_weighted_daily
Can Tho city,2026-11-04,2026,11,4,19.43500706491112,0.8287091851234436,recursive_daily,xgboost_recent_weighted_daily
Can Tho city,2026-11-05,2026,11,5,20.559807209031742,0.762013852596283,recursive_daily,xgboost_recent_weighted_daily
Can Tho city,2026-11-06,2026,11,6,16.879593011543008,0.6904865503311157,recursive_daily,xgboost_recent_weighted_daily
Can Tho city,2026-11-07,2026,11,7,16.466970987781792,0.7556704878807068,recursive_daily,xgboost_recent_weighted_daily
Can Tho city,2026-11-08,2026,11,8,10.692064467826714,0.7375763058662415,recursive_daily,xgboost_recent_weighted_daily
Can Tho city,2026-11-09,2026,11,9,15.929640193623515,0.6909797191619873,recursive_daily,xgboost_recent_weighted_daily
Can Tho city,2026-11-10,2026,11,10,11.063907830661902,0.7500055432319641,recursive_daily,xgboost_recent_weighted_daily
Can Tho city,2026-11-11,2026,11,11,11.15329495518872,0.7357483506202698,recursive_daily,xgboost_recent_weighted_daily
Can Tho city,2026-11-12,2026,11,12,14.437769770806158,0.6388136744499207,recursive_daily,xgboost_recent_weighted_daily
Can Tho city,2026-11-13,2026,11,13,12.992380426156602,0.7193350791931152,recursive_daily,xgboost_recent_weighted_daily
Can Tho city,2026-11-14,2026,11,14,14.956793610279666,0.6806132197380066,recursive_daily,xgboost_recent_weighted_daily
Can Tho city,2026-11-15,2026,11,15,11.79381837667318,0.6109715104103088,recursive_daily,xgboost_recent_weighted_daily
Can Tho city,2026-11-16,2026,11,16,12.57892811716338,0.616416871547699,recursive_daily,xgboost_recent_weighted_daily
Can Tho city,2026-11-17,2026,11,17,14.620895370704558,0.6347246170043945,recursive_daily,xgboost_recent_weighted_daily
Can Tho city,2026-11-18,2026,11,18,15.588675618415659,0.5789597630500793,recursive_daily,xgboost_recent_weighted_daily
Can Tho city,2026-11-19,2026,11,19,0.0,0.2716962993144989,recursive_daily,xgboost_recent_weighted_daily
Can Tho city,2026-11-20,2026,11,20,8.086667927945232,0.5341721773147583,recursive_daily,xgboost_recent_weighted_daily
Can Tho city,2026-11-21,2026,11,21,11.032337752208914,0.4387598931789398,recursive_daily,xgboost_recent_weighted_daily
Can Tho city,2026-11-22,2026,11,22,13.79491205602045,0.7131867408752441,recursive_daily,xgboost_recent_weighted_daily
Can Tho city,2026-11-23,2026,11,23,12.674138488026001,0.5082089900970459,recursive_daily,xgboost_recent_weighted_daily
Can Tho city,2026-11-24,2026,11,24,12.184153041936197,0.6211211085319519,recursive_daily,xgboost_recent_weighted_daily
Can Tho city,2026-11-25,2026,11,25,10.076229905047306,0.39158084988594055,recursive_daily,xgboost_recent_weighted_daily
Can Tho city,2026-11-26,2026,11,26,10.09484960728348,0.3494804799556732,recursive_daily,xgboost_recent_weighted_daily
Can Tho city,2026-11-27,2026,11,27,10.414078819609514,0.6655451059341431,recursive_daily,xgboost_recent_weighted_daily
Can Tho city,2026-11-28,2026,11,28,8.934370110591766,0.6987349987030029,recursive_daily,xgboost_recent_weighted_daily
Can Tho city,2026-11-29,2026,11,29,10.22162765337766,0.6554993391036987,recursive_daily,xgboost_recent_weighted_daily
Can Tho city,2026-11-30,2026,11,30,10.835680451501826,0.5299747586250305,recursive_daily,xgboost_recent_weighted_daily
Can Tho city,2026-12-01,2026,12,1,11.929833853589816,0.5859106183052063,recursive_daily,xgboost_recent_weighted_daily
Can Tho city,2026-12-02,2026,12,2,0.0,0.1007608100771904,recursive_daily,xgboost_recent_weighted_daily
Can Tho city,2026-12-03,2026,12,3,0.0,0.1978004276752472,recursive_daily,xgboost_recent_weighted_daily
Can Tho city,2026-12-04,2026,12,4,0.0,0.21944908797740936,recursive_daily,xgboost_recent_weighted_daily
Can Tho city,2026-12-05,2026,12,5,0.0,0.20728306472301483,recursive_daily,xgboost_recent_weighted_daily
Can Tho city,2026-12-06,2026,12,6,0.0,0.1394418329000473,recursive_daily,xgboost_recent_weighted_daily
Can Tho city,2026-12-07,2026,12,7,0.0,0.09444550424814224,recursive_daily,xgboost_recent_weighted_daily
Can Tho city,2026-12-08,2026,12,8,0.0,0.12694261968135834,recursive_daily,xgboost_recent_weighted_daily
Can Tho city,2026-12-09,2026,12,9,0.0,0.07640179991722107,recursive_daily,xgboost_recent_weighted_daily
Can Tho city,2026-12-10,2026,12,10,0.0,0.03601722791790962,recursive_daily,xgboost_recent_weighted_daily
Can Tho city,2026-12-11,2026,12,11,0.0,0.04882972314953804,recursive_daily,xgboost_recent_weighted_daily
Can Tho city,2026-12-12,2026,12,12,0.0,0.08511931449174881,recursive_daily,xgboost_recent_weighted_daily
Can Tho city,2026-12-13,2026,12,13,0.0,0.13089440762996674,recursive_daily,xgboost_recent_weighted_daily
Can Tho city,2026-12-14,2026,12,14,0.0,0.04620562493801117,recursive_daily,xgboost_recent_weighted_daily
Can Tho city,2026-12-15,2026,12,15,0.0,0.07425793260335922,recursive_daily,xgboost_recent_weighted_daily
Can Tho city,2026-12-16,2026,12,16,0.0,0.0710914134979248,recursive_daily,xgboost_recent_weighted_daily
Can Tho city,2026-12-17,2026,12,17,0.0,0.10669814050197601,recursive_daily,xgboost_recent_weighted_daily
Can Tho city,2026-12-18,2026,12,18,0.0,0.09880398213863373,recursive_daily,xgboost_recent_weighted_daily
Can Tho city,2026-12-19,2026,12,19,0.0,0.21173006296157837,recursive_daily,xgboost_recent_weighted_daily
Can Tho city,2026-12-20,2026,12,20,0.0,0.09810946136713028,recursive_daily,xgboost_recent_weighted_daily
Can Tho city,2026-12-21,2026,12,21,0.0,0.10411210358142853,recursive_daily,xgboost_recent_weighted_daily
Can Tho city,2026-12-22,2026,12,22,0.0,0.07455974072217941,recursive_daily,xgboost_recent_weighted_daily
Can Tho city,2026-12-23,2026,12,23,0.0,0.03419779613614082,recursive_daily,xgboost_recent_weighted_daily
Can Tho city,2026-12-24,2026,12,24,0.0,0.04568563029170036,recursive_daily,xgboost_recent_weighted_daily
Can Tho city,2026-12-25,2026,12,25,0.0,0.02875928394496441,recursive_daily,xgboost_recent_weighted_daily
Can Tho city,2026-12-26,2026,12,26,0.0,0.020690636709332466,recursive_daily,xgboost_recent_weighted_daily
Can Tho city,2026-12-27,2026,12,27,0.0,0.01919691637158394,recursive_daily,xgboost_recent_weighted_daily
Can Tho city,2026-12-28,2026,12,28,0.0,0.020374534651637077,recursive_daily,xgboost_recent_weighted_daily
Can Tho city,2026-12-29,2026,12,29,0.0,0.02097058854997158,recursive_daily,xgboost_recent_weighted_daily
Can Tho city,2026-12-30,2026,12,30,0.0,0.01674799434840679,recursive_daily,xgboost_recent_weighted_daily
Can Tho city,2026-12-31,2026,12,31,0.0,0.013438182882964611,recursive_daily,xgboost_recent_weighted_daily
Dong Thap,2026-01-01,2026,1,1,0.0,0.06679600477218628,recursive_daily,xgboost_recent_weighted_daily
Dong Thap,2026-01-02,2026,1,2,0.0,0.029391475021839142,recursive_daily,xgboost_recent_weighted_daily
Dong Thap,2026-01-03,2026,1,3,0.0,0.053390469402074814,recursive_daily,xgboost_recent_weighted_daily
Dong Thap,2026-01-04,2026,1,4,0.0,0.03600197657942772,recursive_daily,xgboost_recent_weighted_daily
Dong Thap,2026-01-05,2026,1,5,0.0,0.04227055609226227,recursive_daily,xgboost_recent_weighted_daily
Dong Thap,2026-01-06,2026,1,6,0.0,0.0179447028785944,recursive_daily,xgboost_recent_weighted_daily
Dong Thap,2026-01-07,2026,1,7,0.0,0.019167842343449593,recursive_daily,xgboost_recent_weighted_daily
Dong Thap,2026-01-08,2026,1,8,0.0,0.03640123829245567,recursive_daily,xgboost_recent_weighted_daily
Dong Thap,2026-01-09,2026,1,9,0.0,0.0750739574432373,recursive_daily,xgboost_recent_weighted_daily
Dong Thap,2026-01-10,2026,1,10,0.0,0.05492334067821503,recursive_daily,xgboost_recent_weighted_daily
Dong Thap,2026-01-11,2026,1,11,0.0,0.1177017018198967,recursive_daily,xgboost_recent_weighted_daily
Dong Thap,2026-01-12,2026,1,12,0.0,0.12997978925704956,recursive_daily,xgboost_recent_weighted_daily
Dong Thap,2026-01-13,2026,1,13,0.0,0.061780188232660294,recursive_daily,xgboost_recent_weighted_daily
Dong Thap,2026-01-14,2026,1,14,0.0,0.04574952647089958,recursive_daily,xgboost_recent_weighted_daily
Dong Thap,2026-01-15,2026,1,15,0.0,0.10738757252693176,recursive_daily,xgboost_recent_weighted_daily
Dong Thap,2026-01-16,2026,1,16,0.0,0.04270588606595993,recursive_daily,xgboost_recent_weighted_daily
Dong Thap,2026-01-17,2026,1,17,0.0,0.058933328837156296,recursive_daily,xgboost_recent_weighted_daily
Dong Thap,2026-01-18,2026,1,18,0.0,0.025498351082205772,recursive_daily,xgboost_recent_weighted_daily
Dong Thap,2026-01-19,2026,1,19,0.0,0.03535489737987518,recursive_daily,xgboost_recent_weighted_daily
Dong Thap,2026-01-20,2026,1,20,0.0,0.06739261746406555,recursive_daily,xgboost_recent_weighted_daily
Dong Thap,2026-01-21,2026,1,21,0.0,0.05153140798211098,recursive_daily,xgboost_recent_weighted_daily
Dong Thap,2026-01-22,2026,1,22,0.0,0.0796414241194725,recursive_daily,xgboost_recent_weighted_daily
Dong Thap,2026-01-23,2026,1,23,0.0,0.03247065097093582,recursive_daily,xgboost_recent_weighted_daily
Dong Thap,2026-01-24,2026,1,24,0.0,0.039138972759246826,recursive_daily,xgboost_recent_weighted_daily
Dong Thap,2026-01-25,2026,1,25,0.0,0.07624317705631256,recursive_daily,xgboost_recent_weighted_daily
Dong Thap,2026-01-26,2026,1,26,0.0,0.08361554890871048,recursive_daily,xgboost_recent_weighted_daily
Dong Thap,2026-01-27,2026,1,27,0.0,0.18274444341659546,recursive_daily,xgboost_recent_weighted_daily
Dong Thap,2026-01-28,2026,1,28,0.0,0.08310429751873016,recursive_daily,xgboost_recent_weighted_daily
Dong Thap,2026-01-29,2026,1,29,0.0,0.19446636736392975,recursive_daily,xgboost_recent_weighted_daily
Dong Thap,2026-01-30,2026,1,30,0.0,0.06362668424844742,recursive_daily,xgboost_recent_weighted_daily
Dong Thap,2026-01-31,2026,1,31,0.0,0.1274564415216446,recursive_daily,xgboost_recent_weighted_daily
Dong Thap,2026-02-01,2026,2,1,0.0,0.010888053104281425,recursive_daily,xgboost_recent_weighted_daily
Dong Thap,2026-02-02,2026,2,2,0.0,0.062436509877443314,recursive_daily,xgboost_recent_weighted_daily
Dong Thap,2026-02-03,2026,2,3,0.0,0.05755240097641945,recursive_daily,xgboost_recent_weighted_daily
Dong Thap,2026-02-04,2026,2,4,0.0,0.024566715583205223,recursive_daily,xgboost_recent_weighted_daily
Dong Thap,2026-02-05,2026,2,5,0.0,0.0315481498837471,recursive_daily,xgboost_recent_weighted_daily
Dong Thap,2026-02-06,2026,2,6,0.0,0.08458010107278824,recursive_daily,xgboost_recent_weighted_daily
Dong Thap,2026-02-07,2026,2,7,0.0,0.06996863335371017,recursive_daily,xgboost_recent_weighted_daily
Dong Thap,2026-02-08,2026,2,8,0.0,0.06081923842430115,recursive_daily,xgboost_recent_weighted_daily
Dong Thap,2026-02-09,2026,2,9,0.0,0.04309773072600365,recursive_daily,xgboost_recent_weighted_daily
Dong Thap,2026-02-10,2026,2,10,0.0,0.17793798446655273,recursive_daily,xgboost_recent_weighted_daily
Dong Thap,2026-02-11,2026,2,11,0.0,0.0219782292842865,recursive_daily,xgboost_recent_weighted_daily
Dong Thap,2026-02-12,2026,2,12,0.0,0.05307001993060112,recursive_daily,xgboost_recent_weighted_daily
Dong Thap,2026-02-13,2026,2,13,0.0,0.04958125948905945,recursive_daily,xgboost_recent_weighted_daily
Dong Thap,2026-02-14,2026,2,14,0.0,0.09673970937728882,recursive_daily,xgboost_recent_weighted_daily
Dong Thap,2026-02-15,2026,2,15,0.0,0.1488303244113922,recursive_daily,xgboost_recent_weighted_daily
Dong Thap,2026-02-16,2026,2,16,0.0,0.1608743965625763,recursive_daily,xgboost_recent_weighted_daily
Dong Thap,2026-02-17,2026,2,17,0.0,0.12128850817680359,recursive_daily,xgboost_recent_weighted_daily
Dong Thap,2026-02-18,2026,2,18,0.0,0.11367658525705338,recursive_daily,xgboost_recent_weighted_daily
Dong Thap,2026-02-19,2026,2,19,0.0,0.11778919398784637,recursive_daily,xgboost_recent_weighted_daily
Dong Thap,2026-02-20,2026,2,20,0.0,0.2867850065231323,recursive_daily,xgboost_recent_weighted_daily
Dong Thap,2026-02-21,2026,2,21,0.0,0.1595410853624344,recursive_daily,xgboost_recent_weighted_daily
Dong Thap,2026-02-22,2026,2,22,0.0,0.06995628029108047,recursive_daily,xgboost_recent_weighted_daily
Dong Thap,2026-02-23,2026,2,23,0.0,0.04793854430317879,recursive_daily,xgboost_recent_weighted_daily
Dong Thap,2026-02-24,2026,2,24,0.0,0.08688217401504517,recursive_daily,xgboost_recent_weighted_daily
Dong Thap,2026-02-25,2026,2,25,0.0,0.12773334980010986,recursive_daily,xgboost_recent_weighted_daily
Dong Thap,2026-02-26,2026,2,26,0.0,0.120474673807621,recursive_daily,xgboost_recent_weighted_daily
Dong Thap,2026-02-27,2026,2,27,0.0,0.1448657512664795,recursive_daily,xgboost_recent_weighted_daily
Dong Thap,2026-02-28,2026,2,28,0.0,0.16353721916675568,recursive_daily,xgboost_recent_weighted_daily
Dong Thap,2026-03-01,2026,3,1,0.0,0.28332632780075073,recursive_daily,xgboost_recent_weighted_daily
Dong Thap,2026-03-02,2026,3,2,0.0,0.18926189839839935,recursive_daily,xgboost_recent_weighted_daily
Dong Thap,2026-03-03,2026,3,3,2.6859701168980377,0.31270721554756165,recursive_daily,xgboost_recent_weighted_daily
Dong Thap,2026-03-04,2026,3,4,0.0,0.29314595460891724,recursive_daily,xgboost_recent_weighted_daily
Dong Thap,2026-03-05,2026,3,5,0.0,0.23082873225212097,recursive_daily,xgboost_recent_weighted_daily
Dong Thap,2026-03-06,2026,3,6,0.0,0.24446582794189453,recursive_daily,xgboost_recent_weighted_daily
Dong Thap,2026-03-07,2026,3,7,0.0,0.27834510803222656,recursive_daily,xgboost_recent_weighted_daily
Dong Thap,2026-03-08,2026,3,8,3.9932671443410164,0.31481558084487915,recursive_daily,xgboost_recent_weighted_daily
Dong Thap,2026-03-09,2026,3,9,0.0,0.18776801228523254,recursive_daily,xgboost_recent_weighted_daily
Dong Thap,2026-03-10,2026,3,10,0.0,0.053223107010126114,recursive_daily,xgboost_recent_weighted_daily
Dong Thap,2026-03-11,2026,3,11,0.0,0.05297613888978958,recursive_daily,xgboost_recent_weighted_daily
Dong Thap,2026-03-12,2026,3,12,0.0,0.06130076199769974,recursive_daily,xgboost_recent_weighted_daily
Dong Thap,2026-03-13,2026,3,13,0.0,0.046882499009370804,recursive_daily,xgboost_recent_weighted_daily
Dong Thap,2026-03-14,2026,3,14,0.0,0.0594404973089695,recursive_daily,xgboost_recent_weighted_daily
Dong Thap,2026-03-15,2026,3,15,0.0,0.08276370167732239,recursive_daily,xgboost_recent_weighted_daily
Dong Thap,2026-03-16,2026,3,16,0.0,0.0748121440410614,recursive_daily,xgboost_recent_weighted_daily
Dong Thap,2026-03-17,2026,3,17,0.0,0.061131276190280914,recursive_daily,xgboost_recent_weighted_daily
Dong Thap,2026-03-18,2026,3,18,0.0,0.10495206713676453,recursive_daily,xgboost_recent_weighted_daily
Dong Thap,2026-03-19,2026,3,19,0.0,0.10698872059583664,recursive_daily,xgboost_recent_weighted_daily
Dong Thap,2026-03-20,2026,3,20,0.0,0.12351184338331223,recursive_daily,xgboost_recent_weighted_daily
Dong Thap,2026-03-21,2026,3,21,0.0,0.11159456521272659,recursive_daily,xgboost_recent_weighted_daily
Dong Thap,2026-03-22,2026,3,22,0.0,0.08750242739915848,recursive_daily,xgboost_recent_weighted_daily
Dong Thap,2026-03-23,2026,3,23,0.0,0.1116647869348526,recursive_daily,xgboost_recent_weighted_daily
Dong Thap,2026-03-24,2026,3,24,0.0,0.05741838738322258,recursive_daily,xgboost_recent_weighted_daily
Dong Thap,2026-03-25,2026,3,25,0.0,0.05389278754591942,recursive_daily,xgboost_recent_weighted_daily
Dong Thap,2026-03-26,2026,3,26,0.0,0.06545063853263855,recursive_daily,xgboost_recent_weighted_daily
Dong Thap,2026-03-27,2026,3,27,0.0,0.12130878120660782,recursive_daily,xgboost_recent_weighted_daily
Dong Thap,2026-03-28,2026,3,28,0.0,0.12816862761974335,recursive_daily,xgboost_recent_weighted_daily
Dong Thap,2026-03-29,2026,3,29,0.0,0.25958770513534546,recursive_daily,xgboost_recent_weighted_daily
Dong Thap,2026-03-30,2026,3,30,0.0,0.12476737797260284,recursive_daily,xgboost_recent_weighted_daily
Dong Thap,2026-03-31,2026,3,31,0.0,0.16468051075935364,recursive_daily,xgboost_recent_weighted_daily
Dong Thap,2026-04-01,2026,4,1,0.0,0.20286890864372253,recursive_daily,xgboost_recent_weighted_daily
Dong Thap,2026-04-02,2026,4,2,0.0,0.24397948384284973,recursive_daily,xgboost_recent_weighted_daily
Dong Thap,2026-04-03,2026,4,3,4.008280510370384,0.7823023796081543,recursive_daily,xgboost_recent_weighted_daily
Dong Thap,2026-04-04,2026,4,4,5.775635118229695,0.45915552973747253,recursive_daily,xgboost_recent_weighted_daily
Dong Thap,2026-04-05,2026,4,5,5.65564122010865,0.4647524058818817,recursive_daily,xgboost_recent_weighted_daily
Dong Thap,2026-04-06,2026,4,6,6.664599571525162,0.3772931694984436,recursive_daily,xgboost_recent_weighted_daily
Dong Thap,2026-04-07,2026,4,7,6.890722250496415,0.3823132812976837,recursive_daily,xgboost_recent_weighted_daily
Dong Thap,2026-04-08,2026,4,8,7.397481762031242,0.43979257345199585,recursive_daily,xgboost_recent_weighted_daily
Dong Thap,2026-04-09,2026,4,9,7.5078273437536724,0.7119781970977783,recursive_daily,xgboost_recent_weighted_daily
Dong Thap,2026-04-10,2026,4,10,5.934136315967675,0.7748990058898926,recursive_daily,xgboost_recent_weighted_daily
Dong Thap,2026-04-11,2026,4,11,9.320743614688134,0.8288348913192749,recursive_daily,xgboost_recent_weighted_daily
Dong Thap,2026-04-12,2026,4,12,8.642315189021309,0.8256649971008301,recursive_daily,xgboost_recent_weighted_daily
Dong Thap,2026-04-13,2026,4,13,7.896528997627188,0.8542460203170776,recursive_daily,xgboost_recent_weighted_daily
Dong Thap,2026-04-14,2026,4,14,7.986505990130079,0.8300796151161194,recursive_daily,xgboost_recent_weighted_daily
Dong Thap,2026-04-15,2026,4,15,9.419117427708834,0.8819911479949951,recursive_daily,xgboost_recent_weighted_daily
Dong Thap,2026-04-16,2026,4,16,8.343532592689465,0.8855552673339844,recursive_daily,xgboost_recent_weighted_daily
Dong Thap,2026-04-17,2026,4,17,6.232232537141263,0.8874678611755371,recursive_daily,xgboost_recent_weighted_daily
Dong Thap,2026-04-18,2026,4,18,6.001710631134654,0.749980628490448,recursive_daily,xgboost_recent_weighted_daily
Dong Thap,2026-04-19,2026,4,19,6.345117775757644,0.8887186050415039,recursive_daily,xgboost_recent_weighted_daily
Dong Thap,2026-04-20,2026,4,20,6.3049871343406405,0.8727179765701294,recursive_daily,xgboost_recent_weighted_daily
Dong Thap,2026-04-21,2026,4,21,6.894636053026717,0.8773533701896667,recursive_daily,xgboost_recent_weighted_daily
Dong Thap,2026-04-22,2026,4,22,6.559185230009272,0.8582121133804321,recursive_daily,xgboost_recent_weighted_daily
Dong Thap,2026-04-23,2026,4,23,6.274829219698216,0.7933874130249023,recursive_daily,xgboost_recent_weighted_daily
Dong Thap,2026-04-24,2026,4,24,8.381347420443216,0.8522905707359314,recursive_daily,xgboost_recent_weighted_daily
Dong Thap,2026-04-25,2026,4,25,10.07978927262214,0.7752601504325867,recursive_daily,xgboost_recent_weighted_daily
Dong Thap,2026-04-26,2026,4,26,7.930542872652429,0.8057391047477722,recursive_daily,xgboost_recent_weighted_daily
Dong Thap,2026-04-27,2026,4,27,8.164195531195764,0.6682248115539551,recursive_daily,xgboost_recent_weighted_daily
Dong Thap,2026-04-28,2026,4,28,8.754827887735283,0.6071434020996094,recursive_daily,xgboost_recent_weighted_daily
Dong Thap,2026-04-29,2026,4,29,8.906432064248337,0.5445749759674072,recursive_daily,xgboost_recent_weighted_daily
Dong Thap,2026-04-30,2026,4,30,7.857200911354738,0.47970956563949585,recursive_daily,xgboost_recent_weighted_daily
Dong Thap,2026-05-01,2026,5,1,6.260559246802259,0.5171317458152771,recursive_daily,xgboost_recent_weighted_daily
Dong Thap,2026-05-02,2026,5,2,7.436081598925322,0.753468930721283,recursive_daily,xgboost_recent_weighted_daily
Dong Thap,2026-05-03,2026,5,3,6.957728897690682,0.6869767308235168,recursive_daily,xgboost_recent_weighted_daily
Dong Thap,2026-05-04,2026,5,4,7.065306441600784,0.7520691752433777,recursive_daily,xgboost_recent_weighted_daily
Dong Thap,2026-05-05,2026,5,5,6.726229781983907,0.7565827965736389,recursive_daily,xgboost_recent_weighted_daily
Dong Thap,2026-05-06,2026,5,6,7.070300544650067,0.7373879551887512,recursive_daily,xgboost_recent_weighted_daily
Dong Thap,2026-05-07,2026,5,7,7.303862557090253,0.8017802238464355,recursive_daily,xgboost_recent_weighted_daily
Dong Thap,2026-05-08,2026,5,8,7.200486337138866,0.7720726132392883,recursive_daily,xgboost_recent_weighted_daily
Dong Thap,2026-05-09,2026,5,9,6.959142218162198,0.6449829339981079,recursive_daily,xgboost_recent_weighted_daily
Dong Thap,2026-05-10,2026,5,10,7.189304705709599,0.699216365814209,recursive_daily,xgboost_recent_weighted_daily
Dong Thap,2026-05-11,2026,5,11,7.3769707629971055,0.6922712922096252,recursive_daily,xgboost_recent_weighted_daily
Dong Thap,2026-05-12,2026,5,12,7.912866610960291,0.7807433605194092,recursive_daily,xgboost_recent_weighted_daily
Dong Thap,2026-05-13,2026,5,13,8.501081053310166,0.7681914567947388,recursive_daily,xgboost_recent_weighted_daily
Dong Thap,2026-05-14,2026,5,14,8.798093478705313,0.698729932308197,recursive_daily,xgboost_recent_weighted_daily
Dong Thap,2026-05-15,2026,5,15,7.468332245999623,0.7010422945022583,recursive_daily,xgboost_recent_weighted_daily
Dong Thap,2026-05-16,2026,5,16,6.891093488375687,0.6519424915313721,recursive_daily,xgboost_recent_weighted_daily
Dong Thap,2026-05-17,2026,5,17,7.574208070444627,0.6852636933326721,recursive_daily,xgboost_recent_weighted_daily
Dong Thap,2026-05-18,2026,5,18,7.023881570381723,0.6420808434486389,recursive_daily,xgboost_recent_weighted_daily
Dong Thap,2026-05-19,2026,5,19,7.40451589116701,0.7374754548072815,recursive_daily,xgboost_recent_weighted_daily
Dong Thap,2026-05-20,2026,5,20,7.8016878128790115,0.6689520478248596,recursive_daily,xgboost_recent_weighted_daily
Dong Thap,2026-05-21,2026,5,21,9.379728908737192,0.6197528839111328,recursive_daily,xgboost_recent_weighted_daily
Dong Thap,2026-05-22,2026,5,22,8.236352035149357,0.7017167806625366,recursive_daily,xgboost_recent_weighted_daily
Dong Thap,2026-05-23,2026,5,23,8.23285091319527,0.6233237385749817,recursive_daily,xgboost_recent_weighted_daily
Dong Thap,2026-05-24,2026,5,24,9.995161040585337,0.5786275267601013,recursive_daily,xgboost_recent_weighted_daily
Dong Thap,2026-05-25,2026,5,25,9.531126246462343,0.720852255821228,recursive_daily,xgboost_recent_weighted_daily
Dong Thap,2026-05-26,2026,5,26,9.378409410991217,0.6548221111297607,recursive_daily,xgboost_recent_weighted_daily
Dong Thap,2026-05-27,2026,5,27,9.450631878203199,0.5555331110954285,recursive_daily,xgboost_recent_weighted_daily
Dong Thap,2026-05-28,2026,5,28,9.907092037321382,0.57144695520401,recursive_daily,xgboost_recent_weighted_daily
Dong Thap,2026-05-29,2026,5,29,9.932630874322264,0.6163197755813599,recursive_daily,xgboost_recent_weighted_daily
Dong Thap,2026-05-30,2026,5,30,9.90265559011529,0.7090209722518921,recursive_daily,xgboost_recent_weighted_daily
Dong Thap,2026-05-31,2026,5,31,9.552696269524505,0.5800021290779114,recursive_daily,xgboost_recent_weighted_daily
Dong Thap,2026-06-01,2026,6,1,7.872827917895608,0.6813811659812927,recursive_daily,xgboost_recent_weighted_daily
Dong Thap,2026-06-02,2026,6,2,9.113766242262717,0.6730999946594238,recursive_daily,xgboost_recent_weighted_daily
Dong Thap,2026-06-03,2026,6,3,10.197001473651625,0.7246115803718567,recursive_daily,xgboost_recent_weighted_daily
Dong Thap,2026-06-04,2026,6,4,8.451301401486996,0.8093880414962769,recursive_daily,xgboost_recent_weighted_daily
Dong Thap,2026-06-05,2026,6,5,10.105770353813663,0.6911314725875854,recursive_daily,xgboost_recent_weighted_daily
Dong Thap,2026-06-06,2026,6,6,7.846362256400565,0.6134305596351624,recursive_daily,xgboost_recent_weighted_daily
Dong Thap,2026-06-07,2026,6,7,10.247110751912592,0.658988893032074,recursive_daily,xgboost_recent_weighted_daily
Dong Thap,2026-06-08,2026,6,8,9.407430262892824,0.7208946347236633,recursive_daily,xgboost_recent_weighted_daily
Dong Thap,2026-06-09,2026,6,9,8.828576285961702,0.7363330721855164,recursive_daily,xgboost_recent_weighted_daily
Dong Thap,2026-06-10,2026,6,10,9.874350204808058,0.6323251724243164,recursive_daily,xgboost_recent_weighted_daily
Dong Thap,2026-06-11,2026,6,11,10.491837133012233,0.643408477306366,recursive_daily,xgboost_recent_weighted_daily
Dong Thap,2026-06-12,2026,6,12,9.618088666116314,0.7544442415237427,recursive_daily,xgboost_recent_weighted_daily
Dong Thap,2026-06-13,2026,6,13,9.831559617199769,0.7389970421791077,recursive_daily,xgboost_recent_weighted_daily
Dong Thap,2026-06-14,2026,6,14,9.388003498493935,0.8019438982009888,recursive_daily,xgboost_recent_weighted_daily
Dong Thap,2026-06-15,2026,6,15,9.512791509845037,0.7593908905982971,recursive_daily,xgboost_recent_weighted_daily
Dong Thap,2026-06-16,2026,6,16,9.088271978988939,0.7283049821853638,recursive_daily,xgboost_recent_weighted_daily
Dong Thap,2026-06-17,2026,6,17,9.53510772541222,0.7487044334411621,recursive_daily,xgboost_recent_weighted_daily
Dong Thap,2026-06-18,2026,6,18,9.545514515379393,0.7819626927375793,recursive_daily,xgboost_recent_weighted_daily
Dong Thap,2026-06-19,2026,6,19,9.041115156498844,0.8393243551254272,recursive_daily,xgboost_recent_weighted_daily
Dong Thap,2026-06-20,2026,6,20,8.749751797050026,0.8483157157897949,recursive_daily,xgboost_recent_weighted_daily
Dong Thap,2026-06-21,2026,6,21,9.730051783052621,0.6966345310211182,recursive_daily,xgboost_recent_weighted_daily
Dong Thap,2026-06-22,2026,6,22,9.799054010595272,0.8594675064086914,recursive_daily,xgboost_recent_weighted_daily
Dong Thap,2026-06-23,2026,6,23,9.796769258372041,0.7895532250404358,recursive_daily,xgboost_recent_weighted_daily
Dong Thap,2026-06-24,2026,6,24,9.258589463379028,0.8416929841041565,recursive_daily,xgboost_recent_weighted_daily
Dong Thap,2026-06-25,2026,6,25,9.019547934424653,0.7063272595405579,recursive_daily,xgboost_recent_weighted_daily
Dong Thap,2026-06-26,2026,6,26,8.948335480247879,0.8084476590156555,recursive_daily,xgboost_recent_weighted_daily
Dong Thap,2026-06-27,2026,6,27,9.938510559616509,0.7759972810745239,recursive_daily,xgboost_recent_weighted_daily
Dong Thap,2026-06-28,2026,6,28,9.129948027603007,0.8798871040344238,recursive_daily,xgboost_recent_weighted_daily
Dong Thap,2026-06-29,2026,6,29,9.21509248561748,0.8156091570854187,recursive_daily,xgboost_recent_weighted_daily
Dong Thap,2026-06-30,2026,6,30,9.605588992826933,0.7045862078666687,recursive_daily,xgboost_recent_weighted_daily
Dong Thap,2026-07-01,2026,7,1,9.371741934165795,0.804847240447998,recursive_daily,xgboost_recent_weighted_daily
Dong Thap,2026-07-02,2026,7,2,9.324764494722952,0.7560911178588867,recursive_daily,xgboost_recent_weighted_daily
Dong Thap,2026-07-03,2026,7,3,9.56615385604475,0.7135137915611267,recursive_daily,xgboost_recent_weighted_daily
Dong Thap,2026-07-04,2026,7,4,9.160656253390849,0.750213086605072,recursive_daily,xgboost_recent_weighted_daily
Dong Thap,2026-07-05,2026,7,5,9.477911759107633,0.6878195405006409,recursive_daily,xgboost_recent_weighted_daily
Dong Thap,2026-07-06,2026,7,6,8.842419799469129,0.7154141068458557,recursive_daily,xgboost_recent_weighted_daily
Dong Thap,2026-07-07,2026,7,7,9.174854346271905,0.5709237456321716,recursive_daily,xgboost_recent_weighted_daily
Dong Thap,2026-07-08,2026,7,8,9.764470151470633,0.7549296021461487,recursive_daily,xgboost_recent_weighted_daily
Dong Thap,2026-07-09,2026,7,9,9.15085093737667,0.8441550135612488,recursive_daily,xgboost_recent_weighted_daily
Dong Thap,2026-07-10,2026,7,10,8.88965168573591,0.683032214641571,recursive_daily,xgboost_recent_weighted_daily
Dong Thap,2026-07-11,2026,7,11,9.845891287343747,0.6893825531005859,recursive_daily,xgboost_recent_weighted_daily
Dong Thap,2026-07-12,2026,7,12,8.796967391394931,0.8089299201965332,recursive_daily,xgboost_recent_weighted_daily
Dong Thap,2026-07-13,2026,7,13,8.648594257658548,0.8371054530143738,recursive_daily,xgboost_recent_weighted_daily
Dong Thap,2026-07-14,2026,7,14,9.209915418850823,0.7532350420951843,recursive_daily,xgboost_recent_weighted_daily
Dong Thap,2026-07-15,2026,7,15,9.109044541489798,0.7599633932113647,recursive_daily,xgboost_recent_weighted_daily
Dong Thap,2026-07-16,2026,7,16,9.213566138205639,0.7457616925239563,recursive_daily,xgboost_recent_weighted_daily
Dong Thap,2026-07-17,2026,7,17,9.230211993921587,0.8077619075775146,recursive_daily,xgboost_recent_weighted_daily
Dong Thap,2026-07-18,2026,7,18,8.846619594485231,0.8650315403938293,recursive_daily,xgboost_recent_weighted_daily
Dong Thap,2026-07-19,2026,7,19,9.58299425983453,0.733711302280426,recursive_daily,xgboost_recent_weighted_daily
Dong Thap,2026-07-20,2026,7,20,9.564962398401251,0.7651026248931885,recursive_daily,xgboost_recent_weighted_daily
Dong Thap,2026-07-21,2026,7,21,8.736536878463472,0.7531919479370117,recursive_daily,xgboost_recent_weighted_daily
Dong Thap,2026-07-22,2026,7,22,10.289559562973231,0.7361437082290649,recursive_daily,xgboost_recent_weighted_daily
Dong Thap,2026-07-23,2026,7,23,9.939136976450206,0.7364211678504944,recursive_daily,xgboost_recent_weighted_daily
Dong Thap,2026-07-24,2026,7,24,8.983256180456747,0.744164764881134,recursive_daily,xgboost_recent_weighted_daily
Dong Thap,2026-07-25,2026,7,25,9.043960923551179,0.7311515212059021,recursive_daily,xgboost_recent_weighted_daily
Dong Thap,2026-07-26,2026,7,26,10.02102326822538,0.757491946220398,recursive_daily,xgboost_recent_weighted_daily
Dong Thap,2026-07-27,2026,7,27,8.896003325126902,0.7626500725746155,recursive_daily,xgboost_recent_weighted_daily
Dong Thap,2026-07-28,2026,7,28,10.09019282739817,0.783916711807251,recursive_daily,xgboost_recent_weighted_daily
Dong Thap,2026-07-29,2026,7,29,9.612252692750115,0.7760850787162781,recursive_daily,xgboost_recent_weighted_daily
Dong Thap,2026-07-30,2026,7,30,9.88295962878637,0.7959653735160828,recursive_daily,xgboost_recent_weighted_daily
Dong Thap,2026-07-31,2026,7,31,9.585112709942264,0.7373993396759033,recursive_daily,xgboost_recent_weighted_daily
Dong Thap,2026-08-01,2026,8,1,9.635709486416792,0.8434834480285645,recursive_daily,xgboost_recent_weighted_daily
Dong Thap,2026-08-02,2026,8,2,10.210992803709109,0.7244002223014832,recursive_daily,xgboost_recent_weighted_daily
Dong Thap,2026-08-03,2026,8,3,9.174447481108427,0.7475254535675049,recursive_daily,xgboost_recent_weighted_daily
Dong Thap,2026-08-04,2026,8,4,11.476071510530668,0.786957859992981,recursive_daily,xgboost_recent_weighted_daily
Dong Thap,2026-08-05,2026,8,5,9.031891975530813,0.6570878028869629,recursive_daily,xgboost_recent_weighted_daily
Dong Thap,2026-08-06,2026,8,6,10.650330355575527,0.716086745262146,recursive_daily,xgboost_recent_weighted_daily
Dong Thap,2026-08-07,2026,8,7,9.941129816384283,0.7242317199707031,recursive_daily,xgboost_recent_weighted_daily
Dong Thap,2026-08-08,2026,8,8,9.62633246017578,0.798934817314148,recursive_daily,xgboost_recent_weighted_daily
Dong Thap,2026-08-09,2026,8,9,10.927299555102266,0.6942409873008728,recursive_daily,xgboost_recent_weighted_daily
Dong Thap,2026-08-10,2026,8,10,9.783129756525735,0.7680293917655945,recursive_daily,xgboost_recent_weighted_daily
Dong Thap,2026-08-11,2026,8,11,11.411554933759996,0.7255810499191284,recursive_daily,xgboost_recent_weighted_daily
Dong Thap,2026-08-12,2026,8,12,9.679235976524502,0.7877101898193359,recursive_daily,xgboost_recent_weighted_daily
Dong Thap,2026-08-13,2026,8,13,10.886572284325588,0.7937637567520142,recursive_daily,xgboost_recent_weighted_daily
Dong Thap,2026-08-14,2026,8,14,9.41883274389726,0.6385934352874756,recursive_daily,xgboost_recent_weighted_daily
Dong Thap,2026-08-15,2026,8,15,9.45904680324237,0.6802116632461548,recursive_daily,xgboost_recent_weighted_daily
Dong Thap,2026-08-16,2026,8,16,9.941262466389606,0.7303574085235596,recursive_daily,xgboost_recent_weighted_daily
Dong Thap,2026-08-17,2026,8,17,11.123109810052023,0.743767261505127,recursive_daily,xgboost_recent_weighted_daily
Dong Thap,2026-08-18,2026,8,18,10.220750794996304,0.7776005864143372,recursive_daily,xgboost_recent_weighted_daily
Dong Thap,2026-08-19,2026,8,19,10.31769802222372,0.7283086180686951,recursive_daily,xgboost_recent_weighted_daily
Dong Thap,2026-08-20,2026,8,20,10.8364563290312,0.6954157948493958,recursive_daily,xgboost_recent_weighted_daily
Dong Thap,2026-08-21,2026,8,21,10.960993003237723,0.6441821455955505,recursive_daily,xgboost_recent_weighted_daily
Dong Thap,2026-08-22,2026,8,22,10.276205060943544,0.7260878682136536,recursive_daily,xgboost_recent_weighted_daily
Dong Thap,2026-08-23,2026,8,23,10.807818654749385,0.7261099219322205,recursive_daily,xgboost_recent_weighted_daily
Dong Thap,2026-08-24,2026,8,24,11.086047118422782,0.7732864022254944,recursive_daily,xgboost_recent_weighted_daily
Dong Thap,2026-08-25,2026,8,25,10.569413317240977,0.6399297118186951,recursive_daily,xgboost_recent_weighted_daily
Dong Thap,2026-08-26,2026,8,26,12.186025961483988,0.7598554491996765,recursive_daily,xgboost_recent_weighted_daily
Dong Thap,2026-08-27,2026,8,27,15.203951521527785,0.6488485932350159,recursive_daily,xgboost_recent_weighted_daily
Dong Thap,2026-08-28,2026,8,28,11.96788982601734,0.7233056426048279,recursive_daily,xgboost_recent_weighted_daily
Dong Thap,2026-08-29,2026,8,29,11.425545363299852,0.49502941966056824,recursive_daily,xgboost_recent_weighted_daily
Dong Thap,2026-08-30,2026,8,30,14.63905990876109,0.6620463728904724,recursive_daily,xgboost_recent_weighted_daily
Dong Thap,2026-08-31,2026,8,31,15.215009850506577,0.7554473280906677,recursive_daily,xgboost_recent_weighted_daily
Dong Thap,2026-09-01,2026,9,1,13.99676621305526,0.6082843542098999,recursive_daily,xgboost_recent_weighted_daily
Dong Thap,2026-09-02,2026,9,2,13.792067127366446,0.5971208214759827,recursive_daily,xgboost_recent_weighted_daily
Dong Thap,2026-09-03,2026,9,3,17.031838725866834,0.6061018109321594,recursive_daily,xgboost_recent_weighted_daily
Dong Thap,2026-09-04,2026,9,4,12.312998836679286,0.7021034359931946,recursive_daily,xgboost_recent_weighted_daily
Dong Thap,2026-09-05,2026,9,5,12.06324075388629,0.6713447570800781,recursive_daily,xgboost_recent_weighted_daily
Dong Thap,2026-09-06,2026,9,6,13.379676888171245,0.5981574654579163,recursive_daily,xgboost_recent_weighted_daily
Dong Thap,2026-09-07,2026,9,7,13.867896576436008,0.6891120672225952,recursive_daily,xgboost_recent_weighted_daily
Dong Thap,2026-09-08,2026,9,8,14.358333687750461,0.7472759485244751,recursive_daily,xgboost_recent_weighted_daily
Dong Thap,2026-09-09,2026,9,9,12.230646524194823,0.70263671875,recursive_daily,xgboost_recent_weighted_daily
Dong Thap,2026-09-10,2026,9,10,10.973764204869598,0.5633530616760254,recursive_daily,xgboost_recent_weighted_daily
Dong Thap,2026-09-11,2026,9,11,14.226890531150168,0.7963762283325195,recursive_daily,xgboost_recent_weighted_daily
Dong Thap,2026-09-12,2026,9,12,15.202720211689341,0.7662025690078735,recursive_daily,xgboost_recent_weighted_daily
Dong Thap,2026-09-13,2026,9,13,13.431868629024638,0.700302004814148,recursive_daily,xgboost_recent_weighted_daily
Dong Thap,2026-09-14,2026,9,14,12.14735327979859,0.6313017010688782,recursive_daily,xgboost_recent_weighted_daily
Dong Thap,2026-09-15,2026,9,15,16.206415650865324,0.6486873626708984,recursive_daily,xgboost_recent_weighted_daily
Dong Thap,2026-09-16,2026,9,16,12.446496414647182,0.7885922789573669,recursive_daily,xgboost_recent_weighted_daily
Dong Thap,2026-09-17,2026,9,17,10.818649624799649,0.742938756942749,recursive_daily,xgboost_recent_weighted_daily
Dong Thap,2026-09-18,2026,9,18,16.50475999377997,0.7485922574996948,recursive_daily,xgboost_recent_weighted_daily
Dong Thap,2026-09-19,2026,9,19,18.18092056415397,0.731600821018219,recursive_daily,xgboost_recent_weighted_daily
Dong Thap,2026-09-20,2026,9,20,12.646296072827013,0.7937498688697815,recursive_daily,xgboost_recent_weighted_daily
Dong Thap,2026-09-21,2026,9,21,10.801334004523122,0.834627091884613,recursive_daily,xgboost_recent_weighted_daily
Dong Thap,2026-09-22,2026,9,22,13.435513704623974,0.6835135817527771,recursive_daily,xgboost_recent_weighted_daily
Dong Thap,2026-09-23,2026,9,23,16.542860020557416,0.8234309554100037,recursive_daily,xgboost_recent_weighted_daily
Dong Thap,2026-09-24,2026,9,24,16.583536629433713,0.8704452514648438,recursive_daily,xgboost_recent_weighted_daily
Dong Thap,2026-09-25,2026,9,25,12.875647022583447,0.759837806224823,recursive_daily,xgboost_recent_weighted_daily
Dong Thap,2026-09-26,2026,9,26,12.45714784834007,0.7421993613243103,recursive_daily,xgboost_recent_weighted_daily
Dong Thap,2026-09-27,2026,9,27,11.9739824408798,0.7541516423225403,recursive_daily,xgboost_recent_weighted_daily
Dong Thap,2026-09-28,2026,9,28,14.797426428662538,0.8005963563919067,recursive_daily,xgboost_recent_weighted_daily
Dong Thap,2026-09-29,2026,9,29,11.736427030915157,0.7621236443519592,recursive_daily,xgboost_recent_weighted_daily
Dong Thap,2026-09-30,2026,9,30,16.204636315098867,0.7377095222473145,recursive_daily,xgboost_recent_weighted_daily
Dong Thap,2026-10-01,2026,10,1,19.84030373604534,0.8531307578086853,recursive_daily,xgboost_recent_weighted_daily
Dong Thap,2026-10-02,2026,10,2,17.086126939569485,0.8878211975097656,recursive_daily,xgboost_recent_weighted_daily
Dong Thap,2026-10-03,2026,10,3,13.938969564207403,0.805799663066864,recursive_daily,xgboost_recent_weighted_daily
Dong Thap,2026-10-04,2026,10,4,16.562445313786572,0.8862295746803284,recursive_daily,xgboost_recent_weighted_daily
Dong Thap,2026-10-05,2026,10,5,22.00927267863778,0.8063801527023315,recursive_daily,xgboost_recent_weighted_daily
Dong Thap,2026-10-06,2026,10,6,18.05702971595528,0.9372166395187378,recursive_daily,xgboost_recent_weighted_daily
Dong Thap,2026-10-07,2026,10,7,11.849791555366558,0.7669708132743835,recursive_daily,xgboost_recent_weighted_daily
Dong Thap,2026-10-08,2026,10,8,12.532820583527922,0.8410233855247498,recursive_daily,xgboost_recent_weighted_daily
Dong Thap,2026-10-09,2026,10,9,18.067837635098225,0.8324588537216187,recursive_daily,xgboost_recent_weighted_daily
Dong Thap,2026-10-10,2026,10,10,18.43105228883226,0.9488776326179504,recursive_daily,xgboost_recent_weighted_daily
Dong Thap,2026-10-11,2026,10,11,17.84297205937597,0.9185364842414856,recursive_daily,xgboost_recent_weighted_daily
Dong Thap,2026-10-12,2026,10,12,13.890255031911463,0.7935619950294495,recursive_daily,xgboost_recent_weighted_daily
Dong Thap,2026-10-13,2026,10,13,16.15817559186751,0.9396894574165344,recursive_daily,xgboost_recent_weighted_daily
Dong Thap,2026-10-14,2026,10,14,13.348373942164207,0.9415785670280457,recursive_daily,xgboost_recent_weighted_daily
Dong Thap,2026-10-15,2026,10,15,12.273128812496013,0.8726806044578552,recursive_daily,xgboost_recent_weighted_daily
Dong Thap,2026-10-16,2026,10,16,15.212661052575045,0.8877752423286438,recursive_daily,xgboost_recent_weighted_daily
Dong Thap,2026-10-17,2026,10,17,13.751702989845649,0.910338282585144,recursive_daily,xgboost_recent_weighted_daily
Dong Thap,2026-10-18,2026,10,18,18.365852252902307,0.7566329836845398,recursive_daily,xgboost_recent_weighted_daily
Dong Thap,2026-10-19,2026,10,19,13.670213219827232,0.8459988236427307,recursive_daily,xgboost_recent_weighted_daily
Dong Thap,2026-10-20,2026,10,20,16.30305621754985,0.7188761830329895,recursive_daily,xgboost_recent_weighted_daily
Dong Thap,2026-10-21,2026,10,21,14.697488088681968,0.8940255045890808,recursive_daily,xgboost_recent_weighted_daily
Dong Thap,2026-10-22,2026,10,22,18.58955275356657,0.9036930203437805,recursive_daily,xgboost_recent_weighted_daily
Dong Thap,2026-10-23,2026,10,23,16.720048436775564,0.7620645761489868,recursive_daily,xgboost_recent_weighted_daily
Dong Thap,2026-10-24,2026,10,24,15.319449061640423,0.803084671497345,recursive_daily,xgboost_recent_weighted_daily
Dong Thap,2026-10-25,2026,10,25,14.287679138259602,0.8440488576889038,recursive_daily,xgboost_recent_weighted_daily
Dong Thap,2026-10-26,2026,10,26,13.18301762383662,0.7646410465240479,recursive_daily,xgboost_recent_weighted_daily
Dong Thap,2026-10-27,2026,10,27,16.907283440722022,0.7250190377235413,recursive_daily,xgboost_recent_weighted_daily
Dong Thap,2026-10-28,2026,10,28,12.915537740435328,0.8404733538627625,recursive_daily,xgboost_recent_weighted_daily
Dong Thap,2026-10-29,2026,10,29,20.72499563045742,0.752547562122345,recursive_daily,xgboost_recent_weighted_daily
Dong Thap,2026-10-30,2026,10,30,12.985574871104326,0.8504509329795837,recursive_daily,xgboost_recent_weighted_daily
Dong Thap,2026-10-31,2026,10,31,13.023652385193056,0.7548457980155945,recursive_daily,xgboost_recent_weighted_daily
Dong Thap,2026-11-01,2026,11,1,13.486531535955221,0.7856968641281128,recursive_daily,xgboost_recent_weighted_daily
Dong Thap,2026-11-02,2026,11,2,15.97373305810267,0.8736438155174255,recursive_daily,xgboost_recent_weighted_daily
Dong Thap,2026-11-03,2026,11,3,17.99434863488725,0.7898774743080139,recursive_daily,xgboost_recent_weighted_daily
Dong Thap,2026-11-04,2026,11,4,15.303107631137145,0.867447555065155,recursive_daily,xgboost_recent_weighted_daily
Dong Thap,2026-11-05,2026,11,5,17.440825428229807,0.5775294303894043,recursive_daily,xgboost_recent_weighted_daily
Dong Thap,2026-11-06,2026,11,6,15.114431443911824,0.7865622639656067,recursive_daily,xgboost_recent_weighted_daily
Dong Thap,2026-11-07,2026,11,7,13.988772247148024,0.7840442657470703,recursive_daily,xgboost_recent_weighted_daily
Dong Thap,2026-11-08,2026,11,8,11.475753841261472,0.6524932384490967,recursive_daily,xgboost_recent_weighted_daily
Dong Thap,2026-11-09,2026,11,9,16.145282577819394,0.6707821488380432,recursive_daily,xgboost_recent_weighted_daily
Dong Thap,2026-11-10,2026,11,10,12.520823888294002,0.6881982684135437,recursive_daily,xgboost_recent_weighted_daily
Dong Thap,2026-11-11,2026,11,11,16.83304960506297,0.5677650570869446,recursive_daily,xgboost_recent_weighted_daily
Dong Thap,2026-11-12,2026,11,12,10.777489844729711,0.6616394519805908,recursive_daily,xgboost_recent_weighted_daily
Dong Thap,2026-11-13,2026,11,13,14.74435217739328,0.7086847424507141,recursive_daily,xgboost_recent_weighted_daily
Dong Thap,2026-11-14,2026,11,14,13.067472603979102,0.650956928730011,recursive_daily,xgboost_recent_weighted_daily
Dong Thap,2026-11-15,2026,11,15,13.245784271808152,0.6813073754310608,recursive_daily,xgboost_recent_weighted_daily
Dong Thap,2026-11-16,2026,11,16,15.088361366716025,0.4281229078769684,recursive_daily,xgboost_recent_weighted_daily
Dong Thap,2026-11-17,2026,11,17,10.771912641336481,0.6145153045654297,recursive_daily,xgboost_recent_weighted_daily
Dong Thap,2026-11-18,2026,11,18,9.245314611987968,0.5011449456214905,recursive_daily,xgboost_recent_weighted_daily
Dong Thap,2026-11-19,2026,11,19,12.584869047415232,0.5247603058815002,recursive_daily,xgboost_recent_weighted_daily
Dong Thap,2026-11-20,2026,11,20,14.819793894867558,0.4984130263328552,recursive_daily,xgboost_recent_weighted_daily
Dong Thap,2026-11-21,2026,11,21,13.04962256724632,0.6446352005004883,recursive_daily,xgboost_recent_weighted_daily
Dong Thap,2026-11-22,2026,11,22,13.274853919163945,0.6194417476654053,recursive_daily,xgboost_recent_weighted_daily
Dong Thap,2026-11-23,2026,11,23,13.101367160181299,0.42400747537612915,recursive_daily,xgboost_recent_weighted_daily
Dong Thap,2026-11-24,2026,11,24,15.969614715686243,0.7618926763534546,recursive_daily,xgboost_recent_weighted_daily
Dong Thap,2026-11-25,2026,11,25,10.674040136080018,0.7639942765235901,recursive_daily,xgboost_recent_weighted_daily
Dong Thap,2026-11-26,2026,11,26,14.391525436360997,0.7931616306304932,recursive_daily,xgboost_recent_weighted_daily
Dong Thap,2026-11-27,2026,11,27,12.827418449554326,0.6114748120307922,recursive_daily,xgboost_recent_weighted_daily
Dong Thap,2026-11-28,2026,11,28,13.53864384657371,0.7605007886886597,recursive_daily,xgboost_recent_weighted_daily
Dong Thap,2026-11-29,2026,11,29,14.830159225519436,0.7765538692474365,recursive_daily,xgboost_recent_weighted_daily
Dong Thap,2026-11-30,2026,11,30,8.265318973741124,0.7862816452980042,recursive_daily,xgboost_recent_weighted_daily
Dong Thap,2026-12-01,2026,12,1,16.291623568176977,0.6396780014038086,recursive_daily,xgboost_recent_weighted_daily
Dong Thap,2026-12-02,2026,12,2,14.445473679465609,0.760086178779602,recursive_daily,xgboost_recent_weighted_daily
Dong Thap,2026-12-03,2026,12,3,14.457759845349567,0.7825252413749695,recursive_daily,xgboost_recent_weighted_daily
Dong Thap,2026-12-04,2026,12,4,7.04477049594314,0.5337734818458557,recursive_daily,xgboost_recent_weighted_daily
Dong Thap,2026-12-05,2026,12,5,9.351913389012458,0.6147688031196594,recursive_daily,xgboost_recent_weighted_daily
Dong Thap,2026-12-06,2026,12,6,13.064826841422386,0.5554597973823547,recursive_daily,xgboost_recent_weighted_daily
Dong Thap,2026-12-07,2026,12,7,11.265259651469188,0.6801947355270386,recursive_daily,xgboost_recent_weighted_daily
Dong Thap,2026-12-08,2026,12,8,13.47940670518591,0.39882880449295044,recursive_daily,xgboost_recent_weighted_daily
Dong Thap,2026-12-09,2026,12,9,13.706859935269481,0.37332436442375183,recursive_daily,xgboost_recent_weighted_daily
Dong Thap,2026-12-10,2026,12,10,10.484860396165212,0.4827464520931244,recursive_daily,xgboost_recent_weighted_daily
Dong Thap,2026-12-11,2026,12,11,14.510739076502476,0.5641089677810669,recursive_daily,xgboost_recent_weighted_daily
Dong Thap,2026-12-12,2026,12,12,12.529815039869519,0.47714608907699585,recursive_daily,xgboost_recent_weighted_daily
Dong Thap,2026-12-13,2026,12,13,14.84979125978653,0.3291267156600952,recursive_daily,xgboost_recent_weighted_daily
Dong Thap,2026-12-14,2026,12,14,16.98748173971588,0.5431621670722961,recursive_daily,xgboost_recent_weighted_daily
Dong Thap,2026-12-15,2026,12,15,10.964243850960456,0.41434353590011597,recursive_daily,xgboost_recent_weighted_daily
Dong Thap,2026-12-16,2026,12,16,13.380025460853817,0.3088318705558777,recursive_daily,xgboost_recent_weighted_daily
Dong Thap,2026-12-17,2026,12,17,11.023940489197624,0.4405284523963928,recursive_daily,xgboost_recent_weighted_daily
Dong Thap,2026-12-18,2026,12,18,17.40702700042434,0.6682913303375244,recursive_daily,xgboost_recent_weighted_daily
Dong Thap,2026-12-19,2026,12,19,13.831691098652401,0.7972928285598755,recursive_daily,xgboost_recent_weighted_daily
Dong Thap,2026-12-20,2026,12,20,13.043430567786585,0.3560761511325836,recursive_daily,xgboost_recent_weighted_daily
Dong Thap,2026-12-21,2026,12,21,14.71410962098224,0.44848763942718506,recursive_daily,xgboost_recent_weighted_daily
Dong Thap,2026-12-22,2026,12,22,12.23671167314787,0.48253968358039856,recursive_daily,xgboost_recent_weighted_daily
Dong Thap,2026-12-23,2026,12,23,15.383613669929328,0.4089430272579193,recursive_daily,xgboost_recent_weighted_daily
Dong Thap,2026-12-24,2026,12,24,12.713066353471367,0.7172778844833374,recursive_daily,xgboost_recent_weighted_daily
Dong Thap,2026-12-25,2026,12,25,15.160384039541706,0.3092662990093231,recursive_daily,xgboost_recent_weighted_daily
Dong Thap,2026-12-26,2026,12,26,15.048770474722218,0.39429810643196106,recursive_daily,xgboost_recent_weighted_daily
Dong Thap,2026-12-27,2026,12,27,11.639314617043855,0.5149526596069336,recursive_daily,xgboost_recent_weighted_daily
Dong Thap,2026-12-28,2026,12,28,0.0,0.28772976994514465,recursive_daily,xgboost_recent_weighted_daily
Dong Thap,2026-12-29,2026,12,29,0.0,0.24571961164474487,recursive_daily,xgboost_recent_weighted_daily
Dong Thap,2026-12-30,2026,12,30,0.0,0.1570766121149063,recursive_daily,xgboost_recent_weighted_daily
Dong Thap,2026-12-31,2026,12,31,4.816666325400582,0.305206298828125,recursive_daily,xgboost_recent_weighted_daily
Hau Giang,2026-01-01,2026,1,1,0.0,0.13100512325763702,recursive_daily,xgboost_recent_weighted_daily
Hau Giang,2026-01-02,2026,1,2,0.0,0.09414488077163696,recursive_daily,xgboost_recent_weighted_daily
Hau Giang,2026-01-03,2026,1,3,0.0,0.08031508326530457,recursive_daily,xgboost_recent_weighted_daily
Hau Giang,2026-01-04,2026,1,4,0.0,0.12235831469297409,recursive_daily,xgboost_recent_weighted_daily
Hau Giang,2026-01-05,2026,1,5,0.0,0.08107315748929977,recursive_daily,xgboost_recent_weighted_daily
Hau Giang,2026-01-06,2026,1,6,2.0032925545242364,0.2506682276725769,recursive_daily,xgboost_recent_weighted_daily
Hau Giang,2026-01-07,2026,1,7,2.5802839645990625,0.2716660499572754,recursive_daily,xgboost_recent_weighted_daily
Hau Giang,2026-01-08,2026,1,8,3.5995460345912047,0.37300148606300354,recursive_daily,xgboost_recent_weighted_daily
Hau Giang,2026-01-09,2026,1,9,5.165057971472275,0.3206973373889923,recursive_daily,xgboost_recent_weighted_daily
Hau Giang,2026-01-10,2026,1,10,5.842214802181865,0.359394371509552,recursive_daily,xgboost_recent_weighted_daily
Hau Giang,2026-01-11,2026,1,11,5.561382582305489,0.5705114006996155,recursive_daily,xgboost_recent_weighted_daily
Hau Giang,2026-01-12,2026,1,12,6.326486066233473,0.6463047862052917,recursive_daily,xgboost_recent_weighted_daily
Hau Giang,2026-01-13,2026,1,13,5.961965493706521,0.7424373626708984,recursive_daily,xgboost_recent_weighted_daily
Hau Giang,2026-01-14,2026,1,14,6.619360860612854,0.6868376731872559,recursive_daily,xgboost_recent_weighted_daily
Hau Giang,2026-01-15,2026,1,15,7.15603544064355,0.5951056480407715,recursive_daily,xgboost_recent_weighted_daily
Hau Giang,2026-01-16,2026,1,16,6.197582178126638,0.6132203340530396,recursive_daily,xgboost_recent_weighted_daily
Hau Giang,2026-01-17,2026,1,17,4.810138062753303,0.6972437500953674,recursive_daily,xgboost_recent_weighted_daily
Hau Giang,2026-01-18,2026,1,18,5.119943133167633,0.6879097819328308,recursive_daily,xgboost_recent_weighted_daily
Hau Giang,2026-01-19,2026,1,19,6.567055116595105,0.790504515171051,recursive_daily,xgboost_recent_weighted_daily
Hau Giang,2026-01-20,2026,1,20,7.702664076419221,0.6842576861381531,recursive_daily,xgboost_recent_weighted_daily
Hau Giang,2026-01-21,2026,1,21,8.567038540057242,0.5735695958137512,recursive_daily,xgboost_recent_weighted_daily
Hau Giang,2026-01-22,2026,1,22,7.230456513420914,0.5606516003608704,recursive_daily,xgboost_recent_weighted_daily
Hau Giang,2026-01-23,2026,1,23,6.74865019985474,0.48860904574394226,recursive_daily,xgboost_recent_weighted_daily
Hau Giang,2026-01-24,2026,1,24,6.191209222576287,0.3983689546585083,recursive_daily,xgboost_recent_weighted_daily
Hau Giang,2026-01-25,2026,1,25,8.40387117454866,0.541949987411499,recursive_daily,xgboost_recent_weighted_daily
Hau Giang,2026-01-26,2026,1,26,11.266681750208836,0.5456923246383667,recursive_daily,xgboost_recent_weighted_daily
Hau Giang,2026-01-27,2026,1,27,9.678204463852314,0.6250701546669006,recursive_daily,xgboost_recent_weighted_daily
Hau Giang,2026-01-28,2026,1,28,6.731421201301233,0.6167448163032532,recursive_daily,xgboost_recent_weighted_daily
Hau Giang,2026-01-29,2026,1,29,6.7809724707773045,0.4146918058395386,recursive_daily,xgboost_recent_weighted_daily
Hau Giang,2026-01-30,2026,1,30,7.368345431212439,0.4613182842731476,recursive_daily,xgboost_recent_weighted_daily
Hau Giang,2026-01-31,2026,1,31,9.056550420572858,0.6328659653663635,recursive_daily,xgboost_recent_weighted_daily
Hau Giang,2026-02-01,2026,2,1,11.196836717550157,0.6721789240837097,recursive_daily,xgboost_recent_weighted_daily
Hau Giang,2026-02-02,2026,2,2,12.086085086292764,0.771632730960846,recursive_daily,xgboost_recent_weighted_daily
Hau Giang,2026-02-03,2026,2,3,11.521525485576671,0.6592509746551514,recursive_daily,xgboost_recent_weighted_daily
Hau Giang,2026-02-04,2026,2,4,12.807959097213793,0.3379535377025604,recursive_daily,xgboost_recent_weighted_daily
Hau Giang,2026-02-05,2026,2,5,19.117814545403057,0.47042956948280334,recursive_daily,xgboost_recent_weighted_daily
Hau Giang,2026-02-06,2026,2,6,15.784958028421949,0.5893872380256653,recursive_daily,xgboost_recent_weighted_daily
Hau Giang,2026-02-07,2026,2,7,11.569562975859043,0.5257730484008789,recursive_daily,xgboost_recent_weighted_daily
Hau Giang,2026-02-08,2026,2,8,8.890505262543575,0.506793737411499,recursive_daily,xgboost_recent_weighted_daily
Hau Giang,2026-02-09,2026,2,9,10.077846153490736,0.44422969222068787,recursive_daily,xgboost_recent_weighted_daily
Hau Giang,2026-02-10,2026,2,10,11.606702560658041,0.6100072860717773,recursive_daily,xgboost_recent_weighted_daily
Hau Giang,2026-02-11,2026,2,11,13.037707464135968,0.768345832824707,recursive_daily,xgboost_recent_weighted_daily
Hau Giang,2026-02-12,2026,2,12,14.875489215291827,0.7170506119728088,recursive_daily,xgboost_recent_weighted_daily
Hau Giang,2026-02-13,2026,2,13,16.262272959073478,0.7376582622528076,recursive_daily,xgboost_recent_weighted_daily
Hau Giang,2026-02-14,2026,2,14,14.27474867524214,0.5207868814468384,recursive_daily,xgboost_recent_weighted_daily
Hau Giang,2026-02-15,2026,2,15,14.04485648111795,0.48669347167015076,recursive_daily,xgboost_recent_weighted_daily
Hau Giang,2026-02-16,2026,2,16,11.411797682945318,0.5390891432762146,recursive_daily,xgboost_recent_weighted_daily
Hau Giang,2026-02-17,2026,2,17,11.525692473132013,0.6089622974395752,recursive_daily,xgboost_recent_weighted_daily
Hau Giang,2026-02-18,2026,2,18,16.197937867331476,0.7566789388656616,recursive_daily,xgboost_recent_weighted_daily
Hau Giang,2026-02-19,2026,2,19,13.067678934133736,0.6429335474967957,recursive_daily,xgboost_recent_weighted_daily
Hau Giang,2026-02-20,2026,2,20,12.688849841722476,0.6091864109039307,recursive_daily,xgboost_recent_weighted_daily
Hau Giang,2026-02-21,2026,2,21,12.428934373850629,0.7569530606269836,recursive_daily,xgboost_recent_weighted_daily
Hau Giang,2026-02-22,2026,2,22,15.161238393441803,0.8454744219779968,recursive_daily,xgboost_recent_weighted_daily
Hau Giang,2026-02-23,2026,2,23,17.465298390883316,0.8168825507164001,recursive_daily,xgboost_recent_weighted_daily
Hau Giang,2026-02-24,2026,2,24,13.41482583956454,0.7980346083641052,recursive_daily,xgboost_recent_weighted_daily
Hau Giang,2026-02-25,2026,2,25,10.649580800093137,0.8041848540306091,recursive_daily,xgboost_recent_weighted_daily
Hau Giang,2026-02-26,2026,2,26,8.782093559560735,0.7462673187255859,recursive_daily,xgboost_recent_weighted_daily
Hau Giang,2026-02-27,2026,2,27,9.72368701958192,0.6613261699676514,recursive_daily,xgboost_recent_weighted_daily
Hau Giang,2026-02-28,2026,2,28,10.618460686480764,0.6899489760398865,recursive_daily,xgboost_recent_weighted_daily
Hau Giang,2026-03-01,2026,3,1,14.227624754371096,0.7423165440559387,recursive_daily,xgboost_recent_weighted_daily
Hau Giang,2026-03-02,2026,3,2,15.456082812817591,0.8059121966362,recursive_daily,xgboost_recent_weighted_daily
Hau Giang,2026-03-03,2026,3,3,11.965464035608461,0.6590443849563599,recursive_daily,xgboost_recent_weighted_daily
Hau Giang,2026-03-04,2026,3,4,11.330369982475712,0.6764547228813171,recursive_daily,xgboost_recent_weighted_daily
Hau Giang,2026-03-05,2026,3,5,11.967691889025016,0.7143371105194092,recursive_daily,xgboost_recent_weighted_daily
Hau Giang,2026-03-06,2026,3,6,14.21875489802385,0.7352021336555481,recursive_daily,xgboost_recent_weighted_daily
Hau Giang,2026-03-07,2026,3,7,15.279338909324933,0.724557101726532,recursive_daily,xgboost_recent_weighted_daily
Hau Giang,2026-03-08,2026,3,8,14.77297045881665,0.7520410418510437,recursive_daily,xgboost_recent_weighted_daily
Hau Giang,2026-03-09,2026,3,9,12.517740357179857,0.753409206867218,recursive_daily,xgboost_recent_weighted_daily
Hau Giang,2026-03-10,2026,3,10,13.297732247775624,0.6623858213424683,recursive_daily,xgboost_recent_weighted_daily
Hau Giang,2026-03-11,2026,3,11,19.283315530804163,0.7304046154022217,recursive_daily,xgboost_recent_weighted_daily
Hau Giang,2026-03-12,2026,3,12,12.307408588393598,0.8946810960769653,recursive_daily,xgboost_recent_weighted_daily
Hau Giang,2026-03-13,2026,3,13,10.800142760477797,0.7939378619194031,recursive_daily,xgboost_recent_weighted_daily
Hau Giang,2026-03-14,2026,3,14,11.373596433639237,0.8342248201370239,recursive_daily,xgboost_recent_weighted_daily
Hau Giang,2026-03-15,2026,3,15,14.088567018998265,0.6808064579963684,recursive_daily,xgboost_recent_weighted_daily
Hau Giang,2026-03-16,2026,3,16,11.685230229488793,0.6616932153701782,recursive_daily,xgboost_recent_weighted_daily
Hau Giang,2026-03-17,2026,3,17,12.698795774144036,0.6811555624008179,recursive_daily,xgboost_recent_weighted_daily
Hau Giang,2026-03-18,2026,3,18,15.956001084680155,0.8823868036270142,recursive_daily,xgboost_recent_weighted_daily
Hau Giang,2026-03-19,2026,3,19,15.86717867705992,0.8331574201583862,recursive_daily,xgboost_recent_weighted_daily
Hau Giang,2026-03-20,2026,3,20,18.510379504355296,0.8019543290138245,recursive_daily,xgboost_recent_weighted_daily
Hau Giang,2026-03-21,2026,3,21,9.016139674712903,0.7974868416786194,recursive_daily,xgboost_recent_weighted_daily
Hau Giang,2026-03-22,2026,3,22,6.065422383901732,0.6846894025802612,recursive_daily,xgboost_recent_weighted_daily
Hau Giang,2026-03-23,2026,3,23,8.69634224529426,0.6901727318763733,recursive_daily,xgboost_recent_weighted_daily
Hau Giang,2026-03-24,2026,3,24,14.50990820063221,0.789496898651123,recursive_daily,xgboost_recent_weighted_daily
Hau Giang,2026-03-25,2026,3,25,14.199080161391182,0.6117733716964722,recursive_daily,xgboost_recent_weighted_daily
Hau Giang,2026-03-26,2026,3,26,12.892422264696306,0.7129873037338257,recursive_daily,xgboost_recent_weighted_daily
Hau Giang,2026-03-27,2026,3,27,14.113409158522218,0.7914175987243652,recursive_daily,xgboost_recent_weighted_daily
Hau Giang,2026-03-28,2026,3,28,13.016243720170394,0.6391390562057495,recursive_daily,xgboost_recent_weighted_daily
Hau Giang,2026-03-29,2026,3,29,17.497939106877126,0.5723926424980164,recursive_daily,xgboost_recent_weighted_daily
Hau Giang,2026-03-30,2026,3,30,13.16963407062233,0.7402591705322266,recursive_daily,xgboost_recent_weighted_daily
Hau Giang,2026-03-31,2026,3,31,13.721141820809562,0.7042549252510071,recursive_daily,xgboost_recent_weighted_daily
Hau Giang,2026-04-01,2026,4,1,14.958601461290582,0.6967931985855103,recursive_daily,xgboost_recent_weighted_daily
Hau Giang,2026-04-02,2026,4,2,12.07019040176057,0.6247099041938782,recursive_daily,xgboost_recent_weighted_daily
Hau Giang,2026-04-03,2026,4,3,9.889151854599199,0.6231271624565125,recursive_daily,xgboost_recent_weighted_daily
Hau Giang,2026-04-04,2026,4,4,8.814095683155553,0.6799947023391724,recursive_daily,xgboost_recent_weighted_daily
Hau Giang,2026-04-05,2026,4,5,10.325459480758855,0.7837355732917786,recursive_daily,xgboost_recent_weighted_daily
Hau Giang,2026-04-06,2026,4,6,17.387849853474705,0.8304240107536316,recursive_daily,xgboost_recent_weighted_daily
Hau Giang,2026-04-07,2026,4,7,15.475144775814629,0.7166408896446228,recursive_daily,xgboost_recent_weighted_daily
Hau Giang,2026-04-08,2026,4,8,10.794430582300018,0.649101972579956,recursive_daily,xgboost_recent_weighted_daily
Hau Giang,2026-04-09,2026,4,9,9.52134404504555,0.582537055015564,recursive_daily,xgboost_recent_weighted_daily
Hau Giang,2026-04-10,2026,4,10,12.681480461982877,0.6566013097763062,recursive_daily,xgboost_recent_weighted_daily
Hau Giang,2026-04-11,2026,4,11,15.668124007469606,0.7000603675842285,recursive_daily,xgboost_recent_weighted_daily
Hau Giang,2026-04-12,2026,4,12,10.425971966761557,0.5681653022766113,recursive_daily,xgboost_recent_weighted_daily
Hau Giang,2026-04-13,2026,4,13,16.460530112919404,0.7568007707595825,recursive_daily,xgboost_recent_weighted_daily
Hau Giang,2026-04-14,2026,4,14,12.42745433505241,0.6706638932228088,recursive_daily,xgboost_recent_weighted_daily
Hau Giang,2026-04-15,2026,4,15,14.87513437197948,0.48151060938835144,recursive_daily,xgboost_recent_weighted_daily
Hau Giang,2026-04-16,2026,4,16,12.026343770053526,0.5573353171348572,recursive_daily,xgboost_recent_weighted_daily
Hau Giang,2026-04-17,2026,4,17,17.579915817813344,0.7213384509086609,recursive_daily,xgboost_recent_weighted_daily
Hau Giang,2026-04-18,2026,4,18,17.365367607925513,0.851967990398407,recursive_daily,xgboost_recent_weighted_daily
Hau Giang,2026-04-19,2026,4,19,15.133807941512783,0.7197640538215637,recursive_daily,xgboost_recent_weighted_daily
Hau Giang,2026-04-20,2026,4,20,9.596617451145974,0.6027578711509705,recursive_daily,xgboost_recent_weighted_daily
Hau Giang,2026-04-21,2026,4,21,8.093241736635067,0.5350340604782104,recursive_daily,xgboost_recent_weighted_daily
Hau Giang,2026-04-22,2026,4,22,10.168707128674562,0.8088314533233643,recursive_daily,xgboost_recent_weighted_daily
Hau Giang,2026-04-23,2026,4,23,15.00471575091366,0.8455705642700195,recursive_daily,xgboost_recent_weighted_daily
Hau Giang,2026-04-24,2026,4,24,12.17843994412042,0.7491815686225891,recursive_daily,xgboost_recent_weighted_daily
Hau Giang,2026-04-25,2026,4,25,14.73868173994204,0.6392297148704529,recursive_daily,xgboost_recent_weighted_daily
Hau Giang,2026-04-26,2026,4,26,15.946435731219125,0.8589410185813904,recursive_daily,xgboost_recent_weighted_daily
Hau Giang,2026-04-27,2026,4,27,12.01406483078602,0.6389733552932739,recursive_daily,xgboost_recent_weighted_daily
Hau Giang,2026-04-28,2026,4,28,15.364944414928008,0.4657248556613922,recursive_daily,xgboost_recent_weighted_daily
Hau Giang,2026-04-29,2026,4,29,10.663456446127066,0.7474409937858582,recursive_daily,xgboost_recent_weighted_daily
Hau Giang,2026-04-30,2026,4,30,12.647202133278304,0.7731450796127319,recursive_daily,xgboost_recent_weighted_daily
Hau Giang,2026-05-01,2026,5,1,12.517310342832337,0.9211755990982056,recursive_daily,xgboost_recent_weighted_daily
Hau Giang,2026-05-02,2026,5,2,12.677783643811267,0.8657746911048889,recursive_daily,xgboost_recent_weighted_daily
Hau Giang,2026-05-03,2026,5,3,15.635238879723982,0.8894034624099731,recursive_daily,xgboost_recent_weighted_daily
Hau Giang,2026-05-04,2026,5,4,14.610663938202366,0.9313965439796448,recursive_daily,xgboost_recent_weighted_daily
Hau Giang,2026-05-05,2026,5,5,13.524918433527215,0.9434776306152344,recursive_daily,xgboost_recent_weighted_daily
Hau Giang,2026-05-06,2026,5,6,15.856405915701371,0.8944176435470581,recursive_daily,xgboost_recent_weighted_daily
Hau Giang,2026-05-07,2026,5,7,15.672966014106732,0.9373227953910828,recursive_daily,xgboost_recent_weighted_daily
Hau Giang,2026-05-08,2026,5,8,15.429663069172063,0.915959894657135,recursive_daily,xgboost_recent_weighted_daily
Hau Giang,2026-05-09,2026,5,9,14.48526119241585,0.8969286680221558,recursive_daily,xgboost_recent_weighted_daily
Hau Giang,2026-05-10,2026,5,10,14.26930823807893,0.9254615902900696,recursive_daily,xgboost_recent_weighted_daily
Hau Giang,2026-05-11,2026,5,11,14.449209782007166,0.9504680037498474,recursive_daily,xgboost_recent_weighted_daily
Hau Giang,2026-05-12,2026,5,12,16.263811741077898,0.9506078958511353,recursive_daily,xgboost_recent_weighted_daily
Hau Giang,2026-05-13,2026,5,13,17.43080390683671,0.9708857536315918,recursive_daily,xgboost_recent_weighted_daily
Hau Giang,2026-05-14,2026,5,14,14.821916656908389,0.8990203738212585,recursive_daily,xgboost_recent_weighted_daily
Hau Giang,2026-05-15,2026,5,15,16.53432404492768,0.9252075552940369,recursive_daily,xgboost_recent_weighted_daily
Hau Giang,2026-05-16,2026,5,16,12.324376600866247,0.9026813507080078,recursive_daily,xgboost_recent_weighted_daily
Hau Giang,2026-05-17,2026,5,17,14.595527428646804,0.8576467633247375,recursive_daily,xgboost_recent_weighted_daily
Hau Giang,2026-05-18,2026,5,18,15.643262529706675,0.9553982615470886,recursive_daily,xgboost_recent_weighted_daily
Hau Giang,2026-05-19,2026,5,19,17.480438662870814,0.9495777487754822,recursive_daily,xgboost_recent_weighted_daily
Hau Giang,2026-05-20,2026,5,20,14.23134737492552,0.9549291729927063,recursive_daily,xgboost_recent_weighted_daily
Hau Giang,2026-05-21,2026,5,21,14.030244561931529,0.9365980625152588,recursive_daily,xgboost_recent_weighted_daily
Hau Giang,2026-05-22,2026,5,22,16.53183533696076,0.9558411240577698,recursive_daily,xgboost_recent_weighted_daily
Hau Giang,2026-05-23,2026,5,23,19.216290843069906,0.9344289898872375,recursive_daily,xgboost_recent_weighted_daily
Hau Giang,2026-05-24,2026,5,24,15.084595392911003,0.8213062286376953,recursive_daily,xgboost_recent_weighted_daily
Hau Giang,2026-05-25,2026,5,25,16.186040335403245,0.8261061906814575,recursive_daily,xgboost_recent_weighted_daily
Hau Giang,2026-05-26,2026,5,26,13.392470743242043,0.9252236485481262,recursive_daily,xgboost_recent_weighted_daily
Hau Giang,2026-05-27,2026,5,27,13.51889106714609,0.8239628076553345,recursive_daily,xgboost_recent_weighted_daily
Hau Giang,2026-05-28,2026,5,28,15.431317920958197,0.8707412481307983,recursive_daily,xgboost_recent_weighted_daily
Hau Giang,2026-05-29,2026,5,29,14.368993466518793,0.9160460829734802,recursive_daily,xgboost_recent_weighted_daily
Hau Giang,2026-05-30,2026,5,30,14.838772325096587,0.9086819887161255,recursive_daily,xgboost_recent_weighted_daily
Hau Giang,2026-05-31,2026,5,31,12.519451921747818,0.8859137892723083,recursive_daily,xgboost_recent_weighted_daily
Hau Giang,2026-06-01,2026,6,1,14.679995886156064,0.9493362903594971,recursive_daily,xgboost_recent_weighted_daily
Hau Giang,2026-06-02,2026,6,2,17.765839450436594,0.9546025395393372,recursive_daily,xgboost_recent_weighted_daily
Hau Giang,2026-06-03,2026,6,3,17.35354090122464,0.9218984842300415,recursive_daily,xgboost_recent_weighted_daily
Hau Giang,2026-06-04,2026,6,4,12.661583663082636,0.8378692865371704,recursive_daily,xgboost_recent_weighted_daily
Hau Giang,2026-06-05,2026,6,5,10.353423832839619,0.8503620028495789,recursive_daily,xgboost_recent_weighted_daily
Hau Giang,2026-06-06,2026,6,6,13.651442035604205,0.953727126121521,recursive_daily,xgboost_recent_weighted_daily
Hau Giang,2026-06-07,2026,6,7,15.036347363476978,0.9599653482437134,recursive_daily,xgboost_recent_weighted_daily
Hau Giang,2026-06-08,2026,6,8,15.16624470294889,0.9462001323699951,recursive_daily,xgboost_recent_weighted_daily
Hau Giang,2026-06-09,2026,6,9,15.724399488279111,0.9333397746086121,recursive_daily,xgboost_recent_weighted_daily
Hau Giang,2026-06-10,2026,6,10,18.228126985482803,0.9337770938873291,recursive_daily,xgboost_recent_weighted_daily
Hau Giang,2026-06-11,2026,6,11,14.560126087428149,0.9208291172981262,recursive_daily,xgboost_recent_weighted_daily
Hau Giang,2026-06-12,2026,6,12,14.692698126324082,0.8317161798477173,recursive_daily,xgboost_recent_weighted_daily
Hau Giang,2026-06-13,2026,6,13,18.378498919662466,0.9427592754364014,recursive_daily,xgboost_recent_weighted_daily
Hau Giang,2026-06-14,2026,6,14,20.44195846769211,0.9304528832435608,recursive_daily,xgboost_recent_weighted_daily
Hau Giang,2026-06-15,2026,6,15,18.53944916717199,0.8815413117408752,recursive_daily,xgboost_recent_weighted_daily
Hau Giang,2026-06-16,2026,6,16,18.964774939414873,0.8132683634757996,recursive_daily,xgboost_recent_weighted_daily
Hau Giang,2026-06-17,2026,6,17,19.3670836053737,0.7499515414237976,recursive_daily,xgboost_recent_weighted_daily
Hau Giang,2026-06-18,2026,6,18,23.17414012988557,0.7336857914924622,recursive_daily,xgboost_recent_weighted_daily
Hau Giang,2026-06-19,2026,6,19,19.705691029960903,0.863762617111206,recursive_daily,xgboost_recent_weighted_daily
Hau Giang,2026-06-20,2026,6,20,22.890119332302262,0.9273393750190735,recursive_daily,xgboost_recent_weighted_daily
Hau Giang,2026-06-21,2026,6,21,21.26630099279597,0.9471563696861267,recursive_daily,xgboost_recent_weighted_daily
Hau Giang,2026-06-22,2026,6,22,15.495661401328602,0.8969801068305969,recursive_daily,xgboost_recent_weighted_daily
Hau Giang,2026-06-23,2026,6,23,7.676875888965837,0.8008210062980652,recursive_daily,xgboost_recent_weighted_daily
Hau Giang,2026-06-24,2026,6,24,9.0090209097567,0.9182360768318176,recursive_daily,xgboost_recent_weighted_daily
Hau Giang,2026-06-25,2026,6,25,13.109307930951463,0.906211256980896,recursive_daily,xgboost_recent_weighted_daily
Hau Giang,2026-06-26,2026,6,26,12.330240376011428,0.9372386336326599,recursive_daily,xgboost_recent_weighted_daily
Hau Giang,2026-06-27,2026,6,27,6.934259636409795,0.9002043008804321,recursive_daily,xgboost_recent_weighted_daily
Hau Giang,2026-06-28,2026,6,28,5.847652630433429,0.9196037650108337,recursive_daily,xgboost_recent_weighted_daily
Hau Giang,2026-06-29,2026,6,29,11.096517444109065,0.802517831325531,recursive_daily,xgboost_recent_weighted_daily
Hau Giang,2026-06-30,2026,6,30,12.752709477330523,0.8964450359344482,recursive_daily,xgboost_recent_weighted_daily
Hau Giang,2026-07-01,2026,7,1,15.675398800930337,0.9647154808044434,recursive_daily,xgboost_recent_weighted_daily
Hau Giang,2026-07-02,2026,7,2,15.362841409562417,0.9700981974601746,recursive_daily,xgboost_recent_weighted_daily
Hau Giang,2026-07-03,2026,7,3,15.655868985711987,0.9567029476165771,recursive_daily,xgboost_recent_weighted_daily
Hau Giang,2026-07-04,2026,7,4,17.034523520032074,0.8627606630325317,recursive_daily,xgboost_recent_weighted_daily
Hau Giang,2026-07-05,2026,7,5,16.075458581125964,0.7702387571334839,recursive_daily,xgboost_recent_weighted_daily
Hau Giang,2026-07-06,2026,7,6,13.544963516658685,0.8033826947212219,recursive_daily,xgboost_recent_weighted_daily
Hau Giang,2026-07-07,2026,7,7,17.95783787643849,0.8824453949928284,recursive_daily,xgboost_recent_weighted_daily
Hau Giang,2026-07-08,2026,7,8,11.857016792866581,0.9153465032577515,recursive_daily,xgboost_recent_weighted_daily
Hau Giang,2026-07-09,2026,7,9,12.388678723059279,0.8048443794250488,recursive_daily,xgboost_recent_weighted_daily
Hau Giang,2026-07-10,2026,7,10,9.608304986822036,0.8724046945571899,recursive_daily,xgboost_recent_weighted_daily
Hau Giang,2026-07-11,2026,7,11,12.499054400171488,0.9424307346343994,recursive_daily,xgboost_recent_weighted_daily
Hau Giang,2026-07-12,2026,7,12,16.397486003554558,0.9325646162033081,recursive_daily,xgboost_recent_weighted_daily
Hau Giang,2026-07-13,2026,7,13,18.60897268880632,0.8614159226417542,recursive_daily,xgboost_recent_weighted_daily
Hau Giang,2026-07-14,2026,7,14,19.995856126842533,0.9176229238510132,recursive_daily,xgboost_recent_weighted_daily
Hau Giang,2026-07-15,2026,7,15,19.57040832499699,0.9486435055732727,recursive_daily,xgboost_recent_weighted_daily
Hau Giang,2026-07-16,2026,7,16,16.22544010032528,0.8809574246406555,recursive_daily,xgboost_recent_weighted_daily
Hau Giang,2026-07-17,2026,7,17,17.540116233135045,0.8134661912918091,recursive_daily,xgboost_recent_weighted_daily
Hau Giang,2026-07-18,2026,7,18,18.924599363786022,0.7153548002243042,recursive_daily,xgboost_recent_weighted_daily
Hau Giang,2026-07-19,2026,7,19,19.78078573181204,0.901894211769104,recursive_daily,xgboost_recent_weighted_daily
Hau Giang,2026-07-20,2026,7,20,22.446065518082335,0.8728923201560974,recursive_daily,xgboost_recent_weighted_daily
Hau Giang,2026-07-21,2026,7,21,19.342921419400984,0.8819108605384827,recursive_daily,xgboost_recent_weighted_daily
Hau Giang,2026-07-22,2026,7,22,13.446152517911386,0.7830996513366699,recursive_daily,xgboost_recent_weighted_daily
Hau Giang,2026-07-23,2026,7,23,12.90526902122006,0.842228353023529,recursive_daily,xgboost_recent_weighted_daily
Hau Giang,2026-07-24,2026,7,24,15.805642363354718,0.8917629718780518,recursive_daily,xgboost_recent_weighted_daily
Hau Giang,2026-07-25,2026,7,25,16.691723709663496,0.9041797518730164,recursive_daily,xgboost_recent_weighted_daily
Hau Giang,2026-07-26,2026,7,26,15.346235003325907,0.8806968927383423,recursive_daily,xgboost_recent_weighted_daily
Hau Giang,2026-07-27,2026,7,27,19.272476770054997,0.8692103028297424,recursive_daily,xgboost_recent_weighted_daily
Hau Giang,2026-07-28,2026,7,28,17.417225022545093,0.9104294776916504,recursive_daily,xgboost_recent_weighted_daily
Hau Giang,2026-07-29,2026,7,29,12.48139171072956,0.7792139649391174,recursive_daily,xgboost_recent_weighted_daily
Hau Giang,2026-07-30,2026,7,30,10.84290629393917,0.7457470893859863,recursive_daily,xgboost_recent_weighted_daily
Hau Giang,2026-07-31,2026,7,31,16.01704811773917,0.8817905187606812,recursive_daily,xgboost_recent_weighted_daily
Hau Giang,2026-08-01,2026,8,1,12.009350673151754,0.903715968132019,recursive_daily,xgboost_recent_weighted_daily
Hau Giang,2026-08-02,2026,8,2,18.491134558602926,0.8110830187797546,recursive_daily,xgboost_recent_weighted_daily
Hau Giang,2026-08-03,2026,8,3,15.541830072448958,0.930742621421814,recursive_daily,xgboost_recent_weighted_daily
Hau Giang,2026-08-04,2026,8,4,14.886928642153066,0.9075883626937866,recursive_daily,xgboost_recent_weighted_daily
Hau Giang,2026-08-05,2026,8,5,20.88957828065203,0.8556413650512695,recursive_daily,xgboost_recent_weighted_daily
Hau Giang,2026-08-06,2026,8,6,23.297925293585347,0.9041122198104858,recursive_daily,xgboost_recent_weighted_daily
Hau Giang,2026-08-07,2026,8,7,14.158253763567311,0.842951238155365,recursive_daily,xgboost_recent_weighted_daily
Hau Giang,2026-08-08,2026,8,8,13.037780898696967,0.729976236820221,recursive_daily,xgboost_recent_weighted_daily
Hau Giang,2026-08-09,2026,8,9,15.04121094319156,0.8068519830703735,recursive_daily,xgboost_recent_weighted_daily
Hau Giang,2026-08-10,2026,8,10,14.300089444464541,0.8834585547447205,recursive_daily,xgboost_recent_weighted_daily
Hau Giang,2026-08-11,2026,8,11,14.20453639547193,0.8627256751060486,recursive_daily,xgboost_recent_weighted_daily
Hau Giang,2026-08-12,2026,8,12,13.124593571124938,0.9239622354507446,recursive_daily,xgboost_recent_weighted_daily
Hau Giang,2026-08-13,2026,8,13,17.578238837090492,0.9354007244110107,recursive_daily,xgboost_recent_weighted_daily
Hau Giang,2026-08-14,2026,8,14,18.602435103433425,0.91402667760849,recursive_daily,xgboost_recent_weighted_daily
Hau Giang,2026-08-15,2026,8,15,15.967517736592592,0.8704869747161865,recursive_daily,xgboost_recent_weighted_daily
Hau Giang,2026-08-16,2026,8,16,11.11825240944777,0.8505280017852783,recursive_daily,xgboost_recent_weighted_daily
Hau Giang,2026-08-17,2026,8,17,13.765095233465695,0.8329224586486816,recursive_daily,xgboost_recent_weighted_daily
Hau Giang,2026-08-18,2026,8,18,10.946922625052506,0.9089816212654114,recursive_daily,xgboost_recent_weighted_daily
Hau Giang,2026-08-19,2026,8,19,20.33301407207766,0.9212931394577026,recursive_daily,xgboost_recent_weighted_daily
Hau Giang,2026-08-20,2026,8,20,23.41807516748105,0.9560304880142212,recursive_daily,xgboost_recent_weighted_daily
Hau Giang,2026-08-21,2026,8,21,16.230328447038328,0.8954819440841675,recursive_daily,xgboost_recent_weighted_daily
Hau Giang,2026-08-22,2026,8,22,12.720182792837901,0.8307111263275146,recursive_daily,xgboost_recent_weighted_daily
Hau Giang,2026-08-23,2026,8,23,11.102896294263203,0.8915570974349976,recursive_daily,xgboost_recent_weighted_daily
Hau Giang,2026-08-24,2026,8,24,11.862478130254766,0.934623658657074,recursive_daily,xgboost_recent_weighted_daily
Hau Giang,2026-08-25,2026,8,25,19.269152190204075,0.9602400660514832,recursive_daily,xgboost_recent_weighted_daily
Hau Giang,2026-08-26,2026,8,26,17.249357237069354,0.9833678007125854,recursive_daily,xgboost_recent_weighted_daily
Hau Giang,2026-08-27,2026,8,27,11.71496617015563,0.9493106007575989,recursive_daily,xgboost_recent_weighted_daily
Hau Giang,2026-08-28,2026,8,28,10.297490990661313,0.9218939542770386,recursive_daily,xgboost_recent_weighted_daily
Hau Giang,2026-08-29,2026,8,29,14.254941983212378,0.9167790412902832,recursive_daily,xgboost_recent_weighted_daily
Hau Giang,2026-08-30,2026,8,30,17.445706744782203,0.9279085397720337,recursive_daily,xgboost_recent_weighted_daily
Hau Giang,2026-08-31,2026,8,31,15.408078239628203,0.8782539963722229,recursive_daily,xgboost_recent_weighted_daily
Hau Giang,2026-09-01,2026,9,1,15.790283700396527,0.9013913869857788,recursive_daily,xgboost_recent_weighted_daily
Hau Giang,2026-09-02,2026,9,2,19.21082745012911,0.9034162163734436,recursive_daily,xgboost_recent_weighted_daily
Hau Giang,2026-09-03,2026,9,3,18.966862653290907,0.9220708012580872,recursive_daily,xgboost_recent_weighted_daily
Hau Giang,2026-09-04,2026,9,4,14.662190457418523,0.8993324637413025,recursive_daily,xgboost_recent_weighted_daily
Hau Giang,2026-09-05,2026,9,5,20.671603751838635,0.8604282736778259,recursive_daily,xgboost_recent_weighted_daily
Hau Giang,2026-09-06,2026,9,6,21.980091621910866,0.9306612014770508,recursive_daily,xgboost_recent_weighted_daily
Hau Giang,2026-09-07,2026,9,7,16.505168311685434,0.8527117371559143,recursive_daily,xgboost_recent_weighted_daily
Hau Giang,2026-09-08,2026,9,8,14.442731408119878,0.8693933486938477,recursive_daily,xgboost_recent_weighted_daily
Hau Giang,2026-09-09,2026,9,9,13.981574379108576,0.8284969925880432,recursive_daily,xgboost_recent_weighted_daily
Hau Giang,2026-09-10,2026,9,10,18.726313384879347,0.9187929630279541,recursive_daily,xgboost_recent_weighted_daily
Hau Giang,2026-09-11,2026,9,11,24.105154495969046,0.8716809153556824,recursive_daily,xgboost_recent_weighted_daily
Hau Giang,2026-09-12,2026,9,12,16.390368984765683,0.9525992274284363,recursive_daily,xgboost_recent_weighted_daily
Hau Giang,2026-09-13,2026,9,13,14.801595937405956,0.9404165744781494,recursive_daily,xgboost_recent_weighted_daily
Hau Giang,2026-09-14,2026,9,14,15.92033997121084,0.9515180587768555,recursive_daily,xgboost_recent_weighted_daily
Hau Giang,2026-09-15,2026,9,15,12.708177676196868,0.8842598795890808,recursive_daily,xgboost_recent_weighted_daily
Hau Giang,2026-09-16,2026,9,16,14.732222424060776,0.8637397289276123,recursive_daily,xgboost_recent_weighted_daily
Hau Giang,2026-09-17,2026,9,17,15.798662677009787,0.9181775450706482,recursive_daily,xgboost_recent_weighted_daily
Hau Giang,2026-09-18,2026,9,18,17.720741612489313,0.9432395100593567,recursive_daily,xgboost_recent_weighted_daily
Hau Giang,2026-09-19,2026,9,19,19.681447364842796,0.9508638978004456,recursive_daily,xgboost_recent_weighted_daily
Hau Giang,2026-09-20,2026,9,20,11.801396285166916,0.9446509480476379,recursive_daily,xgboost_recent_weighted_daily
Hau Giang,2026-09-21,2026,9,21,7.9519706170188345,0.9436339735984802,recursive_daily,xgboost_recent_weighted_daily
Hau Giang,2026-09-22,2026,9,22,14.880472409415688,0.9554280638694763,recursive_daily,xgboost_recent_weighted_daily
Hau Giang,2026-09-23,2026,9,23,15.480539862675828,0.9637040495872498,recursive_daily,xgboost_recent_weighted_daily
Hau Giang,2026-09-24,2026,9,24,18.143652565873484,0.9690397381782532,recursive_daily,xgboost_recent_weighted_daily
Hau Giang,2026-09-25,2026,9,25,17.52806797489047,0.9880772829055786,recursive_daily,xgboost_recent_weighted_daily
Hau Giang,2026-09-26,2026,9,26,12.081915611482271,0.9776378870010376,recursive_daily,xgboost_recent_weighted_daily
Hau Giang,2026-09-27,2026,9,27,14.215711259126019,0.969123363494873,recursive_daily,xgboost_recent_weighted_daily
Hau Giang,2026-09-28,2026,9,28,17.23917044374287,0.9677839279174805,recursive_daily,xgboost_recent_weighted_daily
Hau Giang,2026-09-29,2026,9,29,21.628740167116288,0.9833043813705444,recursive_daily,xgboost_recent_weighted_daily
Hau Giang,2026-09-30,2026,9,30,14.06729169220116,0.9766684174537659,recursive_daily,xgboost_recent_weighted_daily
Hau Giang,2026-10-01,2026,10,1,14.515457033751524,0.9551233649253845,recursive_daily,xgboost_recent_weighted_daily
Hau Giang,2026-10-02,2026,10,2,15.82120109747137,0.9818760752677917,recursive_daily,xgboost_recent_weighted_daily
Hau Giang,2026-10-03,2026,10,3,17.21876971569563,0.955077052116394,recursive_daily,xgboost_recent_weighted_daily
Hau Giang,2026-10-04,2026,10,4,25.5619693899139,0.9699192047119141,recursive_daily,xgboost_recent_weighted_daily
Hau Giang,2026-10-05,2026,10,5,15.30550655854629,0.9754599332809448,recursive_daily,xgboost_recent_weighted_daily
Hau Giang,2026-10-06,2026,10,6,16.87837656295923,0.9554091691970825,recursive_daily,xgboost_recent_weighted_daily
Hau Giang,2026-10-07,2026,10,7,16.306074649270432,0.972801685333252,recursive_daily,xgboost_recent_weighted_daily
Hau Giang,2026-10-08,2026,10,8,19.53460367996996,0.9079369306564331,recursive_daily,xgboost_recent_weighted_daily
Hau Giang,2026-10-09,2026,10,9,16.724215909672857,0.9528201818466187,recursive_daily,xgboost_recent_weighted_daily
Hau Giang,2026-10-10,2026,10,10,16.113306578135628,0.9390159845352173,recursive_daily,xgboost_recent_weighted_daily
Hau Giang,2026-10-11,2026,10,11,15.788507735242145,0.9500832557678223,recursive_daily,xgboost_recent_weighted_daily
Hau Giang,2026-10-12,2026,10,12,19.409099724116473,0.9340696930885315,recursive_daily,xgboost_recent_weighted_daily
Hau Giang,2026-10-13,2026,10,13,18.679785739402853,0.9371076226234436,recursive_daily,xgboost_recent_weighted_daily
Hau Giang,2026-10-14,2026,10,14,21.97160188183438,0.9389208555221558,recursive_daily,xgboost_recent_weighted_daily
Hau Giang,2026-10-15,2026,10,15,19.45658193548958,0.9368452429771423,recursive_daily,xgboost_recent_weighted_daily
Hau Giang,2026-10-16,2026,10,16,14.048542410856163,0.9387974739074707,recursive_daily,xgboost_recent_weighted_daily
Hau Giang,2026-10-17,2026,10,17,18.544995584103038,0.9215437173843384,recursive_daily,xgboost_recent_weighted_daily
Hau Giang,2026-10-18,2026,10,18,21.388520508436176,0.9278742074966431,recursive_daily,xgboost_recent_weighted_daily
Hau Giang,2026-10-19,2026,10,19,18.28406360830926,0.9323804378509521,recursive_daily,xgboost_recent_weighted_daily
Hau Giang,2026-10-20,2026,10,20,20.35057747596409,0.8761579394340515,recursive_daily,xgboost_recent_weighted_daily
Hau Giang,2026-10-21,2026,10,21,18.511354514688183,0.9387044310569763,recursive_daily,xgboost_recent_weighted_daily
Hau Giang,2026-10-22,2026,10,22,19.27132461336497,0.9432225227355957,recursive_daily,xgboost_recent_weighted_daily
Hau Giang,2026-10-23,2026,10,23,19.615878280976926,0.9204800128936768,recursive_daily,xgboost_recent_weighted_daily
Hau Giang,2026-10-24,2026,10,24,23.514027775052963,0.9192600250244141,recursive_daily,xgboost_recent_weighted_daily
Hau Giang,2026-10-25,2026,10,25,21.247029783261695,0.9185904860496521,recursive_daily,xgboost_recent_weighted_daily
Hau Giang,2026-10-26,2026,10,26,16.94469153560963,0.8950349688529968,recursive_daily,xgboost_recent_weighted_daily
Hau Giang,2026-10-27,2026,10,27,18.245224117956138,0.9034548401832581,recursive_daily,xgboost_recent_weighted_daily
Hau Giang,2026-10-28,2026,10,28,20.527071700585996,0.89676433801651,recursive_daily,xgboost_recent_weighted_daily
Hau Giang,2026-10-29,2026,10,29,22.96785101651061,0.8959426283836365,recursive_daily,xgboost_recent_weighted_daily
Hau Giang,2026-10-30,2026,10,30,21.564327361847667,0.8734942078590393,recursive_daily,xgboost_recent_weighted_daily
Hau Giang,2026-10-31,2026,10,31,19.85255377715162,0.887837827205658,recursive_daily,xgboost_recent_weighted_daily
Hau Giang,2026-11-01,2026,11,1,21.962106212334117,0.8835790157318115,recursive_daily,xgboost_recent_weighted_daily
Hau Giang,2026-11-02,2026,11,2,22.736561262854792,0.8994059562683105,recursive_daily,xgboost_recent_weighted_daily
Hau Giang,2026-11-03,2026,11,3,18.415667877915144,0.8429021835327148,recursive_daily,xgboost_recent_weighted_daily
Hau Giang,2026-11-04,2026,11,4,21.3302361695402,0.841040849685669,recursive_daily,xgboost_recent_weighted_daily
Hau Giang,2026-11-05,2026,11,5,21.39351028237951,0.9132699966430664,recursive_daily,xgboost_recent_weighted_daily
Hau Giang,2026-11-06,2026,11,6,23.345573814481465,0.9221123456954956,recursive_daily,xgboost_recent_weighted_daily
Hau Giang,2026-11-07,2026,11,7,22.137183323692046,0.8693316578865051,recursive_daily,xgboost_recent_weighted_daily
Hau Giang,2026-11-08,2026,11,8,20.024084396063955,0.8724058270454407,recursive_daily,xgboost_recent_weighted_daily
Hau Giang,2026-11-09,2026,11,9,20.625686432527424,0.8557191491127014,recursive_daily,xgboost_recent_weighted_daily
Hau Giang,2026-11-10,2026,11,10,22.64909982095164,0.8659761548042297,recursive_daily,xgboost_recent_weighted_daily
Hau Giang,2026-11-11,2026,11,11,21.397264194265503,0.8837789297103882,recursive_daily,xgboost_recent_weighted_daily
Hau Giang,2026-11-12,2026,11,12,21.615554550038155,0.8271485567092896,recursive_daily,xgboost_recent_weighted_daily
Hau Giang,2026-11-13,2026,11,13,15.940287261344158,0.8430885672569275,recursive_daily,xgboost_recent_weighted_daily
Hau Giang,2026-11-14,2026,11,14,11.989321212651474,0.8184249997138977,recursive_daily,xgboost_recent_weighted_daily
Hau Giang,2026-11-15,2026,11,15,9.816405643462327,0.7320387959480286,recursive_daily,xgboost_recent_weighted_daily
Hau Giang,2026-11-16,2026,11,16,18.1370900065205,0.8830978274345398,recursive_daily,xgboost_recent_weighted_daily
Hau Giang,2026-11-17,2026,11,17,20.511142812826286,0.8959614038467407,recursive_daily,xgboost_recent_weighted_daily
Hau Giang,2026-11-18,2026,11,18,15.911428512050426,0.8792526125907898,recursive_daily,xgboost_recent_weighted_daily
Hau Giang,2026-11-19,2026,11,19,9.826762868173494,0.922385573387146,recursive_daily,xgboost_recent_weighted_daily
Hau Giang,2026-11-20,2026,11,20,9.00290744239159,0.8452763557434082,recursive_daily,xgboost_recent_weighted_daily
Hau Giang,2026-11-21,2026,11,21,9.596461445379838,0.8136109709739685,recursive_daily,xgboost_recent_weighted_daily
Hau Giang,2026-11-22,2026,11,22,15.849341773240448,0.7955121994018555,recursive_daily,xgboost_recent_weighted_daily
Hau Giang,2026-11-23,2026,11,23,16.50237099807995,0.8992124199867249,recursive_daily,xgboost_recent_weighted_daily
Hau Giang,2026-11-24,2026,11,24,13.38391302321301,0.881200909614563,recursive_daily,xgboost_recent_weighted_daily
Hau Giang,2026-11-25,2026,11,25,14.114677127076632,0.805355429649353,recursive_daily,xgboost_recent_weighted_daily
Hau Giang,2026-11-26,2026,11,26,12.581118690072424,0.8118070363998413,recursive_daily,xgboost_recent_weighted_daily
Hau Giang,2026-11-27,2026,11,27,13.991594350528135,0.7008673548698425,recursive_daily,xgboost_recent_weighted_daily
Hau Giang,2026-11-28,2026,11,28,15.228094928906057,0.832450270652771,recursive_daily,xgboost_recent_weighted_daily
Hau Giang,2026-11-29,2026,11,29,18.119396400951405,0.8386803865432739,recursive_daily,xgboost_recent_weighted_daily
Hau Giang,2026-11-30,2026,11,30,16.862620461487545,0.8488454222679138,recursive_daily,xgboost_recent_weighted_daily
Hau Giang,2026-12-01,2026,12,1,10.09744282977633,0.5238004922866821,recursive_daily,xgboost_recent_weighted_daily
Hau Giang,2026-12-02,2026,12,2,7.935936973550242,0.5216268301010132,recursive_daily,xgboost_recent_weighted_daily
Hau Giang,2026-12-03,2026,12,3,11.354654440423886,0.6778000593185425,recursive_daily,xgboost_recent_weighted_daily
Hau Giang,2026-12-04,2026,12,4,12.59419264713204,0.6297510862350464,recursive_daily,xgboost_recent_weighted_daily
Hau Giang,2026-12-05,2026,12,5,12.605997679224169,0.6243909597396851,recursive_daily,xgboost_recent_weighted_daily
Hau Giang,2026-12-06,2026,12,6,14.120541085257726,0.6145645976066589,recursive_daily,xgboost_recent_weighted_daily
Hau Giang,2026-12-07,2026,12,7,13.131730853713577,0.7802520394325256,recursive_daily,xgboost_recent_weighted_daily
Hau Giang,2026-12-08,2026,12,8,15.802989669968365,0.6472384929656982,recursive_daily,xgboost_recent_weighted_daily
Hau Giang,2026-12-09,2026,12,9,15.947493464882035,0.5921475291252136,recursive_daily,xgboost_recent_weighted_daily
Hau Giang,2026-12-10,2026,12,10,19.372185539462475,0.7445468902587891,recursive_daily,xgboost_recent_weighted_daily
Hau Giang,2026-12-11,2026,12,11,16.421071426588295,0.7109589576721191,recursive_daily,xgboost_recent_weighted_daily
Hau Giang,2026-12-12,2026,12,12,11.793960053319667,0.5794937014579773,recursive_daily,xgboost_recent_weighted_daily
Hau Giang,2026-12-13,2026,12,13,8.058483291176055,0.4482315182685852,recursive_daily,xgboost_recent_weighted_daily
Hau Giang,2026-12-14,2026,12,14,6.057542118574606,0.47436901926994324,recursive_daily,xgboost_recent_weighted_daily
Hau Giang,2026-12-15,2026,12,15,10.420222069355447,0.6285500526428223,recursive_daily,xgboost_recent_weighted_daily
Hau Giang,2026-12-16,2026,12,16,14.340034119881798,0.7264047265052795,recursive_daily,xgboost_recent_weighted_daily
Hau Giang,2026-12-17,2026,12,17,15.5091807953206,0.7655298709869385,recursive_daily,xgboost_recent_weighted_daily
Hau Giang,2026-12-18,2026,12,18,15.641988949040904,0.6791920065879822,recursive_daily,xgboost_recent_weighted_daily
Hau Giang,2026-12-19,2026,12,19,13.245197279058289,0.6583026647567749,recursive_daily,xgboost_recent_weighted_daily
Hau Giang,2026-12-20,2026,12,20,14.338015302151927,0.5017384886741638,recursive_daily,xgboost_recent_weighted_daily
Hau Giang,2026-12-21,2026,12,21,13.516037217296397,0.5722182393074036,recursive_daily,xgboost_recent_weighted_daily
Hau Giang,2026-12-22,2026,12,22,12.174844228160648,0.5547767877578735,recursive_daily,xgboost_recent_weighted_daily
Hau Giang,2026-12-23,2026,12,23,14.404749918951321,0.6559876203536987,recursive_daily,xgboost_recent_weighted_daily
Hau Giang,2026-12-24,2026,12,24,13.191389180934555,0.5149540901184082,recursive_daily,xgboost_recent_weighted_daily
Hau Giang,2026-12-25,2026,12,25,13.375060522752754,0.47520190477371216,recursive_daily,xgboost_recent_weighted_daily
Hau Giang,2026-12-26,2026,12,26,13.22277801498424,0.4893992245197296,recursive_daily,xgboost_recent_weighted_daily
Hau Giang,2026-12-27,2026,12,27,12.92477659037699,0.6071138978004456,recursive_daily,xgboost_recent_weighted_daily
Hau Giang,2026-12-28,2026,12,28,14.496899904877608,0.6437997817993164,recursive_daily,xgboost_recent_weighted_daily
Hau Giang,2026-12-29,2026,12,29,16.835679913070425,0.681308388710022,recursive_daily,xgboost_recent_weighted_daily
Hau Giang,2026-12-30,2026,12,30,14.913218236421562,0.6420438289642334,recursive_daily,xgboost_recent_weighted_daily
Hau Giang,2026-12-31,2026,12,31,12.66125456561188,0.5107583403587341,recursive_daily,xgboost_recent_weighted_daily
Kien Giang,2026-01-01,2026,1,1,0.0,0.1405370682477951,recursive_daily,xgboost_recent_weighted_daily
Kien Giang,2026-01-02,2026,1,2,0.0,0.02779247984290123,recursive_daily,xgboost_recent_weighted_daily
Kien Giang,2026-01-03,2026,1,3,0.0,0.15689976513385773,recursive_daily,xgboost_recent_weighted_daily
Kien Giang,2026-01-04,2026,1,4,0.0,0.07740864902734756,recursive_daily,xgboost_recent_weighted_daily
Kien Giang,2026-01-05,2026,1,5,0.0,0.06707734614610672,recursive_daily,xgboost_recent_weighted_daily
Kien Giang,2026-01-06,2026,1,6,0.0,0.06515199691057205,recursive_daily,xgboost_recent_weighted_daily
Kien Giang,2026-01-07,2026,1,7,0.0,0.017793094739317894,recursive_daily,xgboost_recent_weighted_daily
Kien Giang,2026-01-08,2026,1,8,0.0,0.0267297625541687,recursive_daily,xgboost_recent_weighted_daily
Kien Giang,2026-01-09,2026,1,9,0.0,0.06791175901889801,recursive_daily,xgboost_recent_weighted_daily
Kien Giang,2026-01-10,2026,1,10,0.0,0.03807331994175911,recursive_daily,xgboost_recent_weighted_daily
Kien Giang,2026-01-11,2026,1,11,0.0,0.03848977014422417,recursive_daily,xgboost_recent_weighted_daily
Kien Giang,2026-01-12,2026,1,12,0.0,0.031139465048909187,recursive_daily,xgboost_recent_weighted_daily
Kien Giang,2026-01-13,2026,1,13,0.0,0.045305684208869934,recursive_daily,xgboost_recent_weighted_daily
Kien Giang,2026-01-14,2026,1,14,0.0,0.062088415026664734,recursive_daily,xgboost_recent_weighted_daily
Kien Giang,2026-01-15,2026,1,15,0.0,0.07003942877054214,recursive_daily,xgboost_recent_weighted_daily
Kien Giang,2026-01-16,2026,1,16,0.0,0.027644610032439232,recursive_daily,xgboost_recent_weighted_daily
Kien Giang,2026-01-17,2026,1,17,0.0,0.019529977813363075,recursive_daily,xgboost_recent_weighted_daily
Kien Giang,2026-01-18,2026,1,18,0.0,0.026249205693602562,recursive_daily,xgboost_recent_weighted_daily
Kien Giang,2026-01-19,2026,1,19,0.0,0.01857319101691246,recursive_daily,xgboost_recent_weighted_daily
Kien Giang,2026-01-20,2026,1,20,0.0,0.020626237615942955,recursive_daily,xgboost_recent_weighted_daily
Kien Giang,2026-01-21,2026,1,21,0.0,0.028191106393933296,recursive_daily,xgboost_recent_weighted_daily
Kien Giang,2026-01-22,2026,1,22,0.0,0.036487020552158356,recursive_daily,xgboost_recent_weighted_daily
Kien Giang,2026-01-23,2026,1,23,0.0,0.05252091586589813,recursive_daily,xgboost_recent_weighted_daily
Kien Giang,2026-01-24,2026,1,24,0.0,0.07039099186658859,recursive_daily,xgboost_recent_weighted_daily
Kien Giang,2026-01-25,2026,1,25,0.0,0.05220188945531845,recursive_daily,xgboost_recent_weighted_daily
Kien Giang,2026-01-26,2026,1,26,0.0,0.029399629682302475,recursive_daily,xgboost_recent_weighted_daily
Kien Giang,2026-01-27,2026,1,27,0.0,0.04852886497974396,recursive_daily,xgboost_recent_weighted_daily
Kien Giang,2026-01-28,2026,1,28,0.0,0.024733562022447586,recursive_daily,xgboost_recent_weighted_daily
Kien Giang,2026-01-29,2026,1,29,0.0,0.025582311674952507,recursive_daily,xgboost_recent_weighted_daily
Kien Giang,2026-01-30,2026,1,30,0.0,0.032288696616888046,recursive_daily,xgboost_recent_weighted_daily
Kien Giang,2026-01-31,2026,1,31,0.0,0.023172754794359207,recursive_daily,xgboost_recent_weighted_daily
Kien Giang,2026-02-01,2026,2,1,0.0,0.01367279328405857,recursive_daily,xgboost_recent_weighted_daily
Kien Giang,2026-02-02,2026,2,2,0.0,0.014835802838206291,recursive_daily,xgboost_recent_weighted_daily
Kien Giang,2026-02-03,2026,2,3,0.0,0.015375950373709202,recursive_daily,xgboost_recent_weighted_daily
Kien Giang,2026-02-04,2026,2,4,0.0,0.037939973175525665,recursive_daily,xgboost_recent_weighted_daily
Kien Giang,2026-02-05,2026,2,5,0.0,0.009420431219041348,recursive_daily,xgboost_recent_weighted_daily
Kien Giang,2026-02-06,2026,2,6,0.0,0.012053518556058407,recursive_daily,xgboost_recent_weighted_daily
Kien Giang,2026-02-07,2026,2,7,0.0,0.022372251376509666,recursive_daily,xgboost_recent_weighted_daily
Kien Giang,2026-02-08,2026,2,8,0.0,0.020378418266773224,recursive_daily,xgboost_recent_weighted_daily
Kien Giang,2026-02-09,2026,2,9,0.0,0.028340868651866913,recursive_daily,xgboost_recent_weighted_daily
Kien Giang,2026-02-10,2026,2,10,0.0,0.05909096449613571,recursive_daily,xgboost_recent_weighted_daily
Kien Giang,2026-02-11,2026,2,11,0.0,0.03247755393385887,recursive_daily,xgboost_recent_weighted_daily
Kien Giang,2026-02-12,2026,2,12,0.0,0.02085280977189541,recursive_daily,xgboost_recent_weighted_daily
Kien Giang,2026-02-13,2026,2,13,0.0,0.02685469016432762,recursive_daily,xgboost_recent_weighted_daily
Kien Giang,2026-02-14,2026,2,14,0.0,0.03430953621864319,recursive_daily,xgboost_recent_weighted_daily
Kien Giang,2026-02-15,2026,2,15,0.0,0.03819414973258972,recursive_daily,xgboost_recent_weighted_daily
Kien Giang,2026-02-16,2026,2,16,0.0,0.041480328887701035,recursive_daily,xgboost_recent_weighted_daily
Kien Giang,2026-02-17,2026,2,17,0.0,0.040519628673791885,recursive_daily,xgboost_recent_weighted_daily
Kien Giang,2026-02-18,2026,2,18,0.0,0.04001183807849884,recursive_daily,xgboost_recent_weighted_daily
Kien Giang,2026-02-19,2026,2,19,0.0,0.032041359692811966,recursive_daily,xgboost_recent_weighted_daily
Kien Giang,2026-02-20,2026,2,20,0.0,0.03932664915919304,recursive_daily,xgboost_recent_weighted_daily
Kien Giang,2026-02-21,2026,2,21,0.0,0.030760912224650383,recursive_daily,xgboost_recent_weighted_daily
Kien Giang,2026-02-22,2026,2,22,0.0,0.051097460091114044,recursive_daily,xgboost_recent_weighted_daily
Kien Giang,2026-02-23,2026,2,23,0.0,0.047879621386528015,recursive_daily,xgboost_recent_weighted_daily
Kien Giang,2026-02-24,2026,2,24,0.0,0.04369165748357773,recursive_daily,xgboost_recent_weighted_daily
Kien Giang,2026-02-25,2026,2,25,0.0,0.04452284052968025,recursive_daily,xgboost_recent_weighted_daily
Kien Giang,2026-02-26,2026,2,26,0.0,0.07094820588827133,recursive_daily,xgboost_recent_weighted_daily
Kien Giang,2026-02-27,2026,2,27,0.0,0.03507351130247116,recursive_daily,xgboost_recent_weighted_daily
Kien Giang,2026-02-28,2026,2,28,0.0,0.04400692135095596,recursive_daily,xgboost_recent_weighted_daily
Kien Giang,2026-03-01,2026,3,1,0.0,0.05417553707957268,recursive_daily,xgboost_recent_weighted_daily
Kien Giang,2026-03-02,2026,3,2,0.0,0.04268910735845566,recursive_daily,xgboost_recent_weighted_daily
Kien Giang,2026-03-03,2026,3,3,0.0,0.04475756362080574,recursive_daily,xgboost_recent_weighted_daily
Kien Giang,2026-03-04,2026,3,4,0.0,0.04269269108772278,recursive_daily,xgboost_recent_weighted_daily
Kien Giang,2026-03-05,2026,3,5,0.0,0.0415191613137722,recursive_daily,xgboost_recent_weighted_daily
Kien Giang,2026-03-06,2026,3,6,0.0,0.05760500207543373,recursive_daily,xgboost_recent_weighted_daily
Kien Giang,2026-03-07,2026,3,7,0.0,0.07337038218975067,recursive_daily,xgboost_recent_weighted_daily
Kien Giang,2026-03-08,2026,3,8,0.0,0.06106528639793396,recursive_daily,xgboost_recent_weighted_daily
Kien Giang,2026-03-09,2026,3,9,0.0,0.07337038218975067,recursive_daily,xgboost_recent_weighted_daily
Kien Giang,2026-03-10,2026,3,10,0.0,0.05519694834947586,recursive_daily,xgboost_recent_weighted_daily
Kien Giang,2026-03-11,2026,3,11,0.0,0.059492263942956924,recursive_daily,xgboost_recent_weighted_daily
Kien Giang,2026-03-12,2026,3,12,0.0,0.11246033757925034,recursive_daily,xgboost_recent_weighted_daily
Kien Giang,2026-03-13,2026,3,13,0.0,0.05543110519647598,recursive_daily,xgboost_recent_weighted_daily
Kien Giang,2026-03-14,2026,3,14,0.0,0.06090058386325836,recursive_daily,xgboost_recent_weighted_daily
Kien Giang,2026-03-15,2026,3,15,0.0,0.07240995764732361,recursive_daily,xgboost_recent_weighted_daily
Kien Giang,2026-03-16,2026,3,16,0.0,0.12630151212215424,recursive_daily,xgboost_recent_weighted_daily
Kien Giang,2026-03-17,2026,3,17,0.0,0.11151710897684097,recursive_daily,xgboost_recent_weighted_daily
Kien Giang,2026-03-18,2026,3,18,0.0,0.06098966300487518,recursive_daily,xgboost_recent_weighted_daily
Kien Giang,2026-03-19,2026,3,19,0.0,0.0630558580160141,recursive_daily,xgboost_recent_weighted_daily
Kien Giang,2026-03-20,2026,3,20,0.0,0.13903485238552094,recursive_daily,xgboost_recent_weighted_daily
Kien Giang,2026-03-21,2026,3,21,0.0,0.0816272497177124,recursive_daily,xgboost_recent_weighted_daily
Kien Giang,2026-03-22,2026,3,22,0.0,0.06558861583471298,recursive_daily,xgboost_recent_weighted_daily
Kien Giang,2026-03-23,2026,3,23,0.0,0.07235900312662125,recursive_daily,xgboost_recent_weighted_daily
Kien Giang,2026-03-24,2026,3,24,0.0,0.07726611942052841,recursive_daily,xgboost_recent_weighted_daily
Kien Giang,2026-03-25,2026,3,25,0.0,0.08376356959342957,recursive_daily,xgboost_recent_weighted_daily
Kien Giang,2026-03-26,2026,3,26,0.0,0.10008096694946289,recursive_daily,xgboost_recent_weighted_daily
Kien Giang,2026-03-27,2026,3,27,0.0,0.07954386621713638,recursive_daily,xgboost_recent_weighted_daily
Kien Giang,2026-03-28,2026,3,28,0.0,0.14155155420303345,recursive_daily,xgboost_recent_weighted_daily
Kien Giang,2026-03-29,2026,3,29,0.0,0.14155155420303345,recursive_daily,xgboost_recent_weighted_daily
Kien Giang,2026-03-30,2026,3,30,0.0,0.11412733048200607,recursive_daily,xgboost_recent_weighted_daily
Kien Giang,2026-03-31,2026,3,31,0.0,0.18706969916820526,recursive_daily,xgboost_recent_weighted_daily
Kien Giang,2026-04-01,2026,4,1,0.0,0.18999318778514862,recursive_daily,xgboost_recent_weighted_daily
Kien Giang,2026-04-02,2026,4,2,0.0,0.2264077514410019,recursive_daily,xgboost_recent_weighted_daily
Kien Giang,2026-04-03,2026,4,3,0.0,0.14411088824272156,recursive_daily,xgboost_recent_weighted_daily
Kien Giang,2026-04-04,2026,4,4,0.0,0.1520637720823288,recursive_daily,xgboost_recent_weighted_daily
Kien Giang,2026-04-05,2026,4,5,0.0,0.1381196528673172,recursive_daily,xgboost_recent_weighted_daily
Kien Giang,2026-04-06,2026,4,6,0.0,0.1304081380367279,recursive_daily,xgboost_recent_weighted_daily
Kien Giang,2026-04-07,2026,4,7,0.0,0.15067647397518158,recursive_daily,xgboost_recent_weighted_daily
Kien Giang,2026-04-08,2026,4,8,0.0,0.2257177233695984,recursive_daily,xgboost_recent_weighted_daily
Kien Giang,2026-04-09,2026,4,9,0.0,0.2288629710674286,recursive_daily,xgboost_recent_weighted_daily
Kien Giang,2026-04-10,2026,4,10,0.0,0.2591453492641449,recursive_daily,xgboost_recent_weighted_daily
Kien Giang,2026-04-11,2026,4,11,0.0,0.1725260317325592,recursive_daily,xgboost_recent_weighted_daily
Kien Giang,2026-04-12,2026,4,12,0.0,0.15546806156635284,recursive_daily,xgboost_recent_weighted_daily
Kien Giang,2026-04-13,2026,4,13,0.0,0.18248625099658966,recursive_daily,xgboost_recent_weighted_daily
Kien Giang,2026-04-14,2026,4,14,0.0,0.22656521201133728,recursive_daily,xgboost_recent_weighted_daily
Kien Giang,2026-04-15,2026,4,15,0.0,0.2411278933286667,recursive_daily,xgboost_recent_weighted_daily
Kien Giang,2026-04-16,2026,4,16,0.0,0.2705550491809845,recursive_daily,xgboost_recent_weighted_daily
Kien Giang,2026-04-17,2026,4,17,0.0,0.2835017442703247,recursive_daily,xgboost_recent_weighted_daily
Kien Giang,2026-04-18,2026,4,18,2.923252713577657,0.3410882353782654,recursive_daily,xgboost_recent_weighted_daily
Kien Giang,2026-04-19,2026,4,19,3.5181828551383223,0.5116695761680603,recursive_daily,xgboost_recent_weighted_daily
Kien Giang,2026-04-20,2026,4,20,3.3413847234661955,0.7157561182975769,recursive_daily,xgboost_recent_weighted_daily
Kien Giang,2026-04-21,2026,4,21,3.8318046524789215,0.701565682888031,recursive_daily,xgboost_recent_weighted_daily
Kien Giang,2026-04-22,2026,4,22,4.0751427060266625,0.6778953671455383,recursive_daily,xgboost_recent_weighted_daily
Kien Giang,2026-04-23,2026,4,23,3.6382190800491574,0.7645272016525269,recursive_daily,xgboost_recent_weighted_daily
Kien Giang,2026-04-24,2026,4,24,4.291566781100595,0.7116511464118958,recursive_daily,xgboost_recent_weighted_daily
Kien Giang,2026-04-25,2026,4,25,4.319074692180693,0.5179237127304077,recursive_daily,xgboost_recent_weighted_daily
Kien Giang,2026-04-26,2026,4,26,4.640187717968188,0.5519269704818726,recursive_daily,xgboost_recent_weighted_daily
Kien Giang,2026-04-27,2026,4,27,5.119622379651627,0.6405079960823059,recursive_daily,xgboost_recent_weighted_daily
Kien Giang,2026-04-28,2026,4,28,5.526675042970701,0.7989768385887146,recursive_daily,xgboost_recent_weighted_daily
Kien Giang,2026-04-29,2026,4,29,5.468767582381232,0.7734097838401794,recursive_daily,xgboost_recent_weighted_daily
Kien Giang,2026-04-30,2026,4,30,7.670856459389176,0.8721813559532166,recursive_daily,xgboost_recent_weighted_daily
Kien Giang,2026-05-01,2026,5,1,9.792822299768842,0.9306941628456116,recursive_daily,xgboost_recent_weighted_daily
Kien Giang,2026-05-02,2026,5,2,9.699078191926057,0.9518821239471436,recursive_daily,xgboost_recent_weighted_daily
Kien Giang,2026-05-03,2026,5,3,8.990668778382041,0.9812754392623901,recursive_daily,xgboost_recent_weighted_daily
Kien Giang,2026-05-04,2026,5,4,9.584431004921452,0.9885733127593994,recursive_daily,xgboost_recent_weighted_daily
Kien Giang,2026-05-05,2026,5,5,10.604940138650495,0.9872756600379944,recursive_daily,xgboost_recent_weighted_daily
Kien Giang,2026-05-06,2026,5,6,10.724752233962846,0.9785094857215881,recursive_daily,xgboost_recent_weighted_daily
Kien Giang,2026-05-07,2026,5,7,9.086307324856058,0.9646167159080505,recursive_daily,xgboost_recent_weighted_daily
Kien Giang,2026-05-08,2026,5,8,9.641317739463728,0.9683453440666199,recursive_daily,xgboost_recent_weighted_daily
Kien Giang,2026-05-09,2026,5,9,11.656294427946925,0.9400390982627869,recursive_daily,xgboost_recent_weighted_daily
Kien Giang,2026-05-10,2026,5,10,11.912647637495768,0.9488426446914673,recursive_daily,xgboost_recent_weighted_daily
Kien Giang,2026-05-11,2026,5,11,16.867534207053207,0.9667708873748779,recursive_daily,xgboost_recent_weighted_daily
Kien Giang,2026-05-12,2026,5,12,12.731963263964053,0.9891055226325989,recursive_daily,xgboost_recent_weighted_daily
Kien Giang,2026-05-13,2026,5,13,12.925706934236485,0.9428339004516602,recursive_daily,xgboost_recent_weighted_daily
Kien Giang,2026-05-14,2026,5,14,12.74691410138779,0.9419165253639221,recursive_daily,xgboost_recent_weighted_daily
Kien Giang,2026-05-15,2026,5,15,14.614738554619278,0.9601057171821594,recursive_daily,xgboost_recent_weighted_daily
Kien Giang,2026-05-16,2026,5,16,13.503601563125857,0.9381899833679199,recursive_daily,xgboost_recent_weighted_daily
Kien Giang,2026-05-17,2026,5,17,15.577683155828113,0.925544023513794,recursive_daily,xgboost_recent_weighted_daily
Kien Giang,2026-05-18,2026,5,18,14.891294602054604,0.9092832207679749,recursive_daily,xgboost_recent_weighted_daily
Kien Giang,2026-05-19,2026,5,19,14.118344809186883,0.9311177134513855,recursive_daily,xgboost_recent_weighted_daily
Kien Giang,2026-05-20,2026,5,20,13.75833955441215,0.9132906794548035,recursive_daily,xgboost_recent_weighted_daily
Kien Giang,2026-05-21,2026,5,21,15.147934978403798,0.8907774686813354,recursive_daily,xgboost_recent_weighted_daily
Kien Giang,2026-05-22,2026,5,22,15.192220504723025,0.8458265066146851,recursive_daily,xgboost_recent_weighted_daily
Kien Giang,2026-05-23,2026,5,23,14.489813471453028,0.8855791091918945,recursive_daily,xgboost_recent_weighted_daily
Kien Giang,2026-05-24,2026,5,24,13.860317734622178,0.8536577820777893,recursive_daily,xgboost_recent_weighted_daily
Kien Giang,2026-05-25,2026,5,25,16.99606810217183,0.8367282152175903,recursive_daily,xgboost_recent_weighted_daily
Kien Giang,2026-05-26,2026,5,26,15.017488152648506,0.9227272272109985,recursive_daily,xgboost_recent_weighted_daily
Kien Giang,2026-05-27,2026,5,27,14.844681991490024,0.9146459698677063,recursive_daily,xgboost_recent_weighted_daily
Kien Giang,2026-05-28,2026,5,28,12.676160716154282,0.9222472906112671,recursive_daily,xgboost_recent_weighted_daily
Kien Giang,2026-05-29,2026,5,29,13.779206909593313,0.9572780132293701,recursive_daily,xgboost_recent_weighted_daily
Kien Giang,2026-05-30,2026,5,30,14.045014169624423,0.9280756115913391,recursive_daily,xgboost_recent_weighted_daily
Kien Giang,2026-05-31,2026,5,31,16.67797192585012,0.9591944217681885,recursive_daily,xgboost_recent_weighted_daily
Kien Giang,2026-06-01,2026,6,1,14.273126635821717,0.8984934687614441,recursive_daily,xgboost_recent_weighted_daily
Kien Giang,2026-06-02,2026,6,2,15.34284387066789,0.9514825344085693,recursive_daily,xgboost_recent_weighted_daily
Kien Giang,2026-06-03,2026,6,3,15.937657943532072,0.9505116939544678,recursive_daily,xgboost_recent_weighted_daily
Kien Giang,2026-06-04,2026,6,4,14.582020564008277,0.9481709599494934,recursive_daily,xgboost_recent_weighted_daily
Kien Giang,2026-06-05,2026,6,5,13.852006827691916,0.9675329923629761,recursive_daily,xgboost_recent_weighted_daily
Kien Giang,2026-06-06,2026,6,6,17.518493444749613,0.9587882161140442,recursive_daily,xgboost_recent_weighted_daily
Kien Giang,2026-06-07,2026,6,7,17.28673834771027,0.9103586673736572,recursive_daily,xgboost_recent_weighted_daily
Kien Giang,2026-06-08,2026,6,8,16.211198503164123,0.9563173055648804,recursive_daily,xgboost_recent_weighted_daily
Kien Giang,2026-06-09,2026,6,9,15.476162977173248,0.9527303576469421,recursive_daily,xgboost_recent_weighted_daily
Kien Giang,2026-06-10,2026,6,10,13.717850709041452,0.9327439069747925,recursive_daily,xgboost_recent_weighted_daily
Kien Giang,2026-06-11,2026,6,11,16.537127704862,0.9682446122169495,recursive_daily,xgboost_recent_weighted_daily
Kien Giang,2026-06-12,2026,6,12,17.43562382278486,0.9565951824188232,recursive_daily,xgboost_recent_weighted_daily
Kien Giang,2026-06-13,2026,6,13,15.505448577041937,0.9179477691650391,recursive_daily,xgboost_recent_weighted_daily
Kien Giang,2026-06-14,2026,6,14,18.379538703207114,0.9333635568618774,recursive_daily,xgboost_recent_weighted_daily
Kien Giang,2026-06-15,2026,6,15,16.819405086761392,0.9236145615577698,recursive_daily,xgboost_recent_weighted_daily
Kien Giang,2026-06-16,2026,6,16,17.219469289754457,0.9455394148826599,recursive_daily,xgboost_recent_weighted_daily
Kien Giang,2026-06-17,2026,6,17,16.69061271378045,0.9476884007453918,recursive_daily,xgboost_recent_weighted_daily
Kien Giang,2026-06-18,2026,6,18,18.96364846117929,0.9157915115356445,recursive_daily,xgboost_recent_weighted_daily
Kien Giang,2026-06-19,2026,6,19,20.533299706154626,0.9248425960540771,recursive_daily,xgboost_recent_weighted_daily
Kien Giang,2026-06-20,2026,6,20,21.508893568729075,0.9246808886528015,recursive_daily,xgboost_recent_weighted_daily
Kien Giang,2026-06-21,2026,6,21,16.090513836820264,0.8348953127861023,recursive_daily,xgboost_recent_weighted_daily
Kien Giang,2026-06-22,2026,6,22,13.799374497620617,0.8408449292182922,recursive_daily,xgboost_recent_weighted_daily
Kien Giang,2026-06-23,2026,6,23,12.386344141045695,0.911366879940033,recursive_daily,xgboost_recent_weighted_daily
Kien Giang,2026-06-24,2026,6,24,15.163362294842308,0.8857058882713318,recursive_daily,xgboost_recent_weighted_daily
Kien Giang,2026-06-25,2026,6,25,16.603638934283097,0.8769064545631409,recursive_daily,xgboost_recent_weighted_daily
Kien Giang,2026-06-26,2026,6,26,14.454204251058266,0.8376484513282776,recursive_daily,xgboost_recent_weighted_daily
Kien Giang,2026-06-27,2026,6,27,15.587769988942291,0.8630853891372681,recursive_daily,xgboost_recent_weighted_daily
Kien Giang,2026-06-28,2026,6,28,17.86343118746532,0.9183166027069092,recursive_daily,xgboost_recent_weighted_daily
Kien Giang,2026-06-29,2026,6,29,15.483244541365021,0.8867920637130737,recursive_daily,xgboost_recent_weighted_daily
Kien Giang,2026-06-30,2026,6,30,12.168780180994357,0.8851683735847473,recursive_daily,xgboost_recent_weighted_daily
Kien Giang,2026-07-01,2026,7,1,16.59520985741487,0.9503061771392822,recursive_daily,xgboost_recent_weighted_daily
Kien Giang,2026-07-02,2026,7,2,18.636092331350252,0.9215270280838013,recursive_daily,xgboost_recent_weighted_daily
Kien Giang,2026-07-03,2026,7,3,15.962809216346214,0.9464938044548035,recursive_daily,xgboost_recent_weighted_daily
Kien Giang,2026-07-04,2026,7,4,15.103761250345709,0.9352077841758728,recursive_daily,xgboost_recent_weighted_daily
Kien Giang,2026-07-05,2026,7,5,14.766117256358879,0.862419068813324,recursive_daily,xgboost_recent_weighted_daily
Kien Giang,2026-07-06,2026,7,6,17.34947994569907,0.9273446798324585,recursive_daily,xgboost_recent_weighted_daily
Kien Giang,2026-07-07,2026,7,7,16.773525069846563,0.9004693627357483,recursive_daily,xgboost_recent_weighted_daily
Kien Giang,2026-07-08,2026,7,8,17.24963510364326,0.9195155501365662,recursive_daily,xgboost_recent_weighted_daily
Kien Giang,2026-07-09,2026,7,9,16.06194494563935,0.9345828294754028,recursive_daily,xgboost_recent_weighted_daily
Kien Giang,2026-07-10,2026,7,10,16.349869879005837,0.9667962789535522,recursive_daily,xgboost_recent_weighted_daily
Kien Giang,2026-07-11,2026,7,11,14.645631804441702,0.9575653076171875,recursive_daily,xgboost_recent_weighted_daily
Kien Giang,2026-07-12,2026,7,12,18.395239309419484,0.9465462565422058,recursive_daily,xgboost_recent_weighted_daily
Kien Giang,2026-07-13,2026,7,13,19.732293278675648,0.9626476764678955,recursive_daily,xgboost_recent_weighted_daily
Kien Giang,2026-07-14,2026,7,14,20.014221388781692,0.9164532423019409,recursive_daily,xgboost_recent_weighted_daily
Kien Giang,2026-07-15,2026,7,15,15.597620473929624,0.9612229466438293,recursive_daily,xgboost_recent_weighted_daily
Kien Giang,2026-07-16,2026,7,16,14.813982214034244,0.9761379957199097,recursive_daily,xgboost_recent_weighted_daily
Kien Giang,2026-07-17,2026,7,17,15.989350991618535,0.9572247266769409,recursive_daily,xgboost_recent_weighted_daily
Kien Giang,2026-07-18,2026,7,18,18.551756039487277,0.9625971913337708,recursive_daily,xgboost_recent_weighted_daily
Kien Giang,2026-07-19,2026,7,19,18.173669844601168,0.934491753578186,recursive_daily,xgboost_recent_weighted_daily
Kien Giang,2026-07-20,2026,7,20,16.394987032995477,0.9305320978164673,recursive_daily,xgboost_recent_weighted_daily
Kien Giang,2026-07-21,2026,7,21,16.152313582556708,0.949533998966217,recursive_daily,xgboost_recent_weighted_daily
Kien Giang,2026-07-22,2026,7,22,17.487110208991623,0.9519177079200745,recursive_daily,xgboost_recent_weighted_daily
Kien Giang,2026-07-23,2026,7,23,15.745528433640269,0.9659120440483093,recursive_daily,xgboost_recent_weighted_daily
Kien Giang,2026-07-24,2026,7,24,19.76092965457795,0.957748293876648,recursive_daily,xgboost_recent_weighted_daily
Kien Giang,2026-07-25,2026,7,25,18.572266566904766,0.9400319457054138,recursive_daily,xgboost_recent_weighted_daily
Kien Giang,2026-07-26,2026,7,26,17.30941067302392,0.9167001843452454,recursive_daily,xgboost_recent_weighted_daily
Kien Giang,2026-07-27,2026,7,27,14.53408302281484,0.9297724366188049,recursive_daily,xgboost_recent_weighted_daily
Kien Giang,2026-07-28,2026,7,28,16.567233343300234,0.950486958026886,recursive_daily,xgboost_recent_weighted_daily
Kien Giang,2026-07-29,2026,7,29,18.067299587940358,0.9416606426239014,recursive_daily,xgboost_recent_weighted_daily
Kien Giang,2026-07-30,2026,7,30,17.048565591453922,0.9360703229904175,recursive_daily,xgboost_recent_weighted_daily
Kien Giang,2026-07-31,2026,7,31,18.25808952629878,0.9371713995933533,recursive_daily,xgboost_recent_weighted_daily
Kien Giang,2026-08-01,2026,8,1,16.224736437849764,0.938107430934906,recursive_daily,xgboost_recent_weighted_daily
Kien Giang,2026-08-02,2026,8,2,18.618679206559417,0.9526506066322327,recursive_daily,xgboost_recent_weighted_daily
Kien Giang,2026-08-03,2026,8,3,18.180765972095607,0.943320631980896,recursive_daily,xgboost_recent_weighted_daily
Kien Giang,2026-08-04,2026,8,4,17.265295122069364,0.9022905826568604,recursive_daily,xgboost_recent_weighted_daily
Kien Giang,2026-08-05,2026,8,5,17.0976170516998,0.9236512184143066,recursive_daily,xgboost_recent_weighted_daily
Kien Giang,2026-08-06,2026,8,6,17.39913080612922,0.923328161239624,recursive_daily,xgboost_recent_weighted_daily
Kien Giang,2026-08-07,2026,8,7,17.825636954682462,0.9191150069236755,recursive_daily,xgboost_recent_weighted_daily
Kien Giang,2026-08-08,2026,8,8,16.513758987504453,0.9444957375526428,recursive_daily,xgboost_recent_weighted_daily
Kien Giang,2026-08-09,2026,8,9,17.44844500887212,0.8950860500335693,recursive_daily,xgboost_recent_weighted_daily
Kien Giang,2026-08-10,2026,8,10,18.07428034406686,0.8978290557861328,recursive_daily,xgboost_recent_weighted_daily
Kien Giang,2026-08-11,2026,8,11,17.65808922339226,0.9109001755714417,recursive_daily,xgboost_recent_weighted_daily
Kien Giang,2026-08-12,2026,8,12,16.20737575733289,0.9167035222053528,recursive_daily,xgboost_recent_weighted_daily
Kien Giang,2026-08-13,2026,8,13,16.621666045043717,0.9265496730804443,recursive_daily,xgboost_recent_weighted_daily
Kien Giang,2026-08-14,2026,8,14,18.73999784005625,0.9119411110877991,recursive_daily,xgboost_recent_weighted_daily
Kien Giang,2026-08-15,2026,8,15,20.168605450447167,0.9057323932647705,recursive_daily,xgboost_recent_weighted_daily
Kien Giang,2026-08-16,2026,8,16,18.81952681360814,0.9259595274925232,recursive_daily,xgboost_recent_weighted_daily
Kien Giang,2026-08-17,2026,8,17,15.592283576486793,0.8608273863792419,recursive_daily,xgboost_recent_weighted_daily
Kien Giang,2026-08-18,2026,8,18,14.780200179509254,0.9337068200111389,recursive_daily,xgboost_recent_weighted_daily
Kien Giang,2026-08-19,2026,8,19,15.40849854642662,0.9310460686683655,recursive_daily,xgboost_recent_weighted_daily
Kien Giang,2026-08-20,2026,8,20,17.75736901347397,0.9545502662658691,recursive_daily,xgboost_recent_weighted_daily
Kien Giang,2026-08-21,2026,8,21,16.346709468260332,0.9294769167900085,recursive_daily,xgboost_recent_weighted_daily
Kien Giang,2026-08-22,2026,8,22,16.97396026809998,0.9639747142791748,recursive_daily,xgboost_recent_weighted_daily
Kien Giang,2026-08-23,2026,8,23,17.803017171766747,0.9762065410614014,recursive_daily,xgboost_recent_weighted_daily
Kien Giang,2026-08-24,2026,8,24,20.166330398658292,0.9776910543441772,recursive_daily,xgboost_recent_weighted_daily
Kien Giang,2026-08-25,2026,8,25,17.835034786636612,0.9485697150230408,recursive_daily,xgboost_recent_weighted_daily
Kien Giang,2026-08-26,2026,8,26,17.15660322798106,0.9710530638694763,recursive_daily,xgboost_recent_weighted_daily
Kien Giang,2026-08-27,2026,8,27,17.20925978401268,0.972271740436554,recursive_daily,xgboost_recent_weighted_daily
Kien Giang,2026-08-28,2026,8,28,18.331671824362562,0.9742838144302368,recursive_daily,xgboost_recent_weighted_daily
Kien Giang,2026-08-29,2026,8,29,17.82689640224342,0.9372137784957886,recursive_daily,xgboost_recent_weighted_daily
Kien Giang,2026-08-30,2026,8,30,18.538374545271108,0.9676645994186401,recursive_daily,xgboost_recent_weighted_daily
Kien Giang,2026-08-31,2026,8,31,19.0622408576086,0.959953248500824,recursive_daily,xgboost_recent_weighted_daily
Kien Giang,2026-09-01,2026,9,1,19.24094215537214,0.9317383170127869,recursive_daily,xgboost_recent_weighted_daily
Kien Giang,2026-09-02,2026,9,2,18.404213474292362,0.9460370540618896,recursive_daily,xgboost_recent_weighted_daily
Kien Giang,2026-09-03,2026,9,3,18.920889090136274,0.9398816227912903,recursive_daily,xgboost_recent_weighted_daily
Kien Giang,2026-09-04,2026,9,4,18.792979449741157,0.9623151421546936,recursive_daily,xgboost_recent_weighted_daily
Kien Giang,2026-09-05,2026,9,5,19.042366021721175,0.9663248658180237,recursive_daily,xgboost_recent_weighted_daily
Kien Giang,2026-09-06,2026,9,6,17.659155770412735,0.9472473859786987,recursive_daily,xgboost_recent_weighted_daily
Kien Giang,2026-09-07,2026,9,7,17.497970696784662,0.9287919402122498,recursive_daily,xgboost_recent_weighted_daily
Kien Giang,2026-09-08,2026,9,8,17.898788402349844,0.9632841944694519,recursive_daily,xgboost_recent_weighted_daily
Kien Giang,2026-09-09,2026,9,9,18.860217345493982,0.9611443281173706,recursive_daily,xgboost_recent_weighted_daily
Kien Giang,2026-09-10,2026,9,10,19.849445585964396,0.980042576789856,recursive_daily,xgboost_recent_weighted_daily
Kien Giang,2026-09-11,2026,9,11,18.778989771355548,0.9530935287475586,recursive_daily,xgboost_recent_weighted_daily
Kien Giang,2026-09-12,2026,9,12,16.82416824416069,0.9579952955245972,recursive_daily,xgboost_recent_weighted_daily
Kien Giang,2026-09-13,2026,9,13,16.574058020486962,0.9764177799224854,recursive_daily,xgboost_recent_weighted_daily
Kien Giang,2026-09-14,2026,9,14,17.504999245629307,0.978174090385437,recursive_daily,xgboost_recent_weighted_daily
Kien Giang,2026-09-15,2026,9,15,20.643130645978786,0.9732865691184998,recursive_daily,xgboost_recent_weighted_daily
Kien Giang,2026-09-16,2026,9,16,21.0660772566641,0.9811108708381653,recursive_daily,xgboost_recent_weighted_daily
Kien Giang,2026-09-17,2026,9,17,17.0824971791846,0.9508368372917175,recursive_daily,xgboost_recent_weighted_daily
Kien Giang,2026-09-18,2026,9,18,14.968862978275741,0.9444102644920349,recursive_daily,xgboost_recent_weighted_daily
Kien Giang,2026-09-19,2026,9,19,17.122593899376472,0.9803344011306763,recursive_daily,xgboost_recent_weighted_daily
Kien Giang,2026-09-20,2026,9,20,18.57145168031472,0.9835832715034485,recursive_daily,xgboost_recent_weighted_daily
Kien Giang,2026-09-21,2026,9,21,18.74302272049849,0.9825170636177063,recursive_daily,xgboost_recent_weighted_daily
Kien Giang,2026-09-22,2026,9,22,18.06426527085388,0.9773394465446472,recursive_daily,xgboost_recent_weighted_daily
Kien Giang,2026-09-23,2026,9,23,17.261102178198954,0.9784125685691833,recursive_daily,xgboost_recent_weighted_daily
Kien Giang,2026-09-24,2026,9,24,19.621202628888373,0.986528754234314,recursive_daily,xgboost_recent_weighted_daily
Kien Giang,2026-09-25,2026,9,25,19.670387048067884,0.9884400367736816,recursive_daily,xgboost_recent_weighted_daily
Kien Giang,2026-09-26,2026,9,26,19.07357543321191,0.9835618138313293,recursive_daily,xgboost_recent_weighted_daily
Kien Giang,2026-09-27,2026,9,27,18.655347885852866,0.9785459637641907,recursive_daily,xgboost_recent_weighted_daily
Kien Giang,2026-09-28,2026,9,28,18.509733573291975,0.984959065914154,recursive_daily,xgboost_recent_weighted_daily
Kien Giang,2026-09-29,2026,9,29,18.034932362357022,0.9770187735557556,recursive_daily,xgboost_recent_weighted_daily
Kien Giang,2026-09-30,2026,9,30,17.77464327017378,0.992010235786438,recursive_daily,xgboost_recent_weighted_daily
Kien Giang,2026-10-01,2026,10,1,17.992684749379826,0.9889877438545227,recursive_daily,xgboost_recent_weighted_daily
Kien Giang,2026-10-02,2026,10,2,18.290107080660196,0.9881038069725037,recursive_daily,xgboost_recent_weighted_daily
Kien Giang,2026-10-03,2026,10,3,18.58240403009683,0.9876678586006165,recursive_daily,xgboost_recent_weighted_daily
Kien Giang,2026-10-04,2026,10,4,18.814087770175778,0.9880039691925049,recursive_daily,xgboost_recent_weighted_daily
Kien Giang,2026-10-05,2026,10,5,19.48388164100282,0.9799057841300964,recursive_daily,xgboost_recent_weighted_daily
Kien Giang,2026-10-06,2026,10,6,19.058982845797853,0.9835521578788757,recursive_daily,xgboost_recent_weighted_daily
Kien Giang,2026-10-07,2026,10,7,18.71707184713722,0.976718008518219,recursive_daily,xgboost_recent_weighted_daily
Kien Giang,2026-10-08,2026,10,8,19.190667776316122,0.9546012282371521,recursive_daily,xgboost_recent_weighted_daily
Kien Giang,2026-10-09,2026,10,9,18.572209916456657,0.9683077931404114,recursive_daily,xgboost_recent_weighted_daily
Kien Giang,2026-10-10,2026,10,10,17.58026952939371,0.9690666198730469,recursive_daily,xgboost_recent_weighted_daily
Kien Giang,2026-10-11,2026,10,11,18.149257854277735,0.9778450727462769,recursive_daily,xgboost_recent_weighted_daily
Kien Giang,2026-10-12,2026,10,12,19.023365968067775,0.9774379730224609,recursive_daily,xgboost_recent_weighted_daily
Kien Giang,2026-10-13,2026,10,13,19.32113037499012,0.974873960018158,recursive_daily,xgboost_recent_weighted_daily
Kien Giang,2026-10-14,2026,10,14,18.929599002911836,0.9496340751647949,recursive_daily,xgboost_recent_weighted_daily
Kien Giang,2026-10-15,2026,10,15,18.843748868064626,0.9485986828804016,recursive_daily,xgboost_recent_weighted_daily
Kien Giang,2026-10-16,2026,10,16,18.24193363070562,0.9741011261940002,recursive_daily,xgboost_recent_weighted_daily
Kien Giang,2026-10-17,2026,10,17,18.29322085386767,0.9709101319313049,recursive_daily,xgboost_recent_weighted_daily
Kien Giang,2026-10-18,2026,10,18,19.922937204100595,0.9757878184318542,recursive_daily,xgboost_recent_weighted_daily
Kien Giang,2026-10-19,2026,10,19,19.251863867017857,0.9786152839660645,recursive_daily,xgboost_recent_weighted_daily
Kien Giang,2026-10-20,2026,10,20,17.360584112688894,0.9502077698707581,recursive_daily,xgboost_recent_weighted_daily
Kien Giang,2026-10-21,2026,10,21,17.960243042398698,0.9516910910606384,recursive_daily,xgboost_recent_weighted_daily
Kien Giang,2026-10-22,2026,10,22,17.75570084945149,0.9789840579032898,recursive_daily,xgboost_recent_weighted_daily
Kien Giang,2026-10-23,2026,10,23,18.298181814972935,0.9787147045135498,recursive_daily,xgboost_recent_weighted_daily
Kien Giang,2026-10-24,2026,10,24,19.17893976083541,0.966734766960144,recursive_daily,xgboost_recent_weighted_daily
Kien Giang,2026-10-25,2026,10,25,18.529102212950903,0.9533936977386475,recursive_daily,xgboost_recent_weighted_daily
Kien Giang,2026-10-26,2026,10,26,18.009562401245145,0.9156282544136047,recursive_daily,xgboost_recent_weighted_daily
Kien Giang,2026-10-27,2026,10,27,17.088973618357247,0.9690728783607483,recursive_daily,xgboost_recent_weighted_daily
Kien Giang,2026-10-28,2026,10,28,18.139118668043693,0.9597654342651367,recursive_daily,xgboost_recent_weighted_daily
Kien Giang,2026-10-29,2026,10,29,17.84544745246092,0.9521694183349609,recursive_daily,xgboost_recent_weighted_daily
Kien Giang,2026-10-30,2026,10,30,17.914872975960957,0.9522324800491333,recursive_daily,xgboost_recent_weighted_daily
Kien Giang,2026-10-31,2026,10,31,18.17920091119851,0.9650846123695374,recursive_daily,xgboost_recent_weighted_daily
Kien Giang,2026-11-01,2026,11,1,18.94524228522153,0.9582750201225281,recursive_daily,xgboost_recent_weighted_daily
Kien Giang,2026-11-02,2026,11,2,18.661358003296968,0.9590418934822083,recursive_daily,xgboost_recent_weighted_daily
Kien Giang,2026-11-03,2026,11,3,17.708575144463907,0.9709764122962952,recursive_daily,xgboost_recent_weighted_daily
Kien Giang,2026-11-04,2026,11,4,16.485584375355003,0.953589677810669,recursive_daily,xgboost_recent_weighted_daily
Kien Giang,2026-11-05,2026,11,5,18.460333123508956,0.970939576625824,recursive_daily,xgboost_recent_weighted_daily
Kien Giang,2026-11-06,2026,11,6,19.457199661992732,0.9251658320426941,recursive_daily,xgboost_recent_weighted_daily
Kien Giang,2026-11-07,2026,11,7,18.896986725443252,0.9563241004943848,recursive_daily,xgboost_recent_weighted_daily
Kien Giang,2026-11-08,2026,11,8,15.333048443321456,0.951904833316803,recursive_daily,xgboost_recent_weighted_daily
Kien Giang,2026-11-09,2026,11,9,14.53651561452687,0.94569993019104,recursive_daily,xgboost_recent_weighted_daily
Kien Giang,2026-11-10,2026,11,10,15.061977118792953,0.918927013874054,recursive_daily,xgboost_recent_weighted_daily
Kien Giang,2026-11-11,2026,11,11,17.00170258610755,0.8911862373352051,recursive_daily,xgboost_recent_weighted_daily
Kien Giang,2026-11-12,2026,11,12,15.829944246418744,0.9069635272026062,recursive_daily,xgboost_recent_weighted_daily
Kien Giang,2026-11-13,2026,11,13,14.811462303706708,0.8993360996246338,recursive_daily,xgboost_recent_weighted_daily
Kien Giang,2026-11-14,2026,11,14,17.12185957978223,0.8806782960891724,recursive_daily,xgboost_recent_weighted_daily
Kien Giang,2026-11-15,2026,11,15,15.128074874414848,0.8635616898536682,recursive_daily,xgboost_recent_weighted_daily
Kien Giang,2026-11-16,2026,11,16,15.986615770009966,0.8840755820274353,recursive_daily,xgboost_recent_weighted_daily
Kien Giang,2026-11-17,2026,11,17,14.485951156328431,0.8476413488388062,recursive_daily,xgboost_recent_weighted_daily
Kien Giang,2026-11-18,2026,11,18,17.822990125161105,0.8871795535087585,recursive_daily,xgboost_recent_weighted_daily
Kien Giang,2026-11-19,2026,11,19,17.56080385134653,0.8276940584182739,recursive_daily,xgboost_recent_weighted_daily
Kien Giang,2026-11-20,2026,11,20,16.314721898354783,0.882404625415802,recursive_daily,xgboost_recent_weighted_daily
Kien Giang,2026-11-21,2026,11,21,14.87094450483238,0.8706105947494507,recursive_daily,xgboost_recent_weighted_daily
Kien Giang,2026-11-22,2026,11,22,13.993392912455578,0.8968065977096558,recursive_daily,xgboost_recent_weighted_daily
Kien Giang,2026-11-23,2026,11,23,17.73321278893179,0.8976051211357117,recursive_daily,xgboost_recent_weighted_daily
Kien Giang,2026-11-24,2026,11,24,15.716792560044961,0.8686575889587402,recursive_daily,xgboost_recent_weighted_daily
Kien Giang,2026-11-25,2026,11,25,15.262432773030408,0.8500945568084717,recursive_daily,xgboost_recent_weighted_daily
Kien Giang,2026-11-26,2026,11,26,14.227927349108095,0.8819379210472107,recursive_daily,xgboost_recent_weighted_daily
Kien Giang,2026-11-27,2026,11,27,17.16648498090575,0.9051896333694458,recursive_daily,xgboost_recent_weighted_daily
Kien Giang,2026-11-28,2026,11,28,16.435107373990764,0.9033018350601196,recursive_daily,xgboost_recent_weighted_daily
Kien Giang,2026-11-29,2026,11,29,14.746481947265597,0.9049043655395508,recursive_daily,xgboost_recent_weighted_daily
Kien Giang,2026-11-30,2026,11,30,15.675027037653143,0.8928437232971191,recursive_daily,xgboost_recent_weighted_daily
Kien Giang,2026-12-01,2026,12,1,15.984060681982498,0.8733152747154236,recursive_daily,xgboost_recent_weighted_daily
Kien Giang,2026-12-02,2026,12,2,16.91001207553766,0.8125231862068176,recursive_daily,xgboost_recent_weighted_daily
Kien Giang,2026-12-03,2026,12,3,15.595987162554236,0.8314447999000549,recursive_daily,xgboost_recent_weighted_daily
Kien Giang,2026-12-04,2026,12,4,16.927376794667246,0.7768425345420837,recursive_daily,xgboost_recent_weighted_daily
Kien Giang,2026-12-05,2026,12,5,13.126435813509852,0.6789302229881287,recursive_daily,xgboost_recent_weighted_daily
Kien Giang,2026-12-06,2026,12,6,14.333456001322034,0.8683947324752808,recursive_daily,xgboost_recent_weighted_daily
Kien Giang,2026-12-07,2026,12,7,15.178204566804586,0.8024665117263794,recursive_daily,xgboost_recent_weighted_daily
Kien Giang,2026-12-08,2026,12,8,15.165512271111089,0.8704976439476013,recursive_daily,xgboost_recent_weighted_daily
Kien Giang,2026-12-09,2026,12,9,13.74690233531878,0.8223205804824829,recursive_daily,xgboost_recent_weighted_daily
Kien Giang,2026-12-10,2026,12,10,17.033711566878615,0.8745431303977966,recursive_daily,xgboost_recent_weighted_daily
Kien Giang,2026-12-11,2026,12,11,15.884265240455948,0.7859660983085632,recursive_daily,xgboost_recent_weighted_daily
Kien Giang,2026-12-12,2026,12,12,14.238364799231773,0.8305694460868835,recursive_daily,xgboost_recent_weighted_daily
Kien Giang,2026-12-13,2026,12,13,14.211167155772465,0.9123130440711975,recursive_daily,xgboost_recent_weighted_daily
Kien Giang,2026-12-14,2026,12,14,13.945653899328617,0.848209023475647,recursive_daily,xgboost_recent_weighted_daily
Kien Giang,2026-12-15,2026,12,15,15.811408931307533,0.8729871511459351,recursive_daily,xgboost_recent_weighted_daily
Kien Giang,2026-12-16,2026,12,16,14.183576607099742,0.8523847460746765,recursive_daily,xgboost_recent_weighted_daily
Kien Giang,2026-12-17,2026,12,17,16.410969069742954,0.8022440075874329,recursive_daily,xgboost_recent_weighted_daily
Kien Giang,2026-12-18,2026,12,18,13.358318251107923,0.7827959656715393,recursive_daily,xgboost_recent_weighted_daily
Kien Giang,2026-12-19,2026,12,19,13.957436034639793,0.7991422414779663,recursive_daily,xgboost_recent_weighted_daily
Kien Giang,2026-12-20,2026,12,20,15.270455089822306,0.8546881675720215,recursive_daily,xgboost_recent_weighted_daily
Kien Giang,2026-12-21,2026,12,21,14.46816459875564,0.8453007340431213,recursive_daily,xgboost_recent_weighted_daily
Kien Giang,2026-12-22,2026,12,22,16.280091130084116,0.852162778377533,recursive_daily,xgboost_recent_weighted_daily
Kien Giang,2026-12-23,2026,12,23,14.270091638958219,0.7329870462417603,recursive_daily,xgboost_recent_weighted_daily
Kien Giang,2026-12-24,2026,12,24,15.18817306847463,0.7173235416412354,recursive_daily,xgboost_recent_weighted_daily
Kien Giang,2026-12-25,2026,12,25,14.563509442634118,0.8317184448242188,recursive_daily,xgboost_recent_weighted_daily
Kien Giang,2026-12-26,2026,12,26,15.890889333412973,0.841499388217926,recursive_daily,xgboost_recent_weighted_daily
Kien Giang,2026-12-27,2026,12,27,15.05636776819636,0.7750627398490906,recursive_daily,xgboost_recent_weighted_daily
Kien Giang,2026-12-28,2026,12,28,12.072030460517887,0.7593942284584045,recursive_daily,xgboost_recent_weighted_daily
Kien Giang,2026-12-29,2026,12,29,15.226351526628996,0.8346186876296997,recursive_daily,xgboost_recent_weighted_daily
Kien Giang,2026-12-30,2026,12,30,13.04269846756411,0.7943589091300964,recursive_daily,xgboost_recent_weighted_daily
Kien Giang,2026-12-31,2026,12,31,12.01958971135329,0.7597622275352478,recursive_daily,xgboost_recent_weighted_daily
Long An,2026-01-01,2026,1,1,0.0,0.09741980582475662,recursive_daily,xgboost_recent_weighted_daily
Long An,2026-01-02,2026,1,2,3.505814653147854,0.2849704623222351,recursive_daily,xgboost_recent_weighted_daily
Long An,2026-01-03,2026,1,3,4.1531936369453435,0.3301209807395935,recursive_daily,xgboost_recent_weighted_daily
Long An,2026-01-04,2026,1,4,7.214241864103271,0.43927454948425293,recursive_daily,xgboost_recent_weighted_daily
Long An,2026-01-05,2026,1,5,8.739645949066775,0.2777162492275238,recursive_daily,xgboost_recent_weighted_daily
Long An,2026-01-06,2026,1,6,6.048544849194688,0.3541575074195862,recursive_daily,xgboost_recent_weighted_daily
Long An,2026-01-07,2026,1,7,6.571308221463594,0.5669807195663452,recursive_daily,xgboost_recent_weighted_daily
Long An,2026-01-08,2026,1,8,7.752170456201558,0.4781247675418854,recursive_daily,xgboost_recent_weighted_daily
Long An,2026-01-09,2026,1,9,7.612042889571045,0.6234327554702759,recursive_daily,xgboost_recent_weighted_daily
Long An,2026-01-10,2026,1,10,7.857410387203975,0.6580221652984619,recursive_daily,xgboost_recent_weighted_daily
Long An,2026-01-11,2026,1,11,5.437460173817775,0.5523791909217834,recursive_daily,xgboost_recent_weighted_daily
Long An,2026-01-12,2026,1,12,5.405963520886847,0.7819502353668213,recursive_daily,xgboost_recent_weighted_daily
Long An,2026-01-13,2026,1,13,5.0969034135756575,0.6970922946929932,recursive_daily,xgboost_recent_weighted_daily
Long An,2026-01-14,2026,1,14,7.281868198056213,0.8484624028205872,recursive_daily,xgboost_recent_weighted_daily
Long An,2026-01-15,2026,1,15,8.109211167811555,0.8381592631340027,recursive_daily,xgboost_recent_weighted_daily
Long An,2026-01-16,2026,1,16,7.839121816337368,0.7753461003303528,recursive_daily,xgboost_recent_weighted_daily
Long An,2026-01-17,2026,1,17,10.413747376409344,0.582859456539154,recursive_daily,xgboost_recent_weighted_daily
Long An,2026-01-18,2026,1,18,7.396021024355388,0.38480833172798157,recursive_daily,xgboost_recent_weighted_daily
Long An,2026-01-19,2026,1,19,6.740647800031345,0.5854451060295105,recursive_daily,xgboost_recent_weighted_daily
Long An,2026-01-20,2026,1,20,6.838966338012637,0.7445329427719116,recursive_daily,xgboost_recent_weighted_daily
Long An,2026-01-21,2026,1,21,7.015190356502368,0.6308702826499939,recursive_daily,xgboost_recent_weighted_daily
Long An,2026-01-22,2026,1,22,8.318483273306494,0.7050899267196655,recursive_daily,xgboost_recent_weighted_daily
Long An,2026-01-23,2026,1,23,8.471630609130298,0.7107356190681458,recursive_daily,xgboost_recent_weighted_daily
Long An,2026-01-24,2026,1,24,10.17935571683235,0.7856715321540833,recursive_daily,xgboost_recent_weighted_daily
Long An,2026-01-25,2026,1,25,8.296473524398033,0.8294373750686646,recursive_daily,xgboost_recent_weighted_daily
Long An,2026-01-26,2026,1,26,11.176252073984065,0.503457248210907,recursive_daily,xgboost_recent_weighted_daily
Long An,2026-01-27,2026,1,27,12.401561454530176,0.6209903359413147,recursive_daily,xgboost_recent_weighted_daily
Long An,2026-01-28,2026,1,28,14.417718428040232,0.6488231420516968,recursive_daily,xgboost_recent_weighted_daily
Long An,2026-01-29,2026,1,29,15.084549326841035,0.7158861756324768,recursive_daily,xgboost_recent_weighted_daily
Long An,2026-01-30,2026,1,30,13.455338417942597,0.7266660928726196,recursive_daily,xgboost_recent_weighted_daily
Long An,2026-01-31,2026,1,31,14.629344921401172,0.4446517527103424,recursive_daily,xgboost_recent_weighted_daily
Long An,2026-02-01,2026,2,1,10.34538608735618,0.703712522983551,recursive_daily,xgboost_recent_weighted_daily
Long An,2026-02-02,2026,2,2,10.311298973177223,0.606166660785675,recursive_daily,xgboost_recent_weighted_daily
Long An,2026-02-03,2026,2,3,8.555800397817041,0.5921403169631958,recursive_daily,xgboost_recent_weighted_daily
Long An,2026-02-04,2026,2,4,10.556720901572353,0.7244479060173035,recursive_daily,xgboost_recent_weighted_daily
Long An,2026-02-05,2026,2,5,11.184955910087307,0.7872075438499451,recursive_daily,xgboost_recent_weighted_daily
Long An,2026-02-06,2026,2,6,11.154176514368123,0.688961923122406,recursive_daily,xgboost_recent_weighted_daily
Long An,2026-02-07,2026,2,7,12.071483963670545,0.6535623073577881,recursive_daily,xgboost_recent_weighted_daily
Long An,2026-02-08,2026,2,8,14.366182829862774,0.6316925287246704,recursive_daily,xgboost_recent_weighted_daily
Long An,2026-02-09,2026,2,9,13.626368165959166,0.7905406355857849,recursive_daily,xgboost_recent_weighted_daily
Long An,2026-02-10,2026,2,10,14.79715583531821,0.690959632396698,recursive_daily,xgboost_recent_weighted_daily
Long An,2026-02-11,2026,2,11,17.26062432997594,0.6593571305274963,recursive_daily,xgboost_recent_weighted_daily
Long An,2026-02-12,2026,2,12,19.62311545971436,0.5823932886123657,recursive_daily,xgboost_recent_weighted_daily
Long An,2026-02-13,2026,2,13,18.935763132200364,0.7737463116645813,recursive_daily,xgboost_recent_weighted_daily
Long An,2026-02-14,2026,2,14,14.59197709738679,0.6375269293785095,recursive_daily,xgboost_recent_weighted_daily
Long An,2026-02-15,2026,2,15,16.899828280305307,0.7771681547164917,recursive_daily,xgboost_recent_weighted_daily
Long An,2026-02-16,2026,2,16,18.82050390331793,0.8010373115539551,recursive_daily,xgboost_recent_weighted_daily
Long An,2026-02-17,2026,2,17,15.244315307601672,0.8972975015640259,recursive_daily,xgboost_recent_weighted_daily
Long An,2026-02-18,2026,2,18,10.08165481234129,0.8463625907897949,recursive_daily,xgboost_recent_weighted_daily
Long An,2026-02-19,2026,2,19,11.51609903576553,0.8272747993469238,recursive_daily,xgboost_recent_weighted_daily
Long An,2026-02-20,2026,2,20,14.070830077396405,0.8457738757133484,recursive_daily,xgboost_recent_weighted_daily
Long An,2026-02-21,2026,2,21,12.505864269551566,0.9232627153396606,recursive_daily,xgboost_recent_weighted_daily
Long An,2026-02-22,2026,2,22,17.07970199141004,0.9000799059867859,recursive_daily,xgboost_recent_weighted_daily
Long An,2026-02-23,2026,2,23,19.321773092799486,0.7744624614715576,recursive_daily,xgboost_recent_weighted_daily
Long An,2026-02-24,2026,2,24,16.172258625121888,0.9653883576393127,recursive_daily,xgboost_recent_weighted_daily
Long An,2026-02-25,2026,2,25,12.389391133107841,0.9450002908706665,recursive_daily,xgboost_recent_weighted_daily
Long An,2026-02-26,2026,2,26,13.538803967208977,0.9153843522071838,recursive_daily,xgboost_recent_weighted_daily
Long An,2026-02-27,2026,2,27,14.9590994177279,0.9389551877975464,recursive_daily,xgboost_recent_weighted_daily
Long An,2026-02-28,2026,2,28,15.595907884652853,0.936657726764679,recursive_daily,xgboost_recent_weighted_daily
Long An,2026-03-01,2026,3,1,9.965945931051136,0.9269787669181824,recursive_daily,xgboost_recent_weighted_daily
Long An,2026-03-02,2026,3,2,9.532777085089878,0.8553335666656494,recursive_daily,xgboost_recent_weighted_daily
Long An,2026-03-03,2026,3,3,13.469859663445401,0.8308956027030945,recursive_daily,xgboost_recent_weighted_daily
Long An,2026-03-04,2026,3,4,18.086866847280696,0.9196314811706543,recursive_daily,xgboost_recent_weighted_daily
Long An,2026-03-05,2026,3,5,17.781338907643438,0.9412385821342468,recursive_daily,xgboost_recent_weighted_daily
Long An,2026-03-06,2026,3,6,14.304834171016614,0.9396561980247498,recursive_daily,xgboost_recent_weighted_daily
Long An,2026-03-07,2026,3,7,11.564946567994328,0.8600795865058899,recursive_daily,xgboost_recent_weighted_daily
Long An,2026-03-08,2026,3,8,16.63279079917733,0.8843358159065247,recursive_daily,xgboost_recent_weighted_daily
Long An,2026-03-09,2026,3,9,14.232875880315836,0.8981627821922302,recursive_daily,xgboost_recent_weighted_daily
Long An,2026-03-10,2026,3,10,13.45026767006076,0.945592999458313,recursive_daily,xgboost_recent_weighted_daily
Long An,2026-03-11,2026,3,11,17.088539944336176,0.9045884013175964,recursive_daily,xgboost_recent_weighted_daily
Long An,2026-03-12,2026,3,12,22.43335081248978,0.8931875228881836,recursive_daily,xgboost_recent_weighted_daily
Long An,2026-03-13,2026,3,13,15.594196673755592,0.9700062274932861,recursive_daily,xgboost_recent_weighted_daily
Long An,2026-03-14,2026,3,14,17.582203325375236,0.9354810118675232,recursive_daily,xgboost_recent_weighted_daily
Long An,2026-03-15,2026,3,15,19.844141703736526,0.9806942939758301,recursive_daily,xgboost_recent_weighted_daily
Long An,2026-03-16,2026,3,16,16.32559496750757,0.9788262844085693,recursive_daily,xgboost_recent_weighted_daily
Long An,2026-03-17,2026,3,17,15.840462804753484,0.9728142023086548,recursive_daily,xgboost_recent_weighted_daily
Long An,2026-03-18,2026,3,18,17.58049887965723,0.950925886631012,recursive_daily,xgboost_recent_weighted_daily
Long An,2026-03-19,2026,3,19,15.887935704826585,0.9454923868179321,recursive_daily,xgboost_recent_weighted_daily
Long An,2026-03-20,2026,3,20,11.27169739546124,0.9450436234474182,recursive_daily,xgboost_recent_weighted_daily
Long An,2026-03-21,2026,3,21,17.15489638998575,0.9594420194625854,recursive_daily,xgboost_recent_weighted_daily
Long An,2026-03-22,2026,3,22,16.252325811007722,0.9526671767234802,recursive_daily,xgboost_recent_weighted_daily
Long An,2026-03-23,2026,3,23,19.828674690711928,0.9746672511100769,recursive_daily,xgboost_recent_weighted_daily
Long An,2026-03-24,2026,3,24,18.66406782970988,0.9747825264930725,recursive_daily,xgboost_recent_weighted_daily
Long An,2026-03-25,2026,3,25,17.386903569743417,0.9341663122177124,recursive_daily,xgboost_recent_weighted_daily
Long An,2026-03-26,2026,3,26,15.147754809684875,0.9685153961181641,recursive_daily,xgboost_recent_weighted_daily
Long An,2026-03-27,2026,3,27,18.766027411733138,0.9544695019721985,recursive_daily,xgboost_recent_weighted_daily
Long An,2026-03-28,2026,3,28,17.673748005780492,0.9608620405197144,recursive_daily,xgboost_recent_weighted_daily
Long An,2026-03-29,2026,3,29,15.48565599386652,0.9648656845092773,recursive_daily,xgboost_recent_weighted_daily
Long An,2026-03-30,2026,3,30,14.269520212950125,0.9737314581871033,recursive_daily,xgboost_recent_weighted_daily
Long An,2026-03-31,2026,3,31,13.067580785488776,0.9707513451576233,recursive_daily,xgboost_recent_weighted_daily
Long An,2026-04-01,2026,4,1,13.53188245116653,0.9607253670692444,recursive_daily,xgboost_recent_weighted_daily
Long An,2026-04-02,2026,4,2,17.072334869228563,0.9733569025993347,recursive_daily,xgboost_recent_weighted_daily
Long An,2026-04-03,2026,4,3,23.000047740286288,0.9868227243423462,recursive_daily,xgboost_recent_weighted_daily
Long An,2026-04-04,2026,4,4,16.724564668430904,0.9622735381126404,recursive_daily,xgboost_recent_weighted_daily
Long An,2026-04-05,2026,4,5,13.639133347419655,0.9407855868339539,recursive_daily,xgboost_recent_weighted_daily
Long An,2026-04-06,2026,4,6,13.746197468512811,0.9339877367019653,recursive_daily,xgboost_recent_weighted_daily
Long An,2026-04-07,2026,4,7,15.975219471486202,0.9135530591011047,recursive_daily,xgboost_recent_weighted_daily
Long An,2026-04-08,2026,4,8,18.477342916361625,0.9483504295349121,recursive_daily,xgboost_recent_weighted_daily
Long An,2026-04-09,2026,4,9,16.70181994484296,0.9560112953186035,recursive_daily,xgboost_recent_weighted_daily
Long An,2026-04-10,2026,4,10,16.775899884839564,0.8989416360855103,recursive_daily,xgboost_recent_weighted_daily
Long An,2026-04-11,2026,4,11,21.451660836333662,0.9483252167701721,recursive_daily,xgboost_recent_weighted_daily
Long An,2026-04-12,2026,4,12,20.585606832985075,0.9286761283874512,recursive_daily,xgboost_recent_weighted_daily
Long An,2026-04-13,2026,4,13,16.846421311682995,0.891421914100647,recursive_daily,xgboost_recent_weighted_daily
Long An,2026-04-14,2026,4,14,16.84108611033014,0.9067631363868713,recursive_daily,xgboost_recent_weighted_daily
Long An,2026-04-15,2026,4,15,17.94882259502082,0.932986855506897,recursive_daily,xgboost_recent_weighted_daily
Long An,2026-04-16,2026,4,16,18.06035696908917,0.9158501625061035,recursive_daily,xgboost_recent_weighted_daily
Long An,2026-04-17,2026,4,17,15.313812908589805,0.9074369668960571,recursive_daily,xgboost_recent_weighted_daily
Long An,2026-04-18,2026,4,18,17.959690495732033,0.8720921277999878,recursive_daily,xgboost_recent_weighted_daily
Long An,2026-04-19,2026,4,19,19.363622710891473,0.9109278321266174,recursive_daily,xgboost_recent_weighted_daily
Long An,2026-04-20,2026,4,20,18.6416525232638,0.9505085945129395,recursive_daily,xgboost_recent_weighted_daily
Long An,2026-04-21,2026,4,21,14.959578266386599,0.8989431262016296,recursive_daily,xgboost_recent_weighted_daily
Long An,2026-04-22,2026,4,22,16.83966988333221,0.9346309304237366,recursive_daily,xgboost_recent_weighted_daily
Long An,2026-04-23,2026,4,23,19.20859422968722,0.9382726550102234,recursive_daily,xgboost_recent_weighted_daily
Long An,2026-04-24,2026,4,24,16.430266069782594,0.9038539528846741,recursive_daily,xgboost_recent_weighted_daily
Long An,2026-04-25,2026,4,25,14.412120862734042,0.936911404132843,recursive_daily,xgboost_recent_weighted_daily
Long An,2026-04-26,2026,4,26,13.275979752844082,0.9309291243553162,recursive_daily,xgboost_recent_weighted_daily
Long An,2026-04-27,2026,4,27,17.61764984419408,0.9393311142921448,recursive_daily,xgboost_recent_weighted_daily
Long An,2026-04-28,2026,4,28,18.250955489654213,0.9428617358207703,recursive_daily,xgboost_recent_weighted_daily
Long An,2026-04-29,2026,4,29,16.11992787051231,0.9279424548149109,recursive_daily,xgboost_recent_weighted_daily
Long An,2026-04-30,2026,4,30,15.660088906372986,0.9351027011871338,recursive_daily,xgboost_recent_weighted_daily
Long An,2026-05-01,2026,5,1,17.55799626685346,0.9864404797554016,recursive_daily,xgboost_recent_weighted_daily
Long An,2026-05-02,2026,5,2,16.365644784118498,0.9714255928993225,recursive_daily,xgboost_recent_weighted_daily
Long An,2026-05-03,2026,5,3,16.145792451918688,0.9464298486709595,recursive_daily,xgboost_recent_weighted_daily
Long An,2026-05-04,2026,5,4,16.31707119300172,0.9658704400062561,recursive_daily,xgboost_recent_weighted_daily
Long An,2026-05-05,2026,5,5,15.880729554132113,0.9731343388557434,recursive_daily,xgboost_recent_weighted_daily
Long An,2026-05-06,2026,5,6,15.810708573668247,0.9701257944107056,recursive_daily,xgboost_recent_weighted_daily
Long An,2026-05-07,2026,5,7,17.1067369036761,0.95240318775177,recursive_daily,xgboost_recent_weighted_daily
Long An,2026-05-08,2026,5,8,18.636476705063135,0.9664707779884338,recursive_daily,xgboost_recent_weighted_daily
Long An,2026-05-09,2026,5,9,15.561320966354637,0.9380131959915161,recursive_daily,xgboost_recent_weighted_daily
Long An,2026-05-10,2026,5,10,15.712985325208022,0.9536883234977722,recursive_daily,xgboost_recent_weighted_daily
Long An,2026-05-11,2026,5,11,16.045865823585306,0.9658027291297913,recursive_daily,xgboost_recent_weighted_daily
Long An,2026-05-12,2026,5,12,15.033240418142979,0.9546919465065002,recursive_daily,xgboost_recent_weighted_daily
Long An,2026-05-13,2026,5,13,15.158005997060288,0.9521886706352234,recursive_daily,xgboost_recent_weighted_daily
Long An,2026-05-14,2026,5,14,13.545930403235568,0.952078104019165,recursive_daily,xgboost_recent_weighted_daily
Long An,2026-05-15,2026,5,15,16.528318614319073,0.9508925080299377,recursive_daily,xgboost_recent_weighted_daily
Long An,2026-05-16,2026,5,16,14.587594918757926,0.9677070379257202,recursive_daily,xgboost_recent_weighted_daily
Long An,2026-05-17,2026,5,17,14.91389873957306,0.9760928153991699,recursive_daily,xgboost_recent_weighted_daily
Long An,2026-05-18,2026,5,18,17.223205382899632,0.9643651247024536,recursive_daily,xgboost_recent_weighted_daily
Long An,2026-05-19,2026,5,19,17.051849156801214,0.9781525731086731,recursive_daily,xgboost_recent_weighted_daily
Long An,2026-05-20,2026,5,20,18.445348126906403,0.9740525484085083,recursive_daily,xgboost_recent_weighted_daily
Long An,2026-05-21,2026,5,21,17.246610764187487,0.9048023223876953,recursive_daily,xgboost_recent_weighted_daily
Long An,2026-05-22,2026,5,22,14.938681662516633,0.8999637365341187,recursive_daily,xgboost_recent_weighted_daily
Long An,2026-05-23,2026,5,23,16.358166262174837,0.9616299867630005,recursive_daily,xgboost_recent_weighted_daily
Long An,2026-05-24,2026,5,24,15.780013026715602,0.9472740292549133,recursive_daily,xgboost_recent_weighted_daily
Long An,2026-05-25,2026,5,25,17.4001261757769,0.971921980381012,recursive_daily,xgboost_recent_weighted_daily
Long An,2026-05-26,2026,5,26,15.811756750602564,0.9673717021942139,recursive_daily,xgboost_recent_weighted_daily
Long An,2026-05-27,2026,5,27,15.471978857769397,0.8690183162689209,recursive_daily,xgboost_recent_weighted_daily
Long An,2026-05-28,2026,5,28,15.926162798255666,0.9285457730293274,recursive_daily,xgboost_recent_weighted_daily
Long An,2026-05-29,2026,5,29,16.608590682909792,0.8651332259178162,recursive_daily,xgboost_recent_weighted_daily
Long An,2026-05-30,2026,5,30,16.407989884647677,0.9622477889060974,recursive_daily,xgboost_recent_weighted_daily
Long An,2026-05-31,2026,5,31,15.44597671089101,0.9641594886779785,recursive_daily,xgboost_recent_weighted_daily
Long An,2026-06-01,2026,6,1,17.125263759304904,0.8620685338973999,recursive_daily,xgboost_recent_weighted_daily
Long An,2026-06-02,2026,6,2,13.196026018428098,0.9337330460548401,recursive_daily,xgboost_recent_weighted_daily
Long An,2026-06-03,2026,6,3,15.393078667382403,0.9377644658088684,recursive_daily,xgboost_recent_weighted_daily
Long An,2026-06-04,2026,6,4,15.528345785124914,0.9330260753631592,recursive_daily,xgboost_recent_weighted_daily
Long An,2026-06-05,2026,6,5,15.166283774879648,0.9771841764450073,recursive_daily,xgboost_recent_weighted_daily
Long An,2026-06-06,2026,6,6,13.11203580906042,0.9432170391082764,recursive_daily,xgboost_recent_weighted_daily
Long An,2026-06-07,2026,6,7,14.544598225525355,0.9628301858901978,recursive_daily,xgboost_recent_weighted_daily
Long An,2026-06-08,2026,6,8,17.24758981465297,0.9620962738990784,recursive_daily,xgboost_recent_weighted_daily
Long An,2026-06-09,2026,6,9,15.420492729972652,0.969163715839386,recursive_daily,xgboost_recent_weighted_daily
Long An,2026-06-10,2026,6,10,12.880025523762678,0.9024090766906738,recursive_daily,xgboost_recent_weighted_daily
Long An,2026-06-11,2026,6,11,15.274062207082386,0.9736402630805969,recursive_daily,xgboost_recent_weighted_daily
Long An,2026-06-12,2026,6,12,13.285527928569675,0.9557957053184509,recursive_daily,xgboost_recent_weighted_daily
Long An,2026-06-13,2026,6,13,17.200399956278332,0.9751992225646973,recursive_daily,xgboost_recent_weighted_daily
Long An,2026-06-14,2026,6,14,13.25406521566848,0.9630323648452759,recursive_daily,xgboost_recent_weighted_daily
Long An,2026-06-15,2026,6,15,16.362875612036795,0.9775030016899109,recursive_daily,xgboost_recent_weighted_daily
Long An,2026-06-16,2026,6,16,13.359521524050923,0.9311312437057495,recursive_daily,xgboost_recent_weighted_daily
Long An,2026-06-17,2026,6,17,15.968702670643179,0.9675664901733398,recursive_daily,xgboost_recent_weighted_daily
Long An,2026-06-18,2026,6,18,12.706621132913641,0.9674822688102722,recursive_daily,xgboost_recent_weighted_daily
Long An,2026-06-19,2026,6,19,16.340082151288538,0.9803266525268555,recursive_daily,xgboost_recent_weighted_daily
Long An,2026-06-20,2026,6,20,15.903834077343626,0.9676011800765991,recursive_daily,xgboost_recent_weighted_daily
Long An,2026-06-21,2026,6,21,14.726987003990322,0.9496167898178101,recursive_daily,xgboost_recent_weighted_daily
Long An,2026-06-22,2026,6,22,12.182028772345177,0.9743859767913818,recursive_daily,xgboost_recent_weighted_daily
Long An,2026-06-23,2026,6,23,12.688588434619126,0.955546498298645,recursive_daily,xgboost_recent_weighted_daily
Long An,2026-06-24,2026,6,24,14.37392078214257,0.9464243650436401,recursive_daily,xgboost_recent_weighted_daily
Long An,2026-06-25,2026,6,25,13.952858853155282,0.9440682530403137,recursive_daily,xgboost_recent_weighted_daily
Long An,2026-06-26,2026,6,26,14.04087801788051,0.8986548781394958,recursive_daily,xgboost_recent_weighted_daily
Long An,2026-06-27,2026,6,27,12.276842682657486,0.9229984879493713,recursive_daily,xgboost_recent_weighted_daily
Long An,2026-06-28,2026,6,28,13.03312740665272,0.954686164855957,recursive_daily,xgboost_recent_weighted_daily
Long An,2026-06-29,2026,6,29,14.697540629456585,0.9268249273300171,recursive_daily,xgboost_recent_weighted_daily
Long An,2026-06-30,2026,6,30,13.648864572630703,0.9537984728813171,recursive_daily,xgboost_recent_weighted_daily
Long An,2026-07-01,2026,7,1,15.117573622848425,0.9504402875900269,recursive_daily,xgboost_recent_weighted_daily
Long An,2026-07-02,2026,7,2,12.324983286229646,0.920930027961731,recursive_daily,xgboost_recent_weighted_daily
Long An,2026-07-03,2026,7,3,13.477412972871516,0.9334689974784851,recursive_daily,xgboost_recent_weighted_daily
Long An,2026-07-04,2026,7,4,13.656384019703948,0.9140377640724182,recursive_daily,xgboost_recent_weighted_daily
Long An,2026-07-05,2026,7,5,13.507463478568228,0.9562329649925232,recursive_daily,xgboost_recent_weighted_daily
Long An,2026-07-06,2026,7,6,13.434934475568316,0.9598768949508667,recursive_daily,xgboost_recent_weighted_daily
Long An,2026-07-07,2026,7,7,13.22062712935887,0.933268129825592,recursive_daily,xgboost_recent_weighted_daily
Long An,2026-07-08,2026,7,8,12.288814751216758,0.959378719329834,recursive_daily,xgboost_recent_weighted_daily
Long An,2026-07-09,2026,7,9,14.500564923801115,0.948350191116333,recursive_daily,xgboost_recent_weighted_daily
Long An,2026-07-10,2026,7,10,13.95515775678353,0.9078196883201599,recursive_daily,xgboost_recent_weighted_daily
Long An,2026-07-11,2026,7,11,13.58879305074885,0.9325874447822571,recursive_daily,xgboost_recent_weighted_daily
Long An,2026-07-12,2026,7,12,14.668364757957583,0.9655693769454956,recursive_daily,xgboost_recent_weighted_daily
Long An,2026-07-13,2026,7,13,18.390647850937437,0.9581533074378967,recursive_daily,xgboost_recent_weighted_daily
Long An,2026-07-14,2026,7,14,13.67331559242709,0.9510093331336975,recursive_daily,xgboost_recent_weighted_daily
Long An,2026-07-15,2026,7,15,15.791021203269116,0.9248011112213135,recursive_daily,xgboost_recent_weighted_daily
Long An,2026-07-16,2026,7,16,14.190691215548743,0.9530638456344604,recursive_daily,xgboost_recent_weighted_daily
Long An,2026-07-17,2026,7,17,18.095941865399073,0.9487475752830505,recursive_daily,xgboost_recent_weighted_daily
Long An,2026-07-18,2026,7,18,17.32016174635325,0.9451581835746765,recursive_daily,xgboost_recent_weighted_daily
Long An,2026-07-19,2026,7,19,14.279922093113735,0.9591411352157593,recursive_daily,xgboost_recent_weighted_daily
Long An,2026-07-20,2026,7,20,17.039115180858776,0.9376654028892517,recursive_daily,xgboost_recent_weighted_daily
Long An,2026-07-21,2026,7,21,14.95553423140277,0.8986972570419312,recursive_daily,xgboost_recent_weighted_daily
Long An,2026-07-22,2026,7,22,14.533335358888499,0.9641792178153992,recursive_daily,xgboost_recent_weighted_daily
Long An,2026-07-23,2026,7,23,18.824228002696458,0.953546941280365,recursive_daily,xgboost_recent_weighted_daily
Long An,2026-07-24,2026,7,24,18.21027166092144,0.9704564213752747,recursive_daily,xgboost_recent_weighted_daily
Long An,2026-07-25,2026,7,25,15.925594610830718,0.9479244351387024,recursive_daily,xgboost_recent_weighted_daily
Long An,2026-07-26,2026,7,26,14.244759628987879,0.9571458697319031,recursive_daily,xgboost_recent_weighted_daily
Long An,2026-07-27,2026,7,27,14.292213550563435,0.9378659725189209,recursive_daily,xgboost_recent_weighted_daily
Long An,2026-07-28,2026,7,28,17.170240666260607,0.9554561376571655,recursive_daily,xgboost_recent_weighted_daily
Long An,2026-07-29,2026,7,29,19.725545829188363,0.9574339389801025,recursive_daily,xgboost_recent_weighted_daily
Long An,2026-07-30,2026,7,30,15.082577912498902,0.9622280597686768,recursive_daily,xgboost_recent_weighted_daily
Long An,2026-07-31,2026,7,31,15.053762699233642,0.946107804775238,recursive_daily,xgboost_recent_weighted_daily
Long An,2026-08-01,2026,8,1,13.111656617384421,0.9543096423149109,recursive_daily,xgboost_recent_weighted_daily
Long An,2026-08-02,2026,8,2,14.792705255732361,0.9756029844284058,recursive_daily,xgboost_recent_weighted_daily
Long An,2026-08-03,2026,8,3,17.535935782990293,0.968159556388855,recursive_daily,xgboost_recent_weighted_daily
Long An,2026-08-04,2026,8,4,14.692790657141412,0.9758171439170837,recursive_daily,xgboost_recent_weighted_daily
Long An,2026-08-05,2026,8,5,12.423450724405512,0.9747980237007141,recursive_daily,xgboost_recent_weighted_daily
Long An,2026-08-06,2026,8,6,12.156424872289078,0.9591573476791382,recursive_daily,xgboost_recent_weighted_daily
Long An,2026-08-07,2026,8,7,14.40159654518332,0.9697673916816711,recursive_daily,xgboost_recent_weighted_daily
Long An,2026-08-08,2026,8,8,15.062322285734762,0.977724552154541,recursive_daily,xgboost_recent_weighted_daily
Long An,2026-08-09,2026,8,9,13.70304699131314,0.9732236862182617,recursive_daily,xgboost_recent_weighted_daily
Long An,2026-08-10,2026,8,10,15.379066204129796,0.9723365306854248,recursive_daily,xgboost_recent_weighted_daily
Long An,2026-08-11,2026,8,11,13.720571139865672,0.9567046165466309,recursive_daily,xgboost_recent_weighted_daily
Long An,2026-08-12,2026,8,12,14.590079517489967,0.9528928399085999,recursive_daily,xgboost_recent_weighted_daily
Long An,2026-08-13,2026,8,13,13.252671744859589,0.9516175985336304,recursive_daily,xgboost_recent_weighted_daily
Long An,2026-08-14,2026,8,14,14.921820659802474,0.8898589015007019,recursive_daily,xgboost_recent_weighted_daily
Long An,2026-08-15,2026,8,15,14.249255528472236,0.8867440819740295,recursive_daily,xgboost_recent_weighted_daily
Long An,2026-08-16,2026,8,16,13.26545423209325,0.9570545554161072,recursive_daily,xgboost_recent_weighted_daily
Long An,2026-08-17,2026,8,17,10.9903152689966,0.9535428285598755,recursive_daily,xgboost_recent_weighted_daily
Long An,2026-08-18,2026,8,18,14.829669517705122,0.9653111696243286,recursive_daily,xgboost_recent_weighted_daily
Long An,2026-08-19,2026,8,19,14.140975525434849,0.9675383567810059,recursive_daily,xgboost_recent_weighted_daily
Long An,2026-08-20,2026,8,20,13.92597401744216,0.8877688050270081,recursive_daily,xgboost_recent_weighted_daily
Long An,2026-08-21,2026,8,21,10.54712080929797,0.970454216003418,recursive_daily,xgboost_recent_weighted_daily
Long An,2026-08-22,2026,8,22,13.521561350681436,0.965247631072998,recursive_daily,xgboost_recent_weighted_daily
Long An,2026-08-23,2026,8,23,14.198548933889061,0.95164954662323,recursive_daily,xgboost_recent_weighted_daily
Long An,2026-08-24,2026,8,24,15.840900122768058,0.9774703979492188,recursive_daily,xgboost_recent_weighted_daily
Long An,2026-08-25,2026,8,25,14.020917405679524,0.9676883816719055,recursive_daily,xgboost_recent_weighted_daily
Long An,2026-08-26,2026,8,26,19.881961542463976,0.9611009359359741,recursive_daily,xgboost_recent_weighted_daily
Long An,2026-08-27,2026,8,27,18.8926073144444,0.9564666152000427,recursive_daily,xgboost_recent_weighted_daily
Long An,2026-08-28,2026,8,28,20.218444040174102,0.9536852836608887,recursive_daily,xgboost_recent_weighted_daily
Long An,2026-08-29,2026,8,29,16.83298541851401,0.9135879278182983,recursive_daily,xgboost_recent_weighted_daily
Long An,2026-08-30,2026,8,30,17.29503095992731,0.9582465291023254,recursive_daily,xgboost_recent_weighted_daily
Long An,2026-08-31,2026,8,31,19.296969671523403,0.9595282077789307,recursive_daily,xgboost_recent_weighted_daily
Long An,2026-09-01,2026,9,1,19.049874670224675,0.9122748374938965,recursive_daily,xgboost_recent_weighted_daily
Long An,2026-09-02,2026,9,2,16.213081728558915,0.9588925838470459,recursive_daily,xgboost_recent_weighted_daily
Long An,2026-09-03,2026,9,3,18.646724363974577,0.9694291353225708,recursive_daily,xgboost_recent_weighted_daily
Long An,2026-09-04,2026,9,4,18.254389183068437,0.971178412437439,recursive_daily,xgboost_recent_weighted_daily
Long An,2026-09-05,2026,9,5,18.0105676162037,0.9006569385528564,recursive_daily,xgboost_recent_weighted_daily
Long An,2026-09-06,2026,9,6,16.172706723046286,0.947385311126709,recursive_daily,xgboost_recent_weighted_daily
Long An,2026-09-07,2026,9,7,23.105192795957574,0.9672501087188721,recursive_daily,xgboost_recent_weighted_daily
Long An,2026-09-08,2026,9,8,15.138637079636375,0.9617915153503418,recursive_daily,xgboost_recent_weighted_daily
Long An,2026-09-09,2026,9,9,17.787893598491216,0.9561368227005005,recursive_daily,xgboost_recent_weighted_daily
Long An,2026-09-10,2026,9,10,15.985396255473104,0.9666758179664612,recursive_daily,xgboost_recent_weighted_daily
Long An,2026-09-11,2026,9,11,19.83529085663875,0.933864414691925,recursive_daily,xgboost_recent_weighted_daily
Long An,2026-09-12,2026,9,12,17.699022138961805,0.9758411049842834,recursive_daily,xgboost_recent_weighted_daily
Long An,2026-09-13,2026,9,13,17.241703076641343,0.967330276966095,recursive_daily,xgboost_recent_weighted_daily
Long An,2026-09-14,2026,9,14,18.250087199866496,0.9573373198509216,recursive_daily,xgboost_recent_weighted_daily
Long An,2026-09-15,2026,9,15,17.52193395911513,0.9611948728561401,recursive_daily,xgboost_recent_weighted_daily
Long An,2026-09-16,2026,9,16,17.82306762707997,0.9588873982429504,recursive_daily,xgboost_recent_weighted_daily
Long An,2026-09-17,2026,9,17,16.80920896945276,0.9705457091331482,recursive_daily,xgboost_recent_weighted_daily
Long An,2026-09-18,2026,9,18,14.698476080835457,0.9507060647010803,recursive_daily,xgboost_recent_weighted_daily
Long An,2026-09-19,2026,9,19,22.794018461637883,0.9828048348426819,recursive_daily,xgboost_recent_weighted_daily
Long An,2026-09-20,2026,9,20,16.84308036051564,0.9625384211540222,recursive_daily,xgboost_recent_weighted_daily
Long An,2026-09-21,2026,9,21,18.477267523701457,0.9216721057891846,recursive_daily,xgboost_recent_weighted_daily
Long An,2026-09-22,2026,9,22,17.162950211204738,0.9665446281433105,recursive_daily,xgboost_recent_weighted_daily
Long An,2026-09-23,2026,9,23,21.886463231027175,0.9719482064247131,recursive_daily,xgboost_recent_weighted_daily
Long An,2026-09-24,2026,9,24,16.551477995884586,0.9781217575073242,recursive_daily,xgboost_recent_weighted_daily
Long An,2026-09-25,2026,9,25,18.884190986001165,0.9637606143951416,recursive_daily,xgboost_recent_weighted_daily
Long An,2026-09-26,2026,9,26,23.84787691307443,0.9759471416473389,recursive_daily,xgboost_recent_weighted_daily
Long An,2026-09-27,2026,9,27,16.77625484967,0.9519238471984863,recursive_daily,xgboost_recent_weighted_daily
Long An,2026-09-28,2026,9,28,18.35084935108725,0.9611247181892395,recursive_daily,xgboost_recent_weighted_daily
Long An,2026-09-29,2026,9,29,17.57953421729924,0.9591935276985168,recursive_daily,xgboost_recent_weighted_daily
Long An,2026-09-30,2026,9,30,23.25170720257296,0.9781729578971863,recursive_daily,xgboost_recent_weighted_daily
Long An,2026-10-01,2026,10,1,26.506130745910397,0.9872884750366211,recursive_daily,xgboost_recent_weighted_daily
Long An,2026-10-02,2026,10,2,21.589387212181727,0.9716159105300903,recursive_daily,xgboost_recent_weighted_daily
Long An,2026-10-03,2026,10,3,19.30567240278143,0.9715647101402283,recursive_daily,xgboost_recent_weighted_daily
Long An,2026-10-04,2026,10,4,17.324655447646467,0.9792419672012329,recursive_daily,xgboost_recent_weighted_daily
Long An,2026-10-05,2026,10,5,18.99045828050453,0.9873894453048706,recursive_daily,xgboost_recent_weighted_daily
Long An,2026-10-06,2026,10,6,20.500957785259246,0.9841743111610413,recursive_daily,xgboost_recent_weighted_daily
Long An,2026-10-07,2026,10,7,21.842649261049175,0.9820714592933655,recursive_daily,xgboost_recent_weighted_daily
Long An,2026-10-08,2026,10,8,23.38485266081937,0.9677428603172302,recursive_daily,xgboost_recent_weighted_daily
Long An,2026-10-09,2026,10,9,14.81147246856069,0.9721234440803528,recursive_daily,xgboost_recent_weighted_daily
Long An,2026-10-10,2026,10,10,16.89057284704239,0.9727266430854797,recursive_daily,xgboost_recent_weighted_daily
Long An,2026-10-11,2026,10,11,18.792280769845362,0.9865227341651917,recursive_daily,xgboost_recent_weighted_daily
Long An,2026-10-12,2026,10,12,20.870316587892173,0.9820321798324585,recursive_daily,xgboost_recent_weighted_daily
Long An,2026-10-13,2026,10,13,19.125438607001172,0.9609780311584473,recursive_daily,xgboost_recent_weighted_daily
Long An,2026-10-14,2026,10,14,18.64821018532457,0.9680610299110413,recursive_daily,xgboost_recent_weighted_daily
Long An,2026-10-15,2026,10,15,16.431388953638134,0.9575108289718628,recursive_daily,xgboost_recent_weighted_daily
Long An,2026-10-16,2026,10,16,17.45250653867333,0.9863917827606201,recursive_daily,xgboost_recent_weighted_daily
Long An,2026-10-17,2026,10,17,20.00648946129051,0.9527924060821533,recursive_daily,xgboost_recent_weighted_daily
Long An,2026-10-18,2026,10,18,17.895695551896118,0.9788747429847717,recursive_daily,xgboost_recent_weighted_daily
Long An,2026-10-19,2026,10,19,20.1095534020768,0.9853734970092773,recursive_daily,xgboost_recent_weighted_daily
Long An,2026-10-20,2026,10,20,18.54049163028323,0.9777938723564148,recursive_daily,xgboost_recent_weighted_daily
Long An,2026-10-21,2026,10,21,16.425777008760143,0.9537068605422974,recursive_daily,xgboost_recent_weighted_daily
Long An,2026-10-22,2026,10,22,17.50526778763776,0.9729084968566895,recursive_daily,xgboost_recent_weighted_daily
Long An,2026-10-23,2026,10,23,21.8260507940827,0.9811156988143921,recursive_daily,xgboost_recent_weighted_daily
Long An,2026-10-24,2026,10,24,18.524599991063308,0.9727282524108887,recursive_daily,xgboost_recent_weighted_daily
Long An,2026-10-25,2026,10,25,17.540448745090146,0.9509444236755371,recursive_daily,xgboost_recent_weighted_daily
Long An,2026-10-26,2026,10,26,12.797677946939503,0.9680643677711487,recursive_daily,xgboost_recent_weighted_daily
Long An,2026-10-27,2026,10,27,17.094118946049882,0.9563855528831482,recursive_daily,xgboost_recent_weighted_daily
Long An,2026-10-28,2026,10,28,21.67108379453993,0.94996577501297,recursive_daily,xgboost_recent_weighted_daily
Long An,2026-10-29,2026,10,29,21.8505819205561,0.9658993482589722,recursive_daily,xgboost_recent_weighted_daily
Long An,2026-10-30,2026,10,30,20.830249196054908,0.923821747303009,recursive_daily,xgboost_recent_weighted_daily
Long An,2026-10-31,2026,10,31,18.556334528788874,0.9737343788146973,recursive_daily,xgboost_recent_weighted_daily
Long An,2026-11-01,2026,11,1,15.879952497724629,0.9550917148590088,recursive_daily,xgboost_recent_weighted_daily
Long An,2026-11-02,2026,11,2,18.634209727042194,0.9507110118865967,recursive_daily,xgboost_recent_weighted_daily
Long An,2026-11-03,2026,11,3,19.46379042282764,0.9688766002655029,recursive_daily,xgboost_recent_weighted_daily
Long An,2026-11-04,2026,11,4,19.672235764271445,0.960922122001648,recursive_daily,xgboost_recent_weighted_daily
Long An,2026-11-05,2026,11,5,24.069410008726287,0.9679590463638306,recursive_daily,xgboost_recent_weighted_daily
Long An,2026-11-06,2026,11,6,17.484608002519753,0.9520720839500427,recursive_daily,xgboost_recent_weighted_daily
Long An,2026-11-07,2026,11,7,13.90936765302901,0.9651414752006531,recursive_daily,xgboost_recent_weighted_daily
Long An,2026-11-08,2026,11,8,12.649886262185044,0.9560105204582214,recursive_daily,xgboost_recent_weighted_daily
Long An,2026-11-09,2026,11,9,14.32676866714891,0.9441160559654236,recursive_daily,xgboost_recent_weighted_daily
Long An,2026-11-10,2026,11,10,14.304280073272501,0.9317069053649902,recursive_daily,xgboost_recent_weighted_daily
Long An,2026-11-11,2026,11,11,13.15778632062015,0.933307945728302,recursive_daily,xgboost_recent_weighted_daily
Long An,2026-11-12,2026,11,12,16.643242230328788,0.8938422799110413,recursive_daily,xgboost_recent_weighted_daily
Long An,2026-11-13,2026,11,13,12.269767407081119,0.9386166930198669,recursive_daily,xgboost_recent_weighted_daily
Long An,2026-11-14,2026,11,14,16.2700762407815,0.9516254663467407,recursive_daily,xgboost_recent_weighted_daily
Long An,2026-11-15,2026,11,15,15.091684759743906,0.9607646465301514,recursive_daily,xgboost_recent_weighted_daily
Long An,2026-11-16,2026,11,16,16.799881125608017,0.9542191028594971,recursive_daily,xgboost_recent_weighted_daily
Long An,2026-11-17,2026,11,17,15.277271977640883,0.8954156041145325,recursive_daily,xgboost_recent_weighted_daily
Long An,2026-11-18,2026,11,18,13.991859840726633,0.9326246380805969,recursive_daily,xgboost_recent_weighted_daily
Long An,2026-11-19,2026,11,19,10.917392422758493,0.8910801410675049,recursive_daily,xgboost_recent_weighted_daily
Long An,2026-11-20,2026,11,20,14.124175505911163,0.8855109214782715,recursive_daily,xgboost_recent_weighted_daily
Long An,2026-11-21,2026,11,21,15.700095228318718,0.9239416122436523,recursive_daily,xgboost_recent_weighted_daily
Long An,2026-11-22,2026,11,22,14.409432145926647,0.9360697865486145,recursive_daily,xgboost_recent_weighted_daily
Long An,2026-11-23,2026,11,23,13.91556525414331,0.9313285946846008,recursive_daily,xgboost_recent_weighted_daily
Long An,2026-11-24,2026,11,24,12.928394861677488,0.9338967204093933,recursive_daily,xgboost_recent_weighted_daily
Long An,2026-11-25,2026,11,25,12.53351531253542,0.9421465396881104,recursive_daily,xgboost_recent_weighted_daily
Long An,2026-11-26,2026,11,26,18.18743321855826,0.9233355522155762,recursive_daily,xgboost_recent_weighted_daily
Long An,2026-11-27,2026,11,27,13.961249899869749,0.9144423604011536,recursive_daily,xgboost_recent_weighted_daily
Long An,2026-11-28,2026,11,28,16.963712059690987,0.9017547965049744,recursive_daily,xgboost_recent_weighted_daily
Long An,2026-11-29,2026,11,29,13.112000317981316,0.9038341641426086,recursive_daily,xgboost_recent_weighted_daily
Long An,2026-11-30,2026,11,30,14.334704980177936,0.8946903944015503,recursive_daily,xgboost_recent_weighted_daily
Long An,2026-12-01,2026,12,1,12.941420873348358,0.7241829633712769,recursive_daily,xgboost_recent_weighted_daily
Long An,2026-12-02,2026,12,2,15.575560743213604,0.7430874109268188,recursive_daily,xgboost_recent_weighted_daily
Long An,2026-12-03,2026,12,3,17.287587510449114,0.7918487191200256,recursive_daily,xgboost_recent_weighted_daily
Long An,2026-12-04,2026,12,4,16.63062811853446,0.8671678304672241,recursive_daily,xgboost_recent_weighted_daily
Long An,2026-12-05,2026,12,5,15.124127043918888,0.9074813723564148,recursive_daily,xgboost_recent_weighted_daily
Long An,2026-12-06,2026,12,6,15.168821192417264,0.696444571018219,recursive_daily,xgboost_recent_weighted_daily
Long An,2026-12-07,2026,12,7,16.727260896348582,0.8463110327720642,recursive_daily,xgboost_recent_weighted_daily
Long An,2026-12-08,2026,12,8,15.228577029656602,0.7372739315032959,recursive_daily,xgboost_recent_weighted_daily
Long An,2026-12-09,2026,12,9,15.340758291101997,0.8228681087493896,recursive_daily,xgboost_recent_weighted_daily
Long An,2026-12-10,2026,12,10,17.075005693717454,0.7678378224372864,recursive_daily,xgboost_recent_weighted_daily
Long An,2026-12-11,2026,12,11,14.427511883938317,0.7869155406951904,recursive_daily,xgboost_recent_weighted_daily
Long An,2026-12-12,2026,12,12,13.86845315351218,0.7959846258163452,recursive_daily,xgboost_recent_weighted_daily
Long An,2026-12-13,2026,12,13,13.142244909931605,0.7679066061973572,recursive_daily,xgboost_recent_weighted_daily
Long An,2026-12-14,2026,12,14,14.856619186623133,0.7623164653778076,recursive_daily,xgboost_recent_weighted_daily
Long An,2026-12-15,2026,12,15,16.0813467445809,0.7643029689788818,recursive_daily,xgboost_recent_weighted_daily
Long An,2026-12-16,2026,12,16,19.367404700588175,0.8417967557907104,recursive_daily,xgboost_recent_weighted_daily
Long An,2026-12-17,2026,12,17,17.333962461475107,0.7479612231254578,recursive_daily,xgboost_recent_weighted_daily
Long An,2026-12-18,2026,12,18,14.279532222246402,0.714775800704956,recursive_daily,xgboost_recent_weighted_daily
Long An,2026-12-19,2026,12,19,18.38087332660928,0.7381007671356201,recursive_daily,xgboost_recent_weighted_daily
Long An,2026-12-20,2026,12,20,15.511953594750416,0.6533827781677246,recursive_daily,xgboost_recent_weighted_daily
Long An,2026-12-21,2026,12,21,16.255287356214904,0.7833266258239746,recursive_daily,xgboost_recent_weighted_daily
Long An,2026-12-22,2026,12,22,15.173119013120125,0.7692188024520874,recursive_daily,xgboost_recent_weighted_daily
Long An,2026-12-23,2026,12,23,13.59094005236565,0.7875549793243408,recursive_daily,xgboost_recent_weighted_daily
Long An,2026-12-24,2026,12,24,15.375734504096988,0.7557060718536377,recursive_daily,xgboost_recent_weighted_daily
Long An,2026-12-25,2026,12,25,15.029242434138999,0.7779451012611389,recursive_daily,xgboost_recent_weighted_daily
Long An,2026-12-26,2026,12,26,21.006176403393216,0.8113657832145691,recursive_daily,xgboost_recent_weighted_daily
Long An,2026-12-27,2026,12,27,14.769425534548104,0.7613024115562439,recursive_daily,xgboost_recent_weighted_daily
Long An,2026-12-28,2026,12,28,17.973708647429376,0.7938494682312012,recursive_daily,xgboost_recent_weighted_daily
Long An,2026-12-29,2026,12,29,14.534293103235768,0.7092762589454651,recursive_daily,xgboost_recent_weighted_daily
Long An,2026-12-30,2026,12,30,18.44959329364285,0.5904754400253296,recursive_daily,xgboost_recent_weighted_daily
Long An,2026-12-31,2026,12,31,15.480216076709622,0.6557572484016418,recursive_daily,xgboost_recent_weighted_daily
Soc Trang,2026-01-01,2026,1,1,0.0,0.16853509843349457,recursive_daily,xgboost_recent_weighted_daily
Soc Trang,2026-01-02,2026,1,2,0.0,0.07119801640510559,recursive_daily,xgboost_recent_weighted_daily
Soc Trang,2026-01-03,2026,1,3,0.0,0.10823682695627213,recursive_daily,xgboost_recent_weighted_daily
Soc Trang,2026-01-04,2026,1,4,0.0,0.07535015791654587,recursive_daily,xgboost_recent_weighted_daily
Soc Trang,2026-01-05,2026,1,5,0.0,0.05303814634680748,recursive_daily,xgboost_recent_weighted_daily
Soc Trang,2026-01-06,2026,1,6,0.0,0.06352345645427704,recursive_daily,xgboost_recent_weighted_daily
Soc Trang,2026-01-07,2026,1,7,0.0,0.04068422317504883,recursive_daily,xgboost_recent_weighted_daily
Soc Trang,2026-01-08,2026,1,8,0.0,0.034530628472566605,recursive_daily,xgboost_recent_weighted_daily
Soc Trang,2026-01-09,2026,1,9,0.0,0.044159527868032455,recursive_daily,xgboost_recent_weighted_daily
Soc Trang,2026-01-10,2026,1,10,0.0,0.04820729047060013,recursive_daily,xgboost_recent_weighted_daily
Soc Trang,2026-01-11,2026,1,11,0.0,0.03583429753780365,recursive_daily,xgboost_recent_weighted_daily
Soc Trang,2026-01-12,2026,1,12,0.0,0.033428844064474106,recursive_daily,xgboost_recent_weighted_daily
Soc Trang,2026-01-13,2026,1,13,0.0,0.019815320149064064,recursive_daily,xgboost_recent_weighted_daily
Soc Trang,2026-01-14,2026,1,14,0.0,0.01864067278802395,recursive_daily,xgboost_recent_weighted_daily
Soc Trang,2026-01-15,2026,1,15,0.0,0.03769189491868019,recursive_daily,xgboost_recent_weighted_daily
Soc Trang,2026-01-16,2026,1,16,0.0,0.018412623554468155,recursive_daily,xgboost_recent_weighted_daily
Soc Trang,2026-01-17,2026,1,17,0.0,0.038653913885354996,recursive_daily,xgboost_recent_weighted_daily
Soc Trang,2026-01-18,2026,1,18,0.0,0.025864962488412857,recursive_daily,xgboost_recent_weighted_daily
Soc Trang,2026-01-19,2026,1,19,0.0,0.016599271446466446,recursive_daily,xgboost_recent_weighted_daily
Soc Trang,2026-01-20,2026,1,20,0.0,0.017694536596536636,recursive_daily,xgboost_recent_weighted_daily
Soc Trang,2026-01-21,2026,1,21,0.0,0.03816225752234459,recursive_daily,xgboost_recent_weighted_daily
Soc Trang,2026-01-22,2026,1,22,0.0,0.026736686006188393,recursive_daily,xgboost_recent_weighted_daily
Soc Trang,2026-01-23,2026,1,23,0.0,0.03201467543840408,recursive_daily,xgboost_recent_weighted_daily
Soc Trang,2026-01-24,2026,1,24,0.0,0.029746590182185173,recursive_daily,xgboost_recent_weighted_daily
Soc Trang,2026-01-25,2026,1,25,0.0,0.034584783017635345,recursive_daily,xgboost_recent_weighted_daily
Soc Trang,2026-01-26,2026,1,26,0.0,0.06067970395088196,recursive_daily,xgboost_recent_weighted_daily
Soc Trang,2026-01-27,2026,1,27,0.0,0.04581066220998764,recursive_daily,xgboost_recent_weighted_daily
Soc Trang,2026-01-28,2026,1,28,0.0,0.040672846138477325,recursive_daily,xgboost_recent_weighted_daily
Soc Trang,2026-01-29,2026,1,29,0.0,0.04572725668549538,recursive_daily,xgboost_recent_weighted_daily
Soc Trang,2026-01-30,2026,1,30,0.0,0.03534557297825813,recursive_daily,xgboost_recent_weighted_daily
Soc Trang,2026-01-31,2026,1,31,0.0,0.032816655933856964,recursive_daily,xgboost_recent_weighted_daily
Soc Trang,2026-02-01,2026,2,1,0.0,0.027234477922320366,recursive_daily,xgboost_recent_weighted_daily
Soc Trang,2026-02-02,2026,2,2,0.0,0.029378144070506096,recursive_daily,xgboost_recent_weighted_daily
Soc Trang,2026-02-03,2026,2,3,0.0,0.03929696977138519,recursive_daily,xgboost_recent_weighted_daily
Soc Trang,2026-02-04,2026,2,4,0.0,0.05542784556746483,recursive_daily,xgboost_recent_weighted_daily
Soc Trang,2026-02-05,2026,2,5,0.0,0.028137831017374992,recursive_daily,xgboost_recent_weighted_daily
Soc Trang,2026-02-06,2026,2,6,0.0,0.026328716427087784,recursive_daily,xgboost_recent_weighted_daily
Soc Trang,2026-02-07,2026,2,7,0.0,0.0253806933760643,recursive_daily,xgboost_recent_weighted_daily
Soc Trang,2026-02-08,2026,2,8,0.0,0.030627716332674026,recursive_daily,xgboost_recent_weighted_daily
Soc Trang,2026-02-09,2026,2,9,0.0,0.03741415962576866,recursive_daily,xgboost_recent_weighted_daily
Soc Trang,2026-02-10,2026,2,10,0.0,0.0543188750743866,recursive_daily,xgboost_recent_weighted_daily
Soc Trang,2026-02-11,2026,2,11,0.0,0.02938976138830185,recursive_daily,xgboost_recent_weighted_daily
Soc Trang,2026-02-12,2026,2,12,0.0,0.037355873733758926,recursive_daily,xgboost_recent_weighted_daily
Soc Trang,2026-02-13,2026,2,13,0.0,0.0598655641078949,recursive_daily,xgboost_recent_weighted_daily
Soc Trang,2026-02-14,2026,2,14,0.0,0.05415297672152519,recursive_daily,xgboost_recent_weighted_daily
Soc Trang,2026-02-15,2026,2,15,0.0,0.0336659699678421,recursive_daily,xgboost_recent_weighted_daily
Soc Trang,2026-02-16,2026,2,16,0.0,0.03736346215009689,recursive_daily,xgboost_recent_weighted_daily
Soc Trang,2026-02-17,2026,2,17,0.0,0.04335198178887367,recursive_daily,xgboost_recent_weighted_daily
Soc Trang,2026-02-18,2026,2,18,0.0,0.043125495314598083,recursive_daily,xgboost_recent_weighted_daily
Soc Trang,2026-02-19,2026,2,19,0.0,0.03981799632310867,recursive_daily,xgboost_recent_weighted_daily
Soc Trang,2026-02-20,2026,2,20,0.0,0.054400864988565445,recursive_daily,xgboost_recent_weighted_daily
Soc Trang,2026-02-21,2026,2,21,0.0,0.04392032325267792,recursive_daily,xgboost_recent_weighted_daily
Soc Trang,2026-02-22,2026,2,22,0.0,0.06369543820619583,recursive_daily,xgboost_recent_weighted_daily
Soc Trang,2026-02-23,2026,2,23,0.0,0.051962051540613174,recursive_daily,xgboost_recent_weighted_daily
Soc Trang,2026-02-24,2026,2,24,0.0,0.05117422714829445,recursive_daily,xgboost_recent_weighted_daily
Soc Trang,2026-02-25,2026,2,25,0.0,0.08106895536184311,recursive_daily,xgboost_recent_weighted_daily
Soc Trang,2026-02-26,2026,2,26,0.0,0.09321000427007675,recursive_daily,xgboost_recent_weighted_daily
Soc Trang,2026-02-27,2026,2,27,0.0,0.062352802604436874,recursive_daily,xgboost_recent_weighted_daily
Soc Trang,2026-02-28,2026,2,28,0.0,0.09375620633363724,recursive_daily,xgboost_recent_weighted_daily
Soc Trang,2026-03-01,2026,3,1,0.0,0.08292815834283829,recursive_daily,xgboost_recent_weighted_daily
Soc Trang,2026-03-02,2026,3,2,0.0,0.08012845367193222,recursive_daily,xgboost_recent_weighted_daily
Soc Trang,2026-03-03,2026,3,3,0.0,0.04651810973882675,recursive_daily,xgboost_recent_weighted_daily
Soc Trang,2026-03-04,2026,3,4,0.0,0.07926230132579803,recursive_daily,xgboost_recent_weighted_daily
Soc Trang,2026-03-05,2026,3,5,0.0,0.08764258027076721,recursive_daily,xgboost_recent_weighted_daily
Soc Trang,2026-03-06,2026,3,6,0.0,0.09449997544288635,recursive_daily,xgboost_recent_weighted_daily
Soc Trang,2026-03-07,2026,3,7,0.0,0.10506392270326614,recursive_daily,xgboost_recent_weighted_daily
Soc Trang,2026-03-08,2026,3,8,0.0,0.08460672944784164,recursive_daily,xgboost_recent_weighted_daily
Soc Trang,2026-03-09,2026,3,9,0.0,0.1018044650554657,recursive_daily,xgboost_recent_weighted_daily
Soc Trang,2026-03-10,2026,3,10,0.0,0.0572386234998703,recursive_daily,xgboost_recent_weighted_daily
Soc Trang,2026-03-11,2026,3,11,0.0,0.05813852697610855,recursive_daily,xgboost_recent_weighted_daily
Soc Trang,2026-03-12,2026,3,12,0.0,0.05324387177824974,recursive_daily,xgboost_recent_weighted_daily
Soc Trang,2026-03-13,2026,3,13,0.0,0.0681927427649498,recursive_daily,xgboost_recent_weighted_daily
Soc Trang,2026-03-14,2026,3,14,0.0,0.036959365010261536,recursive_daily,xgboost_recent_weighted_daily
Soc Trang,2026-03-15,2026,3,15,0.0,0.03752739727497101,recursive_daily,xgboost_recent_weighted_daily
Soc Trang,2026-03-16,2026,3,16,0.0,0.0633547306060791,recursive_daily,xgboost_recent_weighted_daily
Soc Trang,2026-03-17,2026,3,17,0.0,0.0813300684094429,recursive_daily,xgboost_recent_weighted_daily
Soc Trang,2026-03-18,2026,3,18,0.0,0.06191347539424896,recursive_daily,xgboost_recent_weighted_daily
Soc Trang,2026-03-19,2026,3,19,0.0,0.06272740662097931,recursive_daily,xgboost_recent_weighted_daily
Soc Trang,2026-03-20,2026,3,20,0.0,0.064895398914814,recursive_daily,xgboost_recent_weighted_daily
Soc Trang,2026-03-21,2026,3,21,0.0,0.0766349658370018,recursive_daily,xgboost_recent_weighted_daily
Soc Trang,2026-03-22,2026,3,22,0.0,0.06110595539212227,recursive_daily,xgboost_recent_weighted_daily
Soc Trang,2026-03-23,2026,3,23,0.0,0.058602046221494675,recursive_daily,xgboost_recent_weighted_daily
Soc Trang,2026-03-24,2026,3,24,0.0,0.04291782155632973,recursive_daily,xgboost_recent_weighted_daily
Soc Trang,2026-03-25,2026,3,25,0.0,0.051194947212934494,recursive_daily,xgboost_recent_weighted_daily
Soc Trang,2026-03-26,2026,3,26,0.0,0.039484210312366486,recursive_daily,xgboost_recent_weighted_daily
Soc Trang,2026-03-27,2026,3,27,0.0,0.08180651068687439,recursive_daily,xgboost_recent_weighted_daily
Soc Trang,2026-03-28,2026,3,28,0.0,0.07703803479671478,recursive_daily,xgboost_recent_weighted_daily
Soc Trang,2026-03-29,2026,3,29,0.0,0.08610717207193375,recursive_daily,xgboost_recent_weighted_daily
Soc Trang,2026-03-30,2026,3,30,0.0,0.07949454337358475,recursive_daily,xgboost_recent_weighted_daily
Soc Trang,2026-03-31,2026,3,31,0.0,0.07366026192903519,recursive_daily,xgboost_recent_weighted_daily
Soc Trang,2026-04-01,2026,4,1,0.0,0.14498835802078247,recursive_daily,xgboost_recent_weighted_daily
Soc Trang,2026-04-02,2026,4,2,0.0,0.15610039234161377,recursive_daily,xgboost_recent_weighted_daily
Soc Trang,2026-04-03,2026,4,3,0.0,0.11347831040620804,recursive_daily,xgboost_recent_weighted_daily
Soc Trang,2026-04-04,2026,4,4,0.0,0.11347831040620804,recursive_daily,xgboost_recent_weighted_daily
Soc Trang,2026-04-05,2026,4,5,0.0,0.1287069171667099,recursive_daily,xgboost_recent_weighted_daily
Soc Trang,2026-04-06,2026,4,6,0.0,0.11347831040620804,recursive_daily,xgboost_recent_weighted_daily
Soc Trang,2026-04-07,2026,4,7,0.0,0.11241810023784637,recursive_daily,xgboost_recent_weighted_daily
Soc Trang,2026-04-08,2026,4,8,0.0,0.1305638551712036,recursive_daily,xgboost_recent_weighted_daily
Soc Trang,2026-04-09,2026,4,9,0.0,0.10616250336170197,recursive_daily,xgboost_recent_weighted_daily
Soc Trang,2026-04-10,2026,4,10,0.0,0.09956109523773193,recursive_daily,xgboost_recent_weighted_daily
Soc Trang,2026-04-11,2026,4,11,0.0,0.11413388699293137,recursive_daily,xgboost_recent_weighted_daily
Soc Trang,2026-04-12,2026,4,12,0.0,0.13096673786640167,recursive_daily,xgboost_recent_weighted_daily
Soc Trang,2026-04-13,2026,4,13,0.0,0.15059775114059448,recursive_daily,xgboost_recent_weighted_daily
Soc Trang,2026-04-14,2026,4,14,0.0,0.19554583728313446,recursive_daily,xgboost_recent_weighted_daily
Soc Trang,2026-04-15,2026,4,15,0.0,0.19736061990261078,recursive_daily,xgboost_recent_weighted_daily
Soc Trang,2026-04-16,2026,4,16,0.0,0.17086072266101837,recursive_daily,xgboost_recent_weighted_daily
Soc Trang,2026-04-17,2026,4,17,0.0,0.19942639768123627,recursive_daily,xgboost_recent_weighted_daily
Soc Trang,2026-04-18,2026,4,18,0.0,0.1633031666278839,recursive_daily,xgboost_recent_weighted_daily
Soc Trang,2026-04-19,2026,4,19,0.0,0.17700354754924774,recursive_daily,xgboost_recent_weighted_daily
Soc Trang,2026-04-20,2026,4,20,0.0,0.17700354754924774,recursive_daily,xgboost_recent_weighted_daily
Soc Trang,2026-04-21,2026,4,21,0.0,0.17700354754924774,recursive_daily,xgboost_recent_weighted_daily
Soc Trang,2026-04-22,2026,4,22,0.0,0.2797960042953491,recursive_daily,xgboost_recent_weighted_daily
Soc Trang,2026-04-23,2026,4,23,0.0,0.29180169105529785,recursive_daily,xgboost_recent_weighted_daily
Soc Trang,2026-04-24,2026,4,24,3.3795484762257004,0.3087196946144104,recursive_daily,xgboost_recent_weighted_daily
Soc Trang,2026-04-25,2026,4,25,6.251119420549949,0.3393779397010803,recursive_daily,xgboost_recent_weighted_daily
Soc Trang,2026-04-26,2026,4,26,8.794954575854613,0.6389787793159485,recursive_daily,xgboost_recent_weighted_daily
Soc Trang,2026-04-27,2026,4,27,5.620225203965151,0.6102968454360962,recursive_daily,xgboost_recent_weighted_daily
Soc Trang,2026-04-28,2026,4,28,8.548290657508621,0.635688841342926,recursive_daily,xgboost_recent_weighted_daily
Soc Trang,2026-04-29,2026,4,29,9.851229586222233,0.7947278618812561,recursive_daily,xgboost_recent_weighted_daily
Soc Trang,2026-04-30,2026,4,30,9.282109412268268,0.8154449462890625,recursive_daily,xgboost_recent_weighted_daily
Soc Trang,2026-05-01,2026,5,1,5.053675648135801,0.8953167200088501,recursive_daily,xgboost_recent_weighted_daily
Soc Trang,2026-05-02,2026,5,2,4.492957694037795,0.8488667607307434,recursive_daily,xgboost_recent_weighted_daily
Soc Trang,2026-05-03,2026,5,3,7.0758073246274575,0.8438174724578857,recursive_daily,xgboost_recent_weighted_daily
Soc Trang,2026-05-04,2026,5,4,7.401636371001897,0.89528489112854,recursive_daily,xgboost_recent_weighted_daily
Soc Trang,2026-05-05,2026,5,5,6.362243997663282,0.9091018438339233,recursive_daily,xgboost_recent_weighted_daily
Soc Trang,2026-05-06,2026,5,6,5.280137467538687,0.9372180104255676,recursive_daily,xgboost_recent_weighted_daily
Soc Trang,2026-05-07,2026,5,7,3.994397913734249,0.916869044303894,recursive_daily,xgboost_recent_weighted_daily
Soc Trang,2026-05-08,2026,5,8,6.299361319611471,0.8960273265838623,recursive_daily,xgboost_recent_weighted_daily
Soc Trang,2026-05-09,2026,5,9,7.358342430357369,0.8996429443359375,recursive_daily,xgboost_recent_weighted_daily
Soc Trang,2026-05-10,2026,5,10,5.897754195625487,0.9137020707130432,recursive_daily,xgboost_recent_weighted_daily
Soc Trang,2026-05-11,2026,5,11,7.580769549432531,0.887324869632721,recursive_daily,xgboost_recent_weighted_daily
Soc Trang,2026-05-12,2026,5,12,7.483419057036447,0.9219139814376831,recursive_daily,xgboost_recent_weighted_daily
Soc Trang,2026-05-13,2026,5,13,6.445783112114941,0.9237021207809448,recursive_daily,xgboost_recent_weighted_daily
Soc Trang,2026-05-14,2026,5,14,6.164777854795491,0.9142483472824097,recursive_daily,xgboost_recent_weighted_daily
Soc Trang,2026-05-15,2026,5,15,9.592040685319873,0.8902269005775452,recursive_daily,xgboost_recent_weighted_daily
Soc Trang,2026-05-16,2026,5,16,8.703667004772726,0.9520120024681091,recursive_daily,xgboost_recent_weighted_daily
Soc Trang,2026-05-17,2026,5,17,9.748307943387168,0.9382559657096863,recursive_daily,xgboost_recent_weighted_daily
Soc Trang,2026-05-18,2026,5,18,7.634561845306154,0.9586588144302368,recursive_daily,xgboost_recent_weighted_daily
Soc Trang,2026-05-19,2026,5,19,7.297014142621844,0.9444612860679626,recursive_daily,xgboost_recent_weighted_daily
Soc Trang,2026-05-20,2026,5,20,9.170972671161493,0.9201343059539795,recursive_daily,xgboost_recent_weighted_daily
Soc Trang,2026-05-21,2026,5,21,13.270200564682858,0.9194501638412476,recursive_daily,xgboost_recent_weighted_daily
Soc Trang,2026-05-22,2026,5,22,17.890072986577092,0.9458346962928772,recursive_daily,xgboost_recent_weighted_daily
Soc Trang,2026-05-23,2026,5,23,17.52735397556121,0.9233438968658447,recursive_daily,xgboost_recent_weighted_daily
Soc Trang,2026-05-24,2026,5,24,13.557598153823747,0.8462213277816772,recursive_daily,xgboost_recent_weighted_daily
Soc Trang,2026-05-25,2026,5,25,10.364500676276124,0.8838213086128235,recursive_daily,xgboost_recent_weighted_daily
Soc Trang,2026-05-26,2026,5,26,11.465327961756545,0.921814501285553,recursive_daily,xgboost_recent_weighted_daily
Soc Trang,2026-05-27,2026,5,27,18.929911352769413,0.9372689723968506,recursive_daily,xgboost_recent_weighted_daily
Soc Trang,2026-05-28,2026,5,28,14.748815017690992,0.9328036308288574,recursive_daily,xgboost_recent_weighted_daily
Soc Trang,2026-05-29,2026,5,29,14.3180898955922,0.8663638830184937,recursive_daily,xgboost_recent_weighted_daily
Soc Trang,2026-05-30,2026,5,30,8.891912949691548,0.8286890387535095,recursive_daily,xgboost_recent_weighted_daily
Soc Trang,2026-05-31,2026,5,31,13.377795369548194,0.819463312625885,recursive_daily,xgboost_recent_weighted_daily
Soc Trang,2026-06-01,2026,6,1,14.11530252983906,0.958844006061554,recursive_daily,xgboost_recent_weighted_daily
Soc Trang,2026-06-02,2026,6,2,11.711100889405959,0.9159715175628662,recursive_daily,xgboost_recent_weighted_daily
Soc Trang,2026-06-03,2026,6,3,13.634607341515727,0.8497747778892517,recursive_daily,xgboost_recent_weighted_daily
Soc Trang,2026-06-04,2026,6,4,13.66742891753775,0.9648599028587341,recursive_daily,xgboost_recent_weighted_daily
Soc Trang,2026-06-05,2026,6,5,10.155942442686195,0.9618769884109497,recursive_daily,xgboost_recent_weighted_daily
Soc Trang,2026-06-06,2026,6,6,13.758294261746363,0.8909458518028259,recursive_daily,xgboost_recent_weighted_daily
Soc Trang,2026-06-07,2026,6,7,13.173251039476758,0.9138860106468201,recursive_daily,xgboost_recent_weighted_daily
Soc Trang,2026-06-08,2026,6,8,14.285648416382834,0.8742380738258362,recursive_daily,xgboost_recent_weighted_daily
Soc Trang,2026-06-09,2026,6,9,12.645687471639212,0.9094935059547424,recursive_daily,xgboost_recent_weighted_daily
Soc Trang,2026-06-10,2026,6,10,16.09437941776972,0.8120576739311218,recursive_daily,xgboost_recent_weighted_daily
Soc Trang,2026-06-11,2026,6,11,12.515110789844455,0.9183724522590637,recursive_daily,xgboost_recent_weighted_daily
Soc Trang,2026-06-12,2026,6,12,11.62856768416266,0.8624507188796997,recursive_daily,xgboost_recent_weighted_daily
Soc Trang,2026-06-13,2026,6,13,10.722698745709202,0.9086635112762451,recursive_daily,xgboost_recent_weighted_daily
Soc Trang,2026-06-14,2026,6,14,11.714143246353906,0.9013370871543884,recursive_daily,xgboost_recent_weighted_daily
Soc Trang,2026-06-15,2026,6,15,12.885854788998067,0.9127624034881592,recursive_daily,xgboost_recent_weighted_daily
Soc Trang,2026-06-16,2026,6,16,16.381635805836662,0.8763376474380493,recursive_daily,xgboost_recent_weighted_daily
Soc Trang,2026-06-17,2026,6,17,13.93105151107737,0.9224835634231567,recursive_daily,xgboost_recent_weighted_daily
Soc Trang,2026-06-18,2026,6,18,13.512254650730295,0.8539851903915405,recursive_daily,xgboost_recent_weighted_daily
Soc Trang,2026-06-19,2026,6,19,14.411775367348575,0.8427680134773254,recursive_daily,xgboost_recent_weighted_daily
Soc Trang,2026-06-20,2026,6,20,18.799672724966314,0.961111843585968,recursive_daily,xgboost_recent_weighted_daily
Soc Trang,2026-06-21,2026,6,21,17.931703894294124,0.8839818835258484,recursive_daily,xgboost_recent_weighted_daily
Soc Trang,2026-06-22,2026,6,22,11.222459997098209,0.8902364373207092,recursive_daily,xgboost_recent_weighted_daily
Soc Trang,2026-06-23,2026,6,23,10.194099813750306,0.8281831741333008,recursive_daily,xgboost_recent_weighted_daily
Soc Trang,2026-06-24,2026,6,24,12.748309698575278,0.9105072617530823,recursive_daily,xgboost_recent_weighted_daily
Soc Trang,2026-06-25,2026,6,25,13.966161572327055,0.8903013467788696,recursive_daily,xgboost_recent_weighted_daily
Soc Trang,2026-06-26,2026,6,26,13.371177002246226,0.8794453740119934,recursive_daily,xgboost_recent_weighted_daily
Soc Trang,2026-06-27,2026,6,27,11.027001873823535,0.8438317179679871,recursive_daily,xgboost_recent_weighted_daily
Soc Trang,2026-06-28,2026,6,28,10.328766078333395,0.8749459385871887,recursive_daily,xgboost_recent_weighted_daily
Soc Trang,2026-06-29,2026,6,29,8.944331154141855,0.8440799117088318,recursive_daily,xgboost_recent_weighted_daily
Soc Trang,2026-06-30,2026,6,30,12.055570702963056,0.7989948987960815,recursive_daily,xgboost_recent_weighted_daily
Soc Trang,2026-07-01,2026,7,1,16.637883701222684,0.8661770820617676,recursive_daily,xgboost_recent_weighted_daily
Soc Trang,2026-07-02,2026,7,2,16.243262731169796,0.943509042263031,recursive_daily,xgboost_recent_weighted_daily
Soc Trang,2026-07-03,2026,7,3,15.015364986139684,0.9285526871681213,recursive_daily,xgboost_recent_weighted_daily
Soc Trang,2026-07-04,2026,7,4,10.159723169600772,0.88018798828125,recursive_daily,xgboost_recent_weighted_daily
Soc Trang,2026-07-05,2026,7,5,12.277763018204972,0.835817277431488,recursive_daily,xgboost_recent_weighted_daily
Soc Trang,2026-07-06,2026,7,6,15.495151821838622,0.9152329564094543,recursive_daily,xgboost_recent_weighted_daily
Soc Trang,2026-07-07,2026,7,7,11.181339766485339,0.8916075229644775,recursive_daily,xgboost_recent_weighted_daily
Soc Trang,2026-07-08,2026,7,8,11.497702899755621,0.7505928874015808,recursive_daily,xgboost_recent_weighted_daily
Soc Trang,2026-07-09,2026,7,9,14.19145238214234,0.8829303979873657,recursive_daily,xgboost_recent_weighted_daily
Soc Trang,2026-07-10,2026,7,10,14.23531358406363,0.9085959792137146,recursive_daily,xgboost_recent_weighted_daily
Soc Trang,2026-07-11,2026,7,11,10.081887689010108,0.8398541212081909,recursive_daily,xgboost_recent_weighted_daily
Soc Trang,2026-07-12,2026,7,12,14.998551358363894,0.6576404571533203,recursive_daily,xgboost_recent_weighted_daily
Soc Trang,2026-07-13,2026,7,13,18.921862275930476,0.9206328988075256,recursive_daily,xgboost_recent_weighted_daily
Soc Trang,2026-07-14,2026,7,14,18.593984513191966,0.8420135378837585,recursive_daily,xgboost_recent_weighted_daily
Soc Trang,2026-07-15,2026,7,15,13.672924692790641,0.8643665313720703,recursive_daily,xgboost_recent_weighted_daily
Soc Trang,2026-07-16,2026,7,16,13.70645233077817,0.8364839553833008,recursive_daily,xgboost_recent_weighted_daily
Soc Trang,2026-07-17,2026,7,17,16.083560501976635,0.8882994651794434,recursive_daily,xgboost_recent_weighted_daily
Soc Trang,2026-07-18,2026,7,18,16.765019230510696,0.9215179085731506,recursive_daily,xgboost_recent_weighted_daily
Soc Trang,2026-07-19,2026,7,19,17.29351275684953,0.8246866464614868,recursive_daily,xgboost_recent_weighted_daily
Soc Trang,2026-07-20,2026,7,20,17.321691958801917,0.8431019186973572,recursive_daily,xgboost_recent_weighted_daily
Soc Trang,2026-07-21,2026,7,21,15.9563248209123,0.7958171963691711,recursive_daily,xgboost_recent_weighted_daily
Soc Trang,2026-07-22,2026,7,22,12.83593190086193,0.7490314245223999,recursive_daily,xgboost_recent_weighted_daily
Soc Trang,2026-07-23,2026,7,23,10.315375903806686,0.7474327087402344,recursive_daily,xgboost_recent_weighted_daily
Soc Trang,2026-07-24,2026,7,24,15.441584010963396,0.8943181037902832,recursive_daily,xgboost_recent_weighted_daily
Soc Trang,2026-07-25,2026,7,25,13.744268451509324,0.922744631767273,recursive_daily,xgboost_recent_weighted_daily
Soc Trang,2026-07-26,2026,7,26,15.94230485672948,0.8229283094406128,recursive_daily,xgboost_recent_weighted_daily
Soc Trang,2026-07-27,2026,7,27,13.76965594167694,0.8915948271751404,recursive_daily,xgboost_recent_weighted_daily
Soc Trang,2026-07-28,2026,7,28,11.87871837011764,0.8950302004814148,recursive_daily,xgboost_recent_weighted_daily
Soc Trang,2026-07-29,2026,7,29,12.067264048649987,0.8828178644180298,recursive_daily,xgboost_recent_weighted_daily
Soc Trang,2026-07-30,2026,7,30,15.610445954654297,0.937811553478241,recursive_daily,xgboost_recent_weighted_daily
Soc Trang,2026-07-31,2026,7,31,10.960322875779084,0.951967716217041,recursive_daily,xgboost_recent_weighted_daily
Soc Trang,2026-08-01,2026,8,1,9.814830954191102,0.8419048190116882,recursive_daily,xgboost_recent_weighted_daily
Soc Trang,2026-08-02,2026,8,2,9.968734170459326,0.9031354188919067,recursive_daily,xgboost_recent_weighted_daily
Soc Trang,2026-08-03,2026,8,3,10.615475886227392,0.8350633382797241,recursive_daily,xgboost_recent_weighted_daily
Soc Trang,2026-08-04,2026,8,4,12.805424998911194,0.7500207424163818,recursive_daily,xgboost_recent_weighted_daily
Soc Trang,2026-08-05,2026,8,5,15.545841053810467,0.8144909143447876,recursive_daily,xgboost_recent_weighted_daily
Soc Trang,2026-08-06,2026,8,6,12.453243195235547,0.8889843821525574,recursive_daily,xgboost_recent_weighted_daily
Soc Trang,2026-08-07,2026,8,7,10.343688155650261,0.8413844704627991,recursive_daily,xgboost_recent_weighted_daily
Soc Trang,2026-08-08,2026,8,8,11.334430480852633,0.8407096266746521,recursive_daily,xgboost_recent_weighted_daily
Soc Trang,2026-08-09,2026,8,9,12.762771493312288,0.8473480343818665,recursive_daily,xgboost_recent_weighted_daily
Soc Trang,2026-08-10,2026,8,10,12.122717087825542,0.8515904545783997,recursive_daily,xgboost_recent_weighted_daily
Soc Trang,2026-08-11,2026,8,11,11.57624143105969,0.9001314043998718,recursive_daily,xgboost_recent_weighted_daily
Soc Trang,2026-08-12,2026,8,12,10.239006529658633,0.8857938051223755,recursive_daily,xgboost_recent_weighted_daily
Soc Trang,2026-08-13,2026,8,13,13.347353173014598,0.7669054269790649,recursive_daily,xgboost_recent_weighted_daily
Soc Trang,2026-08-14,2026,8,14,14.903097394915775,0.8340848088264465,recursive_daily,xgboost_recent_weighted_daily
Soc Trang,2026-08-15,2026,8,15,17.59957067831638,0.8524084687232971,recursive_daily,xgboost_recent_weighted_daily
Soc Trang,2026-08-16,2026,8,16,10.500042114439893,0.8917322158813477,recursive_daily,xgboost_recent_weighted_daily
Soc Trang,2026-08-17,2026,8,17,9.574143506841413,0.820478081703186,recursive_daily,xgboost_recent_weighted_daily
Soc Trang,2026-08-18,2026,8,18,13.583821376171592,0.9251916408538818,recursive_daily,xgboost_recent_weighted_daily
Soc Trang,2026-08-19,2026,8,19,16.03868292778783,0.9337106943130493,recursive_daily,xgboost_recent_weighted_daily
Soc Trang,2026-08-20,2026,8,20,18.49290317642194,0.9126396179199219,recursive_daily,xgboost_recent_weighted_daily
Soc Trang,2026-08-21,2026,8,21,13.267862747363706,0.9300386309623718,recursive_daily,xgboost_recent_weighted_daily
Soc Trang,2026-08-22,2026,8,22,10.473897514033451,0.9085155129432678,recursive_daily,xgboost_recent_weighted_daily
Soc Trang,2026-08-23,2026,8,23,9.261695648057032,0.9411773085594177,recursive_daily,xgboost_recent_weighted_daily
Soc Trang,2026-08-24,2026,8,24,14.303861697949309,0.9240742325782776,recursive_daily,xgboost_recent_weighted_daily
Soc Trang,2026-08-25,2026,8,25,19.79914842929952,0.9503694772720337,recursive_daily,xgboost_recent_weighted_daily
Soc Trang,2026-08-26,2026,8,26,17.14695884308743,0.871753990650177,recursive_daily,xgboost_recent_weighted_daily
Soc Trang,2026-08-27,2026,8,27,13.225736648534,0.9251438975334167,recursive_daily,xgboost_recent_weighted_daily
Soc Trang,2026-08-28,2026,8,28,15.251041018205564,0.8592015504837036,recursive_daily,xgboost_recent_weighted_daily
Soc Trang,2026-08-29,2026,8,29,18.728922671594333,0.9688447713851929,recursive_daily,xgboost_recent_weighted_daily
Soc Trang,2026-08-30,2026,8,30,19.018013643730008,0.9048423767089844,recursive_daily,xgboost_recent_weighted_daily
Soc Trang,2026-08-31,2026,8,31,11.343608747174482,0.8696590662002563,recursive_daily,xgboost_recent_weighted_daily
Soc Trang,2026-09-01,2026,9,1,13.273240737244576,0.9059000015258789,recursive_daily,xgboost_recent_weighted_daily
Soc Trang,2026-09-02,2026,9,2,13.528194212761914,0.9628947377204895,recursive_daily,xgboost_recent_weighted_daily
Soc Trang,2026-09-03,2026,9,3,10.948442314970448,0.9422499537467957,recursive_daily,xgboost_recent_weighted_daily
Soc Trang,2026-09-04,2026,9,4,12.576904420505464,0.9281327128410339,recursive_daily,xgboost_recent_weighted_daily
Soc Trang,2026-09-05,2026,9,5,14.109409062451647,0.926098644733429,recursive_daily,xgboost_recent_weighted_daily
Soc Trang,2026-09-06,2026,9,6,16.031787218511454,0.9533497095108032,recursive_daily,xgboost_recent_weighted_daily
Soc Trang,2026-09-07,2026,9,7,13.457613939295578,0.9419161081314087,recursive_daily,xgboost_recent_weighted_daily
Soc Trang,2026-09-08,2026,9,8,9.887216828108052,0.9376106858253479,recursive_daily,xgboost_recent_weighted_daily
Soc Trang,2026-09-09,2026,9,9,11.44689157344319,0.9232067465782166,recursive_daily,xgboost_recent_weighted_daily
Soc Trang,2026-09-10,2026,9,10,12.600824342394334,0.9455134868621826,recursive_daily,xgboost_recent_weighted_daily
Soc Trang,2026-09-11,2026,9,11,19.916440070371465,0.8973526954650879,recursive_daily,xgboost_recent_weighted_daily
Soc Trang,2026-09-12,2026,9,12,9.469751913429583,0.948538601398468,recursive_daily,xgboost_recent_weighted_daily
Soc Trang,2026-09-13,2026,9,13,13.192230299139716,0.8849082589149475,recursive_daily,xgboost_recent_weighted_daily
Soc Trang,2026-09-14,2026,9,14,15.091139126528951,0.9620725512504578,recursive_daily,xgboost_recent_weighted_daily
Soc Trang,2026-09-15,2026,9,15,13.427481790094467,0.9248682856559753,recursive_daily,xgboost_recent_weighted_daily
Soc Trang,2026-09-16,2026,9,16,12.886375401065749,0.8842064142227173,recursive_daily,xgboost_recent_weighted_daily
Soc Trang,2026-09-17,2026,9,17,15.708639505620678,0.9308925867080688,recursive_daily,xgboost_recent_weighted_daily
Soc Trang,2026-09-18,2026,9,18,15.292205165357256,0.9541540741920471,recursive_daily,xgboost_recent_weighted_daily
Soc Trang,2026-09-19,2026,9,19,9.971318978333828,0.9205803275108337,recursive_daily,xgboost_recent_weighted_daily
Soc Trang,2026-09-20,2026,9,20,7.869293967791386,0.8243210315704346,recursive_daily,xgboost_recent_weighted_daily
Soc Trang,2026-09-21,2026,9,21,12.169762099336484,0.9180302619934082,recursive_daily,xgboost_recent_weighted_daily
Soc Trang,2026-09-22,2026,9,22,13.903697380512906,0.8788538575172424,recursive_daily,xgboost_recent_weighted_daily
Soc Trang,2026-09-23,2026,9,23,14.008907050665748,0.935470461845398,recursive_daily,xgboost_recent_weighted_daily
Soc Trang,2026-09-24,2026,9,24,14.399495350912407,0.866607129573822,recursive_daily,xgboost_recent_weighted_daily
Soc Trang,2026-09-25,2026,9,25,10.542376794937839,0.8659335970878601,recursive_daily,xgboost_recent_weighted_daily
Soc Trang,2026-09-26,2026,9,26,11.618310764815286,0.7815043330192566,recursive_daily,xgboost_recent_weighted_daily
Soc Trang,2026-09-27,2026,9,27,12.90300419441809,0.887884259223938,recursive_daily,xgboost_recent_weighted_daily
Soc Trang,2026-09-28,2026,9,28,16.418885092739913,0.875495195388794,recursive_daily,xgboost_recent_weighted_daily
Soc Trang,2026-09-29,2026,9,29,10.499693950718644,0.9623590707778931,recursive_daily,xgboost_recent_weighted_daily
Soc Trang,2026-09-30,2026,9,30,13.913023308357147,0.881938099861145,recursive_daily,xgboost_recent_weighted_daily
Soc Trang,2026-10-01,2026,10,1,14.60380405306173,0.9590097665786743,recursive_daily,xgboost_recent_weighted_daily
Soc Trang,2026-10-02,2026,10,2,10.590164700595487,0.8152693510055542,recursive_daily,xgboost_recent_weighted_daily
Soc Trang,2026-10-03,2026,10,3,11.681996707436102,0.8155584335327148,recursive_daily,xgboost_recent_weighted_daily
Soc Trang,2026-10-04,2026,10,4,17.145669986363217,0.9328462481498718,recursive_daily,xgboost_recent_weighted_daily
Soc Trang,2026-10-05,2026,10,5,11.264328407829462,0.9196243286132812,recursive_daily,xgboost_recent_weighted_daily
Soc Trang,2026-10-06,2026,10,6,14.685359233759389,0.877565860748291,recursive_daily,xgboost_recent_weighted_daily
Soc Trang,2026-10-07,2026,10,7,13.985732303785273,0.9441330432891846,recursive_daily,xgboost_recent_weighted_daily
Soc Trang,2026-10-08,2026,10,8,14.191866227575888,0.8644688129425049,recursive_daily,xgboost_recent_weighted_daily
Soc Trang,2026-10-09,2026,10,9,10.884511475588315,0.8774095177650452,recursive_daily,xgboost_recent_weighted_daily
Soc Trang,2026-10-10,2026,10,10,12.56287794600841,0.8864040374755859,recursive_daily,xgboost_recent_weighted_daily
Soc Trang,2026-10-11,2026,10,11,16.804735982225196,0.9412139654159546,recursive_daily,xgboost_recent_weighted_daily
Soc Trang,2026-10-12,2026,10,12,12.563284400354922,0.9566637873649597,recursive_daily,xgboost_recent_weighted_daily
Soc Trang,2026-10-13,2026,10,13,13.921829205950601,0.8829073905944824,recursive_daily,xgboost_recent_weighted_daily
Soc Trang,2026-10-14,2026,10,14,16.224381453887894,0.9549131989479065,recursive_daily,xgboost_recent_weighted_daily
Soc Trang,2026-10-15,2026,10,15,13.624421937428869,0.9132385849952698,recursive_daily,xgboost_recent_weighted_daily
Soc Trang,2026-10-16,2026,10,16,14.488059470058394,0.9507172703742981,recursive_daily,xgboost_recent_weighted_daily
Soc Trang,2026-10-17,2026,10,17,13.525077136215948,0.955708384513855,recursive_daily,xgboost_recent_weighted_daily
Soc Trang,2026-10-18,2026,10,18,15.073084018397978,0.9324353337287903,recursive_daily,xgboost_recent_weighted_daily
Soc Trang,2026-10-19,2026,10,19,13.375513292766229,0.9535430669784546,recursive_daily,xgboost_recent_weighted_daily
Soc Trang,2026-10-20,2026,10,20,13.93404235836203,0.9245811104774475,recursive_daily,xgboost_recent_weighted_daily
Soc Trang,2026-10-21,2026,10,21,13.287902344236171,0.9374909400939941,recursive_daily,xgboost_recent_weighted_daily
Soc Trang,2026-10-22,2026,10,22,12.253576719287915,0.9135689735412598,recursive_daily,xgboost_recent_weighted_daily
Soc Trang,2026-10-23,2026,10,23,13.60180389859777,0.9452738761901855,recursive_daily,xgboost_recent_weighted_daily
Soc Trang,2026-10-24,2026,10,24,17.833979749349197,0.9558460116386414,recursive_daily,xgboost_recent_weighted_daily
Soc Trang,2026-10-25,2026,10,25,16.332795951725753,0.9570697546005249,recursive_daily,xgboost_recent_weighted_daily
Soc Trang,2026-10-26,2026,10,26,15.197198461812766,0.9112978577613831,recursive_daily,xgboost_recent_weighted_daily
Soc Trang,2026-10-27,2026,10,27,14.690333893551733,0.9026663899421692,recursive_daily,xgboost_recent_weighted_daily
Soc Trang,2026-10-28,2026,10,28,21.241624473581616,0.9363258481025696,recursive_daily,xgboost_recent_weighted_daily
Soc Trang,2026-10-29,2026,10,29,15.854657573514876,0.8881869912147522,recursive_daily,xgboost_recent_weighted_daily
Soc Trang,2026-10-30,2026,10,30,11.729661287549105,0.8984236121177673,recursive_daily,xgboost_recent_weighted_daily
Soc Trang,2026-10-31,2026,10,31,12.515521584408255,0.8511844873428345,recursive_daily,xgboost_recent_weighted_daily
Soc Trang,2026-11-01,2026,11,1,22.01794926269976,0.9120559096336365,recursive_daily,xgboost_recent_weighted_daily
Soc Trang,2026-11-02,2026,11,2,17.417610096737384,0.9277744293212891,recursive_daily,xgboost_recent_weighted_daily
Soc Trang,2026-11-03,2026,11,3,19.715379662578613,0.9088414311408997,recursive_daily,xgboost_recent_weighted_daily
Soc Trang,2026-11-04,2026,11,4,19.80875009808621,0.9297966957092285,recursive_daily,xgboost_recent_weighted_daily
Soc Trang,2026-11-05,2026,11,5,25.22654949868539,0.8776261806488037,recursive_daily,xgboost_recent_weighted_daily
Soc Trang,2026-11-06,2026,11,6,22.970093598463396,0.9381546974182129,recursive_daily,xgboost_recent_weighted_daily
Soc Trang,2026-11-07,2026,11,7,13.184032675862534,0.8918031454086304,recursive_daily,xgboost_recent_weighted_daily
Soc Trang,2026-11-08,2026,11,8,9.884441471776165,0.8976733088493347,recursive_daily,xgboost_recent_weighted_daily
Soc Trang,2026-11-09,2026,11,9,14.283497763788723,0.9472030401229858,recursive_daily,xgboost_recent_weighted_daily
Soc Trang,2026-11-10,2026,11,10,16.305244555794733,0.9411557912826538,recursive_daily,xgboost_recent_weighted_daily
Soc Trang,2026-11-11,2026,11,11,15.895972812197664,0.8563063144683838,recursive_daily,xgboost_recent_weighted_daily
Soc Trang,2026-11-12,2026,11,12,17.067304550395825,0.9505428075790405,recursive_daily,xgboost_recent_weighted_daily
Soc Trang,2026-11-13,2026,11,13,12.5141716126629,0.9529539942741394,recursive_daily,xgboost_recent_weighted_daily
Soc Trang,2026-11-14,2026,11,14,11.051786726950821,0.8426154851913452,recursive_daily,xgboost_recent_weighted_daily
Soc Trang,2026-11-15,2026,11,15,13.04584601211812,0.8877837061882019,recursive_daily,xgboost_recent_weighted_daily
Soc Trang,2026-11-16,2026,11,16,14.505744318644055,0.9330323934555054,recursive_daily,xgboost_recent_weighted_daily
Soc Trang,2026-11-17,2026,11,17,11.235140728163627,0.9485973119735718,recursive_daily,xgboost_recent_weighted_daily
Soc Trang,2026-11-18,2026,11,18,12.953234096878315,0.8722957372665405,recursive_daily,xgboost_recent_weighted_daily
Soc Trang,2026-11-19,2026,11,19,15.543084655316953,0.9155548214912415,recursive_daily,xgboost_recent_weighted_daily
Soc Trang,2026-11-20,2026,11,20,12.568951536907752,0.8875325322151184,recursive_daily,xgboost_recent_weighted_daily
Soc Trang,2026-11-21,2026,11,21,11.383995306333553,0.8528334498405457,recursive_daily,xgboost_recent_weighted_daily
Soc Trang,2026-11-22,2026,11,22,12.599331246886138,0.9217865467071533,recursive_daily,xgboost_recent_weighted_daily
Soc Trang,2026-11-23,2026,11,23,11.230192873564269,0.9233868718147278,recursive_daily,xgboost_recent_weighted_daily
Soc Trang,2026-11-24,2026,11,24,11.096916416238795,0.9247898459434509,recursive_daily,xgboost_recent_weighted_daily
Soc Trang,2026-11-25,2026,11,25,11.808884096447928,0.864721417427063,recursive_daily,xgboost_recent_weighted_daily
Soc Trang,2026-11-26,2026,11,26,14.038106456982812,0.8872684836387634,recursive_daily,xgboost_recent_weighted_daily
Soc Trang,2026-11-27,2026,11,27,12.948895725002664,0.8486267924308777,recursive_daily,xgboost_recent_weighted_daily
Soc Trang,2026-11-28,2026,11,28,11.604706472127619,0.7695783376693726,recursive_daily,xgboost_recent_weighted_daily
Soc Trang,2026-11-29,2026,11,29,12.836237446638592,0.860826313495636,recursive_daily,xgboost_recent_weighted_daily
Soc Trang,2026-11-30,2026,11,30,13.343750101859504,0.8985409736633301,recursive_daily,xgboost_recent_weighted_daily
Soc Trang,2026-12-01,2026,12,1,11.749210774665837,0.7921441197395325,recursive_daily,xgboost_recent_weighted_daily
Soc Trang,2026-12-02,2026,12,2,8.728126350857277,0.6479590535163879,recursive_daily,xgboost_recent_weighted_daily
Soc Trang,2026-12-03,2026,12,3,12.56461140002296,0.6848793625831604,recursive_daily,xgboost_recent_weighted_daily
Soc Trang,2026-12-04,2026,12,4,12.59525775243457,0.6630403995513916,recursive_daily,xgboost_recent_weighted_daily
Soc Trang,2026-12-05,2026,12,5,15.178008141280054,0.5712012052536011,recursive_daily,xgboost_recent_weighted_daily
Soc Trang,2026-12-06,2026,12,6,18.12279215060675,0.7803507447242737,recursive_daily,xgboost_recent_weighted_daily
Soc Trang,2026-12-07,2026,12,7,12.359203853869348,0.6093260049819946,recursive_daily,xgboost_recent_weighted_daily
Soc Trang,2026-12-08,2026,12,8,10.011033785456306,0.646124541759491,recursive_daily,xgboost_recent_weighted_daily
Soc Trang,2026-12-09,2026,12,9,12.170316784647106,0.7548791766166687,recursive_daily,xgboost_recent_weighted_daily
Soc Trang,2026-12-10,2026,12,10,14.366872239267593,0.7399041652679443,recursive_daily,xgboost_recent_weighted_daily
Soc Trang,2026-12-11,2026,12,11,16.31347542225224,0.7254488468170166,recursive_daily,xgboost_recent_weighted_daily
Soc Trang,2026-12-12,2026,12,12,12.484015678708861,0.6918520331382751,recursive_daily,xgboost_recent_weighted_daily
Soc Trang,2026-12-13,2026,12,13,11.93622549419823,0.6910932660102844,recursive_daily,xgboost_recent_weighted_daily
Soc Trang,2026-12-14,2026,12,14,14.800512267661706,0.7831743359565735,recursive_daily,xgboost_recent_weighted_daily
Soc Trang,2026-12-15,2026,12,15,11.643430499440399,0.8233072757720947,recursive_daily,xgboost_recent_weighted_daily
Soc Trang,2026-12-16,2026,12,16,9.819208942163563,0.5900686979293823,recursive_daily,xgboost_recent_weighted_daily
Soc Trang,2026-12-17,2026,12,17,13.182213271537242,0.774817943572998,recursive_daily,xgboost_recent_weighted_daily
Soc Trang,2026-12-18,2026,12,18,13.093249381623188,0.7280738949775696,recursive_daily,xgboost_recent_weighted_daily
Soc Trang,2026-12-19,2026,12,19,13.348787848200459,0.636434018611908,recursive_daily,xgboost_recent_weighted_daily
Soc Trang,2026-12-20,2026,12,20,11.059114484823924,0.7421755194664001,recursive_daily,xgboost_recent_weighted_daily
Soc Trang,2026-12-21,2026,12,21,8.372285644316946,0.6640905141830444,recursive_daily,xgboost_recent_weighted_daily
Soc Trang,2026-12-22,2026,12,22,15.164585883273515,0.5350480675697327,recursive_daily,xgboost_recent_weighted_daily
Soc Trang,2026-12-23,2026,12,23,16.099538913123872,0.586595892906189,recursive_daily,xgboost_recent_weighted_daily
Soc Trang,2026-12-24,2026,12,24,14.46885868511766,0.48722898960113525,recursive_daily,xgboost_recent_weighted_daily
Soc Trang,2026-12-25,2026,12,25,11.578631720323518,0.6222773790359497,recursive_daily,xgboost_recent_weighted_daily
Soc Trang,2026-12-26,2026,12,26,12.773638717781468,0.5839725732803345,recursive_daily,xgboost_recent_weighted_daily
Soc Trang,2026-12-27,2026,12,27,12.396117250016909,0.7859891653060913,recursive_daily,xgboost_recent_weighted_daily
Soc Trang,2026-12-28,2026,12,28,15.944371096134251,0.7329605221748352,recursive_daily,xgboost_recent_weighted_daily
Soc Trang,2026-12-29,2026,12,29,11.749253714941128,0.8168436884880066,recursive_daily,xgboost_recent_weighted_daily
Soc Trang,2026-12-30,2026,12,30,10.814701496668086,0.6191278100013733,recursive_daily,xgboost_recent_weighted_daily
Soc Trang,2026-12-31,2026,12,31,10.178855642183382,0.6720935106277466,recursive_daily,xgboost_recent_weighted_daily
Tien Giang,2026-01-01,2026,1,1,0.0,0.15758901834487915,recursive_daily,xgboost_recent_weighted_daily
Tien Giang,2026-01-02,2026,1,2,0.0,0.05703809857368469,recursive_daily,xgboost_recent_weighted_daily
Tien Giang,2026-01-03,2026,1,3,0.0,0.040057241916656494,recursive_daily,xgboost_recent_weighted_daily
Tien Giang,2026-01-04,2026,1,4,0.0,0.04359534755349159,recursive_daily,xgboost_recent_weighted_daily
Tien Giang,2026-01-05,2026,1,5,0.0,0.040875859558582306,recursive_daily,xgboost_recent_weighted_daily
Tien Giang,2026-01-06,2026,1,6,0.0,0.028784306719899178,recursive_daily,xgboost_recent_weighted_daily
Tien Giang,2026-01-07,2026,1,7,0.0,0.04974178224802017,recursive_daily,xgboost_recent_weighted_daily
Tien Giang,2026-01-08,2026,1,8,0.0,0.0391552709043026,recursive_daily,xgboost_recent_weighted_daily
Tien Giang,2026-01-09,2026,1,9,0.0,0.026938872411847115,recursive_daily,xgboost_recent_weighted_daily
Tien Giang,2026-01-10,2026,1,10,0.0,0.029427479952573776,recursive_daily,xgboost_recent_weighted_daily
Tien Giang,2026-01-11,2026,1,11,0.0,0.021636195480823517,recursive_daily,xgboost_recent_weighted_daily
Tien Giang,2026-01-12,2026,1,12,0.0,0.029871322214603424,recursive_daily,xgboost_recent_weighted_daily
Tien Giang,2026-01-13,2026,1,13,0.0,0.017374997958540916,recursive_daily,xgboost_recent_weighted_daily
Tien Giang,2026-01-14,2026,1,14,0.0,0.021602408960461617,recursive_daily,xgboost_recent_weighted_daily
Tien Giang,2026-01-15,2026,1,15,0.0,0.06422831118106842,recursive_daily,xgboost_recent_weighted_daily
Tien Giang,2026-01-16,2026,1,16,0.0,0.03474455326795578,recursive_daily,xgboost_recent_weighted_daily
Tien Giang,2026-01-17,2026,1,17,0.0,0.025375928729772568,recursive_daily,xgboost_recent_weighted_daily
Tien Giang,2026-01-18,2026,1,18,0.0,0.014010310173034668,recursive_daily,xgboost_recent_weighted_daily
Tien Giang,2026-01-19,2026,1,19,0.0,0.024900192394852638,recursive_daily,xgboost_recent_weighted_daily
Tien Giang,2026-01-20,2026,1,20,0.0,0.015941794961690903,recursive_daily,xgboost_recent_weighted_daily
Tien Giang,2026-01-21,2026,1,21,0.0,0.021365568041801453,recursive_daily,xgboost_recent_weighted_daily
Tien Giang,2026-01-22,2026,1,22,0.0,0.021096330136060715,recursive_daily,xgboost_recent_weighted_daily
Tien Giang,2026-01-23,2026,1,23,0.0,0.01016383245587349,recursive_daily,xgboost_recent_weighted_daily
Tien Giang,2026-01-24,2026,1,24,0.0,0.010583977214992046,recursive_daily,xgboost_recent_weighted_daily
Tien Giang,2026-01-25,2026,1,25,0.0,0.01128870714455843,recursive_daily,xgboost_recent_weighted_daily
Tien Giang,2026-01-26,2026,1,26,0.0,0.010949724353849888,recursive_daily,xgboost_recent_weighted_daily
Tien Giang,2026-01-27,2026,1,27,0.0,0.008497041650116444,recursive_daily,xgboost_recent_weighted_daily
Tien Giang,2026-01-28,2026,1,28,0.0,0.008471766486763954,recursive_daily,xgboost_recent_weighted_daily
Tien Giang,2026-01-29,2026,1,29,0.0,0.011162993498146534,recursive_daily,xgboost_recent_weighted_daily
Tien Giang,2026-01-30,2026,1,30,0.0,0.00832226499915123,recursive_daily,xgboost_recent_weighted_daily
Tien Giang,2026-01-31,2026,1,31,0.0,0.01518313679844141,recursive_daily,xgboost_recent_weighted_daily
Tien Giang,2026-02-01,2026,2,1,0.0,0.031959209591150284,recursive_daily,xgboost_recent_weighted_daily
Tien Giang,2026-02-02,2026,2,2,0.0,0.0203673355281353,recursive_daily,xgboost_recent_weighted_daily
Tien Giang,2026-02-03,2026,2,3,0.0,0.012680867686867714,recursive_daily,xgboost_recent_weighted_daily
Tien Giang,2026-02-04,2026,2,4,0.0,0.008625372312963009,recursive_daily,xgboost_recent_weighted_daily
Tien Giang,2026-02-05,2026,2,5,0.0,0.010657980106770992,recursive_daily,xgboost_recent_weighted_daily
Tien Giang,2026-02-06,2026,2,6,0.0,0.0393417552113533,recursive_daily,xgboost_recent_weighted_daily
Tien Giang,2026-02-07,2026,2,7,0.0,0.032840561121702194,recursive_daily,xgboost_recent_weighted_daily
Tien Giang,2026-02-08,2026,2,8,0.0,0.01443637628108263,recursive_daily,xgboost_recent_weighted_daily
Tien Giang,2026-02-09,2026,2,9,0.0,0.0351339653134346,recursive_daily,xgboost_recent_weighted_daily
Tien Giang,2026-02-10,2026,2,10,0.0,0.02248002588748932,recursive_daily,xgboost_recent_weighted_daily
Tien Giang,2026-02-11,2026,2,11,0.0,0.03451178967952728,recursive_daily,xgboost_recent_weighted_daily
Tien Giang,2026-02-12,2026,2,12,0.0,0.07215865701436996,recursive_daily,xgboost_recent_weighted_daily
Tien Giang,2026-02-13,2026,2,13,0.0,0.09046375751495361,recursive_daily,xgboost_recent_weighted_daily
Tien Giang,2026-02-14,2026,2,14,0.0,0.03812139853835106,recursive_daily,xgboost_recent_weighted_daily
Tien Giang,2026-02-15,2026,2,15,0.0,0.022524213418364525,recursive_daily,xgboost_recent_weighted_daily
Tien Giang,2026-02-16,2026,2,16,0.0,0.08013001829385757,recursive_daily,xgboost_recent_weighted_daily
Tien Giang,2026-02-17,2026,2,17,0.0,0.07030940800905228,recursive_daily,xgboost_recent_weighted_daily
Tien Giang,2026-02-18,2026,2,18,0.0,0.06493619084358215,recursive_daily,xgboost_recent_weighted_daily
Tien Giang,2026-02-19,2026,2,19,0.0,0.08112040907144547,recursive_daily,xgboost_recent_weighted_daily
Tien Giang,2026-02-20,2026,2,20,0.0,0.027635933831334114,recursive_daily,xgboost_recent_weighted_daily
Tien Giang,2026-02-21,2026,2,21,0.0,0.04716304689645767,recursive_daily,xgboost_recent_weighted_daily
Tien Giang,2026-02-22,2026,2,22,0.0,0.08327694237232208,recursive_daily,xgboost_recent_weighted_daily
Tien Giang,2026-02-23,2026,2,23,0.0,0.08387186378240585,recursive_daily,xgboost_recent_weighted_daily
Tien Giang,2026-02-24,2026,2,24,0.0,0.07525405287742615,recursive_daily,xgboost_recent_weighted_daily
Tien Giang,2026-02-25,2026,2,25,0.0,0.07861994951963425,recursive_daily,xgboost_recent_weighted_daily
Tien Giang,2026-02-26,2026,2,26,0.0,0.10096406936645508,recursive_daily,xgboost_recent_weighted_daily
Tien Giang,2026-02-27,2026,2,27,0.0,0.09308644384145737,recursive_daily,xgboost_recent_weighted_daily
Tien Giang,2026-02-28,2026,2,28,0.0,0.09004521369934082,recursive_daily,xgboost_recent_weighted_daily
Tien Giang,2026-03-01,2026,3,1,0.0,0.11704471707344055,recursive_daily,xgboost_recent_weighted_daily
Tien Giang,2026-03-02,2026,3,2,0.0,0.040871512144804,recursive_daily,xgboost_recent_weighted_daily
Tien Giang,2026-03-03,2026,3,3,0.0,0.043718524277210236,recursive_daily,xgboost_recent_weighted_daily
Tien Giang,2026-03-04,2026,3,4,0.0,0.059452734887599945,recursive_daily,xgboost_recent_weighted_daily
Tien Giang,2026-03-05,2026,3,5,0.0,0.12077121436595917,recursive_daily,xgboost_recent_weighted_daily
Tien Giang,2026-03-06,2026,3,6,0.0,0.11322575062513351,recursive_daily,xgboost_recent_weighted_daily
Tien Giang,2026-03-07,2026,3,7,0.0,0.11322575062513351,recursive_daily,xgboost_recent_weighted_daily
Tien Giang,2026-03-08,2026,3,8,0.0,0.09751366078853607,recursive_daily,xgboost_recent_weighted_daily
Tien Giang,2026-03-09,2026,3,9,0.0,0.11569046229124069,recursive_daily,xgboost_recent_weighted_daily
Tien Giang,2026-03-10,2026,3,10,0.0,0.10892298817634583,recursive_daily,xgboost_recent_weighted_daily
Tien Giang,2026-03-11,2026,3,11,0.0,0.09602737426757812,recursive_daily,xgboost_recent_weighted_daily
Tien Giang,2026-03-12,2026,3,12,0.0,0.10688462108373642,recursive_daily,xgboost_recent_weighted_daily
Tien Giang,2026-03-13,2026,3,13,0.0,0.10026293992996216,recursive_daily,xgboost_recent_weighted_daily
Tien Giang,2026-03-14,2026,3,14,0.0,0.09854710847139359,recursive_daily,xgboost_recent_weighted_daily
Tien Giang,2026-03-15,2026,3,15,0.0,0.08713804185390472,recursive_daily,xgboost_recent_weighted_daily
Tien Giang,2026-03-16,2026,3,16,0.0,0.10208240151405334,recursive_daily,xgboost_recent_weighted_daily
Tien Giang,2026-03-17,2026,3,17,0.0,0.11860297620296478,recursive_daily,xgboost_recent_weighted_daily
Tien Giang,2026-03-18,2026,3,18,0.0,0.10208240151405334,recursive_daily,xgboost_recent_weighted_daily
Tien Giang,2026-03-19,2026,3,19,0.0,0.10208240151405334,recursive_daily,xgboost_recent_weighted_daily
Tien Giang,2026-03-20,2026,3,20,0.0,0.12123748660087585,recursive_daily,xgboost_recent_weighted_daily
Tien Giang,2026-03-21,2026,3,21,0.0,0.1105094626545906,recursive_daily,xgboost_recent_weighted_daily
Tien Giang,2026-03-22,2026,3,22,0.0,0.10936005413532257,recursive_daily,xgboost_recent_weighted_daily
Tien Giang,2026-03-23,2026,3,23,0.0,0.09705372154712677,recursive_daily,xgboost_recent_weighted_daily
Tien Giang,2026-03-24,2026,3,24,0.0,0.0905177965760231,recursive_daily,xgboost_recent_weighted_daily
Tien Giang,2026-03-25,2026,3,25,0.0,0.06514274328947067,recursive_daily,xgboost_recent_weighted_daily
Tien Giang,2026-03-26,2026,3,26,0.0,0.08946209400892258,recursive_daily,xgboost_recent_weighted_daily
Tien Giang,2026-03-27,2026,3,27,0.0,0.14123757183551788,recursive_daily,xgboost_recent_weighted_daily
Tien Giang,2026-03-28,2026,3,28,0.0,0.14804241061210632,recursive_daily,xgboost_recent_weighted_daily
Tien Giang,2026-03-29,2026,3,29,0.0,0.12892253696918488,recursive_daily,xgboost_recent_weighted_daily
Tien Giang,2026-03-30,2026,3,30,0.0,0.15507322549819946,recursive_daily,xgboost_recent_weighted_daily
Tien Giang,2026-03-31,2026,3,31,5.282926973878879,0.2235359400510788,recursive_daily,xgboost_recent_weighted_daily
Tien Giang,2026-04-01,2026,4,1,6.331289801688396,0.3722021281719208,recursive_daily,xgboost_recent_weighted_daily
Tien Giang,2026-04-02,2026,4,2,6.365298770843101,0.5365841388702393,recursive_daily,xgboost_recent_weighted_daily
Tien Giang,2026-04-03,2026,4,3,8.352789548809303,0.6210233569145203,recursive_daily,xgboost_recent_weighted_daily
Tien Giang,2026-04-04,2026,4,4,7.459713614934897,0.7273926734924316,recursive_daily,xgboost_recent_weighted_daily
Tien Giang,2026-04-05,2026,4,5,9.83034268660931,0.774700403213501,recursive_daily,xgboost_recent_weighted_daily
Tien Giang,2026-04-06,2026,4,6,10.416297791525041,0.8097943663597107,recursive_daily,xgboost_recent_weighted_daily
Tien Giang,2026-04-07,2026,4,7,8.591373754540271,0.7820176482200623,recursive_daily,xgboost_recent_weighted_daily
Tien Giang,2026-04-08,2026,4,8,6.989255660980225,0.7549268007278442,recursive_daily,xgboost_recent_weighted_daily
Tien Giang,2026-04-09,2026,4,9,7.802529213773689,0.734929621219635,recursive_daily,xgboost_recent_weighted_daily
Tien Giang,2026-04-10,2026,4,10,7.386890185132022,0.7400712370872498,recursive_daily,xgboost_recent_weighted_daily
Tien Giang,2026-04-11,2026,4,11,8.693306561889385,0.7167389988899231,recursive_daily,xgboost_recent_weighted_daily
Tien Giang,2026-04-12,2026,4,12,8.989414162647744,0.899542510509491,recursive_daily,xgboost_recent_weighted_daily
Tien Giang,2026-04-13,2026,4,13,9.315491389336197,0.9110100865364075,recursive_daily,xgboost_recent_weighted_daily
Tien Giang,2026-04-14,2026,4,14,8.619356278663233,0.9335931539535522,recursive_daily,xgboost_recent_weighted_daily
Tien Giang,2026-04-15,2026,4,15,9.250379510813776,0.9084038138389587,recursive_daily,xgboost_recent_weighted_daily
Tien Giang,2026-04-16,2026,4,16,10.6164923233212,0.9234668016433716,recursive_daily,xgboost_recent_weighted_daily
Tien Giang,2026-04-17,2026,4,17,9.71142358768224,0.9119155406951904,recursive_daily,xgboost_recent_weighted_daily
Tien Giang,2026-04-18,2026,4,18,8.423413188280241,0.8964447379112244,recursive_daily,xgboost_recent_weighted_daily
Tien Giang,2026-04-19,2026,4,19,8.95508429818838,0.8768589496612549,recursive_daily,xgboost_recent_weighted_daily
Tien Giang,2026-04-20,2026,4,20,11.009040564516956,0.8693505525588989,recursive_daily,xgboost_recent_weighted_daily
Tien Giang,2026-04-21,2026,4,21,11.218551947549747,0.9148218631744385,recursive_daily,xgboost_recent_weighted_daily
Tien Giang,2026-04-22,2026,4,22,8.943392143542395,0.8590518832206726,recursive_daily,xgboost_recent_weighted_daily
Tien Giang,2026-04-23,2026,4,23,7.136663572806861,0.8053900599479675,recursive_daily,xgboost_recent_weighted_daily
Tien Giang,2026-04-24,2026,4,24,8.019737599087,0.7817069888114929,recursive_daily,xgboost_recent_weighted_daily
Tien Giang,2026-04-25,2026,4,25,7.903746766189057,0.821457028388977,recursive_daily,xgboost_recent_weighted_daily
Tien Giang,2026-04-26,2026,4,26,8.141144326627236,0.7869875431060791,recursive_daily,xgboost_recent_weighted_daily
Tien Giang,2026-04-27,2026,4,27,8.70134543981975,0.8102412819862366,recursive_daily,xgboost_recent_weighted_daily
Tien Giang,2026-04-28,2026,4,28,9.035504732379762,0.7882290482521057,recursive_daily,xgboost_recent_weighted_daily
Tien Giang,2026-04-29,2026,4,29,7.152215671946719,0.8145860433578491,recursive_daily,xgboost_recent_weighted_daily
Tien Giang,2026-04-30,2026,4,30,10.505211513060976,0.7240933179855347,recursive_daily,xgboost_recent_weighted_daily
Tien Giang,2026-05-01,2026,5,1,7.530542780297485,0.874960720539093,recursive_daily,xgboost_recent_weighted_daily
Tien Giang,2026-05-02,2026,5,2,9.260871768680236,0.8192868232727051,recursive_daily,xgboost_recent_weighted_daily
Tien Giang,2026-05-03,2026,5,3,7.338979547793753,0.8449527621269226,recursive_daily,xgboost_recent_weighted_daily
Tien Giang,2026-05-04,2026,5,4,8.298816550361249,0.7468181252479553,recursive_daily,xgboost_recent_weighted_daily
Tien Giang,2026-05-05,2026,5,5,8.182906809304823,0.8073023557662964,recursive_daily,xgboost_recent_weighted_daily
Tien Giang,2026-05-06,2026,5,6,8.277938981153726,0.8408192992210388,recursive_daily,xgboost_recent_weighted_daily
Tien Giang,2026-05-07,2026,5,7,7.081615987228743,0.802459180355072,recursive_daily,xgboost_recent_weighted_daily
Tien Giang,2026-05-08,2026,5,8,8.041220796672432,0.7959910035133362,recursive_daily,xgboost_recent_weighted_daily
Tien Giang,2026-05-09,2026,5,9,8.467070086066267,0.7813936471939087,recursive_daily,xgboost_recent_weighted_daily
Tien Giang,2026-05-10,2026,5,10,7.1915035802826,0.8234744071960449,recursive_daily,xgboost_recent_weighted_daily
Tien Giang,2026-05-11,2026,5,11,8.635934480818204,0.8028634786605835,recursive_daily,xgboost_recent_weighted_daily
Tien Giang,2026-05-12,2026,5,12,6.83938600068214,0.8415837287902832,recursive_daily,xgboost_recent_weighted_daily
Tien Giang,2026-05-13,2026,5,13,9.549535318108909,0.8659123182296753,recursive_daily,xgboost_recent_weighted_daily
Tien Giang,2026-05-14,2026,5,14,7.020543844546462,0.8932343125343323,recursive_daily,xgboost_recent_weighted_daily
Tien Giang,2026-05-15,2026,5,15,9.326136454125178,0.8503984808921814,recursive_daily,xgboost_recent_weighted_daily
Tien Giang,2026-05-16,2026,5,16,7.181998204589459,0.880714476108551,recursive_daily,xgboost_recent_weighted_daily
Tien Giang,2026-05-17,2026,5,17,9.68690805766115,0.8399673700332642,recursive_daily,xgboost_recent_weighted_daily
Tien Giang,2026-05-18,2026,5,18,7.557424858937653,0.8546467423439026,recursive_daily,xgboost_recent_weighted_daily
Tien Giang,2026-05-19,2026,5,19,8.487360822823284,0.8535144329071045,recursive_daily,xgboost_recent_weighted_daily
Tien Giang,2026-05-20,2026,5,20,6.790044692591254,0.8760751485824585,recursive_daily,xgboost_recent_weighted_daily
Tien Giang,2026-05-21,2026,5,21,10.44767699351881,0.8212388753890991,recursive_daily,xgboost_recent_weighted_daily
Tien Giang,2026-05-22,2026,5,22,9.358062270486949,0.8506129384040833,recursive_daily,xgboost_recent_weighted_daily
Tien Giang,2026-05-23,2026,5,23,7.948824654569621,0.8447682857513428,recursive_daily,xgboost_recent_weighted_daily
Tien Giang,2026-05-24,2026,5,24,8.059471628209712,0.8147931098937988,recursive_daily,xgboost_recent_weighted_daily
Tien Giang,2026-05-25,2026,5,25,7.878048529000342,0.811458945274353,recursive_daily,xgboost_recent_weighted_daily
Tien Giang,2026-05-26,2026,5,26,7.529916240711228,0.8269603252410889,recursive_daily,xgboost_recent_weighted_daily
Tien Giang,2026-05-27,2026,5,27,8.029740827671796,0.8652033805847168,recursive_daily,xgboost_recent_weighted_daily
Tien Giang,2026-05-28,2026,5,28,9.139342633412124,0.8312920331954956,recursive_daily,xgboost_recent_weighted_daily
Tien Giang,2026-05-29,2026,5,29,7.7271027932320315,0.8773683309555054,recursive_daily,xgboost_recent_weighted_daily
Tien Giang,2026-05-30,2026,5,30,8.686243197073722,0.826551079750061,recursive_daily,xgboost_recent_weighted_daily
Tien Giang,2026-05-31,2026,5,31,6.528875905084768,0.8864056468009949,recursive_daily,xgboost_recent_weighted_daily
Tien Giang,2026-06-01,2026,6,1,9.331652801416624,0.8381184935569763,recursive_daily,xgboost_recent_weighted_daily
Tien Giang,2026-06-02,2026,6,2,7.08820661378753,0.8700287342071533,recursive_daily,xgboost_recent_weighted_daily
Tien Giang,2026-06-03,2026,6,3,8.257993611746835,0.7698284387588501,recursive_daily,xgboost_recent_weighted_daily
Tien Giang,2026-06-04,2026,6,4,7.344941404478011,0.8562800288200378,recursive_daily,xgboost_recent_weighted_daily
Tien Giang,2026-06-05,2026,6,5,8.306322497225748,0.7867510318756104,recursive_daily,xgboost_recent_weighted_daily
Tien Giang,2026-06-06,2026,6,6,6.572090414532875,0.8732950091362,recursive_daily,xgboost_recent_weighted_daily
Tien Giang,2026-06-07,2026,6,7,8.181549159997157,0.8685314059257507,recursive_daily,xgboost_recent_weighted_daily
Tien Giang,2026-06-08,2026,6,8,8.593757962006768,0.8766509294509888,recursive_daily,xgboost_recent_weighted_daily
Tien Giang,2026-06-09,2026,6,9,8.91748681998981,0.8583917021751404,recursive_daily,xgboost_recent_weighted_daily
Tien Giang,2026-06-10,2026,6,10,7.701302594578947,0.8760157823562622,recursive_daily,xgboost_recent_weighted_daily
Tien Giang,2026-06-11,2026,6,11,7.713387640171329,0.7522655725479126,recursive_daily,xgboost_recent_weighted_daily
Tien Giang,2026-06-12,2026,6,12,8.922536237332078,0.7915471792221069,recursive_daily,xgboost_recent_weighted_daily
Tien Giang,2026-06-13,2026,6,13,6.644565731124639,0.8499825596809387,recursive_daily,xgboost_recent_weighted_daily
Tien Giang,2026-06-14,2026,6,14,8.227928630801417,0.7969530820846558,recursive_daily,xgboost_recent_weighted_daily
Tien Giang,2026-06-15,2026,6,15,7.674607116097252,0.8319941759109497,recursive_daily,xgboost_recent_weighted_daily
Tien Giang,2026-06-16,2026,6,16,9.74939528198868,0.7523453235626221,recursive_daily,xgboost_recent_weighted_daily
Tien Giang,2026-06-17,2026,6,17,8.312558438095808,0.8741346597671509,recursive_daily,xgboost_recent_weighted_daily
Tien Giang,2026-06-18,2026,6,18,7.95176602913785,0.7864667177200317,recursive_daily,xgboost_recent_weighted_daily
Tien Giang,2026-06-19,2026,6,19,8.838308911154042,0.8005057573318481,recursive_daily,xgboost_recent_weighted_daily
Tien Giang,2026-06-20,2026,6,20,9.066371468177358,0.8363698124885559,recursive_daily,xgboost_recent_weighted_daily
Tien Giang,2026-06-21,2026,6,21,7.881714538904527,0.8779491186141968,recursive_daily,xgboost_recent_weighted_daily
Tien Giang,2026-06-22,2026,6,22,7.629013367203398,0.7845029830932617,recursive_daily,xgboost_recent_weighted_daily
Tien Giang,2026-06-23,2026,6,23,8.098520428670152,0.7671018242835999,recursive_daily,xgboost_recent_weighted_daily
Tien Giang,2026-06-24,2026,6,24,8.055093795759618,0.7571619153022766,recursive_daily,xgboost_recent_weighted_daily
Tien Giang,2026-06-25,2026,6,25,8.50299143358019,0.7659262418746948,recursive_daily,xgboost_recent_weighted_daily
Tien Giang,2026-06-26,2026,6,26,6.450738139249632,0.7609210014343262,recursive_daily,xgboost_recent_weighted_daily
Tien Giang,2026-06-27,2026,6,27,8.4873579118079,0.8138643503189087,recursive_daily,xgboost_recent_weighted_daily
Tien Giang,2026-06-28,2026,6,28,7.179305912223295,0.8729951977729797,recursive_daily,xgboost_recent_weighted_daily
Tien Giang,2026-06-29,2026,6,29,10.771301069566716,0.7781387567520142,recursive_daily,xgboost_recent_weighted_daily
Tien Giang,2026-06-30,2026,6,30,7.68385406563445,0.8561797142028809,recursive_daily,xgboost_recent_weighted_daily
Tien Giang,2026-07-01,2026,7,1,9.13666945961662,0.8785254955291748,recursive_daily,xgboost_recent_weighted_daily
Tien Giang,2026-07-02,2026,7,2,9.046356800192958,0.9053776264190674,recursive_daily,xgboost_recent_weighted_daily
Tien Giang,2026-07-03,2026,7,3,7.233955791456973,0.8618944883346558,recursive_daily,xgboost_recent_weighted_daily
Tien Giang,2026-07-04,2026,7,4,7.907505853875498,0.7814129590988159,recursive_daily,xgboost_recent_weighted_daily
Tien Giang,2026-07-05,2026,7,5,9.580152209054317,0.7407061457633972,recursive_daily,xgboost_recent_weighted_daily
Tien Giang,2026-07-06,2026,7,6,8.981620582047052,0.863120436668396,recursive_daily,xgboost_recent_weighted_daily
Tien Giang,2026-07-07,2026,7,7,8.5139985623031,0.7217859625816345,recursive_daily,xgboost_recent_weighted_daily
Tien Giang,2026-07-08,2026,7,8,6.582067757126855,0.7922369241714478,recursive_daily,xgboost_recent_weighted_daily
Tien Giang,2026-07-09,2026,7,9,8.425401275070202,0.8094598650932312,recursive_daily,xgboost_recent_weighted_daily
Tien Giang,2026-07-10,2026,7,10,7.572134869244275,0.7491844296455383,recursive_daily,xgboost_recent_weighted_daily
Tien Giang,2026-07-11,2026,7,11,9.485064683026744,0.7968509793281555,recursive_daily,xgboost_recent_weighted_daily
Tien Giang,2026-07-12,2026,7,12,8.644425653644618,0.8291988372802734,recursive_daily,xgboost_recent_weighted_daily
Tien Giang,2026-07-13,2026,7,13,7.1475840614958654,0.831717848777771,recursive_daily,xgboost_recent_weighted_daily
Tien Giang,2026-07-14,2026,7,14,9.699417127131307,0.808161199092865,recursive_daily,xgboost_recent_weighted_daily
Tien Giang,2026-07-15,2026,7,15,7.314288841560032,0.8785168528556824,recursive_daily,xgboost_recent_weighted_daily
Tien Giang,2026-07-16,2026,7,16,9.228066594588922,0.7386757731437683,recursive_daily,xgboost_recent_weighted_daily
Tien Giang,2026-07-17,2026,7,17,7.481100495849177,0.8461300730705261,recursive_daily,xgboost_recent_weighted_daily
Tien Giang,2026-07-18,2026,7,18,9.466129911908675,0.7338654398918152,recursive_daily,xgboost_recent_weighted_daily
Tien Giang,2026-07-19,2026,7,19,6.842277772892195,0.8794124126434326,recursive_daily,xgboost_recent_weighted_daily
Tien Giang,2026-07-20,2026,7,20,9.105457049504508,0.7295982837677002,recursive_daily,xgboost_recent_weighted_daily
Tien Giang,2026-07-21,2026,7,21,8.020088484019917,0.8316296935081482,recursive_daily,xgboost_recent_weighted_daily
Tien Giang,2026-07-22,2026,7,22,8.511121127810679,0.7670798897743225,recursive_daily,xgboost_recent_weighted_daily
Tien Giang,2026-07-23,2026,7,23,6.67324845627059,0.782575786113739,recursive_daily,xgboost_recent_weighted_daily
Tien Giang,2026-07-24,2026,7,24,9.013862135006928,0.8241528868675232,recursive_daily,xgboost_recent_weighted_daily
Tien Giang,2026-07-25,2026,7,25,7.746135365251949,0.8674033880233765,recursive_daily,xgboost_recent_weighted_daily
Tien Giang,2026-07-26,2026,7,26,9.469265944532255,0.801506519317627,recursive_daily,xgboost_recent_weighted_daily
Tien Giang,2026-07-27,2026,7,27,8.936678923347587,0.7879366278648376,recursive_daily,xgboost_recent_weighted_daily
Tien Giang,2026-07-28,2026,7,28,7.445576763636423,0.7773789763450623,recursive_daily,xgboost_recent_weighted_daily
Tien Giang,2026-07-29,2026,7,29,7.799936494249291,0.7895497679710388,recursive_daily,xgboost_recent_weighted_daily
Tien Giang,2026-07-30,2026,7,30,7.894448411537874,0.8641570210456848,recursive_daily,xgboost_recent_weighted_daily
Tien Giang,2026-07-31,2026,7,31,8.982601332951045,0.8091757893562317,recursive_daily,xgboost_recent_weighted_daily
Tien Giang,2026-08-01,2026,8,1,7.634826810908143,0.8530219793319702,recursive_daily,xgboost_recent_weighted_daily
Tien Giang,2026-08-02,2026,8,2,8.00161804555676,0.7372564077377319,recursive_daily,xgboost_recent_weighted_daily
Tien Giang,2026-08-03,2026,8,3,7.39252371443079,0.8413121104240417,recursive_daily,xgboost_recent_weighted_daily
Tien Giang,2026-08-04,2026,8,4,10.307198317603772,0.7944754362106323,recursive_daily,xgboost_recent_weighted_daily
Tien Giang,2026-08-05,2026,8,5,7.86855789234615,0.9027231335639954,recursive_daily,xgboost_recent_weighted_daily
Tien Giang,2026-08-06,2026,8,6,8.257636124850308,0.7482283711433411,recursive_daily,xgboost_recent_weighted_daily
Tien Giang,2026-08-07,2026,8,7,7.291069648122027,0.8079981803894043,recursive_daily,xgboost_recent_weighted_daily
Tien Giang,2026-08-08,2026,8,8,9.606570085556724,0.7731866240501404,recursive_daily,xgboost_recent_weighted_daily
Tien Giang,2026-08-09,2026,8,9,7.039905444484846,0.8675723075866699,recursive_daily,xgboost_recent_weighted_daily
Tien Giang,2026-08-10,2026,8,10,9.235290702840446,0.7514809966087341,recursive_daily,xgboost_recent_weighted_daily
Tien Giang,2026-08-11,2026,8,11,7.16442240924259,0.7945033311843872,recursive_daily,xgboost_recent_weighted_daily
Tien Giang,2026-08-12,2026,8,12,9.269827491778319,0.7975403666496277,recursive_daily,xgboost_recent_weighted_daily
Tien Giang,2026-08-13,2026,8,13,6.818869775429637,0.8183323740959167,recursive_daily,xgboost_recent_weighted_daily
Tien Giang,2026-08-14,2026,8,14,10.176662243357562,0.7374387979507446,recursive_daily,xgboost_recent_weighted_daily
Tien Giang,2026-08-15,2026,8,15,8.827640286084327,0.7581616640090942,recursive_daily,xgboost_recent_weighted_daily
Tien Giang,2026-08-16,2026,8,16,7.790247613925533,0.8317558765411377,recursive_daily,xgboost_recent_weighted_daily
Tien Giang,2026-08-17,2026,8,17,7.784337649513857,0.7700638771057129,recursive_daily,xgboost_recent_weighted_daily
Tien Giang,2026-08-18,2026,8,18,8.44615313773435,0.8310191631317139,recursive_daily,xgboost_recent_weighted_daily
Tien Giang,2026-08-19,2026,8,19,6.571350135272465,0.8434469699859619,recursive_daily,xgboost_recent_weighted_daily
Tien Giang,2026-08-20,2026,8,20,8.121505499002703,0.8407976031303406,recursive_daily,xgboost_recent_weighted_daily
Tien Giang,2026-08-21,2026,8,21,7.670632597969931,0.8044965863227844,recursive_daily,xgboost_recent_weighted_daily
Tien Giang,2026-08-22,2026,8,22,7.708070051533839,0.830033004283905,recursive_daily,xgboost_recent_weighted_daily
Tien Giang,2026-08-23,2026,8,23,8.474968789318629,0.8391640782356262,recursive_daily,xgboost_recent_weighted_daily
Tien Giang,2026-08-24,2026,8,24,6.126366339972526,0.8995062112808228,recursive_daily,xgboost_recent_weighted_daily
Tien Giang,2026-08-25,2026,8,25,10.14260123346521,0.8897399306297302,recursive_daily,xgboost_recent_weighted_daily
Tien Giang,2026-08-26,2026,8,26,7.938632665095384,0.9198794364929199,recursive_daily,xgboost_recent_weighted_daily
Tien Giang,2026-08-27,2026,8,27,10.784104308099957,0.8736414909362793,recursive_daily,xgboost_recent_weighted_daily
Tien Giang,2026-08-28,2026,8,28,8.46615714504156,0.8159257173538208,recursive_daily,xgboost_recent_weighted_daily
Tien Giang,2026-08-29,2026,8,29,8.153478249558583,0.8692430853843689,recursive_daily,xgboost_recent_weighted_daily
Tien Giang,2026-08-30,2026,8,30,8.881778896386141,0.8749778866767883,recursive_daily,xgboost_recent_weighted_daily
Tien Giang,2026-08-31,2026,8,31,7.950930612169546,0.8639567494392395,recursive_daily,xgboost_recent_weighted_daily
Tien Giang,2026-09-01,2026,9,1,10.108136674429053,0.8856633901596069,recursive_daily,xgboost_recent_weighted_daily
Tien Giang,2026-09-02,2026,9,2,9.480289220995786,0.8733824491500854,recursive_daily,xgboost_recent_weighted_daily
Tien Giang,2026-09-03,2026,9,3,8.242954267670354,0.8857703804969788,recursive_daily,xgboost_recent_weighted_daily
Tien Giang,2026-09-04,2026,9,4,8.792709900916503,0.8265395760536194,recursive_daily,xgboost_recent_weighted_daily
Tien Giang,2026-09-05,2026,9,5,9.586317045494308,0.713731050491333,recursive_daily,xgboost_recent_weighted_daily
Tien Giang,2026-09-06,2026,9,6,9.213892247844639,0.8704943060874939,recursive_daily,xgboost_recent_weighted_daily
Tien Giang,2026-09-07,2026,9,7,8.30860633702173,0.8569183945655823,recursive_daily,xgboost_recent_weighted_daily
Tien Giang,2026-09-08,2026,9,8,6.178581320179626,0.8727518320083618,recursive_daily,xgboost_recent_weighted_daily
Tien Giang,2026-09-09,2026,9,9,9.021726712227267,0.8512742519378662,recursive_daily,xgboost_recent_weighted_daily
Tien Giang,2026-09-10,2026,9,10,8.468507922601017,0.9091551303863525,recursive_daily,xgboost_recent_weighted_daily
Tien Giang,2026-09-11,2026,9,11,8.456981043229243,0.9475454092025757,recursive_daily,xgboost_recent_weighted_daily
Tien Giang,2026-09-12,2026,9,12,7.345581865914316,0.922931969165802,recursive_daily,xgboost_recent_weighted_daily
Tien Giang,2026-09-13,2026,9,13,10.756999506767189,0.9383045434951782,recursive_daily,xgboost_recent_weighted_daily
Tien Giang,2026-09-14,2026,9,14,8.545689741237421,0.9308329820632935,recursive_daily,xgboost_recent_weighted_daily
Tien Giang,2026-09-15,2026,9,15,6.6573240295334015,0.9434934854507446,recursive_daily,xgboost_recent_weighted_daily
Tien Giang,2026-09-16,2026,9,16,9.070209436417613,0.9207382798194885,recursive_daily,xgboost_recent_weighted_daily
Tien Giang,2026-09-17,2026,9,17,8.405758375521021,0.9559403657913208,recursive_daily,xgboost_recent_weighted_daily
Tien Giang,2026-09-18,2026,9,18,7.790778909527248,0.9212281703948975,recursive_daily,xgboost_recent_weighted_daily
Tien Giang,2026-09-19,2026,9,19,8.743229356906383,0.9167211055755615,recursive_daily,xgboost_recent_weighted_daily
Tien Giang,2026-09-20,2026,9,20,8.118602647002982,0.9298779964447021,recursive_daily,xgboost_recent_weighted_daily
Tien Giang,2026-09-21,2026,9,21,9.18384559545536,0.9656559824943542,recursive_daily,xgboost_recent_weighted_daily
Tien Giang,2026-09-22,2026,9,22,7.6645219863532645,0.9596736431121826,recursive_daily,xgboost_recent_weighted_daily
Tien Giang,2026-09-23,2026,9,23,8.62604903767279,0.9400967359542847,recursive_daily,xgboost_recent_weighted_daily
Tien Giang,2026-09-24,2026,9,24,8.69891540920196,0.9434480667114258,recursive_daily,xgboost_recent_weighted_daily
Tien Giang,2026-09-25,2026,9,25,8.414934189913039,0.9487485289573669,recursive_daily,xgboost_recent_weighted_daily
Tien Giang,2026-09-26,2026,9,26,7.140487931494241,0.9413137435913086,recursive_daily,xgboost_recent_weighted_daily
Tien Giang,2026-09-27,2026,9,27,11.156294824007132,0.948703408241272,recursive_daily,xgboost_recent_weighted_daily
Tien Giang,2026-09-28,2026,9,28,8.342634640130495,0.9789384603500366,recursive_daily,xgboost_recent_weighted_daily
Tien Giang,2026-09-29,2026,9,29,8.032108094714417,0.9651301503181458,recursive_daily,xgboost_recent_weighted_daily
Tien Giang,2026-09-30,2026,9,30,9.285224592053666,0.9268523454666138,recursive_daily,xgboost_recent_weighted_daily
Tien Giang,2026-10-01,2026,10,1,11.796656410216455,0.9334931969642639,recursive_daily,xgboost_recent_weighted_daily
Tien Giang,2026-10-02,2026,10,2,11.42074839319355,0.9446138143539429,recursive_daily,xgboost_recent_weighted_daily
Tien Giang,2026-10-03,2026,10,3,11.380965547633819,0.9409356713294983,recursive_daily,xgboost_recent_weighted_daily
Tien Giang,2026-10-04,2026,10,4,12.605957049396318,0.9777872562408447,recursive_daily,xgboost_recent_weighted_daily
Tien Giang,2026-10-05,2026,10,5,11.726254599388982,0.9762184619903564,recursive_daily,xgboost_recent_weighted_daily
Tien Giang,2026-10-06,2026,10,6,12.355160477255813,0.9715595245361328,recursive_daily,xgboost_recent_weighted_daily
Tien Giang,2026-10-07,2026,10,7,11.447750040489192,0.956304669380188,recursive_daily,xgboost_recent_weighted_daily
Tien Giang,2026-10-08,2026,10,8,12.292222726696748,0.9699941277503967,recursive_daily,xgboost_recent_weighted_daily
Tien Giang,2026-10-09,2026,10,9,14.118317330557357,0.9513149857521057,recursive_daily,xgboost_recent_weighted_daily
Tien Giang,2026-10-10,2026,10,10,13.725723551350448,0.9709749817848206,recursive_daily,xgboost_recent_weighted_daily
Tien Giang,2026-10-11,2026,10,11,13.765636901320212,0.9717361927032471,recursive_daily,xgboost_recent_weighted_daily
Tien Giang,2026-10-12,2026,10,12,14.553265292389455,0.9593368172645569,recursive_daily,xgboost_recent_weighted_daily
Tien Giang,2026-10-13,2026,10,13,15.179315039681464,0.9447145462036133,recursive_daily,xgboost_recent_weighted_daily
Tien Giang,2026-10-14,2026,10,14,19.639431974475926,0.9527598023414612,recursive_daily,xgboost_recent_weighted_daily
Tien Giang,2026-10-15,2026,10,15,23.509165095913012,0.968969464302063,recursive_daily,xgboost_recent_weighted_daily
Tien Giang,2026-10-16,2026,10,16,19.67151375309343,0.9748215079307556,recursive_daily,xgboost_recent_weighted_daily
Tien Giang,2026-10-17,2026,10,17,15.155409766084208,0.9736722707748413,recursive_daily,xgboost_recent_weighted_daily
Tien Giang,2026-10-18,2026,10,18,11.956816870601006,0.9742650389671326,recursive_daily,xgboost_recent_weighted_daily
Tien Giang,2026-10-19,2026,10,19,18.307220565193283,0.9712187647819519,recursive_daily,xgboost_recent_weighted_daily
Tien Giang,2026-10-20,2026,10,20,19.028183374414283,0.9706377983093262,recursive_daily,xgboost_recent_weighted_daily
Tien Giang,2026-10-21,2026,10,21,16.056447003607566,0.9712136387825012,recursive_daily,xgboost_recent_weighted_daily
Tien Giang,2026-10-22,2026,10,22,13.662187333582247,0.8980675935745239,recursive_daily,xgboost_recent_weighted_daily
Tien Giang,2026-10-23,2026,10,23,15.858429968013404,0.9730916023254395,recursive_daily,xgboost_recent_weighted_daily
Tien Giang,2026-10-24,2026,10,24,20.31105439276253,0.9515871405601501,recursive_daily,xgboost_recent_weighted_daily
Tien Giang,2026-10-25,2026,10,25,21.42531439962859,0.97142493724823,recursive_daily,xgboost_recent_weighted_daily
Tien Giang,2026-10-26,2026,10,26,19.26862301310271,0.9551739692687988,recursive_daily,xgboost_recent_weighted_daily
Tien Giang,2026-10-27,2026,10,27,17.214017781055624,0.940214216709137,recursive_daily,xgboost_recent_weighted_daily
Tien Giang,2026-10-28,2026,10,28,11.97974062659577,0.9305699467658997,recursive_daily,xgboost_recent_weighted_daily
Tien Giang,2026-10-29,2026,10,29,13.4417717563056,0.978818416595459,recursive_daily,xgboost_recent_weighted_daily
Tien Giang,2026-10-30,2026,10,30,11.89019458218322,0.9471238851547241,recursive_daily,xgboost_recent_weighted_daily
Tien Giang,2026-10-31,2026,10,31,15.362900037679482,0.9749298095703125,recursive_daily,xgboost_recent_weighted_daily
Tien Giang,2026-11-01,2026,11,1,19.976908703458562,0.9411551356315613,recursive_daily,xgboost_recent_weighted_daily
Tien Giang,2026-11-02,2026,11,2,22.364142767516412,0.965480387210846,recursive_daily,xgboost_recent_weighted_daily
Tien Giang,2026-11-03,2026,11,3,13.702021209804759,0.9695243835449219,recursive_daily,xgboost_recent_weighted_daily
Tien Giang,2026-11-04,2026,11,4,10.529816780120623,0.9598947763442993,recursive_daily,xgboost_recent_weighted_daily
Tien Giang,2026-11-05,2026,11,5,18.239297422538403,0.9832289814949036,recursive_daily,xgboost_recent_weighted_daily
Tien Giang,2026-11-06,2026,11,6,15.285922534138862,0.9760505557060242,recursive_daily,xgboost_recent_weighted_daily
Tien Giang,2026-11-07,2026,11,7,9.911981800065234,0.9632179141044617,recursive_daily,xgboost_recent_weighted_daily
Tien Giang,2026-11-08,2026,11,8,8.75620176861961,0.9148477911949158,recursive_daily,xgboost_recent_weighted_daily
Tien Giang,2026-11-09,2026,11,9,9.149922871775905,0.8227608799934387,recursive_daily,xgboost_recent_weighted_daily
Tien Giang,2026-11-10,2026,11,10,9.630073704285381,0.9015487432479858,recursive_daily,xgboost_recent_weighted_daily
Tien Giang,2026-11-11,2026,11,11,9.848990538758176,0.8962051868438721,recursive_daily,xgboost_recent_weighted_daily
Tien Giang,2026-11-12,2026,11,12,12.304490728903017,0.8608517646789551,recursive_daily,xgboost_recent_weighted_daily
Tien Giang,2026-11-13,2026,11,13,15.532340777920336,0.766090989112854,recursive_daily,xgboost_recent_weighted_daily
Tien Giang,2026-11-14,2026,11,14,12.335982393069775,0.8836637735366821,recursive_daily,xgboost_recent_weighted_daily
Tien Giang,2026-11-15,2026,11,15,11.361301390936926,0.8391167521476746,recursive_daily,xgboost_recent_weighted_daily
Tien Giang,2026-11-16,2026,11,16,9.923380928762056,0.7580423951148987,recursive_daily,xgboost_recent_weighted_daily
Tien Giang,2026-11-17,2026,11,17,11.470580057772713,0.8435947895050049,recursive_daily,xgboost_recent_weighted_daily
Tien Giang,2026-11-18,2026,11,18,16.851419139928772,0.7316741943359375,recursive_daily,xgboost_recent_weighted_daily
Tien Giang,2026-11-19,2026,11,19,12.059954939899276,0.8031215667724609,recursive_daily,xgboost_recent_weighted_daily
Tien Giang,2026-11-20,2026,11,20,13.455718340557791,0.7941761016845703,recursive_daily,xgboost_recent_weighted_daily
Tien Giang,2026-11-21,2026,11,21,10.577974565711498,0.7711893916130066,recursive_daily,xgboost_recent_weighted_daily
Tien Giang,2026-11-22,2026,11,22,12.897923669213771,0.8367415070533752,recursive_daily,xgboost_recent_weighted_daily
Tien Giang,2026-11-23,2026,11,23,9.26018000551827,0.6831918954849243,recursive_daily,xgboost_recent_weighted_daily
Tien Giang,2026-11-24,2026,11,24,10.7358375336479,0.7283467650413513,recursive_daily,xgboost_recent_weighted_daily
Tien Giang,2026-11-25,2026,11,25,13.134701348670202,0.7292567491531372,recursive_daily,xgboost_recent_weighted_daily
Tien Giang,2026-11-26,2026,11,26,11.303737883884029,0.8366241455078125,recursive_daily,xgboost_recent_weighted_daily
Tien Giang,2026-11-27,2026,11,27,7.114886288438667,0.7250213027000427,recursive_daily,xgboost_recent_weighted_daily
Tien Giang,2026-11-28,2026,11,28,11.509708879426036,0.7174553275108337,recursive_daily,xgboost_recent_weighted_daily
Tien Giang,2026-11-29,2026,11,29,10.427102360788513,0.7543843984603882,recursive_daily,xgboost_recent_weighted_daily
Tien Giang,2026-11-30,2026,11,30,14.433761638124329,0.7979463338851929,recursive_daily,xgboost_recent_weighted_daily
Tien Giang,2026-12-01,2026,12,1,13.29229722089212,0.6890977025032043,recursive_daily,xgboost_recent_weighted_daily
Tien Giang,2026-12-02,2026,12,2,9.852037244090303,0.6680106520652771,recursive_daily,xgboost_recent_weighted_daily
Tien Giang,2026-12-03,2026,12,3,9.38204817107124,0.5422433018684387,recursive_daily,xgboost_recent_weighted_daily
Tien Giang,2026-12-04,2026,12,4,6.704577402251799,0.4551223814487457,recursive_daily,xgboost_recent_weighted_daily
Tien Giang,2026-12-05,2026,12,5,12.625010036885689,0.4739561676979065,recursive_daily,xgboost_recent_weighted_daily
Tien Giang,2026-12-06,2026,12,6,8.229096640605254,0.651884138584137,recursive_daily,xgboost_recent_weighted_daily
Tien Giang,2026-12-07,2026,12,7,10.64773938521882,0.7070543766021729,recursive_daily,xgboost_recent_weighted_daily
Tien Giang,2026-12-08,2026,12,8,8.035165386890604,0.5306760668754578,recursive_daily,xgboost_recent_weighted_daily
Tien Giang,2026-12-09,2026,12,9,10.156628619094288,0.4187394082546234,recursive_daily,xgboost_recent_weighted_daily
Tien Giang,2026-12-10,2026,12,10,8.086843332790211,0.5216035842895508,recursive_daily,xgboost_recent_weighted_daily
Tien Giang,2026-12-11,2026,12,11,6.934025482568108,0.48870548605918884,recursive_daily,xgboost_recent_weighted_daily
Tien Giang,2026-12-12,2026,12,12,12.953557497828687,0.5619136095046997,recursive_daily,xgboost_recent_weighted_daily
Tien Giang,2026-12-13,2026,12,13,10.616417441603106,0.6219419836997986,recursive_daily,xgboost_recent_weighted_daily
Tien Giang,2026-12-14,2026,12,14,10.788148929619805,0.541171669960022,recursive_daily,xgboost_recent_weighted_daily
Tien Giang,2026-12-15,2026,12,15,8.450055032038986,0.5119072794914246,recursive_daily,xgboost_recent_weighted_daily
Tien Giang,2026-12-16,2026,12,16,9.690389938567634,0.5315890908241272,recursive_daily,xgboost_recent_weighted_daily
Tien Giang,2026-12-17,2026,12,17,9.33393153636839,0.5910146832466125,recursive_daily,xgboost_recent_weighted_daily
Tien Giang,2026-12-18,2026,12,18,12.862880266362593,0.6864818334579468,recursive_daily,xgboost_recent_weighted_daily
Tien Giang,2026-12-19,2026,12,19,9.696778382668047,0.5955380797386169,recursive_daily,xgboost_recent_weighted_daily
Tien Giang,2026-12-20,2026,12,20,11.874421133954474,0.6994689702987671,recursive_daily,xgboost_recent_weighted_daily
Tien Giang,2026-12-21,2026,12,21,9.455495866427947,0.5500242710113525,recursive_daily,xgboost_recent_weighted_daily
Tien Giang,2026-12-22,2026,12,22,10.534549616646652,0.7106431722640991,recursive_daily,xgboost_recent_weighted_daily
Tien Giang,2026-12-23,2026,12,23,10.748439508945436,0.6330407857894897,recursive_daily,xgboost_recent_weighted_daily
Tien Giang,2026-12-24,2026,12,24,9.60311413505996,0.6726430654525757,recursive_daily,xgboost_recent_weighted_daily
Tien Giang,2026-12-25,2026,12,25,8.28470351141799,0.7284143567085266,recursive_daily,xgboost_recent_weighted_daily
Tien Giang,2026-12-26,2026,12,26,9.672273587538863,0.40677136182785034,recursive_daily,xgboost_recent_weighted_daily
Tien Giang,2026-12-27,2026,12,27,9.031842278177846,0.547204852104187,recursive_daily,xgboost_recent_weighted_daily
Tien Giang,2026-12-28,2026,12,28,9.357463169147174,0.4604610204696655,recursive_daily,xgboost_recent_weighted_daily
Tien Giang,2026-12-29,2026,12,29,7.797005202899154,0.40424713492393494,recursive_daily,xgboost_recent_weighted_daily
Tien Giang,2026-12-30,2026,12,30,13.203928980846833,0.45177826285362244,recursive_daily,xgboost_recent_weighted_daily
Tien Giang,2026-12-31,2026,12,31,9.746670199813842,0.5765960812568665,recursive_daily,xgboost_recent_weighted_daily
Tra Vinh,2026-01-01,2026,1,1,0.0,0.07017656415700912,recursive_daily,xgboost_recent_weighted_daily
Tra Vinh,2026-01-02,2026,1,2,0.0,0.02630203776061535,recursive_daily,xgboost_recent_weighted_daily
Tra Vinh,2026-01-03,2026,1,3,0.0,0.032716136425733566,recursive_daily,xgboost_recent_weighted_daily
Tra Vinh,2026-01-04,2026,1,4,0.0,0.026608942076563835,recursive_daily,xgboost_recent_weighted_daily
Tra Vinh,2026-01-05,2026,1,5,0.0,0.013184674084186554,recursive_daily,xgboost_recent_weighted_daily
Tra Vinh,2026-01-06,2026,1,6,0.0,0.020382244139909744,recursive_daily,xgboost_recent_weighted_daily
Tra Vinh,2026-01-07,2026,1,7,0.0,0.028082139790058136,recursive_daily,xgboost_recent_weighted_daily
Tra Vinh,2026-01-08,2026,1,8,0.0,0.024117568507790565,recursive_daily,xgboost_recent_weighted_daily
Tra Vinh,2026-01-09,2026,1,9,0.0,0.02078087441623211,recursive_daily,xgboost_recent_weighted_daily
Tra Vinh,2026-01-10,2026,1,10,0.0,0.017096707597374916,recursive_daily,xgboost_recent_weighted_daily
Tra Vinh,2026-01-11,2026,1,11,0.0,0.004835599567741156,recursive_daily,xgboost_recent_weighted_daily
Tra Vinh,2026-01-12,2026,1,12,0.0,0.01191260851919651,recursive_daily,xgboost_recent_weighted_daily
Tra Vinh,2026-01-13,2026,1,13,0.0,0.003086716402322054,recursive_daily,xgboost_recent_weighted_daily
Tra Vinh,2026-01-14,2026,1,14,0.0,0.003056054003536701,recursive_daily,xgboost_recent_weighted_daily
Tra Vinh,2026-01-15,2026,1,15,0.0,0.003350254613906145,recursive_daily,xgboost_recent_weighted_daily
Tra Vinh,2026-01-16,2026,1,16,0.0,0.002198553876951337,recursive_daily,xgboost_recent_weighted_daily
Tra Vinh,2026-01-17,2026,1,17,0.0,0.0074652740731835365,recursive_daily,xgboost_recent_weighted_daily
Tra Vinh,2026-01-18,2026,1,18,0.0,0.0019402862526476383,recursive_daily,xgboost_recent_weighted_daily
Tra Vinh,2026-01-19,2026,1,19,0.0,0.0030361588578671217,recursive_daily,xgboost_recent_weighted_daily
Tra Vinh,2026-01-20,2026,1,20,0.0,0.005206048022955656,recursive_daily,xgboost_recent_weighted_daily
Tra Vinh,2026-01-21,2026,1,21,0.0,0.0012238508788868785,recursive_daily,xgboost_recent_weighted_daily
Tra Vinh,2026-01-22,2026,1,22,0.0,0.004534000065177679,recursive_daily,xgboost_recent_weighted_daily
Tra Vinh,2026-01-23,2026,1,23,0.0,0.0037050836253911257,recursive_daily,xgboost_recent_weighted_daily
Tra Vinh,2026-01-24,2026,1,24,0.0,0.002855826634913683,recursive_daily,xgboost_recent_weighted_daily
Tra Vinh,2026-01-25,2026,1,25,0.0,0.0010889366967603564,recursive_daily,xgboost_recent_weighted_daily
Tra Vinh,2026-01-26,2026,1,26,0.0,0.0016140706138685346,recursive_daily,xgboost_recent_weighted_daily
Tra Vinh,2026-01-27,2026,1,27,0.0,0.001470868824981153,recursive_daily,xgboost_recent_weighted_daily
Tra Vinh,2026-01-28,2026,1,28,0.0,0.002455971436575055,recursive_daily,xgboost_recent_weighted_daily
Tra Vinh,2026-01-29,2026,1,29,0.0,0.014645462855696678,recursive_daily,xgboost_recent_weighted_daily
Tra Vinh,2026-01-30,2026,1,30,0.0,0.006453295238316059,recursive_daily,xgboost_recent_weighted_daily
Tra Vinh,2026-01-31,2026,1,31,0.0,0.0037423630710691214,recursive_daily,xgboost_recent_weighted_daily
Tra Vinh,2026-02-01,2026,2,1,0.0,0.003352810861542821,recursive_daily,xgboost_recent_weighted_daily
Tra Vinh,2026-02-02,2026,2,2,0.0,0.0028650749009102583,recursive_daily,xgboost_recent_weighted_daily
Tra Vinh,2026-02-03,2026,2,3,0.0,0.0026478851214051247,recursive_daily,xgboost_recent_weighted_daily
Tra Vinh,2026-02-04,2026,2,4,0.0,0.002799003152176738,recursive_daily,xgboost_recent_weighted_daily
Tra Vinh,2026-02-05,2026,2,5,0.0,0.002441714983433485,recursive_daily,xgboost_recent_weighted_daily
Tra Vinh,2026-02-06,2026,2,6,0.0,0.004483167547732592,recursive_daily,xgboost_recent_weighted_daily
Tra Vinh,2026-02-07,2026,2,7,0.0,0.005797986872494221,recursive_daily,xgboost_recent_weighted_daily
Tra Vinh,2026-02-08,2026,2,8,0.0,0.004123005084693432,recursive_daily,xgboost_recent_weighted_daily
Tra Vinh,2026-02-09,2026,2,9,0.0,0.005947640165686607,recursive_daily,xgboost_recent_weighted_daily
Tra Vinh,2026-02-10,2026,2,10,0.0,0.015244632959365845,recursive_daily,xgboost_recent_weighted_daily
Tra Vinh,2026-02-11,2026,2,11,0.0,0.006898599676787853,recursive_daily,xgboost_recent_weighted_daily
Tra Vinh,2026-02-12,2026,2,12,0.0,0.016414329409599304,recursive_daily,xgboost_recent_weighted_daily
Tra Vinh,2026-02-13,2026,2,13,0.0,0.006654583383351564,recursive_daily,xgboost_recent_weighted_daily
Tra Vinh,2026-02-14,2026,2,14,0.0,0.005193029996007681,recursive_daily,xgboost_recent_weighted_daily
Tra Vinh,2026-02-15,2026,2,15,0.0,0.003056555287912488,recursive_daily,xgboost_recent_weighted_daily
Tra Vinh,2026-02-16,2026,2,16,0.0,0.008657456375658512,recursive_daily,xgboost_recent_weighted_daily
Tra Vinh,2026-02-17,2026,2,17,0.0,0.006428830325603485,recursive_daily,xgboost_recent_weighted_daily
Tra Vinh,2026-02-18,2026,2,18,0.0,0.005409754812717438,recursive_daily,xgboost_recent_weighted_daily
Tra Vinh,2026-02-19,2026,2,19,0.0,0.009479536674916744,recursive_daily,xgboost_recent_weighted_daily
Tra Vinh,2026-02-20,2026,2,20,0.0,0.007895415648818016,recursive_daily,xgboost_recent_weighted_daily
Tra Vinh,2026-02-21,2026,2,21,0.0,0.007167900446802378,recursive_daily,xgboost_recent_weighted_daily
Tra Vinh,2026-02-22,2026,2,22,0.0,0.01059532817453146,recursive_daily,xgboost_recent_weighted_daily
Tra Vinh,2026-02-23,2026,2,23,0.0,0.006688753608614206,recursive_daily,xgboost_recent_weighted_daily
Tra Vinh,2026-02-24,2026,2,24,0.0,0.009146153926849365,recursive_daily,xgboost_recent_weighted_daily
Tra Vinh,2026-02-25,2026,2,25,0.0,0.010015830397605896,recursive_daily,xgboost_recent_weighted_daily
Tra Vinh,2026-02-26,2026,2,26,0.0,0.03301243111491203,recursive_daily,xgboost_recent_weighted_daily
Tra Vinh,2026-02-27,2026,2,27,0.0,0.05260052531957626,recursive_daily,xgboost_recent_weighted_daily
Tra Vinh,2026-02-28,2026,2,28,0.0,0.06062531843781471,recursive_daily,xgboost_recent_weighted_daily
Tra Vinh,2026-03-01,2026,3,1,0.0,0.02360759675502777,recursive_daily,xgboost_recent_weighted_daily
Tra Vinh,2026-03-02,2026,3,2,0.0,0.026929980143904686,recursive_daily,xgboost_recent_weighted_daily
Tra Vinh,2026-03-03,2026,3,3,0.0,0.015834888443350792,recursive_daily,xgboost_recent_weighted_daily
Tra Vinh,2026-03-04,2026,3,4,0.0,0.030034644529223442,recursive_daily,xgboost_recent_weighted_daily
Tra Vinh,2026-03-05,2026,3,5,0.0,0.07958702743053436,recursive_daily,xgboost_recent_weighted_daily
Tra Vinh,2026-03-06,2026,3,6,0.0,0.030101170763373375,recursive_daily,xgboost_recent_weighted_daily
Tra Vinh,2026-03-07,2026,3,7,0.0,0.02734694629907608,recursive_daily,xgboost_recent_weighted_daily
Tra Vinh,2026-03-08,2026,3,8,0.0,0.026388397440314293,recursive_daily,xgboost_recent_weighted_daily
Tra Vinh,2026-03-09,2026,3,9,0.0,0.02450495772063732,recursive_daily,xgboost_recent_weighted_daily
Tra Vinh,2026-03-10,2026,3,10,0.0,0.022808194160461426,recursive_daily,xgboost_recent_weighted_daily
Tra Vinh,2026-03-11,2026,3,11,0.0,0.015489978715777397,recursive_daily,xgboost_recent_weighted_daily
Tra Vinh,2026-03-12,2026,3,12,0.0,0.020906828343868256,recursive_daily,xgboost_recent_weighted_daily
Tra Vinh,2026-03-13,2026,3,13,0.0,0.019722847267985344,recursive_daily,xgboost_recent_weighted_daily
Tra Vinh,2026-03-14,2026,3,14,0.0,0.014143780805170536,recursive_daily,xgboost_recent_weighted_daily
Tra Vinh,2026-03-15,2026,3,15,0.0,0.014143780805170536,recursive_daily,xgboost_recent_weighted_daily
Tra Vinh,2026-03-16,2026,3,16,0.0,0.014450963586568832,recursive_daily,xgboost_recent_weighted_daily
Tra Vinh,2026-03-17,2026,3,17,0.0,0.03190936893224716,recursive_daily,xgboost_recent_weighted_daily
Tra Vinh,2026-03-18,2026,3,18,0.0,0.013128107413649559,recursive_daily,xgboost_recent_weighted_daily
Tra Vinh,2026-03-19,2026,3,19,0.0,0.012430310249328613,recursive_daily,xgboost_recent_weighted_daily
Tra Vinh,2026-03-20,2026,3,20,0.0,0.05187812075018883,recursive_daily,xgboost_recent_weighted_daily
Tra Vinh,2026-03-21,2026,3,21,0.0,0.042079824954271317,recursive_daily,xgboost_recent_weighted_daily
Tra Vinh,2026-03-22,2026,3,22,0.0,0.013903737999498844,recursive_daily,xgboost_recent_weighted_daily
Tra Vinh,2026-03-23,2026,3,23,0.0,0.01386317890137434,recursive_daily,xgboost_recent_weighted_daily
Tra Vinh,2026-03-24,2026,3,24,0.0,0.014351983554661274,recursive_daily,xgboost_recent_weighted_daily
Tra Vinh,2026-03-25,2026,3,25,0.0,0.020733406767249107,recursive_daily,xgboost_recent_weighted_daily
Tra Vinh,2026-03-26,2026,3,26,0.0,0.023160308599472046,recursive_daily,xgboost_recent_weighted_daily
Tra Vinh,2026-03-27,2026,3,27,0.0,0.02707611583173275,recursive_daily,xgboost_recent_weighted_daily
Tra Vinh,2026-03-28,2026,3,28,0.0,0.021515293046832085,recursive_daily,xgboost_recent_weighted_daily
Tra Vinh,2026-03-29,2026,3,29,0.0,0.026465265080332756,recursive_daily,xgboost_recent_weighted_daily
Tra Vinh,2026-03-30,2026,3,30,0.0,0.030735095962882042,recursive_daily,xgboost_recent_weighted_daily
Tra Vinh,2026-03-31,2026,3,31,0.0,0.06628846377134323,recursive_daily,xgboost_recent_weighted_daily
Tra Vinh,2026-04-01,2026,4,1,0.0,0.08424092829227448,recursive_daily,xgboost_recent_weighted_daily
Tra Vinh,2026-04-02,2026,4,2,0.0,0.13729429244995117,recursive_daily,xgboost_recent_weighted_daily
Tra Vinh,2026-04-03,2026,4,3,0.0,0.07190322875976562,recursive_daily,xgboost_recent_weighted_daily
Tra Vinh,2026-04-04,2026,4,4,0.0,0.04999434947967529,recursive_daily,xgboost_recent_weighted_daily
Tra Vinh,2026-04-05,2026,4,5,0.0,0.048905763775110245,recursive_daily,xgboost_recent_weighted_daily
Tra Vinh,2026-04-06,2026,4,6,0.0,0.047195915132761,recursive_daily,xgboost_recent_weighted_daily
Tra Vinh,2026-04-07,2026,4,7,0.0,0.04638039693236351,recursive_daily,xgboost_recent_weighted_daily
Tra Vinh,2026-04-08,2026,4,8,0.0,0.044653795659542084,recursive_daily,xgboost_recent_weighted_daily
Tra Vinh,2026-04-09,2026,4,9,0.0,0.039687562733888626,recursive_daily,xgboost_recent_weighted_daily
Tra Vinh,2026-04-10,2026,4,10,0.0,0.14855904877185822,recursive_daily,xgboost_recent_weighted_daily
Tra Vinh,2026-04-11,2026,4,11,0.0,0.04568605497479439,recursive_daily,xgboost_recent_weighted_daily
Tra Vinh,2026-04-12,2026,4,12,0.0,0.05593867972493172,recursive_daily,xgboost_recent_weighted_daily
Tra Vinh,2026-04-13,2026,4,13,0.0,0.12119889259338379,recursive_daily,xgboost_recent_weighted_daily
Tra Vinh,2026-04-14,2026,4,14,0.0,0.13979646563529968,recursive_daily,xgboost_recent_weighted_daily
Tra Vinh,2026-04-15,2026,4,15,0.0,0.2029469609260559,recursive_daily,xgboost_recent_weighted_daily
Tra Vinh,2026-04-16,2026,4,16,0.0,0.10039003938436508,recursive_daily,xgboost_recent_weighted_daily
Tra Vinh,2026-04-17,2026,4,17,0.0,0.15049102902412415,recursive_daily,xgboost_recent_weighted_daily
Tra Vinh,2026-04-18,2026,4,18,0.0,0.08329443633556366,recursive_daily,xgboost_recent_weighted_daily
Tra Vinh,2026-04-19,2026,4,19,0.0,0.08156795054674149,recursive_daily,xgboost_recent_weighted_daily
Tra Vinh,2026-04-20,2026,4,20,0.0,0.08156795054674149,recursive_daily,xgboost_recent_weighted_daily
Tra Vinh,2026-04-21,2026,4,21,0.0,0.08407200127840042,recursive_daily,xgboost_recent_weighted_daily
Tra Vinh,2026-04-22,2026,4,22,0.0,0.2545241117477417,recursive_daily,xgboost_recent_weighted_daily
Tra Vinh,2026-04-23,2026,4,23,0.0,0.26304134726524353,recursive_daily,xgboost_recent_weighted_daily
Tra Vinh,2026-04-24,2026,4,24,0.0,0.17127354443073273,recursive_daily,xgboost_recent_weighted_daily
Tra Vinh,2026-04-25,2026,4,25,0.0,0.21765442192554474,recursive_daily,xgboost_recent_weighted_daily
Tra Vinh,2026-04-26,2026,4,26,0.0,0.18688160181045532,recursive_daily,xgboost_recent_weighted_daily
Tra Vinh,2026-04-27,2026,4,27,0.0,0.1836281269788742,recursive_daily,xgboost_recent_weighted_daily
Tra Vinh,2026-04-28,2026,4,28,0.0,0.09515726566314697,recursive_daily,xgboost_recent_weighted_daily
Tra Vinh,2026-04-29,2026,4,29,0.0,0.09284660220146179,recursive_daily,xgboost_recent_weighted_daily
Tra Vinh,2026-04-30,2026,4,30,0.0,0.09124225378036499,recursive_daily,xgboost_recent_weighted_daily
Tra Vinh,2026-05-01,2026,5,1,0.0,0.21958298981189728,recursive_daily,xgboost_recent_weighted_daily
Tra Vinh,2026-05-02,2026,5,2,4.129526663009188,0.46470049023628235,recursive_daily,xgboost_recent_weighted_daily
Tra Vinh,2026-05-03,2026,5,3,6.216081332880529,0.5571039915084839,recursive_daily,xgboost_recent_weighted_daily
Tra Vinh,2026-05-04,2026,5,4,5.183076396998885,0.6212130784988403,recursive_daily,xgboost_recent_weighted_daily
Tra Vinh,2026-05-05,2026,5,5,6.9876638690688715,0.7551997303962708,recursive_daily,xgboost_recent_weighted_daily
Tra Vinh,2026-05-06,2026,5,6,4.956086438426701,0.8778287768363953,recursive_daily,xgboost_recent_weighted_daily
Tra Vinh,2026-05-07,2026,5,7,5.177528020796658,0.9129952788352966,recursive_daily,xgboost_recent_weighted_daily
Tra Vinh,2026-05-08,2026,5,8,6.18795823405046,0.9121396541595459,recursive_daily,xgboost_recent_weighted_daily
Tra Vinh,2026-05-09,2026,5,9,5.999828284497993,0.9191115498542786,recursive_daily,xgboost_recent_weighted_daily
Tra Vinh,2026-05-10,2026,5,10,8.17519884434795,0.8889800906181335,recursive_daily,xgboost_recent_weighted_daily
Tra Vinh,2026-05-11,2026,5,11,6.815677746826051,0.7547963261604309,recursive_daily,xgboost_recent_weighted_daily
Tra Vinh,2026-05-12,2026,5,12,6.0079959023121425,0.8888798356056213,recursive_daily,xgboost_recent_weighted_daily
Tra Vinh,2026-05-13,2026,5,13,5.760138769867827,0.7817538380622864,recursive_daily,xgboost_recent_weighted_daily
Tra Vinh,2026-05-14,2026,5,14,5.051234177898616,0.9123687148094177,recursive_daily,xgboost_recent_weighted_daily
Tra Vinh,2026-05-15,2026,5,15,7.488142928792218,0.9013662934303284,recursive_daily,xgboost_recent_weighted_daily
Tra Vinh,2026-05-16,2026,5,16,9.503116870722833,0.9577975273132324,recursive_daily,xgboost_recent_weighted_daily
Tra Vinh,2026-05-17,2026,5,17,11.783885111467056,0.9654040336608887,recursive_daily,xgboost_recent_weighted_daily
Tra Vinh,2026-05-18,2026,5,18,11.759892855291627,0.9615262746810913,recursive_daily,xgboost_recent_weighted_daily
Tra Vinh,2026-05-19,2026,5,19,11.379951760488815,0.9564504623413086,recursive_daily,xgboost_recent_weighted_daily
Tra Vinh,2026-05-20,2026,5,20,10.30932389514171,0.9337698221206665,recursive_daily,xgboost_recent_weighted_daily
Tra Vinh,2026-05-21,2026,5,21,10.384645379146688,0.935275673866272,recursive_daily,xgboost_recent_weighted_daily
Tra Vinh,2026-05-22,2026,5,22,12.870884830677547,0.9470852613449097,recursive_daily,xgboost_recent_weighted_daily
Tra Vinh,2026-05-23,2026,5,23,12.698896540000577,0.9468091726303101,recursive_daily,xgboost_recent_weighted_daily
Tra Vinh,2026-05-24,2026,5,24,9.587134741086569,0.9382185339927673,recursive_daily,xgboost_recent_weighted_daily
Tra Vinh,2026-05-25,2026,5,25,11.503046457749797,0.9387035369873047,recursive_daily,xgboost_recent_weighted_daily
Tra Vinh,2026-05-26,2026,5,26,12.210366492190008,0.8486508131027222,recursive_daily,xgboost_recent_weighted_daily
Tra Vinh,2026-05-27,2026,5,27,13.799969529654492,0.8862992525100708,recursive_daily,xgboost_recent_weighted_daily
Tra Vinh,2026-05-28,2026,5,28,16.302012868482052,0.8323377966880798,recursive_daily,xgboost_recent_weighted_daily
Tra Vinh,2026-05-29,2026,5,29,12.627114668292599,0.8876398205757141,recursive_daily,xgboost_recent_weighted_daily
Tra Vinh,2026-05-30,2026,5,30,12.046360137465337,0.8496686816215515,recursive_daily,xgboost_recent_weighted_daily
Tra Vinh,2026-05-31,2026,5,31,13.473356176493539,0.8713678121566772,recursive_daily,xgboost_recent_weighted_daily
Tra Vinh,2026-06-01,2026,6,1,12.48275989172068,0.8550909161567688,recursive_daily,xgboost_recent_weighted_daily
Tra Vinh,2026-06-02,2026,6,2,12.490639407954736,0.8965209126472473,recursive_daily,xgboost_recent_weighted_daily
Tra Vinh,2026-06-03,2026,6,3,11.911251671107426,0.8778185844421387,recursive_daily,xgboost_recent_weighted_daily
Tra Vinh,2026-06-04,2026,6,4,12.40014134555574,0.9086803197860718,recursive_daily,xgboost_recent_weighted_daily
Tra Vinh,2026-06-05,2026,6,5,12.764266366294196,0.8452664017677307,recursive_daily,xgboost_recent_weighted_daily
Tra Vinh,2026-06-06,2026,6,6,12.156891157629325,0.7269865870475769,recursive_daily,xgboost_recent_weighted_daily
Tra Vinh,2026-06-07,2026,6,7,11.238945836171084,0.6779506206512451,recursive_daily,xgboost_recent_weighted_daily
Tra Vinh,2026-06-08,2026,6,8,12.86874292037673,0.8282895684242249,recursive_daily,xgboost_recent_weighted_daily
Tra Vinh,2026-06-09,2026,6,9,13.08565655412689,0.6814992427825928,recursive_daily,xgboost_recent_weighted_daily
Tra Vinh,2026-06-10,2026,6,10,12.776376885133493,0.6333441734313965,recursive_daily,xgboost_recent_weighted_daily
Tra Vinh,2026-06-11,2026,6,11,11.54278180701293,0.6186826825141907,recursive_daily,xgboost_recent_weighted_daily
Tra Vinh,2026-06-12,2026,6,12,12.20717519665321,0.658864438533783,recursive_daily,xgboost_recent_weighted_daily
Tra Vinh,2026-06-13,2026,6,13,11.905649366389529,0.7425791621208191,recursive_daily,xgboost_recent_weighted_daily
Tra Vinh,2026-06-14,2026,6,14,13.369658089953477,0.8336082100868225,recursive_daily,xgboost_recent_weighted_daily
Tra Vinh,2026-06-15,2026,6,15,13.655505191879078,0.8423171043395996,recursive_daily,xgboost_recent_weighted_daily
Tra Vinh,2026-06-16,2026,6,16,15.342597423850135,0.8653905391693115,recursive_daily,xgboost_recent_weighted_daily
Tra Vinh,2026-06-17,2026,6,17,14.652337678637759,0.8757386803627014,recursive_daily,xgboost_recent_weighted_daily
Tra Vinh,2026-06-18,2026,6,18,13.647789331846688,0.8636444807052612,recursive_daily,xgboost_recent_weighted_daily
Tra Vinh,2026-06-19,2026,6,19,12.271638420202937,0.7923240661621094,recursive_daily,xgboost_recent_weighted_daily
Tra Vinh,2026-06-20,2026,6,20,14.321529339494964,0.8212378621101379,recursive_daily,xgboost_recent_weighted_daily
Tra Vinh,2026-06-21,2026,6,21,18.23337081096055,0.9140524864196777,recursive_daily,xgboost_recent_weighted_daily
Tra Vinh,2026-06-22,2026,6,22,17.650389848388507,0.9389917850494385,recursive_daily,xgboost_recent_weighted_daily
Tra Vinh,2026-06-23,2026,6,23,13.50561434851873,0.9069359302520752,recursive_daily,xgboost_recent_weighted_daily
Tra Vinh,2026-06-24,2026,6,24,13.144960839506568,0.8646514415740967,recursive_daily,xgboost_recent_weighted_daily
Tra Vinh,2026-06-25,2026,6,25,14.89401372757393,0.8704708814620972,recursive_daily,xgboost_recent_weighted_daily
Tra Vinh,2026-06-26,2026,6,26,13.627383028776567,0.9182355403900146,recursive_daily,xgboost_recent_weighted_daily
Tra Vinh,2026-06-27,2026,6,27,13.332286127147071,0.9178058505058289,recursive_daily,xgboost_recent_weighted_daily
Tra Vinh,2026-06-28,2026,6,28,13.780734804168029,0.9121049046516418,recursive_daily,xgboost_recent_weighted_daily
Tra Vinh,2026-06-29,2026,6,29,14.9095035216158,0.884479820728302,recursive_daily,xgboost_recent_weighted_daily
Tra Vinh,2026-06-30,2026,6,30,12.834076504445173,0.821122407913208,recursive_daily,xgboost_recent_weighted_daily
Tra Vinh,2026-07-01,2026,7,1,14.992193835634255,0.8303295969963074,recursive_daily,xgboost_recent_weighted_daily
Tra Vinh,2026-07-02,2026,7,2,20.665641797552126,0.8421803116798401,recursive_daily,xgboost_recent_weighted_daily
Tra Vinh,2026-07-03,2026,7,3,21.211931857620613,0.9608498215675354,recursive_daily,xgboost_recent_weighted_daily
Tra Vinh,2026-07-04,2026,7,4,22.380917417936043,0.947463870048523,recursive_daily,xgboost_recent_weighted_daily
Tra Vinh,2026-07-05,2026,7,5,16.16206622545128,0.9401099681854248,recursive_daily,xgboost_recent_weighted_daily
Tra Vinh,2026-07-06,2026,7,6,20.34829885535669,0.9520448446273804,recursive_daily,xgboost_recent_weighted_daily
Tra Vinh,2026-07-07,2026,7,7,18.005548969342144,0.9498599171638489,recursive_daily,xgboost_recent_weighted_daily
Tra Vinh,2026-07-08,2026,7,8,15.681761807752526,0.9224461317062378,recursive_daily,xgboost_recent_weighted_daily
Tra Vinh,2026-07-09,2026,7,9,15.638297465950608,0.911670446395874,recursive_daily,xgboost_recent_weighted_daily
Tra Vinh,2026-07-10,2026,7,10,17.847887831600737,0.9498353004455566,recursive_daily,xgboost_recent_weighted_daily
Tra Vinh,2026-07-11,2026,7,11,15.174070848740818,0.9554745554924011,recursive_daily,xgboost_recent_weighted_daily
Tra Vinh,2026-07-12,2026,7,12,18.284427671423188,0.9214322566986084,recursive_daily,xgboost_recent_weighted_daily
Tra Vinh,2026-07-13,2026,7,13,20.988890255368666,0.9558758735656738,recursive_daily,xgboost_recent_weighted_daily
Tra Vinh,2026-07-14,2026,7,14,19.14249424288105,0.9510423541069031,recursive_daily,xgboost_recent_weighted_daily
Tra Vinh,2026-07-15,2026,7,15,17.663381611752644,0.9286773800849915,recursive_daily,xgboost_recent_weighted_daily
Tra Vinh,2026-07-16,2026,7,16,20.333149422286763,0.9536582827568054,recursive_daily,xgboost_recent_weighted_daily
Tra Vinh,2026-07-17,2026,7,17,22.078096262764316,0.953498899936676,recursive_daily,xgboost_recent_weighted_daily
Tra Vinh,2026-07-18,2026,7,18,18.473675214356955,0.9252170324325562,recursive_daily,xgboost_recent_weighted_daily
Tra Vinh,2026-07-19,2026,7,19,20.571415561146082,0.9119629263877869,recursive_daily,xgboost_recent_weighted_daily
Tra Vinh,2026-07-20,2026,7,20,18.8967758718963,0.8954680562019348,recursive_daily,xgboost_recent_weighted_daily
Tra Vinh,2026-07-21,2026,7,21,18.651748915494846,0.8510062098503113,recursive_daily,xgboost_recent_weighted_daily
Tra Vinh,2026-07-22,2026,7,22,16.948149805427146,0.8978107571601868,recursive_daily,xgboost_recent_weighted_daily
Tra Vinh,2026-07-23,2026,7,23,16.442070261100216,0.8653061389923096,recursive_daily,xgboost_recent_weighted_daily
Tra Vinh,2026-07-24,2026,7,24,19.741166878403494,0.826529324054718,recursive_daily,xgboost_recent_weighted_daily
Tra Vinh,2026-07-25,2026,7,25,20.200615204935144,0.8861660361289978,recursive_daily,xgboost_recent_weighted_daily
Tra Vinh,2026-07-26,2026,7,26,18.226321570289045,0.8562912344932556,recursive_daily,xgboost_recent_weighted_daily
Tra Vinh,2026-07-27,2026,7,27,20.310370581793084,0.8057273030281067,recursive_daily,xgboost_recent_weighted_daily
Tra Vinh,2026-07-28,2026,7,28,20.037430547131255,0.8595027923583984,recursive_daily,xgboost_recent_weighted_daily
Tra Vinh,2026-07-29,2026,7,29,20.319728242229687,0.9144218564033508,recursive_daily,xgboost_recent_weighted_daily
Tra Vinh,2026-07-30,2026,7,30,21.69614185543806,0.8851132988929749,recursive_daily,xgboost_recent_weighted_daily
Tra Vinh,2026-07-31,2026,7,31,22.50156410007333,0.8718931078910828,recursive_daily,xgboost_recent_weighted_daily
Tra Vinh,2026-08-01,2026,8,1,17.012190451062217,0.9361125826835632,recursive_daily,xgboost_recent_weighted_daily
Tra Vinh,2026-08-02,2026,8,2,18.000946171145326,0.9090577960014343,recursive_daily,xgboost_recent_weighted_daily
Tra Vinh,2026-08-03,2026,8,3,20.407863976076897,0.8968653082847595,recursive_daily,xgboost_recent_weighted_daily
Tra Vinh,2026-08-04,2026,8,4,20.727596237159407,0.8728747963905334,recursive_daily,xgboost_recent_weighted_daily
Tra Vinh,2026-08-05,2026,8,5,20.25408485589825,0.9089990854263306,recursive_daily,xgboost_recent_weighted_daily
Tra Vinh,2026-08-06,2026,8,6,21.57198293732583,0.9382286071777344,recursive_daily,xgboost_recent_weighted_daily
Tra Vinh,2026-08-07,2026,8,7,23.387332859217448,0.881278395652771,recursive_daily,xgboost_recent_weighted_daily
Tra Vinh,2026-08-08,2026,8,8,17.363370183886893,0.8717933297157288,recursive_daily,xgboost_recent_weighted_daily
Tra Vinh,2026-08-09,2026,8,9,19.10762701666577,0.8606584668159485,recursive_daily,xgboost_recent_weighted_daily
Tra Vinh,2026-08-10,2026,8,10,23.615965641777787,0.8678181767463684,recursive_daily,xgboost_recent_weighted_daily
Tra Vinh,2026-08-11,2026,8,11,18.745606333681813,0.8870617151260376,recursive_daily,xgboost_recent_weighted_daily
Tra Vinh,2026-08-12,2026,8,12,20.311899161214402,0.9065487384796143,recursive_daily,xgboost_recent_weighted_daily
Tra Vinh,2026-08-13,2026,8,13,20.95456925839686,0.8847987651824951,recursive_daily,xgboost_recent_weighted_daily
Tra Vinh,2026-08-14,2026,8,14,19.105323540723813,0.8641458749771118,recursive_daily,xgboost_recent_weighted_daily
Tra Vinh,2026-08-15,2026,8,15,18.349417768838528,0.8716990947723389,recursive_daily,xgboost_recent_weighted_daily
Tra Vinh,2026-08-16,2026,8,16,18.141052989608777,0.8669378161430359,recursive_daily,xgboost_recent_weighted_daily
Tra Vinh,2026-08-17,2026,8,17,20.61392626254529,0.876861035823822,recursive_daily,xgboost_recent_weighted_daily
Tra Vinh,2026-08-18,2026,8,18,22.862912280172992,0.8524231314659119,recursive_daily,xgboost_recent_weighted_daily
Tra Vinh,2026-08-19,2026,8,19,20.378121148687875,0.831313967704773,recursive_daily,xgboost_recent_weighted_daily
Tra Vinh,2026-08-20,2026,8,20,19.78692998725825,0.8417420983314514,recursive_daily,xgboost_recent_weighted_daily
Tra Vinh,2026-08-21,2026,8,21,20.86659970481288,0.827558159828186,recursive_daily,xgboost_recent_weighted_daily
Tra Vinh,2026-08-22,2026,8,22,18.216151044976755,0.8820088505744934,recursive_daily,xgboost_recent_weighted_daily
Tra Vinh,2026-08-23,2026,8,23,19.59644754775657,0.8833886981010437,recursive_daily,xgboost_recent_weighted_daily
Tra Vinh,2026-08-24,2026,8,24,21.612712834214665,0.8649981021881104,recursive_daily,xgboost_recent_weighted_daily
Tra Vinh,2026-08-25,2026,8,25,24.668201817861547,0.8764674663543701,recursive_daily,xgboost_recent_weighted_daily
Tra Vinh,2026-08-26,2026,8,26,19.3203913433137,0.8955297470092773,recursive_daily,xgboost_recent_weighted_daily
Tra Vinh,2026-08-27,2026,8,27,20.876771956383156,0.8837227821350098,recursive_daily,xgboost_recent_weighted_daily
Tra Vinh,2026-08-28,2026,8,28,23.366764162840603,0.879864513874054,recursive_daily,xgboost_recent_weighted_daily
Tra Vinh,2026-08-29,2026,8,29,19.096041613375334,0.8927069902420044,recursive_daily,xgboost_recent_weighted_daily
Tra Vinh,2026-08-30,2026,8,30,24.010300024362643,0.8833812475204468,recursive_daily,xgboost_recent_weighted_daily
Tra Vinh,2026-08-31,2026,8,31,20.04091053303771,0.904118537902832,recursive_daily,xgboost_recent_weighted_daily
Tra Vinh,2026-09-01,2026,9,1,19.74253688346914,0.9004231095314026,recursive_daily,xgboost_recent_weighted_daily
Tra Vinh,2026-09-02,2026,9,2,22.268217847121694,0.9043681621551514,recursive_daily,xgboost_recent_weighted_daily
Tra Vinh,2026-09-03,2026,9,3,22.288103240087132,0.9188885688781738,recursive_daily,xgboost_recent_weighted_daily
Tra Vinh,2026-09-04,2026,9,4,21.138241239394205,0.8967947363853455,recursive_daily,xgboost_recent_weighted_daily
Tra Vinh,2026-09-05,2026,9,5,22.295770460726963,0.9141328930854797,recursive_daily,xgboost_recent_weighted_daily
Tra Vinh,2026-09-06,2026,9,6,21.190055080738663,0.903902530670166,recursive_daily,xgboost_recent_weighted_daily
Tra Vinh,2026-09-07,2026,9,7,25.306823198220062,0.907120943069458,recursive_daily,xgboost_recent_weighted_daily
Tra Vinh,2026-09-08,2026,9,8,21.2085796979348,0.8809809684753418,recursive_daily,xgboost_recent_weighted_daily
Tra Vinh,2026-09-09,2026,9,9,22.48690029641764,0.908348560333252,recursive_daily,xgboost_recent_weighted_daily
Tra Vinh,2026-09-10,2026,9,10,19.491821416975327,0.8912451863288879,recursive_daily,xgboost_recent_weighted_daily
Tra Vinh,2026-09-11,2026,9,11,22.363593136490092,0.9206929206848145,recursive_daily,xgboost_recent_weighted_daily
Tra Vinh,2026-09-12,2026,9,12,20.198074593167163,0.9258095026016235,recursive_daily,xgboost_recent_weighted_daily
Tra Vinh,2026-09-13,2026,9,13,21.29849535823842,0.8894301652908325,recursive_daily,xgboost_recent_weighted_daily
Tra Vinh,2026-09-14,2026,9,14,23.90164975383594,0.9256025552749634,recursive_daily,xgboost_recent_weighted_daily
Tra Vinh,2026-09-15,2026,9,15,21.23055644218685,0.9226410388946533,recursive_daily,xgboost_recent_weighted_daily
Tra Vinh,2026-09-16,2026,9,16,22.241999815025256,0.88942551612854,recursive_daily,xgboost_recent_weighted_daily
Tra Vinh,2026-09-17,2026,9,17,23.09316701478601,0.8943443298339844,recursive_daily,xgboost_recent_weighted_daily
Tra Vinh,2026-09-18,2026,9,18,20.2261141529625,0.9117082953453064,recursive_daily,xgboost_recent_weighted_daily
Tra Vinh,2026-09-19,2026,9,19,22.362987791840713,0.8556665778160095,recursive_daily,xgboost_recent_weighted_daily
Tra Vinh,2026-09-20,2026,9,20,18.22334191068099,0.8529383540153503,recursive_daily,xgboost_recent_weighted_daily
Tra Vinh,2026-09-21,2026,9,21,22.02724628338359,0.8673151731491089,recursive_daily,xgboost_recent_weighted_daily
Tra Vinh,2026-09-22,2026,9,22,21.760357650585792,0.886262059211731,recursive_daily,xgboost_recent_weighted_daily
Tra Vinh,2026-09-23,2026,9,23,18.914639398901084,0.8243840336799622,recursive_daily,xgboost_recent_weighted_daily
Tra Vinh,2026-09-24,2026,9,24,20.18561741022523,0.8550106883049011,recursive_daily,xgboost_recent_weighted_daily
Tra Vinh,2026-09-25,2026,9,25,24.906074457836908,0.8860189914703369,recursive_daily,xgboost_recent_weighted_daily
Tra Vinh,2026-09-26,2026,9,26,20.626531867074142,0.8982065916061401,recursive_daily,xgboost_recent_weighted_daily
Tra Vinh,2026-09-27,2026,9,27,25.475782159810812,0.8906698822975159,recursive_daily,xgboost_recent_weighted_daily
Tra Vinh,2026-09-28,2026,9,28,22.579523222493698,0.8467674255371094,recursive_daily,xgboost_recent_weighted_daily
Tra Vinh,2026-09-29,2026,9,29,25.92526251197822,0.8697577118873596,recursive_daily,xgboost_recent_weighted_daily
Tra Vinh,2026-09-30,2026,9,30,19.355176651966726,0.7993603944778442,recursive_daily,xgboost_recent_weighted_daily
Tra Vinh,2026-10-01,2026,10,1,28.19472852752344,0.8402485251426697,recursive_daily,xgboost_recent_weighted_daily
Tra Vinh,2026-10-02,2026,10,2,23.26337590970573,0.9244953989982605,recursive_daily,xgboost_recent_weighted_daily
Tra Vinh,2026-10-03,2026,10,3,20.612093658073984,0.9105777144432068,recursive_daily,xgboost_recent_weighted_daily
Tra Vinh,2026-10-04,2026,10,4,26.849061211708264,0.94287109375,recursive_daily,xgboost_recent_weighted_daily
Tra Vinh,2026-10-05,2026,10,5,23.598845989210247,0.924822986125946,recursive_daily,xgboost_recent_weighted_daily
Tra Vinh,2026-10-06,2026,10,6,27.08232503705501,0.9559426307678223,recursive_daily,xgboost_recent_weighted_daily
Tra Vinh,2026-10-07,2026,10,7,27.974638458769572,0.9573442339897156,recursive_daily,xgboost_recent_weighted_daily
Tra Vinh,2026-10-08,2026,10,8,22.730909790145912,0.9305030703544617,recursive_daily,xgboost_recent_weighted_daily
Tra Vinh,2026-10-09,2026,10,9,26.174101449176124,0.9126903414726257,recursive_daily,xgboost_recent_weighted_daily
Tra Vinh,2026-10-10,2026,10,10,23.4205383292689,0.9139792919158936,recursive_daily,xgboost_recent_weighted_daily
Tra Vinh,2026-10-11,2026,10,11,22.616562596694045,0.9169592261314392,recursive_daily,xgboost_recent_weighted_daily
Tra Vinh,2026-10-12,2026,10,12,23.440832104348065,0.9319990873336792,recursive_daily,xgboost_recent_weighted_daily
Tra Vinh,2026-10-13,2026,10,13,20.321627832462084,0.9173955321311951,recursive_daily,xgboost_recent_weighted_daily
Tra Vinh,2026-10-14,2026,10,14,24.038653221749545,0.9452521204948425,recursive_daily,xgboost_recent_weighted_daily
Tra Vinh,2026-10-15,2026,10,15,22.994140968506667,0.9134163856506348,recursive_daily,xgboost_recent_weighted_daily
Tra Vinh,2026-10-16,2026,10,16,24.82160105844784,0.9428237080574036,recursive_daily,xgboost_recent_weighted_daily
Tra Vinh,2026-10-17,2026,10,17,24.02853922672824,0.9384618997573853,recursive_daily,xgboost_recent_weighted_daily
Tra Vinh,2026-10-18,2026,10,18,24.530334310093448,0.9280162453651428,recursive_daily,xgboost_recent_weighted_daily
Tra Vinh,2026-10-19,2026,10,19,24.454295284619608,0.9331830143928528,recursive_daily,xgboost_recent_weighted_daily
Tra Vinh,2026-10-20,2026,10,20,21.523392714231434,0.939154863357544,recursive_daily,xgboost_recent_weighted_daily
Tra Vinh,2026-10-21,2026,10,21,25.223779292139103,0.9273419380187988,recursive_daily,xgboost_recent_weighted_daily
Tra Vinh,2026-10-22,2026,10,22,20.64545386653874,0.9302546977996826,recursive_daily,xgboost_recent_weighted_daily
Tra Vinh,2026-10-23,2026,10,23,22.432903955520434,0.9389823079109192,recursive_daily,xgboost_recent_weighted_daily
Tra Vinh,2026-10-24,2026,10,24,24.126791684179995,0.916136622428894,recursive_daily,xgboost_recent_weighted_daily
Tra Vinh,2026-10-25,2026,10,25,18.88903912008253,0.9540923237800598,recursive_daily,xgboost_recent_weighted_daily
Tra Vinh,2026-10-26,2026,10,26,22.227235831736255,0.9386333227157593,recursive_daily,xgboost_recent_weighted_daily
Tra Vinh,2026-10-27,2026,10,27,22.31636995966891,0.922720730304718,recursive_daily,xgboost_recent_weighted_daily
Tra Vinh,2026-10-28,2026,10,28,19.848045144755197,0.9392108917236328,recursive_daily,xgboost_recent_weighted_daily
Tra Vinh,2026-10-29,2026,10,29,26.721552609606917,0.8624481558799744,recursive_daily,xgboost_recent_weighted_daily
Tra Vinh,2026-10-30,2026,10,30,21.59706498824809,0.9386263489723206,recursive_daily,xgboost_recent_weighted_daily
Tra Vinh,2026-10-31,2026,10,31,21.081934468701572,0.7981822490692139,recursive_daily,xgboost_recent_weighted_daily
Tra Vinh,2026-11-01,2026,11,1,24.289560639295047,0.8303049802780151,recursive_daily,xgboost_recent_weighted_daily
Tra Vinh,2026-11-02,2026,11,2,21.83752090373508,0.8667495846748352,recursive_daily,xgboost_recent_weighted_daily
Tra Vinh,2026-11-03,2026,11,3,19.33229108681017,0.8956693410873413,recursive_daily,xgboost_recent_weighted_daily
Tra Vinh,2026-11-04,2026,11,4,23.09498554118383,0.8585831522941589,recursive_daily,xgboost_recent_weighted_daily
Tra Vinh,2026-11-05,2026,11,5,24.787276901825212,0.8943007588386536,recursive_daily,xgboost_recent_weighted_daily
Tra Vinh,2026-11-06,2026,11,6,25.548087935977858,0.8584828972816467,recursive_daily,xgboost_recent_weighted_daily
Tra Vinh,2026-11-07,2026,11,7,20.957627526425004,0.8094330430030823,recursive_daily,xgboost_recent_weighted_daily
Tra Vinh,2026-11-08,2026,11,8,18.901040900487256,0.7627164125442505,recursive_daily,xgboost_recent_weighted_daily
Tra Vinh,2026-11-09,2026,11,9,20.12790777821812,0.8513296246528625,recursive_daily,xgboost_recent_weighted_daily
Tra Vinh,2026-11-10,2026,11,10,21.57157500781643,0.8021416664123535,recursive_daily,xgboost_recent_weighted_daily
Tra Vinh,2026-11-11,2026,11,11,19.80181638021188,0.8582993149757385,recursive_daily,xgboost_recent_weighted_daily
Tra Vinh,2026-11-12,2026,11,12,18.75615423713585,0.8479827046394348,recursive_daily,xgboost_recent_weighted_daily
Tra Vinh,2026-11-13,2026,11,13,20.32842664999368,0.8033252954483032,recursive_daily,xgboost_recent_weighted_daily
Tra Vinh,2026-11-14,2026,11,14,18.3306190968245,0.8334407806396484,recursive_daily,xgboost_recent_weighted_daily
Tra Vinh,2026-11-15,2026,11,15,16.79440583410985,0.7949605584144592,recursive_daily,xgboost_recent_weighted_daily
Tra Vinh,2026-11-16,2026,11,16,20.04142084483517,0.844931960105896,recursive_daily,xgboost_recent_weighted_daily
Tra Vinh,2026-11-17,2026,11,17,20.13330734095895,0.817681610584259,recursive_daily,xgboost_recent_weighted_daily
Tra Vinh,2026-11-18,2026,11,18,24.57056094990935,0.8075641393661499,recursive_daily,xgboost_recent_weighted_daily
Tra Vinh,2026-11-19,2026,11,19,19.75583255250836,0.8316824436187744,recursive_daily,xgboost_recent_weighted_daily
Tra Vinh,2026-11-20,2026,11,20,21.219489173738747,0.8240731954574585,recursive_daily,xgboost_recent_weighted_daily
Tra Vinh,2026-11-21,2026,11,21,22.67543757155724,0.8484242558479309,recursive_daily,xgboost_recent_weighted_daily
Tra Vinh,2026-11-22,2026,11,22,16.817177542340733,0.8284428715705872,recursive_daily,xgboost_recent_weighted_daily
Tra Vinh,2026-11-23,2026,11,23,22.932361094579704,0.899789035320282,recursive_daily,xgboost_recent_weighted_daily
Tra Vinh,2026-11-24,2026,11,24,17.637304764178023,0.7892849445343018,recursive_daily,xgboost_recent_weighted_daily
Tra Vinh,2026-11-25,2026,11,25,20.853477193506876,0.8752358555793762,recursive_daily,xgboost_recent_weighted_daily
Tra Vinh,2026-11-26,2026,11,26,21.825960408278604,0.8358903527259827,recursive_daily,xgboost_recent_weighted_daily
Tra Vinh,2026-11-27,2026,11,27,13.189786636278711,0.7953800559043884,recursive_daily,xgboost_recent_weighted_daily
Tra Vinh,2026-11-28,2026,11,28,20.474440795797666,0.8137091994285583,recursive_daily,xgboost_recent_weighted_daily
Tra Vinh,2026-11-29,2026,11,29,21.789631148986963,0.8699991106987,recursive_daily,xgboost_recent_weighted_daily
Tra Vinh,2026-11-30,2026,11,30,17.64634684791344,0.7324661612510681,recursive_daily,xgboost_recent_weighted_daily
Tra Vinh,2026-12-01,2026,12,1,17.98427239895437,0.6651178002357483,recursive_daily,xgboost_recent_weighted_daily
Tra Vinh,2026-12-02,2026,12,2,18.201542365358407,0.6498318314552307,recursive_daily,xgboost_recent_weighted_daily
Tra Vinh,2026-12-03,2026,12,3,18.46572845572151,0.6073965430259705,recursive_daily,xgboost_recent_weighted_daily
Tra Vinh,2026-12-04,2026,12,4,15.73766061784109,0.6822532415390015,recursive_daily,xgboost_recent_weighted_daily
Tra Vinh,2026-12-05,2026,12,5,15.720788656147345,0.5366338491439819,recursive_daily,xgboost_recent_weighted_daily
Tra Vinh,2026-12-06,2026,12,6,17.312108367584987,0.5524333119392395,recursive_daily,xgboost_recent_weighted_daily
Tra Vinh,2026-12-07,2026,12,7,14.312932910594759,0.4952864944934845,recursive_daily,xgboost_recent_weighted_daily
Tra Vinh,2026-12-08,2026,12,8,17.618039201985624,0.5613195300102234,recursive_daily,xgboost_recent_weighted_daily
Tra Vinh,2026-12-09,2026,12,9,15.912442145315271,0.5207540392875671,recursive_daily,xgboost_recent_weighted_daily
Tra Vinh,2026-12-10,2026,12,10,18.426489571854727,0.561914324760437,recursive_daily,xgboost_recent_weighted_daily
Tra Vinh,2026-12-11,2026,12,11,19.441436348656374,0.6201987862586975,recursive_daily,xgboost_recent_weighted_daily
Tra Vinh,2026-12-12,2026,12,12,17.689642774963907,0.5716191530227661,recursive_daily,xgboost_recent_weighted_daily
Tra Vinh,2026-12-13,2026,12,13,17.563590888241848,0.5269993543624878,recursive_daily,xgboost_recent_weighted_daily
Tra Vinh,2026-12-14,2026,12,14,16.667856001721542,0.4878862500190735,recursive_daily,xgboost_recent_weighted_daily
Tra Vinh,2026-12-15,2026,12,15,15.400565601285322,0.5051769614219666,recursive_daily,xgboost_recent_weighted_daily
Tra Vinh,2026-12-16,2026,12,16,16.620309886785307,0.4558974504470825,recursive_daily,xgboost_recent_weighted_daily
Tra Vinh,2026-12-17,2026,12,17,14.31291877095026,0.4171496033668518,recursive_daily,xgboost_recent_weighted_daily
Tra Vinh,2026-12-18,2026,12,18,16.672151569019267,0.6136260628700256,recursive_daily,xgboost_recent_weighted_daily
Tra Vinh,2026-12-19,2026,12,19,15.727787587603729,0.5519341230392456,recursive_daily,xgboost_recent_weighted_daily
Tra Vinh,2026-12-20,2026,12,20,16.04466602484748,0.5583540201187134,recursive_daily,xgboost_recent_weighted_daily
Tra Vinh,2026-12-21,2026,12,21,15.102856557484527,0.5177769064903259,recursive_daily,xgboost_recent_weighted_daily
Tra Vinh,2026-12-22,2026,12,22,17.064511899220392,0.4735663831233978,recursive_daily,xgboost_recent_weighted_daily
Tra Vinh,2026-12-23,2026,12,23,16.117130580827926,0.4511662423610687,recursive_daily,xgboost_recent_weighted_daily
Tra Vinh,2026-12-24,2026,12,24,15.605285713097302,0.5112293362617493,recursive_daily,xgboost_recent_weighted_daily
Tra Vinh,2026-12-25,2026,12,25,14.696516637098759,0.5407776832580566,recursive_daily,xgboost_recent_weighted_daily
Tra Vinh,2026-12-26,2026,12,26,16.12076934907062,0.47751861810684204,recursive_daily,xgboost_recent_weighted_daily
Tra Vinh,2026-12-27,2026,12,27,15.249940319444507,0.3972071409225464,recursive_daily,xgboost_recent_weighted_daily
Tra Vinh,2026-12-28,2026,12,28,17.534520251131262,0.519454836845398,recursive_daily,xgboost_recent_weighted_daily
Tra Vinh,2026-12-29,2026,12,29,15.919681191008806,0.4049667716026306,recursive_daily,xgboost_recent_weighted_daily
Tra Vinh,2026-12-30,2026,12,30,16.5005024737284,0.6128235459327698,recursive_daily,xgboost_recent_weighted_daily
Tra Vinh,2026-12-31,2026,12,31,15.791991667584584,0.4241255521774292,recursive_daily,xgboost_recent_weighted_daily
Vinh Long,2026-01-01,2026,1,1,2.686526220919212,0.22968532145023346,recursive_daily,xgboost_recent_weighted_daily
Vinh Long,2026-01-02,2026,1,2,4.870724991638533,0.3019932210445404,recursive_daily,xgboost_recent_weighted_daily
Vinh Long,2026-01-03,2026,1,3,5.0608560258464905,0.4596056342124939,recursive_daily,xgboost_recent_weighted_daily
Vinh Long,2026-01-04,2026,1,4,5.143149030359983,0.6792195439338684,recursive_daily,xgboost_recent_weighted_daily
Vinh Long,2026-01-05,2026,1,5,4.276658820491776,0.6995759010314941,recursive_daily,xgboost_recent_weighted_daily
Vinh Long,2026-01-06,2026,1,6,5.919744220066497,0.682158350944519,recursive_daily,xgboost_recent_weighted_daily
Vinh Long,2026-01-07,2026,1,7,7.23366234677935,0.7884187698364258,recursive_daily,xgboost_recent_weighted_daily
Vinh Long,2026-01-08,2026,1,8,5.100835585672622,0.6393820643424988,recursive_daily,xgboost_recent_weighted_daily
Vinh Long,2026-01-09,2026,1,9,4.909002849016127,0.5730931162834167,recursive_daily,xgboost_recent_weighted_daily
Vinh Long,2026-01-10,2026,1,10,4.917716726709813,0.6102340221405029,recursive_daily,xgboost_recent_weighted_daily
Vinh Long,2026-01-11,2026,1,11,3.6694596012130174,0.528828501701355,recursive_daily,xgboost_recent_weighted_daily
Vinh Long,2026-01-12,2026,1,12,3.5670878427499133,0.49800756573677063,recursive_daily,xgboost_recent_weighted_daily
Vinh Long,2026-01-13,2026,1,13,4.199601904082493,0.5485114455223083,recursive_daily,xgboost_recent_weighted_daily
Vinh Long,2026-01-14,2026,1,14,5.647370679396242,0.5853822827339172,recursive_daily,xgboost_recent_weighted_daily
Vinh Long,2026-01-15,2026,1,15,7.275976926991626,0.7916483879089355,recursive_daily,xgboost_recent_weighted_daily
Vinh Long,2026-01-16,2026,1,16,7.573092777066749,0.7322493195533752,recursive_daily,xgboost_recent_weighted_daily
Vinh Long,2026-01-17,2026,1,17,5.567922710148521,0.6240560412406921,recursive_daily,xgboost_recent_weighted_daily
Vinh Long,2026-01-18,2026,1,18,7.714534590986912,0.6575535535812378,recursive_daily,xgboost_recent_weighted_daily
Vinh Long,2026-01-19,2026,1,19,7.497005072143006,0.7565812468528748,recursive_daily,xgboost_recent_weighted_daily
Vinh Long,2026-01-20,2026,1,20,7.398541396038195,0.6373692154884338,recursive_daily,xgboost_recent_weighted_daily
Vinh Long,2026-01-21,2026,1,21,7.683264924979527,0.3539446294307709,recursive_daily,xgboost_recent_weighted_daily
Vinh Long,2026-01-22,2026,1,22,7.760653193671467,0.4779044985771179,recursive_daily,xgboost_recent_weighted_daily
Vinh Long,2026-01-23,2026,1,23,8.487736257041334,0.5321658849716187,recursive_daily,xgboost_recent_weighted_daily
Vinh Long,2026-01-24,2026,1,24,9.046327816459884,0.4791606366634369,recursive_daily,xgboost_recent_weighted_daily
Vinh Long,2026-01-25,2026,1,25,9.559776451216592,0.5103774666786194,recursive_daily,xgboost_recent_weighted_daily
Vinh Long,2026-01-26,2026,1,26,9.422268237328407,0.5820023417472839,recursive_daily,xgboost_recent_weighted_daily
Vinh Long,2026-01-27,2026,1,27,10.322467078601045,0.4722501039505005,recursive_daily,xgboost_recent_weighted_daily
Vinh Long,2026-01-28,2026,1,28,13.08637507622825,0.5073487162590027,recursive_daily,xgboost_recent_weighted_daily
Vinh Long,2026-01-29,2026,1,29,13.55310682096131,0.5216578841209412,recursive_daily,xgboost_recent_weighted_daily
Vinh Long,2026-01-30,2026,1,30,12.284528655803166,0.3864147365093231,recursive_daily,xgboost_recent_weighted_daily
Vinh Long,2026-01-31,2026,1,31,12.74642736892968,0.3448579013347626,recursive_daily,xgboost_recent_weighted_daily
Vinh Long,2026-02-01,2026,2,1,14.315299336030023,0.2234312891960144,recursive_daily,xgboost_recent_weighted_daily
Vinh Long,2026-02-02,2026,2,2,15.381464939875604,0.353783518075943,recursive_daily,xgboost_recent_weighted_daily
Vinh Long,2026-02-03,2026,2,3,13.79176679291043,0.5428835153579712,recursive_daily,xgboost_recent_weighted_daily
Vinh Long,2026-02-04,2026,2,4,14.903950657062097,0.6620737910270691,recursive_daily,xgboost_recent_weighted_daily
Vinh Long,2026-02-05,2026,2,5,17.939752832397396,0.6086298227310181,recursive_daily,xgboost_recent_weighted_daily
Vinh Long,2026-02-06,2026,2,6,23.071511269232666,0.4631832540035248,recursive_daily,xgboost_recent_weighted_daily
Vinh Long,2026-02-07,2026,2,7,17.253094282291094,0.6200734376907349,recursive_daily,xgboost_recent_weighted_daily
Vinh Long,2026-02-08,2026,2,8,16.377890687883923,0.6339749097824097,recursive_daily,xgboost_recent_weighted_daily
Vinh Long,2026-02-09,2026,2,9,19.94032846212221,0.5078637599945068,recursive_daily,xgboost_recent_weighted_daily
Vinh Long,2026-02-10,2026,2,10,17.761507031254016,0.7426031231880188,recursive_daily,xgboost_recent_weighted_daily
Vinh Long,2026-02-11,2026,2,11,17.68149291602438,0.6718253493309021,recursive_daily,xgboost_recent_weighted_daily
Vinh Long,2026-02-12,2026,2,12,18.240097855742412,0.6366240382194519,recursive_daily,xgboost_recent_weighted_daily
Vinh Long,2026-02-13,2026,2,13,17.545072624829952,0.7287756204605103,recursive_daily,xgboost_recent_weighted_daily
Vinh Long,2026-02-14,2026,2,14,16.898454432478243,0.6839550733566284,recursive_daily,xgboost_recent_weighted_daily
Vinh Long,2026-02-15,2026,2,15,16.713875482195384,0.7070474624633789,recursive_daily,xgboost_recent_weighted_daily
Vinh Long,2026-02-16,2026,2,16,17.919655152117148,0.6606539487838745,recursive_daily,xgboost_recent_weighted_daily
Vinh Long,2026-02-17,2026,2,17,16.45911060098165,0.7123143672943115,recursive_daily,xgboost_recent_weighted_daily
Vinh Long,2026-02-18,2026,2,18,14.792888012104354,0.6670436859130859,recursive_daily,xgboost_recent_weighted_daily
Vinh Long,2026-02-19,2026,2,19,17.54116716185804,0.6494428515434265,recursive_daily,xgboost_recent_weighted_daily
Vinh Long,2026-02-20,2026,2,20,20.110576617785973,0.7309601902961731,recursive_daily,xgboost_recent_weighted_daily
Vinh Long,2026-02-21,2026,2,21,14.998604305730506,0.6733132600784302,recursive_daily,xgboost_recent_weighted_daily
Vinh Long,2026-02-22,2026,2,22,17.774920748338047,0.5771207809448242,recursive_daily,xgboost_recent_weighted_daily
Vinh Long,2026-02-23,2026,2,23,16.608592060528387,0.7193735241889954,recursive_daily,xgboost_recent_weighted_daily
Vinh Long,2026-02-24,2026,2,24,15.812881588620527,0.7507699131965637,recursive_daily,xgboost_recent_weighted_daily
Vinh Long,2026-02-25,2026,2,25,18.795756819197354,0.6991038918495178,recursive_daily,xgboost_recent_weighted_daily
Vinh Long,2026-02-26,2026,2,26,18.878374073337984,0.7123121023178101,recursive_daily,xgboost_recent_weighted_daily
Vinh Long,2026-02-27,2026,2,27,18.658837095515832,0.7109617590904236,recursive_daily,xgboost_recent_weighted_daily
Vinh Long,2026-02-28,2026,2,28,19.7121683369417,0.6136826872825623,recursive_daily,xgboost_recent_weighted_daily
Vinh Long,2026-03-01,2026,3,1,18.086691712104887,0.6443241238594055,recursive_daily,xgboost_recent_weighted_daily
Vinh Long,2026-03-02,2026,3,2,19.170412452613846,0.6519578099250793,recursive_daily,xgboost_recent_weighted_daily
Vinh Long,2026-03-03,2026,3,3,17.94181168853358,0.6106716990470886,recursive_daily,xgboost_recent_weighted_daily
Vinh Long,2026-03-04,2026,3,4,20.33565064991573,0.615231454372406,recursive_daily,xgboost_recent_weighted_daily
Vinh Long,2026-03-05,2026,3,5,22.06591910216755,0.6165257096290588,recursive_daily,xgboost_recent_weighted_daily
Vinh Long,2026-03-06,2026,3,6,17.50778647460538,0.6265982389450073,recursive_daily,xgboost_recent_weighted_daily
Vinh Long,2026-03-07,2026,3,7,18.936744813360605,0.5740886926651001,recursive_daily,xgboost_recent_weighted_daily
Vinh Long,2026-03-08,2026,3,8,19.19402498868283,0.47168391942977905,recursive_daily,xgboost_recent_weighted_daily
Vinh Long,2026-03-09,2026,3,9,20.33890888176265,0.5507436394691467,recursive_daily,xgboost_recent_weighted_daily
Vinh Long,2026-03-10,2026,3,10,16.78241544913655,0.6078602075576782,recursive_daily,xgboost_recent_weighted_daily
Vinh Long,2026-03-11,2026,3,11,15.944294038679507,0.6928876638412476,recursive_daily,xgboost_recent_weighted_daily
Vinh Long,2026-03-12,2026,3,12,20.474180232448425,0.7159623503684998,recursive_daily,xgboost_recent_weighted_daily
Vinh Long,2026-03-13,2026,3,13,19.723888503143662,0.7407228946685791,recursive_daily,xgboost_recent_weighted_daily
Vinh Long,2026-03-14,2026,3,14,17.012572286651736,0.7583757638931274,recursive_daily,xgboost_recent_weighted_daily
Vinh Long,2026-03-15,2026,3,15,17.761566813706192,0.6853864789009094,recursive_daily,xgboost_recent_weighted_daily
Vinh Long,2026-03-16,2026,3,16,19.61321734756844,0.6753572225570679,recursive_daily,xgboost_recent_weighted_daily
Vinh Long,2026-03-17,2026,3,17,19.53051025654327,0.6698386669158936,recursive_daily,xgboost_recent_weighted_daily
Vinh Long,2026-03-18,2026,3,18,21.700430776960623,0.685762882232666,recursive_daily,xgboost_recent_weighted_daily
Vinh Long,2026-03-19,2026,3,19,21.813975975811488,0.6357497572898865,recursive_daily,xgboost_recent_weighted_daily
Vinh Long,2026-03-20,2026,3,20,20.220420417231647,0.5724048018455505,recursive_daily,xgboost_recent_weighted_daily
Vinh Long,2026-03-21,2026,3,21,20.808813119171678,0.4906962811946869,recursive_daily,xgboost_recent_weighted_daily
Vinh Long,2026-03-22,2026,3,22,20.285641431740228,0.4871128797531128,recursive_daily,xgboost_recent_weighted_daily
Vinh Long,2026-03-23,2026,3,23,22.23142676808455,0.6430354118347168,recursive_daily,xgboost_recent_weighted_daily
Vinh Long,2026-03-24,2026,3,24,21.02275382088093,0.6301188468933105,recursive_daily,xgboost_recent_weighted_daily
Vinh Long,2026-03-25,2026,3,25,20.630160177582027,0.6697367429733276,recursive_daily,xgboost_recent_weighted_daily
Vinh Long,2026-03-26,2026,3,26,22.00250715343562,0.5781578421592712,recursive_daily,xgboost_recent_weighted_daily
Vinh Long,2026-03-27,2026,3,27,20.363661196433906,0.6238785982131958,recursive_daily,xgboost_recent_weighted_daily
Vinh Long,2026-03-28,2026,3,28,20.76722675670196,0.5268946290016174,recursive_daily,xgboost_recent_weighted_daily
Vinh Long,2026-03-29,2026,3,29,20.61006307076849,0.5048444271087646,recursive_daily,xgboost_recent_weighted_daily
Vinh Long,2026-03-30,2026,3,30,21.177989824447163,0.7093095779418945,recursive_daily,xgboost_recent_weighted_daily
Vinh Long,2026-03-31,2026,3,31,20.37851041860683,0.7012102007865906,recursive_daily,xgboost_recent_weighted_daily
Vinh Long,2026-04-01,2026,4,1,17.65439546337822,0.7379497289657593,recursive_daily,xgboost_recent_weighted_daily
Vinh Long,2026-04-02,2026,4,2,17.558039818798797,0.7547409534454346,recursive_daily,xgboost_recent_weighted_daily
Vinh Long,2026-04-03,2026,4,3,16.942975672668712,0.7774158716201782,recursive_daily,xgboost_recent_weighted_daily
Vinh Long,2026-04-04,2026,4,4,14.721490413840705,0.7567877769470215,recursive_daily,xgboost_recent_weighted_daily
Vinh Long,2026-04-05,2026,4,5,16.90111355821126,0.6213451027870178,recursive_daily,xgboost_recent_weighted_daily
Vinh Long,2026-04-06,2026,4,6,16.26426630681527,0.6796756982803345,recursive_daily,xgboost_recent_weighted_daily
Vinh Long,2026-04-07,2026,4,7,16.123468882946568,0.6786996722221375,recursive_daily,xgboost_recent_weighted_daily
Vinh Long,2026-04-08,2026,4,8,18.67417506861631,0.6891274452209473,recursive_daily,xgboost_recent_weighted_daily
Vinh Long,2026-04-09,2026,4,9,20.651534828351746,0.6978166103363037,recursive_daily,xgboost_recent_weighted_daily
Vinh Long,2026-04-10,2026,4,10,21.924080106052184,0.7099291682243347,recursive_daily,xgboost_recent_weighted_daily
Vinh Long,2026-04-11,2026,4,11,17.315512166924496,0.5826057195663452,recursive_daily,xgboost_recent_weighted_daily
Vinh Long,2026-04-12,2026,4,12,17.315130460731396,0.5883239507675171,recursive_daily,xgboost_recent_weighted_daily
Vinh Long,2026-04-13,2026,4,13,20.784994501048313,0.6096066236495972,recursive_daily,xgboost_recent_weighted_daily
Vinh Long,2026-04-14,2026,4,14,20.57968695049939,0.6901792287826538,recursive_daily,xgboost_recent_weighted_daily
Vinh Long,2026-04-15,2026,4,15,18.48978706762821,0.634588360786438,recursive_daily,xgboost_recent_weighted_daily
Vinh Long,2026-04-16,2026,4,16,19.5612231371412,0.6259329319000244,recursive_daily,xgboost_recent_weighted_daily
Vinh Long,2026-04-17,2026,4,17,17.68954625781122,0.6593114137649536,recursive_daily,xgboost_recent_weighted_daily
Vinh Long,2026-04-18,2026,4,18,16.176849441498863,0.6481479406356812,recursive_daily,xgboost_recent_weighted_daily
Vinh Long,2026-04-19,2026,4,19,16.512186502609882,0.6266424655914307,recursive_daily,xgboost_recent_weighted_daily
Vinh Long,2026-04-20,2026,4,20,15.338287004982273,0.6689247488975525,recursive_daily,xgboost_recent_weighted_daily
Vinh Long,2026-04-21,2026,4,21,17.08746731325507,0.7125356197357178,recursive_daily,xgboost_recent_weighted_daily
Vinh Long,2026-04-22,2026,4,22,17.6924299987727,0.77757728099823,recursive_daily,xgboost_recent_weighted_daily
Vinh Long,2026-04-23,2026,4,23,17.12594314202256,0.8082967400550842,recursive_daily,xgboost_recent_weighted_daily
Vinh Long,2026-04-24,2026,4,24,18.45226122420476,0.8083954453468323,recursive_daily,xgboost_recent_weighted_daily
Vinh Long,2026-04-25,2026,4,25,18.177190838088077,0.7012513279914856,recursive_daily,xgboost_recent_weighted_daily
Vinh Long,2026-04-26,2026,4,26,16.70456704489145,0.6993783116340637,recursive_daily,xgboost_recent_weighted_daily
Vinh Long,2026-04-27,2026,4,27,17.1858177095896,0.6998366117477417,recursive_daily,xgboost_recent_weighted_daily
Vinh Long,2026-04-28,2026,4,28,18.23086221659664,0.7081118822097778,recursive_daily,xgboost_recent_weighted_daily
Vinh Long,2026-04-29,2026,4,29,19.72399770057262,0.7006435394287109,recursive_daily,xgboost_recent_weighted_daily
Vinh Long,2026-04-30,2026,4,30,18.07643352470383,0.737247109413147,recursive_daily,xgboost_recent_weighted_daily
Vinh Long,2026-05-01,2026,5,1,17.151233921171738,0.8340980410575867,recursive_daily,xgboost_recent_weighted_daily
Vinh Long,2026-05-02,2026,5,2,15.0015783345645,0.791990339756012,recursive_daily,xgboost_recent_weighted_daily
Vinh Long,2026-05-03,2026,5,3,16.082571674990774,0.8221283555030823,recursive_daily,xgboost_recent_weighted_daily
Vinh Long,2026-05-04,2026,5,4,17.498536406147508,0.835577130317688,recursive_daily,xgboost_recent_weighted_daily
Vinh Long,2026-05-05,2026,5,5,19.42514325420949,0.8307662010192871,recursive_daily,xgboost_recent_weighted_daily
Vinh Long,2026-05-06,2026,5,6,16.347689573876444,0.8613488674163818,recursive_daily,xgboost_recent_weighted_daily
Vinh Long,2026-05-07,2026,5,7,20.29213309934971,0.8292130827903748,recursive_daily,xgboost_recent_weighted_daily
Vinh Long,2026-05-08,2026,5,8,16.820907183931613,0.8388218879699707,recursive_daily,xgboost_recent_weighted_daily
Vinh Long,2026-05-09,2026,5,9,16.292871031456873,0.8565685749053955,recursive_daily,xgboost_recent_weighted_daily
Vinh Long,2026-05-10,2026,5,10,16.129621046507495,0.8434199690818787,recursive_daily,xgboost_recent_weighted_daily
Vinh Long,2026-05-11,2026,5,11,19.640604484219036,0.8649476170539856,recursive_daily,xgboost_recent_weighted_daily
Vinh Long,2026-05-12,2026,5,12,19.279538276568395,0.9021002650260925,recursive_daily,xgboost_recent_weighted_daily
Vinh Long,2026-05-13,2026,5,13,17.318581709869978,0.846598207950592,recursive_daily,xgboost_recent_weighted_daily
Vinh Long,2026-05-14,2026,5,14,16.22647051731466,0.7944711446762085,recursive_daily,xgboost_recent_weighted_daily
Vinh Long,2026-05-15,2026,5,15,16.037946567049133,0.8338619470596313,recursive_daily,xgboost_recent_weighted_daily
Vinh Long,2026-05-16,2026,5,16,15.66087808371992,0.8313988447189331,recursive_daily,xgboost_recent_weighted_daily
Vinh Long,2026-05-17,2026,5,17,18.17051065785959,0.8786927461624146,recursive_daily,xgboost_recent_weighted_daily
Vinh Long,2026-05-18,2026,5,18,18.14881761566362,0.8817118406295776,recursive_daily,xgboost_recent_weighted_daily
Vinh Long,2026-05-19,2026,5,19,16.539992960786925,0.8745479583740234,recursive_daily,xgboost_recent_weighted_daily
Vinh Long,2026-05-20,2026,5,20,20.281101289391934,0.8458260297775269,recursive_daily,xgboost_recent_weighted_daily
Vinh Long,2026-05-21,2026,5,21,20.779640101502462,0.8941490054130554,recursive_daily,xgboost_recent_weighted_daily
Vinh Long,2026-05-22,2026,5,22,17.077418396355295,0.884829580783844,recursive_daily,xgboost_recent_weighted_daily
Vinh Long,2026-05-23,2026,5,23,16.095798669029325,0.8180779218673706,recursive_daily,xgboost_recent_weighted_daily
Vinh Long,2026-05-24,2026,5,24,16.524155059037028,0.8083999156951904,recursive_daily,xgboost_recent_weighted_daily
Vinh Long,2026-05-25,2026,5,25,21.57628661403946,0.8637255430221558,recursive_daily,xgboost_recent_weighted_daily
Vinh Long,2026-05-26,2026,5,26,18.614036012822435,0.8576293587684631,recursive_daily,xgboost_recent_weighted_daily
Vinh Long,2026-05-27,2026,5,27,16.647277612831747,0.8528664112091064,recursive_daily,xgboost_recent_weighted_daily
Vinh Long,2026-05-28,2026,5,28,17.963977905930957,0.7559338212013245,recursive_daily,xgboost_recent_weighted_daily
Vinh Long,2026-05-29,2026,5,29,17.11232674087303,0.7705354690551758,recursive_daily,xgboost_recent_weighted_daily
Vinh Long,2026-05-30,2026,5,30,16.13033507728535,0.8360450863838196,recursive_daily,xgboost_recent_weighted_daily
Vinh Long,2026-05-31,2026,5,31,16.820701622589493,0.854422390460968,recursive_daily,xgboost_recent_weighted_daily
Vinh Long,2026-06-01,2026,6,1,18.472370791341707,0.8697967529296875,recursive_daily,xgboost_recent_weighted_daily
Vinh Long,2026-06-02,2026,6,2,21.22474255766735,0.8200918436050415,recursive_daily,xgboost_recent_weighted_daily
Vinh Long,2026-06-03,2026,6,3,19.85725828120097,0.8364915251731873,recursive_daily,xgboost_recent_weighted_daily
Vinh Long,2026-06-04,2026,6,4,17.202569619653588,0.8133044838905334,recursive_daily,xgboost_recent_weighted_daily
Vinh Long,2026-06-05,2026,6,5,17.15013733953464,0.7785601019859314,recursive_daily,xgboost_recent_weighted_daily
Vinh Long,2026-06-06,2026,6,6,17.112287621086306,0.7753491401672363,recursive_daily,xgboost_recent_weighted_daily
Vinh Long,2026-06-07,2026,6,7,19.290958839308068,0.8446270823478699,recursive_daily,xgboost_recent_weighted_daily
Vinh Long,2026-06-08,2026,6,8,19.984727131902822,0.8967487215995789,recursive_daily,xgboost_recent_weighted_daily
Vinh Long,2026-06-09,2026,6,9,16.815702602358,0.8710818290710449,recursive_daily,xgboost_recent_weighted_daily
Vinh Long,2026-06-10,2026,6,10,18.611828786536588,0.7797966599464417,recursive_daily,xgboost_recent_weighted_daily
Vinh Long,2026-06-11,2026,6,11,20.669863537818667,0.8521912097930908,recursive_daily,xgboost_recent_weighted_daily
Vinh Long,2026-06-12,2026,6,12,19.59556012312775,0.8491315841674805,recursive_daily,xgboost_recent_weighted_daily
Vinh Long,2026-06-13,2026,6,13,16.962397401558853,0.8733803629875183,recursive_daily,xgboost_recent_weighted_daily
Vinh Long,2026-06-14,2026,6,14,18.557827251646536,0.8136799931526184,recursive_daily,xgboost_recent_weighted_daily
Vinh Long,2026-06-15,2026,6,15,20.21999942874456,0.8675069212913513,recursive_daily,xgboost_recent_weighted_daily
Vinh Long,2026-06-16,2026,6,16,20.395696854995176,0.8355264067649841,recursive_daily,xgboost_recent_weighted_daily
Vinh Long,2026-06-17,2026,6,17,20.438465909972674,0.814477801322937,recursive_daily,xgboost_recent_weighted_daily
Vinh Long,2026-06-18,2026,6,18,18.076212388459204,0.8056930899620056,recursive_daily,xgboost_recent_weighted_daily
Vinh Long,2026-06-19,2026,6,19,19.00142975564031,0.7622625827789307,recursive_daily,xgboost_recent_weighted_daily
Vinh Long,2026-06-20,2026,6,20,18.719858550759298,0.7383849024772644,recursive_daily,xgboost_recent_weighted_daily
Vinh Long,2026-06-21,2026,6,21,21.778280608098267,0.8710043430328369,recursive_daily,xgboost_recent_weighted_daily
Vinh Long,2026-06-22,2026,6,22,17.221225127406598,0.8127078413963318,recursive_daily,xgboost_recent_weighted_daily
Vinh Long,2026-06-23,2026,6,23,14.850701505070305,0.7812507748603821,recursive_daily,xgboost_recent_weighted_daily
Vinh Long,2026-06-24,2026,6,24,18.283403652037435,0.6486843824386597,recursive_daily,xgboost_recent_weighted_daily
Vinh Long,2026-06-25,2026,6,25,18.001160649418583,0.8569342494010925,recursive_daily,xgboost_recent_weighted_daily
Vinh Long,2026-06-26,2026,6,26,16.21648005341972,0.869016170501709,recursive_daily,xgboost_recent_weighted_daily
Vinh Long,2026-06-27,2026,6,27,14.392599124998526,0.8732926249504089,recursive_daily,xgboost_recent_weighted_daily
Vinh Long,2026-06-28,2026,6,28,15.482342176143003,0.8863251805305481,recursive_daily,xgboost_recent_weighted_daily
Vinh Long,2026-06-29,2026,6,29,15.668083032944779,0.8712819218635559,recursive_daily,xgboost_recent_weighted_daily
Vinh Long,2026-06-30,2026,6,30,16.13200627492682,0.8505038619041443,recursive_daily,xgboost_recent_weighted_daily
Vinh Long,2026-07-01,2026,7,1,17.753493108076096,0.9133715629577637,recursive_daily,xgboost_recent_weighted_daily
Vinh Long,2026-07-02,2026,7,2,19.013732568969363,0.8928714990615845,recursive_daily,xgboost_recent_weighted_daily
Vinh Long,2026-07-03,2026,7,3,16.48836991760854,0.8623866438865662,recursive_daily,xgboost_recent_weighted_daily
Vinh Long,2026-07-04,2026,7,4,17.459019725461506,0.7959442734718323,recursive_daily,xgboost_recent_weighted_daily
Vinh Long,2026-07-05,2026,7,5,19.34026382822923,0.8181881308555603,recursive_daily,xgboost_recent_weighted_daily
Vinh Long,2026-07-06,2026,7,6,17.306301236278234,0.8703963160514832,recursive_daily,xgboost_recent_weighted_daily
Vinh Long,2026-07-07,2026,7,7,17.832088362214915,0.7834597229957581,recursive_daily,xgboost_recent_weighted_daily
Vinh Long,2026-07-08,2026,7,8,18.43423328765298,0.7646085023880005,recursive_daily,xgboost_recent_weighted_daily
Vinh Long,2026-07-09,2026,7,9,21.580060099638622,0.8021218776702881,recursive_daily,xgboost_recent_weighted_daily
Vinh Long,2026-07-10,2026,7,10,16.517236289526696,0.785103976726532,recursive_daily,xgboost_recent_weighted_daily
Vinh Long,2026-07-11,2026,7,11,14.718696659571714,0.7646157145500183,recursive_daily,xgboost_recent_weighted_daily
Vinh Long,2026-07-12,2026,7,12,17.95691224077751,0.8040143251419067,recursive_daily,xgboost_recent_weighted_daily
Vinh Long,2026-07-13,2026,7,13,18.527839494383002,0.8804364204406738,recursive_daily,xgboost_recent_weighted_daily
Vinh Long,2026-07-14,2026,7,14,19.541971457855354,0.8766797780990601,recursive_daily,xgboost_recent_weighted_daily
Vinh Long,2026-07-15,2026,7,15,19.51393884333477,0.8243028521537781,recursive_daily,xgboost_recent_weighted_daily
Vinh Long,2026-07-16,2026,7,16,19.389377732406835,0.8448070883750916,recursive_daily,xgboost_recent_weighted_daily
Vinh Long,2026-07-17,2026,7,17,18.351569777924354,0.7916566729545593,recursive_daily,xgboost_recent_weighted_daily
Vinh Long,2026-07-18,2026,7,18,19.754429355453258,0.8325469493865967,recursive_daily,xgboost_recent_weighted_daily
Vinh Long,2026-07-19,2026,7,19,20.174397059003383,0.8242565989494324,recursive_daily,xgboost_recent_weighted_daily
Vinh Long,2026-07-20,2026,7,20,20.866477528873535,0.8141827583312988,recursive_daily,xgboost_recent_weighted_daily
Vinh Long,2026-07-21,2026,7,21,18.308065935953035,0.7383660674095154,recursive_daily,xgboost_recent_weighted_daily
Vinh Long,2026-07-22,2026,7,22,20.466187782270953,0.8150488138198853,recursive_daily,xgboost_recent_weighted_daily
Vinh Long,2026-07-23,2026,7,23,21.80264389016377,0.800068199634552,recursive_daily,xgboost_recent_weighted_daily
Vinh Long,2026-07-24,2026,7,24,18.366436473391346,0.8532138466835022,recursive_daily,xgboost_recent_weighted_daily
Vinh Long,2026-07-25,2026,7,25,17.023835072619583,0.8228633403778076,recursive_daily,xgboost_recent_weighted_daily
Vinh Long,2026-07-26,2026,7,26,18.49204804500628,0.7766630053520203,recursive_daily,xgboost_recent_weighted_daily
Vinh Long,2026-07-27,2026,7,27,20.616662258493392,0.8745245337486267,recursive_daily,xgboost_recent_weighted_daily
Vinh Long,2026-07-28,2026,7,28,19.03738873325648,0.8322601318359375,recursive_daily,xgboost_recent_weighted_daily
Vinh Long,2026-07-29,2026,7,29,18.308786193308563,0.8148408532142639,recursive_daily,xgboost_recent_weighted_daily
Vinh Long,2026-07-30,2026,7,30,19.69170944122676,0.8149111866950989,recursive_daily,xgboost_recent_weighted_daily
Vinh Long,2026-07-31,2026,7,31,18.113132716882845,0.8213716745376587,recursive_daily,xgboost_recent_weighted_daily
Vinh Long,2026-08-01,2026,8,1,18.21581640709191,0.8540575504302979,recursive_daily,xgboost_recent_weighted_daily
Vinh Long,2026-08-02,2026,8,2,18.477724081079536,0.8588061332702637,recursive_daily,xgboost_recent_weighted_daily
Vinh Long,2026-08-03,2026,8,3,17.56910117632383,0.854770839214325,recursive_daily,xgboost_recent_weighted_daily
Vinh Long,2026-08-04,2026,8,4,17.245282298987846,0.800243616104126,recursive_daily,xgboost_recent_weighted_daily
Vinh Long,2026-08-05,2026,8,5,18.361208739792055,0.8782253861427307,recursive_daily,xgboost_recent_weighted_daily
Vinh Long,2026-08-06,2026,8,6,18.945350751587956,0.8894920945167542,recursive_daily,xgboost_recent_weighted_daily
Vinh Long,2026-08-07,2026,8,7,20.733621599884806,0.862362265586853,recursive_daily,xgboost_recent_weighted_daily
Vinh Long,2026-08-08,2026,8,8,17.553047298044262,0.8493059873580933,recursive_daily,xgboost_recent_weighted_daily
Vinh Long,2026-08-09,2026,8,9,18.905658734910595,0.8391116857528687,recursive_daily,xgboost_recent_weighted_daily
Vinh Long,2026-08-10,2026,8,10,19.68639287531749,0.8783888220787048,recursive_daily,xgboost_recent_weighted_daily
Vinh Long,2026-08-11,2026,8,11,18.62188272125593,0.8532443046569824,recursive_daily,xgboost_recent_weighted_daily
Vinh Long,2026-08-12,2026,8,12,18.123155732192732,0.834463357925415,recursive_daily,xgboost_recent_weighted_daily
Vinh Long,2026-08-13,2026,8,13,17.708420130356373,0.8433352708816528,recursive_daily,xgboost_recent_weighted_daily
Vinh Long,2026-08-14,2026,8,14,17.339115286847218,0.8593908548355103,recursive_daily,xgboost_recent_weighted_daily
Vinh Long,2026-08-15,2026,8,15,18.43366485447075,0.8435667157173157,recursive_daily,xgboost_recent_weighted_daily
Vinh Long,2026-08-16,2026,8,16,20.234196387105143,0.8935645818710327,recursive_daily,xgboost_recent_weighted_daily
Vinh Long,2026-08-17,2026,8,17,18.11756826361039,0.8032267689704895,recursive_daily,xgboost_recent_weighted_daily
Vinh Long,2026-08-18,2026,8,18,18.026145826015068,0.794628918170929,recursive_daily,xgboost_recent_weighted_daily
Vinh Long,2026-08-19,2026,8,19,18.564529351074007,0.812112033367157,recursive_daily,xgboost_recent_weighted_daily
Vinh Long,2026-08-20,2026,8,20,19.040438086325114,0.8889726996421814,recursive_daily,xgboost_recent_weighted_daily
Vinh Long,2026-08-21,2026,8,21,19.412620531173328,0.8030361533164978,recursive_daily,xgboost_recent_weighted_daily
Vinh Long,2026-08-22,2026,8,22,18.455568046466677,0.7431865930557251,recursive_daily,xgboost_recent_weighted_daily
Vinh Long,2026-08-23,2026,8,23,18.64751539109744,0.8144277930259705,recursive_daily,xgboost_recent_weighted_daily
Vinh Long,2026-08-24,2026,8,24,18.178174625543484,0.819051206111908,recursive_daily,xgboost_recent_weighted_daily
Vinh Long,2026-08-25,2026,8,25,18.84396548799288,0.8603068590164185,recursive_daily,xgboost_recent_weighted_daily
Vinh Long,2026-08-26,2026,8,26,19.83982849638236,0.8012567162513733,recursive_daily,xgboost_recent_weighted_daily
Vinh Long,2026-08-27,2026,8,27,19.38397723375087,0.8057608604431152,recursive_daily,xgboost_recent_weighted_daily
Vinh Long,2026-08-28,2026,8,28,20.109893844303127,0.7766162753105164,recursive_daily,xgboost_recent_weighted_daily
Vinh Long,2026-08-29,2026,8,29,19.046112431019946,0.7509551644325256,recursive_daily,xgboost_recent_weighted_daily
Vinh Long,2026-08-30,2026,8,30,19.130361160815347,0.8486881256103516,recursive_daily,xgboost_recent_weighted_daily
Vinh Long,2026-08-31,2026,8,31,19.701589165535573,0.8757626414299011,recursive_daily,xgboost_recent_weighted_daily
Vinh Long,2026-09-01,2026,9,1,19.32896172208542,0.8827248215675354,recursive_daily,xgboost_recent_weighted_daily
Vinh Long,2026-09-02,2026,9,2,19.523314240429816,0.8844813108444214,recursive_daily,xgboost_recent_weighted_daily
Vinh Long,2026-09-03,2026,9,3,19.15439187665693,0.8868612051010132,recursive_daily,xgboost_recent_weighted_daily
Vinh Long,2026-09-04,2026,9,4,19.533845445319376,0.8566621541976929,recursive_daily,xgboost_recent_weighted_daily
Vinh Long,2026-09-05,2026,9,5,19.700993122135475,0.8733879923820496,recursive_daily,xgboost_recent_weighted_daily
Vinh Long,2026-09-06,2026,9,6,18.686939723808248,0.8635304570198059,recursive_daily,xgboost_recent_weighted_daily
Vinh Long,2026-09-07,2026,9,7,17.89543999008215,0.9080883860588074,recursive_daily,xgboost_recent_weighted_daily
Vinh Long,2026-09-08,2026,9,8,19.752849004299783,0.8683809638023376,recursive_daily,xgboost_recent_weighted_daily
Vinh Long,2026-09-09,2026,9,9,20.057499091464063,0.8643819093704224,recursive_daily,xgboost_recent_weighted_daily
Vinh Long,2026-09-10,2026,9,10,19.5194911127867,0.9138888120651245,recursive_daily,xgboost_recent_weighted_daily
Vinh Long,2026-09-11,2026,9,11,18.21253920661563,0.8930341005325317,recursive_daily,xgboost_recent_weighted_daily
Vinh Long,2026-09-12,2026,9,12,18.56100092176399,0.9141250252723694,recursive_daily,xgboost_recent_weighted_daily
Vinh Long,2026-09-13,2026,9,13,18.50180111031637,0.9211238026618958,recursive_daily,xgboost_recent_weighted_daily
Vinh Long,2026-09-14,2026,9,14,19.980482872117253,0.9253025650978088,recursive_daily,xgboost_recent_weighted_daily
Vinh Long,2026-09-15,2026,9,15,20.261311184453408,0.9229412078857422,recursive_daily,xgboost_recent_weighted_daily
Vinh Long,2026-09-16,2026,9,16,19.591847130548505,0.940849244594574,recursive_daily,xgboost_recent_weighted_daily
Vinh Long,2026-09-17,2026,9,17,19.777830990552772,0.924595296382904,recursive_daily,xgboost_recent_weighted_daily
Vinh Long,2026-09-18,2026,9,18,18.858455323835482,0.9374794960021973,recursive_daily,xgboost_recent_weighted_daily
Vinh Long,2026-09-19,2026,9,19,18.804088716880216,0.9103585481643677,recursive_daily,xgboost_recent_weighted_daily
Vinh Long,2026-09-20,2026,9,20,18.902994344846913,0.8891317844390869,recursive_daily,xgboost_recent_weighted_daily
Vinh Long,2026-09-21,2026,9,21,18.458050389042405,0.9260081648826599,recursive_daily,xgboost_recent_weighted_daily
Vinh Long,2026-09-22,2026,9,22,21.18292087835065,0.9200928807258606,recursive_daily,xgboost_recent_weighted_daily
Vinh Long,2026-09-23,2026,9,23,19.76278609259414,0.9144922494888306,recursive_daily,xgboost_recent_weighted_daily
Vinh Long,2026-09-24,2026,9,24,18.95024107952892,0.9059720635414124,recursive_daily,xgboost_recent_weighted_daily
Vinh Long,2026-09-25,2026,9,25,17.630546881382234,0.8759153485298157,recursive_daily,xgboost_recent_weighted_daily
Vinh Long,2026-09-26,2026,9,26,17.483661505742308,0.8902488350868225,recursive_daily,xgboost_recent_weighted_daily
Vinh Long,2026-09-27,2026,9,27,18.593784216655084,0.9026273488998413,recursive_daily,xgboost_recent_weighted_daily
Vinh Long,2026-09-28,2026,9,28,20.070706821194747,0.9362640976905823,recursive_daily,xgboost_recent_weighted_daily
Vinh Long,2026-09-29,2026,9,29,16.992884048552447,0.9305534362792969,recursive_daily,xgboost_recent_weighted_daily
Vinh Long,2026-09-30,2026,9,30,18.73253648228242,0.9162443280220032,recursive_daily,xgboost_recent_weighted_daily
Vinh Long,2026-10-01,2026,10,1,20.378203050168,0.9113194346427917,recursive_daily,xgboost_recent_weighted_daily
Vinh Long,2026-10-02,2026,10,2,19.014268639950686,0.906672477722168,recursive_daily,xgboost_recent_weighted_daily
Vinh Long,2026-10-03,2026,10,3,18.123968965854942,0.9147310853004456,recursive_daily,xgboost_recent_weighted_daily
Vinh Long,2026-10-04,2026,10,4,19.133293854187993,0.8947686553001404,recursive_daily,xgboost_recent_weighted_daily
Vinh Long,2026-10-05,2026,10,5,21.40085361766715,0.9210851788520813,recursive_daily,xgboost_recent_weighted_daily
Vinh Long,2026-10-06,2026,10,6,19.57352173993186,0.941434383392334,recursive_daily,xgboost_recent_weighted_daily
Vinh Long,2026-10-07,2026,10,7,20.033509257771563,0.9277898073196411,recursive_daily,xgboost_recent_weighted_daily
Vinh Long,2026-10-08,2026,10,8,19.173219847574277,0.8786655068397522,recursive_daily,xgboost_recent_weighted_daily
Vinh Long,2026-10-09,2026,10,9,18.31229461568738,0.9196997284889221,recursive_daily,xgboost_recent_weighted_daily
Vinh Long,2026-10-10,2026,10,10,17.791622217842633,0.9070072770118713,recursive_daily,xgboost_recent_weighted_daily
Vinh Long,2026-10-11,2026,10,11,22.173672771944627,0.9211596846580505,recursive_daily,xgboost_recent_weighted_daily
Vinh Long,2026-10-12,2026,10,12,19.742700117546722,0.9475687146186829,recursive_daily,xgboost_recent_weighted_daily
Vinh Long,2026-10-13,2026,10,13,19.26912152046012,0.9438318014144897,recursive_daily,xgboost_recent_weighted_daily
Vinh Long,2026-10-14,2026,10,14,20.006602359489296,0.9017919898033142,recursive_daily,xgboost_recent_weighted_daily
Vinh Long,2026-10-15,2026,10,15,19.312430340158322,0.9283828139305115,recursive_daily,xgboost_recent_weighted_daily
Vinh Long,2026-10-16,2026,10,16,19.31111711147716,0.9281561970710754,recursive_daily,xgboost_recent_weighted_daily
Vinh Long,2026-10-17,2026,10,17,18.53822495801822,0.9294043183326721,recursive_daily,xgboost_recent_weighted_daily
Vinh Long,2026-10-18,2026,10,18,20.36255593759428,0.9491931200027466,recursive_daily,xgboost_recent_weighted_daily
Vinh Long,2026-10-19,2026,10,19,20.633871483616748,0.9358837008476257,recursive_daily,xgboost_recent_weighted_daily
Vinh Long,2026-10-20,2026,10,20,19.492105074326464,0.9152301549911499,recursive_daily,xgboost_recent_weighted_daily
Vinh Long,2026-10-21,2026,10,21,20.15912562044429,0.9292421340942383,recursive_daily,xgboost_recent_weighted_daily
Vinh Long,2026-10-22,2026,10,22,19.63513977574173,0.8898708820343018,recursive_daily,xgboost_recent_weighted_daily
Vinh Long,2026-10-23,2026,10,23,19.076549588975784,0.7234870195388794,recursive_daily,xgboost_recent_weighted_daily
Vinh Long,2026-10-24,2026,10,24,20.23002354655736,0.7934721112251282,recursive_daily,xgboost_recent_weighted_daily
Vinh Long,2026-10-25,2026,10,25,19.902733041196473,0.827751636505127,recursive_daily,xgboost_recent_weighted_daily
Vinh Long,2026-10-26,2026,10,26,20.768463614609896,0.820490837097168,recursive_daily,xgboost_recent_weighted_daily
Vinh Long,2026-10-27,2026,10,27,22.533891242535248,0.8359947800636292,recursive_daily,xgboost_recent_weighted_daily
Vinh Long,2026-10-28,2026,10,28,17.130862811284526,0.8373402953147888,recursive_daily,xgboost_recent_weighted_daily
Vinh Long,2026-10-29,2026,10,29,18.882565373489616,0.7771207094192505,recursive_daily,xgboost_recent_weighted_daily
Vinh Long,2026-10-30,2026,10,30,21.045263565169066,0.7932494282722473,recursive_daily,xgboost_recent_weighted_daily
Vinh Long,2026-10-31,2026,10,31,21.092442938108373,0.798284649848938,recursive_daily,xgboost_recent_weighted_daily
Vinh Long,2026-11-01,2026,11,1,24.016369990228924,0.7904796600341797,recursive_daily,xgboost_recent_weighted_daily
Vinh Long,2026-11-02,2026,11,2,22.46149075922781,0.8006762266159058,recursive_daily,xgboost_recent_weighted_daily
Vinh Long,2026-11-03,2026,11,3,21.759444715348216,0.7411743998527527,recursive_daily,xgboost_recent_weighted_daily
Vinh Long,2026-11-04,2026,11,4,22.01664208743459,0.7160517573356628,recursive_daily,xgboost_recent_weighted_daily
Vinh Long,2026-11-05,2026,11,5,21.93535512057603,0.7023130655288696,recursive_daily,xgboost_recent_weighted_daily
Vinh Long,2026-11-06,2026,11,6,21.9407589434463,0.734180212020874,recursive_daily,xgboost_recent_weighted_daily
Vinh Long,2026-11-07,2026,11,7,23.557852872683434,0.767893373966217,recursive_daily,xgboost_recent_weighted_daily
Vinh Long,2026-11-08,2026,11,8,23.42532075543473,0.62058424949646,recursive_daily,xgboost_recent_weighted_daily
Vinh Long,2026-11-09,2026,11,9,23.493802097808313,0.6407735347747803,recursive_daily,xgboost_recent_weighted_daily
Vinh Long,2026-11-10,2026,11,10,22.516750590498575,0.609401524066925,recursive_daily,xgboost_recent_weighted_daily
Vinh Long,2026-11-11,2026,11,11,20.063657639380857,0.5692964792251587,recursive_daily,xgboost_recent_weighted_daily
Vinh Long,2026-11-12,2026,11,12,21.066400719352483,0.5792056918144226,recursive_daily,xgboost_recent_weighted_daily
Vinh Long,2026-11-13,2026,11,13,21.545781387220053,0.6304104924201965,recursive_daily,xgboost_recent_weighted_daily
Vinh Long,2026-11-14,2026,11,14,21.148676490911424,0.6711841225624084,recursive_daily,xgboost_recent_weighted_daily
Vinh Long,2026-11-15,2026,11,15,20.79983263586595,0.6324854493141174,recursive_daily,xgboost_recent_weighted_daily
Vinh Long,2026-11-16,2026,11,16,24.54665361016167,0.7031354904174805,recursive_daily,xgboost_recent_weighted_daily
Vinh Long,2026-11-17,2026,11,17,21.964986876532308,0.6266136765480042,recursive_daily,xgboost_recent_weighted_daily
Vinh Long,2026-11-18,2026,11,18,17.81162404561184,0.6076906323432922,recursive_daily,xgboost_recent_weighted_daily
Vinh Long,2026-11-19,2026,11,19,18.731427298911246,0.5742406249046326,recursive_daily,xgboost_recent_weighted_daily
Vinh Long,2026-11-20,2026,11,20,21.07829530226913,0.6246051788330078,recursive_daily,xgboost_recent_weighted_daily
Vinh Long,2026-11-21,2026,11,21,20.831764855446423,0.6595534086227417,recursive_daily,xgboost_recent_weighted_daily
Vinh Long,2026-11-22,2026,11,22,23.861132062464016,0.6277720332145691,recursive_daily,xgboost_recent_weighted_daily
Vinh Long,2026-11-23,2026,11,23,19.602103715918854,0.6839649677276611,recursive_daily,xgboost_recent_weighted_daily
Vinh Long,2026-11-24,2026,11,24,16.692000130978982,0.6366588473320007,recursive_daily,xgboost_recent_weighted_daily
Vinh Long,2026-11-25,2026,11,25,19.551608657262317,0.6045159101486206,recursive_daily,xgboost_recent_weighted_daily
Vinh Long,2026-11-26,2026,11,26,16.027734154051526,0.6791253685951233,recursive_daily,xgboost_recent_weighted_daily
Vinh Long,2026-11-27,2026,11,27,16.946872364707602,0.72813481092453,recursive_daily,xgboost_recent_weighted_daily
Vinh Long,2026-11-28,2026,11,28,17.04573931269342,0.691596269607544,recursive_daily,xgboost_recent_weighted_daily
Vinh Long,2026-11-29,2026,11,29,17.369433977728654,0.7322179675102234,recursive_daily,xgboost_recent_weighted_daily
Vinh Long,2026-11-30,2026,11,30,18.865971372935626,0.7507309317588806,recursive_daily,xgboost_recent_weighted_daily
Vinh Long,2026-12-01,2026,12,1,18.51380684782911,0.5934851765632629,recursive_daily,xgboost_recent_weighted_daily
Vinh Long,2026-12-02,2026,12,2,19.86298983113395,0.5092166662216187,recursive_daily,xgboost_recent_weighted_daily
Vinh Long,2026-12-03,2026,12,3,20.01000756418535,0.49295520782470703,recursive_daily,xgboost_recent_weighted_daily
Vinh Long,2026-12-04,2026,12,4,18.55027101662267,0.5406058430671692,recursive_daily,xgboost_recent_weighted_daily
Vinh Long,2026-12-05,2026,12,5,17.960130292544523,0.4765726923942566,recursive_daily,xgboost_recent_weighted_daily
Vinh Long,2026-12-06,2026,12,6,18.397546733027088,0.5399876236915588,recursive_daily,xgboost_recent_weighted_daily
Vinh Long,2026-12-07,2026,12,7,17.12943810884842,0.4974912405014038,recursive_daily,xgboost_recent_weighted_daily
Vinh Long,2026-12-08,2026,12,8,17.638072299539594,0.5239954590797424,recursive_daily,xgboost_recent_weighted_daily
Vinh Long,2026-12-09,2026,12,9,18.582710556853126,0.5141233205795288,recursive_daily,xgboost_recent_weighted_daily
Vinh Long,2026-12-10,2026,12,10,18.698391976434873,0.6233115792274475,recursive_daily,xgboost_recent_weighted_daily
Vinh Long,2026-12-11,2026,12,11,19.92583396311242,0.5749452710151672,recursive_daily,xgboost_recent_weighted_daily
Vinh Long,2026-12-12,2026,12,12,17.973229896109615,0.47192201018333435,recursive_daily,xgboost_recent_weighted_daily
Vinh Long,2026-12-13,2026,12,13,18.486562567481773,0.5068260431289673,recursive_daily,xgboost_recent_weighted_daily
Vinh Long,2026-12-14,2026,12,14,17.343415650925454,0.517195999622345,recursive_daily,xgboost_recent_weighted_daily
Vinh Long,2026-12-15,2026,12,15,18.093827110153487,0.5201784372329712,recursive_daily,xgboost_recent_weighted_daily
Vinh Long,2026-12-16,2026,12,16,18.19207145032235,0.4793770909309387,recursive_daily,xgboost_recent_weighted_daily
Vinh Long,2026-12-17,2026,12,17,19.665238630768663,0.552035927772522,recursive_daily,xgboost_recent_weighted_daily
Vinh Long,2026-12-18,2026,12,18,21.64385507465972,0.5470951199531555,recursive_daily,xgboost_recent_weighted_daily
Vinh Long,2026-12-19,2026,12,19,18.01522647680907,0.5067172646522522,recursive_daily,xgboost_recent_weighted_daily
Vinh Long,2026-12-20,2026,12,20,16.327365910037017,0.47744905948638916,recursive_daily,xgboost_recent_weighted_daily
Vinh Long,2026-12-21,2026,12,21,17.003126436981756,0.4504942297935486,recursive_daily,xgboost_recent_weighted_daily
Vinh Long,2026-12-22,2026,12,22,17.03613203105041,0.5029106736183167,recursive_daily,xgboost_recent_weighted_daily
Vinh Long,2026-12-23,2026,12,23,17.97743175944086,0.5530023574829102,recursive_daily,xgboost_recent_weighted_daily
Vinh Long,2026-12-24,2026,12,24,18.70322987945133,0.6144961714744568,recursive_daily,xgboost_recent_weighted_daily
Vinh Long,2026-12-25,2026,12,25,18.073462370719994,0.6108965873718262,recursive_daily,xgboost_recent_weighted_daily
Vinh Long,2026-12-26,2026,12,26,19.505192174816248,0.5285210013389587,recursive_daily,xgboost_recent_weighted_daily
Vinh Long,2026-12-27,2026,12,27,19.083303390572915,0.4790804088115692,recursive_daily,xgboost_recent_weighted_daily
Vinh Long,2026-12-28,2026,12,28,18.56473308125084,0.5044198036193848,recursive_daily,xgboost_recent_weighted_daily
Vinh Long,2026-12-29,2026,12,29,18.71268256713554,0.4688214957714081,recursive_daily,xgboost_recent_weighted_daily
Vinh Long,2026-12-30,2026,12,30,18.852000110114304,0.44166627526283264,recursive_daily,xgboost_recent_weighted_daily
Vinh Long,2026-12-31,2026,12,31,19.100116664498746,0.3726308047771454,recursive_daily,xgboost_recent_weighted_daily
