{
  "type": "FeatureCollection",
  "features": [
    {
      "type": "Feature",
      "geometry": {
        "type": "Polygon",
        "coordinates": [
          [
            [105.54448728121899, 9.472713646350204],
            [105.54491983374128, 9.470929960877429],
            [105.5447458644956, 9.460352967853744],
            [105.54491983374128, 9.457490220998706],
            [105.54482171327675, 9.45168899032074],
            [105.57395300284352, 9.419520966352286],
            [105.57562965250861, 9.417402908355752],
            [105.57961164711634, 9.412948268676073],
            [105.58135061631809, 9.410821321404148],
            [105.58294699751752, 9.413621592525496],
            [105.58663025184903, 9.419922290357912],
            [105.58822659100163, 9.422851948249857],
            [105.58832464603981, 9.423052637729706],
            [105.59163779292888, 9.421072769609752],
            [105.59384059736499, 9.419810850633503],
            [105.59504897077663, 9.419070645634978],
            [105.59554400720994, 9.419008173831203],
            [105.59604781309712, 9.419289123979548],
            [105.59673897160098, 9.420118509010315],
            [105.59706902869229, 9.420680392272942],
            [105.59777799589727, 9.422111703260237],
            [105.5985716953673, 9.42364122597255],
            [105.598937365561, 9.42401128263885],
            [105.60048022110001, 9.4226111488077],
            [105.60138541575849, 9.421518653726858],
            [105.6021791312948, 9.420658061352968],
            [105.60177775469532, 9.418740675772584],
            [105.6028346136139, 9.418303641096914],
            [105.60618784688965, 9.415498853965206],
            [105.60881870772744, 9.413278233729857],
            [105.60909966444693, 9.412328449248854],
            [105.61067374606802, 9.41203863833816],
            [105.61139609956123, 9.41201190675893],
            [105.61187767018009, 9.410687499555692],
            [105.61239494396925, 9.409131328956159],
            [105.61297011194809, 9.407427894755331],
            [105.61387089601239, 9.407650897959991],
            [105.61425878843349, 9.407748955735146],
            [105.61434352536743, 9.40742791848711],
            [105.61460659487989, 9.406589643285763],
            [105.61573922987793, 9.406718926544636],
            [105.61557870272406, 9.407508153585662],
            [105.61635011128521, 9.407610765281365],
            [105.61655967442272, 9.407829274766984],
            [105.61675143117245, 9.408020995775574],
            [105.61692985550978, 9.40825733249465],
            [105.61720178742767, 9.408703205154184],
            [105.61750951213381, 9.40942559839317],
            [105.61772802473587, 9.410281766214695],
            [105.61808917063746, 9.410990756828022],
            [105.61808917063746, 9.411690827585437],
            [105.618347771595, 9.413099936027336],
            [105.61902559421898, 9.413813383773736],
            [105.61971227813497, 9.41417010403505],
            [105.62143794775113, 9.413684022611633],
            [105.62496960465872, 9.41263170138414],
            [105.6297051069163, 9.411271643909227],
            [105.63781621711762, 9.409068892301597],
            [105.63881511947451, 9.408747822042796],
            [105.63844498263634, 9.40716930983361],
            [105.64108473006348, 9.406250749001256],
            [105.64058536136567, 9.404730187647512],
            [105.64061659424168, 9.404431392851064],
            [105.64087522772199, 9.40403005067106],
            [105.64100454460188, 9.403642100846566],
            [105.64111148838956, 9.402429286285656],
            [105.6410580612341, 9.401952135896133],
            [105.64095988775877, 9.4017514742277],
            [105.64061659424169, 9.401318932932398],
            [105.63819977635072, 9.397921108099384],
            [105.6374952128555, 9.396119621930241],
            [105.63823091932022, 9.39541957921386],
            [105.63910050838484, 9.394862184366241],
            [105.63952854785542, 9.395009294127817],
            [105.6414013555955, 9.394331554122624],
            [105.64256073960631, 9.393488799415067],
            [105.64414818158934, 9.393230132745249],
            [105.64544128865657, 9.393680546410554],
            [105.64644461871372, 9.394260183324029],
            [105.64787153893658, 9.394429619978515],
            [105.64839321248613, 9.394460843125069],
            [105.65061837436053, 9.393760784095454],
            [105.65148784440271, 9.39320340555793],
            [105.6514967941934, 9.392057365044138],
            [105.65001632587469, 9.388481192867575],
            [105.64993166156967, 9.387709799397374],
            [105.65000746565485, 9.387272812358223],
            [105.65036858708982, 9.387379822399504],
            [105.6520764730853, 9.387691897524501],
            [105.65249559363323, 9.387660686563889],
            [105.65325364673117, 9.386608348266181],
            [105.65390018710418, 9.385828066354234],
            [105.6545022485912, 9.385961799846363],
            [105.65492137479082, 9.385908263247549],
            [105.65522907472347, 9.385671949752982],
            [105.65595142878514, 9.385230536293422],
            [105.65665597515064, 9.384784594017297],
            [105.65733376352898, 9.38490054285238],
            [105.65886763499098, 9.385301848729561],
            [105.65924667456089, 9.385435615317892],
            [105.65949190956015, 9.385689834710474],
            [105.65968371220286, 9.386019761333916],
            [105.66033913640098, 9.386782267237963],
            [105.66073599006535, 9.387089976704619],
            [105.66126217605334, 9.387428869189641],
            [105.66195779288738, 9.387892594334275],
            [105.66282731770687, 9.388369729333704],
            [105.66364332335351, 9.388632828900192],
            [105.66417846825333, 9.388788845240958],
            [105.66454409333754, 9.388828979538925],
            [105.66599335433325, 9.388828985039947],
            [105.66678699793424, 9.388779946199458],
            [105.66757187345017, 9.388828976488734],
            [105.66837894994286, 9.388828985667248],
            [105.67006892629168, 9.388869158329067],
            [105.67070210089392, 9.38897173204576],
            [105.67101421364788, 9.389043083419914],
            [105.67125507877773, 9.389141126124068],
            [105.67175444307189, 9.389471106236567],
            [105.67212455892249, 9.389872421917199],
            [105.67397506005035, 9.389952676180359],
            [105.67748438693633, 9.383910641512989],
            [105.67970059877538, 9.382737836035155],
            [105.6802847544572, 9.382880605461299],
            [105.68068603810119, 9.382938564286182],
            [105.68139059157504, 9.383161492659793],
            [105.68308946201873, 9.384570557623244],
            [105.6864695267602, 9.378051374335364],
            [105.6875932153415, 9.378318875436863],
            [105.68924756474435, 9.37893874365858],
            [105.68991195844103, 9.379001139666194],
            [105.69071009346197, 9.37910820763092],
            [105.69191849233371, 9.379282085339655],
            [105.6932963579705, 9.379473822275838],
            [105.69693944508792, 9.379081421957597],
            [105.69925821829332, 9.37826092248913],
            [105.70070739946154, 9.377279919074653],
            [105.7018801453539, 9.377061414397957],
            [105.7023706418575, 9.377110472406425],
            [105.70301726849495, 9.377070335226504],
            [105.70384213932329, 9.377021320268383],
            [105.70410972629162, 9.37705255121724],
            [105.70465815099983, 9.377101612692103],
            [105.70500156633588, 9.377578668845988],
            [105.70583987490551, 9.382720032029193],
            [105.70606279186822, 9.383148154649612],
            [105.70630800084331, 9.383651997799364],
            [105.70649528736645, 9.384258414912281],
            [105.70652205538912, 9.384842555255862],
            [105.70648194811916, 9.385310815815755],
            [105.70686986099217, 9.390492214658849],
            [105.70683870617741, 9.391241354666123],
            [105.7077884828035, 9.394349371517231],
            [105.70761005799102, 9.394581263660015],
            [105.70627684612495, 9.39566033938145],
            [105.7055990532734, 9.396150818503315],
            [105.70538499981576, 9.396360447893779],
            [105.70751202737337, 9.396569995937401],
            [105.70820764303745, 9.39667259394133],
            [105.70902367433241, 9.396859852182041],
            [105.71041930672853, 9.39703373175849],
            [105.71057982886606, 9.395901149293111],
            [105.71145827154092, 9.394050604374602],
            [105.7128985972547, 9.393649279021453],
            [105.71420061210114, 9.393809828292333],
            [105.71491406969704, 9.393551238652353],
            [105.71592629078506, 9.391981622956225],
            [105.71637671576032, 9.390991685198575],
            [105.71797304302886, 9.390162319603224],
            [105.71911456438639, 9.389448844171072],
            [105.7197254379332, 9.389680736192773],
            [105.7203586965238, 9.39045208357355],
            [105.72065746498511, 9.390759826833998],
            [105.72113010569501, 9.390532347791936],
            [105.72244104321575, 9.389310608038098],
            [105.7231367159831, 9.389002948442963],
            [105.7235246643832, 9.389083186914513],
            [105.72399283584681, 9.389542442578144],
            [105.72422025175581, 9.390229171855033],
            [105.72406867096288, 9.390840023627764],
            [105.72399283584681, 9.391682806811],
            [105.72422920514386, 9.391829984053128],
            [105.7246929017127, 9.391758660193084],
            [105.72663705576399, 9.391624901227601],
            [105.72677529795831, 9.391838891495135],
            [105.727288155927, 9.392601397822911],
            [105.72756902864892, 9.393751842796371],
            [105.72870613334864, 9.395062805643432],
            [105.73001264854418, 9.395080685762204],
            [105.73174277486905, 9.393823185009396],
            [105.73332123958004, 9.393702836925357],
            [105.734458380145, 9.39458126986859],
            [105.73488646615742, 9.39516091128226],
            [105.73676366338147, 9.394621344159898],
            [105.73734334650145, 9.394920170797937],
            [105.73790073585245, 9.395927886650716],
            [105.73802116799197, 9.397501998448849],
            [105.73757973310276, 9.39963787913799],
            [105.73697775373553, 9.400489588174949],
            [105.73692420873844, 9.400801665756356],
            [105.73697775373553, 9.40106029668267],
            [105.73734334650145, 9.401252069197229],
            [105.73766891540004, 9.401318943495074],
            [105.73927420419886, 9.401390316199517],
            [105.73999653503672, 9.401118278711758],
            [105.74117374253642, 9.399838558720386],
            [105.74144577193998, 9.399709177053099],
            [105.74231084246179, 9.400288914726628],
            [105.7427299925851, 9.401158416350317],
            [105.74299754715068, 9.40245155576041],
            [105.74442889909416, 9.403191778380714],
            [105.74630171713798, 9.403080324659596],
            [105.74672535365733, 9.403370140745327],
            [105.74672535365733, 9.403802643066431],
            [105.7460029962254, 9.404502782780536],
            [105.74556592972635, 9.404502787531307],
            [105.74556592972634, 9.405069073191495],
            [105.7464221548142, 9.405804818880668],
            [105.74687247601778, 9.40617049176146],
            [105.74743437169727, 9.406589608469886],
            [105.74887910071996, 9.40690177407236],
            [105.75002950145071, 9.406629756279207],
            [105.75105069299552, 9.406509370565164],
            [105.75189342208739, 9.407240618459646],
            [105.75202720602339, 9.407949619232028],
            [105.75144308852606, 9.408948498445351],
            [105.75071623512319, 9.409648572637192],
            [105.75084554085197, 9.410370933240241],
            [105.75155457485832, 9.410959486231677],
            [105.75184435009255, 9.41095951537724],
            [105.75316428387848, 9.408841471440104],
            [105.75418092593337, 9.408141355666697],
            [105.75520205108533, 9.407869368646356],
            [105.75578179265541, 9.407882713834653],
            [105.75604927675712, 9.408462435202392],
            [105.75559893297537, 9.409880441397538],
            [105.7561563779666, 9.4106072675337],
            [105.7571730366291, 9.410629526157697],
            [105.75762786179263, 9.410130097497287],
            [105.75807821056144, 9.410040987865218],
            [105.75862670802138, 9.410210367701906],
            [105.75904132841521, 9.410522571823247],
            [105.76019179298112, 9.41109772030703],
            [105.76066444643018, 9.411338585714812],
            [105.76107916098485, 9.411588243690241],
            [105.76116835473653, 9.412051995505678],
            [105.76107916098485, 9.412462235849214],
            [105.76103008652953, 9.41270305756074],
            [105.76116835473654, 9.413126662682327],
            [105.76158754804017, 9.413572521267529],
            [105.76187733914314, 9.413581483287937],
            [105.76259528155835, 9.413157868508467],
            [105.76362531935428, 9.411588270050446],
            [105.7648069773833, 9.410188093591247],
            [105.76566311330534, 9.410058830920477],
            [105.7665326864111, 9.410219314632501],
            [105.76680914166944, 9.410660730585775],
            [105.76782138162872, 9.41009890700104],
            [105.76898067772461, 9.409421159215556],
            [105.77266835368445, 9.411882536164132],
            [105.7764987718204, 9.40609912163314],
            [105.77768490111579, 9.403820529642436],
            [105.7786881553788, 9.40285291516009],
            [105.7805654431187, 9.403169487989965],
            [105.78174712053581, 9.4029108457251],
            [105.78306700066685, 9.402179585744376],
            [105.78456082226889, 9.40118965470691],
            [105.78578256042691, 9.400868555395443],
            [105.78662983759844, 9.40098002924622],
            [105.7770784015501, 9.393800932648132],
            [105.77825119009717, 9.392819943077301],
            [105.77867928888705, 9.392819910955598],
            [105.77955770056967, 9.391410845855647],
            [105.77942837460593, 9.390117719364506],
            [105.77987877684912, 9.389413154752454],
            [105.780748238106, 9.388989565499559],
            [105.78190761573465, 9.387999588876452],
            [105.78320528545984, 9.387602720928165],
            [105.7836511292368, 9.387040898078439],
            [105.78423525966012, 9.386479025625388],
            [105.78494872168848, 9.384619605370512],
            [105.7861392940929, 9.382791372547022],
            [105.78676803550256, 9.383272949992852],
            [105.78771339076378, 9.38353159520367],
            [105.79000984951655, 9.384004247045103],
            [105.79073220098037, 9.383870484615976],
            [105.79096856681674, 9.383299691596642],
            [105.79046466638837, 9.381190604653769],
            [105.7909150060588, 9.380008906308838],
            [105.79326049817682, 9.377471687747503],
            [105.79437087119584, 9.377311118856316],
            [105.79516453628449, 9.377311118827537],
            [105.796997207198, 9.376967837768182],
            [105.79775084588269, 9.37632125588921],
            [105.7996058455798, 9.375291173920095],
            [105.80134039016383, 9.375179721565232],
            [105.80248189330356, 9.375638952706856],
            [105.80420759717677, 9.375661249957432],
            [105.80578614753873, 9.375549814827975],
            [105.80709267396887, 9.374711515302293],
            [105.80798447806019, 9.373440675508542],
            [105.8081226919559, 9.372869867752172],
            [105.80903680525402, 9.372330363471931],
            [105.80989744638184, 9.371790754467233],
            [105.81065991613845, 9.371558903929854],
            [105.8120289119582, 9.371362690558607],
            [105.81375004689947, 9.370961412101108],
            [105.81591720912343, 9.37056903097032],
            [105.81800852277011, 9.371001512840655],
            [105.81857484589722, 9.371750659273902],
            [105.8183964924447, 9.372829774533432],
            [105.81788812782042, 9.373333596376002],
            [105.81720141228944, 9.373891060200652],
            [105.81543563523218, 9.374711468444929],
            [105.81440557653235, 9.375701386118614],
            [105.81429853101831, 9.376312285975223],
            [105.81461518884792, 9.377052516283443],
            [105.81482919072606, 9.377279969323883],
            [105.81610890741227, 9.378020145208602],
            [105.8185435825222, 9.379210728196362],
            [105.82010433905795, 9.380668877907649],
            [105.82052787670426, 9.381101428657555],
            [105.82087124031621, 9.381921902478759],
            [105.8210808599485, 9.38268884806216],
            [105.82190581404302, 9.385279595032866],
            [105.82218226272353, 9.387147913865933],
            [105.82200829529451, 9.388579264113524],
            [105.82141078739697, 9.39129043865995],
            [105.82109868658628, 9.39300273683503],
            [105.82151783702109, 9.39387227618801],
            [105.82224470112484, 9.394309240695202],
            [105.82350216304599, 9.394068425596934],
            [105.82454114100935, 9.393658175828206],
            [105.82698918530106, 9.39257912870525],
            [105.82743952433518, 9.392110936073747],
            [105.828598926177, 9.39141080801625],
            [105.830320125408, 9.3908712481074],
            [105.83119412411035, 9.391027316089968],
            [105.83190310885963, 9.391330524505088],
            [105.8336109006481, 9.392788685522548],
            [105.83444925899073, 9.394670454607557],
            [105.83513594878232, 9.39769368973062],
            [105.83481486611639, 9.399401540671777],
            [105.83467215293321, 9.39982964075084],
            [105.83351728211096, 9.399941072659008],
            [105.8322285762299, 9.39993219906188],
            [105.83178718420326, 9.400208649690493],
            [105.83174704956322, 9.401118306672627],
            [105.83291525781281, 9.40193878511423],
            [105.83349497492583, 9.401809413218048],
            [105.83451170151919, 9.401541932678484],
            [105.83724064864352, 9.401448278928308],
            [105.83880577312904, 9.402050238761827],
            [105.83895287938199, 9.402482817338605],
            [105.84037986982882, 9.403802672912779],
            [105.84165958353164, 9.404681091175373],
            [105.84223036878446, 9.40469001055338],
            [105.8426673956255, 9.404119301249079],
            [105.84256929295499, 9.401252050614525],
            [105.8427208817608, 9.400538644132359],
            [105.84343878006985, 9.399838561162342],
            [105.84443764256393, 9.39986080704994],
            [105.84603839606707, 9.399602209609442],
            [105.84733606742834, 9.398621167619783],
            [105.84837499945742, 9.396627939508065],
            [105.84826802395325, 9.393479843200751],
            [105.84813864997504, 9.391758675182427],
            [105.84821444663004, 9.391089766538393],
            [105.84845079620861, 9.390617103070184],
            [105.84860238980353, 9.389912589631532],
            [105.84903495187436, 9.389199099654324],
            [105.85019878894467, 9.388360835422466],
            [105.85077847032088, 9.388369696769814],
            [105.85292778691284, 9.388690748384091],
            [105.85331565030235, 9.388423196703679],
            [105.85336922909227, 9.387700886822548],
            [105.85282071919855, 9.386122299262688],
            [105.85282967883755, 9.385542620566781],
            [105.8532576812945, 9.384829228683813],
            [105.8539889701609, 9.384561670587011],
            [105.85542485639955, 9.384869304646156],
            [105.85585734470567, 9.384731116442174],
            [105.85643704367668, 9.384173681728598],
            [105.85674472389329, 9.38288951978162],
            [105.85546051626339, 9.381721237315126],
            [105.85346285761662, 9.380682225245572],
            [105.85321754202295, 9.379447062934316],
            [105.8533379598635, 9.378501760590696],
            [105.85356096602513, 9.377587623512959],
            [105.85420301739575, 9.376298961705178],
            [105.85481398069564, 9.375309005832008],
            [105.85579498461458, 9.374207628067081],
            [105.8564548737045, 9.37334257455695],
            [105.85682052404785, 9.372459639113897],
            [105.85703457453243, 9.3715098357124],
            [105.85732442562193, 9.369200036087728],
            [105.85727532562207, 9.368169955646374],
            [105.85727532562208, 9.367532367060948],
            [105.85761875709633, 9.366841155091459],
            [105.85807804056202, 9.366270442759387],
            [105.85922401418537, 9.365472208113605],
            [105.85978580366888, 9.364901507575025],
            [105.85999098717136, 9.364299523993287],
            [105.86004447827872, 9.36338093574734],
            [105.86004447827871, 9.3625113670597],
            [105.85997754719705, 9.36175332884954],
            [105.85975014297836, 9.361213811603196],
            [105.85890297958272, 9.360313036014745],
            [105.85810026109392, 9.360130234862032],
            [105.85707023470401, 9.359978616461019],
            [105.8564548737045, 9.359974198368903],
            [105.85544716621307, 9.359670946562737],
            [105.85260667355072, 9.357472633505283],
            [105.85186652010961, 9.357169391819227],
            [105.85128235556638, 9.356420260107294],
            [105.84745639187419, 9.35467228158582],
            [105.84577087118454, 9.354110439376361],
            [105.84288142985055, 9.353142787986968],
            [105.83950582792171, 9.35201914612859],
            [105.83537228174637, 9.350360377723726],
            [105.83364655633302, 9.349620153246054],
            [105.829423824124, 9.347952458430695],
            [105.8248041561851, 9.345798683592385],
            [105.82414428979824, 9.34550883882985],
            [105.82285108032262, 9.344897933800157],
            [105.821134339867, 9.344019477242368],
            [105.82044322284604, 9.343751946028428],
            [105.81971188678568, 9.343430900653885],
            [105.81571207425843, 9.34135292820895],
            [105.81449031720912, 9.340688563946001],
            [105.81102108712004, 9.338601698400641],
            [105.81437879275357, 9.332880690226697],
            [105.81466866689978, 9.331529529090114],
            [105.81572542145453, 9.328381408763503],
            [105.81680457679454, 9.32380192616906],
            [105.8187843733518, 9.316190285916937],
            [105.82097828962871, 9.304690232283619],
            [105.82145539886461, 9.301390534333054],
            [105.82175415264453, 9.30075734384942],
            [105.822538977087, 9.296222401568942],
            [105.82377413498713, 9.291049855718102],
            [105.82672159825262, 9.276410597905874],
            [105.8258654477079, 9.275960209488655],
            [105.82543741870883, 9.275799720131717],
            [105.82501378026393, 9.275509861753303],
            [105.82330149889192, 9.274751836006688],
            [105.82260141560847, 9.274011653901379],
            [105.82248101767489, 9.272709593382261],
            [105.8226682436619, 9.272379590766525],
            [105.82015781869468, 9.27142981591913],
            [105.82544628744535, 9.255332472594676],
            [105.82798795938321, 9.24644102169145],
            [105.82794343592863, 9.244050934560022],
            [105.82752866059742, 9.22235742260407],
            [105.83809676204163, 9.228840957981745],
            [105.85642369355645, 9.239328722943252],
            [105.88922037837109, 9.255042559722593],
            [105.91525257814807, 9.262632008064749],
            [105.92778713304769, 9.2664266748526],
            [105.94610516272215, 9.270207966601365],
            [105.97648947773196, 9.283050216805206],
            [105.98152825503588, 9.284008940085474],
            [105.99382643879777, 9.281088207693966],
            [106.00924601212735, 9.282002300622473],
            [106.02129891740937, 9.285315447136876],
            [106.03961695220463, 9.290051022399593],
            [106.04491882523897, 9.290991858171553],
            [106.06411076590143, 9.291691914568831],
            [106.08206309491005, 9.30667005759519],
            [106.12163767108626, 9.328082646156398],
            [106.14963184100256, 9.343787651321456],
            [106.1563874109214, 9.347114088082838],
            [106.16132810970942, 9.351488463272064],
            [106.16583628216878, 9.354600916785751],
            [106.1729841472052, 9.36067426301448],
            [106.1768591452171, 9.364299500244814],
            [106.17780894727944, 9.364589342047848],
            [106.17883010400595, 9.365530175621362],
            [106.179168994939, 9.36583790626368],
            [106.18006074037565, 9.366658341572599],
            [106.18314642953939, 9.36962809855706],
            [106.18906368090018, 9.378194090678711],
            [106.18899232710847, 9.3789922699482],
            [106.18884073404367, 9.380606430659048],
            [106.1886356482877, 9.38278247875018],
            [106.18861329978706, 9.382844863222902],
            [106.18851519977181, 9.383152545921602],
            [106.18749857053864, 9.386287299588469],
            [106.18745396354846, 9.386434511960752],
            [106.18735586410632, 9.386728779417119],
            [106.18739598345145, 9.388503533427599],
            [106.18741384419161, 9.389252609809898],
            [106.18744059042861, 9.390465516461836],
            [106.18814954652832, 9.393515519669196],
            [106.18982173798685, 9.403503951357841],
            [106.18966125869355, 9.405372255349512],
            [106.18954529722681, 9.406741256263585],
            [106.18939370373968, 9.408538197363916],
            [106.18902804887772, 9.410981851752895],
            [106.1879177151817, 9.41298397291538],
            [106.18672714925405, 9.414022890919489],
            [106.185683693427, 9.413804426196453],
            [106.18434155127963, 9.413956015242924],
            [106.18215657334815, 9.41593590642359],
            [106.17727386971873, 9.417532236844774],
            [106.17569978797445, 9.417630362082592],
            [106.17359065113898, 9.4177596766623],
            [106.17244908268569, 9.417830983447212],
            [106.17156176905122, 9.4178889915844],
            [106.1694882150826, 9.4181029822452],
            [106.1690779941057, 9.418147584801533],
            [106.16900216030577, 9.418152035620146],
            [106.16654076352022, 9.417420784012764],
            [106.16549732432938, 9.418165456035743],
            [106.16527440400213, 9.418704987579089],
            [106.16453860717094, 9.420461873112759],
            [106.16531003175092, 9.422214299829923],
            [106.16658985295128, 9.422713745756376],
            [106.16819958022744, 9.423338027295486],
            [106.17162862930074, 9.423770553082763],
            [106.17500415893817, 9.429460335485345],
            [106.17718017295815, 9.434262810984634],
            [106.18043984110072, 9.438891343957804],
            [106.18079210745766, 9.439390735129155],
            [106.18180870231252, 9.438610391324453],
            [106.18248649494596, 9.438093143035266],
            [106.18559448027275, 9.44028258331122],
            [106.1864238769491, 9.44086675625333],
            [106.18677175608083, 9.44111194502412],
            [106.18734697861488, 9.441513321613911],
            [106.18795334700481, 9.44194134586789],
            [106.18831011435223, 9.442195540776522],
            [106.19085624016877, 9.443988094149159],
            [106.19842336652111, 9.451671112976237],
            [106.20071533600641, 9.453998774832877],
            [106.2009561581439, 9.454239567830227],
            [106.20544647177199, 9.459701978536437],
            [106.2059681611206, 9.461806617363196],
            [106.20726126005384, 9.46702381022929],
            [106.20727463450704, 9.467157541443198],
            [106.20728800896116, 9.467277992401494],
            [106.20744859224205, 9.46894123295158],
            [106.20879968710797, 9.48268861023561],
            [106.2088933090223, 9.483633924490883],
            [106.20896018184519, 9.484338462794907],
            [106.20995905803743, 9.491807515207011],
            [106.2108107278177, 9.501648716355866],
            [106.21125667103458, 9.504538193363592],
            [106.21117193456553, 9.506063275418288],
            [106.21090883883035, 9.507235954817467],
            [106.20782316738533, 9.514477565390786],
            [106.20797917324826, 9.515610186555579],
            [106.20812638257505, 9.515833133901044],
            [106.20855445714395, 9.51646185186117],
            [106.21047187267892, 9.51768809361947],
            [106.2121618454787, 9.51877171266189],
            [106.21580044763334, 9.521099323916392],
            [106.22027745107724, 9.521750333916119],
            [106.22075456477498, 9.521817266198559],
            [106.22576652676184, 9.51336723723524],
            [106.22938293395983, 9.502843794710067],
            [106.22944532507611, 9.502652057133297],
            [106.23025246140085, 9.500302065137829],
            [106.23027921338907, 9.500230765763485],
            [106.23054224487309, 9.499454846362202],
            [106.23308837160104, 9.492057224018392],
            [106.23366363805948, 9.491209956688648],
            [106.234778445961, 9.490465306809],
            [106.23671810800124, 9.491125236650904],
            [106.24036119706423, 9.493056015837736],
            [106.24078925091034, 9.493287944095588],
            [106.24087848876103, 9.493332501510896],
            [106.24136893854272, 9.493595581248183],
            [106.24140018085392, 9.493613451162297],
            [106.24907875482496, 9.49769349162372],
            [106.24924817013193, 9.497778192135144],
            [106.24968522098501, 9.498010087670588],
            [106.24977437301165, 9.498059155492536],
            [106.25026044528099, 9.498317750854232],
            [106.2502871999395, 9.49833115878492],
            [106.25086242595958, 9.498638820433104],
            [106.2529001955691, 9.49972237625226],
            [106.25915629619347, 9.503048892746413],
            [106.25970030242931, 9.503334236460686],
            [106.25974492555106, 9.503356552351338],
            [106.2610692581157, 9.504061064164661],
            [106.26174256111159, 9.504578382747116],
            [106.26212163734571, 9.505688670756182],
            [106.2625496477745, 9.507271671547809],
            [106.26256751523196, 9.507351920848553],
            [106.2630446397827, 9.508221414489386],
            [106.26345487442255, 9.508966087944872],
            [106.26540801219552, 9.511521184815333],
            [106.26629978350773, 9.512256913682325],
            [106.26729418680146, 9.513237956122827],
            [106.2677668331214, 9.513340449924126],
            [106.26779359010807, 9.513349427792264],
            [106.26861407956501, 9.513532221524963],
            [106.26976454824641, 9.516172033051825],
            [106.27024160005139, 9.518990180846314],
            [106.27359042235335, 9.522445934702839],
            [106.2736126905556, 9.522499494212783],
            [106.27554347874123, 9.526954125821687],
            [106.27613206617342, 9.527752307897279],
            [106.2762524776353, 9.527917327788346],
            [106.27639075785167, 9.528109053819083],
            [106.27655570651936, 9.528331987655276],
            [106.27884327199581, 9.531457811233423],
            [106.28130910551705, 9.532559182575689],
            [106.28220543686004, 9.534035195694058],
            [106.28416297655471, 9.538079580476575],
            [106.28439482953003, 9.53856115309719],
            [106.28444834791533, 9.538663754226103],
            [106.28466233180208, 9.539105169391169],
            [106.28513950860348, 9.540095077544802],
            [106.28666892441126, 9.543515186489074],
            [106.28674480284516, 9.543684643649367],
            [106.28749838050535, 9.545379148663843],
            [106.28761430887165, 9.545637749178768],
            [106.2877079675461, 9.546039082662412],
            [106.28777926670027, 9.546355681012757],
            [106.28787741532516, 9.54676147874991],
            [106.28805575320459, 9.547537350959963],
            [106.28821182142742, 9.54821068542502],
            [106.28861312743926, 9.54994080309377],
            [106.28863099720408, 9.550016569692762],
            [106.28888512518644, 9.55112691541155],
            [106.28913036348187, 9.55218371848603],
            [106.28917050320922, 9.552344233040962],
            [106.28936222215096, 9.553178085583001],
            [106.28971450056747, 9.555826782527875],
            [106.28971899048241, 9.55586250163501],
            [106.28982154016701, 9.556656185307592],
            [106.29255053028129, 9.567745939871143],
            [106.29316583777347, 9.57150496823083],
            [106.29331301974635, 9.572405701467417],
            [106.29333088992605, 9.572539499926606],
            [106.29354048300571, 9.57409576647158],
            [106.2936117842142, 9.57462638504823],
            [106.29362067441703, 9.574702191465528],
            [106.29340219106078, 9.576624087296754],
            [106.2924389992635, 9.577814623989482],
            [106.29144914172275, 9.57855035333854],
            [106.29013367945664, 9.579522460794673],
            [106.28336478296545, 9.583767542490083],
            [106.28002486771948, 9.585560054037236],
            [106.27996695060104, 9.58559131119096],
            [106.2764175159824, 9.587499804103992],
            [106.27635951010619, 9.58753098444842],
            [106.2762524776353, 9.587588974883449],
            [106.26951035453087, 9.590982317380654],
            [106.27678315092943, 9.598446884420342],
            [106.27746979575424, 9.599031067273662],
            [106.27709078045235, 9.599271808009686],
            [106.27356815415358, 9.60159057323304],
            [106.27323368249692, 9.60217020401302],
            [106.27229285486172, 9.602290653133139],
            [106.27099520592719, 9.603209203681633],
            [106.26795853174532, 9.605082071113436],
            [106.26619724576776, 9.606241394596513],
            [106.26362430184201, 9.608087500135932],
            [106.26187194256933, 9.609019436093737],
            [106.26081956464482, 9.609830995290292],
            [106.25987870519066, 9.610419546175246],
            [106.25749753069024, 9.611868777876676],
            [106.25531704925531, 9.613090569329975],
            [106.25462141187884, 9.613670254810096],
            [106.25332827615763, 9.614249973305041],
            [106.25051901394204, 9.61599346113635],
            [106.24923039363833, 9.61703243055393],
            [106.24770979101753, 9.618312161370193],
            [106.24360744450462, 9.622017696109575],
            [106.23963885827159, 9.625268377335775],
            [106.23845714060272, 9.626071022726437],
            [106.23519311155636, 9.628287215194844],
            [106.23156789141994, 9.631190095169298],
            [106.22783115196796, 9.634900028001935],
            [106.22442438369342, 9.637909897773243],
            [106.22162405468218, 9.640701356506757],
            [106.21835105440229, 9.643247504019152],
            [106.21391430863314, 9.647430095421965],
            [106.21016865391998, 9.650439986071062],
            [106.20805951003203, 9.652303872767853],
            [106.20337741070303, 9.656709531467968],
            [106.20128611097554, 9.658907881819825],
            [106.20011781472753, 9.660071699141604],
            [106.19860171463809, 9.661931147639141],
            [106.19352724812205, 9.665792690380153],
            [106.19190860888519, 9.66766103465699],
            [106.18633475321398, 9.672360952448688],
            [106.18605822755954, 9.672628477879297],
            [106.18575504602892, 9.672949562895838],
            [106.18110865409143, 9.676713018213496],
            [106.17507999503873, 9.682340428151134],
            [106.174375393524, 9.683281253558564],
            [106.17125851996163, 9.686679142044351],
            [106.1683735037116, 9.689381353801414],
            [106.1645430942759, 9.693019978702326],
            [106.16176505736472, 9.696761146753005],
            [106.15795254443175, 9.700622722531323],
            [106.15158045304781, 9.707899955966273],
            [106.1507422289445, 9.708742760645585],
            [106.14885599097954, 9.710419342661352],
            [106.14351844822171, 9.715400195923023],
            [106.13936701649637, 9.719970809544952],
            [106.13855549429263, 9.721143523383292],
            [106.13508628362412, 9.724313961960153],
            [106.13440847432749, 9.725228091336989],
            [106.13246882567326, 9.727020600292036],
            [106.13025705559039, 9.729250139213828],
            [106.12701975105622, 9.732879899976675],
            [106.12493733469917, 9.735457236384585],
            [106.12087960687984, 9.739327693171681],
            [106.11833339754367, 9.742136926654373],
            [106.11463235078992, 9.746011952156616],
            [106.11432470347565, 9.746150141031302],
            [106.11428011304766, 9.74648015398244],
            [106.11045865243818, 9.750123177955093],
            [106.10991469655018, 9.750618185173652],
            [106.10941524176735, 9.751291456583091],
            [106.10813991977896, 9.752348307350745],
            [106.10755129173333, 9.752580139750853],
            [106.10748445326989, 9.752789780094202],
            [106.10685572425224, 9.753641408931431],
            [106.10117931152618, 9.759500682459915],
            [106.09816048748895, 9.76173021755135],
            [106.09617616318927, 9.763491604140558],
            [106.09338922596238, 9.765382223472347],
            [106.08976840219391, 9.766688770867761],
            [106.08695921967559, 9.767518142583784],
            [106.08133631166393, 9.76943109539912],
            [106.07772889837467, 9.771321766240016],
            [106.07563758915208, 9.773078646729118],
            [106.0735462127437, 9.774483261415012],
            [106.07273909009804, 9.775660496372813],
            [106.06915399197202, 9.780338110548549],
            [106.06533251966607, 9.784801682934393],
            [106.0632634988529, 9.78737006820017],
            [106.05827379358739, 9.792408903721064],
            [106.05816678945187, 9.793001958829194],
            [106.05782344380697, 9.793581630737645],
            [106.05690041390224, 9.794749923149213],
            [106.05621372771357, 9.796270475793097],
            [106.0550632467918, 9.798259218682002],
            [106.053801286422, 9.800600266192628],
            [106.05153614650806, 9.803052760133172],
            [106.05101881397842, 9.803409452838673],
            [106.04705913135415, 9.806120568273824],
            [106.04577498071436, 9.80728890964288],
            [106.03649998593848, 9.816559365914266],
            [106.03579543567564, 9.817272799285078],
            [106.03233523084523, 9.820889151232445],
            [106.02826849566205, 9.825111927977373],
            [106.02710912372903, 9.82604833791876],
            [106.02339026656702, 9.829330203211326],
            [106.01828905025224, 9.834493825922992],
            [106.01708059700769, 9.835822678562785],
            [106.0161575827414, 9.836821523818582],
            [106.01380769614055, 9.839849254597805],
            [106.01344201135502, 9.840451229361006],
            [106.01082448905174, 9.84384907409643],
            [106.00734644091432, 9.848820989153966],
            [106.00599530342976, 9.850881100793522],
            [106.00314151858656, 9.855250989765006],
            [106.0016878316652, 9.85773023234846],
            [105.99915502465647, 9.862412318118338],
            [105.9943080210858, 9.86789254615233],
            [105.98912204168084, 9.874260112431777],
            [105.98591596652173, 9.878201965939116],
            [105.98139000314748, 9.884003283382548],
            [105.97931650580944, 9.883918532549808],
            [105.97895976289564, 9.881639944395202],
            [105.97818836129859, 9.881631018924168],
            [105.97702005782338, 9.882371234923047],
            [105.97075503938466, 9.890259420273338],
            [105.96412885007234, 9.897759575578206],
            [105.95749814027975, 9.903360259536884],
            [105.947023714788, 9.908541696681377],
            [105.93963051434933, 9.913749908900654],
            [105.92404153095359, 9.927590956959031],
            [105.91741975283328, 9.933191576389623],
            [105.90627197505518, 9.933512648580622],
            [105.90062677264248, 9.934993093092135],
            [105.89689452564392, 9.93596070450837],
            [105.89689452564392, 9.935207110177318],
            [105.89462479721112, 9.93099774737465],
            [105.8910307656286, 9.929129336358125],
            [105.89050902962242, 9.929499476334984],
            [105.89005423688049, 9.929570834678756],
            [105.88974211079501, 9.929691184278571],
            [105.8892070259114, 9.929700132442527],
            [105.88868081429668, 9.929472707445575],
            [105.88781129585196, 9.928790488511721],
            [105.88697744731054, 9.928130566976327],
            [105.88569769191794, 9.927952187970071],
            [105.88426184203435, 9.927992273720934],
            [105.88334771778355, 9.928291050815517],
            [105.8830712679886, 9.927818404526914],
            [105.88289733333467, 9.927648984847012],
            [105.88284383569149, 9.9274215708426],
            [105.88295531153472, 9.926997878591333],
            [105.88304895487867, 9.9266322605652],
            [105.88313372678832, 9.925811789347769],
            [105.88304895487867, 9.925339139747903],
            [105.88292860750835, 9.925080536633908],
            [105.88271452738084, 9.924799549804298],
            [105.88217050150159, 9.924438409932954],
            [105.88073915912452, 9.923212133910031],
            [105.88073915912452, 9.922748359747722],
            [105.8805473943076, 9.922141954737471],
            [105.8803779424762, 9.921740603716145],
            [105.88028878094481, 9.921441866911307],
            [105.88020409993165, 9.9210895874407],
            [105.88069901395033, 9.919252427710022],
            [105.88034675833778, 9.918646032905874],
            [105.88046271317756, 9.918387428777134],
            [105.88042256806261, 9.9181109359511],
            [105.88015051344787, 9.917887983759195],
            [105.87989190063291, 9.917901373916605],
            [105.87956195922999, 9.917852334168337],
            [105.87888415638953, 9.918213502308376],
            [105.87622655490453, 9.916719697393054],
            [105.87638265143372, 9.916559124535535],
            [105.87581633169579, 9.91569857942954],
            [105.87525001367113, 9.915078740319373],
            [105.87513854241367, 9.914797850047922],
            [105.8750894377329, 9.914579327866061],
            [105.87489328795955, 9.914280566168454],
            [105.87474615336271, 9.913402126390638],
            [105.87461685064258, 9.912902699254175],
            [105.8744429238398, 9.912652973478558],
            [105.8742288534116, 9.912010876096751],
            [105.8738766099708, 9.911480273253233],
            [105.87380967393528, 9.911127991398468],
            [105.87381863458123, 9.910789055244473],
            [105.87400143185197, 9.910610701744897],
            [105.87422885341158, 9.910539399401879],
            [105.87417535824444, 9.910178219779104],
            [105.87387212964639, 9.909861601953759],
            [105.87348870388087, 9.909571713962796],
            [105.87326128322078, 9.909402325761288],
            [105.87303825353537, 9.909183779317441],
            [105.87287328880049, 9.908751296572099],
            [105.8726102057437, 9.907899621985429],
            [105.87272615579194, 9.907030100739686],
            [105.8728554572056, 9.90660201749758],
            [105.872877769101, 9.906272029686086],
            [105.87304721414438, 9.90595096548583],
            [105.8732924661791, 9.905647709527289],
            [105.87434480446285, 9.905152789444449],
            [105.87413073414687, 9.90470239048382],
            [105.87354219885171, 9.903980007002696],
            [105.873078397067, 9.903600985096627],
            [105.87269049263189, 9.903128343919876],
            [105.87226683631602, 9.902579843565515],
            [105.87161137163494, 9.902080474943787],
            [105.8713304589033, 9.90184854964468],
            [105.87153556547824, 9.90163010903231],
            [105.87224013381388, 9.901322412689451],
            [105.87294909549927, 9.900961190163152],
            [105.8737249958524, 9.900457349820584],
            [105.87348870388087, 9.90018977449088],
            [105.87343511931904, 9.899418380694975],
            [105.87323001066149, 9.899061658367645],
            [105.87262803731522, 9.898459703741459],
            [105.8725655820194, 9.898250114472559],
            [105.87243628080608, 9.898022699162475],
            [105.87226683631602, 9.897897820203887],
            [105.87210635254337, 9.897019350788359],
            [105.87200375411206, 9.89672058552227],
            [105.8718031272985, 9.896100802463815],
            [105.87153556547824, 9.895182195705058],
            [105.87130814719245, 9.89486113640988],
            [105.87018450061906, 9.89355022905533],
            [105.86966721328184, 9.892961625298968],
            [105.86915440758696, 9.892381884451385],
            [105.86877986229287, 9.892167844163101],
            [105.8683383836717, 9.891909241455318],
            [105.8682180457587, 9.891441009602335],
            [105.86831607231787, 9.890879174648482],
            [105.86844546028637, 9.890379790872109],
            [105.8686059409174, 9.890223695263485],
            [105.86894930362365, 9.889911583095348],
            [105.86921686174368, 9.889791186872902],
            [105.86965386221587, 9.889719828374046],
            [105.87039847681454, 9.889670807315637],
            [105.87124569233733, 9.889291797643228],
            [105.86902510873198, 9.88576904188154],
            [105.86873075928126, 9.885323154970072],
            [105.86834734405551, 9.88450271291294],
            [105.86862825230584, 9.88431097180138],
            [105.8694219660005, 9.88404341880638],
            [105.87003288949307, 9.883980959810437],
            [105.8703405025029, 9.883338885781814],
            [105.87042974890049, 9.882999995830097],
            [105.87046989187232, 9.882772552548605],
            [105.87049211387829, 9.882509499954061],
            [105.87053673710794, 9.881961027483856],
            [105.87090241501946, 9.881546311449373],
            [105.87104058608024, 9.881220756007258],
            [105.87126352377875, 9.880921987630106],
            [105.87130814719245, 9.88057865321593],
            [105.8708934545132, 9.88065444564238],
            [105.87056791961207, 9.880703509241554],
            [105.87003288949307, 9.880908606833714],
            [105.86975636975357, 9.88093097303149],
            [105.8696047589747, 9.880658952216107],
            [105.86917671904084, 9.880592058946714],
            [105.86892699219692, 9.880369062542197],
            [105.86889580996642, 9.879700227854723],
            [105.86855244735843, 9.878072681772192],
            [105.8682804099988, 9.876841907843193],
            [105.86853909637205, 9.876659099158738],
            [105.86871292808131, 9.876369309824373],
            [105.8688868495563, 9.875883229414741],
            [105.86902510873198, 9.875660251232835],
            [105.86930153778574, 9.875419498550983],
            [105.86952895363136, 9.875138609676421],
            [105.86946658897477, 9.874371565168827],
            [105.86902062852377, 9.874086223269469],
            [105.86871292808131, 9.874041595860929],
            [105.86814663156103, 9.873631423266042],
            [105.8679906315077, 9.87350211866804],
            [105.8674778304117, 9.873069574753705],
            [105.8673172611458, 9.87231146488062],
            [105.86712102991997, 9.871348316098244],
            [105.86698725231199, 9.870853358962316],
            [105.86692927905816, 9.870510037545845],
            [105.8668802661358, 9.87018897575061],
            [105.86679998174229, 9.869921393143352],
            [105.86672417753633, 9.869430920688872],
            [105.86650124525063, 9.86852130563434],
            [105.86649237455828, 9.868249227652997],
            [105.86635411725601, 9.867749798230188],
            [105.86624704183943, 9.867228167223345],
            [105.86572985500085, 9.864722139598411],
            [105.86561390929134, 9.864280643432396],
            [105.86559159826275, 9.864048821919235],
            [105.8654846128856, 9.863602856565963],
            [105.8653508364491, 9.863090118150774],
            [105.86527942334705, 9.862670912276359],
            [105.86509663460293, 9.861859336322901],
            [105.86505201267197, 9.861520439104584],
            [105.86490488581846, 9.861261859216617],
            [105.86467747559928, 9.860089128863407],
            [105.8645481798416, 9.859259748120792],
            [105.86432077005664, 9.858060232348093],
            [105.86416468359535, 9.857190660463331],
            [105.8639239236206, 9.855897524052494],
            [105.86374104660118, 9.854961119505573],
            [105.86363406228378, 9.854470651148837],
            [105.86350915772276, 9.853378137718181],
            [105.86344231500061, 9.85256215687973],
            [105.8608159346473, 9.852753878734203],
            [105.86045914688056, 9.852290145848794],
            [105.85740022601205, 9.844107656134614],
            [105.85632110373835, 9.840892690723104],
            [105.85517066807023, 9.8338115925023],
            [105.85360549561204, 9.822712895264862],
            [105.8490527811942, 9.80703919317254],
            [105.84928017236767, 9.806802867837781],
            [105.8553177872514, 9.805282272873724],
            [105.85508590883828, 9.804751678687877],
            [105.8550012392423, 9.804559914272021],
            [105.85443937456927, 9.803422864328857],
            [105.85397114036884, 9.802490925507186],
            [105.85359214569453, 9.801710552156782],
            [105.85334691952737, 9.801188852314484],
            [105.85307490432433, 9.798870135190032],
            [105.85253983473407, 9.796359647558162],
            [105.85227230051491, 9.795151208929614],
            [105.85179063237298, 9.7927700830451],
            [105.85161672682625, 9.7920209032166],
            [105.85093006580976, 9.7886096991935],
            [105.85040387230424, 9.785880712138473],
            [105.85003823454548, 9.784070351369241],
            [105.84977070391756, 9.782701425746927],
            [105.84934261987407, 9.780618975646961],
            [105.84908396010937, 9.779281244109777],
            [105.84890118723276, 9.77841176516732],
            [105.84851772315285, 9.776440857149124],
            [105.84825010511435, 9.774786479358333],
            [105.84773287857223, 9.77323917115762],
            [105.84704623187089, 9.770902601472054],
            [105.84665829193894, 9.7698012279838],
            [105.84490137317503, 9.763692293354302],
            [105.84478544041396, 9.758769429793563],
            [105.84425926426908, 9.752379503974405],
            [105.84390250819224, 9.748040812693631],
            [105.8427520596156, 9.746872565732083],
            [105.83553282349159, 9.741552786281012],
            [105.7990261449758, 9.719422269001546],
            [105.7901748302214, 9.71506127070415],
            [105.77762686622142, 9.709647981818899],
            [105.76333552548944, 9.700970542146154],
            [105.75831453440861, 9.698089999916029],
            [105.75669143720422, 9.697140167557151],
            [105.75064934362209, 9.693238446427083],
            [105.73071273753303, 9.680721741564414],
            [105.71185962420878, 9.668548454326418],
            [105.7081853510656, 9.66636789781549],
            [105.70770370189985, 9.665030210105286],
            [105.70693234968849, 9.664258750489678],
            [105.69766187645966, 9.658591208033522],
            [105.69592276432812, 9.656910150266782],
            [105.695182615012, 9.656771947285046],
            [105.69315366531761, 9.655509980571646],
            [105.69213252989566, 9.655237997664994],
            [105.69122293914249, 9.654448723327587],
            [105.68889522760519, 9.65296385878553],
            [105.67019826415184, 9.63529240469127],
            [105.66905221758081, 9.636068341775054],
            [105.66829866281049, 9.638003598666383],
            [105.66718386579758, 9.64108038847466],
            [105.66523524760365, 9.64111158239474],
            [105.66293436397576, 9.640001284276778],
            [105.66018751955754, 9.636598961064118],
            [105.65824336258616, 9.634717179498194],
            [105.6501634592861, 9.63410190408665],
            [105.65013231424736, 9.63127030468649],
            [105.64978005349518, 9.629339540121691],
            [105.64879451463099, 9.627667360583757],
            [105.64808552424955, 9.62574992745267],
            [105.64729187360342, 9.624884896780085],
            [105.64597190466606, 9.6239128500284],
            [105.64357738817249, 9.623480251238913],
            [105.64119623803055, 9.622780180348016],
            [105.63987631389726, 9.622262964026834],
            [105.6393412413087, 9.62121062104413],
            [105.63880169573639, 9.619721251681046],
            [105.6381774035311, 9.61858421416824],
            [105.63757548623992, 9.617968838913168],
            [105.63606381110138, 9.617888540061156],
            [105.63527012411126, 9.617982184171181],
            [105.6343782707605, 9.618151647646595],
            [105.63330807049344, 9.618588663966955],
            [105.63226910803812, 9.618682332475764],
            [105.63121234353328, 9.618160590510112],
            [105.62978985116672, 9.616849627995512],
            [105.62890697375165, 9.616332378070448],
            [105.6269627974554, 9.615538661434975],
            [105.62571868245908, 9.615627830871057],
            [105.62352040617827, 9.615890856465372],
            [105.6217590127243, 9.6159800440601],
            [105.62051940802702, 9.615551961202499],
            [105.61865997234972, 9.614673582318513],
            [105.61778153441458, 9.614410474192416],
            [105.61734003530368, 9.614771639512863],
            [105.61724643834812, 9.61547171604766],
            [105.61752284479516, 9.617299991896408],
            [105.61779039304187, 9.618709059628497],
            [105.61779039304187, 9.619319973903579],
            [105.61734898338996, 9.619939778228868],
            [105.61646160385467, 9.620461483542755],
            [105.61559212472137, 9.620639851110218],
            [105.6145174733282, 9.61993975556097],
            [105.61382186145948, 9.619150490976525],
            [105.61311283048728, 9.618450437653799],
            [105.61222099807534, 9.61819179500482],
            [105.61142732734533, 9.618111495544632],
            [105.60965701588489, 9.618370163147528],
            [105.60798487731587, 9.61864217395447],
            [105.60745419491806, 9.618552971812596],
            [105.6066605453815, 9.617322259355078],
            [105.6060406601268, 9.616189691097274],
            [105.60550112549343, 9.615841865402242],
            [105.6045380199656, 9.615048087178954],
            [105.60311994512229, 9.613478492715236],
            [105.60285241885929, 9.61268928837847],
            [105.60170644468067, 9.611382761688484],
            [105.60064520829822, 9.61058905025584],
            [105.59940557123782, 9.609799747204923],
            [105.59816594280102, 9.609099684069088],
            [105.59702438282063, 9.607989390851584],
            [105.59657398801991, 9.606740820369836],
            [105.59657398801991, 9.605260412171543],
            [105.59665871655358, 9.604114414465393],
            [105.59657398801991, 9.603240392845189],
            [105.59613254138046, 9.602540324727945],
            [105.59541910723178, 9.602361999249167],
            [105.59453622077287, 9.602638470649683],
            [105.59401005187142, 9.603151222873601],
            [105.59355966469488, 9.603592664220447],
            [105.59348388452509, 9.604199099464536],
            [105.59285509824487, 9.606040737238393],
            [105.59189644500812, 9.607191178922177],
            [105.59137028390998, 9.607449815844483],
            [105.58915856338055, 9.607980478683922],
            [105.58873046564129, 9.608149895811867],
            [105.58863241037939, 9.608943636825096],
            [105.58846296099398, 9.61113746856861],
            [105.58809731231585, 9.611748394914732],
            [105.5872277925797, 9.612011460464322],
            [105.58606840972388, 9.611842066042398],
            [105.58466372271499, 9.611842016824612],
            [105.5837764164332, 9.612203216760419],
            [105.58174747369837, 9.61298801976215],
            [105.57901851561576, 9.613781747357043],
            [105.57768974721465, 9.614307895722643],
            [105.5767221402616, 9.61421875547388],
            [105.57618698860749, 9.613518628411247],
            [105.57583478419505, 9.612212148677202],
            [105.5755627365104, 9.60888118235881],
            [105.57502767781206, 9.60818108054312],
            [105.5728203652733, 9.607039615722147],
            [105.57193750162322, 9.606259211012967],
            [105.57148708093531, 9.605117701776017],
            [105.57052398067732, 9.603449963319724],
            [105.5696410390035, 9.602749927121682],
            [105.5691059981695, 9.602839078736368],
            [105.5682364819846, 9.604069805518952],
            [105.56698785704803, 9.605041942146924],
            [105.56593112181194, 9.605737539606869],
            [105.56514186197836, 9.606281570511738],
            [105.56310848077844, 9.60645100339506],
            [105.56178412534945, 9.606098678147099],
            [105.56009857200895, 9.60522472651172],
            [105.55957688831806, 9.604520177665087],
            [105.55903731585784, 9.602950594589933],
            [105.55886789473843, 9.601719855684022],
            [105.55885894959407, 9.598830346018653],
            [105.55876082139021, 9.59724295603912],
            [105.55850221760593, 9.596458162344119],
            [105.55753462596248, 9.596030032961828],
            [105.55681669552571, 9.596030035701823],
            [105.55576431459872, 9.596123718668418],
            [105.55452919501859, 9.596302080775216],
            [105.55267420617005, 9.596471502095648],
            [105.55126066013175, 9.596739033915975],
            [105.5496687684078, 9.596569626742333],
            [105.54870560798014, 9.59630204789543],
            [105.54794307988428, 9.595989886444466],
            [105.54788959123348, 9.595651062407528],
            [105.54817939615738, 9.594683414882056],
            [105.54885274721155, 9.59347949231545],
            [105.54928522098122, 9.5922799367337],
            [105.54942350547513, 9.590799530349946],
            [105.54918718753753, 9.589983522868033],
            [105.54869666334997, 9.589359269113542],
            [105.54807241872886, 9.58821325733751],
            [105.54753726422116, 9.586581260414485],
            [105.54656964315625, 9.585479853946218],
            [105.54829979056495, 9.58386116170055],
            [105.54926294877984, 9.580837887594553],
            [105.54910239223048, 9.580133343064213],
            [105.55093954354807, 9.578251610158164],
            [105.55148356368561, 9.576530383379053],
            [105.55188938841387, 9.574813614993596],
            [105.5520097853496, 9.57323955081517],
            [105.55270980660222, 9.572379008762772],
            [105.5532761943419, 9.571941954100943],
            [105.55384687744376, 9.571509480485222],
            [105.55455146788364, 9.570791554782819],
            [105.5551088271192, 9.569922003575277],
            [105.55567066060291, 9.568918765125856],
            [105.55606754993971, 9.566769453820365],
            [105.5563440401979, 9.565338074972868],
            [105.55603633188207, 9.565061596130983],
            [105.5558713861332, 9.563630219579924],
            [105.55626818647032, 9.561922413305243],
            [105.55639753140743, 9.56034386429554],
            [105.55708424190033, 9.558341729016616],
            [105.55821239575793, 9.55747224636417],
            [105.55892138671109, 9.556598267426695],
            [105.55903731585784, 9.555612760762003],
            [105.55945648623059, 9.554743213062796],
            [105.55988898593804, 9.554310750390572],
            [105.55988451334001, 9.553592760819038],
            [105.55959468922799, 9.55345011968721],
            [105.55481901083138, 9.552219394231109],
            [105.55475657516244, 9.548799293352326],
            [105.55429725326125, 9.546948709823774],
            [105.55365966098174, 9.54266797070467],
            [105.55330741191221, 9.538971428883958],
            [105.55262062663866, 9.532260414985334],
            [105.5523085418446, 9.529339717754382],
            [105.55213912717137, 9.527627469978144],
            [105.551345367027, 9.521148399312688],
            [105.55039114217466, 9.510589256812207],
            [105.55030643573684, 9.509831186022815],
            [105.54997199329199, 9.506589385426029],
            [105.54955284540375, 9.503031066210232],
            [105.54767554734657, 9.499240833745503],
            [105.54734110988295, 9.493809637041673],
            [105.5473098933668, 9.488632632465997],
            [105.54622635272717, 9.481230484818477],
            [105.5446923768134, 9.474238640117724],
            [105.54448728121899, 9.472713646350204]
          ]
        ]
      },
      "id": "000000000000000000e3",
      "properties": {
        "ADM0_CODE": 264,
        "ADM0_NAME": "Viet Nam",
        "ADM1_CODE": 3377,
        "ADM1_NAME": "Soc Trang",
        "DISP_AREA": "NO",
        "EXP1_YEAR": 3000,
        "STATUS": "Member State",
        "STR1_YEAR": 1992,
        "Shape_Area": 0.274656654891,
        "Shape_Leng": 2.84046476372
      }
    },
    {
      "type": "Feature",
      "geometry": {
        "type": "Polygon",
        "coordinates": [
          [
            [106.27746979575424, 9.599031067273662],
            [106.28381510779458, 9.604417658645136],
            [106.28435469075036, 9.604636118317249],
            [106.28888512518644, 9.60648667466349],
            [106.29060188929367, 9.605510147639063],
            [106.29100320004463, 9.60527823599037],
            [106.29125293085532, 9.605135539937491],
            [106.29148928190992, 9.605001778693728],
            [106.29383475780278, 9.603664065058334],
            [106.30656989318055, 9.596391285638873],
            [106.30677949994285, 9.596270813504995],
            [106.30701137879825, 9.596137041278634],
            [106.30740823172167, 9.595914081167825],
            [106.3075420429071, 9.595833860524815],
            [106.30874149797967, 9.595151590600796],
            [106.30900463185318, 9.59499998517144],
            [106.31068564325551, 9.594041290713385],
            [106.31094877964667, 9.59388968804202],
            [106.3113322588882, 9.59367115490138],
            [106.31386943684592, 9.592221975753304],
            [106.31391856236961, 9.592195238628324],
            [106.32019244726793, 9.588610114358174],
            [106.32038868610445, 9.588498671639348],
            [106.32067410842026, 9.58833362000383],
            [106.32076769253918, 9.58828012754362],
            [106.32120911916934, 9.588235592327342],
            [106.3229036135546, 9.588061610597755],
            [106.32617660434242, 9.586643642697604],
            [106.33562098880924, 9.579794450457054],
            [106.33913032056601, 9.576668603359046],
            [106.33938891285406, 9.576436778882261],
            [106.34007118848493, 9.575830312958335],
            [106.34443660281694, 9.571937557676014],
            [106.34564058648715, 9.570862888945593],
            [106.35478171583173, 9.559737461266968],
            [106.3581216002793, 9.556027471610614],
            [106.35894209499307, 9.555652923512334],
            [106.36190287394417, 9.550828183196423],
            [106.36309348562651, 9.549419059263172],
            [106.36488157204764, 9.548968720030103],
            [106.36506887062168, 9.548892886176647],
            [106.3674990963302, 9.547903012419273],
            [106.36772206084984, 9.547809311087923],
            [106.36910432050345, 9.543104997895298],
            [106.3711778621605, 9.538730570163544],
            [106.38114394598372, 9.529433415872615],
            [106.38127771556896, 9.529308531818467],
            [106.38237015545842, 9.528389970529743],
            [106.3879440248096, 9.526361052063738],
            [106.3946684092014, 9.525955255052404],
            [106.41170657370255, 9.531167948266129],
            [106.41222385113045, 9.531564819901659],
            [106.41437312256129, 9.533223613281535],
            [106.4161924730724, 9.53462824816274],
            [106.4172403500107, 9.535435356049568],
            [106.42066499106497, 9.534240329247638],
            [106.42385767754216, 9.531560366289762],
            [106.42411628630603, 9.531390946671593],
            [106.42430804158747, 9.531261631654012],
            [106.42482975343134, 9.53133742102612],
            [106.431290965668, 9.533201326068221],
            [106.44528807088018, 9.537446390082856],
            [106.44552441938447, 9.537499908893853],
            [106.44627354705834, 9.537664923858683],
            [106.44665260524769, 9.537749590642925],
            [106.44734377262704, 9.537901250176771],
            [106.45054091208641, 9.538610195153826],
            [106.45054540551452, 9.53861022422899],
            [106.45590523532275, 9.539796360494071],
            [106.46737846459631, 9.5435910589182],
            [106.47569474647898, 9.545932053377701],
            [106.48486704472711, 9.549722325234669],
            [106.49403947318987, 9.552553839049535],
            [106.50418834059101, 9.558729648452607],
            [106.51676300907216, 9.567763783557178],
            [106.52940908740605, 9.576851431577165],
            [106.54032934109495, 9.591423823472539],
            [106.54424005476699, 9.596279777402973],
            [106.54755761397453, 9.599931810762834],
            [106.5526588025361, 9.607164441581439],
            [106.5684261803297, 9.634650297307976],
            [106.57018310855806, 9.639657940913697],
            [106.57736671119272, 9.66018759892246],
            [106.57934654245865, 9.66957404465197],
            [106.57993068474765, 9.682077338365703],
            [106.57987718026924, 9.687405979152457],
            [106.57930634676542, 9.692146009126455],
            [106.57752722278916, 9.694745658261482],
            [106.5763366522392, 9.695490289268005],
            [106.57499448070983, 9.695864833667594],
            [106.57410264178127, 9.695869335021047],
            [106.57488738430847, 9.704377273874453],
            [106.5714137492003, 9.711057062636375],
            [106.57069582967294, 9.717790244839131],
            [106.57234577131537, 9.719413367386933],
            [106.5728094909206, 9.723034138992285],
            [106.5729476988001, 9.726873440069424],
            [106.5727782885034, 9.732509783936845],
            [106.57077612791736, 9.732572180311802],
            [106.57006711254488, 9.732594520005641],
            [106.56897909098491, 9.737927603316564],
            [106.56842168439591, 9.740669903054076],
            [106.56516656322101, 9.742413436265096],
            [106.55728734479409, 9.74663176727117],
            [106.54988970946408, 9.75059591450038],
            [106.54638932806444, 9.752388454867162],
            [106.54312078691656, 9.75184445306936],
            [106.54205951532433, 9.751666062335946],
            [106.53832721513312, 9.752352804584598],
            [106.5357008076012, 9.754024892807548],
            [106.53503641156323, 9.754444048236717],
            [106.53494282089441, 9.7545020899932],
            [106.53459947565258, 9.754720560660827],
            [106.53265530155086, 9.755955738893114],
            [106.53241444996064, 9.756107349986793],
            [106.52961415446725, 9.757886515730517],
            [106.52891408636376, 9.758332445207525],
            [106.52885609957544, 9.758363666076468],
            [106.52672021895947, 9.759723621500749],
            [106.52412497044358, 9.761369071217985],
            [106.52327334963725, 9.761623198668062],
            [106.5231707741961, 9.761654412935764],
            [106.52303250869316, 9.761694545023474],
            [106.52010288346032, 9.762573040107897],
            [106.51861803885441, 9.763982092006644],
            [106.51750771595066, 9.766358796316133],
            [106.51603619422501, 9.771098821332616],
            [106.5159961003679, 9.778500952556591],
            [106.51872951196357, 9.79404539167649],
            [106.51923779412569, 9.796934837737984],
            [106.51783323386715, 9.806035865188143],
            [106.52387972343828, 9.822168917785596],
            [106.52675590969139, 9.829847484639156],
            [106.52954286195047, 9.833165021865115],
            [106.53001997386485, 9.833731338977847],
            [106.53023843699862, 9.833860645417943],
            [106.53256162202719, 9.835260843059928],
            [106.53746214143544, 9.83715147454085],
            [106.53756921906357, 9.837218411072213],
            [106.5429870038287, 9.840763391756958],
            [106.5441508655636, 9.841530301666456],
            [106.54585868346304, 9.847041799017667],
            [106.5469823712737, 9.847630359439142],
            [106.5548482618875, 9.846332775005692],
            [106.55870088732816, 9.846167761245223],
            [106.55967745188279, 9.846252480026166],
            [106.53432742506403, 9.866470102207636],
            [106.52725531086466, 9.87152220927518],
            [106.52119092507591, 9.879000153604839],
            [106.51331171704194, 9.888292884119275],
            [106.50401889515696, 9.898798601173201],
            [106.4945209994147, 9.909915084577957],
            [106.48886688846211, 9.916581478082792],
            [106.47593553340317, 9.925472916101347],
            [106.46449347156657, 9.931314323601882],
            [106.46006557885495, 9.933450202634612],
            [106.45833544754967, 9.934061137239857],
            [106.45526310896432, 9.935171458269831],
            [106.45168242566548, 9.936518086461938],
            [106.4447708909612, 9.93922027921579],
            [106.44119910440052, 9.94094149767428],
            [106.44095835743843, 9.94118233913555],
            [106.43971868123336, 9.94143203452773],
            [106.43737764988256, 9.942778674099658],
            [106.43651703474136, 9.943269181271095],
            [106.43232552948122, 9.945471990293765],
            [106.43147383138961, 9.946212193386696],
            [106.42899900234463, 9.947309096489196],
            [106.42765237558889, 9.94829009500495],
            [106.42727775502861, 9.948410557873114],
            [106.42431693745534, 9.95036807067895],
            [106.42296584818935, 9.951233169560977],
            [106.41976868265327, 9.953431448946002],
            [106.41718239406515, 9.954902969353085],
            [106.41324502184028, 9.957221664677126],
            [106.41188052685024, 9.958202736728952],
            [106.40954394213432, 9.959660857019141],
            [106.40856295279553, 9.960160258975286],
            [106.40339482042248, 9.963580357420817],
            [106.40055887159205, 9.965172282749116],
            [106.39982760849007, 9.965912466161113],
            [106.39871279437564, 9.966282562286311],
            [106.3962468914694, 9.967499944430296],
            [106.39303639214623, 9.969461956639707],
            [106.38812245005184, 9.97264126831496],
            [106.38391745913377, 9.975450517671886],
            [106.38331553389456, 9.975579792452944],
            [106.38085852923425, 9.97717173521328],
            [106.37937368574332, 9.977662257518237],
            [106.37838816811072, 9.978638757777667],
            [106.37544071694862, 9.980832619620845],
            [106.37446420170001, 9.981809216148491],
            [106.37113770629432, 9.984497996189868],
            [106.36953686808329, 9.98584020892856],
            [106.35897775703391, 9.996461790876879],
            [106.35663674135613, 9.999021305996138],
            [106.35484414559801, 9.999667901517897],
            [106.35238721179525, 10.000880737881632],
            [106.35053222473314, 10.001500541741787],
            [106.34668846404466, 10.003431380984258],
            [106.34496278340913, 10.004501533015755],
            [106.3445971155991, 10.00463088927005],
            [106.34355814113633, 10.005232872689891],
            [106.34121712205841, 10.006080066884907],
            [106.33866208881872, 10.007061060768178],
            [106.33738673984217, 10.00789934974203],
            [106.33587068460525, 10.008510284600533],
            [106.33319967397308, 10.009950532109691],
            [106.33087206643228, 10.010909279937774],
            [106.33006497707447, 10.011172388931485],
            [106.32692125705319, 10.012969405933799],
            [106.32343422931261, 10.014891261524744],
            [106.32041994063682, 10.016920136895099],
            [106.31984020576672, 10.017281335368375],
            [106.3190241789699, 10.017410613628876],
            [106.31880126753018, 10.01800371583943],
            [106.31521612711593, 10.020960076340044],
            [106.31165332227569, 10.02415728522825],
            [106.30829560808137, 10.027242976758059],
            [106.3063425051124, 10.029138100488856],
            [106.30393015970245, 10.031501405131433],
            [106.30198598930211, 10.034208103132968],
            [106.29876646110448, 10.037748600039315],
            [106.29683572061803, 10.040803076252443],
            [106.29604196710808, 10.041971385170848],
            [106.29421820470104, 10.044330245133072],
            [106.29239445871316, 10.047041364768729],
            [106.29203768566659, 10.047152870477843],
            [106.28965209075997, 10.050332168198837],
            [106.28846594888333, 10.050590809765172],
            [106.28616507437278, 10.052138153246148],
            [106.28164799049227, 10.055700951722438],
            [106.27715327617454, 10.059379734116595],
            [106.27287254352137, 10.062478778401063],
            [106.27020146408529, 10.064971409761865],
            [106.26824845942508, 10.066630206336564],
            [106.26745023897828, 10.067223292230624],
            [106.26201461243419, 10.07243148870759],
            [106.26074818523057, 10.073269769062577],
            [106.25959776805021, 10.074219567934959],
            [106.2562177541942, 10.076252938871551],
            [106.25495136348356, 10.076850479444424],
            [106.2529581946894, 10.077358763375932],
            [106.25096944493576, 10.07763081531859],
            [106.24920803835313, 10.078121342525952],
            [106.24455271667671, 10.079842537351654],
            [106.24304112724802, 10.080560430006615],
            [106.24140906875368, 10.081398758036547],
            [106.23987514877584, 10.081550340801352],
            [106.2397592478896, 10.081198068941152],
            [106.2376188192494, 10.07985143020302],
            [106.237137266355, 10.079632963229418],
            [106.23665571461812, 10.07952144211744],
            [106.23451083045246, 10.078170373518914],
            [106.23281635947865, 10.076230671979692],
            [106.23268708652036, 10.07553949893854],
            [106.23313298880625, 10.07425083526162],
            [106.23298585081712, 10.07367114900239],
            [106.23227682497648, 10.07298891368172],
            [106.23121562500229, 10.072899665503286],
            [106.23014985229803, 10.072342330401222],
            [106.22978421241457, 10.071771534703123],
            [106.22963707688771, 10.07083957329917],
            [106.22928032530298, 10.070273292899163],
            [106.22867392088604, 10.070050331199043],
            [106.2282011870526, 10.069591020632139],
            [106.22782217490018, 10.068320236165512],
            [106.22815666071797, 10.067620160349179],
            [106.22931596452429, 10.066790747356576],
            [106.22930258859414, 10.066322559744565],
            [106.22785341509781, 10.064507678726835],
            [106.2270953928296, 10.063299289260003],
            [106.22747889213055, 10.06233167119781],
            [106.227510042504, 10.059861277545723],
            [106.2282547802548, 10.057921564682765],
            [106.22602075486351, 10.056900475145074],
            [106.22541875904191, 10.056311847943881],
            [106.22505752651143, 10.055968531654527],
            [106.22492825856769, 10.054929560503929],
            [106.22537414355735, 10.053529349302648],
            [106.225904772229, 10.051888389307798],
            [106.22644877804755, 10.04968118617829],
            [106.22617237622637, 10.047710231456495],
            [106.22543213471225, 10.046439376897434],
            [106.22338988668636, 10.044281163916978],
            [106.22326053005274, 10.043710407823164],
            [106.22360389534668, 10.043251175628882],
            [106.22759029737901, 10.043161927283201],
            [106.23166592285749, 10.042751751046811],
            [106.23117989567042, 10.041271331482134],
            [106.23123339989843, 10.032999644925901],
            [106.23103275911717, 10.030061110215742],
            [106.23142964203838, 10.027390140382645],
            [106.23183981207315, 10.024603220738232],
            [106.23171053974559, 10.021999049541215],
            [106.23039062019726, 10.0204026726055],
            [106.22798717347038, 10.018570000023447],
            [106.2256640097304, 10.017450798925868],
            [106.22392490876693, 10.016211189672383],
            [106.22280127428402, 10.014811007750303],
            [106.2211290751402, 10.013910285951292],
            [106.21981811240053, 10.013821104180215],
            [106.21888615275112, 10.01372294095797],
            [106.21747709044726, 10.013629307726209],
            [106.21407480748829, 10.01381219170819],
            [106.21299566163114, 10.013361762206024],
            [106.21263893977151, 10.012791018828908],
            [106.21189874843702, 10.011292787539567],
            [106.21090883883035, 10.00957155606294],
            [106.20970933851996, 10.008430018378307],
            [106.20908952920793, 10.00838097279587],
            [106.20787666535449, 10.00925047112499],
            [106.20789892625865, 10.00952252308566],
            [106.20833597652981, 10.010200266799872],
            [106.20836712391579, 10.011011851249332],
            [106.2081085199741, 10.011301681270492],
            [106.20729249703321, 10.011462200921525],
            [106.20701603198364, 10.011471088910325],
            [106.20446987873052, 10.009223701865139],
            [106.20327041719673, 10.010222607952313],
            [106.20194162008798, 10.011230357898198],
            [106.19956041704548, 10.013642676737716],
            [106.19879343679831, 10.015038425208594],
            [106.19818703531712, 10.017120838565482],
            [106.19706776449779, 10.02017977324695],
            [106.19528412477705, 10.0236712626814],
            [106.19448152802752, 10.024241976753492],
            [106.19287176675314, 10.024701239780269],
            [106.19164993658651, 10.025441498511487],
            [106.1909543413409, 10.0253210989686],
            [106.19040585498871, 10.025200722067662],
            [106.17854470372285, 10.022721395637912],
            [106.1781299765601, 10.02273929219591],
            [106.17661386493704, 10.022239880008126],
            [106.17455380977027, 10.021887602478527],
            [106.17315807489666, 10.021530852855866],
            [106.17135661143338, 10.02118302847648],
            [106.17066988240771, 10.02092888794699],
            [106.17038898112796, 10.020942267296137],
            [106.16942584277244, 10.020701443568747],
            [106.16571136038748, 10.020001351729837],
            [106.16253647111247, 10.019421675241782],
            [106.1499172892528, 10.017250089649748],
            [106.14837438401885, 10.018110718457411],
            [106.13488565039297, 10.023359069247583],
            [106.13474289225712, 10.019528722558185],
            [106.13446204217328, 10.004300917500625],
            [106.13406957055624, 10.000889721945837],
            [106.13346318819602, 9.999342344663422],
            [106.13272293407937, 9.998450538929262],
            [106.1312558932577, 9.99445969170878],
            [106.12965956789915, 9.98975080676752],
            [106.13128711823256, 9.98695941150713],
            [106.13115782174536, 9.984609525284359],
            [106.13128711823256, 9.983142418219014],
            [106.13189798023413, 9.982549429657054],
            [106.13247770869462, 9.98241112672295],
            [106.13292805148603, 9.98124287668155],
            [106.13292805148603, 9.98035996273744],
            [106.13124252394526, 9.960918316344092],
            [106.1280052031533, 9.957221699279467],
            [106.12595400045929, 9.954412495681103],
            [106.12330535088434, 9.950711396606637],
            [106.11303607111915, 9.938720916543692],
            [106.11215754865553, 9.938132283819492],
            [106.11081536917774, 9.939590440238735],
            [106.11023570480643, 9.94046888722256],
            [106.10994143226519, 9.940468820563071],
            [106.1093349451322, 9.941048574796039],
            [106.10875528515017, 9.941931415067176],
            [106.10668176548208, 9.94441074442303],
            [106.10372099123072, 9.947920046110461],
            [106.10016708071682, 9.949957855262515],
            [106.09706798074957, 9.952138321157353],
            [106.0926356670843, 9.95505013842227],
            [106.09101256498458, 9.956218370921826],
            [106.08835048434271, 9.957948516131669],
            [106.08737832937295, 9.956762416579274],
            [106.0850373549147, 9.954189476825333],
            [106.0817108262658, 9.950162965432337],
            [106.07949909251744, 9.94675171076509],
            [106.07816135386227, 9.945039447112157],
            [106.07752823433195, 9.944789718309753],
            [106.07493747114513, 9.94502158942163],
            [106.07134784744889, 9.945489775196362],
            [106.06874819690734, 9.945958022057598],
            [106.06527906048994, 9.946551041707501],
            [106.06356227532392, 9.946791842924291],
            [106.06282210701677, 9.945810884846765],
            [106.06157803505127, 9.94568154698739],
            [106.06108749437914, 9.945801947732322],
            [106.05824258030454, 9.946029398125209],
            [106.05763167996832, 9.94577967245288],
            [106.05663286072583, 9.945409572228323],
            [106.05577226225242, 9.94455337803547],
            [106.05539770803077, 9.942720706018743],
            [106.05490269842711, 9.94186007984299],
            [106.05441226435927, 9.941744141876399],
            [106.05304770178837, 9.941360651670024],
            [106.05193293647349, 9.940749824649526],
            [106.05020281621033, 9.939269397998922],
            [106.04859755828632, 9.938903756011799],
            [106.04698334488367, 9.937909316991973],
            [106.0442722716237, 9.935207083668484],
            [106.04265800468009, 9.932518264281466],
            [106.04178401557003, 9.931911887546766],
            [106.04055783659562, 9.931532852492326],
            [106.0401743433665, 9.931162734328922],
            [106.0395678946847, 9.929080315538029],
            [106.0389480849359, 9.928228618031527],
            [106.03707969928683, 9.926997887105523],
            [106.03671854412335, 9.926632291959487],
            [106.03450230206958, 9.926369194134908],
            [106.03201865610077, 9.926721481411425],
            [106.02953934678756, 9.927323453070048],
            [106.02693972041662, 9.928518493108076],
            [106.02607907497503, 9.929000082250107],
            [106.02372018903948, 9.930079196352969],
            [106.02137029964798, 9.931407981667597],
            [106.02063011375249, 9.932339931363268],
            [106.017120771051, 9.927029099430293],
            [106.017120771051, 9.926150710418899],
            [106.01360252518934, 9.924063840686149],
            [106.01315219006779, 9.923180924991541],
            [106.01374967793411, 9.921419609440997],
            [106.01508293536429, 9.91922121112371],
            [106.01552439734004, 9.917018467198695],
            [106.01422234299785, 9.915101058986462],
            [106.01185454572757, 9.914200265472852],
            [106.01024485481918, 9.912131269462424],
            [106.00847457806384, 9.911979641465374],
            [106.00370777082519, 9.909393388414067],
            [106.00026087633913, 9.908969789302084],
            [105.99907477376934, 9.908479248193732],
            [105.99682740392717, 9.906682213595838],
            [105.99356776029973, 9.906508358811518],
            [105.9914943101094, 9.906798156849652],
            [105.98901946939588, 9.9041984931714],
            [105.98612110781478, 9.902780509169165],
            [105.98033760651704, 9.908131471371313],
            [105.97483068481327, 9.913081035773768],
            [105.96588123421475, 9.919020602078895],
            [105.96135520869267, 9.922248960441353],
            [105.95739558501417, 9.921000454636712],
            [105.95435445210745, 9.92242287330454],
            [105.95179045022627, 9.922271229412146],
            [105.95507232863704, 9.916612675047814],
            [105.96678195177783, 9.904238670579174],
            [105.97773801985119, 9.888448995015569],
            [105.97931650580944, 9.883918532549808],
            [105.98139000314748, 9.884003283382548],
            [105.98591596652173, 9.878201965939116],
            [105.98912204168084, 9.874260112431777],
            [105.9943080210858, 9.86789254615233],
            [105.99915502465647, 9.862412318118338],
            [106.0016878316652, 9.85773023234846],
            [106.00314151858656, 9.855250989765006],
            [106.00599530342976, 9.850881100793522],
            [106.00734644091432, 9.848820989153966],
            [106.01082448905174, 9.84384907409643],
            [106.01344201135502, 9.840451229361006],
            [106.01380769614055, 9.839849254597805],
            [106.0161575827414, 9.836821523818582],
            [106.01708059700769, 9.835822678562785],
            [106.01828905025224, 9.834493825922992],
            [106.02339026656702, 9.829330203211326],
            [106.02710912372903, 9.82604833791876],
            [106.02826849566205, 9.825111927977373],
            [106.03233523084523, 9.820889151232445],
            [106.03579543567564, 9.817272799285078],
            [106.03649998593848, 9.816559365914266],
            [106.04577498071436, 9.80728890964288],
            [106.04705913135415, 9.806120568273824],
            [106.05101881397842, 9.803409452838673],
            [106.05153614650806, 9.803052760133172],
            [106.053801286422, 9.800600266192628],
            [106.0550632467918, 9.798259218682002],
            [106.05621372771357, 9.796270475793097],
            [106.05690041390224, 9.794749923149213],
            [106.05782344380697, 9.793581630737645],
            [106.05816678945187, 9.793001958829194],
            [106.05827379358739, 9.792408903721064],
            [106.0632634988529, 9.78737006820017],
            [106.06533251966607, 9.784801682934393],
            [106.06915399197202, 9.780338110548549],
            [106.07273909009804, 9.775660496372813],
            [106.0735462127437, 9.774483261415012],
            [106.07563758915208, 9.773078646729118],
            [106.07772889837467, 9.771321766240016],
            [106.08133631166393, 9.76943109539912],
            [106.08695921967559, 9.767518142583784],
            [106.08976840219391, 9.766688770867761],
            [106.09338922596238, 9.765382223472347],
            [106.09617616318927, 9.763491604140558],
            [106.09816048748895, 9.76173021755135],
            [106.10117931152618, 9.759500682459915],
            [106.10685572425224, 9.753641408931431],
            [106.10748445326989, 9.752789780094202],
            [106.10755129173333, 9.752580139750853],
            [106.10813991977896, 9.752348307350745],
            [106.10941524176735, 9.751291456583091],
            [106.10991469655018, 9.750618185173652],
            [106.11045865243818, 9.750123177955093],
            [106.11428011304766, 9.74648015398244],
            [106.11432470347565, 9.746150141031302],
            [106.11463235078992, 9.746011952156616],
            [106.11833339754367, 9.742136926654373],
            [106.12087960687984, 9.739327693171681],
            [106.12493733469917, 9.735457236384585],
            [106.12701975105622, 9.732879899976675],
            [106.13025705559039, 9.729250139213828],
            [106.13246882567326, 9.727020600292036],
            [106.13440847432749, 9.725228091336989],
            [106.13508628362412, 9.724313961960153],
            [106.13855549429263, 9.721143523383292],
            [106.13936701649637, 9.719970809544952],
            [106.14351844822171, 9.715400195923023],
            [106.14885599097954, 9.710419342661352],
            [106.1507422289445, 9.708742760645585],
            [106.15158045304781, 9.707899955966273],
            [106.15795254443175, 9.700622722531323],
            [106.16176505736472, 9.696761146753005],
            [106.1645430942759, 9.693019978702326],
            [106.1683735037116, 9.689381353801414],
            [106.17125851996163, 9.686679142044351],
            [106.174375393524, 9.683281253558564],
            [106.17507999503873, 9.682340428151134],
            [106.18110865409143, 9.676713018213496],
            [106.18575504602892, 9.672949562895838],
            [106.18605822755954, 9.672628477879297],
            [106.18633475321398, 9.672360952448688],
            [106.19190860888519, 9.66766103465699],
            [106.19352724812205, 9.665792690380153],
            [106.19860171463809, 9.661931147639141],
            [106.20011781472753, 9.660071699141604],
            [106.20128611097554, 9.658907881819825],
            [106.20337741070303, 9.656709531467968],
            [106.20805951003203, 9.652303872767853],
            [106.21016865391998, 9.650439986071062],
            [106.21391430863314, 9.647430095421965],
            [106.21835105440229, 9.643247504019152],
            [106.22162405468218, 9.640701356506757],
            [106.22442438369342, 9.637909897773243],
            [106.22783115196796, 9.634900028001935],
            [106.23156789141994, 9.631190095169298],
            [106.23519311155636, 9.628287215194844],
            [106.23845714060272, 9.626071022726437],
            [106.23963885827159, 9.625268377335775],
            [106.24360744450462, 9.622017696109575],
            [106.24770979101753, 9.618312161370193],
            [106.24923039363833, 9.61703243055393],
            [106.25051901394204, 9.61599346113635],
            [106.25332827615763, 9.614249973305041],
            [106.25462141187884, 9.613670254810096],
            [106.25531704925531, 9.613090569329975],
            [106.25749753069024, 9.611868777876676],
            [106.25987870519066, 9.610419546175246],
            [106.26081956464482, 9.609830995290292],
            [106.26187194256933, 9.609019436093737],
            [106.26362430184201, 9.608087500135932],
            [106.26619724576776, 9.606241394596513],
            [106.26795853174532, 9.605082071113436],
            [106.27099520592719, 9.603209203681633],
            [106.27229285486172, 9.602290653133139],
            [106.27323368249692, 9.60217020401302],
            [106.27356815415358, 9.60159057323304],
            [106.27709078045235, 9.599271808009686],
            [106.27746979575424, 9.599031067273662]
          ]
        ]
      },
      "id": "000000000000000000e4",
      "properties": {
        "ADM0_CODE": 264,
        "ADM0_NAME": "Viet Nam",
        "ADM1_CODE": 3386,
        "ADM1_NAME": "Tra Vinh",
        "DISP_AREA": "NO",
        "EXP1_YEAR": 3000,
        "STATUS": "Member State",
        "STR1_YEAR": 1992,
        "Shape_Area": 0.185032717052,
        "Shape_Leng": 2.02334670152
      }
    },
    {
      "type": "Feature",
      "geometry": {
        "type": "Polygon",
        "coordinates": [
          [
            [105.97931650580944, 9.883918532549808],
            [105.97773801985119, 9.888448995015569],
            [105.96678195177783, 9.904238670579174],
            [105.95507232863704, 9.916612675047814],
            [105.95179045022627, 9.922271229412146],
            [105.95435445210745, 9.92242287330454],
            [105.95739558501417, 9.921000454636712],
            [105.96135520869267, 9.922248960441353],
            [105.96588123421475, 9.919020602078895],
            [105.97483068481327, 9.913081035773768],
            [105.98033760651704, 9.908131471371313],
            [105.98612110781478, 9.902780509169165],
            [105.98901946939588, 9.9041984931714],
            [105.9914943101094, 9.906798156849652],
            [105.99356776029973, 9.906508358811518],
            [105.99682740392717, 9.906682213595838],
            [105.99907477376934, 9.908479248193732],
            [106.00026087633913, 9.908969789302084],
            [106.00370777082519, 9.909393388414067],
            [106.00847457806384, 9.911979641465374],
            [106.01024485481918, 9.912131269462424],
            [106.01185454572757, 9.914200265472852],
            [106.01422234299785, 9.915101058986462],
            [106.01552439734004, 9.917018467198695],
            [106.01508293536429, 9.91922121112371],
            [106.01374967793411, 9.921419609440997],
            [106.01315219006779, 9.923180924991541],
            [106.01360252518934, 9.924063840686149],
            [106.017120771051, 9.926150710418899],
            [106.017120771051, 9.927029099430293],
            [106.02063011375249, 9.932339931363268],
            [106.02137029964798, 9.931407981667597],
            [106.02372018903948, 9.930079196352969],
            [106.02607907497503, 9.929000082250107],
            [106.02693972041662, 9.928518493108076],
            [106.02953934678756, 9.927323453070048],
            [106.03201865610077, 9.926721481411425],
            [106.03450230206958, 9.926369194134908],
            [106.03671854412335, 9.926632291959487],
            [106.03707969928683, 9.926997887105523],
            [106.0389480849359, 9.928228618031527],
            [106.0395678946847, 9.929080315538029],
            [106.0401743433665, 9.931162734328922],
            [106.04055783659562, 9.931532852492326],
            [106.04178401557003, 9.931911887546766],
            [106.04265800468009, 9.932518264281466],
            [106.0442722716237, 9.935207083668484],
            [106.04698334488367, 9.937909316991973],
            [106.04859755828632, 9.938903756011799],
            [106.05020281621033, 9.939269397998922],
            [106.05193293647349, 9.940749824649526],
            [106.05304770178837, 9.941360651670024],
            [106.05441226435927, 9.941744141876399],
            [106.05490269842711, 9.94186007984299],
            [106.05539770803077, 9.942720706018743],
            [106.05577226225242, 9.94455337803547],
            [106.05663286072583, 9.945409572228323],
            [106.05763167996832, 9.94577967245288],
            [106.05824258030454, 9.946029398125209],
            [106.06108749437914, 9.945801947732322],
            [106.06157803505127, 9.94568154698739],
            [106.06282210701677, 9.945810884846765],
            [106.06356227532392, 9.946791842924291],
            [106.06527906048994, 9.946551041707501],
            [106.06874819690734, 9.945958022057598],
            [106.07134784744889, 9.945489775196362],
            [106.07493747114513, 9.94502158942163],
            [106.07752823433195, 9.944789718309753],
            [106.07816135386227, 9.945039447112157],
            [106.07949909251744, 9.94675171076509],
            [106.0817108262658, 9.950162965432337],
            [106.0850373549147, 9.954189476825333],
            [106.08737832937295, 9.956762416579274],
            [106.08835048434271, 9.957948516131669],
            [106.09101256498458, 9.956218370921826],
            [106.0926356670843, 9.95505013842227],
            [106.09706798074957, 9.952138321157353],
            [106.10016708071682, 9.949957855262515],
            [106.10372099123072, 9.947920046110461],
            [106.10668176548208, 9.94441074442303],
            [106.10875528515017, 9.941931415067176],
            [106.1093349451322, 9.941048574796039],
            [106.10994143226519, 9.940468820563071],
            [106.11023570480643, 9.94046888722256],
            [106.11081536917774, 9.939590440238735],
            [106.11215754865553, 9.938132283819492],
            [106.11303607111915, 9.938720916543692],
            [106.12330535088434, 9.950711396606637],
            [106.12595400045929, 9.954412495681103],
            [106.1280052031533, 9.957221699279467],
            [106.13124252394526, 9.960918316344092],
            [106.13292805148603, 9.98035996273744],
            [106.13292805148603, 9.98124287668155],
            [106.13247770869462, 9.98241112672295],
            [106.13189798023413, 9.982549429657054],
            [106.13128711823256, 9.983142418219014],
            [106.13115782174536, 9.984609525284359],
            [106.13128711823256, 9.98695941150713],
            [106.12965956789915, 9.98975080676752],
            [106.1312558932577, 9.99445969170878],
            [106.13272293407937, 9.998450538929262],
            [106.13346318819602, 9.999342344663422],
            [106.13406957055624, 10.000889721945837],
            [106.13446204217328, 10.004300917500625],
            [106.13474289225712, 10.019528722558185],
            [106.13488565039297, 10.023359069247583],
            [106.14837438401885, 10.018110718457411],
            [106.1499172892528, 10.017250089649748],
            [106.16253647111247, 10.019421675241782],
            [106.16571136038748, 10.020001351729837],
            [106.16942584277244, 10.020701443568747],
            [106.17038898112796, 10.020942267296137],
            [106.17066988240771, 10.02092888794699],
            [106.17135661143338, 10.02118302847648],
            [106.17315807489666, 10.021530852855866],
            [106.17455380977027, 10.021887602478527],
            [106.17661386493704, 10.022239880008126],
            [106.1781299765601, 10.02273929219591],
            [106.17854470372285, 10.022721395637912],
            [106.19040585498871, 10.025200722067662],
            [106.1909543413409, 10.0253210989686],
            [106.19164993658651, 10.025441498511487],
            [106.19287176675314, 10.024701239780269],
            [106.19448152802752, 10.024241976753492],
            [106.19528412477705, 10.0236712626814],
            [106.19706776449779, 10.02017977324695],
            [106.19818703531712, 10.017120838565482],
            [106.19879343679831, 10.015038425208594],
            [106.19956041704548, 10.013642676737716],
            [106.20194162008798, 10.011230357898198],
            [106.20327041719673, 10.010222607952313],
            [106.20446987873052, 10.009223701865139],
            [106.20701603198364, 10.011471088910325],
            [106.20729249703321, 10.011462200921525],
            [106.2081085199741, 10.011301681270492],
            [106.20836712391579, 10.011011851249332],
            [106.20833597652981, 10.010200266799872],
            [106.20789892625865, 10.00952252308566],
            [106.20787666535449, 10.00925047112499],
            [106.20908952920793, 10.00838097279587],
            [106.20970933851996, 10.008430018378307],
            [106.21090883883035, 10.00957155606294],
            [106.21189874843702, 10.011292787539567],
            [106.21263893977151, 10.012791018828908],
            [106.21299566163114, 10.013361762206024],
            [106.21407480748829, 10.01381219170819],
            [106.21747709044726, 10.013629307726209],
            [106.21888615275112, 10.01372294095797],
            [106.21981811240053, 10.013821104180215],
            [106.2211290751402, 10.013910285951292],
            [106.22280127428402, 10.014811007750303],
            [106.22392490876693, 10.016211189672383],
            [106.2256640097304, 10.017450798925868],
            [106.22798717347038, 10.018570000023447],
            [106.23039062019726, 10.0204026726055],
            [106.23171053974559, 10.021999049541215],
            [106.23183981207315, 10.024603220738232],
            [106.23142964203838, 10.027390140382645],
            [106.23103275911717, 10.030061110215742],
            [106.23123339989843, 10.032999644925901],
            [106.23117989567042, 10.041271331482134],
            [106.23166592285749, 10.042751751046811],
            [106.22759029737901, 10.043161927283201],
            [106.22360389534668, 10.043251175628882],
            [106.22326053005274, 10.043710407823164],
            [106.22338988668636, 10.044281163916978],
            [106.22543213471225, 10.046439376897434],
            [106.22617237622637, 10.047710231456495],
            [106.22644877804755, 10.04968118617829],
            [106.225904772229, 10.051888389307798],
            [106.22537414355735, 10.053529349302648],
            [106.22492825856769, 10.054929560503929],
            [106.22505752651143, 10.055968531654527],
            [106.22541875904191, 10.056311847943881],
            [106.22602075486351, 10.056900475145074],
            [106.2282547802548, 10.057921564682765],
            [106.227510042504, 10.059861277545723],
            [106.22747889213055, 10.06233167119781],
            [106.2270953928296, 10.063299289260003],
            [106.22785341509781, 10.064507678726835],
            [106.22930258859414, 10.066322559744565],
            [106.22931596452429, 10.066790747356576],
            [106.22815666071797, 10.067620160349179],
            [106.22782217490018, 10.068320236165512],
            [106.2282011870526, 10.069591020632139],
            [106.22867392088604, 10.070050331199043],
            [106.22928032530298, 10.070273292899163],
            [106.22963707688771, 10.07083957329917],
            [106.22978421241457, 10.071771534703123],
            [106.23014985229803, 10.072342330401222],
            [106.23121562500229, 10.072899665503286],
            [106.23227682497648, 10.07298891368172],
            [106.23298585081712, 10.07367114900239],
            [106.23313298880625, 10.07425083526162],
            [106.23268708652036, 10.07553949893854],
            [106.23281635947865, 10.076230671979692],
            [106.23451083045246, 10.078170373518914],
            [106.23665571461812, 10.07952144211744],
            [106.237137266355, 10.079632963229418],
            [106.2376188192494, 10.07985143020302],
            [106.2397592478896, 10.081198068941152],
            [106.23987514877584, 10.081550340801352],
            [106.24140906875368, 10.081398758036547],
            [106.24304112724802, 10.080560430006615],
            [106.24455271667671, 10.079842537351654],
            [106.24920803835313, 10.078121342525952],
            [106.25096944493576, 10.07763081531859],
            [106.2529581946894, 10.077358763375932],
            [106.25495136348356, 10.076850479444424],
            [106.2562177541942, 10.076252938871551],
            [106.25959776805021, 10.074219567934959],
            [106.26074818523057, 10.073269769062577],
            [106.26201461243419, 10.07243148870759],
            [106.26745023897828, 10.067223292230624],
            [106.26824845942508, 10.066630206336564],
            [106.27020146408529, 10.064971409761865],
            [106.27287254352137, 10.062478778401063],
            [106.27715327617454, 10.059379734116595],
            [106.28164799049227, 10.055700951722438],
            [106.28616507437278, 10.052138153246148],
            [106.28846594888333, 10.050590809765172],
            [106.28965209075997, 10.050332168198837],
            [106.28942023175881, 10.051259654679983],
            [106.28807802300116, 10.054073343827685],
            [106.28682499156423, 10.056298503248845],
            [106.28434131115891, 10.060289365569915],
            [106.28275390524442, 10.063098595421136],
            [106.27932932463203, 10.068159660645998],
            [106.278205559781, 10.07014846627349],
            [106.27776413696044, 10.071432698197242],
            [106.27468291402745, 10.075780288062123],
            [106.27287254352139, 10.07872328826979],
            [106.26876124365434, 10.08459143684023],
            [106.26692847926792, 10.087084086603506],
            [106.26441801777733, 10.090588998411528],
            [106.26259427152799, 10.093179716284375],
            [106.26087756604912, 10.095529600910204],
            [106.2600703963058, 10.09613161196343],
            [106.25501825169802, 10.101562838829254],
            [106.25087580332848, 10.105700817306834],
            [106.24698742576157, 10.111091893765028],
            [106.24527956209391, 10.113580070092674],
            [106.24209577242263, 10.118391440206157],
            [106.24106576268946, 10.119920946267678],
            [106.23935785966827, 10.122498296531326],
            [106.23811383959446, 10.12425963489284],
            [106.23612954615602, 10.127559328805333],
            [106.23351201101886, 10.131429824330162],
            [106.23068049364156, 10.135657120158008],
            [106.22920006974981, 10.137538847825962],
            [106.22807191707622, 10.139188728961402],
            [106.22759927443639, 10.13942951410979],
            [106.22680552458111, 10.140602228257604],
            [106.22313566193138, 10.144740274323853],
            [106.22199416804293, 10.145801526382455],
            [106.21923839743951, 10.148860483947255],
            [106.2190155065515, 10.149449101710696],
            [106.21856065910383, 10.149689859085472],
            [106.2159119361336, 10.15206213620082],
            [106.20961122809783, 10.158790933014638],
            [106.2035067544397, 10.164592165829978],
            [106.20227157455386, 10.166193030526388],
            [106.19634989066864, 10.170910717554753],
            [106.19016064770365, 10.174678650368179],
            [106.18760115767887, 10.175989645645446],
            [106.18512633625, 10.175900463290205],
            [106.17774208494231, 10.17586925227339],
            [106.17679668083592, 10.175878157528347],
            [106.17598518415768, 10.176350867647763],
            [106.17436202128668, 10.177528037134241],
            [106.17263189473803, 10.179539070785617],
            [106.171936276485, 10.180230260612676],
            [106.171592910668, 10.181157760599522],
            [106.17090627056695, 10.1821030888857],
            [106.1698895522021, 10.184082905496147],
            [106.16710704270734, 10.18760119302289],
            [106.16584067956052, 10.189589891135181],
            [106.16385638892038, 10.190771572552517],
            [106.15978969192744, 10.193482754073033],
            [106.15850991479596, 10.193848372438334],
            [106.15780537235553, 10.194428002584678],
            [106.15336414765564, 10.195761310463281],
            [106.15104095972494, 10.197179269152231],
            [106.14803105918696, 10.199890428663151],
            [106.14618056121415, 10.20187916322701],
            [106.14399107002832, 10.205040678599387],
            [106.14272916246507, 10.207502110067036],
            [106.1419354830163, 10.210052690029293],
            [106.14116845701129, 10.212960062968895],
            [106.14106589398068, 10.214239814218002],
            [106.1386268298673, 10.21694201756414],
            [106.13388230785483, 10.221169245448987],
            [106.13342307981056, 10.221410098372248],
            [106.13259812302384, 10.222230534956111],
            [106.12796060961175, 10.225762137032602],
            [106.12667637380034, 10.226818957744307],
            [106.1258693005424, 10.22763939226479],
            [106.12564193887016, 10.22764831295059],
            [106.12435771824194, 10.228468779041494],
            [106.12168226318974, 10.230252466898468],
            [106.11725432582676, 10.232620224283783],
            [106.11387431370422, 10.234631334219323],
            [106.11120779422994, 10.236169715958457],
            [106.10991469655018, 10.236651254650301],
            [106.10885783128094, 10.237008031503832],
            [106.10758251292944, 10.23760109461457],
            [106.10571418432914, 10.238323453662371],
            [106.10372987294805, 10.239273209858387],
            [106.10291383321024, 10.239389177129409],
            [106.10138888154937, 10.239652206977542],
            [106.09658192576835, 10.240388000083785],
            [106.09342044489306, 10.240784868660075],
            [106.0904908212245, 10.241159415602791],
            [106.089202166774, 10.241288695962467],
            [106.07489737477705, 10.242501589776955],
            [106.06550644148363, 10.242947562598243],
            [106.06223352633572, 10.242880630137396],
            [106.06151560742556, 10.243112465668293],
            [106.05531294909413, 10.24341124139029],
            [106.0535515860706, 10.243781404597527],
            [106.04911031019248, 10.245342075198103],
            [106.04736236722154, 10.245707664010306],
            [106.04348742355633, 10.246100074819187],
            [106.0421987226852, 10.246461330243283],
            [106.03940735919477, 10.248458961780234],
            [106.03743197644259, 10.24976106770978],
            [106.03639299386033, 10.250817796751502],
            [106.03534513828822, 10.252222427294527],
            [106.03433289225507, 10.254559053339621],
            [106.03386466187995, 10.255950236037384],
            [106.03459153599152, 10.257109646856],
            [106.03518460631321, 10.257680357631882],
            [106.03613434770705, 10.25813072894513],
            [106.03672742277459, 10.258710465152243],
            [106.03652231706705, 10.260913272531628],
            [106.03631721157768, 10.262772719423635],
            [106.03587130743615, 10.264641032029225],
            [106.03405640212587, 10.26724066989683],
            [106.03420357051698, 10.270152465187884],
            [106.03420357051698, 10.270700947047276],
            [106.03407424886566, 10.271521457641484],
            [106.03283018259992, 10.272061021979589],
            [106.03186700532387, 10.271909357019652],
            [106.03145680447109, 10.27231964582712],
            [106.02995851157661, 10.272440003009661],
            [106.02857170198898, 10.27226163350021],
            [106.02822840896955, 10.272609484861055],
            [106.02812133180501, 10.27378224407147],
            [106.0284870445104, 10.275860139325149],
            [106.02886154651955, 10.276439824540546],
            [106.02922277663804, 10.276551346401874],
            [106.02987824781617, 10.277889005172552],
            [106.02966866539495, 10.278763027648115],
            [106.02937881964952, 10.27903058799126],
            [106.02883033799097, 10.2795790509089],
            [106.02842014360557, 10.279561217180037],
            [106.02854946146134, 10.280399524244112],
            [106.02881697572022, 10.281090680818323],
            [106.02884818424664, 10.284212014382156],
            [106.02909794231985, 10.285139567889253],
            [106.03005213772602, 10.286058084885026],
            [106.03029741334281, 10.28686962872767],
            [106.03035534686133, 10.287155046490417],
            [106.03019930305861, 10.288488318754167],
            [106.03032862210914, 10.289879539914445],
            [106.0314344739294, 10.292309760559935],
            [106.03275440171795, 10.295078891834708],
            [106.0347832769605, 10.297723075937414],
            [106.03526487228402, 10.298423228627346],
            [106.03481448645339, 10.299002862057344],
            [106.03304864694243, 10.29996158289716],
            [106.03013688557292, 10.301718447719217],
            [106.02712248588125, 10.304081801760212],
            [106.02536568469777, 10.304911186280748],
            [106.01177877311028, 10.315960842463184],
            [106.00699412919398, 10.318582769507067],
            [106.00031440714694, 10.323403049134964],
            [105.99595783740588, 10.327121966563933],
            [105.99350535472485, 10.329302513469813],
            [105.99134717445499, 10.33071151334857],
            [105.98966162301626, 10.331812916747113],
            [105.98857806848662, 10.332120587541514],
            [105.98687021611202, 10.331977915048087],
            [105.98420813794547, 10.330930015490903],
            [105.98029304699907, 10.327728422859193],
            [105.97708694078524, 10.325628135447205],
            [105.97558423153164, 10.32469172406047],
            [105.96837836691162, 10.31905099888049],
            [105.96256366830553, 10.314021109443159],
            [105.95765860710883, 10.309900902957926],
            [105.95031895720041, 10.303800833239295],
            [105.94534258950209, 10.299832298070482],
            [105.94481640052967, 10.299533535077513],
            [105.93728497676082, 10.293589505147379],
            [105.93493507608945, 10.291761269330378],
            [105.93164870612215, 10.289170552408304],
            [105.93007464978717, 10.288251983036046],
            [105.926163990849, 10.285518526547866],
            [105.9258518945327, 10.285210897786584],
            [105.92507156636685, 10.28505928200877],
            [105.91787900347045, 10.281269019945288],
            [105.91554242959745, 10.280221184498053],
            [105.91351356843515, 10.278999351968292],
            [105.91208664779779, 10.278089705238052],
            [105.9102182504344, 10.277487692953866],
            [105.90445713916912, 10.275378601320886],
            [105.90396216252284, 10.275119959989047],
            [105.90289200290846, 10.274781081711273],
            [105.9000916567532, 10.274339631565887],
            [105.89916419187307, 10.274201319964485],
            [105.8959134855536, 10.274540278797248],
            [105.89280550335864, 10.27503073401929],
            [105.89138752205265, 10.272341889996474],
            [105.88822154531789, 10.268993141485767],
            [105.88498868197614, 10.266661023348076],
            [105.88285718769816, 10.26518061045054],
            [105.88018178716314, 10.26449392185937],
            [105.87729674170068, 10.26376261686163],
            [105.87988302930569, 10.259731555701421],
            [105.8824782240665, 10.256922330292275],
            [105.8832184091253, 10.254759721197315],
            [105.8833075720506, 10.25075984735014],
            [105.88468991645621, 10.249359729946407],
            [105.88730740176578, 10.247629611198915],
            [105.88900189998895, 10.246233900561643],
            [105.89067849060866, 10.244820304035699],
            [105.89144989400651, 10.24451264555792],
            [105.89238189118757, 10.244338763914916],
            [105.89346991413399, 10.244468087965256],
            [105.89488343033769, 10.245239526474109],
            [105.89692123165752, 10.246608434090238],
            [105.8980092808949, 10.246898319197527],
            [105.89893225915411, 10.245970809218898],
            [105.89929790282872, 10.24521270882836],
            [105.90087197112027, 10.244410114871133],
            [105.90245053359419, 10.24453938639604],
            [105.90194660023728, 10.240084743028078],
            [105.90191541251566, 10.238060343973851],
            [105.90157207905985, 10.235768357494283],
            [105.9013892549225, 10.233458572014902],
            [105.90245053359419, 10.23205835419909],
            [105.9052106748287, 10.2300339902473],
            [105.90780586110347, 10.227380775864058],
            [105.90886717595976, 10.225681894000193],
            [105.90963856435835, 10.224589365435275],
            [105.90962969162614, 10.224281734458048],
            [105.9108291274876, 10.221650874013212],
            [105.91159165109572, 10.220723361090261],
            [105.91279567032541, 10.218712316566453],
            [105.91432064691571, 10.216219699436367],
            [105.9149315372669, 10.214828446115764],
            [105.91599280263146, 10.213428310322152],
            [105.91795930970764, 10.210489715655369],
            [105.91810638851864, 10.209718293309496],
            [105.91680885442129, 10.20635164397445],
            [105.91667952274896, 10.205361785591181],
            [105.9159794482713, 10.203279325756016],
            [105.91514556446027, 10.200220401773773],
            [105.9136874417969, 10.196069020913876],
            [105.91223820326749, 10.192711283277077],
            [105.91175664985192, 10.191480607964458],
            [105.9098972181292, 10.191971045408652],
            [105.90709694697988, 10.191850692662957],
            [105.9033601801869, 10.191431553926089],
            [105.90087197112027, 10.191311132933013],
            [105.89869145450486, 10.190557508010551],
            [105.89775064346568, 10.18996000268555],
            [105.89598930156869, 10.188127364468272],
            [105.89536951102346, 10.187061566642752],
            [105.8939515103575, 10.186468576933057],
            [105.8920964665594, 10.186642493295583],
            [105.89148556073657, 10.18680294102781],
            [105.88963502200502, 10.187440597346946],
            [105.88884579294965, 10.187810775762411],
            [105.88855150196125, 10.187097303890154],
            [105.88665636508307, 10.185821961997515],
            [105.88587153955758, 10.185951265316904],
            [105.8849396643252, 10.18596463206185],
            [105.88342352872239, 10.187672488772318],
            [105.88168893551976, 10.188412702150329],
            [105.87908039995278, 10.188800690234403],
            [105.87748850318954, 10.188912154957245],
            [105.87613739534956, 10.188889869351653],
            [105.87594563524452, 10.18790882692276],
            [105.87565575527172, 10.184310347599318],
            [105.8759322837305, 10.18331147663891],
            [105.87694001208897, 10.182312704054473],
            [105.87481748047315, 10.177742083784175],
            [105.87409067999607, 10.176159140292684],
            [105.87191011629155, 10.171851580275007],
            [105.87017105991144, 10.168828363862865],
            [105.8752277014929, 10.16613054657376],
            [105.87512958170454, 10.165002468438026],
            [105.87416200685671, 10.16239384969395],
            [105.87383198594448, 10.1611720420046],
            [105.8731765157799, 10.159018325326164],
            [105.87252104791158, 10.156873508047479],
            [105.87204837770234, 10.156418674083401],
            [105.87140626497687, 10.154091040525714],
            [105.87016218904495, 10.154750939840955],
            [105.86937734303687, 10.155058625576014],
            [105.86859707012516, 10.154300576784166],
            [105.86795048906815, 10.153078808529157],
            [105.86669747582572, 10.152481246471169],
            [105.86622482033808, 10.152329636875248],
            [105.8639239236206, 10.153439973915377],
            [105.8623810779895, 10.154532485518487],
            [105.85901444115724, 10.157190072430271],
            [105.85408707884625, 10.160480947509296],
            [105.85177728258543, 10.162202155653056],
            [105.84834382066093, 10.150840302193702],
            [105.84802271519831, 10.150403356070907],
            [105.84382671329263, 10.150599531761744],
            [105.84150799559052, 10.150782394824128],
            [105.83574684950487, 10.151000867758018],
            [105.83452057068922, 10.151023124095275],
            [105.83373130580253, 10.150871537215219],
            [105.82827785481348, 10.150479114697761],
            [105.82153118463548, 10.150452349879332],
            [105.8180620018019, 10.150461336834422],
            [105.81548463460175, 10.152659617102447],
            [105.81269769289592, 10.153801207383435],
            [105.80497900079877, 10.1551879451529],
            [105.80282531300138, 10.155999503196071],
            [105.80175958541243, 10.157248015582883],
            [105.79963701618301, 10.160061766109182],
            [105.79872294938674, 10.161002626798929],
            [105.7981254271297, 10.162077262990268],
            [105.79509762860036, 10.165831812356283],
            [105.79373762545907, 10.167553067959252],
            [105.79147237905579, 10.17037122887167],
            [105.78872556665802, 10.173791334698809],
            [105.78510483105977, 10.178009626543325],
            [105.78189874908777, 10.181300477710229],
            [105.781301191809, 10.182080798227743],
            [105.78053866425046, 10.183177740002057],
            [105.77812186505201, 10.186602283830748],
            [105.77690895459834, 10.187997998323091],
            [105.77597261075398, 10.187561054712686],
            [105.77439852495355, 10.18637041485947],
            [105.77060827194113, 10.1829190868799],
            [105.76698305704694, 10.178861355151273],
            [105.76619820028495, 10.178723116199643],
            [105.76573001028673, 10.178879151772769],
            [105.7645394805037, 10.181518932944753],
            [105.76181044356665, 10.184800826432944],
            [105.76071799837564, 10.185282405393398],
            [105.75765902528285, 10.186883215195587],
            [105.75187560214613, 10.192680051153348],
            [105.74852682720159, 10.195511637167618],
            [105.74608770540344, 10.197861538660161],
            [105.74256057737998, 10.199930605675014],
            [105.73793646255321, 10.201562603839426],
            [105.7357871423495, 10.202681810836738],
            [105.73116310953988, 10.204469903820558],
            [105.72799709849113, 10.204590321205467],
            [105.72654787886007, 10.202030828619906],
            [105.72522804787799, 10.200599430843972],
            [105.72341319516448, 10.197669828727697],
            [105.72289148431435, 10.196880521655782],
            [105.72084915336909, 10.194312097633244],
            [105.71952927415393, 10.191881895659437],
            [105.71717935416444, 10.188742717603839],
            [105.71586388852603, 10.186887713749362],
            [105.71206473250594, 10.181037333468941],
            [105.70826109006549, 10.175971841968366],
            [105.70583987490551, 10.172382217843634],
            [105.70234835060234, 10.167570838795248],
            [105.69661842508258, 10.15937952222879],
            [105.69008580047092, 10.14989945649924],
            [105.68733012854204, 10.14601111171403],
            [105.68601917603416, 10.144022373135435],
            [105.68578276696833, 10.143001191257508],
            [105.68535023137794, 10.141868630407581],
            [105.68663002769736, 10.14128002130794],
            [105.68753968488993, 10.140339181458529],
            [105.6873612800043, 10.138961295582028],
            [105.68640265887134, 10.137289089354995],
            [105.68435590472446, 10.135652603459116],
            [105.68251872426956, 10.13419898360691],
            [105.68708037994375, 10.131911424050699],
            [105.68876596587954, 10.131260377105109],
            [105.69227522174415, 10.128888194197694],
            [105.69567309339972, 10.127131282241075],
            [105.69873201119448, 10.124759049241414],
            [105.70133172904103, 10.123171579160374],
            [105.70548311880978, 10.121089175214625],
            [105.70732921607978, 10.120438201097231],
            [105.71084742576193, 10.118217516345632],
            [105.71407133234445, 10.11616191973687],
            [105.71787939382983, 10.112688275173179],
            [105.72093832748293, 10.110489963761303],
            [105.72396158856496, 10.106280527839573],
            [105.72683770395734, 10.102851446517045],
            [105.72959791491027, 10.100791362285376],
            [105.73159118782024, 10.099832638876943],
            [105.73190331580885, 10.09952054277843],
            [105.73388757051104, 10.098708951383891],
            [105.73604582231599, 10.098049069802245],
            [105.73806128220923, 10.097710170055539],
            [105.74037108802627, 10.096880765402698],
            [105.74268540019558, 10.095913088776953],
            [105.74651134142704, 10.093991247178026],
            [105.75002950145071, 10.091159735714736],
            [105.75200490869392, 10.089269061234223],
            [105.75583077615605, 10.086281457164434],
            [105.75675385342124, 10.085501116017287],
            [105.75859097727972, 10.084239222819622],
            [105.76487835174217, 10.079677526678312],
            [105.77011777116411, 10.076359923701595],
            [105.77519219352159, 10.073671123532312],
            [105.77780974784876, 10.072088139857787],
            [105.77818428855622, 10.07178043390058],
            [105.78087756499748, 10.069582106793002],
            [105.78330783480669, 10.066322535715711],
            [105.78742355892408, 10.061190093839745],
            [105.79184694755409, 10.056512514997376],
            [105.792578262944, 10.055687542676264],
            [105.79337200988653, 10.054800241897464],
            [105.79596716167993, 10.05154956124507],
            [105.79825028771431, 10.048740306848545],
            [105.79991791013204, 10.046720289001598],
            [105.8038553072069, 10.041561182338372],
            [105.80401582164839, 10.041347141873242],
            [105.80812717069695, 10.035840100668437],
            [105.81009809601308, 10.03320928342468],
            [105.81178365108423, 10.030569452893475],
            [105.81297421741074, 10.027947486567852],
            [105.81429853101831, 10.023791636716327],
            [105.81443674963093, 10.022560953108712],
            [105.81535537303873, 10.02086202627448],
            [105.81622930120542, 10.018240010271425],
            [105.8197341923137, 10.013740791122633],
            [105.82121460456428, 10.011252639472508],
            [105.82705601493548, 10.003520521232545],
            [105.8305965866273, 9.99806264028952],
            [105.83217061379108, 9.995431731254003],
            [105.8438891589701, 9.982299676535852],
            [105.8481654386238, 9.978188378283951],
            [105.86103886014756, 9.96584113895843],
            [105.87821083643004, 9.949748260440643],
            [105.87937915653016, 9.94863346540146],
            [105.89028167792087, 9.940807780001602],
            [105.89689452564392, 9.93596070450837],
            [105.90062677264248, 9.934993093092135],
            [105.90627197505518, 9.933512648580622],
            [105.91741975283328, 9.933191576389623],
            [105.92404153095359, 9.927590956959031],
            [105.93963051434933, 9.913749908900654],
            [105.947023714788, 9.908541696681377],
            [105.95749814027975, 9.903360259536884],
            [105.96412885007234, 9.897759575578206],
            [105.97075503938466, 9.890259420273338],
            [105.97702005782338, 9.882371234923047],
            [105.97818836129859, 9.881631018924168],
            [105.97895976289564, 9.881639944395202],
            [105.97931650580944, 9.883918532549808]
          ]
        ]
      },
      "id": "000000000000000000e6",
      "properties": {
        "ADM0_CODE": 264,
        "ADM0_NAME": "Viet Nam",
        "ADM1_CODE": 3388,
        "ADM1_NAME": "Vinh Long",
        "DISP_AREA": "NO",
        "EXP1_YEAR": 3000,
        "STATUS": "Member State",
        "STR1_YEAR": 1992,
        "Shape_Area": 0.126073551471,
        "Shape_Leng": 2.05906082089
      }
    },
    {
      "type": "Feature",
      "geometry": {
        "type": "Polygon",
        "coordinates": [
          [
            [105.54448728121899, 9.472713646350204],
            [105.5446923768134, 9.474238640117724],
            [105.54622635272717, 9.481230484818477],
            [105.5473098933668, 9.488632632465997],
            [105.54734110988295, 9.493809637041673],
            [105.54767554734657, 9.499240833745503],
            [105.54955284540375, 9.503031066210232],
            [105.54997199329199, 9.506589385426029],
            [105.55030643573684, 9.509831186022815],
            [105.55039114217466, 9.510589256812207],
            [105.551345367027, 9.521148399312688],
            [105.55213912717137, 9.527627469978144],
            [105.5523085418446, 9.529339717754382],
            [105.55262062663866, 9.532260414985334],
            [105.55330741191221, 9.538971428883958],
            [105.55365966098174, 9.54266797070467],
            [105.55429725326125, 9.546948709823774],
            [105.55475657516244, 9.548799293352326],
            [105.55481901083138, 9.552219394231109],
            [105.55959468922799, 9.55345011968721],
            [105.55988451334001, 9.553592760819038],
            [105.55988898593804, 9.554310750390572],
            [105.55945648623059, 9.554743213062796],
            [105.55903731585784, 9.555612760762003],
            [105.55892138671109, 9.556598267426695],
            [105.55821239575793, 9.55747224636417],
            [105.55708424190033, 9.558341729016616],
            [105.55639753140743, 9.56034386429554],
            [105.55626818647032, 9.561922413305243],
            [105.5558713861332, 9.563630219579924],
            [105.55603633188207, 9.565061596130983],
            [105.5563440401979, 9.565338074972868],
            [105.55606754993971, 9.566769453820365],
            [105.55567066060291, 9.568918765125856],
            [105.5551088271192, 9.569922003575277],
            [105.55455146788364, 9.570791554782819],
            [105.55384687744376, 9.571509480485222],
            [105.5532761943419, 9.571941954100943],
            [105.55270980660222, 9.572379008762772],
            [105.5520097853496, 9.57323955081517],
            [105.55188938841387, 9.574813614993596],
            [105.55148356368561, 9.576530383379053],
            [105.55093954354807, 9.578251610158164],
            [105.54910239223048, 9.580133343064213],
            [105.54926294877984, 9.580837887594553],
            [105.54829979056495, 9.58386116170055],
            [105.54656964315625, 9.585479853946218],
            [105.54598994962282, 9.585100810838076],
            [105.54541025799277, 9.585051715567886],
            [105.54493763317507, 9.585149861930578],
            [105.54448728121899, 9.585390645077354],
            [105.5440502575594, 9.585729526743876],
            [105.54368013890033, 9.586777463756137],
            [105.54289088894386, 9.587691517765137],
            [105.54247175786578, 9.588320292180885],
            [105.54135694202118, 9.589042680192538],
            [105.54062566099948, 9.589559929501386],
            [105.53972050816068, 9.590139545727888],
            [105.53914083712773, 9.590670215000925],
            [105.53842289201711, 9.591392615990417],
            [105.53813301367482, 9.591967855715415],
            [105.53795019647724, 9.592743712763006],
            [105.53778973966061, 9.593791576543914],
            [105.53740621805069, 9.594892956336897],
            [105.53711634138004, 9.59556184271192],
            [105.53650099229847, 9.596141535086868],
            [105.53601050337731, 9.596511659313228],
            [105.53510090226236, 9.596569609166334],
            [105.5348511876154, 9.596569574594348],
            [105.53402620162717, 9.596141565668205],
            [105.5328668094828, 9.595379060559663],
            [105.53147113076668, 9.594473867072912],
            [105.5306016209162, 9.594228610379455],
            [105.52746687768571, 9.594380157045439],
            [105.5259686600696, 9.594380222086746],
            [105.52422960959655, 9.594429232469981],
            [105.5232173103754, 9.594291002429246],
            [105.52249048688472, 9.59376040015139],
            [105.52234784130806, 9.592560895984072],
            [105.52272685846181, 9.591138431890393],
            [105.5228204949633, 9.58945286615442],
            [105.52272238680587, 9.588543266657448],
            [105.52229436042576, 9.587918943248832],
            [105.52137132588832, 9.587678148157641],
            [105.52054631365358, 9.587678150347928],
            [105.51967685779597, 9.588061631383114],
            [105.5181295196133, 9.588788492764937],
            [105.51716635274381, 9.58917197201172],
            [105.51640387174132, 9.589310158893346],
            [105.51586872402073, 9.589171947669815],
            [105.51532919589225, 9.588690344209072],
            [105.51499920188171, 9.5880794706889],
            [105.51461125849649, 9.586777404040568],
            [105.51407620566714, 9.585341598008961],
            [105.51339842672883, 9.583990447713425],
            [105.5127161790059, 9.583428662433208],
            [105.51199378091235, 9.583138836119863],
            [105.51122237964499, 9.583089755579199],
            [105.51022356938516, 9.58334833530274],
            [105.50876538279147, 9.584150989513708],
            [105.50691937136278, 9.584860003970372],
            [105.50601412371896, 9.585399536846003],
            [105.50524274874692, 9.58607286685583],
            [105.5050955565515, 9.586550047830068],
            [105.5049974582979, 9.586982509058396],
            [105.5050955565515, 9.587370464122728],
            [105.50578224586364, 9.588280144824399],
            [105.50586702030044, 9.588810747122631],
            [105.50586702030044, 9.589524223640726],
            [105.50553704408416, 9.590099425657902],
            [105.5050955565515, 9.59029122713571],
            [105.50476111058873, 9.590429404665414],
            [105.50422599837552, 9.590438310296456],
            [105.50335653393655, 9.590389331166763],
            [105.50254045923592, 9.590202051799874],
            [105.50167100315954, 9.589863139276089],
            [105.50060974142349, 9.589519786443544],
            [105.49942803565544, 9.589662465179053],
            [105.49841140844686, 9.589729359242734],
            [105.49637799289783, 9.590099473681407],
            [105.49549962549145, 9.590389311259813],
            [105.49471479457468, 9.590750482520408],
            [105.49405041385616, 9.590612260728468],
            [105.49375157748332, 9.59053199578622],
            [105.4933770938444, 9.590099443514035],
            [105.49317196871432, 9.589452907135533],
            [105.49324770582022, 9.588873213914063],
            [105.4935375995084, 9.588012619426062],
            [105.49375157748332, 9.587071750047903],
            [105.49366689832866, 9.586492049715693],
            [105.49315855600713, 9.585631422360281],
            [105.4925743888977, 9.584761899573882],
            [105.49178518965249, 9.583678324285744],
            [105.49069269197405, 9.582893526361325],
            [105.48967155528301, 9.582452123716203],
            [105.48915875377376, 9.582461041052282],
            [105.488222302519, 9.582741926445442],
            [105.48734388665251, 9.583401900889532],
            [105.48661703305044, 9.583972647625204],
            [105.48597047655596, 9.5844096474395],
            [105.48515895363242, 9.584632571009406],
            [105.48370973829066, 9.584842174345386],
            [105.48172540216326, 9.584989319434216],
            [105.4802940081942, 9.584851103353165],
            [105.47860852085495, 9.584851077751832],
            [105.47750707516262, 9.584641521007663],
            [105.47635664004056, 9.58457013753576],
            [105.47563877308369, 9.584931328128134],
            [105.47519727161996, 9.585720593575841],
            [105.47534890909672, 9.586157631792531],
            [105.4760133081096, 9.587169860883204],
            [105.47717268195372, 9.588681430345348],
            [105.47775232705985, 9.589617895920961],
            [105.47775232705985, 9.590202005014037],
            [105.47767659667055, 9.590701447831334],
            [105.47746254897109, 9.59120973923057],
            [105.47702998387037, 9.59185191567843],
            [105.47615600536135, 9.592583192662234],
            [105.47419848820829, 9.594099286127262],
            [105.47296331638395, 9.595258643820902],
            [105.47149623152008, 9.596560679702982],
            [105.47077829516688, 9.59698875086167],
            [105.47012285672751, 9.596988756699046],
            [105.46975718555537, 9.596921879882121],
            [105.46924435314558, 9.596489348564171],
            [105.4691774776218, 9.595909698493147],
            [105.46910166155102, 9.594759222635036],
            [105.4691774776218, 9.593671211094321],
            [105.46887877322268, 9.592520771823176],
            [105.46858892047614, 9.591579865610605],
            [105.46750085941044, 9.590857504277384],
            [105.46618545004223, 9.589992458946892],
            [105.46510187417519, 9.58919873215862],
            [105.46399604367748, 9.588262307692585],
            [105.4626181685019, 9.587330334599455],
            [105.46182445584338, 9.58711183870489],
            [105.46108867903864, 9.58711182513881],
            [105.46073196698099, 9.587258968788635],
            [105.46029050329672, 9.587691528571158],
            [105.45926489575706, 9.588850886954768],
            [105.45876103429603, 9.58950190043317],
            [105.45752588256752, 9.590300123092817],
            [105.45600090783059, 9.590300130352677],
            [105.45455166677148, 9.589863158526795],
            [105.45316483726565, 9.589140774463795],
            [105.45214821146352, 9.588213225134322],
            [105.45149275380335, 9.587499795905204],
            [105.44960202441098, 9.586483114440606],
            [105.44879943165195, 9.586483137053218],
            [105.44814389723565, 9.586630243528083],
            [105.44770693526306, 9.58756225992104],
            [105.44785407904507, 9.588213291792119],
            [105.44801463218403, 9.58987204445782],
            [105.44806809033341, 9.591749337478614],
            [105.44801463218403, 9.59384065031574],
            [105.44779168148438, 9.594928679443044],
            [105.44735910073109, 9.595722397810654],
            [105.4466189154578, 9.596377883623838],
            [105.44561117794939, 9.596591930148204],
            [105.44480851424949, 9.596449234730834],
            [105.44386318338074, 9.596159399509329],
            [105.44262804820085, 9.595441476256452],
            [105.44145969725986, 9.595222955433563],
            [105.44050544554104, 9.59537014184719],
            [105.43972068358993, 9.595731286208435],
            [105.43905624445088, 9.596311014685813],
            [105.43818674749018, 9.597109196190193],
            [105.43688023080507, 9.597760178631015],
            [105.4353017150642, 9.598553911005505],
            [105.43316579404767, 9.59941900256519],
            [105.43224278397737, 9.599793528998026],
            [105.43093184282313, 9.600440124893016],
            [105.4301202191559, 9.600359824192982],
            [105.42983043109896, 9.600150230895892],
            [105.4295405541419, 9.599731076684021],
            [105.42938895664201, 9.598130322041701],
            [105.42938895664201, 9.597118111976917],
            [105.42946028610949, 9.595958692080815],
            [105.42901434334243, 9.595459319175202],
            [105.4284346820327, 9.595312137720654],
            [105.42669115117752, 9.59517391981516],
            [105.42473812430788, 9.595459279152148],
            [105.42341821241514, 9.595610896630689],
            [105.42254423553435, 9.595392365865294],
            [105.42189764922347, 9.595031230056733],
            [105.42115748337332, 9.594531828825316],
            [105.41985538551204, 9.593519588915802],
            [105.41899036463943, 9.593162827687532],
            [105.41825905981618, 9.593091520791917],
            [105.4177997390469, 9.59328326002108],
            [105.41699264596652, 9.593671157954562],
            [105.4165422664288, 9.594201793720295],
            [105.41700158385373, 9.595811596458333],
            [105.41735829531004, 9.598928493247321],
            [105.4178086769759, 9.600168068426033],
            [105.41754107558253, 9.601251649728848],
            [105.4164754112215, 9.601688657009595],
            [105.41557465601896, 9.601430045848034],
            [105.41467390551585, 9.600801287884774],
            [105.41375537365033, 9.599909465954411],
            [105.41250677876842, 9.598763467655107],
            [105.41133854187414, 9.5980411326511],
            [105.41026388889344, 9.597688804896848],
            [105.40836878363409, 9.597599697027976],
            [105.40675897939727, 9.597688858497577],
            [105.40423517766453, 9.597960864627618],
            [105.40190302432056, 9.598228378126212],
            [105.39984294456002, 9.597978708677633],
            [105.39920975940683, 9.597523869333552],
            [105.39884852764983, 9.596899611404632],
            [105.39911610003634, 9.59556188231572],
            [105.39948180084436, 9.594308871724902],
            [105.39920082244178, 9.593421506928847],
            [105.39811730823908, 9.592351257572664],
            [105.39676614233825, 9.591013610421536],
            [105.39642278934954, 9.589412740359025],
            [105.39568264346191, 9.588427309560307],
            [105.39488441193382, 9.588159773247362],
            [105.39380530388259, 9.588427280374429],
            [105.39174076339499, 9.589769478146506],
            [105.39047883394068, 9.590219817693386],
            [105.3894978758455, 9.590130637024483],
            [105.38823587349192, 9.589510867221385],
            [105.38588597509703, 9.587731686958922],
            [105.38365192139815, 9.585948002467074],
            [105.38266206617654, 9.585680511646741],
            [105.38059301285682, 9.585502126799382],
            [105.37870681288054, 9.585769700849255],
            [105.37789972436038, 9.586309237931067],
            [105.37735571023701, 9.587111883438109],
            [105.37726653068822, 9.588449575494108],
            [105.3769053450539, 9.590500744063576],
            [105.37681616573924, 9.59156201159503],
            [105.37628993724044, 9.592743718555974],
            [105.375656749511, 9.59361770200334],
            [105.37422096076416, 9.595588647183282],
            [105.37349860308558, 9.596391231418554],
            [105.37261120817914, 9.596752414862921],
            [105.37188885728422, 9.596672182702411],
            [105.3713537083928, 9.596208442397788],
            [105.37062689505922, 9.595588579533358],
            [105.37035936705249, 9.594884031814923],
            [105.37035936705249, 9.594250863959529],
            [105.3710728653537, 9.592199701523537],
            [105.37180414834853, 9.590420493214857],
            [105.37180414834853, 9.589350314215633],
            [105.3713537083928, 9.58855216910895],
            [105.3703371177481, 9.58801256794451],
            [105.3694452715043, 9.587829735777005],
            [105.36828590513481, 9.588190929107299],
            [105.36747877632581, 9.588552123400525],
            [105.36639966186294, 9.589519763948669],
            [105.3652269133171, 9.590701406571304],
            [105.36424145334146, 9.59113839009104],
            [105.3627164989432, 9.591410398087797],
            [105.36119146878515, 9.592119404625425],
            [105.35939894134412, 9.59265898273437],
            [105.35687949903789, 9.59293096233974],
            [105.35472132128368, 9.59329217336156],
            [105.3532007403746, 9.59338138083333],
            [105.35148397174342, 9.59338138247737],
            [105.35050296884454, 9.593470542362077],
            [105.34960229163717, 9.593381315198817],
            [105.3485275784686, 9.593033548870705],
            [105.34735039605029, 9.592320112961893],
            [105.34654327673127, 9.592230938420403],
            [105.34565146524822, 9.59240924664583],
            [105.34493360595488, 9.59312270457818],
            [105.34475072430031, 9.594010049255369],
            [105.34475072430031, 9.594460437400038],
            [105.34501830157994, 9.594910790723798],
            [105.34591457684701, 9.595798179017606],
            [105.34709174936187, 9.597131452296123],
            [105.34754212542015, 9.598380022642589],
            [105.34744849427507, 9.598999788980043],
            [105.34699811846387, 9.60007000647786],
            [105.34583434786829, 9.600609532381748],
            [105.34368059806023, 9.601862542183547],
            [105.3421644931499, 9.603021947607955],
            [105.34179882531481, 9.604002959054846],
            [105.34150900753397, 9.604899222604391],
            [105.34089810471312, 9.605969374057317],
            [105.3408981047131, 9.606847801577366],
            [105.34134846441918, 9.608029460928792],
            [105.34207086495618, 9.610071785474426],
            [105.34188798637113, 9.611231145897346],
            [105.34162050334203, 9.611850968007902],
            [105.341085359864, 9.612212142980747],
            [105.34044774619672, 9.612212094489578],
            [105.33937755762149, 9.611592346872241],
            [105.33883795427641, 9.610780754304791],
            [105.33864623469131, 9.609269160823787],
            [105.33856154223125, 9.607748559143996],
            [105.33837866741094, 9.606241399039524],
            [105.33728624682706, 9.605082040655272],
            [105.33595298147362, 9.604462217862444],
            [105.33397758096577, 9.604011864042082],
            [105.33235891670628, 9.603842416657715],
            [105.3313690010791, 9.603209222757387],
            [105.33082495640748, 9.60206318652123],
            [105.33055740141461, 9.600627388265785],
            [105.33010707023782, 9.599820302659735],
            [105.32920632212618, 9.599200480974694],
            [105.32839919941009, 9.599111266782428],
            [105.32749846033994, 9.599468062742499],
            [105.32705707045709, 9.599829211760037],
            [105.32615633849394, 9.600810188900146],
            [105.32525552197029, 9.601880438590776],
            [105.32462234478665, 9.602767801047793],
            [105.32382417685182, 9.603494570056556],
            [105.32301261318568, 9.603579279043435],
            [105.3218443613625, 9.603400921916993],
            [105.31986894601904, 9.604020782820635],
            [105.31743432331965, 9.605189059190664],
            [105.31582457049467, 9.605991661890895],
            [105.31474989189027, 9.606352869340489],
            [105.31241779751535, 9.606620393366935],
            [105.30989842485222, 9.606718556580477],
            [105.30890846142796, 9.607249195386617],
            [105.30728985732881, 9.60867163475523],
            [105.3064872155002, 9.609920193283573],
            [105.30621523279139, 9.610459731089534],
            [105.30594762724178, 9.612060507233991],
            [105.30522975689811, 9.614383757427994],
            [105.30433789409618, 9.616969980233003],
            [105.30307151950657, 9.619560737135743],
            [105.30271924432513, 9.621072381495544],
            [105.30271924432513, 9.621968665693934],
            [105.30298684477641, 9.624202626689117],
            [105.30335242912017, 9.626249362399157],
            [105.30325882230369, 9.627319597411898],
            [105.30291101269638, 9.62803302904332],
            [105.30227782955123, 9.628300609941103],
            [105.3014662796115, 9.628478951483208],
            [105.29904049553188, 9.628920405684104],
            [105.29805952721523, 9.629098718863089],
            [105.29741743057325, 9.629731954774806],
            [105.29670843866887, 9.630440936703312],
            [105.29589682611021, 9.631872301955788],
            [105.29554010008748, 9.63357127010055],
            [105.29518337481683, 9.635172073025739],
            [105.29482218454795, 9.635889995098589],
            [105.29418010018998, 9.63633142314376],
            [105.293372965472, 9.636768429116646],
            [105.29284681609906, 9.636871003685137],
            [105.29213784334884, 9.636260068759187],
            [105.29132625271941, 9.634953534771444],
            [105.29081788297897, 9.633343831927569],
            [105.29051028966184, 9.631310438946912],
            [105.28978784054387, 9.62999952483224],
            [105.28898081610366, 9.628603800083976],
            [105.28745126707489, 9.626780002256229],
            [105.2871480561212, 9.626070994460063],
            [105.28694299830013, 9.625161340595579],
            [105.28634095497685, 9.623850416590026],
            [105.28613143261458, 9.622740061620537],
            [105.28663532272448, 9.620519462591279],
            [105.28765194926305, 9.617991093694485],
            [105.28826283909984, 9.616171839097516],
            [105.2886731368176, 9.615057021128312],
            [105.2886731368176, 9.613750559609826],
            [105.2886731368176, 9.612430599872107],
            [105.2882450661041, 9.611418442979694],
            [105.2880488487829, 9.610410618378452],
            [105.28784370055735, 9.609398425386571],
            [105.2880488487829, 9.60798934645428],
            [105.28814691275929, 9.606071990510578],
            [105.2877411711936, 9.604662913578439],
            [105.28742902860942, 9.602941622564826],
            [105.28681814178707, 9.601630665306493],
            [105.28678688301784, 9.600310815255341],
            [105.28707232045099, 9.599490326166318],
            [105.28752262666856, 9.598580676051714],
            [105.28861954977135, 9.597131474327691],
            [105.28971656930604, 9.595851671164828],
            [105.29045223639821, 9.59493757663098],
            [105.29154917851285, 9.593399206477315],
            [105.29247223375413, 9.591562029537686],
            [105.29319907073497, 9.589212062855866],
            [105.29366279043104, 9.587209966960527],
            [105.29438079036528, 9.585207799912988],
            [105.29484004755007, 9.5842134032254],
            [105.29630258724507, 9.582929243798368],
            [105.2994240241604, 9.581479993964987],
            [105.30197905796224, 9.579660698792887],
            [105.30399454826586, 9.577836928417163],
            [105.30683056638038, 9.576008674889577],
            [105.31022838417005, 9.573828170947738],
            [105.31160182216271, 9.572740203683843],
            [105.31260064441881, 9.571732429835077],
            [105.31286817114214, 9.571192906440789],
            [105.31286817114214, 9.570742509113915],
            [105.31241779751535, 9.569921995619975],
            [105.31167756880635, 9.568459469531716],
            [105.31076798605102, 9.567647876924411],
            [105.30911363518273, 9.565369291913147],
            [105.30828865419191, 9.563920082629158],
            [105.30755737567559, 9.562002653819006],
            [105.30728092517093, 9.559188977306823],
            [105.30718285010829, 9.557650595549724],
            [105.30748600763461, 9.556370784242386],
            [105.30792305920045, 9.55558152524449],
            [105.3088772879014, 9.55505986791716],
            [105.31028188873279, 9.555407621077158],
            [105.31272998616761, 9.556883598635206],
            [105.31491040990642, 9.558350636057723],
            [105.31709988365428, 9.559652674591984],
            [105.3185892350167, 9.560000525136854],
            [105.32058687829576, 9.560080752932315],
            [105.3215544882241, 9.559911310677547],
            [105.32269156199155, 9.559300421156397],
            [105.32390448479345, 9.558261443025014],
            [105.32425671462292, 9.557561410670562],
            [105.32408725473307, 9.556517930913264],
            [105.32390448479345, 9.554101137054685],
            [105.32293686148589, 9.550792462638356],
            [105.32276740291175, 9.548892934838248],
            [105.32241955331581, 9.546899650457416],
            [105.32258007858017, 9.545080378485592],
            [105.32380631079654, 9.542650198856817],
            [105.32467585388464, 9.540830817246622],
            [105.32554540141976, 9.54013076642126],
            [105.32660665921338, 9.53901155134668],
            [105.32663792532624, 9.537700589601737],
            [105.32655314950783, 9.536550148279055],
            [105.32625442451615, 9.534842283701847],
            [105.32615633849396, 9.53398166265306],
            [105.32634804401451, 9.532639474155086],
            [105.32701687107111, 9.531123381223175],
            [105.32788643057557, 9.529589448046925],
            [105.32865344041925, 9.528728873534671],
            [105.32961207358632, 9.528059975782826],
            [105.33027653612503, 9.527489218838012],
            [105.33038355789509, 9.527199388382359],
            [105.33017844778388, 9.526530547362706],
            [105.3294203643875, 9.525870560669055],
            [105.32797111772602, 9.524630913056278],
            [105.32614740534356, 9.524158300830067],
            [105.32441724162217, 9.524350033224376],
            [105.32211190264854, 9.525299759365538],
            [105.32096143344249, 9.525402330471323],
            [105.3203907128484, 9.524350000080613],
            [105.32028816378846, 9.522539623322384],
            [105.32047986269122, 9.521201889088323],
            [105.32115322243372, 9.519868589292123],
            [105.32211190264854, 9.518722625285621],
            [105.32289219658438, 9.517960147057833],
            [105.32335599749351, 9.517478557665912],
            [105.32354769985677, 9.51700139149016],
            [105.32354769985677, 9.516238892823512],
            [105.32269156199155, 9.514624723664255],
            [105.32161692926822, 9.512912406635644],
            [105.31970395690999, 9.510910309354449],
            [105.31816108870936, 9.510517854919645],
            [105.3169170319042, 9.510054100140561],
            [105.31623922264026, 9.509001751866505],
            [105.31604752852378, 9.507672944507961],
            [105.31643100629958, 9.506611712765846],
            [105.3169170319042, 9.505853622030962],
            [105.31720689712938, 9.505180350824771],
            [105.31729157895883, 9.504609584362369],
            [105.31738974919159, 9.504038796898318],
            [105.31720689712938, 9.503481453354155],
            [105.3167208706951, 9.502709954392053],
            [105.31614114239892, 9.50223287285259],
            [105.3150798606424, 9.501943040633536],
            [105.31421483293276, 9.50204112166549],
            [105.31326504044387, 9.50261192406032],
            [105.3124936338476, 9.50385149519371],
            [105.31143237489958, 9.505479055843594],
            [105.3103799655878, 9.506540399352644],
            [105.30931871986307, 9.506540388988224],
            [105.30856510633969, 9.505960710388095],
            [105.30739686461686, 9.505189271937377],
            [105.30642031396583, 9.504342031145457],
            [105.30594762724178, 9.503762340371205],
            [105.30557310523109, 9.50348145229766],
            [105.30452073228707, 9.503762298894078],
            [105.30297791284532, 9.504908365378357],
            [105.30164464877289, 9.506058781230008],
            [105.30087320573357, 9.505960703718376],
            [105.3003782049997, 9.50567973465367],
            [105.29952209473167, 9.504721049293297],
            [105.29885319740004, 9.502821508075534],
            [105.29836275773225, 9.501202823921961],
            [105.29815759699606, 9.499668843665459],
            [105.29863919368422, 9.498728016269895],
            [105.29879969644571, 9.497631107554305],
            [105.29833149682908, 9.495432708720974],
            [105.29817099451152, 9.49399240943571],
            [105.29753336326846, 9.493171999935685],
            [105.29673067835469, 9.491758410316363],
            [105.29512987502262, 9.49082199594109],
            [105.29400620462316, 9.489881146032017],
            [105.29440302974514, 9.488632601189291],
            [105.29493811546516, 9.48753118371535],
            [105.29476868486796, 9.486117652493558],
            [105.29413553217714, 9.484860224723018],
            [105.29428709919462, 9.484231449595553],
            [105.29554903162618, 9.482822423858588],
            [105.29570059991, 9.481881508851734],
            [105.29521016937788, 9.480619613092543],
            [105.29441196122383, 9.479839261673213],
            [105.29232959973169, 9.477021105386996],
            [105.2926328199797, 9.47545154410239],
            [105.2927799199542, 9.47357426576303],
            [105.29261942290277, 9.472789423530461],
            [105.29228047720954, 9.470747149012393],
            [105.29117022270151, 9.468388270917199],
            [105.29132178706148, 9.467291343465197],
            [105.29148237219455, 9.466970303055609],
            [105.29132178706149, 9.465088517857447],
            [105.29100070656591, 9.463831083484596],
            [105.29100070656591, 9.463041841398576],
            [105.29162053983654, 9.459742124298264],
            [105.29160276648777, 9.45596968346729],
            [105.29191036179239, 9.4506098705718],
            [105.29120585862307, 9.450511743652068],
            [105.2882450661041, 9.447011326569312],
            [105.28669775090191, 9.444737237892127],
            [105.28555171970898, 9.44277077492885],
            [105.28315715406865, 9.43947099897215],
            [105.28050398784741, 9.436652885184678],
            [105.27806046472486, 9.432858136586374],
            [105.27791775356573, 9.432572767207073],
            [105.27599143264952, 9.42831878589877],
            [105.27472500249881, 9.42517068257272],
            [105.27423900877002, 9.423440524560476],
            [105.2724909789613, 9.419360443593556],
            [105.27057802607067, 9.415432018722008],
            [105.2694632706249, 9.411953914781037],
            [105.26928493544249, 9.41149911590599],
            [105.26898166783418, 9.410562666516594],
            [105.26660948386305, 9.406179373301935],
            [105.26626612541436, 9.405367829026929],
            [105.26420598942711, 9.402389136719473],
            [105.26323835038112, 9.400592131152166],
            [105.26289946371392, 9.399530874409306],
            [105.26403658968339, 9.398460650208108],
            [105.26661841387107, 9.397484134628053],
            [105.27012767577047, 9.396271249032072],
            [105.27327577726882, 9.39520999877031],
            [105.27385107211319, 9.397189811113986],
            [105.2787917050236, 9.39560239930872],
            [105.28034350245747, 9.39512970974077],
            [105.28114164415985, 9.396039396536834],
            [105.28192201730583, 9.395602369404308],
            [105.28412035267337, 9.39433154409584],
            [105.2844458855719, 9.394179924469984],
            [105.28951141905615, 9.391027309453072],
            [105.29139761394903, 9.389769908363261],
            [105.29200851732242, 9.38949788897671],
            [105.2935870518422, 9.388802271532134],
            [105.29551786055814, 9.387580438434767],
            [105.29670843866887, 9.386849144242923],
            [105.29168743552279, 9.38111922338236],
            [105.29055039108174, 9.38003122017561],
            [105.28629192350562, 9.375309039640035],
            [105.28311705440348, 9.372022693835193],
            [105.2764373333508, 9.365432076545694],
            [105.25382076992749, 9.341839038963341],
            [105.25211295516898, 9.34244098559447],
            [105.25076178829487, 9.340349668524128],
            [105.24983431835591, 9.338418839192679],
            [105.24881765217768, 9.336149148724802],
            [105.2475290147677, 9.332729045113549],
            [105.24729712894472, 9.331649975067233],
            [105.2475290147677, 9.330129391006267],
            [105.24783215439943, 9.327980122124202],
            [105.24813091935563, 9.327601098639313],
            [105.24881765217768, 9.32621875209472],
            [105.24974958105743, 9.325228862376692],
            [105.25005281398987, 9.324622433332594],
            [105.24974065194522, 9.323471976128141],
            [105.24942857977183, 9.322932385135546],
            [105.24981646012296, 9.322740668530345],
            [105.25026684533807, 9.322620243982836],
            [105.25065035233683, 9.320470993904255],
            [105.25096251607246, 9.320091926089],
            [105.25234922297513, 9.32016334355301],
            [105.25242056770301, 9.318781032482455],
            [105.25308945948517, 9.315940583768292],
            [105.25493551104006, 9.315320755144812],
            [105.29332839767183, 9.279032524351022],
            [105.29207541316214, 9.276883311935606],
            [105.29009105623359, 9.274769630457305],
            [105.28779466865002, 9.273222359995374],
            [105.28546696443776, 9.27100171309519],
            [105.28353171576613, 9.26931175243638],
            [105.28135571503341, 9.267171364701726],
            [105.27865792389183, 9.26420157874671],
            [105.27381981574555, 9.2620701664774],
            [105.27041755012667, 9.260340051576454],
            [105.26928047036773, 9.259461563206873],
            [105.26856257718805, 9.259309984469098],
            [105.26798283535811, 9.258730299175324],
            [105.2676930544921, 9.258721356231863],
            [105.26512014375399, 9.256821774432579],
            [105.2645493436742, 9.256081573955363],
            [105.26226634130776, 9.253330318757241],
            [105.26155731847892, 9.25246077969949],
            [105.25968002976896, 9.251582318433098],
            [105.25840023862169, 9.250690539458354],
            [105.25797215547868, 9.249820988753847],
            [105.2578517851959, 9.24809085766883],
            [105.257713555927, 9.247511205495249],
            [105.2574237034492, 9.247078614612624],
            [105.25515847800871, 9.242869244066437],
            [105.25446287919279, 9.242017553455902],
            [105.25300472054445, 9.240693244345627],
            [105.25100707267129, 9.238642050989124],
            [105.25058793751765, 9.238347757372381],
            [105.24814431289572, 9.236158280659192],
            [105.24671737114409, 9.235279841146973],
            [105.24616449139847, 9.233687924835877],
            [105.2460173428325, 9.233398136096408],
            [105.24474203090307, 9.231801732629341],
            [105.24230733082705, 9.22903268389611],
            [105.2398905232701, 9.2255501202974],
            [105.23989945185811, 9.22513989773268],
            [105.23874454294638, 9.224809878119917],
            [105.23816490399307, 9.224952605132751],
            [105.23745142940788, 9.224221282493362],
            [105.23687616985634, 9.22421235343736],
            [105.23644367740124, 9.224497736313033],
            [105.23557860655669, 9.224190080380088],
            [105.23586842130956, 9.223770953870044],
            [105.23515495650307, 9.223610359538442],
            [105.23457524068434, 9.223458768960876],
            [105.23342036847016, 9.223592547286932],
            [105.23284065865546, 9.223302698357804],
            [105.23271137819424, 9.222290529411872],
            [105.23207819107861, 9.213782558835405],
            [105.23264897005151, 9.213501620056844],
            [105.23410704104722, 9.212369003391547],
            [105.23570342504868, 9.211668941168242],
            [105.23684500964833, 9.211829410113769],
            [105.23729536003744, 9.211263174592506],
            [105.2386018651499, 9.210259849350374],
            [105.23961855870711, 9.209269917751675],
            [105.2397701659501, 9.208837398208596],
            [105.23948471944693, 9.207539801848261],
            [105.23893632781036, 9.205229976146704],
            [105.23924400547607, 9.203651486638488],
            [105.23985489820866, 9.200342817101227],
            [105.24144678334194, 9.199642709642363],
            [105.24163848201033, 9.200249140949003],
            [105.24207991657283, 9.200601473351108],
            [105.2430118973233, 9.2009090841762],
            [105.24392602564602, 9.20014214726091],
            [105.24415790681063, 9.199219114621917],
            [105.24447005847252, 9.198688469992236],
            [105.24500069977285, 9.197618263376032],
            [105.24524142200644, 9.197390890769826],
            [105.24569625939499, 9.197689644827664],
            [105.24624476242423, 9.198229196088143],
            [105.24740409818328, 9.19884007641365],
            [105.2482691407406, 9.199071969978277],
            [105.24942857977183, 9.198911447500896],
            [105.25058793751765, 9.198139975950795],
            [105.25158675599222, 9.198050828572862],
            [105.25197473062013, 9.197738712060758],
            [105.25289328309844, 9.195816860366548],
            [105.253709242647, 9.193449072021192],
            [105.25432465271066, 9.19191065888993],
            [105.25454761886887, 9.191139205389227],
            [105.25530116988034, 9.18946263061933],
            [105.25591212105341, 9.187692348983253],
            [105.256126159866, 9.187001200345875],
            [105.25704027028604, 9.185079290049956],
            [105.25817726735343, 9.182693668161239],
            [105.25863660456208, 9.181552115383713],
            [105.25948384569078, 9.180250095419257],
            [105.26037565016979, 9.178020564867355],
            [105.26061201888635, 9.177793129679985],
            [105.26107573830427, 9.178247946495972],
            [105.26154392386985, 9.17839066975034],
            [105.26284597415476, 9.178078499402107],
            [105.26370216633556, 9.178149857943774],
            [105.2639295205606, 9.17830144887147],
            [105.26409007962096, 9.178751820559444],
            [105.26479464816471, 9.179741778841564],
            [105.26503093378913, 9.180120764272475],
            [105.26525837910823, 9.180348195899443],
            [105.26611449425988, 9.18027236652344],
            [105.26671646539013, 9.180031585360181],
            [105.26703749967947, 9.180031641690686],
            [105.26750132610076, 9.180638047731728],
            [105.2684332692256, 9.181008110807289],
            [105.2689683619357, 9.181159749231682],
            [105.26951676228627, 9.181458484589506],
            [105.27021242333565, 9.18153876842042],
            [105.27073859146977, 9.181373800317514],
            [105.27089022678692, 9.18153880896546],
            [105.27087236631844, 9.182363696037086],
            [105.27307073630242, 9.182501917105323],
            [105.27337838714921, 9.182350359866684],
            [105.27361468481365, 9.181962370950416],
            [105.27365933671487, 9.18096801531972],
            [105.27398038423296, 9.180428477572692],
            [105.2745912245925, 9.179808674886601],
            [105.27520662170124, 9.17949204437759],
            [105.27596910638864, 9.178881143955504],
            [105.27696352091395, 9.176963730221866],
            [105.27789096174706, 9.175545753244528],
            [105.27942488952291, 9.173222555947811],
            [105.27954974056922, 9.171372048625441],
            [105.2798396311231, 9.16835771609029],
            [105.28022758155288, 9.166382327741301],
            [105.28080727617964, 9.161892015453036],
            [105.27982176970673, 9.161138417147791],
            [105.27942488952291, 9.160991275459185],
            [105.27896120890631, 9.161058153119031],
            [105.27842161916121, 9.161361328579979],
            [105.27741835476532, 9.16174039974665],
            [105.27641500703088, 9.161820610729595],
            [105.2754206850444, 9.16166902791397],
            [105.27448423806557, 9.161428231559102],
            [105.27171511458604, 9.15898911610056],
            [105.27101060639382, 9.158761714054851],
            [105.26994487479239, 9.158302423459705],
            [105.26924037400174, 9.158222150203628],
            [105.26753249199581, 9.15845844544377],
            [105.26741211487429, 9.157192100330658],
            [105.26698400880547, 9.155890035337238],
            [105.26641775670537, 9.155020463213118],
            [105.26526730904459, 9.15370061817639],
            [105.26455827357294, 9.152692835999071],
            [105.26371100689082, 9.151239198502369],
            [105.26361295712222, 9.150039691736485],
            [105.26302439181563, 9.147600578402866],
            [105.26289946371392, 9.146601761930917],
            [105.26289946371392, 9.146022068742903],
            [105.26274792489014, 9.14559393400714],
            [105.26246699352475, 9.144430120896098],
            [105.26262746189185, 9.142989841447834],
            [105.26235992540056, 9.141402445154716],
            [105.26151266978617, 9.140091396217585],
            [105.26022402432248, 9.139199576225275],
            [105.25849837464804, 9.13686747510764],
            [105.25763774418631, 9.137001310566724],
            [105.25633126948864, 9.136840748583046],
            [105.25504257443743, 9.136261061332506],
            [105.25345511430845, 9.135360355642694],
            [105.25260790356573, 9.134629026227357],
            [105.25261683283037, 9.133897739958584],
            [105.25232698914247, 9.132751788059222],
            [105.25190785069516, 9.131440761756894],
            [105.25119878226042, 9.130709446629794],
            [105.25135039996653, 9.130290291769287],
            [105.2508108987165, 9.127240275869536],
            [105.25023568264254, 9.125349619435514],
            [105.24938839884744, 9.12390046367144],
            [105.2486705012858, 9.123021991303814],
            [105.24825137196446, 9.121719939130989],
            [105.2484119160504, 9.120712150309274],
            [105.24957126677657, 9.11913812177105],
            [105.24987003482752, 9.118420173155375],
            [105.24944188412447, 9.117764701980343],
            [105.24843414936473, 9.116377966698089],
            [105.24801502063346, 9.115361295878756],
            [105.24732829109482, 9.112320115909789],
            [105.24719453497278, 9.111740446369224],
            [105.24791689073018, 9.110309133142348],
            [105.24894694505804, 9.109029325474312],
            [105.2492367829127, 9.109029344691542],
            [105.25041399762893, 9.106880090857604],
            [105.25070830259745, 9.105872302804515],
            [105.25086884903251, 9.103709615461936],
            [105.24714105041176, 9.101640637914654],
            [105.2458434076794, 9.101190212405196],
            [105.24511659641342, 9.100597196079054],
            [105.24511659641342, 9.10002198519832],
            [105.2452771375008, 9.099589440268376],
            [105.24585680103695, 9.098728836119111],
            [105.24616449139847, 9.098010878799364],
            [105.24703399205114, 9.09744906424286],
            [105.2487775606901, 9.095741240831568],
            [105.25096251607246, 9.094470337587536],
            [105.25226457370026, 9.093480456971442],
            [105.25269264230629, 9.093480424079353],
            [105.25386979195008, 9.091910835709344],
            [105.25405266475806, 9.091059123329348],
            [105.25613946474904, 9.091121602265508],
            [105.2590780838082, 9.092098118062024],
            [105.26117825145423, 9.093190643578826],
            [105.26355946733628, 9.093239620216538],
            [105.26555708573615, 9.091491722048085],
            [105.26671646539015, 9.090350151807794],
            [105.26920911848923, 9.086479699649578],
            [105.27153231188586, 9.08536042213998],
            [105.27255349120962, 9.084651423673316],
            [105.27268280233402, 9.084071708716237],
            [105.27385553730905, 9.083652628938236],
            [105.27787765514536, 9.0860114805445],
            [105.2811818326636, 9.087068271896136],
            [105.28219405026668, 9.087081644707043],
            [105.2843611308556, 9.087692557313447],
            [105.28636774813656, 9.088013605721816],
            [105.29055039108174, 9.088789441530603],
            [105.29197725759329, 9.089088244105783],
            [105.29270855814124, 9.088950026055148],
            [105.29327936417377, 9.08939145900641],
            [105.29486675274171, 9.08969911974889],
            [105.29689117930644, 9.088900989291881],
            [105.29926343148968, 9.087951197440855],
            [105.30098020896943, 9.08637268471529],
            [105.303361361071, 9.084941260264003],
            [105.30615279741342, 9.082212300946345],
            [105.30853839898813, 9.079189015301372],
            [105.30973791157751, 9.078190188339793],
            [105.3109820050841, 9.07800293741398],
            [105.31268085772932, 9.077311782208582],
            [105.31540536374317, 9.076781138708217],
            [105.3158780768219, 9.076433338682016],
            [105.31775536457955, 9.074141329277401],
            [105.31812098075463, 9.073610729031794],
            [105.31823692760732, 9.0726118875077],
            [105.31936066930976, 9.071140392774419],
            [105.31989127807103, 9.070672117833949],
            [105.32076973399641, 9.070382280942658],
            [105.32437266566227, 9.070150428192385],
            [105.32672707844534, 9.069468231757439],
            [105.329567496265, 9.068299878066645],
            [105.33259520731758, 9.066641119920563],
            [105.33407567149594, 9.06566900512498],
            [105.33515029358166, 9.065383662865214],
            [105.33651928742724, 9.065860784355896],
            [105.33719699884054, 9.066449414541713],
            [105.33760276934234, 9.067907526265262],
            [105.33808885544498, 9.06897327038414],
            [105.34034071810296, 9.070632030517173],
            [105.342008416409, 9.07081929392686],
            [105.34699811846387, 9.070150473827875],
            [105.34807719981008, 9.069838275843429],
            [105.35101133849578, 9.070230674441527],
            [105.35542135235687, 9.07012811893884],
            [105.35688843379853, 9.0698382750547],
            [105.3578738514167, 9.069450345531736],
            [105.35903770403908, 9.067978861058824],
            [105.35903770403908, 9.06750171232506],
            [105.35864975228476, 9.065062618679363],
            [105.35795417539892, 9.063310189937225],
            [105.35785607114097, 9.062543213059268],
            [105.35864081743208, 9.061852037366027],
            [105.36206986948544, 9.060380530499733],
            [105.36509762107386, 9.05940844145],
            [105.36754570184019, 9.059123064312265],
            [105.3682323823605, 9.059123096414563],
            [105.36942293296447, 9.05960019056747],
            [105.37088110960097, 9.060188831350576],
            [105.37195569516597, 9.060670379268155],
            [105.37332909430877, 9.060871064195313],
            [105.37420755726642, 9.059992606468766],
            [105.37499237850366, 9.058922430989519],
            [105.37596887520512, 9.057941455519394],
            [105.37713722936063, 9.05658137751388],
            [105.37822079000979, 9.05598829729336],
            [105.37880492908215, 9.056773147117196],
            [105.38057067286464, 9.058913495266609],
            [105.381074574435, 9.059791963245635],
            [105.38478905109965, 9.06261012464454],
            [105.38733517658727, 9.064161874635474],
            [105.39008196391228, 9.06561998728485],
            [105.3923783893698, 9.066271031459767],
            [105.39335051660402, 9.06590091658591],
            [105.39380083554035, 9.064482911493073],
            [105.3941263992603, 9.063412728035429],
            [105.39486662782079, 9.062222110916649],
            [105.39537048194533, 9.061218872659657],
            [105.39662788950379, 9.059511042213089],
            [105.39922316485524, 9.0585121415508],
            [105.40186289672363, 9.057450885911635],
            [105.40332108061268, 9.056670564785726],
            [105.40500655136805, 9.055199077628778],
            [105.40728968046567, 9.053259347046481],
            [105.40920255945781, 9.051560434693528],
            [105.41095949892006, 9.049959631091607],
            [105.41133854187414, 9.047881714480242],
            [105.41114674120901, 9.045812668679355],
            [105.41076778805197, 9.044430308945692],
            [105.41089702528511, 9.043551876417425],
            [105.41094162377185, 9.042981127065378],
            [105.41158378963358, 9.041540813500095],
            [105.41423693864274, 9.040091636202998],
            [105.41713091513348, 9.037639142551665],
            [105.41887881855574, 9.036020474604168],
            [105.41919102263952, 9.03533374414948],
            [105.41908394542384, 9.033648247065152],
            [105.41819658353937, 9.031128813052922],
            [105.41722896386001, 9.02885020597039],
            [105.41690791481871, 9.027320776358371],
            [105.41687672161126, 9.026081166226302],
            [105.41615436358119, 9.022116993788956],
            [105.4168231837125, 9.019356834621481],
            [105.41800486463355, 9.01562007815962],
            [105.42216516798298, 9.01744833749489],
            [105.4298392802644, 9.024712198931384],
            [105.43341554214658, 9.024061187269126],
            [105.43602406367872, 9.023762447097578],
            [105.44091128122744, 9.026134642746445],
            [105.47079170615508, 9.049072280589481],
            [105.50549242133185, 9.072478119589286],
            [105.519953290991, 9.08298815417028],
            [105.53152461443806, 9.093498319944343],
            [105.54646266670291, 9.100655159509108],
            [105.5676656630308, 9.110674735517271],
            [105.58356232918244, 9.111606670388651],
            [105.67707415934096, 9.142138133755996],
            [105.67991909748467, 9.145161404326783],
            [105.68080643231934, 9.146869268375765],
            [105.68245185784124, 9.149602702838882],
            [105.68431571284555, 9.151377380871354],
            [105.68550186935833, 9.151974935501235],
            [105.7064596563591, 9.162600946498223],
            [105.72092051056312, 9.16831306922561],
            [105.73924295429899, 9.178328205731686],
            [105.77636049206833, 9.194523707905793],
            [105.78889950276219, 9.201194515349643],
            [105.80867115939255, 9.211200692274916],
            [105.82410415681107, 9.220261604746586],
            [105.82752866059742, 9.22235742260407],
            [105.82794343592863, 9.244050934560022],
            [105.82798795938321, 9.24644102169145],
            [105.82544628744535, 9.255332472594676],
            [105.82015781869468, 9.27142981591913],
            [105.8226682436619, 9.272379590766525],
            [105.82248101767489, 9.272709593382261],
            [105.82260141560847, 9.274011653901379],
            [105.82330149889192, 9.274751836006688],
            [105.82501378026393, 9.275509861753303],
            [105.82543741870883, 9.275799720131717],
            [105.8258654477079, 9.275960209488655],
            [105.82672159825262, 9.276410597905874],
            [105.82377413498713, 9.291049855718102],
            [105.822538977087, 9.296222401568942],
            [105.82175415264453, 9.30075734384942],
            [105.82145539886461, 9.301390534333054],
            [105.82097828962871, 9.304690232283619],
            [105.8187843733518, 9.316190285916937],
            [105.81680457679454, 9.32380192616906],
            [105.81572542145453, 9.328381408763503],
            [105.81466866689978, 9.331529529090114],
            [105.81437879275357, 9.332880690226697],
            [105.81102108712004, 9.338601698400641],
            [105.81449031720912, 9.340688563946001],
            [105.81571207425843, 9.34135292820895],
            [105.81971188678568, 9.343430900653885],
            [105.82044322284604, 9.343751946028428],
            [105.821134339867, 9.344019477242368],
            [105.82285108032262, 9.344897933800157],
            [105.82414428979824, 9.34550883882985],
            [105.8248041561851, 9.345798683592385],
            [105.829423824124, 9.347952458430695],
            [105.83364655633302, 9.349620153246054],
            [105.83537228174637, 9.350360377723726],
            [105.83950582792171, 9.35201914612859],
            [105.84288142985055, 9.353142787986968],
            [105.84577087118454, 9.354110439376361],
            [105.84745639187419, 9.35467228158582],
            [105.85128235556638, 9.356420260107294],
            [105.85186652010961, 9.357169391819227],
            [105.85260667355072, 9.357472633505283],
            [105.85544716621307, 9.359670946562737],
            [105.8564548737045, 9.359974198368903],
            [105.85707023470401, 9.359978616461019],
            [105.85810026109392, 9.360130234862032],
            [105.85890297958272, 9.360313036014745],
            [105.85975014297836, 9.361213811603196],
            [105.85997754719705, 9.36175332884954],
            [105.86004447827871, 9.3625113670597],
            [105.86004447827872, 9.36338093574734],
            [105.85999098717136, 9.364299523993287],
            [105.85978580366888, 9.364901507575025],
            [105.85922401418537, 9.365472208113605],
            [105.85807804056202, 9.366270442759387],
            [105.85761875709633, 9.366841155091459],
            [105.85727532562208, 9.367532367060948],
            [105.85727532562207, 9.368169955646374],
            [105.85732442562193, 9.369200036087728],
            [105.85703457453243, 9.3715098357124],
            [105.85682052404785, 9.372459639113897],
            [105.8564548737045, 9.37334257455695],
            [105.85579498461458, 9.374207628067081],
            [105.85481398069564, 9.375309005832008],
            [105.85420301739575, 9.376298961705178],
            [105.85356096602513, 9.377587623512959],
            [105.8533379598635, 9.378501760590696],
            [105.85321754202295, 9.379447062934316],
            [105.85346285761662, 9.380682225245572],
            [105.85546051626339, 9.381721237315126],
            [105.85674472389329, 9.38288951978162],
            [105.85643704367668, 9.384173681728598],
            [105.85585734470567, 9.384731116442174],
            [105.85542485639955, 9.384869304646156],
            [105.8539889701609, 9.384561670587011],
            [105.8532576812945, 9.384829228683813],
            [105.85282967883755, 9.385542620566781],
            [105.85282071919855, 9.386122299262688],
            [105.85336922909227, 9.387700886822548],
            [105.85331565030235, 9.388423196703679],
            [105.85292778691284, 9.388690748384091],
            [105.85077847032088, 9.388369696769814],
            [105.85019878894467, 9.388360835422466],
            [105.84903495187436, 9.389199099654324],
            [105.84860238980353, 9.389912589631532],
            [105.84845079620861, 9.390617103070184],
            [105.84821444663004, 9.391089766538393],
            [105.84813864997504, 9.391758675182427],
            [105.84826802395325, 9.393479843200751],
            [105.84837499945742, 9.396627939508065],
            [105.84733606742834, 9.398621167619783],
            [105.84603839606707, 9.399602209609442],
            [105.84443764256393, 9.39986080704994],
            [105.84343878006985, 9.399838561162342],
            [105.8427208817608, 9.400538644132359],
            [105.84256929295499, 9.401252050614525],
            [105.8426673956255, 9.404119301249079],
            [105.84223036878446, 9.40469001055338],
            [105.84165958353164, 9.404681091175373],
            [105.84037986982882, 9.403802672912779],
            [105.83895287938199, 9.402482817338605],
            [105.83880577312904, 9.402050238761827],
            [105.83724064864352, 9.401448278928308],
            [105.83451170151919, 9.401541932678484],
            [105.83349497492583, 9.401809413218048],
            [105.83291525781281, 9.40193878511423],
            [105.83174704956322, 9.401118306672627],
            [105.83178718420326, 9.400208649690493],
            [105.8322285762299, 9.39993219906188],
            [105.83351728211096, 9.399941072659008],
            [105.83467215293321, 9.39982964075084],
            [105.83481486611639, 9.399401540671777],
            [105.83513594878232, 9.39769368973062],
            [105.83444925899073, 9.394670454607557],
            [105.8336109006481, 9.392788685522548],
            [105.83190310885963, 9.391330524505088],
            [105.83119412411035, 9.391027316089968],
            [105.830320125408, 9.3908712481074],
            [105.828598926177, 9.39141080801625],
            [105.82743952433518, 9.392110936073747],
            [105.82698918530106, 9.39257912870525],
            [105.82454114100935, 9.393658175828206],
            [105.82350216304599, 9.394068425596934],
            [105.82224470112484, 9.394309240695202],
            [105.82151783702109, 9.39387227618801],
            [105.82109868658628, 9.39300273683503],
            [105.82141078739697, 9.39129043865995],
            [105.82200829529451, 9.388579264113524],
            [105.82218226272353, 9.387147913865933],
            [105.82190581404302, 9.385279595032866],
            [105.8210808599485, 9.38268884806216],
            [105.82087124031621, 9.381921902478759],
            [105.82052787670426, 9.381101428657555],
            [105.82010433905795, 9.380668877907649],
            [105.8185435825222, 9.379210728196362],
            [105.81610890741227, 9.378020145208602],
            [105.81482919072606, 9.377279969323883],
            [105.81461518884792, 9.377052516283443],
            [105.81429853101831, 9.376312285975223],
            [105.81440557653235, 9.375701386118614],
            [105.81543563523218, 9.374711468444929],
            [105.81720141228944, 9.373891060200652],
            [105.81788812782042, 9.373333596376002],
            [105.8183964924447, 9.372829774533432],
            [105.81857484589722, 9.371750659273902],
            [105.81800852277011, 9.371001512840655],
            [105.81591720912343, 9.37056903097032],
            [105.81375004689947, 9.370961412101108],
            [105.8120289119582, 9.371362690558607],
            [105.81065991613845, 9.371558903929854],
            [105.80989744638184, 9.371790754467233],
            [105.80903680525402, 9.372330363471931],
            [105.8081226919559, 9.372869867752172],
            [105.80798447806019, 9.373440675508542],
            [105.80709267396887, 9.374711515302293],
            [105.80578614753873, 9.375549814827975],
            [105.80420759717677, 9.375661249957432],
            [105.80248189330356, 9.375638952706856],
            [105.80134039016383, 9.375179721565232],
            [105.7996058455798, 9.375291173920095],
            [105.79775084588269, 9.37632125588921],
            [105.796997207198, 9.376967837768182],
            [105.79516453628449, 9.377311118827537],
            [105.79437087119584, 9.377311118856316],
            [105.79326049817682, 9.377471687747503],
            [105.7909150060588, 9.380008906308838],
            [105.79046466638837, 9.381190604653769],
            [105.79096856681674, 9.383299691596642],
            [105.79073220098037, 9.383870484615976],
            [105.79000984951655, 9.384004247045103],
            [105.78771339076378, 9.38353159520367],
            [105.78676803550256, 9.383272949992852],
            [105.7861392940929, 9.382791372547022],
            [105.78494872168848, 9.384619605370512],
            [105.78423525966012, 9.386479025625388],
            [105.7836511292368, 9.387040898078439],
            [105.78320528545984, 9.387602720928165],
            [105.78190761573465, 9.387999588876452],
            [105.780748238106, 9.388989565499559],
            [105.77987877684912, 9.389413154752454],
            [105.77942837460593, 9.390117719364506],
            [105.77955770056967, 9.391410845855647],
            [105.77867928888705, 9.392819910955598],
            [105.77825119009717, 9.392819943077301],
            [105.7770784015501, 9.393800932648132],
            [105.78662983759844, 9.40098002924622],
            [105.78578256042691, 9.400868555395443],
            [105.78456082226889, 9.40118965470691],
            [105.78306700066685, 9.402179585744376],
            [105.78174712053581, 9.4029108457251],
            [105.7805654431187, 9.403169487989965],
            [105.7786881553788, 9.40285291516009],
            [105.77768490111579, 9.403820529642436],
            [105.7764987718204, 9.40609912163314],
            [105.77266835368445, 9.411882536164132],
            [105.76898067772461, 9.409421159215556],
            [105.76782138162872, 9.41009890700104],
            [105.76680914166944, 9.410660730585775],
            [105.7665326864111, 9.410219314632501],
            [105.76566311330534, 9.410058830920477],
            [105.7648069773833, 9.410188093591247],
            [105.76362531935428, 9.411588270050446],
            [105.76259528155835, 9.413157868508467],
            [105.76187733914314, 9.413581483287937],
            [105.76158754804017, 9.413572521267529],
            [105.76116835473654, 9.413126662682327],
            [105.76103008652953, 9.41270305756074],
            [105.76107916098485, 9.412462235849214],
            [105.76116835473653, 9.412051995505678],
            [105.76107916098485, 9.411588243690241],
            [105.76066444643018, 9.411338585714812],
            [105.76019179298112, 9.41109772030703],
            [105.75904132841521, 9.410522571823247],
            [105.75862670802138, 9.410210367701906],
            [105.75807821056144, 9.410040987865218],
            [105.75762786179263, 9.410130097497287],
            [105.7571730366291, 9.410629526157697],
            [105.7561563779666, 9.4106072675337],
            [105.75559893297537, 9.409880441397538],
            [105.75604927675712, 9.408462435202392],
            [105.75578179265541, 9.407882713834653],
            [105.75520205108533, 9.407869368646356],
            [105.75418092593337, 9.408141355666697],
            [105.75316428387848, 9.408841471440104],
            [105.75184435009255, 9.41095951537724],
            [105.75155457485832, 9.410959486231677],
            [105.75084554085197, 9.410370933240241],
            [105.75071623512319, 9.409648572637192],
            [105.75144308852606, 9.408948498445351],
            [105.75202720602339, 9.407949619232028],
            [105.75189342208739, 9.407240618459646],
            [105.75105069299552, 9.406509370565164],
            [105.75002950145071, 9.406629756279207],
            [105.74887910071996, 9.40690177407236],
            [105.74743437169727, 9.406589608469886],
            [105.74687247601778, 9.40617049176146],
            [105.7464221548142, 9.405804818880668],
            [105.74556592972634, 9.405069073191495],
            [105.74556592972635, 9.404502787531307],
            [105.7460029962254, 9.404502782780536],
            [105.74672535365733, 9.403802643066431],
            [105.74672535365733, 9.403370140745327],
            [105.74630171713798, 9.403080324659596],
            [105.74442889909416, 9.403191778380714],
            [105.74299754715068, 9.40245155576041],
            [105.7427299925851, 9.401158416350317],
            [105.74231084246179, 9.400288914726628],
            [105.74144577193998, 9.399709177053099],
            [105.74117374253642, 9.399838558720386],
            [105.73999653503672, 9.401118278711758],
            [105.73927420419886, 9.401390316199517],
            [105.73766891540004, 9.401318943495074],
            [105.73734334650145, 9.401252069197229],
            [105.73697775373553, 9.40106029668267],
            [105.73692420873844, 9.400801665756356],
            [105.73697775373553, 9.400489588174949],
            [105.73757973310276, 9.39963787913799],
            [105.73802116799197, 9.397501998448849],
            [105.73790073585245, 9.395927886650716],
            [105.73734334650145, 9.394920170797937],
            [105.73676366338147, 9.394621344159898],
            [105.73488646615742, 9.39516091128226],
            [105.734458380145, 9.39458126986859],
            [105.73332123958004, 9.393702836925357],
            [105.73174277486905, 9.393823185009396],
            [105.73001264854418, 9.395080685762204],
            [105.72870613334864, 9.395062805643432],
            [105.72756902864892, 9.393751842796371],
            [105.727288155927, 9.392601397822911],
            [105.72677529795831, 9.391838891495135],
            [105.72663705576399, 9.391624901227601],
            [105.7246929017127, 9.391758660193084],
            [105.72422920514386, 9.391829984053128],
            [105.72399283584681, 9.391682806811],
            [105.72406867096288, 9.390840023627764],
            [105.72422025175581, 9.390229171855033],
            [105.72399283584681, 9.389542442578144],
            [105.7235246643832, 9.389083186914513],
            [105.7231367159831, 9.389002948442963],
            [105.72244104321575, 9.389310608038098],
            [105.72113010569501, 9.390532347791936],
            [105.72065746498511, 9.390759826833998],
            [105.7203586965238, 9.39045208357355],
            [105.7197254379332, 9.389680736192773],
            [105.71911456438639, 9.389448844171072],
            [105.71797304302886, 9.390162319603224],
            [105.71637671576032, 9.390991685198575],
            [105.71592629078506, 9.391981622956225],
            [105.71491406969704, 9.393551238652353],
            [105.71420061210114, 9.393809828292333],
            [105.7128985972547, 9.393649279021453],
            [105.71145827154092, 9.394050604374602],
            [105.71057982886606, 9.395901149293111],
            [105.71041930672853, 9.39703373175849],
            [105.70902367433241, 9.396859852182041],
            [105.70820764303745, 9.39667259394133],
            [105.70751202737337, 9.396569995937401],
            [105.70538499981576, 9.396360447893779],
            [105.7055990532734, 9.396150818503315],
            [105.70627684612495, 9.39566033938145],
            [105.70761005799102, 9.394581263660015],
            [105.7077884828035, 9.394349371517231],
            [105.70683870617741, 9.391241354666123],
            [105.70686986099217, 9.390492214658849],
            [105.70648194811916, 9.385310815815755],
            [105.70652205538912, 9.384842555255862],
            [105.70649528736645, 9.384258414912281],
            [105.70630800084331, 9.383651997799364],
            [105.70606279186822, 9.383148154649612],
            [105.70583987490551, 9.382720032029193],
            [105.70500156633588, 9.377578668845988],
            [105.70465815099983, 9.377101612692103],
            [105.70410972629162, 9.37705255121724],
            [105.70384213932329, 9.377021320268383],
            [105.70301726849495, 9.377070335226504],
            [105.7023706418575, 9.377110472406425],
            [105.7018801453539, 9.377061414397957],
            [105.70070739946154, 9.377279919074653],
            [105.69925821829332, 9.37826092248913],
            [105.69693944508792, 9.379081421957597],
            [105.6932963579705, 9.379473822275838],
            [105.69191849233371, 9.379282085339655],
            [105.69071009346197, 9.37910820763092],
            [105.68991195844103, 9.379001139666194],
            [105.68924756474435, 9.37893874365858],
            [105.6875932153415, 9.378318875436863],
            [105.6864695267602, 9.378051374335364],
            [105.68308946201873, 9.384570557623244],
            [105.68139059157504, 9.383161492659793],
            [105.68068603810119, 9.382938564286182],
            [105.6802847544572, 9.382880605461299],
            [105.67970059877538, 9.382737836035155],
            [105.67748438693633, 9.383910641512989],
            [105.67397506005035, 9.389952676180359],
            [105.67212455892249, 9.389872421917199],
            [105.67175444307189, 9.389471106236567],
            [105.67125507877773, 9.389141126124068],
            [105.67101421364788, 9.389043083419914],
            [105.67070210089392, 9.38897173204576],
            [105.67006892629168, 9.388869158329067],
            [105.66837894994286, 9.388828985667248],
            [105.66757187345017, 9.388828976488734],
            [105.66678699793424, 9.388779946199458],
            [105.66599335433325, 9.388828985039947],
            [105.66454409333754, 9.388828979538925],
            [105.66417846825333, 9.388788845240958],
            [105.66364332335351, 9.388632828900192],
            [105.66282731770687, 9.388369729333704],
            [105.66195779288738, 9.387892594334275],
            [105.66126217605334, 9.387428869189641],
            [105.66073599006535, 9.387089976704619],
            [105.66033913640098, 9.386782267237963],
            [105.65968371220286, 9.386019761333916],
            [105.65949190956015, 9.385689834710474],
            [105.65924667456089, 9.385435615317892],
            [105.65886763499098, 9.385301848729561],
            [105.65733376352898, 9.38490054285238],
            [105.65665597515064, 9.384784594017297],
            [105.65595142878514, 9.385230536293422],
            [105.65522907472347, 9.385671949752982],
            [105.65492137479082, 9.385908263247549],
            [105.6545022485912, 9.385961799846363],
            [105.65390018710418, 9.385828066354234],
            [105.65325364673117, 9.386608348266181],
            [105.65249559363323, 9.387660686563889],
            [105.6520764730853, 9.387691897524501],
            [105.65036858708982, 9.387379822399504],
            [105.65000746565485, 9.387272812358223],
            [105.64993166156967, 9.387709799397374],
            [105.65001632587469, 9.388481192867575],
            [105.6514967941934, 9.392057365044138],
            [105.65148784440271, 9.39320340555793],
            [105.65061837436053, 9.393760784095454],
            [105.64839321248613, 9.394460843125069],
            [105.64787153893658, 9.394429619978515],
            [105.64644461871372, 9.394260183324029],
            [105.64544128865657, 9.393680546410554],
            [105.64414818158934, 9.393230132745249],
            [105.64256073960631, 9.393488799415067],
            [105.6414013555955, 9.394331554122624],
            [105.63952854785542, 9.395009294127817],
            [105.63910050838484, 9.394862184366241],
            [105.63823091932022, 9.39541957921386],
            [105.6374952128555, 9.396119621930241],
            [105.63819977635072, 9.397921108099384],
            [105.64061659424169, 9.401318932932398],
            [105.64095988775877, 9.4017514742277],
            [105.6410580612341, 9.401952135896133],
            [105.64111148838956, 9.402429286285656],
            [105.64100454460188, 9.403642100846566],
            [105.64087522772199, 9.40403005067106],
            [105.64061659424168, 9.404431392851064],
            [105.64058536136567, 9.404730187647512],
            [105.64108473006348, 9.406250749001256],
            [105.63844498263634, 9.40716930983361],
            [105.63881511947451, 9.408747822042796],
            [105.63781621711762, 9.409068892301597],
            [105.6297051069163, 9.411271643909227],
            [105.62496960465872, 9.41263170138414],
            [105.62143794775113, 9.413684022611633],
            [105.61971227813497, 9.41417010403505],
            [105.61902559421898, 9.413813383773736],
            [105.618347771595, 9.413099936027336],
            [105.61808917063746, 9.411690827585437],
            [105.61808917063746, 9.410990756828022],
            [105.61772802473587, 9.410281766214695],
            [105.61750951213381, 9.40942559839317],
            [105.61720178742767, 9.408703205154184],
            [105.61692985550978, 9.40825733249465],
            [105.61675143117245, 9.408020995775574],
            [105.61655967442272, 9.407829274766984],
            [105.61635011128521, 9.407610765281365],
            [105.61557870272406, 9.407508153585662],
            [105.61573922987793, 9.406718926544636],
            [105.61460659487989, 9.406589643285763],
            [105.61434352536743, 9.40742791848711],
            [105.61425878843349, 9.407748955735146],
            [105.61387089601239, 9.407650897959991],
            [105.61297011194809, 9.407427894755331],
            [105.61239494396925, 9.409131328956159],
            [105.61187767018009, 9.410687499555692],
            [105.61139609956123, 9.41201190675893],
            [105.61067374606802, 9.41203863833816],
            [105.60909966444693, 9.412328449248854],
            [105.60881870772744, 9.413278233729857],
            [105.60618784688965, 9.415498853965206],
            [105.6028346136139, 9.418303641096914],
            [105.60177775469532, 9.418740675772584],
            [105.6021791312948, 9.420658061352968],
            [105.60138541575849, 9.421518653726858],
            [105.60048022110001, 9.4226111488077],
            [105.598937365561, 9.42401128263885],
            [105.5985716953673, 9.42364122597255],
            [105.59777799589727, 9.422111703260237],
            [105.59706902869229, 9.420680392272942],
            [105.59673897160098, 9.420118509010315],
            [105.59604781309712, 9.419289123979548],
            [105.59554400720994, 9.419008173831203],
            [105.59504897077663, 9.419070645634978],
            [105.59384059736499, 9.419810850633503],
            [105.59163779292888, 9.421072769609752],
            [105.58832464603981, 9.423052637729706],
            [105.58822659100163, 9.422851948249857],
            [105.58663025184903, 9.419922290357912],
            [105.58294699751752, 9.413621592525496],
            [105.58135061631809, 9.410821321404148],
            [105.57961164711634, 9.412948268676073],
            [105.57562965250861, 9.417402908355752],
            [105.57395300284352, 9.419520966352286],
            [105.54482171327675, 9.45168899032074],
            [105.54491983374128, 9.457490220998706],
            [105.5447458644956, 9.460352967853744],
            [105.54491983374128, 9.470929960877429],
            [105.54448728121899, 9.472713646350204]
          ]
        ]
      },
      "id": "000000000000000000ea",
      "properties": {
        "ADM0_CODE": 264,
        "ADM0_NAME": "Viet Nam",
        "ADM1_CODE": 3330,
        "ADM1_NAME": "Bac Lieu",
        "DISP_AREA": "NO",
        "EXP1_YEAR": 3000,
        "STATUS": "Member State",
        "STR1_YEAR": 1997,
        "Shape_Area": 0.213979014536,
        "Shape_Leng": 2.8210413059
      }
    },
    {
      "type": "Feature",
      "geometry": {
        "type": "MultiPolygon",
        "coordinates": [
          [
            [
              [104.84909487597149, 8.413940230709537],
              [104.8492866465085, 8.41265155254563],
              [104.8499599384137, 8.411741848587289],
              [104.85068231194884, 8.411122021114421],
              [104.85140023516962, 8.41088125522065],
              [104.85245708467474, 8.41107302391482],
              [104.85332216558622, 8.411407411307449],
              [104.85466878677909, 8.412125365873253],
              [104.85529311056361, 8.41260693551902],
              [104.85581927607333, 8.414038324710827],
              [104.85591289399073, 8.414328107663437],
              [104.85650150344576, 8.414399478140849],
              [104.85668428636912, 8.41490337206744],
              [104.8569474157645, 8.415059426312329],
              [104.85758502090792, 8.416972372749088],
              [104.85865073048431, 8.41700809287544],
              [104.85854820328024, 8.418091608804659],
              [104.85792840949077, 8.418488481866197],
              [104.85726399111687, 8.418408244299876],
              [104.85639443479475, 8.41805598758409],
              [104.85500326154792, 8.418198607926165],
              [104.85413817140538, 8.41915739330427],
              [104.85346486163785, 8.419683559979438],
              [104.85325527128943, 8.419683562726174],
              [104.85294315766227, 8.419683519989922],
              [104.8525997799427, 8.419683539722273],
              [104.85206017517106, 8.419286640310263],
              [104.85183277212919, 8.418484029488958],
              [104.84991094895982, 8.417721530697559],
              [104.84926437866827, 8.416490821625322],
              [104.84920193966097, 8.415532071321914],
              [104.84909487597149, 8.413940230709537]
            ]
          ],
          [
            [
              [104.52285371840745, 8.947850688083761],
              [104.52291611368966, 8.947578649727063],
              [104.52331297318008, 8.947244194743135],
              [104.52341998765496, 8.94681166925889],
              [104.52358495363978, 8.94615172410834],
              [104.52435192341983, 8.944880947240925],
              [104.52535523852453, 8.944122901970363],
              [104.52645668857055, 8.943703703130664],
              [104.52675987318308, 8.94291442868781],
              [104.52737077737481, 8.942308018918194],
              [104.52859259322958, 8.94161238529093],
              [104.52962704688511, 8.941674836950616],
              [104.53047875656793, 8.942646918029954],
              [104.5304475573489, 8.943436176654922],
              [104.53017112010775, 8.943948947771391],
              [104.53017112010775, 8.944947821534923],
              [104.529408564843, 8.945919846768943],
              [104.52913212951783, 8.946887536378268],
              [104.5286416580638, 8.948278745426995],
              [104.5282447844575, 8.949946471618123],
              [104.52791030926453, 8.950976461342414],
              [104.5276115665729, 8.951435826919887],
              [104.52720580722102, 8.951734505626645],
              [104.52696057444554, 8.952430158703944],
              [104.52628718632954, 8.953674228801159],
              [104.52607315335946, 8.955065476309537],
              [104.52576997013654, 8.955154706315838],
              [104.5253195961914, 8.955083363191946],
              [104.52519027058999, 8.955065476458259],
              [104.52497623918703, 8.954641841542601],
              [104.52473545422426, 8.954338648290825],
              [104.52476665225409, 8.953821374797506],
              [104.52522146871453, 8.953669783423994],
              [104.52561389012382, 8.953112384100008],
              [104.52564953252698, 8.953063330348026],
              [104.52561389012382, 8.952706634355717],
              [104.52559158029474, 8.952456892147264],
              [104.52504307952589, 8.952305337253994],
              [104.52449466964853, 8.951458049678468],
              [104.52410225117129, 8.951025546276423],
              [104.5240666091363, 8.950757974243384],
              [104.52403985539489, 8.95045479603689],
              [104.52425388545987, 8.94975916980956],
              [104.52391941917637, 8.94936675097154],
              [104.52324613361331, 8.948546262390758],
              [104.52288047193694, 8.948122704522406],
              [104.52285371840745, 8.947850688083761]
            ]
          ],
          [
            [
              [104.81993689733841, 8.425676597808566],
              [104.8201151850002, 8.42507014797748],
              [104.82165806746836, 8.423536210455579],
              [104.8222868019954, 8.423246375029102],
              [104.82266137223375, 8.423072479297002],
              [104.82338370933108, 8.421997830084363],
              [104.82358435416776, 8.421462683742698],
              [104.824320143156, 8.420441537344129],
              [104.82513172366082, 8.419696872519642],
              [104.82763773763398, 8.42000455435222],
              [104.82983163481691, 8.420009044237084],
              [104.83139670004691, 8.420446035814738],
              [104.83268987446262, 8.421159480244079],
              [104.83423270247211, 8.421311111836044],
              [104.83515129929617, 8.422376824880248],
              [104.83662281104579, 8.42354067894551],
              [104.83946772533545, 8.423999959013756],
              [104.8407118014637, 8.425618581863091],
              [104.84024803281562, 8.427460161961521],
              [104.8398155277003, 8.428124579428946],
              [104.83916899889941, 8.428307403506238],
              [104.83916899889941, 8.428918300657555],
              [104.83883901105445, 8.430171328562487],
              [104.83824147207481, 8.43168739070437],
              [104.8381612244284, 8.432298312321546],
              [104.83831726650433, 8.433377410043917],
              [104.83800954669145, 8.43467951673686],
              [104.83808543007414, 8.435450924958861],
              [104.83846885547304, 8.436369499252232],
              [104.83939638363947, 8.43583436762646],
              [104.8388568241458, 8.436757446924663],
              [104.83939638363947, 8.43714086705039],
              [104.84032382821269, 8.437140902507975],
              [104.84202723029361, 8.437087428289667],
              [104.84371720152514, 8.437711699332391],
              [104.84415425986317, 8.439022620218736],
              [104.84502820204416, 8.439294683826818],
              [104.84587542824652, 8.439753919165415],
              [104.84664686053004, 8.441600031353175],
              [104.84618316345176, 8.4426746165535],
              [104.84653089159748, 8.443758237013512],
              [104.84649081018904, 8.445595346209984],
              [104.84525559525632, 8.446282081247334],
              [104.84383762179786, 8.447998852748883],
              [104.8431509068338, 8.448244084730813],
              [104.84278528355271, 8.448895086252582],
              [104.84264705056287, 8.449804764553534],
              [104.84278528355271, 8.450585136496816],
              [104.84301712691347, 8.45114246454705],
              [104.84278528355271, 8.451508137361389],
              [104.84189790468831, 8.451236091201194],
              [104.84172404563996, 8.451048882591346],
              [104.84121119819405, 8.450487002704438],
              [104.84083221943511, 8.449679866817617],
              [104.84039517032957, 8.44949262874289],
              [104.84016333083464, 8.448819321422443],
              [104.83993149168161, 8.446897395459954],
              [104.83944100559535, 8.44593427679322],
              [104.83838860771053, 8.444592077551103],
              [104.83629282854736, 8.442973417002754],
              [104.83601637410784, 8.44275934035043],
              [104.83596284674198, 8.442750420100966],
              [104.83453150858655, 8.44251415832704],
              [104.83360846226292, 8.442514120397528],
              [104.83332755943137, 8.441385995559912],
              [104.83283700489879, 8.440748299100314],
              [104.83244014490957, 8.440239972591069],
              [104.83244905109223, 8.439749472969801],
              [104.8328325517964, 8.439018164555161],
              [104.8331134537425, 8.438139708058195],
              [104.83256500963645, 8.437435214055897],
              [104.83229746793236, 8.436752944638904],
              [104.83152601700917, 8.436752990887621],
              [104.83019722795541, 8.436463144999001],
              [104.82982263972241, 8.435776449593048],
              [104.82901112401105, 8.435152165603892],
              [104.82852058296673, 8.434291510126744],
              [104.82728542023362, 8.433368541243407],
              [104.82643820521417, 8.431370834799479],
              [104.82527884701116, 8.43006431366436],
              [104.82512727077706, 8.429297370007646],
              [104.82348630266424, 8.428418936866281],
              [104.8221396814523, 8.427536033738209],
              [104.8202668454436, 8.42599318807553],
              [104.81993689733841, 8.425676597808566]
            ]
          ],
          [
            [
              [105.23207819107861, 9.213782558835405],
              [105.23271137819424, 9.222290529411872],
              [105.23284065865546, 9.223302698357804],
              [105.23342036847016, 9.223592547286932],
              [105.23457524068434, 9.223458768960876],
              [105.23515495650307, 9.223610359538442],
              [105.23586842130956, 9.223770953870044],
              [105.23557860655669, 9.224190080380088],
              [105.23644367740124, 9.224497736313033],
              [105.23687616985634, 9.22421235343736],
              [105.23745142940788, 9.224221282493362],
              [105.23816490399307, 9.224952605132751],
              [105.23874454294638, 9.224809878119917],
              [105.23989945185811, 9.22513989773268],
              [105.2398905232701, 9.2255501202974],
              [105.24230733082705, 9.22903268389611],
              [105.24474203090307, 9.231801732629341],
              [105.2460173428325, 9.233398136096408],
              [105.24616449139847, 9.233687924835877],
              [105.24671737114409, 9.235279841146973],
              [105.24814431289572, 9.236158280659192],
              [105.25058793751765, 9.238347757372381],
              [105.25100707267129, 9.238642050989124],
              [105.25300472054445, 9.240693244345627],
              [105.25446287919279, 9.242017553455902],
              [105.25515847800871, 9.242869244066437],
              [105.2574237034492, 9.247078614612624],
              [105.257713555927, 9.247511205495249],
              [105.2578517851959, 9.24809085766883],
              [105.25797215547868, 9.249820988753847],
              [105.25840023862169, 9.250690539458354],
              [105.25968002976896, 9.251582318433098],
              [105.26155731847892, 9.25246077969949],
              [105.26226634130776, 9.253330318757241],
              [105.2645493436742, 9.256081573955363],
              [105.26512014375399, 9.256821774432579],
              [105.2676930544921, 9.258721356231863],
              [105.26798283535811, 9.258730299175324],
              [105.26856257718805, 9.259309984469098],
              [105.26928047036773, 9.259461563206873],
              [105.27041755012667, 9.260340051576454],
              [105.27381981574555, 9.2620701664774],
              [105.27865792389183, 9.26420157874671],
              [105.28135571503341, 9.267171364701726],
              [105.28353171576613, 9.26931175243638],
              [105.28546696443776, 9.27100171309519],
              [105.28779466865002, 9.273222359995374],
              [105.29009105623359, 9.274769630457305],
              [105.29207541316214, 9.276883311935606],
              [105.29332839767183, 9.279032524351022],
              [105.25493551104006, 9.315320755144812],
              [105.25308945948517, 9.315940583768292],
              [105.25242056770301, 9.318781032482455],
              [105.25234922297513, 9.32016334355301],
              [105.25096251607246, 9.320091926089],
              [105.25065035233683, 9.320470993904255],
              [105.25026684533807, 9.322620243982836],
              [105.24981646012296, 9.322740668530345],
              [105.24942857977183, 9.322932385135546],
              [105.24974065194522, 9.323471976128141],
              [105.25005281398987, 9.324622433332594],
              [105.24974958105743, 9.325228862376692],
              [105.24881765217768, 9.32621875209472],
              [105.24813091935563, 9.327601098639313],
              [105.24783215439943, 9.327980122124202],
              [105.2475290147677, 9.330129391006267],
              [105.24729712894472, 9.331649975067233],
              [105.2475290147677, 9.332729045113549],
              [105.24881765217768, 9.336149148724802],
              [105.24983431835591, 9.338418839192679],
              [105.25076178829487, 9.340349668524128],
              [105.25211295516898, 9.34244098559447],
              [105.25382076992749, 9.341839038963341],
              [105.2764373333508, 9.365432076545694],
              [105.28311705440348, 9.372022693835193],
              [105.28629192350562, 9.375309039640035],
              [105.29055039108174, 9.38003122017561],
              [105.29168743552279, 9.38111922338236],
              [105.29670843866887, 9.386849144242923],
              [105.29551786055814, 9.387580438434767],
              [105.2935870518422, 9.388802271532134],
              [105.29200851732242, 9.38949788897671],
              [105.29139761394903, 9.389769908363261],
              [105.28951141905615, 9.391027309453072],
              [105.2844458855719, 9.394179924469984],
              [105.28412035267337, 9.39433154409584],
              [105.28192201730583, 9.395602369404308],
              [105.28114164415985, 9.396039396536834],
              [105.28034350245747, 9.39512970974077],
              [105.2787917050236, 9.39560239930872],
              [105.27385107211319, 9.397189811113986],
              [105.27327577726882, 9.39520999877031],
              [105.27012767577047, 9.396271249032072],
              [105.26661841387107, 9.397484134628053],
              [105.26403658968339, 9.398460650208108],
              [105.26289946371392, 9.399530874409306],
              [105.26178913468213, 9.399999037071222],
              [105.25831549700352, 9.402362345103226],
              [105.25657647270073, 9.403472674151308],
              [105.25045864337373, 9.407610735193673],
              [105.24294948534461, 9.412439919077622],
              [105.23887829233024, 9.414451008732186],
              [105.22908165571872, 9.420738373479647],
              [105.2258086786759, 9.422958961912054],
              [105.22120688844417, 9.426182860485635],
              [105.21647577846, 9.428947551426154],
              [105.21386723055556, 9.430713319607623],
              [105.21060312146042, 9.432751165027973],
              [105.20883290193126, 9.433758950460692],
              [105.19818011238193, 9.440652655208703],
              [105.19444340194616, 9.442833161944433],
              [105.18331794233215, 9.44999898817149],
              [105.13635463718602, 9.477841591425346],
              [105.13292118099143, 9.480039936499844],
              [105.12914873577725, 9.482590492750568],
              [105.12490812837939, 9.485150032958265],
              [105.12098856133429, 9.487740794976402],
              [105.11723405526841, 9.490121965966875],
              [105.11329664923454, 9.492449573010727],
              [105.111000199772, 9.493898848619953],
              [105.1050562563307, 9.49724311321406],
              [105.10111441429716, 9.49953065740264],
              [105.09336000788711, 9.503740046989734],
              [105.09282494562217, 9.504029903484465],
              [105.08503935429555, 9.508511299872877],
              [105.07710214024168, 9.51371056293397],
              [105.0686565519429, 9.518709273934535],
              [105.06038496268143, 9.52381045408483],
              [105.05703613205232, 9.525968696275834],
              [105.05291154982746, 9.528291884432358],
              [105.05195727515651, 9.528911666429932],
              [105.0502092725297, 9.529990803128495],
              [105.04574570826887, 9.532773249089244],
              [105.03208305939813, 9.540639124309344],
              [105.02873873590922, 9.54281071603289],
              [105.02731181941054, 9.543733699007316],
              [105.0270755171168, 9.543871950086965],
              [105.02555935630234, 9.544821705581736],
              [105.02413246782203, 9.545428185140679],
              [105.02047158714375, 9.547751379161568],
              [105.01999445537257, 9.548059019355327],
              [105.01648507006165, 9.55037780980395],
              [105.01521875688282, 9.551309692368553],
              [105.01251202567188, 9.552852609668669],
              [105.00901608777701, 9.554859190005624],
              [105.00344667448836, 9.558720801453509],
              [105.00251025517925, 9.556682960324675],
              [105.00205100782195, 9.554640715727777],
              [105.00128845147002, 9.551661973164835],
              [105.00083366539846, 9.549298692458589],
              [104.9997322343033, 9.547760308412746],
              [104.999121341816, 9.546881816866579],
              [104.99867993509775, 9.545450511062441],
              [104.99812253936905, 9.543582081574593],
              [104.99736000159754, 9.542311247739867],
              [104.99619172904978, 9.540871015542251],
              [104.99459089559322, 9.53943068051768],
              [104.99315064050354, 9.539011526534797],
              [104.99254423054522, 9.539203308909755],
              [104.99070700596407, 9.540282349642075],
              [104.98761689999266, 9.540830864571502],
              [104.98645752380021, 9.540911117928246],
              [104.98441524122403, 9.541111797785824],
              [104.98084351546206, 9.541593360311767],
              [104.97772213139922, 9.542257732012692],
              [104.97612130343138, 9.543381474632112],
              [104.97424406369578, 9.54465232612968],
              [104.9714659959696, 9.545878566494654],
              [104.97006142536692, 9.547118159846864],
              [104.96861220877749, 9.547911907280412],
              [104.96721648776901, 9.549419114586923],
              [104.96570490120942, 9.55091287073563],
              [104.9622401076404, 9.55478784073502],
              [104.95939521968951, 9.55079247858188],
              [104.9453579882658, 9.53185910150505],
              [104.91559798344228, 9.56115986921618],
              [104.89620082757237, 9.525090231182237],
              [104.89218764541238, 9.51785307294189],
              [104.88831274863975, 9.51019239842547],
              [104.87986718851917, 9.494759451418005],
              [104.87811473580311, 9.496431545910797],
              [104.87718279272532, 9.497131670252257],
              [104.87542146114447, 9.498937622557824],
              [104.87407484102108, 9.50087733155948],
              [104.86702941471968, 9.505911648797136],
              [104.86235627406288, 9.509420923879127],
              [104.85952920696737, 9.512060758286403],
              [104.85643906156974, 9.514718356253125],
              [104.8553465554311, 9.515418467617904],
              [104.85307240327019, 9.518062701510782],
              [104.8526755812893, 9.519583209730873],
              [104.8521494262784, 9.52096112664157],
              [104.85175251755004, 9.520970048401086],
              [104.85093652408972, 9.521661161990357],
              [104.8497147240818, 9.5223701684342],
              [104.8489210089703, 9.523618674990068],
              [104.84864898588133, 9.523890684458879],
              [104.8469144266575, 9.527221680322262],
              [104.84583980047582, 9.528470230726942],
              [104.84369048106294, 9.529321913888932],
              [104.84327578007117, 9.529741021611283],
              [104.84069844148735, 9.53018251356521],
              [104.83866951959124, 9.530891480786659],
              [104.83693052814314, 9.53168080170234],
              [104.83594503397867, 9.532394223736304],
              [104.83421043676354, 9.52487171510633],
              [104.83458058231274, 9.497961070897789],
              [104.83200320820902, 9.472093789303901],
              [104.83132981507585, 9.458457873402304],
              [104.8312674722523, 9.447666833609262],
              [104.83052719764586, 9.441299232767316],
              [104.8303220908984, 9.426784840429823],
              [104.8299118782075, 9.420546580778774],
              [104.82931882619306, 9.420444073548978],
              [104.82934109120792, 9.420122974594303],
              [104.83018386887323, 9.41679205462581],
              [104.8293455442113, 9.416497698455629],
              [104.829309920188, 9.415623764534535],
              [104.82961753389561, 9.415137679076082],
              [104.82957745680052, 9.41445992964686],
              [104.82956855078079, 9.414348440052295],
              [104.82943024035912, 9.413817819512428],
              [104.82919841704738, 9.412943811367795],
              [104.82882828418691, 9.411597195667568],
              [104.82832883776476, 9.411356406719019],
              [104.82793198917322, 9.411164614738194],
              [104.82778041037555, 9.41064742686369],
              [104.82803903844757, 9.409742205242326],
              [104.82807475124172, 9.409679723405816],
              [104.82873022940552, 9.408596201598257],
              [104.82860536772897, 9.40776232251438],
              [104.82947485948375, 9.406384529945681],
              [104.8287524943369, 9.405983169700336],
              [104.82883273717573, 9.40500663038747],
              [104.82849831806827, 9.404382380495159],
              [104.82833783277364, 9.4033835156846],
              [104.82828876099876, 9.402366812009069],
              [104.82815944670368, 9.399914302994254],
              [104.82760202493931, 9.38287611474215],
              [104.82704024127601, 9.38022743725959],
              [104.82632670411428, 9.364732025772032],
              [104.82535018229308, 9.354235292520794],
              [104.8252030588758, 9.345424104561872],
              [104.82534127651329, 9.344492198681252],
              [104.82534572940311, 9.344474313798576],
              [104.82535463518316, 9.344469903082784],
              [104.82579164243094, 9.344180005022569],
              [104.82623755672643, 9.343787670917635],
              [104.826482823488, 9.34329265307572],
              [104.82663440103202, 9.342704080372757],
              [104.82633569900838, 9.342213534466795],
              [104.82554637675007, 9.34166955202069],
              [104.82527439412324, 9.340639528352366],
              [104.82529665856416, 9.339114508270935],
              [104.82448961912868, 9.311619658874072],
              [104.82232696628388, 9.288641935289023],
              [104.82151094751535, 9.2734453377913],
              [104.82145742509697, 9.272410788821503],
              [104.82092674373789, 9.258288794469198],
              [104.81914760729433, 9.239186077107986],
              [104.81670397699249, 9.216404496520372],
              [104.81210668913967, 9.193043244189324],
              [104.80829858958987, 9.180178780562246],
              [104.80816929179332, 9.17955891559247],
              [104.80840562544996, 9.179246803589217],
              [104.8087489955587, 9.178805386377626],
              [104.808900555945, 9.178216716953788],
              [104.80850375656075, 9.17767272771919],
              [104.80791069652084, 9.177672772863101],
              [104.80761194115118, 9.177427460609179],
              [104.80762975069523, 9.176994924064289],
              [104.80733544824001, 9.176254718914013],
              [104.80767436361197, 9.175661720713963],
              [104.80815593458902, 9.174328428349291],
              [104.80837882195401, 9.171737645838043],
              [104.80870883475241, 9.168281880749731],
              [104.8087579003952, 9.165530592101561],
              [104.8091279858483, 9.16396545269282],
              [104.80917259919234, 9.162039158606886],
              [104.80962291862858, 9.141638759194281],
              [104.8094401014261, 9.135016967493852],
              [104.80929744538433, 9.126950454664303],
              [104.80952042342446, 9.123097763937542],
              [104.80932861242354, 9.118620853147885],
              [104.80797311910085, 9.096744492614024],
              [104.80569448845496, 9.067577565464125],
              [104.80404909360622, 9.052247155840853],
              [104.80386183064022, 9.050258361943225],
              [104.80412041921716, 9.049825839182246],
              [104.80412041921716, 9.048349881854602],
              [104.80372799519142, 9.046922939908564],
              [104.8036789311268, 9.045545151625772],
              [104.80440135873785, 9.042142828169368],
              [104.80547151586903, 9.040644527314189],
              [104.80606456665961, 9.039810693756316],
              [104.80837436954647, 9.038481915812177],
              [104.8162269213987, 9.035993694917364],
              [104.81644091498265, 9.0359268703268],
              [104.81739965969733, 9.03516435719537],
              [104.81761365488343, 9.034562350492815],
              [104.8171677651191, 9.034116459192298],
              [104.81735949667168, 9.030977191490921],
              [104.81740856502591, 9.030183515692258],
              [104.81664600357321, 9.029474525933134],
              [104.81374317456483, 9.029599351897573],
              [104.80867766783666, 9.028930520058339],
              [104.80585058726365, 9.027891501850062],
              [104.80465994820723, 9.026411124340155],
              [104.80309479389976, 9.0238203950334],
              [104.80250175437506, 9.020114867361512],
              [104.80295659589953, 9.007085360664874],
              [104.80350502541012, 9.000383301891995],
              [104.80351401899338, 9.00028074273305],
              [104.80423190450695, 8.991540978159005],
              [104.8043032302013, 8.982212494672295],
              [104.80490072886904, 8.979461222264987],
              [104.8048294029021, 8.978810186856672],
              [104.80425861824634, 8.9735573683776],
              [104.80350502541012, 8.959778730786987],
              [104.80298785072007, 8.951783628006579],
              [104.80239917479365, 8.938446409867664],
              [104.80175262222821, 8.930036564110491],
              [104.80215839798512, 8.92974223807337],
              [104.80181504234959, 8.925220746260722],
              [104.80191316932404, 8.92468118083558],
              [104.80270246149382, 8.92458306512273],
              [104.8030012074829, 8.924137143796434],
              [104.80275597749936, 8.923744774346613],
              [104.80156536201369, 8.923499489806419],
              [104.80109716793713, 8.921524160270742],
              [104.80051749254376, 8.915495400842735],
              [104.80058436435729, 8.91268176166078],
              [104.80004030822327, 8.910505688688122],
              [104.7989924489819, 8.899589847275816],
              [104.79920650803132, 8.898568647324195],
              [104.79935360701569, 8.898024680876045],
              [104.79955431009067, 8.897485102060056],
              [104.79915744538634, 8.89679844138507],
              [104.79871597131769, 8.89635247490393],
              [104.79827449849682, 8.894341427576727],
              [104.79728461732294, 8.889726318425586],
              [104.79647309218275, 8.884411016902893],
              [104.79394478300017, 8.874119446098593],
              [104.79320450680844, 8.871675859432182],
              [104.79238409897532, 8.867899001707006],
              [104.79238855092717, 8.865673923741637],
              [104.79238855092717, 8.865013976817647],
              [104.79347652273016, 8.86370745958864],
              [104.79385111302581, 8.863163443009993],
              [104.79388681801892, 8.863109897482794],
              [104.79398485097218, 8.862472294947302],
              [104.79369057421759, 8.861981764341275],
              [104.7932446636299, 8.861584860723218],
              [104.79238855092717, 8.860791172996239],
              [104.79045775132585, 8.857901713546802],
              [104.78820590912818, 8.851650031538055],
              [104.78717139571165, 8.847569931198668],
              [104.78569990368732, 8.843538943126042],
              [104.78436215524873, 8.838874670154894],
              [104.78350600227402, 8.835030957227039],
              [104.78354615659813, 8.834063310202309],
              [104.7833232156478, 8.832431315977571],
              [104.78278358234365, 8.8299609352627],
              [104.78221287830891, 8.824730451880406],
              [104.78189627647296, 8.820521008729012],
              [104.78142360074483, 8.818608117158073],
              [104.78135228550708, 8.817470983362957],
              [104.7810267821649, 8.816811030933646],
              [104.78100888662343, 8.815477776161597],
              [104.78147710945275, 8.809703231454652],
              [104.78363973134925, 8.803857352815514],
              [104.78440230979345, 8.802541909917634],
              [104.7850533312613, 8.80141380269909],
              [104.78583808640987, 8.799358117810579],
              [104.78703312277132, 8.796236812415637],
              [104.78764854068889, 8.795130920906326],
              [104.78833073856286, 8.793904692290319],
              [104.78834854590833, 8.793873414331598],
              [104.7885581385174, 8.793494402078693],
              [104.78862954608914, 8.793396337123967],
              [104.78955695712295, 8.792107649290909],
              [104.78971749167806, 8.791889159367356],
              [104.79173749883653, 8.78909329692524],
              [104.79221910972906, 8.78842446086491],
              [104.79235729822781, 8.78824160877539],
              [104.79306186558826, 8.787215997289914],
              [104.79437279851281, 8.785320907055558],
              [104.79585772849853, 8.784023332540576],
              [104.79853316686999, 8.782025583819992],
              [104.79853761899719, 8.782025651497975],
              [104.79854207112453, 8.782016730449799],
              [104.80027671863466, 8.780117103829031],
              [104.80069584712469, 8.779657842058988],
              [104.80086974971539, 8.779412556120414],
              [104.8013914586488, 8.778667879714433],
              [104.80350057314135, 8.775662481143396],
              [104.80449494599299, 8.774253380746543],
              [104.80725067498803, 8.772701666348116],
              [104.81089828159708, 8.771444197206675],
              [104.81368520224166, 8.770757477732895],
              [104.81519240056814, 8.771118642198353],
              [104.81727035438325, 8.77087339305281],
              [104.8209758132092, 8.772104129545045],
              [104.8233079221116, 8.772202204492],
              [104.82608597956585, 8.772969212944218],
              [104.8302552063852, 8.774124115188672],
              [104.83076356502461, 8.77387883026083],
              [104.83199875513026, 8.774275667869894],
              [104.83320269409813, 8.77506499362585],
              [104.83494173334645, 8.775724942220457],
              [104.83760830946132, 8.777673539253634],
              [104.86476418024894, 8.78746576419652],
              [104.88003663518256, 8.792437607360334],
              [104.88642647477957, 8.794796474099567],
              [104.89505931045642, 8.798867616173077],
              [104.89728889383889, 8.799683641641748],
              [104.89967006718774, 8.806345565907435],
              [104.90389282851812, 8.804664453444582],
              [104.90445461847408, 8.804441491231549],
              [104.90490057686443, 8.79770381269048],
              [104.90416031335317, 8.797066194347904],
              [104.90356724965001, 8.790230357470637],
              [104.90228311750406, 8.788607224186503],
              [104.89922857846688, 8.78310025824804],
              [104.89675822449149, 8.78259194010442],
              [104.89541605594681, 8.781231929475855],
              [104.89142516743354, 8.781494991461148],
              [104.88825920352598, 8.780839525984518],
              [104.88680110843386, 8.776433889486768],
              [104.88658256460344, 8.773918972141866],
              [104.88606084031501, 8.770436415425554],
              [104.88524484773082, 8.766958356197994],
              [104.88227063981208, 8.758664372408786],
              [104.87892187189998, 8.75888730412576],
              [104.87840008377813, 8.755850686277162],
              [104.87832435916386, 8.755841790427057],
              [104.87750831738614, 8.755774861261042],
              [104.87691080999085, 8.755774896685846],
              [104.87638911759134, 8.75466456735146],
              [104.87572016720245, 8.753037019395302],
              [104.8753189230483, 8.752778346389006],
              [104.8751895701322, 8.752698098065524],
              [104.87487741311776, 8.75249743695269],
              [104.87473478678751, 8.752408246224528],
              [104.87440027019679, 8.752194269200976],
              [104.87460543434945, 8.751034853977007],
              [104.87490422795125, 8.74977740632988],
              [104.87485514166484, 8.749019313375069],
              [104.87482841592546, 8.748667058039537],
              [104.87460543434945, 8.747779719410797],
              [104.87395439765264, 8.748123102784488],
              [104.87334354094656, 8.748444143610042],
              [104.87244725977217, 8.74903722771474],
              [104.87216628767264, 8.74898369170371],
              [104.87163124833465, 8.748889997848922],
              [104.87051645524198, 8.747409657049506],
              [104.87000805732828, 8.746401832960757],
              [104.86854549821385, 8.743498964118904],
              [104.86739064017863, 8.742816778675522],
              [104.85004918833073, 8.739806812837525],
              [104.84908596884586, 8.739182551268081],
              [104.84090356178268, 8.73762185654187],
              [104.83800064019354, 8.736587402689906],
              [104.83457604009789, 8.73451388261302],
              [104.83234654096046, 8.734362283748613],
              [104.82922068204518, 8.733693412340582],
              [104.82885063819198, 8.733992188319926],
              [104.82810592201629, 8.734879558269919],
              [104.82594776127215, 8.735026716514652],
              [104.82428897313368, 8.734866187076927],
              [104.82378954116373, 8.734210652004233],
              [104.8241596621358, 8.73278373421164],
              [104.82475714752134, 8.731767102644158],
              [104.82483293544124, 8.73102685640038],
              [104.82461002466039, 8.730585400433933],
              [104.82475714752134, 8.729176314346525],
              [104.82572475984885, 8.72651430555849],
              [104.82721853701467, 8.722590237982164],
              [104.82781167015088, 8.721109824426714],
              [104.83165088100907, 8.714960725086643],
              [104.8322038640683, 8.714077829312714],
              [104.83600301453063, 8.710153843626363],
              [104.84657106208594, 8.700165418517413],
              [104.84813620493196, 8.698372852009845],
              [104.84910387216888, 8.697266991864606],
              [104.84917076470228, 8.69681664668485],
              [104.84925101796563, 8.6962414077154],
              [104.84970136334096, 8.695278248724428],
              [104.85215387992778, 8.693356428903739],
              [104.85401774325311, 8.692616224817348],
              [104.86013564542375, 8.691956228704832],
              [104.85967190863873, 8.689583996358003],
              [104.85906992581066, 8.688634178602472],
              [104.85825834827861, 8.687363359536588],
              [104.8474004825342, 8.687969800197147],
              [104.84162589374162, 8.690836982832154],
              [104.83854019674803, 8.693200293257496],
              [104.8351557524643, 8.69656693191673],
              [104.83377785920379, 8.6979359173206],
              [104.83146812717129, 8.700232334068362],
              [104.82189442148344, 8.708182904320402],
              [104.81657912489347, 8.713105737169204],
              [104.8146439300859, 8.71495625832354],
              [104.81047467329147, 8.718599361120013],
              [104.80697872413052, 8.72124810454028],
              [104.80485175348251, 8.722483274810779],
              [104.80221636603642, 8.722724028020968],
              [104.80097232829281, 8.72304062685739],
              [104.79983524140287, 8.7201333095254],
              [104.79856442080569, 8.717560398457152],
              [104.79812294841318, 8.717319627093776],
              [104.79772163524163, 8.717609429433491],
              [104.79653551019445, 8.718492347281366],
              [104.79604052981435, 8.71790375034477],
              [104.79545642114867, 8.717747650624077],
              [104.79492573895081, 8.71716797813002],
              [104.79507292294336, 8.716280629417659],
              [104.79506847091493, 8.715469096411187],
              [104.79462700840652, 8.714724415703696],
              [104.79470278173338, 8.713689862518367],
              [104.79465372050345, 8.713622978573769],
              [104.79412758207594, 8.712980936075143],
              [104.79373963514479, 8.712503734670914],
              [104.79373963514479, 8.711839341755857],
              [104.79269618110813, 8.711763525224889],
              [104.79158141413151, 8.712057827767081],
              [104.7917285949701, 8.711094689122424],
              [104.79165727501827, 8.710430265345384],
              [104.7908367862821, 8.710207327368428],
              [104.78986912263807, 8.710354480098271],
              [104.78955695712295, 8.709663327592695],
              [104.78961046862297, 8.708994467235097],
              [104.78964617264566, 8.70857980284265],
              [104.79092591349858, 8.707768210476742],
              [104.79128268998889, 8.707540796211003],
              [104.79158141413151, 8.70702350149663],
              [104.79076537769986, 8.706283307040229],
              [104.79018574066691, 8.706189712464553],
              [104.7900252056299, 8.706167400307542],
              [104.79010097672219, 8.70608709836427],
              [104.79076537769986, 8.705395936730433],
              [104.79106418989025, 8.705025840972828],
              [104.7906762505751, 8.704040421287656],
              [104.7901723850003, 8.70346962768236],
              [104.78898177643521, 8.704031506266368],
              [104.78712233685015, 8.703688112363668],
              [104.78652481718244, 8.703541009020755],
              [104.78660058657394, 8.703246667696561],
              [104.78823707195914, 8.701026083117961],
              [104.78376909786743, 8.69580447793244],
              [104.78312698513915, 8.695046358731815],
              [104.7814503105801, 8.693088833171439],
              [104.78139680188137, 8.693026459887275],
              [104.78206570645305, 8.691916137923274],
              [104.78281038144566, 8.6909529511814],
              [104.78340788687372, 8.690288515296043],
              [104.78489725324637, 8.689178229142485],
              [104.78690829437544, 8.690823640502176],
              [104.78779562878, 8.691550491226538],
              [104.78809443528095, 8.691180315726616],
              [104.78802302795421, 8.688959684270527],
              [104.78817020543521, 8.687180527278587],
              [104.788473464494, 8.68509370423961],
              [104.78936525967046, 8.682222011143796],
              [104.79137626938308, 8.67622451444109],
              [104.79188467982233, 8.675618105860474],
              [104.79197825957758, 8.675502137948959],
              [104.79221910972906, 8.675207867471025],
              [104.79278985038931, 8.674525575964974],
              [104.79287007478986, 8.674432004847034],
              [104.79368612222859, 8.673486619848521],
              [104.79409632902833, 8.672960482557448],
              [104.79472513086502, 8.672157862431797],
              [104.7950238615971, 8.671934849069313],
              [104.7950996351166, 8.671488963296804],
              [104.7945779472004, 8.671194703408334],
              [104.79204966871497, 8.66912117144582],
              [104.79204966871497, 8.66859946092538],
              [104.79211653690191, 8.668149128093262],
              [104.79212544079049, 8.66808219796628],
              [104.7949970603963, 8.665058967550353],
              [104.79597811200051, 8.664024432731903],
              [104.7974986740317, 8.662423624987484],
              [104.79839497290442, 8.661478299101498],
              [104.79964344228429, 8.660162870154874],
              [104.80023656000473, 8.66009149163357],
              [104.80261769075383, 8.66164774020998],
              [104.80313940552259, 8.66194204054684],
              [104.80373244746666, 8.661500597342666],
              [104.8063677714237, 8.658949998163726],
              [104.8064301933879, 8.658891987545372],
              [104.80861070351295, 8.656782857662098],
              [104.80939103556935, 8.65602484088982],
              [104.80954268562643, 8.655578865935441],
              [104.80953378074526, 8.655561025303045],
              [104.80916814676222, 8.654767342710658],
              [104.80797757149695, 8.653434042580638],
              [104.80721505598828, 8.653032755587821],
              [104.80656848350576, 8.652689392089716],
              [104.80470456027672, 8.653135289724649],
              [104.80016968834008, 8.652096298434618],
              [104.79860894209243, 8.651133152204316],
              [104.79585327644772, 8.650464339667755],
              [104.77382973523387, 8.64054726701495],
              [104.77340613852174, 8.640248516331726],
              [104.77300925134995, 8.64049375809363],
              [104.77256339994284, 8.641474716559435],
              [104.77234928844929, 8.642531527836871],
              [104.77233148293296, 8.642540464043229],
              [104.77160466349581, 8.643048821975164],
              [104.77139509370096, 8.643048793172959],
              [104.77093580387648, 8.643048839722578],
              [104.77048986938615, 8.641965255665523],
              [104.7699458292591, 8.641769095761386],
              [104.76945093333973, 8.64201426726769],
              [104.76855907415445, 8.642504774927167],
              [104.7679035813912, 8.64225065383606],
              [104.76781891859969, 8.64142120452031],
              [104.76722583522702, 8.640979798776632],
              [104.7664855969964, 8.641126978268485],
              [104.7658613603532, 8.641448013005435],
              [104.76476886323819, 8.641024357080427],
              [104.76363177347865, 8.64064983510732],
              [104.76307885512885, 8.639847198631212],
              [104.76120156468535, 8.639057889274172],
              [104.75833439630013, 8.637992182777078],
              [104.75777250587008, 8.637706804250135],
              [104.75769675051936, 8.637336747393137],
              [104.7583878970634, 8.635026861126633],
              [104.75848599668062, 8.63428672285706],
              [104.75796425342128, 8.633836323058514],
              [104.75231011468716, 8.631432859463601],
              [104.75186868447045, 8.631036000983409],
              [104.75142280473071, 8.631085067590819],
              [104.75132470957973, 8.631678127603976],
              [104.7511730271817, 8.632311296460408],
              [104.74983530879626, 8.637969863437048],
              [104.74920659938508, 8.638933028902313],
              [104.74883647828794, 8.639494946772441],
              [104.74864919272083, 8.639789250757012],
              [104.74861349811133, 8.639820421366478],
              [104.74474304063489, 8.643521466139989],
              [104.74366395488838, 8.644034303400856],
              [104.74277660542765, 8.644212665876966],
              [104.74182677596394, 8.643276204770494],
              [104.74128719780684, 8.641060038613697],
              [104.7409394370318, 8.640667692625215],
              [104.74049349973555, 8.6407166906984],
              [104.73838434944544, 8.64135882936752],
              [104.73505788551577, 8.64209014013731],
              [104.73268562185419, 8.642420061151272],
              [104.72888204767354, 8.64247806953316],
              [104.72650978979705, 8.642428995979353],
              [104.7233973579954, 8.641983085721094],
              [104.72013769785853, 8.64134095909083],
              [104.71776548534649, 8.640654295467625],
              [104.7161111434646, 8.63930764613806],
              [104.71462626459234, 8.636271000991643],
              [104.71377014075009, 8.633078267376181],
              [104.71299420475556, 8.630942363758928],
              [104.7131414000208, 8.630420657446969],
              [104.71366308110717, 8.6302021853639],
              [104.71664627293053, 8.619910526512912],
              [104.71674879586737, 8.613114892549799],
              [104.71704755450166, 8.611933199888593],
              [104.7172928271404, 8.611638873831357],
              [104.71719466464057, 8.608441756966323],
              [104.71754254997374, 8.608147455328693],
              [104.71789034709523, 8.607411649306965],
              [104.71770301001193, 8.606693797441844],
              [104.71776548534649, 8.606497528496813],
              [104.71806424595005, 8.605565650339217],
              [104.71806869576977, 8.60555226675455],
              [104.71867956824167, 8.605494276240607],
              [104.71912553159271, 8.605396131057537],
              [104.71922360632416, 8.605150941565286],
              [104.71922360632416, 8.604977003263262],
              [104.71922360632416, 8.60480755040343],
              [104.71907640525338, 8.604361670168162],
              [104.71932613097398, 8.603969273577377],
              [104.72014659761774, 8.603759703933612],
              [104.72085564308331, 8.604267978968409],
              [104.72144872691872, 8.604415193872114],
              [104.72167166793544, 8.604370567437359],
              [104.72194364751203, 8.604317103627059],
              [104.7223895312972, 8.60333160139678],
              [104.72278192789337, 8.603086317446216],
              [104.72298262102655, 8.602448682419993],
              [104.7225278356312, 8.602198979356029],
              [104.7224385696923, 8.602154419961225],
              [104.72219782781136, 8.602199001371966],
              [104.72189460927416, 8.602252533899394],
              [104.7219882358326, 8.601989428385025],
              [104.72216658924363, 8.601489985899347],
              [104.72246090842192, 8.600669500873343],
              [104.72308069820915, 8.600923716571677],
              [104.72309858706677, 8.600937046444331],
              [104.72337946910315, 8.60116896004669],
              [104.7237228293969, 8.601021809488765],
              [104.72374062932927, 8.600963794906384],
              [104.72392352375321, 8.60038411409224],
              [104.7239725626356, 8.59984461965926],
              [104.72436941325675, 8.599697433366007],
              [104.72476626489787, 8.60029942668388],
              [104.72565360002093, 8.60018797246796],
              [104.72629574190806, 8.599991705503411],
              [104.72987193809051, 8.597637299167006],
              [104.7303490849809, 8.597931605430878],
              [104.73074141279459, 8.597534776178433],
              [104.73217731616352, 8.597490140465037],
              [104.73227539918365, 8.597044253172278],
              [104.73266782089124, 8.596602828722792],
              [104.7328684378623, 8.596014195488936],
              [104.73434886386883, 8.596357551813403],
              [104.7351426194274, 8.596259436074947],
              [104.73553495940482, 8.595818022302248],
              [104.73607896784405, 8.59542558695374],
              [104.73840215106628, 8.59434649843005],
              [104.73983358610191, 8.593954146467125],
              [104.7413630341482, 8.593352130311812],
              [104.74339193709928, 8.592924080338353],
              [104.74452896751211, 8.592286375080764],
              [104.74691903727955, 8.591185009908912],
              [104.74895246371224, 8.590248588993354],
              [104.75088319315303, 8.589829420800584],
              [104.75352296380623, 8.589932029644054],
              [104.75421418077633, 8.589686758209096],
              [104.7557079854982, 8.58878152895457],
              [104.77045416975476, 8.585584400778417],
              [104.77961321878607, 8.583800760691384],
              [104.79162157053528, 8.581152028126711],
              [104.80464659130269, 8.577384097732695],
              [104.80846359581741, 8.575542500614539],
              [104.81133524852393, 8.574962832733146],
              [104.81391263909804, 8.573807878554165],
              [104.81657467225268, 8.572960654982024],
              [104.82140835547486, 8.569558391868805],
              [104.82147968899591, 8.56925513229599],
              [104.8213370219863, 8.568818126579629],
              [104.82051655561847, 8.567779222257538],
              [104.81917877629434, 8.567114808892553],
              [104.81761810755374, 8.567484902509701],
              [104.81687344472977, 8.567110300385888],
              [104.81612878544591, 8.566668888162072],
              [104.81622237971533, 8.565857357511588],
              [104.81680211330566, 8.564448210462947],
              [104.82022222893856, 8.564153902516622],
              [104.8216358035441, 8.563485041379387],
              [104.82639812893113, 8.561639029456485],
              [104.83048712031852, 8.560898756974309],
              [104.83495063967096, 8.560604524194174],
              [104.84119783817526, 8.561202056477969],
              [104.84543845419608, 8.561201978837678],
              [104.84893436964492, 8.562240985930918],
              [104.85317056230721, 8.564831741940656],
              [104.85391521906288, 8.565424764593876],
              [104.85473568167605, 8.565500568504886],
              [104.85569884663624, 8.565571935671667],
              [104.85704103435201, 8.56594650856257],
              [104.85755829809237, 8.566610885135006],
              [104.85882469730021, 8.56705683635012],
              [104.8598636029723, 8.567203998111019],
              [104.86127717772212, 8.566610871055468],
              [104.86224483658039, 8.566316616713692],
              [104.86492470269577, 8.567208413317827],
              [104.86819772150203, 8.568019961705403],
              [104.86990552274494, 8.568318746132443],
              [104.87444490206317, 8.568465917836845],
              [104.8848569431338, 8.570097959898858],
              [104.8908811534877, 8.571435656314593],
              [104.89579062175595, 8.572028683912844],
              [104.89690541466983, 8.572251655980045],
              [104.89891200819879, 8.573656249770833],
              [104.90173906631497, 8.574619416053798],
              [104.90404439132237, 8.574842400155351],
              [104.90515915311207, 8.575734241774969],
              [104.90650140405063, 8.57573426063329],
              [104.90865514173116, 8.575587079934849],
              [104.91148219506924, 8.577138885222558],
              [104.91334167811692, 8.577508967532285],
              [104.91594577506858, 8.577584732861268],
              [104.91928115586215, 8.578249155907784],
              [104.92313827271757, 8.579430860732977],
              [104.92829300377124, 8.580402880198418],
              [104.93380892171163, 8.581789674247808],
              [104.9379558555007, 8.582137482560924],
              [104.95135097685619, 8.583956781170189],
              [104.96220891048763, 8.585958914164513],
              [104.96801471604552, 8.587956600232898],
              [104.97150619805078, 8.59143917939867],
              [104.97477918041753, 8.594029877318725],
              [104.97768201690512, 8.59602763359065],
              [104.97849803682857, 8.596250565215719],
              [104.97907328255322, 8.5963442170393],
              [104.98140094050642, 8.596103433111235],
              [104.9853427297349, 8.597953952640921],
              [104.98854440696104, 8.598101101677633],
              [104.99612932156653, 8.598176895344043],
              [104.9999596702033, 8.596883775649886],
              [105.00133757664489, 8.595880424840761],
              [105.0022918205325, 8.596098945168595],
              [105.01094687326768, 8.59897061679306],
              [105.01346187746341, 8.60039754813087],
              [105.01517417485056, 8.601953715655526],
              [105.01743931430318, 8.603759667051664],
              [105.02000783037968, 8.60580191815534],
              [105.02350373848886, 8.606395036536313],
              [105.02410125867824, 8.606395010199618],
              [105.02461852872085, 8.60668927588767],
              [105.04365443014511, 8.61428765048463],
              [105.0526306179174, 8.61999970555844],
              [105.05530154193802, 8.620788947954377],
              [105.05787449268753, 8.620383193743027],
              [105.05869047145754, 8.620677541795413],
              [105.06202140896978, 8.623000690360316],
              [105.0638987759605, 8.624084277502357],
              [105.06506700165896, 8.623544682491486],
              [105.0666544391923, 8.624084277353656],
              [105.06944136687076, 8.624012954784385],
              [105.06962867409455, 8.624008491812843],
              [105.0695573189363, 8.623776584577794],
              [105.06933433426806, 8.623045300737221],
              [105.07180475383491, 8.621275030072207],
              [105.07394063506058, 8.621489030840928],
              [105.07625047945061, 8.623116673795222],
              [105.07728945626104, 8.624079824473423],
              [105.0775881811576, 8.624525744420826],
              [105.07825708072097, 8.624597015340163],
              [105.07936288055468, 8.624619390706869],
              [105.08138290013123, 8.625337257130107],
              [105.08188224468643, 8.626046234814819],
              [105.08301045858298, 8.626255855102173],
              [105.08413413097288, 8.626893530662553],
              [105.08554763029038, 8.626523350835347],
              [105.0857394161326, 8.62697817875592],
              [105.08633243722073, 8.627223432619179],
              [105.08825878936659, 8.627763019487704],
              [105.08890088205654, 8.628748518472085],
              [105.08954297726727, 8.629189901553172],
              [105.09038132654457, 8.629288000974544],
              [105.09107695096621, 8.629337069354227],
              [105.09206240909188, 8.629042777814567],
              [105.09349827868013, 8.62982757261957],
              [105.09453272633158, 8.630367116816595],
              [105.09617816813068, 8.63055443053269],
              [105.09749810184228, 8.631107379887597],
              [105.09834086313606, 8.63174499633924],
              [105.099081037185, 8.631745014388727],
              [105.10115455931931, 8.63184306966565],
              [105.1013551953663, 8.631303548532516],
              [105.10325032155379, 8.631847525801739],
              [105.10352679074163, 8.632627861733944],
              [105.10416885409072, 8.632873144969313],
              [105.10478424522113, 8.632690311753269],
              [105.10609523765065, 8.633412671389753],
              [105.10743291571886, 8.632971278267252],
              [105.10876177237903, 8.63332799267117],
              [105.10943062092082, 8.633550928790411],
              [105.11002363857466, 8.634291120729175],
              [105.11195446251654, 8.637724629291984],
              [105.11344823030387, 8.639543964333429],
              [105.11441589003351, 8.640212866397393],
              [105.11545930233542, 8.640061201850317],
              [105.11582938295544, 8.639544000875976],
              [105.11649826028956, 8.639468129992968],
              [105.11670337608007, 8.64032433628312],
              [105.1168728934556, 8.641024355202779],
              [105.11784048413936, 8.642580596785034],
              [105.11910242009806, 8.64265197441248],
              [105.12109562771106, 8.647298331161078],
              [105.12769952733848, 8.653866586183034],
              [105.12959915114533, 8.654718296478439],
              [105.13071832445976, 8.656867543796258],
              [105.13116428274799, 8.664341030705765],
              [105.13096807165967, 8.665888361362084],
              [105.1309457648204, 8.665941815920768],
              [105.13034383821063, 8.66730189691359],
              [105.13000040375019, 8.668331927094195],
              [105.12982650073332, 8.6688580778823],
              [105.12997818626883, 8.671417594563604],
              [105.13032153145593, 8.672157857190548],
              [105.13160569163071, 8.672991644928354],
              [105.13219878927744, 8.67387455932879],
              [105.13318868801538, 8.674271438604466],
              [105.13358557715549, 8.674810959523032],
              [105.13481185285723, 8.67522120009636],
              [105.13511059331047, 8.675814308240584],
              [105.13496791523073, 8.676630341700278],
              [105.1351195162714, 8.677022727412412],
              [105.13548517962613, 8.677294751641792],
              [105.1360782020088, 8.677588978274956],
              [105.13622534256027, 8.67811071419889],
              [105.13652408557579, 8.678850935309566],
              [105.13737133013765, 8.679399435198105],
              [105.1398015497277, 8.684179595901346],
              [105.14113932348754, 8.687434668840968],
              [105.14199096419603, 8.690689851424962],
              [105.14327521528774, 8.692214845419869],
              [105.14660617659274, 8.694671854379166],
              [105.14821590950544, 8.697944822202423],
              [105.15059702942891, 8.701574499968334],
              [105.15349987725928, 8.704312440383251],
              [105.15583645291402, 8.705092773900107],
              [105.15640277607342, 8.7060871654739],
              [105.15744172442248, 8.706974529260817],
              [105.15856099733213, 8.707344576200281],
              [105.15997451187017, 8.707344576014323],
              [105.16146389573704, 8.709418112478067],
              [105.16257864438904, 8.71230310704799],
              [105.16399665550418, 8.713783508714132],
              [105.16585608995565, 8.71415364802277],
              [105.16777792910038, 8.714768991285245],
              [105.16875893778268, 8.717631708048016],
              [105.16965079323816, 8.719036317381365],
              [105.16987373553991, 8.719629429440921],
              [105.17091714162784, 8.720663952804951],
              [105.1715146643665, 8.721627080159978],
              [105.17322700956906, 8.722068514359512],
              [105.17411879981324, 8.72206854430792],
              [105.17545649417099, 8.721551321422204],
              [105.175831082655, 8.721921400083863],
              [105.1759782585858, 8.722585835101643],
              [105.17555011889984, 8.722906861455098],
              [105.17508645834329, 8.723254690137916],
              [105.17456469673371, 8.723847766507253],
              [105.17468509624786, 8.724204465588006],
              [105.1747876456435, 8.724512156990272],
              [105.17590685726893, 8.724587963782753],
              [105.17635275899613, 8.724958086722694],
              [105.17568390685477, 8.725698295976752],
              [105.17568390685477, 8.726291291820882],
              [105.17625467122353, 8.726830907120963],
              [105.17657579956116, 8.727918893802276],
              [105.17754338317116, 8.728288998717225],
              [105.17776633608408, 8.728953414932572],
              [105.1773204305578, 8.729546476393464],
              [105.17731150531931, 8.729898755136515],
              [105.17747207043318, 8.730139524698021],
              [105.1782122428086, 8.730139488685277],
              [105.17975507503891, 8.730152931146767],
              [105.18020991250037, 8.731111644148157],
              [105.17925570135714, 8.732284368955064],
              [105.1794831192479, 8.733764770777174],
              [105.18016537478965, 8.734732365945169],
              [105.18100364969733, 8.73620839343934],
              [105.18179739068898, 8.736846020900941],
              [105.1826847642284, 8.737287470434127],
              [105.18466454720718, 8.73669887033733],
              [105.18580613965992, 8.736426888501082],
              [105.18595769802803, 8.736649845943932],
              [105.1858061396599, 8.736944111332562],
              [105.18512386094442, 8.737898328201094],
              [105.1850658441761, 8.737983051934366],
              [105.18515510075113, 8.738455714020233],
              [105.18520856546255, 8.738714396106024],
              [105.18573473411624, 8.739316361019684],
              [105.18624751585776, 8.73979345600324],
              [105.18690748480049, 8.740061012454868],
              [105.18662659155844, 8.740426699417553],
              [105.18684063091622, 8.74092608837614],
              [105.18729986141099, 8.74146114834088],
              [105.19153599899212, 8.74146567374688],
              [105.19188384567464, 8.741956172902954],
              [105.19236094219218, 8.74212557208837],
              [105.1929673789176, 8.742201379493622],
              [105.19347571991311, 8.741826814894461],
              [105.19459943127053, 8.740921655226241],
              [105.19479562853483, 8.74131403377335],
              [105.19469752987376, 8.74151023641891],
              [105.19429174658171, 8.742344119360094],
              [105.19435422964625, 8.742888091548528],
              [105.1948000916236, 8.743280485306887],
              [105.19489819034513, 8.74456028113036],
              [105.19529504891158, 8.744707425208766],
              [105.19583910194812, 8.744560289356674],
              [105.19964270271673, 8.744756415159626],
              [105.19978981046904, 8.745148847172032],
              [105.199843369149, 8.74568837930159],
              [105.2002847825922, 8.746129877393022],
              [105.20117662877266, 8.746031727820595],
              [105.2022155896227, 8.746326090643798],
              [105.20255890605932, 8.746620319432319],
              [105.20404385152345, 8.746562359590932],
              [105.20903357942898, 8.750334775195151],
              [105.21037128680005, 8.750923354448835],
              [105.21141467921463, 8.75151645849995],
              [105.21238237616318, 8.752033713720662],
              [105.21351050006773, 8.751471857616608],
              [105.21405452329407, 8.751503105913892],
              [105.21424181624269, 8.751516485982572],
              [105.21470996026116, 8.751110634990246],
              [105.21479467982813, 8.75103932177309],
              [105.2150310735363, 8.75083418249232],
              [105.21535656179549, 8.750553312009073],
              [105.21646685112184, 8.749643668972945],
              [105.21671208527464, 8.74944298473378],
              [105.21743895177742, 8.74884994167625],
              [105.21803199934034, 8.74872954751572],
              [105.218705306833, 8.748997041608053],
              [105.2184244492541, 8.749514273195944],
              [105.21660067197091, 8.752880963267682],
              [105.21611457873895, 8.753777192758571],
              [105.2161056514201, 8.753795091503623],
              [105.21604324947465, 8.753933264331009],
              [105.21512025689911, 8.75600674725894],
              [105.21528523285498, 8.757362366422546],
              [105.21543681804906, 8.757589737337113],
              [105.21590951834534, 8.758298765206991],
              [105.21722496237896, 8.758989933733877],
              [105.2183441915648, 8.758815987179819],
              [105.21863844018921, 8.75876691370904],
              [105.21943664575744, 8.757772536080363],
              [105.22101512389479, 8.755806097598363],
              [105.22456012533942, 8.754526361199598],
              [105.23128447851923, 8.755578683468748],
              [105.23463327467408, 8.755279946111752],
              [105.2396363265689, 8.757317776792014],
              [105.24280233959843, 8.75825411645708],
              [105.24695372064791, 8.75977472649108],
              [105.25271934082244, 8.76015372867981],
              [105.25629555164346, 8.762570581175375],
              [105.25916720132088, 8.763943984396132],
              [105.26040243920296, 8.764336371038635],
              [105.26143694563036, 8.76409554224289],
              [105.26529847452615, 8.764733248725534],
              [105.26633301104944, 8.7658078446523],
              [105.26697507877806, 8.766249290512704],
              [105.26767072933052, 8.766543620748466],
              [105.26857597235558, 8.766717527970496],
              [105.2700652537239, 8.767618230020043],
              [105.27461801588699, 8.77118556240338],
              [105.27520215646962, 8.772795249079376],
              [105.27747631424268, 8.774454033169635],
              [105.27773494414089, 8.775533193186414],
              [105.27844841106415, 8.776505224501],
              [105.27892995159164, 8.777160753439105],
              [105.27920644506753, 8.777263297020276],
              [105.28028107662915, 8.777660160972891],
              [105.28589949362743, 8.783403455912604],
              [105.28577910339692, 8.783969806967114],
              [105.28615367090924, 8.784710027079287],
              [105.28697416778739, 8.78559734564683],
              [105.28847245341673, 8.786029878694531],
              [105.2892037388042, 8.786779037420093],
              [105.29051028966184, 8.789360868985865],
              [105.29293157507094, 8.791144503197227],
              [105.29334179480492, 8.792442103970597],
              [105.29438079036528, 8.793472137209992],
              [105.29537513465226, 8.794127655513343],
              [105.29598605239123, 8.79595585086948],
              [105.29777416055326, 8.798542089951903],
              [105.29837160010304, 8.799211007992684],
              [105.29991446690251, 8.799665850983635],
              [105.30249630381802, 8.803054712827942],
              [105.30299131074213, 8.803201869106568],
              [105.30363333919954, 8.803250921324244],
              [105.30961750439046, 8.809489243789223],
              [105.31006340443089, 8.809685410771165],
              [105.31077236289832, 8.809681000310086],
              [105.31234205054125, 8.812191426353738],
              [105.31238215713063, 8.812780023399416],
              [105.31239108955718, 8.812882612470059],
              [105.31272998616761, 8.813007420352987],
              [105.31278795774311, 8.813029737199333],
              [105.31347906262673, 8.812927171560812],
              [105.31402305177717, 8.813275010641005],
              [105.31395623659546, 8.813957217426898],
              [105.31392497281627, 8.81425597318224],
              [105.31402305177717, 8.81504524589585],
              [105.31446012018537, 8.815558084813768],
              [105.31471871729038, 8.815723016200902],
              [105.31550353288536, 8.81622249337114],
              [105.31546333623247, 8.81657922789806],
              [105.3153518575649, 8.817631522818793],
              [105.31532068285448, 8.818010571923335],
              [105.31529397443948, 8.818349458964114],
              [105.31528057557067, 8.81851890493801],
              [105.31540983003593, 8.818978195950152],
              [105.31575766527781, 8.81951776128425],
              [105.31625262158475, 8.819584606891963],
              [105.31713999136785, 8.819700602851258],
              [105.31694829623441, 8.82058794275434],
              [105.31694382990118, 8.820596858374516],
              [105.31694829623441, 8.82061021716054],
              [105.31704637694202, 8.821185446459955],
              [105.31773749916239, 8.821087326816356],
              [105.31842871352276, 8.82123446604729],
              [105.31937844556971, 8.821551107200147],
              [105.3195880090559, 8.822920009369355],
              [105.31962820668511, 8.823151941156855],
              [105.3200161589598, 8.825657914579365],
              [105.3204619969875, 8.826152879880592],
              [105.32134938876139, 8.826594335545442],
              [105.32263805351815, 8.82737912085638],
              [105.3241185203827, 8.82796776805062],
              [105.3262454913606, 8.828114861639564],
              [105.32823866865233, 8.8285741389634],
              [105.33226529390073, 8.835829116638795],
              [105.33576564262556, 8.839672874483147],
              [105.34060382150898, 8.84771260549378],
              [105.3466413744921, 8.859074448576896],
              [105.35120753920879, 8.868764022849655],
              [105.36326493413341, 8.892682689304651],
              [105.36809415250158, 8.908949478618483],
              [105.37099253521494, 8.918518667855771],
              [105.37966554818745, 8.930477997475547],
              [105.38352708333481, 8.940047238987562],
              [105.38738870532187, 8.949134859531691],
              [105.39029152475659, 8.961575784791124],
              [105.38980993733807, 8.964929038291867],
              [105.3907775817878, 8.968754949159939],
              [105.39292691939514, 8.975024464296213],
              [105.3950583209951, 8.981766609585133],
              [105.39599471617683, 8.987233429984167],
              [105.3985052598765, 8.992677977279302],
              [105.40051625931542, 8.995335622859283],
              [105.40248277529963, 8.995594260211224],
              [105.40429309089883, 9.000329857826928],
              [105.41056258168986, 9.008940388611592],
              [105.4107721674587, 9.009167751761524],
              [105.4110664817209, 9.009488802304848],
              [105.41586450955677, 9.014674761573513],
              [105.41800486463355, 9.01562007815962],
              [105.4168231837125, 9.019356834621481],
              [105.41615436358119, 9.022116993788956],
              [105.41687672161126, 9.026081166226302],
              [105.41690791481871, 9.027320776358371],
              [105.41722896386001, 9.02885020597039],
              [105.41819658353937, 9.031128813052922],
              [105.41908394542384, 9.033648247065152],
              [105.41919102263952, 9.03533374414948],
              [105.41887881855574, 9.036020474604168],
              [105.41713091513348, 9.037639142551665],
              [105.41423693864274, 9.040091636202998],
              [105.41158378963358, 9.041540813500095],
              [105.41094162377185, 9.042981127065378],
              [105.41089702528511, 9.043551876417425],
              [105.41076778805197, 9.044430308945692],
              [105.41114674120901, 9.045812668679355],
              [105.41133854187414, 9.047881714480242],
              [105.41095949892006, 9.049959631091607],
              [105.40920255945781, 9.051560434693528],
              [105.40728968046567, 9.053259347046481],
              [105.40500655136805, 9.055199077628778],
              [105.40332108061268, 9.056670564785726],
              [105.40186289672363, 9.057450885911635],
              [105.39922316485524, 9.0585121415508],
              [105.39662788950379, 9.059511042213089],
              [105.39537048194533, 9.061218872659657],
              [105.39486662782079, 9.062222110916649],
              [105.3941263992603, 9.063412728035429],
              [105.39380083554035, 9.064482911493073],
              [105.39335051660402, 9.06590091658591],
              [105.3923783893698, 9.066271031459767],
              [105.39008196391228, 9.06561998728485],
              [105.38733517658727, 9.064161874635474],
              [105.38478905109965, 9.06261012464454],
              [105.381074574435, 9.059791963245635],
              [105.38057067286464, 9.058913495266609],
              [105.37880492908215, 9.056773147117196],
              [105.37822079000979, 9.05598829729336],
              [105.37713722936063, 9.05658137751388],
              [105.37596887520512, 9.057941455519394],
              [105.37499237850366, 9.058922430989519],
              [105.37420755726642, 9.059992606468766],
              [105.37332909430877, 9.060871064195313],
              [105.37195569516597, 9.060670379268155],
              [105.37088110960097, 9.060188831350576],
              [105.36942293296447, 9.05960019056747],
              [105.3682323823605, 9.059123096414563],
              [105.36754570184019, 9.059123064312265],
              [105.36509762107386, 9.05940844145],
              [105.36206986948544, 9.060380530499733],
              [105.35864081743208, 9.061852037366027],
              [105.35785607114097, 9.062543213059268],
              [105.35795417539892, 9.063310189937225],
              [105.35864975228476, 9.065062618679363],
              [105.35903770403908, 9.06750171232506],
              [105.35903770403908, 9.067978861058824],
              [105.3578738514167, 9.069450345531736],
              [105.35688843379853, 9.0698382750547],
              [105.35542135235687, 9.07012811893884],
              [105.35101133849578, 9.070230674441527],
              [105.34807719981008, 9.069838275843429],
              [105.34699811846387, 9.070150473827875],
              [105.342008416409, 9.07081929392686],
              [105.34034071810296, 9.070632030517173],
              [105.33808885544498, 9.06897327038414],
              [105.33760276934234, 9.067907526265262],
              [105.33719699884054, 9.066449414541713],
              [105.33651928742724, 9.065860784355896],
              [105.33515029358166, 9.065383662865214],
              [105.33407567149594, 9.06566900512498],
              [105.33259520731758, 9.066641119920563],
              [105.329567496265, 9.068299878066645],
              [105.32672707844534, 9.069468231757439],
              [105.32437266566227, 9.070150428192385],
              [105.32076973399641, 9.070382280942658],
              [105.31989127807103, 9.070672117833949],
              [105.31936066930976, 9.071140392774419],
              [105.31823692760732, 9.0726118875077],
              [105.31812098075463, 9.073610729031794],
              [105.31775536457955, 9.074141329277401],
              [105.3158780768219, 9.076433338682016],
              [105.31540536374317, 9.076781138708217],
              [105.31268085772932, 9.077311782208582],
              [105.3109820050841, 9.07800293741398],
              [105.30973791157751, 9.078190188339793],
              [105.30853839898813, 9.079189015301372],
              [105.30615279741342, 9.082212300946345],
              [105.303361361071, 9.084941260264003],
              [105.30098020896943, 9.08637268471529],
              [105.29926343148968, 9.087951197440855],
              [105.29689117930644, 9.088900989291881],
              [105.29486675274171, 9.08969911974889],
              [105.29327936417377, 9.08939145900641],
              [105.29270855814124, 9.088950026055148],
              [105.29197725759329, 9.089088244105783],
              [105.29055039108174, 9.088789441530603],
              [105.28636774813656, 9.088013605721816],
              [105.2843611308556, 9.087692557313447],
              [105.28219405026668, 9.087081644707043],
              [105.2811818326636, 9.087068271896136],
              [105.27787765514536, 9.0860114805445],
              [105.27385553730905, 9.083652628938236],
              [105.27268280233402, 9.084071708716237],
              [105.27255349120962, 9.084651423673316],
              [105.27153231188586, 9.08536042213998],
              [105.26920911848923, 9.086479699649578],
              [105.26671646539015, 9.090350151807794],
              [105.26555708573615, 9.091491722048085],
              [105.26355946733628, 9.093239620216538],
              [105.26117825145423, 9.093190643578826],
              [105.2590780838082, 9.092098118062024],
              [105.25613946474904, 9.091121602265508],
              [105.25405266475806, 9.091059123329348],
              [105.25386979195008, 9.091910835709344],
              [105.25269264230629, 9.093480424079353],
              [105.25226457370026, 9.093480456971442],
              [105.25096251607246, 9.094470337587536],
              [105.2487775606901, 9.095741240831568],
              [105.24703399205114, 9.09744906424286],
              [105.24616449139847, 9.098010878799364],
              [105.24585680103695, 9.098728836119111],
              [105.2452771375008, 9.099589440268376],
              [105.24511659641342, 9.10002198519832],
              [105.24511659641342, 9.100597196079054],
              [105.2458434076794, 9.101190212405196],
              [105.24714105041176, 9.101640637914654],
              [105.25086884903251, 9.103709615461936],
              [105.25070830259745, 9.105872302804515],
              [105.25041399762893, 9.106880090857604],
              [105.2492367829127, 9.109029344691542],
              [105.24894694505804, 9.109029325474312],
              [105.24791689073018, 9.110309133142348],
              [105.24719453497278, 9.111740446369224],
              [105.24732829109482, 9.112320115909789],
              [105.24801502063346, 9.115361295878756],
              [105.24843414936473, 9.116377966698089],
              [105.24944188412447, 9.117764701980343],
              [105.24987003482752, 9.118420173155375],
              [105.24957126677657, 9.11913812177105],
              [105.2484119160504, 9.120712150309274],
              [105.24825137196446, 9.121719939130989],
              [105.2486705012858, 9.123021991303814],
              [105.24938839884744, 9.12390046367144],
              [105.25023568264254, 9.125349619435514],
              [105.2508108987165, 9.127240275869536],
              [105.25135039996653, 9.130290291769287],
              [105.25119878226042, 9.130709446629794],
              [105.25190785069516, 9.131440761756894],
              [105.25232698914247, 9.132751788059222],
              [105.25261683283037, 9.133897739958584],
              [105.25260790356573, 9.134629026227357],
              [105.25345511430845, 9.135360355642694],
              [105.25504257443743, 9.136261061332506],
              [105.25633126948864, 9.136840748583046],
              [105.25763774418631, 9.137001310566724],
              [105.25849837464804, 9.13686747510764],
              [105.26022402432248, 9.139199576225275],
              [105.26151266978617, 9.140091396217585],
              [105.26235992540056, 9.141402445154716],
              [105.26262746189185, 9.142989841447834],
              [105.26246699352475, 9.144430120896098],
              [105.26274792489014, 9.14559393400714],
              [105.26289946371392, 9.146022068742903],
              [105.26289946371392, 9.146601761930917],
              [105.26302439181563, 9.147600578402866],
              [105.26361295712222, 9.150039691736485],
              [105.26371100689082, 9.151239198502369],
              [105.26455827357294, 9.152692835999071],
              [105.26526730904459, 9.15370061817639],
              [105.26641775670537, 9.155020463213118],
              [105.26698400880547, 9.155890035337238],
              [105.26741211487429, 9.157192100330658],
              [105.26753249199581, 9.15845844544377],
              [105.26924037400174, 9.158222150203628],
              [105.26994487479239, 9.158302423459705],
              [105.27101060639382, 9.158761714054851],
              [105.27171511458604, 9.15898911610056],
              [105.27448423806557, 9.161428231559102],
              [105.2754206850444, 9.16166902791397],
              [105.27641500703088, 9.161820610729595],
              [105.27741835476532, 9.16174039974665],
              [105.27842161916121, 9.161361328579979],
              [105.27896120890631, 9.161058153119031],
              [105.27942488952291, 9.160991275459185],
              [105.27982176970673, 9.161138417147791],
              [105.28080727617964, 9.161892015453036],
              [105.28022758155288, 9.166382327741301],
              [105.2798396311231, 9.16835771609029],
              [105.27954974056922, 9.171372048625441],
              [105.27942488952291, 9.173222555947811],
              [105.27789096174706, 9.175545753244528],
              [105.27696352091395, 9.176963730221866],
              [105.27596910638864, 9.178881143955504],
              [105.27520662170124, 9.17949204437759],
              [105.2745912245925, 9.179808674886601],
              [105.27398038423296, 9.180428477572692],
              [105.27365933671487, 9.18096801531972],
              [105.27361468481365, 9.181962370950416],
              [105.27337838714921, 9.182350359866684],
              [105.27307073630242, 9.182501917105323],
              [105.27087236631844, 9.182363696037086],
              [105.27089022678692, 9.18153880896546],
              [105.27073859146977, 9.181373800317514],
              [105.27021242333565, 9.18153876842042],
              [105.26951676228627, 9.181458484589506],
              [105.2689683619357, 9.181159749231682],
              [105.2684332692256, 9.181008110807289],
              [105.26750132610076, 9.180638047731728],
              [105.26703749967947, 9.180031641690686],
              [105.26671646539013, 9.180031585360181],
              [105.26611449425988, 9.18027236652344],
              [105.26525837910823, 9.180348195899443],
              [105.26503093378913, 9.180120764272475],
              [105.26479464816471, 9.179741778841564],
              [105.26409007962096, 9.178751820559444],
              [105.2639295205606, 9.17830144887147],
              [105.26370216633556, 9.178149857943774],
              [105.26284597415476, 9.178078499402107],
              [105.26154392386985, 9.17839066975034],
              [105.26107573830427, 9.178247946495972],
              [105.26061201888635, 9.177793129679985],
              [105.26037565016979, 9.178020564867355],
              [105.25948384569078, 9.180250095419257],
              [105.25863660456208, 9.181552115383713],
              [105.25817726735343, 9.182693668161239],
              [105.25704027028604, 9.185079290049956],
              [105.256126159866, 9.187001200345875],
              [105.25591212105341, 9.187692348983253],
              [105.25530116988034, 9.18946263061933],
              [105.25454761886887, 9.191139205389227],
              [105.25432465271066, 9.19191065888993],
              [105.253709242647, 9.193449072021192],
              [105.25289328309844, 9.195816860366548],
              [105.25197473062013, 9.197738712060758],
              [105.25158675599222, 9.198050828572862],
              [105.25058793751765, 9.198139975950795],
              [105.24942857977183, 9.198911447500896],
              [105.2482691407406, 9.199071969978277],
              [105.24740409818328, 9.19884007641365],
              [105.24624476242423, 9.198229196088143],
              [105.24569625939499, 9.197689644827664],
              [105.24524142200644, 9.197390890769826],
              [105.24500069977285, 9.197618263376032],
              [105.24447005847252, 9.198688469992236],
              [105.24415790681063, 9.199219114621917],
              [105.24392602564602, 9.20014214726091],
              [105.2430118973233, 9.2009090841762],
              [105.24207991657283, 9.200601473351108],
              [105.24163848201033, 9.200249140949003],
              [105.24144678334194, 9.199642709642363],
              [105.23985489820866, 9.200342817101227],
              [105.23924400547607, 9.203651486638488],
              [105.23893632781036, 9.205229976146704],
              [105.23948471944693, 9.207539801848261],
              [105.2397701659501, 9.208837398208596],
              [105.23961855870711, 9.209269917751675],
              [105.2386018651499, 9.210259849350374],
              [105.23729536003744, 9.211263174592506],
              [105.23684500964833, 9.211829410113769],
              [105.23570342504868, 9.211668941168242],
              [105.23410704104722, 9.212369003391547],
              [105.23264897005151, 9.213501620056844],
              [105.23207819107861, 9.213782558835405]
            ]
          ]
        ]
      },
      "id": "000000000000000000ee",
      "properties": {
        "ADM0_CODE": 264,
        "ADM0_NAME": "Viet Nam",
        "ADM1_CODE": 3339,
        "ADM1_NAME": "Ca Mau",
        "DISP_AREA": "NO",
        "EXP1_YEAR": 3000,
        "STATUS": "Member State",
        "STR1_YEAR": 1997,
        "Shape_Area": 0.424713101153,
        "Shape_Leng": 3.90108706303
      }
    },
    {
      "type": "Feature",
      "geometry": {
        "type": "Polygon",
        "coordinates": [
          [
            [105.68251872426956, 10.13419898360691],
            [105.67755134103771, 10.13762356267617],
            [105.67463062570435, 10.139313563240888],
            [105.67163853028323, 10.141159580287514],
            [105.6701135008517, 10.141948868328651],
            [105.66626527107752, 10.1443924522626],
            [105.6643211380266, 10.14560087976848],
            [105.66194893207962, 10.147259697162795],
            [105.65968371220286, 10.148989825837246],
            [105.65692349227122, 10.151879299409853],
            [105.65410531916989, 10.154768827289834],
            [105.65291032972573, 10.156289360110973],
            [105.65206304835615, 10.157609236427843],
            [105.6508323629433, 10.159562368713631],
            [105.65056485488027, 10.160141989059461],
            [105.65038201169247, 10.16072172168527],
            [105.65003422531004, 10.161381657167896],
            [105.64987814229383, 10.161760644866996],
            [105.64953474223576, 10.16270153691413],
            [105.6492404765625, 10.163588922672115],
            [105.64904868505238, 10.164128431580146],
            [105.6488569832435, 10.16460114953483],
            [105.64848244038333, 10.165332447888728],
            [105.64785811452143, 10.166193002968598],
            [105.64466993382233, 10.168600902112463],
            [105.64253845573654, 10.170442568119006],
            [105.64079942749036, 10.171869453345021],
            [105.63490446907028, 10.175280628285062],
            [105.63076642639815, 10.18135844454658],
            [105.62478678755653, 10.18700806365657],
            [105.62348022788805, 10.19169911240304],
            [105.6202028193935, 10.2026104777784],
            [105.61692090744451, 10.212799524276583],
            [105.61107057931738, 10.222640812616932],
            [105.60521131643618, 10.231728446758112],
            [105.59984702598767, 10.239130563989322],
            [105.59861625215525, 10.240842837899883],
            [105.59275704070986, 10.247749990834404],
            [105.58468608883096, 10.255031666733235],
            [105.57882679947748, 10.259410486756707],
            [105.57406446886999, 10.265051294188929],
            [105.57168782439354, 10.267958601013682],
            [105.5672911116149, 10.272520243673224],
            [105.56270719243389, 10.276711794830364],
            [105.55901504242792, 10.279489888139379],
            [105.55409214651532, 10.283632322875638],
            [105.54730989336679, 10.288729102418463],
            [105.54125891298028, 10.294008655952192],
            [105.5341109002492, 10.298570326723498],
            [105.5337274760836, 10.298811108369312],
            [105.52751150602072, 10.302761873017124],
            [105.52108594723447, 10.305499773153585],
            [105.51613629767722, 10.307510858664626],
            [105.51228361618548, 10.310061454076257],
            [105.50806982865775, 10.313521748077774],
            [105.50385149233706, 10.317338710764796],
            [105.50034219145117, 10.320709816142061],
            [105.49958854686771, 10.321472333054459],
            [105.49817506962201, 10.322970546013888],
            [105.49648949928621, 10.324758642928822],
            [105.49533902860864, 10.325998260551964],
            [105.48838727423224, 10.323929291210678],
            [105.48638965161805, 10.322038596321438],
            [105.48536854006434, 10.31813244800897],
            [105.48435181574173, 10.316063415797819],
            [105.47890277138416, 10.311697980105864],
            [105.47796637511479, 10.310948795424839],
            [105.47257975774994, 10.30676172526971],
            [105.46843728887981, 10.303181054303758],
            [105.46362144507744, 10.303029463546384],
            [105.44870127565243, 10.301571290705938],
            [105.43543106002848, 10.30050113983377],
            [105.43007561571888, 10.300019588369588],
            [105.43490483132608, 10.288309939697493],
            [105.44388553156878, 10.270420074011556],
            [105.44182539830338, 10.2692740272506],
            [105.44035383844462, 10.268431261310091],
            [105.44007297234627, 10.268382259004662],
            [105.4396270022548, 10.268310863454428],
            [105.43843650282739, 10.267762450332468],
            [105.43701851586933, 10.267989815503094],
            [105.43367860934178, 10.266643188575944],
            [105.42900102496517, 10.264471594855898],
            [105.42257542976508, 10.261943270021375],
            [105.40297771455307, 10.254220145675573],
            [105.39955311795462, 10.253011744031026],
            [105.39662788950379, 10.251981641103262],
            [105.39640053666777, 10.251910318606447],
            [105.38562735955367, 10.248503561466553],
            [105.37780607660255, 10.246211563246193],
            [105.37393108801984, 10.24507897567003],
            [105.3722679034776, 10.244579585782216],
            [105.36921786530493, 10.24366985743371],
            [105.36048247913824, 10.240972121698173],
            [105.35788725363581, 10.240231932575268],
            [105.35486400766541, 10.239357907571886],
            [105.35038708936607, 10.23810051211384],
            [105.34757339537508, 10.23731123098803],
            [105.33635874901256, 10.23390003700957],
            [105.3241274534265, 10.254501062802563],
            [105.3203907128484, 10.260770506101867],
            [105.31756804577402, 10.265479363451663],
            [105.31442885631337, 10.270781246280897],
            [105.31204772741921, 10.274348535366654],
            [105.30996086160945, 10.277469902810365],
            [105.30818164634101, 10.2758824375824],
            [105.30478824626339, 10.272752163290942],
            [105.30432896209385, 10.272729850643596],
            [105.30069930328995, 10.276488870644876],
            [105.29927682909263, 10.275329530350916],
            [105.29775183141378, 10.27407207759975],
            [105.29345772470758, 10.269969658767938],
            [105.29073321437942, 10.268239552174279],
            [105.29319907073497, 10.26419956602231],
            [105.28901645156368, 10.259218743466786],
            [105.28173920354327, 10.252021764261375],
            [105.27848850962016, 10.248802339970894],
            [105.27433706472377, 10.251910336095069],
            [105.26419259460724, 10.242510519417182],
            [105.26120950547579, 10.246051078239354],
            [105.2536914732953, 10.236642354427305],
            [105.23513709983308, 10.213361402947296],
            [105.23325983873794, 10.211341405194368],
            [105.2308876236507, 10.20877297539534],
            [105.22551888133967, 10.200251663241247],
            [105.2502534516287, 10.18134060412136],
            [105.26676111546328, 10.166010196442336],
            [105.2702569850335, 10.16327234387355],
            [105.27530021298347, 10.15937056436082],
            [105.28430316901404, 10.151317419747448],
            [105.29160276648777, 10.14405358307833],
            [105.29693583736126, 10.138033812968619],
            [105.30265234427836, 10.143910917070174],
            [105.30665665782215, 10.13873831464375],
            [105.31291274408295, 10.131670621021687],
            [105.31667183042823, 10.135839894577902],
            [105.31932047174388, 10.13880969460557],
            [105.33119953410412, 10.12488832071236],
            [105.33831184265989, 10.116732683752563],
            [105.34304735236672, 10.111029482992928],
            [105.35370465075782, 10.098949805101725],
            [105.35643803309563, 10.08488132847354],
            [105.35721392744749, 10.081327437114375],
            [105.35964411495837, 10.078451274696976],
            [105.36276108492513, 10.075142628574906],
            [105.36398287044133, 10.07281941401764],
            [105.36869612782174, 10.068128502688936],
            [105.37606698984071, 10.061832230004583],
            [105.38580125925073, 10.053190456762941],
            [105.38735742809595, 10.051259670656268],
            [105.39427349742644, 10.045409350978453],
            [105.39916069547452, 10.041873247857419],
            [105.4013500865197, 10.040210060114378],
            [105.40825724441487, 10.033971728931514],
            [105.41742068190453, 10.025401394660411],
            [105.4180985342635, 10.024759230962266],
            [105.43779879610531, 10.006343139503976],
            [105.44493786630655, 10.000269833215231],
            [105.44744831651221, 9.997821780021058],
            [105.45197433436094, 9.993942434808064],
            [105.45855594986809, 9.987360779866897],
            [105.4623105351304, 9.983869324357798],
            [105.46646188813335, 9.980244066651748],
            [105.47219628936713, 9.9750491524496],
            [105.47471571621466, 9.972569926140228],
            [105.47740005138405, 9.969631378823568],
            [105.478920653535, 9.968369494635239],
            [105.49996313321608, 9.948151923167616],
            [105.5316182556209, 9.920032814736377],
            [105.53675965330768, 9.930293150174027],
            [105.53753554917199, 9.931051249667183],
            [105.53795019647724, 9.93295972668256],
            [105.53952874515166, 9.936379824563804],
            [105.54071930701781, 9.939041978021077],
            [105.54228893617092, 9.941699570564488],
            [105.54268579544302, 9.942074124565655],
            [105.5438317461354, 9.941668354172077],
            [105.54574469179916, 9.94124920666883],
            [105.54846034638477, 9.945592380441514],
            [105.55441326882648, 9.954902964373575],
            [105.55674084159544, 9.957159301700482],
            [105.55637973081917, 9.95909006168833],
            [105.55246910130725, 9.962269419299686],
            [105.56299702164189, 9.985969493340532],
            [105.57000673913494, 9.983467932121965],
            [105.57290069901639, 9.989670607935444],
            [105.57331981273154, 9.989452124073722],
            [105.57411349247364, 9.990589129118357],
            [105.5748983192718, 9.991338266383467],
            [105.57643228861373, 9.990928035548615],
            [105.58454786627935, 9.987396452724079],
            [105.58283999909132, 9.984114519358815],
            [105.5827418576149, 9.983815806624158],
            [105.58268835845551, 9.9830220946496],
            [105.58329035912304, 9.982643070019524],
            [105.58662577857669, 9.978924115486166],
            [105.5897292725019, 9.975530773395686],
            [105.5909421808486, 9.974331279598575],
            [105.5933456551367, 9.971767290620866],
            [105.59472795385044, 9.970304697809587],
            [105.59697087936594, 9.967994855992652],
            [105.5982818975746, 9.966536738753607],
            [105.60192046428332, 9.962679657531057],
            [105.60548331998359, 9.958737792155514],
            [105.60934492033968, 9.954746917825002],
            [105.61132917011683, 9.952566375427406],
            [105.6125108185142, 9.95125093849435],
            [105.6164393232313, 9.947126272055014],
            [105.61839242280165, 9.945034940862852],
            [105.61852172345299, 9.94492794552571],
            [105.61869120140334, 9.944985932310928],
            [105.62013141253777, 9.945592366267949],
            [105.62458607374306, 9.947549890402314],
            [105.62640539206274, 9.948169736138832],
            [105.6266729535935, 9.948294550651717],
            [105.62725264178648, 9.948548753078793],
            [105.62752467888093, 9.948749402397734],
            [105.62777881917148, 9.948927758083553],
            [105.62801962637818, 9.949204206882884],
            [105.6281756903818, 9.949552059998819],
            [105.62820244678139, 9.950131739813381],
            [105.62828719032088, 9.95061773281654],
            [105.62846553667596, 9.95087640998516],
            [105.62866169102573, 9.95136247474829],
            [105.62872415262927, 9.951652297157306],
            [105.62867958833111, 9.952035750742413],
            [105.62855466517686, 9.952660034305188],
            [105.62848781879704, 9.953788218926825],
            [105.62858589595726, 9.954180595984985],
            [105.62873748612625, 9.954715672128819],
            [105.62892030726225, 9.955232977740812],
            [105.62921910344127, 9.955732360679665],
            [105.6294687717898, 9.955990957499678],
            [105.62980774858482, 9.956298703461952],
            [105.6301109311191, 9.956539456998188],
            [105.63047210200963, 9.95669105849793],
            [105.63073072085976, 9.95684266831312],
            [105.63095810888377, 9.956963111776693],
            [105.631234625996, 9.95710130254435],
            [105.63142192407527, 9.957270777189596],
            [105.63159132475224, 9.957618595474568],
            [105.63175186627062, 9.958225014370452],
            [105.63189012538581, 9.958514879704342],
            [105.63207294973881, 9.95880468839658],
            [105.632322622064, 9.959107928157042],
            [105.63275073484613, 9.959277334059474],
            [105.63311638549438, 9.959353157290813],
            [105.63325455617336, 9.959379887304705],
            [105.63385654845082, 9.959228260757932],
            [105.63402604091803, 9.959032107021136],
            [105.63445406827896, 9.95840333908996],
            [105.63475734816284, 9.957961898224053],
            [105.635238892166, 9.957685483789843],
            [105.63580965906138, 9.95756502775268],
            [105.63661229748827, 9.957565042293],
            [105.63700918825948, 9.957578445310164],
            [105.63738818173215, 9.957698845903593],
            [105.63765575966026, 9.957881680755595],
            [105.6378251662271, 9.95818484796633],
            [105.63793219761116, 9.958537118507182],
            [105.63803922905909, 9.958947340770923],
            [105.63812836232032, 9.959237225648538],
            [105.63829785882476, 9.959571640603642],
            [105.6385520143902, 9.95969203960622],
            [105.63913165151071, 9.959705402375764],
            [105.64016617910843, 9.959625148487016],
            [105.64054965387221, 9.959642986142143],
            [105.64092426968347, 9.959700926515454],
            [105.64119623803055, 9.959807989543217],
            [105.64139688095153, 9.959990788978711],
            [105.64186063364582, 9.960445666330932],
            [105.64231991287113, 9.961101146999285],
            [105.64280156666453, 9.961783339226397],
            [105.64293079543839, 9.962300639695288],
            [105.64293079543839, 9.962590481815884],
            [105.6431136310439, 9.963000732675594],
            [105.64338569220145, 9.963125563159323],
            [105.64368442298672, 9.963245979175396],
            [105.64401886244522, 9.96336634416551],
            [105.64440234543801, 9.963607134480382],
            [105.64470107791435, 9.963928191752743],
            [105.64497314147668, 9.964534664185408],
            [105.64520940753619, 9.965555796939453],
            [105.64523169173737, 9.96622463221526],
            [105.64515588966668, 9.966897990043767],
            [105.64514702968648, 9.967245727161163],
            [105.64534767702196, 9.967553452251586],
            [105.64546804763184, 9.967825409471379],
            [105.64584267370408, 9.968235695738455],
            [105.6462707292479, 9.968998191604042],
            [105.64634653178898, 9.969346026755023],
            [105.64645356825329, 9.970228859836093],
            [105.64644014394408, 9.970532098811443],
            [105.64645356825329, 9.970853155060334],
            [105.64642233436206, 9.971004789303622],
            [105.64602542277865, 9.9715399057428],
            [105.64576687137557, 9.97178516049565],
            [105.64553937508705, 9.972239929817459],
            [105.64553051508794, 9.972471854957194],
            [105.6455170908477, 9.97278841470701],
            [105.6456063173167, 9.973198626661896],
            [105.645820299932, 9.973613380762107],
            [105.6460968399504, 9.974157353907012],
            [105.64644461871372, 9.97498226672773],
            [105.64665869182295, 9.975316737730404],
            [105.64712684339506, 9.974741477135519],
            [105.65195609804977, 9.973595516808365],
            [105.6517420186317, 9.972734900787211],
            [105.65554116067835, 9.971321377635379],
            [105.65596028929777, 9.971192049688737],
            [105.65821221614868, 9.97034035159304],
            [105.65827012346637, 9.970139747428819],
            [105.65831917017348, 9.969791914174081],
            [105.6574184313177, 9.965537907566649],
            [105.65762356739371, 9.965466602170823],
            [105.6581631694707, 9.965288217656735],
            [105.65835488119676, 9.965337256964391],
            [105.65856001833978, 9.965537929327377],
            [105.65886763499098, 9.965671704192676],
            [105.65922438862314, 9.965738566993858],
            [105.66170369373505, 9.965836685176928],
            [105.66532000861098, 9.965881259984352],
            [105.66605573940917, 9.965863451000665],
            [105.6664436551289, 9.965832259592005],
            [105.6670322431955, 9.965899105344132],
            [105.66752721001234, 9.965787651994816],
            [105.667906267797, 9.965649417659323],
            [105.66926631757433, 9.965221332107978],
            [105.67076010173193, 9.964681787920163],
            [105.67191502044808, 9.964209120640701],
            [105.67276669158463, 9.963656225362],
            [105.67302089583448, 9.963442129034375],
            [105.67227171039295, 9.962550326486344],
            [105.67122831596966, 9.961319631408008],
            [105.67050142529884, 9.960472396477657],
            [105.66986825140083, 9.959857006187983],
            [105.66783045617632, 9.958149197547735],
            [105.66391094035684, 9.95445706323757],
            [105.6604551314276, 9.95154974221784],
            [105.65888992088459, 9.950100545194886],
            [105.65796689339122, 9.949387066322997],
            [105.65827012346637, 9.94912398429982],
            [105.65864468670519, 9.94884303679194],
            [105.65942505166409, 9.94833916423555],
            [105.65975952039658, 9.948053768833821],
            [105.66139150759545, 9.946600140915415],
            [105.66191322034372, 9.946167552527687],
            [105.66301017353743, 9.94502156125747],
            [105.66470905001368, 9.943509941069081],
            [105.6648160974003, 9.94324690308894],
            [105.66523077236677, 9.94286341043314],
            [105.66649717932926, 9.94198046644219],
            [105.66684052223653, 9.941735255378054],
            [105.66707690651073, 9.941472172231704],
            [105.66774130819563, 9.940825552855882],
            [105.66861524672713, 9.939982842881617],
            [105.66987720210486, 9.938792244591083],
            [105.672075508459, 9.940781036109554],
            [105.67481340399127, 9.9432647072034],
            [105.67541535631753, 9.943830991012115],
            [105.67734618229217, 9.942644922613196],
            [105.67768059474744, 9.943906818535364],
            [105.67956677851646, 9.944103033698214],
            [105.67830484492161, 9.94695236097148],
            [105.6827550395557, 9.94870480380498],
            [105.68518973157612, 9.949650187831324],
            [105.68547062870144, 9.949775026499372],
            [105.68674595010248, 9.95023431567341],
            [105.69330530983451, 9.951982243369539],
            [105.69292628829872, 9.953846146288365],
            [105.69306002892016, 9.95386842686344],
            [105.69349705886822, 9.9542652930512],
            [105.69441113700002, 9.953975448542911],
            [105.69625721111603, 9.953493910291842],
            [105.69733628962264, 9.953551867994282],
            [105.70021243135209, 9.953342262281778],
            [105.70230824425458, 9.953275431871013],
            [105.70298154864687, 9.95323081019931],
            [105.70307966634167, 9.95418954994024],
            [105.70329371708071, 9.95665091502884],
            [105.70337840640141, 9.957935131418948],
            [105.70464481188753, 9.957565063270328],
            [105.70700808816586, 9.957261801385197],
            [105.70992440166665, 9.956936333681098],
            [105.71061555020876, 9.957649736475792],
            [105.71194431752386, 9.958809111172549],
            [105.71231890238428, 9.958956283937342],
            [105.7125865018407, 9.958831396042369],
            [105.7129298426369, 9.958510402893749],
            [105.71341141612659, 9.959192603559371],
            [105.7141560266899, 9.960285089826378],
            [105.7149052062965, 9.961373147998199],
            [105.7152485514712, 9.961801237715202],
            [105.71549377284154, 9.962073203735393],
            [105.71564543602321, 9.962309572301411],
            [105.71581930270702, 9.962688598302323],
            [105.71606452484687, 9.963232555092267],
            [105.71671111069408, 9.965359560022446],
            [105.71695633403618, 9.965921381013045],
            [105.71733988227021, 9.966964863758983],
            [105.71750488704635, 9.967379538216736],
            [105.71757615339854, 9.96750439262385],
            [105.71806221573353, 9.968164345715966],
            [105.71882475157999, 9.968828721433168],
            [105.72048350414624, 9.970095098810663],
            [105.72095623393676, 9.970411695577106],
            [105.72207100368753, 9.971151893841007],
            [105.722258216914, 9.971085049595676],
            [105.7223430046031, 9.971437294398333],
            [105.72242770279867, 9.971700362110996],
            [105.72251240103365, 9.971914417109085],
            [105.72262386970102, 9.972244389664807],
            [105.72268636381106, 9.972467363864947],
            [105.72279335592603, 9.972841938183283],
            [105.72296722943855, 9.973301246456982],
            [105.72304754079262, 9.9736445389219],
            [105.72307422171852, 9.974001318513764],
            [105.72302963413313, 9.974402601942801],
            [105.7229627527755, 9.974924313286014],
            [105.72272647465516, 9.97500905954247],
            [105.72279335592603, 9.975361352201121],
            [105.7229984765498, 9.975816113420738],
            [105.7230921283824, 9.976070331450906],
            [105.72319912073574, 9.976489471951634],
            [105.72325266170269, 9.976770415595501],
            [105.72332840697713, 9.977055748830713],
            [105.72346664666085, 9.97770235614706],
            [105.723502370534, 9.978210727406488],
            [105.72357811591229, 9.978478210351948],
            [105.72371635578556, 9.978803776705767],
            [105.72383677855856, 9.979008855416998],
            [105.72401512975604, 9.979191725851798],
            [105.72422920514386, 9.979370069275253],
            [105.72428713357522, 9.979650975112897],
            [105.72518784694866, 9.979102476271816],
            [105.72572299456776, 9.978901853568507],
            [105.72718107163695, 9.978036778589745],
            [105.727609140568, 9.977662186233843],
            [105.72784551455628, 9.977292096481209],
            [105.72804168729218, 9.978121473233474],
            [105.72805950490849, 9.978656569544329],
            [105.72803282325253, 9.97937896325232],
            [105.73019548262626, 9.97921847265792],
            [105.73052990293236, 9.979298693165367],
            [105.73076619117029, 9.979521669252494],
            [105.73101591029639, 9.980092404085449],
            [105.73109622519736, 9.98034660264993],
            [105.73155098548763, 9.981876086651853],
            [105.7318720671709, 9.982692126516373],
            [105.73198801844751, 9.98279467042739],
            [105.73215303649182, 9.983093406016247],
            [105.73236703189913, 9.983833595803112],
            [105.73255873260058, 9.984515842256517],
            [105.73252309649044, 9.984948393334264],
            [105.73254986834138, 9.985251635422848],
            [105.73268811501879, 9.985635072312155],
            [105.73277281802187, 9.985987359666584],
            [105.73284865679054, 9.986317342121477],
            [105.73294670105416, 9.98661608483734],
            [105.73303140417728, 9.986776594045338],
            [105.7331786050472, 9.986932691041885],
            [105.73333914725056, 9.987062024139181],
            [105.73403915946794, 9.98733403433149],
            [105.73436024553025, 9.987383061838626],
            [105.73462778783409, 9.987441030708561],
            [105.7350603512039, 9.987610507934535],
            [105.73538134952354, 9.987708558166728],
            [105.73551073394313, 9.987851292829141],
            [105.73557314293123, 9.988029655488964],
            [105.73564002891493, 9.988167875822443],
            [105.73581839165793, 9.988301640242815],
            [105.73603686834771, 9.988930374479201],
            [105.73617511766682, 9.989715162413892],
            [105.73667009406675, 9.989853443190135],
            [105.73687075329717, 9.990013910383372],
            [105.73726759540533, 9.990522299711959],
            [105.73824412435583, 9.992016031139636],
            [105.73865440059295, 9.992711682661398],
            [105.7389665406609, 9.993228952264259],
            [105.73912699841347, 9.993242304616068],
            [105.74019719792221, 9.993469764207047],
            [105.74041567985098, 9.993777431857426],
            [105.74091514484823, 9.994459695664634],
            [105.7419808777024, 9.995610118634058],
            [105.74276115353845, 9.996903267171142],
            [105.74360841115087, 9.99796899047216],
            [105.74414800042813, 9.999351305439347],
            [105.74460727041887, 10.00196878572049],
            [105.74482575762002, 10.002949781738746],
            [105.74552133664503, 10.004158205168645],
            [105.74719797234847, 10.005058955185202],
            [105.74872749945058, 10.005732234272328],
            [105.75032831848505, 10.006031004084754],
            [105.75184435009255, 10.006329803418138],
            [105.75299038161016, 10.007159135918958],
            [105.75337382648092, 10.006178180841053],
            [105.75480525960411, 10.005950758837477],
            [105.75511733768857, 10.005420128618596],
            [105.755576635211, 10.00480922940055],
            [105.75625443473085, 10.004211682032924],
            [105.75656212734737, 10.003079089093248],
            [105.75746729826182, 10.002089138635975],
            [105.75815397027614, 10.0012597957974],
            [105.75860440988853, 9.999904185440023],
            [105.75876040732453, 9.997589984629139],
            [105.75881843625538, 9.996671328941668],
            [105.76252838571999, 9.996020319315123],
            [105.76957819495564, 9.98701295351446],
            [105.7699661523283, 9.986638424106697],
            [105.7722715244219, 9.988190176594593],
            [105.77284227461084, 9.98559053661741],
            [105.77465269196895, 9.985791153311451],
            [105.77594583255444, 9.98588926965153],
            [105.77947297593218, 9.98773090879869],
            [105.77987877684912, 9.985372040491411],
            [105.78070811454594, 9.983931741545309],
            [105.78048519608708, 9.982701004558574],
            [105.78418179042289, 9.98386930983926],
            [105.78588958941056, 9.98402092545378],
            [105.78691966818938, 9.984939457578028],
            [105.78816820196782, 9.987918134921816],
            [105.79004101849834, 9.989349541107991],
            [105.791200365059, 9.99109303161222],
            [105.79235085176063, 9.992631414243135],
            [105.7927343787789, 9.993001499051115],
            [105.79194511292961, 9.994517621904512],
            [105.79155710921381, 9.994892196965766],
            [105.79173104799006, 9.99701022142985],
            [105.79329614608955, 9.998379186934192],
            [105.79442434338941, 9.9987180629184],
            [105.79590034327362, 9.998628899064988],
            [105.79711319964044, 9.99855311982019],
            [105.79859360997236, 9.9986200298683],
            [105.79915548469322, 9.999119435268545],
            [105.79870503533502, 10.000211860837114],
            [105.79795148232408, 10.000840637005428],
            [105.79749216850688, 10.001001146794911],
            [105.796720796158, 10.001942000251809],
            [105.79657811233211, 10.003012224365976],
            [105.79722023520218, 10.00360968909921],
            [105.79908857556217, 10.004189375639099],
            [105.80002494732008, 10.005250693579981],
            [105.80051991674713, 10.006450187925635],
            [105.80039953318132, 10.008751054306972],
            [105.79904844800924, 10.011529068500138],
            [105.79815659748294, 10.014610337329048],
            [105.79728705408644, 10.017838725996432],
            [105.79779097315351, 10.020130675267614],
            [105.79811199163424, 10.0208798643751],
            [105.80188883747265, 10.024027931984609],
            [105.80282531300138, 10.024469393813886],
            [105.80484974657669, 10.024282131513061],
            [105.80761883427951, 10.022543035522206],
            [105.80883167801586, 10.021294512884367],
            [105.81021848589631, 10.020652404661549],
            [105.81160521459715, 10.020781710715909],
            [105.81350039445073, 10.02197230717423],
            [105.8141335287656, 10.022560873636124],
            [105.81443674963093, 10.022560953108712],
            [105.81429853101831, 10.023791636716327],
            [105.81297421741074, 10.027947486567852],
            [105.81178365108423, 10.030569452893475],
            [105.81009809601308, 10.03320928342468],
            [105.80812717069695, 10.035840100668437],
            [105.80401582164839, 10.041347141873242],
            [105.8038553072069, 10.041561182338372],
            [105.79991791013204, 10.046720289001598],
            [105.79825028771431, 10.048740306848545],
            [105.79596716167993, 10.05154956124507],
            [105.79337200988653, 10.054800241897464],
            [105.792578262944, 10.055687542676264],
            [105.79184694755409, 10.056512514997376],
            [105.78742355892408, 10.061190093839745],
            [105.78330783480669, 10.066322535715711],
            [105.78087756499748, 10.069582106793002],
            [105.77818428855622, 10.07178043390058],
            [105.77780974784876, 10.072088139857787],
            [105.77519219352159, 10.073671123532312],
            [105.77011777116411, 10.076359923701595],
            [105.76487835174217, 10.079677526678312],
            [105.75859097727972, 10.084239222819622],
            [105.75675385342124, 10.085501116017287],
            [105.75583077615605, 10.086281457164434],
            [105.75200490869392, 10.089269061234223],
            [105.75002950145071, 10.091159735714736],
            [105.74651134142704, 10.093991247178026],
            [105.74268540019558, 10.095913088776953],
            [105.74037108802627, 10.096880765402698],
            [105.73806128220923, 10.097710170055539],
            [105.73604582231599, 10.098049069802245],
            [105.73388757051104, 10.098708951383891],
            [105.73190331580885, 10.09952054277843],
            [105.73159118782024, 10.099832638876943],
            [105.72959791491027, 10.100791362285376],
            [105.72683770395734, 10.102851446517045],
            [105.72396158856496, 10.106280527839573],
            [105.72093832748293, 10.110489963761303],
            [105.71787939382983, 10.112688275173179],
            [105.71407133234445, 10.11616191973687],
            [105.71084742576193, 10.118217516345632],
            [105.70732921607978, 10.120438201097231],
            [105.70548311880978, 10.121089175214625],
            [105.70133172904103, 10.123171579160374],
            [105.69873201119448, 10.124759049241414],
            [105.69567309339972, 10.127131282241075],
            [105.69227522174415, 10.128888194197694],
            [105.68876596587954, 10.131260377105109],
            [105.68708037994375, 10.131911424050699],
            [105.68251872426956, 10.13419898360691]
          ]
        ]
      },
      "id": "000000000000000000f8",
      "properties": {
        "ADM0_CODE": 264,
        "ADM0_NAME": "Viet Nam",
        "ADM1_CODE": 73933,
        "ADM1_NAME": "Can Tho city",
        "DISP_AREA": "NO",
        "EXP1_YEAR": 3000,
        "STATUS": "Member State",
        "STR1_YEAR": 2004,
        "Shape_Area": 0.114871568332,
        "Shape_Leng": 1.8381184959
      }
    },
    {
      "type": "Feature",
      "geometry": {
        "type": "Polygon",
        "coordinates": [
          [
            [105.89689452564392, 9.93596070450837],
            [105.89028167792087, 9.940807780001602],
            [105.87937915653016, 9.94863346540146],
            [105.87821083643004, 9.949748260440643],
            [105.86103886014756, 9.96584113895843],
            [105.8481654386238, 9.978188378283951],
            [105.8438891589701, 9.982299676535852],
            [105.83217061379108, 9.995431731254003],
            [105.8305965866273, 9.99806264028952],
            [105.82705601493548, 10.003520521232545],
            [105.82121460456428, 10.011252639472508],
            [105.8197341923137, 10.013740791122633],
            [105.81622930120542, 10.018240010271425],
            [105.81535537303873, 10.02086202627448],
            [105.81443674963093, 10.022560953108712],
            [105.8141335287656, 10.022560873636124],
            [105.81350039445073, 10.02197230717423],
            [105.81160521459715, 10.020781710715909],
            [105.81021848589631, 10.020652404661549],
            [105.80883167801586, 10.021294512884367],
            [105.80761883427951, 10.022543035522206],
            [105.80484974657669, 10.024282131513061],
            [105.80282531300138, 10.024469393813886],
            [105.80188883747265, 10.024027931984609],
            [105.79811199163424, 10.0208798643751],
            [105.79779097315351, 10.020130675267614],
            [105.79728705408644, 10.017838725996432],
            [105.79815659748294, 10.014610337329048],
            [105.79904844800924, 10.011529068500138],
            [105.80039953318132, 10.008751054306972],
            [105.80051991674713, 10.006450187925635],
            [105.80002494732008, 10.005250693579981],
            [105.79908857556217, 10.004189375639099],
            [105.79722023520218, 10.00360968909921],
            [105.79657811233211, 10.003012224365976],
            [105.796720796158, 10.001942000251809],
            [105.79749216850688, 10.001001146794911],
            [105.79795148232408, 10.000840637005428],
            [105.79870503533502, 10.000211860837114],
            [105.79915548469322, 9.999119435268545],
            [105.79859360997236, 9.9986200298683],
            [105.79711319964044, 9.99855311982019],
            [105.79590034327362, 9.998628899064988],
            [105.79442434338941, 9.9987180629184],
            [105.79329614608955, 9.998379186934192],
            [105.79173104799006, 9.99701022142985],
            [105.79155710921381, 9.994892196965766],
            [105.79194511292961, 9.994517621904512],
            [105.7927343787789, 9.993001499051115],
            [105.79235085176063, 9.992631414243135],
            [105.791200365059, 9.99109303161222],
            [105.79004101849834, 9.989349541107991],
            [105.78816820196782, 9.987918134921816],
            [105.78691966818938, 9.984939457578028],
            [105.78588958941056, 9.98402092545378],
            [105.78418179042289, 9.98386930983926],
            [105.78048519608708, 9.982701004558574],
            [105.78070811454594, 9.983931741545309],
            [105.77987877684912, 9.985372040491411],
            [105.77947297593218, 9.98773090879869],
            [105.77594583255444, 9.98588926965153],
            [105.77465269196895, 9.985791153311451],
            [105.77284227461084, 9.98559053661741],
            [105.7722715244219, 9.988190176594593],
            [105.7699661523283, 9.986638424106697],
            [105.76957819495564, 9.98701295351446],
            [105.76252838571999, 9.996020319315123],
            [105.75881843625538, 9.996671328941668],
            [105.75876040732453, 9.997589984629139],
            [105.75860440988853, 9.999904185440023],
            [105.75815397027614, 10.0012597957974],
            [105.75746729826182, 10.002089138635975],
            [105.75656212734737, 10.003079089093248],
            [105.75625443473085, 10.004211682032924],
            [105.755576635211, 10.00480922940055],
            [105.75511733768857, 10.005420128618596],
            [105.75480525960411, 10.005950758837477],
            [105.75337382648092, 10.006178180841053],
            [105.75299038161016, 10.007159135918958],
            [105.75184435009255, 10.006329803418138],
            [105.75032831848505, 10.006031004084754],
            [105.74872749945058, 10.005732234272328],
            [105.74719797234847, 10.005058955185202],
            [105.74552133664503, 10.004158205168645],
            [105.74482575762002, 10.002949781738746],
            [105.74460727041887, 10.00196878572049],
            [105.74414800042813, 9.999351305439347],
            [105.74360841115087, 9.99796899047216],
            [105.74276115353845, 9.996903267171142],
            [105.7419808777024, 9.995610118634058],
            [105.74091514484823, 9.994459695664634],
            [105.74041567985098, 9.993777431857426],
            [105.74019719792221, 9.993469764207047],
            [105.73912699841347, 9.993242304616068],
            [105.7389665406609, 9.993228952264259],
            [105.73865440059295, 9.992711682661398],
            [105.73824412435583, 9.992016031139636],
            [105.73726759540533, 9.990522299711959],
            [105.73687075329717, 9.990013910383372],
            [105.73667009406675, 9.989853443190135],
            [105.73617511766682, 9.989715162413892],
            [105.73603686834771, 9.988930374479201],
            [105.73581839165793, 9.988301640242815],
            [105.73564002891493, 9.988167875822443],
            [105.73557314293123, 9.988029655488964],
            [105.73551073394313, 9.987851292829141],
            [105.73538134952354, 9.987708558166728],
            [105.7350603512039, 9.987610507934535],
            [105.73462778783409, 9.987441030708561],
            [105.73436024553025, 9.987383061838626],
            [105.73403915946794, 9.98733403433149],
            [105.73333914725056, 9.987062024139181],
            [105.7331786050472, 9.986932691041885],
            [105.73303140417728, 9.986776594045338],
            [105.73294670105416, 9.98661608483734],
            [105.73284865679054, 9.986317342121477],
            [105.73277281802187, 9.985987359666584],
            [105.73268811501879, 9.985635072312155],
            [105.73254986834138, 9.985251635422848],
            [105.73252309649044, 9.984948393334264],
            [105.73255873260058, 9.984515842256517],
            [105.73236703189913, 9.983833595803112],
            [105.73215303649182, 9.983093406016247],
            [105.73198801844751, 9.98279467042739],
            [105.7318720671709, 9.982692126516373],
            [105.73155098548763, 9.981876086651853],
            [105.73109622519736, 9.98034660264993],
            [105.73101591029639, 9.980092404085449],
            [105.73076619117029, 9.979521669252494],
            [105.73052990293236, 9.979298693165367],
            [105.73019548262626, 9.97921847265792],
            [105.72803282325253, 9.97937896325232],
            [105.72805950490849, 9.978656569544329],
            [105.72804168729218, 9.978121473233474],
            [105.72784551455628, 9.977292096481209],
            [105.727609140568, 9.977662186233843],
            [105.72718107163695, 9.978036778589745],
            [105.72572299456776, 9.978901853568507],
            [105.72518784694866, 9.979102476271816],
            [105.72428713357522, 9.979650975112897],
            [105.72422920514386, 9.979370069275253],
            [105.72401512975604, 9.979191725851798],
            [105.72383677855856, 9.979008855416998],
            [105.72371635578556, 9.978803776705767],
            [105.72357811591229, 9.978478210351948],
            [105.723502370534, 9.978210727406488],
            [105.72346664666085, 9.97770235614706],
            [105.72332840697713, 9.977055748830713],
            [105.72325266170269, 9.976770415595501],
            [105.72319912073574, 9.976489471951634],
            [105.7230921283824, 9.976070331450906],
            [105.7229984765498, 9.975816113420738],
            [105.72279335592603, 9.975361352201121],
            [105.72272647465516, 9.97500905954247],
            [105.7229627527755, 9.974924313286014],
            [105.72302963413313, 9.974402601942801],
            [105.72307422171852, 9.974001318513764],
            [105.72304754079262, 9.9736445389219],
            [105.72296722943855, 9.973301246456982],
            [105.72279335592603, 9.972841938183283],
            [105.72268636381106, 9.972467363864947],
            [105.72262386970102, 9.972244389664807],
            [105.72251240103365, 9.971914417109085],
            [105.72242770279867, 9.971700362110996],
            [105.7223430046031, 9.971437294398333],
            [105.722258216914, 9.971085049595676],
            [105.72207100368753, 9.971151893841007],
            [105.72095623393676, 9.970411695577106],
            [105.72048350414624, 9.970095098810663],
            [105.71882475157999, 9.968828721433168],
            [105.71806221573353, 9.968164345715966],
            [105.71757615339854, 9.96750439262385],
            [105.71750488704635, 9.967379538216736],
            [105.71733988227021, 9.966964863758983],
            [105.71695633403618, 9.965921381013045],
            [105.71671111069408, 9.965359560022446],
            [105.71606452484687, 9.963232555092267],
            [105.71581930270702, 9.962688598302323],
            [105.71564543602321, 9.962309572301411],
            [105.71549377284154, 9.962073203735393],
            [105.7152485514712, 9.961801237715202],
            [105.7149052062965, 9.961373147998199],
            [105.7141560266899, 9.960285089826378],
            [105.71341141612659, 9.959192603559371],
            [105.7129298426369, 9.958510402893749],
            [105.7125865018407, 9.958831396042369],
            [105.71231890238428, 9.958956283937342],
            [105.71194431752386, 9.958809111172549],
            [105.71061555020876, 9.957649736475792],
            [105.70992440166665, 9.956936333681098],
            [105.70700808816586, 9.957261801385197],
            [105.70464481188753, 9.957565063270328],
            [105.70337840640141, 9.957935131418948],
            [105.70329371708071, 9.95665091502884],
            [105.70307966634167, 9.95418954994024],
            [105.70298154864687, 9.95323081019931],
            [105.70230824425458, 9.953275431871013],
            [105.70021243135209, 9.953342262281778],
            [105.69733628962264, 9.953551867994282],
            [105.69625721111603, 9.953493910291842],
            [105.69441113700002, 9.953975448542911],
            [105.69349705886822, 9.9542652930512],
            [105.69306002892016, 9.95386842686344],
            [105.69292628829872, 9.953846146288365],
            [105.69330530983451, 9.951982243369539],
            [105.68674595010248, 9.95023431567341],
            [105.68547062870144, 9.949775026499372],
            [105.68518973157612, 9.949650187831324],
            [105.6827550395557, 9.94870480380498],
            [105.67830484492161, 9.94695236097148],
            [105.67956677851646, 9.944103033698214],
            [105.67768059474744, 9.943906818535364],
            [105.67734618229217, 9.942644922613196],
            [105.67541535631753, 9.943830991012115],
            [105.67481340399127, 9.9432647072034],
            [105.672075508459, 9.940781036109554],
            [105.66987720210486, 9.938792244591083],
            [105.66861524672713, 9.939982842881617],
            [105.66774130819563, 9.940825552855882],
            [105.66707690651073, 9.941472172231704],
            [105.66684052223653, 9.941735255378054],
            [105.66649717932926, 9.94198046644219],
            [105.66523077236677, 9.94286341043314],
            [105.6648160974003, 9.94324690308894],
            [105.66470905001368, 9.943509941069081],
            [105.66301017353743, 9.94502156125747],
            [105.66191322034372, 9.946167552527687],
            [105.66139150759545, 9.946600140915415],
            [105.65975952039658, 9.948053768833821],
            [105.65942505166409, 9.94833916423555],
            [105.65864468670519, 9.94884303679194],
            [105.65827012346637, 9.94912398429982],
            [105.65796689339122, 9.949387066322997],
            [105.65888992088459, 9.950100545194886],
            [105.6604551314276, 9.95154974221784],
            [105.66391094035684, 9.95445706323757],
            [105.66783045617632, 9.958149197547735],
            [105.66986825140083, 9.959857006187983],
            [105.67050142529884, 9.960472396477657],
            [105.67122831596966, 9.961319631408008],
            [105.67227171039295, 9.962550326486344],
            [105.67302089583448, 9.963442129034375],
            [105.67276669158463, 9.963656225362],
            [105.67191502044808, 9.964209120640701],
            [105.67076010173193, 9.964681787920163],
            [105.66926631757433, 9.965221332107978],
            [105.667906267797, 9.965649417659323],
            [105.66752721001234, 9.965787651994816],
            [105.6670322431955, 9.965899105344132],
            [105.6664436551289, 9.965832259592005],
            [105.66605573940917, 9.965863451000665],
            [105.66532000861098, 9.965881259984352],
            [105.66170369373505, 9.965836685176928],
            [105.65922438862314, 9.965738566993858],
            [105.65886763499098, 9.965671704192676],
            [105.65856001833978, 9.965537929327377],
            [105.65835488119676, 9.965337256964391],
            [105.6581631694707, 9.965288217656735],
            [105.65762356739371, 9.965466602170823],
            [105.6574184313177, 9.965537907566649],
            [105.65831917017348, 9.969791914174081],
            [105.65827012346637, 9.970139747428819],
            [105.65821221614868, 9.97034035159304],
            [105.65596028929777, 9.971192049688737],
            [105.65554116067835, 9.971321377635379],
            [105.6517420186317, 9.972734900787211],
            [105.65195609804977, 9.973595516808365],
            [105.64712684339506, 9.974741477135519],
            [105.64665869182295, 9.975316737730404],
            [105.64644461871372, 9.97498226672773],
            [105.6460968399504, 9.974157353907012],
            [105.645820299932, 9.973613380762107],
            [105.6456063173167, 9.973198626661896],
            [105.6455170908477, 9.97278841470701],
            [105.64553051508794, 9.972471854957194],
            [105.64553937508705, 9.972239929817459],
            [105.64576687137557, 9.97178516049565],
            [105.64602542277865, 9.9715399057428],
            [105.64642233436206, 9.971004789303622],
            [105.64645356825329, 9.970853155060334],
            [105.64644014394408, 9.970532098811443],
            [105.64645356825329, 9.970228859836093],
            [105.64634653178898, 9.969346026755023],
            [105.6462707292479, 9.968998191604042],
            [105.64584267370408, 9.968235695738455],
            [105.64546804763184, 9.967825409471379],
            [105.64534767702196, 9.967553452251586],
            [105.64514702968648, 9.967245727161163],
            [105.64515588966668, 9.966897990043767],
            [105.64523169173737, 9.96622463221526],
            [105.64520940753619, 9.965555796939453],
            [105.64497314147668, 9.964534664185408],
            [105.64470107791435, 9.963928191752743],
            [105.64440234543801, 9.963607134480382],
            [105.64401886244522, 9.96336634416551],
            [105.64368442298672, 9.963245979175396],
            [105.64338569220145, 9.963125563159323],
            [105.6431136310439, 9.963000732675594],
            [105.64293079543839, 9.962590481815884],
            [105.64293079543839, 9.962300639695288],
            [105.64280156666453, 9.961783339226397],
            [105.64231991287113, 9.961101146999285],
            [105.64186063364582, 9.960445666330932],
            [105.64139688095153, 9.959990788978711],
            [105.64119623803055, 9.959807989543217],
            [105.64092426968347, 9.959700926515454],
            [105.64054965387221, 9.959642986142143],
            [105.64016617910843, 9.959625148487016],
            [105.63913165151071, 9.959705402375764],
            [105.6385520143902, 9.95969203960622],
            [105.63829785882476, 9.959571640603642],
            [105.63812836232032, 9.959237225648538],
            [105.63803922905909, 9.958947340770923],
            [105.63793219761116, 9.958537118507182],
            [105.6378251662271, 9.95818484796633],
            [105.63765575966026, 9.957881680755595],
            [105.63738818173215, 9.957698845903593],
            [105.63700918825948, 9.957578445310164],
            [105.63661229748827, 9.957565042293],
            [105.63580965906138, 9.95756502775268],
            [105.635238892166, 9.957685483789843],
            [105.63475734816284, 9.957961898224053],
            [105.63445406827896, 9.95840333908996],
            [105.63402604091803, 9.959032107021136],
            [105.63385654845082, 9.959228260757932],
            [105.63325455617336, 9.959379887304705],
            [105.63311638549438, 9.959353157290813],
            [105.63275073484613, 9.959277334059474],
            [105.632322622064, 9.959107928157042],
            [105.63207294973881, 9.95880468839658],
            [105.63189012538581, 9.958514879704342],
            [105.63175186627062, 9.958225014370452],
            [105.63159132475224, 9.957618595474568],
            [105.63142192407527, 9.957270777189596],
            [105.631234625996, 9.95710130254435],
            [105.63095810888377, 9.956963111776693],
            [105.63073072085976, 9.95684266831312],
            [105.63047210200963, 9.95669105849793],
            [105.6301109311191, 9.956539456998188],
            [105.62980774858482, 9.956298703461952],
            [105.6294687717898, 9.955990957499678],
            [105.62921910344127, 9.955732360679665],
            [105.62892030726225, 9.955232977740812],
            [105.62873748612625, 9.954715672128819],
            [105.62858589595726, 9.954180595984985],
            [105.62848781879704, 9.953788218926825],
            [105.62855466517686, 9.952660034305188],
            [105.62867958833111, 9.952035750742413],
            [105.62872415262927, 9.951652297157306],
            [105.62866169102573, 9.95136247474829],
            [105.62846553667596, 9.95087640998516],
            [105.62828719032088, 9.95061773281654],
            [105.62820244678139, 9.950131739813381],
            [105.6281756903818, 9.949552059998819],
            [105.62801962637818, 9.949204206882884],
            [105.62777881917148, 9.948927758083553],
            [105.62752467888093, 9.948749402397734],
            [105.62725264178648, 9.948548753078793],
            [105.6266729535935, 9.948294550651717],
            [105.62640539206274, 9.948169736138832],
            [105.62458607374306, 9.947549890402314],
            [105.62013141253777, 9.945592366267949],
            [105.61869120140334, 9.944985932310928],
            [105.61852172345299, 9.94492794552571],
            [105.61839242280165, 9.945034940862852],
            [105.6164393232313, 9.947126272055014],
            [105.6125108185142, 9.95125093849435],
            [105.61132917011683, 9.952566375427406],
            [105.60934492033968, 9.954746917825002],
            [105.60548331998359, 9.958737792155514],
            [105.60192046428332, 9.962679657531057],
            [105.5982818975746, 9.966536738753607],
            [105.59697087936594, 9.967994855992652],
            [105.59472795385044, 9.970304697809587],
            [105.5933456551367, 9.971767290620866],
            [105.5909421808486, 9.974331279598575],
            [105.5897292725019, 9.975530773395686],
            [105.58662577857669, 9.978924115486166],
            [105.58329035912304, 9.982643070019524],
            [105.58268835845551, 9.9830220946496],
            [105.5827418576149, 9.983815806624158],
            [105.58283999909132, 9.984114519358815],
            [105.58454786627935, 9.987396452724079],
            [105.57643228861373, 9.990928035548615],
            [105.5748983192718, 9.991338266383467],
            [105.57411349247364, 9.990589129118357],
            [105.57331981273154, 9.989452124073722],
            [105.57290069901639, 9.989670607935444],
            [105.57000673913494, 9.983467932121965],
            [105.56299702164189, 9.985969493340532],
            [105.55246910130725, 9.962269419299686],
            [105.55637973081917, 9.95909006168833],
            [105.55674084159544, 9.957159301700482],
            [105.55441326882648, 9.954902964373575],
            [105.54846034638477, 9.945592380441514],
            [105.54574469179916, 9.94124920666883],
            [105.5438317461354, 9.941668354172077],
            [105.54268579544302, 9.942074124565655],
            [105.54228893617092, 9.941699570564488],
            [105.54071930701781, 9.939041978021077],
            [105.53952874515166, 9.936379824563804],
            [105.53795019647724, 9.93295972668256],
            [105.53753554917199, 9.931051249667183],
            [105.53675965330768, 9.930293150174027],
            [105.5316182556209, 9.920032814736377],
            [105.53917643483105, 9.912809054118592],
            [105.53755334786071, 9.908711145274015],
            [105.53235406061161, 9.898330348770552],
            [105.52865744748436, 9.888961797181945],
            [105.52645017752073, 9.884302058007266],
            [105.52612472380939, 9.883637625666845],
            [105.52379701843103, 9.878759395876244],
            [105.51651082993712, 9.862340987048203],
            [105.51818747076882, 9.861217230399317],
            [105.5197080694161, 9.860040087562975],
            [105.5200736661125, 9.857351257874003],
            [105.51249770647858, 9.852811818759413],
            [105.5064154618191, 9.849801926643847],
            [105.50048043747542, 9.84593146876716],
            [105.47669997264724, 9.832661137642765],
            [105.4739532413077, 9.831541971987123],
            [105.46771936513002, 9.829089471210708],
            [105.46241754964173, 9.826128594719366],
            [105.45839538698867, 9.824010529543436],
            [105.45654490156348, 9.823042912002952],
            [105.45472554645309, 9.821892460125605],
            [105.45258518461084, 9.821000640015738],
            [105.44902685341596, 9.820162271395205],
            [105.44493786630655, 9.819159014915156],
            [105.43769179676327, 9.817308500974018],
            [105.4316808997606, 9.815422279735584],
            [105.43028969444428, 9.814851557189076],
            [105.42991069930304, 9.814459134419211],
            [105.43016929188849, 9.812688840655873],
            [105.43129743226001, 9.808689044472366],
            [105.43187710315756, 9.80591993701071],
            [105.43216698402753, 9.802209971779291],
            [105.43234977995363, 9.80027914698271],
            [105.43283139674553, 9.798740811504356],
            [105.43331739485501, 9.797358456102664],
            [105.43403535519798, 9.795280531611986],
            [105.43593047373047, 9.793001960233003],
            [105.43617119754867, 9.792618431304325],
            [105.43617119754867, 9.792150265249072],
            [105.43578334006494, 9.792038746271059],
            [105.43537304696758, 9.792252760707443],
            [105.43509656896441, 9.79220816921332],
            [105.4347621679343, 9.791940678906528],
            [105.43438763239597, 9.79147242172023],
            [105.43421815309634, 9.790968586660632],
            [105.43407995965514, 9.790701019351154],
            [105.43370980558001, 9.790402239194286],
            [105.43313459790743, 9.790232832761452],
            [105.43271546177175, 9.790232818026979],
            [105.4321045027259, 9.790058952647254],
            [105.43160956937801, 9.789760160724763],
            [105.43129743226001, 9.789599636401363],
            [105.43106109513728, 9.788957540486402],
            [105.43064196402139, 9.78852049272866],
            [105.43020495677936, 9.788351127559778],
            [105.4295405541419, 9.78829309037788],
            [105.42909908042442, 9.788252981791697],
            [105.42862641250542, 9.788190535367711],
            [105.42809135540935, 9.787789226981568],
            [105.42774356024577, 9.787352261613977],
            [105.42753395388628, 9.786950935233508],
            [105.42740461482228, 9.786411399811671],
            [105.4275116971918, 9.78580050181923],
            [105.4275116971918, 9.785269857030482],
            [105.42767223148599, 9.784690183974725],
            [105.42767223148599, 9.784070378177642],
            [105.42758302588543, 9.783619990283324],
            [105.42746709442716, 9.783281060601835],
            [105.42707022865096, 9.783049234573639],
            [105.42661982285166, 9.78282178071707],
            [105.42627649983007, 9.782808416717925],
            [105.42574136061877, 9.782951124257842],
            [105.4252330380008, 9.78317854107265],
            [105.42492538153459, 9.783459435725273],
            [105.42459100015648, 9.783963333909872],
            [105.42411825517354, 9.784489481736395],
            [105.423538610272, 9.784730273018711],
            [105.42302582503011, 9.784730269161576],
            [105.42273149038488, 9.784672366205196],
            [105.4223881750836, 9.784128351204998],
            [105.4222855649671, 9.783490653999504],
            [105.4222097693801, 9.78177839800924],
            [105.4222097693801, 9.781140684728545],
            [105.4222097693801, 9.780302434505066],
            [105.42217857521538, 9.7795889788577],
            [105.4219957900367, 9.778888885781557],
            [105.42176831437527, 9.778389416526275],
            [105.42138486884963, 9.778104043605975],
            [105.42096129213557, 9.778318109485356],
            [105.42067589908353, 9.778523237172493],
            [105.42035037460558, 9.778888899622798],
            [105.41998471892852, 9.779428392000272],
            [105.41977512197538, 9.780302407979619],
            [105.41953880059842, 9.78111392985615],
            [105.4192801345299, 9.781649078361463],
            [105.41879408648262, 9.782224289384796],
            [105.41835710918316, 9.782491831804899],
            [105.41787553269936, 9.782589946923377],
            [105.41722896386001, 9.782420490183313],
            [105.41680986627448, 9.78184974904168],
            [105.41683212159093, 9.78114073205453],
            [105.41729590873808, 9.780583317445636],
            [105.4180985342635, 9.779530991728931],
            [105.41871829242712, 9.778491996503362],
            [105.41942734354076, 9.77741290076254],
            [105.4190884144215, 9.776837668443683],
            [105.41824118391207, 9.776882302320502],
            [105.41747421998855, 9.777653720086771],
            [105.41668500417063, 9.778558933592473],
            [105.41577084113857, 9.779169812977802],
            [105.41488796516701, 9.77900035623609],
            [105.41435286122557, 9.778389486247052],
            [105.41441971561095, 9.777653666368854],
            [105.41499495040321, 9.77694913376039],
            [105.41584216498674, 9.77594136874569],
            [105.41638174247188, 9.775169977900784],
            [105.41668500417063, 9.77409091141236],
            [105.41658239744136, 9.773591471016251],
            [105.41603843978871, 9.773150037760237],
            [105.41501729486359, 9.773109877453166],
            [105.41420574591787, 9.773961571043749],
            [105.41322921091198, 9.775272567744908],
            [105.4127253045648, 9.776182175388096],
            [105.41181116250334, 9.776382861611081],
            [105.41123146952873, 9.775682820026546],
            [105.41085689559448, 9.774911317658074],
            [105.41031733538216, 9.773658349390095],
            [105.41004089745117, 9.772721924360642],
            [105.40997404476231, 9.771749839897817],
            [105.41086583316397, 9.771410944166497],
            [105.41248899283643, 9.771589304466367],
            [105.41306422119393, 9.771740935451755],
            [105.41404075526631, 9.771709690473388],
            [105.41454457607654, 9.770871392312163],
            [105.41438405397702, 9.769761096842718],
            [105.4132915960144, 9.769368730994486],
            [105.41256925298624, 9.769350848737316],
            [105.41126266171598, 9.76951138332615],
            [105.40976892871957, 9.769832441108308],
            [105.40747245007337, 9.770171341275272],
            [105.40550158724363, 9.769970660700857],
            [105.40471671607486, 9.769199260706724],
            [105.40492182610703, 9.768360953316227],
            [105.40573788939781, 9.766951884467593],
            [105.4064870158419, 9.766100184162942],
            [105.40705775549668, 9.764691074118483],
            [105.40696856054349, 9.763210686893736],
            [105.4064870158419, 9.761520642585781],
            [105.40659399586819, 9.760312263813722],
            [105.40743232117958, 9.75955865496714],
            [105.40853823758594, 9.759121675510734],
            [105.4097911831281, 9.759652280243952],
            [105.41161945068887, 9.760017954582995],
            [105.41290361109448, 9.760111599571081],
            [105.41430826185719, 9.7588987261546],
            [105.41496822643239, 9.756932241864742],
            [105.41538294002403, 9.754029408542886],
            [105.41477204222485, 9.752259145353097],
            [105.4136438309484, 9.750020649226611],
            [105.4123240038261, 9.748709672420915],
            [105.41114674120901, 9.74777772959073],
            [105.41024154504856, 9.747777686395704],
            [105.40910898403055, 9.747871373171714],
            [105.40751704767455, 9.748709675745419],
            [105.40563082052986, 9.749851224677196],
            [105.4048772291773, 9.749931441524692],
            [105.40400772541265, 9.749641610532306],
            [105.40345924944923, 9.749191256035527],
            [105.40222860336458, 9.748250389305348],
            [105.39969575226375, 9.746440025260368],
            [105.39733247071923, 9.745289553264405],
            [105.395562175681, 9.744491393919667],
            [105.39417099340552, 9.74400082819937],
            [105.3935645497677, 9.743309727349342],
            [105.39337276889131, 9.742368825737906],
            [105.39327026540714, 9.741530548004802],
            [105.39335051660402, 9.739947550175474],
            [105.39298929714647, 9.73835117528639],
            [105.39195032626112, 9.736861853048229],
            [105.38920797730334, 9.735180740212735],
            [105.38654145196551, 9.734351344089038],
            [105.38529287568784, 9.733820761824589],
            [105.38358507895924, 9.733401593044833],
            [105.38024075619879, 9.732509773041937],
            [105.37789972436038, 9.731649177688675],
            [105.37581732484009, 9.730712751256837],
            [105.37299919157162, 9.729562256312144],
            [105.37120662986185, 9.728090786521143],
            [105.36959690558969, 9.72632053971901],
            [105.36742972145936, 9.72360938460336],
            [105.36431731273909, 9.719779025446037],
            [105.36102197219019, 9.715302065331086],
            [105.3564915521807, 9.711850713404116],
            [105.35423080983446, 9.710263314356965],
            [105.35111390605351, 9.709139581540262],
            [105.34980733577767, 9.708979059134018],
            [105.3485543814415, 9.708390480525255],
            [105.34677967634906, 9.707088445485441],
            [105.34442078735101, 9.705590177558385],
            [105.34111662863538, 9.703632652840465],
            [105.33754041176954, 9.70278982079382],
            [105.33386162338091, 9.702138821686875],
            [105.33065995666767, 9.70167957881871],
            [105.3294382310325, 9.701309447917232],
            [105.32887185929869, 9.700430988898457],
            [105.3286667510096, 9.698219314951254],
            [105.32997771526193, 9.695860406282407],
            [105.33178815786424, 9.695129105196699],
            [105.33405333758155, 9.69317158087959],
            [105.33487826498732, 9.689992257941368],
            [105.33686707650944, 9.688681298196036],
            [105.33808885544498, 9.687178568904342],
            [105.3385481415294, 9.685029254754502],
            [105.33883795427643, 9.682603533315985],
            [105.33888253402446, 9.679932503541657],
            [105.33876219553296, 9.67678883438916],
            [105.3391411682637, 9.675642824065863],
            [105.34014899682754, 9.675121097864533],
            [105.3425969881737, 9.674742101565958],
            [105.34665030871719, 9.675210337889197],
            [105.35125658942228, 9.675482296273229],
            [105.35267458447022, 9.67510776313465],
            [105.353820532487, 9.674532566128835],
            [105.35456076574174, 9.673422251194234],
            [105.35456076574174, 9.672209374673386],
            [105.35521630147754, 9.67014923939431],
            [105.35662977266658, 9.668463672741721],
            [105.35842236042889, 9.667901862934032],
            [105.36115135070402, 9.668182760859247],
            [105.36398287044133, 9.669302034038898],
            [105.36794251974652, 9.67060405660924],
            [105.3712378147889, 9.671531583541473],
            [105.37310615075894, 9.67153154152594],
            [105.37406038693003, 9.671161438515604],
            [105.37444390576378, 9.670412333196003],
            [105.37425214623966, 9.669658751636993],
            [105.37397120909488, 9.668820421202765],
            [105.37320873156268, 9.668263036013657],
            [105.37254874847508, 9.667509421066091],
            [105.37166591560775, 9.66630102288593],
            [105.36924904987, 9.664401463110076],
            [105.36841519978547, 9.662871972449652],
            [105.36850884241304, 9.661730429362168],
            [105.36936940983489, 9.660499773157953],
            [105.37013195963975, 9.65983982634293],
            [105.370903358976, 9.659269031578011],
            [105.37242838627697, 9.659362697762628],
            [105.37339155429719, 9.660120692276585],
            [105.37444390576378, 9.660967968743567],
            [105.37502356411946, 9.661351408032104],
            [105.37653969228691, 9.661819633877561],
            [105.37798443630749, 9.661632354636046],
            [105.3795986179413, 9.6608698232438],
            [105.38160519627253, 9.659728299140589],
            [105.38466859095232, 9.658778550519475],
            [105.38581019551945, 9.658582304252105],
            [105.3869650334398, 9.658582343705845],
            [105.38867733197831, 9.659340356492553],
            [105.39010430514152, 9.66010285630351],
            [105.39135729528923, 9.660669206087887],
            [105.39260135794552, 9.660847531155031],
            [105.3935645497677, 9.660762847883314],
            [105.39508951025438, 9.660009223223978],
            [105.39660563679548, 9.65867154183675],
            [105.39852751283038, 9.65715093298524],
            [105.40129664281147, 9.654582522814557],
            [105.40254068794488, 9.653820007624562],
            [105.4039675973255, 9.65344100550542],
            [105.40586721223433, 9.652491187749238],
            [105.40656280452534, 9.652112196209414],
            [105.40559962936133, 9.650480134945033],
            [105.40448935255976, 9.649530339823995],
            [105.4043288398186, 9.649057712963254],
            [105.40384721312012, 9.648580582298829],
            [105.40274132681242, 9.648268461776192],
            [105.40193868337332, 9.647791266847465],
            [105.40130549051452, 9.646681017884685],
            [105.4014660898097, 9.645740078135264],
            [105.40193868337332, 9.645267424075405],
            [105.40273247903562, 9.644959774583487],
            [105.40464986545045, 9.644812591854242],
            [105.40512255711997, 9.64512920740308],
            [105.40566210107708, 9.6456420139246],
            [105.40593853198804, 9.645972013330695],
            [105.40621943200674, 9.645860474801607],
            [105.40653161318815, 9.645468073828642],
            [105.4068838343181, 9.645289736331057],
            [105.40667872195114, 9.644273074138031],
            [105.40641569586126, 9.643118189279583],
            [105.4063265012403, 9.642591991907656],
            [105.4059073407638, 9.64176256212213],
            [105.40484603814514, 9.640790493081262],
            [105.40413704695086, 9.640121632032823],
            [105.40338793072158, 9.638761651615154],
            [105.40289299028964, 9.63793222514349],
            [105.40220626056121, 9.636103990245767],
            [105.40171132352428, 9.635270129047907],
            [105.40080161901786, 9.633923511874903],
            [105.40038247198228, 9.632848849766953],
            [105.40011498699795, 9.632171074975075],
            [105.39935248280125, 9.63043200174525],
            [105.39885746459656, 9.629669550140267],
            [105.3985052598765, 9.628679576340765],
            [105.39839819550404, 9.627769959327434],
            [105.39811730823908, 9.62647232913398],
            [105.39814849805275, 9.62500973393942],
            [105.39820649860954, 9.62469764409438],
            [105.39785867429987, 9.62379240522554],
            [105.39753757195753, 9.62334201945146],
            [105.39698017975095, 9.62297191360683],
            [105.39595905835516, 9.622539453156522],
            [105.39502713174147, 9.622490351560913],
            [105.39409074182585, 9.622280748475387],
            [105.39238732598051, 9.622637494358948],
            [105.39021127498731, 9.624242812644194],
            [105.38973862426663, 9.624171459371139],
            [105.38926150662127, 9.623881581249858],
            [105.38861048758405, 9.623128021223268],
            [105.38803971973077, 9.622231710505226],
            [105.38762051442507, 9.621388938949151],
            [105.38736636444563, 9.621170453567643],
            [105.38643439504094, 9.620889579757405],
            [105.38572539034787, 9.620679932763172],
            [105.38485589400716, 9.620171647997447],
            [105.38360732998214, 9.619810424659152],
            [105.38289833695949, 9.619690019723457],
            [105.38123515483484, 9.619248600477505],
            [105.3792730817492, 9.617968825144608],
            [105.3788851735219, 9.61725088436273],
            [105.37845705467883, 9.616751507072282],
            [105.37816726413338, 9.616252045228075],
            [105.37787738471886, 9.61606928847003],
            [105.3758395748558, 9.615360235003925],
            [105.37542933507011, 9.614909903793071],
            [105.37523766380112, 9.614071585372326],
            [105.37473377937512, 9.612778428657084],
            [105.37462672981546, 9.612167530085298],
            [105.37468919027663, 9.611632439796763],
            [105.3743368563851, 9.61065144432154],
            [105.37386424936783, 9.610272428120489],
            [105.37198696958482, 9.610089567595356],
            [105.37152321521597, 9.609572363908319],
            [105.37124675029915, 9.608881218881008],
            [105.37127793523351, 9.607592496585882],
            [105.37171943945472, 9.606870123947672],
            [105.37230802416335, 9.606170029392606],
            [105.37259780480726, 9.605541304079424],
            [105.3730482480327, 9.603231466294595],
            [105.37313742538772, 9.601229388295284],
            [105.3730169734202, 9.600150262838083],
            [105.37310615075894, 9.598540535461694],
            [105.37314627164092, 9.597621937545613],
            [105.37261120817914, 9.596752414862921],
            [105.37349860308558, 9.596391231418554],
            [105.37422096076416, 9.595588647183282],
            [105.375656749511, 9.59361770200334],
            [105.37628993724044, 9.592743718555974],
            [105.37681616573924, 9.59156201159503],
            [105.3769053450539, 9.590500744063576],
            [105.37726653068822, 9.588449575494108],
            [105.37735571023701, 9.587111883438109],
            [105.37789972436038, 9.586309237931067],
            [105.37870681288054, 9.585769700849255],
            [105.38059301285682, 9.585502126799382],
            [105.38266206617654, 9.585680511646741],
            [105.38365192139815, 9.585948002467074],
            [105.38588597509703, 9.587731686958922],
            [105.38823587349192, 9.589510867221385],
            [105.3894978758455, 9.590130637024483],
            [105.39047883394068, 9.590219817693386],
            [105.39174076339499, 9.589769478146506],
            [105.39380530388259, 9.588427280374429],
            [105.39488441193382, 9.588159773247362],
            [105.39568264346191, 9.588427309560307],
            [105.39642278934954, 9.589412740359025],
            [105.39676614233825, 9.591013610421536],
            [105.39811730823908, 9.592351257572664],
            [105.39920082244178, 9.593421506928847],
            [105.39948180084436, 9.594308871724902],
            [105.39911610003634, 9.59556188231572],
            [105.39884852764983, 9.596899611404632],
            [105.39920975940683, 9.597523869333552],
            [105.39984294456002, 9.597978708677633],
            [105.40190302432056, 9.598228378126212],
            [105.40423517766453, 9.597960864627618],
            [105.40675897939727, 9.597688858497577],
            [105.40836878363409, 9.597599697027976],
            [105.41026388889344, 9.597688804896848],
            [105.41133854187414, 9.5980411326511],
            [105.41250677876842, 9.598763467655107],
            [105.41375537365033, 9.599909465954411],
            [105.41467390551585, 9.600801287884774],
            [105.41557465601896, 9.601430045848034],
            [105.4164754112215, 9.601688657009595],
            [105.41754107558253, 9.601251649728848],
            [105.4178086769759, 9.600168068426033],
            [105.41735829531004, 9.598928493247321],
            [105.41700158385373, 9.595811596458333],
            [105.4165422664288, 9.594201793720295],
            [105.41699264596652, 9.593671157954562],
            [105.4177997390469, 9.59328326002108],
            [105.41825905981618, 9.593091520791917],
            [105.41899036463943, 9.593162827687532],
            [105.41985538551204, 9.593519588915802],
            [105.42115748337332, 9.594531828825316],
            [105.42189764922347, 9.595031230056733],
            [105.42254423553435, 9.595392365865294],
            [105.42341821241514, 9.595610896630689],
            [105.42473812430788, 9.595459279152148],
            [105.42669115117752, 9.59517391981516],
            [105.4284346820327, 9.595312137720654],
            [105.42901434334243, 9.595459319175202],
            [105.42946028610949, 9.595958692080815],
            [105.42938895664201, 9.597118111976917],
            [105.42938895664201, 9.598130322041701],
            [105.4295405541419, 9.599731076684021],
            [105.42983043109896, 9.600150230895892],
            [105.4301202191559, 9.600359824192982],
            [105.43093184282313, 9.600440124893016],
            [105.43224278397737, 9.599793528998026],
            [105.43316579404767, 9.59941900256519],
            [105.4353017150642, 9.598553911005505],
            [105.43688023080507, 9.597760178631015],
            [105.43818674749018, 9.597109196190193],
            [105.43905624445088, 9.596311014685813],
            [105.43972068358993, 9.595731286208435],
            [105.44050544554104, 9.59537014184719],
            [105.44145969725986, 9.595222955433563],
            [105.44262804820085, 9.595441476256452],
            [105.44386318338074, 9.596159399509329],
            [105.44480851424949, 9.596449234730834],
            [105.44561117794939, 9.596591930148204],
            [105.4466189154578, 9.596377883623838],
            [105.44735910073109, 9.595722397810654],
            [105.44779168148438, 9.594928679443044],
            [105.44801463218403, 9.59384065031574],
            [105.44806809033341, 9.591749337478614],
            [105.44801463218403, 9.58987204445782],
            [105.44785407904507, 9.588213291792119],
            [105.44770693526306, 9.58756225992104],
            [105.44814389723565, 9.586630243528083],
            [105.44879943165195, 9.586483137053218],
            [105.44960202441098, 9.586483114440606],
            [105.45149275380335, 9.587499795905204],
            [105.45214821146352, 9.588213225134322],
            [105.45316483726565, 9.589140774463795],
            [105.45455166677148, 9.589863158526795],
            [105.45600090783059, 9.590300130352677],
            [105.45752588256752, 9.590300123092817],
            [105.45876103429603, 9.58950190043317],
            [105.45926489575706, 9.588850886954768],
            [105.46029050329672, 9.587691528571158],
            [105.46073196698099, 9.587258968788635],
            [105.46108867903864, 9.58711182513881],
            [105.46182445584338, 9.58711183870489],
            [105.4626181685019, 9.587330334599455],
            [105.46399604367748, 9.588262307692585],
            [105.46510187417519, 9.58919873215862],
            [105.46618545004223, 9.589992458946892],
            [105.46750085941044, 9.590857504277384],
            [105.46858892047614, 9.591579865610605],
            [105.46887877322268, 9.592520771823176],
            [105.4691774776218, 9.593671211094321],
            [105.46910166155102, 9.594759222635036],
            [105.4691774776218, 9.595909698493147],
            [105.46924435314558, 9.596489348564171],
            [105.46975718555537, 9.596921879882121],
            [105.47012285672751, 9.596988756699046],
            [105.47077829516688, 9.59698875086167],
            [105.47149623152008, 9.596560679702982],
            [105.47296331638395, 9.595258643820902],
            [105.47419848820829, 9.594099286127262],
            [105.47615600536135, 9.592583192662234],
            [105.47702998387037, 9.59185191567843],
            [105.47746254897109, 9.59120973923057],
            [105.47767659667055, 9.590701447831334],
            [105.47775232705985, 9.590202005014037],
            [105.47775232705985, 9.589617895920961],
            [105.47717268195372, 9.588681430345348],
            [105.4760133081096, 9.587169860883204],
            [105.47534890909672, 9.586157631792531],
            [105.47519727161996, 9.585720593575841],
            [105.47563877308369, 9.584931328128134],
            [105.47635664004056, 9.58457013753576],
            [105.47750707516262, 9.584641521007663],
            [105.47860852085495, 9.584851077751832],
            [105.4802940081942, 9.584851103353165],
            [105.48172540216326, 9.584989319434216],
            [105.48370973829066, 9.584842174345386],
            [105.48515895363242, 9.584632571009406],
            [105.48597047655596, 9.5844096474395],
            [105.48661703305044, 9.583972647625204],
            [105.48734388665251, 9.583401900889532],
            [105.488222302519, 9.582741926445442],
            [105.48915875377376, 9.582461041052282],
            [105.48967155528301, 9.582452123716203],
            [105.49069269197405, 9.582893526361325],
            [105.49178518965249, 9.583678324285744],
            [105.4925743888977, 9.584761899573882],
            [105.49315855600713, 9.585631422360281],
            [105.49366689832866, 9.586492049715693],
            [105.49375157748332, 9.587071750047903],
            [105.4935375995084, 9.588012619426062],
            [105.49324770582022, 9.588873213914063],
            [105.49317196871432, 9.589452907135533],
            [105.4933770938444, 9.590099443514035],
            [105.49375157748332, 9.59053199578622],
            [105.49405041385616, 9.590612260728468],
            [105.49471479457468, 9.590750482520408],
            [105.49549962549145, 9.590389311259813],
            [105.49637799289783, 9.590099473681407],
            [105.49841140844686, 9.589729359242734],
            [105.49942803565544, 9.589662465179053],
            [105.50060974142349, 9.589519786443544],
            [105.50167100315954, 9.589863139276089],
            [105.50254045923592, 9.590202051799874],
            [105.50335653393655, 9.590389331166763],
            [105.50422599837552, 9.590438310296456],
            [105.50476111058873, 9.590429404665414],
            [105.5050955565515, 9.59029122713571],
            [105.50553704408416, 9.590099425657902],
            [105.50586702030044, 9.589524223640726],
            [105.50586702030044, 9.588810747122631],
            [105.50578224586364, 9.588280144824399],
            [105.5050955565515, 9.587370464122728],
            [105.5049974582979, 9.586982509058396],
            [105.5050955565515, 9.586550047830068],
            [105.50524274874692, 9.58607286685583],
            [105.50601412371896, 9.585399536846003],
            [105.50691937136278, 9.584860003970372],
            [105.50876538279147, 9.584150989513708],
            [105.51022356938516, 9.58334833530274],
            [105.51122237964499, 9.583089755579199],
            [105.51199378091235, 9.583138836119863],
            [105.5127161790059, 9.583428662433208],
            [105.51339842672883, 9.583990447713425],
            [105.51407620566714, 9.585341598008961],
            [105.51461125849649, 9.586777404040568],
            [105.51499920188171, 9.5880794706889],
            [105.51532919589225, 9.588690344209072],
            [105.51586872402073, 9.589171947669815],
            [105.51640387174132, 9.589310158893346],
            [105.51716635274381, 9.58917197201172],
            [105.5181295196133, 9.588788492764937],
            [105.51967685779597, 9.588061631383114],
            [105.52054631365358, 9.587678150347928],
            [105.52137132588832, 9.587678148157641],
            [105.52229436042576, 9.587918943248832],
            [105.52272238680587, 9.588543266657448],
            [105.5228204949633, 9.58945286615442],
            [105.52272685846181, 9.591138431890393],
            [105.52234784130806, 9.592560895984072],
            [105.52249048688472, 9.59376040015139],
            [105.5232173103754, 9.594291002429246],
            [105.52422960959655, 9.594429232469981],
            [105.5259686600696, 9.594380222086746],
            [105.52746687768571, 9.594380157045439],
            [105.5306016209162, 9.594228610379455],
            [105.53147113076668, 9.594473867072912],
            [105.5328668094828, 9.595379060559663],
            [105.53402620162717, 9.596141565668205],
            [105.5348511876154, 9.596569574594348],
            [105.53510090226236, 9.596569609166334],
            [105.53601050337731, 9.596511659313228],
            [105.53650099229847, 9.596141535086868],
            [105.53711634138004, 9.59556184271192],
            [105.53740621805069, 9.594892956336897],
            [105.53778973966061, 9.593791576543914],
            [105.53795019647724, 9.592743712763006],
            [105.53813301367482, 9.591967855715415],
            [105.53842289201711, 9.591392615990417],
            [105.53914083712773, 9.590670215000925],
            [105.53972050816068, 9.590139545727888],
            [105.54062566099948, 9.589559929501386],
            [105.54135694202118, 9.589042680192538],
            [105.54247175786578, 9.588320292180885],
            [105.54289088894386, 9.587691517765137],
            [105.54368013890033, 9.586777463756137],
            [105.5440502575594, 9.585729526743876],
            [105.54448728121899, 9.585390645077354],
            [105.54493763317507, 9.585149861930578],
            [105.54541025799277, 9.585051715567886],
            [105.54598994962282, 9.585100810838076],
            [105.54656964315625, 9.585479853946218],
            [105.54753726422116, 9.586581260414485],
            [105.54807241872886, 9.58821325733751],
            [105.54869666334997, 9.589359269113542],
            [105.54918718753753, 9.589983522868033],
            [105.54942350547513, 9.590799530349946],
            [105.54928522098122, 9.5922799367337],
            [105.54885274721155, 9.59347949231545],
            [105.54817939615738, 9.594683414882056],
            [105.54788959123348, 9.595651062407528],
            [105.54794307988428, 9.595989886444466],
            [105.54870560798014, 9.59630204789543],
            [105.5496687684078, 9.596569626742333],
            [105.55126066013175, 9.596739033915975],
            [105.55267420617005, 9.596471502095648],
            [105.55452919501859, 9.596302080775216],
            [105.55576431459872, 9.596123718668418],
            [105.55681669552571, 9.596030035701823],
            [105.55753462596248, 9.596030032961828],
            [105.55850221760593, 9.596458162344119],
            [105.55876082139021, 9.59724295603912],
            [105.55885894959407, 9.598830346018653],
            [105.55886789473843, 9.601719855684022],
            [105.55903731585784, 9.602950594589933],
            [105.55957688831806, 9.604520177665087],
            [105.56009857200895, 9.60522472651172],
            [105.56178412534945, 9.606098678147099],
            [105.56310848077844, 9.60645100339506],
            [105.56514186197836, 9.606281570511738],
            [105.56593112181194, 9.605737539606869],
            [105.56698785704803, 9.605041942146924],
            [105.5682364819846, 9.604069805518952],
            [105.5691059981695, 9.602839078736368],
            [105.5696410390035, 9.602749927121682],
            [105.57052398067732, 9.603449963319724],
            [105.57148708093531, 9.605117701776017],
            [105.57193750162322, 9.606259211012967],
            [105.5728203652733, 9.607039615722147],
            [105.57502767781206, 9.60818108054312],
            [105.5755627365104, 9.60888118235881],
            [105.57583478419505, 9.612212148677202],
            [105.57618698860749, 9.613518628411247],
            [105.5767221402616, 9.61421875547388],
            [105.57768974721465, 9.614307895722643],
            [105.57901851561576, 9.613781747357043],
            [105.58174747369837, 9.61298801976215],
            [105.5837764164332, 9.612203216760419],
            [105.58466372271499, 9.611842016824612],
            [105.58606840972388, 9.611842066042398],
            [105.5872277925797, 9.612011460464322],
            [105.58809731231585, 9.611748394914732],
            [105.58846296099398, 9.61113746856861],
            [105.58863241037939, 9.608943636825096],
            [105.58873046564129, 9.608149895811867],
            [105.58915856338055, 9.607980478683922],
            [105.59137028390998, 9.607449815844483],
            [105.59189644500812, 9.607191178922177],
            [105.59285509824487, 9.606040737238393],
            [105.59348388452509, 9.604199099464536],
            [105.59355966469488, 9.603592664220447],
            [105.59401005187142, 9.603151222873601],
            [105.59453622077287, 9.602638470649683],
            [105.59541910723178, 9.602361999249167],
            [105.59613254138046, 9.602540324727945],
            [105.59657398801991, 9.603240392845189],
            [105.59665871655358, 9.604114414465393],
            [105.59657398801991, 9.605260412171543],
            [105.59657398801991, 9.606740820369836],
            [105.59702438282063, 9.607989390851584],
            [105.59816594280102, 9.609099684069088],
            [105.59940557123782, 9.609799747204923],
            [105.60064520829822, 9.61058905025584],
            [105.60170644468067, 9.611382761688484],
            [105.60285241885929, 9.61268928837847],
            [105.60311994512229, 9.613478492715236],
            [105.6045380199656, 9.615048087178954],
            [105.60550112549343, 9.615841865402242],
            [105.6060406601268, 9.616189691097274],
            [105.6066605453815, 9.617322259355078],
            [105.60745419491806, 9.618552971812596],
            [105.60798487731587, 9.61864217395447],
            [105.60965701588489, 9.618370163147528],
            [105.61142732734533, 9.618111495544632],
            [105.61222099807534, 9.61819179500482],
            [105.61311283048728, 9.618450437653799],
            [105.61382186145948, 9.619150490976525],
            [105.6145174733282, 9.61993975556097],
            [105.61559212472137, 9.620639851110218],
            [105.61646160385467, 9.620461483542755],
            [105.61734898338996, 9.619939778228868],
            [105.61779039304187, 9.619319973903579],
            [105.61779039304187, 9.618709059628497],
            [105.61752284479516, 9.617299991896408],
            [105.61724643834812, 9.61547171604766],
            [105.61734003530368, 9.614771639512863],
            [105.61778153441458, 9.614410474192416],
            [105.61865997234972, 9.614673582318513],
            [105.62051940802702, 9.615551961202499],
            [105.6217590127243, 9.6159800440601],
            [105.62352040617827, 9.615890856465372],
            [105.62571868245908, 9.615627830871057],
            [105.6269627974554, 9.615538661434975],
            [105.62890697375165, 9.616332378070448],
            [105.62978985116672, 9.616849627995512],
            [105.63121234353328, 9.618160590510112],
            [105.63226910803812, 9.618682332475764],
            [105.63330807049344, 9.618588663966955],
            [105.6343782707605, 9.618151647646595],
            [105.63527012411126, 9.617982184171181],
            [105.63606381110138, 9.617888540061156],
            [105.63757548623992, 9.617968838913168],
            [105.6381774035311, 9.61858421416824],
            [105.63880169573639, 9.619721251681046],
            [105.6393412413087, 9.62121062104413],
            [105.63987631389726, 9.622262964026834],
            [105.64119623803055, 9.622780180348016],
            [105.64357738817249, 9.623480251238913],
            [105.64597190466606, 9.6239128500284],
            [105.64729187360342, 9.624884896780085],
            [105.64808552424955, 9.62574992745267],
            [105.64879451463099, 9.627667360583757],
            [105.64978005349518, 9.629339540121691],
            [105.65013231424736, 9.63127030468649],
            [105.6501634592861, 9.63410190408665],
            [105.65824336258616, 9.634717179498194],
            [105.66018751955754, 9.636598961064118],
            [105.66293436397576, 9.640001284276778],
            [105.66523524760365, 9.64111158239474],
            [105.66718386579758, 9.64108038847466],
            [105.66829866281049, 9.638003598666383],
            [105.66905221758081, 9.636068341775054],
            [105.67019826415184, 9.63529240469127],
            [105.68889522760519, 9.65296385878553],
            [105.69122293914249, 9.654448723327587],
            [105.69213252989566, 9.655237997664994],
            [105.69315366531761, 9.655509980571646],
            [105.695182615012, 9.656771947285046],
            [105.69592276432812, 9.656910150266782],
            [105.69766187645966, 9.658591208033522],
            [105.70693234968849, 9.664258750489678],
            [105.70770370189985, 9.665030210105286],
            [105.7081853510656, 9.66636789781549],
            [105.71185962420878, 9.668548454326418],
            [105.73071273753303, 9.680721741564414],
            [105.75064934362209, 9.693238446427083],
            [105.75669143720422, 9.697140167557151],
            [105.75831453440861, 9.698089999916029],
            [105.76333552548944, 9.700970542146154],
            [105.77762686622142, 9.709647981818899],
            [105.7901748302214, 9.71506127070415],
            [105.7990261449758, 9.719422269001546],
            [105.83553282349159, 9.741552786281012],
            [105.8427520596156, 9.746872565732083],
            [105.84390250819224, 9.748040812693631],
            [105.84425926426908, 9.752379503974405],
            [105.84478544041396, 9.758769429793563],
            [105.84490137317503, 9.763692293354302],
            [105.84665829193894, 9.7698012279838],
            [105.84704623187089, 9.770902601472054],
            [105.84773287857223, 9.77323917115762],
            [105.84825010511435, 9.774786479358333],
            [105.84851772315285, 9.776440857149124],
            [105.84890118723276, 9.77841176516732],
            [105.84908396010937, 9.779281244109777],
            [105.84934261987407, 9.780618975646961],
            [105.84977070391756, 9.782701425746927],
            [105.85003823454548, 9.784070351369241],
            [105.85040387230424, 9.785880712138473],
            [105.85093006580976, 9.7886096991935],
            [105.85161672682625, 9.7920209032166],
            [105.85179063237298, 9.7927700830451],
            [105.85227230051491, 9.795151208929614],
            [105.85253983473407, 9.796359647558162],
            [105.85307490432433, 9.798870135190032],
            [105.85334691952737, 9.801188852314484],
            [105.85359214569453, 9.801710552156782],
            [105.85397114036884, 9.802490925507186],
            [105.85443937456927, 9.803422864328857],
            [105.8550012392423, 9.804559914272021],
            [105.85508590883828, 9.804751678687877],
            [105.8553177872514, 9.805282272873724],
            [105.84928017236767, 9.806802867837781],
            [105.8490527811942, 9.80703919317254],
            [105.85360549561204, 9.822712895264862],
            [105.85517066807023, 9.8338115925023],
            [105.85632110373835, 9.840892690723104],
            [105.85740022601205, 9.844107656134614],
            [105.86045914688056, 9.852290145848794],
            [105.8608159346473, 9.852753878734203],
            [105.86344231500061, 9.85256215687973],
            [105.86350915772276, 9.853378137718181],
            [105.86363406228378, 9.854470651148837],
            [105.86374104660118, 9.854961119505573],
            [105.8639239236206, 9.855897524052494],
            [105.86416468359535, 9.857190660463331],
            [105.86432077005664, 9.858060232348093],
            [105.8645481798416, 9.859259748120792],
            [105.86467747559928, 9.860089128863407],
            [105.86490488581846, 9.861261859216617],
            [105.86505201267197, 9.861520439104584],
            [105.86509663460293, 9.861859336322901],
            [105.86527942334705, 9.862670912276359],
            [105.8653508364491, 9.863090118150774],
            [105.8654846128856, 9.863602856565963],
            [105.86559159826275, 9.864048821919235],
            [105.86561390929134, 9.864280643432396],
            [105.86572985500085, 9.864722139598411],
            [105.86624704183943, 9.867228167223345],
            [105.86635411725601, 9.867749798230188],
            [105.86649237455828, 9.868249227652997],
            [105.86650124525063, 9.86852130563434],
            [105.86672417753633, 9.869430920688872],
            [105.86679998174229, 9.869921393143352],
            [105.8668802661358, 9.87018897575061],
            [105.86692927905816, 9.870510037545845],
            [105.86698725231199, 9.870853358962316],
            [105.86712102991997, 9.871348316098244],
            [105.8673172611458, 9.87231146488062],
            [105.8674778304117, 9.873069574753705],
            [105.8679906315077, 9.87350211866804],
            [105.86814663156103, 9.873631423266042],
            [105.86871292808131, 9.874041595860929],
            [105.86902062852377, 9.874086223269469],
            [105.86946658897477, 9.874371565168827],
            [105.86952895363136, 9.875138609676421],
            [105.86930153778574, 9.875419498550983],
            [105.86902510873198, 9.875660251232835],
            [105.8688868495563, 9.875883229414741],
            [105.86871292808131, 9.876369309824373],
            [105.86853909637205, 9.876659099158738],
            [105.8682804099988, 9.876841907843193],
            [105.86855244735843, 9.878072681772192],
            [105.86889580996642, 9.879700227854723],
            [105.86892699219692, 9.880369062542197],
            [105.86917671904084, 9.880592058946714],
            [105.8696047589747, 9.880658952216107],
            [105.86975636975357, 9.88093097303149],
            [105.87003288949307, 9.880908606833714],
            [105.87056791961207, 9.880703509241554],
            [105.8708934545132, 9.88065444564238],
            [105.87130814719245, 9.88057865321593],
            [105.87126352377875, 9.880921987630106],
            [105.87104058608024, 9.881220756007258],
            [105.87090241501946, 9.881546311449373],
            [105.87053673710794, 9.881961027483856],
            [105.87049211387829, 9.882509499954061],
            [105.87046989187232, 9.882772552548605],
            [105.87042974890049, 9.882999995830097],
            [105.8703405025029, 9.883338885781814],
            [105.87003288949307, 9.883980959810437],
            [105.8694219660005, 9.88404341880638],
            [105.86862825230584, 9.88431097180138],
            [105.86834734405551, 9.88450271291294],
            [105.86873075928126, 9.885323154970072],
            [105.86902510873198, 9.88576904188154],
            [105.87124569233733, 9.889291797643228],
            [105.87039847681454, 9.889670807315637],
            [105.86965386221587, 9.889719828374046],
            [105.86921686174368, 9.889791186872902],
            [105.86894930362365, 9.889911583095348],
            [105.8686059409174, 9.890223695263485],
            [105.86844546028637, 9.890379790872109],
            [105.86831607231787, 9.890879174648482],
            [105.8682180457587, 9.891441009602335],
            [105.8683383836717, 9.891909241455318],
            [105.86877986229287, 9.892167844163101],
            [105.86915440758696, 9.892381884451385],
            [105.86966721328184, 9.892961625298968],
            [105.87018450061906, 9.89355022905533],
            [105.87130814719245, 9.89486113640988],
            [105.87153556547824, 9.895182195705058],
            [105.8718031272985, 9.896100802463815],
            [105.87200375411206, 9.89672058552227],
            [105.87210635254337, 9.897019350788359],
            [105.87226683631602, 9.897897820203887],
            [105.87243628080608, 9.898022699162475],
            [105.8725655820194, 9.898250114472559],
            [105.87262803731522, 9.898459703741459],
            [105.87323001066149, 9.899061658367645],
            [105.87343511931904, 9.899418380694975],
            [105.87348870388087, 9.90018977449088],
            [105.8737249958524, 9.900457349820584],
            [105.87294909549927, 9.900961190163152],
            [105.87224013381388, 9.901322412689451],
            [105.87153556547824, 9.90163010903231],
            [105.8713304589033, 9.90184854964468],
            [105.87161137163494, 9.902080474943787],
            [105.87226683631602, 9.902579843565515],
            [105.87269049263189, 9.903128343919876],
            [105.873078397067, 9.903600985096627],
            [105.87354219885171, 9.903980007002696],
            [105.87413073414687, 9.90470239048382],
            [105.87434480446285, 9.905152789444449],
            [105.8732924661791, 9.905647709527289],
            [105.87304721414438, 9.90595096548583],
            [105.872877769101, 9.906272029686086],
            [105.8728554572056, 9.90660201749758],
            [105.87272615579194, 9.907030100739686],
            [105.8726102057437, 9.907899621985429],
            [105.87287328880049, 9.908751296572099],
            [105.87303825353537, 9.909183779317441],
            [105.87326128322078, 9.909402325761288],
            [105.87348870388087, 9.909571713962796],
            [105.87387212964639, 9.909861601953759],
            [105.87417535824444, 9.910178219779104],
            [105.87422885341158, 9.910539399401879],
            [105.87400143185197, 9.910610701744897],
            [105.87381863458123, 9.910789055244473],
            [105.87380967393528, 9.911127991398468],
            [105.8738766099708, 9.911480273253233],
            [105.8742288534116, 9.912010876096751],
            [105.8744429238398, 9.912652973478558],
            [105.87461685064258, 9.912902699254175],
            [105.87474615336271, 9.913402126390638],
            [105.87489328795955, 9.914280566168454],
            [105.8750894377329, 9.914579327866061],
            [105.87513854241367, 9.914797850047922],
            [105.87525001367113, 9.915078740319373],
            [105.87581633169579, 9.91569857942954],
            [105.87638265143372, 9.916559124535535],
            [105.87622655490453, 9.916719697393054],
            [105.87888415638953, 9.918213502308376],
            [105.87956195922999, 9.917852334168337],
            [105.87989190063291, 9.917901373916605],
            [105.88015051344787, 9.917887983759195],
            [105.88042256806261, 9.9181109359511],
            [105.88046271317756, 9.918387428777134],
            [105.88034675833778, 9.918646032905874],
            [105.88069901395033, 9.919252427710022],
            [105.88020409993165, 9.9210895874407],
            [105.88028878094481, 9.921441866911307],
            [105.8803779424762, 9.921740603716145],
            [105.8805473943076, 9.922141954737471],
            [105.88073915912452, 9.922748359747722],
            [105.88073915912452, 9.923212133910031],
            [105.88217050150159, 9.924438409932954],
            [105.88271452738084, 9.924799549804298],
            [105.88292860750835, 9.925080536633908],
            [105.88304895487867, 9.925339139747903],
            [105.88313372678832, 9.925811789347769],
            [105.88304895487867, 9.9266322605652],
            [105.88295531153472, 9.926997878591333],
            [105.88284383569149, 9.9274215708426],
            [105.88289733333467, 9.927648984847012],
            [105.8830712679886, 9.927818404526914],
            [105.88334771778355, 9.928291050815517],
            [105.88426184203435, 9.927992273720934],
            [105.88569769191794, 9.927952187970071],
            [105.88697744731054, 9.928130566976327],
            [105.88781129585196, 9.928790488511721],
            [105.88868081429668, 9.929472707445575],
            [105.8892070259114, 9.929700132442527],
            [105.88974211079501, 9.929691184278571],
            [105.89005423688049, 9.929570834678756],
            [105.89050902962242, 9.929499476334984],
            [105.8910307656286, 9.929129336358125],
            [105.89462479721112, 9.93099774737465],
            [105.89689452564392, 9.935207110177318],
            [105.89689452564392, 9.93596070450837]
          ]
        ]
      },
      "id": "000000000000000000fc",
      "properties": {
        "ADM0_CODE": 264,
        "ADM0_NAME": "Viet Nam",
        "ADM1_CODE": 73937,
        "ADM1_NAME": "Hau Giang",
        "DISP_AREA": "NO",
        "EXP1_YEAR": 3000,
        "STATUS": "Member State",
        "STR1_YEAR": 2004,
        "Shape_Area": 0.13775312993,
        "Shape_Leng": 2.17934658784
      }
    },
    {
      "type": "Feature",
      "geometry": {
        "type": "Polygon",
        "coordinates": [
          [
            [105.03935584573809, 10.89735623401748],
            [105.03839710269035, 10.897004035523501],
            [105.02891707906255, 10.893102311155191],
            [105.03512416730284, 10.872224812832957],
            [105.0517655290526, 10.836609929961881],
            [105.05885100989805, 10.821444579098962],
            [105.05771395521028, 10.808704873978227],
            [105.06244506108666, 10.799893738695094],
            [105.06289101187399, 10.799059824916405],
            [105.06412166400067, 10.78744837418676],
            [105.06453640246208, 10.783528809147517],
            [105.066583085336, 10.78264591561693],
            [105.07700848231259, 10.778119937162828],
            [105.08663126785612, 10.76466237112864],
            [105.09021192576432, 10.759659203942324],
            [105.09215161533446, 10.756943645885517],
            [105.09788598381719, 10.7231079917595],
            [105.02318264251876, 10.677946174167454],
            [105.00365182620257, 10.666134063525883],
            [104.99747599126795, 10.662758488879671],
            [104.9658877205979, 10.645483986380501],
            [104.95442781724113, 10.637921293767349],
            [104.94673587179715, 10.632842368127434],
            [104.93261384195443, 10.611135455475477],
            [104.91681975748428, 10.579524961331625],
            [104.90002227894922, 10.550950977903312],
            [104.86961573596365, 10.523367004886389],
            [104.86701605251143, 10.52100816539969],
            [104.78181151703551, 10.518279137119325],
            [104.78176691150973, 10.517730744121785],
            [104.7813121317484, 10.509231636879557],
            [104.78108029073653, 10.500732624515956],
            [104.78131658338411, 10.495439649722611],
            [104.78040248717676, 10.488100010465244],
            [104.77900673574214, 10.485580582451554],
            [104.77877044659901, 10.485121296475818],
            [104.78619930303577, 10.477282170299864],
            [104.79666034629273, 10.465969465028266],
            [104.79873832102373, 10.461149161738069],
            [104.80152075084017, 10.454469471893155],
            [104.8033846361077, 10.450090619124099],
            [104.80516831284281, 10.44610859268804],
            [104.81075108270122, 10.436427879588026],
            [104.81405529934652, 10.430519590585318],
            [104.81684672883678, 10.424762945312512],
            [104.8219523968445, 10.416700840297443],
            [104.82643820521417, 10.409771404732405],
            [104.83138334086264, 10.401281249192664],
            [104.85188185125381, 10.369942712347209],
            [104.85418725124826, 10.366950633334246],
            [104.8632213202191, 10.355290132802857],
            [104.86342646984886, 10.355009179735402],
            [104.8724383513276, 10.35269046805157],
            [104.91683757936163, 10.342051061105098],
            [104.94319974386174, 10.338773627812197],
            [104.95635857124753, 10.334862954549168],
            [104.99977244344926, 10.328401749910443],
            [105.00047249431145, 10.328272442679625],
            [105.00100760910615, 10.328160918580945],
            [105.01097807987247, 10.32265843733273],
            [105.01483080445033, 10.321008521498781],
            [105.01896886312092, 10.318649661106315],
            [105.01970011632928, 10.318449059842518],
            [105.01728773336153, 10.315479232219419],
            [105.0260320459794, 10.309602170313909],
            [105.03334049794127, 10.305941228859563],
            [105.04499213159816, 10.299043025248722],
            [105.05171201855235, 10.29508775807031],
            [105.05687122524, 10.29197979071685],
            [105.06211059879755, 10.288952102009834],
            [105.07332527077229, 10.282432827157727],
            [105.07633066810183, 10.280738423226973],
            [105.08799126635716, 10.27407201586145],
            [105.08978829077371, 10.273028626640569],
            [105.09050175374621, 10.272658510340404],
            [105.0952908139714, 10.269871578566663],
            [105.11592306309032, 10.257921149586528],
            [105.12809194195822, 10.250541406235634],
            [105.14093863888527, 10.239598729525973],
            [105.16520504009645, 10.218311017904883],
            [105.16903096523633, 10.215131626628336],
            [105.18065582578969, 10.20496044620305],
            [105.18283185698114, 10.203132210756298],
            [105.18666666813114, 10.199649615558446],
            [105.19706530314723, 10.190758234497128],
            [105.19828713945995, 10.189661281601861],
            [105.19921905453953, 10.188822939397044],
            [105.20152440633728, 10.186820831733085],
            [105.20564905362103, 10.183177730593952],
            [105.21507115694372, 10.196358825884635],
            [105.22235292725817, 10.206699520596215],
            [105.22426586628943, 10.209508702310064],
            [105.22680752805591, 10.213218660037647],
            [105.2308876236507, 10.20877297539534],
            [105.23325983873794, 10.211341405194368],
            [105.23513709983308, 10.213361402947296],
            [105.2536914732953, 10.236642354427305],
            [105.26120950547579, 10.246051078239354],
            [105.26419259460724, 10.242510519417182],
            [105.27433706472377, 10.251910336095069],
            [105.27848850962016, 10.248802339970894],
            [105.28173920354327, 10.252021764261375],
            [105.28901645156368, 10.259218743466786],
            [105.29319907073497, 10.26419956602231],
            [105.29073321437942, 10.268239552174279],
            [105.29345772470758, 10.269969658767938],
            [105.29775183141378, 10.27407207759975],
            [105.29927682909263, 10.275329530350916],
            [105.30069930328995, 10.276488870644876],
            [105.30432896209385, 10.272729850643596],
            [105.30478824626339, 10.272752163290942],
            [105.30818164634101, 10.2758824375824],
            [105.30996086160945, 10.277469902810365],
            [105.31204772741921, 10.274348535366654],
            [105.31442885631337, 10.270781246280897],
            [105.31756804577402, 10.265479363451663],
            [105.3203907128484, 10.260770506101867],
            [105.3241274534265, 10.254501062802563],
            [105.33635874901256, 10.23390003700957],
            [105.34757339537508, 10.23731123098803],
            [105.35038708936607, 10.23810051211384],
            [105.35486400766541, 10.239357907571886],
            [105.35788725363581, 10.240231932575268],
            [105.36048247913824, 10.240972121698173],
            [105.36921786530493, 10.24366985743371],
            [105.3722679034776, 10.244579585782216],
            [105.37393108801984, 10.24507897567003],
            [105.37780607660255, 10.246211563246193],
            [105.38562735955367, 10.248503561466553],
            [105.39640053666777, 10.251910318606447],
            [105.39662788950379, 10.251981641103262],
            [105.39955311795462, 10.253011744031026],
            [105.40297771455307, 10.254220145675573],
            [105.42257542976508, 10.261943270021375],
            [105.42900102496517, 10.264471594855898],
            [105.43367860934178, 10.266643188575944],
            [105.43701851586933, 10.267989815503094],
            [105.43843650282739, 10.267762450332468],
            [105.4396270022548, 10.268310863454428],
            [105.44007297234627, 10.268382259004662],
            [105.44035383844462, 10.268431261310091],
            [105.44182539830338, 10.2692740272506],
            [105.44388553156878, 10.270420074011556],
            [105.43490483132608, 10.288309939697493],
            [105.43007561571888, 10.300019588369588],
            [105.43543106002848, 10.30050113983377],
            [105.44870127565243, 10.301571290705938],
            [105.46362144507744, 10.303029463546384],
            [105.46843728887981, 10.303181054303758],
            [105.47257975774994, 10.30676172526971],
            [105.47796637511479, 10.310948795424839],
            [105.47890277138416, 10.311697980105864],
            [105.48435181574173, 10.316063415797819],
            [105.48536854006434, 10.31813244800897],
            [105.48638965161805, 10.322038596321438],
            [105.48838727423224, 10.323929291210678],
            [105.49533902860864, 10.325998260551964],
            [105.4890294582863, 10.332722619027063],
            [105.4877451819526, 10.334162854405337],
            [105.4881152721737, 10.334782676271518],
            [105.48896695656003, 10.335759225102425],
            [105.49034039020023, 10.337190653515329],
            [105.49075957574124, 10.337832757417734],
            [105.49128123423624, 10.33890289924511],
            [105.49135705994063, 10.33942912126861],
            [105.49128570509053, 10.340160382697574],
            [105.49130358850887, 10.34107897015484],
            [105.49120996883413, 10.34159172890972],
            [105.49106725928308, 10.342492517712309],
            [105.49085319517486, 10.343370968328289],
            [105.49070601507538, 10.344079969607682],
            [105.49112520149278, 10.344762162400038],
            [105.49179851283702, 10.345538024742545],
            [105.49279739689817, 10.346532435591445],
            [105.49408600242289, 10.347642781596983],
            [105.49533017611215, 10.348619274321626],
            [105.49672583583572, 10.349479900115986],
            [105.49771133496613, 10.350501052046114],
            [105.49798773354973, 10.350951433620319],
            [105.49841140844686, 10.351589044722708],
            [105.49883946599542, 10.352168773171918],
            [105.4992363166064, 10.352761832673112],
            [105.49957075202413, 10.35335928344304],
            [105.50018167954825, 10.353898887822957],
            [105.5011359003819, 10.354362657351825],
            [105.50186272487326, 10.354839735212186],
            [105.50318260579706, 10.355071582777947],
            [105.5041814653806, 10.354982453417099],
            [105.50520259727918, 10.355209830240376],
            [105.50685695267526, 10.35581182174982],
            [105.50894825907906, 10.356859703969493],
            [105.51043756773835, 10.358692407731779],
            [105.51140516906608, 10.359450480443448],
            [105.51196257066312, 10.359829475545501],
            [105.51255118437868, 10.360681194179179],
            [105.51336721622984, 10.361421360659014],
            [105.51496799109817, 10.362090239935535],
            [105.5167293968876, 10.362179394000131],
            [105.51745619655459, 10.362290861528887],
            [105.51835694223612, 10.362433585987747],
            [105.51963670302639, 10.362888425042549],
            [105.52052851668435, 10.363530517824946],
            [105.52024761099163, 10.366433390275308],
            [105.52039472646081, 10.368292863082518],
            [105.52110374426013, 10.369871348271593],
            [105.52137570807746, 10.370442136129688],
            [105.52295875869467, 10.371440940164224],
            [105.5248271183912, 10.372190085916177],
            [105.52797522997088, 10.37507064538415],
            [105.52826061980197, 10.376078438733881],
            [105.5283987983728, 10.3779423120373],
            [105.5281000823753, 10.37865134434923],
            [105.52722164563406, 10.381210894483894],
            [105.5270476938571, 10.38173262075248],
            [105.52648139034304, 10.384069190551681],
            [105.52657950059705, 10.390071070227963],
            [105.52599540106733, 10.39393266181654],
            [105.52588834766604, 10.39420918836397],
            [105.52583933744225, 10.394498981438076],
            [105.5253978883045, 10.39577874958596],
            [105.52407792979446, 10.399631440863692],
            [105.52422513790239, 10.40063028063782],
            [105.52478696244542, 10.401071702553159],
            [105.52623168791962, 10.401080660058078],
            [105.52781469280453, 10.40067035726584],
            [105.5293977119279, 10.400821952677441],
            [105.53026721583319, 10.401972440192123],
            [105.53025827213816, 10.402400527923742],
            [105.53082905966528, 10.403702610866432],
            [105.53124369118831, 10.406132781329607],
            [105.53180553813594, 10.408001111885392],
            [105.53224253144552, 10.408571905258807],
            [105.5341109002492, 10.409151565483464],
            [105.5348288277968, 10.409601974410771],
            [105.53684435324347, 10.410752417222323],
            [105.53840509324063, 10.412339864117543],
            [105.53956443237496, 10.4132093462954],
            [105.54113852337503, 10.413650837441187],
            [105.5414283172148, 10.413802462138207],
            [105.54273033818919, 10.413521502169637],
            [105.54532555394393, 10.413690984472396],
            [105.54662313140722, 10.414270654533194],
            [105.54833995186775, 10.415430024207037],
            [105.54992735927195, 10.41629955144414],
            [105.55049812100735, 10.416451145031528],
            [105.55179573647078, 10.417030864776114],
            [105.55222383448768, 10.417467790656199],
            [105.55235308701793, 10.417989514559235],
            [105.55222383448768, 10.418462178077958],
            [105.55164412239878, 10.419032969189029],
            [105.55047584865306, 10.419309465209514],
            [105.54989614229869, 10.419452149527073],
            [105.54759084221098, 10.41971074913977],
            [105.5465785876787, 10.420419779441646],
            [105.5465785876787, 10.42127145791978],
            [105.54714933859287, 10.422279151380877],
            [105.5485628517366, 10.424531037410885],
            [105.54885721953055, 10.425150816593971],
            [105.54870560798014, 10.426729388645617],
            [105.54854505193738, 10.428441646556607],
            [105.54911580920674, 10.4295920878548],
            [105.5498426530565, 10.429881963871914],
            [105.55040894215989, 10.430033605728772],
            [105.5519875128048, 10.430622125561355],
            [105.5526964788014, 10.432619814987573],
            [105.55452025009365, 10.434073551209933],
            [105.55557262361746, 10.433712282587875],
            [105.55610771300765, 10.433529502404786],
            [105.55716895158574, 10.433248539228401],
            [105.55793143003073, 10.43303012000111],
            [105.55851563529559, 10.432780376422967],
            [105.55995142341848, 10.432280937621355],
            [105.56099488399852, 10.431919780793562],
            [105.56181534442116, 10.431670048345374],
            [105.56313970008368, 10.431210729309099],
            [105.56355440747996, 10.431059115841519],
            [105.56447739433841, 10.430858513374623],
            [105.56568136358788, 10.430577536528386],
            [105.56630119759288, 10.43043936347774],
            [105.56696110984123, 10.430341275758536],
            [105.56788420390498, 10.43012270360388],
            [105.5690747778129, 10.429971100355381],
            [105.56984616376417, 10.430020222402264],
            [105.57023413915672, 10.430073729634218],
            [105.57100553015242, 10.430051423571427],
            [105.57144253094732, 10.43014057829866],
            [105.57224067519911, 10.430350170994188],
            [105.57280703595866, 10.430702469803363],
            [105.57330201044262, 10.431210803939246],
            [105.57389950633241, 10.43187959911858],
            [105.57398422405896, 10.43418055896334],
            [105.57395747579669, 10.435442465053692],
            [105.57405113946184, 10.43620938714975],
            [105.57421162918074, 10.437279584815723],
            [105.57428740113303, 10.437970741511894],
            [105.57447025589497, 10.438969581344217],
            [105.57496523501943, 10.441703049191378],
            [105.5752104438772, 10.443121025315136],
            [105.57541557507906, 10.444472156300508],
            [105.57546021552467, 10.44580982656169],
            [105.5755315150172, 10.446460932903989],
            [105.57552256903163, 10.447490930973087],
            [105.57485824140292, 10.451499668007274],
            [105.57463074599298, 10.453452789997614],
            [105.57450147720144, 10.455178424630839],
            [105.57425617986424, 10.45749274166024],
            [105.57401097232527, 10.460052237576209],
            [105.57372112510593, 10.46188049040677],
            [105.57344917012088, 10.463490214993339],
            [105.57322614945251, 10.464899317260961],
            [105.57292744711931, 10.466839004412934],
            [105.57254841166925, 10.468899113806929],
            [105.5720846601694, 10.471070640672878],
            [105.57174579313498, 10.472631393724049],
            [105.57124187722447, 10.474918914043094],
            [105.57095203453035, 10.475940049226939],
            [105.57048828720522, 10.478312271407088],
            [105.56606485710888, 10.488157933502514],
            [105.56104837661407, 10.499327993502517],
            [105.56070058544955, 10.500540851706978],
            [105.56046872505286, 10.50112055474753],
            [105.5602412481147, 10.501771612539152],
            [105.56004955228256, 10.502123877880278],
            [105.55951892355844, 10.503501697501438],
            [105.55905073358807, 10.504652141520424],
            [105.55856465459706, 10.505530606123424],
            [105.55819012243185, 10.506489318579414],
            [105.5581365412292, 10.506801423310863],
            [105.55764608165913, 10.508018781072806],
            [105.55722691557547, 10.508950708587633],
            [105.5569995322555, 10.509641865069865],
            [105.55680775048506, 10.509980774681566],
            [105.55631282209146, 10.510979598959372],
            [105.55534962545788, 10.512522513737677],
            [105.55486355663733, 10.513240356436834],
            [105.55455146788366, 10.513779973170593],
            [105.55423929023173, 10.514239195199744],
            [105.55385582233463, 10.514970493617948],
            [105.55339659222227, 10.51580879506739],
            [105.55285703861647, 10.516499962045048],
            [105.55232186961616, 10.517342741321846],
            [105.55155941536033, 10.518671591101656],
            [105.5511759532771, 10.519282489755716],
            [105.55040894215989, 10.520539935036156],
            [105.54963755148025, 10.521578946164107],
            [105.54895086991607, 10.522533162573026],
            [105.54783601315303, 10.523830773756925],
            [105.54669003646636, 10.525012422490223],
            [105.54467904961751, 10.526729140865452],
            [105.5435330039796, 10.52761206397679],
            [105.54264116326488, 10.52819175395862],
            [105.54071930701781, 10.529640943577318],
            [105.54041162592172, 10.529948616046712],
            [105.53951980098654, 10.53055954613613],
            [105.5388242146556, 10.53104112391047],
            [105.53836940625195, 10.531362148540861],
            [105.53752213307615, 10.532008747170895],
            [105.53687109589269, 10.532512587200607],
            [105.53605513387733, 10.53303882508775],
            [105.53557797270419, 10.533431162521596],
            [105.53501164175695, 10.533859262656946],
            [105.53354466345587, 10.534951730407697],
            [105.53225147524131, 10.535950607159034],
            [105.52858169509456, 10.5387999612052],
            [105.52818477814705, 10.538978329404557],
            [105.52715474796375, 10.53966053104389],
            [105.52625395721161, 10.54014218699873],
            [105.52520614088795, 10.540779824788816],
            [105.52208025819364, 10.542371720825377],
            [105.52079162583011, 10.543160972423586],
            [105.51827225119747, 10.544351553277036],
            [105.51757209844061, 10.544632436091154],
            [105.51690772053391, 10.544900040681839],
            [105.51595350333035, 10.54538156769266],
            [105.51509730572738, 10.545680324171714],
            [105.51350985451548, 10.546340301329204],
            [105.51307737916756, 10.54645175805835],
            [105.51282322438361, 10.546661319902189],
            [105.5126180764907, 10.546710373585942],
            [105.51218998529978, 10.546862001250634],
            [105.51169500336721, 10.546821849120418],
            [105.51133827741631, 10.546621226508702],
            [105.51103959041427, 10.546349250514808],
            [105.51074081449357, 10.545849764516843],
            [105.5103216705619, 10.545270098271965],
            [105.50994259074857, 10.545002552982965],
            [105.50936292841395, 10.544873267996241],
            [105.50878326799456, 10.544940099015248],
            [105.50727161706604, 10.54557336091476],
            [105.5052739578006, 10.546268946852697],
            [105.50356167099743, 10.54616195724236],
            [105.50337432916466, 10.546068290386488],
            [105.50287490096134, 10.545849789343103],
            [105.50015038197985, 10.544320316222013],
            [105.49935220645425, 10.543589054055508],
            [105.49366689832866, 10.543499859107968],
            [105.49028691907934, 10.542590227170592],
            [105.48739735687325, 10.54181874688102],
            [105.48712097502224, 10.54177863811176],
            [105.48663491599122, 10.54193919367773],
            [105.48620679889162, 10.54233155073828],
            [105.48523915796682, 10.542162156168281],
            [105.48343774351338, 10.541158836930174],
            [105.48235414985352, 10.539883477636018],
            [105.48177448946545, 10.538438782597884],
            [105.48147567408002, 10.537261600945058],
            [105.48117247802222, 10.536637284519983],
            [105.48101645430499, 10.536298365482578],
            [105.48053926400776, 10.535571540039278],
            [105.47988825944955, 10.53514350828224],
            [105.47972329576288, 10.535272806326914],
            [105.47768991877915, 10.536329653014404],
            [105.47615153489429, 10.537029667286285],
            [105.47307471842039, 10.538612687645648],
            [105.4720090705564, 10.539143277622763],
            [105.46312651126591, 10.543490950881345],
            [105.45786926745645, 10.54613965102218],
            [105.4466635231524, 10.551731366790953],
            [105.44492445731204, 10.55262759794175],
            [105.44368931457612, 10.552801498954167],
            [105.44207059989938, 10.552690071577992],
            [105.44123675498301, 10.552627657554085],
            [105.43918559221763, 10.552489399022555],
            [105.43698722964604, 10.552079194193585],
            [105.43469977508433, 10.551869585555716],
            [105.43235871863466, 10.551539571925897],
            [105.42845702823071, 10.551031229358287],
            [105.42616056924743, 10.551401406613303],
            [105.42336467248943, 10.551040161575866],
            [105.42193778148007, 10.550991137445383],
            [105.42005157549414, 10.550919756596922],
            [105.41748762685692, 10.550799361577726],
            [105.41506189441513, 10.551289935078943],
            [105.41308647602752, 10.552021176074836],
            [105.41149012353856, 10.552400175235295],
            [105.41100409742296, 10.55280155348803],
            [105.41053138962918, 10.553171612508375],
            [105.40939435796119, 10.553911831745461],
            [105.40901085054249, 10.55417048886957],
            [105.40849363972065, 10.554531682861962],
            [105.406928431767, 10.555659860498322],
            [105.40631756390607, 10.55615927489419],
            [105.40444028712358, 10.557719917986343],
            [105.40249609163146, 10.559351913858864],
            [105.40091762193845, 10.560399839558048],
            [105.39935248280125, 10.561871347472284],
            [105.39736812882546, 10.563619355660084],
            [105.39642278934954, 10.564471011460906],
            [105.3947685024464, 10.565969287720248],
            [105.39303389099689, 10.567422917366233],
            [105.392204483018, 10.568042775160663],
            [105.3911967054277, 10.568617988990939],
            [105.38967177945962, 10.56971041014634],
            [105.38791041028949, 10.570878757538958],
            [105.38699184242901, 10.571271132211546],
            [105.38640767550172, 10.571458391472515],
            [105.38622930704534, 10.57157883937334],
            [105.38494060938721, 10.571939996280959],
            [105.38436091753222, 10.57205144099507],
            [105.38292514531393, 10.572287793776654],
            [105.38247476551459, 10.572332395135517],
            [105.38211803695644, 10.572372515714624],
            [105.38115035192271, 10.572541964025888],
            [105.38052170361198, 10.572635580731284],
            [105.38009804867173, 10.572689104993483],
            [105.37957636743802, 10.572733740134904],
            [105.37914377890932, 10.572769370487089],
            [105.37806021243064, 10.572662350855886],
            [105.37724419112914, 10.572671325330399],
            [105.37699899232001, 10.572698073827231],
            [105.37674030080767, 10.572742660860882],
            [105.37605367555626, 10.572979002057675],
            [105.37513954964004, 10.573228711224496],
            [105.37412284718488, 10.57345166842785],
            [105.3735877806749, 10.573661239128857],
            [105.37283415108523, 10.57395999798656],
            [105.37223216122649, 10.574339004252478],
            [105.37101934170867, 10.574811652221953],
            [105.37018548300757, 10.575181740777774],
            [105.36950764072294, 10.575560764153284],
            [105.36897258862278, 10.575868443905708],
            [105.36814320755833, 10.576599733454222],
            [105.36754570184019, 10.57745148158323],
            [105.36701056651609, 10.578878383333171],
            [105.36660034786664, 10.57989058468813],
            [105.3662882392367, 10.580840333390926],
            [105.36567733716079, 10.582548229791033],
            [105.36498173170314, 10.58433180906092],
            [105.36425038848667, 10.5864008911778],
            [105.36392934901218, 10.587221368152019],
            [105.36328280432232, 10.588518936748502],
            [105.36235078710912, 10.590302558414187],
            [105.36225268032936, 10.590538940617503],
            [105.36136534369545, 10.592523235589804],
            [105.35993396351837, 10.5952611062483],
            [105.35900205389872, 10.59666128576737],
            [105.3583822429973, 10.597771606331765],
            [105.35642909835852, 10.601682235182613],
            [105.35446713074852, 10.605588350195738],
            [105.35415057694817, 10.606449017283873],
            [105.35373583249526, 10.607572654381118],
            [105.35327212758853, 10.608651793790958],
            [105.35275481666336, 10.609463349074948],
            [105.35209491246165, 10.611202378140112],
            [105.35125658942228, 10.612892357474307],
            [105.35019535680107, 10.615162041885382],
            [105.34958442287842, 10.616468613731051],
            [105.34897795831534, 10.617859803152788],
            [105.34842063464862, 10.619358080078518],
            [105.34826455218447, 10.619598858608496],
            [105.34809060126067, 10.620129508270415],
            [105.3473816659701, 10.622149461777846],
            [105.34509406310295, 10.62956046196485],
            [105.34319449601387, 10.635999416653815],
            [105.34249889273852, 10.63963806122524],
            [105.34237855169428, 10.646161765173558],
            [105.34240079735976, 10.650188331157535],
            [105.34240079735976, 10.651610745695255],
            [105.34250782674668, 10.654807906819935],
            [105.34275753246396, 10.658723055360866],
            [105.34313213639564, 10.661202291116334],
            [105.34324801094799, 10.663931224244314],
            [105.34313213639564, 10.666312405580936],
            [105.34397935361673, 10.67000009749167],
            [105.34462144754796, 10.6723812210545],
            [105.3444653685587, 10.676189338999965],
            [105.3444653685587, 10.678731044847675],
            [105.34512533260927, 10.682860112375769],
            [105.34496478609043, 10.686512153159251],
            [105.34496478609043, 10.6890493886131],
            [105.34517884814915, 10.69280839883974],
            [105.34781864136313, 10.704790012841164],
            [105.34819763421693, 10.711920131431999],
            [105.34770267436384, 10.714439453782129],
            [105.34616875465116, 10.717422649932143],
            [105.34485775516178, 10.71877375641296],
            [105.34295819070424, 10.72071340720161],
            [105.34078214241842, 10.72185054002144],
            [105.33598415996666, 10.722349952911951],
            [105.33133773409685, 10.722519393267145],
            [105.32414969670762, 10.721520540407937],
            [105.31674757933455, 10.71913941957324],
            [105.31350139383832, 10.718639947674381],
            [105.3109507418529, 10.71801119013979],
            [105.30462773782693, 10.716432718848626],
            [105.29958899354193, 10.715870844967398],
            [105.29590575766775, 10.715759376884757],
            [105.28736213460847, 10.717449403703004],
            [105.28203793937408, 10.719928631631742],
            [105.27960770077877, 10.721681054346156],
            [105.2772042888867, 10.72316149683576],
            [105.27690109633616, 10.723660883057216],
            [105.27651761882159, 10.724289646271632],
            [105.27571047919803, 10.72520375049718],
            [105.27525118471942, 10.726911587768091],
            [105.27501488476142, 10.729288303711995],
            [105.27614744864304, 10.731370664991392],
            [105.28044156195973, 10.735767387482914],
            [105.28476695361319, 10.738563245535413],
            [105.28636328260963, 10.739490678912953],
            [105.28824060052757, 10.740971136104578],
            [105.29023824330939, 10.741590938383723],
            [105.29650774573268, 10.745501551538439],
            [105.30017759703061, 10.74833315411446],
            [105.30217529143978, 10.750683025354135],
            [105.30237590177514, 10.752979522761592],
            [105.30259884212379, 10.755592493329825],
            [105.30208606189677, 10.757799754112295],
            [105.30114071395, 10.759400606246897],
            [105.29902709794762, 10.760983588934401],
            [105.2964631771067, 10.762098351965191],
            [105.29250349357474, 10.762749423868929],
            [105.28688057003207, 10.76241940965705],
            [105.2802944727277, 10.763333544739485],
            [105.2772979705832, 10.76307939533284],
            [105.27455112696302, 10.76351190572153],
            [105.27150105594818, 10.764702514898763],
            [105.26715796583358, 10.766668935850635],
            [105.26519149390005, 10.767890702254318],
            [105.26117825145423, 10.77084265470575],
            [105.25991639750804, 10.772657481619799],
            [105.25853846845507, 10.775560361325294],
            [105.2577982972418, 10.779221284735101],
            [105.25797215547868, 10.783591205673622],
            [105.25906915420032, 10.787501869313818],
            [105.26016160594801, 10.792861730151023],
            [105.25916273651451, 10.79806989094617],
            [105.258435956914, 10.799902589840766],
            [105.2568128360773, 10.801958240450787],
            [105.25425777185025, 10.803081952754576],
            [105.2508108987165, 10.803510068326986],
            [105.24414004918164, 10.804379521124716],
            [105.24092061760614, 10.804580184006653],
            [105.23287190740069, 10.805431945709294],
            [105.23103475893429, 10.805191130892831],
            [105.22804270623317, 10.805619224326202],
            [105.22710625553073, 10.805467590106309],
            [105.22440406798749, 10.806952459139927],
            [105.20670143257647, 10.834621221641196],
            [105.20540829910115, 10.84769972376734],
            [105.20474388270289, 10.85453996822418],
            [105.20292453973488, 10.859641197961764],
            [105.20176524451158, 10.863649932497957],
            [105.19879995990004, 10.867698765810667],
            [105.19673092431653, 10.87020033499104],
            [105.19275779470657, 10.87448997894506],
            [105.191099071742, 10.879252363332885],
            [105.18908797155616, 10.886070292256496],
            [105.18776810823269, 10.89314244245233],
            [105.18688963329338, 10.89678104196001],
            [105.1864927947855, 10.899532304390064],
            [105.18710367298993, 10.901409627664167],
            [105.18656857426542, 10.902533322243867],
            [105.18614049652638, 10.905980183481658],
            [105.1852665822807, 10.909123835219795],
            [105.18078069243585, 10.909106014754832],
            [105.16619942050087, 10.918242719256625],
            [105.15629577600862, 10.92444980975396],
            [105.13442834514818, 10.923214623515623],
            [105.13394231420843, 10.92318782720812],
            [105.13357219283888, 10.923170021021564],
            [105.10968479657173, 10.919147938565096],
            [105.1094440032724, 10.919107768874706],
            [105.10201509253653, 10.922139944206812],
            [105.1001958096664, 10.924717357707085],
            [105.11384516103006, 10.939579511825842],
            [105.11687735444153, 10.94549224649622],
            [105.11707354872246, 10.955097173413527],
            [105.11718052332904, 10.960354441957639],
            [105.11232453523816, 10.961567296263734],
            [105.09382825570918, 10.954740465986433],
            [105.08290787714297, 10.95686294401398],
            [105.08123125953595, 10.957112671191497],
            [105.07911767189506, 10.953830744974795],
            [105.07760156090598, 10.941550458454024],
            [105.07866284604006, 10.936547307252534],
            [105.077307206695, 10.935383456845162],
            [105.06789858789031, 10.937911766413341],
            [105.05242995256452, 10.928507556640207],
            [105.0518234987811, 10.9244140990863],
            [105.05318793378974, 10.918956172685913],
            [105.05485570113021, 10.915772371642834],
            [105.0437881997945, 10.912588550823163],
            [105.04242366536296, 10.910769264422873],
            [105.04621390855309, 10.901516600354729],
            [105.04530426352277, 10.899545733151832],
            [105.03935584573809, 10.89735623401748]
          ]
        ]
      },
      "id": "000000000000000000bf",
      "properties": {
        "ADM0_CODE": 264,
        "ADM0_NAME": "Viet Nam",
        "ADM1_CODE": 3326,
        "ADM1_NAME": "An Giang",
        "DISP_AREA": "NO",
        "EXP1_YEAR": 3000,
        "STATUS": "Member State",
        "STR1_YEAR": 1000,
        "Shape_Area": 0.291273840319,
        "Shape_Leng": 2.87441696852
      }
    },
    {
      "type": "Feature",
      "geometry": {
        "type": "Polygon",
        "coordinates": [
          [
            [106.02812133180501, 10.27378224407147],
            [106.02822840896955, 10.272609484861055],
            [106.02857170198898, 10.27226163350021],
            [106.02995851157661, 10.272440003009661],
            [106.03145680447109, 10.27231964582712],
            [106.03186700532387, 10.271909357019652],
            [106.03283018259992, 10.272061021979589],
            [106.03407424886566, 10.271521457641484],
            [106.03420357051698, 10.270700947047276],
            [106.03420357051698, 10.270152465187884],
            [106.03405640212587, 10.26724066989683],
            [106.03587130743615, 10.264641032029225],
            [106.03631721157768, 10.262772719423635],
            [106.03652231706705, 10.260913272531628],
            [106.03672742277459, 10.258710465152243],
            [106.03613434770705, 10.25813072894513],
            [106.03518460631321, 10.257680357631882],
            [106.03459153599152, 10.257109646856],
            [106.03386466187995, 10.255950236037384],
            [106.03433289225507, 10.254559053339621],
            [106.03534513828822, 10.252222427294527],
            [106.03639299386033, 10.250817796751502],
            [106.03743197644259, 10.24976106770978],
            [106.03940735919477, 10.248458961780234],
            [106.0421987226852, 10.246461330243283],
            [106.04348742355633, 10.246100074819187],
            [106.04736236722154, 10.245707664010306],
            [106.04911031019248, 10.245342075198103],
            [106.0535515860706, 10.243781404597527],
            [106.05531294909413, 10.24341124139029],
            [106.06151560742556, 10.243112465668293],
            [106.06223352633572, 10.242880630137396],
            [106.06550644148363, 10.242947562598243],
            [106.07489737477705, 10.242501589776955],
            [106.089202166774, 10.241288695962467],
            [106.0904908212245, 10.241159415602791],
            [106.09342044489306, 10.240784868660075],
            [106.09658192576835, 10.240388000083785],
            [106.10138888154937, 10.239652206977542],
            [106.10291383321024, 10.239389177129409],
            [106.10372987294805, 10.239273209858387],
            [106.10571418432914, 10.238323453662371],
            [106.10758251292944, 10.23760109461457],
            [106.10885783128094, 10.237008031503832],
            [106.10991469655018, 10.236651254650301],
            [106.11120779422994, 10.236169715958457],
            [106.11387431370422, 10.234631334219323],
            [106.11725432582676, 10.232620224283783],
            [106.12168226318974, 10.230252466898468],
            [106.12435771824194, 10.228468779041494],
            [106.12564193887016, 10.22764831295059],
            [106.1258693005424, 10.22763939226479],
            [106.12667637380034, 10.226818957744307],
            [106.12796060961175, 10.225762137032602],
            [106.13259812302384, 10.222230534956111],
            [106.13342307981056, 10.221410098372248],
            [106.13388230785483, 10.221169245448987],
            [106.1386268298673, 10.21694201756414],
            [106.14106589398068, 10.214239814218002],
            [106.14116845701129, 10.212960062968895],
            [106.1419354830163, 10.210052690029293],
            [106.14272916246507, 10.207502110067036],
            [106.14399107002832, 10.205040678599387],
            [106.14618056121415, 10.20187916322701],
            [106.14803105918696, 10.199890428663151],
            [106.15104095972494, 10.197179269152231],
            [106.15336414765564, 10.195761310463281],
            [106.15780537235553, 10.194428002584678],
            [106.15850991479596, 10.193848372438334],
            [106.15978969192744, 10.193482754073033],
            [106.16385638892038, 10.190771572552517],
            [106.16584067956052, 10.189589891135181],
            [106.16710704270734, 10.18760119302289],
            [106.1698895522021, 10.184082905496147],
            [106.17090627056695, 10.1821030888857],
            [106.171592910668, 10.181157760599522],
            [106.171936276485, 10.180230260612676],
            [106.17263189473803, 10.179539070785617],
            [106.17436202128668, 10.177528037134241],
            [106.17598518415768, 10.176350867647763],
            [106.17679668083592, 10.175878157528347],
            [106.17774208494231, 10.17586925227339],
            [106.18512633625, 10.175900463290205],
            [106.18760115767887, 10.175989645645446],
            [106.19016064770365, 10.174678650368179],
            [106.19634989066864, 10.170910717554753],
            [106.20227157455386, 10.166193030526388],
            [106.2035067544397, 10.164592165829978],
            [106.20961122809783, 10.158790933014638],
            [106.2159119361336, 10.15206213620082],
            [106.21856065910383, 10.149689859085472],
            [106.2190155065515, 10.149449101710696],
            [106.21923839743951, 10.148860483947255],
            [106.22199416804293, 10.145801526382455],
            [106.22313566193138, 10.144740274323853],
            [106.22680552458111, 10.140602228257604],
            [106.22759927443639, 10.13942951410979],
            [106.22807191707622, 10.139188728961402],
            [106.22920006974981, 10.137538847825962],
            [106.23068049364156, 10.135657120158008],
            [106.23351201101886, 10.131429824330162],
            [106.23612954615602, 10.127559328805333],
            [106.23811383959446, 10.12425963489284],
            [106.23935785966827, 10.122498296531326],
            [106.24106576268946, 10.119920946267678],
            [106.24209577242263, 10.118391440206157],
            [106.24527956209391, 10.113580070092674],
            [106.24698742576157, 10.111091893765028],
            [106.25087580332848, 10.105700817306834],
            [106.25501825169802, 10.101562838829254],
            [106.2600703963058, 10.09613161196343],
            [106.26087756604912, 10.095529600910204],
            [106.26259427152799, 10.093179716284375],
            [106.26441801777733, 10.090588998411528],
            [106.26692847926792, 10.087084086603506],
            [106.26876124365434, 10.08459143684023],
            [106.27287254352139, 10.07872328826979],
            [106.27468291402745, 10.075780288062123],
            [106.27776413696044, 10.071432698197242],
            [106.278205559781, 10.07014846627349],
            [106.27932932463203, 10.068159660645998],
            [106.28275390524442, 10.063098595421136],
            [106.28434131115891, 10.060289365569915],
            [106.28682499156423, 10.056298503248845],
            [106.28807802300116, 10.054073343827685],
            [106.28942023175881, 10.051259654679983],
            [106.28965209075997, 10.050332168198837],
            [106.29203768566659, 10.047152870477843],
            [106.29239445871316, 10.047041364768729],
            [106.29421820470104, 10.044330245133072],
            [106.29604196710808, 10.041971385170848],
            [106.29683572061803, 10.040803076252443],
            [106.29876646110448, 10.037748600039315],
            [106.30198598930211, 10.034208103132968],
            [106.30393015970245, 10.031501405131433],
            [106.3063425051124, 10.029138100488856],
            [106.30829560808137, 10.027242976758059],
            [106.31165332227569, 10.02415728522825],
            [106.31521612711593, 10.020960076340044],
            [106.31880126753018, 10.01800371583943],
            [106.3190241789699, 10.017410613628876],
            [106.31984020576672, 10.017281335368375],
            [106.32041994063682, 10.016920136895099],
            [106.32343422931261, 10.014891261524744],
            [106.32692125705319, 10.012969405933799],
            [106.33006497707447, 10.011172388931485],
            [106.33087206643228, 10.010909279937774],
            [106.33319967397308, 10.009950532109691],
            [106.33587068460525, 10.008510284600533],
            [106.33738673984217, 10.00789934974203],
            [106.33866208881872, 10.007061060768178],
            [106.34121712205841, 10.006080066884907],
            [106.34355814113633, 10.005232872689891],
            [106.3445971155991, 10.00463088927005],
            [106.34496278340913, 10.004501533015755],
            [106.34668846404466, 10.003431380984258],
            [106.35053222473314, 10.001500541741787],
            [106.35238721179525, 10.000880737881632],
            [106.35484414559801, 9.999667901517897],
            [106.35663674135613, 9.999021305996138],
            [106.35897775703391, 9.996461790876879],
            [106.36953686808329, 9.98584020892856],
            [106.37113770629432, 9.984497996189868],
            [106.37446420170001, 9.981809216148491],
            [106.37544071694862, 9.980832619620845],
            [106.37838816811072, 9.978638757777667],
            [106.37937368574332, 9.977662257518237],
            [106.38085852923425, 9.97717173521328],
            [106.38331553389456, 9.975579792452944],
            [106.38391745913377, 9.975450517671886],
            [106.38812245005184, 9.97264126831496],
            [106.39303639214623, 9.969461956639707],
            [106.3962468914694, 9.967499944430296],
            [106.39871279437564, 9.966282562286311],
            [106.39982760849007, 9.965912466161113],
            [106.40055887159205, 9.965172282749116],
            [106.40339482042248, 9.963580357420817],
            [106.40856295279553, 9.960160258975286],
            [106.40954394213432, 9.959660857019141],
            [106.41188052685024, 9.958202736728952],
            [106.41324502184028, 9.957221664677126],
            [106.41718239406515, 9.954902969353085],
            [106.41976868265327, 9.953431448946002],
            [106.42296584818935, 9.951233169560977],
            [106.42431693745534, 9.95036807067895],
            [106.42727775502861, 9.948410557873114],
            [106.42765237558889, 9.94829009500495],
            [106.42899900234463, 9.947309096489196],
            [106.43147383138961, 9.946212193386696],
            [106.43232552948122, 9.945471990293765],
            [106.43651703474136, 9.943269181271095],
            [106.43737764988256, 9.942778674099658],
            [106.43971868123336, 9.94143203452773],
            [106.44095835743843, 9.94118233913555],
            [106.44119910440052, 9.94094149767428],
            [106.4447708909612, 9.93922027921579],
            [106.45168242566548, 9.936518086461938],
            [106.45526310896432, 9.935171458269831],
            [106.45833544754967, 9.934061137239857],
            [106.46006557885495, 9.933450202634612],
            [106.46449347156657, 9.931314323601882],
            [106.47593553340317, 9.925472916101347],
            [106.48886688846211, 9.916581478082792],
            [106.4945209994147, 9.909915084577957],
            [106.50401889515696, 9.898798601173201],
            [106.51331171704194, 9.888292884119275],
            [106.52119092507591, 9.879000153604839],
            [106.52725531086466, 9.87152220927518],
            [106.53432742506403, 9.866470102207636],
            [106.55967745188279, 9.846252480026166],
            [106.56727126796673, 9.846934721042183],
            [106.56804267751858, 9.847006087545488],
            [106.57080292397875, 9.84442429844318],
            [106.57397774146538, 9.841458959500843],
            [106.57468227371773, 9.840799023777747],
            [106.57756732822641, 9.837512664761602],
            [106.57859739309215, 9.836339906389068],
            [106.57977457760087, 9.835002178645086],
            [106.58065753766468, 9.833994459356079],
            [106.58426935784651, 9.829878683889527],
            [106.58521465491448, 9.828674726035967],
            [106.58555808150646, 9.828242176931365],
            [106.5862358537969, 9.827377131991257],
            [106.5869403363771, 9.826480836727036],
            [106.59138607580404, 9.820831144346945],
            [106.5930538026058, 9.818713112707524],
            [106.5961974735546, 9.814722205057258],
            [106.60108020526691, 9.808519588469114],
            [106.60957034608872, 9.80509948167335],
            [106.61443962009571, 9.803132982617306],
            [106.61999569641522, 9.800894496376769],
            [106.62831640699683, 9.805705904513616],
            [106.63294936591859, 9.813330972893208],
            [106.6336940269011, 9.81391515457998],
            [106.63519226124178, 9.8141692776598],
            [106.63596373408502, 9.814298624009128],
            [106.63621792405901, 9.81434314792391],
            [106.63630265411649, 9.814441294320925],
            [106.63726131135975, 9.815511433468293],
            [106.63711865483455, 9.816938397337626],
            [106.63638288685534, 9.817723217082538],
            [106.63519675856881, 9.817972859691663],
            [106.63434505643731, 9.818151223089385],
            [106.63406865197584, 9.818209232649798],
            [106.63392150024868, 9.81850797182389],
            [106.63435845841984, 9.818806729623347],
            [106.63728361831544, 9.820804452692776],
            [106.64265237552965, 9.826806379949476],
            [106.64403913339575, 9.827484120547998],
            [106.64485966070181, 9.827640209540812],
            [106.64603684664611, 9.827858745008367],
            [106.64778927967328, 9.828179769120387],
            [106.65022392748713, 9.82956207956708],
            [106.65305098121735, 9.831751479906977],
            [106.65446452184449, 9.832531861497547],
            [106.65492383007069, 9.832781542949666],
            [106.65509330479586, 9.832875178914302],
            [106.65528059071235, 9.832977781414604],
            [106.65676539051896, 9.83379376783402],
            [106.65748332624756, 9.834462682757772],
            [106.6608767537405, 9.837615263139899],
            [106.66231256467225, 9.837316473664258],
            [106.66315529050601, 9.837142582704788],
            [106.66688759393091, 9.842123347288297],
            [106.67555159823158, 9.855308947831118],
            [106.67963173729349, 9.861939639365009],
            [106.68122807989234, 9.864539297784827],
            [106.68138857846174, 9.864780049086475],
            [106.6864585584535, 9.872307020605282],
            [106.68660574562654, 9.872712817809825],
            [106.6866681832469, 9.872891203897707],
            [106.6867662481332, 9.873158724758543],
            [106.68693574754464, 9.873631393748568],
            [106.68707843664116, 9.874019334140382],
            [106.68735931671016, 9.87479964003604],
            [106.6880549507675, 9.875361520515114],
            [106.68899584162402, 9.876115140227677],
            [106.68908050220587, 9.877140727434554],
            [106.6894551324202, 9.881577529553425],
            [106.68918756505008, 9.884346601890043],
            [106.6859948655235, 9.888801218513292],
            [106.68595024165334, 9.888859239510143],
            [106.68593242809482, 9.889862559739358],
            [106.68591902294314, 9.890549206075042],
            [106.67829396365477, 9.899538769509002],
            [106.6739507988964, 9.90278052972981],
            [106.67369665486186, 9.902967811062185],
            [106.67357628515315, 9.90306144089248],
            [106.67135116675921, 9.90472023942889],
            [106.66968787541254, 9.907061241426359],
            [106.66881840612129, 9.91183251005681],
            [106.66551418449293, 9.923314694495453],
            [106.66440391247552, 9.924688112553481],
            [106.6629011590275, 9.926547568092387],
            [106.66065375005846, 9.929321130660211],
            [106.66005175819957, 9.929668952223446],
            [106.65948098293416, 9.929998895776071],
            [106.6593918359787, 9.930052389270383],
            [106.65899944587746, 9.930279786405508],
            [106.658740821426, 9.930426982413577],
            [106.65708203397699, 9.93139016283628],
            [106.65676988829213, 9.931568472651454],
            [106.65660041226313, 9.931671064280652],
            [106.65608766711802, 9.931965316823167],
            [106.65564616752802, 9.932219493745935],
            [106.65544997576009, 9.932335459196995],
            [106.655164638942, 9.93250047662822],
            [106.6547766642273, 9.932723379328957],
            [106.65458497097035, 9.932834837824368],
            [106.65015700264317, 9.935398831117388],
            [106.64616610631472, 9.937771095326951],
            [106.64168919702854, 9.939153413861897],
            [106.64162236476012, 9.939171295729912],
            [106.64083755937766, 9.939416527839935],
            [106.63861241541828, 9.941382983796013],
            [106.63832701073825, 9.941632724375937],
            [106.63588790889565, 9.943608071734612],
            [106.63563821664437, 9.943813205078369],
            [106.63554008478997, 9.943888980106689],
            [106.63522797002102, 9.94414757939212],
            [106.63409536596146, 9.945101853545632],
            [106.6319594267955, 9.94691226177443],
            [106.63138872525688, 9.947398286635527],
            [106.62999746103974, 9.948027023436063],
            [106.62787937105915, 9.948990205090901],
            [106.62680023155865, 9.949480683645175],
            [106.62623844794545, 9.949601102616805],
            [106.62566317440105, 9.949721465889994],
            [106.62516822091568, 9.949828527257111],
            [106.62307689078527, 9.950278900997537],
            [106.6219933681068, 9.950510784403264],
            [106.62178821264312, 9.950555372221558],
            [106.6216321651059, 9.950591043688018],
            [106.61421225715509, 9.952187380304824],
            [106.60927598611656, 9.95389078269839],
            [106.60783575952003, 9.95438570575552],
            [106.60686365247244, 9.954720104829777],
            [106.60614129766242, 9.954969863355773],
            [106.60605208269436, 9.955001069561908],
            [106.605708713333, 9.955121504433032],
            [106.60524941944475, 9.955277548318323],
            [106.60445125587054, 9.95555396385774],
            [106.60443785574111, 9.955558431649735],
            [106.60401876486495, 9.955705600917797],
            [106.60364419184215, 9.955834948670471],
            [106.60359958487007, 9.955848328819652],
            [106.60283704090207, 9.956111410101895],
            [106.6027345172107, 9.956147079766739],
            [106.60250266995513, 9.956227354735368],
            [106.60227073301613, 9.956387829243019],
            [106.60210129959768, 9.95650824412606],
            [106.60147707709666, 9.956945197505856],
            [106.60027306393, 9.95779248612197],
            [106.59881491119171, 9.958965251017641],
            [106.59821740776505, 9.959442365697022],
            [106.5973746645552, 9.960120085939945],
            [106.59690198877036, 9.960499143084798],
            [106.59350416749912, 9.963014102807254],
            [106.58258830045419, 9.97166919042917],
            [106.58213795843935, 9.972025940749928],
            [106.57943574635063, 9.974170779849185],
            [106.57932424149146, 9.974255427499616],
            [106.57915473623193, 9.974763807633437],
            [106.57930634676542, 9.975356857950821],
            [106.58260610552931, 9.98188943155962],
            [106.58284692381156, 9.982371068168524],
            [106.58706074791476, 9.988640555797469],
            [106.58735948392541, 9.988934830648017],
            [106.58747099295819, 9.988957163346521],
            [106.58799715450569, 9.989059714509333],
            [106.59162240750798, 9.986584901784367],
            [106.60222612632829, 9.97934772334012],
            [106.61568823183833, 9.974219831016065],
            [106.61950516295214, 9.973956748097141],
            [106.62282721329298, 9.973791702680668],
            [106.62580141619993, 9.974268844983623],
            [106.62752706263156, 9.973863090417074],
            [106.62859280412536, 9.973608867756658],
            [106.62971206769289, 9.973345824146786],
            [106.63026054852656, 9.97321651693737],
            [106.63512093364744, 9.971392709588171],
            [106.63684215689312, 9.970746173391557],
            [106.64021772254011, 9.97164247001919],
            [106.64051644211871, 9.972181951855086],
            [106.64096681595453, 9.972525314595275],
            [106.64163126973145, 9.972543149029415],
            [106.64227782559405, 9.972556542386307],
            [106.64248740797126, 9.97256100724952],
            [106.64753507616291, 9.974514109952704],
            [106.64942577810133, 9.976025715918702],
            [106.65113362166083, 9.978117012049315],
            [106.65151259455678, 9.979155989960361],
            [106.65231075159338, 9.979387876702082],
            [106.65275674211428, 9.980368929809957],
            [106.65454035351193, 9.981679892525277],
            [106.65623483384677, 9.983494727105622],
            [106.65767951984574, 9.985929376533358],
            [106.65771523231705, 9.986045305656395],
            [106.65805859408395, 9.987133336104726],
            [106.65822798129048, 9.987672943451933],
            [106.65828150515634, 9.987837866371887],
            [106.65869620311686, 9.988212431052588],
            [106.65947207723262, 9.988417590633764],
            [106.66055119902667, 9.989835542456776],
            [106.66288775528695, 9.99289004524362],
            [106.66332926953662, 9.993465244289835],
            [106.66349866083563, 9.993688232276282],
            [106.66440832044756, 9.996921046505427],
            [106.66494339494072, 9.997572096201079],
            [106.66573710318183, 9.99791096185555],
            [106.66647737837796, 9.99761225592376],
            [106.66752082072341, 9.997197562313914],
            [106.6752618269544, 10.0027446473782],
            [106.6789806624446, 10.005371055587604],
            [106.68269506278196, 10.006677612566802],
            [106.68488448958183, 10.00951356558851],
            [106.68633377331751, 10.011324005254064],
            [106.68827789241293, 10.013722978295352],
            [106.69003030440452, 10.01641629674464],
            [106.69093107732296, 10.018476351205914],
            [106.69123877327385, 10.019947835756772],
            [106.691225367798, 10.021330162259796],
            [106.69080179117051, 10.022306749230511],
            [106.6884294892625, 10.025463805760674],
            [106.68736822354718, 10.0279207355088],
            [106.68695796961094, 10.02887498954094],
            [106.68652549441724, 10.029882792378853],
            [106.68653440122041, 10.0320855790427],
            [106.68600818071232, 10.034288346525999],
            [106.68397483479086, 10.036535746104033],
            [106.6835958055781, 10.036950448043468],
            [106.6832926186663, 10.037240307777688],
            [106.6830830870664, 10.03719118940373],
            [106.6828957773214, 10.037146612601305],
            [106.68166954120684, 10.036669465237987],
            [106.68166504292118, 10.036669531792914],
            [106.68131282744068, 10.037298218036128],
            [106.68124589306855, 10.037632695073148],
            [106.68111661262546, 10.038328276459305],
            [106.68102295857342, 10.038823226135097],
            [106.68071077868909, 10.040950210344715],
            [106.6801935686725, 10.041730622953136],
            [106.67991710607004, 10.042996975825659],
            [106.67987698168618, 10.044704775617932],
            [106.6796049277617, 10.045337980996743],
            [106.67892272524355, 10.045766037768798],
            [106.67890041402737, 10.046970025166305],
            [106.67873991728112, 10.047946552264822],
            [106.67817359141745, 10.050060184543323],
            [106.67965845686366, 10.050497180895889],
            [106.68232053408131, 10.048865132394305],
            [106.68308749541487, 10.053712178849768],
            [106.68131282744068, 10.054603988861777],
            [106.68072868178858, 10.056222698463003],
            [106.68111211435115, 10.05651699566575],
            [106.68477302045537, 10.05699411406109],
            [106.68621780507527, 10.057078777309815],
            [106.68946844781905, 10.059946055037681],
            [106.69217958780794, 10.062336063185397],
            [106.69485954128729, 10.064382782626595],
            [106.69674129537155, 10.067102862203214],
            [106.7002773091692, 10.067085035251093],
            [106.7011558106126, 10.067080546849498],
            [106.70106655672127, 10.060088669152064],
            [106.7015972220229, 10.059237011195828],
            [106.7018023625639, 10.058907035636514],
            [106.70076334568745, 10.058059832669102],
            [106.69814585107879, 10.05593278931591],
            [106.69628198933816, 10.052468115762267],
            [106.69656737977138, 10.050555156667407],
            [106.69501114268101, 10.04961423828475],
            [106.69242934473887, 10.049097009343082],
            [106.68976723478495, 10.048557436743799],
            [106.68949966703433, 10.048218565364811],
            [106.68953088625406, 10.047870731758271],
            [106.6896423577982, 10.04659545451889],
            [106.69166684923509, 10.04444621269992],
            [106.69176491635505, 10.044339162435703],
            [106.69465440722371, 10.043402707762198],
            [106.69473025282227, 10.04337597983845],
            [106.70273431485055, 10.04302816908177],
            [106.70275662848911, 10.043028172747988],
            [106.70285470055639, 10.0430593691986],
            [106.70315350572062, 10.043153051343754],
            [106.70460713879797, 10.043612332546068],
            [106.7063908126019, 10.044174133475924],
            [106.70780874640819, 10.044620072449558],
            [106.7121073217173, 10.044316891018967],
            [106.71229465635221, 10.039893395386896],
            [106.7172397363864, 10.041150941147848],
            [106.71850171321884, 10.04178410727808],
            [106.7256808564085, 10.04411618150085],
            [106.72979216002699, 10.044834111067624],
            [106.73696240079019, 10.046051428990241],
            [106.74317833890761, 10.049422553876315],
            [106.74918476673699, 10.055312976938614],
            [106.76267354292534, 10.070643406213089],
            [106.76747601512079, 10.076087976091353],
            [106.76777472742906, 10.076431304353548],
            [106.77158728200264, 10.080756619780939],
            [106.77278233564392, 10.082107768706116],
            [106.77595720606688, 10.08571072505406],
            [106.78627109828537, 10.099912909030564],
            [106.79014607487024, 10.108478847394178],
            [106.79027541892935, 10.108768730284057],
            [106.79137678166472, 10.111203357848801],
            [106.79074356043795, 10.117909901531943],
            [106.78900898448472, 10.122703433493687],
            [106.7851785814, 10.128464523571523],
            [106.7854327634655, 10.130297272164324],
            [106.78634247480052, 10.132143299900246],
            [106.78640935092551, 10.13221911696032],
            [106.78693995022896, 10.13282110238465],
            [106.78927208182643, 10.135456438052627],
            [106.78940142538134, 10.135786386452539],
            [106.78973581076995, 10.136655948060888],
            [106.79018171873712, 10.137819794464512],
            [106.79021295213018, 10.137989240643304],
            [106.79028432990069, 10.138390493481108],
            [106.79039135159414, 10.139001447529116],
            [106.79055633972119, 10.13993785291538],
            [106.7905696611901, 10.140013669575938],
            [106.79083276036326, 10.141480636212876],
            [106.79093087132107, 10.142046974598799],
            [106.79106912683542, 10.142818418654803],
            [106.7911761489034, 10.143402520693481],
            [106.79133663709604, 10.144325598679979],
            [106.79132322557135, 10.144722408450276],
            [106.79128317102249, 10.146002221263327],
            [106.79123852596072, 10.147375634974617],
            [106.7911449153762, 10.150171490564105],
            [106.79111368185332, 10.150247256504057],
            [106.79055633972119, 10.151580540273628],
            [106.78829998234072, 10.154474529779899],
            [106.78749737337817, 10.155509021780205],
            [106.78529010104549, 10.15834050725178],
            [106.77891808900864, 10.16695999576774],
            [106.7759304748647, 10.169724594182197],
            [106.77497616404054, 10.170607520017377],
            [106.77073118183432, 10.172850433838205],
            [106.76938898682165, 10.173113525138861],
            [106.76878696822422, 10.173229448919706],
            [106.76566115969322, 10.17384036327036],
            [106.76244611633372, 10.173782382290124],
            [106.76120647899174, 10.174072254103505],
            [106.75857566992825, 10.174683108786601],
            [106.75789781324062, 10.174843661934585],
            [106.75750101784443, 10.175178084656883],
            [106.75672506844641, 10.17583355516921],
            [106.75635941380473, 10.1761412739603],
            [106.75540968650165, 10.17694387327738],
            [106.75172646043504, 10.18005633255992],
            [106.75102189639524, 10.18036399861241],
            [106.75053583940321, 10.180578051301339],
            [106.74925163172674, 10.180801057917067],
            [106.74696860418034, 10.182798666210154],
            [106.74659846597095, 10.183128685782933],
            [106.74509578136978, 10.184444083286088],
            [106.74465878265394, 10.184827613866805],
            [106.74417273958176, 10.185001498968894],
            [106.74234448563139, 10.18565697792426],
            [106.73818417514386, 10.187222143137326],
            [106.73665023163868, 10.187797370677588],
            [106.73615970671392, 10.18798015907574],
            [106.72714345635603, 10.191801639511858],
            [106.71120664204904, 10.20061728620016],
            [106.71359223649863, 10.207033914793138],
            [106.71429677145846, 10.20820222323419],
            [106.71367690654536, 10.208558919861124],
            [106.71309726379405, 10.20867933406058],
            [106.7121563598268, 10.209040547957711],
            [106.71139388594086, 10.209325886913247],
            [106.7106492302513, 10.209860985526436],
            [106.70960135387352, 10.21032917458194],
            [106.70900822529994, 10.210458550399064],
            [106.70703737992802, 10.211631255714353],
            [106.70459823126225, 10.212933346983776],
            [106.70191384033282, 10.213990079747202],
            [106.70133413855639, 10.214351309041144],
            [106.69947024979227, 10.21517175296573],
            [106.69911800574172, 10.215180702766856],
            [106.69853831133331, 10.215528481673099],
            [106.69502895697629, 10.216598716124512],
            [106.69420401266656, 10.217071373878117],
            [106.69306255540658, 10.21753063606209],
            [106.69177382337087, 10.218021140156623],
            [106.69048959736543, 10.218609741658174],
            [106.6850138622145, 10.220968636695012],
            [106.6843093310896, 10.221561679902964],
            [106.68174529235122, 10.222859264781198],
            [106.6812994225715, 10.223323025916057],
            [106.67906981739105, 10.223791220246442],
            [106.67463748405994, 10.22547231927392],
            [106.67115046280509, 10.227010671437807],
            [106.66718185209703, 10.228192321223275],
            [106.6639400863626, 10.230078525466133],
            [106.66056010477224, 10.232651448617316],
            [106.65962815195344, 10.233360484408228],
            [106.65706422277027, 10.234189841504898],
            [106.655320710579, 10.235019232266378],
            [106.65380011882652, 10.235491905641034],
            [106.649827056267, 10.236339142172222],
            [106.64888624408756, 10.236579962497098],
            [106.64772235557804, 10.23703918241437],
            [106.64375381153702, 10.238243145210172],
            [106.64048082241838, 10.238729218518117],
            [106.63965590417457, 10.238862955855593],
            [106.63651223072773, 10.239812738780211],
            [106.63195052222096, 10.241119306616731],
            [106.62996625034026, 10.241721280644159],
            [106.62915018658572, 10.242189513281085],
            [106.62787046665221, 10.24255063406247],
            [106.62261315284806, 10.243870583253807],
            [106.61852418930327, 10.245052240204167],
            [106.61151890590833, 10.246519298004648],
            [106.61116662412904, 10.246862627046319],
            [106.60719362337166, 10.247589425589862],
            [106.6058960465234, 10.247830261665866],
            [106.602386656488, 10.248441115868879],
            [106.59794545612226, 10.248713158406085],
            [106.59584072030322, 10.249190258785417],
            [106.5926836551686, 10.249448851446681],
            [106.59092681246315, 10.249810036638952],
            [106.58799715450569, 10.250532420766357],
            [106.58555808150646, 10.251361832472769],
            [106.58310554748053, 10.252200130982269],
            [106.578887214941, 10.253622607299194],
            [106.57692519251933, 10.254331631025941],
            [106.57435675884739, 10.255161030908859],
            [106.56862687890947, 10.256949096681982],
            [106.56466716308427, 10.258719368201696],
            [106.56291918187405, 10.259080564205204],
            [106.56057813231031, 10.259682506060118],
            [106.55871428460193, 10.26027114730228],
            [106.55533424201063, 10.261461725046303],
            [106.55346585454524, 10.262050276969527],
            [106.55148158742792, 10.262652306119994],
            [106.54914057337928, 10.263129432395413],
            [106.54634023753923, 10.263731400143929],
            [106.54528794079583, 10.26397218893567],
            [106.54306729165292, 10.264462700613155],
            [106.54131481223136, 10.264819385281909],
            [106.54003067078771, 10.265292034009907],
            [106.53723027495107, 10.266241901334679],
            [106.53663725891205, 10.266362219930683],
            [106.53327060263508, 10.268466972011556],
            [106.53199082513116, 10.269060023134607],
            [106.52909245202586, 10.271418915027514],
            [106.52619852363121, 10.273978398760631],
            [106.52377274261207, 10.276783138882779],
            [106.52216300234304, 10.278651574383533],
            [106.52099476612352, 10.279810902147277],
            [106.5200805886893, 10.280172122871619],
            [106.51889896918138, 10.280756210933701],
            [106.51750322109201, 10.281228918801402],
            [106.51505075054672, 10.282410527265533],
            [106.50946791488936, 10.285121666695552],
            [106.50759957126489, 10.285951090213315],
            [106.50479924419676, 10.28678050428838],
            [106.50019746479984, 10.289001110364879],
            [106.4978430839269, 10.29015160343556],
            [106.49355345371583, 10.293522672716703],
            [106.48970075309842, 10.296318531716562],
            [106.485732173025, 10.299002854088906],
            [106.48443452685362, 10.300171141599389],
            [106.48361856974535, 10.300871274715135],
            [106.48245027711818, 10.301691746234663],
            [106.4805596126565, 10.302378445790994],
            [106.47869125559518, 10.303698353075315],
            [106.4755475241507, 10.305539892686639],
            [106.47506595146815, 10.306351480106652],
            [106.47249758248279, 10.306712662166003],
            [106.46791807953835, 10.307180890082934],
            [106.46604075759477, 10.307301243102446],
            [106.46438643100048, 10.307189765003436],
            [106.46238879984023, 10.307301298363363],
            [106.4582818838977, 10.307069417487545],
            [106.44969812642157, 10.30719867219656],
            [106.44947076000324, 10.307323584635052],
            [106.4488821247734, 10.307198725502104],
            [106.44642074880547, 10.307898745922772],
            [106.44442751296008, 10.308719224515805],
            [106.4440752388117, 10.309071534084733],
            [106.44336619902532, 10.30931232445068],
            [106.44043660517771, 10.310587633984126],
            [106.43739993588102, 10.312233000367788],
            [106.43704767360376, 10.31257192643022],
            [106.43530416382525, 10.31362870135601],
            [106.43493851567676, 10.313740207168275],
            [106.43306571348651, 10.315140326541146],
            [106.42864226132367, 10.317708850476846],
            [106.42827662487682, 10.318288477433056],
            [106.42220332589594, 10.322261552503035],
            [106.42136946074187, 10.322729748985044],
            [106.41915335456663, 10.324250284752713],
            [106.41551911025219, 10.326702780709123],
            [106.41213022534784, 10.328682696399898],
            [106.41026185172811, 10.329850931309457],
            [106.40638687661124, 10.331603333518583],
            [106.40476375196823, 10.33265127669545],
            [106.40318969710688, 10.333248801728958],
            [106.39972051132197, 10.334867464035625],
            [106.39906508145529, 10.335130550326326],
            [106.39833822608848, 10.335469445959717],
            [106.39766042902261, 10.335598685875238],
            [106.394860137237, 10.336432590844792],
            [106.39127950628244, 10.337511652069246],
            [106.38977230688063, 10.337899601511475],
            [106.38707903292196, 10.338430257612819],
            [106.38475584509666, 10.338773637811025],
            [106.38440798458343, 10.338800388067147],
            [106.38250841779471, 10.339000982302224],
            [106.38021645529098, 10.33914816930194],
            [106.37526688431839, 10.33962083607242],
            [106.37354114301802, 10.339861626593308],
            [106.3728009921913, 10.339932974746496],
            [106.37254235776263, 10.339995403704965],
            [106.3723060026521, 10.339959729315154],
            [106.37056699077084, 10.339830375550783],
            [106.3673162871644, 10.339290852785481],
            [106.36370882634557, 10.338291983627597],
            [106.36163536006165, 10.33772122939349],
            [106.35888855702903, 10.336891846698393],
            [106.3559589018912, 10.336013446872657],
            [106.35246302490152, 10.335050238698798],
            [106.34927916806782, 10.334220836707582],
            [106.34738854912605, 10.332352468636593],
            [106.34678655126363, 10.331068237029157],
            [106.34632279315089, 10.33024777267927],
            [106.34607757574726, 10.329320301134754],
            [106.34324600969909, 10.329302446563583],
            [106.34017816476786, 10.328602415384028],
            [106.33637905900393, 10.327897837540235],
            [106.33216964934887, 10.327211167682348],
            [106.32949859733291, 10.326511087236025],
            [106.32428592977008, 10.324549095029816],
            [106.32076329174951, 10.323857935262424],
            [106.31887706816964, 10.3231578449681],
            [106.31770431688665, 10.322578138765993],
            [106.31463640707034, 10.321298425058629],
            [106.31321841251658, 10.320830199629464],
            [106.311929751523, 10.320491321150731],
            [106.30957086477429, 10.319791180797376],
            [106.30768474499996, 10.319438956695627],
            [106.30626670914626, 10.319211529217249],
            [106.3029847889152, 10.319091098693443],
            [106.29898944036461, 10.319331950169861],
            [106.29663950453296, 10.320032038559772],
            [106.2956986577795, 10.320259442727796],
            [106.29535085899265, 10.320491313541021],
            [106.29509663309467, 10.320491330334349],
            [106.29429848618099, 10.321311758405558],
            [106.29173452336043, 10.3234119650429],
            [106.28904119404898, 10.325860069092606],
            [106.28752065024058, 10.326680531601315],
            [106.2857592833901, 10.326791989479126],
            [106.28492543441556, 10.326680514205938],
            [106.28103711796054, 10.32562816791797],
            [106.27763932474312, 10.325168907004903],
            [106.27622131970352, 10.325052943627746],
            [106.27104872076109, 10.324589224649065],
            [106.26763753766538, 10.324129924005256],
            [106.26445815259154, 10.323309430818645],
            [106.26328095781854, 10.322948216977476],
            [106.2605653822172, 10.322493438789179],
            [106.25786762051447, 10.321909268263788],
            [106.25609735470587, 10.321561440477096],
            [106.25527242711593, 10.321449973251786],
            [106.25398377632598, 10.320981807723708],
            [106.25269504401632, 10.320620632552425],
            [106.24997503255175, 10.320040897455062],
            [106.24608667242957, 10.319710941623342],
            [106.24456169449435, 10.319603916202567],
            [106.2418594793011, 10.319733226508427],
            [106.23806922127963, 10.319760019445194],
            [106.23536700383578, 10.319559325011634],
            [106.23253546021942, 10.319242747293021],
            [106.23123788850882, 10.319019786742682],
            [106.22770628099128, 10.318480253458157],
            [106.22547226172867, 10.318391089798938],
            [106.22299741837978, 10.318070015463878],
            [106.22194066628747, 10.317967415017863],
            [106.22133419436993, 10.317740021770822],
            [106.22027745107724, 10.317521545701645],
            [106.21510485774527, 10.316188260124518],
            [106.211082709975, 10.315189410513193],
            [106.20789892625865, 10.31452945072272],
            [106.20659684707235, 10.314070194978795],
            [106.20507190109889, 10.313980963306264],
            [106.2015224458619, 10.311929811832266],
            [106.19867755975896, 10.310913120963646],
            [106.1964256451739, 10.309660166838285],
            [106.19489171182575, 10.308861941219618],
            [106.19061103232745, 10.306119585469101],
            [106.18715517775, 10.303720628083514],
            [106.18551424231923, 10.303149842613706],
            [106.18313754423652, 10.301789830735624],
            [106.17780894727944, 10.299181240656822],
            [106.17295740291945, 10.29680011402284],
            [106.16799891328101, 10.294762303287548],
            [106.16620638135801, 10.294079995031145],
            [106.16397233534454, 10.293179254061304],
            [106.16172045617343, 10.292269624287997],
            [106.15912086128971, 10.290909597824239],
            [106.15757797376583, 10.290111473949775],
            [106.15603509830756, 10.289201784761515],
            [106.15413552855914, 10.288180634782082],
            [106.14726858587123, 10.284649058739578],
            [106.145377894507, 10.28398017006282],
            [106.14254637811828, 10.282959016937747],
            [106.14124428010855, 10.28239275199894],
            [106.13771265970786, 10.282089514555098],
            [106.13430591482428, 10.282120754360816],
            [106.13195603375767, 10.282267879162651],
            [106.12750139542153, 10.283128458726837],
            [106.1269083126439, 10.28302142969671],
            [106.12351045844512, 10.28352087343032],
            [106.12034450450007, 10.28389993859723],
            [106.11670586503111, 10.284399298531127],
            [106.11023570480643, 10.28436362552476],
            [106.10706530036668, 10.283940031820206],
            [106.10482681300341, 10.283721510706778],
            [106.10437195938252, 10.28373049796812],
            [106.10376557925017, 10.28327115287143],
            [106.10175446335698, 10.28246855884549],
            [106.09795980238772, 10.280430763429505],
            [106.09571244837709, 10.278829865294659],
            [106.09496327632209, 10.278210091775371],
            [106.09340707816638, 10.277759740236577],
            [106.09115520150333, 10.277260289323095],
            [106.08847975252336, 10.277019477412331],
            [106.08357919395553, 10.27697939395701],
            [106.08040428923496, 10.277251396846252],
            [106.07866081827385, 10.277732986306892],
            [106.07771992814035, 10.277978232366726],
            [106.07002801499395, 10.28224113695421],
            [106.0674684769612, 10.283431726248974],
            [106.0657115779383, 10.284154096568049],
            [106.06430693126484, 10.284631165681478],
            [106.06243856963125, 10.28534907567832],
            [106.06022687610623, 10.286303401027633],
            [106.0539172572767, 10.289161663972129],
            [106.05264194046178, 10.289750278356081],
            [106.05100993467003, 10.29070003054729],
            [106.04798220398145, 10.29224286322552],
            [106.04751403017787, 10.292590671513128],
            [106.04669356280745, 10.292831513405819],
            [106.04004501771132, 10.296269459816118],
            [106.03819446855913, 10.29733965154114],
            [106.03642868777418, 10.298048672214358],
            [106.03543876705493, 10.298240335584559],
            [106.03526487228402, 10.298423228627346],
            [106.0347832769605, 10.297723075937414],
            [106.03275440171795, 10.295078891834708],
            [106.0314344739294, 10.292309760559935],
            [106.03032862210914, 10.289879539914445],
            [106.03019930305861, 10.288488318754167],
            [106.03035534686133, 10.287155046490417],
            [106.03029741334281, 10.28686962872767],
            [106.03005213772602, 10.286058084885026],
            [106.02909794231985, 10.285139567889253],
            [106.02884818424664, 10.284212014382156],
            [106.02881697572022, 10.281090680818323],
            [106.02854946146134, 10.280399524244112],
            [106.02842014360557, 10.279561217180037],
            [106.02883033799097, 10.2795790509089],
            [106.02937881964952, 10.27903058799126],
            [106.02966866539495, 10.278763027648115],
            [106.02987824781617, 10.277889005172552],
            [106.02922277663804, 10.276551346401874],
            [106.02886154651955, 10.276439824540546],
            [106.0284870445104, 10.275860139325149],
            [106.02812133180501, 10.27378224407147]
          ]
        ]
      },
      "id": "000000000000000000c0",
      "properties": {
        "ADM0_CODE": 264,
        "ADM0_NAME": "Viet Nam",
        "ADM1_CODE": 3332,
        "ADM1_NAME": "Ben Tre",
        "DISP_AREA": "NO",
        "EXP1_YEAR": 3000,
        "STATUS": "Member State",
        "STR1_YEAR": 1000,
        "Shape_Area": 0.188404576714,
        "Shape_Leng": 2.36962271568
      }
    },
    {
      "type": "Feature",
      "geometry": {
        "type": "Polygon",
        "coordinates": [
          [
            [105.1852665822807, 10.909123835219795],
            [105.18614049652638, 10.905980183481658],
            [105.18656857426542, 10.902533322243867],
            [105.18710367298993, 10.901409627664167],
            [105.1864927947855, 10.899532304390064],
            [105.18688963329338, 10.89678104196001],
            [105.18776810823269, 10.89314244245233],
            [105.18908797155616, 10.886070292256496],
            [105.191099071742, 10.879252363332885],
            [105.19275779470657, 10.87448997894506],
            [105.19673092431653, 10.87020033499104],
            [105.19879995990004, 10.867698765810667],
            [105.20176524451158, 10.863649932497957],
            [105.20292453973488, 10.859641197961764],
            [105.20474388270289, 10.85453996822418],
            [105.20540829910115, 10.84769972376734],
            [105.20670143257647, 10.834621221641196],
            [105.22440406798749, 10.806952459139927],
            [105.22710625553073, 10.805467590106309],
            [105.22804270623317, 10.805619224326202],
            [105.23103475893429, 10.805191130892831],
            [105.23287190740069, 10.805431945709294],
            [105.24092061760614, 10.804580184006653],
            [105.24414004918164, 10.804379521124716],
            [105.2508108987165, 10.803510068326986],
            [105.25425777185025, 10.803081952754576],
            [105.2568128360773, 10.801958240450787],
            [105.258435956914, 10.799902589840766],
            [105.25916273651451, 10.79806989094617],
            [105.26016160594801, 10.792861730151023],
            [105.25906915420032, 10.787501869313818],
            [105.25797215547868, 10.783591205673622],
            [105.2577982972418, 10.779221284735101],
            [105.25853846845507, 10.775560361325294],
            [105.25991639750804, 10.772657481619799],
            [105.26117825145423, 10.77084265470575],
            [105.26519149390005, 10.767890702254318],
            [105.26715796583358, 10.766668935850635],
            [105.27150105594818, 10.764702514898763],
            [105.27455112696302, 10.76351190572153],
            [105.2772979705832, 10.76307939533284],
            [105.2802944727277, 10.763333544739485],
            [105.28688057003207, 10.76241940965705],
            [105.29250349357474, 10.762749423868929],
            [105.2964631771067, 10.762098351965191],
            [105.29902709794762, 10.760983588934401],
            [105.30114071395, 10.759400606246897],
            [105.30208606189677, 10.757799754112295],
            [105.30259884212379, 10.755592493329825],
            [105.30237590177514, 10.752979522761592],
            [105.30217529143978, 10.750683025354135],
            [105.30017759703061, 10.74833315411446],
            [105.29650774573268, 10.745501551538439],
            [105.29023824330939, 10.741590938383723],
            [105.28824060052757, 10.740971136104578],
            [105.28636328260963, 10.739490678912953],
            [105.28476695361319, 10.738563245535413],
            [105.28044156195973, 10.735767387482914],
            [105.27614744864304, 10.731370664991392],
            [105.27501488476142, 10.729288303711995],
            [105.27525118471942, 10.726911587768091],
            [105.27571047919803, 10.72520375049718],
            [105.27651761882159, 10.724289646271632],
            [105.27690109633616, 10.723660883057216],
            [105.2772042888867, 10.72316149683576],
            [105.27960770077877, 10.721681054346156],
            [105.28203793937408, 10.719928631631742],
            [105.28736213460847, 10.717449403703004],
            [105.29590575766775, 10.715759376884757],
            [105.29958899354193, 10.715870844967398],
            [105.30462773782693, 10.716432718848626],
            [105.3109507418529, 10.71801119013979],
            [105.31350139383832, 10.718639947674381],
            [105.31674757933455, 10.71913941957324],
            [105.32414969670762, 10.721520540407937],
            [105.33133773409685, 10.722519393267145],
            [105.33598415996666, 10.722349952911951],
            [105.34078214241842, 10.72185054002144],
            [105.34295819070424, 10.72071340720161],
            [105.34485775516178, 10.71877375641296],
            [105.34616875465116, 10.717422649932143],
            [105.34770267436384, 10.714439453782129],
            [105.34819763421693, 10.711920131431999],
            [105.34781864136313, 10.704790012841164],
            [105.34517884814915, 10.69280839883974],
            [105.34496478609043, 10.6890493886131],
            [105.34496478609043, 10.686512153159251],
            [105.34512533260927, 10.682860112375769],
            [105.3444653685587, 10.678731044847675],
            [105.3444653685587, 10.676189338999965],
            [105.34462144754796, 10.6723812210545],
            [105.34397935361673, 10.67000009749167],
            [105.34313213639564, 10.666312405580936],
            [105.34324801094799, 10.663931224244314],
            [105.34313213639564, 10.661202291116334],
            [105.34275753246396, 10.658723055360866],
            [105.34250782674668, 10.654807906819935],
            [105.34240079735976, 10.651610745695255],
            [105.34240079735976, 10.650188331157535],
            [105.34237855169428, 10.646161765173558],
            [105.34249889273852, 10.63963806122524],
            [105.34319449601387, 10.635999416653815],
            [105.34509406310295, 10.62956046196485],
            [105.3473816659701, 10.622149461777846],
            [105.34809060126067, 10.620129508270415],
            [105.34826455218447, 10.619598858608496],
            [105.34842063464862, 10.619358080078518],
            [105.34897795831534, 10.617859803152788],
            [105.34958442287842, 10.616468613731051],
            [105.35019535680107, 10.615162041885382],
            [105.35125658942228, 10.612892357474307],
            [105.35209491246165, 10.611202378140112],
            [105.35275481666336, 10.609463349074948],
            [105.35327212758853, 10.608651793790958],
            [105.35373583249526, 10.607572654381118],
            [105.35415057694817, 10.606449017283873],
            [105.35446713074852, 10.605588350195738],
            [105.35642909835852, 10.601682235182613],
            [105.3583822429973, 10.597771606331765],
            [105.35900205389872, 10.59666128576737],
            [105.35993396351837, 10.5952611062483],
            [105.36136534369545, 10.592523235589804],
            [105.36225268032936, 10.590538940617503],
            [105.36235078710912, 10.590302558414187],
            [105.36328280432232, 10.588518936748502],
            [105.36392934901218, 10.587221368152019],
            [105.36425038848667, 10.5864008911778],
            [105.36498173170314, 10.58433180906092],
            [105.36567733716079, 10.582548229791033],
            [105.3662882392367, 10.580840333390926],
            [105.36660034786664, 10.57989058468813],
            [105.36701056651609, 10.578878383333171],
            [105.36754570184019, 10.57745148158323],
            [105.36814320755833, 10.576599733454222],
            [105.36897258862278, 10.575868443905708],
            [105.36950764072294, 10.575560764153284],
            [105.37018548300757, 10.575181740777774],
            [105.37101934170867, 10.574811652221953],
            [105.37223216122649, 10.574339004252478],
            [105.37283415108523, 10.57395999798656],
            [105.3735877806749, 10.573661239128857],
            [105.37412284718488, 10.57345166842785],
            [105.37513954964004, 10.573228711224496],
            [105.37605367555626, 10.572979002057675],
            [105.37674030080767, 10.572742660860882],
            [105.37699899232001, 10.572698073827231],
            [105.37724419112914, 10.572671325330399],
            [105.37806021243064, 10.572662350855886],
            [105.37914377890932, 10.572769370487089],
            [105.37957636743802, 10.572733740134904],
            [105.38009804867173, 10.572689104993483],
            [105.38052170361198, 10.572635580731284],
            [105.38115035192271, 10.572541964025888],
            [105.38211803695644, 10.572372515714624],
            [105.38247476551459, 10.572332395135517],
            [105.38292514531393, 10.572287793776654],
            [105.38436091753222, 10.57205144099507],
            [105.38494060938721, 10.571939996280959],
            [105.38622930704534, 10.57157883937334],
            [105.38640767550172, 10.571458391472515],
            [105.38699184242901, 10.571271132211546],
            [105.38791041028949, 10.570878757538958],
            [105.38967177945962, 10.56971041014634],
            [105.3911967054277, 10.568617988990939],
            [105.392204483018, 10.568042775160663],
            [105.39303389099689, 10.567422917366233],
            [105.3947685024464, 10.565969287720248],
            [105.39642278934954, 10.564471011460906],
            [105.39736812882546, 10.563619355660084],
            [105.39935248280125, 10.561871347472284],
            [105.40091762193845, 10.560399839558048],
            [105.40249609163146, 10.559351913858864],
            [105.40444028712358, 10.557719917986343],
            [105.40631756390607, 10.55615927489419],
            [105.406928431767, 10.555659860498322],
            [105.40849363972065, 10.554531682861962],
            [105.40901085054249, 10.55417048886957],
            [105.40939435796119, 10.553911831745461],
            [105.41053138962918, 10.553171612508375],
            [105.41100409742296, 10.55280155348803],
            [105.41149012353856, 10.552400175235295],
            [105.41308647602752, 10.552021176074836],
            [105.41506189441513, 10.551289935078943],
            [105.41748762685692, 10.550799361577726],
            [105.42005157549414, 10.550919756596922],
            [105.42193778148007, 10.550991137445383],
            [105.42336467248943, 10.551040161575866],
            [105.42616056924743, 10.551401406613303],
            [105.42845702823071, 10.551031229358287],
            [105.43235871863466, 10.551539571925897],
            [105.43469977508433, 10.551869585555716],
            [105.43698722964604, 10.552079194193585],
            [105.43918559221763, 10.552489399022555],
            [105.44123675498301, 10.552627657554085],
            [105.44207059989938, 10.552690071577992],
            [105.44368931457612, 10.552801498954167],
            [105.44492445731204, 10.55262759794175],
            [105.4466635231524, 10.551731366790953],
            [105.45786926745645, 10.54613965102218],
            [105.46312651126591, 10.543490950881345],
            [105.4720090705564, 10.539143277622763],
            [105.47307471842039, 10.538612687645648],
            [105.47615153489429, 10.537029667286285],
            [105.47768991877915, 10.536329653014404],
            [105.47972329576288, 10.535272806326914],
            [105.47988825944955, 10.53514350828224],
            [105.48053926400776, 10.535571540039278],
            [105.48101645430499, 10.536298365482578],
            [105.48117247802222, 10.536637284519983],
            [105.48147567408002, 10.537261600945058],
            [105.48177448946545, 10.538438782597884],
            [105.48235414985352, 10.539883477636018],
            [105.48343774351338, 10.541158836930174],
            [105.48523915796682, 10.542162156168281],
            [105.48620679889162, 10.54233155073828],
            [105.48663491599122, 10.54193919367773],
            [105.48712097502224, 10.54177863811176],
            [105.48739735687325, 10.54181874688102],
            [105.49028691907934, 10.542590227170592],
            [105.49366689832866, 10.543499859107968],
            [105.49935220645425, 10.543589054055508],
            [105.50015038197985, 10.544320316222013],
            [105.50287490096134, 10.545849789343103],
            [105.50337432916466, 10.546068290386488],
            [105.50356167099743, 10.54616195724236],
            [105.5052739578006, 10.546268946852697],
            [105.50727161706604, 10.54557336091476],
            [105.50878326799456, 10.544940099015248],
            [105.50936292841395, 10.544873267996241],
            [105.50994259074857, 10.545002552982965],
            [105.5103216705619, 10.545270098271965],
            [105.51074081449357, 10.545849764516843],
            [105.51103959041427, 10.546349250514808],
            [105.51133827741631, 10.546621226508702],
            [105.51169500336721, 10.546821849120418],
            [105.51218998529978, 10.546862001250634],
            [105.5126180764907, 10.546710373585942],
            [105.51282322438361, 10.546661319902189],
            [105.51307737916756, 10.54645175805835],
            [105.51350985451548, 10.546340301329204],
            [105.51509730572738, 10.545680324171714],
            [105.51595350333035, 10.54538156769266],
            [105.51690772053391, 10.544900040681839],
            [105.51757209844061, 10.544632436091154],
            [105.51827225119747, 10.544351553277036],
            [105.52079162583011, 10.543160972423586],
            [105.52208025819364, 10.542371720825377],
            [105.52520614088795, 10.540779824788816],
            [105.52625395721161, 10.54014218699873],
            [105.52715474796375, 10.53966053104389],
            [105.52818477814705, 10.538978329404557],
            [105.52858169509456, 10.5387999612052],
            [105.53225147524131, 10.535950607159034],
            [105.53354466345587, 10.534951730407697],
            [105.53501164175695, 10.533859262656946],
            [105.53557797270419, 10.533431162521596],
            [105.53605513387733, 10.53303882508775],
            [105.53687109589269, 10.532512587200607],
            [105.53752213307615, 10.532008747170895],
            [105.53836940625195, 10.531362148540861],
            [105.5388242146556, 10.53104112391047],
            [105.53951980098654, 10.53055954613613],
            [105.54041162592172, 10.529948616046712],
            [105.54071930701781, 10.529640943577318],
            [105.54264116326488, 10.52819175395862],
            [105.5435330039796, 10.52761206397679],
            [105.54467904961751, 10.526729140865452],
            [105.54669003646636, 10.525012422490223],
            [105.54783601315303, 10.523830773756925],
            [105.54895086991607, 10.522533162573026],
            [105.54963755148025, 10.521578946164107],
            [105.55040894215989, 10.520539935036156],
            [105.5511759532771, 10.519282489755716],
            [105.55155941536033, 10.518671591101656],
            [105.55232186961616, 10.517342741321846],
            [105.55285703861647, 10.516499962045048],
            [105.55339659222227, 10.51580879506739],
            [105.55385582233463, 10.514970493617948],
            [105.55423929023173, 10.514239195199744],
            [105.55455146788366, 10.513779973170593],
            [105.55486355663733, 10.513240356436834],
            [105.55534962545788, 10.512522513737677],
            [105.55631282209146, 10.510979598959372],
            [105.55680775048506, 10.509980774681566],
            [105.5569995322555, 10.509641865069865],
            [105.55722691557547, 10.508950708587633],
            [105.55764608165913, 10.508018781072806],
            [105.5581365412292, 10.506801423310863],
            [105.55819012243185, 10.506489318579414],
            [105.55856465459706, 10.505530606123424],
            [105.55905073358807, 10.504652141520424],
            [105.55951892355844, 10.503501697501438],
            [105.56004955228256, 10.502123877880278],
            [105.5602412481147, 10.501771612539152],
            [105.56046872505286, 10.50112055474753],
            [105.56070058544955, 10.500540851706978],
            [105.56104837661407, 10.499327993502517],
            [105.56606485710888, 10.488157933502514],
            [105.57048828720522, 10.478312271407088],
            [105.57095203453035, 10.475940049226939],
            [105.57124187722447, 10.474918914043094],
            [105.57174579313498, 10.472631393724049],
            [105.5720846601694, 10.471070640672878],
            [105.57254841166925, 10.468899113806929],
            [105.57292744711931, 10.466839004412934],
            [105.57322614945251, 10.464899317260961],
            [105.57344917012088, 10.463490214993339],
            [105.57372112510593, 10.46188049040677],
            [105.57401097232527, 10.460052237576209],
            [105.57425617986424, 10.45749274166024],
            [105.57450147720144, 10.455178424630839],
            [105.57463074599298, 10.453452789997614],
            [105.57485824140292, 10.451499668007274],
            [105.57552256903163, 10.447490930973087],
            [105.5755315150172, 10.446460932903989],
            [105.57546021552467, 10.44580982656169],
            [105.57541557507906, 10.444472156300508],
            [105.5752104438772, 10.443121025315136],
            [105.57496523501943, 10.441703049191378],
            [105.57447025589497, 10.438969581344217],
            [105.57428740113303, 10.437970741511894],
            [105.57421162918074, 10.437279584815723],
            [105.57405113946184, 10.43620938714975],
            [105.57395747579669, 10.435442465053692],
            [105.57398422405896, 10.43418055896334],
            [105.57389950633241, 10.43187959911858],
            [105.57330201044262, 10.431210803939246],
            [105.57280703595866, 10.430702469803363],
            [105.57224067519911, 10.430350170994188],
            [105.57144253094732, 10.43014057829866],
            [105.57100553015242, 10.430051423571427],
            [105.57023413915672, 10.430073729634218],
            [105.56984616376417, 10.430020222402264],
            [105.5690747778129, 10.429971100355381],
            [105.56788420390498, 10.43012270360388],
            [105.56696110984123, 10.430341275758536],
            [105.56630119759288, 10.43043936347774],
            [105.56568136358788, 10.430577536528386],
            [105.56447739433841, 10.430858513374623],
            [105.56355440747996, 10.431059115841519],
            [105.56313970008368, 10.431210729309099],
            [105.56181534442116, 10.431670048345374],
            [105.56099488399852, 10.431919780793562],
            [105.55995142341848, 10.432280937621355],
            [105.55851563529559, 10.432780376422967],
            [105.55793143003073, 10.43303012000111],
            [105.55716895158574, 10.433248539228401],
            [105.55610771300765, 10.433529502404786],
            [105.55557262361746, 10.433712282587875],
            [105.55452025009365, 10.434073551209933],
            [105.5526964788014, 10.432619814987573],
            [105.5519875128048, 10.430622125561355],
            [105.55040894215989, 10.430033605728772],
            [105.5498426530565, 10.429881963871914],
            [105.54911580920674, 10.4295920878548],
            [105.54854505193738, 10.428441646556607],
            [105.54870560798014, 10.426729388645617],
            [105.54885721953055, 10.425150816593971],
            [105.5485628517366, 10.424531037410885],
            [105.54714933859287, 10.422279151380877],
            [105.5465785876787, 10.42127145791978],
            [105.5465785876787, 10.420419779441646],
            [105.54759084221098, 10.41971074913977],
            [105.54989614229869, 10.419452149527073],
            [105.55047584865306, 10.419309465209514],
            [105.55164412239878, 10.419032969189029],
            [105.55222383448768, 10.418462178077958],
            [105.55235308701793, 10.417989514559235],
            [105.55222383448768, 10.417467790656199],
            [105.55179573647078, 10.417030864776114],
            [105.55049812100735, 10.416451145031528],
            [105.54992735927195, 10.41629955144414],
            [105.54833995186775, 10.415430024207037],
            [105.54662313140722, 10.414270654533194],
            [105.54532555394393, 10.413690984472396],
            [105.54273033818919, 10.413521502169637],
            [105.5414283172148, 10.413802462138207],
            [105.54113852337503, 10.413650837441187],
            [105.53956443237496, 10.4132093462954],
            [105.53840509324063, 10.412339864117543],
            [105.53684435324347, 10.410752417222323],
            [105.5348288277968, 10.409601974410771],
            [105.5341109002492, 10.409151565483464],
            [105.53224253144552, 10.408571905258807],
            [105.53180553813594, 10.408001111885392],
            [105.53124369118831, 10.406132781329607],
            [105.53082905966528, 10.403702610866432],
            [105.53025827213816, 10.402400527923742],
            [105.53026721583319, 10.401972440192123],
            [105.5293977119279, 10.400821952677441],
            [105.52781469280453, 10.40067035726584],
            [105.52623168791962, 10.401080660058078],
            [105.52478696244542, 10.401071702553159],
            [105.52422513790239, 10.40063028063782],
            [105.52407792979446, 10.399631440863692],
            [105.5253978883045, 10.39577874958596],
            [105.52583933744225, 10.394498981438076],
            [105.52588834766604, 10.39420918836397],
            [105.52599540106733, 10.39393266181654],
            [105.52657950059705, 10.390071070227963],
            [105.52648139034304, 10.384069190551681],
            [105.5270476938571, 10.38173262075248],
            [105.52722164563406, 10.381210894483894],
            [105.5281000823753, 10.37865134434923],
            [105.5283987983728, 10.3779423120373],
            [105.52826061980197, 10.376078438733881],
            [105.52797522997088, 10.37507064538415],
            [105.5248271183912, 10.372190085916177],
            [105.52295875869467, 10.371440940164224],
            [105.52137570807746, 10.370442136129688],
            [105.52110374426013, 10.369871348271593],
            [105.52039472646081, 10.368292863082518],
            [105.52024761099163, 10.366433390275308],
            [105.52052851668435, 10.363530517824946],
            [105.51963670302639, 10.362888425042549],
            [105.51835694223612, 10.362433585987747],
            [105.51745619655459, 10.362290861528887],
            [105.5167293968876, 10.362179394000131],
            [105.51496799109817, 10.362090239935535],
            [105.51336721622984, 10.361421360659014],
            [105.51255118437868, 10.360681194179179],
            [105.51196257066312, 10.359829475545501],
            [105.51140516906608, 10.359450480443448],
            [105.51043756773835, 10.358692407731779],
            [105.50894825907906, 10.356859703969493],
            [105.50685695267526, 10.35581182174982],
            [105.50520259727918, 10.355209830240376],
            [105.5041814653806, 10.354982453417099],
            [105.50318260579706, 10.355071582777947],
            [105.50186272487326, 10.354839735212186],
            [105.5011359003819, 10.354362657351825],
            [105.50018167954825, 10.353898887822957],
            [105.49957075202413, 10.35335928344304],
            [105.4992363166064, 10.352761832673112],
            [105.49883946599542, 10.352168773171918],
            [105.49841140844686, 10.351589044722708],
            [105.49798773354973, 10.350951433620319],
            [105.49771133496613, 10.350501052046114],
            [105.49672583583572, 10.349479900115986],
            [105.49533017611215, 10.348619274321626],
            [105.49408600242289, 10.347642781596983],
            [105.49279739689817, 10.346532435591445],
            [105.49179851283702, 10.345538024742545],
            [105.49112520149278, 10.344762162400038],
            [105.49070601507538, 10.344079969607682],
            [105.49085319517486, 10.343370968328289],
            [105.49106725928308, 10.342492517712309],
            [105.49120996883413, 10.34159172890972],
            [105.49130358850887, 10.34107897015484],
            [105.49128570509053, 10.340160382697574],
            [105.49135705994063, 10.33942912126861],
            [105.49128123423624, 10.33890289924511],
            [105.49075957574124, 10.337832757417734],
            [105.49034039020023, 10.337190653515329],
            [105.48896695656003, 10.335759225102425],
            [105.4881152721737, 10.334782676271518],
            [105.4877451819526, 10.334162854405337],
            [105.4890294582863, 10.332722619027063],
            [105.49533902860864, 10.325998260551964],
            [105.49648949928621, 10.324758642928822],
            [105.49817506962201, 10.322970546013888],
            [105.49958854686771, 10.321472333054459],
            [105.50034219145117, 10.320709816142061],
            [105.50385149233706, 10.317338710764796],
            [105.50806982865775, 10.313521748077774],
            [105.51228361618548, 10.310061454076257],
            [105.51613629767722, 10.307510858664626],
            [105.52108594723447, 10.305499773153585],
            [105.52751150602072, 10.302761873017124],
            [105.5337274760836, 10.298811108369312],
            [105.5341109002492, 10.298570326723498],
            [105.54125891298028, 10.294008655952192],
            [105.54730989336679, 10.288729102418463],
            [105.55409214651532, 10.283632322875638],
            [105.55901504242792, 10.279489888139379],
            [105.56270719243389, 10.276711794830364],
            [105.5672911116149, 10.272520243673224],
            [105.57168782439354, 10.267958601013682],
            [105.57406446886999, 10.265051294188929],
            [105.57882679947748, 10.259410486756707],
            [105.58468608883096, 10.255031666733235],
            [105.59275704070986, 10.247749990834404],
            [105.59861625215525, 10.240842837899883],
            [105.59984702598767, 10.239130563989322],
            [105.60521131643618, 10.231728446758112],
            [105.61107057931738, 10.222640812616932],
            [105.61692090744451, 10.212799524276583],
            [105.6202028193935, 10.2026104777784],
            [105.62348022788805, 10.19169911240304],
            [105.62478678755653, 10.18700806365657],
            [105.63076642639815, 10.18135844454658],
            [105.63490446907028, 10.175280628285062],
            [105.64079942749036, 10.171869453345021],
            [105.64253845573654, 10.170442568119006],
            [105.64466993382233, 10.168600902112463],
            [105.64785811452143, 10.166193002968598],
            [105.64848244038333, 10.165332447888728],
            [105.6488569832435, 10.16460114953483],
            [105.64904868505238, 10.164128431580146],
            [105.6492404765625, 10.163588922672115],
            [105.64953474223576, 10.16270153691413],
            [105.64987814229383, 10.161760644866996],
            [105.65003422531004, 10.161381657167896],
            [105.65038201169247, 10.16072172168527],
            [105.65056485488027, 10.160141989059461],
            [105.6508323629433, 10.159562368713631],
            [105.65206304835615, 10.157609236427843],
            [105.65291032972573, 10.156289360110973],
            [105.65410531916989, 10.154768827289834],
            [105.65692349227122, 10.151879299409853],
            [105.65968371220286, 10.148989825837246],
            [105.66194893207962, 10.147259697162795],
            [105.6643211380266, 10.14560087976848],
            [105.66626527107752, 10.1443924522626],
            [105.6701135008517, 10.141948868328651],
            [105.67163853028323, 10.141159580287514],
            [105.67463062570435, 10.139313563240888],
            [105.67755134103771, 10.13762356267617],
            [105.68251872426956, 10.13419898360691],
            [105.68435590472446, 10.135652603459116],
            [105.68640265887134, 10.137289089354995],
            [105.6873612800043, 10.138961295582028],
            [105.68753968488993, 10.140339181458529],
            [105.68663002769736, 10.14128002130794],
            [105.68535023137794, 10.141868630407581],
            [105.68578276696833, 10.143001191257508],
            [105.68601917603416, 10.144022373135435],
            [105.68733012854204, 10.14601111171403],
            [105.69008580047092, 10.14989945649924],
            [105.69661842508258, 10.15937952222879],
            [105.70234835060234, 10.167570838795248],
            [105.70583987490551, 10.172382217843634],
            [105.70826109006549, 10.175971841968366],
            [105.71206473250594, 10.181037333468941],
            [105.71586388852603, 10.186887713749362],
            [105.71717935416444, 10.188742717603839],
            [105.71952927415393, 10.191881895659437],
            [105.72084915336909, 10.194312097633244],
            [105.72289148431435, 10.196880521655782],
            [105.72341319516448, 10.197669828727697],
            [105.72522804787799, 10.200599430843972],
            [105.72654787886007, 10.202030828619906],
            [105.72799709849113, 10.204590321205467],
            [105.73116310953988, 10.204469903820558],
            [105.7357871423495, 10.202681810836738],
            [105.73793646255321, 10.201562603839426],
            [105.74256057737998, 10.199930605675014],
            [105.74608770540344, 10.197861538660161],
            [105.74852682720159, 10.195511637167618],
            [105.75187560214613, 10.192680051153348],
            [105.75765902528285, 10.186883215195587],
            [105.76071799837564, 10.185282405393398],
            [105.76181044356665, 10.184800826432944],
            [105.7645394805037, 10.181518932944753],
            [105.76573001028673, 10.178879151772769],
            [105.76619820028495, 10.178723116199643],
            [105.76698305704694, 10.178861355151273],
            [105.77060827194113, 10.1829190868799],
            [105.77439852495355, 10.18637041485947],
            [105.77597261075398, 10.187561054712686],
            [105.77690895459834, 10.187997998323091],
            [105.77812186505201, 10.186602283830748],
            [105.78053866425046, 10.183177740002057],
            [105.781301191809, 10.182080798227743],
            [105.78189874908777, 10.181300477710229],
            [105.78510483105977, 10.178009626543325],
            [105.78872556665802, 10.173791334698809],
            [105.79147237905579, 10.17037122887167],
            [105.79373762545907, 10.167553067959252],
            [105.79509762860036, 10.165831812356283],
            [105.7981254271297, 10.162077262990268],
            [105.79872294938674, 10.161002626798929],
            [105.79963701618301, 10.160061766109182],
            [105.80175958541243, 10.157248015582883],
            [105.80282531300138, 10.155999503196071],
            [105.80497900079877, 10.1551879451529],
            [105.81269769289592, 10.153801207383435],
            [105.81548463460175, 10.152659617102447],
            [105.8180620018019, 10.150461336834422],
            [105.82153118463548, 10.150452349879332],
            [105.82827785481348, 10.150479114697761],
            [105.83373130580253, 10.150871537215219],
            [105.83452057068922, 10.151023124095275],
            [105.83574684950487, 10.151000867758018],
            [105.84150799559052, 10.150782394824128],
            [105.84382671329263, 10.150599531761744],
            [105.84802271519831, 10.150403356070907],
            [105.84834382066093, 10.150840302193702],
            [105.85177728258543, 10.162202155653056],
            [105.85408707884625, 10.160480947509296],
            [105.85901444115724, 10.157190072430271],
            [105.8623810779895, 10.154532485518487],
            [105.8639239236206, 10.153439973915377],
            [105.86622482033808, 10.152329636875248],
            [105.86669747582572, 10.152481246471169],
            [105.86795048906815, 10.153078808529157],
            [105.86859707012516, 10.154300576784166],
            [105.86937734303687, 10.155058625576014],
            [105.87016218904495, 10.154750939840955],
            [105.87140626497687, 10.154091040525714],
            [105.87204837770234, 10.156418674083401],
            [105.87252104791158, 10.156873508047479],
            [105.8731765157799, 10.159018325326164],
            [105.87383198594448, 10.1611720420046],
            [105.87416200685671, 10.16239384969395],
            [105.87512958170454, 10.165002468438026],
            [105.8752277014929, 10.16613054657376],
            [105.87017105991144, 10.168828363862865],
            [105.87191011629155, 10.171851580275007],
            [105.87409067999607, 10.176159140292684],
            [105.87481748047315, 10.177742083784175],
            [105.87694001208897, 10.182312704054473],
            [105.8759322837305, 10.18331147663891],
            [105.87565575527172, 10.184310347599318],
            [105.87594563524452, 10.18790882692276],
            [105.87613739534956, 10.188889869351653],
            [105.87748850318954, 10.188912154957245],
            [105.87908039995278, 10.188800690234403],
            [105.88168893551976, 10.188412702150329],
            [105.88342352872239, 10.187672488772318],
            [105.8849396643252, 10.18596463206185],
            [105.88587153955758, 10.185951265316904],
            [105.88665636508307, 10.185821961997515],
            [105.88855150196125, 10.187097303890154],
            [105.88884579294965, 10.187810775762411],
            [105.88963502200502, 10.187440597346946],
            [105.89148556073657, 10.18680294102781],
            [105.8920964665594, 10.186642493295583],
            [105.8939515103575, 10.186468576933057],
            [105.89536951102346, 10.187061566642752],
            [105.89598930156869, 10.188127364468272],
            [105.89775064346568, 10.18996000268555],
            [105.89869145450486, 10.190557508010551],
            [105.90087197112027, 10.191311132933013],
            [105.9033601801869, 10.191431553926089],
            [105.90709694697988, 10.191850692662957],
            [105.9098972181292, 10.191971045408652],
            [105.91175664985192, 10.191480607964458],
            [105.91223820326749, 10.192711283277077],
            [105.9136874417969, 10.196069020913876],
            [105.91514556446027, 10.200220401773773],
            [105.9159794482713, 10.203279325756016],
            [105.91667952274896, 10.205361785591181],
            [105.91680885442129, 10.20635164397445],
            [105.91810638851864, 10.209718293309496],
            [105.91795930970764, 10.210489715655369],
            [105.91599280263146, 10.213428310322152],
            [105.9149315372669, 10.214828446115764],
            [105.91432064691571, 10.216219699436367],
            [105.91279567032541, 10.218712316566453],
            [105.91159165109572, 10.220723361090261],
            [105.9108291274876, 10.221650874013212],
            [105.90962969162614, 10.224281734458048],
            [105.90963856435835, 10.224589365435275],
            [105.90886717595976, 10.225681894000193],
            [105.90780586110347, 10.227380775864058],
            [105.9052106748287, 10.2300339902473],
            [105.90245053359419, 10.23205835419909],
            [105.9013892549225, 10.233458572014902],
            [105.90157207905985, 10.235768357494283],
            [105.90191541251566, 10.238060343973851],
            [105.90194660023728, 10.240084743028078],
            [105.90245053359419, 10.24453938639604],
            [105.90087197112027, 10.244410114871133],
            [105.89929790282872, 10.24521270882836],
            [105.89893225915411, 10.245970809218898],
            [105.8980092808949, 10.246898319197527],
            [105.89692123165752, 10.246608434090238],
            [105.89488343033769, 10.245239526474109],
            [105.89346991413399, 10.244468087965256],
            [105.89238189118757, 10.244338763914916],
            [105.89144989400651, 10.24451264555792],
            [105.89067849060866, 10.244820304035699],
            [105.88900189998895, 10.246233900561643],
            [105.88730740176578, 10.247629611198915],
            [105.88468991645621, 10.249359729946407],
            [105.8833075720506, 10.25075984735014],
            [105.8832184091253, 10.254759721197315],
            [105.8824782240665, 10.256922330292275],
            [105.87988302930569, 10.259731555701421],
            [105.87729674170068, 10.26376261686163],
            [105.88018178716314, 10.26449392185937],
            [105.88285718769816, 10.26518061045054],
            [105.88498868197614, 10.266661023348076],
            [105.88822154531789, 10.268993141485767],
            [105.89138752205265, 10.272341889996474],
            [105.89280550335864, 10.27503073401929],
            [105.89108426560678, 10.276711864032364],
            [105.89018355025144, 10.278433021754672],
            [105.88752148713695, 10.28031927209991],
            [105.88609897552742, 10.281438470476965],
            [105.88456060687217, 10.282642402697771],
            [105.88389622764365, 10.28326222790659],
            [105.88260753221412, 10.284341381078212],
            [105.88062320411363, 10.28611161049562],
            [105.88006583249722, 10.286539662937372],
            [105.87843378266973, 10.288002246287359],
            [105.87615961802862, 10.289892947902963],
            [105.87343511931904, 10.291310969894838],
            [105.8693639919916, 10.2925416030517],
            [105.86786572403442, 10.292978661309668],
            [105.86667516466775, 10.293348767450539],
            [105.86606425214873, 10.293558316580848],
            [105.8654846128856, 10.293611824617862],
            [105.86490488581846, 10.293700991522376],
            [105.86399076651512, 10.293870465129423],
            [105.86268428794874, 10.294178116791569],
            [105.8617612194453, 10.294352014806018],
            [105.86073117285092, 10.29461069479146],
            [105.85980363401671, 10.294820221462805],
            [105.85833662320576, 10.295078835336325],
            [105.85723079515893, 10.295301825274906],
            [105.8560045540264, 10.295480160910229],
            [105.8542342867696, 10.295792304391146],
            [105.85346285761662, 10.295970724650951],
            [105.85234809885148, 10.296140167423909],
            [105.85072498187108, 10.29661279660844],
            [105.84864700780001, 10.296871459093932],
            [105.8454587294432, 10.297299483010725],
            [105.84284129281512, 10.297442156766419],
            [105.83754829714418, 10.298222548050521],
            [105.83683929085247, 10.300501134452249],
            [105.83618825093939, 10.30215992629008],
            [105.8357155832364, 10.305383885283309],
            [105.83397659571128, 10.306110674733766],
            [105.83186297419452, 10.307831921327645],
            [105.83068124511928, 10.30735028243454],
            [105.82953087837264, 10.307488573555018],
            [105.82794343592863, 10.307069387272593],
            [105.82663685198297, 10.306948959627665],
            [105.82565143308491, 10.307662444689973],
            [105.82463923415968, 10.308242153455321],
            [105.82219113130436, 10.308821847910934],
            [105.82147322553841, 10.309249932292948],
            [105.82147770460246, 10.311203015564441],
            [105.82182106997399, 10.312857272308971],
            [105.82367156317724, 10.314110308585725],
            [105.82454114100935, 10.314970917158448],
            [105.82729233761596, 10.31638890767539],
            [105.82823324170481, 10.316420136270558],
            [105.82945947900498, 10.317088957416145],
            [105.83009266783084, 10.317882717313198],
            [105.82817975973927, 10.318801289172923],
            [105.82708727974592, 10.31979120745322],
            [105.82530358146394, 10.321837901781333],
            [105.8234397242212, 10.322988364378444],
            [105.82199942672243, 10.322711884896323],
            [105.821134339867, 10.323429836187898],
            [105.81971188678568, 10.325882310395718],
            [105.81752694344082, 10.32665819649525],
            [105.81807543874699, 10.329030477162986],
            [105.81816009152344, 10.329369324860584],
            [105.8187843733518, 10.33265123387296],
            [105.81873537310926, 10.334149524064017],
            [105.81886463703121, 10.335349011044142],
            [105.81894051132264, 10.336798203788712],
            [105.81902516449436, 10.338220676830954],
            [105.81918130266811, 10.339638683265909],
            [105.81912334430599, 10.341400009317434],
            [105.81904746993969, 10.342782375854618],
            [105.81902516449436, 10.344882549134782],
            [105.81894490074541, 10.34564952578821],
            [105.81873537310926, 10.347031848305503],
            [105.81838305547635, 10.348249227662484],
            [105.81816009152344, 10.349332762831123],
            [105.81825379189038, 10.351852123561038],
            [105.81759824863458, 10.354527601652997],
            [105.8164300472801, 10.357653472070762],
            [105.81601081877707, 10.367289587885104],
            [105.81585477285444, 10.368591578457437],
            [105.81575220542813, 10.37000961097357],
            [105.82668146470785, 10.369510223265909],
            [105.8357155832364, 10.369068701751006],
            [105.8390287618856, 10.367499107657787],
            [105.8441478115187, 10.366629624169198],
            [105.84536958458156, 10.370049747726858],
            [105.85845256439661, 10.406739223029108],
            [105.87964663995288, 10.428811769330379],
            [105.88378914219119, 10.43317280004898],
            [105.88788710859527, 10.437631854986018],
            [105.891984985284, 10.442090933669197],
            [105.89573066691965, 10.44601053379034],
            [105.89705503063513, 10.447432957184855],
            [105.90225435521597, 10.452699152660351],
            [105.90705231505484, 10.457769137638099],
            [105.91850325988612, 10.469853302535375],
            [105.92466571811954, 10.4762298373844],
            [105.94077205507593, 10.493107560276835],
            [105.94174409564891, 10.536102187603063],
            [105.91734392818692, 10.537493472168435],
            [105.90954490776174, 10.537930431082433],
            [105.89868258228883, 10.551981040102513],
            [105.87174067227808, 10.585517919813514],
            [105.85343158837216, 10.611291552530473],
            [105.83435116065624, 10.638139825509164],
            [105.80905015196866, 10.652070003677645],
            [105.80745831670902, 10.65297966721583],
            [105.80023006478268, 10.654370905808548],
            [105.79897258187836, 10.654611702201265],
            [105.79345674091745, 10.6557086916968],
            [105.78745920570796, 10.656818973618996],
            [105.78456082226887, 10.657398668399429],
            [105.78035586947136, 10.658241452593675],
            [105.77171412001746, 10.665911062956518],
            [105.76978336806238, 10.668461659592051],
            [105.76940875491985, 10.668769395868383],
            [105.72455913780053, 10.710531110930905],
            [105.6797095499668, 10.752292788913206],
            [105.6738502844432, 10.757848814117576],
            [105.66960071506256, 10.761830804231998],
            [105.6623235029692, 10.768711211909308],
            [105.65936266888389, 10.771841456441747],
            [105.60357483016449, 10.823509131037664],
            [105.5948706577916, 10.831138586088544],
            [105.6120515262614, 10.831602381482218],
            [105.58869029518532, 10.879858727717505],
            [105.5826571357094, 10.891657525973834],
            [105.58088693128208, 10.892571666888996],
            [105.57282931112262, 10.896758793612348],
            [105.57224067519913, 10.897182333358202],
            [105.57106797155114, 10.89781111496712],
            [105.5701360046505, 10.898141088377402],
            [105.56857981512906, 10.898560189981078],
            [105.56709493537123, 10.89895261516137],
            [105.56524437699774, 10.899532295400379],
            [105.56391114964968, 10.900201156591121],
            [105.56069164021258, 10.901690541006921],
            [105.55921120972039, 10.90240840890853],
            [105.5580295577746, 10.902988118792477],
            [105.55724918878028, 10.903460814094547],
            [105.55621469529991, 10.904089515221123],
            [105.55473430227154, 10.904820777387403],
            [105.55285703861647, 10.905730480006222],
            [105.55227732445069, 10.905922213756646],
            [105.55179573647078, 10.90610945931414],
            [105.55039999744346, 10.906501884242898],
            [105.54621740822257, 10.908330080283205],
            [105.52984802533577, 10.91590171171695],
            [105.51502155917991, 10.923098646150418],
            [105.50110022096003, 10.950031644418763],
            [105.5000522864946, 10.952056093854498],
            [105.49764444854172, 10.953019220917989],
            [105.49622195560914, 10.94796258998659],
            [105.48326383517464, 10.9523860464574],
            [105.48231400363784, 10.954602254613562],
            [105.48389696965566, 10.958392482788426],
            [105.47836326775436, 10.962347665908776],
            [105.47330217191649, 10.964715471594147],
            [105.46508408284551, 10.96534861393637],
            [105.45576006710614, 10.955547536982225],
            [105.44264136762573, 10.96123736849972],
            [105.44058571869174, 10.963292977024675],
            [105.43710763694206, 10.967720883080693],
            [105.43410221719418, 10.971671648687495],
            [105.43190391912887, 10.972831000072945],
            [105.43110122952002, 10.97325013207844],
            [105.42683389730145, 10.97262142567395],
            [105.41813866563768, 10.954285652882204],
            [105.4107097832672, 10.94337866088817],
            [105.40675897939727, 10.936105864826507],
            [105.40802093880741, 10.931365874694677],
            [105.40249162306363, 10.928993585439258],
            [105.39901359313104, 10.927415078404763],
            [105.39616862636032, 10.928043844542374],
            [105.38431185783655, 10.917613990082243],
            [105.38288940084225, 10.912396809421832],
            [105.38020510164586, 10.9041787105835],
            [105.37854185626004, 10.903598989732743],
            [105.37656641029017, 10.902912316663686],
            [105.37356544159505, 10.904178677453457],
            [105.3711932265998, 10.901017176800066],
            [105.37034149612504, 10.899287077525006],
            [105.36900824084002, 10.89657150490215],
            [105.36961468708522, 10.891849260141768],
            [105.36645318406444, 10.88884381838473],
            [105.35949695713825, 10.88773801586013],
            [105.36013017447468, 10.882204269115721],
            [105.35238474822006, 10.878730632732557],
            [105.34795685483115, 10.869246140937609],
            [105.34273966442196, 10.867029930836551],
            [105.34021135535478, 10.864028931721851],
            [105.33894944833749, 10.85944503448589],
            [105.32709271392062, 10.866713294266457],
            [105.32456436917195, 10.866713368009314],
            [105.31909304302799, 10.869437851210847],
            [105.31352810197124, 10.872206984447981],
            [105.2896318119458, 10.884103852974075],
            [105.28520394650651, 10.887894050283487],
            [105.27502381521488, 10.889254103403912],
            [105.2733515960517, 10.889477046350397],
            [105.26988691790426, 10.892023155146928],
            [105.26467864865413, 10.895853568143366],
            [105.26278801971003, 10.89431962983036],
            [105.25170265717959, 10.892174816551798],
            [105.23931980891106, 10.88977582498164],
            [105.21372448470579, 10.898154430395206],
            [105.20068611724572, 10.907121742438894],
            [105.19770299918058, 10.909172901935385],
            [105.1946529882806, 10.909163943411851],
            [105.19345795696186, 10.909159542130823],
            [105.1852665822807, 10.909123835219795]
          ]
        ]
      },
      "id": "000000000000000000c1",
      "properties": {
        "ADM0_CODE": 264,
        "ADM0_NAME": "Viet Nam",
        "ADM1_CODE": 3343,
        "ADM1_NAME": "Dong Thap",
        "DISP_AREA": "NO",
        "EXP1_YEAR": 3000,
        "STATUS": "Member State",
        "STR1_YEAR": 1000,
        "Shape_Area": 0.279171466164,
        "Shape_Leng": 3.20659678542
      }
    },
    {
      "type": "Feature",
      "geometry": {
        "type": "MultiPolygon",
        "coordinates": [
          [
            [
              [104.82822633032372, 9.96567615186594],
              [104.828712328403, 9.959919463797384],
              [104.82862763264262, 9.95897413530635],
              [104.8283868155043, 9.956343273642394],
              [104.82831102586749, 9.955540631424878],
              [104.82823078329544, 9.954639846108163],
              [104.83258736417365, 9.948883168822764],
              [104.83525390032206, 9.949471782376913],
              [104.83694388779922, 9.949846347677845],
              [104.84081440611993, 9.955125922770073],
              [104.84182210853244, 9.956271898478159],
              [104.84419879410069, 9.95896524752285],
              [104.84516643712654, 9.963767702933206],
              [104.84545181457507, 9.966322702900241],
              [104.84564803413855, 9.968084054163278],
              [104.84620097737498, 9.968338223402041],
              [104.85193983768028, 9.970964669514958],
              [104.8521226153117, 9.972592234274218],
              [104.85242136634137, 9.975285488784923],
              [104.84806485930432, 9.975285493102684],
              [104.84599139669604, 9.975160633365203],
              [104.84042643261571, 9.974835126421517],
              [104.83983779420312, 9.97479944370502],
              [104.83950335166267, 9.97471030118255],
              [104.83451369598555, 9.97335919309648],
              [104.83268096826632, 9.971120751818464],
              [104.82822633032372, 9.96567615186594]
            ]
          ],
          [
            [
              [103.52323922677084, 9.322531113111182],
              [103.52438069721848, 9.320395179600322],
              [103.52937486957369, 9.318277137653338],
              [103.5342308517182, 9.315548174292351],
              [103.53493988403976, 9.31514684237425],
              [103.53468571218852, 9.315953942602505],
              [103.53448060998696, 9.31660936968465],
              [103.53288869605403, 9.318406405759218],
              [103.53276381838674, 9.320542328683615],
              [103.5332141728269, 9.3217819757769],
              [103.53452517820897, 9.322174338820451],
              [103.53513607327672, 9.322352723091123],
              [103.53547497036072, 9.322803072754489],
              [103.5351628143427, 9.322941329896262],
              [103.53366011615826, 9.323587888678059],
              [103.5333390509262, 9.324444041142993],
              [103.53285745456277, 9.325719360853379],
              [103.53277723280179, 9.325795122826536],
              [103.53150189877357, 9.32694557974935],
              [103.53149298533495, 9.32695452155071],
              [103.53137702243676, 9.32695451994116],
              [103.52967809839768, 9.326945572949068],
              [103.52877741554772, 9.325928949633774],
              [103.52821552886601, 9.32446192629376],
              [103.52697147961631, 9.323556662675365],
              [103.52550443987724, 9.32299035137201],
              [103.52459919707229, 9.322646991805502],
              [103.52323922677084, 9.322531113111182]
            ]
          ],
          [
            [
              [104.01626865588456, 9.930565181273517],
              [104.01643809143839, 9.930400173840573],
              [104.0168215143187, 9.930373437587487],
              [104.01666102394778, 9.929387998178061],
              [104.01671894925897, 9.92864774791539],
              [104.01762866323513, 9.927885277307379],
              [104.01873448168088, 9.927341246290036],
              [104.01950594692966, 9.927943206472044],
              [104.02047351742678, 9.928469415256112],
              [104.02094171625751, 9.928714637198047],
              [104.0212717415782, 9.929289917651285],
              [104.02223489563224, 9.92924083203707],
              [104.02279229507685, 9.929432543546525],
              [104.02287254377433, 9.929459322441094],
              [104.02297954210957, 9.929659995520858],
              [104.02326050170576, 9.930159445287325],
              [104.02328273403093, 9.930199578012338],
              [104.02328273403093, 9.930208475029302],
              [104.02336307158612, 9.931269721780698],
              [104.0230018629647, 9.93203224452074],
              [104.02236421423036, 9.932741231364982],
              [104.02161505377268, 9.933204999167586],
              [104.02092391298146, 9.933806921529936],
              [104.02048246332234, 9.933775760696678],
              [104.01984925476894, 9.93333879457677],
              [104.01924279796984, 9.933334339521416],
              [104.01814140407134, 9.933031068848932],
              [104.01750820616992, 9.932620871417841],
              [104.01640682600181, 9.931465934397654],
              [104.01626865588456, 9.930565181273517]
            ]
          ],
          [
            [
              [104.00731472789062, 9.999199646957605],
              [104.00737273787269, 9.997527492051693],
              [104.00754216258497, 9.99670703433471],
              [104.00787215610954, 9.996573290216263],
              [104.00787658436936, 9.995177597512068],
              [104.00762683073607, 9.995177595634786],
              [104.00760460091315, 9.99367038530119],
              [104.00896461208394, 9.992252397678199],
              [104.00954427705116, 9.991761929549108],
              [104.00949078304001, 9.991240208714313],
              [104.010734878393, 9.991106450989006],
              [104.01076162563541, 9.990669438397541],
              [104.01112280247904, 9.99028590581607],
              [104.01175597130933, 9.990290365617787],
              [104.01214841520861, 9.990486574449145],
              [104.01229552660145, 9.990557939414265],
              [104.01327208094933, 9.991048444485433],
              [104.01329882867988, 9.991061782922623],
              [104.01330777411408, 9.991066311021624],
              [104.01437352486501, 9.991873379005773],
              [104.0145697060853, 9.992020537657055],
              [104.01456527761226, 9.99206957285411],
              [104.01453401259663, 9.994374953853805],
              [104.01403457042454, 9.995387118347532],
              [104.01275926949427, 9.997081588395478],
              [104.01118081405072, 9.998660128275224],
              [104.00979846245176, 9.999288843273066],
              [104.00901810589255, 10.00065337165225],
              [104.00810844825062, 10.0013355912522],
              [104.00769378592138, 10.001442584300463],
              [104.00741728601278, 10.001389133554992],
              [104.00731472789062, 9.999199646957605]
            ]
          ],
          [
            [
              [104.54435105212174, 10.028518268888146],
              [104.55008097036927, 10.0168844877011],
              [104.55055808818828, 10.015627047017354],
              [104.55087919013282, 10.014213492746634],
              [104.55300610778144, 10.01440072595142],
              [104.5534787898655, 10.01444533846173],
              [104.55636834364391, 10.01469948612289],
              [104.55660464533025, 10.014721791107588],
              [104.55714863847051, 10.014770868154885],
              [104.55730475126275, 10.015792015623823],
              [104.55976168211087, 10.016344892930869],
              [104.56055097387544, 10.017655877167849],
              [104.56071144651877, 10.017923458378519],
              [104.56071589174678, 10.017936801454223],
              [104.56083635747584, 10.01889999238597],
              [104.56091654947582, 10.01952429725798],
              [104.5615765792662, 10.02476372996651],
              [104.56101914551147, 10.027831557934222],
              [104.55893674417123, 10.031345320466338],
              [104.55889220351875, 10.031421168652946],
              [104.55772383845452, 10.033387645675713],
              [104.55527583100141, 10.037521169757763],
              [104.55449545698416, 10.03883659935904],
              [104.55425915860977, 10.038520067035574],
              [104.55417888125552, 10.037654972531918],
              [104.55354573179659, 10.037106510709235],
              [104.55283221946671, 10.037102071232026],
              [104.55116455539316, 10.036865674903018],
              [104.54894387678549, 10.036156742279516],
              [104.54703987990911, 10.034578152131113],
              [104.54522053555394, 10.032375422968952],
              [104.54450706273418, 10.030877133413279],
              [104.54435105212174, 10.028518268888146]
            ]
          ],
          [
            [
              [104.38318574374166, 9.701082026375687],
              [104.3834800220049, 9.700359638111928],
              [104.3839571376555, 9.70005196529707],
              [104.38403741187246, 9.697826870500737],
              [104.3845012094528, 9.696850368229383],
              [104.3849604797251, 9.696591667393623],
              [104.38535288522091, 9.697033124575375],
              [104.38584332696652, 9.697581616695626],
              [104.38656127696493, 9.69887032447167],
              [104.38739955574322, 9.699762149404652],
              [104.38803723690604, 9.700225871320342],
              [104.38899593949229, 9.700716407029123],
              [104.38904495816996, 9.701046383051692],
              [104.38879080716005, 9.701581481212537],
              [104.38817994075688, 9.702071913067519],
              [104.38782766585199, 9.70291470548753],
              [104.38800606763287, 9.703307083218228],
              [104.38803279683823, 9.703886789016682],
              [104.38798821856489, 9.705657087065951],
              [104.38831820467004, 9.705960281784883],
              [104.38872393940981, 9.706308114002772],
              [104.38886664392828, 9.70734260335474],
              [104.38866151177672, 9.708439557195412],
              [104.38814868265199, 9.708435089470493],
              [104.38735497766223, 9.708435060828279],
              [104.38660141478033, 9.708176418953082],
              [104.38633385915179, 9.70764578812892],
              [104.38500505707867, 9.707222179273165],
              [104.38488908494803, 9.70779740165243],
              [104.38523691281532, 9.708087259594889],
              [104.38520121535517, 9.708751656489644],
              [104.385156637942, 9.709496357925198],
              [104.38460377258497, 9.709937754004102],
              [104.38421580904506, 9.710013594262763],
              [104.3838679835988, 9.709937818842791],
              [104.38379214941392, 9.709919932892305],
              [104.38369411558433, 9.709897692894172],
              [104.38367182710505, 9.709866426182051],
              [104.38334629137515, 9.709407155319735],
              [104.38337745965845, 9.708800749329372],
              [104.38372528394153, 9.707882125520028],
              [104.38422024899737, 9.707592284126841],
              [104.38433169184434, 9.70658453839461],
              [104.38413553473049, 9.705924572808904],
              [104.38377882959628, 9.705211163688219],
              [104.3832124720689, 9.70384666179187],
              [104.3832303205559, 9.7027408393878],
              [104.38318574374166, 9.701082026375687]
            ]
          ],
          [
            [
              [104.39490875794074, 9.636737199379066],
              [104.39523423050584, 9.635684839404457],
              [104.39553297321655, 9.634748470449852],
              [104.39564895375484, 9.634043911677823],
              [104.39568012465018, 9.633843272845619],
              [104.39582727623119, 9.633696053835482],
              [104.39603685870112, 9.63361138941285],
              [104.3963578934455, 9.633700555113275],
              [104.39758866633967, 9.633919066306701],
              [104.3976867094465, 9.633936839357752],
              [104.39772685030259, 9.633936876667654],
              [104.39856963319718, 9.633994838582463],
              [104.39899768705503, 9.63416874213032],
              [104.39986720859397, 9.63452549356467],
              [104.40057181699144, 9.634409511641046],
              [104.40083930974521, 9.634115215009276],
              [104.40102216778749, 9.631716217174198],
              [104.40099090695016, 9.631569114266236],
              [104.40123619813066, 9.631123208389297],
              [104.40137438552188, 9.630868986631315],
              [104.40161070757598, 9.630753077569773],
              [104.40174010316446, 9.632211176353216],
              [104.40178468561045, 9.632741858384549],
              [104.40219489803378, 9.633152060776618],
              [104.402136905171, 9.634235641714325],
              [104.40236434744838, 9.635417267156656],
              [104.4026942770311, 9.637107303816318],
              [104.4028058227048, 9.637686972347792],
              [104.40359055246233, 9.637691438526705],
              [104.40407661453939, 9.637691436478375],
              [104.40442892839901, 9.638012510387444],
              [104.40488817215815, 9.63803482498832],
              [104.40612336824739, 9.63808828101995],
              [104.4064310143275, 9.638101713757282],
              [104.40687250178607, 9.638248805386125],
              [104.40723814428264, 9.6400325028274],
              [104.40746106497765, 9.64112046004967],
              [104.40732731252014, 9.64108931269544],
              [104.40693049651541, 9.641000067171111],
              [104.4064577468839, 9.640384736316765],
              [104.40569085305034, 9.640063700563928],
              [104.40498630894312, 9.639064844625697],
              [104.40451365436859, 9.638654628973699],
              [104.40339436963049, 9.638391552222155],
              [104.40277456148837, 9.638770554796052],
              [104.40250253589954, 9.638641259538414],
              [104.40065654073929, 9.638355854587486],
              [104.40053611580414, 9.638271100618624],
              [104.39992076013455, 9.637740492095208],
              [104.39862318426512, 9.637593340293487],
              [104.39735226194342, 9.637736057639815],
              [104.39620630101822, 9.637294608773733],
              [104.39508707951875, 9.6371206864726],
              [104.39493992867905, 9.636973515170222],
              [104.39490875794074, 9.636737199379066]
            ]
          ],
          [
            [
              [104.32339809094162, 10.321021907821466],
              [104.32347389377072, 10.319898233046219],
              [104.32340261780736, 10.318667548638647],
              [104.3242854480816, 10.317102343099524],
              [104.32447273731681, 10.316772436977057],
              [104.32480275751357, 10.316585126867208],
              [104.32514609292951, 10.31638887461356],
              [104.32545818446076, 10.316210548789348],
              [104.3260735819254, 10.315862720641405],
              [104.32628315318382, 10.31482822036565],
              [104.32628759137553, 10.314810416211461],
              [104.32639020240566, 10.314689994135279],
              [104.32724633272332, 10.313722370177],
              [104.32773231873809, 10.312821637482992],
              [104.3278170890677, 10.312669984084843],
              [104.32793301590206, 10.312625473048376],
              [104.32825407868125, 10.31250056728983],
              [104.32845477656498, 10.31242479407872],
              [104.32930639198271, 10.312389068054653],
              [104.33026959153689, 10.313057977683936],
              [104.33047916883952, 10.313200641750766],
              [104.33177232339521, 10.313998867921482],
              [104.3319684989985, 10.314119273950297],
              [104.3319774644962, 10.314203970279701],
              [104.33214239424528, 10.31541682052607],
              [104.33309664699975, 10.31640225631034],
              [104.33397953609521, 10.31648699056924],
              [104.33465737414704, 10.316549416452888],
              [104.33580329690787, 10.317748979683069],
              [104.3359326343292, 10.317887161443254],
              [104.33595491553007, 10.317900592041344],
              [104.33617346677256, 10.318061037671313],
              [104.33674869663048, 10.318484672122676],
              [104.33756023619715, 10.319996327989836],
              [104.33777426253516, 10.321124497264918],
              [104.33727483864537, 10.32182458632694],
              [104.33493380089001, 10.321717536877342],
              [104.33432733160038, 10.321748777238925],
              [104.33401078262017, 10.322101043411422],
              [104.33322598201718, 10.322096593768716],
              [104.33258836238195, 10.32164170406573],
              [104.33248574698109, 10.320691964522648],
              [104.33050144920583, 10.319104482491236],
              [104.32997080459555, 10.31871653031032],
              [104.32841012769738, 10.31868090360753],
              [104.32826748220225, 10.318993036914014],
              [104.32783936902639, 10.31902874455043],
              [104.32627871499226, 10.319166907384515],
              [104.32606461679147, 10.319835788013584],
              [104.3255295501951, 10.321169032717089],
              [104.32474479533225, 10.32186912659158],
              [104.32391087033487, 10.32168629601355],
              [104.32382175292776, 10.321668529128488],
              [104.32361218521652, 10.321619469596676],
              [104.32339809094162, 10.321021907821466]
            ]
          ],
          [
            [
              [104.49643352228392, 10.101357710898004],
              [104.49688834141098, 10.101335409281983],
              [104.49713361373149, 10.101322046769594],
              [104.49719155493277, 10.101393318719143],
              [104.49752605028316, 10.101825863102247],
              [104.49804325764137, 10.101932937687984],
              [104.49809675582439, 10.101941860634435],
              [104.49839997180227, 10.102008751052326],
              [104.4984624457453, 10.102022097241946],
              [104.49912237835434, 10.102601799473033],
              [104.49923381891868, 10.102833622079434],
              [104.49972437167463, 10.103859226133823],
              [104.49975112106512, 10.103917169519203],
              [104.50000084151989, 10.104434434072871],
              [104.50000972837651, 10.104452335937058],
              [104.50029064218715, 10.105036414171337],
              [104.50110663715323, 10.105852443079641],
              [104.50157488981854, 10.10600403199854],
              [104.50211886102412, 10.105928239829911],
              [104.50258711686456, 10.105776645699441],
              [104.50273872933793, 10.105558186093281],
              [104.5028234226565, 10.105428805024982],
              [104.50343431796391, 10.105558129600782],
              [104.50356362475407, 10.105584873555598],
              [104.50407196593544, 10.106164606200878],
              [104.50473192334451, 10.106320679917948],
              [104.50485234411286, 10.10611109915237],
              [104.5048879815692, 10.106048621188885],
              [104.50547657849332, 10.106048682330778],
              [104.50544094089653, 10.106556987201547],
              [104.5054364973065, 10.106668476564115],
              [104.5051242910023, 10.107208028524589],
              [104.50441980738438, 10.107827835286066],
              [104.50422357991654, 10.108327277587373],
              [104.5037954885503, 10.108634961499448],
              [104.50340312438387, 10.109330582045224],
              [104.50289478547953, 10.110026153685054],
              [104.50207433724862, 10.110182276753543],
              [104.50136977915159, 10.111916849276342],
              [104.50086144717105, 10.112148697593476],
              [104.50027731187731, 10.112072910142567],
              [104.49977342703892, 10.111644827659616],
              [104.49926510049556, 10.11133714341959],
              [104.49907332320407, 10.109673908697784],
              [104.4989930754115, 10.109285958359989],
              [104.49848919490958, 10.107854553505513],
              [104.4978693442454, 10.10727494808994],
              [104.49768654433336, 10.106481179907442],
              [104.497673125389, 10.106423221185578],
              [104.497780210376, 10.106271626681213],
              [104.4980253952955, 10.105923800459317],
              [104.4980253952955, 10.104916014983349],
              [104.49775346133886, 10.104416619541414],
              [104.49744127110372, 10.103988559376656],
              [104.49717378155576, 10.1024813748869],
              [104.49643352228392, 10.101357710898004]
            ]
          ],
          [
            [
              [104.01354407549557, 9.984003078129058],
              [104.01362883587156, 9.983151353343448],
              [104.01423969666087, 9.98219709548074],
              [104.01440912974311, 9.98101995534103],
              [104.01457413455849, 9.98036444666063],
              [104.01609913196666, 9.9785362035757],
              [104.01648707101751, 9.978482736258227],
              [104.01659858155216, 9.978072472384552],
              [104.01737003495883, 9.97785399087881],
              [104.01767773180482, 9.977443693384657],
              [104.01773565753935, 9.976132779000022],
              [104.01748597476708, 9.976047987612272],
              [104.01771333752869, 9.973421639815314],
              [104.01810128108062, 9.973203124204108],
              [104.0196218885175, 9.973207582164532],
              [104.01978681094259, 9.973484081365708],
              [104.02061620895806, 9.97340374727227],
              [104.02099973192414, 9.973105054227197],
              [104.02149911052459, 9.972998011697612],
              [104.02244003395747, 9.972039327411457],
              [104.02260947702484, 9.971218835680348],
              [104.02299743422331, 9.970755081520997],
              [104.02393385043497, 9.970376034189897],
              [104.02403190346152, 9.969912321718857],
              [104.02439311475473, 9.969609105027642],
              [104.02470073854914, 9.969091800377754],
              [104.02550341575513, 9.968356096611755],
              [104.02593150625123, 9.968284708213899],
              [104.02632833039796, 9.968222304301857],
              [104.02696599728172, 9.968605753115785],
              [104.02715324992559, 9.96934596043251],
              [104.0270596235722, 9.969885510498063],
              [104.02701506914231, 9.970139717735178],
              [104.02654242103763, 9.971067192219781],
              [104.02590475609271, 9.971530937309964],
              [104.02562830856343, 9.97284190191217],
              [104.02532059414403, 9.972895443726891],
              [104.02518232660239, 9.974099382842189],
              [104.02445104328372, 9.974099428869419],
              [104.02407645693722, 9.974264388096026],
              [104.0238535125505, 9.974509657098729],
              [104.02376883452177, 9.975080396601143],
              [104.02418354477312, 9.975521873256854],
              [104.0243707936766, 9.976779287584165],
              [104.02423252707786, 9.977711234990679],
              [104.02377326328771, 9.977983311994947],
              [104.02360833614001, 9.97907573547047],
              [104.0233585542582, 9.979543973367916],
              [104.02244446268112, 9.980061249312556],
              [104.02189158190922, 9.980056778325563],
              [104.02161505377268, 9.980738990010973],
              [104.02095066218315, 9.980877218387139],
              [104.02070097364275, 9.98142126243225],
              [104.02039327011218, 9.982023196267166],
              [104.02006333544725, 9.982540467756891],
              [104.01981355992578, 9.982950738304073],
              [104.0195638734252, 9.983334216085291],
              [104.01887274281908, 9.983797920087284],
              [104.01807010384195, 9.984123435368149],
              [104.01726746949471, 9.984613947485293],
              [104.01625076463583, 9.98451142794735],
              [104.01530988305008, 9.984417737432999],
              [104.01359757106647, 9.98419483464067],
              [104.01354407549557, 9.984003078129058]
            ]
          ],
          [
            [
              [104.39482847777904, 9.65961238224271],
              [104.3948997885842, 9.65943405747617],
              [104.39537694135043, 9.659322509651393],
              [104.39603241839146, 9.66041499304612],
              [104.39688860138244, 9.662122859351086],
              [104.39701337486206, 9.662372566749609],
              [104.3971873474564, 9.6623725437191],
              [104.39734338124474, 9.662377007083483],
              [104.40048709329241, 9.662381518218458],
              [104.40085271991931, 9.662996833261511],
              [104.40121834745528, 9.663362523922387],
              [104.40172669290942, 9.663652294308006],
              [104.40275227011364, 9.663870836125461],
              [104.40304214705885, 9.664307779248768],
              [104.40271212788564, 9.665431482248783],
              [104.40244907222888, 9.665908654787593],
              [104.40219933852957, 9.666372352404176],
              [104.401575094946, 9.666519565771155],
              [104.40113806384751, 9.666769237741484],
              [104.40099090695016, 9.667134884877447],
              [104.4005495259506, 9.667531747005542],
              [104.4007322948235, 9.667821625931436],
              [104.40117820564592, 9.668053469988257],
              [104.40171772313688, 9.668329921089189],
              [104.40237766895152, 9.668838228509573],
              [104.40243566190922, 9.66930202210343],
              [104.4025203867308, 9.669966400713065],
              [104.4028860184126, 9.6702206123044],
              [104.40292172017034, 9.671125803809598],
              [104.40306887899955, 9.671451306958897],
              [104.40367527794908, 9.671455728489404],
              [104.40379570545448, 9.67145573837753],
              [104.40386702060924, 9.671647474455012],
              [104.40394286515797, 9.671852593335682],
              [104.40407217398693, 9.671852639043967],
              [104.40463843431827, 9.671852639759848],
              [104.40467413650127, 9.672146876552073],
              [104.40646227632084, 9.673127928153294],
              [104.406426573704, 9.674251645415913],
              [104.4060787844866, 9.674193601072519],
              [104.40598508758312, 9.674180287660482],
              [104.40551242980041, 9.673778982582256],
              [104.40467413650127, 9.673194818105085],
              [104.40426835772263, 9.673484664408438],
              [104.40338992909862, 9.673520296224861],
              [104.4027701209752, 9.673917174654767],
              [104.40240448958149, 9.674064345369674],
              [104.40225733141698, 9.674644010361497],
              [104.40192731400461, 9.675259356155625],
              [104.4015259832784, 9.675402089203308],
              [104.40148593019457, 9.67576769286695],
              [104.40115591451315, 9.675839016822126],
              [104.40123619813066, 9.676200248228515],
              [104.40126737021077, 9.67634734742173],
              [104.40101772732724, 9.676409789384055],
              [104.40082598838141, 9.676454370538751],
              [104.40046480226441, 9.675839031565747],
              [104.3998047762255, 9.67562058940736],
              [104.39947929353903, 9.674858041198446],
              [104.39937227960716, 9.673622894411304],
              [104.39970229128552, 9.673114508913363],
              [104.39981374588135, 9.672244994617815],
              [104.40028638535325, 9.672245010353391],
              [104.40025521348107, 9.669489255564594],
              [104.3996710307288, 9.668401283266617],
              [104.39919839323503, 9.667201802978886],
              [104.39847150069377, 9.665422571240372],
              [104.39752179458421, 9.664080417362893],
              [104.39632228208795, 9.66218970279839],
              [104.39588526660503, 9.661248906262243],
              [104.39497118822953, 9.659839805201786],
              [104.39482847777904, 9.65961238224271]
            ]
          ],
          [
            [
              [104.52411113946064, 10.184800862435266],
              [104.52412456077856, 10.184765210182192],
              [104.52421815450582, 10.184488688901693],
              [104.52448124829743, 10.184408481183752],
              [104.52542216791615, 10.184127555839957],
              [104.52620692392992, 10.183454176276705],
              [104.5266528563222, 10.182883404186926],
              [104.52720580722102, 10.1826248056208],
              [104.52740197595341, 10.181764210224241],
              [104.52742428605205, 10.181657152384316],
              [104.52749566061308, 10.181559037234988],
              [104.52767396383685, 10.18132274623775],
              [104.52794150795546, 10.18096597653343],
              [104.52834282502891, 10.18101955518539],
              [104.52867285690698, 10.18091693826527],
              [104.52890022645018, 10.180270386989884],
              [104.52891364819709, 10.18023024220549],
              [104.52926590281892, 10.179904787341343],
              [104.52933727825699, 10.179837890181007],
              [104.5301933417321, 10.179414224837505],
              [104.53040293625489, 10.178897011922517],
              [104.53044311301622, 10.178727556153866],
              [104.53055902125527, 10.178263765868202],
              [104.53119225159114, 10.17568199072047],
              [104.53125465034562, 10.173158155092603],
              [104.5309603453366, 10.172493728676972],
              [104.53051893334958, 10.171896193864686],
              [104.53047875656793, 10.170081383240156],
              [104.53046986790088, 10.169715734133895],
              [104.53056346559138, 10.169737985478886],
              [104.53072843944074, 10.169769256570527],
              [104.53158015538055, 10.169167255578994],
              [104.5318298400875, 10.168993294372523],
              [104.5330873364563, 10.169564114645565],
              [104.53376511066116, 10.170344404930779],
              [104.53428679888587, 10.170656566461338],
              [104.53486208914583, 10.171432487252016],
              [104.5348308890149, 10.171592947969533],
              [104.53471933304425, 10.171646499155344],
              [104.53383648824094, 10.172083466218572],
              [104.5333949788994, 10.172627476852094],
              [104.53335044581671, 10.173314158393719],
              [104.53333257925432, 10.173563914880479],
              [104.53331471269406, 10.173849296212286],
              [104.53338609005948, 10.17461183388604],
              [104.53338164563974, 10.174665304362506],
              [104.53336377907361, 10.174906075485154],
              [104.53313640276147, 10.175030939064833],
              [104.53302049253016, 10.175026508435772],
              [104.53208405847899, 10.1750086206142],
              [104.53161135483526, 10.175891584356997],
              [104.53155784466335, 10.176979572139887],
              [104.53171393086603, 10.177340779016916],
              [104.5319235275145, 10.177755427273175],
              [104.53239169886403, 10.17895051839159],
              [104.53275738374857, 10.17905306152783],
              [104.53277516135442, 10.179093213556955],
              [104.53283320525215, 10.179222530363202],
              [104.53312298063655, 10.179886949651776],
              [104.53343515646239, 10.18014556534449],
              [104.53360902232365, 10.180448792329987],
              [104.53369826643296, 10.180613745113602],
              [104.5336892886865, 10.180636042221028],
              [104.53322555770127, 10.181750826867301],
              [104.53313640276147, 10.18241970128551],
              [104.53310075857803, 10.182696175425699],
              [104.53307844763462, 10.1828031496189],
              [104.53274849494645, 10.184395081265182],
              [104.53228023359527, 10.185224429974028],
              [104.53116105222362, 10.186843115935329],
              [104.5304966227903, 10.186883249688613],
              [104.52944874133783, 10.187186429064267],
              [104.52820905255169, 10.187650189995649],
              [104.52788799909352, 10.187873129042133],
              [104.5275625020759, 10.187944505649645],
              [104.52721469569451, 10.18792223389013],
              [104.52687133434702, 10.187993583389119],
              [104.5266216578996, 10.188171928400518],
              [104.52632291777708, 10.18809166495424],
              [104.52625154377469, 10.187650248062518],
              [104.52582792243778, 10.187400459997434],
              [104.52570757366547, 10.186691528228936],
              [104.52553362808491, 10.186294618758806],
              [104.52531515201079, 10.186044903352581],
              [104.5251635166479, 10.185804161648456],
              [104.52489597748978, 10.185732811657573],
              [104.52466408097817, 10.185434002576196],
              [104.52437423306428, 10.18526459301721],
              [104.52411113946064, 10.185108545167042],
              [104.52411113946064, 10.184800862435266]
            ]
          ],
          [
            [
              [103.45860895043064, 9.304583227686482],
              [103.45918420657615, 9.303009168746273],
              [103.46032123144924, 9.30267920253755],
              [103.46007602626109, 9.302433924721408],
              [103.45998235447419, 9.302340275065326],
              [103.46088758665378, 9.302228825361906],
              [103.46326425931196, 9.302576659497712],
              [103.46586837368332, 9.303263346548924],
              [103.46983696406512, 9.302719275602263],
              [103.47005995887291, 9.303620076364728],
              [103.47077790244687, 9.30389208361924],
              [103.47096517355524, 9.303963383888975],
              [103.47255262246155, 9.30408376578532],
              [103.4738010894029, 9.303410459779828],
              [103.47505415551228, 9.301840833896213],
              [103.47562489785383, 9.30082863733469],
              [103.47558034986783, 9.300302499688714],
              [103.47551789449943, 9.299593444322289],
              [103.47529047958552, 9.299704973576482],
              [103.47438973344667, 9.29834942129816],
              [103.47472864825811, 9.297350513009453],
              [103.47496047285262, 9.296663884262953],
              [103.47372531479881, 9.296659400305055],
              [103.4737164053314, 9.296659409959762],
              [103.4737164053314, 9.296650482114174],
              [103.47349349242117, 9.295758611281137],
              [103.47248125917501, 9.293502365977654],
              [103.47238316779978, 9.290911631345743],
              [103.473640630777, 9.287651973408611],
              [103.47580326637944, 9.28574798814954],
              [103.47751110013951, 9.285756870047525],
              [103.47761369438422, 9.285756921852682],
              [103.47765383230953, 9.285797046945016],
              [103.47874179537207, 9.287000938511387],
              [103.47930364414964, 9.287420117368457],
              [103.47964698267997, 9.287678775951367],
              [103.48061463412843, 9.28768324034592],
              [103.4806681820133, 9.28768317948125],
              [103.48180072056299, 9.287348830177484],
              [103.48208169540324, 9.286354370504945],
              [103.48214856485863, 9.286113614580284],
              [103.48532349229214, 9.285337707844793],
              [103.48712046747421, 9.288610672043218],
              [103.4885830149641, 9.290755528713236],
              [103.49004116779915, 9.294362957482408],
              [103.49083491871775, 9.294706303908322],
              [103.49298416690306, 9.29516560244908],
              [103.49433526216187, 9.297756368606901],
              [103.49476783795353, 9.299633587496267],
              [103.49478116021685, 9.299673747497687],
              [103.49487035765745, 9.29972282438765],
              [103.49654253430079, 9.300561082580082],
              [103.49658717773394, 9.300583428498445],
              [103.49702417246802, 9.300627953119344],
              [103.49788916699669, 9.30072164308294],
              [103.49874084462812, 9.300815261520269],
              [103.49965058333535, 9.300369351537714],
              [103.50124244291851, 9.298799764791374],
              [103.50215211095231, 9.297680536246041],
              [103.50344965624635, 9.297042915639805],
              [103.5035166249707, 9.29700720619004],
              [103.50408290471033, 9.297234653175673],
              [103.50543402745242, 9.298478736865274],
              [103.50394464328676, 9.299428490477005],
              [103.50350321357648, 9.299709410776604],
              [103.50134946754595, 9.30048979215012],
              [103.50100165988762, 9.301613426562438],
              [103.50115774088523, 9.30179178670956],
              [103.50190682641166, 9.302630148599599],
              [103.50280308778552, 9.30510939332017],
              [103.50437716292129, 9.307254201753027],
              [103.50562126048727, 9.307709048875006],
              [103.5057907586751, 9.307816053773177],
              [103.50743166434714, 9.308846094277204],
              [103.50787310742749, 9.311771297637549],
              [103.50854202493943, 9.314139082664132],
              [103.50877382185317, 9.315311848558782],
              [103.50898347179756, 9.316390898696236],
              [103.50861331987299, 9.317920401708564],
              [103.50856876053491, 9.31810317584653],
              [103.50840825880839, 9.318754225057747],
              [103.50681631125833, 9.319757545434491],
              [103.50676725254867, 9.319770921112069],
              [103.50386885103097, 9.320310455663542],
              [103.5010418050669, 9.31939633892063],
              [103.50002512120243, 9.318268222385585],
              [103.49855803300407, 9.316912653754887],
              [103.49742543604168, 9.316457779170879],
              [103.49652021258997, 9.31690373763805],
              [103.49628393795804, 9.318250321617521],
              [103.49412572413242, 9.319592586011701],
              [103.48913599596656, 9.320359552862634],
              [103.48573812915367, 9.320796484444852],
              [103.48312955609457, 9.320671628823588],
              [103.48086437741861, 9.32021235118688],
              [103.47792580016262, 9.319075255015246],
              [103.47452796330012, 9.318384111692987],
              [103.47158494318303, 9.317470036117527],
              [103.47000641538511, 9.316337432818889],
              [103.46571233527146, 9.313505893787008],
              [103.46164561213658, 9.309889563697944],
              [103.4595052644801, 9.307512883032889],
              [103.45860895043064, 9.304583227686482]
            ]
          ],
          [
            [
              [104.01003032953969, 9.963959370826746],
              [104.01027557058951, 9.963629421936535],
              [104.01066349339374, 9.963384164000761],
              [104.01087313157896, 9.9633128601265],
              [104.01113617613693, 9.963223646334448],
              [104.01118967078135, 9.96324591148962],
              [104.01168467435333, 9.963442144049592],
              [104.01188085177999, 9.963335142988612],
              [104.01290647010183, 9.961912654089499],
              [104.01309370383144, 9.959589459978133],
              [104.01309370383144, 9.958769041366875],
              [104.01188085177999, 9.958162551973988],
              [104.0117738619798, 9.957395600707565],
              [104.01144385919092, 9.957342083546898],
              [104.01111385718542, 9.956954182294897],
              [104.01135910014695, 9.95674013642161],
              [104.0117738619798, 9.957150386202423],
              [104.01213504145335, 9.957150341126143],
              [104.01246495731478, 9.956575108353636],
              [104.01246947428906, 9.956031093479783],
              [104.01285297479681, 9.955701130482987],
              [104.01285740321532, 9.95534885023672],
              [104.0137135077303, 9.95513039330422],
              [104.01373139865265, 9.95274921705208],
              [104.0136244074285, 9.951656775886853],
              [104.01326765251761, 9.950943247736529],
              [104.01252296944651, 9.950965564723777],
              [104.0117515429259, 9.95063561143596],
              [104.01167130064267, 9.94937812001172],
              [104.01136804545635, 9.949186394783469],
              [104.01043162524954, 9.948744925082105],
              [104.01073930674403, 9.948031473669511],
              [104.01090430720426, 9.947625746797343],
              [104.01253634323909, 9.946725002816342],
              [104.01364220977051, 9.946564438119335],
              [104.01433340296103, 9.945717212331308],
              [104.01447608819531, 9.944923476213196],
              [104.01480600961106, 9.945556674828413],
              [104.01625519316254, 9.945476424496967],
              [104.01708465869953, 9.944687130891657],
              [104.01796753786178, 9.944441890657671],
              [104.01885485123547, 9.943759680944758],
              [104.01891286603224, 9.941735264654891],
              [104.0199116986233, 9.941275963320766],
              [104.02032639738536, 9.940892444926934],
              [104.02074109738295, 9.940072003784346],
              [104.02190043932177, 9.939857955991151],
              [104.02260495972136, 9.93936301459484],
              [104.02275659947904, 9.939255953574962],
              [104.0234477493681, 9.940080898606226],
              [104.02348787389992, 9.940214661469703],
              [104.02363951461912, 9.94070967501829],
              [104.02380001303683, 9.941119906857354],
              [104.02426822305401, 9.94153461716448],
              [104.0242949728982, 9.941726330673829],
              [104.02491030930899, 9.94176647222029],
              [104.02512439776923, 9.941779831483121],
              [104.02535629039906, 9.942417471388838],
              [104.025369665425, 9.94246655042895],
              [104.02556134474591, 9.943313807482424],
              [104.02581113057839, 9.943505528115683],
              [104.02585125579111, 9.943536755480189],
              [104.02590918492655, 9.943969233212462],
              [104.02598500658365, 9.94457567825439],
              [104.02603850693663, 9.945587917849359],
              [104.0255926122387, 9.94684535829814],
              [104.02473643464529, 9.947857618598734],
              [104.02354589062755, 9.948071641038764],
              [104.0224132844696, 9.948343662067082],
              [104.02219025417145, 9.94899910853652],
              [104.02174888907061, 9.95000691502331],
              [104.02167749841917, 9.950582076278737],
              [104.02153480579999, 9.951594343007189],
              [104.02172656841636, 9.952281007934747],
              [104.02166855244681, 9.953373534326872],
              [104.02188706462904, 9.954198474126294],
              [104.02238201769062, 9.954278734335194],
              [104.0230018629647, 9.955206217555038],
              [104.02304198736805, 9.955268638778085],
              [104.02310886139932, 9.955576286082072],
              [104.02332737584197, 9.956579569139642],
              [104.02324260955821, 9.95740004850309],
              [104.02321143116797, 9.959045460777505],
              [104.0227387959709, 9.959482459391626],
              [104.02254260323342, 9.960793481463615],
              [104.02185136926332, 9.961038662063418],
              [104.02093728758166, 9.96256816892038],
              [104.01982693441929, 9.964342889028652],
              [104.018631915211, 9.966362834295403],
              [104.01782927762301, 9.96723685461051],
              [104.01719608114205, 9.967125377736203],
              [104.01658963590629, 9.966715114087831],
              [104.01628645856505, 9.966741907717374],
              [104.01610364905898, 9.967094169139596],
              [104.01597876479615, 9.967477658843443],
              [104.01566221469179, 9.967807580693464],
              [104.01530545455347, 9.967615870958012],
              [104.0147926356002, 9.967611405001163],
              [104.01437795333193, 9.968048409183195],
              [104.01374034411471, 9.968431844114967],
              [104.01349057994527, 9.96878413601252],
              [104.01307590155965, 9.968730653136223],
              [104.01263890521435, 9.96834718611569],
              [104.0119209729763, 9.96836949609229],
              [104.01101129633521, 9.96814647877361],
              [104.01072150477371, 9.967874460506685],
              [104.01040487807063, 9.967245781847987],
              [104.01065463669663, 9.96634053582879],
              [104.0106590650451, 9.965983799067418],
              [104.01038255923652, 9.965408579802817],
              [104.01055207618526, 9.964124355536214],
              [104.01003032953969, 9.963959370826746]
            ]
          ],
          [
            [
              [104.60622552841807, 9.797626043015457],
              [104.60633251285599, 9.79742984306914],
              [104.6067695223912, 9.796613836849144],
              [104.60749191596534, 9.796167914950175],
              [104.60795560854481, 9.795882490305587],
              [104.60884297815791, 9.796011790636008],
              [104.60932908602143, 9.796506789244791],
              [104.60971256628389, 9.79690363768651],
              [104.60996220249507, 9.797024024770032],
              [104.61029668186715, 9.797193470909141],
              [104.61103243235998, 9.797773151973555],
              [104.61104577248403, 9.797791041752681],
              [104.61146945543409, 9.798210155421865],
              [104.61205802451771, 9.798214577322929],
              [104.61352056364996, 9.797487767018142],
              [104.61434553264989, 9.796827855345807],
              [104.61464871610929, 9.796422040184472],
              [104.61458183604508, 9.796319514250495],
              [104.61441241261001, 9.796051989835416],
              [104.61447929259958, 9.795681857251756],
              [104.6152819437089, 9.7957442641916],
              [104.61601327151038, 9.795837950860097],
              [104.61645466685182, 9.795891463756915],
              [104.6176273990498, 9.79545890098479],
              [104.61838995554281, 9.7955168400936],
              [104.61937094998896, 9.796225823976705],
              [104.62100299013991, 9.796698497384313],
              [104.62147561800991, 9.796836782360907],
              [104.62270637847492, 9.79747444119308],
              [104.62304079697266, 9.797643868215339],
              [104.62363385796857, 9.797643847659133],
              [104.62367397060594, 9.797527947168236],
              [104.62378541441902, 9.797206894266278],
              [104.62412881841409, 9.797139932944182],
              [104.62439635565634, 9.797648340304665],
              [104.6256538225767, 9.798031755936574],
              [104.6263538923055, 9.798580294813812],
              [104.62670619643312, 9.798861174202976],
              [104.62696929103484, 9.798847836646452],
              [104.62773625264109, 9.79881211320875],
              [104.62860132379862, 9.799097548085584],
              [104.62905609739639, 9.799249106607578],
              [104.63191436233525, 9.797853401262312],
              [104.63259222417159, 9.797340651440024],
              [104.63409934572604, 9.796203591448213],
              [104.63448279953583, 9.795909243046708],
              [104.6351695676332, 9.795097689556565],
              [104.63521857814165, 9.79379565097396],
              [104.63523645675208, 9.793242747266998],
              [104.63570014502882, 9.793202572868987],
              [104.6376621855891, 9.793010834668065],
              [104.63771119689943, 9.79300636999029],
              [104.63904447069763, 9.793483546609881],
              [104.64023952587556, 9.79434859356019],
              [104.64040008294207, 9.794464475974312],
              [104.64059177317922, 9.79450908993228],
              [104.64121612462974, 9.794665206174514],
              [104.64166648829065, 9.794611689262263],
              [104.64203208173318, 9.794330719314273],
              [104.64359275751528, 9.79460277359275],
              [104.64367308226956, 9.794736496145676],
              [104.64382910633178, 9.795004061387365],
              [104.64430625274392, 9.795048674391637],
              [104.64456928879243, 9.794972879363664],
              [104.64491709839982, 9.794870262476886],
              [104.64539424821537, 9.794968378372168],
              [104.64650457912244, 9.795195787397637],
              [104.64685239314201, 9.795267182546043],
              [104.64796718244719, 9.795490082330398],
              [104.64864048995467, 9.795623906925458],
              [104.64960362107684, 9.795820066614324],
              [104.65031260760003, 9.796511222211347],
              [104.65148542264761, 9.797817729962905],
              [104.65172614262707, 9.797964876615346],
              [104.65294798473762, 9.798691772908043],
              [104.65367477860204, 9.799900146537713],
              [104.65391559099162, 9.800270259077108],
              [104.65426786986639, 9.800582390809685],
              [104.65429019868104, 9.80067600060401],
              [104.65452202712473, 9.801554494281772],
              [104.6549992069627, 9.801746265187743],
              [104.65527115743643, 9.802731678312279],
              [104.65571257758724, 9.803271245171441],
              [104.65631902085339, 9.805768327316313],
              [104.65608274165933, 9.806405988606393],
              [104.65621653826652, 9.80700794552799],
              [104.65631012479278, 9.80741817127506],
              [104.6571886132778, 9.808582026935555],
              [104.65757648423113, 9.80986178278487],
              [104.65762559089909, 9.81003565282185],
              [104.65859322677595, 9.812077995116457],
              [104.65879828416787, 9.812510514216681],
              [104.65879828416787, 9.813964170974769],
              [104.65864669290673, 9.815128026253731],
              [104.65864669290673, 9.816144655147578],
              [104.65845942808805, 9.81641217950212],
              [104.65732685891292, 9.818030833334165],
              [104.65464247841972, 9.81806205193397],
              [104.65352319242372, 9.817959539233389],
              [104.65304610615532, 9.817589386762295],
              [104.64947881488168, 9.817821306354604],
              [104.64823920935314, 9.818316246062418],
              [104.6471689846486, 9.818325137481834],
              [104.64545224639312, 9.817874771423975],
              [104.6436953205811, 9.818601609438364],
              [104.64119824531771, 9.82106752007326],
              [104.63812143374874, 9.822084168588328],
              [104.63626203428731, 9.822253623489152],
              [104.63330566789702, 9.82218229853753],
              [104.6292523095424, 9.82102294850273],
              [104.6271565171864, 9.820425439173604],
              [104.62529262663588, 9.818637300671737],
              [104.62349564288665, 9.816006432558872],
              [104.62214898629992, 9.813852643512092],
              [104.62166292633792, 9.813072360796292],
              [104.61922375594878, 9.811596363285602],
              [104.61643243252023, 9.806606638819263],
              [104.61569665585573, 9.805598886653597],
              [104.61426975911365, 9.803868743767858],
              [104.61367664573335, 9.803039336722666],
              [104.61381040509374, 9.80097478776295],
              [104.61250394404661, 9.800194489332663],
              [104.61117508281399, 9.800100832770845],
              [104.61087635299565, 9.800618064278694],
              [104.6105865171546, 9.801117514215473],
              [104.61028334180895, 9.801202180799123],
              [104.609685797338, 9.801371625895896],
              [104.608664667852, 9.80086330085956],
              [104.60780406789111, 9.79965937551603],
              [104.60737594857596, 9.799177812149512],
              [104.60736705537492, 9.798499985937523],
              [104.60707277964642, 9.797626047459987],
              [104.60628795823052, 9.79762604862166],
              [104.60622552841807, 9.797626043015457]
            ]
          ],
          [
            [
              [104.34410171905297, 9.678073051619384],
              [104.34447182122018, 9.67664167053274],
              [104.34536365678208, 9.674880376213501],
              [104.34630450215987, 9.673787853492202],
              [104.34688864963539, 9.673261702420486],
              [104.34718294366448, 9.672998617323797],
              [104.3474103894113, 9.6709830812749],
              [104.3481104842047, 9.669342156284358],
              [104.34770468449281, 9.667919722151803],
              [104.34816392804872, 9.667389058959733],
              [104.3488863096348, 9.666889644877951],
              [104.34959537809068, 9.666845048253677],
              [104.34962653918487, 9.666840582780713],
              [104.35015716658758, 9.666943119715246],
              [104.35063426237242, 9.667032358696092],
              [104.3507770185412, 9.66700114570185],
              [104.35095981411288, 9.666956481278673],
              [104.35101778672421, 9.666938710554858],
              [104.35107132041179, 9.666849517636953],
              [104.35118726574605, 9.66665328831688],
              [104.35130321117242, 9.666403579952975],
              [104.35147704070543, 9.666011182670427],
              [104.35133437263119, 9.664726941687848],
              [104.3513834674786, 9.663986763510323],
              [104.35069223485448, 9.663059305951457],
              [104.35076805188719, 9.662805099964501],
              [104.35158410843705, 9.66008506539124],
              [104.35180259432535, 9.659844284886118],
              [104.35213702662921, 9.659772929980205],
              [104.35395187013104, 9.659946847588225],
              [104.3557043226019, 9.660116275150799],
              [104.35786697328231, 9.659242300202585],
              [104.35795611150698, 9.659206574337926],
              [104.3590397134966, 9.659206633207065],
              [104.35928493449634, 9.659206596547333],
              [104.36021690234588, 9.65895688152828],
              [104.36180881696899, 9.65853328632162],
              [104.36241078362404, 9.659224456527406],
              [104.36271842683165, 9.660771749975433],
              [104.36255790181025, 9.661650192663947],
              [104.36216999666463, 9.662064870269656],
              [104.36175527934667, 9.662506347983143],
              [104.36132724542938, 9.663170738335412],
              [104.36127370798339, 9.663861900141594],
              [104.3614342315949, 9.664214199549697],
              [104.36143867085657, 9.664223117299851],
              [104.36148776909965, 9.66455306997952],
              [104.36130939961186, 9.664985626153578],
              [104.36122017055702, 9.665204059473924],
              [104.36135396976712, 9.665627695542003],
              [104.36151005420278, 9.666100389410259],
              [104.36151005420278, 9.666131598365007],
              [104.36152346078039, 9.667134855557713],
              [104.36150561493893, 9.667197285613478],
              [104.36128711453934, 9.667888437628475],
              [104.3610864602544, 9.66806234597806],
              [104.36092593702475, 9.668196141675747],
              [104.36078325972244, 9.668503857426238],
              [104.36088127821509, 9.668775873750137],
              [104.36104632943045, 9.669221713569652],
              [104.36099723133562, 9.669770182284584],
              [104.36081442320346, 9.669957495949031],
              [104.36059592383693, 9.67018043145353],
              [104.36062717606275, 9.672441203484432],
              [104.36063161529992, 9.672864813539206],
              [104.36093925476386, 9.673984085807732],
              [104.36093481551735, 9.674135698109032],
              [104.36091696974776, 9.674532526625827],
              [104.36038639204085, 9.67593268872991],
              [104.36014560841558, 9.677002904898876],
              [104.35996724056541, 9.677796603448908],
              [104.3597308968404, 9.678438688021597],
              [104.35874539556984, 9.681096306835872],
              [104.35872755006756, 9.681230121280958],
              [104.35869638703146, 9.681439682361214],
              [104.35845107823582, 9.683192116143513],
              [104.35846448453287, 9.683281303064193],
              [104.3585938420451, 9.684266777077552],
              [104.35847789083115, 9.684864230171568],
              [104.35845107823582, 9.685015903133444],
              [104.35831737046631, 9.68571596400943],
              [104.35821029779885, 9.686527514173907],
              [104.35803637146894, 9.688025800591795],
              [104.35810331399306, 9.688864101974042],
              [104.35806762314748, 9.689653359588743],
              [104.35803193231061, 9.690455957132583],
              [104.35825939495754, 9.690598663107632],
              [104.35840650896573, 9.69069228128029],
              [104.35858487491116, 9.69133442077366],
              [104.35901742877009, 9.692930749072298],
              [104.35989585797257, 9.692979798032757],
              [104.361385222155, 9.69309579650529],
              [104.36147880178821, 9.693104655442882],
              [104.36234392791303, 9.693416851263835],
              [104.36327582647668, 9.695271783012444],
              [104.36298158880771, 9.696070009790251],
              [104.36254902321907, 9.697220452297792],
              [104.36254458392371, 9.697238280329074],
              [104.36237065243661, 9.697697590371424],
              [104.36207188852237, 9.698509122488336],
              [104.36080998396075, 9.70052461410746],
              [104.3605379474243, 9.700957144626813],
              [104.36040867697608, 9.701412013587463],
              [104.36040867697608, 9.701420875165342],
              [104.36033285493943, 9.702071908553323],
              [104.36129155379653, 9.703842237610845],
              [104.36119344624372, 9.704961433702692],
              [104.36030160277654, 9.706410675958677],
              [104.35991370361752, 9.706539985503898],
              [104.35899061607577, 9.706843218883733],
              [104.3587588018939, 9.707601238234039],
              [104.35868298071314, 9.707859814894576],
              [104.35837978516686, 9.708693686871918],
              [104.3578625341291, 9.708903298243419],
              [104.35756377942911, 9.709023685098032],
              [104.3576217546619, 9.709317988083038],
              [104.35765735661566, 9.70948295627583],
              [104.35789813614153, 9.71014734265838],
              [104.35710894543763, 9.710281148091273],
              [104.35681463139969, 9.710334672078593],
              [104.3566496737457, 9.710405966447446],
              [104.3565291961796, 9.710593316505314],
              [104.35598522833226, 9.711213083812178],
              [104.35570876168953, 9.711520799895645],
              [104.35544570159009, 9.711560901800095],
              [104.35506216560819, 9.71161441316947],
              [104.35407669582864, 9.711543033383812],
              [104.35389833538731, 9.707137520131605],
              [104.35385376750617, 9.703588067375927],
              [104.35449591918707, 9.701452133059702],
              [104.35542341741173, 9.700234765433294],
              [104.35570876168953, 9.698972828925566],
              [104.35549470903811, 9.698210319092524],
              [104.35553039925517, 9.69718925193172],
              [104.35624385029925, 9.694928496386005],
              [104.35610561666776, 9.693595207365469],
              [104.35591384768459, 9.692449211571985],
              [104.35553927741996, 9.69160198736108],
              [104.3540054048944, 9.691499435518582],
              [104.35284602209563, 9.691775899173958],
              [104.35124071071675, 9.6924046136899],
              [104.35037121141465, 9.692061257229692],
              [104.35001449980332, 9.691606443476106],
              [104.35001449980332, 9.691285383015668],
              [104.35134777827504, 9.689867380680866],
              [104.35207905357342, 9.68922976186007],
              [104.35213258765016, 9.688444951151823],
              [104.35201220258972, 9.687539758502835],
              [104.35135221723023, 9.687227597241396],
              [104.35124523844773, 9.686679154425404],
              [104.35105347584708, 9.686487397434053],
              [104.35066995140153, 9.686416062658433],
              [104.34981829991086, 9.686612264688561],
              [104.34841365842978, 9.68624656514399],
              [104.34695105945079, 9.685492964882151],
              [104.34634019013004, 9.683762895951912],
              [104.34609046329808, 9.68332145507252],
              [104.34491329956, 9.681221203411717],
              [104.34410171905297, 9.678073051619384]
            ]
          ],
          [
            [
              [103.83259376473335, 10.364738945462006],
              [103.83272759291793, 10.364346580031182],
              [103.83302629648712, 10.364275190825577],
              [103.83343653953584, 10.364177113901174],
              [103.83344105062413, 10.363517174387006],
              [103.83295942645711, 10.362536134990286],
              [103.8328434654118, 10.362295323848965],
              [103.83452460068737, 10.360944275106224],
              [103.83501507578676, 10.361367875303548],
              [103.83508194683039, 10.36142584092911],
              [103.83579099421007, 10.361559603961775],
              [103.83614321947341, 10.360988818853057],
              [103.8372757953028, 10.359949862420503],
              [103.83752108183226, 10.35972693889005],
              [103.83764598087735, 10.359717984506252],
              [103.83831479422162, 10.359686750969644],
              [103.83880528302417, 10.359423708387705],
              [103.83915760456921, 10.359075873961702],
              [103.83920218662253, 10.358687933198395],
              [103.83920218662253, 10.358683501254633],
              [103.83921112072626, 10.358679014502423],
              [103.83986658479144, 10.358554204489913],
              [103.84016530408012, 10.358255454418638],
              [103.84016981539216, 10.35825099317108],
              [103.84035707920243, 10.357943303754741],
              [103.84081192700121, 10.35791202752101],
              [103.84101706014195, 10.357898656655697],
              [103.84185086453337, 10.357350233567534],
              [103.84207386782772, 10.356815136178437],
              [103.84476709718562, 10.350425215298172],
              [103.84677374081222, 10.343611692908512],
              [103.84680045615832, 10.343527008487674],
              [103.84831660488852, 10.33837231437944],
              [103.84863763534183, 10.337288695041584],
              [103.84899882868194, 10.336080288564377],
              [103.84913258457829, 10.335634414491144],
              [103.84942238947197, 10.33466228841118],
              [103.84995750397816, 10.332869725800276],
              [103.85047475090009, 10.331139590239458],
              [103.85043016514638, 10.329342566552036],
              [103.850407872275, 10.328575679890672],
              [103.85082701425414, 10.327157675682892],
              [103.85179463737639, 10.323902462882126],
              [103.85226288168374, 10.322604861284635],
              [103.85250810681615, 10.321922696701414],
              [103.85337321012106, 10.320518030405461],
              [103.85425167733587, 10.319086651608234],
              [103.8545637866914, 10.318221585914376],
              [103.85468861294088, 10.317873824820309],
              [103.85589707142795, 10.314538354925748],
              [103.85671309661362, 10.31215725368737],
              [103.85705644085049, 10.311216367182462],
              [103.8568379248355, 10.309945478818415],
              [103.85597288795888, 10.309682450174618],
              [103.85565626354341, 10.309588814371063],
              [103.85587920102657, 10.308928879144037],
              [103.85593714713858, 10.308746020934755],
              [103.85609320366066, 10.30828229088566],
              [103.8568512834968, 10.307408260743964],
              [103.85712774615239, 10.307296810273868],
              [103.85779665540083, 10.307029262228507],
              [103.85833171439222, 10.306726078721935],
              [103.85938847977505, 10.306119626742175],
              [103.85941528606938, 10.306101749534376],
              [103.85944651585127, 10.306061619007822],
              [103.8595579876525, 10.30591003763593],
              [103.85993699245958, 10.30537940462906],
              [103.86009305356924, 10.30402382544436],
              [103.86057459699877, 10.303350542283418],
              [103.86062369806882, 10.302356114101359],
              [103.86062369806882, 10.302342744293549],
              [103.8606459926146, 10.302320468201815],
              [103.86086000274564, 10.302066258912072],
              [103.86089565638842, 10.302008307322692],
              [103.86111417891922, 10.301647112952272],
              [103.86204170922558, 10.301517850478106],
              [103.86212637631859, 10.30199940893428],
              [103.86198818407901, 10.302262441984892],
              [103.8616225326902, 10.30297145955439],
              [103.86118999835702, 10.304755083176016],
              [103.86202383801728, 10.305852076903935],
              [103.86286219484984, 10.306507573450398],
              [103.8631074390866, 10.306601208260359],
              [103.86541277419624, 10.30747516021667],
              [103.86577392360101, 10.307613393108719],
              [103.8665677124781, 10.307702573529086],
              [103.86692886494491, 10.307742699457325],
              [103.86824873406259, 10.307885388795619],
              [103.86864563513268, 10.307778389565689],
              [103.87181159515002, 10.306931150201637],
              [103.87780458546725, 10.304897851503727],
              [103.88210317617194, 10.301936933435037],
              [103.8852111359874, 10.298579251694209],
              [103.88829686745795, 10.293763416359019],
              [103.88854215743022, 10.293379976792496],
              [103.88854658185656, 10.292416773119266],
              [103.88857781831061, 10.291921841756947],
              [103.88859118008209, 10.291716747906657],
              [103.88876957312976, 10.29136889202674],
              [103.88942952324419, 10.29122174415279],
              [103.89049520163066, 10.290980936578993],
              [103.89052192554986, 10.290949783518691],
              [103.89082960495621, 10.290552871234874],
              [103.89253304819519, 10.289808244857738],
              [103.89267127137761, 10.289790373552279],
              [103.89371025048851, 10.289687815013435],
              [103.89461092371837, 10.28959419060288],
              [103.89522630162732, 10.2900355882618],
              [103.89634105062767, 10.289995470755992],
              [103.89637680203596, 10.289995503391054],
              [103.89841455925728, 10.289741315155092],
              [103.89890508744767, 10.28967888141426],
              [103.90088491709331, 10.290740161401185],
              [103.90377887211918, 10.290597466296166],
              [103.90404640299123, 10.291805894629787],
              [103.9041445479245, 10.292251812799327],
              [103.90431393438597, 10.292291974885629],
              [103.90507201659193, 10.292474763231786],
              [103.90719450978969, 10.292220568081952],
              [103.91169820180613, 10.290173857273935],
              [103.91729439218938, 10.286125021512204],
              [103.91979597994506, 10.283150801597404],
              [103.92064761352381, 10.282143004148033],
              [103.92071010108448, 10.282067200439755],
              [103.9239295765835, 10.276787605854897],
              [103.92769304387468, 10.268346600157955],
              [103.92777332592719, 10.268079053853555],
              [103.92816570845304, 10.26671008014785],
              [103.9283217589321, 10.266161584919244],
              [103.92833963880545, 10.266121475770793],
              [103.92930276552052, 10.264288817317892],
              [103.93023022725559, 10.263321176155829],
              [103.93055578745903, 10.262482847566979],
              [103.93058694497408, 10.26240700875852],
              [103.93069396047017, 10.262366866953382],
              [103.93249101890615, 10.261755981738307],
              [103.93262476801291, 10.261622242047629],
              [103.9334631149807, 10.260792866619429],
              [103.93415426158937, 10.259985767490432],
              [103.93452887016807, 10.259352591547122],
              [103.93510406273666, 10.258875439778963],
              [103.9352155076815, 10.258763967626152],
              [103.93597800951221, 10.257988107555954],
              [103.93716859721046, 10.256770740139984],
              [103.93825217375128, 10.256610237113742],
              [103.9394025924299, 10.255954713704728],
              [103.94122198379844, 10.253600277335266],
              [103.94132891904648, 10.253337224872109],
              [103.94190414004275, 10.251959350854186],
              [103.9440445533454, 10.249555867197394],
              [103.94404897956233, 10.249551416993375],
              [103.94492298314098, 10.24791944500128],
              [103.94513261026717, 10.247526975120456],
              [103.94561418730602, 10.245738883233834],
              [103.94575689023725, 10.245208250959388],
              [103.94611355968651, 10.244998739392074],
              [103.9467735201125, 10.244601822902453],
              [103.9471123984049, 10.244236227798808],
              [103.9481736558794, 10.243085758746941],
              [103.948178170756, 10.2430813051276],
              [103.94818702345562, 10.24305896558014],
              [103.94820933226119, 10.243001063830095],
              [103.94949359962932, 10.239803865810455],
              [103.9498681614229, 10.238862946300273],
              [103.95056372829539, 10.236753840506685],
              [103.95494259578453, 10.223496917442713],
              [103.95647649826893, 10.218890652724754],
              [103.95691800966596, 10.217570733585296],
              [103.96082863880041, 10.205821082822967],
              [103.96099809511358, 10.205312690093903],
              [103.96180066924504, 10.202895867489584],
              [103.96441373774276, 10.190793895507108],
              [103.9642755309094, 10.189817330408358],
              [103.9648507591074, 10.189469498804351],
              [103.96502907413762, 10.189072701489229],
              [103.96683499161364, 10.18109979277593],
              [103.96693760831286, 10.180658354343626],
              [103.96712929544873, 10.179815608243599],
              [103.96753064401771, 10.178027439794924],
              [103.96756180989405, 10.177898141385661],
              [103.9680389497137, 10.175802385883474],
              [103.96859188147857, 10.173349856901842],
              [103.96861419358343, 10.173269574188959],
              [103.96938564567834, 10.169862822360447],
              [103.96971563688872, 10.168413653946601],
              [103.97096858359117, 10.162875419345234],
              [103.97099983878448, 10.16275056267261],
              [103.97205658722724, 10.158086367721483],
              [103.97971287570307, 10.12039801879097],
              [103.98502811269864, 10.095650024091293],
              [103.98752074629385, 10.081808984964328],
              [103.9879355254433, 10.078107970601371],
              [103.98806029592994, 10.07698873832478],
              [103.98858647618063, 10.07224424278762],
              [103.98815841219, 10.071981133840602],
              [103.98819409889748, 10.071454981518565],
              [103.98846161666735, 10.070973366745875],
              [103.98889862545602, 10.07088865018697],
              [103.99057529972255, 10.057587187145515],
              [103.99036126449037, 10.05657936729543],
              [103.98980833429091, 10.056021980032103],
              [103.98996436593993, 10.05451486914786],
              [103.99058867140091, 10.054434580145939],
              [103.99103454234148, 10.05286054114755],
              [103.99134669713055, 10.052075668102585],
              [103.99130206559424, 10.051549505564527],
              [103.99108802923983, 10.050193987465045],
              [103.990557411784, 10.04970787857957],
              [103.99078039130187, 10.048441520309884],
              [103.99144481571726, 10.048312231091836],
              [103.9924213119709, 10.046978918877134],
              [103.99370111959674, 10.047005741898497],
              [103.99462857129497, 10.046747110906844],
              [103.99533755841458, 10.045917672840545],
              [103.99866407234853, 10.045792816798489],
              [103.99935970756648, 10.045663519904908],
              [103.99973422732201, 10.045324642069193],
              [104.00003745711014, 10.045043693706548],
              [104.00007314687468, 10.044981295058205],
              [104.00113445662302, 10.043175295942051],
              [104.00214219474299, 10.040357218057652],
              [104.00221800344296, 10.040138650357164],
              [104.00256578524083, 10.03916664298368],
              [104.00294925841385, 10.037877890195062],
              [104.0030518133126, 10.037539037598282],
              [104.00314551206868, 10.03722246335514],
              [104.00333273264594, 10.0365892432801],
              [104.00364491510649, 10.03555028443636],
              [104.00283333073092, 10.03538977063241],
              [104.00296714795032, 10.034645035053087],
              [104.00345760554595, 10.03398961938911],
              [104.00350224099276, 10.03253145450998],
              [104.00448325025924, 10.031104525872049],
              [104.00501383241154, 10.030801342711309],
              [104.00537499431492, 10.030194871278876],
              [104.00589672347992, 10.029664290315669],
              [104.00673950044799, 10.028968627457411],
              [104.00665483283765, 10.02739013864428],
              [104.0075511076487, 10.023149511918396],
              [104.00852762866353, 10.022672383158373],
              [104.00875949363116, 10.020616738242335],
              [104.00888437140962, 10.02017528899015],
              [104.0088887997017, 10.020001371913112],
              [104.0088887997017, 10.019564431904485],
              [104.0088887997017, 10.019475196196396],
              [104.00924554337497, 10.018690377124503],
              [104.00920542295091, 10.017464124445826],
              [104.00880855907116, 10.016719523567092],
              [104.00850088185105, 10.016411783493254],
              [104.00854543035283, 10.016193291462503],
              [104.00857669402166, 10.015872234828425],
              [104.00859006743455, 10.015711761875554],
              [104.00861229741513, 10.015702821102481],
              [104.00943277217371, 10.015408474967277],
              [104.0093391577428, 10.015051805292998],
              [104.00908054488396, 10.013745294243815],
              [104.00864356109899, 10.01304072272299],
              [104.00868810964651, 10.012603746528674],
              [104.0090003041427, 10.012255888019869],
              [104.00921879642432, 10.011818894405312],
              [104.00952647523391, 10.010788882215497],
              [104.00979846245176, 10.010200293160846],
              [104.00980289077295, 10.01020027049106],
              [104.01007045020187, 10.009999655043918],
              [104.01068581227294, 10.00954480992915],
              [104.01127885809024, 10.009718737025587],
              [104.0114839802611, 10.009781138795544],
              [104.01176491664428, 10.009816830586594],
              [104.01302240618945, 10.009990669468635],
              [104.01391420504073, 10.01069075282365],
              [104.01400782255249, 10.01150675896808],
              [104.01427096161034, 10.013785362531992],
              [104.01436900782888, 10.014645987938694],
              [104.01437795333193, 10.014721849631577],
              [104.01477031606176, 10.016121929587277],
              [104.01521183616825, 10.016313727268006],
              [104.0161749482806, 10.016737346409066],
              [104.0161838938998, 10.016737296866927],
              [104.01665659540816, 10.016942408395513],
              [104.01668334378961, 10.016955831185976],
              [104.01861411223041, 10.017794119356502],
              [104.0191536941265, 10.017798592897279],
              [104.01974225883966, 10.017798556426495],
              [104.02052258699956, 10.017803051352564],
              [104.02147687848424, 10.017807510442895],
              [104.02386245866325, 10.01781199223564],
              [104.02433509767414, 10.017499861489881],
              [104.02547666567882, 10.016741771108425],
              [104.02563273738848, 10.01663920712227],
              [104.02614550770421, 10.016108623813825],
              [104.02660929674965, 10.015635906811749],
              [104.02730489463525, 10.015475385414769],
              [104.0273583954951, 10.015462026281416],
              [104.02755016613007, 10.01522568031342],
              [104.02944078184265, 10.012915861841945],
              [104.0297529343177, 10.012536880128625],
              [104.03010521392957, 10.011921479348345],
              [104.0312958139973, 10.010276073360888],
              [104.03174615596372, 10.00965183799128],
              [104.03187991241411, 10.010771085063238],
              [104.03194236166172, 10.011292743515625],
              [104.0319557373198, 10.011404278445108],
              [104.03196468395276, 10.011448838454085],
              [104.03247747756707, 10.012255928427813],
              [104.03277617252292, 10.012746427889093],
              [104.0332979158402, 10.013611484713474],
              [104.03336922386455, 10.013727450537154],
              [104.03389096940077, 10.014159967685066],
              [104.03495670051666, 10.015047353361352],
              [104.0368518458488, 10.015836551171938],
              [104.03814047788215, 10.016028313570583],
              [104.03824748793794, 10.01604170862045],
              [104.03910808917647, 10.015560157042355],
              [104.03925079978677, 10.015479888107807],
              [104.04038345416312, 10.014842204827946],
              [104.04099877299309, 10.012429821343568],
              [104.0420957410036, 10.010962787332414],
              [104.04229639061114, 10.010690793186441],
              [104.04240783321089, 10.010650651689122],
              [104.04335766794493, 10.010298395398326],
              [104.04362963263348, 10.01009325772217],
              [104.04511455145548, 10.00942440202393],
              [104.0457120846926, 10.00762738568368],
              [104.0457522156302, 10.007502502703467],
              [104.04612677160394, 10.007484718852727],
              [104.0465905384927, 10.007462365976142],
              [104.04702303461752, 10.00731968534623],
              [104.04738864637608, 10.0067667724584],
              [104.0486951824746, 10.00612023542631],
              [104.04900728942695, 10.005968565115634],
              [104.04903404401504, 10.005964174090547],
              [104.05096490603918, 10.005812507459009],
              [104.05144197791604, 10.00552270760412],
              [104.05185668183027, 10.00518823028267],
              [104.05238283753069, 10.004764602187096],
              [104.05227581664522, 10.00555839766779],
              [104.05215541824698, 10.006472439344973],
              [104.0522223062332, 10.00691395160328],
              [104.05237397818276, 10.007917214428131],
              [104.0522223062332, 10.0081892601435],
              [104.05068840885912, 10.010980585927191],
              [104.05020682135667, 10.011854576259164],
              [104.0493774245475, 10.012572539595034],
              [104.0478969785378, 10.0138567863008],
              [104.04670641401303, 10.013767560756813],
              [104.04624716480875, 10.012296098355327],
              [104.04582795948428, 10.011707436120352],
              [104.04533752983077, 10.011689659091115],
              [104.04282259889867, 10.012790985765035],
              [104.0419797807217, 10.013357312252568],
              [104.0415249763899, 10.01484666452822],
              [104.04015153654031, 10.01605063339317],
              [104.03999101929743, 10.018462960262365],
              [104.03785062986509, 10.022074880197986],
              [104.0366109871636, 10.023015716730661],
              [104.03604476271987, 10.023675665934773],
              [104.03499682836218, 10.024892990991972],
              [104.030827580364, 10.029748987487961],
              [104.03072500498807, 10.032535920646033],
              [104.03065812730088, 10.034466679995854],
              [104.03110403820817, 10.035822284456167],
              [104.03111298478647, 10.035853453187148],
              [104.031576701784, 10.037271499999155],
              [104.03307938576155, 10.039710650189884],
              [104.03435026653501, 10.04078081239968],
              [104.03455985180514, 10.040718368248546],
              [104.03571922013857, 10.04038837697111],
              [104.03734233427672, 10.03942073948448],
              [104.03917054166023, 10.040664835166407],
              [104.03929544671158, 10.040749554001614],
              [104.03929544671158, 10.040959187992176],
              [104.03929092886735, 10.041538833650018],
              [104.03929092886735, 10.041583458256117],
              [104.03920181220515, 10.041632491691528],
              [104.03840809176008, 10.042060531883703],
              [104.03756972944262, 10.042319149823557],
              [104.03746271990661, 10.043139658027087],
              [104.03702573562515, 10.043643559450535],
              [104.0359288074657, 10.044330243112718],
              [104.03565234005607, 10.045146228807301],
              [104.03565234005607, 10.045181947128569],
              [104.0355765131404, 10.048356784298834],
              [104.03555870799445, 10.049159455425666],
              [104.03555870799445, 10.049172860840947],
              [104.03547845199166, 10.052838231760607],
              [104.03555419027121, 10.053186032151803],
              [104.03575491905666, 10.054086774484233],
              [104.03583960436787, 10.05446575352874],
              [104.03599125852644, 10.05515694600432],
              [104.03611607214863, 10.055709903313065],
              [104.03694096101022, 10.057761039104898],
              [104.03714169179104, 10.05825153959559],
              [104.03720857258755, 10.05842545047387],
              [104.03749841927086, 10.058804450692051],
              [104.03777489033884, 10.059170120157987],
              [104.03833226334667, 10.059892526642132],
              [104.0386175945417, 10.060267060152277],
              [104.03902340188144, 10.060556886310133],
              [104.03985282579254, 10.061149927918118],
              [104.0413153806578, 10.060400843121924],
              [104.04213587090204, 10.060445406031013],
              [104.04312131600084, 10.060498941299164],
              [104.04306337971576, 10.060833358012209],
              [104.04276457415015, 10.062559068216183],
              [104.04272001470315, 10.063392901462782],
              [104.0426665079506, 10.064333804973458],
              [104.04262185994762, 10.065140844821068],
              [104.04319262904528, 10.066322551797215],
              [104.04381247824627, 10.06706719126174],
              [104.04354937198953, 10.068208700176609],
              [104.04327288948419, 10.069430502231397],
              [104.04239002719336, 10.069996855048851],
              [104.04098096715528, 10.070353593970014],
              [104.03788632932857, 10.071196318736321],
              [104.036731460746, 10.070986768232418],
              [104.03611164299049, 10.071419295109516],
              [104.03549625712738, 10.07184738648622],
              [104.03469361095452, 10.072730290444987],
              [104.03460440864662, 10.073564087764593],
              [104.03376615776973, 10.074041266522187],
              [104.03097471149702, 10.076221774408873],
              [104.03066707385055, 10.07661416105085],
              [104.02969048605094, 10.077051089509558],
              [104.02922225781036, 10.077818050910789],
              [104.02827251932095, 10.078536032579287],
              [104.02756797025322, 10.078839235677215],
              [104.02739409227227, 10.078049924488143],
              [104.02704181951401, 10.07756840487813],
              [104.02722464338399, 10.075334371939006],
              [104.02673861940966, 10.075071261908711],
              [104.02620352553888, 10.074683326321711],
              [104.02590023868235, 10.073479413934168],
              [104.02426822305401, 10.073443674490498],
              [104.02331400101217, 10.073773656080075],
              [104.02311780746423, 10.074362304283227],
              [104.02330957226086, 10.075432441398968],
              [104.02107997958836, 10.076805835808957],
              [104.01949257246699, 10.078736626562666],
              [104.01873005307527, 10.080431148823658],
              [104.01864086098819, 10.080801253639255],
              [104.01860968362863, 10.080926045123514],
              [104.01845804838857, 10.081541409385189],
              [104.01832873341952, 10.082072100795871],
              [104.01827966462025, 10.082268303577377],
              [104.01819047282184, 10.083494510846194],
              [104.01848479711634, 10.08492140136584],
              [104.01937663098686, 10.084765388104227],
              [104.01940780851824, 10.084725226763464],
              [104.01955492758869, 10.084506721151024],
              [104.019951822136, 10.08446214649604],
              [104.0199651966428, 10.08447556562667],
              [104.02021488386335, 10.084814439249515],
              [104.02060283438871, 10.085407517281821],
              [104.02070097364275, 10.085559069660635],
              [104.02166855244681, 10.087048454684059],
              [104.02222594962406, 10.087316017648762],
              [104.02228396582588, 10.087342759141636],
              [104.0224801581989, 10.087753000740449],
              [104.02329619743277, 10.08946077761072],
              [104.02419240233147, 10.089465239318768],
              [104.02435298996207, 10.089465235492765],
              [104.02451348920205, 10.089781883052924],
              [104.02461606000526, 10.089991395425931],
              [104.02499950541277, 10.090548859272651],
              [104.02501288040445, 10.09056669386163],
              [104.02576205914191, 10.091659146877365],
              [104.0255435408792, 10.09834330393401],
              [104.02548561189582, 10.100207238178383],
              [104.0254677194624, 10.100671000779743],
              [104.02555691592312, 10.10166537930291],
              [104.02568180877941, 10.103038746697944],
              [104.02572193395487, 10.103217151889595],
              [104.02583336331072, 10.103756671373022],
              [104.02586905969714, 10.10392168776822],
              [104.02594931016752, 10.104322994673165],
              [104.02601175675757, 10.104626169782225],
              [104.02607420337561, 10.104920513803158],
              [104.02610981124694, 10.105009713825208],
              [104.02660929674965, 10.106338468208575],
              [104.02665827990744, 10.106472252693736],
              [104.02673410197225, 10.106672953386798],
              [104.0269436757913, 10.106953870555193],
              [104.02699717651244, 10.107025218629255],
              [104.02800944237275, 10.10855916600012],
              [104.02923120426787, 10.109228003377925],
              [104.02937390477166, 10.10930824903904],
              [104.02953440979597, 10.10953121029173],
              [104.02999821012128, 10.11019119479533],
              [104.03020327129956, 10.110480976014129],
              [104.03051994304225, 10.110931338282269],
              [104.03100146262881, 10.111002699542912],
              [104.03173278032573, 10.111109765854662],
              [104.03188434143784, 10.111132049920524],
              [104.03201818660138, 10.111154349194258],
              [104.03237038335706, 10.111417442355066],
              [104.0329857554273, 10.112117458274437],
              [104.03300807788538, 10.112175488641201],
              [104.03305715187328, 10.11233152126354],
              [104.0331418355464, 10.112585673820464],
              [104.03333361413851, 10.113160923659732],
              [104.03341829797954, 10.113419577755769],
              [104.03342281563359, 10.113432964859827],
              [104.03355657369241, 10.114003726685935],
              [104.03392215018054, 10.114681466455131],
              [104.03500577519024, 10.116589943300125],
              [104.03527772360408, 10.116772762578602],
              [104.03544718228122, 10.116884265394415],
              [104.03557651314041, 10.117236576542508],
              [104.0359288074657, 10.118213062185148],
              [104.0366690093539, 10.118823956785846],
              [104.0369544257314, 10.119064775671303],
              [104.0368919742395, 10.119390303021268],
              [104.0364951200222, 10.121450371127063],
              [104.03618295245346, 10.121976545047934],
              [104.0361785232932, 10.124165963024002],
              [104.03507265496272, 10.124509315850236],
              [104.03349855279683, 10.128856996520199],
              [104.03222776836643, 10.12966848604817],
              [104.03147412585685, 10.131064189429987],
              [104.03050204996237, 10.13132728534615],
              [104.03036386585845, 10.13320905706812],
              [104.0305778741186, 10.135746255194682],
              [104.03194236166172, 10.140620096328202],
              [104.03305715187328, 10.142809464315206],
              [104.03331572069752, 10.143317818748818],
              [104.03333361413851, 10.143349052206633],
              [104.03360555929173, 10.143884169941563],
              [104.03421650771493, 10.145079209112536],
              [104.03527772360408, 10.146318843042726],
              [104.03572364928424, 10.146836092006719],
              [104.03606256792786, 10.14722844086315],
              [104.03611164299049, 10.147273077716266],
              [104.03760542883423, 10.148722284904634],
              [104.03994194287041, 10.150434537045502],
              [104.04217157146155, 10.151665247902125],
              [104.04228301396168, 10.151727684947966],
              [104.04289834116392, 10.152066607506763],
              [104.04289391179054, 10.152343061360899],
              [104.04289391179054, 10.153596086611383],
              [104.04305443237112, 10.153908151385282],
              [104.04332196708216, 10.154438820302047],
              [104.0433263964691, 10.154447714711807],
              [104.04360287908038, 10.15498733407411],
              [104.04378572465812, 10.155727512100327],
              [104.04389273904144, 10.156168953975566],
              [104.04413352170371, 10.15716781150961],
              [104.0443341742394, 10.15894249091988],
              [104.04470429697982, 10.160257980273483],
              [104.04472210329244, 10.160320400769988],
              [104.04481574150115, 10.1606503115333],
              [104.04498964119819, 10.16126127869185],
              [104.0449985886668, 10.161287985312532],
              [104.04628277782962, 10.165047030794543],
              [104.0463229089312, 10.165212033729034],
              [104.04638536464199, 10.165457272721758],
              [104.0465147056354, 10.165961149916665],
              [104.04731733118936, 10.1690736058709],
              [104.04748228637217, 10.169724614147965],
              [104.04777658391133, 10.17085276285603],
              [104.0478300926214, 10.17107572518117],
              [104.04786136510549, 10.171196098334292],
              [104.04810658414681, 10.172270783232243],
              [104.04817347019556, 10.172569543006338],
              [104.0483339968432, 10.17326070531567],
              [104.0485168486135, 10.174072221162016],
              [104.04861491892028, 10.174491367080048],
              [104.04868180521235, 10.174790133380053],
              [104.04948444321406, 10.178295014059227],
              [104.04957808461452, 10.178696358787585],
              [104.0494443112045, 10.179035225051784],
              [104.04931053792252, 10.179396440492068],
              [104.04946211812124, 10.179895832738378],
              [104.04964497136756, 10.18048000500833],
              [104.0497208059236, 10.180725198446504],
              [104.0497697971949, 10.180881335463045],
              [104.05000173078827, 10.181634905904653],
              [104.05001510817686, 10.181679436613518],
              [104.05027370841057, 10.182504399941692],
              [104.05027813801792, 10.18252672214852],
              [104.05049217681227, 10.183271409953877],
              [104.05055020477035, 10.183476523964693],
              [104.05071959339035, 10.18405171178763],
              [104.0511075401716, 10.185407266589534],
              [104.05207072304147, 10.188738226727494],
              [104.0522223062332, 10.189273354842822],
              [104.05240516308996, 10.189906530369896],
              [104.0524988064469, 10.190227609775857],
              [104.05262815309793, 10.19068240293788],
              [104.05263258277986, 10.19069580348855],
              [104.05277973689397, 10.191070345248272],
              [104.05298934982481, 10.191596533714437],
              [104.05305171992069, 10.191765946953495],
              [104.05388556824937, 10.193888524554165],
              [104.05406390895912, 10.1943388608924],
              [104.05416650148238, 10.194610857166598],
              [104.05442067965565, 10.195257465772833],
              [104.05444300554026, 10.195310952570667],
              [104.05459902104774, 10.195703386945171],
              [104.05472836964131, 10.196042274579758],
              [104.05496022286492, 10.196626396046616],
              [104.05500035645774, 10.196728897446187],
              [104.05514308330166, 10.19709013993971],
              [104.05526791403749, 10.19741121369704],
              [104.05532585538211, 10.197553889465018],
              [104.05555770959609, 10.198146942274118],
              [104.05597694409887, 10.199217147603706],
              [104.05602593756211, 10.199636283127727],
              [104.05618204343102, 10.200947266027974],
              [104.05638714306384, 10.20128611617384],
              [104.05655662735019, 10.201558128595911],
              [104.0566636515113, 10.20173653357747],
              [104.05698915430578, 10.202271639718436],
              [104.05722101127637, 10.202646190351464],
              [104.05742611243227, 10.202980623314446],
              [104.05750195120797, 10.203105425906493],
              [104.05830898109937, 10.204425316164441],
              [104.05832687774209, 10.204452059449624],
              [104.05874151347173, 10.205129914582853],
              [104.05916518740285, 10.205821056864135],
              [104.0591829955573, 10.205852224911045],
              [104.05944613123758, 10.206284805041614],
              [104.05961996053406, 10.20656122324632],
              [104.06031563427292, 10.207702751464952],
              [104.06146609059823, 10.208126434938357],
              [104.06185849715519, 10.20827352750956],
              [104.06285728268088, 10.208639186685854],
              [104.06371342820196, 10.209330371959014],
              [104.06371342820196, 10.209811906261436],
              [104.06370456813664, 10.20981638062338],
              [104.06335672241552, 10.210075060884165],
              [104.06379813045463, 10.21064582862587],
              [104.06454734005811, 10.210953490063527],
              [104.0653632707331, 10.210364888346218],
              [104.0658805284102, 10.209990283568429],
              [104.06640673683522, 10.21056550946126],
              [104.06672783215411, 10.211171973845014],
              [104.06694632624385, 10.211586656713664],
              [104.06703997932986, 10.211760564601066],
              [104.06722276694293, 10.212099486545144],
              [104.06736098749701, 10.212367037761036],
              [104.06754829428596, 10.212710351236659],
              [104.06829743534186, 10.21341488575412],
              [104.06913571608374, 10.21333018040416],
              [104.0711155883476, 10.215742506260044],
              [104.07129395100355, 10.21596100865427],
              [104.07138751838923, 10.216384669937197],
              [104.07138751838923, 10.216398016457847],
              [104.07154364138201, 10.217111483315287],
              [104.07166405645376, 10.217659934035305],
              [104.0716952456577, 10.217811555952645],
              [104.07181566085966, 10.218368936133874],
              [104.07436620140388, 10.222449015930305],
              [104.07444647972271, 10.222854847112263],
              [104.07463379597864, 10.223800152328153],
              [104.07499496085659, 10.225641742507255],
              [104.07528036683131, 10.227090917002833],
              [104.07539626610141, 10.227617090961376],
              [104.07638619863101, 10.232210025326692],
              [104.07654223857952, 10.232932362454237],
              [104.0765467576266, 10.23295911231373],
              [104.07666717699388, 10.233338197210653],
              [104.07679645735678, 10.233739504694698],
              [104.07694363685941, 10.234198764483292],
              [104.07705510704903, 10.234555469127347],
              [104.07720219821378, 10.235019241470969],
              [104.07809405246321, 10.236579952690981],
              [104.07816538332608, 10.23790876286499],
              [104.07833037485216, 10.238301177923333],
              [104.07895020243106, 10.2397815825749],
              [104.07976621692303, 10.24173015771667],
              [104.08010958419588, 10.242804791623614],
              [104.08017196636605, 10.24298762149428],
              [104.08096574645775, 10.245444626704709],
              [104.080675898351, 10.25152681735001],
              [104.08040829225367, 10.257131956003452],
              [104.07956551360284, 10.259044863899273],
              [104.07944518035909, 10.25932129721523],
              [104.07898591238067, 10.26036473113581],
              [104.07842846603936, 10.262407060578976],
              [104.07833037485216, 10.262754887331722],
              [104.0773805686102, 10.266224030035907],
              [104.07691687693836, 10.266362269784283],
              [104.07595370039644, 10.26932753654477],
              [104.07589123149305, 10.269947346955185],
              [104.07583771205749, 10.270446826785411],
              [104.07548097541441, 10.273786645196456],
              [104.07528479722978, 10.276105423660688],
              [104.07528036683131, 10.276154449907377],
              [104.07512875867992, 10.277924743353108],
              [104.07499496085659, 10.279498790689754],
              [104.07490582145043, 10.280573379594344],
              [104.07559253305007, 10.287712394933497],
              [104.07722452772938, 10.291881681878234],
              [104.07726466770089, 10.291984271050802],
              [104.07777301972426, 10.293286305518503],
              [104.07780421028662, 10.293357648456057],
              [104.0788877321936, 10.29613564618069],
              [104.0790527245689, 10.296550414162972],
              [104.07916871556539, 10.296858055074164],
              [104.0792222362714, 10.296987359822161],
              [104.07932918913413, 10.297669609744244],
              [104.07943623068896, 10.298325059498863],
              [104.07954770285849, 10.298998436158959],
              [104.07972164569733, 10.30007751264779],
              [104.07975726723244, 10.300313815489146],
              [104.0802745780074, 10.303524437846779],
              [104.08016753581326, 10.30978499250962],
              [104.07833932445176, 10.3147122540943],
              [104.07833037485216, 10.314734612184234],
              [104.0780762419056, 10.315421258704667],
              [104.07792463073304, 10.315960830819682],
              [104.07777301972426, 10.316509342382577],
              [104.07668941781547, 10.320410986717762],
              [104.07584666149812, 10.32233292765172],
              [104.07517332844677, 10.32473634931274],
              [104.07481659349324, 10.327014932106515],
              [104.07528036683131, 10.327937968297713],
              [104.07538740529755, 10.328152062672736],
              [104.0753918356994, 10.328169824017133],
              [104.07555239355698, 10.328749552141884],
              [104.0756237231277, 10.32899479430973],
              [104.07555239355698, 10.329110705075372],
              [104.07449556825377, 10.330863176147519],
              [104.07293484492081, 10.335848409157666],
              [104.07291260469454, 10.342327491917503],
              [104.07317115861869, 10.34477998606755],
              [104.0736081672261, 10.346349635828116],
              [104.0736215468704, 10.34640309370299],
              [104.0741344046617, 10.348240248826063],
              [104.07501277102307, 10.349992733382416],
              [104.0762033990711, 10.351700571440128],
              [104.07761245932547, 10.352801974774895],
              [104.07880302082388, 10.353198832039016],
              [104.07965917511656, 10.3529891871382],
              [104.07969036609809, 10.352980285142674],
              [104.08017648553002, 10.353332593146964],
              [104.08035929026526, 10.353461918450263],
              [104.08065799885439, 10.35499585281665],
              [104.07954327232542, 10.358496169603875],
              [104.07936489918019, 10.35902234480279],
              [104.07878521017629, 10.359370149487136],
              [104.07758569927687, 10.361684458734857],
              [104.07709072790732, 10.364703293854586],
              [104.07752331825623, 10.368118920117748],
              [104.07778639976577, 10.36842660650837],
              [104.07831699475877, 10.368471234623252],
              [104.07862916773358, 10.368778913221746],
              [104.07871387899839, 10.36956814043046],
              [104.07906610473245, 10.370005149497066],
              [104.07919547591584, 10.370575894246384],
              [104.07892787264086, 10.371088732125283],
              [104.07800039199401, 10.372060812047],
              [104.07741627816043, 10.373982664282794],
              [104.07657794791638, 10.374508843943458],
              [104.07426811305682, 10.377652485367904],
              [104.07417445514177, 10.378878780310524],
              [104.07289027586532, 10.37974831557855],
              [104.07102636280207, 10.382981119514865],
              [104.06805661108602, 10.385161639477865],
              [104.06406570485295, 10.389000917815816],
              [104.06291079716011, 10.39061953394156],
              [104.0618896841764, 10.392844690200308],
              [104.06126098352195, 10.395908024081866],
              [104.05935248323, 10.398137599909893],
              [104.05850965398176, 10.398833207384307],
              [104.05749300293907, 10.399225657696078],
              [104.0570470963633, 10.400318101751237],
              [104.05722101127637, 10.401294641028793],
              [104.05723881918338, 10.401406120725097],
              [104.05731908768793, 10.401847626241727],
              [104.05730570960064, 10.402199834935367],
              [104.05700253236282, 10.402387117383432],
              [104.05636038706876, 10.402552104044254],
              [104.05509400155243, 10.402498645522545],
              [104.05412193839958, 10.402538769424813],
              [104.05363590935666, 10.403020343840488],
              [104.05306066790547, 10.40319422462384],
              [104.05049217681227, 10.404674626162048],
              [104.04781671544197, 10.40720295696489],
              [104.04322832987499, 10.41231756058389],
              [104.04259510658758, 10.41353485731791],
              [104.04246133986432, 10.41436875043184],
              [104.04108797938893, 10.415238292638824],
              [104.03979037300346, 10.415621758627873],
              [104.03860873606678, 10.415670784593972],
              [104.03719519642567, 10.415050979329122],
              [104.03682509359476, 10.413503645905264],
              [104.03637021747754, 10.412295227291773],
              [104.03515291073204, 10.412139197559794],
              [104.03286537366138, 10.412433484074917],
              [104.02901719807548, 10.414765610705553],
              [104.02631495527997, 10.417209215792303],
              [104.02205207831213, 10.422404068684257],
              [104.02124499231479, 10.423755161671709],
              [104.0211111575013, 10.42397812788058],
              [104.02000532017091, 10.42582859502652],
              [104.01999646287894, 10.42584203522873],
              [104.01958619373266, 10.426524225049807],
              [104.01944793188567, 10.426760610903182],
              [104.01917149717613, 10.427215399855791],
              [104.01860968362863, 10.428160761640836],
              [104.01834653636361, 10.42859330770861],
              [104.01833316201235, 10.428619996286008],
              [104.01793627208149, 10.42928447336287],
              [104.01777578042463, 10.429551965660151],
              [104.01751715187486, 10.429984486815744],
              [104.01750377760334, 10.43001125955477],
              [104.01710689003824, 10.430671233399702],
              [104.0169463993381, 10.430943247426537],
              [104.01668777233009, 10.431371260703846],
              [104.01666996959824, 10.431402496373625],
              [104.01627751293925, 10.43205350437016],
              [104.01611250610314, 10.43233442304365],
              [104.01586725475833, 10.432749137037712],
              [104.01555513341215, 10.433261925228036],
              [104.01546594336045, 10.43341359920528],
              [104.01527418937145, 10.433734605440373],
              [104.0150512590847, 10.434113624299272],
              [104.01471682003974, 10.43466655917435],
              [104.01173374082596, 10.439656279828395],
              [104.00971822129598, 10.443022965172808],
              [104.00966915553482, 10.443103194159253],
              [104.0088887997017, 10.444414183457338],
              [104.00884867938065, 10.444481049951799],
              [104.00831799401628, 10.445368376929299],
              [104.00802369124077, 10.445858882731793],
              [104.0077650808301, 10.446286987074815],
              [104.00731029964871, 10.447049492081948],
              [104.00586103221845, 10.44779860506588],
              [104.00330155871963, 10.448610156825625],
              [104.0030384404329, 10.448694893609325],
              [104.00286007645208, 10.448806396274078],
              [103.99983235184214, 10.450647975085916],
              [103.99754486415073, 10.450790696226564],
              [103.99464645975878, 10.451985695726464],
              [103.9923633967931, 10.450924429112685],
              [103.98703477264473, 10.449399430058396],
              [103.98505494353658, 10.449845384358698],
              [103.98323116679462, 10.448182065434175],
              [103.9814028981112, 10.448026063639842],
              [103.97970844834254, 10.446300341543221],
              [103.97822351961011, 10.4445211507186],
              [103.97670743886839, 10.443838981247502],
              [103.97563285741738, 10.442122155243577],
              [103.97516906157529, 10.44120807557279],
              [103.97375554752945, 10.440151232345398],
              [103.97309563515135, 10.4396696722845],
              [103.97222163019347, 10.437043246677737],
              [103.97217700482265, 10.436909533551473],
              [103.97219931750627, 10.436641931007152],
              [103.97227068270102, 10.4358571692025],
              [103.97215469214264, 10.433814860420451],
              [103.97192731551362, 10.428579912568521],
              [103.97190057576329, 10.427995724035314],
              [103.97177121565343, 10.42508844720492],
              [103.97068321426342, 10.419835632518547],
              [103.96992521314837, 10.416763298377644],
              [103.96675025984956, 10.40921402319813],
              [103.96510937795284, 10.408478236119661],
              [103.96502013181932, 10.407911979868027],
              [103.9643156383234, 10.407546277216898],
              [103.96360663303966, 10.407470553768867],
              [103.9625943944175, 10.406855170550074],
              [103.962063797709, 10.40658757256169],
              [103.96033806660272, 10.406364645768951],
              [103.95914302904846, 10.405869719934175],
              [103.95776969595966, 10.40646719373355],
              [103.95655237048986, 10.406012376434305],
              [103.95381001903353, 10.405249863456504],
              [103.95107206002824, 10.404032582852095],
              [103.94969420385729, 10.403657988811416],
              [103.94854821408519, 10.402342508649744],
              [103.94788833368455, 10.402164209917242],
              [103.94687160705602, 10.400982525156202],
              [103.94665755098237, 10.399930202638695],
              [103.94644358376722, 10.399038369711809],
              [103.94583266803255, 10.398436335611795],
              [103.94553389484085, 10.39767829214381],
              [103.94464209391512, 10.391190373595817],
              [103.9437413578257, 10.386209546628704],
              [103.94208702860087, 10.380475085873265],
              [103.93845285012432, 10.373973757581554],
              [103.93663349536784, 10.370352927824285],
              [103.93337388933972, 10.366843680093664],
              [103.93177757451238, 10.365202712332165],
              [103.92782678831233, 10.36187170956417],
              [103.92463412904347, 10.36020404178812],
              [103.92174460183189, 10.359289965268818],
              [103.91915385065916, 10.359432643537007],
              [103.91732112133913, 10.360930838705752],
              [103.91640259744975, 10.362286408275434],
              [103.91472593990916, 10.362130338153122],
              [103.91323215301772, 10.36213486877013],
              [103.91259005445797, 10.362727920415876],
              [103.91146189766975, 10.362522792186002],
              [103.91061917140364, 10.363089107915478],
              [103.90880877005435, 10.363387825668415],
              [103.9073907157374, 10.363864984304149],
              [103.9059325856944, 10.364342060009504],
              [103.901598377832, 10.36467649590745],
              [103.90004659220291, 10.365109085812843],
              [103.89398669937319, 10.367793454113512],
              [103.89276931966089, 10.36778898357457],
              [103.89119975915463, 10.368011891099277],
              [103.88941164844715, 10.369434390189149],
              [103.88499266332005, 10.36971972817543],
              [103.88178657952106, 10.3713696370346],
              [103.87569546665915, 10.370745321888208],
              [103.87478129230682, 10.37044212194469],
              [103.8724893358553, 10.371316127132381],
              [103.87142362107998, 10.372145542778231],
              [103.87018848179324, 10.371748651080571],
              [103.86956419215424, 10.372751943793071],
              [103.86730789026848, 10.373313814529356],
              [103.86571597330132, 10.373001657173498],
              [103.8645655543631, 10.373434213370452],
              [103.86403931813109, 10.373541181076485],
              [103.86363800686357, 10.373300395952661],
              [103.86279973372591, 10.373251402595898],
              [103.86222449112441, 10.37390685789489],
              [103.86115876817507, 10.374120866474803],
              [103.86040968830932, 10.373813232647331],
              [103.85970511287593, 10.373897966314097],
              [103.85877317503169, 10.374758525330297],
              [103.85694497109859, 10.374450869119094],
              [103.85479114571483, 10.375672677535947],
              [103.85225394672155, 10.377420594932481],
              [103.85220936038428, 10.377447382791262],
              [103.85218706722114, 10.377429538804263],
              [103.85138000409805, 10.376800816960289],
              [103.85063080115324, 10.376185457009269],
              [103.8504613928652, 10.37522227851241],
              [103.8492485595394, 10.374874474312016],
              [103.84891408129722, 10.374473169669255],
              [103.84710370224316, 10.374245786806812],
              [103.84506591571662, 10.375159900042533],
              [103.8444014921034, 10.375855487677777],
              [103.8441784849863, 10.37685874792815],
              [103.84417406200077, 10.376863206561755],
              [103.84271589998426, 10.377340378695365],
              [103.8390907315167, 10.377763940405096],
              [103.83745420958624, 10.377755076356216],
              [103.83674966471158, 10.377545526508237],
              [103.83682989330303, 10.376470850637206],
              [103.8368344045042, 10.37641285907025],
              [103.83691021039694, 10.375431898185543],
              [103.83782872997065, 10.373929170295224],
              [103.8382657896668, 10.373425261886212],
              [103.83829701458868, 10.371066401928536],
              [103.83805614944258, 10.370406503000341],
              [103.8375389498189, 10.370005125403832],
              [103.83637957003731, 10.369001832140452],
              [103.83525584707972, 10.368489072905168],
              [103.83474308081013, 10.367512531145236],
              [103.83457360389077, 10.367200364508998],
              [103.83472521319175, 10.366892684175964],
              [103.83497491779491, 10.366370984314662],
              [103.83465834232398, 10.36531867180295],
              [103.83420351515377, 10.365015435697828],
              [103.83322699522759, 10.365131337048947],
              [103.83281675281283, 10.365180409173075],
              [103.83259376473335, 10.364738945462006]
            ]
          ],
          [
            [
              [104.43861235110765, 10.424544373480776],
              [104.4393748856512, 10.423113012860686],
              [104.44096676913016, 10.421200049621467],
              [104.4452653842593, 10.42100384245094],
              [104.44683050239735, 10.419264843252638],
              [104.45213237640104, 10.407604290493865],
              [104.45382683066813, 10.402342544989017],
              [104.45229291029784, 10.396331710833278],
              [104.45125837144074, 10.395020684180071],
              [104.45091500741414, 10.394606007059199],
              [104.45083922756929, 10.39393711050465],
              [104.45069210995068, 10.393263801461735],
              [104.44865868580341, 10.39161842356344],
              [104.44745475977479, 10.39079794480688],
              [104.4458940768482, 10.389023194101519],
              [104.44565333088968, 10.388630794554972],
              [104.44610808345519, 10.387516014847678],
              [104.44618394971556, 10.386543926474456],
              [104.44625972717839, 10.385277558056323],
              [104.44588519322654, 10.384532890108764],
              [104.44535901726638, 10.384158300175693],
              [104.44420850802017, 10.384341130499752],
              [104.44355308330924, 10.383783726232776],
              [104.44385627684088, 10.382811724895028],
              [104.44460986603266, 10.382142836039513],
              [104.44543923610419, 10.380952203440716],
              [104.44574243349955, 10.37998458119807],
              [104.4458940768482, 10.379088320098186],
              [104.44567109810572, 10.378642399700025],
              [104.44529212385015, 10.378566643434214],
              [104.44567109810572, 10.377447371395078],
              [104.44559976274627, 10.376925684594045],
              [104.44575140594878, 10.375061794098066],
              [104.44613038138013, 10.373871220362114],
              [104.44605460398351, 10.37334950727807],
              [104.44552842742118, 10.373050719254088],
              [104.44500225272917, 10.372377395229552],
              [104.4445518564961, 10.37185566971216],
              [104.44372693314286, 10.371030740872575],
              [104.44361100361947, 10.370861281277927],
              [104.44342373987621, 10.37058483629393],
              [104.44348174897058, 10.370147828859126],
              [104.44357982259075, 10.369389800187786],
              [104.4431294306865, 10.368569333540298],
              [104.4423758490335, 10.367900468440917],
              [104.44207710023153, 10.367004166483182],
              [104.44207710023153, 10.366107855162674],
              [104.4425542280289, 10.365300788353453],
              [104.44301350163119, 10.36472109942293],
              [104.44320973715047, 10.364471414510634],
              [104.44333454982753, 10.364444613696604],
              [104.4433434332961, 10.364444625999113],
              [104.44402124352085, 10.364310841876696],
              [104.4450958855698, 10.364101307093678],
              [104.44524752825613, 10.364136950886012],
              [104.44535448663565, 10.36416370039714],
              [104.44636224446415, 10.364417906622958],
              [104.44647373431393, 10.364444615876545],
              [104.44659863857999, 10.364475887021399],
              [104.44877915001494, 10.366491366070989],
              [104.44927406706265, 10.366491407089413],
              [104.4493811171891, 10.366495870408182],
              [104.44963528381584, 10.366478019310081],
              [104.45066083859163, 10.366420059472564],
              [104.45151254128838, 10.366509212756798],
              [104.45209222074402, 10.366571637259367],
              [104.45239543175958, 10.366870388403633],
              [104.45266301843928, 10.367557116083127],
              [104.45269420138061, 10.368457825702288],
              [104.45269420138061, 10.368533678343482],
              [104.45268975936577, 10.368810088680357],
              [104.45289933377069, 10.36920248815566],
              [104.45318913150729, 10.369309510483832],
              [104.45359051385776, 10.369452245643457],
              [104.45359495589959, 10.369452209817718],
              [104.45450015796204, 10.369483413328222],
              [104.45585570594449, 10.369563736071989],
              [104.45782215208288, 10.369166809903005],
              [104.45803173374352, 10.369126701626408],
              [104.45963705557311, 10.368805668167393],
              [104.45992242424757, 10.368747663416343],
              [104.46022120903639, 10.36904643792405],
              [104.46023453575822, 10.369403139362035],
              [104.46029255143446, 10.37106197521695],
              [104.46051990558199, 10.37143202535132],
              [104.46129579088219, 10.371574749692677],
              [104.46134936469919, 10.371583651652996],
              [104.46179972313944, 10.371882432848851],
              [104.46204937991632, 10.37232831851033],
              [104.46216088156625, 10.372524499861205],
              [104.46252648318139, 10.373545637011237],
              [104.46285201597291, 10.373750817933075],
              [104.46389098921618, 10.374731767058144],
              [104.46443055805983, 10.375244606130368],
              [104.46447960179312, 10.375592434526974],
              [104.46472935192534, 10.37725561467736],
              [104.46527780859944, 10.377683684960722],
              [104.46575936464761, 10.378053809846866],
              [104.4660937893609, 10.37831249300306],
              [104.46647725922057, 10.378611243670143],
              [104.46675819861095, 10.378825221332333],
              [104.46723531700977, 10.37917752180273],
              [104.46759204619957, 10.379445031261437],
              [104.46959418801656, 10.380929972449819],
              [104.4714982646661, 10.381674651388124],
              [104.47496298263147, 10.382566463080533],
              [104.4764656827692, 10.38257088033387],
              [104.478423249697, 10.382263223000468],
              [104.47924818825362, 10.38173702412065],
              [104.47981891263994, 10.381010168724261],
              [104.48027821274337, 10.380430535023718],
              [104.48118339974394, 10.37928007463766],
              [104.48194144366802, 10.376943509605795],
              [104.48197263275755, 10.376836524097836],
              [104.48222241228302, 10.376658120268631],
              [104.48287338714624, 10.376198841204568],
              [104.48577624008915, 10.374125370015015],
              [104.48611515283694, 10.37337624736096],
              [104.48718085806797, 10.371030732525137],
              [104.48883972300591, 10.368645143128322],
              [104.49026658555937, 10.367231566594704],
              [104.49083735217896, 10.366665309268807],
              [104.49233559163116, 10.365171503808186],
              [104.49471227816359, 10.363334367788205],
              [104.4947435587923, 10.363311996295904],
              [104.49543022356465, 10.362776929162393],
              [104.49581368016143, 10.362482658663993],
              [104.49698645029079, 10.361577473275938],
              [104.4971871115883, 10.361390179510739],
              [104.49760629728668, 10.36100668418473],
              [104.50136080334461, 10.357555324923485],
              [104.50113791912267, 10.356734819192791],
              [104.50113791912267, 10.355990214636998],
              [104.50132516673015, 10.355624533194167],
              [104.50151694691526, 10.355245549660314],
              [104.50176213797418, 10.355183116943289],
              [104.50272086643008, 10.354946739276045],
              [104.50913307665728, 10.348695140115769],
              [104.50932033428867, 10.34845878435265],
              [104.50972169030612, 10.347963828833578],
              [104.51048858902409, 10.34701401771701],
              [104.51278059892024, 10.344169150613835],
              [104.51278948653719, 10.344155733132094],
              [104.51333794240084, 10.343477935279322],
              [104.51372144498167, 10.342996343999934],
              [104.5138686249123, 10.342795702677961],
              [104.51416734018065, 10.342389969194388],
              [104.51463554490196, 10.341756725416547],
              [104.5150011864344, 10.341257364868612],
              [104.51539811381568, 10.340713292919139],
              [104.51583059343771, 10.340120229030443],
              [104.51833661792995, 10.336700118434349],
              [104.51924630204908, 10.335188454383],
              [104.52029864504541, 10.334020217650044],
              [104.52263071325943, 10.330524232135929],
              [104.52270652963956, 10.330354824720244],
              [104.5227823460581, 10.330189837271742],
              [104.5229428672303, 10.32983752641091],
              [104.52305432555409, 10.329583438078714],
              [104.52327733133292, 10.329097357567132],
              [104.52506992232993, 10.326939148339624],
              [104.52566739817364, 10.325953687853136],
              [104.52628718632954, 10.324544643775939],
              [104.52638975871676, 10.324317162620833],
              [104.5264120686647, 10.324263696589291],
              [104.52660379213913, 10.323951514167378],
              [104.52666174476289, 10.323853479009793],
              [104.52777209291992, 10.322029686678844],
              [104.5283027377159, 10.320834653908273],
              [104.5285033521592, 10.320254941695005],
              [104.52845437625571, 10.319942849012191],
              [104.52821802997, 10.319193670271257],
              [104.52807981334158, 10.318449019792693],
              [104.52841420002741, 10.31776233325935],
              [104.5289092039099, 10.317258411051826],
              [104.52958695922862, 10.316290848878054],
              [104.52993477111514, 10.315666516905358],
              [104.53087119174354, 10.31398102094096],
              [104.53192797189104, 10.311408126011973],
              [104.53194583828609, 10.311367961140649],
              [104.53215534637103, 10.310850693461271],
              [104.53245863139777, 10.309731500481137],
              [104.5325344527503, 10.30898684149392],
              [104.53223561195588, 10.308389252523718],
              [104.53161135483526, 10.307657961713756],
              [104.53133491544835, 10.30727001424213],
              [104.53125909470235, 10.306819644788337],
              [104.53125909470235, 10.30637373748095],
              [104.53013094341931, 10.30540168414654],
              [104.52872636604913, 10.304719414134768],
              [104.52807981334158, 10.304273574423298],
              [104.52803519295243, 10.303145401409987],
              [104.52772747262236, 10.301745233836177],
              [104.52780773583645, 10.301076370842988],
              [104.52787911058012, 10.300478856153893],
              [104.52861037034157, 10.30015334942579],
              [104.52870850003775, 10.300108697392481],
              [104.52908750881538, 10.299511253963889],
              [104.53136167049213, 10.295578287152214],
              [104.5313884255407, 10.295538142221377],
              [104.53210636927446, 10.294294073864888],
              [104.53299818159867, 10.292501503138428],
              [104.53333257925432, 10.291828146029827],
              [104.53414413222059, 10.290196153143436],
              [104.53452315473773, 10.288853941684879],
              [104.53444733237988, 10.2876634082807],
              [104.53437604339844, 10.286842891924866],
              [104.53414857666294, 10.286022412578875],
              [104.53377399952355, 10.284903193799508],
              [104.53362688891897, 10.28378396184531],
              [104.53325231308237, 10.28251758923091],
              [104.53265036260598, 10.28132250224102],
              [104.53148202380463, 10.28071164968112],
              [104.53122345096514, 10.279752955097134],
              [104.53062141974623, 10.278856650566093],
              [104.53075519437631, 10.278410715422595],
              [104.53083101486749, 10.278156591538409],
              [104.53110300897315, 10.277233529631896],
              [104.53115207462905, 10.277068544864028],
              [104.53207961409781, 10.276809921160092],
              [104.53220441237129, 10.276774242266065],
              [104.53283764965565, 10.277001678261852],
              [104.53303382575773, 10.277073001349665],
              [104.53320324673928, 10.277224625667825],
              [104.53371159972079, 10.27767057762612],
              [104.53454102144192, 10.27759474428891],
              [104.53488884481885, 10.277184495536083],
              [104.53512964609065, 10.277452035816548],
              [104.53506715683459, 10.27796929952674],
              [104.5350047564939, 10.278094140990842],
              [104.53483977794043, 10.278415237745058],
              [104.5352901804866, 10.279088497050639],
              [104.53639152574125, 10.28018546749155],
              [104.536641218457, 10.28043518956231],
              [104.53713624949457, 10.281304679187103],
              [104.53731900871735, 10.281625786497658],
              [104.53749741251184, 10.282053847713271],
              [104.53769359470706, 10.282522019398021],
              [104.53769359470706, 10.282691528253281],
              [104.53769359470706, 10.283266727442141],
              [104.53774266251868, 10.283788441965175],
              [104.53792542247992, 10.284292318419261],
              [104.53798791292628, 10.28521087499514],
              [104.53821529659079, 10.285580963801657],
              [104.5386121965804, 10.285777148706902],
              [104.53881726939386, 10.285879731225059],
              [104.53880393565234, 10.286026934810236],
              [104.53874144486625, 10.286624419771744],
              [104.53964671933578, 10.287297736249819],
              [104.5408551234765, 10.287516273752233],
              [104.54130101052674, 10.287596460813065],
              [104.54157746827424, 10.287779295546041],
              [104.54183161428598, 10.287944311855874],
              [104.54206798201903, 10.28810038737566],
              [104.54209918365432, 10.288211893044526],
              [104.54233999649341, 10.289027835321047],
              [104.54262090084677, 10.289973221261093],
              [104.5428037556401, 10.290584126327968],
              [104.54295087523921, 10.2911058190041],
              [104.54353055453038, 10.291310915581096],
              [104.54371341043108, 10.291373336179548],
              [104.54400765155526, 10.29148035019249],
              [104.54536321274536, 10.291556212005727],
              [104.54625510382907, 10.291110233448299],
              [104.54642009492571, 10.291025532415889],
              [104.54648694481816, 10.29101214882852],
              [104.54850694568485, 10.290539469155203],
              [104.54942996968326, 10.290142662744573],
              [104.54970190858647, 10.290071335547974],
              [104.55039753747315, 10.289879587930209],
              [104.55131168317665, 10.289625366915764],
              [104.55163278673024, 10.289442537718758],
              [104.55235064945202, 10.289036759902482],
              [104.55260925867013, 10.288889618893108],
              [104.55300610778144, 10.288666666848895],
              [104.55359027086685, 10.288332246935342],
              [104.55363934386972, 10.288301006398104],
              [104.5540228606065, 10.288086998231186],
              [104.55444193865918, 10.287783780537762],
              [104.55445091764592, 10.287774870468542],
              [104.55482990249598, 10.287498401168785],
              [104.55621223182288, 10.286499550790774],
              [104.55888766944109, 10.284234301220087],
              [104.56093886455216, 10.282499757008317],
              [104.5620804051381, 10.281532134372037],
              [104.56321750907291, 10.28056897840306],
              [104.56431443576284, 10.279298112139308],
              [104.56554962140324, 10.277862313755588],
              [104.56608022178376, 10.277251424456026],
              [104.56861295747812, 10.274312865616778],
              [104.5706865125779, 10.271904948062236],
              [104.57080689736593, 10.2717176596987],
              [104.57266184882609, 10.268886075788892],
              [104.57342435669743, 10.267713333017186],
              [104.57362503134277, 10.267405675141891],
              [104.57399961880058, 10.266834905756872],
              [104.57444551512336, 10.266148253995945],
              [104.57452126872728, 10.266036746346119],
              [104.57472194483125, 10.26572909612355],
              [104.57672409701749, 10.262665627790371],
              [104.58107614440188, 10.25561139317987],
              [104.58138833077669, 10.255103042642208],
              [104.58156669787572, 10.254817616826545],
              [104.58165588150418, 10.254666033224149],
              [104.58260569485908, 10.253127666404755],
              [104.58373824082992, 10.249850186711503],
              [104.58374268673644, 10.249181319813916],
              [104.58329231706867, 10.248508021650467],
              [104.58343947621032, 10.246563833403451],
              [104.58344401102602, 10.24649249829961],
              [104.583608953925, 10.246296337841775],
              [104.58393892918131, 10.24590834560842],
              [104.5839880120619, 10.245832567067772],
              [104.5850269367739, 10.244258521536839],
              [104.58570476697365, 10.243964221317498],
              [104.58605253070235, 10.244057821526448],
              [104.58653411943176, 10.244187135833311],
              [104.58683289016786, 10.243888360192486],
              [104.58660996801807, 10.242171610921925],
              [104.58653856542054, 10.241426978973507],
              [104.58548620352595, 10.240383555660117],
              [104.58533459643805, 10.240084812011295],
              [104.58551296819479, 10.23969684456991],
              [104.58660543310738, 10.23876492152146],
              [104.5873501384005, 10.237391473790224],
              [104.58744821747244, 10.236954461320764],
              [104.58745266348808, 10.236455090638442],
              [104.58831332565897, 10.234185360912134],
              [104.58833110982408, 10.234131838388905],
              [104.58848271991657, 10.233735045725739],
              [104.58860765386066, 10.233405006074163],
              [104.58918279593942, 10.23188898803773],
              [104.59009246389617, 10.229427567108736],
              [104.59031992620109, 10.228161099749615],
              [104.59127859732027, 10.222056673580173],
              [104.59130980914324, 10.221864916402215],
              [104.59145697608767, 10.220928439546364],
              [104.59209019573342, 10.21695099456098],
              [104.59221504373365, 10.216157209862674],
              [104.5923443379963, 10.21543483119361],
              [104.59250039827477, 10.215167316035295],
              [104.5926386740406, 10.214926502425321],
              [104.59259403451911, 10.214337919409543],
              [104.5922462557498, 10.213548649589312],
              [104.59161748158903, 10.211158627016113],
              [104.58846048968823, 10.210859841168832],
              [104.5873278194184, 10.210409422098978],
              [104.58600353607083, 10.208920134733601],
              [104.58560215415211, 10.208469730885785],
              [104.58575820747416, 10.20770281768337],
              [104.58605697667696, 10.20623130692642],
              [104.58696217983014, 10.204817719096633],
              [104.5869978367647, 10.204496681903022],
              [104.58729660841709, 10.204536819240445],
              [104.58771577892688, 10.20459480191682],
              [104.58861654596026, 10.205040669669659],
              [104.58884391712462, 10.205040673515027],
              [104.5892185423189, 10.205040737154004],
              [104.58974469087694, 10.204893569558697],
              [104.5902752873637, 10.204224664153061],
              [104.59019952586105, 10.202882529353692],
              [104.58982498715889, 10.201165725321845],
              [104.5899542793791, 10.199819077728161],
              [104.58997650982698, 10.199792347627266],
              [104.59055174603265, 10.198980790598876],
              [104.59095758720677, 10.198409998794178],
              [104.59127415119215, 10.197714407456724],
              [104.59134102097268, 10.196666480896688],
              [104.59137223280854, 10.196193856132096],
              [104.59179141461264, 10.195426876217022],
              [104.5926163542782, 10.195502664109743],
              [104.59321827762857, 10.195877229093016],
              [104.59366867685574, 10.19647474949622],
              [104.5938649321801, 10.196474753164539],
              [104.59464968924844, 10.196474778508898],
              [104.59541221913538, 10.19589507050486],
              [104.59563070799864, 10.195730090112932],
              [104.59566192071914, 10.195681063272122],
              [104.59647789999121, 10.19446369116456],
              [104.59661173310545, 10.192898573488538],
              [104.59653587950525, 10.191404752832142],
              [104.59629506903099, 10.189313440697175],
              [104.59614798630786, 10.188528684676838],
              [104.59505545248741, 10.188475177286865],
              [104.59495736848406, 10.187641262462604],
              [104.59458726423131, 10.187449552150207],
              [104.59345463701639, 10.187431726021336],
              [104.59270554442412, 10.187150823012367],
              [104.59157293129152, 10.187396073991746],
              [104.59014599486915, 10.18737376069554],
              [104.59022184526692, 10.18595576924642],
              [104.59149263408185, 10.182673851279613],
              [104.59158182356543, 10.182450931462835],
              [104.59270999059429, 10.181634921888898],
              [104.59391392935785, 10.1814743603082],
              [104.59459171045674, 10.181857854631964],
              [104.59496626095681, 10.182085227713687],
              [104.59564404676729, 10.182531136281517],
              [104.59609889948163, 10.182531166060096],
              [104.59676326256827, 10.181728510525744],
              [104.59677669036247, 10.181710675195694],
              [104.59730286519655, 10.181041785438946],
              [104.59831057914211, 10.178914802482803],
              [104.5983373460794, 10.178861328584635],
              [104.59937636932092, 10.176667420080163],
              [104.60041975715754, 10.174469139535391],
              [104.60082998226451, 10.17300648475804],
              [104.60100392587083, 10.172395655156896],
              [104.60077653644193, 10.171427972423933],
              [104.6000006403924, 10.17030431647442],
              [104.59995155231752, 10.170232981367912],
              [104.59995155231752, 10.169787061809833],
              [104.6000006403924, 10.169737992841137],
              [104.60029934878507, 10.169443723439064],
              [104.60040197157213, 10.169341141133598],
              [104.60160588256089, 10.169118226046963],
              [104.60334044538418, 10.168819444965882],
              [104.60446861107371, 10.168373548512156],
              [104.60907046861803, 10.16166701958423],
              [104.60945839488845, 10.161368250143786],
              [104.60974822857463, 10.161149798522732],
              [104.61019858799989, 10.159954753555684],
              [104.61027435950375, 10.159134255364558],
              [104.61018071233372, 10.158353878334433],
              [104.60923988609005, 10.157961508843977],
              [104.60880731607996, 10.157372928415187],
              [104.60844616019683, 10.15702512688885],
              [104.6083970693872, 10.15648558882829],
              [104.60832129882091, 10.155477802998934],
              [104.60757213272369, 10.154434348305887],
              [104.60704601116633, 10.153689701187472],
              [104.60645292602102, 10.153506879465278],
              [104.60607390056177, 10.15289151621515],
              [104.6053158524854, 10.151674189769455],
              [104.60464255885597, 10.150853679858661],
              [104.60433485994946, 10.150479178001246],
              [104.60366157067669, 10.150626325421054],
              [104.60260917866763, 10.150474651906075],
              [104.60200721799231, 10.149952972353416],
              [104.6018511479165, 10.149480273554317],
              [104.60193589706024, 10.148762353510092],
              [104.60205621780425, 10.1481202802341],
              [104.60193589706024, 10.147714521617607],
              [104.60163709651268, 10.14704563932257],
              [104.6013116180152, 10.14664432776803],
              [104.60088351703413, 10.146448131060689],
              [104.59984012600368, 10.146782506084193],
              [104.59982225155875, 10.146786973709855],
              [104.5997999307374, 10.146737986631544],
              [104.59972416446803, 10.146599741845884],
              [104.59960375664839, 10.146372341049544],
              [104.59962163106755, 10.146292007368503],
              [104.59975537803216, 10.145699004720651],
              [104.60043318527592, 10.145404692228091],
              [104.60102171152691, 10.144437041241794],
              [104.6009013916043, 10.143701306576533],
              [104.60083442867322, 10.143607671402151],
              [104.60072300171008, 10.143447168386562],
              [104.60067391340117, 10.143001194214834],
              [104.60133838548275, 10.143094880567705],
              [104.60151224074411, 10.143206313436256],
              [104.60246653627047, 10.1438395752888],
              [104.60318437393549, 10.144017938052043],
              [104.6033716596932, 10.144062465998761],
              [104.60399150072202, 10.144066991382205],
              [104.60404948311144, 10.144066950834187],
              [104.60732694704468, 10.142225318013615],
              [104.6073626087746, 10.142203078306903],
              [104.60742948565728, 10.142225343849896],
              [104.60856212840442, 10.142519619822494],
              [104.60984187547774, 10.143250925771033],
              [104.61027435950375, 10.144294348793924],
              [104.61036800673158, 10.144521776465377],
              [104.61028334180895, 10.144731394073084],
              [104.61014949662322, 10.145079154413805],
              [104.61036800673158, 10.1455652106806],
              [104.61097000059497, 10.146086921568552],
              [104.61114840254432, 10.146153804730558],
              [104.61179495573315, 10.146385687318991],
              [104.61226764388577, 10.146341109886189],
              [104.6126822588639, 10.146300987392541],
              [104.61308807037354, 10.146260846562809],
              [104.61356965611701, 10.146755801878342],
              [104.61359197896508, 10.146925233870121],
              [104.61360976609734, 10.147059019423649],
              [104.6136320889513, 10.147246253137642],
              [104.61367664573335, 10.147580714504507],
              [104.61405124338819, 10.148102471809521],
              [104.61465325185938, 10.148254008693739],
              [104.61565654532411, 10.148057821981899],
              [104.61691393993293, 10.147808133525938],
              [104.61924607962787, 10.146693403446541],
              [104.61999966136455, 10.146394635761064],
              [104.62128386290468, 10.146220673971882],
              [104.6216093842377, 10.146176086525381],
              [104.62182791083512, 10.146113714405185],
              [104.62338855741407, 10.145654414739537],
              [104.62361153364502, 10.145556324058335],
              [104.62361598072115, 10.145556289218764],
              [104.62705396525634, 10.144062502940319],
              [104.62715207000673, 10.144017890090588],
              [104.62745527901427, 10.143719128252728],
              [104.62775404142886, 10.14334903859511],
              [104.62782092728945, 10.14194444430813],
              [104.62783435783149, 10.141708123379175],
              [104.62828468192414, 10.141485141195492],
              [104.6289624386507, 10.1415609398077],
              [104.63109392317904, 10.142006865402179],
              [104.63430445914929, 10.142983391657802],
              [104.63623081322143, 10.141681306061638],
              [104.63739017755067, 10.14089651310065],
              [104.63777808713428, 10.140379273401393],
              [104.63809474875097, 10.139964565825752],
              [104.63861199379016, 10.139277888577029],
              [104.6395751505378, 10.137993694965532],
              [104.63980250907694, 10.137320325168549],
              [104.63958404562294, 10.13660684369393],
              [104.63968660599211, 10.136424063881472],
              [104.63983373087466, 10.136165418039628],
              [104.64063197923635, 10.135906829687237],
              [104.64221487878316, 10.136205599047443],
              [104.64379343605033, 10.136655911138458],
              [104.64544779867931, 10.137177626576728],
              [104.64581340118627, 10.137516513299563],
              [104.64633067240997, 10.138189836661978],
              [104.64717343241257, 10.138778479385739],
              [104.64733399677883, 10.13899691571642],
              [104.64767282817596, 10.13946966289025],
              [104.64875639984378, 10.13994227425589],
              [104.6489615329868, 10.140499669531488],
              [104.648760847654, 10.141190804573842],
              [104.64839079028543, 10.141752643876947],
              [104.64694606288433, 10.142176298554475],
              [104.64641989408986, 10.143068080394892],
              [104.64634401562898, 10.144338937088149],
              [104.64637968650682, 10.144481620954547],
              [104.64656702546858, 10.145181744615636],
              [104.64666959053416, 10.145547373921707],
              [104.64687472087215, 10.146323299526657],
              [104.64694152617184, 10.14657294813504],
              [104.6470931947704, 10.146818251995544],
              [104.64749892013202, 10.147469234379725],
              [104.64755247133466, 10.147553972076153],
              [104.64791807888469, 10.148142566044573],
              [104.64833279099074, 10.148882807307041],
              [104.64833723878863, 10.148891671610189],
              [104.6486137141601, 10.149391156294088],
              [104.64867616136935, 10.149507097858924],
              [104.64932269608555, 10.150675332652852],
              [104.65033493583637, 10.152499138494248],
              [104.65208295331692, 10.155415404243023],
              [104.65550307632886, 10.161131917763012],
              [104.65944486172798, 10.165399256731352],
              [104.66061765791588, 10.166670124862538],
              [104.66081382170039, 10.166879741920429],
              [104.66168335073021, 10.167361303279536],
              [104.66277582924263, 10.167655618817747],
              [104.66332874377647, 10.168458199747713],
              [104.66342242362116, 10.168592032738761],
              [104.66407791724482, 10.169037897840939],
              [104.66446135740648, 10.169332251935026],
              [104.66505893880395, 10.169381276342772],
              [104.66588383093918, 10.169934233081511],
              [104.66708781489807, 10.171205004394803],
              [104.66719484208392, 10.171637547916863],
              [104.66724386287315, 10.171824824964027],
              [104.6672928836781, 10.172029988291364],
              [104.66750249005564, 10.172859347777383],
              [104.6675381658726, 10.172993159852346],
              [104.66818024303203, 10.173809169202281],
              [104.6683362921208, 10.17416586655016],
              [104.66845230591358, 10.174442359156277],
              [104.66847899621577, 10.174495885092954],
              [104.66895168223854, 10.174901648993771],
              [104.66956707482986, 10.176368704848702],
              [104.66961609637873, 10.177300663250898],
              [104.6697900295871, 10.178366380158002],
              [104.67054804260243, 10.1793562584842],
              [104.67082455814345, 10.179717468702432],
              [104.67138639869076, 10.180453217003853],
              [104.67172528339981, 10.180894702393323],
              [104.67250109999624, 10.181906908650866],
              [104.67261711694427, 10.182054042935322],
              [104.67278206757226, 10.182272495586544],
              [104.67407516564974, 10.183962509320153],
              [104.67865020826149, 10.189255490652613],
              [104.67899800641261, 10.189656811712844],
              [104.68069252160751, 10.19161436438195],
              [104.68110723358622, 10.192095923603317],
              [104.68146393483133, 10.192506160435599],
              [104.68299787530553, 10.194169430818755],
              [104.68472357667007, 10.196037796514466],
              [104.68555738344212, 10.196942978292004],
              [104.68638674583987, 10.19783929470327],
              [104.68710026268243, 10.198610680010377],
              [104.68831758221174, 10.199930543017329],
              [104.69274097960623, 10.20357811743142],
              [104.69326268053001, 10.204006198284251],
              [104.69527377719379, 10.205664977340618],
              [104.6954788836594, 10.205834425053746],
              [104.69590698311202, 10.206186731914148],
              [104.6968255634498, 10.206940251012414],
              [104.69752560312384, 10.207519943366215],
              [104.69785110886515, 10.20778748554808],
              [104.69964371638686, 10.209263434726399],
              [104.70018323794554, 10.209624619711054],
              [104.70032597165809, 10.209722774047002],
              [104.70146749017853, 10.210485304270424],
              [104.70323326551309, 10.21166696131963],
              [104.70353644734065, 10.211867615611261],
              [104.70572592373718, 10.213330191695702],
              [104.70995314999419, 10.216161720202363],
              [104.71237445549511, 10.217780314854462],
              [104.71276237694752, 10.218038991763967],
              [104.71403320698813, 10.218890668837895],
              [104.71443003204429, 10.219158256198913],
              [104.71445236961425, 10.219171629279383],
              [104.71694503136624, 10.220839262313806],
              [104.71748897433537, 10.221097933800182],
              [104.71752021195614, 10.22111131449103],
              [104.72013769785853, 10.22235982532823],
              [104.72042756327986, 10.222498073415492],
              [104.72421775728111, 10.224308488938343],
              [104.7286099668744, 10.225842437290297],
              [104.73037133585113, 10.226671834033473],
              [104.7312854933731, 10.226836816365234],
              [104.73146385751957, 10.226872481041456],
              [104.73364874600978, 10.227264861438686],
              [104.73475019143923, 10.227224734501652],
              [104.73660517678032, 10.22716228963581],
              [104.73672560340054, 10.227157836819197],
              [104.7387499951488, 10.227082017681592],
              [104.74185801850473, 10.226975008675629],
              [104.74294154220318, 10.226667376299906],
              [104.74387793780429, 10.226404289901609],
              [104.74391808188675, 10.226390876627189],
              [104.74425249763003, 10.22629727428474],
              [104.74491251910906, 10.22610997524721],
              [104.74580878204331, 10.225855807111504],
              [104.74589352184022, 10.225833519290125],
              [104.74658461577981, 10.225637301402767],
              [104.74818097979316, 10.225186916299087],
              [104.74883202758268, 10.22499961292679],
              [104.74969706905956, 10.224745464764236],
              [104.74978626171524, 10.224723138418767],
              [104.7500849951753, 10.22463400575777],
              [104.75359880613595, 10.223612863198005],
              [104.75440147306524, 10.223376561680967],
              [104.75455306960346, 10.223331975856745],
              [104.75518180069115, 10.223149109668347],
              [104.75549834812978, 10.223059906108551],
              [104.75556974052664, 10.223037649435398],
              [104.7593109439179, 10.2219496230672],
              [104.75989055498516, 10.221780166310365],
              [104.76026960452346, 10.221668698581183],
              [104.76106331482094, 10.221436802022325],
              [104.76122390900854, 10.221392217990227],
              [104.76185257809652, 10.221209436793043],
              [104.76218703251276, 10.221111337332928],
              [104.76249024094507, 10.221022081220577],
              [104.76713663254986, 10.21952836247002],
              [104.76739970047242, 10.219443616405897],
              [104.76755130970076, 10.219394536638253],
              [104.76929487096687, 10.218837189487644],
              [104.77137719926682, 10.217780342572832],
              [104.77140844775762, 10.21776251330393],
              [104.77193014713546, 10.217499458936649],
              [104.77195694436918, 10.217486077930566],
              [104.77247864558666, 10.217222941230839],
              [104.77252324845111, 10.217200670094416],
              [104.77356665643394, 10.216670072892883],
              [104.77420427830631, 10.216349020208833],
              [104.77467248067188, 10.216108151785631],
              [104.77477059056838, 10.216059123485424],
              [104.77520318294587, 10.215840611924428],
              [104.77521653732941, 10.21583176042459],
              [104.77604148433667, 10.2153456742093],
              [104.7761529495601, 10.215278809528064],
              [104.77672817192196, 10.214939919314837],
              [104.77815061220113, 10.214101614881546],
              [104.77877934972526, 10.213900951327568],
              [104.78003238079036, 10.213504071989744],
              [104.78086171590503, 10.212906568187595],
              [104.7809242167013, 10.212723740957596],
              [104.78108919399482, 10.212237696107985],
              [104.78079040092453, 10.21097127351243],
              [104.78104904030394, 10.210061640699005],
              [104.78108919399482, 10.2099234412945],
              [104.7817848071383, 10.20959343086433],
              [104.78210140874774, 10.209441842019526],
              [104.78233325127925, 10.209334835223494],
              [104.78267656404871, 10.209169871513055],
              [104.78287279399011, 10.209076151009608],
              [104.78326071388909, 10.20888891931621],
              [104.78327415799747, 10.208884473718014],
              [104.78339008009263, 10.208830970627158],
              [104.78388947204002, 10.208612403429989],
              [104.78452268445513, 10.208331523896872],
              [104.78835753861858, 10.206641549415064],
              [104.78928503707216, 10.206231249641824],
              [104.78998059775378, 10.205834458756511],
              [104.79002965751445, 10.205807660478719],
              [104.79046220322275, 10.20555798970915],
              [104.79068960628484, 10.205428649368582],
              [104.79240190678351, 10.204452095296393],
              [104.79263376463163, 10.20431390091547],
              [104.79288797169282, 10.204171184128848],
              [104.79325801955952, 10.203957170567842],
              [104.7933784900962, 10.203890235412583],
              [104.79391352998917, 10.203582616182649],
              [104.79435499047973, 10.203332875682692],
              [104.79447092081152, 10.203265983813102],
              [104.79460020727385, 10.2031767668392],
              [104.79516650461031, 10.202779956348481],
              [104.79553664691979, 10.20252127520835],
              [104.79715532863767, 10.201388705430103],
              [104.79735148775245, 10.201250497570799],
              [104.79743180353918, 10.201183584123896],
              [104.79914854109671, 10.199720971209931],
              [104.7992555706917, 10.199627377533185],
              [104.80142262411213, 10.197785754300153],
              [104.80488737194393, 10.194432538122804],
              [104.81190151744464, 10.187739375174898],
              [104.81348011752875, 10.185714963568415],
              [104.81635622585142, 10.182794274597978],
              [104.82025348720722, 10.178339595758466],
              [104.8202668454436, 10.178326259269088],
              [104.82228680199539, 10.176020840583917],
              [104.82386978146393, 10.173046691863775],
              [104.824320143156, 10.171914034582569],
              [104.82484629406781, 10.171548369136346],
              [104.83034435605558, 10.163945662153692],
              [104.83260517655616, 10.160726164455458],
              [104.8328994374076, 10.16030697177535],
              [104.83416581629307, 10.158661614783279],
              [104.83434420918813, 10.15843421174341],
              [104.83444226747585, 10.158304849683738],
              [104.83827264486749, 10.15333296169052],
              [104.8397977145003, 10.151036561626979],
              [104.8402792950725, 10.15030968988951],
              [104.84033727722351, 10.150220502112278],
              [104.84083667276424, 10.14946688902307],
              [104.84088129512891, 10.149400009171599],
              [104.84139405243192, 10.148624182011439],
              [104.84142077250397, 10.148584057060233],
              [104.84166606297755, 10.148209497652743],
              [104.84252663120166, 10.146911884700415],
              [104.84279864370637, 10.146506103902945],
              [104.84332930992726, 10.145899613535821],
              [104.84383762179786, 10.145324407921676],
              [104.84527795159849, 10.143701274996694],
              [104.84587097477473, 10.142769328326011],
              [104.84616971394107, 10.14207820854059],
              [104.84622324478183, 10.14177939655618],
              [104.84632585303335, 10.141173005416904],
              [104.84710174103144, 10.137895534169603],
              [104.8476501467832, 10.135590177909895],
              [104.85555169481583, 10.124870485867879],
              [104.86042104999315, 10.118271082657479],
              [104.86393484656803, 10.110271443718199],
              [104.86463937905876, 10.109526738203295],
              [104.86555343203129, 10.108550229218547],
              [104.86898253632557, 10.104907100868644],
              [104.8702623006222, 10.103070004405149],
              [104.87055208858976, 10.10265529096849],
              [104.8709088679274, 10.102146974715764],
              [104.87194785314529, 10.100657623689733],
              [104.87218855874663, 10.100314278797969],
              [104.87222428155587, 10.100260730839631],
              [104.87319637267207, 10.098865019308546],
              [104.87899323148154, 10.093576511074279],
              [104.88131194541496, 10.091668032768483],
              [104.88171765925718, 10.091333615659451],
              [104.8823286374013, 10.090829765388191],
              [104.88388478034548, 10.089549991487859],
              [104.88607865873912, 10.088640349199224],
              [104.88615002154783, 10.088613577235655],
              [104.88712210915229, 10.08820778844228],
              [104.8896504023309, 10.087284736143582],
              [104.88983322360079, 10.087213411186578],
              [104.89010522854137, 10.087115327924051],
              [104.89118434347313, 10.086718421626818],
              [104.89262911453304, 10.0863929337984],
              [104.89282084883077, 10.086348353209603],
              [104.89386870937555, 10.086112059729233],
              [104.89389552742614, 10.086103107615129],
              [104.8947962067166, 10.085897974961062],
              [104.90337559146593, 10.086125408811979],
              [104.90465527731912, 10.08633047591292],
              [104.90504323035215, 10.086392963059323],
              [104.90630965322212, 10.086593564771428],
              [104.90680016869776, 10.08666944226523],
              [104.91135290174799, 10.08739626879103],
              [104.91541513250021, 10.08791795169891],
              [104.91578520092578, 10.088011631550122],
              [104.91596805229321, 10.088060605757443],
              [104.91652988492952, 10.088198863504665],
              [104.9170649866918, 10.088332618812647],
              [104.9176491006614, 10.088479813647213],
              [104.91817083966595, 10.088613598988116],
              [104.9187594132178, 10.088760752008167],
              [104.91928561140021, 10.088890012224352],
              [104.92024435698042, 10.089130829781977],
              [104.92038702423423, 10.08917093612283],
              [104.92061443663579, 10.089224500937087],
              [104.9214795334888, 10.08944296433828],
              [104.92246939255507, 10.08969263780834],
              [104.92259423927865, 10.089723930377868],
              [104.92469454833063, 10.090250100097144],
              [104.92479711833505, 10.090276852603578],
              [104.92506909402704, 10.090343724435106],
              [104.92555957823099, 10.090468550417139],
              [104.92708459808334, 10.090834165151819],
              [104.92762864685544, 10.090963497757507],
              [104.92824399008795, 10.091110639604034],
              [104.92872557245869, 10.09122656860041],
              [104.92941221305131, 10.091391600475193],
              [104.92945240456503, 10.091400545640054],
              [104.93755454324324, 10.0933357787635],
              [104.93784436491892, 10.093402643565067],
              [104.93870946614328, 10.093612237589962],
              [104.93931148382318, 10.093754897111058],
              [104.93988222185124, 10.093888699590662],
              [104.94003827503069, 10.093928840968815],
              [104.94219647672794, 10.09444163270427],
              [104.94332906302056, 10.094713615954328],
              [104.9433603456171, 10.094722553741342],
              [104.94405596163197, 10.094887541553133],
              [104.944524133859, 10.094998988798347],
              [104.94513945310747, 10.095146167394278],
              [104.9456968431274, 10.095279905380854],
              [104.94581279546884, 10.095306695778287],
              [104.94587972879569, 10.095329018971164],
              [104.94661991878615, 10.095556374919045],
              [104.94668230702143, 10.095574257690707],
              [104.9475206290129, 10.095832874624426],
              [104.94789522827878, 10.095948791882758],
              [104.94842143344066, 10.096113766697675],
              [104.94850610414842, 10.09613610205435],
              [104.95135097685619, 10.096626544692349],
              [104.9515828898226, 10.096671152117189],
              [104.95235875789733, 10.096804932744826],
              [104.95332643688408, 10.096969887943569],
              [104.95363856964289, 10.097023415466902],
              [104.95436533685462, 10.097139360215339],
              [104.95485591104458, 10.097219613982388],
              [104.95568973018182, 10.097357851906603],
              [104.95657712173232, 10.097500590820989],
              [104.95701850192437, 10.097571899721476],
              [104.9590518791703, 10.097901895589661],
              [104.96101388583932, 10.09821847747208],
              [104.96295808950569, 10.098512782899803],
              [104.96361359059318, 10.098610897927916],
              [104.96582077890587, 10.098940868503485],
              [104.96620870238827, 10.098985484890717],
              [104.96751082005588, 10.099137022465474],
              [104.9681261385106, 10.099168235029504],
              [104.96863449334732, 10.099190601186919],
              [104.97124751432534, 10.099306517543178],
              [104.97192533431726, 10.09933774177435],
              [104.97521169651887, 10.098891771265121],
              [104.97657619796207, 10.098704477681576],
              [104.97726732276658, 10.098610876198606],
              [104.9775392985307, 10.098575235948239],
              [104.9792962320543, 10.098334443867907],
              [104.97979116144045, 10.098267500563798],
              [104.98013008910756, 10.098218471914006],
              [104.98364831104065, 10.097500557108633],
              [104.98394704163505, 10.09743810792473],
              [104.98428152071493, 10.097371267503988],
              [104.98675180219489, 10.09695213094186],
              [104.9872958754217, 10.097018973643955],
              [104.98735827948143, 10.097027878448543],
              [104.98812968480694, 10.097522873317672],
              [104.98855777936127, 10.098593019631831],
              [104.99013180777926, 10.098758028134402],
              [104.99141602168146, 10.09889184435282],
              [104.99254423054522, 10.098147166379503],
              [104.9944259632216, 10.096207459618466],
              [104.99472917145762, 10.094419304109609],
              [104.9999462968565, 10.089050535713353],
              [105.00016927527017, 10.088818692586136],
              [105.00263070641097, 10.086290401796642],
              [105.00479331614554, 10.084163372643605],
              [105.00511883350302, 10.084194644195192],
              [105.0113080677966, 10.077777993081012],
              [105.01152660380724, 10.077555028133892],
              [105.01215528657016, 10.076903979753284],
              [105.01333695999817, 10.075704486816152],
              [105.02032437253759, 10.068610089008383],
              [105.02278138491238, 10.066117424934198],
              [105.02331202601685, 10.06557789494053],
              [105.02357507342013, 10.065310352517281],
              [105.02666524365155, 10.062068567405438],
              [105.0290731294828, 10.05953578992268],
              [105.0300006071109, 10.058563664047604],
              [105.03127149460606, 10.057225922408207],
              [105.03193592340735, 10.05652589906878],
              [105.03365706616356, 10.054719924287225],
              [105.03583311042985, 10.052432420435185],
              [105.0475471719935, 10.040129757108547],
              [105.04937986969581, 10.03836398141841],
              [105.05016914003706, 10.037498920010488],
              [105.05070424075359, 10.036914730136138],
              [105.05131514955845, 10.037017329551102],
              [105.0516094568094, 10.037070843305587],
              [105.05205983711888, 10.03707079188389],
              [105.05231401269575, 10.036629366859062],
              [105.05235860494318, 10.036549099978394],
              [105.05431612747213, 10.033414328222674],
              [105.06108500791704, 10.025508359580437],
              [105.0628419572276, 10.023452710096718],
              [105.06312727709593, 10.023122795797756],
              [105.06345728194337, 10.022480622213934],
              [105.06352863443074, 10.02202136186463],
              [105.06355985115378, 10.021838496933967],
              [105.06380512561445, 10.02174045208864],
              [105.0643000460052, 10.021544243980212],
              [105.06484402313407, 10.021111698457837],
              [105.06628438059424, 10.02000134981073],
              [105.06674809117611, 10.019644653190857],
              [105.06822851320797, 10.018498654430047],
              [105.06906238257947, 10.017366079881647],
              [105.069138197206, 10.016973644197375],
              [105.06921401186777, 10.01657681626072],
              [105.06974016659181, 10.016162124462157],
              [105.07012361217039, 10.016260184121993],
              [105.07020388700441, 10.016282515892357],
              [105.07099762885149, 10.015546729325726],
              [105.0726786903297, 10.01389245023254],
              [105.0728303229804, 10.013740784306929],
              [105.07320039643554, 10.013468779010822],
              [105.07375332288481, 10.013058594090092],
              [105.07389603690399, 10.012951530458814],
              [105.07405659032477, 10.012898030646761],
              [105.07441328707334, 10.012782094070673],
              [105.07487256092944, 10.012626026318136],
              [105.07511339256112, 10.012545776657122],
              [105.07513123195538, 10.012501179958848],
              [105.07531399666196, 10.011952708589963],
              [105.07573322345803, 10.012046374245156],
              [105.07575998265177, 10.012050777687826],
              [105.07615682201019, 10.011903642705981],
              [105.07660272110529, 10.011315020841112],
              [105.07638418668964, 10.011288289720497],
              [105.07620588066276, 10.011266003927075],
              [105.0762905291725, 10.010824535926995],
              [105.07679886714222, 10.010677402812593],
              [105.07695496352011, 10.010070984653737],
              [105.07698172291416, 10.009205913585511],
              [105.07700402241255, 10.008532557706385],
              [105.07623709981297, 10.008184749023641],
              [105.07620588066276, 10.00816695534266],
              [105.07621034054098, 10.008153568534166],
              [105.0764287855262, 10.007685390604394],
              [105.07729382697073, 10.00611129856518],
              [105.07732950623785, 10.00604441298668],
              [105.07966169844411, 10.002686724225793],
              [105.0810171789352, 9.999926519386092],
              [105.09056419751529, 9.97941913972561],
              [105.09071575756252, 9.979196129267033],
              [105.09491623010132, 9.98105109836335],
              [105.09492515087892, 9.98106005170082],
              [105.09545575960537, 9.98068550583339],
              [105.09590617175834, 9.979566287844381],
              [105.09703430397096, 9.976806093987996],
              [105.09846566746889, 9.973938838469335],
              [105.09883133846687, 9.973073780553205],
              [105.09886702243328, 9.97299797990762],
              [105.09931289424907, 9.971936765317585],
              [105.09945563058096, 9.971606722615224],
              [105.10056594506842, 9.968975928060216],
              [105.10139087988237, 9.965332835211106],
              [105.10142210384032, 9.965127670700115],
              [105.10166734593398, 9.96351350930901],
              [105.10191704897385, 9.96189039506526],
              [105.10199725020958, 9.96161389397842],
              [105.10221581884872, 9.960869249821874],
              [105.10305851519531, 9.957944061312991],
              [105.10424468499825, 9.954358970196514],
              [105.10529258251833, 9.952281057744763],
              [105.10537287461884, 9.9521204772367],
              [105.10544861686965, 9.95206249112253],
              [105.10582322481775, 9.951750384365473],
              [105.1074373764483, 9.951117165111755],
              [105.10830695335932, 9.950778260527349],
              [105.10855666650967, 9.9502253880003],
              [105.10838269696498, 9.949587700785983],
              [105.10815528782292, 9.949213144759252],
              [105.10785204638559, 9.94889210379635],
              [105.10695133608331, 9.947946790737074],
              [105.10662142183968, 9.946328112692887],
              [105.10634940813411, 9.945186627965192],
              [105.10574739318024, 9.940205758901035],
              [105.10539954944758, 9.938288383809333],
              [105.10519890845079, 9.936009741108215],
              [105.10514984110343, 9.935438962791977],
              [105.10420899986093, 9.933182662209264],
              [105.10381218165723, 9.932879445453729],
              [105.10371404780713, 9.931987618631103],
              [105.10354463323507, 9.93189849148745],
              [105.10054810289924, 9.930279831053316],
              [105.09937980188916, 9.929651058615333],
              [105.09815352300079, 9.928161758252509],
              [105.09664187436863, 9.924161919053907],
              [105.09641448151496, 9.921178768515402],
              [105.09610680137726, 9.921285848086825],
              [105.09282494562217, 9.922449590190327],
              [105.09009595903329, 9.923417277298071],
              [105.08887858093448, 9.926431616428664],
              [105.08827663019639, 9.927925442007254],
              [105.08755425655389, 9.929713522056955],
              [105.08688986830055, 9.93134999768868],
              [105.08525781108878, 9.935394396109768],
              [105.08512846750506, 9.935715473880858],
              [105.08430807475789, 9.937735445569544],
              [105.08363915041515, 9.939211381463618],
              [105.08273393484839, 9.941195666913897],
              [105.08276961530397, 9.941708504687362],
              [105.08280529576734, 9.942283718955078],
              [105.08248426107846, 9.942912479173543],
              [105.08104839900533, 9.94572164828998],
              [105.07987568806865, 9.947505323730121],
              [105.07701740211306, 9.948700361683171],
              [105.07423489400334, 9.949445001921575],
              [105.07107344437782, 9.94937367228194],
              [105.0671628363227, 9.948700379535326],
              [105.0637025562496, 9.948477373398918],
              [105.06249857511668, 9.947732719539506],
              [105.06017090944546, 9.946461909889557],
              [105.05475313740452, 9.944379518651589],
              [105.04640118904466, 9.939906975480623],
              [105.03955649493955, 9.935505905719225],
              [105.03095493104345, 9.928964358666816],
              [105.01930323651034, 9.919176620013252],
              [105.01187888340888, 9.91239432794667],
              [105.00074896709512, 9.901059342473259],
              [104.99148297403741, 9.890611683846034],
              [104.98858006669745, 9.887722194255383],
              [104.9855567731621, 9.88525178599499],
              [104.97984019091147, 9.878910937475988],
              [104.97480146584358, 9.871825424783609],
              [104.9705162135886, 9.867054250177997],
              [104.96540165858781, 9.860664316491428],
              [104.95863723318996, 9.855496201155264],
              [104.95805305836583, 9.85502356630953],
              [104.95623369812321, 9.853556513828037],
              [104.95599741098601, 9.853449517887928],
              [104.94600905012308, 9.849066230565377],
              [104.94560326136052, 9.848887873232504],
              [104.94501913412256, 9.848633677118576],
              [104.94497448243342, 9.848611347145612],
              [104.94105944231806, 9.846894646636196],
              [104.94061347179027, 9.84635061151378],
              [104.93778643619014, 9.846105337650169],
              [104.92886379150183, 9.846092018569468],
              [104.92770439498902, 9.846172245313426],
              [104.92592521451287, 9.846292640347928],
              [104.92291085671164, 9.846497800359355],
              [104.9208774940196, 9.847380656746617],
              [104.9174574254977, 9.84752783022736],
              [104.91696687714153, 9.847804271252537],
              [104.91542849879004, 9.848664912344296],
              [104.91410862764546, 9.849226719857656],
              [104.91201727984962, 9.850114103966783],
              [104.90602425499662, 9.851001472811229],
              [104.9022429328536, 9.850934561215043],
              [104.89983499093826, 9.849663697010445],
              [104.89750736333394, 9.8478756085448],
              [104.89608045646803, 9.845262560625157],
              [104.89457328611108, 9.843621604467229],
              [104.89216982630114, 9.837882760117735],
              [104.89142071267698, 9.836014456969112],
              [104.89134489273941, 9.834150493205195],
              [104.89114870547826, 9.833940964265663],
              [104.89059132828136, 9.833334493889138],
              [104.89044414396514, 9.833169546829643],
              [104.89009186438336, 9.832790502828928],
              [104.88976640293673, 9.832438240825809],
              [104.88901721158089, 9.831689104753293],
              [104.88803620302215, 9.829455097153355],
              [104.88421031879612, 9.815805804001394],
              [104.88398295853787, 9.813197216215322],
              [104.88405868586035, 9.811779177669981],
              [104.88293507429603, 9.810526166672135],
              [104.88271653580244, 9.808229765321745],
              [104.88227063981208, 9.807199724186574],
              [104.88222155123937, 9.80572370483996],
              [104.88152593840104, 9.804689264330722],
              [104.88149475705701, 9.803752820641296],
              [104.88122722137764, 9.803311394179234],
              [104.88142785082236, 9.801839864147029],
              [104.88053606736085, 9.8004619889005],
              [104.88068315337783, 9.798776491010235],
              [104.88023726311752, 9.798887970264369],
              [104.87984491636345, 9.797804405838905],
              [104.8790021402955, 9.793528092219073],
              [104.8786052531211, 9.791806876913448],
              [104.87835553988299, 9.789091317126385],
              [104.87875688083089, 9.788511612290515],
              [104.87761531127019, 9.786299866859766],
              [104.87702225782186, 9.782857484128499],
              [104.8757870710226, 9.778625766279598],
              [104.87543927837038, 9.778233423809354],
              [104.87529210814446, 9.776021687633897],
              [104.87443599350601, 9.771598275951893],
              [104.87103367407322, 9.761217495516055],
              [104.86889336477408, 9.754876622059426],
              [104.86801038205897, 9.75340061686451],
              [104.8669402442712, 9.751220112075288],
              [104.86611526411897, 9.747492309650472],
              [104.86596373762093, 9.744366528226331],
              [104.86598600782021, 9.743122420260454],
              [104.86543753826615, 9.742235067499182],
              [104.86499160194352, 9.74167771057128],
              [104.86444313584512, 9.741173769580744],
              [104.8640909141845, 9.74085276276494],
              [104.86391694156025, 9.740304295857136],
              [104.86251234011789, 9.735858515016668],
              [104.86168738311369, 9.733022561882958],
              [104.86026498600732, 9.726534538944088],
              [104.85805320537118, 9.718945175361934],
              [104.85776789416387, 9.715975421796735],
              [104.85781688606096, 9.714651077347876],
              [104.85770990559261, 9.7123679886371],
              [104.85727735249912, 9.708943399678924],
              [104.85727735249912, 9.707373814171781],
              [104.85683143924699, 9.706682680344219],
              [104.85577910322573, 9.700725322374302],
              [104.8553956356504, 9.700043049260026],
              [104.85516377405926, 9.697229373727216],
              [104.85396420976232, 9.689693471979098],
              [104.85351385219722, 9.687530777614302],
              [104.84987968478902, 9.66007167714713],
              [104.84884075587519, 9.652847921788803],
              [104.84879613125288, 9.649945023352279],
              [104.84767250346556, 9.64323408659798],
              [104.84437719838263, 9.61773253365361],
              [104.83946327204512, 9.570827195279847],
              [104.83618132044815, 9.533406408614333],
              [104.83594503397867, 9.532394223736304],
              [104.83693052814314, 9.53168080170234],
              [104.83866951959124, 9.530891480786659],
              [104.84069844148735, 9.53018251356521],
              [104.84327578007117, 9.529741021611283],
              [104.84369048106294, 9.529321913888932],
              [104.84583980047582, 9.528470230726942],
              [104.8469144266575, 9.527221680322262],
              [104.84864898588133, 9.523890684458879],
              [104.8489210089703, 9.523618674990068],
              [104.8497147240818, 9.5223701684342],
              [104.85093652408972, 9.521661161990357],
              [104.85175251755004, 9.520970048401086],
              [104.8521494262784, 9.52096112664157],
              [104.8526755812893, 9.519583209730873],
              [104.85307240327019, 9.518062701510782],
              [104.8553465554311, 9.515418467617904],
              [104.85643906156974, 9.514718356253125],
              [104.85952920696737, 9.512060758286403],
              [104.86235627406288, 9.509420923879127],
              [104.86702941471968, 9.505911648797136],
              [104.87407484102108, 9.50087733155948],
              [104.87542146114447, 9.498937622557824],
              [104.87718279272532, 9.497131670252257],
              [104.87811473580311, 9.496431545910797],
              [104.87986718851917, 9.494759451418005],
              [104.88831274863975, 9.51019239842547],
              [104.89218764541238, 9.51785307294189],
              [104.89620082757237, 9.525090231182237],
              [104.91559798344228, 9.56115986921618],
              [104.9453579882658, 9.53185910150505],
              [104.95939521968951, 9.55079247858188],
              [104.9622401076404, 9.55478784073502],
              [104.96570490120942, 9.55091287073563],
              [104.96721648776901, 9.549419114586923],
              [104.96861220877749, 9.547911907280412],
              [104.97006142536692, 9.547118159846864],
              [104.9714659959696, 9.545878566494654],
              [104.97424406369578, 9.54465232612968],
              [104.97612130343138, 9.543381474632112],
              [104.97772213139922, 9.542257732012692],
              [104.98084351546206, 9.541593360311767],
              [104.98441524122403, 9.541111797785824],
              [104.98645752380021, 9.540911117928246],
              [104.98761689999266, 9.540830864571502],
              [104.99070700596407, 9.540282349642075],
              [104.99254423054522, 9.539203308909755],
              [104.99315064050354, 9.539011526534797],
              [104.99459089559322, 9.53943068051768],
              [104.99619172904978, 9.540871015542251],
              [104.99736000159754, 9.542311247739867],
              [104.99812253936905, 9.543582081574593],
              [104.99867993509775, 9.545450511062441],
              [104.999121341816, 9.546881816866579],
              [104.9997322343033, 9.547760308412746],
              [105.00083366539846, 9.549298692458589],
              [105.00128845147002, 9.551661973164835],
              [105.00205100782195, 9.554640715727777],
              [105.00251025517925, 9.556682960324675],
              [105.00344667448836, 9.558720801453509],
              [105.00901608777701, 9.554859190005624],
              [105.01251202567188, 9.552852609668669],
              [105.01521875688282, 9.551309692368553],
              [105.01648507006165, 9.55037780980395],
              [105.01999445537257, 9.548059019355327],
              [105.02047158714375, 9.547751379161568],
              [105.02413246782203, 9.545428185140679],
              [105.02555935630234, 9.544821705581736],
              [105.0270755171168, 9.543871950086965],
              [105.02731181941054, 9.543733699007316],
              [105.02873873590922, 9.54281071603289],
              [105.03208305939813, 9.540639124309344],
              [105.04574570826887, 9.532773249089244],
              [105.0502092725297, 9.529990803128495],
              [105.05195727515651, 9.528911666429932],
              [105.05291154982746, 9.528291884432358],
              [105.05703613205232, 9.525968696275834],
              [105.06038496268143, 9.52381045408483],
              [105.0686565519429, 9.518709273934535],
              [105.07710214024168, 9.51371056293397],
              [105.08503935429555, 9.508511299872877],
              [105.09282494562217, 9.504029903484465],
              [105.09336000788711, 9.503740046989734],
              [105.10111441429716, 9.49953065740264],
              [105.1050562563307, 9.49724311321406],
              [105.111000199772, 9.493898848619953],
              [105.11329664923454, 9.492449573010727],
              [105.11723405526841, 9.490121965966875],
              [105.12098856133429, 9.487740794976402],
              [105.12490812837939, 9.485150032958265],
              [105.12914873577725, 9.482590492750568],
              [105.13292118099143, 9.480039936499844],
              [105.13635463718602, 9.477841591425346],
              [105.18331794233215, 9.44999898817149],
              [105.19444340194616, 9.442833161944433],
              [105.19818011238193, 9.440652655208703],
              [105.20883290193126, 9.433758950460692],
              [105.21060312146042, 9.432751165027973],
              [105.21386723055556, 9.430713319607623],
              [105.21647577846, 9.428947551426154],
              [105.22120688844417, 9.426182860485635],
              [105.2258086786759, 9.422958961912054],
              [105.22908165571872, 9.420738373479647],
              [105.23887829233024, 9.414451008732186],
              [105.24294948534461, 9.412439919077622],
              [105.25045864337373, 9.407610735193673],
              [105.25657647270073, 9.403472674151308],
              [105.25831549700352, 9.402362345103226],
              [105.26178913468213, 9.399999037071222],
              [105.26289946371392, 9.399530874409306],
              [105.26323835038112, 9.400592131152166],
              [105.26420598942711, 9.402389136719473],
              [105.26626612541436, 9.405367829026929],
              [105.26660948386305, 9.406179373301935],
              [105.26898166783418, 9.410562666516594],
              [105.26928493544249, 9.41149911590599],
              [105.2694632706249, 9.411953914781037],
              [105.27057802607067, 9.415432018722008],
              [105.2724909789613, 9.419360443593556],
              [105.27423900877002, 9.423440524560476],
              [105.27472500249881, 9.42517068257272],
              [105.27599143264952, 9.42831878589877],
              [105.27791775356573, 9.432572767207073],
              [105.27806046472486, 9.432858136586374],
              [105.28050398784741, 9.436652885184678],
              [105.28315715406865, 9.43947099897215],
              [105.28555171970898, 9.44277077492885],
              [105.28669775090191, 9.444737237892127],
              [105.2882450661041, 9.447011326569312],
              [105.29120585862307, 9.450511743652068],
              [105.29191036179239, 9.4506098705718],
              [105.29160276648777, 9.45596968346729],
              [105.29162053983654, 9.459742124298264],
              [105.29100070656591, 9.463041841398576],
              [105.29100070656591, 9.463831083484596],
              [105.29132178706149, 9.465088517857447],
              [105.29148237219455, 9.466970303055609],
              [105.29132178706148, 9.467291343465197],
              [105.29117022270151, 9.468388270917199],
              [105.29228047720954, 9.470747149012393],
              [105.29261942290277, 9.472789423530461],
              [105.2927799199542, 9.47357426576303],
              [105.2926328199797, 9.47545154410239],
              [105.29232959973169, 9.477021105386996],
              [105.29441196122383, 9.479839261673213],
              [105.29521016937788, 9.480619613092543],
              [105.29570059991, 9.481881508851734],
              [105.29554903162618, 9.482822423858588],
              [105.29428709919462, 9.484231449595553],
              [105.29413553217714, 9.484860224723018],
              [105.29476868486796, 9.486117652493558],
              [105.29493811546516, 9.48753118371535],
              [105.29440302974514, 9.488632601189291],
              [105.29400620462316, 9.489881146032017],
              [105.29512987502262, 9.49082199594109],
              [105.29673067835469, 9.491758410316363],
              [105.29753336326846, 9.493171999935685],
              [105.29817099451152, 9.49399240943571],
              [105.29833149682908, 9.495432708720974],
              [105.29879969644571, 9.497631107554305],
              [105.29863919368422, 9.498728016269895],
              [105.29815759699606, 9.499668843665459],
              [105.29836275773225, 9.501202823921961],
              [105.29885319740004, 9.502821508075534],
              [105.29952209473167, 9.504721049293297],
              [105.3003782049997, 9.50567973465367],
              [105.30087320573357, 9.505960703718376],
              [105.30164464877289, 9.506058781230008],
              [105.30297791284532, 9.504908365378357],
              [105.30452073228707, 9.503762298894078],
              [105.30557310523109, 9.50348145229766],
              [105.30594762724178, 9.503762340371205],
              [105.30642031396583, 9.504342031145457],
              [105.30739686461686, 9.505189271937377],
              [105.30856510633969, 9.505960710388095],
              [105.30931871986307, 9.506540388988224],
              [105.3103799655878, 9.506540399352644],
              [105.31143237489958, 9.505479055843594],
              [105.3124936338476, 9.50385149519371],
              [105.31326504044387, 9.50261192406032],
              [105.31421483293276, 9.50204112166549],
              [105.3150798606424, 9.501943040633536],
              [105.31614114239892, 9.50223287285259],
              [105.3167208706951, 9.502709954392053],
              [105.31720689712938, 9.503481453354155],
              [105.31738974919159, 9.504038796898318],
              [105.31729157895883, 9.504609584362369],
              [105.31720689712938, 9.505180350824771],
              [105.3169170319042, 9.505853622030962],
              [105.31643100629958, 9.506611712765846],
              [105.31604752852378, 9.507672944507961],
              [105.31623922264026, 9.509001751866505],
              [105.3169170319042, 9.510054100140561],
              [105.31816108870936, 9.510517854919645],
              [105.31970395690999, 9.510910309354449],
              [105.32161692926822, 9.512912406635644],
              [105.32269156199155, 9.514624723664255],
              [105.32354769985677, 9.516238892823512],
              [105.32354769985677, 9.51700139149016],
              [105.32335599749351, 9.517478557665912],
              [105.32289219658438, 9.517960147057833],
              [105.32211190264854, 9.518722625285621],
              [105.32115322243372, 9.519868589292123],
              [105.32047986269122, 9.521201889088323],
              [105.32028816378846, 9.522539623322384],
              [105.3203907128484, 9.524350000080613],
              [105.32096143344249, 9.525402330471323],
              [105.32211190264854, 9.525299759365538],
              [105.32441724162217, 9.524350033224376],
              [105.32614740534356, 9.524158300830067],
              [105.32797111772602, 9.524630913056278],
              [105.3294203643875, 9.525870560669055],
              [105.33017844778388, 9.526530547362706],
              [105.33038355789509, 9.527199388382359],
              [105.33027653612503, 9.527489218838012],
              [105.32961207358632, 9.528059975782826],
              [105.32865344041925, 9.528728873534671],
              [105.32788643057557, 9.529589448046925],
              [105.32701687107111, 9.531123381223175],
              [105.32634804401451, 9.532639474155086],
              [105.32615633849396, 9.53398166265306],
              [105.32625442451615, 9.534842283701847],
              [105.32655314950783, 9.536550148279055],
              [105.32663792532624, 9.537700589601737],
              [105.32660665921338, 9.53901155134668],
              [105.32554540141976, 9.54013076642126],
              [105.32467585388464, 9.540830817246622],
              [105.32380631079654, 9.542650198856817],
              [105.32258007858017, 9.545080378485592],
              [105.32241955331581, 9.546899650457416],
              [105.32276740291175, 9.548892934838248],
              [105.32293686148589, 9.550792462638356],
              [105.32390448479345, 9.554101137054685],
              [105.32408725473307, 9.556517930913264],
              [105.32425671462292, 9.557561410670562],
              [105.32390448479345, 9.558261443025014],
              [105.32269156199155, 9.559300421156397],
              [105.3215544882241, 9.559911310677547],
              [105.32058687829576, 9.560080752932315],
              [105.3185892350167, 9.560000525136854],
              [105.31709988365428, 9.559652674591984],
              [105.31491040990642, 9.558350636057723],
              [105.31272998616761, 9.556883598635206],
              [105.31028188873279, 9.555407621077158],
              [105.3088772879014, 9.55505986791716],
              [105.30792305920045, 9.55558152524449],
              [105.30748600763461, 9.556370784242386],
              [105.30718285010829, 9.557650595549724],
              [105.30728092517093, 9.559188977306823],
              [105.30755737567559, 9.562002653819006],
              [105.30828865419191, 9.563920082629158],
              [105.30911363518273, 9.565369291913147],
              [105.31076798605102, 9.567647876924411],
              [105.31167756880635, 9.568459469531716],
              [105.31241779751535, 9.569921995619975],
              [105.31286817114214, 9.570742509113915],
              [105.31286817114214, 9.571192906440789],
              [105.31260064441881, 9.571732429835077],
              [105.31160182216271, 9.572740203683843],
              [105.31022838417005, 9.573828170947738],
              [105.30683056638038, 9.576008674889577],
              [105.30399454826586, 9.577836928417163],
              [105.30197905796224, 9.579660698792887],
              [105.2994240241604, 9.581479993964987],
              [105.29630258724507, 9.582929243798368],
              [105.29484004755007, 9.5842134032254],
              [105.29438079036528, 9.585207799912988],
              [105.29366279043104, 9.587209966960527],
              [105.29319907073497, 9.589212062855866],
              [105.29247223375413, 9.591562029537686],
              [105.29154917851285, 9.593399206477315],
              [105.29045223639821, 9.59493757663098],
              [105.28971656930604, 9.595851671164828],
              [105.28861954977135, 9.597131474327691],
              [105.28752262666856, 9.598580676051714],
              [105.28707232045099, 9.599490326166318],
              [105.28678688301784, 9.600310815255341],
              [105.28681814178707, 9.601630665306493],
              [105.28742902860942, 9.602941622564826],
              [105.2877411711936, 9.604662913578439],
              [105.28814691275929, 9.606071990510578],
              [105.2880488487829, 9.60798934645428],
              [105.28784370055735, 9.609398425386571],
              [105.2880488487829, 9.610410618378452],
              [105.2882450661041, 9.611418442979694],
              [105.2886731368176, 9.612430599872107],
              [105.2886731368176, 9.613750559609826],
              [105.2886731368176, 9.615057021128312],
              [105.28826283909984, 9.616171839097516],
              [105.28765194926305, 9.617991093694485],
              [105.28663532272448, 9.620519462591279],
              [105.28613143261458, 9.622740061620537],
              [105.28634095497685, 9.623850416590026],
              [105.28694299830013, 9.625161340595579],
              [105.2871480561212, 9.626070994460063],
              [105.28745126707489, 9.626780002256229],
              [105.28898081610366, 9.628603800083976],
              [105.28978784054387, 9.62999952483224],
              [105.29051028966184, 9.631310438946912],
              [105.29081788297897, 9.633343831927569],
              [105.29132625271941, 9.634953534771444],
              [105.29213784334884, 9.636260068759187],
              [105.29284681609906, 9.636871003685137],
              [105.293372965472, 9.636768429116646],
              [105.29418010018998, 9.63633142314376],
              [105.29482218454795, 9.635889995098589],
              [105.29518337481683, 9.635172073025739],
              [105.29554010008748, 9.63357127010055],
              [105.29589682611021, 9.631872301955788],
              [105.29670843866887, 9.630440936703312],
              [105.29741743057325, 9.629731954774806],
              [105.29805952721523, 9.629098718863089],
              [105.29904049553188, 9.628920405684104],
              [105.3014662796115, 9.628478951483208],
              [105.30227782955123, 9.628300609941103],
              [105.30291101269638, 9.62803302904332],
              [105.30325882230369, 9.627319597411898],
              [105.30335242912017, 9.626249362399157],
              [105.30298684477641, 9.624202626689117],
              [105.30271924432513, 9.621968665693934],
              [105.30271924432513, 9.621072381495544],
              [105.30307151950657, 9.619560737135743],
              [105.30433789409618, 9.616969980233003],
              [105.30522975689811, 9.614383757427994],
              [105.30594762724178, 9.612060507233991],
              [105.30621523279139, 9.610459731089534],
              [105.3064872155002, 9.609920193283573],
              [105.30728985732881, 9.60867163475523],
              [105.30890846142796, 9.607249195386617],
              [105.30989842485222, 9.606718556580477],
              [105.31241779751535, 9.606620393366935],
              [105.31474989189027, 9.606352869340489],
              [105.31582457049467, 9.605991661890895],
              [105.31743432331965, 9.605189059190664],
              [105.31986894601904, 9.604020782820635],
              [105.3218443613625, 9.603400921916993],
              [105.32301261318568, 9.603579279043435],
              [105.32382417685182, 9.603494570056556],
              [105.32462234478665, 9.602767801047793],
              [105.32525552197029, 9.601880438590776],
              [105.32615633849394, 9.600810188900146],
              [105.32705707045709, 9.599829211760037],
              [105.32749846033994, 9.599468062742499],
              [105.32839919941009, 9.599111266782428],
              [105.32920632212618, 9.599200480974694],
              [105.33010707023782, 9.599820302659735],
              [105.33055740141461, 9.600627388265785],
              [105.33082495640748, 9.60206318652123],
              [105.3313690010791, 9.603209222757387],
              [105.33235891670628, 9.603842416657715],
              [105.33397758096577, 9.604011864042082],
              [105.33595298147362, 9.604462217862444],
              [105.33728624682706, 9.605082040655272],
              [105.33837866741094, 9.606241399039524],
              [105.33856154223125, 9.607748559143996],
              [105.33864623469131, 9.609269160823787],
              [105.33883795427641, 9.610780754304791],
              [105.33937755762149, 9.611592346872241],
              [105.34044774619672, 9.612212094489578],
              [105.341085359864, 9.612212142980747],
              [105.34162050334203, 9.611850968007902],
              [105.34188798637113, 9.611231145897346],
              [105.34207086495618, 9.610071785474426],
              [105.34134846441918, 9.608029460928792],
              [105.3408981047131, 9.606847801577366],
              [105.34089810471312, 9.605969374057317],
              [105.34150900753397, 9.604899222604391],
              [105.34179882531481, 9.604002959054846],
              [105.3421644931499, 9.603021947607955],
              [105.34368059806023, 9.601862542183547],
              [105.34583434786829, 9.600609532381748],
              [105.34699811846387, 9.60007000647786],
              [105.34744849427507, 9.598999788980043],
              [105.34754212542015, 9.598380022642589],
              [105.34709174936187, 9.597131452296123],
              [105.34591457684701, 9.595798179017606],
              [105.34501830157994, 9.594910790723798],
              [105.34475072430031, 9.594460437400038],
              [105.34475072430031, 9.594010049255369],
              [105.34493360595488, 9.59312270457818],
              [105.34565146524822, 9.59240924664583],
              [105.34654327673127, 9.592230938420403],
              [105.34735039605029, 9.592320112961893],
              [105.3485275784686, 9.593033548870705],
              [105.34960229163717, 9.593381315198817],
              [105.35050296884454, 9.593470542362077],
              [105.35148397174342, 9.59338138247737],
              [105.3532007403746, 9.59338138083333],
              [105.35472132128368, 9.59329217336156],
              [105.35687949903789, 9.59293096233974],
              [105.35939894134412, 9.59265898273437],
              [105.36119146878515, 9.592119404625425],
              [105.3627164989432, 9.591410398087797],
              [105.36424145334146, 9.59113839009104],
              [105.3652269133171, 9.590701406571304],
              [105.36639966186294, 9.589519763948669],
              [105.36747877632581, 9.588552123400525],
              [105.36828590513481, 9.588190929107299],
              [105.3694452715043, 9.587829735777005],
              [105.3703371177481, 9.58801256794451],
              [105.3713537083928, 9.58855216910895],
              [105.37180414834853, 9.589350314215633],
              [105.37180414834853, 9.590420493214857],
              [105.3710728653537, 9.592199701523537],
              [105.37035936705249, 9.594250863959529],
              [105.37035936705249, 9.594884031814923],
              [105.37062689505922, 9.595588579533358],
              [105.3713537083928, 9.596208442397788],
              [105.37188885728422, 9.596672182702411],
              [105.37261120817914, 9.596752414862921],
              [105.37314627164092, 9.597621937545613],
              [105.37310615075894, 9.598540535461694],
              [105.3730169734202, 9.600150262838083],
              [105.37313742538772, 9.601229388295284],
              [105.3730482480327, 9.603231466294595],
              [105.37259780480726, 9.605541304079424],
              [105.37230802416335, 9.606170029392606],
              [105.37171943945472, 9.606870123947672],
              [105.37127793523351, 9.607592496585882],
              [105.37124675029915, 9.608881218881008],
              [105.37152321521597, 9.609572363908319],
              [105.37198696958482, 9.610089567595356],
              [105.37386424936783, 9.610272428120489],
              [105.3743368563851, 9.61065144432154],
              [105.37468919027663, 9.611632439796763],
              [105.37462672981546, 9.612167530085298],
              [105.37473377937512, 9.612778428657084],
              [105.37523766380112, 9.614071585372326],
              [105.37542933507011, 9.614909903793071],
              [105.3758395748558, 9.615360235003925],
              [105.37787738471886, 9.61606928847003],
              [105.37816726413338, 9.616252045228075],
              [105.37845705467883, 9.616751507072282],
              [105.3788851735219, 9.61725088436273],
              [105.3792730817492, 9.617968825144608],
              [105.38123515483484, 9.619248600477505],
              [105.38289833695949, 9.619690019723457],
              [105.38360732998214, 9.619810424659152],
              [105.38485589400716, 9.620171647997447],
              [105.38572539034787, 9.620679932763172],
              [105.38643439504094, 9.620889579757405],
              [105.38736636444563, 9.621170453567643],
              [105.38762051442507, 9.621388938949151],
              [105.38803971973077, 9.622231710505226],
              [105.38861048758405, 9.623128021223268],
              [105.38926150662127, 9.623881581249858],
              [105.38973862426663, 9.624171459371139],
              [105.39021127498731, 9.624242812644194],
              [105.39238732598051, 9.622637494358948],
              [105.39409074182585, 9.622280748475387],
              [105.39502713174147, 9.622490351560913],
              [105.39595905835516, 9.622539453156522],
              [105.39698017975095, 9.62297191360683],
              [105.39753757195753, 9.62334201945146],
              [105.39785867429987, 9.62379240522554],
              [105.39820649860954, 9.62469764409438],
              [105.39814849805275, 9.62500973393942],
              [105.39811730823908, 9.62647232913398],
              [105.39839819550404, 9.627769959327434],
              [105.3985052598765, 9.628679576340765],
              [105.39885746459656, 9.629669550140267],
              [105.39935248280125, 9.63043200174525],
              [105.40011498699795, 9.632171074975075],
              [105.40038247198228, 9.632848849766953],
              [105.40080161901786, 9.633923511874903],
              [105.40171132352428, 9.635270129047907],
              [105.40220626056121, 9.636103990245767],
              [105.40289299028964, 9.63793222514349],
              [105.40338793072158, 9.638761651615154],
              [105.40413704695086, 9.640121632032823],
              [105.40484603814514, 9.640790493081262],
              [105.4059073407638, 9.64176256212213],
              [105.4063265012403, 9.642591991907656],
              [105.40641569586126, 9.643118189279583],
              [105.40667872195114, 9.644273074138031],
              [105.4068838343181, 9.645289736331057],
              [105.40653161318815, 9.645468073828642],
              [105.40621943200674, 9.645860474801607],
              [105.40593853198804, 9.645972013330695],
              [105.40566210107708, 9.6456420139246],
              [105.40512255711997, 9.64512920740308],
              [105.40464986545045, 9.644812591854242],
              [105.40273247903562, 9.644959774583487],
              [105.40193868337332, 9.645267424075405],
              [105.4014660898097, 9.645740078135264],
              [105.40130549051452, 9.646681017884685],
              [105.40193868337332, 9.647791266847465],
              [105.40274132681242, 9.648268461776192],
              [105.40384721312012, 9.648580582298829],
              [105.4043288398186, 9.649057712963254],
              [105.40448935255976, 9.649530339823995],
              [105.40559962936133, 9.650480134945033],
              [105.40656280452534, 9.652112196209414],
              [105.40586721223433, 9.652491187749238],
              [105.4039675973255, 9.65344100550542],
              [105.40254068794488, 9.653820007624562],
              [105.40129664281147, 9.654582522814557],
              [105.39852751283038, 9.65715093298524],
              [105.39660563679548, 9.65867154183675],
              [105.39508951025438, 9.660009223223978],
              [105.3935645497677, 9.660762847883314],
              [105.39260135794552, 9.660847531155031],
              [105.39135729528923, 9.660669206087887],
              [105.39010430514152, 9.66010285630351],
              [105.38867733197831, 9.659340356492553],
              [105.3869650334398, 9.658582343705845],
              [105.38581019551945, 9.658582304252105],
              [105.38466859095232, 9.658778550519475],
              [105.38160519627253, 9.659728299140589],
              [105.3795986179413, 9.6608698232438],
              [105.37798443630749, 9.661632354636046],
              [105.37653969228691, 9.661819633877561],
              [105.37502356411946, 9.661351408032104],
              [105.37444390576378, 9.660967968743567],
              [105.37339155429719, 9.660120692276585],
              [105.37242838627697, 9.659362697762628],
              [105.370903358976, 9.659269031578011],
              [105.37013195963975, 9.65983982634293],
              [105.36936940983489, 9.660499773157953],
              [105.36850884241304, 9.661730429362168],
              [105.36841519978547, 9.662871972449652],
              [105.36924904987, 9.664401463110076],
              [105.37166591560775, 9.66630102288593],
              [105.37254874847508, 9.667509421066091],
              [105.37320873156268, 9.668263036013657],
              [105.37397120909488, 9.668820421202765],
              [105.37425214623966, 9.669658751636993],
              [105.37444390576378, 9.670412333196003],
              [105.37406038693003, 9.671161438515604],
              [105.37310615075894, 9.67153154152594],
              [105.3712378147889, 9.671531583541473],
              [105.36794251974652, 9.67060405660924],
              [105.36398287044133, 9.669302034038898],
              [105.36115135070402, 9.668182760859247],
              [105.35842236042889, 9.667901862934032],
              [105.35662977266658, 9.668463672741721],
              [105.35521630147754, 9.67014923939431],
              [105.35456076574174, 9.672209374673386],
              [105.35456076574174, 9.673422251194234],
              [105.353820532487, 9.674532566128835],
              [105.35267458447022, 9.67510776313465],
              [105.35125658942228, 9.675482296273229],
              [105.34665030871719, 9.675210337889197],
              [105.3425969881737, 9.674742101565958],
              [105.34014899682754, 9.675121097864533],
              [105.3391411682637, 9.675642824065863],
              [105.33876219553296, 9.67678883438916],
              [105.33888253402446, 9.679932503541657],
              [105.33883795427643, 9.682603533315985],
              [105.3385481415294, 9.685029254754502],
              [105.33808885544498, 9.687178568904342],
              [105.33686707650944, 9.688681298196036],
              [105.33487826498732, 9.689992257941368],
              [105.33405333758155, 9.69317158087959],
              [105.33178815786424, 9.695129105196699],
              [105.32997771526193, 9.695860406282407],
              [105.3286667510096, 9.698219314951254],
              [105.32887185929869, 9.700430988898457],
              [105.3294382310325, 9.701309447917232],
              [105.33065995666767, 9.70167957881871],
              [105.33386162338091, 9.702138821686875],
              [105.33754041176954, 9.70278982079382],
              [105.34111662863538, 9.703632652840465],
              [105.34442078735101, 9.705590177558385],
              [105.34677967634906, 9.707088445485441],
              [105.3485543814415, 9.708390480525255],
              [105.34980733577767, 9.708979059134018],
              [105.35111390605351, 9.709139581540262],
              [105.35423080983446, 9.710263314356965],
              [105.3564915521807, 9.711850713404116],
              [105.36102197219019, 9.715302065331086],
              [105.36431731273909, 9.719779025446037],
              [105.36742972145936, 9.72360938460336],
              [105.36959690558969, 9.72632053971901],
              [105.37120662986185, 9.728090786521143],
              [105.37299919157162, 9.729562256312144],
              [105.37581732484009, 9.730712751256837],
              [105.37789972436038, 9.731649177688675],
              [105.38024075619879, 9.732509773041937],
              [105.38358507895924, 9.733401593044833],
              [105.38529287568784, 9.733820761824589],
              [105.38654145196551, 9.734351344089038],
              [105.38920797730334, 9.735180740212735],
              [105.39195032626112, 9.736861853048229],
              [105.39298929714647, 9.73835117528639],
              [105.39335051660402, 9.739947550175474],
              [105.39327026540714, 9.741530548004802],
              [105.39337276889131, 9.742368825737906],
              [105.3935645497677, 9.743309727349342],
              [105.39417099340552, 9.74400082819937],
              [105.395562175681, 9.744491393919667],
              [105.39733247071923, 9.745289553264405],
              [105.39969575226375, 9.746440025260368],
              [105.40222860336458, 9.748250389305348],
              [105.40345924944923, 9.749191256035527],
              [105.40400772541265, 9.749641610532306],
              [105.4048772291773, 9.749931441524692],
              [105.40563082052986, 9.749851224677196],
              [105.40751704767455, 9.748709675745419],
              [105.40910898403055, 9.747871373171714],
              [105.41024154504856, 9.747777686395704],
              [105.41114674120901, 9.74777772959073],
              [105.4123240038261, 9.748709672420915],
              [105.4136438309484, 9.750020649226611],
              [105.41477204222485, 9.752259145353097],
              [105.41538294002403, 9.754029408542886],
              [105.41496822643239, 9.756932241864742],
              [105.41430826185719, 9.7588987261546],
              [105.41290361109448, 9.760111599571081],
              [105.41161945068887, 9.760017954582995],
              [105.4097911831281, 9.759652280243952],
              [105.40853823758594, 9.759121675510734],
              [105.40743232117958, 9.75955865496714],
              [105.40659399586819, 9.760312263813722],
              [105.4064870158419, 9.761520642585781],
              [105.40696856054349, 9.763210686893736],
              [105.40705775549668, 9.764691074118483],
              [105.4064870158419, 9.766100184162942],
              [105.40573788939781, 9.766951884467593],
              [105.40492182610703, 9.768360953316227],
              [105.40471671607486, 9.769199260706724],
              [105.40550158724363, 9.769970660700857],
              [105.40747245007337, 9.770171341275272],
              [105.40976892871957, 9.769832441108308],
              [105.41126266171598, 9.76951138332615],
              [105.41256925298624, 9.769350848737316],
              [105.4132915960144, 9.769368730994486],
              [105.41438405397702, 9.769761096842718],
              [105.41454457607654, 9.770871392312163],
              [105.41404075526631, 9.771709690473388],
              [105.41306422119393, 9.771740935451755],
              [105.41248899283643, 9.771589304466367],
              [105.41086583316397, 9.771410944166497],
              [105.40997404476231, 9.771749839897817],
              [105.41004089745117, 9.772721924360642],
              [105.41031733538216, 9.773658349390095],
              [105.41085689559448, 9.774911317658074],
              [105.41123146952873, 9.775682820026546],
              [105.41181116250334, 9.776382861611081],
              [105.4127253045648, 9.776182175388096],
              [105.41322921091198, 9.775272567744908],
              [105.41420574591787, 9.773961571043749],
              [105.41501729486359, 9.773109877453166],
              [105.41603843978871, 9.773150037760237],
              [105.41658239744136, 9.773591471016251],
              [105.41668500417063, 9.77409091141236],
              [105.41638174247188, 9.775169977900784],
              [105.41584216498674, 9.77594136874569],
              [105.41499495040321, 9.77694913376039],
              [105.41441971561095, 9.777653666368854],
              [105.41435286122557, 9.778389486247052],
              [105.41488796516701, 9.77900035623609],
              [105.41577084113857, 9.779169812977802],
              [105.41668500417063, 9.778558933592473],
              [105.41747421998855, 9.777653720086771],
              [105.41824118391207, 9.776882302320502],
              [105.4190884144215, 9.776837668443683],
              [105.41942734354076, 9.77741290076254],
              [105.41871829242712, 9.778491996503362],
              [105.4180985342635, 9.779530991728931],
              [105.41729590873808, 9.780583317445636],
              [105.41683212159093, 9.78114073205453],
              [105.41680986627448, 9.78184974904168],
              [105.41722896386001, 9.782420490183313],
              [105.41787553269936, 9.782589946923377],
              [105.41835710918316, 9.782491831804899],
              [105.41879408648262, 9.782224289384796],
              [105.4192801345299, 9.781649078361463],
              [105.41953880059842, 9.78111392985615],
              [105.41977512197538, 9.780302407979619],
              [105.41998471892852, 9.779428392000272],
              [105.42035037460558, 9.778888899622798],
              [105.42067589908353, 9.778523237172493],
              [105.42096129213557, 9.778318109485356],
              [105.42138486884963, 9.778104043605975],
              [105.42176831437527, 9.778389416526275],
              [105.4219957900367, 9.778888885781557],
              [105.42217857521538, 9.7795889788577],
              [105.4222097693801, 9.780302434505066],
              [105.4222097693801, 9.781140684728545],
              [105.4222097693801, 9.78177839800924],
              [105.4222855649671, 9.783490653999504],
              [105.4223881750836, 9.784128351204998],
              [105.42273149038488, 9.784672366205196],
              [105.42302582503011, 9.784730269161576],
              [105.423538610272, 9.784730273018711],
              [105.42411825517354, 9.784489481736395],
              [105.42459100015648, 9.783963333909872],
              [105.42492538153459, 9.783459435725273],
              [105.4252330380008, 9.78317854107265],
              [105.42574136061877, 9.782951124257842],
              [105.42627649983007, 9.782808416717925],
              [105.42661982285166, 9.78282178071707],
              [105.42707022865096, 9.783049234573639],
              [105.42746709442716, 9.783281060601835],
              [105.42758302588543, 9.783619990283324],
              [105.42767223148599, 9.784070378177642],
              [105.42767223148599, 9.784690183974725],
              [105.4275116971918, 9.785269857030482],
              [105.4275116971918, 9.78580050181923],
              [105.42740461482228, 9.786411399811671],
              [105.42753395388628, 9.786950935233508],
              [105.42774356024577, 9.787352261613977],
              [105.42809135540935, 9.787789226981568],
              [105.42862641250542, 9.788190535367711],
              [105.42909908042442, 9.788252981791697],
              [105.4295405541419, 9.78829309037788],
              [105.43020495677936, 9.788351127559778],
              [105.43064196402139, 9.78852049272866],
              [105.43106109513728, 9.788957540486402],
              [105.43129743226001, 9.789599636401363],
              [105.43160956937801, 9.789760160724763],
              [105.4321045027259, 9.790058952647254],
              [105.43271546177175, 9.790232818026979],
              [105.43313459790743, 9.790232832761452],
              [105.43370980558001, 9.790402239194286],
              [105.43407995965514, 9.790701019351154],
              [105.43421815309634, 9.790968586660632],
              [105.43438763239597, 9.79147242172023],
              [105.4347621679343, 9.791940678906528],
              [105.43509656896441, 9.79220816921332],
              [105.43537304696758, 9.792252760707443],
              [105.43578334006494, 9.792038746271059],
              [105.43617119754867, 9.792150265249072],
              [105.43617119754867, 9.792618431304325],
              [105.43593047373047, 9.793001960233003],
              [105.43403535519798, 9.795280531611986],
              [105.43331739485501, 9.797358456102664],
              [105.43283139674553, 9.798740811504356],
              [105.43234977995363, 9.80027914698271],
              [105.43216698402753, 9.802209971779291],
              [105.43187710315756, 9.80591993701071],
              [105.43129743226001, 9.808689044472366],
              [105.43016929188849, 9.812688840655873],
              [105.42991069930304, 9.814459134419211],
              [105.43028969444428, 9.814851557189076],
              [105.4316808997606, 9.815422279735584],
              [105.43769179676327, 9.817308500974018],
              [105.44493786630655, 9.819159014915156],
              [105.44902685341596, 9.820162271395205],
              [105.45258518461084, 9.821000640015738],
              [105.45472554645309, 9.821892460125605],
              [105.45654490156348, 9.823042912002952],
              [105.45839538698867, 9.824010529543436],
              [105.46241754964173, 9.826128594719366],
              [105.46771936513002, 9.829089471210708],
              [105.4739532413077, 9.831541971987123],
              [105.47669997264724, 9.832661137642765],
              [105.50048043747542, 9.84593146876716],
              [105.5064154618191, 9.849801926643847],
              [105.51249770647858, 9.852811818759413],
              [105.5200736661125, 9.857351257874003],
              [105.5197080694161, 9.860040087562975],
              [105.51818747076882, 9.861217230399317],
              [105.51651082993712, 9.862340987048203],
              [105.52379701843103, 9.878759395876244],
              [105.52612472380939, 9.883637625666845],
              [105.52645017752073, 9.884302058007266],
              [105.52865744748436, 9.888961797181945],
              [105.53235406061161, 9.898330348770552],
              [105.53755334786071, 9.908711145274015],
              [105.53917643483105, 9.912809054118592],
              [105.5316182556209, 9.920032814736377],
              [105.49996313321608, 9.948151923167616],
              [105.478920653535, 9.968369494635239],
              [105.47740005138405, 9.969631378823568],
              [105.47471571621466, 9.972569926140228],
              [105.47219628936713, 9.9750491524496],
              [105.46646188813335, 9.980244066651748],
              [105.4623105351304, 9.983869324357798],
              [105.45855594986809, 9.987360779866897],
              [105.45197433436094, 9.993942434808064],
              [105.44744831651221, 9.997821780021058],
              [105.44493786630655, 10.000269833215231],
              [105.43779879610531, 10.006343139503976],
              [105.4180985342635, 10.024759230962266],
              [105.41742068190453, 10.025401394660411],
              [105.40825724441487, 10.033971728931514],
              [105.4013500865197, 10.040210060114378],
              [105.39916069547452, 10.041873247857419],
              [105.39427349742644, 10.045409350978453],
              [105.38735742809595, 10.051259670656268],
              [105.38580125925073, 10.053190456762941],
              [105.37606698984071, 10.061832230004583],
              [105.36869612782174, 10.068128502688936],
              [105.36398287044133, 10.07281941401764],
              [105.36276108492513, 10.075142628574906],
              [105.35964411495837, 10.078451274696976],
              [105.35721392744749, 10.081327437114375],
              [105.35643803309563, 10.08488132847354],
              [105.35370465075782, 10.098949805101725],
              [105.34304735236672, 10.111029482992928],
              [105.33831184265989, 10.116732683752563],
              [105.33119953410412, 10.12488832071236],
              [105.31932047174388, 10.13880969460557],
              [105.31667183042823, 10.135839894577902],
              [105.31291274408295, 10.131670621021687],
              [105.30665665782215, 10.13873831464375],
              [105.30265234427836, 10.143910917070174],
              [105.29693583736126, 10.138033812968619],
              [105.29160276648777, 10.14405358307833],
              [105.28430316901404, 10.151317419747448],
              [105.27530021298347, 10.15937056436082],
              [105.2702569850335, 10.16327234387355],
              [105.26676111546328, 10.166010196442336],
              [105.2502534516287, 10.18134060412136],
              [105.22551888133967, 10.200251663241247],
              [105.2308876236507, 10.20877297539534],
              [105.22680752805591, 10.213218660037647],
              [105.22426586628943, 10.209508702310064],
              [105.22235292725817, 10.206699520596215],
              [105.21507115694372, 10.196358825884635],
              [105.20564905362103, 10.183177730593952],
              [105.20152440633728, 10.186820831733085],
              [105.19921905453953, 10.188822939397044],
              [105.19828713945995, 10.189661281601861],
              [105.19706530314723, 10.190758234497128],
              [105.18666666813114, 10.199649615558446],
              [105.18283185698114, 10.203132210756298],
              [105.18065582578969, 10.20496044620305],
              [105.16903096523633, 10.215131626628336],
              [105.16520504009645, 10.218311017904883],
              [105.14093863888527, 10.239598729525973],
              [105.12809194195822, 10.250541406235634],
              [105.11592306309032, 10.257921149586528],
              [105.0952908139714, 10.269871578566663],
              [105.09050175374621, 10.272658510340404],
              [105.08978829077371, 10.273028626640569],
              [105.08799126635716, 10.27407201586145],
              [105.07633066810183, 10.280738423226973],
              [105.07332527077229, 10.282432827157727],
              [105.06211059879755, 10.288952102009834],
              [105.05687122524, 10.29197979071685],
              [105.05171201855235, 10.29508775807031],
              [105.04499213159816, 10.299043025248722],
              [105.03334049794127, 10.305941228859563],
              [105.0260320459794, 10.309602170313909],
              [105.01728773336153, 10.315479232219419],
              [105.01970011632928, 10.318449059842518],
              [105.01896886312092, 10.318649661106315],
              [105.01483080445033, 10.321008521498781],
              [105.01097807987247, 10.32265843733273],
              [105.00100760910615, 10.328160918580945],
              [105.00047249431145, 10.328272442679625],
              [104.99977244344926, 10.328401749910443],
              [104.95635857124753, 10.334862954549168],
              [104.94319974386174, 10.338773627812197],
              [104.91683757936163, 10.342051061105098],
              [104.8724383513276, 10.35269046805157],
              [104.86342646984886, 10.355009179735402],
              [104.8632213202191, 10.355290132802857],
              [104.85418725124826, 10.366950633334246],
              [104.85188185125381, 10.369942712347209],
              [104.83138334086264, 10.401281249192664],
              [104.82643820521417, 10.409771404732405],
              [104.8219523968445, 10.416700840297443],
              [104.81684672883678, 10.424762945312512],
              [104.81405529934652, 10.430519590585318],
              [104.81075108270122, 10.436427879588026],
              [104.80516831284281, 10.44610859268804],
              [104.8033846361077, 10.450090619124099],
              [104.80152075084017, 10.454469471893155],
              [104.79873832102373, 10.461149161738069],
              [104.79666034629273, 10.465969465028266],
              [104.78619930303577, 10.477282170299864],
              [104.77877044659901, 10.485121296475818],
              [104.77900673574214, 10.485580582451554],
              [104.78040248717676, 10.488100010465244],
              [104.78131658338411, 10.495439649722611],
              [104.78108029073653, 10.500732624515956],
              [104.7813121317484, 10.509231636879557],
              [104.78176691150973, 10.517730744121785],
              [104.78181151703551, 10.518279137119325],
              [104.75818724704128, 10.517521089730042],
              [104.72131487346502, 10.529395721551548],
              [104.71851011852567, 10.530300889596248],
              [104.69464057388386, 10.537992827818883],
              [104.64672750024171, 10.540770860075037],
              [104.6461523181614, 10.5304079275977],
              [104.64608097652035, 10.529096953276577],
              [104.64481008681722, 10.529146011729127],
              [104.63756852154982, 10.5294224956845],
              [104.61625402436148, 10.526907525175755],
              [104.60766133167441, 10.532093471083929],
              [104.60320224877702, 10.532583948934608],
              [104.59971971809189, 10.532962986068926],
              [104.59087729032366, 10.53088056883935],
              [104.58654301140943, 10.528325531344382],
              [104.58669461970916, 10.523746019102122],
              [104.58705136664234, 10.513271593264626],
              [104.58603021191179, 10.509191526946791],
              [104.58220432196399, 10.504852818595154],
              [104.57987221893812, 10.503751382308767],
              [104.57873072151558, 10.503211831812772],
              [104.57457923982074, 10.501249860895156],
              [104.55898581891738, 10.493883458220797],
              [104.5580939412446, 10.4769433367527],
              [104.55796467631853, 10.474490804267734],
              [104.55285897834051, 10.458161550059193],
              [104.54214380822658, 10.448463021724871],
              [104.52887791613182, 10.447446319928396],
              [104.52840086721066, 10.447187729552965],
              [104.51943801634953, 10.442340721490778],
              [104.50200297481776, 10.409704492814175],
              [104.4995325937929, 10.405089352755969],
              [104.49698200695244, 10.405089323997561],
              [104.49188078639057, 10.413762317406704],
              [104.48779622122744, 10.421418554725106],
              [104.48089799023177, 10.427589975768633],
              [104.47810212556305, 10.430095958196587],
              [104.44546153392841, 10.426091749829613],
              [104.43861235110765, 10.424548882695579],
              [104.43861235110765, 10.424544373480776]
            ]
          ]
        ]
      },
      "id": "000000000000000000c4",
      "properties": {
        "ADM0_CODE": 264,
        "ADM0_NAME": "Viet Nam",
        "ADM1_CODE": 3356,
        "ADM1_NAME": "Kien Giang",
        "DISP_AREA": "NO",
        "EXP1_YEAR": 3000,
        "STATUS": "Member State",
        "STR1_YEAR": 1000,
        "Shape_Area": 0.516922460876,
        "Shape_Leng": 7.46030456562
      }
    },
    {
      "type": "Feature",
      "geometry": {
        "type": "Polygon",
        "coordinates": [
          [
            [105.5000522864946, 10.952056093854498],
            [105.50110022096003, 10.950031644418763],
            [105.51502155917991, 10.923098646150418],
            [105.52984802533577, 10.91590171171695],
            [105.54621740822257, 10.908330080283205],
            [105.55039999744346, 10.906501884242898],
            [105.55179573647078, 10.90610945931414],
            [105.55227732445069, 10.905922213756646],
            [105.55285703861647, 10.905730480006222],
            [105.55473430227154, 10.904820777387403],
            [105.55621469529991, 10.904089515221123],
            [105.55724918878028, 10.903460814094547],
            [105.5580295577746, 10.902988118792477],
            [105.55921120972039, 10.90240840890853],
            [105.56069164021258, 10.901690541006921],
            [105.56391114964968, 10.900201156591121],
            [105.56524437699774, 10.899532295400379],
            [105.56709493537123, 10.89895261516137],
            [105.56857981512906, 10.898560189981078],
            [105.5701360046505, 10.898141088377402],
            [105.57106797155114, 10.89781111496712],
            [105.57224067519913, 10.897182333358202],
            [105.57282931112262, 10.896758793612348],
            [105.58088693128208, 10.892571666888996],
            [105.5826571357094, 10.891657525973834],
            [105.58869029518532, 10.879858727717505],
            [105.6120515262614, 10.831602381482218],
            [105.5948706577916, 10.831138586088544],
            [105.60357483016449, 10.823509131037664],
            [105.65936266888389, 10.771841456441747],
            [105.6623235029692, 10.768711211909308],
            [105.66960071506256, 10.761830804231998],
            [105.6738502844432, 10.757848814117576],
            [105.6797095499668, 10.752292788913206],
            [105.72455913780053, 10.710531110930905],
            [105.76940875491985, 10.668769395868383],
            [105.76978336806238, 10.668461659592051],
            [105.77171412001746, 10.665911062956518],
            [105.78035586947136, 10.658241452593675],
            [105.78456082226887, 10.657398668399429],
            [105.78745920570796, 10.656818973618996],
            [105.79345674091745, 10.6557086916968],
            [105.79897258187836, 10.654611702201265],
            [105.80023006478268, 10.654370905808548],
            [105.80745831670902, 10.65297966721583],
            [105.80905015196866, 10.652070003677645],
            [105.83435116065624, 10.638139825509164],
            [105.85343158837216, 10.611291552530473],
            [105.87174067227808, 10.585517919813514],
            [105.89868258228883, 10.551981040102513],
            [105.90954490776174, 10.537930431082433],
            [105.91734392818692, 10.537493472168435],
            [105.94174409564891, 10.536102187603063],
            [105.95034127827043, 10.535540320478445],
            [105.99191348147014, 10.532802446734545],
            [106.00014493780665, 10.532245076806873],
            [106.00164766085334, 10.531950744248064],
            [106.00427411440504, 10.531660897830792],
            [106.00668198997944, 10.531330946863243],
            [106.0080866652806, 10.531170450709071],
            [106.01098500069733, 10.530880586557501],
            [106.01558681008395, 10.530519382603188],
            [106.02015743292513, 10.529921916715143],
            [106.0236132040605, 10.52958749313095],
            [106.0257803564868, 10.529587419483377],
            [106.03067200855301, 10.528967613088753],
            [106.03161733334093, 10.528789281649756],
            [106.03462274545336, 10.528601967906532],
            [106.03629488047287, 10.528441433985689],
            [106.04115980411808, 10.527982150331335],
            [106.04635463223356, 10.527340094432132],
            [106.0605925599224, 10.52602912554681],
            [106.06696904134189, 10.525538605940246],
            [106.0723556228019, 10.525101599007417],
            [106.08090824459995, 10.52415182719599],
            [106.0865846052646, 10.523549842673205],
            [106.08976840219391, 10.523121733591422],
            [106.09014302273016, 10.523099423568791],
            [106.0924528397862, 10.52295228748205],
            [106.09556523328428, 10.52288988772976],
            [106.1023029719226, 10.522568797963512],
            [106.10180802227072, 10.546389328303311],
            [106.10118819312791, 10.574829531544934],
            [106.10321267058566, 10.575703508723477],
            [106.11499804708923, 10.576229692031808],
            [106.1210802257879, 10.576488304289043],
            [106.12515141638121, 10.57667110471832],
            [106.13212543888278, 10.577081366688226],
            [106.13658009240572, 10.577331053335678],
            [106.14982809223862, 10.577928561405123],
            [106.15003322748449, 10.577959803838452],
            [106.16499351038914, 10.578682153504346],
            [106.16822632386985, 10.57882036671359],
            [106.17240008154572, 10.578989804289796],
            [106.1786115663309, 10.5793197687118],
            [106.18170172042431, 10.579493692594204],
            [106.1828076215552, 10.579511544814757],
            [106.18377522279225, 10.579578427059051],
            [106.197950704394, 10.580291885926476],
            [106.20479543913218, 10.580220547106604],
            [106.2160501747792, 10.58011355602604],
            [106.22749226793871, 10.58149142918179],
            [106.22952109215574, 10.581651900262573],
            [106.23152327456364, 10.581812424973554],
            [106.23501473073279, 10.582209312421078],
            [106.23750291966813, 10.582490269951649],
            [106.24606880643708, 10.583377625520432],
            [106.262077013697, 10.584960543635681],
            [106.27288143281213, 10.586244780162575],
            [106.2742681669643, 10.586400832273752],
            [106.28444834791533, 10.587390759284428],
            [106.2857370138488, 10.586481091855108],
            [106.28893415486216, 10.583622850296363],
            [106.29442779869882, 10.578289764799226],
            [106.29942201903249, 10.574392538067507],
            [106.30211530672352, 10.572301184964685],
            [106.30927216660845, 10.565670478107329],
            [106.31243806619479, 10.567097420639126],
            [106.3155683606136, 10.568372757516698],
            [106.3177488629905, 10.569870964538037],
            [106.3185292296857, 10.570330256930253],
            [106.31976440476863, 10.569781826281888],
            [106.32166401862045, 10.568631337697225],
            [106.32148116059459, 10.56796251411541],
            [106.32351003167656, 10.565108684947324],
            [106.32502617469167, 10.562121071621512],
            [106.32694802184966, 10.560689712639974],
            [106.32720219777663, 10.560172394498919],
            [106.32861130815925, 10.559258335296905],
            [106.33027002740667, 10.557180406154838],
            [106.33090772358081, 10.556921710089604],
            [106.33332901123079, 10.55416155298883],
            [106.33563437177762, 10.551361234268143],
            [106.33557194787222, 10.551008939881156],
            [106.33561649788045, 10.550790448337805],
            [106.33703006750197, 10.549492909767494],
            [106.33844804807613, 10.548061535834258],
            [106.33891178833176, 10.548181904373097],
            [106.3393621464263, 10.548320158835143],
            [106.33946023013175, 10.547691409234213],
            [106.33904112920668, 10.545889961898466],
            [106.3391703803433, 10.54549305659265],
            [106.34072660996587, 10.545872095760581],
            [106.34189051147882, 10.545479703243528],
            [106.34368299384458, 10.544311427069186],
            [106.34469520181561, 10.543397297079965],
            [106.34706302812832, 10.544810812867661],
            [106.34780766715531, 10.543771865983192],
            [106.34780326578277, 10.54260805268021],
            [106.34741082541635, 10.54234940950403],
            [106.3464966910921, 10.542478721190419],
            [106.34612212804491, 10.54196144308288],
            [106.34623808981671, 10.541711746283532],
            [106.34688023717693, 10.541319350340096],
            [106.34751789536158, 10.54066386685434],
            [106.34763376810031, 10.539241381144825],
            [106.34667957152439, 10.536392049589102],
            [106.3467776587391, 10.534189271520077],
            [106.34690691476506, 10.533930601716822],
            [106.34677316756523, 10.533413363665948],
            [106.34696934213136, 10.52940017675496],
            [106.3478612022247, 10.528361169679641],
            [106.3485122472762, 10.528361214911142],
            [106.34993021762781, 10.52808916893962],
            [106.35070612624963, 10.52770126904322],
            [106.35120995642504, 10.52679160491959],
            [106.35183873534773, 10.526011280692295],
            [106.35426889419779, 10.523282278662647],
            [106.35605699354893, 10.522114010397374],
            [106.35800123019006, 10.52172158212273],
            [106.35851397132924, 10.521168711691864],
            [106.35881723298456, 10.521119626588101],
            [106.35904908113419, 10.521222152420231],
            [106.35922298987558, 10.521480806408967],
            [106.35933895906139, 10.522252269656338],
            [106.35958868378938, 10.522510828916765],
            [106.36067220517586, 10.52334023507944],
            [106.36089965376756, 10.523291241068048],
            [106.36107796573471, 10.52309051584368],
            [106.36170228341462, 10.52247964990758],
            [106.36231312844994, 10.522287903006383],
            [106.36271449055964, 10.522091684459621],
            [106.36337438619024, 10.521721629278606],
            [106.36451595853664, 10.520999216649967],
            [106.36518924485534, 10.520539938374334],
            [106.36670533741722, 10.519322582315457],
            [106.36789597693637, 10.518497641553099],
            [106.3682348262632, 10.518288054501276],
            [106.36886805917749, 10.51784219023537],
            [106.36900182078459, 10.517601355784741],
            [106.36901960776106, 10.517101992897633],
            [106.36878334653245, 10.516379589269356],
            [106.36852911897378, 10.515929246737056],
            [106.36786031334672, 10.514270399509021],
            [106.36750798975322, 10.513441056758674],
            [106.36698184113602, 10.512192490625912],
            [106.3666741656438, 10.51152812953221],
            [106.36650025059126, 10.51110003298357],
            [106.36651812718337, 10.510720982219908],
            [106.36686586763362, 10.510159147362408],
            [106.36775772441551, 10.509472431718734],
            [106.36915786113065, 10.508281894831722],
            [106.36997390825485, 10.5076308802277],
            [106.37137406006238, 10.506368875993033],
            [106.37156136455269, 10.506168228142593],
            [106.37169063619247, 10.50578035363939],
            [106.37164158662397, 10.505508295190792],
            [106.3708567951186, 10.502551919946075],
            [106.37077208165418, 10.501749322385534],
            [106.37061154838733, 10.501031344653214],
            [106.36988021179452, 10.499640138617648],
            [106.36860044639138, 10.49759784493894],
            [106.36898843563664, 10.497299077755303],
            [106.37048218759195, 10.49613976432367],
            [106.37219451787666, 10.495029433364378],
            [106.3736258576228, 10.49410193665553],
            [106.37316212868637, 10.493138730479956],
            [106.37256014504533, 10.492081954234935],
            [106.37172630044653, 10.490869105702279],
            [106.37091922977272, 10.48954919785849],
            [106.36942987647883, 10.487538104207198],
            [106.370665089407, 10.486811289359476],
            [106.37181999774795, 10.486160272908752],
            [106.37245764360398, 10.486030964650206],
            [106.37426800085117, 10.485491363721932],
            [106.37491014608328, 10.485099018990333],
            [106.37554330971194, 10.484309762976375],
            [106.37644400809336, 10.483658702252042],
            [106.37798246322485, 10.482218426490093],
            [106.37806717965738, 10.480671103970504],
            [106.37885199865708, 10.480020121133496],
            [106.38014952591296, 10.480131598632825],
            [106.38181279477814, 10.479212957911574],
            [106.38257534793884, 10.479070294217905],
            [106.3836053561859, 10.478673434254793],
            [106.38387289863792, 10.47816061365349],
            [106.38398888172281, 10.477509581790253],
            [106.38475135309248, 10.476849691325715],
            [106.3875873544706, 10.476051519791543],
            [106.38846582474368, 10.475810728944797],
            [106.38870210855004, 10.475841917519391],
            [106.38935759538482, 10.4762833767807],
            [106.38967869125786, 10.47658214621792],
            [106.39010670007565, 10.476769410775107],
            [106.39032519694274, 10.47700127386707],
            [106.39057936155811, 10.477500734614548],
            [106.39080684319714, 10.477670104989834],
            [106.39172979951151, 10.47734014522866],
            [106.39230955798195, 10.4771706851603],
            [106.39267072865611, 10.477291148467604],
            [106.39321023975738, 10.477830647571398],
            [106.39344212664372, 10.478102679513585],
            [106.39369180289643, 10.479141653231425],
            [106.39392818252709, 10.480060195703487],
            [106.39499840794105, 10.482320994083553],
            [106.39554681975378, 10.483359951119988],
            [106.39579209615019, 10.484131371740915],
            [106.39583665921903, 10.484898356449518],
            [106.39605516214723, 10.485397724838306],
            [106.39646099241752, 10.485741124299453],
            [106.39707185068485, 10.485758959303029],
            [106.39834712084206, 10.484711029067528],
            [106.39996130033478, 10.484621879946229],
            [106.40033587156148, 10.485451242428724],
            [106.40093784640978, 10.48683804346516],
            [106.40180298616595, 10.488991783701108],
            [106.40239157796695, 10.490601559754687],
            [106.40286867009192, 10.492019540887624],
            [106.40415736341362, 10.491622654543734],
            [106.40688185803306, 10.491328362672009],
            [106.40827758801997, 10.489901420165499],
            [106.4091783393182, 10.48962946955007],
            [106.41060517332765, 10.489740898377804],
            [106.4108415722786, 10.489901487905634],
            [106.41114032846502, 10.490021889999705],
            [106.41156838168821, 10.489892519486622],
            [106.41282586053137, 10.488639567306038],
            [106.41324502184028, 10.488412079467242],
            [106.41390049658213, 10.488429921893292],
            [106.4152605121945, 10.488568153051498],
            [106.41687024092506, 10.488202507781144],
            [106.4168301660309, 10.487703146182422],
            [106.41666959696978, 10.48682019186052],
            [106.41658037202195, 10.48570099290003],
            [106.41665620873246, 10.485121326024808],
            [106.4167097616869, 10.48351157653058],
            [106.41644217676058, 10.481799309712768],
            [106.41771747631702, 10.480760313654178],
            [106.42002728632728, 10.479311058058132],
            [106.42041968522045, 10.479311102869307],
            [106.42195810809105, 10.478767069119453],
            [106.42311303346519, 10.477852938562668],
            [106.42347866083168, 10.476689102123508],
            [106.4234697649997, 10.475792898158597],
            [106.42357678457945, 10.475141868694427],
            [106.42460681715596, 10.474218789286564],
            [106.42578844504031, 10.473902183671756],
            [106.42825433985487, 10.473728287844697],
            [106.42849066903977, 10.473670320518014],
            [106.42938252208926, 10.47301036741611],
            [106.4302653929791, 10.47171276072546],
            [106.43090753226622, 10.471440758481398],
            [106.431290965668, 10.47078971978104],
            [106.43295419597561, 10.469871134379906],
            [106.43463082896335, 10.469581336505462],
            [106.43641450163008, 10.46789133842284],
            [106.43744450788508, 10.467748605976361],
            [106.43797514910912, 10.467231424673457],
            [106.43887144609236, 10.4669683398346],
            [106.44003086866057, 10.466950492023862],
            [106.44066405161932, 10.466040830463045],
            [106.44075769025015, 10.463842490269176],
            [106.44087361529283, 10.461911655495806],
            [106.44056142660389, 10.460101302119979],
            [106.44094047441651, 10.458933023517892],
            [106.44156476353187, 10.458148172184842],
            [106.44274199438385, 10.458273048624113],
            [106.44351339872196, 10.458130385901601],
            [106.44441412293693, 10.457358913069045],
            [106.44505181250972, 10.457082488109116],
            [106.44555119957408, 10.45590975452505],
            [106.44670167257429, 10.455000095918937],
            [106.44811959748012, 10.454460561028672],
            [106.44863687556183, 10.454460492152931],
            [106.44966694215903, 10.45418851755674],
            [106.45096005947508, 10.454050277381],
            [106.4516066660685, 10.453782758961264],
            [106.45234682862187, 10.452222094489747],
            [106.45339030410432, 10.451049302489059],
            [106.45304250832133, 10.45061234808851],
            [106.45237810315368, 10.450260023219386],
            [106.4509957373684, 10.449992497497988],
            [106.4503804068982, 10.449952396336569],
            [106.44964465485033, 10.450081720634573],
            [106.44844959127171, 10.450411660944567],
            [106.44790562302627, 10.45055881074613],
            [106.4476024105469, 10.450598976217721],
            [106.4474195306781, 10.450491926197746],
            [106.44679082056714, 10.449689294132359],
            [106.44600601399002, 10.449230003290943],
            [106.4452346004382, 10.448543275826268],
            [106.44310756635443, 10.445827700114757],
            [106.44217566463632, 10.444418620368861],
            [106.44117681799594, 10.444650493300045],
            [106.44005755828096, 10.445042915348928],
            [106.43959826364025, 10.445042880606175],
            [106.43939759776086, 10.444811050459231],
            [106.43921032176286, 10.444432007460822],
            [106.43883577027152, 10.443286028467977],
            [106.43831851648736, 10.443170041137192],
            [106.43810446222182, 10.442902538281492],
            [106.43797514910912, 10.442670685990379],
            [106.43765415818521, 10.441448899713174],
            [106.43749806619286, 10.440949480767287],
            [106.43730189547823, 10.440717583859296],
            [106.43695852977493, 10.440989533100106],
            [106.43669091879212, 10.441301750182639],
            [106.43641450163008, 10.441221486578169],
            [106.43620934569651, 10.441043093082241],
            [106.43579912429763, 10.441221441003991],
            [106.43564752680216, 10.44106981353074],
            [106.43557168316474, 10.440802336137384],
            [106.43560735842678, 10.44007995605463],
            [106.43554050101376, 10.439214895438248],
            [106.43525069594337, 10.438822442937932],
            [106.4342117143817, 10.43855040630249],
            [106.43327976257487, 10.438171398154982],
            [106.432615330481, 10.437872625786689],
            [106.43170126804688, 10.437270680903739],
            [106.43091642841635, 10.436539390324656],
            [106.43073356318446, 10.436450225684405],
            [106.43033674169092, 10.436423426914585],
            [106.42868683145305, 10.436459138706764],
            [106.42783964119269, 10.436343216465467],
            [106.42740715135598, 10.436191588825883],
            [106.42730012980446, 10.43599983024808],
            [106.42724657412009, 10.434742389893938],
            [106.42736249164223, 10.43331995910239],
            [106.42617195886491, 10.433480412384528],
            [106.42104400264267, 10.434439124978798],
            [106.41879213770163, 10.43450155700113],
            [106.41760156417564, 10.434341053953714],
            [106.41662053672182, 10.433921865407662],
            [106.41557266291318, 10.433373430388553],
            [106.41520704946738, 10.432851675087422],
            [106.41478788419363, 10.43195097766991],
            [106.41458715239885, 10.431277638277509],
            [106.4145425852944, 10.430778242902088],
            [106.41448013745247, 10.430430431187272],
            [106.41452919719434, 10.429529720695841],
            [106.41530507945318, 10.429431603960664],
            [106.41794040519876, 10.429418240556027],
            [106.41837296518712, 10.429262144676045],
            [106.41886348247542, 10.428771654859128],
            [106.41940306181654, 10.428111718775739],
            [106.41967945637346, 10.427888749145641],
            [106.42031266726697, 10.427732654338328],
            [106.42092799878859, 10.42766134859294],
            [106.42115102097297, 10.427487414639204],
            [106.42091910306578, 10.42656885279399],
            [106.42025920323866, 10.425039400519443],
            [106.42024132199528, 10.42453997875459],
            [106.42035723561034, 10.423853253487435],
            [106.42008084015133, 10.422778640109055],
            [106.42025021768903, 10.422109756210036],
            [106.42054898742252, 10.42167278962821],
            [106.4215612134885, 10.420798747865309],
            [106.4219135394042, 10.420161137306636],
            [106.42236389923609, 10.41880109014731],
            [106.42266707497996, 10.418279410329808],
            [106.42325572600551, 10.417102199816766],
            [106.42401816230353, 10.415849128048048],
            [106.42494126658745, 10.415122332179509],
            [106.42614068826416, 10.414230537057522],
            [106.42617636190964, 10.41400308723572],
            [106.42616306291767, 10.413659740593605],
            [106.42595791708833, 10.413271774134508],
            [106.42495905837777, 10.411773578345533],
            [106.42480297590559, 10.411269636790692],
            [106.42502591239133, 10.41109128183682],
            [106.42604265316413, 10.41067658029387],
            [106.4266580016519, 10.410346615137975],
            [106.42665800165189, 10.409771385037608],
            [106.42697007964017, 10.409579666044726],
            [106.42754984684366, 10.409321071951567],
            [106.42781735621756, 10.40928982567351],
            [106.4280402959351, 10.409401323643234],
            [106.42854862813942, 10.410061245220763],
            [106.42904806551525, 10.410939664710234],
            [106.42930668073409, 10.411559495535366],
            [106.42942709237722, 10.412130242260215],
            [106.42935125100581, 10.412701006960807],
            [106.42942709237722, 10.413120179265446],
            [106.42973477139974, 10.413512620025516],
            [106.43107691862448, 10.414440074175543],
            [106.43174583883143, 10.414734377005978],
            [106.43453278986365, 10.413048829883783],
            [106.43521052764449, 10.412580628146562],
            [106.43633425445374, 10.41206336429753],
            [106.43749357304571, 10.411608601152551],
            [106.43850138837868, 10.411318675209031],
            [106.43909439764492, 10.411291966938956],
            [106.43939759776087, 10.412063417828701],
            [106.44005755828096, 10.413869348425997],
            [106.44024483503999, 10.414529266433856],
            [106.44042770862102, 10.414658591655993],
            [106.44145324147277, 10.414391066139666],
            [106.44352678868732, 10.41380239827931],
            [106.44519002676928, 10.413521537789038],
            [106.44581423873313, 10.413392196603056],
            [106.44589457942381, 10.413191496500577],
            [106.44603719770589, 10.412192735892967],
            [106.44628244386429, 10.411773569653244],
            [106.44671056939849, 10.411550567270936],
            [106.4472501310408, 10.411399001235793],
            [106.44859230116661, 10.411269680051847],
            [106.44898026048583, 10.411309788962134],
            [106.4495153345859, 10.4115104910813],
            [106.45021091499119, 10.411938507618332],
            [106.45162895358646, 10.413048827185692],
            [106.45514717593404, 10.409441441399217],
            [106.45629320821499, 10.407889659507662],
            [106.45732322266662, 10.406587590607536],
            [106.45935657469101, 10.404879739017083],
            [106.45953937512921, 10.40437147559842],
            [106.45681041665267, 10.402471879286528],
            [106.45526760249392, 10.40133029514758],
            [106.45459869674038, 10.400920053997908],
            [106.45411708232784, 10.401040472411557],
            [106.45291758956377, 10.401829717432653],
            [106.45009498476283, 10.403818484233975],
            [106.44917194878232, 10.404380322282352],
            [106.4489668701707, 10.404460650507849],
            [106.44877509219457, 10.404340258009904],
            [106.44851645282243, 10.403800715386769],
            [106.44835594918965, 10.403149682485749],
            [106.44825790363812, 10.402271175288652],
            [106.44818205541539, 10.401281275608534],
            [106.44775401673155, 10.398806480289824],
            [106.4478610487871, 10.398521103971692],
            [106.44850315240471, 10.398231288881934],
            [106.44975168787471, 10.39790124218241],
            [106.45008168424461, 10.397941421652865],
            [106.45105819616354, 10.398329339563453],
            [106.45197234342785, 10.398802015842964],
            [106.45350623616056, 10.399890004027265],
            [106.45368013436546, 10.399698268985073],
            [106.4539253894956, 10.399212264796375],
            [106.45413047297296, 10.398900135245581],
            [106.45464327241665, 10.397879022285613],
            [106.45526310896432, 10.396469870290684],
            [106.45580269268874, 10.394842350441232],
            [106.45596320203994, 10.394650587188837],
            [106.45839781866505, 10.394298369113514],
            [106.45961963122257, 10.395827792117554],
            [106.45999871361133, 10.39652789481262],
            [106.46022159783982, 10.39695147668438],
            [106.46015922618099, 10.39868160772347],
            [106.46019041200807, 10.40049200245827],
            [106.46084594456087, 10.400741758083187],
            [106.46240210114097, 10.400848767335823],
            [106.46330290673666, 10.400581207319847],
            [106.46407429706753, 10.399930209668682],
            [106.46470746298813, 10.399270240133704],
            [106.46623246152079, 10.397580240715236],
            [106.46765941650642, 10.397183394619066],
            [106.46830149099897, 10.397419669802396],
            [106.4693538539058, 10.398320426332948],
            [106.47000042743166, 10.398311501236826],
            [106.47130697220514, 10.398940284426008],
            [106.47363463193916, 10.399051703709373],
            [106.4740225477782, 10.398779757135939],
            [106.4749233134108, 10.398387310719247],
            [106.47725092335838, 10.398231230316826],
            [106.47840139074772, 10.397442019612336],
            [106.47891865372439, 10.397571283155084],
            [106.47931547753129, 10.397941383361298],
            [106.480002168743, 10.399751799137487],
            [106.47989521014759, 10.401691549761921],
            [106.47965882285669, 10.403109547029619],
            [106.47992639890887, 10.403880975216605],
            [106.48123740964168, 10.404647925689156],
            [106.48187952565566, 10.40450966879898],
            [106.48342676006278, 10.403711522495735],
            [106.48486264044669, 10.404201994456713],
            [106.48499198251608, 10.404728178591833],
            [106.48488043733546, 10.405249885979751],
            [106.48565631124289, 10.406012390720754],
            [106.48567419808242, 10.406658975216683],
            [106.48541110889252, 10.407051354516781],
            [106.48503207048425, 10.40705132514205],
            [106.48504546310312, 10.408210703865866],
            [106.48545119694053, 10.408598647194891],
            [106.48635641586044, 10.408968769585167],
            [106.4868914954622, 10.409749085632662],
            [106.48793046879366, 10.40998992793404],
            [106.48858599807824, 10.410890616975284],
            [106.49002622816137, 10.411523845829006],
            [106.49067726968185, 10.412152546313024],
            [106.49096715144258, 10.413311907429112],
            [106.49175194651497, 10.414212673204839],
            [106.49331705108477, 10.414578342923043],
            [106.49397259713139, 10.414961822774874],
            [106.49460576324519, 10.414948448144669],
            [106.49566706681541, 10.415719853500502],
            [106.49638940708492, 10.416544800695407],
            [106.49683974740499, 10.416353042989877],
            [106.49813288565254, 10.415951759170087],
            [106.49852534110538, 10.41633077554661],
            [106.49916292546682, 10.416589380959406],
            [106.50025993822977, 10.417151251448137],
            [106.50199005508122, 10.418591524415804],
            [106.5028238817225, 10.419630465980932],
            [106.5039966020808, 10.420571377041252],
            [106.5050266705048, 10.421570159667919],
            [106.50578473000229, 10.422198902891006],
            [106.50788938638023, 10.422082968047043],
            [106.50839332762925, 10.422560116980954],
            [106.50908442846276, 10.423371687367954],
            [106.50953479585637, 10.424370546882725],
            [106.5099093835989, 10.42569037850284],
            [106.51039094601755, 10.426622343526757],
            [106.51088590379213, 10.427630138070102],
            [106.51209885188771, 10.427442809006353],
            [106.51391815222595, 10.42603818847266],
            [106.51473413661112, 10.425338099588927],
            [106.51579095658099, 10.42476287698204],
            [106.51756120477583, 10.424183223516716],
            [106.51979075687933, 10.424651427688643],
            [106.5208208123007, 10.425351547808267],
            [106.52150754866248, 10.427170811689907],
            [106.52262679255895, 10.428642347167534],
            [106.52440590806903, 10.430122765025034],
            [106.52488750344979, 10.43070243425395],
            [106.52654185529092, 10.431670043874613],
            [106.52819172494513, 10.432441501157607],
            [106.52951607107394, 10.433030046234071],
            [106.53031872000919, 10.433190624653555],
            [106.53098310129509, 10.43255296476503],
            [106.53351586048969, 10.428419351929163],
            [106.53501861045302, 10.426399367638808],
            [106.53607984692061, 10.42447308383617],
            [106.53732845181084, 10.42194924540245],
            [106.53801515166312, 10.421173306242292],
            [106.5387196551511, 10.421289288726314],
            [106.54038292557732, 10.422319350704516],
            [106.54263474472928, 10.425712711998244],
            [106.5439278927185, 10.427219868684809],
            [106.54487768673259, 10.428031408541392],
            [106.54596567540607, 10.429181885825008],
            [106.54715185102653, 10.42931119355504],
            [106.54811946161878, 10.42890092872486],
            [106.54876600632409, 10.42800025357161],
            [106.54913167223422, 10.4271217346473],
            [106.54917177234515, 10.425489726391051],
            [106.5494482475305, 10.424660339910606],
            [106.5500412992513, 10.424548902363432],
            [106.55310027111561, 10.425012574832012],
            [106.55487946168826, 10.42524894760091],
            [106.55628408683727, 10.425128514385252],
            [106.55757273199289, 10.424669239290512],
            [106.55845560047744, 10.424361605753775],
            [106.55905757879002, 10.423541117100248],
            [106.5594098650181, 10.422279173012578],
            [106.55936976298324, 10.420129916645667],
            [106.55882128299321, 10.417231516995852],
            [106.55845560047744, 10.415251606461421],
            [106.55857159019212, 10.414203726166344],
            [106.55961496096873, 10.413160326492086],
            [106.5605603290665, 10.412808072091826],
            [106.56104191632537, 10.412692121180607],
            [106.56221019254052, 10.412928419607343],
            [106.56468946252535, 10.414212693913791],
            [106.56681646223959, 10.414440076260664],
            [106.56774837442055, 10.414319667567579],
            [106.56891668727141, 10.41351257512711],
            [106.57055762324664, 10.41280807543309],
            [106.57209606272528, 10.413160353285303],
            [106.57457526739364, 10.413980779592166],
            [106.57610474353365, 10.414328615983797],
            [106.57705009455283, 10.414560486435407],
            [106.58058173190707, 10.415380935936165],
            [106.58458598513953, 10.417592660678425],
            [106.58518794697788, 10.417820076447654],
            [106.5866014938163, 10.41794050240696],
            [106.58753789840564, 10.417820111862392],
            [106.58812646940218, 10.418060894612761],
            [106.58860802868935, 10.418872468806354],
            [106.58872844116155, 10.419572539425804],
            [106.58814877128373, 10.421431960993207],
            [106.58780093413685, 10.422011649137794],
            [106.58698943621926, 10.42375070093549],
            [106.58687792743643, 10.425262341098334],
            [106.58547777772681, 10.427951174297753],
            [106.58525035542753, 10.428869730370673],
            [106.58444327349014, 10.43096104662796],
            [106.58397503246859, 10.432472705151206],
            [106.58410434494363, 10.433979860492084],
            [106.58493822343499, 10.435148161595638],
            [106.5868244212265, 10.436311970946285],
            [106.58837170029929, 10.436771256075358],
            [106.59188994466281, 10.436659792496448],
            [106.59646501639855, 10.43642791965098],
            [106.59883280754207, 10.436900610446552],
            [106.60060302474177, 10.437707662175818],
            [106.6014324705731, 10.438412233566067],
            [106.6027300205587, 10.439339684131289],
            [106.60544565571907, 10.440851307691615],
            [106.6107564238844, 10.443990575423477],
            [106.61229038432697, 10.444802139565716],
            [106.61583087424981, 10.446893451956303],
            [106.61701257941132, 10.44771387189135],
            [106.61960778454721, 10.448868776177664],
            [106.62420062294849, 10.450028145490052],
            [106.6253644752788, 10.450380444109443],
            [106.62737991534456, 10.451419387173413],
            [106.62819597243251, 10.45153978703563],
            [106.63022043328571, 10.453631124150398],
            [106.63140203711174, 10.455142758577805],
            [106.63246779765791, 10.457109244377154],
            [106.63353797078832, 10.459668788166104],
            [106.63401954142499, 10.461653078200545],
            [106.63437626776701, 10.462919423785618],
            [106.63510762156433, 10.465126721384513],
            [106.63558020101473, 10.466870169926315],
            [106.63606186613099, 10.468618129636873],
            [106.63642300323589, 10.470241279029393],
            [106.6365523471322, 10.472680390353778],
            [106.63739065575557, 10.47594002641452],
            [106.63810852754776, 10.477331275206735],
            [106.63964690933585, 10.479650022621886],
            [106.64070821292887, 10.48070230159289],
            [106.64235806054033, 10.48186168555146],
            [106.6436601735181, 10.48256180220235],
            [106.64495770681593, 10.48290962564504],
            [106.64789632228775, 10.483600782611918],
            [106.64901550544917, 10.483658688727662],
            [106.65107560189522, 10.483480372016901],
            [106.65564616752802, 10.481389060497836],
            [106.65775985042544, 10.479770357500026],
            [106.65857584167529, 10.478602121390384],
            [106.65904847211239, 10.47779052084343],
            [106.65973520038561, 10.47499910770728],
            [106.66101052007625, 10.471173263033782],
            [106.66123793203097, 10.469889000121409],
            [106.66145194057037, 10.466981635320776],
            [106.66121112475498, 10.46361061718963],
            [106.66108626406331, 10.462919477989335],
            [106.66021673906677, 10.456181767707925],
            [106.66008747105937, 10.451878685461816],
            [106.66042193082107, 10.44944404231355],
            [106.66146975213545, 10.44584106348359],
            [106.66204943841068, 10.44479322764893],
            [106.66216098591529, 10.44444088769122],
            [106.6632222193411, 10.443049644268886],
            [106.66461792411936, 10.441649527696987],
            [106.6659065863082, 10.440842420152753],
            [106.66779276965927, 10.440017515661518],
            [106.66871585125449, 10.439678609498472],
            [106.67141800814386, 10.43851034721317],
            [106.6760109508158, 10.438389897340562],
            [106.67930615464472, 10.439090026865276],
            [106.68224919106967, 10.43990153763198],
            [106.68557570739146, 10.441591561559397],
            [106.68815751469246, 10.444779811101066],
            [106.69077498027299, 10.448962460226864],
            [106.69290195832531, 10.452681344055645],
            [106.695051269833, 10.456279809279694],
            [106.69635783549847, 10.459071222049744],
            [106.69860965963915, 10.462901605365753],
            [106.699800181066, 10.464533601089252],
            [106.70310887836528, 10.468239119051017],
            [106.70619007659714, 10.471962483550469],
            [106.70878526263549, 10.474629001488058],
            [106.71280744298963, 10.47870015742483],
            [106.71575929604025, 10.481250792592054],
            [106.72120835166461, 10.48566082304104],
            [106.7265146469739, 10.48937970287018],
            [106.73161140183431, 10.493682797109267],
            [106.73407730506419, 10.495421802807991],
            [106.7361998413487, 10.495060636026977],
            [106.73702035325529, 10.499501879203537],
            [106.73797459136506, 10.502190731753743],
            [106.7393256858064, 10.504959863348862],
            [106.74025761640779, 10.506649808859382],
            [106.7419654460887, 10.509690974697111],
            [106.74294202316719, 10.511461213091016],
            [106.7448727823295, 10.515081967336874],
            [106.74563528158838, 10.517342729361808],
            [106.74601882699454, 10.51880978508455],
            [106.746339828551, 10.521150874509498],
            [106.74642901073103, 10.522720446196345],
            [106.74653601139589, 10.52387085270508],
            [106.7463220101177, 10.529948638725848],
            [106.74607678182491, 10.532361051836613],
            [106.74566650874709, 10.535379855861946],
            [106.74522950890814, 10.539424227189397],
            [106.74508687220288, 10.541230201722591],
            [106.7448415552824, 10.543379480343805],
            [106.74475687331227, 10.544271256906281],
            [106.7446052377716, 10.545609029405528],
            [106.74429314785709, 10.548271114952705],
            [106.74397205926796, 10.55032226835597],
            [106.74376696957415, 10.552859474724618],
            [106.74370010623534, 10.553911889548768],
            [106.74355288097348, 10.555686609856174],
            [106.74347710859682, 10.556350985448303],
            [106.74315602118794, 10.559231521546147],
            [106.74298215902921, 10.561599328949582],
            [106.74295984132925, 10.567650306275835],
            [106.74317392935798, 10.569202087100994],
            [106.74370010623534, 10.57156094748521],
            [106.74417273958176, 10.572978994731859],
            [106.74469891882633, 10.574174017469701],
            [106.74588059938561, 10.576131547605453],
            [106.74444028361852, 10.577411311057784],
            [106.7436510611342, 10.578040074249955],
            [106.74250952821768, 10.578539437179401],
            [106.74163995134754, 10.578971986161434],
            [106.73903583063068, 10.57895859153858],
            [106.73570931742069, 10.57750944903179],
            [106.73512970689191, 10.577652133995795],
            [106.73497807793217, 10.578080192819689],
            [106.73529024472852, 10.5785082862002],
            [106.73644064930997, 10.579658697917914],
            [106.73874597583381, 10.581259506865866],
            [106.73918746236583, 10.581981888177435],
            [106.73948622668146, 10.583560422628157],
            [106.73934350367807, 10.58529053210805],
            [106.73832680741232, 10.586289424485116],
            [106.73745733692706, 10.58643205834345],
            [106.73674831875626, 10.586137735611741],
            [106.73587876447397, 10.585852376148933],
            [106.73500930359076, 10.585129980891287],
            [106.73515193381638, 10.58311005313965],
            [106.73427797642503, 10.581812466211835],
            [106.73369387029229, 10.581241703935552],
            [106.732980364829, 10.581090103897056],
            [106.73166494357905, 10.580220571167509],
            [106.72994369545084, 10.580068927705561],
            [106.72936410001068, 10.580501490888798],
            [106.72878882536669, 10.580929512210918],
            [106.72792821081245, 10.581643004793353],
            [106.72690706773095, 10.583083261928904],
            [106.7267777604704, 10.584800036879056],
            [106.72503873363482, 10.586244832595678],
            [106.72390161580353, 10.588679433740083],
            [106.72260406505299, 10.590628049905371],
            [106.72325958817987, 10.591439677863443],
            [106.72332644534929, 10.593281216434425],
            [106.72290730612053, 10.593811866013334],
            [106.72239890516016, 10.594271173485083],
            [106.72132874745628, 10.595078280157134],
            [106.72059746550843, 10.595880926656857],
            [106.72032995027324, 10.596313406733692],
            [106.72020505595214, 10.597000146908124],
            [106.7204191219823, 10.597691286939718],
            [106.72123507628535, 10.598609923247048],
            [106.72162748767114, 10.599042394049569],
            [106.72186827977683, 10.599952062114083],
            [106.72157403833796, 10.600638741804186],
            [106.72059746550843, 10.601561825967675],
            [106.71987959320073, 10.60225296347695],
            [106.7195273165303, 10.602631962233147],
            [106.71929984417933, 10.603171511602062],
            [106.71919285667123, 10.60385825043925],
            [106.71881826582961, 10.605601757314497],
            [106.72049488646977, 10.606609508885569],
            [106.7210790477372, 10.60668978558956],
            [106.72149818349845, 10.606761119579282],
            [106.72186387065146, 10.60684141113023],
            [106.72229191615126, 10.60718025882453],
            [106.72239890516018, 10.607447833232955],
            [106.72245244467523, 10.60771980633197],
            [106.72236777126325, 10.608139016638635],
            [106.72233654738838, 10.608749858815628],
            [106.72277800119902, 10.609940426379115],
            [106.72321495675637, 10.610979415335104],
            [106.72377231030035, 10.61212099295901],
            [106.72482466313016, 10.612112018598886],
            [106.72586811257412, 10.611099816455274],
            [106.72667076934258, 10.611041813633863],
            [106.7272415392628, 10.610252609431308],
            [106.72754478669002, 10.609779963991437],
            [106.72820473371445, 10.609053090685636],
            [106.72862829224316, 10.608861394379165],
            [106.7289448593551, 10.608941607781155],
            [106.72936850928559, 10.609200244748587],
            [106.73026476372252, 10.609008540468833],
            [106.73142414080874, 10.608892572193096],
            [106.7321153246502, 10.609119981632519],
            [106.73240067145318, 10.609351888926074],
            [106.73264147528536, 10.609797746937499],
            [106.73214654990527, 10.611380759954145],
            [106.73223122706004, 10.61179988079671],
            [106.73195478911438, 10.612129860232553],
            [106.73147768250821, 10.61262035326703],
            [106.72934619295636, 10.612468740116292],
            [106.72860156672886, 10.61277643310611],
            [106.72843212524359, 10.613151015208965],
            [106.72801297633826, 10.613761921814396],
            [106.72770081980119, 10.615371661980967],
            [106.72749124594195, 10.61644179689394],
            [106.72769191133338, 10.616709347493014],
            [106.72795943547689, 10.616709383118486],
            [106.72823145918082, 10.616481952225639],
            [106.72859265822481, 10.616321400827559],
            [106.72907425786721, 10.616285735985414],
            [106.72939082561707, 10.616513140688758],
            [106.72955135929371, 10.61678071613234],
            [106.73001955318715, 10.617931144945397],
            [106.72989465339319, 10.618809606428828],
            [106.72959149273107, 10.620298943936243],
            [106.72986792772595, 10.621101589946372],
            [106.73123238064345, 10.622537385419143],
            [106.73139741495689, 10.623482782788587],
            [106.73094253605376, 10.623910780546522],
            [106.72926151690501, 10.624169452932126],
            [106.72844544299768, 10.624289867544615],
            [106.72814228432075, 10.624780351675971],
            [106.72831613483804, 10.626189416692815],
            [106.72849898397665, 10.6279373933805],
            [106.72889140825326, 10.628401118367988],
            [106.72985901917093, 10.628401145557586],
            [106.73042979731466, 10.628289677904451],
            [106.73190124729956, 10.627999831486653],
            [106.7325657066373, 10.628289646798784],
            [106.7328421453455, 10.629841437457346],
            [106.73217777516473, 10.631040951846774],
            [106.7318120709611, 10.631861423957847],
            [106.73116111177406, 10.63430048141578],
            [106.73108084433748, 10.634871277622363],
            [106.73075086629134, 10.635571400855532],
            [106.73031830514161, 10.636289317791723],
            [106.72998832823204, 10.636512268723374],
            [106.7291009834386, 10.637172214578477],
            [106.728334041809, 10.63751106635968],
            [106.72757151207668, 10.637671590579307],
            [106.72673762754339, 10.637841064317719],
            [106.72606877649315, 10.638059520025573],
            [106.72563181529571, 10.638670455283114],
            [106.72508327544304, 10.639437370607736],
            [106.72498519349337, 10.640039380020543],
            [106.72466413288349, 10.640480848698347],
            [106.72416031701984, 10.640958001034438],
            [106.72354942270383, 10.641680314015481],
            [106.72328181391228, 10.64217976687599],
            [106.72312128478593, 10.643009181104087],
            [106.72274227814077, 10.644092748422764],
            [106.7224123125333, 10.64502018805073],
            [106.72225178403848, 10.645791646370654],
            [106.72191732005474, 10.646340070156636],
            [106.72126189089123, 10.646291039082545],
            [106.72081594102323, 10.646068066202684],
            [106.71999998826826, 10.645912060383434],
            [106.7189342512517, 10.645702477385143],
            [106.71826983287065, 10.64581395374846],
            [106.7177213112934, 10.646362358345627],
            [106.7171193428238, 10.647022359861188],
            [106.71656641508544, 10.647570849483877],
            [106.7160179877205, 10.647851714669542],
            [106.71541602389618, 10.64818171011567],
            [106.71476052405075, 10.6485116400514],
            [106.71408721031386, 10.648890661276843],
            [106.71360114439787, 10.649390140527542],
            [106.71293674207203, 10.649778055970886],
            [106.71238823375107, 10.65016156173349],
            [106.7119958387896, 10.650442474100414],
            [106.7115633143568, 10.650709978667027],
            [106.7106180080341, 10.650660973972997],
            [106.70973955881901, 10.650611887640471],
            [106.70868718792717, 10.650620816147525],
            [106.70768835799396, 10.650790265927858],
            [106.70691690195925, 10.650901768764314],
            [106.70585563696329, 10.65104002123395],
            [106.70527601478138, 10.65190055483953],
            [106.70484350353871, 10.65190057096663],
            [106.70397389488478, 10.652609575932114],
            [106.70210107632525, 10.653042142484201],
            [106.70153037144055, 10.653751128491068],
            [106.70067418192883, 10.654040992877679],
            [106.6989306823155, 10.65345233572485],
            [106.69718719652506, 10.65201203722957],
            [106.69703559363028, 10.650710019366628],
            [106.69616601584116, 10.649840490401148],
            [106.69428876522744, 10.649131466698652],
            [106.69328100361376, 10.648979924187165],
            [106.69124768026832, 10.64811036006334],
            [106.69068132209628, 10.649100256917194],
            [106.69024434110257, 10.651111320997265],
            [106.68881302526114, 10.652689863694599],
            [106.68852314647827, 10.65341227225054],
            [106.68794788847589, 10.655708634563275],
            [106.6869267507573, 10.65656924112589],
            [106.68506730267057, 10.65676098152888],
            [106.6853482701312, 10.65583356299393],
            [106.68556230226159, 10.65490158678823],
            [106.6856247395849, 10.653969580016684],
            [106.68548645983084, 10.652930686769254],
            [106.68504508079585, 10.65206114917425],
            [106.68438067477179, 10.651191560870112],
            [106.68366274066794, 10.650442463719626],
            [106.68282884246577, 10.649448099910172],
            [106.68210650511608, 10.648850587092653],
            [106.68155807371538, 10.64858305478929],
            [106.68112102093437, 10.648199519833756],
            [106.68065733929527, 10.647709069992894],
            [106.68020688350889, 10.647111529045908],
            [106.6796495503399, 10.646460478104444],
            [106.67915906233848, 10.645911995919993],
            [106.67867298369525, 10.645639985941227],
            [106.67788822491293, 10.645541950933236],
            [106.67684032487416, 10.645541944454557],
            [106.67605548269809, 10.645439344185993],
            [106.6753019504924, 10.645220867458923],
            [106.674508207519, 10.645011295172997],
            [106.67362972281835, 10.644850718065399],
            [106.67318827771638, 10.644583235792675],
            [106.67307240639644, 10.643820709544212],
            [106.67296535142714, 10.643160760790456],
            [106.67185054346608, 10.642291248598044],
            [106.67105681301773, 10.64191223168682],
            [106.67061537310975, 10.641149739856093],
            [106.66995991700625, 10.64061012349013],
            [106.66934899338501, 10.639959146168351],
            [106.668457215291, 10.63962917225827],
            [106.66763228106339, 10.639638064302055],
            [106.66680734995073, 10.640128600497444],
            [106.6660938815085, 10.639080689183837],
            [106.66449746945248, 10.638920148510648],
            [106.66348975497012, 10.639490879855279],
            [106.66217879753825, 10.639482010883311],
            [106.66118440743959, 10.640048287867574],
            [106.66046205163381, 10.639910036545134],
            [106.66010087462791, 10.639651440448834],
            [106.6599581131718, 10.639847625055168],
            [106.66001163746229, 10.640338162596933],
            [106.66013208965313, 10.640610164853426],
            [106.66050658034719, 10.64094462431414],
            [106.66050658034719, 10.641252293294873],
            [106.66021673906677, 10.641448504830004],
            [106.65983775103378, 10.641542105905273],
            [106.65925807063563, 10.641671415924462],
            [106.65862486781499, 10.641979125978088],
            [106.65746101722053, 10.642670297699313],
            [106.65701510702594, 10.642991323304157],
            [106.65629726279474, 10.643352509809503],
            [106.6561946238566, 10.643080522804903],
            [106.65632847727541, 10.642500792561703],
            [106.65627495388908, 10.641430644612575],
            [106.65656478992986, 10.640770683281959],
            [106.65669405584885, 10.64048528265989],
            [106.65672976815871, 10.639847673454154],
            [106.65663162678723, 10.638888925262599],
            [106.65647114639968, 10.6385500607928],
            [106.65615009602382, 10.6383226339905],
            [106.65573981070372, 10.63863033408148],
            [106.65529840177332, 10.638572316161579],
            [106.65487480476341, 10.63862136268704],
            [106.65445561634792, 10.63890233170269],
            [106.65403642873896, 10.639143142090212],
            [106.6538090242963, 10.639178801182547],
            [106.65360842642883, 10.639080660068423],
            [106.65326057397282, 10.638848789940086],
            [106.65305988665651, 10.638590179990002],
            [106.65281017468249, 10.637939190036118],
            [106.65276114985089, 10.637511049742157],
            [106.65286369721765, 10.636971550586686],
            [106.65296183689193, 10.636467640678033],
            [106.65307778748985, 10.63473304512177],
            [106.65302426490207, 10.6341890052966],
            [106.65313131009079, 10.63376096198983],
            [106.65347457468101, 10.633480072167206],
            [106.65354150054465, 10.633092126600868],
            [106.65322045448556, 10.632681835737698],
            [106.65302426490207, 10.632449959337368],
            [106.65258726920689, 10.632071014640015],
            [106.65202541888726, 10.632338531151198],
            [106.65162854438304, 10.632820123057963],
            [106.65107560189522, 10.632949429114484],
            [106.65046473116179, 10.632949455986624],
            [106.64930092416257, 10.632641778729297],
            [106.64859632831357, 10.632802287612607],
            [106.64804789112185, 10.63318125422439],
            [106.64733889170351, 10.633903639838694],
            [106.64681267566415, 10.634010668186658],
            [106.64657637359362, 10.634171173978995],
            [106.64631776389442, 10.63405974298735],
            [106.64599672849039, 10.633760942419391],
            [106.64541699498128, 10.63261052002637],
            [106.64508705579374, 10.631847977921028],
            [106.64490418622522, 10.631486845004101],
            [106.6445163197498, 10.630621744500903],
            [106.6438295495223, 10.629520372749518],
            [106.64322760417326, 10.629020912615875],
            [106.64301352359324, 10.62880244053549],
            [106.6419612036736, 10.627799120715537],
            [106.64148852038666, 10.627313147797429],
            [106.6407171178627, 10.62653720587431],
            [106.63958898258332, 10.6269207316356],
            [106.63932138637274, 10.626960864366252],
            [106.63861691281619, 10.627232830746234],
            [106.63839842933399, 10.626853798205373],
            [106.63757342905265, 10.62643020634816],
            [106.63646761697723, 10.626519383446276],
            [106.63540633411212, 10.626639748298771],
            [106.63485784026449, 10.625979807284288],
            [106.63405525001123, 10.62634103959406],
            [106.63342203061354, 10.626853816526706],
            [106.63183017558262, 10.627553914554564],
            [106.63125047989347, 10.627259637315923],
            [106.62962284299846, 10.62639009466083],
            [106.62946238255171, 10.626537260444612],
            [106.6293865596353, 10.627121339377627],
            [106.62947128702406, 10.62826733641987],
            [106.62962284299846, 10.62853045399645],
            [106.62993503964529, 10.628802464460662],
            [106.63025605130188, 10.62909233458045],
            [106.63067519304286, 10.62956939045361],
            [106.63071980560207, 10.629801293807185],
            [106.63057715337847, 10.630068811990087],
            [106.63012680110447, 10.630550392292582],
            [106.62977448902312, 10.630898220438544],
            [106.62964074190094, 10.631170239466732],
            [106.62959163235293, 10.632177993121047],
            [106.62975218283965, 10.632681847271142],
            [106.62988152275803, 10.633413176917836],
            [106.62977448902312, 10.633881329517102],
            [106.62959163235293, 10.634229206982894],
            [106.62940886578114, 10.634733082483935],
            [106.62927062168036, 10.63528151617935],
            [106.62919479883104, 10.635821095339015],
            [106.62932413841679, 10.636088587819577],
            [106.62967635982184, 10.636231316984682],
            [106.63076891540568, 10.63632945057804],
            [106.63092937681958, 10.636512274822344],
            [106.63101410481137, 10.636748576418867],
            [106.63053254084863, 10.637493205485923],
            [106.63034077903053, 10.637921327582673],
            [106.63016691632798, 10.638523326628965],
            [106.62986812105218, 10.638741831484648],
            [106.62957832060923, 10.639116356263784],
            [106.62980569969498, 10.639669317888364],
            [106.62985031207525, 10.639941328025074],
            [106.62973878114181, 10.640173173057418],
            [106.62970757047958, 10.640712688051298],
            [106.62960953125284, 10.641020399558803],
            [106.62922600941941, 10.641461841338286],
            [106.62895851593456, 10.641577749316166],
            [106.62790617422567, 10.641559935014962],
            [106.62771441473146, 10.641680368390226],
            [106.62711242413873, 10.64193000639542],
            [106.62674680538865, 10.641823018316481],
            [106.62651933956992, 10.64147966453562],
            [106.62610461306328, 10.640672607361655],
            [106.62581481765423, 10.6400215193227],
            [106.62568548016355, 10.639450783247554],
            [106.62535107385237, 10.639165425446805],
            [106.62471787988494, 10.639481964365093],
            [106.62444139775891, 10.63952217145139],
            [106.62401777098336, 10.639210026597164],
            [106.62370117571781, 10.639143113751775],
            [106.62343809619739, 10.639209978634995],
            [106.62214500878937, 10.640440679680193],
            [106.62182841626317, 10.640561067324969],
            [106.62117733439591, 10.640672604469986],
            [106.62121744796171, 10.641180891028638],
            [106.62135127982248, 10.641751655686104],
            [106.62155193782797, 10.642741633777154],
            [106.6215652490783, 10.643539774413606],
            [106.62180161384899, 10.643740417474811],
            [106.62233667341027, 10.6437716731987],
            [106.62268897339321, 10.643869763452043],
            [106.62296095620783, 10.644150718174743],
            [106.62319732250286, 10.64426214469629],
            [106.62381711069172, 10.644302248680741],
            [106.62412929897127, 10.644449399816022],
            [106.62425413843235, 10.644868623480924],
            [106.62409808911725, 10.64534125034962],
            [106.62383941626402, 10.64589861732451],
            [106.62380379930288, 10.646170686754676],
            [106.62396425555795, 10.646402499732078],
            [106.62435226517741, 10.646701317381902],
            [106.62444139775891, 10.64688852966518],
            [106.62436116943971, 10.647089239721415],
            [106.62393304572771, 10.64735229989241],
            [106.62288522550884, 10.647820505319801],
            [106.62246600890032, 10.647927554217627],
            [106.6216678716506, 10.648360067173021],
            [106.62078051629366, 10.648672179188061],
            [106.6199733912391, 10.648792620724741],
            [106.61904143267049, 10.648712337025067],
            [106.61881406488945, 10.6488193599948],
            [106.61865792955801, 10.649292022928833],
            [106.61847067523661, 10.64943920108184],
            [106.61808717313636, 10.649439156677595],
            [106.6176234458955, 10.649550609754138],
            [106.61728005813352, 10.64983157798483],
            [106.61723994529801, 10.650130303834693],
            [106.6174004866239, 10.650558421174257],
            [106.6174941133009, 10.651133672354442],
            [106.61737818171545, 10.651401155180345],
            [106.61702589038228, 10.651668753683897],
            [106.6167539150304, 10.651780192527912],
            [106.61657106935954, 10.652012046665932],
            [106.61648634702047, 10.652783480733666],
            [106.61615195492779, 10.652863777469145],
            [106.61587548374965, 10.653336435405098],
            [106.61556330738256, 10.653376600652384],
            [106.61543406595894, 10.65370208567915],
            [106.61519770814824, 10.653889370649635],
            [106.61456454390188, 10.654241598131264],
            [106.61400710907421, 10.654428944352926],
            [106.61351658920064, 10.654700895814276],
            [106.6130082628501, 10.654968418448147],
            [106.61208973491838, 10.655360857105169],
            [106.61167053924326, 10.655481279397996],
            [106.6107787281092, 10.656212512670804],
            [106.6104442549155, 10.656439986795863],
            [106.61010096850079, 10.656591573411612],
            [106.6094677292609, 10.656992875879],
            [106.60862943884277, 10.65733175190727],
            [106.60806311574608, 10.657519088245305],
            [106.6074076685421, 10.657599360424323],
            [106.606248319699, 10.65771972875961],
            [106.6058960465234, 10.657800000926272],
            [106.60514689460618, 10.658179036826306],
            [106.60439324860481, 10.65672978293932],
            [106.6036753987414, 10.655392073258515],
            [106.60276572397827, 10.653702109562271],
            [106.60233314642147, 10.652899464553133],
            [106.60196756959978, 10.65216366577374],
            [106.60095978588278, 10.650571761296824],
            [106.60076805030326, 10.650799200383744],
            [106.6004558957919, 10.651133597060557],
            [106.60019725125561, 10.65141006531146],
            [106.59974687235922, 10.65188276761403],
            [106.59885951717325, 10.652489204028683],
            [106.59855635855722, 10.65256057140942],
            [106.59790085033006, 10.652948517197373],
            [106.59736576140584, 10.653331936520688],
            [106.59702240588568, 10.65348359193988],
            [106.59617067432333, 10.65356831240079],
            [106.59548846414393, 10.653670829776521],
            [106.5951228090112, 10.65338100509017],
            [106.5950782038039, 10.653158051340348],
            [106.5953056364999, 10.652663126637973],
            [106.59536804788674, 10.651780197869808],
            [106.59539925358695, 10.651361065793145],
            [106.59551076678893, 10.650901729656695],
            [106.59554197250984, 10.650518294669697],
            [106.5950782038039, 10.650442463546028],
            [106.59449851680935, 10.650371162684438],
            [106.59403034381133, 10.650331011400212],
            [106.59337484936815, 10.650219485257903],
            [106.59245181873571, 10.650148168195535],
            [106.59178292976095, 10.650032215659184],
            [106.59152429564655, 10.650571814087758],
            [106.59138607580404, 10.650959718860543],
            [106.59089560741174, 10.651080144808915],
            [106.59069938439688, 10.651797997617692],
            [106.59065927650661, 10.652382146147685],
            [106.59057456435046, 10.652640823721088],
            [106.590391740883, 10.652841475895952],
            [106.58965154573788, 10.652770138686858],
            [106.58930811260288, 10.65277013168831],
            [106.58756910296957, 10.652961865665516],
            [106.58679771308972, 10.653010914559752],
            [106.58603513873358, 10.653158102633986],
            [106.58513444118893, 10.653430060092248],
            [106.5846795975584, 10.653550468082122],
            [106.58439426415542, 10.653639622552285],
            [106.58402413163283, 10.653902712248929],
            [106.58383241115041, 10.654210440241998],
            [106.58349797981809, 10.654901531070577],
            [106.58315455652107, 10.655200371584455],
            [106.58291823413145, 10.6553207467198],
            [106.58257490168651, 10.655231571294426],
            [106.58210666474021, 10.655133463784495],
            [106.5816429250265, 10.655169098432546],
            [106.5812594884866, 10.655329642765967],
            [106.58033641998298, 10.655753240560719],
            [106.58001089652852, 10.655757736223455],
            [106.57971217074333, 10.65552136236508],
            [106.57952045411301, 10.655013049715292],
            [106.57876680798819, 10.654312986556441],
            [106.57840567745825, 10.653889384407208],
            [106.57813366096408, 10.653389901918793],
            [106.57800875829938, 10.652591748420676],
            [106.57800435208719, 10.652172600153145],
            [106.57823176670782, 10.651940730676584],
            [106.57846808393565, 10.651860460884887],
            [106.5791770371815, 10.651668712194303],
            [106.57941344537414, 10.651543859673929],
            [106.57933764005614, 10.6507903054458],
            [106.57924843620499, 10.650331010192149],
            [106.5789273206326, 10.649679966264307],
            [106.57865979962534, 10.649461501984943],
            [106.5777367423087, 10.648930829405586],
            [106.57718830516716, 10.64881047818514],
            [106.57686728260191, 10.648850577679266],
            [106.57660866645357, 10.649082462848401],
            [106.575431409404, 10.649091398097726],
            [106.57504348789708, 10.649550671462558],
            [106.57433445839924, 10.64963091981332],
            [106.57359431863232, 10.649550641149279],
            [106.57322861086124, 10.649733445766234],
            [106.57325540722948, 10.650322056910307],
            [106.57311270311916, 10.650941916290368],
            [106.57296550307474, 10.651552809046928],
            [106.57296550307474, 10.651882794140347],
            [106.57353182365304, 10.653380996094183],
            [106.57348722293077, 10.653679777006156],
            [106.57330891005526, 10.653951752144858],
            [106.57264898285754, 10.6543798588625],
            [106.5716099545801, 10.6550308660986],
            [106.57131124050326, 10.655191387635096],
            [106.57103923301429, 10.655392058110627],
            [106.56984860859777, 10.656029687077162],
            [106.56926898974277, 10.656301703227461],
            [106.56893008518531, 10.656341861883055],
            [106.56868928253849, 10.656118936393847],
            [106.56845738211267, 10.655971742441196],
            [106.5679178706558, 10.656043085272417],
            [106.56730696549157, 10.656279431402266],
            [106.56665146277331, 10.656319601062648],
            [106.56645076604633, 10.656239292960937],
            [106.56617876473436, 10.655940507548332],
            [106.5660182616431, 10.655400994513238],
            [106.56595585879306, 10.653880446855366],
            [106.56579535586904, 10.653421140791293],
            [106.56527806071003, 10.65307783465268],
            [106.56513086605335, 10.652850347033308],
            [106.56527806071004, 10.652431201338002],
            [106.56511755829463, 10.652163672066978],
            [106.56484996461947, 10.65205219256549],
            [106.56426136761304, 10.651940706165831],
            [106.56342307375694, 10.651980851738507],
            [106.56256688986058, 10.652172641257444],
            [106.56207199159618, 10.652208261450665],
            [106.5617910042653, 10.652141418349482],
            [106.56167510271867, 10.65194967848012],
            [106.56143880402699, 10.651588442162463],
            [106.5611578175286, 10.651490382742592],
            [106.5605603290665, 10.651459147635212],
            [106.55977554916747, 10.651543877223295],
            [106.55945446280559, 10.651650881427766],
            [106.5591958676995, 10.651691000094363],
            [106.55892387561869, 10.65145912172778],
            [106.55883018454246, 10.650741248118775],
            [106.55887028647601, 10.650513851671796],
            [106.55902197255732, 10.650281924143377],
            [106.55921367082959, 10.649929701510073],
            [106.55904427140942, 10.649693364773055],
            [106.55864738815598, 10.649403479067631],
            [106.55840210136671, 10.648779230708273],
            [106.55822820687078, 10.648529522750993],
            [106.55795172030864, 10.648690063848237],
            [106.55776002316902, 10.64890853966335],
            [106.55761732939679, 10.649519454284896],
            [106.55758612919591, 10.650059017267004],
            [106.55747014001646, 10.650250745207714],
            [106.55681466746552, 10.650478163845166],
            [106.55642677971849, 10.650558385005734],
            [106.5558470174272, 10.650861664241711],
            [106.55548142991842, 10.65148147859235],
            [106.5552361467662, 10.652052212080049],
            [106.5551514486171, 10.652712161426019],
            [106.5552361467662, 10.654313003471158],
            [106.55548142991842, 10.654660742934913],
            [106.55583811600232, 10.655262746443686],
            [106.55599870136095, 10.65586920161046],
            [106.5560521998695, 10.656292811600348],
            [106.55590060581116, 10.656640658729614],
            [106.55570432493352, 10.656747655697925],
            [106.55449598318572, 10.656832361843005],
            [106.55388502647914, 10.657019629293064],
            [106.55327416143417, 10.657122204125969],
            [106.5525518072338, 10.65716230286876],
            [106.55111151182952, 10.657090980248672],
            [106.55029098207173, 10.657050856835742],
            [106.54939915630068, 10.65724257706598],
            [106.54891318969958, 10.657416529722754],
            [106.54881950301876, 10.657929312461174],
            [106.54925646811992, 10.659124341204901],
            [106.54979602235412, 10.659070869471376],
            [106.55050506037276, 10.658870163415568],
            [106.55072804010003, 10.659164498324737],
            [106.55081723205622, 10.659561296438733],
            [106.55078153728702, 10.660047375254395],
            [106.55090192848465, 10.660582481666363],
            [106.55124530001838, 10.661081879091045],
            [106.55133889785363, 10.66126920600789],
            [106.55121401083765, 10.662058447667455],
            [106.55126310248532, 10.662379455789566],
            [106.55145928936591, 10.662901178035657],
            [106.55169117134243, 10.66326237941974],
            [106.5521460347809, 10.66373060041737],
            [106.55243582079024, 10.664448542539532],
            [106.55316267021053, 10.665028191876258],
            [106.55306457596434, 10.6660939345711],
            [106.55272569710532, 10.666700314787922],
            [106.5528861902097, 10.667333509641928],
            [106.55258300669875, 10.668711383950477],
            [106.55227532802466, 10.670080391485511],
            [106.55306457596434, 10.671792677368687],
            [106.55290848842088, 10.671953167810758],
            [106.5527568965957, 10.673032271319771],
            [106.55322066362201, 10.673799241375658],
            [106.5530779728844, 10.675342100951948],
            [106.55293078663439, 10.675810296485043],
            [106.55230652744919, 10.676572794338986],
            [106.55169566692415, 10.677959586070402],
            [106.55153508480393, 10.679658466198028],
            [106.55092422648838, 10.68104083178993],
            [106.55078153728702, 10.682592555026087],
            [106.55031777556425, 10.683823331142417],
            [106.5502642784936, 10.684130949254568],
            [106.5498139146109, 10.684389624934536],
            [106.54930106378558, 10.684710652915353],
            [106.548783808584, 10.684893468945594],
            [106.54846282867113, 10.685071805621487],
            [106.5475710105486, 10.685210116098355],
            [106.54659890697238, 10.686092966322256],
            [106.54580069205419, 10.685968153110103],
            [106.54328127278812, 10.68542860337424],
            [106.54155567390282, 10.684982697038224],
            [106.53984780061388, 10.684773111458126],
            [106.53811764436854, 10.684773110671566],
            [106.53663725891205, 10.684550114176366],
            [106.53492942511522, 10.684340572081497],
            [106.53414015448783, 10.687060628939268],
            [106.5332260103283, 10.6877428483648],
            [106.53018044984861, 10.694877413664008],
            [106.52871792026929, 10.698841540901412],
            [106.52760313930683, 10.703942767764344],
            [106.52726870615984, 10.707670550270489],
            [106.52889179066652, 10.71323997303646],
            [106.529105847437, 10.713989124470837],
            [106.53096970576553, 10.715567631062045],
            [106.53003777455623, 10.71600020867286],
            [106.52680940084997, 10.718131645552537],
            [106.52449958399359, 10.719522823513936],
            [106.52126230468474, 10.721979856532139],
            [106.51785103353566, 10.719647735970566],
            [106.51288804048312, 10.71624100767026],
            [106.50969534622102, 10.714319056391718],
            [106.50788938638023, 10.716040297823811],
            [106.5014103515442, 10.723161480493728],
            [106.5002063638916, 10.724508120198518],
            [106.4994439198348, 10.725011996397289],
            [106.49825333685908, 10.725600648241134],
            [106.49733026888362, 10.726412181670051],
            [106.49591677550382, 10.727419918707655],
            [106.49559569584794, 10.727540367437335],
            [106.49488666165452, 10.727901494818271],
            [106.49038747820566, 10.731000590096237],
            [106.4880196343189, 10.729029677468667],
            [106.48484034939621, 10.733207828970421],
            [106.48253054197566, 10.736240069883657],
            [106.479913006616, 10.739120616520395],
            [106.47387092257229, 10.74658963863606],
            [106.47252877014557, 10.74567100793271],
            [106.46942970980146, 10.749688676955312],
            [106.4688856870242, 10.750388778507856],
            [106.463494608158, 10.757050699636405],
            [106.46855125706966, 10.760939027026229],
            [106.47204720438783, 10.763739292073328],
            [106.47767452831361, 10.768131513201798],
            [106.48298085266232, 10.772211589238196],
            [106.48670867120205, 10.775060949664685],
            [106.49170736295756, 10.778240315339996],
            [106.49563578583425, 10.781361714982678],
            [106.50013058678886, 10.784701549964504],
            [106.50145943167034, 10.786458390907468],
            [106.50209262025481, 10.786980113850463],
            [106.50296213402157, 10.787698040882068],
            [106.50367110545848, 10.788331233093501],
            [106.50447824091938, 10.789009058700676],
            [106.50553950424408, 10.793298673218338],
            [106.5056063839681, 10.793508275637919],
            [106.50969534622102, 10.810109499370169],
            [106.5117510488952, 10.81845245605084],
            [106.51506854998134, 10.832168686309494],
            [106.51811416315333, 10.84613904446645],
            [106.51973726749124, 10.85215882064578],
            [106.52435241751647, 10.869000850895368],
            [106.52564113903529, 10.874240257651401],
            [106.53169207663478, 10.898100979440573],
            [106.53269989373786, 10.901561179387583],
            [106.53051048235099, 10.902533288606355],
            [106.51959010432005, 10.90829000141118],
            [106.51397613492794, 10.91129100143012],
            [106.50459860585478, 10.916298532162266],
            [106.50005921431126, 10.920053124458754],
            [106.49767364358627, 10.920820052776982],
            [106.49642949722212, 10.921163452167812],
            [106.49021354958, 10.924481011055411],
            [106.48748904606916, 10.925867789064545],
            [106.47325112085394, 10.93297114865116],
            [106.46878754197822, 10.934870723883563],
            [106.46064975191864, 10.938812495233707],
            [106.4549420914596, 10.941929438233204],
            [106.44412430553243, 10.949888927047622],
            [106.44136858899068, 10.952078344821858],
            [106.42598909780361, 10.962811428539625],
            [106.41900617209653, 10.967979501381008],
            [106.41654919271893, 10.969870151792492],
            [106.41339220022432, 10.972670472088687],
            [106.40236031095083, 10.971448715797964],
            [106.391952790257, 10.970240280619349],
            [106.37313984960066, 10.967609419481523],
            [106.3615104964145, 10.983211783105551],
            [106.35619972957065, 10.99031960236975],
            [106.35090679584832, 10.997409597156691],
            [106.3483873916216, 10.995630404676179],
            [106.34526153386624, 10.993690723755105],
            [106.34359829160326, 10.995710641942184],
            [106.34487808063791, 10.99666048663257],
            [106.34440543442896, 10.997668200462593],
            [106.34359829160326, 10.999072830897521],
            [106.34278675069791, 10.999848696946419],
            [106.34213123279146, 11.000348154954725],
            [106.34150697474904, 11.00090103806993],
            [106.34065978328589, 11.001761634048728],
            [106.33933987101258, 11.002809537083792],
            [106.33796643477015, 11.00379057396092],
            [106.33664653989344, 11.004570892402427],
            [106.33547826714064, 11.005052498903579],
            [106.3347024162907, 11.005360142181662],
            [106.33355642944095, 11.00630995354253],
            [106.32596697759547, 11.009569575411525],
            [106.32363936278918, 11.010653073998009],
            [106.32119133634866, 11.012499187496314],
            [106.31732971687087, 11.015130010850926],
            [106.31130998653776, 11.019763057593003],
            [106.31037356214107, 11.019611451109432],
            [106.30895999785815, 11.01948211163941],
            [106.30751079035387, 11.019718456088036],
            [106.30668583245549, 11.020039525447396],
            [106.30339950503448, 11.02108298962647],
            [106.30230703791325, 11.021359410470499],
            [106.30066605828067, 11.021720590137976],
            [106.2992169099954, 11.022041614874805],
            [106.29805747310098, 11.022402819157868],
            [106.29743326038314, 11.022710538668075],
            [106.29693378383108, 11.023178735957037],
            [106.29666177527356, 11.023691536657314],
            [106.29580570054202, 11.024547670884713],
            [106.29550244279537, 11.024779538311252],
            [106.29508325279309, 11.025510816412242],
            [106.29442779869882, 11.02597908054113],
            [106.29366081503463, 11.026139590830887],
            [106.2931837079402, 11.026451690607253],
            [106.29239445871316, 11.026148487112716],
            [106.29115478059344, 11.02461899118399],
            [106.2908337496484, 11.024471861050847],
            [106.2900445095817, 11.024021515856246],
            [106.2896788506463, 11.024092813333553],
            [106.2886487771727, 11.024182024272557],
            [106.28788181540186, 11.02448972815076],
            [106.28756527951575, 11.024030387086007],
            [106.2877123676191, 11.022960268342928],
            [106.28740023206434, 11.022193245091898],
            [106.28645493840128, 11.021742930418762],
            [106.28459103374668, 11.022358280826085],
            [106.2836546429797, 11.021751818722745],
            [106.2813047055834, 11.01916108107877],
            [106.27894581616421, 11.016570334359772],
            [106.27816991188925, 11.016878045569124],
            [106.27709078045235, 11.018420875542388],
            [106.27555685775, 11.020271404477086],
            [106.27366620608392, 11.021823132351606],
            [106.27279667029816, 11.020262440788784],
            [106.27176668289245, 11.018510085454025],
            [106.27114237175456, 11.017190114841044],
            [106.27040214399567, 11.015522487254366],
            [106.27011679248727, 11.014590489442776],
            [106.27011230300799, 11.013881467802388],
            [106.27052255203778, 11.013399942882291],
            [106.2706919854, 11.01265078660106],
            [106.27182908717542, 11.01166976370764],
            [106.27258269898333, 11.010920618012884],
            [106.27430830373962, 11.009743440166517],
            [106.27516895664782, 11.009270758956006],
            [106.27832148281757, 11.007857220032243],
            [106.27945862758092, 11.00723298657244],
            [106.28074726170045, 11.006528455866547],
            [106.28169261847121, 11.00581944072277],
            [106.28251756439596, 11.005230836667966],
            [106.28307941313442, 11.003549730691828],
            [106.28328899559533, 11.002599995562376],
            [106.28385973625203, 11.000539911093322],
            [106.28426992342082, 10.999322507307207],
            [106.28539363219961, 10.997391782420527],
            [106.28600451789636, 10.996152105308084],
            [106.28650845733175, 10.995371742482208],
            [106.28672244339836, 10.994520064874438],
            [106.28711485653842, 10.993213546824167],
            [106.28721740490322, 10.991710831936985],
            [106.28659762564841, 10.990310708625818],
            [106.28578164273044, 10.988611735311492],
            [106.28476047891445, 10.987019847063115],
            [106.28334251368787, 10.985633097965396],
            [106.28150979647113, 10.984232966294616],
            [106.27866934211995, 10.983738016225074],
            [106.27674301366197, 10.982953184884318],
            [106.27522247258888, 10.982253125850011],
            [106.27430830373962, 10.98115172747136],
            [106.27337636040559, 10.979961122856286],
            [106.27245331064833, 10.980540813309148],
            [106.27015692843652, 10.982253108700114],
            [106.26831086261912, 10.983501630778083],
            [106.26552392787686, 10.983702286132106],
            [106.26352625479652, 10.984643159339017],
            [106.26119854935504, 10.984522803799],
            [106.25763130883536, 10.9841125431789],
            [106.25592793362406, 10.984611926533681],
            [106.25379200123011, 10.986310886397566],
            [106.25255686985003, 10.986779068887305],
            [106.2488156990142, 10.986221660018742],
            [106.2445928475247, 10.986172618263588],
            [106.23858650706096, 10.986212765846522],
            [106.23626770900859, 10.984041209435476],
            [106.23364137428315, 10.983247495778011],
            [106.23039062019726, 10.98152178383048],
            [106.22743876471137, 10.981031310234606],
            [106.22139667274172, 10.978061509465476],
            [106.21877466258934, 10.977258924555903],
            [106.21845805600402, 10.97725886868793],
            [106.21691075738474, 10.976933402802407],
            [106.21629541396278, 10.976933398588063],
            [106.21501123291392, 10.976839755833609],
            [106.21395883179255, 10.976750528746123],
            [106.21100694989126, 10.975947913482711],
            [106.20651220234615, 10.975439588776425],
            [106.20527700381247, 10.97496249102341],
            [106.20447436673906, 10.974458554428459],
            [106.20348000604035, 10.971667212809304],
            [106.19958716491789, 10.970503404190563],
            [106.198485747953, 10.970788716998268],
            [106.19741117442553, 10.970712950304115],
            [106.19718373035582, 10.970748656424595],
            [106.19570777366386, 10.970811062581609],
            [106.19447255246155, 10.971002747633067],
            [106.19373233893025, 10.970882372306924],
            [106.19310809163653, 10.970650484572998],
            [106.1923678831894, 10.970262594724797],
            [106.19158755730052, 10.969950472345666],
            [106.19119963936035, 10.969723030417994],
            [106.19093208233328, 10.96941087618432],
            [106.19053519028559, 10.968670683771705],
            [106.1903747104156, 10.968211377691668],
            [106.19014727440143, 10.967631714671981],
            [106.18939370373968, 10.966882585190657],
            [106.1887827535415, 10.966342994077781],
            [106.18850631422845, 10.965642922704046],
            [106.18805144674232, 10.965210430586962],
            [106.18739149582856, 10.964951756916829],
            [106.1864640858578, 10.964661938042722],
            [106.18569257884394, 10.964269548098011],
            [106.18496128343487, 10.96388156739784],
            [106.18438167001511, 10.963694290013285],
            [106.18271840969486, 10.963560556248447],
            [106.18174632612069, 10.963672049853011],
            [106.17957474938491, 10.963480311287364],
            [106.17771085261002, 10.962708843728961],
            [106.17662723732647, 10.962539412146063],
            [106.17460729877685, 10.962673165338897],
            [106.17273896147253, 10.96233877695241],
            [106.17259177838217, 10.96219163169699],
            [106.1694793303926, 10.96277132684677],
            [106.16621975304392, 10.962570603728805],
            [106.16481958987941, 10.963020953676168],
            [106.16403919302716, 10.963921737973585],
            [106.16293339678714, 10.96620924139059],
            [106.16275947809126, 10.968202450715664],
            [106.16397682243662, 10.97127031716547],
            [106.16380290282197, 10.97510069107718],
            [106.16409276893145, 10.976630154068875],
            [106.16426659905935, 10.976808510859527],
            [106.16410165337929, 10.976879872626977],
            [106.16535912087626, 10.983318806085656],
            [106.15951769035746, 10.984487111205883],
            [106.14795523347495, 10.977495207156226],
            [106.14634109494831, 10.975479758747811],
            [106.14780367187296, 10.971466561057607],
            [106.1494311929359, 10.967007452170849],
            [106.15010456721977, 10.957054686390856],
            [106.14845909363554, 10.954526442001004],
            [106.14835652680557, 10.954365852105244],
            [106.1487445401863, 10.952702628870753],
            [106.14929739775995, 10.9503348394792],
            [106.15171873658744, 10.94737396893718],
            [106.1566951241089, 10.945358508793005],
            [106.15737283066944, 10.940957400217785],
            [106.15204869711908, 10.931999069625798],
            [106.1420424433613, 10.915174818380393],
            [106.14641243334619, 10.91022966348697],
            [106.1655330418609, 10.888603064597984],
            [106.16845373472027, 10.879301344027468],
            [106.19244372593121, 10.802809976605985],
            [106.1971078858048, 10.787943349944298],
            [106.19710348771929, 10.787809517127616],
            [106.19688492991939, 10.779493301372863],
            [106.15272647744732, 10.806172091954673],
            [106.11713392092044, 10.806056175959464],
            [106.09921280925786, 10.805998207693953],
            [106.09310386004924, 10.805980388640426],
            [106.08279885134033, 10.805944685639433],
            [106.07130775182212, 10.812138428280388],
            [106.0638164733806, 10.816958721484072],
            [106.04033039524337, 10.832066108208325],
            [106.03309770280381, 10.836721441535609],
            [106.03256705715658, 10.83700680598415],
            [106.01008434379268, 10.848970528252353],
            [105.9765028363542, 10.88926749056465],
            [105.95951366727743, 10.900629225007156],
            [105.95910783489936, 10.901101942317991],
            [105.9445979473768, 10.918108936011688],
            [105.94390682313886, 10.910109309008064],
            [105.95161214930643, 10.897467735719488],
            [105.9521025892936, 10.891144774572812],
            [105.95585717302752, 10.885517376315043],
            [105.95615596158432, 10.883934395078517],
            [105.94930671288031, 10.876460896837264],
            [105.94920864415502, 10.876349444594009],
            [105.94864676691451, 10.875738566643802],
            [105.94519100748651, 10.872871326595043],
            [105.94124023666586, 10.873366340207449],
            [105.9326475901906, 10.867538273600442],
            [105.93007913145051, 10.864773585200968],
            [105.92879487034787, 10.859538618468832],
            [105.93215262920943, 10.850945986597992],
            [105.93620145164859, 10.845710947452456],
            [105.93647788979571, 10.841122564945875],
            [105.9365002092357, 10.840774738162013],
            [105.9346229652948, 10.837711317918336],
            [105.93403881215535, 10.837769308478732],
            [105.9047648086333, 10.84064984394658],
            [105.90418065829996, 10.840707869084797],
            [105.89708173667152, 10.843463603497943],
            [105.84978853330782, 10.861812748670664],
            [105.84916871661203, 10.868010895765755],
            [105.86435643162007, 10.895902565199787],
            [105.84916871661203, 10.924106438682044],
            [105.82909388242227, 10.948167703638097],
            [105.81152943288814, 10.96921472345973],
            [105.8094024518384, 10.971765312366694],
            [105.80868011690136, 10.973129817181041],
            [105.79988226094008, 10.989717667100374],
            [105.79176669560708, 11.005021267032344],
            [105.77977175136039, 11.032239630920133],
            [105.76861949956185, 11.030228601035533],
            [105.75344967379827, 11.024931150349166],
            [105.74888357801865, 11.025479602601326],
            [105.74211904197826, 11.026942214347867],
            [105.72822899619003, 11.02474828948018],
            [105.71287630470736, 11.01780105002063],
            [105.70135840677956, 11.009212802094002],
            [105.69823257242241, 11.004232048536817],
            [105.69412136361736, 11.00123105818945],
            [105.66661756408546, 10.987002081499693],
            [105.64243589627517, 10.981945445278404],
            [105.62970958126854, 10.978217601740871],
            [105.61485185833548, 10.973870020859643],
            [105.61382624593539, 10.973566786282033],
            [105.57193750162322, 10.962031073552026],
            [105.552339759244, 10.959186205339778],
            [105.53811074288083, 10.9520694305916],
            [105.50460059463803, 10.948907980094802],
            [105.50159964410511, 10.951440736640567],
            [105.5000522864946, 10.952056093854498]
          ]
        ]
      },
      "id": "000000000000000000c6",
      "properties": {
        "ADM0_CODE": 264,
        "ADM0_NAME": "Viet Nam",
        "ADM1_CODE": 3362,
        "ADM1_NAME": "Long An",
        "DISP_AREA": "NO",
        "EXP1_YEAR": 3000,
        "STATUS": "Member State",
        "STR1_YEAR": 1000,
        "Shape_Area": 0.369895010217,
        "Shape_Leng": 4.56872470285
      }
    },
    {
      "type": "Feature",
      "geometry": {
        "type": "Polygon",
        "coordinates": [
          [
            [106.71429677145846, 10.20820222323419],
            [106.71950500119436, 10.216839508575372],
            [106.72405323717533, 10.214462776593512],
            [106.73373841384239, 10.209896677112578],
            [106.74501991847502, 10.202351878700368],
            [106.74562196280158, 10.202012973876412],
            [106.7457958270274, 10.20191489178562],
            [106.74727178859979, 10.20222253867849],
            [106.74790947614659, 10.20235628412168],
            [106.74860953067085, 10.202499052015149],
            [106.7510531243109, 10.203007361015883],
            [106.75131617692719, 10.203060898298903],
            [106.75316232368083, 10.203444311853497],
            [106.7539738087508, 10.203609354515306],
            [106.7545713775572, 10.203734209306804],
            [106.7558912543453, 10.204006166755802],
            [106.75662697250772, 10.204478865980414],
            [106.75683216406188, 10.20461259414985],
            [106.75701944651831, 10.20473298562426],
            [106.75757679500086, 10.205089773982428],
            [106.75787108420215, 10.205281459535824],
            [106.76382840919847, 10.209102917991842],
            [106.76393100826833, 10.209169820086753],
            [106.76459988336157, 10.209597893866277],
            [106.7647203026913, 10.209678136280415],
            [106.765197390675, 10.209999264007235],
            [106.76541591009226, 10.2101463964545],
            [106.76871118725705, 10.212375961209643],
            [106.76902772146758, 10.212915474976647],
            [106.76931311564871, 10.21340595520104],
            [106.77020494106584, 10.213825096636509],
            [106.77329067189201, 10.215283248658338],
            [106.77336645441335, 10.215314501888676],
            [106.77387929215128, 10.215559703215927],
            [106.77442777242462, 10.215818378398557],
            [106.77446341378861, 10.215831688562009],
            [106.77547559489734, 10.216308846894693],
            [106.77682223669531, 10.21694649734608],
            [106.77785233944235, 10.217428064894326],
            [106.78083097865813, 10.220348815029475],
            [106.78092908523547, 10.220446895718801],
            [106.78107183488265, 10.220794676876187],
            [106.7811118876058, 10.220888386994641],
            [106.78145976155906, 10.221735580839148],
            [106.78194579593097, 10.222917273196447],
            [106.78199034913453, 10.223028740049955],
            [106.78203049202858, 10.22342113651373],
            [106.78231590281239, 10.2262972257775],
            [106.78238718806023, 10.227024086073866],
            [106.7822177956271, 10.227354082833552],
            [106.7820617242852, 10.227657297271445],
            [106.7809112640375, 10.22990463952556],
            [106.77500298513226, 10.237917664565567],
            [106.77463289035221, 10.238417044977043],
            [106.77443668276509, 10.238680161858309],
            [106.77384356087727, 10.239482799718067],
            [106.77333081322433, 10.240182888941428],
            [106.77304991405242, 10.240561926498694],
            [106.77276001495699, 10.240954319401855],
            [106.77229182106211, 10.241319957721387],
            [106.771845948742, 10.241672203076428],
            [106.76948258830423, 10.243522755052606],
            [106.76837224324613, 10.244405653342799],
            [106.76832319270832, 10.244445804347967],
            [106.76435013495895, 10.24762067984823],
            [106.76144281414001, 10.249038642221292],
            [106.75687671225324, 10.250608254581707],
            [106.75309986726158, 10.253524484661463],
            [106.7479005668668, 10.258634674179673],
            [106.74774442954698, 10.258790726736043],
            [106.74847580109783, 10.260623356757918],
            [106.74913122076373, 10.261265542718675],
            [106.74917585740607, 10.261310094692286],
            [106.75008101125293, 10.261756019419332],
            [106.75216347304955, 10.263187377455369],
            [106.75762584317407, 10.266941905369405],
            [106.75808959643561, 10.267263031331648],
            [106.75843743451485, 10.267499352505004],
            [106.7588877798881, 10.267905091604879],
            [106.7611841594629, 10.269983038708482],
            [106.7669230519032, 10.274963902771345],
            [106.769099092479, 10.276850045421602],
            [106.77632730303978, 10.281906655235764],
            [106.77830272399541, 10.285130650190382],
            [106.78173176066454, 10.29065540989021],
            [106.78269492097525, 10.29491387747205],
            [106.7832879763296, 10.297544745595507],
            [106.78357779906544, 10.298842386760114],
            [106.78343954817322, 10.299832245480534],
            [106.78329238667278, 10.300875706622312],
            [106.78318095802913, 10.301678379780352],
            [106.78273947432793, 10.328415093069307],
            [106.78273506399564, 10.328762890825967],
            [106.78277961735631, 10.329944609032777],
            [106.78293568919877, 10.333926574412814],
            [106.78321219044629, 10.341061094925879],
            [106.7832567439019, 10.342229422786806],
            [106.7832567439019, 10.342256200738369],
            [106.78328347597953, 10.343763363995931],
            [106.78334594084676, 10.347232539062073],
            [106.78351542414062, 10.35713619989225],
            [106.78364467436491, 10.364676522809894],
            [106.78369822862317, 10.367788948987888],
            [106.7838141578849, 10.374263598834306],
            [106.78385430110598, 10.377326977595146],
            [106.7838854436098, 10.37944950659285],
            [106.78406383803598, 10.392318527886799],
            [106.78441612694188, 10.406083712217495],
            [106.78444735953128, 10.407202996053398],
            [106.7844473595313, 10.407260892866795],
            [106.7844473595313, 10.40727429184912],
            [106.78441612694188, 10.407528478940696],
            [106.7843046077316, 10.408518379943848],
            [106.78199925977631, 10.410605283472185],
            [106.7816336537353, 10.411568402356496],
            [106.77830272399541, 10.414805744645701],
            [106.77382574024399, 10.419157780331972],
            [106.76751165537519, 10.425605701883084],
            [106.75867376672548, 10.43589280092203],
            [106.75132958604941, 10.445774226823003],
            [106.74640678267674, 10.45302022732719],
            [106.74221516936137, 10.460400034902593],
            [106.74807893251571, 10.466437693863822],
            [106.74969313914922, 10.467623806230673],
            [106.74945672648433, 10.467993878043465],
            [106.74899299121846, 10.469269215622939],
            [106.74864075824762, 10.469380706182255],
            [106.74574237186273, 10.476822893763154],
            [106.74305793123692, 10.482392337424134],
            [106.74003471221808, 10.48855926606994],
            [106.73758665042344, 10.492389648140836],
            [106.7361998413487, 10.495060636026977],
            [106.73407730506419, 10.495421802807991],
            [106.73161140183431, 10.493682797109267],
            [106.7265146469739, 10.48937970287018],
            [106.72120835166461, 10.48566082304104],
            [106.71575929604025, 10.481250792592054],
            [106.71280744298963, 10.47870015742483],
            [106.70878526263549, 10.474629001488058],
            [106.70619007659714, 10.471962483550469],
            [106.70310887836528, 10.468239119051017],
            [106.699800181066, 10.464533601089252],
            [106.69860965963915, 10.462901605365753],
            [106.69635783549847, 10.459071222049744],
            [106.695051269833, 10.456279809279694],
            [106.69290195832531, 10.452681344055645],
            [106.69077498027299, 10.448962460226864],
            [106.68815751469246, 10.444779811101066],
            [106.68557570739146, 10.441591561559397],
            [106.68224919106967, 10.43990153763198],
            [106.67930615464472, 10.439090026865276],
            [106.6760109508158, 10.438389897340562],
            [106.67141800814386, 10.43851034721317],
            [106.66871585125449, 10.439678609498472],
            [106.66779276965927, 10.440017515661518],
            [106.6659065863082, 10.440842420152753],
            [106.66461792411936, 10.441649527696987],
            [106.6632222193411, 10.443049644268886],
            [106.66216098591529, 10.44444088769122],
            [106.66204943841068, 10.44479322764893],
            [106.66146975213545, 10.44584106348359],
            [106.66042193082107, 10.44944404231355],
            [106.66008747105937, 10.451878685461816],
            [106.66021673906677, 10.456181767707925],
            [106.66108626406331, 10.462919477989335],
            [106.66121112475498, 10.46361061718963],
            [106.66145194057037, 10.466981635320776],
            [106.66123793203097, 10.469889000121409],
            [106.66101052007625, 10.471173263033782],
            [106.65973520038561, 10.47499910770728],
            [106.65904847211239, 10.47779052084343],
            [106.65857584167529, 10.478602121390384],
            [106.65775985042544, 10.479770357500026],
            [106.65564616752802, 10.481389060497836],
            [106.65107560189522, 10.483480372016901],
            [106.64901550544917, 10.483658688727662],
            [106.64789632228775, 10.483600782611918],
            [106.64495770681593, 10.48290962564504],
            [106.6436601735181, 10.48256180220235],
            [106.64235806054033, 10.48186168555146],
            [106.64070821292887, 10.48070230159289],
            [106.63964690933585, 10.479650022621886],
            [106.63810852754776, 10.477331275206735],
            [106.63739065575557, 10.47594002641452],
            [106.6365523471322, 10.472680390353778],
            [106.63642300323589, 10.470241279029393],
            [106.63606186613099, 10.468618129636873],
            [106.63558020101473, 10.466870169926315],
            [106.63510762156433, 10.465126721384513],
            [106.63437626776701, 10.462919423785618],
            [106.63401954142499, 10.461653078200545],
            [106.63353797078832, 10.459668788166104],
            [106.63246779765791, 10.457109244377154],
            [106.63140203711174, 10.455142758577805],
            [106.63022043328571, 10.453631124150398],
            [106.62819597243251, 10.45153978703563],
            [106.62737991534456, 10.451419387173413],
            [106.6253644752788, 10.450380444109443],
            [106.62420062294849, 10.450028145490052],
            [106.61960778454721, 10.448868776177664],
            [106.61701257941132, 10.44771387189135],
            [106.61583087424981, 10.446893451956303],
            [106.61229038432697, 10.444802139565716],
            [106.6107564238844, 10.443990575423477],
            [106.60544565571907, 10.440851307691615],
            [106.6027300205587, 10.439339684131289],
            [106.6014324705731, 10.438412233566067],
            [106.60060302474177, 10.437707662175818],
            [106.59883280754207, 10.436900610446552],
            [106.59646501639855, 10.43642791965098],
            [106.59188994466281, 10.436659792496448],
            [106.58837170029929, 10.436771256075358],
            [106.5868244212265, 10.436311970946285],
            [106.58493822343499, 10.435148161595638],
            [106.58410434494363, 10.433979860492084],
            [106.58397503246859, 10.432472705151206],
            [106.58444327349014, 10.43096104662796],
            [106.58525035542753, 10.428869730370673],
            [106.58547777772681, 10.427951174297753],
            [106.58687792743643, 10.425262341098334],
            [106.58698943621926, 10.42375070093549],
            [106.58780093413685, 10.422011649137794],
            [106.58814877128373, 10.421431960993207],
            [106.58872844116155, 10.419572539425804],
            [106.58860802868935, 10.418872468806354],
            [106.58812646940218, 10.418060894612761],
            [106.58753789840564, 10.417820111862392],
            [106.5866014938163, 10.41794050240696],
            [106.58518794697788, 10.417820076447654],
            [106.58458598513953, 10.417592660678425],
            [106.58058173190707, 10.415380935936165],
            [106.57705009455283, 10.414560486435407],
            [106.57610474353365, 10.414328615983797],
            [106.57457526739364, 10.413980779592166],
            [106.57209606272528, 10.413160353285303],
            [106.57055762324664, 10.41280807543309],
            [106.56891668727141, 10.41351257512711],
            [106.56774837442055, 10.414319667567579],
            [106.56681646223959, 10.414440076260664],
            [106.56468946252535, 10.414212693913791],
            [106.56221019254052, 10.412928419607343],
            [106.56104191632537, 10.412692121180607],
            [106.5605603290665, 10.412808072091826],
            [106.55961496096873, 10.413160326492086],
            [106.55857159019212, 10.414203726166344],
            [106.55845560047744, 10.415251606461421],
            [106.55882128299321, 10.417231516995852],
            [106.55936976298324, 10.420129916645667],
            [106.5594098650181, 10.422279173012578],
            [106.55905757879002, 10.423541117100248],
            [106.55845560047744, 10.424361605753775],
            [106.55757273199289, 10.424669239290512],
            [106.55628408683727, 10.425128514385252],
            [106.55487946168826, 10.42524894760091],
            [106.55310027111561, 10.425012574832012],
            [106.5500412992513, 10.424548902363432],
            [106.5494482475305, 10.424660339910606],
            [106.54917177234515, 10.425489726391051],
            [106.54913167223422, 10.4271217346473],
            [106.54876600632409, 10.42800025357161],
            [106.54811946161878, 10.42890092872486],
            [106.54715185102653, 10.42931119355504],
            [106.54596567540607, 10.429181885825008],
            [106.54487768673259, 10.428031408541392],
            [106.5439278927185, 10.427219868684809],
            [106.54263474472928, 10.425712711998244],
            [106.54038292557732, 10.422319350704516],
            [106.5387196551511, 10.421289288726314],
            [106.53801515166312, 10.421173306242292],
            [106.53732845181084, 10.42194924540245],
            [106.53607984692061, 10.42447308383617],
            [106.53501861045302, 10.426399367638808],
            [106.53351586048969, 10.428419351929163],
            [106.53098310129509, 10.43255296476503],
            [106.53031872000919, 10.433190624653555],
            [106.52951607107394, 10.433030046234071],
            [106.52819172494513, 10.432441501157607],
            [106.52654185529092, 10.431670043874613],
            [106.52488750344979, 10.43070243425395],
            [106.52440590806903, 10.430122765025034],
            [106.52262679255895, 10.428642347167534],
            [106.52150754866248, 10.427170811689907],
            [106.5208208123007, 10.425351547808267],
            [106.51979075687933, 10.424651427688643],
            [106.51756120477583, 10.424183223516716],
            [106.51579095658099, 10.42476287698204],
            [106.51473413661112, 10.425338099588927],
            [106.51391815222595, 10.42603818847266],
            [106.51209885188771, 10.427442809006353],
            [106.51088590379213, 10.427630138070102],
            [106.51039094601755, 10.426622343526757],
            [106.5099093835989, 10.42569037850284],
            [106.50953479585637, 10.424370546882725],
            [106.50908442846276, 10.423371687367954],
            [106.50839332762925, 10.422560116980954],
            [106.50788938638023, 10.422082968047043],
            [106.50578473000229, 10.422198902891006],
            [106.5050266705048, 10.421570159667919],
            [106.5039966020808, 10.420571377041252],
            [106.5028238817225, 10.419630465980932],
            [106.50199005508122, 10.418591524415804],
            [106.50025993822977, 10.417151251448137],
            [106.49916292546682, 10.416589380959406],
            [106.49852534110538, 10.41633077554661],
            [106.49813288565254, 10.415951759170087],
            [106.49683974740499, 10.416353042989877],
            [106.49638940708492, 10.416544800695407],
            [106.49566706681541, 10.415719853500502],
            [106.49460576324519, 10.414948448144669],
            [106.49397259713139, 10.414961822774874],
            [106.49331705108477, 10.414578342923043],
            [106.49175194651497, 10.414212673204839],
            [106.49096715144258, 10.413311907429112],
            [106.49067726968185, 10.412152546313024],
            [106.49002622816137, 10.411523845829006],
            [106.48858599807824, 10.410890616975284],
            [106.48793046879366, 10.40998992793404],
            [106.4868914954622, 10.409749085632662],
            [106.48635641586044, 10.408968769585167],
            [106.48545119694053, 10.408598647194891],
            [106.48504546310312, 10.408210703865866],
            [106.48503207048425, 10.40705132514205],
            [106.48541110889252, 10.407051354516781],
            [106.48567419808242, 10.406658975216683],
            [106.48565631124289, 10.406012390720754],
            [106.48488043733546, 10.405249885979751],
            [106.48499198251608, 10.404728178591833],
            [106.48486264044669, 10.404201994456713],
            [106.48342676006278, 10.403711522495735],
            [106.48187952565566, 10.40450966879898],
            [106.48123740964168, 10.404647925689156],
            [106.47992639890887, 10.403880975216605],
            [106.47965882285669, 10.403109547029619],
            [106.47989521014759, 10.401691549761921],
            [106.480002168743, 10.399751799137487],
            [106.47931547753129, 10.397941383361298],
            [106.47891865372439, 10.397571283155084],
            [106.47840139074772, 10.397442019612336],
            [106.47725092335838, 10.398231230316826],
            [106.4749233134108, 10.398387310719247],
            [106.4740225477782, 10.398779757135939],
            [106.47363463193916, 10.399051703709373],
            [106.47130697220514, 10.398940284426008],
            [106.47000042743166, 10.398311501236826],
            [106.4693538539058, 10.398320426332948],
            [106.46830149099897, 10.397419669802396],
            [106.46765941650642, 10.397183394619066],
            [106.46623246152079, 10.397580240715236],
            [106.46470746298813, 10.399270240133704],
            [106.46407429706753, 10.399930209668682],
            [106.46330290673666, 10.400581207319847],
            [106.46240210114097, 10.400848767335823],
            [106.46084594456087, 10.400741758083187],
            [106.46019041200807, 10.40049200245827],
            [106.46015922618099, 10.39868160772347],
            [106.46022159783982, 10.39695147668438],
            [106.45999871361133, 10.39652789481262],
            [106.45961963122257, 10.395827792117554],
            [106.45839781866505, 10.394298369113514],
            [106.45596320203994, 10.394650587188837],
            [106.45580269268874, 10.394842350441232],
            [106.45526310896432, 10.396469870290684],
            [106.45464327241665, 10.397879022285613],
            [106.45413047297296, 10.398900135245581],
            [106.4539253894956, 10.399212264796375],
            [106.45368013436546, 10.399698268985073],
            [106.45350623616056, 10.399890004027265],
            [106.45197234342785, 10.398802015842964],
            [106.45105819616354, 10.398329339563453],
            [106.45008168424461, 10.397941421652865],
            [106.44975168787471, 10.39790124218241],
            [106.44850315240471, 10.398231288881934],
            [106.4478610487871, 10.398521103971692],
            [106.44775401673155, 10.398806480289824],
            [106.44818205541539, 10.401281275608534],
            [106.44825790363812, 10.402271175288652],
            [106.44835594918965, 10.403149682485749],
            [106.44851645282243, 10.403800715386769],
            [106.44877509219457, 10.404340258009904],
            [106.4489668701707, 10.404460650507849],
            [106.44917194878232, 10.404380322282352],
            [106.45009498476283, 10.403818484233975],
            [106.45291758956377, 10.401829717432653],
            [106.45411708232784, 10.401040472411557],
            [106.45459869674038, 10.400920053997908],
            [106.45526760249392, 10.40133029514758],
            [106.45681041665267, 10.402471879286528],
            [106.45953937512921, 10.40437147559842],
            [106.45935657469101, 10.404879739017083],
            [106.45732322266662, 10.406587590607536],
            [106.45629320821499, 10.407889659507662],
            [106.45514717593404, 10.409441441399217],
            [106.45162895358646, 10.413048827185692],
            [106.45021091499119, 10.411938507618332],
            [106.4495153345859, 10.4115104910813],
            [106.44898026048583, 10.411309788962134],
            [106.44859230116661, 10.411269680051847],
            [106.4472501310408, 10.411399001235793],
            [106.44671056939849, 10.411550567270936],
            [106.44628244386429, 10.411773569653244],
            [106.44603719770589, 10.412192735892967],
            [106.44589457942381, 10.413191496500577],
            [106.44581423873313, 10.413392196603056],
            [106.44519002676928, 10.413521537789038],
            [106.44352678868732, 10.41380239827931],
            [106.44145324147277, 10.414391066139666],
            [106.44042770862102, 10.414658591655993],
            [106.44024483503999, 10.414529266433856],
            [106.44005755828096, 10.413869348425997],
            [106.43939759776087, 10.412063417828701],
            [106.43909439764492, 10.411291966938956],
            [106.43850138837868, 10.411318675209031],
            [106.43749357304571, 10.411608601152551],
            [106.43633425445374, 10.41206336429753],
            [106.43521052764449, 10.412580628146562],
            [106.43453278986365, 10.413048829883783],
            [106.43174583883143, 10.414734377005978],
            [106.43107691862448, 10.414440074175543],
            [106.42973477139974, 10.413512620025516],
            [106.42942709237722, 10.413120179265446],
            [106.42935125100581, 10.412701006960807],
            [106.42942709237722, 10.412130242260215],
            [106.42930668073409, 10.411559495535366],
            [106.42904806551525, 10.410939664710234],
            [106.42854862813942, 10.410061245220763],
            [106.4280402959351, 10.409401323643234],
            [106.42781735621756, 10.40928982567351],
            [106.42754984684366, 10.409321071951567],
            [106.42697007964017, 10.409579666044726],
            [106.42665800165189, 10.409771385037608],
            [106.4266580016519, 10.410346615137975],
            [106.42604265316413, 10.41067658029387],
            [106.42502591239133, 10.41109128183682],
            [106.42480297590559, 10.411269636790692],
            [106.42495905837777, 10.411773578345533],
            [106.42595791708833, 10.413271774134508],
            [106.42616306291767, 10.413659740593605],
            [106.42617636190964, 10.41400308723572],
            [106.42614068826416, 10.414230537057522],
            [106.42494126658745, 10.415122332179509],
            [106.42401816230353, 10.415849128048048],
            [106.42325572600551, 10.417102199816766],
            [106.42266707497996, 10.418279410329808],
            [106.42236389923609, 10.41880109014731],
            [106.4219135394042, 10.420161137306636],
            [106.4215612134885, 10.420798747865309],
            [106.42054898742252, 10.42167278962821],
            [106.42025021768903, 10.422109756210036],
            [106.42008084015133, 10.422778640109055],
            [106.42035723561034, 10.423853253487435],
            [106.42024132199528, 10.42453997875459],
            [106.42025920323866, 10.425039400519443],
            [106.42091910306578, 10.42656885279399],
            [106.42115102097297, 10.427487414639204],
            [106.42092799878859, 10.42766134859294],
            [106.42031266726697, 10.427732654338328],
            [106.41967945637346, 10.427888749145641],
            [106.41940306181654, 10.428111718775739],
            [106.41886348247542, 10.428771654859128],
            [106.41837296518712, 10.429262144676045],
            [106.41794040519876, 10.429418240556027],
            [106.41530507945318, 10.429431603960664],
            [106.41452919719434, 10.429529720695841],
            [106.41448013745247, 10.430430431187272],
            [106.4145425852944, 10.430778242902088],
            [106.41458715239885, 10.431277638277509],
            [106.41478788419363, 10.43195097766991],
            [106.41520704946738, 10.432851675087422],
            [106.41557266291318, 10.433373430388553],
            [106.41662053672182, 10.433921865407662],
            [106.41760156417564, 10.434341053953714],
            [106.41879213770163, 10.43450155700113],
            [106.42104400264267, 10.434439124978798],
            [106.42617195886491, 10.433480412384528],
            [106.42736249164223, 10.43331995910239],
            [106.42724657412009, 10.434742389893938],
            [106.42730012980446, 10.43599983024808],
            [106.42740715135598, 10.436191588825883],
            [106.42783964119269, 10.436343216465467],
            [106.42868683145305, 10.436459138706764],
            [106.43033674169092, 10.436423426914585],
            [106.43073356318446, 10.436450225684405],
            [106.43091642841635, 10.436539390324656],
            [106.43170126804688, 10.437270680903739],
            [106.432615330481, 10.437872625786689],
            [106.43327976257487, 10.438171398154982],
            [106.4342117143817, 10.43855040630249],
            [106.43525069594337, 10.438822442937932],
            [106.43554050101376, 10.439214895438248],
            [106.43560735842678, 10.44007995605463],
            [106.43557168316474, 10.440802336137384],
            [106.43564752680216, 10.44106981353074],
            [106.43579912429763, 10.441221441003991],
            [106.43620934569651, 10.441043093082241],
            [106.43641450163008, 10.441221486578169],
            [106.43669091879212, 10.441301750182639],
            [106.43695852977493, 10.440989533100106],
            [106.43730189547823, 10.440717583859296],
            [106.43749806619286, 10.440949480767287],
            [106.43765415818521, 10.441448899713174],
            [106.43797514910912, 10.442670685990379],
            [106.43810446222182, 10.442902538281492],
            [106.43831851648736, 10.443170041137192],
            [106.43883577027152, 10.443286028467977],
            [106.43921032176286, 10.444432007460822],
            [106.43939759776086, 10.444811050459231],
            [106.43959826364025, 10.445042880606175],
            [106.44005755828096, 10.445042915348928],
            [106.44117681799594, 10.444650493300045],
            [106.44217566463632, 10.444418620368861],
            [106.44310756635443, 10.445827700114757],
            [106.4452346004382, 10.448543275826268],
            [106.44600601399002, 10.449230003290943],
            [106.44679082056714, 10.449689294132359],
            [106.4474195306781, 10.450491926197746],
            [106.4476024105469, 10.450598976217721],
            [106.44790562302627, 10.45055881074613],
            [106.44844959127171, 10.450411660944567],
            [106.44964465485033, 10.450081720634573],
            [106.4503804068982, 10.449952396336569],
            [106.4509957373684, 10.449992497497988],
            [106.45237810315368, 10.450260023219386],
            [106.45304250832133, 10.45061234808851],
            [106.45339030410432, 10.451049302489059],
            [106.45234682862187, 10.452222094489747],
            [106.4516066660685, 10.453782758961264],
            [106.45096005947508, 10.454050277381],
            [106.44966694215903, 10.45418851755674],
            [106.44863687556183, 10.454460492152931],
            [106.44811959748012, 10.454460561028672],
            [106.44670167257429, 10.455000095918937],
            [106.44555119957408, 10.45590975452505],
            [106.44505181250972, 10.457082488109116],
            [106.44441412293693, 10.457358913069045],
            [106.44351339872196, 10.458130385901601],
            [106.44274199438385, 10.458273048624113],
            [106.44156476353187, 10.458148172184842],
            [106.44094047441651, 10.458933023517892],
            [106.44056142660389, 10.460101302119979],
            [106.44087361529283, 10.461911655495806],
            [106.44075769025015, 10.463842490269176],
            [106.44066405161932, 10.466040830463045],
            [106.44003086866057, 10.466950492023862],
            [106.43887144609236, 10.4669683398346],
            [106.43797514910912, 10.467231424673457],
            [106.43744450788508, 10.467748605976361],
            [106.43641450163008, 10.46789133842284],
            [106.43463082896335, 10.469581336505462],
            [106.43295419597561, 10.469871134379906],
            [106.431290965668, 10.47078971978104],
            [106.43090753226622, 10.471440758481398],
            [106.4302653929791, 10.47171276072546],
            [106.42938252208926, 10.47301036741611],
            [106.42849066903977, 10.473670320518014],
            [106.42825433985487, 10.473728287844697],
            [106.42578844504031, 10.473902183671756],
            [106.42460681715596, 10.474218789286564],
            [106.42357678457945, 10.475141868694427],
            [106.4234697649997, 10.475792898158597],
            [106.42347866083168, 10.476689102123508],
            [106.42311303346519, 10.477852938562668],
            [106.42195810809105, 10.478767069119453],
            [106.42041968522045, 10.479311102869307],
            [106.42002728632728, 10.479311058058132],
            [106.41771747631702, 10.480760313654178],
            [106.41644217676058, 10.481799309712768],
            [106.4167097616869, 10.48351157653058],
            [106.41665620873246, 10.485121326024808],
            [106.41658037202195, 10.48570099290003],
            [106.41666959696978, 10.48682019186052],
            [106.4168301660309, 10.487703146182422],
            [106.41687024092506, 10.488202507781144],
            [106.4152605121945, 10.488568153051498],
            [106.41390049658213, 10.488429921893292],
            [106.41324502184028, 10.488412079467242],
            [106.41282586053137, 10.488639567306038],
            [106.41156838168821, 10.489892519486622],
            [106.41114032846502, 10.490021889999705],
            [106.4108415722786, 10.489901487905634],
            [106.41060517332765, 10.489740898377804],
            [106.4091783393182, 10.48962946955007],
            [106.40827758801997, 10.489901420165499],
            [106.40688185803306, 10.491328362672009],
            [106.40415736341362, 10.491622654543734],
            [106.40286867009192, 10.492019540887624],
            [106.40239157796695, 10.490601559754687],
            [106.40180298616595, 10.488991783701108],
            [106.40093784640978, 10.48683804346516],
            [106.40033587156148, 10.485451242428724],
            [106.39996130033478, 10.484621879946229],
            [106.39834712084206, 10.484711029067528],
            [106.39707185068485, 10.485758959303029],
            [106.39646099241752, 10.485741124299453],
            [106.39605516214723, 10.485397724838306],
            [106.39583665921903, 10.484898356449518],
            [106.39579209615019, 10.484131371740915],
            [106.39554681975378, 10.483359951119988],
            [106.39499840794105, 10.482320994083553],
            [106.39392818252709, 10.480060195703487],
            [106.39369180289643, 10.479141653231425],
            [106.39344212664372, 10.478102679513585],
            [106.39321023975738, 10.477830647571398],
            [106.39267072865611, 10.477291148467604],
            [106.39230955798195, 10.4771706851603],
            [106.39172979951151, 10.47734014522866],
            [106.39080684319714, 10.477670104989834],
            [106.39057936155811, 10.477500734614548],
            [106.39032519694274, 10.47700127386707],
            [106.39010670007565, 10.476769410775107],
            [106.38967869125786, 10.47658214621792],
            [106.38935759538482, 10.4762833767807],
            [106.38870210855004, 10.475841917519391],
            [106.38846582474368, 10.475810728944797],
            [106.3875873544706, 10.476051519791543],
            [106.38475135309248, 10.476849691325715],
            [106.38398888172281, 10.477509581790253],
            [106.38387289863792, 10.47816061365349],
            [106.3836053561859, 10.478673434254793],
            [106.38257534793884, 10.479070294217905],
            [106.38181279477814, 10.479212957911574],
            [106.38014952591296, 10.480131598632825],
            [106.37885199865708, 10.480020121133496],
            [106.37806717965738, 10.480671103970504],
            [106.37798246322485, 10.482218426490093],
            [106.37644400809336, 10.483658702252042],
            [106.37554330971194, 10.484309762976375],
            [106.37491014608328, 10.485099018990333],
            [106.37426800085117, 10.485491363721932],
            [106.37245764360398, 10.486030964650206],
            [106.37181999774795, 10.486160272908752],
            [106.370665089407, 10.486811289359476],
            [106.36942987647883, 10.487538104207198],
            [106.37091922977272, 10.48954919785849],
            [106.37172630044653, 10.490869105702279],
            [106.37256014504533, 10.492081954234935],
            [106.37316212868637, 10.493138730479956],
            [106.3736258576228, 10.49410193665553],
            [106.37219451787666, 10.495029433364378],
            [106.37048218759195, 10.49613976432367],
            [106.36898843563664, 10.497299077755303],
            [106.36860044639138, 10.49759784493894],
            [106.36988021179452, 10.499640138617648],
            [106.37061154838733, 10.501031344653214],
            [106.37077208165418, 10.501749322385534],
            [106.3708567951186, 10.502551919946075],
            [106.37164158662397, 10.505508295190792],
            [106.37169063619247, 10.50578035363939],
            [106.37156136455269, 10.506168228142593],
            [106.37137406006238, 10.506368875993033],
            [106.36997390825485, 10.5076308802277],
            [106.36915786113065, 10.508281894831722],
            [106.36775772441551, 10.509472431718734],
            [106.36686586763362, 10.510159147362408],
            [106.36651812718337, 10.510720982219908],
            [106.36650025059126, 10.51110003298357],
            [106.3666741656438, 10.51152812953221],
            [106.36698184113602, 10.512192490625912],
            [106.36750798975322, 10.513441056758674],
            [106.36786031334672, 10.514270399509021],
            [106.36852911897378, 10.515929246737056],
            [106.36878334653245, 10.516379589269356],
            [106.36901960776106, 10.517101992897633],
            [106.36900182078459, 10.517601355784741],
            [106.36886805917749, 10.51784219023537],
            [106.3682348262632, 10.518288054501276],
            [106.36789597693637, 10.518497641553099],
            [106.36670533741722, 10.519322582315457],
            [106.36518924485534, 10.520539938374334],
            [106.36451595853664, 10.520999216649967],
            [106.36337438619024, 10.521721629278606],
            [106.36271449055964, 10.522091684459621],
            [106.36231312844994, 10.522287903006383],
            [106.36170228341462, 10.52247964990758],
            [106.36107796573471, 10.52309051584368],
            [106.36089965376756, 10.523291241068048],
            [106.36067220517586, 10.52334023507944],
            [106.35958868378938, 10.522510828916765],
            [106.35933895906139, 10.522252269656338],
            [106.35922298987558, 10.521480806408967],
            [106.35904908113419, 10.521222152420231],
            [106.35881723298456, 10.521119626588101],
            [106.35851397132924, 10.521168711691864],
            [106.35800123019006, 10.52172158212273],
            [106.35605699354893, 10.522114010397374],
            [106.35426889419779, 10.523282278662647],
            [106.35183873534773, 10.526011280692295],
            [106.35120995642504, 10.52679160491959],
            [106.35070612624963, 10.52770126904322],
            [106.34993021762781, 10.52808916893962],
            [106.3485122472762, 10.528361214911142],
            [106.3478612022247, 10.528361169679641],
            [106.34696934213136, 10.52940017675496],
            [106.34677316756523, 10.533413363665948],
            [106.34690691476506, 10.533930601716822],
            [106.3467776587391, 10.534189271520077],
            [106.34667957152439, 10.536392049589102],
            [106.34763376810031, 10.539241381144825],
            [106.34751789536158, 10.54066386685434],
            [106.34688023717693, 10.541319350340096],
            [106.34623808981671, 10.541711746283532],
            [106.34612212804491, 10.54196144308288],
            [106.3464966910921, 10.542478721190419],
            [106.34741082541635, 10.54234940950403],
            [106.34780326578277, 10.54260805268021],
            [106.34780766715531, 10.543771865983192],
            [106.34706302812832, 10.544810812867661],
            [106.34469520181561, 10.543397297079965],
            [106.34368299384458, 10.544311427069186],
            [106.34189051147882, 10.545479703243528],
            [106.34072660996587, 10.545872095760581],
            [106.3391703803433, 10.54549305659265],
            [106.33904112920668, 10.545889961898466],
            [106.33946023013175, 10.547691409234213],
            [106.3393621464263, 10.548320158835143],
            [106.33891178833176, 10.548181904373097],
            [106.33844804807613, 10.548061535834258],
            [106.33703006750197, 10.549492909767494],
            [106.33561649788045, 10.550790448337805],
            [106.33557194787222, 10.551008939881156],
            [106.33563437177762, 10.551361234268143],
            [106.33332901123079, 10.55416155298883],
            [106.33090772358081, 10.556921710089604],
            [106.33027002740667, 10.557180406154838],
            [106.32861130815925, 10.559258335296905],
            [106.32720219777663, 10.560172394498919],
            [106.32694802184966, 10.560689712639974],
            [106.32502617469167, 10.562121071621512],
            [106.32351003167656, 10.565108684947324],
            [106.32148116059459, 10.56796251411541],
            [106.32166401862045, 10.568631337697225],
            [106.31976440476863, 10.569781826281888],
            [106.3185292296857, 10.570330256930253],
            [106.3177488629905, 10.569870964538037],
            [106.3155683606136, 10.568372757516698],
            [106.31243806619479, 10.567097420639126],
            [106.30927216660845, 10.565670478107329],
            [106.30211530672352, 10.572301184964685],
            [106.29942201903249, 10.574392538067507],
            [106.29442779869882, 10.578289764799226],
            [106.28893415486216, 10.583622850296363],
            [106.2857370138488, 10.586481091855108],
            [106.28444834791533, 10.587390759284428],
            [106.2742681669643, 10.586400832273752],
            [106.27288143281213, 10.586244780162575],
            [106.262077013697, 10.584960543635681],
            [106.24606880643708, 10.583377625520432],
            [106.23750291966813, 10.582490269951649],
            [106.23501473073279, 10.582209312421078],
            [106.23152327456364, 10.581812424973554],
            [106.22952109215574, 10.581651900262573],
            [106.22749226793871, 10.58149142918179],
            [106.2160501747792, 10.58011355602604],
            [106.20479543913218, 10.580220547106604],
            [106.197950704394, 10.580291885926476],
            [106.18377522279225, 10.579578427059051],
            [106.1828076215552, 10.579511544814757],
            [106.18170172042431, 10.579493692594204],
            [106.1786115663309, 10.5793197687118],
            [106.17240008154572, 10.578989804289796],
            [106.16822632386985, 10.57882036671359],
            [106.16499351038914, 10.578682153504346],
            [106.15003322748449, 10.577959803838452],
            [106.14982809223862, 10.577928561405123],
            [106.13658009240572, 10.577331053335678],
            [106.13212543888278, 10.577081366688226],
            [106.12515141638121, 10.57667110471832],
            [106.1210802257879, 10.576488304289043],
            [106.11499804708923, 10.576229692031808],
            [106.10321267058566, 10.575703508723477],
            [106.10118819312791, 10.574829531544934],
            [106.10180802227072, 10.546389328303311],
            [106.1023029719226, 10.522568797963512],
            [106.09556523328428, 10.52288988772976],
            [106.0924528397862, 10.52295228748205],
            [106.09014302273016, 10.523099423568791],
            [106.08976840219391, 10.523121733591422],
            [106.0865846052646, 10.523549842673205],
            [106.08090824459995, 10.52415182719599],
            [106.0723556228019, 10.525101599007417],
            [106.06696904134189, 10.525538605940246],
            [106.0605925599224, 10.52602912554681],
            [106.04635463223356, 10.527340094432132],
            [106.04115980411808, 10.527982150331335],
            [106.03629488047287, 10.528441433985689],
            [106.03462274545336, 10.528601967906532],
            [106.03161733334093, 10.528789281649756],
            [106.03067200855301, 10.528967613088753],
            [106.0257803564868, 10.529587419483377],
            [106.0236132040605, 10.52958749313095],
            [106.02015743292513, 10.529921916715143],
            [106.01558681008395, 10.530519382603188],
            [106.01098500069733, 10.530880586557501],
            [106.0080866652806, 10.531170450709071],
            [106.00668198997944, 10.531330946863243],
            [106.00427411440504, 10.531660897830792],
            [106.00164766085334, 10.531950744248064],
            [106.00014493780665, 10.532245076806873],
            [105.99191348147014, 10.532802446734545],
            [105.95034127827043, 10.535540320478445],
            [105.94174409564891, 10.536102187603063],
            [105.94077205507593, 10.493107560276835],
            [105.92466571811954, 10.4762298373844],
            [105.91850325988612, 10.469853302535375],
            [105.90705231505484, 10.457769137638099],
            [105.90225435521597, 10.452699152660351],
            [105.89705503063513, 10.447432957184855],
            [105.89573066691965, 10.44601053379034],
            [105.891984985284, 10.442090933669197],
            [105.88788710859527, 10.437631854986018],
            [105.88378914219119, 10.43317280004898],
            [105.87964663995288, 10.428811769330379],
            [105.85845256439661, 10.406739223029108],
            [105.84536958458156, 10.370049747726858],
            [105.8441478115187, 10.366629624169198],
            [105.8390287618856, 10.367499107657787],
            [105.8357155832364, 10.369068701751006],
            [105.82668146470785, 10.369510223265909],
            [105.81575220542813, 10.37000961097357],
            [105.81585477285444, 10.368591578457437],
            [105.81601081877707, 10.367289587885104],
            [105.8164300472801, 10.357653472070762],
            [105.81759824863458, 10.354527601652997],
            [105.81825379189038, 10.351852123561038],
            [105.81816009152344, 10.349332762831123],
            [105.81838305547635, 10.348249227662484],
            [105.81873537310926, 10.347031848305503],
            [105.81894490074541, 10.34564952578821],
            [105.81902516449436, 10.344882549134782],
            [105.81904746993969, 10.342782375854618],
            [105.81912334430599, 10.341400009317434],
            [105.81918130266811, 10.339638683265909],
            [105.81902516449436, 10.338220676830954],
            [105.81894051132264, 10.336798203788712],
            [105.81886463703121, 10.335349011044142],
            [105.81873537310926, 10.334149524064017],
            [105.8187843733518, 10.33265123387296],
            [105.81816009152344, 10.329369324860584],
            [105.81807543874699, 10.329030477162986],
            [105.81752694344082, 10.32665819649525],
            [105.81971188678568, 10.325882310395718],
            [105.821134339867, 10.323429836187898],
            [105.82199942672243, 10.322711884896323],
            [105.8234397242212, 10.322988364378444],
            [105.82530358146394, 10.321837901781333],
            [105.82708727974592, 10.31979120745322],
            [105.82817975973927, 10.318801289172923],
            [105.83009266783084, 10.317882717313198],
            [105.82945947900498, 10.317088957416145],
            [105.82823324170481, 10.316420136270558],
            [105.82729233761596, 10.31638890767539],
            [105.82454114100935, 10.314970917158448],
            [105.82367156317724, 10.314110308585725],
            [105.82182106997399, 10.312857272308971],
            [105.82147770460246, 10.311203015564441],
            [105.82147322553841, 10.309249932292948],
            [105.82219113130436, 10.308821847910934],
            [105.82463923415968, 10.308242153455321],
            [105.82565143308491, 10.307662444689973],
            [105.82663685198297, 10.306948959627665],
            [105.82794343592863, 10.307069387272593],
            [105.82953087837264, 10.307488573555018],
            [105.83068124511928, 10.30735028243454],
            [105.83186297419452, 10.307831921327645],
            [105.83397659571128, 10.306110674733766],
            [105.8357155832364, 10.305383885283309],
            [105.83618825093939, 10.30215992629008],
            [105.83683929085247, 10.300501134452249],
            [105.83754829714418, 10.298222548050521],
            [105.84284129281512, 10.297442156766419],
            [105.8454587294432, 10.297299483010725],
            [105.84864700780001, 10.296871459093932],
            [105.85072498187108, 10.29661279660844],
            [105.85234809885148, 10.296140167423909],
            [105.85346285761662, 10.295970724650951],
            [105.8542342867696, 10.295792304391146],
            [105.8560045540264, 10.295480160910229],
            [105.85723079515893, 10.295301825274906],
            [105.85833662320576, 10.295078835336325],
            [105.85980363401671, 10.294820221462805],
            [105.86073117285092, 10.29461069479146],
            [105.8617612194453, 10.294352014806018],
            [105.86268428794874, 10.294178116791569],
            [105.86399076651512, 10.293870465129423],
            [105.86490488581846, 10.293700991522376],
            [105.8654846128856, 10.293611824617862],
            [105.86606425214873, 10.293558316580848],
            [105.86667516466775, 10.293348767450539],
            [105.86786572403442, 10.292978661309668],
            [105.8693639919916, 10.2925416030517],
            [105.87343511931904, 10.291310969894838],
            [105.87615961802862, 10.289892947902963],
            [105.87843378266973, 10.288002246287359],
            [105.88006583249722, 10.286539662937372],
            [105.88062320411363, 10.28611161049562],
            [105.88260753221412, 10.284341381078212],
            [105.88389622764365, 10.28326222790659],
            [105.88456060687217, 10.282642402697771],
            [105.88609897552742, 10.281438470476965],
            [105.88752148713695, 10.28031927209991],
            [105.89018355025144, 10.278433021754672],
            [105.89108426560678, 10.276711864032364],
            [105.89280550335864, 10.27503073401929],
            [105.8959134855536, 10.274540278797248],
            [105.89916419187307, 10.274201319964485],
            [105.9000916567532, 10.274339631565887],
            [105.90289200290846, 10.274781081711273],
            [105.90396216252284, 10.275119959989047],
            [105.90445713916912, 10.275378601320886],
            [105.9102182504344, 10.277487692953866],
            [105.91208664779779, 10.278089705238052],
            [105.91351356843515, 10.278999351968292],
            [105.91554242959745, 10.280221184498053],
            [105.91787900347045, 10.281269019945288],
            [105.92507156636685, 10.28505928200877],
            [105.9258518945327, 10.285210897786584],
            [105.926163990849, 10.285518526547866],
            [105.93007464978717, 10.288251983036046],
            [105.93164870612215, 10.289170552408304],
            [105.93493507608945, 10.291761269330378],
            [105.93728497676082, 10.293589505147379],
            [105.94481640052967, 10.299533535077513],
            [105.94534258950209, 10.299832298070482],
            [105.95031895720041, 10.303800833239295],
            [105.95765860710883, 10.309900902957926],
            [105.96256366830553, 10.314021109443159],
            [105.96837836691162, 10.31905099888049],
            [105.97558423153164, 10.32469172406047],
            [105.97708694078524, 10.325628135447205],
            [105.98029304699907, 10.327728422859193],
            [105.98420813794547, 10.330930015490903],
            [105.98687021611202, 10.331977915048087],
            [105.98857806848662, 10.332120587541514],
            [105.98966162301626, 10.331812916747113],
            [105.99134717445499, 10.33071151334857],
            [105.99350535472485, 10.329302513469813],
            [105.99595783740588, 10.327121966563933],
            [106.00031440714694, 10.323403049134964],
            [106.00699412919398, 10.318582769507067],
            [106.01177877311028, 10.315960842463184],
            [106.02536568469777, 10.304911186280748],
            [106.02712248588125, 10.304081801760212],
            [106.03013688557292, 10.301718447719217],
            [106.03304864694243, 10.29996158289716],
            [106.03481448645339, 10.299002862057344],
            [106.03526487228402, 10.298423228627346],
            [106.03543876705493, 10.298240335584559],
            [106.03642868777418, 10.298048672214358],
            [106.03819446855913, 10.29733965154114],
            [106.04004501771132, 10.296269459816118],
            [106.04669356280745, 10.292831513405819],
            [106.04751403017787, 10.292590671513128],
            [106.04798220398145, 10.29224286322552],
            [106.05100993467003, 10.29070003054729],
            [106.05264194046178, 10.289750278356081],
            [106.0539172572767, 10.289161663972129],
            [106.06022687610623, 10.286303401027633],
            [106.06243856963125, 10.28534907567832],
            [106.06430693126484, 10.284631165681478],
            [106.0657115779383, 10.284154096568049],
            [106.0674684769612, 10.283431726248974],
            [106.07002801499395, 10.28224113695421],
            [106.07771992814035, 10.277978232366726],
            [106.07866081827385, 10.277732986306892],
            [106.08040428923496, 10.277251396846252],
            [106.08357919395553, 10.27697939395701],
            [106.08847975252336, 10.277019477412331],
            [106.09115520150333, 10.277260289323095],
            [106.09340707816638, 10.277759740236577],
            [106.09496327632209, 10.278210091775371],
            [106.09571244837709, 10.278829865294659],
            [106.09795980238772, 10.280430763429505],
            [106.10175446335698, 10.28246855884549],
            [106.10376557925017, 10.28327115287143],
            [106.10437195938252, 10.28373049796812],
            [106.10482681300341, 10.283721510706778],
            [106.10706530036668, 10.283940031820206],
            [106.11023570480643, 10.28436362552476],
            [106.11670586503111, 10.284399298531127],
            [106.12034450450007, 10.28389993859723],
            [106.12351045844512, 10.28352087343032],
            [106.1269083126439, 10.28302142969671],
            [106.12750139542153, 10.283128458726837],
            [106.13195603375767, 10.282267879162651],
            [106.13430591482428, 10.282120754360816],
            [106.13771265970786, 10.282089514555098],
            [106.14124428010855, 10.28239275199894],
            [106.14254637811828, 10.282959016937747],
            [106.145377894507, 10.28398017006282],
            [106.14726858587123, 10.284649058739578],
            [106.15413552855914, 10.288180634782082],
            [106.15603509830756, 10.289201784761515],
            [106.15757797376583, 10.290111473949775],
            [106.15912086128971, 10.290909597824239],
            [106.16172045617343, 10.292269624287997],
            [106.16397233534454, 10.293179254061304],
            [106.16620638135801, 10.294079995031145],
            [106.16799891328101, 10.294762303287548],
            [106.17295740291945, 10.29680011402284],
            [106.17780894727944, 10.299181240656822],
            [106.18313754423652, 10.301789830735624],
            [106.18551424231923, 10.303149842613706],
            [106.18715517775, 10.303720628083514],
            [106.19061103232745, 10.306119585469101],
            [106.19489171182575, 10.308861941219618],
            [106.1964256451739, 10.309660166838285],
            [106.19867755975896, 10.310913120963646],
            [106.2015224458619, 10.311929811832266],
            [106.20507190109889, 10.313980963306264],
            [106.20659684707235, 10.314070194978795],
            [106.20789892625865, 10.31452945072272],
            [106.211082709975, 10.315189410513193],
            [106.21510485774527, 10.316188260124518],
            [106.22027745107724, 10.317521545701645],
            [106.22133419436993, 10.317740021770822],
            [106.22194066628747, 10.317967415017863],
            [106.22299741837978, 10.318070015463878],
            [106.22547226172867, 10.318391089798938],
            [106.22770628099128, 10.318480253458157],
            [106.23123788850882, 10.319019786742682],
            [106.23253546021942, 10.319242747293021],
            [106.23536700383578, 10.319559325011634],
            [106.23806922127963, 10.319760019445194],
            [106.2418594793011, 10.319733226508427],
            [106.24456169449435, 10.319603916202567],
            [106.24608667242957, 10.319710941623342],
            [106.24997503255175, 10.320040897455062],
            [106.25269504401632, 10.320620632552425],
            [106.25398377632598, 10.320981807723708],
            [106.25527242711593, 10.321449973251786],
            [106.25609735470587, 10.321561440477096],
            [106.25786762051447, 10.321909268263788],
            [106.2605653822172, 10.322493438789179],
            [106.26328095781854, 10.322948216977476],
            [106.26445815259154, 10.323309430818645],
            [106.26763753766538, 10.324129924005256],
            [106.27104872076109, 10.324589224649065],
            [106.27622131970352, 10.325052943627746],
            [106.27763932474312, 10.325168907004903],
            [106.28103711796054, 10.32562816791797],
            [106.28492543441556, 10.326680514205938],
            [106.2857592833901, 10.326791989479126],
            [106.28752065024058, 10.326680531601315],
            [106.28904119404898, 10.325860069092606],
            [106.29173452336043, 10.3234119650429],
            [106.29429848618099, 10.321311758405558],
            [106.29509663309467, 10.320491330334349],
            [106.29535085899265, 10.320491313541021],
            [106.2956986577795, 10.320259442727796],
            [106.29663950453296, 10.320032038559772],
            [106.29898944036461, 10.319331950169861],
            [106.3029847889152, 10.319091098693443],
            [106.30626670914626, 10.319211529217249],
            [106.30768474499996, 10.319438956695627],
            [106.30957086477429, 10.319791180797376],
            [106.311929751523, 10.320491321150731],
            [106.31321841251658, 10.320830199629464],
            [106.31463640707034, 10.321298425058629],
            [106.31770431688665, 10.322578138765993],
            [106.31887706816964, 10.3231578449681],
            [106.32076329174951, 10.323857935262424],
            [106.32428592977008, 10.324549095029816],
            [106.32949859733291, 10.326511087236025],
            [106.33216964934887, 10.327211167682348],
            [106.33637905900393, 10.327897837540235],
            [106.34017816476786, 10.328602415384028],
            [106.34324600969909, 10.329302446563583],
            [106.34607757574726, 10.329320301134754],
            [106.34632279315089, 10.33024777267927],
            [106.34678655126363, 10.331068237029157],
            [106.34738854912605, 10.332352468636593],
            [106.34927916806782, 10.334220836707582],
            [106.35246302490152, 10.335050238698798],
            [106.3559589018912, 10.336013446872657],
            [106.35888855702903, 10.336891846698393],
            [106.36163536006165, 10.33772122939349],
            [106.36370882634557, 10.338291983627597],
            [106.3673162871644, 10.339290852785481],
            [106.37056699077084, 10.339830375550783],
            [106.3723060026521, 10.339959729315154],
            [106.37254235776263, 10.339995403704965],
            [106.3728009921913, 10.339932974746496],
            [106.37354114301802, 10.339861626593308],
            [106.37526688431839, 10.33962083607242],
            [106.38021645529098, 10.33914816930194],
            [106.38250841779471, 10.339000982302224],
            [106.38440798458343, 10.338800388067147],
            [106.38475584509666, 10.338773637811025],
            [106.38707903292196, 10.338430257612819],
            [106.38977230688063, 10.337899601511475],
            [106.39127950628244, 10.337511652069246],
            [106.394860137237, 10.336432590844792],
            [106.39766042902261, 10.335598685875238],
            [106.39833822608848, 10.335469445959717],
            [106.39906508145529, 10.335130550326326],
            [106.39972051132197, 10.334867464035625],
            [106.40318969710688, 10.333248801728958],
            [106.40476375196823, 10.33265127669545],
            [106.40638687661124, 10.331603333518583],
            [106.41026185172811, 10.329850931309457],
            [106.41213022534784, 10.328682696399898],
            [106.41551911025219, 10.326702780709123],
            [106.41915335456663, 10.324250284752713],
            [106.42136946074187, 10.322729748985044],
            [106.42220332589594, 10.322261552503035],
            [106.42827662487682, 10.318288477433056],
            [106.42864226132367, 10.317708850476846],
            [106.43306571348651, 10.315140326541146],
            [106.43493851567676, 10.313740207168275],
            [106.43530416382525, 10.31362870135601],
            [106.43704767360376, 10.31257192643022],
            [106.43739993588102, 10.312233000367788],
            [106.44043660517771, 10.310587633984126],
            [106.44336619902532, 10.30931232445068],
            [106.4440752388117, 10.309071534084733],
            [106.44442751296008, 10.308719224515805],
            [106.44642074880547, 10.307898745922772],
            [106.4488821247734, 10.307198725502104],
            [106.44947076000324, 10.307323584635052],
            [106.44969812642157, 10.30719867219656],
            [106.4582818838977, 10.307069417487545],
            [106.46238879984023, 10.307301298363363],
            [106.46438643100048, 10.307189765003436],
            [106.46604075759477, 10.307301243102446],
            [106.46791807953835, 10.307180890082934],
            [106.47249758248279, 10.306712662166003],
            [106.47506595146815, 10.306351480106652],
            [106.4755475241507, 10.305539892686639],
            [106.47869125559518, 10.303698353075315],
            [106.4805596126565, 10.302378445790994],
            [106.48245027711818, 10.301691746234663],
            [106.48361856974535, 10.300871274715135],
            [106.48443452685362, 10.300171141599389],
            [106.485732173025, 10.299002854088906],
            [106.48970075309842, 10.296318531716562],
            [106.49355345371583, 10.293522672716703],
            [106.4978430839269, 10.29015160343556],
            [106.50019746479984, 10.289001110364879],
            [106.50479924419676, 10.28678050428838],
            [106.50759957126489, 10.285951090213315],
            [106.50946791488936, 10.285121666695552],
            [106.51505075054672, 10.282410527265533],
            [106.51750322109201, 10.281228918801402],
            [106.51889896918138, 10.280756210933701],
            [106.5200805886893, 10.280172122871619],
            [106.52099476612352, 10.279810902147277],
            [106.52216300234304, 10.278651574383533],
            [106.52377274261207, 10.276783138882779],
            [106.52619852363121, 10.273978398760631],
            [106.52909245202586, 10.271418915027514],
            [106.53199082513116, 10.269060023134607],
            [106.53327060263508, 10.268466972011556],
            [106.53663725891205, 10.266362219930683],
            [106.53723027495107, 10.266241901334679],
            [106.54003067078771, 10.265292034009907],
            [106.54131481223136, 10.264819385281909],
            [106.54306729165292, 10.264462700613155],
            [106.54528794079583, 10.26397218893567],
            [106.54634023753923, 10.263731400143929],
            [106.54914057337928, 10.263129432395413],
            [106.55148158742792, 10.262652306119994],
            [106.55346585454524, 10.262050276969527],
            [106.55533424201063, 10.261461725046303],
            [106.55871428460193, 10.26027114730228],
            [106.56057813231031, 10.259682506060118],
            [106.56291918187405, 10.259080564205204],
            [106.56466716308427, 10.258719368201696],
            [106.56862687890947, 10.256949096681982],
            [106.57435675884739, 10.255161030908859],
            [106.57692519251933, 10.254331631025941],
            [106.578887214941, 10.253622607299194],
            [106.58310554748053, 10.252200130982269],
            [106.58555808150646, 10.251361832472769],
            [106.58799715450569, 10.250532420766357],
            [106.59092681246315, 10.249810036638952],
            [106.5926836551686, 10.249448851446681],
            [106.59584072030322, 10.249190258785417],
            [106.59794545612226, 10.248713158406085],
            [106.602386656488, 10.248441115868879],
            [106.6058960465234, 10.247830261665866],
            [106.60719362337166, 10.247589425589862],
            [106.61116662412904, 10.246862627046319],
            [106.61151890590833, 10.246519298004648],
            [106.61852418930327, 10.245052240204167],
            [106.62261315284806, 10.243870583253807],
            [106.62787046665221, 10.24255063406247],
            [106.62915018658572, 10.242189513281085],
            [106.62996625034026, 10.241721280644159],
            [106.63195052222096, 10.241119306616731],
            [106.63651223072773, 10.239812738780211],
            [106.63965590417457, 10.238862955855593],
            [106.64048082241838, 10.238729218518117],
            [106.64375381153702, 10.238243145210172],
            [106.64772235557804, 10.23703918241437],
            [106.64888624408756, 10.236579962497098],
            [106.649827056267, 10.236339142172222],
            [106.65380011882652, 10.235491905641034],
            [106.655320710579, 10.235019232266378],
            [106.65706422277027, 10.234189841504898],
            [106.65962815195344, 10.233360484408228],
            [106.66056010477224, 10.232651448617316],
            [106.6639400863626, 10.230078525466133],
            [106.66718185209703, 10.228192321223275],
            [106.67115046280509, 10.227010671437807],
            [106.67463748405994, 10.22547231927392],
            [106.67906981739105, 10.223791220246442],
            [106.6812994225715, 10.223323025916057],
            [106.68174529235122, 10.222859264781198],
            [106.6843093310896, 10.221561679902964],
            [106.6850138622145, 10.220968636695012],
            [106.69048959736543, 10.218609741658174],
            [106.69177382337087, 10.218021140156623],
            [106.69306255540658, 10.21753063606209],
            [106.69420401266656, 10.217071373878117],
            [106.69502895697629, 10.216598716124512],
            [106.69853831133331, 10.215528481673099],
            [106.69911800574172, 10.215180702766856],
            [106.69947024979227, 10.21517175296573],
            [106.70133413855639, 10.214351309041144],
            [106.70191384033282, 10.213990079747202],
            [106.70459823126225, 10.212933346983776],
            [106.70703737992802, 10.211631255714353],
            [106.70900822529994, 10.210458550399064],
            [106.70960135387352, 10.21032917458194],
            [106.7106492302513, 10.209860985526436],
            [106.71139388594086, 10.209325886913247],
            [106.7121563598268, 10.209040547957711],
            [106.71309726379405, 10.20867933406058],
            [106.71367690654536, 10.208558919861124],
            [106.71429677145846, 10.20820222323419]
          ]
        ]
      },
      "id": "000000000000000000cc",
      "properties": {
        "ADM0_CODE": 264,
        "ADM0_NAME": "Viet Nam",
        "ADM1_CODE": 3384,
        "ADM1_NAME": "Tien Giang",
        "DISP_AREA": "NO",
        "EXP1_YEAR": 3000,
        "STATUS": "Member State",
        "STR1_YEAR": 1000,
        "Shape_Area": 0.196786646946,
        "Shape_Leng": 3.00978486321
      }
    }
  ]
}
